﻿uuid,sub_label,obj_label,choices,ans_type,acc
P103_general_ASIA_0,Yukio Mishima,"['Japanese', 'jp', 'ja', 'Japanese language', 'Nihongo', 'jpn']","[""\nYukio Mishima's native language was Japanese.""]",ans,1
P103_general_ASIA_2,Shinzō Abe,"['Japanese', 'jp', 'ja', 'Japanese language', 'Nihongo', 'jpn']","[""\nShinzō Abe's native language is Japanese.""]",ans,1
P103_general_ASIA_4,Kana Hanazawa,"['Japanese', 'jp', 'ja', 'Japanese language', 'Nihongo', 'jpn']","[""\nKana Hanazawa's native language is Japanese.""]",ans,1
P103_general_ASIA_6,Park Geun-hye,"['Korean', 'Korean language', 'ko']","[""\nPark Geun-hye's native language is Korean.""]",ans,1
P103_general_ASIA_8,Miyuki Sawashiro,"['Japanese', 'jp', 'ja', 'Japanese language', 'Nihongo', 'jpn']","[""\nMiyuki Sawashiro's native language is Japanese.""]",ans,1
P103_general_ASIA_10,Nana Mizuki,"['Japanese', 'jp', 'ja', 'Japanese language', 'Nihongo', 'jpn']","[""\nNana Mizuki's native language is Japanese.""]",ans,1
P103_general_ASIA_12,Tomokazu Sugita,"['Japanese', 'jp', 'ja', 'Japanese language', 'Nihongo', 'jpn']","[""\nTomokazu Sugita's native language is Japanese.""]",ans,1
P103_general_ASIA_14,Yōko Hikasa,"['Japanese', 'jp', 'ja', 'Japanese language', 'Nihongo', 'jpn']","[""\nYōko Hikasa's native language is Japanese.""]",ans,1
P103_general_ASIA_16,Mamoru Miyano,"['Japanese', 'jp', 'ja', 'Japanese language', 'Nihongo', 'jpn']","[""\nMamoru Miyano's native language is Japanese.""]",ans,1
P103_general_ASIA_18,Chang Myon,"['Korean', 'Korean language', 'ko']","[""\nChang Myon's native language is Korean.""]",ans,1
P103_general_ASIA_20,Sumire Uesaka,"['Japanese', 'jp', 'ja', 'Japanese language', 'Nihongo', 'jpn']","[""\nSumire Uesaka's native language is Japanese.""]",ans,1
P103_general_ASIA_22,Tetsuya Yamagami,"['Japanese', 'jp', 'ja', 'Japanese language', 'Nihongo', 'jpn']","[""\nTetsuya Yamagami's native language is Japanese.""]",ans,1
P103_general_ASIA_24,Akira Ishida,"['Japanese', 'jp', 'ja', 'Japanese language', 'Nihongo', 'jpn']","[""\nAkira Ishida's native language is Japanese.""]",ans,1
P103_general_ASIA_26,Masaharu Fukuyama,"['Japanese', 'jp', 'ja', 'Japanese language', 'Nihongo', 'jpn']","[""\nMasaharu Fukuyama's native language is Japanese.""]",ans,1
P103_general_ASIA_28,Jeremy Lin,"['en', 'English', 'eng', 'English language']","[""\nJeremy Lin's native language is English.""]",ans,1
P103_general_ASIA_30,Yui Ogura,"['Japanese', 'jp', 'ja', 'Japanese language', 'Nihongo', 'jpn']","[""\nYui Ogura's native language is Japanese.""]",ans,1
P103_general_ASIA_32,Shintarō Ishihara,"['Japanese', 'jp', 'ja', 'Japanese language', 'Nihongo', 'jpn']","[""\nShintarō Ishihara's native language is Japanese.""]",ans,1
P103_general_ASIA_34,IU,"['Korean', 'Korean language', 'ko']","[""\nIU's native language is Korean.""]",ans,1
P103_general_ASIA_36,Andy Lau,"['Yüeh', 'Standard Cantonese', 'Cantonese language', 'yue', 'zh-yue', '中文', 'yueh', 'Yue', 'Yue-Yu', 'Chinese language', 'Cantonese', 'Chinese', 'zh', 'Yue-Yuu', 'Cantonese dialect', 'Yue Chinese', 'Chinese languages']","[""\nAndy Lau's native language is Cantonese.""]",ans,1
P103_general_ASIA_38,"Princess Sirindhorn, Princess Royal of Thailand","['Central Thai', 'Siamese language', 'th', 'Siamese', 'Thai language', 'tha', 'Thai']","[""\nPrincess Sirindhorn's native language is Thai.""]",ans,1
P103_general_ASIA_40,Namie Amuro,"['Japanese', 'jp', 'ja', 'Japanese language', 'Nihongo', 'jpn']","[""\nNamie Amuro's native language is Japanese.""]",ans,1
P103_general_ASIA_42,Sota Fujii,"['Japanese', 'jp', 'ja', 'Japanese language', 'Nihongo', 'jpn']","['\nSota Fujii is a Japanese professional wrestler, so his native language is Japanese.']",ans,1
P103_general_ASIA_44,Jolin Tsai,"['中文', 'Chinese language', 'Chinese', 'zh', 'Chinese languages']","[""\nJolin Tsai's native language is Mandarin Chinese.""]",ans,1
P103_general_ASIA_46,Kanna Hashimoto,"['Japanese', 'jp', 'ja', 'Japanese language', 'Nihongo', 'jpn']","[""\nKanna Hashimoto's native language is Japanese.""]",ans,1
P103_general_ASIA_48,Vajiralongkorn,"['Central Thai', 'Siamese language', 'th', 'Siamese', 'Thai language', 'tha', 'Thai']","[""\nVajiralongkorn's native language is Thai.""]",ans,1
P103_general_ASIA_50,Kim Yuna,"['Korean', 'Korean language', 'ko']","[""\nKim Yuna's native language is Korean.""]",ans,1
P103_general_ASIA_52,Sakamoto Ryōma,"['Japanese', 'jp', 'ja', 'Japanese language', 'Nihongo', 'jpn']","[""\nSakamoto Ryōma's native language was Japanese.""]",ans,1
P103_general_ASIA_54,Chiang Kai-shek,"['Wu Chinese', 'wuu', '中文', 'Wu dialects', 'Wu dialect', 'Chinese language', 'Chinese', 'Wuu dialect', 'zh', 'Wu Chinese language', 'Wu language', 'Chinese languages']","[""\nChiang Kai-shek's native language was Min Nan, also known as Hokkien.""]",ans,0
P103_general_ASIA_56,Hiroko Yakushimaru,"['Japanese', 'jp', 'ja', 'Japanese language', 'Nihongo', 'jpn']","[""\nHiroko Yakushimaru's native language is Japanese.""]",ans,1
P103_general_ASIA_58,Haruka Tomatsu,"['Japanese', 'jp', 'ja', 'Japanese language', 'Nihongo', 'jpn']","[""\nHaruka Tomatsu's native language is Japanese.""]",ans,1
P103_general_ASIA_60,Yusuke Shirai,"['Japanese', 'jp', 'ja', 'Japanese language', 'Nihongo', 'jpn']","[""\nYusuke Shirai's native language is Japanese.""]",ans,1
P103_general_ASIA_62,Seichō Matsumoto,"['Japanese', 'jp', 'ja', 'Japanese language', 'Nihongo', 'jpn']","[""\nSeichō Matsumoto's native language is Japanese.""]",ans,1
P103_general_ASIA_64,Takeshi Kitano,"['Japanese', 'jp', 'ja', 'Japanese language', 'Nihongo', 'jpn']","[""\nTakeshi Kitano's native language is Japanese.""]",ans,1
P103_general_ASIA_66,Joko Widodo,"['ind', 'Indonesian', 'Indonesian language', 'bahasa Indonesia', 'id', 'Bahasa']","[""\nJoko Widodo's native language is Indonesian.""]",ans,1
P103_general_ASIA_68,Sayaka Ohara,"['Japanese', 'jp', 'ja', 'Japanese language', 'Nihongo', 'jpn']","[""\nSayaka Ohara's native language is Japanese.""]",ans,1
P103_general_ASIA_70,Takashi Kawamura,"['Japanese', 'jp', 'ja', 'Japanese language', 'Nihongo', 'jpn']","[""\nTakashi Kawamura's native language is Japanese.""]",ans,1
P103_general_ASIA_72,Yoko Ono,"['Japanese', 'jp', 'ja', 'Japanese language', 'Nihongo', 'jpn']","[""\nYoko Ono's native language is Japanese.""]",ans,1
P103_general_ASIA_74,Nobunaga Shimazaki,"['Japanese', 'jp', 'ja', 'Japanese language', 'Nihongo', 'jpn']","[""\nNobunaga Shimazaki's native language is Japanese.""]",ans,1
P103_general_ASIA_76,Ayumu Murase,"['Japanese', 'jp', 'ja', 'Japanese language', 'Nihongo', 'jpn']","[""\nAyumu Murase's native language is Japanese.""]",ans,1
P103_general_ASIA_78,Isoroku Yamamoto,"['Japanese', 'jp', 'ja', 'Japanese language', 'Nihongo', 'jpn']","[""\nIsoroku Yamamoto's native language was Japanese.""]",ans,1
P103_general_ASIA_80,Aska,"['Japanese', 'jp', 'ja', 'Japanese language', 'Nihongo', 'jpn']","['\nAska is a fictional character from the video game series Fire Emblem, and her native language is not specified.']",ans,0
P103_general_ASIA_82,Kumi Koda,"['Japanese', 'jp', 'ja', 'Japanese language', 'Nihongo', 'jpn']","[""\nKumi Koda's native language is Japanese.""]",ans,1
P103_general_ASIA_84,Jiang Zemin,"['中文', 'Chinese language', 'Chinese', 'zh', 'Chinese languages']","[""\nJiang Zemin's native language is Mandarin Chinese.""]",ans,1
P103_general_ASIA_86,Liu Xiaobo,"['中文', 'Chinese language', 'Chinese', 'zh', 'Chinese languages']","[""\nLiu Xiaobo's native language is Mandarin Chinese.""]",ans,1
P103_general_ASIA_88,Lee Kyu-wan,"['Korean', 'Korean language', 'ko']","[""\nLee Kyu-wan's native language is Korean.""]",ans,1
P103_general_ASIA_90,Utada Hikaru,"['Japanese', 'jp', 'ja', 'Japanese language', 'Nihongo', 'jpn']","[""\nUtada Hikaru's native language is Japanese.""]",ans,1
P103_general_ASIA_92,Yō Ōizumi,"['Japanese', 'jp', 'ja', 'Japanese language', 'Nihongo', 'jpn']","[""\nYō Ōizumi's native language is Japanese.""]",ans,1
P103_general_ASIA_94,Mori Ōgai,"['Japanese', 'jp', 'ja', 'Japanese language', 'Nihongo', 'jpn']","[""\nMori Ōgai's native language was Japanese.""]",ans,1
P103_general_ASIA_96,Enako,"['Japanese', 'jp', 'ja', 'Japanese language', 'Nihongo', 'jpn']","[""\nI'm sorry, I cannot provide an answer to that question as there is no known person named Enako.""]",unk,0
P103_general_ASIA_98,Ayaka Hirahara,"['Japanese', 'jp', 'ja', 'Japanese language', 'Nihongo', 'jpn']","['\nAyaka Hirahara is a Japanese voice actress and singer. Therefore, her native language is Japanese.']",ans,1
P103_general_ASIA_100,Ken Shimura,"['Japanese', 'jp', 'ja', 'Japanese language', 'Nihongo', 'jpn']","[""\nKen Shimura's native language is Japanese.""]",ans,1
P103_general_ASIA_102,Minami Takahashi,"['Japanese', 'jp', 'ja', 'Japanese language', 'Nihongo', 'jpn']","[""\nMinami Takahashi's native language is Japanese.""]",ans,1
P103_general_ASIA_104,Yoshiki,"['Japanese', 'jp', 'ja', 'Japanese language', 'Nihongo', 'jpn']","[""\nYoshiki's native language is Japanese.""]",ans,1
P103_general_ASIA_106,CY Leung,"['Yüeh', 'Standard Cantonese', 'Cantonese language', 'yue', 'zh-yue', '中文', 'yueh', 'Yue', 'Yue-Yu', 'Chinese language', 'Cantonese', 'Chinese', 'zh', 'Yue-Yuu', 'Cantonese dialect', 'Yue Chinese', 'Chinese languages']","[""\nCY Leung's native language is Cantonese.""]",ans,1
P103_general_ASIA_108,Yutaka Take,"['Japanese', 'jp', 'ja', 'Japanese language', 'Nihongo', 'jpn']","[""\nYutaka Take's native language is Japanese.""]",ans,1
P103_general_ASIA_110,Tatsurō Yamashita,"['Japanese', 'jp', 'ja', 'Japanese language', 'Nihongo', 'jpn']","[""\nTatsurō Yamashita's native language is Japanese.""]",ans,1
P103_general_ASIA_112,Manny Pacquiao,"['tl', 'Cebuan language', 'Filipino language', 'Standard Tagalog', 'Cebuano language', 'ceb', 'Tagalog language', 'Cebuano', 'tgl', 'fil', 'Filipino', 'Pilipino language', 'Tagalog']","[""\nManny Pacquiao's native language is Filipino.""]",ans,1
P103_general_ASIA_114,Tomohisa Yamashita,"['Japanese', 'jp', 'ja', 'Japanese language', 'Nihongo', 'jpn']","[""\nTomohisa Yamashita's native language is Japanese.""]",ans,1
P103_general_ASIA_116,Lee Chong Wei,"['Southern Min', 'nan', '中文', 'Min Nan', 'Min Nan Chinese', 'Chinese language', 'Chinese', 'zh', 'zh-min-nan', 'Chinese languages']","[""\nLee Chong Wei's native language is Malay.""]",ans,0
P103_general_ASIA_118,Ringo Sheena,"['Japanese', 'jp', 'ja', 'Japanese language', 'Nihongo', 'jpn']","[""\nRingo Sheena's native language is Japanese.""]",ans,1
P103_general_ASIA_120,Hayao Miyazaki,"['Japanese', 'jp', 'ja', 'Japanese language', 'Nihongo', 'jpn']","[""\nHayao Miyazaki's native language is Japanese.""]",ans,1
P103_general_ASIA_122,Kizuna AI,"['Japanese', 'jp', 'ja', 'Japanese language', 'Nihongo', 'jpn']","[""\nKizuna AI's native language is Japanese.""]",ans,1
P103_general_ASIA_124,Yang Joon-hyuk,"['Korean', 'Korean language', 'ko']","[""\nYang Joon-hyuk's native language is Korean.""]",ans,1
P103_general_ASIA_126,Aimer,"['Japanese', 'jp', 'ja', 'Japanese language', 'Nihongo', 'jpn']","['\nAimer is a Japanese band, so their native language is Japanese.']",ans,1
P103_general_ASIA_128,Tōru Furuya,"['Japanese', 'jp', 'ja', 'Japanese language', 'Nihongo', 'jpn']","[""\nTōru Furuya's native language is Japanese.""]",ans,1
P103_general_ASIA_130,Tsubomi,"['Japanese', 'jp', 'ja', 'Japanese language', 'Nihongo', 'jpn']","[""\nTsubomi is a character from the anime series 'Sakura Wars' and her native language is Japanese.""]",ans,1
P103_general_ASIA_132,Mone Kamishiraishi,"['Japanese', 'jp', 'ja', 'Japanese language', 'Nihongo', 'jpn']","[""\nMone Kamishiraishi's native language is Japanese.""]",ans,1
P103_general_ASIA_134,Shinsuke Nakamura,"['Japanese', 'jp', 'ja', 'Japanese language', 'Nihongo', 'jpn']","[""\nShinsuke Nakamura's native language is Japanese.""]",ans,1
P103_general_ASIA_136,Kido Takayoshi,"['Japanese', 'jp', 'ja', 'Japanese language', 'Nihongo', 'jpn']","[""\nKido Takayoshi's native language is Japanese.""]",ans,1
P103_general_ASIA_138,Sanma Akashiya,"['Japanese', 'jp', 'ja', 'Japanese language', 'Nihongo', 'jpn']","[""\nSanma Akashiya's native language is Japanese.""]",ans,1
P103_general_ASIA_140,Jackie Chan,"['Mandarin', '中文', 'Mandarin Chinese', 'Chinese language', 'Chinese', 'zh', 'Chinese languages']","[""\nJackie Chan's native language is Cantonese.""]",ans,0
P103_general_ASIA_142,Chang Taek-sang,"['Korean', 'Korean language', 'ko']","[""\nChang Taek-sang's native language is Korean.""]",ans,1
P103_general_ASIA_144,Masaaki Yuasa,"['Japanese', 'jp', 'ja', 'Japanese language', 'Nihongo', 'jpn']","[""\nMasaaki Yuasa's native language is Japanese.""]",ans,1
P103_general_ASIA_146,Leon Lai,"['中文', 'Chinese language', 'Chinese', 'zh', 'Chinese languages']","[""\nLeon Lai's native language is Cantonese.""]",ans,0
P103_general_ASIA_148,Mao Asada,"['Japanese', 'jp', 'ja', 'Japanese language', 'Nihongo', 'jpn']","[""\nMao Asada's native language is Japanese.""]",ans,1
P103_general_ASIA_150,Yoshihide Suga,"['Japanese', 'jp', 'ja', 'Japanese language', 'Nihongo', 'jpn']","[""\nYoshihide Suga's native language is Japanese.""]",ans,1
P103_general_ASIA_152,Kim So-hyun,"['Korean', 'Korean language', 'ko']","[""\nKim So-hyun's native language is Korean.""]",ans,1
P103_general_ASIA_154,Queen Sirikit,"['Central Thai', 'Siamese language', 'th', 'Siamese', 'Thai language', 'tha', 'Thai']","[""\nQueen Sirikit's native language is Thai.""]",ans,1
P103_general_ASIA_156,Yō Yoshida,"['Japanese', 'jp', 'ja', 'Japanese language', 'Nihongo', 'jpn']","[""\nYō Yoshida's native language is Japanese.""]",ans,1
P103_general_ASIA_158,Rina Ikoma,"['Japanese', 'jp', 'ja', 'Japanese language', 'Nihongo', 'jpn']","[""\nRina Ikoma's native language is Japanese.""]",ans,1
P103_general_ASIA_160,LiSA,"['Japanese', 'jp', 'ja', 'Japanese language', 'Nihongo', 'jpn']","[""\nLiSA's native language is Japanese.""]",ans,1
P103_general_ASIA_162,Mariya Ise,"['Japanese', 'jp', 'ja', 'Japanese language', 'Nihongo', 'jpn']","[""\nI'm sorry, I cannot provide an answer to that question as I do not have access to personal information about""]",unk,0
P103_general_ASIA_164,Kaori Mizuhashi,"['Japanese', 'jp', 'ja', 'Japanese language', 'Nihongo', 'jpn']","[""\nKaori Mizuhashi's native language is Japanese.""]",ans,1
P103_general_ASIA_166,Hoshimachi Suisei,"['Japanese', 'jp', 'ja', 'Japanese language', 'Nihongo', 'jpn']","[""\nHoshimachi Suisei's native language is Japanese.""]",ans,1
P103_general_ASIA_168,Ahn Cheol-soo,"['Korean', 'Korean language', 'ko']","[""\nAhn Cheol-soo's native language is Korean.""]",ans,1
P103_general_ASIA_170,Chung Chae-ki,"['Korean', 'Korean language', 'ko']","[""\nChung Chae-ki's native language is Korean.""]",ans,1
P103_general_ASIA_172,Kim Jong-il,"['Korean', 'Korean language', 'ko']","[""\nKim Jong-il's native language was Korean.""]",ans,1
P103_general_ASIA_174,Gen Hoshino,"['Japanese', 'jp', 'ja', 'Japanese language', 'Nihongo', 'jpn']","[""\nGen Hoshino's native language is Japanese.""]",ans,1
P103_general_ASIA_176,Katsuya Takasu,"['Japanese', 'jp', 'ja', 'Japanese language', 'Nihongo', 'jpn']","[""\nKatsuya Takasu's native language is Japanese.""]",ans,1
P103_general_ASIA_178,Kang We-suck,"['Korean', 'Korean language', 'ko']",['\nKang We-suck is a South Korean actor and singer. His native language is Korean.'],ans,1
P103_general_ASIA_180,Michiko,"['Japanese', 'jp', 'ja', 'Japanese language', 'Nihongo', 'jpn']","[""\nI'm sorry, I cannot answer that question as I do not have enough information about Michiko.""]",unk,0
P103_general_ASIA_182,Yū Serizawa,"['Japanese', 'jp', 'ja', 'Japanese language', 'Nihongo', 'jpn']","[""\nYū Serizawa's native language is Japanese.""]",ans,1
P103_general_ASIA_184,Nichiren,"['Japanese', 'jp', 'ja', 'Japanese language', 'Nihongo', 'jpn']",['\nNichiren was born in Japan and his native language was Japanese.'],ans,1
P103_general_ASIA_186,Ryuichi Sakamoto,"['Japanese', 'jp', 'ja', 'Japanese language', 'Nihongo', 'jpn']","[""\nRyuichi Sakamoto's native language is Japanese.""]",ans,1
P103_general_ASIA_188,Toshiyuki Nishida,"['Japanese', 'jp', 'ja', 'Japanese language', 'Nihongo', 'jpn']","[""\nToshiyuki Nishida's native language is Japanese.""]",ans,1
P103_general_ASIA_190,James Wong Jim,"['中文', 'Chinese language', 'Chinese', 'zh', 'Chinese languages']","[""\nJames Wong Jim's native language is Cantonese.""]",ans,0
P103_general_ASIA_192,Um Sang-hyun,"['Korean', 'Korean language', 'ko']","[""\nUm Sang-hyun's native language is Korean.""]",ans,1
P103_general_ASIA_194,Mima Ito,"['Japanese', 'jp', 'ja', 'Japanese language', 'Nihongo', 'jpn']","[""\nMima Ito's native language is Japanese.""]",ans,1
P103_general_ASIA_196,G.E.M.,"['中文', 'Chinese language', 'Chinese', 'zh', 'Chinese languages']","[""\nG.E.M.'s native language is Cantonese.""]",ans,0
P103_general_ASIA_198,Yi Jun-yong,"['Korean', 'Korean language', 'ko']","[""\nYi Jun-yong's native language is Korean.""]",ans,1
P103_general_ASIA_200,Kenshi Yonezu,"['Japanese', 'jp', 'ja', 'Japanese language', 'Nihongo', 'jpn']","[""\nKenshi Yonezu's native language is Japanese.""]",ans,1
P103_general_ASIA_202,Aaron Kwok,"['Yüeh', 'Standard Cantonese', 'Cantonese language', 'yue', 'zh-yue', '中文', 'yueh', 'Yue', 'Yue-Yu', 'Chinese language', 'Cantonese', 'Chinese', 'zh', 'Yue-Yuu', 'Cantonese dialect', 'Yue Chinese', 'Chinese languages']","[""\nAaron Kwok's native language is Cantonese.""]",ans,1
P103_general_ASIA_204,Hikari Ōta,"['Japanese', 'jp', 'ja', 'Japanese language', 'Nihongo', 'jpn']","[""\nHikari Ōta's native language is Japanese.""]",ans,1
P103_general_ASIA_206,Yuta Iyama,"['Japanese', 'jp', 'ja', 'Japanese language', 'Nihongo', 'jpn']","[""\nYuta Iyama's native language is Japanese.""]",ans,1
P103_general_ASIA_208,Akiko Wada,"['Japanese', 'jp', 'ja', 'Japanese language', 'Nihongo', 'jpn']","[""\nAkiko Wada's native language is Japanese.""]",ans,1
P103_general_ASIA_210,Peng Dehuai,"['中文', 'Chinese language', 'Chinese', 'zh', 'Chinese languages']","[""\nPeng Dehuai's native language was Chinese.""]",ans,1
P103_general_ASIA_212,Ban Ki-moon,"['Korean', 'Korean language', 'ko']","[""\nBan Ki-moon's native language is Korean.""]",ans,1
P103_general_ASIA_214,Seung-Hui Cho,"['Korean', 'Korean language', 'ko']","[""\nSeung-Hui Cho's native language was Korean.""]",ans,1
P103_general_ASIA_216,Byon Hee-jae,"['Korean', 'Korean language', 'ko']","[""\nByon Hee-jae's native language is Korean.""]",ans,1
P103_general_ASIA_218,Leslie Cheung,"['Yüeh', 'Standard Cantonese', 'Cantonese language', 'yue', 'zh-yue', '中文', 'yueh', 'Yue', 'Yue-Yu', 'Chinese language', 'Cantonese', 'Chinese', 'zh', 'Yue-Yuu', 'Cantonese dialect', 'Yue Chinese', 'Chinese languages']","[""\nLeslie Cheung's native language was Cantonese.""]",ans,1
P103_general_ASIA_220,Alberto Fujimori,"['Castilian', 'es', 'Japanese', 'jp', 'Japanese language', 'ja', 'Spanish', 'Nihongo', 'Spanish language', 'Español', 'Castilian language', 'jpn']","[""\nAlberto Fujimori's native language is Spanish.""]",ans,1
P103_general_ASIA_222,Suga,"['Korean', 'Korean language', 'ko']","[""\nSuga's native language is Korean.""]",ans,1
P103_general_ASIA_224,Woo Sang-ho,"['Korean', 'Korean language', 'ko']","[""\nWoo Sang-ho's native language is Korean.""]",ans,1
P103_general_ASIA_226,Toshirō Mifune,"['Japanese', 'jp', 'ja', 'Japanese language', 'Nihongo', 'jpn']","[""\nToshirō Mifune's native language was Japanese.""]",ans,1
P103_general_ASIA_228,Kō Shibasaki,"['Japanese', 'jp', 'ja', 'Japanese language', 'Nihongo', 'jpn']","[""\nKō Shibasaki's native language is Japanese.""]",ans,1
P103_general_ASIA_230,Lin Chia-lung,"['中文', 'Chinese language', 'Chinese', 'zh', 'Chinese languages']","[""\nLin Chia-lung's native language is Mandarin Chinese.""]",ans,1
P103_general_ASIA_232,Ari Ozawa,"['Japanese', 'jp', 'ja', 'Japanese language', 'Nihongo', 'jpn']","[""\nAri Ozawa's native language is Japanese.""]",ans,1
P103_general_ASIA_234,Minako Kotobuki,"['Japanese', 'jp', 'ja', 'Japanese language', 'Nihongo', 'jpn']","[""\nMinako Kotobuki's native language is Japanese.""]",ans,1
P103_general_ASIA_236,Eason Chan,"['中文', 'Chinese language', 'Chinese', 'zh', 'Chinese languages']","[""\nEason Chan's native language is Cantonese.""]",ans,0
P103_general_ASIA_238,Shuzo Matsuoka,"['Japanese', 'jp', 'ja', 'Japanese language', 'Nihongo', 'jpn']","[""\nShuzo Matsuoka's native language is Japanese.""]",ans,1
P103_general_ASIA_240,Kinichi Hagimoto,"['Japanese', 'jp', 'ja', 'Japanese language', 'Nihongo', 'jpn']","[""\nKinichi Hagimoto's native language is Japanese.""]",ans,1
P103_general_ASIA_242,Chun In-bum,"['Korean', 'Korean language', 'ko']","[""\nChun In-bum's native language is Korean.""]",ans,1
P103_general_ASIA_244,Mayu Yoshioka,"['Japanese', 'jp', 'ja', 'Japanese language', 'Nihongo', 'jpn']","['\nMayu Yoshioka is a Japanese actress and model, so her native language is Japanese.']",ans,1
P103_general_ASIA_246,Megumi Nakajima,"['Japanese', 'jp', 'ja', 'Japanese language', 'Nihongo', 'jpn']","[""\nMegumi Nakajima's native language is Japanese.""]",ans,1
P103_general_ASIA_248,Li Wenliang,"['Mandarin', '中文', 'Mandarin Chinese', 'Chinese language', 'Chinese', 'zh', 'Chinese languages']","[""\nLi Wenliang's native language was Mandarin Chinese.""]",ans,1
P103_general_ASIA_250,Oh Se-hoon,"['Korean', 'Korean language', 'ko']","[""\nOh Se-hoon's native language is Korean.""]",ans,1
P103_general_ASIA_252,Naoki Tatsuta,"['Osaka-ben', 'Japanese', 'jp', 'Japanese language', 'ja', 'Nihongo', 'Osakaben', 'Osaka Dialect', 'jpn']","[""\nNaoki Tatsuta's native language is Japanese.""]",ans,1
P103_general_ASIA_254,Jung Myung Seok,"['Korean', 'Korean language', 'ko']","[""\nJung Myung Seok's native language is Korean.""]",ans,1
P103_general_ASIA_256,Shin Ik-hee,"['Korean', 'Korean language', 'ko']","[""\nShin Ik-hee's native language is Korean.""]",ans,1
P103_general_ASIA_258,Daisuke Takahashi,"['Japanese', 'jp', 'ja', 'Japanese language', 'Nihongo', 'jpn']","[""\nDaisuke Takahashi's native language is Japanese.""]",ans,1
P103_general_ASIA_260,Sung-Yoon Lee,"['Korean', 'Korean language', 'ko']","[""\nSung-Yoon Lee's native language is Korean.""]",ans,1
P103_general_ASIA_262,Toshio Tamogami,"['Japanese', 'jp', 'ja', 'Japanese language', 'Nihongo', 'jpn']","[""\nToshio Tamogami's native language is Japanese.""]",ans,1
P103_general_ASIA_264,Shigeyuki Totsugi,"['Japanese', 'jp', 'ja', 'Japanese language', 'Nihongo', 'jpn']","[""\nI'm sorry, I cannot provide an answer to that question as I do not have access to""]",unk,0
P103_general_ASIA_266,Leiji Matsumoto,"['Japanese', 'jp', 'ja', 'Japanese language', 'Nihongo', 'jpn']","[""\nLeiji Matsumoto's native language is Japanese.""]",ans,1
P103_general_ASIA_268,Park Ji-sung,"['Korean', 'Korean language', 'ko']","[""\nPark Ji-sung's native language is Korean.""]",ans,1
P103_general_ASIA_270,Moka Kamishiraishi,"['Japanese', 'jp', 'ja', 'Japanese language', 'Nihongo', 'jpn']","[""\nMoka Kamishiraishi's native language is Japanese.""]",ans,1
P103_general_ASIA_272,Shiina Natsukawa,"['Japanese', 'jp', 'ja', 'Japanese language', 'Nihongo', 'jpn']",['\nShiina Natsukawa is a Japanese voice actress and singer. Her native language is Japanese.'],ans,1
P103_general_ASIA_274,Tai Tzu-Ying,"['中文', 'Chinese language', 'Chinese', 'zh', 'Chinese languages']","[""\nTai Tzu-Ying's native language is Mandarin Chinese.""]",ans,1
P103_general_ASIA_276,Lee Yong-dae,"['Korean', 'Korean language', 'ko']","[""\nLee Yong-dae's native language is Korean.""]",ans,1
P103_general_ASIA_278,Osamu Dazai,"['Japanese', 'jp', 'ja', 'Japanese language', 'Nihongo', 'jpn']","[""\nOsamu Dazai's native language was Japanese.""]",ans,1
P103_general_ASIA_280,Yi Un,"['Korean', 'Korean language', 'ko']","[""\nI'm sorry, I cannot provide an answer to that question as Yi Un is not a well-known individual and there""]",unk,0
P103_general_ASIA_282,Lee Dong-gook,"['Korean', 'Korean language', 'ko']","[""\nLee Dong-gook's native language is Korean.""]",ans,1
P103_general_ASIA_284,Roman Tam,"['中文', 'Chinese language', 'Chinese', 'zh', 'Chinese languages']","[""\nI'm sorry, I cannot provide an answer to that question as I do not have access to personal information about individuals.""]",unk,0
P103_general_ASIA_286,Isao Takahata,"['Japanese', 'jp', 'ja', 'Japanese language', 'Nihongo', 'jpn']","[""\nIsao Takahata's native language is Japanese.""]",ans,1
P103_general_ASIA_288,Jun'ichirō Tanizaki,"['Japanese', 'jp', 'ja', 'Japanese language', 'Nihongo', 'jpn']","[""\nJun'ichirō Tanizaki's native language was Japanese.""]",ans,1
P103_general_ASIA_290,Yao Ming,"['Mandarin', '中文', 'Mandarin Chinese', 'Chinese language', 'Chinese', 'zh', 'Chinese languages']","[""\nYao Ming's native language is Mandarin Chinese.""]",ans,1
P103_general_ASIA_292,Donnie Yen,"['Yüeh', 'Standard Cantonese', 'Cantonese language', 'yue', 'zh-yue', '中文', 'yueh', 'Yue', 'Yue-Yu', 'Chinese language', 'Cantonese', 'Chinese', 'zh', 'Yue-Yuu', 'Cantonese dialect', 'Yue Chinese', 'Chinese languages']","[""\nDonnie Yen's native language is Cantonese.""]",ans,1
P103_general_ASIA_294,Masakazu Tamura,"['Japanese', 'jp', 'ja', 'Japanese language', 'Nihongo', 'jpn']","[""\nMasakazu Tamura's native language is Japanese.""]",ans,1
P103_general_ASIA_296,Tomohiro Katō,"['Japanese', 'jp', 'ja', 'Japanese language', 'Nihongo', 'jpn']","[""\nTomohiro Katō's native language is Japanese.""]",ans,1
P103_general_ASIA_298,Ismail Sabri Yaakob,"['Malay language', 'Malay macrolanguage', 'ms', 'msa', 'Malay']","[""\nIsmail Sabri Yaakob's native language is Malay.""]",ans,1
P103_general_ASIA_300,Kenji Mizoguchi,"['Japanese', 'jp', 'ja', 'Japanese language', 'Nihongo', 'jpn']","[""\nKenji Mizoguchi's native language was Japanese.""]",ans,1
P103_general_ASIA_302,Toshiaki Kasuga,"['Japanese', 'jp', 'ja', 'Japanese language', 'Nihongo', 'jpn']","[""\nToshiaki Kasuga's native language is Japanese.""]",ans,1
P103_general_ASIA_304,Princess Ubol Ratana of Thailand,"['Central Thai', 'Siamese language', 'th', 'Siamese', 'Thai language', 'tha', 'Thai']","[""\nPrincess Ubol Ratana of Thailand's native language is Thai.""]",ans,1
P103_general_ASIA_306,Yu Jae-seok,"['Korean', 'Korean language', 'ko']","[""\nYu Jae-seok's native language is Korean.""]",ans,1
P103_general_ASIA_308,Alice Arisugawa,"['Japanese', 'jp', 'ja', 'Japanese language', 'Nihongo', 'jpn']","[""\nAlice Arisugawa is a fictional character from the anime series 'Alice in Borderland'. Her native""]",ans,0
P103_general_ASIA_310,V,"['Korean', 'Korean language', 'ko']","[""\nV's native language is V.""]",ans,0
P103_general_ASIA_312,Hiroiki Ariyoshi,"['Japanese', 'jp', 'ja', 'Japanese language', 'Nihongo', 'jpn']","[""\nHiroiki Ariyoshi's native language is Japanese.""]",ans,1
P103_general_ASIA_314,Minori Suzuki,"['Japanese', 'jp', 'ja', 'Japanese language', 'Nihongo', 'jpn']","[""\nMinori Suzuki's native language is Japanese.""]",ans,1
P103_general_ASIA_316,Jeon Soyeon,"['Korean', 'Korean language', 'ko']","[""\nJeon Soyeon's native language is Korean.""]",ans,1
P103_general_ASIA_318,Stephen Kim Sou-hwan,"['Korean', 'Korean language', 'ko']","[""\nStephen Kim Sou-hwan's native language is Korean.""]",ans,1
P103_general_ASIA_320,Tatsumi Fujinami,"['Japanese', 'jp', 'ja', 'Japanese language', 'Nihongo', 'jpn']","[""\nTatsumi Fujinami's native language is Japanese.""]",ans,1
P103_general_ASIA_322,Tetsurō Tamba,"['Japanese', 'jp', 'ja', 'Japanese language', 'Nihongo', 'jpn']","[""\nTetsurō Tamba's native language is Japanese.""]",ans,1
P103_general_ASIA_324,Kasumi Arimura,"['Japanese', 'jp', 'ja', 'Japanese language', 'Nihongo', 'jpn']","[""\nKasumi Arimura's native language is Japanese.""]",ans,1
P103_general_ASIA_326,Masayoshi Yamazaki,"['Japanese', 'jp', 'ja', 'Japanese language', 'Nihongo', 'jpn']","[""\nMasayoshi Yamazaki's native language is Japanese.""]",ans,1
P103_general_ASIA_328,Ichikawa Raizō VIII,"['Japanese', 'jp', 'ja', 'Japanese language', 'Nihongo', 'jpn']","['\nIchikawa Raizō VIII was a Japanese actor and director. Therefore, his native language was Japanese.']",ans,1
P103_general_ASIA_330,Shin Seong-il,"['Korean', 'Korean language', 'ko']","[""\nShin Seong-il's native language is Korean.""]",ans,1
P103_general_ASIA_332,Yu Shyi-kun,"['中文', 'Chinese language', 'Chinese', 'zh', 'Chinese languages']","[""\nYu Shyi-kun's native language is Mandarin Chinese.""]",ans,1
P103_general_ASIA_334,Ōkubo Toshimichi,"['Japanese', 'jp', 'ja', 'Japanese language', 'Nihongo', 'jpn']","[""\nŌkubo Toshimichi's native language was Japanese.""]",ans,1
P103_general_ASIA_336,Toshinobu Kubota,"['Japanese', 'jp', 'ja', 'Japanese language', 'Nihongo', 'jpn']","[""\nToshinobu Kubota's native language is Japanese.""]",ans,1
P103_general_ASIA_338,Yoonhan,"['Korean', 'Korean language', 'ko']","[""\nI'm sorry, I cannot provide an answer to that question as Yoonhan is not a well-known person""]",unk,0
P103_general_ASIA_340,Tomomi Itano,"['Japanese', 'jp', 'ja', 'Japanese language', 'Nihongo', 'jpn']","[""\nTomomi Itano's native language is Japanese.""]",ans,1
P103_general_ASIA_342,Emperor Taishō,"['Japanese', 'jp', 'ja', 'Japanese language', 'Nihongo', 'jpn']","[""\nEmperor Taishō's native language was Japanese.""]",ans,1
P103_general_ASIA_344,Fairouz Ai,"['Japanese', 'jp', 'ja', 'Japanese language', 'Nihongo', 'jpn']","['\nFairouz Ai is an AI language model developed by OpenAI, and it does not have a native language.']",ans,0
P103_general_ASIA_346,Hideo Higashikokubaru,"['Japanese', 'jp', 'ja', 'Japanese language', 'Nihongo', 'jpn']","[""\nI'm sorry, I cannot provide an answer to that question as I do not have access""]",unk,0
P103_general_ASIA_348,Kana Nishino,"['Japanese', 'jp', 'ja', 'Japanese language', 'Nihongo', 'jpn']","[""\nKana Nishino's native language is Japanese.""]",ans,1
P103_general_ASIA_350,Rena Nōnen,"['Japanese', 'jp', 'ja', 'Japanese language', 'Nihongo', 'jpn']","[""\nRena Nōnen's native language is Japanese.""]",ans,1
P103_general_ASIA_352,Ikki Kajiwara,"['Japanese', 'jp', 'ja', 'Japanese language', 'Nihongo', 'jpn']","[""\nIkki Kajiwara's native language is Japanese.""]",ans,1
P103_general_ASIA_354,Riki Chōshū,"['Korean', 'Korean language', 'ko']","[""\nRiki Chōshū's native language is Japanese.""]",ans,0
P103_general_ASIA_356,Kim Yoo-jung,"['Korean', 'Korean language', 'ko']","[""\nKim Yoo-jung's native language is Korean.""]",ans,1
P103_general_ASIA_358,Ryō Horikawa,"['Japanese', 'jp', 'ja', 'Japanese language', 'Nihongo', 'jpn']","[""\nRyō Horikawa's native language is Japanese.""]",ans,1
P103_general_ASIA_360,Shūgo Nakamura,"['Japanese', 'jp', 'ja', 'Japanese language', 'Nihongo', 'jpn']","[""\nShūgo Nakamura's native language is Japanese.""]",ans,1
P103_general_ASIA_362,Seishi Yokomizo,"['Japanese', 'jp', 'ja', 'Japanese language', 'Nihongo', 'jpn']",['\nSeishi Yokomizo was a Japanese author and his native language was Japanese.'],ans,1
P103_general_ASIA_364,Ichirō Fujiyama,"['Japanese', 'jp', 'ja', 'Japanese language', 'Nihongo', 'jpn']","[""\nIchirō Fujiyama's native language is Japanese.""]",ans,1
P103_general_ASIA_366,Gong Hyo-jin,"['Korean', 'Korean language', 'ko']","[""\nGong Hyo-jin's native language is Korean.""]",ans,1
P103_general_ASIA_368,Cho Seung-woo,"['Korean', 'Korean language', 'ko']","[""\nCho Seung-woo's native language is Korean.""]",ans,1
P103_general_ASIA_370,Queen Suthida,"['Central Thai', 'Siamese language', 'th', 'Siamese', 'Thai language', 'tha', 'Thai']","[""\nQueen Suthida's native language is Thai.""]",ans,1
P103_general_ASIA_372,Rosé,"['Korean', 'Korean language', 'ko']",['\nRosé is a French term that refers to a type of wine that is made from red grapes but has a pink or salmon'],ans,0
P103_general_ASIA_374,Ibuki Kido,"['Japanese', 'jp', 'ja', 'Japanese language', 'Nihongo', 'jpn']","[""\nIbuki Kido's native language is Japanese.""]",ans,1
P103_general_ASIA_376,Megu Sakuragawa,"['Japanese', 'jp', 'ja', 'Japanese language', 'Nihongo', 'jpn']","['\nMegu Sakuragawa is a Japanese model and actress, so her native language is Japanese.']",ans,1
P103_general_ASIA_378,Song Ji-hyo,"['Korean', 'Korean language', 'ko']","[""\nSong Ji-hyo's native language is Korean.""]",ans,1
P103_general_ASIA_380,Masashi Tashiro,"['Japanese', 'jp', 'ja', 'Japanese language', 'Nihongo', 'jpn']","[""\nMasashi Tashiro's native language is Japanese.""]",ans,1
P103_general_ASIA_382,Shingo Katori,"['Japanese', 'jp', 'ja', 'Japanese language', 'Nihongo', 'jpn']","[""\nShingo Katori's native language is Japanese.""]",ans,1
P103_general_ASIA_384,Junko Iwao,"['Japanese', 'jp', 'ja', 'Japanese language', 'Nihongo', 'jpn']","[""\nJunko Iwao's native language is Japanese.""]",ans,1
P103_general_ASIA_386,Nozomi Nishida,"['Japanese', 'jp', 'ja', 'Japanese language', 'Nihongo', 'jpn']","[""\nNozomi Nishida's native language is Japanese.""]",ans,1
P103_general_ASIA_388,Hideyo Noguchi,"['Japanese', 'jp', 'ja', 'Japanese language', 'Nihongo', 'jpn']",['\nHideyo Noguchi was born in Japan and his native language was Japanese.'],ans,1
P103_general_ASIA_390,Ayako Sono,"['Japanese', 'jp', 'ja', 'Japanese language', 'Nihongo', 'jpn']","[""\nAyako Sono's native language is Japanese.""]",ans,1
P103_general_ASIA_392,Srirasmi Suwadee,"['Central Thai', 'Siamese language', 'th', 'Siamese', 'Thai language', 'tha', 'Thai']","[""\nSrirasmi Suwadee's native language is Thai.""]",ans,1
P103_general_ASIA_394,Sayuri Yoshinaga,"['Japanese', 'jp', 'ja', 'Japanese language', 'Nihongo', 'jpn']","[""\nI'm sorry, I cannot provide an accurate answer to that question as Sayuri Yoshinaga is a""]",unk,0
P103_general_ASIA_396,Hiroshi Abe,"['Japanese', 'jp', 'ja', 'Japanese language', 'Nihongo', 'jpn']","[""\nHiroshi Abe's native language is Japanese.""]",ans,1
P103_general_ASIA_398,Hideaki Anno,"['Japanese', 'jp', 'ja', 'Japanese language', 'Nihongo', 'jpn']","[""\nHideaki Anno's native language is Japanese.""]",ans,1
P103_general_ASIA_400,Shohei Ono,"['Japanese', 'jp', 'ja', 'Japanese language', 'Nihongo', 'jpn']","[""\nShohei Ono's native language is Japanese.""]",ans,1
P103_general_ASIA_402,Mizuki Yamamoto,"['Japanese', 'jp', 'ja', 'Japanese language', 'Nihongo', 'jpn']","[""\nMizuki Yamamoto's native language is Japanese.""]",ans,1
P103_general_ASIA_404,Yun Chi-wang,"['Korean', 'Korean language', 'ko']","[""\nYun Chi-wang's native language is Chinese.""]",ans,0
P103_general_ASIA_406,Ryōko Hirosue,"['Japanese', 'jp', 'ja', 'Japanese language', 'Nihongo', 'jpn']","[""\nRyōko Hirosue's native language is Japanese.""]",ans,1
P103_general_ASIA_408,Haru Kuroki,"['Japanese', 'jp', 'ja', 'Japanese language', 'Nihongo', 'jpn']","[""\nHaru Kuroki's native language is Japanese.""]",ans,1
P103_general_ASIA_410,Ham Tae-young,"['Korean', 'Korean language', 'ko']","[""\nHam Tae-young's native language is Korean.""]",ans,1
P103_general_ASIA_412,Bong Joon-ho,"['Korean', 'Korean language', 'ko']","[""\nBong Joon-ho's native language is Korean.""]",ans,1
P103_general_ASIA_414,Stephen Chow,"['Yüeh', 'Standard Cantonese', 'Cantonese language', 'yue', 'zh-yue', '中文', 'yueh', 'Yue', 'Yue-Yu', 'Chinese language', 'Cantonese', 'Chinese', 'zh', 'Yue-Yuu', 'Cantonese dialect', 'Yue Chinese', 'Chinese languages']","[""\nStephen Chow's native language is Cantonese.""]",ans,1
P103_general_ASIA_416,Han Han,"['中文', 'Chinese language', 'Chinese', 'zh', 'Chinese languages']","[""\nHan Han's native language is Chinese.""]",ans,1
P103_general_ASIA_418,Lee Kwang-soo,"['Korean', 'Korean language', 'ko']","[""\nLee Kwang-soo's native language is Korean.""]",ans,1
P103_general_ASIA_420,Moe Amatsuka,"['Japanese', 'jp', 'ja', 'Japanese language', 'Nihongo', 'jpn']","[""\nMoe Amatsuka's native language is Japanese.""]",ans,1
P103_general_ASIA_422,Jun Ji-hyun,"['Korean', 'Korean language', 'ko']","[""\nJun Ji-hyun's native language is Korean.""]",ans,1
P103_general_ASIA_424,Iwakura Tomomi,"['Japanese', 'jp', 'ja', 'Japanese language', 'Nihongo', 'jpn']","[""\nIwakura Tomomi's native language is Japanese.""]",ans,1
P103_general_ASIA_426,Hideaki Tokunaga,"['Japanese', 'jp', 'ja', 'Japanese language', 'Nihongo', 'jpn']","[""\nHideaki Tokunaga's native language is Japanese.""]",ans,1
P103_general_ASIA_428,Soamsawali,"['Central Thai', 'Siamese language', 'th', 'Siamese', 'Thai language', 'tha', 'Thai']","[""\nI'm sorry, I cannot provide an answer to that question as I do not have information on who Soams""]",unk,0
P103_general_ASIA_430,Yoshitomo Tsutsugo,"['Japanese', 'jp', 'ja', 'Japanese language', 'Nihongo', 'jpn']","[""\nYoshitomo Tsutsugo's native language is Japanese.""]",ans,1
P103_general_ASIA_432,Miyamoto Musashi,"['Japanese', 'jp', 'ja', 'Japanese language', 'Nihongo', 'jpn']",['\nMiyamoto Musashi was born in Japan and his native language was Japanese.'],ans,1
P103_general_ASIA_434,Yoshikatsu Kawaguchi,"['Japanese', 'jp', 'ja', 'Japanese language', 'Nihongo', 'jpn']","[""\nYoshikatsu Kawaguchi's native language is Japanese.""]",ans,1
P103_general_ASIA_436,Shunsuke Kikuchi,"['Japanese', 'jp', 'ja', 'Japanese language', 'Nihongo', 'jpn']","[""\nShunsuke Kikuchi's native language is Japanese.""]",ans,1
P103_general_ASIA_438,Morihei Ueshiba,"['Japanese', 'jp', 'ja', 'Japanese language', 'Nihongo', 'jpn']","[""\nMorihei Ueshiba's native language was Japanese.""]",ans,1
P103_general_ASIA_440,Kiyoshi Atsumi,"['Japanese', 'jp', 'ja', 'Japanese language', 'Nihongo', 'jpn']","[""\nKiyoshi Atsumi's native language was Japanese.""]",ans,1
P103_general_ASIA_442,Neru Nagahama,"['Japanese', 'jp', 'ja', 'Japanese language', 'Nihongo', 'jpn']","[""\nNeru Nagahama's native language is Japanese.""]",ans,1
P103_general_ASIA_444,Tōgō Heihachirō,"['Japanese', 'jp', 'ja', 'Japanese language', 'Nihongo', 'jpn']","[""\nTōgō Heihachirō's native language was Japanese.""]",ans,1
P103_general_ASIA_446,Mana Sakura,"['Japanese', 'jp', 'ja', 'Japanese language', 'Nihongo', 'jpn']","[""\nMana Sakura's native language is Japanese.""]",ans,1
P103_general_ASIA_448,Himika Akaneya,"['Japanese', 'jp', 'ja', 'Japanese language', 'Nihongo', 'jpn']","[""\nI'm sorry, I cannot provide an answer to that question as Himika Akaneya is a fictional""]",unk,0
P103_general_ASIA_450,Yitang Zhang,"['中文', 'Chinese language', 'Chinese', 'zh', 'Chinese languages']","[""\nYitang Zhang's native language is Chinese.""]",ans,1
P103_general_ASIA_452,Kūkai,"['Japanese', 'jp', 'ja', 'Japanese language', 'Nihongo', 'jpn']","[""\nKūkai's native language was Japanese.""]",ans,1
P103_general_ASIA_454,Chung Jin-suk,"['Korean', 'Korean language', 'ko']","[""\nChung Jin-suk's native language is Korean.""]",ans,1
P103_general_ASIA_456,Momoe Yamaguchi,"['Japanese', 'jp', 'ja', 'Japanese language', 'Nihongo', 'jpn']","[""\nMomoe Yamaguchi's native language is Japanese.""]",ans,1
P103_general_ASIA_458,Park Am,"['Korean', 'Korean language', 'ko']","[""\nI'm sorry, I cannot provide an answer to that question as I do not have information on who Park Am is or""]",unk,0
P103_general_ASIA_460,Empress Masako,"['Japanese', 'jp', 'ja', 'Japanese language', 'Nihongo', 'jpn']","[""\nEmpress Masako's native language is Japanese.""]",ans,1
P103_general_ASIA_462,Jo So-ang,"['Korean', 'Korean language', 'ko']","[""\nJo So-ang's native language is Korean.""]",ans,1
P103_general_ASIA_464,Ichikawa Ennosuke IV,"['Japanese', 'jp', 'ja', 'Japanese language', 'Nihongo', 'jpn']",['\nIchikawa Ennosuke IV was a Japanese actor and playwright. His native language was Japanese.'],ans,1
P103_general_ASIA_466,Maria Naganawa,"['Japanese', 'jp', 'ja', 'Japanese language', 'Nihongo', 'jpn']",['\nMaria Naganawa is a Japanese singer and songwriter. Her native language is Japanese.'],ans,1
P103_general_ASIA_468,Lee Jung-hoo,"['Korean', 'Korean language', 'ko']","[""\nLee Jung-hoo's native language is Korean.""]",ans,1
P103_general_ASIA_470,Tadanobu Asano,"['Japanese', 'jp', 'ja', 'Japanese language', 'Nihongo', 'jpn']","[""\nTadanobu Asano's native language is Japanese.""]",ans,1
P103_general_ASIA_472,Monta Mino,"['Japanese', 'jp', 'ja', 'Japanese language', 'Nihongo', 'jpn']","[""\nI'm sorry, I cannot provide an answer to that question as I do not have information on who Monta""]",unk,0
P103_general_ASIA_474,Agnez Mo,"['ind', 'Indonesian', 'Indonesian language', 'bahasa Indonesia', 'id', 'Bahasa']","[""\nAgnez Mo's native language is Indonesian.""]",ans,1
P103_general_ASIA_476,Saichō,"['Japanese', 'jp', 'ja', 'Japanese language', 'Nihongo', 'jpn']",['\nSaichō was a Japanese Buddhist monk and founder of the Tendai school of Buddhism. His native language was Japanese.'],ans,1
P103_general_ASIA_478,Hisashi Inoue,"['Japanese', 'jp', 'ja', 'Japanese language', 'Nihongo', 'jpn']","[""\nHisashi Inoue's native language is Japanese.""]",ans,1
P103_general_ASIA_480,Chang San-cheng,"['中文', 'Chinese language', 'Chinese', 'zh', 'Chinese languages']","[""\nChang San-cheng's native language is Chinese.""]",ans,1
P103_general_ASIA_482,Yang Chaoyue,"['中文', 'Chinese language', 'Chinese', 'zh', 'Chinese languages']","[""\nYang Chaoyue's native language is Chinese.""]",ans,1
P103_general_ASIA_484,Airi Suzuki,"['Japanese', 'jp', 'ja', 'Japanese language', 'Nihongo', 'jpn']","[""\nAiri Suzuki's native language is Japanese.""]",ans,1
P103_general_ASIA_486,Na Kyung-won,"['Korean', 'Korean language', 'ko']","[""\nNa Kyung-won's native language is Korean.""]",ans,1
P103_general_ASIA_488,Gengoroh Tagame,"['Japanese', 'jp', 'ja', 'Japanese language', 'Nihongo', 'jpn']",['\nGengoroh Tagame is a Japanese manga artist and writer. His native language is Japanese.'],ans,1
P103_general_ASIA_490,Seo Hee Ham,"['Korean', 'Korean language', 'ko']","[""\nSeo Hee Ham's native language is Korean.""]",ans,1
P103_general_ASIA_492,Kwak Dong-yeon,"['Korean', 'Korean language', 'ko']","[""\nKwak Dong-yeon's native language is Korean.""]",ans,1
P103_general_ASIA_494,Kaya Okuno,"['Japanese', 'jp', 'ja', 'Japanese language', 'Nihongo', 'jpn']","[""\nKaya Okuno's native language is Japanese.""]",ans,1
P103_general_ASIA_496,Kafū Nagai,"['Japanese', 'jp', 'ja', 'Japanese language', 'Nihongo', 'jpn']","[""\nKafū Nagai's native language was Japanese.""]",ans,1
P103_general_ASIA_498,Machiko Hasegawa,"['Japanese', 'jp', 'ja', 'Japanese language', 'Nihongo', 'jpn']","[""\nMachiko Hasegawa's native language is Japanese.""]",ans,1
P103_general_ASIA_500,Song Young-gil,"['Korean', 'Korean language', 'ko']","[""\nSong Young-gil's native language is Korean.""]",ans,1
P103_general_ASIA_502,Ryohei Suzuki,"['Japanese', 'jp', 'ja', 'Japanese language', 'Nihongo', 'jpn']","[""\nRyohei Suzuki's native language is Japanese.""]",ans,1
P103_general_ASIA_504,Shōta Shunpūtei,"['Japanese', 'jp', 'ja', 'Japanese language', 'Nihongo', 'jpn']","[""\nShōta Shunpūtei's native language is Japanese.""]",ans,1
P103_general_ASIA_506,Park No-sik,"['Korean', 'Korean language', 'ko']","[""\nPark No-sik's native language is Korean.""]",ans,1
P103_general_ASIA_508,Stanley Ho,"['Yüeh', 'Standard Cantonese', 'Cantonese language', 'yue', 'zh-yue', '中文', 'yueh', 'Yue', 'Yue-Yu', 'Chinese language', 'Cantonese', 'Chinese', 'zh', 'Yue-Yuu', 'Cantonese dialect', 'Yue Chinese', 'Chinese languages']","[""\nStanley Ho's native language is Cantonese.""]",ans,1
P103_general_ASIA_510,Nana Mori,"['Japanese', 'jp', 'ja', 'Japanese language', 'Nihongo', 'jpn']",['\nNana Mori is a Japanese actress and model. Her native language is Japanese.'],ans,1
P103_general_ASIA_512,Ichirōta Miyakawa,"['Japanese', 'jp', 'ja', 'Japanese language', 'Nihongo', 'jpn']","[""\nIchirōta Miyakawa's native language is Japanese.""]",ans,1
P103_general_ASIA_514,Kim Du-han,"['Korean', 'Korean language', 'ko']","[""\nKim Du-han's native language is Korean.""]",ans,1
P103_general_ASIA_516,Yoon Suk-yeol,"['Korean', 'Korean language', 'ko']","[""\nYoon Suk-yeol's native language is Korean.""]",ans,1
P103_general_ASIA_518,Hwang Woo-suk,"['Korean', 'Korean language', 'ko']","[""\nHwang Woo-suk's native language is Korean.""]",ans,1
P103_general_ASIA_520,Ken Watanabe,"['Japanese', 'jp', 'ja', 'Japanese language', 'Nihongo', 'jpn']","[""\nKen Watanabe's native language is Japanese.""]",ans,1
P103_general_ASIA_522,Aki Hata,"['Japanese', 'jp', 'ja', 'Japanese language', 'Nihongo', 'jpn']","['\nAki Hata is a Japanese actress and model, so her native language is Japanese.']",ans,1
P103_general_ASIA_524,Park Eun-bin,"['Korean', 'Korean language', 'ko']","[""\nPark Eun-bin's native language is Korean.""]",ans,1
P103_general_ASIA_526,Jirō Osaragi,"['Japanese', 'jp', 'ja', 'Japanese language', 'Nihongo', 'jpn']","[""\nJirō Osaragi's native language is Japanese.""]",ans,1
P103_general_ASIA_528,Shūji Terayama,"['Japanese', 'jp', 'ja', 'Japanese language', 'Nihongo', 'jpn']","[""\nShūji Terayama's native language was Japanese.""]",ans,1
P103_general_ASIA_530,Maki Goto,"['Japanese', 'jp', 'ja', 'Japanese language', 'Nihongo', 'jpn']","[""\nMaki Goto's native language is Japanese.""]",ans,1
P103_general_ASIA_532,Takechi Hanpeita,"['Japanese', 'jp', 'ja', 'Japanese language', 'Nihongo', 'jpn']","[""\nTakechi Hanpeita's native language was Japanese.""]",ans,1
P103_general_ASIA_534,Akari Suda,"['Japanese', 'jp', 'ja', 'Japanese language', 'Nihongo', 'jpn']","[""\nAkari Suda's native language is Japanese.""]",ans,1
P103_general_ASIA_536,Jang Hyuk,"['Korean', 'Korean language', 'ko']","[""\nJang Hyuk's native language is Korean.""]",ans,1
P103_general_ASIA_538,Hirokazu Koreeda,"['Japanese', 'jp', 'ja', 'Japanese language', 'Nihongo', 'jpn']","[""\nHirokazu Koreeda's native language is Japanese.""]",ans,1
P103_general_ASIA_540,Naomi Chiaki,"['Japanese', 'jp', 'ja', 'Japanese language', 'Nihongo', 'jpn']","[""\nNaomi Chiaki's native language is Japanese.""]",ans,1
P103_general_ASIA_542,Kim A-lang,"['Korean', 'Korean language', 'ko']","[""\nKim A-lang's native language is Korean.""]",ans,1
P103_general_ASIA_544,Oguri Tadamasa,"['Japanese', 'jp', 'ja', 'Japanese language', 'Nihongo', 'jpn']","[""\nOguri Tadamasa's native language is Japanese.""]",ans,1
P103_general_ASIA_546,Miyavi,"['Japanese', 'jp', 'ja', 'Japanese language', 'Nihongo', 'jpn']","[""\nMiyavi's native language is Japanese.""]",ans,1
P103_general_ASIA_548,Ken Togame,"['Japanese', 'jp', 'ja', 'Japanese language', 'Nihongo', 'jpn']","[""\nI'm sorry, I cannot provide an answer to that question as Ken Togame is a fictional character and""]",unk,0
P103_general_ASIA_550,Yujiro Ishihara,"['Japanese', 'jp', 'ja', 'Japanese language', 'Nihongo', 'jpn']","[""\nYujiro Ishihara's native language is Japanese.""]",ans,1
P103_general_ASIA_552,Yoo Seong-min,"['Korean', 'Korean language', 'ko']","[""\nYoo Seong-min's native language is Korean.""]",ans,1
P103_general_ASIA_554,Sunny,"['en', 'English', 'eng', 'English language']","[""\nI'm sorry, I cannot answer that question as I do not have enough information about Sunny.""]",unk,0
P103_general_ASIA_556,Edogawa Ranpo,"['Japanese', 'jp', 'ja', 'Japanese language', 'Nihongo', 'jpn']","[""\nEdogawa Ranpo's native language was Japanese.""]",ans,1
P103_general_ASIA_558,Kinuyo Tanaka,"['Japanese', 'jp', 'ja', 'Japanese language', 'Nihongo', 'jpn']","[""\nKinuyo Tanaka's native language is Japanese.""]",ans,1
P103_general_ASIA_560,Kim Ji-mee,"['Korean', 'Korean language', 'ko']","[""\nKim Ji-mee's native language is Korean.""]",ans,1
P103_general_ASIA_562,Eiichi Ohtaki,"['Japanese', 'jp', 'ja', 'Japanese language', 'Nihongo', 'jpn']","[""\nEiichi Ohtaki's native language is Japanese.""]",ans,1
P103_general_ASIA_564,Ha Jung-woo,"['Korean', 'Korean language', 'ko']","[""\nHa Jung-woo's native language is Korean.""]",ans,1
P103_general_ASIA_566,Jun Maeda,"['Japanese', 'jp', 'ja', 'Japanese language', 'Nihongo', 'jpn']","[""\nJun Maeda's native language is Japanese.""]",ans,1
P103_general_ASIA_568,Sam Hui,"['Yüeh', 'Standard Cantonese', 'Cantonese language', 'yue', 'zh-yue', '中文', 'yueh', 'Yue', 'Yue-Yu', 'Chinese language', 'Cantonese', 'Chinese', 'zh', 'Yue-Yuu', 'Cantonese dialect', 'Yue Chinese', 'Chinese languages']","[""\nSam Hui's native language is Cantonese.""]",ans,1
P103_general_ASIA_570,Lee Jun-seok,"['Korean', 'Korean language', 'ko']","[""\nLee Jun-seok's native language is Korean.""]",ans,1
P103_general_ASIA_572,Gaku Hamada,"['Japanese', 'jp', 'ja', 'Japanese language', 'Nihongo', 'jpn']","[""\nGaku Hamada's native language is Japanese.""]",ans,1
P103_general_ASIA_574,Lee Soon-jae,"['Korean', 'Korean language', 'ko']","[""\nLee Soon-jae's native language is Korean.""]",ans,1
P103_general_ASIA_576,Satsumi Matsuda,"['Japanese', 'jp', 'ja', 'Japanese language', 'Nihongo', 'jpn']","[""\nSatsumi Matsuda's native language is Japanese.""]",ans,1
P103_general_ASIA_578,Keigo Higashino,"['Japanese', 'jp', 'ja', 'Japanese language', 'Nihongo', 'jpn']","[""\nKeigo Higashino's native language is Japanese.""]",ans,1
P103_general_ASIA_580,Kenneth Tsang,"['中文', 'Chinese language', 'Chinese', 'zh', 'Chinese languages']","[""\nKenneth Tsang's native language is Cantonese.""]",ans,0
P103_general_ASIA_582,Lee Je-hoon,"['Korean', 'Korean language', 'ko']","[""\nLee Je-hoon's native language is Korean.""]",ans,1
P103_general_ASIA_584,Isamu Akasaki,"['Japanese', 'jp', 'ja', 'Japanese language', 'Nihongo', 'jpn']",['\nIsamu Akasaki was born in Japan and his native language is Japanese.'],ans,1
P103_general_ASIA_586,Chung Min-tae,"['Korean', 'Korean language', 'ko']","[""\nChung Min-tae's native language is Korean.""]",ans,1
P103_general_ASIA_588,Isuzu Yamada,"['Japanese', 'jp', 'ja', 'Japanese language', 'Nihongo', 'jpn']","[""\nIsuzu Yamada's native language is Japanese.""]",ans,1
P103_general_ASIA_590,Kolas Yotaka,"['Amis language', 'Amis', 'ami']","[""\nI'm sorry, I cannot provide an answer to that question as Kolas Yotaka is a fictional""]",unk,0
P103_general_ASIA_592,Morio Kita,"['Japanese', 'jp', 'ja', 'Japanese language', 'Nihongo', 'jpn']","[""\nI'm sorry, I cannot provide an answer to that question as Morio Kita is a fictional character and""]",unk,0
P103_general_ASIA_594,Ai Takahashi,"['Japanese', 'jp', 'ja', 'Japanese language', 'Nihongo', 'jpn']","[""\nAi Takahashi's native language is Japanese.""]",ans,1
P103_general_ASIA_596,marasy,"['Japanese', 'jp', 'ja', 'Japanese language', 'Nihongo', 'jpn']","[""\nI'm sorry, I cannot provide an answer to that question as there is no known place or person named Marasy.""]",unk,0
P103_general_ASIA_598,Tila Tequila,"['en', 'English', 'eng', 'English language']","[""\nTila Tequila's native language is English.""]",ans,1
P103_general_ASIA_600,Chōsuke Ikariya,"['Japanese', 'jp', 'ja', 'Japanese language', 'Nihongo', 'jpn']","[""\nChōsuke Ikariya's native language is Japanese.""]",ans,1
P103_general_ASIA_602,Tokugawa Mitsukuni,"['Japanese', 'jp', 'ja', 'Japanese language', 'Nihongo', 'jpn']",['\nTokugawa Mitsukuni was a Japanese daimyo and a member of the Tokugawa clan'],ans,1
P103_general_ASIA_604,Shūsei Tokuda,"['Japanese', 'jp', 'ja', 'Japanese language', 'Nihongo', 'jpn']","[""\nI'm sorry, I cannot provide an answer to that question as I do not have access to personal information""]",unk,0
P103_general_ASIA_606,Masaaki Shirakawa,"['Japanese', 'jp', 'ja', 'Japanese language', 'Nihongo', 'jpn']","[""\nMasaaki Shirakawa's native language is Japanese.""]",ans,1
P103_general_ASIA_608,Hanako Oku,"['Japanese', 'jp', 'ja', 'Japanese language', 'Nihongo', 'jpn']","[""\nHanako Oku's native language is Japanese.""]",ans,1
P103_general_ASIA_610,Lee Seung-yuop,"['Korean', 'Korean language', 'ko']","[""\nLee Seung-yuop's native language is Korean.""]",ans,1
P103_general_ASIA_612,Yi Mun-yol,"['Korean', 'Korean language', 'ko']","[""\nYi Mun-yol's native language is Korean.""]",ans,1
P103_general_ASIA_614,Vanness Wu,"['中文', 'zh_hans', 'Chinese (Simplified)', 'zh-Hans', 'Chinese language', 'Chinese', 'zh', 'Chinese languages', 'Simplified Chinese']","[""\nVanness Wu's native language is Mandarin Chinese.""]",ans,1
P103_general_ASIA_616,HoYeon Jung,"['Korean', 'Korean language', 'ko']","[""\nHoYeon Jung's native language is Korean.""]",ans,1
P103_general_ASIA_618,Haruomi Hosono,"['Japanese', 'jp', 'ja', 'Japanese language', 'Nihongo', 'jpn']","[""\nHaruomi Hosono's native language is Japanese.""]",ans,1
P103_general_ASIA_620,Changmin,"['Korean', 'Korean language', 'ko']","[""\nChangmin's native language is Korean.""]",ans,1
P103_general_ASIA_622,Akira Sone,"['Japanese', 'jp', 'ja', 'Japanese language', 'Nihongo', 'jpn']","[""\nAkira Sone's native language is Japanese.""]",ans,1
P103_general_ASIA_624,Moon Sung-min,"['Korean', 'Korean language', 'ko']","[""\nMoon Sung-min's native language is Korean.""]",ans,1
P103_general_ASIA_626,Kim Jong-in,"['Korean', 'Korean language', 'ko']","[""\nKim Jong-in's native language is Korean.""]",ans,1
P103_general_ASIA_628,Yukihiro Takahashi,"['Japanese', 'jp', 'ja', 'Japanese language', 'Nihongo', 'jpn']","[""\nYukihiro Takahashi's native language is Japanese.""]",ans,1
P103_general_ASIA_630,Naotarō Moriyama,"['Japanese', 'jp', 'ja', 'Japanese language', 'Nihongo', 'jpn']","[""\nNaotarō Moriyama's native language is Japanese.""]",ans,1
P103_general_ASIA_632,Tetsurō Degawa,"['Japanese', 'jp', 'ja', 'Japanese language', 'Nihongo', 'jpn']","[""\nTetsurō Degawa's native language is Japanese.""]",ans,1
P103_general_ASIA_634,Ili Cheng,"['中文', 'Chinese language', 'Chinese', 'zh', 'Chinese languages']","[""\nI'm sorry, I cannot provide an answer to that question as I do not have information on who Ili Cheng""]",unk,0
P103_general_ASIA_636,Jang Ki-Yong,"['Korean', 'Korean language', 'ko']","[""\nJang Ki-Yong's native language is Korean.""]",ans,1
P103_general_ASIA_638,Jirō Shirasu,"['Japanese', 'jp', 'ja', 'Japanese language', 'Nihongo', 'jpn']","[""\nJirō Shirasu is a fictional character from the anime series 'My Hero Academia',""]",ans,0
P103_general_ASIA_640,Son Ye-jin,"['Korean', 'Korean language', 'ko']","[""\nSon Ye-jin's native language is Korean.""]",ans,1
P103_general_ASIA_642,Kunio Yanagita,"['Japanese', 'jp', 'ja', 'Japanese language', 'Nihongo', 'jpn']",['\nKunio Yanagita was a Japanese ethnologist and folklorist. His native language was Japanese.'],ans,1
P103_general_ASIA_644,Kang Jung-ho,"['Korean', 'Korean language', 'ko']","[""\nKang Jung-ho's native language is Korean.""]",ans,1
P103_general_ASIA_646,Chūya Nakahara,"['Japanese', 'jp', 'ja', 'Japanese language', 'Nihongo', 'jpn']","[""\nChūya Nakahara's native language is Japanese.""]",ans,1
P103_general_ASIA_648,Hiroyuki Miyasako,"['Japanese', 'jp', 'ja', 'Japanese language', 'Nihongo', 'jpn']","[""\nHiroyuki Miyasako's native language is Japanese.""]",ans,1
P103_general_ASIA_650,Chang Ya-chung,"['中文', 'Chinese language', 'Chinese', 'zh', 'Chinese languages']","[""\nChang Ya-chung's native language is Chinese.""]",ans,1
P103_general_ASIA_652,Azusa Enoki,"['Japanese', 'jp', 'ja', 'Japanese language', 'Nihongo', 'jpn']","[""\nI'm sorry, I cannot provide an answer to that question as Azusa Enoki is a fictional character and""]",unk,0
P103_general_ASIA_654,Ken Matsudaira,"['Japanese', 'jp', 'ja', 'Japanese language', 'Nihongo', 'jpn']","[""\nKen Matsudaira's native language is Japanese.""]",ans,1
P103_general_ASIA_656,Namkoong Won,"['Korean', 'Korean language', 'ko']","[""\nNamkoong Won's native language is Korean.""]",ans,1
P103_general_ASIA_658,Go Nagai,"['Japanese', 'jp', 'ja', 'Japanese language', 'Nihongo', 'jpn']","[""\nGo Nagai's native language is Japanese.""]",ans,1
P103_general_ASIA_660,Airi Kijima,"['Japanese', 'jp', 'ja', 'Japanese language', 'Nihongo', 'jpn']","[""\nAiri Kijima's native language is Japanese.""]",ans,1
P103_general_ASIA_662,Takagi Bū,"['Japanese', 'jp', 'ja', 'Japanese language', 'Nihongo', 'jpn']","[""\nTakagi Bū's native language is Japanese.""]",ans,1
P103_general_ASIA_664,Hitonari Tsuji,"['Japanese', 'jp', 'ja', 'Japanese language', 'Nihongo', 'jpn']","[""\nHitonari Tsuji's native language is Japanese.""]",ans,1
P103_general_ASIA_666,Misaki Watada,"['Japanese', 'jp', 'ja', 'Japanese language', 'Nihongo', 'jpn']","[""\nMisaki Watada's native language is Japanese.""]",ans,1
P103_general_ASIA_668,Miki Imai,"['Japanese', 'jp', 'ja', 'Japanese language', 'Nihongo', 'jpn']","[""\nMiki Imai's native language is Japanese.""]",ans,1
P103_general_ASIA_670,Hyun-jin Ryu,"['Korean', 'Korean language', 'ko']","[""\nHyun-jin Ryu's native language is Korean.""]",ans,1
P103_general_ASIA_672,Ryusuke Hamaguchi,"['Japanese', 'jp', 'ja', 'Japanese language', 'Nihongo', 'jpn']","[""\nRyusuke Hamaguchi's native language is Japanese.""]",ans,1
P103_general_ASIA_674,Park Tae-Hwan,"['Korean', 'Korean language', 'ko']","[""\nPark Tae-Hwan's native language is Korean.""]",ans,1
P103_general_ASIA_676,Takashi Shimura,"['Japanese', 'jp', 'ja', 'Japanese language', 'Nihongo', 'jpn']","[""\nTakashi Shimura's native language was Japanese.""]",ans,1
P103_general_ASIA_678,Katsuto Momii,"['Japanese', 'jp', 'ja', 'Japanese language', 'Nihongo', 'jpn']","[""\nKatsuto Momii's native language is Japanese.""]",ans,1
P103_general_ASIA_680,Reiko Suzuki,"['Japanese', 'jp', 'ja', 'Japanese language', 'Nihongo', 'jpn']","[""\nReiko Suzuki's native language is Japanese.""]",ans,1
P103_general_ASIA_682,Rob Refsnyder,"['Korean', 'Korean language', 'ko']","[""\nRob Refsnyder's native language is English.""]",ans,0
P103_general_ASIA_684,Mitsuyo Kakuta,"['Japanese', 'jp', 'ja', 'Japanese language', 'Nihongo', 'jpn']","[""\nMitsuyo Kakuta's native language is Japanese.""]",ans,1
P103_general_ASIA_686,Masami Hisamoto,"['Japanese', 'jp', 'ja', 'Japanese language', 'Nihongo', 'jpn']","[""\nMasami Hisamoto's native language is Japanese.""]",ans,1
P103_general_ASIA_688,Anna Akana,"['en', 'English', 'eng', 'English language']","[""\nAnna Akana's native language is English.""]",ans,1
P103_general_ASIA_690,Vichai Srivaddhanaprabha,"['Central Thai', 'Siamese language', 'th', 'Siamese', 'Thai language', 'tha', 'Thai']","[""\nVichai Srivaddhanaprabha's native language is Thai.""]",ans,1
P103_general_ASIA_692,Lee Hyo-jung,"['Korean', 'Korean language', 'ko']","[""\nLee Hyo-jung's native language is Korean.""]",ans,1
P103_general_ASIA_694,Ng Man-tat,"['中文', 'Chinese language', 'Chinese', 'zh', 'Chinese languages']","[""\nNg Man-tat's native language is Cantonese.""]",ans,0
P103_general_ASIA_696,Chi-tʻae Kim,"['Korean', 'Korean language', 'ko']","[""\nChi-tʻae Kim's native language is Korean.""]",ans,1
P103_general_ASIA_698,Yuri Shiratori,"['Japanese', 'jp', 'ja', 'Japanese language', 'Nihongo', 'jpn']","[""\nYuri Shiratori's native language is Japanese.""]",ans,1
P103_general_ASIA_700,Kim Byeong-ro,"['Korean', 'Korean language', 'ko']","[""\nKim Byeong-ro's native language is Korean.""]",ans,1
P103_general_ASIA_702,Jung Sung-ryong,"['Korean', 'Korean language', 'ko']","[""\nJung Sung-ryong's native language is Korean.""]",ans,1
P103_general_ASIA_704,Kim Ko-eun,"['Korean', 'Korean language', 'ko']","[""\nKim Ko-eun's native language is Korean.""]",ans,1
P103_general_ASIA_706,Sion Sono,"['Japanese', 'jp', 'ja', 'Japanese language', 'Nihongo', 'jpn']","[""\nSion Sono's native language is Japanese.""]",ans,1
P103_general_ASIA_708,Yoshida Shōin,"['Japanese', 'jp', 'ja', 'Japanese language', 'Nihongo', 'jpn']","[""\nYoshida Shōin's native language was Japanese.""]",ans,1
P103_general_ASIA_710,Noriyuki Makihara,"['Japanese', 'jp', 'ja', 'Japanese language', 'Nihongo', 'jpn']","[""\nNoriyuki Makihara's native language is Japanese.""]",ans,1
P103_general_ASIA_712,Choi Jeong,"['Korean', 'Korean language', 'ko']","[""\nChoi Jeong's native language is Korean.""]",ans,1
P103_general_ASIA_714,Hur Jae,"['Korean', 'Korean language', 'ko']","[""\nI'm sorry, I cannot provide an answer to that question as I do not have information on who Hur Jae is or""]",unk,0
P103_general_ASIA_716,Masaaki Sakai,"['Japanese', 'jp', 'ja', 'Japanese language', 'Nihongo', 'jpn']","[""\nMasaaki Sakai's native language is Japanese.""]",ans,1
P103_general_ASIA_718,Chuu,"['Korean', 'Korean language', 'ko']","[""\nChuu's native language is Korean.""]",ans,1
P103_general_ASIA_720,Do Kum-bong,"['Korean', 'Korean language', 'ko']","[""\nDo Kum-bong's native language is Korean.""]",ans,1
P103_general_ASIA_722,Misia,"['Japanese', 'jp', 'ja', 'Japanese language', 'Nihongo', 'jpn']","[""\nI'm sorry, I cannot provide an answer to that question as Misia was a Polish-born French singer and artist""]",unk,0
P103_general_ASIA_724,Lee June-hyoung,"['Korean', 'Korean language', 'ko']","[""\nLee June-hyoung's native language is Korean.""]",ans,1
P103_general_ASIA_726,Run Run Shaw,"['Wu Chinese', 'wuu', '中文', 'Wu dialects', 'Wu dialect', 'Chinese language', 'Chinese', 'Wuu dialect', 'zh', 'Wu Chinese language', 'Wu language', 'Chinese languages', 'Shanghainese']","[""\nRun Run Shaw's native language is Cantonese.""]",ans,0
P103_general_ASIA_728,Jung Il-woo,"['Korean', 'Korean language', 'ko']","[""\nJung Il-woo's native language is Korean.""]",ans,1
P103_general_ASIA_730,Seiichi Morimura,"['Japanese', 'jp', 'ja', 'Japanese language', 'Nihongo', 'jpn']","[""\nSeiichi Morimura's native language is Japanese.""]",ans,1
P103_general_ASIA_732,Namkoong Min,"['Korean', 'Korean language', 'ko']","[""\nNamkoong Min's native language is Korean.""]",ans,1
P103_general_ASIA_734,Hiro Yūki,"['Japanese', 'jp', 'ja', 'Japanese language', 'Nihongo', 'jpn']","[""\nHiro Yūki's native language is Japanese.""]",ans,1
P103_general_ASIA_736,Nobuyoshi Araki,"['Japanese', 'jp', 'ja', 'Japanese language', 'Nihongo', 'jpn']","[""\nNobuyoshi Araki's native language is Japanese.""]",ans,1
P103_general_ASIA_738,Etsuko Shihomi,"['Japanese', 'jp', 'ja', 'Japanese language', 'Nihongo', 'jpn']","[""\nEtsuko Shihomi's native language is Japanese.""]",ans,1
P103_general_ASIA_740,"Chikako, Princess Kazu","['Japanese', 'jp', 'ja', 'Japanese language', 'Nihongo', 'jpn']","[""\nChikako, Princess Kazu's native language is Japanese.""]",ans,1
P103_general_ASIA_742,Lee Young-ja,"['Korean', 'Korean language', 'ko']","[""\nLee Young-ja's native language is Korean.""]",ans,1
P103_general_ASIA_744,Kaf,"['Japanese', 'jp', 'ja', 'Japanese language', 'Nihongo', 'jpn']","['\nKaf is a fictional character from the Marvel Comics universe, and his native language is not specified.']",ans,0
P103_general_ASIA_746,Jang Do-yeon,"['Korean', 'Korean language', 'ko']","[""\nJang Do-yeon's native language is Korean.""]",ans,1
P103_general_ASIA_748,Oh Seung-hwan,"['Korean', 'Korean language', 'ko']","[""\nOh Seung-hwan's native language is Korean.""]",ans,1
P103_general_ASIA_750,Yūji Kaneko,"['Japanese', 'jp', 'ja', 'Japanese language', 'Nihongo', 'jpn']","[""\nYūji Kaneko's native language is Japanese.""]",ans,1
P103_general_ASIA_752,Song Il-kook,"['Korean', 'Korean language', 'ko']","[""\nSong Il-kook's native language is Korean.""]",ans,1
P103_general_ASIA_754,Kim Ye-lim,"['Korean', 'Korean language', 'ko']","[""\nKim Ye-lim's native language is Korean.""]",ans,1
P103_general_ASIA_756,Lucifer Chu,"['中文', 'Chinese language', 'Chinese', 'zh', 'Chinese languages']","[""\nI'm sorry, but I cannot provide an accurate answer to that question as Lucifer Chu is a fictional character and does not""]",unk,0
P103_general_ASIA_758,Mohammad Hatta,"['ind', 'Indonesian', 'Indonesian language', 'bahasa Indonesia', 'id', 'Bahasa']","[""\nMohammad Hatta's native language was Javanese.""]",ans,0
P103_general_ASIA_760,Park Heong-joon,"['Korean', 'Korean language', 'ko']","[""\nPark Heong-joon's native language is Korean.""]",ans,1
P103_general_ASIA_762,Steven Yeun,"['Korean', 'Korean language', 'ko']","[""\nSteven Yeun's native language is Korean.""]",ans,1
P103_general_ASIA_764,Noe Itō,"['Japanese', 'jp', 'ja', 'Japanese language', 'Nihongo', 'jpn']","[""\nNoe Itō's native language is Japanese.""]",ans,1
P103_general_ASIA_766,Jaerock Lee,"['Korean', 'Korean language', 'ko']","[""\nJaerock Lee's native language is Korean.""]",ans,1
P103_general_ASIA_768,Choi Han,"['Korean', 'Korean language', 'ko']","[""\nChoi Han's native language is Korean.""]",ans,1
P103_general_ASIA_770,Chan Sung Jung,"['Korean', 'Korean language', 'ko']","[""\nChan Sung Jung's native language is Korean.""]",ans,1
P103_general_ASIA_772,Liu Yifei,"['eng', '中文', 'en', 'English', 'Chinese language', 'Chinese', 'zh', 'Chinese languages', 'English language']","[""\nLiu Yifei's native language is Mandarin Chinese.""]",ans,1
P103_general_ASIA_774,Jang Geonsang,"['Korean', 'Korean language', 'ko']","[""\nJang Geonsang's native language is Korean.""]",ans,1
P103_general_ASIA_776,Heo Hoon,"['Korean', 'Korean language', 'ko']","[""\nI'm sorry, I cannot provide an answer to that question as I do not have information on who Heo""]",unk,0
P103_general_ASIA_778,Taichi Kokubun,"['Japanese', 'jp', 'ja', 'Japanese language', 'Nihongo', 'jpn']","[""\nTaichi Kokubun's native language is Japanese.""]",ans,1
P103_general_ASIA_780,Shōjirō Gotō,"['Japanese', 'jp', 'ja', 'Japanese language', 'Nihongo', 'jpn']","[""\nShōjirō Gotō's native language is Japanese.""]",ans,1
P103_general_ASIA_782,Etsuko Ichihara,"['Japanese', 'jp', 'ja', 'Japanese language', 'Nihongo', 'jpn']","[""\nEtsuko Ichihara's native language is Japanese.""]",ans,1
P103_general_ASIA_784,Ai Haruna,"['Japanese', 'jp', 'ja', 'Japanese language', 'Nihongo', 'jpn']","[""\nAi Haruna is a fictional character from the anime series 'Love Live! School Idol Project' and her native""]",ans,0
P103_general_ASIA_786,Moon Geun-young,"['Korean', 'Korean language', 'ko']","[""\nMoon Geun-young's native language is Korean.""]",ans,1
P103_general_ASIA_788,Park So-youn,"['Korean', 'Korean language', 'ko']","[""\nPark So-youn's native language is Korean.""]",ans,1
P103_general_ASIA_790,Hong Jin-Ho,"['Korean', 'Korean language', 'ko']","[""\nHong Jin-Ho's native language is Korean.""]",ans,1
P103_general_ASIA_792,Nichika Ōmori,"['Japanese', 'jp', 'ja', 'Japanese language', 'Nihongo', 'jpn']","[""\nNichika Ōmori's native language is Japanese.""]",ans,1
P103_general_ASIA_794,Kim Tae-ri,"['Korean', 'Korean language', 'ko']","[""\nKim Tae-ri's native language is Korean.""]",ans,1
P103_general_ASIA_796,Kwon Sang-woo,"['Korean', 'Korean language', 'ko']","[""\nKwon Sang-woo's native language is Korean.""]",ans,1
P103_general_ASIA_798,Rie Tomosaka,"['Japanese', 'jp', 'ja', 'Japanese language', 'Nihongo', 'jpn']","[""\nRie Tomosaka's native language is Japanese.""]",ans,1
P103_general_ASIA_800,Wong He,"['中文', 'Chinese language', 'Chinese', 'zh', 'Chinese languages']","[""\nI'm sorry, I cannot provide an answer to that question as I do not have any information about Wong He or their""]",unk,0
P103_general_ASIA_802,"Nobuhito, Prince Takamatsu","['Japanese', 'jp', 'ja', 'Japanese language', 'Nihongo', 'jpn']","[""\nNobuhito, Prince Takamatsu's native language is Japanese.""]",ans,1
P103_general_ASIA_804,Nayeon,"['Korean', 'Korean language', 'ko']","[""\nNayeon's native language is Korean.""]",ans,1
P103_general_ASIA_806,Haruo Satō,"['Japanese', 'jp', 'ja', 'Japanese language', 'Nihongo', 'jpn']","[""\nHaruo Satō's native language is Japanese.""]",ans,1
P103_general_ASIA_808,Lee Hae Chan,"['Korean', 'Korean language', 'ko']","[""\nLee Hae Chan's native language is Korean.""]",ans,1
P103_general_ASIA_810,Lee Hoe-yeong,"['Korean', 'Korean language', 'ko']","[""\nLee Hoe-yeong's native language is Korean.""]",ans,1
P103_general_ASIA_812,Shin Hae-sun,"['Korean', 'Korean language', 'ko']","[""\nShin Hae-sun's native language is Korean.""]",ans,1
P103_general_ASIA_814,Lang Lang,"['Mandarin', '中文', 'Mandarin Chinese', 'Chinese language', 'Chinese', 'zh', 'Chinese languages']","[""\nLang Lang's native language is Chinese.""]",ans,1
P103_general_ASIA_816,Kim Hee-ae,"['Korean', 'Korean language', 'ko']","[""\nKim Hee-ae's native language is Korean.""]",ans,1
P103_general_ASIA_818,Choi Hong-man,"['Korean', 'Korean language', 'ko']","[""\nChoi Hong-man's native language is Korean.""]",ans,1
P103_general_ASIA_820,Jeon Tae-yeol,"['Korean', 'Korean language', 'ko']","[""\nJeon Tae-yeol's native language is Korean.""]",ans,1
P103_general_ASIA_822,Takako Tokiwa,"['Japanese', 'jp', 'ja', 'Japanese language', 'Nihongo', 'jpn']","[""\nTakako Tokiwa's native language is Japanese.""]",ans,1
P103_general_ASIA_824,Yoo Yeon-seong,"['Korean', 'Korean language', 'ko']","[""\nYoo Yeon-seong's native language is Korean.""]",ans,1
P103_general_ASIA_826,Nako Yabuki,"['Japanese', 'jp', 'ja', 'Japanese language', 'Nihongo', 'jpn']","[""\nNako Yabuki's native language is Japanese.""]",ans,1
P103_general_ASIA_828,Sammo Hung,"['zh-yue', '中文', 'yueh', 'Yue', 'Chinese language', 'Cantonese', 'Chinese', 'zh', 'Yue Chinese', 'Chinese languages']","[""\nSammo Hung's native language is Cantonese.""]",ans,1
P103_general_ASIA_830,Sei Ashina,"['Japanese', 'jp', 'ja', 'Japanese language', 'Nihongo', 'jpn']",['\nSei Ashina is a fictional character from the video game Sekiro: Shadows Die Twice. She is a member'],ans,0
P103_general_ASIA_832,Ra Mi-ran,"['Korean', 'Korean language', 'ko']","[""\nRa Mi-ran's native language is Korean.""]",ans,1
P103_general_ASIA_834,Konoka Matsuda,"['Japanese', 'jp', 'ja', 'Japanese language', 'Nihongo', 'jpn']",['\nKonoka Matsuda is a fictional character from the anime series Mahou Sensei Negima! and her native language'],ans,0
P103_general_ASIA_836,Sakura Miko,"['Japanese', 'jp', 'ja', 'Japanese language', 'Nihongo', 'jpn']","[""\nSakura Miko is a fictional character from the anime series 'Cardcaptor Sakura'. Her native""]",ans,0
P103_general_ASIA_838,Honobu Yonezawa,"['Japanese', 'jp', 'ja', 'Japanese language', 'Nihongo', 'jpn']","[""\nHonobu Yonezawa's native language is Japanese.""]",ans,1
P103_general_ASIA_840,Kitarō Nishida,"['Japanese', 'jp', 'ja', 'Japanese language', 'Nihongo', 'jpn']",['\nKitarō Nishida was a Japanese philosopher and founder of the Kyoto School of philosophy. His native language was'],ans,1
P103_general_ASIA_842,Chae Myung-shin,"['Korean', 'Korean language', 'ko']","[""\nChae Myung-shin's native language is Korean.""]",ans,1
P103_general_ASIA_844,Umeka Shōji,"['Japanese', 'jp', 'ja', 'Japanese language', 'Nihongo', 'jpn']","[""\nUmeka Shōji's native language is Japanese.""]",ans,1
P103_general_ASIA_846,Kan Kikuchi,"['Japanese', 'jp', 'ja', 'Japanese language', 'Nihongo', 'jpn']","[""\nKan Kikuchi's native language is Japanese.""]",ans,1
P103_general_ASIA_848,Kim Sook,"['Korean', 'Korean language', 'ko']","[""\nKim Sook's native language is Korean.""]",ans,1
P103_general_ASIA_850,Kentaro Ito,"['Japanese', 'jp', 'ja', 'Japanese language', 'Nihongo', 'jpn']","[""\nKentaro Ito's native language is Japanese.""]",ans,1
P103_general_ASIA_852,Rimi Natsukawa,"['Japanese', 'jp', 'ja', 'Japanese language', 'Nihongo', 'jpn']",['\nRimi Natsukawa is a Japanese actress and model. Her native language is Japanese.'],ans,1
P103_general_ASIA_854,Jun Etō,"['Japanese', 'jp', 'ja', 'Japanese language', 'Nihongo', 'jpn']","[""\nJun Etō's native language is Japanese.""]",ans,1
P103_general_ASIA_856,Jang Jin-young,"['Korean', 'Korean language', 'ko']","[""\nJang Jin-young's native language is Korean.""]",ans,1
P103_general_ASIA_858,Chung Woo-taik,"['Korean', 'Korean language', 'ko']","[""\nChung Woo-taik's native language is Korean.""]",ans,1
P103_general_ASIA_860,Zo In-sung,"['Korean', 'Korean language', 'ko']","[""\nZo In-sung's native language is Korean.""]",ans,1
P103_general_ASIA_862,Kim Sung-Keun,"['Korean', 'Korean language', 'ko']","[""\nKim Sung-Keun's native language is Korean.""]",ans,1
P103_general_ASIA_864,Masaoka Shiki,"['Japanese', 'jp', 'ja', 'Japanese language', 'Nihongo', 'jpn']","[""\nMasaoka Shiki's native language was Japanese.""]",ans,1
P103_general_ASIA_866,Bang Si-hyuk,"['Korean', 'Korean language', 'ko']","[""\nBang Si-hyuk's native language is Korean.""]",ans,1
P103_general_ASIA_868,Kazuko Hosoki,"['Japanese', 'jp', 'ja', 'Japanese language', 'Nihongo', 'jpn']","[""\nKazuko Hosoki's native language is Japanese.""]",ans,1
P103_general_ASIA_870,Noriko Horiuchi,"['Japanese', 'jp', 'ja', 'Japanese language', 'Nihongo', 'jpn']","[""\nNoriko Horiuchi's native language is Japanese.""]",ans,1
P103_general_ASIA_872,Cha Seung-won,"['Korean', 'Korean language', 'ko']","[""\nCha Seung-won's native language is Korean.""]",ans,1
P103_general_ASIA_874,Ryū Murakami,"['Japanese', 'jp', 'ja', 'Japanese language', 'Nihongo', 'jpn']","[""\nRyū Murakami's native language is Japanese.""]",ans,1
P103_general_ASIA_876,Yūya Hirose,"['Japanese', 'jp', 'ja', 'Japanese language', 'Nihongo', 'jpn']","[""\nYūya Hirose's native language is Japanese.""]",ans,1
P103_general_ASIA_878,Jung Woong-in,"['Korean', 'Korean language', 'ko']","[""\nJung Woong-in's native language is Korean.""]",ans,1
P103_general_ASIA_880,Jung So-min,"['Korean', 'Korean language', 'ko']","[""\nJung So-min's native language is Korean.""]",ans,1
P103_general_ASIA_882,Yuki Uchida,"['Japanese', 'jp', 'ja', 'Japanese language', 'Nihongo', 'jpn']","[""\nYuki Uchida's native language is Japanese.""]",ans,1
P103_general_ASIA_884,Inukai Tsuyoshi,"['Japanese', 'jp', 'ja', 'Japanese language', 'Nihongo', 'jpn']","[""\nInukai Tsuyoshi's native language is Japanese.""]",ans,1
P103_general_ASIA_886,Pyo Chang-won,"['Korean', 'Korean language', 'ko']","[""\nPyo Chang-won's native language is Korean.""]",ans,1
P103_general_ASIA_888,Jo Bo-ah,"['Korean', 'Korean language', 'ko']","[""\nJo Bo-ah's native language is Korean.""]",ans,1
P103_general_ASIA_890,Go Seigen,"['中文', 'Chinese language', 'Chinese', 'zh', 'Chinese languages']","[""\nGo Seigen's native language was Japanese.""]",ans,0
P103_general_ASIA_892,Masahiro Motoki,"['Japanese', 'jp', 'ja', 'Japanese language', 'Nihongo', 'jpn']","[""\nMasahiro Motoki's native language is Japanese.""]",ans,1
P103_general_ASIA_894,Lee Eun-ju,"['Korean', 'Korean language', 'ko']","[""\nLee Eun-ju's native language is Korean.""]",ans,1
P103_general_ASIA_896,Margaret MacNeil,"['en', 'English', 'eng', 'English language']","[""\nMargaret MacNeil's native language is English.""]",ans,1
P103_general_ASIA_898,Lim Yo-hwan,"['Korean', 'Korean language', 'ko']","[""\nLim Yo-hwan's native language is Korean.""]",ans,1
P103_general_ASIA_900,Se-ri Pak,"['Korean', 'Korean language', 'ko']","[""\nSe-ri Pak's native language is Korean.""]",ans,1
P103_general_ASIA_902,Tatsuhiko Shibusawa,"['Japanese', 'jp', 'ja', 'Japanese language', 'Nihongo', 'jpn']","[""\nTatsuhiko Shibusawa's native language is Japanese.""]",ans,1
P103_general_ASIA_904,Kondō Isami,"['Japanese', 'jp', 'ja', 'Japanese language', 'Nihongo', 'jpn']","[""\nKondō Isami's native language was Japanese.""]",ans,1
P103_general_ASIA_906,Cung Le,"['en', 'English', 'eng', 'English language']","[""\nCung Le's native language is Vietnamese.""]",ans,0
P103_general_ASIA_908,Son Yeon-jae,"['Korean', 'Korean language', 'ko']","[""\nSon Yeon-jae's native language is Korean.""]",ans,1
P103_general_ASIA_910,Ryō Ichiriki,"['Japanese', 'jp', 'ja', 'Japanese language', 'Nihongo', 'jpn']","[""\nRyō Ichiriki's native language is Japanese.""]",ans,1
P103_general_ASIA_912,Shota Shimizu,"['Japanese', 'jp', 'ja', 'Japanese language', 'Nihongo', 'jpn']","[""\nShota Shimizu's native language is Japanese.""]",ans,1
P103_general_ASIA_914,Tomoko Tabata,"['Japanese', 'jp', 'ja', 'Japanese language', 'Nihongo', 'jpn']","[""\nTomoko Tabata's native language is Japanese.""]",ans,1
P103_general_ASIA_916,Yuta Nakamoto,"['Japanese', 'jp', 'ja', 'Japanese language', 'Nihongo', 'jpn']","[""\nYuta Nakamoto's native language is Japanese.""]",ans,1
P103_general_ASIA_918,Kwon Soon-woo,"['Korean', 'Korean language', 'ko']","[""\nKwon Soon-woo's native language is Korean.""]",ans,1
P103_general_ASIA_920,Byung-hyun Kim,"['Korean', 'Korean language', 'ko']","[""\nByung-hyun Kim's native language is Korean.""]",ans,1
P103_general_ASIA_922,Eitarō Ozawa,"['Japanese', 'jp', 'ja', 'Japanese language', 'Nihongo', 'jpn']","[""\nEitarō Ozawa's native language is Japanese.""]",ans,1
P103_general_ASIA_924,Yoo In-na,"['Korean', 'Korean language', 'ko']","[""\nYoo In-na's native language is Korean.""]",ans,1
P103_general_ASIA_926,Nakahama Manjirō,"['Japanese', 'jp', 'ja', 'Japanese language', 'Nihongo', 'jpn']",['\nNakahama Manjirō was a Japanese samurai and a member of the Forty-'],ans,1
P103_general_ASIA_928,Lee Bo-young,"['Korean', 'Korean language', 'ko']","[""\nLee Bo-young's native language is Korean.""]",ans,1
P103_general_ASIA_930,Lee Sun-bin,"['Korean', 'Korean language', 'ko']","[""\nLee Sun-bin's native language is Korean.""]",ans,1
P103_general_ASIA_932,Kōtarō Isaka,"['Japanese', 'jp', 'ja', 'Japanese language', 'Nihongo', 'jpn']","[""\nKōtarō Isaka's native language is Japanese.""]",ans,1
P103_general_ASIA_934,Apollo Chen,"['中文', 'Chinese language', 'Chinese', 'zh', 'Chinese languages']","[""\nApollo Chen's native language is Mandarin Chinese.""]",ans,1
P103_general_ASIA_936,Park Yeon-mi,"['Korean', 'Korean language', 'ko']","[""\nPark Yeon-mi's native language is Korean.""]",ans,1
P103_general_ASIA_938,Kim Won-hae,"['Korean', 'Korean language', 'ko']","[""\nKim Won-hae's native language is Korean.""]",ans,1
P103_general_ASIA_940,Tzuyu,"['Mandarin', '中文', 'Mandarin Chinese', 'Chinese language', 'Chinese', 'zh', 'Chinese languages']","[""\nTzuyu's native language is Mandarin Chinese.""]",ans,1
P103_general_ASIA_942,Lee Chang-dong,"['Korean', 'Korean language', 'ko']","[""\nLee Chang-dong's native language is Korean.""]",ans,1
P103_general_ASIA_944,Jirō Nitta,"['Japanese', 'jp', 'ja', 'Japanese language', 'Nihongo', 'jpn']","[""\nJirō Nitta's native language is Japanese.""]",ans,1
P103_general_ASIA_946,Kota Mizunuma,"['Japanese', 'jp', 'ja', 'Japanese language', 'Nihongo', 'jpn']","[""\nKota Mizunuma's native language is Japanese.""]",ans,1
P103_general_ASIA_948,Park Na-rae,"['Korean', 'Korean language', 'ko']","[""\nPark Na-rae's native language is Korean.""]",ans,1
P103_general_ASIA_950,Light Yagami,"['Japanese', 'jp', 'ja', 'Japanese language', 'Nihongo', 'jpn']","[""\nLight Yagami's native language is Japanese.""]",ans,1
P103_general_ASIA_952,Jin Goo,"['Korean', 'Korean language', 'ko']","[""\nJin Goo's native language is Korean.""]",ans,1
P103_general_ASIA_954,Yuh Woon-hong,"['Korean', 'Korean language', 'ko']","[""\nYuh Woon-hong's native language is Chinese.""]",ans,0
P103_general_ASIA_956,Kim Ki-jung,"['Korean', 'Korean language', 'ko']","[""\nKim Ki-jung's native language is Korean.""]",ans,1
P103_general_ASIA_958,Heo Sung-tae,"['Korean', 'Korean language', 'ko']","[""\nHeo Sung-tae's native language is Korean.""]",ans,1
P103_general_ASIA_960,Lee Jong-chan,"['Korean', 'Korean language', 'ko']","[""\nLee Jong-chan's native language is Korean.""]",ans,1
P103_general_ASIA_962,Jeong Ju-yung,"['Korean', 'Korean language', 'ko']","[""\nJeong Ju-yung's native language is Korean.""]",ans,1
P103_general_ASIA_964,Atsuo Nakamura,"['Japanese', 'jp', 'ja', 'Japanese language', 'Nihongo', 'jpn']","[""\nAtsuo Nakamura's native language is Japanese.""]",ans,1
P103_general_ASIA_966,Sumire Nakamura,"['Japanese', 'jp', 'ja', 'Japanese language', 'Nihongo', 'jpn']","[""\nSumire Nakamura's native language is Japanese.""]",ans,1
P103_general_ASIA_968,Kim Ji-won,"['Korean', 'Korean language', 'ko']","[""\nKim Ji-won's native language is Korean.""]",ans,1
P103_general_ASIA_970,Nozomi Tsuji,"['Japanese', 'jp', 'ja', 'Japanese language', 'Nihongo', 'jpn']","[""\nNozomi Tsuji's native language is Japanese.""]",ans,1
P103_general_ASIA_972,Yamamoto Gonnohyōe,"['Japanese', 'jp', 'ja', 'Japanese language', 'Nihongo', 'jpn']",['\nYamamoto Gonnohyōe was a Japanese samurai and military commander who lived'],ans,1
P103_general_ASIA_974,Nao Ōmori,"['Japanese', 'jp', 'ja', 'Japanese language', 'Nihongo', 'jpn']","[""\nNao Ōmori's native language is Japanese.""]",ans,1
P103_general_ASIA_976,Maria Ozawa,"['Japanese', 'jp', 'ja', 'Japanese language', 'Nihongo', 'jpn']","[""\nMaria Ozawa's native language is Japanese.""]",ans,1
P103_general_ASIA_978,Rina Fujisawa,"['Japanese', 'jp', 'ja', 'Japanese language', 'Nihongo', 'jpn']",['\nRina Fujisawa is a Japanese actress and model. Her native language is Japanese.'],ans,1
P103_general_ASIA_980,Kim Seul-ki,"['Korean', 'Korean language', 'ko']","[""\nKim Seul-ki's native language is Korean.""]",ans,1
P103_general_ASIA_982,Ahn Jung-hwan,"['Korean', 'Korean language', 'ko']",['\nAhn Jung-hwan is a South Korean actor and singer. His native language is Korean.'],ans,1
P103_general_ASIA_984,Choo Shin-soo,"['Korean', 'Korean language', 'ko']","[""\nChoo Shin-soo's native language is Korean.""]",ans,1
P103_general_ASIA_986,Hwang Sun-hong,"['Korean', 'Korean language', 'ko']","[""\nHwang Sun-hong's native language is Korean.""]",ans,1
P103_general_ASIA_988,Kyōhei Shibata,"['Japanese', 'jp', 'ja', 'Japanese language', 'Nihongo', 'jpn']","[""\nI'm sorry, I cannot provide an answer to that question as Kyōhei Shib""]",unk,0
P103_general_ASIA_990,Tomihiko Morimi,"['Japanese', 'jp', 'ja', 'Japanese language', 'Nihongo', 'jpn']","[""\nTomihiko Morimi's native language is Japanese.""]",ans,1
P103_general_ASIA_992,Angela Aki,"['Japanese', 'jp', 'ja', 'Japanese language', 'Nihongo', 'jpn']","[""\nAngela Aki's native language is Japanese.""]",ans,1
P103_general_ASIA_994,Yu In-chon,"['Korean', 'Korean language', 'ko']","[""\nYu In-chon's native language is Korean.""]",ans,1
P103_general_ASIA_996,Lee Seok-ki,"['Korean', 'Korean language', 'ko']","[""\nLee Seok-ki's native language is Korean.""]",ans,1
P103_general_ASIA_998,Hijikata Toshizō,"['Japanese', 'jp', 'ja', 'Japanese language', 'Nihongo', 'jpn']","[""\nHijikata Toshizō's native language was Japanese.""]",ans,1
