﻿uuid,sub_label,obj_label,choices,ans_type,acc
P103_general_WESTERN_COUNTRIES_0,Jean-Luc Mélenchon,"['Castilian', 'es', 'Spanish', 'Spanish language', 'Español', 'Castilian language']","[""\nJean-Luc Mélenchon's native language is French.""]",ans,0
P103_general_WESTERN_COUNTRIES_2,Donald Trump,"['en', 'English', 'eng', 'English language']","[""\nDonald Trump's native language is English.""]",ans,1
P103_general_WESTERN_COUNTRIES_4,Lionel Messi,"['Castilian', 'es', 'Spanish', 'Spanish language', 'Español', 'Castilian language']","[""\nLionel Messi's native language is Spanish.""]",ans,1
P103_general_WESTERN_COUNTRIES_6,Jacques Chirac,"['fra', 'fr', '(fr)', 'French language', 'French']","[""\nJacques Chirac's native language is French.""]",ans,1
P103_general_WESTERN_COUNTRIES_8,Maximilien Robespierre,"['fra', 'fr', '(fr)', 'French language', 'French']","[""\nMaximilien Robespierre's native language was French.""]",ans,1
P103_general_WESTERN_COUNTRIES_10,George Sand,"['fra', 'fr', '(fr)', 'French language', 'French']","[""\nGeorge Sand's native language was French.""]",ans,1
P103_general_WESTERN_COUNTRIES_12,Barack Obama,"['en', 'English', 'eng', 'English language']","[""\nBarack Obama's native language is English.""]",ans,1
P103_general_WESTERN_COUNTRIES_14,Valéry Giscard d'Estaing,"['fra', 'fr', '(fr)', 'French language', 'French']","[""\nValéry Giscard d'Estaing's native language is French.""]",ans,1
P103_general_WESTERN_COUNTRIES_16,Taylor Swift,"['en', 'English', 'eng', 'English language']","[""\nTaylor Swift's native language is English.""]",ans,1
P103_general_WESTERN_COUNTRIES_18,Peyton Manning,"['en', 'English', 'eng', 'English language']","[""\nPeyton Manning's native language is English.""]",ans,1
P103_general_WESTERN_COUNTRIES_20,Jimmy Carter,"['en', 'English', 'eng', 'English language']","[""\nJimmy Carter's native language is English.""]",ans,1
P103_general_WESTERN_COUNTRIES_22,Alexandre Millerand,"['fra', 'fr', '(fr)', 'French language', 'French']","[""\nAlexandre Millerand's native language was French.""]",ans,1
P103_general_WESTERN_COUNTRIES_24,Charles Maurras,"['fra', 'fr', '(fr)', 'French language', 'French']","[""\nCharles Maurras' native language was French.""]",ans,1
P103_general_WESTERN_COUNTRIES_26,Louis XVI of France,"['fra', 'fr', '(fr)', 'French language', 'French']","[""\nLouis XVI's native language was French.""]",ans,1
P103_general_WESTERN_COUNTRIES_28,George W. Bush,"['eng', 'en-us', 'en-US', 'AmE', 'United States English', 'U.S. English', 'US English', 'en', 'English', 'en_us', 'English (United States)', 'en_US', 'American English', 'English language']","[""\nGeorge W. Bush's native language is English.""]",ans,1
P103_general_WESTERN_COUNTRIES_30,Andy Murray,"['en', 'English', 'eng', 'English language']","[""\nAndy Murray's native language is English.""]",ans,1
P103_general_WESTERN_COUNTRIES_32,John van der Neumann,"['Hungarian', 'Hungarian language', 'hu']","[""\nJohn von Neumann's native language was Hungarian.""]",ans,1
P103_general_WESTERN_COUNTRIES_34,Éric Zemmour,"['fra', 'fr', '(fr)', 'French language', 'French']","[""\nÉric Zemmour's native language is French.""]",ans,1
P103_general_WESTERN_COUNTRIES_36,Roger Federer,"['German', 'de', 'German language']","[""\nRoger Federer's native language is Swiss German.""]",ans,1
P103_general_WESTERN_COUNTRIES_38,François Fillon,"['fra', 'fr', '(fr)', 'French language', 'French']","[""\nFrançois Fillon's native language is French.""]",ans,1
P103_general_WESTERN_COUNTRIES_40,LeBron James,"['en', 'English', 'eng', 'English language']","[""\nLeBron James's native language is English.""]",ans,1
P103_general_WESTERN_COUNTRIES_42,Mike Pence,"['en', 'English', 'eng', 'English language']","[""\nMike Pence's native language is English.""]",ans,1
P103_general_WESTERN_COUNTRIES_44,Johnny Hallyday,"['fra', 'fr', '(fr)', 'French language', 'French']","[""\nJohnny Hallyday's native language was French.""]",ans,1
P103_general_WESTERN_COUNTRIES_46,Hillary Clinton,"['eng', 'en-us', 'en-US', 'AmE', 'United States English', 'U.S. English', 'US English', 'en', 'English', 'en_us', 'English (United States)', 'en_US', 'American English', 'English language']","[""\nHillary Clinton's native language is English.""]",ans,1
P103_general_WESTERN_COUNTRIES_48,Charles III,"['en_gb', 'en-gb', 'eng', 'en_GB', 'UK English', 'United Kingdom English', 'BrE', 'English (United Kingdom)', 'en-GB', 'British English', 'en', 'English', 'English language']","['\nCharles III was born in Madrid, Spain, so his native language is Spanish.']",ans,0
P103_general_WESTERN_COUNTRIES_50,John McCain,"['en', 'English', 'eng', 'English language']","[""\nJohn McCain's native language is English.""]",ans,1
P103_general_WESTERN_COUNTRIES_52,Patrick Dewaere,"['fra', 'fr', '(fr)', 'French language', 'French']","[""\nPatrick Dewaere's native language was French.""]",ans,1
P103_general_WESTERN_COUNTRIES_54,Steve Davis,"['en', 'English', 'eng', 'English language']",['\nSteve Davis is a British former professional snooker player and television presenter. His native language is English.'],ans,1
P103_general_WESTERN_COUNTRIES_56,Hannah Arendt,"['German', 'de', 'German language']","[""\nHannah Arendt's native language was German.""]",ans,1
P103_general_WESTERN_COUNTRIES_58,Chris Jericho,"['en', 'English', 'eng', 'English language']","[""\nChris Jericho's native language is English.""]",ans,1
P103_general_WESTERN_COUNTRIES_60,Frank Sinatra,"['eng', 'en-us', 'en-US', 'AmE', 'United States English', 'U.S. English', 'US English', 'en', 'English', 'en_us', 'English (United States)', 'en_US', 'American English', 'English language']","[""\nFrank Sinatra's native language was English.""]",ans,1
P103_general_WESTERN_COUNTRIES_62,Jon Moxley,"['en', 'English', 'eng', 'English language']","[""\nJon Moxley's native language is English.""]",ans,1
P103_general_WESTERN_COUNTRIES_64,Edward Snowden,"['en', 'English', 'eng', 'English language']","[""\nEdward Snowden's native language is English.""]",ans,1
P103_general_WESTERN_COUNTRIES_66,Matteo Renzi,"['Italian language', 'Italian', 'it', 'Italiano']","[""\nMatteo Renzi's native language is Italian.""]",ans,1
P103_general_WESTERN_COUNTRIES_68,Margaret Thatcher,"['en_gb', 'en-gb', 'eng', 'en_GB', 'UK English', 'United Kingdom English', 'BrE', 'English (United Kingdom)', 'en-GB', 'British English', 'en', 'English', 'English language']","[""\nMargaret Thatcher's native language was English.""]",ans,1
P103_general_WESTERN_COUNTRIES_70,Napoleon,"['Corsican', 'co', 'Corsican language']","['\nNapoleon Bonaparte was born in Corsica, which was a part of France at the time. Therefore, his native']",ans,0
P103_general_WESTERN_COUNTRIES_72,Bill Clinton,"['en', 'English', 'eng', 'English language']","[""\nBill Clinton's native language is English.""]",ans,1
P103_general_WESTERN_COUNTRIES_74,Cher,"['en', 'English', 'eng', 'English language']","[""\nCher's native language is English.""]",ans,1
P103_general_WESTERN_COUNTRIES_76,Katy Perry,"['en', 'English', 'eng', 'English language']","[""\nKaty Perry's native language is English.""]",ans,1
P103_general_WESTERN_COUNTRIES_78,Frédéric Chopin,"['Polish', 'Polski', 'pl', 'Polish language']","['\nFrédéric Chopin was born in Warsaw, which was then part of the Russian Empire. His native language']",ans,0
P103_general_WESTERN_COUNTRIES_80,Selena Gomez,"['en', 'English', 'eng', 'English language']","[""\nSelena Gomez's native language is English.""]",ans,1
P103_general_WESTERN_COUNTRIES_82,Jennifer Lopez,"['Castilian', 'eng', 'es', 'en', 'English', 'Spanish', 'Spanish language', 'Español', 'Castilian language', 'English language']","[""\nJennifer Lopez's native language is Spanish.""]",ans,1
P103_general_WESTERN_COUNTRIES_84,Georges Clemenceau,"['fra', 'fr', '(fr)', 'French language', 'French']","[""\nGeorges Clemenceau's native language was French.""]",ans,1
P103_general_WESTERN_COUNTRIES_86,Theresa May,"['en_gb', 'en-gb', 'eng', 'en_GB', 'UK English', 'United Kingdom English', 'BrE', 'English (United Kingdom)', 'en-GB', 'British English', 'en', 'English', 'English language']","[""\nTheresa May's native language is English.""]",ans,1
P103_general_WESTERN_COUNTRIES_88,Samuel Beckett,"['en', 'English', 'eng', 'English language']","[""\nSamuel Beckett's native language was English.""]",ans,1
P103_general_WESTERN_COUNTRIES_90,Bob Dylan,"['en', 'English', 'eng', 'English language']","[""\nBob Dylan's native language is English.""]",ans,1
P103_general_WESTERN_COUNTRIES_92,Daniel Cohn-Bendit,"['German', 'de', 'German language']","[""\nDaniel Cohn-Bendit's native language is German.""]",ans,1
P103_general_WESTERN_COUNTRIES_94,Justin Bieber,"['en_CA', 'eng', 'en_ca', 'Canadian English', 'en-ca', 'English (Canada)', 'en', 'English', 'en-CA', 'English language']","[""\nJustin Bieber's native language is English.""]",ans,1
P103_general_WESTERN_COUNTRIES_96,François Hollande,"['fra', 'fr', '(fr)', 'French language', 'French']","[""\nFrançois Hollande's native language is French.""]",ans,1
P103_general_WESTERN_COUNTRIES_98,Whitney Houston,"['en', 'English', 'eng', 'English language']","[""\nWhitney Houston's native language was English.""]",ans,1
P103_general_WESTERN_COUNTRIES_100,Ulysses S Grant,"['en', 'English', 'eng', 'English language']","[""\nUlysses S Grant's native language was English.""]",ans,1
P103_general_WESTERN_COUNTRIES_102,Ariana Grande,"['en', 'English', 'eng', 'English language']","[""\nAriana Grande's native language is English.""]",ans,1
P103_general_WESTERN_COUNTRIES_104,Honoré de Balzac,"['fra', 'fr', '(fr)', 'French language', 'French']","[""\nHonoré de Balzac's native language was French.""]",ans,1
P103_general_WESTERN_COUNTRIES_106,Joss Whedon,"['en', 'English', 'eng', 'English language']","[""\nJoss Whedon's native language is English.""]",ans,1
P103_general_WESTERN_COUNTRIES_108,John F. Kennedy,"['eng', 'en-us', 'en-US', 'AmE', 'United States English', 'U.S. English', 'US English', 'en', 'English', 'en_us', 'English (United States)', 'en_US', 'American English', 'English language']","[""\nJohn F. Kennedy's native language was English.""]",ans,1
P103_general_WESTERN_COUNTRIES_110,Avril Lavigne,"['en', 'English', 'eng', 'English language']","[""\nAvril Lavigne's native language is French.""]",ans,0
P103_general_WESTERN_COUNTRIES_112,Danica Patrick,"['eng', 'en-us', 'en-US', 'AmE', 'United States English', 'U.S. English', 'US English', 'en', 'English', 'en_us', 'English (United States)', 'en_US', 'American English', 'English language']","[""\nDanica Patrick's native language is English.""]",ans,1
P103_general_WESTERN_COUNTRIES_114,Christina Aguilera,"['en', 'English', 'eng', 'English language']","[""\nChristina Aguilera's native language is English.""]",ans,1
P103_general_WESTERN_COUNTRIES_116,John Cena,"['eng', 'en-us', 'en-US', 'AmE', 'United States English', 'U.S. English', 'US English', 'en', 'English', 'en_us', 'English (United States)', 'en_US', 'American English', 'English language']","[""\nJohn Cena's native language is English.""]",ans,1
P103_general_WESTERN_COUNTRIES_118,XXXTentacion,"['en', 'English', 'eng', 'English language']","[""\nXXXTentacion's native language was English.""]",ans,1
P103_general_WESTERN_COUNTRIES_120,Prince,"['en', 'English', 'eng', 'English language']","[""\nPrince's native language was English.""]",ans,1
P103_general_WESTERN_COUNTRIES_122,The Miz,"['en', 'English', 'eng', 'English language']","[""\nThe Miz's real name is Michael Gregory Mizanin and he was born in Parma, Ohio. His native language""]",ans,0
P103_general_WESTERN_COUNTRIES_124,Paris Hilton,"['en', 'English', 'eng', 'English language']","[""\nParis Hilton's native language is English.""]",ans,1
P103_general_WESTERN_COUNTRIES_126,Muhammad Ali,"['eng', 'en-us', 'en-US', 'AmE', 'United States English', 'U.S. English', 'US English', 'en', 'English', 'en_us', 'English (United States)', 'en_US', 'American English', 'English language']","[""\nMuhammad Ali's native language was English.""]",ans,1
P103_general_WESTERN_COUNTRIES_128,Justin Timberlake,"['en', 'English', 'eng', 'English language']","[""\nJustin Timberlake's native language is English.""]",ans,1
P103_general_WESTERN_COUNTRIES_130,Giorgia Meloni,"['Italian language', 'Italian', 'it', 'Italiano']","[""\nGiorgia Meloni's native language is Italian.""]",ans,1
P103_general_WESTERN_COUNTRIES_132,Benedict XVI,"['German', 'de', 'German language']","[""\nBenedict XVI's native language is German.""]",ans,1
P103_general_WESTERN_COUNTRIES_134,Jacques Villeneuve,"['fra', 'fr', '(fr)', 'French language', 'French']","[""\nJacques Villeneuve's native language is French.""]",ans,1
P103_general_WESTERN_COUNTRIES_136,Winston Churchill,"['en_gb', 'en-gb', 'eng', 'en_GB', 'UK English', 'United Kingdom English', 'BrE', 'English (United Kingdom)', 'en-GB', 'British English', 'en', 'English', 'English language']","[""\nWinston Churchill's native language was English.""]",ans,1
P103_general_WESTERN_COUNTRIES_138,Alicia Keys,"['en', 'English', 'eng', 'English language']","[""\nAlicia Keys' native language is English.""]",ans,1
P103_general_WESTERN_COUNTRIES_140,Jean-Marie Le Pen,"['fra', 'fr', '(fr)', 'French language', 'French']","[""\nJean-Marie Le Pen's native language is French.""]",ans,1
P103_general_WESTERN_COUNTRIES_142,Victor Hugo,"['fra', 'fr', '(fr)', 'French language', 'French']","[""\nVictor Hugo's native language was French.""]",ans,1
P103_general_WESTERN_COUNTRIES_144,Andrew Cuomo,"['en', 'English', 'eng', 'English language']","[""\nAndrew Cuomo's native language is English.""]",ans,1
P103_general_WESTERN_COUNTRIES_146,Elton John,"['en', 'English', 'eng', 'English language']","[""\nElton John's native language is English.""]",ans,1
P103_general_WESTERN_COUNTRIES_148,Wayne Rooney,"['en', 'English', 'eng', 'English language']","[""\nWayne Rooney's native language is English.""]",ans,1
P103_general_WESTERN_COUNTRIES_150,Giuseppe Conte,"['Italian language', 'Italian', 'it', 'Italiano']","[""\nGiuseppe Conte's native language is Italian.""]",ans,1
P103_general_WESTERN_COUNTRIES_152,Jeremy Lin,"['en', 'English', 'eng', 'English language']","[""\nJeremy Lin's native language is English.""]",ans,1
P103_general_WESTERN_COUNTRIES_154,Brett Kavanaugh,"['en', 'English', 'eng', 'English language']","[""\nBrett Kavanaugh's native language is English.""]",ans,1
P103_general_WESTERN_COUNTRIES_156,Pep Guardiola,"['Catalan language', 'Catalan', 'Valencià', 'Valencian language', 'Català', 'Valencian', 'ca', 'Catalan-Valencian-Balearic']","[""\nPep Guardiola's native language is Catalan.""]",ans,1
P103_general_WESTERN_COUNTRIES_158,John Kasich,"['en', 'English', 'eng', 'English language']","[""\nJohn Kasich's native language is English.""]",ans,1
P103_general_WESTERN_COUNTRIES_160,Bettino Craxi,"['Italian language', 'Italian', 'it', 'Italiano']","[""\nBettino Craxi's native language was Italian.""]",ans,1
P103_general_WESTERN_COUNTRIES_162,Ted Kennedy,"['eng', 'en-us', 'en-US', 'AmE', 'United States English', 'U.S. English', 'US English', 'en', 'English', 'en_us', 'English (United States)', 'en_US', 'American English', 'English language']","[""\nTed Kennedy's native language was English.""]",ans,1
P103_general_WESTERN_COUNTRIES_164,The Weeknd,"['eng', 'French-Canadian dialect', 'fra', 'fr', 'en', 'English', 'Canadian French', '(fr)', 'French language', 'French', 'English language']","[""\nThe Weeknd's native language is English.""]",ans,1
P103_general_WESTERN_COUNTRIES_166,Louis de Funès,"['fra', 'fr', '(fr)', 'French language', 'French']","[""\nLouis de Funès's native language was French.""]",ans,1
P103_general_WESTERN_COUNTRIES_168,Dwayne Johnson,"['eng', 'en-us', 'en-US', 'AmE', 'United States English', 'U.S. English', 'US English', 'en', 'English', 'en_us', 'English (United States)', 'en_US', 'American English', 'English language']","[""\nDwayne Johnson's native language is English.""]",ans,1
P103_general_WESTERN_COUNTRIES_170,Ronaldinho,"['Portuguese language', 'Portuguese', 'pt']","[""\nRonaldinho's native language is Portuguese.""]",ans,1
P103_general_WESTERN_COUNTRIES_172,Ed Sheeran,"['en_gb', 'en-gb', 'eng', 'en_GB', 'UK English', 'United Kingdom English', 'BrE', 'English (United Kingdom)', 'en-GB', 'British English', 'en', 'English', 'English language']","[""\nEd Sheeran's native language is English.""]",ans,1
P103_general_WESTERN_COUNTRIES_174,Harry S Truman,"['en', 'English', 'eng', 'English language']","[""\nHarry S Truman's native language was English.""]",ans,1
P103_general_WESTERN_COUNTRIES_176,Ronald Reagan,"['eng', 'en-us', 'en-US', 'AmE', 'United States English', 'U.S. English', 'US English', 'en', 'English', 'en_us', 'English (United States)', 'en_US', 'American English', 'English language']","[""\nRonald Reagan's native language was English.""]",ans,1
P103_general_WESTERN_COUNTRIES_178,Naya Rivera,"['en', 'English', 'eng', 'English language']","[""\nNaya Rivera's native language is Spanish.""]",ans,0
P103_general_WESTERN_COUNTRIES_180,Charles Lindbergh,"['eng', 'en-us', 'en-US', 'AmE', 'United States English', 'U.S. English', 'US English', 'en', 'English', 'en_us', 'English (United States)', 'en_US', 'American English', 'English language']","[""\nCharles Lindbergh's native language was English.""]",ans,1
P103_general_WESTERN_COUNTRIES_182,Charles-Maurice de Talleyrand-Périgord,"['fra', 'fr', '(fr)', 'French language', 'French']",['\nCharles-Maurice de Talleyrand-Périg'],ans,0
P103_general_WESTERN_COUNTRIES_184,"Meghan, Duchess of Sussex","['eng', 'en-us', 'en-US', 'AmE', 'United States English', 'U.S. English', 'US English', 'en', 'English', 'en_us', 'English (United States)', 'en_US', 'American English', 'English language']","[""\nMeghan, Duchess of Sussex's native language is English.""]",ans,1
P103_general_WESTERN_COUNTRIES_186,Joseph Bonaparte,"['fra', 'fr', '(fr)', 'French language', 'French']","[""\nJoseph Bonaparte's native language was French.""]",ans,1
P103_general_WESTERN_COUNTRIES_188,Al Gore,"['en', 'English', 'eng', 'English language']","[""\nAl Gore's native language is English.""]",ans,1
P103_general_WESTERN_COUNTRIES_190,Georg Wilhelm Friedrich Hegel,"['German', 'de', 'German language']","[""\nGeorg Wilhelm Friedrich Hegel's native language was German.""]",ans,1
P103_general_WESTERN_COUNTRIES_192,Marco Rubio,"['en', 'English', 'eng', 'English language']","[""\nMarco Rubio's native language is Spanish.""]",ans,0
P103_general_WESTERN_COUNTRIES_194,Cate Blanchett,"['en', 'English', 'eng', 'English language']","[""\nCate Blanchett's native language is English.""]",ans,1
P103_general_WESTERN_COUNTRIES_196,"William, Prince of Wales","['en_gb', 'en-gb', 'eng', 'en_GB', 'UK English', 'United Kingdom English', 'BrE', 'English (United Kingdom)', 'en-GB', 'British English', 'en', 'English', 'English language']","[""\nWilliam, Prince of Wales' native language is English.""]",ans,1
P103_general_WESTERN_COUNTRIES_198,Courtney Love,"['en', 'English', 'eng', 'English language']","[""\nCourtney Love's native language is English.""]",ans,1
P103_general_WESTERN_COUNTRIES_200,Lyndon B. Johnson,"['en', 'English', 'eng', 'English language']","[""\nLyndon B. Johnson's native language was English.""]",ans,1
P103_general_WESTERN_COUNTRIES_202,James Joyce,"['en', 'English', 'eng', 'English language']","[""\nJames Joyce's native language was English.""]",ans,1
P103_general_WESTERN_COUNTRIES_204,Rush Limbaugh,"['en', 'English', 'eng', 'English language']","[""\nRush Limbaugh's native language is English.""]",ans,1
P103_general_WESTERN_COUNTRIES_206,Arsène Wenger,"['fra', 'fr', '(fr)', 'French language', 'French']","[""\nArsène Wenger's native language is French.""]",ans,1
P103_general_WESTERN_COUNTRIES_208,Manuel Valls,"['Castilian', 'es', 'Spanish', 'Spanish language', 'Español', 'Castilian language']","[""\nManuel Valls' native language is Spanish.""]",ans,1
P103_general_WESTERN_COUNTRIES_210,Frank Lampard,"['en', 'English', 'eng', 'English language']","[""\nFrank Lampard's native language is English.""]",ans,1
P103_general_WESTERN_COUNTRIES_212,Billie Eilish,"['en', 'English', 'eng', 'English language']","[""\nBillie Eilish's native language is English.""]",ans,1
P103_general_WESTERN_COUNTRIES_214,Scarlett Johansson,"['eng', 'en-us', 'en-US', 'AmE', 'United States English', 'U.S. English', 'US English', 'en', 'English', 'en_us', 'English (United States)', 'en_US', 'American English', 'English language']","[""\nScarlett Johansson's native language is English.""]",ans,1
P103_general_WESTERN_COUNTRIES_216,John Kerry,"['en', 'English', 'eng', 'English language']","[""\nJohn Kerry's native language is English.""]",ans,1
P103_general_WESTERN_COUNTRIES_218,Boris Vian,"['fra', 'fr', '(fr)', 'French language', 'French']","[""\nBoris Vian's native language was French.""]",ans,1
P103_general_WESTERN_COUNTRIES_220,"""Weird Al"" Yankovic","['en', 'English', 'eng', 'English language']","['\nThe native language of ""Weird Al"" Yankovic is English.']",ans,1
P103_general_WESTERN_COUNTRIES_222,Adam Lambert,"['eng', 'en-us', 'en-US', 'AmE', 'United States English', 'U.S. English', 'US English', 'en', 'English', 'en_us', 'English (United States)', 'en_US', 'American English', 'English language']","[""\nAdam Lambert's native language is English.""]",ans,1
P103_general_WESTERN_COUNTRIES_224,Anne Hidalgo,"['Castilian', 'fra', 'es', 'fr', 'Spanish', '(fr)', 'French language', 'Spanish language', 'Español', 'Castilian language', 'French']","[""\nAnne Hidalgo's native language is Spanish.""]",ans,1
P103_general_WESTERN_COUNTRIES_226,Amy Winehouse,"['en', 'English', 'eng', 'English language']","[""\nAmy Winehouse's native language was English.""]",ans,1
P103_general_WESTERN_COUNTRIES_228,Van Morrison,"['en', 'English', 'eng', 'English language']","[""\nVan Morrison's native language is English.""]",ans,1
P103_general_WESTERN_COUNTRIES_230,John Green,"['en', 'English', 'eng', 'English language']","[""\nJohn Green's native language is English.""]",ans,1
P103_general_WESTERN_COUNTRIES_232,Keir Starmer,"['en', 'English', 'eng', 'English language']","[""\nKeir Starmer's native language is English.""]",ans,1
P103_general_WESTERN_COUNTRIES_234,Akshay Kumar,"['Panjabi', 'Panjabi language', 'Punjabi language', 'Punjabi']","[""\nAkshay Kumar's native language is Punjabi.""]",ans,1
P103_general_WESTERN_COUNTRIES_236,Dua Lipa,"['sq', 'Albanian', 'Shqip', 'Albanian language']","[""\nDua Lipa's native language is Albanian.""]",ans,1
P103_general_WESTERN_COUNTRIES_238,Jeff Bezos,"['en', 'English', 'eng', 'English language']","[""\nJeff Bezos's native language is English.""]",ans,1
P103_general_WESTERN_COUNTRIES_240,Nicole Kidman,"['en', 'English', 'eng', 'English language']","[""\nNicole Kidman's native language is English.""]",ans,1
P103_general_WESTERN_COUNTRIES_242,Richard Nixon,"['en', 'English', 'eng', 'English language']","[""\nRichard Nixon's native language was English.""]",ans,1
P103_general_WESTERN_COUNTRIES_244,John Maynard Keynes,"['en', 'English', 'eng', 'English language']","[""\nJohn Maynard Keynes' native language was English.""]",ans,1
P103_general_WESTERN_COUNTRIES_246,Simón Bolívar,"['Castilian', 'es', 'Spanish', 'Spanish language', 'Español', 'Castilian language']","[""\nSimón Bolívar's native language was Spanish.""]",ans,1
P103_general_WESTERN_COUNTRIES_248,Noam Chomsky,"['eng', 'en-us', 'en-US', 'AmE', 'United States English', 'U.S. English', 'US English', 'en', 'English', 'en_us', 'English (United States)', 'en_US', 'American English', 'English language']","[""\nNoam Chomsky's native language is English.""]",ans,1
P103_general_WESTERN_COUNTRIES_250,Liz Truss,"['en', 'English', 'eng', 'English language']","[""\nLiz Truss's native language is English.""]",ans,1
P103_general_WESTERN_COUNTRIES_252,Isaac Asimov,"['Idish', 'Judeo-German', 'German language', 'Yidish Taytsh', 'yi', 'Yiddish language', 'Yiddish', 'German', 'de', 'Ashkenazish language', 'Yidish', 'Judaeo-German', 'Yidish-Taitsh']","['\nIsaac Asimov was born in Petrovichi, Russia, and his native language was Russian.']",ans,0
P103_general_WESTERN_COUNTRIES_254,Meryl Streep,"['en', 'English', 'eng', 'English language']","[""\nMeryl Streep's native language is English.""]",ans,1
P103_general_WESTERN_COUNTRIES_256,Linda Ronstadt,"['en', 'English', 'eng', 'English language']","[""\nLinda Ronstadt's native language is English.""]",ans,1
P103_general_WESTERN_COUNTRIES_258,Pablo Picasso,"['Castilian', 'es', 'Spanish', 'Spanish language', 'Español', 'Castilian language']","[""\nPablo Picasso's native language was Spanish.""]",ans,1
P103_general_WESTERN_COUNTRIES_260,Aaron Swartz,"['en', 'English', 'eng', 'English language']","['\nAaron Swartz was born in Chicago, Illinois, United States. His native language was English.']",ans,1
P103_general_WESTERN_COUNTRIES_262,Stephen Hawking,"['en', 'English', 'eng', 'English language']","[""\nStephen Hawking's native language is English.""]",ans,1
P103_general_WESTERN_COUNTRIES_264,Woody Allen,"['en', 'English', 'eng', 'English language']","[""\nWoody Allen's native language is English.""]",ans,1
P103_general_WESTERN_COUNTRIES_266,George Orwell,"['en', 'English', 'eng', 'English language']","[""\nGeorge Orwell's native language was English.""]",ans,1
P103_general_WESTERN_COUNTRIES_268,Bray Wyatt,"['en', 'English', 'eng', 'English language']","[""\nBray Wyatt's native language is English.""]",ans,1
P103_general_WESTERN_COUNTRIES_270,Yoko Ono,"['Japanese', 'jp', 'ja', 'Japanese language', 'Nihongo', 'jpn']","[""\nYoko Ono's native language is Japanese.""]",ans,1
P103_general_WESTERN_COUNTRIES_272,Lauryn Hill,"['en', 'English', 'eng', 'English language']","[""\nLauryn Hill's native language is English.""]",ans,1
P103_general_WESTERN_COUNTRIES_274,Halsey,"['eng', 'en-us', 'en-US', 'AmE', 'United States English', 'U.S. English', 'US English', 'en', 'English', 'en_us', 'English (United States)', 'en_US', 'American English', 'English language']","[""\nHalsey's native language is English.""]",ans,1
P103_general_WESTERN_COUNTRIES_276,Sebastian Vettel,"['German', 'de', 'German language']","[""\nSebastian Vettel's native language is German.""]",ans,1
P103_general_WESTERN_COUNTRIES_278,Mitch McConnell,"['en', 'English', 'eng', 'English language']","[""\nMitch McConnell's native language is English.""]",ans,1
P103_general_WESTERN_COUNTRIES_280,Elizabeth Warren,"['eng', 'en-us', 'en-US', 'AmE', 'United States English', 'U.S. English', 'US English', 'en', 'English', 'en_us', 'English (United States)', 'en_US', 'American English', 'English language']","[""\nElizabeth Warren's native language is English.""]",ans,1
P103_general_WESTERN_COUNTRIES_282,Kylian Mbappé,"['fra', 'fr', '(fr)', 'French language', 'French']","[""\nKylian Mbappé's native language is French.""]",ans,1
P103_general_WESTERN_COUNTRIES_284,George Soros,"['Hungarian', 'Hungarian language', 'hu']","[""\nGeorge Soros' native language is Hungarian.""]",ans,1
P103_general_WESTERN_COUNTRIES_286,F. Scott Fitzgerald,"['en', 'English', 'eng', 'English language']","[""\nF. Scott Fitzgerald's native language was English.""]",ans,1
P103_general_WESTERN_COUNTRIES_288,Lewis Milestone,"['en', 'English', 'eng', 'English language']","[""\nLewis Milestone's native language was Russian.""]",ans,0
P103_general_WESTERN_COUNTRIES_290,Frederick Douglass,"['en', 'English', 'eng', 'English language']","['\nFrederick Douglass was born into slavery in Maryland, United States. He did not have a native language as he was']",ans,0
P103_general_WESTERN_COUNTRIES_292,Rob Gronkowski,"['en', 'English', 'eng', 'English language']","[""\nRob Gronkowski's native language is English.""]",ans,1
P103_general_WESTERN_COUNTRIES_294,Kane,"['en', 'English', 'eng', 'English language']","[""\nKane's native language is English.""]",ans,1
P103_general_WESTERN_COUNTRIES_296,David Attenborough,"['en', 'English', 'eng', 'English language']","[""\nDavid Attenborough's native language is English.""]",ans,1
P103_general_WESTERN_COUNTRIES_298,Ted Bundy,"['en', 'English', 'eng', 'English language']","['\nTed Bundy was born in Burlington, Vermont, United States. His native language was English.']",ans,1
P103_general_WESTERN_COUNTRIES_300,Pete Buttigieg,"['en', 'English', 'eng', 'English language']","[""\nPete Buttigieg's native language is English.""]",ans,1
P103_general_WESTERN_COUNTRIES_302,John Adams,"['en', 'English', 'eng', 'English language']","[""\nJohn Adams' native language was English.""]",ans,1
P103_general_WESTERN_COUNTRIES_304,Catherine Deneuve,"['fra', 'fr', '(fr)', 'French language', 'French']","[""\nCatherine Deneuve's native language is French.""]",ans,1
P103_general_WESTERN_COUNTRIES_306,George H. W. Bush,"['en', 'English', 'eng', 'English language']","[""\nGeorge H. W. Bush's native language is English.""]",ans,1
P103_general_WESTERN_COUNTRIES_308,Charles XIV John of Sweden,"['fra', 'fr', '(fr)', 'French language', 'French']","[""\nCharles XIV John of Sweden's native language was Swedish.""]",ans,0
P103_general_WESTERN_COUNTRIES_310,Dirk Nowitzki,"['German', 'de', 'German language']","[""\nDirk Nowitzki's native language is German.""]",ans,1
P103_general_WESTERN_COUNTRIES_312,Michael Bloomberg,"['en', 'English', 'eng', 'English language']","[""\nMichael Bloomberg's native language is English.""]",ans,1
P103_general_WESTERN_COUNTRIES_314,Mauricio Macri,"['Castilian', 'es', 'Spanish', 'Spanish language', 'Español', 'Castilian language']","[""\nMauricio Macri's native language is Spanish.""]",ans,1
P103_general_WESTERN_COUNTRIES_316,Pierre Trudeau,"['fra', 'fr', '(fr)', 'French language', 'French']","[""\nPierre Trudeau's native language was French.""]",ans,1
P103_general_WESTERN_COUNTRIES_318,Emily Ratajkowski,"['en', 'English', 'eng', 'English language']","[""\nEmily Ratajkowski's native language is English.""]",ans,1
P103_general_WESTERN_COUNTRIES_320,Gerald Ford,"['en', 'English', 'eng', 'English language']","[""\nGerald Ford's native language was English.""]",ans,1
P103_general_WESTERN_COUNTRIES_322,Stephen Colbert,"['en', 'English', 'eng', 'English language']","[""\nStephen Colbert's native language is English.""]",ans,1
P103_general_WESTERN_COUNTRIES_324,Jean-Paul Sartre,"['fra', 'fr', '(fr)', 'French language', 'French']","[""\nJean-Paul Sartre's native language was French.""]",ans,1
P103_general_WESTERN_COUNTRIES_326,Captain Marvel,"['eng', 'en-us', 'en-US', 'AmE', 'United States English', 'U.S. English', 'US English', 'en', 'English', 'en_us', 'English (United States)', 'en_US', 'American English', 'English language']","[""\nCaptain Marvel's native language is Kree.""]",ans,0
P103_general_WESTERN_COUNTRIES_328,Mina,"['Italian language', 'Italian', 'it', 'Italiano']","[""\nI'm sorry, I cannot answer that question as Mina is a fictional character and does not have a specific native language.""]",unk,0
P103_general_WESTERN_COUNTRIES_330,Kevin Durant,"['en', 'English', 'eng', 'English language']","[""\nKevin Durant's native language is English.""]",ans,1
P103_general_WESTERN_COUNTRIES_332,Bill Russell,"['en', 'English', 'eng', 'English language']","[""\nBill Russell's native language is English.""]",ans,1
P103_general_WESTERN_COUNTRIES_334,Jacqueline Kennedy Onassis,"['eng', 'en-us', 'en-US', 'AmE', 'United States English', 'U.S. English', 'US English', 'en', 'English', 'en_us', 'English (United States)', 'en_US', 'American English', 'English language']","[""\nJacqueline Kennedy Onassis's native language was English.""]",ans,1
P103_general_WESTERN_COUNTRIES_336,John Morrison,"['en', 'English', 'eng', 'English language']","[""\nJohn Morrison's native language is English.""]",ans,1
P103_general_WESTERN_COUNTRIES_338,"Camilla, Queen Consort","['en_gb', 'en-gb', 'eng', 'en_GB', 'UK English', 'United Kingdom English', 'BrE', 'English (United Kingdom)', 'en-GB', 'British English', 'en', 'English', 'English language']","[""\nCamilla, Queen Consort's native language is English.""]",ans,1
P103_general_WESTERN_COUNTRIES_340,Olivier Giroud,"['fra', 'fr', '(fr)', 'French language', 'French']","[""\nOlivier Giroud's native language is French.""]",ans,1
P103_general_WESTERN_COUNTRIES_342,Charlie Chaplin,"['en', 'English', 'eng', 'English language']","[""\nCharlie Chaplin's native language was English.""]",ans,1
P103_general_WESTERN_COUNTRIES_344,Sergio Mattarella,"['Italian language', 'Italian', 'it', 'Italiano']","[""\nSergio Mattarella's native language is Italian.""]",ans,1
P103_general_WESTERN_COUNTRIES_346,Leopold I of Belgium,"['fra', 'fr', '(fr)', 'French language', 'French']","['\nLeopold I of Belgium was born in Brussels, which was then part of the Austrian Empire, and his native language']",ans,0
P103_general_WESTERN_COUNTRIES_348,Rob Van Dam,"['en', 'English', 'eng', 'English language']","[""\nRob Van Dam's native language is Dutch.""]",ans,0
P103_general_WESTERN_COUNTRIES_350,Mike Pompeo,"['en', 'English', 'eng', 'English language']","[""\nMike Pompeo's native language is English.""]",ans,1
P103_general_WESTERN_COUNTRIES_352,Tina Turner,"['en', 'English', 'eng', 'English language']","[""\nTina Turner's native language is English.""]",ans,1
P103_general_WESTERN_COUNTRIES_354,Paul Wight,"['en', 'English', 'eng', 'English language']","[""\nPaul Wight's native language is English.""]",ans,1
P103_general_WESTERN_COUNTRIES_356,Jay Park,"['en', 'English', 'eng', 'English language']","[""\nJay Park's native language is Korean.""]",ans,0
P103_general_WESTERN_COUNTRIES_358,Jacques Ellul,"['fra', 'fr', '(fr)', 'French language', 'French']","[""\nJacques Ellul's native language was French.""]",ans,1
P103_general_WESTERN_COUNTRIES_360,Ségolène Royal,"['fra', 'fr', '(fr)', 'French language', 'French']","[""\nSégolène Royal's native language is French.""]",ans,1
P103_general_WESTERN_COUNTRIES_362,Jackie Evancho,"['en', 'English', 'eng', 'English language']","[""\nJackie Evancho's native language is English.""]",ans,1
P103_general_WESTERN_COUNTRIES_364,Mervyn LeRoy,"['en', 'English', 'eng', 'English language']","[""\nMervyn LeRoy's native language was English.""]",ans,1
P103_general_WESTERN_COUNTRIES_366,Alain Juppé,"['fra', 'fr', '(fr)', 'French language', 'French']","[""\nAlain Juppé's native language is French.""]",ans,1
P103_general_WESTERN_COUNTRIES_368,Neil Armstrong,"['en', 'English', 'eng', 'English language']","[""\nNeil Armstrong's native language was English.""]",ans,1
P103_general_WESTERN_COUNTRIES_370,Triple H,"['en', 'English', 'eng', 'English language']","[""\nTriple H's native language is English.""]",ans,1
P103_general_WESTERN_COUNTRIES_372,Superman,"['eng', 'en-us', 'en-US', 'AmE', 'United States English', 'U.S. English', 'US English', 'en', 'English', 'en_us', 'English (United States)', 'en_US', 'American English', 'English language']","[""\nSuperman's native language is Kryptonian.""]",ans,0
P103_general_WESTERN_COUNTRIES_374,Jay-Z,"['en', 'English', 'eng', 'English language']","[""\nJay-Z's native language is American English.""]",ans,1
P103_general_WESTERN_COUNTRIES_376,Morgan Freeman,"['en', 'English', 'eng', 'English language']","[""\nMorgan Freeman's native language is English.""]",ans,1
P103_general_WESTERN_COUNTRIES_378,Ron Paul,"['en', 'English', 'eng', 'English language']","[""\nRon Paul's native language is English.""]",ans,1
P103_general_WESTERN_COUNTRIES_380,Robert Pattinson,"['en_gb', 'en-gb', 'eng', 'en_GB', 'UK English', 'United Kingdom English', 'BrE', 'English (United Kingdom)', 'en-GB', 'British English', 'en', 'English', 'English language']","[""\nRobert Pattinson's native language is English.""]",ans,1
P103_general_WESTERN_COUNTRIES_382,Bobby Lashley,"['en', 'English', 'eng', 'English language']","[""\nBobby Lashley's native language is English.""]",ans,1
P103_general_WESTERN_COUNTRIES_384,Jonathan Groff,"['eng', 'en-us', 'en-US', 'AmE', 'United States English', 'U.S. English', 'US English', 'en', 'English', 'en_us', 'English (United States)', 'en_US', 'American English', 'English language']","[""\nJonathan Groff's native language is English.""]",ans,1
P103_general_WESTERN_COUNTRIES_386,Bruce Lee,"['Yüeh', 'Standard Cantonese', 'Cantonese language', 'yue', 'zh-yue', '中文', 'yueh', 'Yue', 'Yue-Yu', 'Chinese language', 'Cantonese', 'Chinese', 'zh', 'Yue-Yuu', 'Cantonese dialect', 'Yue Chinese', 'Chinese languages']","[""\nBruce Lee's native language was Cantonese.""]",ans,1
P103_general_WESTERN_COUNTRIES_388,T.I.,"['en', 'English', 'eng', 'English language']","[""\nT.I.'s native language is English.""]",ans,1
P103_general_WESTERN_COUNTRIES_390,Mick Foley,"['en', 'English', 'eng', 'English language']","[""\nMick Foley's native language is English.""]",ans,1
P103_general_WESTERN_COUNTRIES_392,Stephen Hendry,"['en', 'English', 'eng', 'English language']","[""\nStephen Hendry's native language is English.""]",ans,1
P103_general_WESTERN_COUNTRIES_394,Agatha Christie,"['en', 'English', 'eng', 'English language']","[""\nAgatha Christie's native language was English.""]",ans,1
P103_general_WESTERN_COUNTRIES_396,Paul Robeson,"['en', 'English', 'eng', 'English language']","[""\nPaul Robeson's native language was English.""]",ans,1
P103_general_WESTERN_COUNTRIES_398,Pau Gasol,"['Catalan language', 'Catalan', 'Valencià', 'Valencian language', 'Català', 'Valencian', 'ca', 'Catalan-Valencian-Balearic']","[""\nPau Gasol's native language is Spanish.""]",ans,0
P103_general_WESTERN_COUNTRIES_400,Cary Grant,"['en', 'English', 'eng', 'English language']","[""\nCary Grant's native language was English.""]",ans,1
P103_general_WESTERN_COUNTRIES_402,William Shatner,"['en', 'English', 'eng', 'English language']","[""\nWilliam Shatner's native language is English.""]",ans,1
P103_general_WESTERN_COUNTRIES_404,Kareem Abdul-Jabbar,"['en', 'English', 'eng', 'English language']","[""\nKareem Abdul-Jabbar's native language is Arabic.""]",ans,0
P103_general_WESTERN_COUNTRIES_406,Princess Anne Élisabeth of France,"['fra', 'fr', '(fr)', 'French language', 'French']","['\nPrincess Anne Élisabeth of France was born in 1666 in Paris, France. Therefore,']",ans,0
P103_general_WESTERN_COUNTRIES_408,Michelle Obama,"['en', 'English', 'eng', 'English language']","[""\nMichelle Obama's native language is English.""]",ans,1
P103_general_WESTERN_COUNTRIES_410,Talcott Parsons,"['en', 'English', 'eng', 'English language']","['\nTalcott Parsons was born in Colorado, United States, so his native language was English.']",ans,1
P103_general_WESTERN_COUNTRIES_412,Brodie Lee,"['en', 'English', 'eng', 'English language']","[""\nBrodie Lee's native language is English.""]",ans,1
P103_general_WESTERN_COUNTRIES_414,Nikola Tesla,"['Bosnian-Croatian-Serbian', 'Serbo-Croat', 'Serbo-Croatian', 'Bosnian-Croatian-Montenegrin-Serbian', 'Serbo-Croat-Bosnian', 'BHS', 'sh', 'Serbo-Croatian language']","[""\nNikola Tesla's native language was Serbian.""]",ans,0
P103_general_WESTERN_COUNTRIES_416,Woodrow Wilson,"['en', 'English', 'eng', 'English language']","[""\nWoodrow Wilson's native language was English.""]",ans,1
P103_general_WESTERN_COUNTRIES_418,Sasha Banks,"['en', 'English', 'eng', 'English language']","[""\nSasha Banks' native language is English.""]",ans,1
P103_general_WESTERN_COUNTRIES_420,Keanu Reeves,"['en', 'English', 'eng', 'English language']","[""\nKeanu Reeves' native language is English.""]",ans,1
P103_general_WESTERN_COUNTRIES_422,André Malraux,"['fra', 'fr', '(fr)', 'French language', 'French']","[""\nAndré Malraux's native language was French.""]",ans,1
P103_general_WESTERN_COUNTRIES_424,René Descartes,"['fra', 'fr', '(fr)', 'French language', 'French']","['\nRené Descartes was born in La Haye, Touraine, France, so his native language was']",ans,0
P103_general_WESTERN_COUNTRIES_426,Freddie Mercury,"['en', 'English', 'eng', 'English language']","[""\nFreddie Mercury's native language was Gujarati.""]",ans,0
P103_general_WESTERN_COUNTRIES_428,Dana Rohrabacher,"['en', 'English', 'eng', 'English language']","[""\nDana Rohrabacher's native language is English.""]",ans,1
P103_general_WESTERN_COUNTRIES_430,Malcolm X,"['en', 'English', 'eng', 'English language']","[""\nMalcolm X's native language was English.""]",ans,1
P103_general_WESTERN_COUNTRIES_432,Serge Gainsbourg,"['fra', 'fr', '(fr)', 'French language', 'French']","[""\nSerge Gainsbourg's native language was French.""]",ans,1
P103_general_WESTERN_COUNTRIES_434,Beto O'Rourke,"['eng', 'en-us', 'en-US', 'AmE', 'United States English', 'U.S. English', 'US English', 'en', 'English', 'en_us', 'English (United States)', 'en_US', 'American English', 'English language']","[""\nBeto O'Rourke's native language is English.""]",ans,1
P103_general_WESTERN_COUNTRIES_436,Javier Fernández,"['Castilian', 'es', 'Spanish', 'Spanish language', 'Español', 'Castilian language']","['\nJavier Fernández is a Spanish figure skater. Therefore, his native language is Spanish.']",ans,1
P103_general_WESTERN_COUNTRIES_438,Pierre-Joseph Proudhon,"['fra', 'fr', '(fr)', 'French language', 'French']","[""\nPierre-Joseph Proudhon's native language was French.""]",ans,1
P103_general_WESTERN_COUNTRIES_440,Ben Carson,"['eng', 'en-us', 'en-US', 'AmE', 'United States English', 'U.S. English', 'US English', 'en', 'English', 'en_us', 'English (United States)', 'en_US', 'American English', 'English language']","[""\nBen Carson's native language is English.""]",ans,1
P103_general_WESTERN_COUNTRIES_442,Joseph McCarthy,"['en', 'English', 'eng', 'English language']",['\nJoseph McCarthy was born in the United States and his native language was English.'],ans,1
P103_general_WESTERN_COUNTRIES_444,Harley Quinn,"['eng', 'en-us', 'en-US', 'AmE', 'United States English', 'U.S. English', 'US English', 'en', 'English', 'en_us', 'English (United States)', 'en_US', 'American English', 'English language']","[""\nHarley Quinn's native language is English.""]",ans,1
P103_general_WESTERN_COUNTRIES_446,Selena,"['eng', 'en-us', 'en-US', 'AmE', 'United States English', 'U.S. English', 'US English', 'en', 'English', 'en_us', 'English (United States)', 'en_US', 'American English', 'English language']","[""\nSelena's native language was English.""]",ans,1
P103_general_WESTERN_COUNTRIES_448,Johanna Konta,"['eng', 'en', 'English', 'Hungarian language', 'Hungarian', 'English language', 'hu']","[""\nJohanna Konta's native language is Hungarian.""]",ans,1
P103_general_WESTERN_COUNTRIES_450,Carlo Ancelotti,"['Italian language', 'Italian', 'it', 'Italiano']","[""\nCarlo Ancelotti's native language is Italian.""]",ans,1
P103_general_WESTERN_COUNTRIES_452,Amber Heard,"['en', 'English', 'eng', 'English language']","[""\nAmber Heard's native language is English.""]",ans,1
P103_general_WESTERN_COUNTRIES_454,Sébastien Le Prestre de Vauban,"['fra', 'fr', '(fr)', 'French language', 'French']",['\nSébastien Le Prestre de Vauban was born in Saint-L'],ans,0
P103_general_WESTERN_COUNTRIES_456,Eleanor Roosevelt,"['eng', 'en-us', 'en-US', 'AmE', 'United States English', 'U.S. English', 'US English', 'en', 'English', 'en_us', 'English (United States)', 'en_US', 'American English', 'English language']","[""\nEleanor Roosevelt's native language was English.""]",ans,1
P103_general_WESTERN_COUNTRIES_458,John V of Portugal,"['Portuguese language', 'Portuguese', 'pt']","['\nJohn V of Portugal was born in Lisbon, Portugal, so his native language was Portuguese.']",ans,1
P103_general_WESTERN_COUNTRIES_460,Seth MacFarlane,"['en', 'English', 'eng', 'English language']","[""\nSeth MacFarlane's native language is English.""]",ans,1
P103_general_WESTERN_COUNTRIES_462,Jean Marais,"['fra', 'fr', '(fr)', 'French language', 'French']",['\nJean Marais was a French actor and writer. His native language was French.'],ans,1
P103_general_WESTERN_COUNTRIES_464,Jennifer Lawrence,"['en', 'English', 'eng', 'English language']","[""\nJennifer Lawrence's native language is English.""]",ans,1
P103_general_WESTERN_COUNTRIES_466,Sebastian Kurz,"['österreichisches Deutsch', 'Austria/Language', 'German language', 'Austrian-German', 'Austrian Standard German', 'Austrian German language', 'de_AT', 'AustriaLanguage', 'German', 'de', 'Austrian accent', 'Austrian Dialect', 'Austrian German', 'de-at', 'Austrian language']","[""\nSebastian Kurz's native language is German.""]",ans,1
P103_general_WESTERN_COUNTRIES_468,Paolo Villaggio,"['Italian language', 'Italian', 'it', 'Italiano']","[""\nPaolo Villaggio's native language is Italian.""]",ans,1
P103_general_WESTERN_COUNTRIES_470,William Howard Taft,"['en', 'English', 'eng', 'English language']","[""\nWilliam Howard Taft's native language was English.""]",ans,1
P103_general_WESTERN_COUNTRIES_472,Bertrand Russell,"['en', 'English', 'eng', 'English language']","[""\nBertrand Russell's native language was English.""]",ans,1
P103_general_WESTERN_COUNTRIES_474,Amy Adams,"['en', 'English', 'eng', 'English language']","[""\nAmy Adams' native language is English.""]",ans,1
P103_general_WESTERN_COUNTRIES_476,Jürgen Klopp,"['German', 'de', 'German language']","[""\nJürgen Klopp's native language is German.""]",ans,1
P103_general_WESTERN_COUNTRIES_478,Jean-Luc Godard,"['fra', 'fr', '(fr)', 'French language', 'French']","[""\nJean-Luc Godard's native language is French.""]",ans,1
P103_general_WESTERN_COUNTRIES_480,Joaquin Phoenix,"['en', 'English', 'eng', 'English language']","[""\nJoaquin Phoenix's native language is English.""]",ans,1
P103_general_WESTERN_COUNTRIES_482,Dennis Rodman,"['en', 'English', 'eng', 'English language']","[""\nDennis Rodman's native language is English.""]",ans,1
P103_general_WESTERN_COUNTRIES_484,Hilary Duff,"['en', 'English', 'eng', 'English language']","[""\nHilary Duff's native language is English.""]",ans,1
P103_general_WESTERN_COUNTRIES_486,Thomas Tuchel,"['German', 'de', 'German language']","[""\nThomas Tuchel's native language is German.""]",ans,1
P103_general_WESTERN_COUNTRIES_488,Robert Oppenheimer,"['en', 'English', 'eng', 'English language']","[""\nRobert Oppenheimer's native language was English.""]",ans,1
P103_general_WESTERN_COUNTRIES_490,Anne Heche,"['en', 'English', 'eng', 'English language']","[""\nAnne Heche's native language is English.""]",ans,1
P103_general_WESTERN_COUNTRIES_492,Stone Cold Steve Austin,"['en', 'English', 'eng', 'English language']","[""\nStone Cold Steve Austin's native language is English.""]",ans,1
P103_general_WESTERN_COUNTRIES_494,Kurt Cobain,"['en', 'English', 'eng', 'English language']","[""\nKurt Cobain's native language was English.""]",ans,1
P103_general_WESTERN_COUNTRIES_496,Nicole Scherzinger,"['en', 'English', 'eng', 'English language']","[""\nNicole Scherzinger's native language is English.""]",ans,1
P103_general_WESTERN_COUNTRIES_498,Lil' Kim,"['en', 'English', 'eng', 'English language']","[""\nLil' Kim's native language is English.""]",ans,1
P103_general_WESTERN_COUNTRIES_500,Sarah Bernhardt,"['br', 'Breton language', 'Breton', 'bre', 'Brezhoneg']","['\nSarah Bernhardt was born in Paris, France, so her native language was French.']",ans,0
P103_general_WESTERN_COUNTRIES_502,Samantha Stosur,"['en', 'English', 'eng', 'English language']","[""\nSamantha Stosur's native language is English.""]",ans,1
P103_general_WESTERN_COUNTRIES_504,Jill Biden,"['en', 'English', 'eng', 'English language']","[""\nJill Biden's native language is English.""]",ans,1
P103_general_WESTERN_COUNTRIES_506,"Prince Philip, Duke of Edinburgh","['en', 'English', 'eng', 'English language']","[""\nPrince Philip's native language is English.""]",ans,1
P103_general_WESTERN_COUNTRIES_508,Rick Scott,"['en', 'English', 'eng', 'English language']","[""\nRick Scott's native language is English.""]",ans,1
P103_general_WESTERN_COUNTRIES_510,George R. R. Martin,"['en', 'English', 'eng', 'English language']","[""\nGeorge R. R. Martin's native language is English.""]",ans,1
P103_general_WESTERN_COUNTRIES_512,Willie Nelson,"['en', 'English', 'eng', 'English language']","[""\nWillie Nelson's native language is English.""]",ans,1
P103_general_WESTERN_COUNTRIES_514,Auguste de Marmont,"['fra', 'fr', '(fr)', 'French language', 'French']","['\nAuguste de Marmont was born in Paris, France, so his native language was French.']",ans,1
P103_general_WESTERN_COUNTRIES_516,Dan Wheldon,"['en_gb', 'en-gb', 'eng', 'en_GB', 'UK English', 'United Kingdom English', 'BrE', 'English (United Kingdom)', 'en-GB', 'British English', 'en', 'English', 'English language']","['\nDan Wheldon was born in Emberton, Buckinghamshire, England, so his native language is English.']",ans,1
P103_general_WESTERN_COUNTRIES_518,Stan Lee,"['eng', 'en-us', 'en-US', 'AmE', 'United States English', 'U.S. English', 'US English', 'en', 'English', 'en_us', 'English (United States)', 'en_US', 'American English', 'English language']","[""\nStan Lee's native language was English.""]",ans,1
P103_general_WESTERN_COUNTRIES_520,Bradley Cooper,"['en', 'English', 'eng', 'English language']","[""\nBradley Cooper's native language is English.""]",ans,1
P103_general_WESTERN_COUNTRIES_522,Henry Winkler,"['en', 'English', 'eng', 'English language']","[""\nHenry Winkler's native language is English.""]",ans,1
P103_general_WESTERN_COUNTRIES_524,James Milner,"['en', 'English', 'eng', 'English language']","[""\nJames Milner's native language is English.""]",ans,1
P103_general_WESTERN_COUNTRIES_526,Jean-Michel Basquiat,"['en', 'English', 'eng', 'English language']","['\nJean-Michel Basquiat was born in Brooklyn, New York City, to a Haitian father and']",ans,0
P103_general_WESTERN_COUNTRIES_528,Colleen Ballinger,"['en', 'English', 'eng', 'English language']","[""\nColleen Ballinger's native language is English.""]",ans,1
P103_general_WESTERN_COUNTRIES_530,Warren G. Harding,"['en', 'English', 'eng', 'English language']","[""\nWarren G. Harding's native language was English.""]",ans,1
P103_general_WESTERN_COUNTRIES_532,Louis-Ferdinand Céline,"['fra', 'fr', '(fr)', 'French language', 'French']","[""\nLouis-Ferdinand Céline's native language was French.""]",ans,1
P103_general_WESTERN_COUNTRIES_534,Christopher Hitchens,"['en_gb', 'en-gb', 'eng', 'en_GB', 'UK English', 'United Kingdom English', 'BrE', 'English (United Kingdom)', 'en-GB', 'British English', 'en', 'English', 'English language']","['\nChristopher Hitchens was born in Portsmouth, England and his native language was English.']",ans,1
P103_general_WESTERN_COUNTRIES_536,Bernard Madoff,"['en', 'English', 'eng', 'English language']","['\nBernard Madoff was born in Queens, New York City, United States, so his native language is English']",ans,1
P103_general_WESTERN_COUNTRIES_538,Rishi Sunak,"['en', 'English', 'eng', 'English language']","[""\nRishi Sunak's native language is English.""]",ans,1
P103_general_WESTERN_COUNTRIES_540,George Michael,"['en', 'English', 'eng', 'English language']","[""\nGeorge Michael's native language was Greek.""]",ans,0
P103_general_WESTERN_COUNTRIES_542,John Fetterman,"['eng', 'en-us', 'en-US', 'AmE', 'United States English', 'U.S. English', 'US English', 'en', 'English', 'en_us', 'English (United States)', 'en_US', 'American English', 'English language']","[""\nJohn Fetterman's native language is English.""]",ans,1
P103_general_WESTERN_COUNTRIES_544,Benedict Cumberbatch,"['en_gb', 'en-gb', 'eng', 'en_GB', 'UK English', 'United Kingdom English', 'BrE', 'English (United Kingdom)', 'en-GB', 'British English', 'en', 'English', 'English language']","[""\nBenedict Cumberbatch's native language is English.""]",ans,1
P103_general_WESTERN_COUNTRIES_546,Palmiro Togliatti,"['Italian language', 'Italian', 'it', 'Italiano']","[""\nPalmiro Togliatti's native language was Italian.""]",ans,1
P103_general_WESTERN_COUNTRIES_548,Emma Watson,"['en_gb', 'en-gb', 'eng', 'en_GB', 'UK English', 'United Kingdom English', 'BrE', 'English (United Kingdom)', 'en-GB', 'British English', 'en', 'English', 'English language']","[""\nEmma Watson's native language is English.""]",ans,1
P103_general_WESTERN_COUNTRIES_550,Chance the Rapper,"['en', 'English', 'eng', 'English language']","[""\nChance the Rapper's native language is English.""]",ans,1
P103_general_WESTERN_COUNTRIES_552,J. R. R. Tolkien,"['en', 'English', 'eng', 'English language']","[""\nJ.R.R. Tolkien's native language was English.""]",ans,1
P103_general_WESTERN_COUNTRIES_554,Steve Blum,"['Castilian', 'eng', 'es', 'en', 'English', 'Spanish', 'Spanish language', 'Español', 'Castilian language', 'English language']","[""\nSteve Blum's native language is English.""]",ans,1
P103_general_WESTERN_COUNTRIES_556,Helen Clark,"['en', 'English', 'eng', 'English language']","[""\nHelen Clark's native language is English.""]",ans,1
P103_general_WESTERN_COUNTRIES_558,Thalía,"['Castilian', 'es', 'Spanish', 'Spanish language', 'Español', 'Castilian language']","[""\nThalía's native language is Spanish.""]",ans,1
P103_general_WESTERN_COUNTRIES_560,Peter Handke,"['German', 'de', 'German language']","[""\nPeter Handke's native language is German.""]",ans,1
P103_general_WESTERN_COUNTRIES_562,Ted Kaczynski,"['en', 'English', 'eng', 'English language']","[""\nTed Kaczynski's native language is English.""]",ans,1
P103_general_WESTERN_COUNTRIES_564,James Baldwin,"['eng', 'en-us', 'en-US', 'AmE', 'United States English', 'U.S. English', 'US English', 'en', 'English', 'en_us', 'English (United States)', 'en_US', 'American English', 'English language']","[""\nJames Baldwin's native language was English.""]",ans,1
P103_general_WESTERN_COUNTRIES_566,Benjamin Britten,"['en', 'English', 'eng', 'English language']","[""\nBenjamin Britten's native language was English.""]",ans,1
P103_general_WESTERN_COUNTRIES_568,Thomas Alva Edison,"['en', 'English', 'eng', 'English language']","[""\nThomas Alva Edison's native language was English.""]",ans,1
P103_general_WESTERN_COUNTRIES_570,Ann Coulter,"['en', 'English', 'eng', 'English language']","[""\nAnn Coulter's native language is English.""]",ans,1
P103_general_WESTERN_COUNTRIES_572,Jean-Henri Fabre,"['fra', 'fr', '(fr)', 'French language', 'French']","['\nJean-Henri Fabre was born in Avignon, France, so his native language was French.']",ans,1
P103_general_WESTERN_COUNTRIES_574,Travis Scott,"['en', 'English', 'eng', 'English language']","[""\nTravis Scott's native language is English.""]",ans,1
P103_general_WESTERN_COUNTRIES_576,Gabriel Matzneff,"['fra', 'fr', '(fr)', 'French language', 'French']","[""\nGabriel Matzneff's native language is French.""]",ans,1
P103_general_WESTERN_COUNTRIES_578,Christopher Nolan,"['en', 'English', 'eng', 'English language']","[""\nChristopher Nolan's native language is English.""]",ans,1
P103_general_WESTERN_COUNTRIES_580,James Harden,"['en', 'English', 'eng', 'English language']","[""\nJames Harden's native language is English.""]",ans,1
P103_general_WESTERN_COUNTRIES_582,Kirsten Gillibrand,"['en', 'English', 'eng', 'English language']","[""\nKirsten Gillibrand's native language is English.""]",ans,1
P103_general_WESTERN_COUNTRIES_584,Roger Ebert,"['en', 'English', 'eng', 'English language']","[""\nRoger Ebert's native language was English.""]",ans,1
P103_general_WESTERN_COUNTRIES_586,Peter Sellers,"['en_gb', 'en-gb', 'eng', 'en_GB', 'UK English', 'United Kingdom English', 'BrE', 'English (United Kingdom)', 'en-GB', 'British English', 'en', 'English', 'English language']","['\nPeter Sellers was born in Southsea, Hampshire, England, United Kingdom. Therefore, his native language was English.']",ans,1
P103_general_WESTERN_COUNTRIES_588,John Quincy Adams,"['en', 'English', 'eng', 'English language']","[""\nJohn Quincy Adams' native language was English.""]",ans,1
P103_general_WESTERN_COUNTRIES_590,Nick Jonas,"['eng', 'en-us', 'en-US', 'AmE', 'United States English', 'U.S. English', 'US English', 'en', 'English', 'en_us', 'English (United States)', 'en_US', 'American English', 'English language']","[""\nNick Jonas's native language is English.""]",ans,1
P103_general_WESTERN_COUNTRIES_592,Brandy Norwood,"['en', 'English', 'eng', 'English language']","[""\nBrandy Norwood's native language is English.""]",ans,1
P103_general_WESTERN_COUNTRIES_594,Léon Degrelle,"['fra', 'fr', '(fr)', 'French language', 'French']","[""\nLéon Degrelle's native language was French.""]",ans,1
P103_general_WESTERN_COUNTRIES_596,Diego Forlán,"['Castilian', 'es', 'Spanish', 'Spanish language', 'Español', 'Castilian language']","[""\nDiego Forlán's native language is Spanish.""]",ans,1
P103_general_WESTERN_COUNTRIES_598,Philip Seymour Hoffman,"['en', 'English', 'eng', 'English language']","[""\nPhilip Seymour Hoffman's native language was English.""]",ans,1
P103_general_WESTERN_COUNTRIES_600,Ursula von der Leyen,"['German', 'de', 'German language']","[""\nUrsula von der Leyen's native language is German.""]",ans,1
P103_general_WESTERN_COUNTRIES_602,Enrico Letta,"['Italian language', 'Italian', 'it', 'Italiano']","[""\nEnrico Letta's native language is Italian.""]",ans,1
P103_general_WESTERN_COUNTRIES_604,Henri Giraud,"['fra', 'fr', '(fr)', 'French language', 'French']","['\nHenri Giraud was a French general and politician. Therefore, his native language was French.']",ans,1
P103_general_WESTERN_COUNTRIES_606,Victor Emmanuel III of Savoy,"['Italian language', 'Italian', 'it', 'Italiano']","[""\nVictor Emmanuel III of Savoy's native language was Italian.""]",ans,1
P103_general_WESTERN_COUNTRIES_608,Salvador Dalí,"['Catalan language', 'Catalan', 'Valencià', 'Valencian language', 'Català', 'Valencian', 'ca', 'Catalan-Valencian-Balearic']","[""\nSalvador Dalí's native language was Catalan.""]",ans,1
P103_general_WESTERN_COUNTRIES_610,Reba McEntire,"['en', 'English', 'eng', 'English language']","[""\nReba McEntire's native language is English.""]",ans,1
P103_general_WESTERN_COUNTRIES_612,Kyrie Irving,"['en', 'English', 'eng', 'English language']","[""\nKyrie Irving's native language is English.""]",ans,1
P103_general_WESTERN_COUNTRIES_614,Aaron Sorkin,"['en', 'English', 'eng', 'English language']","[""\nAaron Sorkin's native language is English.""]",ans,1
P103_general_WESTERN_COUNTRIES_616,Ron Wyden,"['en', 'English', 'eng', 'English language']","[""\nRon Wyden's native language is English.""]",ans,1
P103_general_WESTERN_COUNTRIES_618,Romelu Lukaku,"['ned', 'Netherlandish', 'Netherlandic language', 'Dutch language', 'nl', 'Dutch', 'nld', 'Netherlandic', 'Flemish language', 'Nederlands', 'Flemish']","[""\nRomelu Lukaku's native language is Dutch.""]",ans,1
P103_general_WESTERN_COUNTRIES_620,John Wayne,"['en', 'English', 'eng', 'English language']","[""\nJohn Wayne's native language was English.""]",ans,1
P103_general_WESTERN_COUNTRIES_622,Kevin Smith,"['en', 'English', 'eng', 'English language']","[""\nKevin Smith's native language is English.""]",ans,1
P103_general_WESTERN_COUNTRIES_624,Diana Ross,"['en', 'English', 'eng', 'English language']","[""\nDiana Ross's native language is English.""]",ans,1
P103_general_WESTERN_COUNTRIES_626,Matt Damon,"['en', 'English', 'eng', 'English language']","[""\nMatt Damon's native language is English.""]",ans,1
P103_general_WESTERN_COUNTRIES_628,Timothy Leary,"['en', 'English', 'eng', 'English language']",['\nTimothy Leary was born in the United States and his native language is English.'],ans,1
P103_general_WESTERN_COUNTRIES_630,Stephenie Meyer,"['eng', 'en-us', 'en-US', 'AmE', 'United States English', 'U.S. English', 'US English', 'en', 'English', 'en_us', 'English (United States)', 'en_US', 'American English', 'English language']","[""\nStephenie Meyer's native language is English.""]",ans,1
P103_general_WESTERN_COUNTRIES_632,Louis Althusser,"['fra', 'fr', '(fr)', 'French language', 'French']","[""\nLouis Althusser's native language was French.""]",ans,1
P103_general_WESTERN_COUNTRIES_634,Albert Camus,"['fra', 'fr', '(fr)', 'French language', 'French']",['\nAlbert Camus was born in Algeria and his native language was French.'],ans,1
P103_general_WESTERN_COUNTRIES_636,João Sousa,"['Portuguese language', 'Portuguese', 'pt']","[""\nJoão Sousa's native language is Portuguese.""]",ans,1
P103_general_WESTERN_COUNTRIES_638,Thomas Paine,"['en', 'English', 'eng', 'English language']",['\nThomas Paine was born in England and his native language was English.'],ans,1
P103_general_WESTERN_COUNTRIES_640,Valérie Pécresse,"['fra', 'fr', '(fr)', 'French language', 'French']","[""\nValérie Pécresse's native language is French.""]",ans,1
P103_general_WESTERN_COUNTRIES_642,Roy Jones Jr.,"['en', 'English', 'eng', 'English language']",['\nRoy Jones Jr. is a native English speaker.'],ans,1
P103_general_WESTERN_COUNTRIES_644,Marc Márquez,"['Catalan language', 'Catalan', 'Valencià', 'Valencian language', 'Català', 'Valencian', 'ca', 'Catalan-Valencian-Balearic']","[""\nMarc Márquez's native language is Catalan.""]",ans,1
P103_general_WESTERN_COUNTRIES_646,Misty Copeland,"['en', 'English', 'eng', 'English language']","[""\nMisty Copeland's native language is English.""]",ans,1
P103_general_WESTERN_COUNTRIES_648,Michael Carrick,"['en', 'English', 'eng', 'English language']","[""\nMichael Carrick's native language is English.""]",ans,1
P103_general_WESTERN_COUNTRIES_650,Andrew Johnson,"['en', 'English', 'eng', 'English language']","[""\nAndrew Johnson's native language was English.""]",ans,1
P103_general_WESTERN_COUNTRIES_652,Brie Larson,"['en', 'English', 'eng', 'English language']","[""\nBrie Larson's native language is English.""]",ans,1
P103_general_WESTERN_COUNTRIES_654,Philip K. Dick,"['en', 'English', 'eng', 'English language']","['\nPhilip K. Dick was born in Chicago, Illinois, United States. His native language was English.']",ans,1
P103_general_WESTERN_COUNTRIES_656,Salman Rushdie,"['eng', 'Oordoo', 'Urdu', 'en', 'English', 'Urdu language', 'English language', 'ur']","[""\nSalman Rushdie's native language is English.""]",ans,1
P103_general_WESTERN_COUNTRIES_658,Neville Chamberlain,"['en_gb', 'en-gb', 'eng', 'en_GB', 'UK English', 'United Kingdom English', 'BrE', 'English (United Kingdom)', 'en-GB', 'British English', 'en', 'English', 'English language']","[""\nNeville Chamberlain's native language was English.""]",ans,1
P103_general_WESTERN_COUNTRIES_660,Bam Bam Bigelow,"['en', 'English', 'eng', 'English language']","[""\nBam Bam Bigelow's native language is English.""]",ans,1
P103_general_WESTERN_COUNTRIES_662,William McKinley,"['en', 'English', 'eng', 'English language']","[""\nWilliam McKinley's native language was English.""]",ans,1
P103_general_WESTERN_COUNTRIES_664,Jean-Yves Le Drian,"['fra', 'fr', '(fr)', 'French language', 'French']","[""\nJean-Yves Le Drian's native language is French.""]",ans,1
P103_general_WESTERN_COUNTRIES_666,Perry Como,"['en', 'English', 'eng', 'English language']","[""\nPerry Como's native language was English.""]",ans,1
P103_general_WESTERN_COUNTRIES_668,David Fincher,"['en', 'English', 'eng', 'English language']","[""\nDavid Fincher's native language is English.""]",ans,1
P103_general_WESTERN_COUNTRIES_670,Joe Louis,"['en', 'English', 'eng', 'English language']","['\nJoe Louis was born in Alabama, United States, so his native language was English.']",ans,1
P103_general_WESTERN_COUNTRIES_672,Gaspard Ulliel,"['fra', 'fr', '(fr)', 'French language', 'French']","[""\nGaspard Ulliel's native language is French.""]",ans,1
P103_general_WESTERN_COUNTRIES_674,Tom Cotton,"['en', 'English', 'eng', 'English language']","[""\nTom Cotton's native language is English.""]",ans,1
P103_general_WESTERN_COUNTRIES_676,Jean-Louis Vaudoyer,"['fra', 'fr', '(fr)', 'French language', 'French']","[""\nI'm sorry, I cannot provide an answer to that question as Jean-Louis Vaudoyer is""]",unk,0
P103_general_WESTERN_COUNTRIES_678,Dave Chappelle,"['eng', 'en-us', 'en-US', 'AmE', 'United States English', 'U.S. English', 'US English', 'en', 'English', 'en_us', 'English (United States)', 'en_US', 'American English', 'English language']","[""\nDave Chappelle's native language is English.""]",ans,1
P103_general_WESTERN_COUNTRIES_680,Kesha,"['en', 'English', 'eng', 'English language']","[""\nKesha's native language is English.""]",ans,1
P103_general_WESTERN_COUNTRIES_682,Nani,"['Portuguese language', 'Portuguese', 'pt']","[""\nNani's native language is not specified in the source material.""]",ans,0
P103_general_WESTERN_COUNTRIES_684,Roald Dahl,"['Norwegian language', 'no', 'Norweigian', 'Norwegian']","[""\nRoald Dahl's native language was English.""]",ans,0
P103_general_WESTERN_COUNTRIES_686,John C. Breckinridge,"['en', 'English', 'eng', 'English language']","[""\nJohn C. Breckinridge's native language was English.""]",ans,1
P103_general_WESTERN_COUNTRIES_688,Rhyno,"['en', 'English', 'eng', 'English language']","[""\nRhyno's native language is not specified in any official source.""]",unk,0
P103_general_WESTERN_COUNTRIES_690,Will Smith,"['en', 'English', 'eng', 'English language']","[""\nWill Smith's native language is English.""]",ans,1
P103_general_WESTERN_COUNTRIES_692,Vanessa Hudgens,"['eng', 'en-us', 'en-US', 'AmE', 'United States English', 'U.S. English', 'US English', 'en', 'English', 'en_us', 'English (United States)', 'en_US', 'American English', 'English language']","[""\nVanessa Hudgens' native language is English.""]",ans,1
P103_general_WESTERN_COUNTRIES_694,Roman Abramovich,"['ru', 'Russkiy', 'Russkiy yazyk', 'Russian', 'Russian language']","[""\nRoman Abramovich's native language is Russian.""]",ans,1
P103_general_WESTERN_COUNTRIES_696,Johnny Cash,"['en', 'English', 'eng', 'English language']","[""\nJohnny Cash's native language was English.""]",ans,1
P103_general_WESTERN_COUNTRIES_698,Hulk,"['en', 'English', 'eng', 'English language']","[""\nHulk's native language is not specified in the Marvel Comics universe.""]",ans,0
P103_general_WESTERN_COUNTRIES_700,Harvey Milk,"['en', 'English', 'eng', 'English language']","[""\nHarvey Milk's native language was English.""]",ans,1
P103_general_WESTERN_COUNTRIES_702,Herman Melville,"['en', 'English', 'eng', 'English language']","[""\nHerman Melville's native language was English.""]",ans,1
P103_general_WESTERN_COUNTRIES_704,Tina Fey,"['en', 'English', 'eng', 'English language']","[""\nTina Fey's native language is English.""]",ans,1
P103_general_WESTERN_COUNTRIES_706,Marie Curie,"['Polish', 'Polski', 'pl', 'Polish language']","[""\nMarie Curie's native language was Polish.""]",ans,1
P103_general_WESTERN_COUNTRIES_708,Chris Evans,"['eng', 'en-us', 'en-US', 'AmE', 'United States English', 'U.S. English', 'US English', 'en', 'English', 'en_us', 'English (United States)', 'en_US', 'American English', 'English language']","[""\nChris Evans' native language is English.""]",ans,1
P103_general_WESTERN_COUNTRIES_710,Pierre Laval,"['fra', 'fr', '(fr)', 'French language', 'French']","[""\nPierre Laval's native language was French.""]",ans,1
P103_general_WESTERN_COUNTRIES_712,Corinne Diacre,"['fra', 'fr', '(fr)', 'French language', 'French']","[""\nCorinne Diacre's native language is French.""]",ans,1
P103_general_WESTERN_COUNTRIES_714,Richard Ferrand,"['fra', 'fr', '(fr)', 'French language', 'French']","[""\nRichard Ferrand's native language is French.""]",ans,1
P103_general_WESTERN_COUNTRIES_716,Wilhelm Furtwängler,"['German', 'de', 'German language']","[""\nWilhelm Furtwängler's native language was German.""]",ans,1
P103_general_WESTERN_COUNTRIES_718,Tony Bennett,"['en', 'English', 'eng', 'English language']","[""\nTony Bennett's native language is English.""]",ans,1
P103_general_WESTERN_COUNTRIES_720,Grover Cleveland,"['en', 'English', 'eng', 'English language']","['\nGrover Cleveland was born in Caldwell, New Jersey, United States. His native language was English.']",ans,1
P103_general_WESTERN_COUNTRIES_722,Darren Aronofsky,"['en', 'English', 'eng', 'English language']","[""\nDarren Aronofsky's native language is English.""]",ans,1
P103_general_WESTERN_COUNTRIES_724,Heath Ledger,"['en', 'English', 'eng', 'English language']","['\nHeath Ledger was born in Perth, Western Australia, and his native language is English.']",ans,1
P103_general_WESTERN_COUNTRIES_726,Franklin Pierce,"['en', 'English', 'eng', 'English language']","['\nFranklin Pierce was born in New Hampshire, USA, so his native language was English.']",ans,1
P103_general_WESTERN_COUNTRIES_728,Edmund Muskie,"['Polish', 'Polski', 'pl', 'Polish language']","[""\nEdmund Muskie's native language was Polish.""]",ans,1
P103_general_WESTERN_COUNTRIES_730,Leni Riefenstahl,"['German', 'de', 'German language']","[""\nLeni Riefenstahl's native language was German.""]",ans,1
P103_general_WESTERN_COUNTRIES_732,Pierre Bourdieu,"['fra', 'fr', '(fr)', 'French language', 'French']","[""\nPierre Bourdieu's native language was French.""]",ans,1
P103_general_WESTERN_COUNTRIES_734,Dalida,"['Italian language', 'Italian', 'it', 'Italiano']","[""\nDalida's native language was Arabic.""]",ans,0
P103_general_WESTERN_COUNTRIES_736,Ellie Goulding,"['en_gb', 'en-gb', 'eng', 'en_GB', 'UK English', 'United Kingdom English', 'BrE', 'English (United Kingdom)', 'en-GB', 'British English', 'en', 'English', 'English language']","[""\nEllie Goulding's native language is English.""]",ans,1
P103_general_WESTERN_COUNTRIES_738,Rudyard Kipling,"['en', 'English', 'eng', 'English language']","[""\nRudyard Kipling's native language was English.""]",ans,1
P103_general_WESTERN_COUNTRIES_740,James Gandolfini,"['en', 'English', 'eng', 'English language']","[""\nJames Gandolfini's native language was English.""]",ans,1
P103_general_WESTERN_COUNTRIES_742,Hans-Georg Maaßen,"['German', 'de', 'German language']","[""\nHans-Georg Maaßen's native language is German.""]",ans,1
P103_general_WESTERN_COUNTRIES_744,Pink,"['en', 'English', 'eng', 'English language']","[""\nPink's native language is English.""]",ans,1
P103_general_WESTERN_COUNTRIES_746,Sean Combs,"['en', 'English', 'eng', 'English language']","[""\nSean Combs' native language is English.""]",ans,1
P103_general_WESTERN_COUNTRIES_748,Simone Weil,"['fra', 'fr', '(fr)', 'French language', 'French']","['\nSimone Weil was born in Paris, France, so her native language was French.']",ans,1
P103_general_WESTERN_COUNTRIES_750,Kendall Jenner,"['en', 'English', 'eng', 'English language']","[""\nKendall Jenner's native language is English.""]",ans,1
P103_general_WESTERN_COUNTRIES_752,Philip Glass,"['en', 'English', 'eng', 'English language']","[""\nPhilip Glass's native language is English.""]",ans,1
P103_general_WESTERN_COUNTRIES_754,Mika,"['en', 'English', 'eng', 'English language']","[""\nMika's native language is Finnish.""]",ans,0
P103_general_WESTERN_COUNTRIES_756,Benito Pérez Galdós,"['Castilian', 'es', 'Spanish', 'Spanish language', 'Español', 'Castilian language']","[""\nBenito Pérez Galdós's native language was Spanish.""]",ans,1
P103_general_WESTERN_COUNTRIES_758,Peter Gabriel,"['en', 'English', 'eng', 'English language']","[""\nPeter Gabriel's native language is English.""]",ans,1
P103_general_WESTERN_COUNTRIES_760,Eric Cantona,"['fra', 'fr', '(fr)', 'French language', 'French']","[""\nEric Cantona's native language is French.""]",ans,1
P103_general_WESTERN_COUNTRIES_762,Aldo Moro,"['Italian language', 'Italian', 'it', 'Italiano']","['\nAldo Moro was born in Maglie, Italy, so his native language was Italian.']",ans,1
P103_general_WESTERN_COUNTRIES_764,Jane Carrey,"['en', 'English', 'eng', 'English language']","[""\nJane Carrey's native language is English.""]",ans,1
P103_general_WESTERN_COUNTRIES_766,Walter Hallstein,"['German', 'de', 'German language']","[""\nWalter Hallstein's native language was German.""]",ans,1
P103_general_WESTERN_COUNTRIES_768,Nicolas Cage,"['en', 'English', 'eng', 'English language']","[""\nNicolas Cage's native language is English.""]",ans,1
P103_general_WESTERN_COUNTRIES_770,Audrey Hepburn,"['ned', 'Netherlandish', 'Netherlandic language', 'Dutch language', 'nl', 'Dutch', 'nld', 'Netherlandic', 'Flemish language', 'Nederlands', 'Flemish']","[""\nAudrey Hepburn's native language was Dutch.""]",ans,1
P103_general_WESTERN_COUNTRIES_772,Gloria Steinem,"['en', 'English', 'eng', 'English language']","[""\nGloria Steinem's native language is English.""]",ans,1
P103_general_WESTERN_COUNTRIES_774,George F. Kennan,"['en', 'English', 'eng', 'English language']","[""\nGeorge F. Kennan's native language was English.""]",ans,1
P103_general_WESTERN_COUNTRIES_776,Missy Elliott,"['en', 'English', 'eng', 'English language']","[""\nMissy Elliott's native language is English.""]",ans,1
P103_general_WESTERN_COUNTRIES_778,Sunny Leone,"['eng', 'Hindi language', 'Hindi', 'hi', 'en', 'English', 'Modern Standard Hindi', 'English language']","[""\nSunny Leone's native language is Punjabi.""]",ans,0
P103_general_WESTERN_COUNTRIES_780,Harry Kewell,"['en', 'English', 'eng', 'English language']","[""\nHarry Kewell's native language is English.""]",ans,1
P103_general_WESTERN_COUNTRIES_782,Joan Rivers,"['en', 'English', 'eng', 'English language']","[""\nJoan Rivers' native language was English.""]",ans,1
P103_general_WESTERN_COUNTRIES_784,Auguste Comte,"['fra', 'fr', '(fr)', 'French language', 'French']","[""\nAuguste Comte's native language was French.""]",ans,1
P103_general_WESTERN_COUNTRIES_786,Timothy Olyphant,"['en', 'English', 'eng', 'English language']","[""\nTimothy Olyphant's native language is English.""]",ans,1
P103_general_WESTERN_COUNTRIES_788,Chris Marker,"['fra', 'fr', '(fr)', 'French language', 'French']","['\nChris Marker was a French filmmaker, writer, and photographer. His native language was French.']",ans,1
P103_general_WESTERN_COUNTRIES_790,Josephine Baker,"['en', 'English', 'eng', 'English language']","['\nJosephine Baker was born in St. Louis, Missouri, United States. Her native language was English.']",ans,1
P103_general_WESTERN_COUNTRIES_792,Normani,"['eng', 'en-us', 'en-US', 'AmE', 'United States English', 'U.S. English', 'US English', 'en', 'English', 'en_us', 'English (United States)', 'en_US', 'American English', 'English language']","[""\nNormani's native language is English.""]",ans,1
P103_general_WESTERN_COUNTRIES_794,Flea,"['en', 'English', 'eng', 'English language']","[""\nFlea's native language is English.""]",ans,1
P103_general_WESTERN_COUNTRIES_796,Kevin Spacey,"['en', 'English', 'eng', 'English language']","[""\nKevin Spacey's native language is English.""]",ans,1
P103_general_WESTERN_COUNTRIES_798,Mary J. Blige,"['en', 'English', 'eng', 'English language']","[""\nMary J. Blige's native language is English.""]",ans,1
P103_general_WESTERN_COUNTRIES_800,Mario Vargas Llosa,"['Castilian', 'es', 'Spanish', 'Spanish language', 'Español', 'Castilian language']","[""\nMario Vargas Llosa's native language is Spanish.""]",ans,1
P103_general_WESTERN_COUNTRIES_802,Janelle Monáe,"['en', 'English', 'eng', 'English language']","[""\nJanelle Monáe's native language is English.""]",ans,1
P103_general_WESTERN_COUNTRIES_804,Dennis Miller,"['en', 'English', 'eng', 'English language']","[""\nDennis Miller's native language is English.""]",ans,1
P103_general_WESTERN_COUNTRIES_806,Jean-Pierre Mocky,"['fra', 'fr', '(fr)', 'French language', 'French']","[""\nJean-Pierre Mocky's native language is French.""]",ans,1
P103_general_WESTERN_COUNTRIES_808,Kirsten Dunst,"['en', 'English', 'eng', 'English language']","[""\nKirsten Dunst's native language is English.""]",ans,1
P103_general_WESTERN_COUNTRIES_810,Clark Gable,"['en', 'English', 'eng', 'English language']","[""\nClark Gable's native language was English.""]",ans,1
P103_general_WESTERN_COUNTRIES_812,Rick Perry,"['en', 'English', 'eng', 'English language']","[""\nRick Perry's native language is English.""]",ans,1
P103_general_WESTERN_COUNTRIES_814,French,"['fra', 'fr', '(fr)', 'French language', 'French']",['\nThe native language of French is French.'],ans_check,1
P103_general_WESTERN_COUNTRIES_816,Kid Rock,"['en', 'English', 'eng', 'English language']","[""\nKid Rock's native language is English.""]",ans,1
P103_general_WESTERN_COUNTRIES_818,Marc Dutroux,"['fra', 'fr', '(fr)', 'French language', 'French']","[""\nMarc Dutroux's native language is French.""]",ans,1
P103_general_WESTERN_COUNTRIES_820,Jean-Pierre Papin,"['fra', 'fr', '(fr)', 'French language', 'French']","[""\nJean-Pierre Papin's native language is French.""]",ans,1
P103_general_WESTERN_COUNTRIES_822,Jenna Jameson,"['en', 'English', 'eng', 'English language']","[""\nJenna Jameson's native language is English.""]",ans,1
P103_general_WESTERN_COUNTRIES_824,Steven Tyler,"['en', 'English', 'eng', 'English language']","[""\nSteven Tyler's native language is English.""]",ans,1
P103_general_WESTERN_COUNTRIES_826,Carmen Miranda,"['Portuguese language', 'Portuguese', 'pt']","[""\nCarmen Miranda's native language was Portuguese.""]",ans,1
P103_general_WESTERN_COUNTRIES_828,James Franco,"['en', 'English', 'eng', 'English language']","[""\nJames Franco's native language is English.""]",ans,1
P103_general_WESTERN_COUNTRIES_830,François Bayrou,"['fra', 'fr', '(fr)', 'French language', 'French']","[""\nFrançois Bayrou's native language is French.""]",ans,1
P103_general_WESTERN_COUNTRIES_832,Peter Sutcliffe,"['en', 'English', 'eng', 'English language']","[""\nPeter Sutcliffe's native language is English.""]",ans,1
P103_general_WESTERN_COUNTRIES_834,Vanilla Ice,"['en', 'English', 'eng', 'English language']","[""\nVanilla Ice's native language is English.""]",ans,1
P103_general_WESTERN_COUNTRIES_836,Olaf Scholz,"['German', 'de', 'German language']","[""\nOlaf Scholz's native language is German.""]",ans,1
P103_general_WESTERN_COUNTRIES_838,Barry Allen,"['eng', 'en-us', 'en-US', 'AmE', 'United States English', 'U.S. English', 'US English', 'en', 'English', 'en_us', 'English (United States)', 'en_US', 'American English', 'English language']","[""\nBarry Allen's native language is English.""]",ans,1
P103_general_WESTERN_COUNTRIES_840,Anne Frank,"['German', 'de', 'German language']","[""\nAnne Frank's native language was Dutch.""]",ans,0
P103_general_WESTERN_COUNTRIES_842,Steve McQueen,"['en', 'English', 'eng', 'English language']","[""\nSteve McQueen's native language was English.""]",ans,1
P103_general_WESTERN_COUNTRIES_844,Allen Ginsberg,"['en', 'English', 'eng', 'English language']","[""\nAllen Ginsberg's native language was English.""]",ans,1
P103_general_WESTERN_COUNTRIES_846,Lex Luthor,"['eng', 'en-us', 'en-US', 'AmE', 'United States English', 'U.S. English', 'US English', 'en', 'English', 'en_us', 'English (United States)', 'en_US', 'American English', 'English language']","[""\nLex Luthor's native language is English.""]",ans,1
P103_general_WESTERN_COUNTRIES_848,Michel Houellebecq,"['fra', 'fr', '(fr)', 'French language', 'French']","[""\nMichel Houellebecq's native language is French.""]",ans,1
P103_general_WESTERN_COUNTRIES_850,William S. Burroughs,"['en', 'English', 'eng', 'English language']","[""\nWilliam S. Burroughs' native language was English.""]",ans,1
P103_general_WESTERN_COUNTRIES_852,William H. Seward,"['en', 'English', 'eng', 'English language']","[""\nWilliam H. Seward's native language was English.""]",ans,1
P103_general_WESTERN_COUNTRIES_854,Félix Houphouët-Boigny,"['fra', 'fr', '(fr)', 'French language', 'French']","[""\nFélix Houphouët-Boigny's native""]",ans,0
P103_general_WESTERN_COUNTRIES_856,Nicholas Ray,"['en', 'English', 'eng', 'English language']","['\nNicholas Ray was born in Galesburg, Illinois, United States. Therefore, his native language is English.']",ans,1
P103_general_WESTERN_COUNTRIES_858,Carles Puigdemont,"['Catalan language', 'Catalan', 'Valencià', 'Valencian language', 'Català', 'Valencian', 'ca', 'Catalan-Valencian-Balearic']","[""\nCarles Puigdemont's native language is Catalan.""]",ans,1
P103_general_WESTERN_COUNTRIES_860,Christian Estrosi,"['fra', 'fr', '(fr)', 'French language', 'French']","[""\nChristian Estrosi's native language is French.""]",ans,1
P103_general_WESTERN_COUNTRIES_862,Juice WRLD,"['en', 'English', 'eng', 'English language']","[""\nJuice WRLD's native language was English.""]",ans,1
P103_general_WESTERN_COUNTRIES_864,Lily Allen,"['en', 'English', 'eng', 'English language']","[""\nLily Allen's native language is English.""]",ans,1
P103_general_WESTERN_COUNTRIES_866,Luc Besson,"['fra', 'fr', '(fr)', 'French language', 'French']","[""\nLuc Besson's native language is French.""]",ans,1
P103_general_WESTERN_COUNTRIES_868,Lena Dunham,"['en', 'English', 'eng', 'English language']","[""\nLena Dunham's native language is English.""]",ans,1
P103_general_WESTERN_COUNTRIES_870,Frank Lloyd Wright,"['en', 'English', 'eng', 'English language']","['\nFrank Lloyd Wright was born in Richland Center, Wisconsin, United States. His native language was English.']",ans,1
P103_general_WESTERN_COUNTRIES_872,Paolo Gentiloni,"['Italian language', 'Italian', 'it', 'Italiano']","[""\nPaolo Gentiloni's native language is Italian.""]",ans,1
P103_general_WESTERN_COUNTRIES_874,Mike Huckabee,"['en', 'English', 'eng', 'English language']","[""\nMike Huckabee's native language is English.""]",ans,1
P103_general_WESTERN_COUNTRIES_876,Bill Goldberg,"['en', 'English', 'eng', 'English language']","[""\nBill Goldberg's native language is English.""]",ans,1
P103_general_WESTERN_COUNTRIES_878,Kirk Douglas,"['en', 'English', 'eng', 'English language']","[""\nKirk Douglas's native language is English.""]",ans,1
P103_general_WESTERN_COUNTRIES_880,William Henry Harrison,"['en', 'English', 'eng', 'English language']","['\nWilliam Henry Harrison was born in Charles City County, Virginia, which was then a British colony. Therefore, his native language']",ans,0
P103_general_WESTERN_COUNTRIES_882,Vic Mignogna,"['en', 'English', 'eng', 'English language']","[""\nVic Mignogna's native language is English.""]",ans,1
P103_general_WESTERN_COUNTRIES_884,Chuck Norris,"['en', 'English', 'eng', 'English language']","[""\nChuck Norris's native language is English.""]",ans,1
P103_general_WESTERN_COUNTRIES_886,Dave Grohl,"['en', 'English', 'eng', 'English language']","[""\nDave Grohl's native language is English.""]",ans,1
P103_general_WESTERN_COUNTRIES_888,Jodie Foster,"['en', 'English', 'eng', 'English language']","[""\nJodie Foster's native language is English.""]",ans,1
P103_general_WESTERN_COUNTRIES_890,Nelson Rockefeller,"['en', 'English', 'eng', 'English language']","[""\nNelson Rockefeller's native language was English.""]",ans,1
P103_general_WESTERN_COUNTRIES_892,Emilia Clarke,"['en', 'English', 'eng', 'English language']","[""\nEmilia Clarke's native language is English.""]",ans,1
P103_general_WESTERN_COUNTRIES_894,José Raúl Capablanca,"['Castilian', 'es', 'Spanish', 'Spanish language', 'Español', 'Castilian language']","[""\nJosé Raúl Capablanca's native language was Spanish.""]",ans,1
P103_general_WESTERN_COUNTRIES_896,Georges Pompidou,"['fra', 'fr', '(fr)', 'French language', 'French']","[""\nGeorges Pompidou's native language was French.""]",ans,1
P103_general_WESTERN_COUNTRIES_898,Julien Gracq,"['fra', 'fr', '(fr)', 'French language', 'French']","[""\nJulien Gracq's native language was French.""]",ans,1
P103_general_WESTERN_COUNTRIES_900,Millard Fillmore,"['en', 'English', 'eng', 'English language']","[""\nMillard Fillmore's native language was English.""]",ans,1
P103_general_WESTERN_COUNTRIES_902,Gloria Estefan,"['Castilian', 'es', 'Spanish', 'Spanish language', 'Español', 'Castilian language']","[""\nGloria Estefan's native language is Spanish.""]",ans,1
P103_general_WESTERN_COUNTRIES_904,Tom Waits,"['en', 'English', 'eng', 'English language']","[""\nTom Waits' native language is English.""]",ans,1
P103_general_WESTERN_COUNTRIES_906,Juliette Binoche,"['fra', 'fr', '(fr)', 'French language', 'French']","[""\nJuliette Binoche's native language is French.""]",ans,1
P103_general_WESTERN_COUNTRIES_908,Carl Severing,"['German', 'de', 'German language']","[""\nI'm sorry, I cannot provide an answer to that question as I do not have access to personal information about individuals""]",unk,0
P103_general_WESTERN_COUNTRIES_910,Pietro Badoglio,"['Italian language', 'Italian', 'it', 'Italiano']","[""\nPietro Badoglio's native language was Italian.""]",ans,1
P103_general_WESTERN_COUNTRIES_912,Gérard Depardieu,"['fra', 'fr', '(fr)', 'French language', 'French']","[""\nGérard Depardieu's native language is French.""]",ans,1
P103_general_WESTERN_COUNTRIES_914,Jack White,"['en', 'English', 'eng', 'English language']","[""\nJack White's native language is English.""]",ans,1
P103_general_WESTERN_COUNTRIES_916,"Sarah, Duchess of York","['en_gb', 'en-gb', 'eng', 'en_GB', 'UK English', 'United Kingdom English', 'BrE', 'English (United Kingdom)', 'en-GB', 'British English', 'en', 'English', 'English language']","[""\nSarah, Duchess of York's native language is English.""]",ans,1
P103_general_WESTERN_COUNTRIES_918,Henry Ford,"['en', 'English', 'eng', 'English language']","[""\nHenry Ford's native language was English.""]",ans,1
P103_general_WESTERN_COUNTRIES_920,Michael Collins,"['en', 'English', 'eng', 'English language']","['\nMichael Collins was born in Clonakilty, County Cork, Ireland, so his native language was Irish.']",ans,0
P103_general_WESTERN_COUNTRIES_922,Barry Manilow,"['en', 'English', 'eng', 'English language']","[""\nBarry Manilow's native language is English.""]",ans,1
P103_general_WESTERN_COUNTRIES_924,Yves Montand,"['Italian language', 'Italian', 'it', 'Italiano']","[""\nYves Montand's native language was French.""]",ans,0
P103_general_WESTERN_COUNTRIES_926,Michael Moore,"['eng', 'en-us', 'en-US', 'AmE', 'United States English', 'U.S. English', 'US English', 'en', 'English', 'en_us', 'English (United States)', 'en_US', 'American English', 'English language']","[""\nMichael Moore's native language is English.""]",ans,1
P103_general_WESTERN_COUNTRIES_928,Yvonne De Carlo,"['en', 'English', 'eng', 'English language']","[""\nYvonne De Carlo's native language was English.""]",ans,1
P103_general_WESTERN_COUNTRIES_930,John Bercow,"['en', 'English', 'eng', 'English language']","[""\nJohn Bercow's native language is English.""]",ans,1
P103_general_WESTERN_COUNTRIES_932,Alben W. Barkley,"['en', 'English', 'eng', 'English language']","[""\nAlben W. Barkley's native language was English.""]",ans,1
P103_general_WESTERN_COUNTRIES_934,Paula Abdul,"['en', 'English', 'eng', 'English language']","[""\nPaula Abdul's native language is English.""]",ans,1
P103_general_WESTERN_COUNTRIES_936,Theodor Heuss,"['German', 'de', 'German language']","[""\nTheodor Heuss's native language was German.""]",ans,1
P103_general_WESTERN_COUNTRIES_938,Dwyane Wade,"['en', 'English', 'eng', 'English language']","[""\nDwyane Wade's native language is English.""]",ans,1
P103_general_WESTERN_COUNTRIES_940,Pierre-Simon Laplace,"['fra', 'fr', '(fr)', 'French language', 'French']","['\nPierre-Simon Laplace was born in the town of Beaumont-en-Auge, Normandy, France']",ans,0
P103_general_WESTERN_COUNTRIES_942,Post Malone,"['en', 'English', 'eng', 'English language']","[""\nPost Malone's native language is English.""]",ans,1
P103_general_WESTERN_COUNTRIES_944,Angélique Kidjo,"['Yoruba', 'yo', 'Yoruba language', 'Yorùbá']","[""\nAngélique Kidjo's native language is Fon, which is spoken in Benin and Togo""]",ans,0
P103_general_WESTERN_COUNTRIES_946,Phil Spector,"['en', 'English', 'eng', 'English language']","[""\nPhil Spector's native language is English.""]",ans,1
P103_general_WESTERN_COUNTRIES_948,Robert Downey Jr.,"['en', 'English', 'eng', 'English language']","['\nRobert Downey Jr. was born in New York City, United States, so his native language is English.']",ans,1
P103_general_WESTERN_COUNTRIES_950,Al Sharpton,"['en', 'English', 'eng', 'English language']","[""\nAl Sharpton's native language is English.""]",ans,1
P103_general_WESTERN_COUNTRIES_952,Antoine de Saint-Exupéry,"['fra', 'fr', '(fr)', 'French language', 'French']",['\nAntoine de Saint-Exupéry was a French writer and aviator. His native'],ans,1
P103_general_WESTERN_COUNTRIES_954,Rutherford B. Hayes,"['en', 'English', 'eng', 'English language']","[""\nRutherford B. Hayes' native language was English.""]",ans,1
P103_general_WESTERN_COUNTRIES_956,LeAnn Rimes,"['en', 'English', 'eng', 'English language']","[""\nLeAnn Rimes' native language is English.""]",ans,1
P103_general_WESTERN_COUNTRIES_958,John Key,"['en', 'English', 'eng', 'English language']","[""\nJohn Key's native language is English.""]",ans,1
P103_general_WESTERN_COUNTRIES_960,Melania Trump,"['sl', 'Slovene language', 'Slovenian language', 'Slovene', 'Slovenian']","[""\nMelania Trump's native language is Slovenian.""]",ans,1
P103_general_WESTERN_COUNTRIES_962,Gore Vidal,"['en', 'English', 'eng', 'English language']","[""\nGore Vidal's native language was English.""]",ans,1
P103_general_WESTERN_COUNTRIES_964,Umberto Bossi,"['Italian language', 'Italian', 'it', 'Italiano']","[""\nUmberto Bossi's native language is Italian.""]",ans,1
P103_general_WESTERN_COUNTRIES_966,John McAfee,"['en', 'English', 'eng', 'English language']","[""\nJohn McAfee's native language is English.""]",ans,1
P103_general_WESTERN_COUNTRIES_968,Nicolas Malebranche,"['fra', 'fr', '(fr)', 'French language', 'French']",['\nNicolas Malebranche was a French philosopher and theologian. His native language was French.'],ans,1
P103_general_WESTERN_COUNTRIES_970,Kevin Love,"['en', 'English', 'eng', 'English language']","[""\nKevin Love's native language is English.""]",ans,1
P103_general_WESTERN_COUNTRIES_972,Armie Hammer,"['eng', 'en-us', 'en-US', 'AmE', 'United States English', 'U.S. English', 'US English', 'en', 'English', 'en_us', 'English (United States)', 'en_US', 'American English', 'English language']","[""\nArmie Hammer's native language is English.""]",ans,1
P103_general_WESTERN_COUNTRIES_974,John Layfield,"['en', 'English', 'eng', 'English language']","[""\nJohn Layfield's native language is English.""]",ans,1
P103_general_WESTERN_COUNTRIES_976,Harvey Weinstein,"['en', 'English', 'eng', 'English language']","[""\nHarvey Weinstein's native language is English.""]",ans,1
P103_general_WESTERN_COUNTRIES_978,Iggy Pop,"['en', 'English', 'eng', 'English language']","[""\nIggy Pop's native language is English.""]",ans,1
P103_general_WESTERN_COUNTRIES_980,George Floyd,"['en', 'English', 'eng', 'English language']","['\nGeorge Floyd was born in Fayetteville, North Carolina and grew up in Houston, Texas. His native language was English.']",ans,1
P103_general_WESTERN_COUNTRIES_982,Derrick Rose,"['en', 'English', 'eng', 'English language']","[""\nDerrick Rose's native language is English.""]",ans,1
P103_general_WESTERN_COUNTRIES_984,Dionne Warwick,"['en', 'English', 'eng', 'English language']","[""\nDionne Warwick's native language is English.""]",ans,1
P103_general_WESTERN_COUNTRIES_986,Danny Elfman,"['en', 'English', 'eng', 'English language']","[""\nDanny Elfman's native language is English.""]",ans,1
P103_general_WESTERN_COUNTRIES_988,Christina Milian,"['en', 'English', 'eng', 'English language']","[""\nChristina Milian's native language is English.""]",ans,1
P103_general_WESTERN_COUNTRIES_990,Frank-Walter Steinmeier,"['German', 'de', 'German language']","[""\nFrank-Walter Steinmeier's native language is German.""]",ans,1
P103_general_WESTERN_COUNTRIES_992,Jeff Koons,"['en', 'English', 'eng', 'English language']","['\nJeff Koons was born in York, Pennsylvania, United States. His native language is English.']",ans,1
P103_general_WESTERN_COUNTRIES_994,Antony Blinken,"['en', 'English', 'eng', 'English language']","[""\nAntony Blinken's native language is English.""]",ans,1
P103_general_WESTERN_COUNTRIES_996,Wendy Williams,"['en', 'English', 'eng', 'English language']","[""\nWendy Williams' native language is English.""]",ans,1
P103_general_WESTERN_COUNTRIES_998,Truman Capote,"['en', 'English', 'eng', 'English language']","[""\nTruman Capote's native language was English.""]",ans,1
