﻿uuid,sub_label,obj_label,choices,ans_type,acc
P1376_general_ASIA_0,Singapore,"['Garden City', 'Singapore', '🇸🇬', ""S'pore"", 'SG', 'Straits Settlements', 'Singapore City', 'sg', 'SIN', 'Republic of Singapore', 'Lion City', 'SGP']","['\nSingapore is a city-state and its own country. It is located in Southeast Asia, just off the southern tip of the']",ans_check,1
P1376_general_ASIA_1,Hanoi,"['Tongking', 'Đại Việt', 'Indochinese Federation', 'Tran dynasty', 'French Indochina', 'Vietnam', 'Vietnam (North)', 'Democratic Republic of Vietnam', 'North Vietnam', 'Empire of Vietnam', 'Trần dynasty', 'Tonquin', 'Viet Nam', 'VIE', 'Socialist Republic of Vietnam', 'Tonkin', 'VNM', 'VN', 'SRV', 'DRV', 'Indochinese Union', '🇻🇳', 'Việt Nam', 'Tongkin']",['\nVietnam'],ans,1
P1376_general_ASIA_2,Manila,"['PH', 'Republic of the Philippines', 'ph', '🇵🇭', 'PHL', 'RP', 'Philippine Islands', 'Philippines', 'The Philippines', 'PHI']",['\nThe Philippines.'],ans,1
P1376_general_ASIA_3,Beijing,"['CHN', 'China PR', 'CN', 'China', 'PRC', 'PR China', ""People's Republic of China"", 'cn', 'Mainland China', '🇨🇳', 'RPC']",['\nChina.'],ans,1
P1376_general_ASIA_4,Bangkok,"['Siam', 'Thailand', 'th', 'Kingdom of Thailand', 'Land of Smiles', 'Rattanakosin Kingdom', 'Rattanakosin Kingdom (1782–1932)', '🇹🇭', 'THA']",['\nBangkok is the capital of Thailand.'],ans,1
P1376_general_ASIA_5,Jakarta,"['ID', 'INA', 'id', 'Republic of Indonesia', 'IDN', 'Indonesia']",['\nJakarta is the capital city of Indonesia.'],ans,1
P1376_general_ASIA_6,Chengdu,"['TW', 'Taiwan', 'Se-chuan', ""Ssuch'uan"", 'Ssu-chuan', 'Szetschwan', 'Sechuan', 'Sz-chuan', 'Shu Han', 'Hua-hsi', 'Chunghwa Minkwo', ""Ssu-ch'uan"", 'Huahsi', 'Former Shu', 'Nationalist China', 'Nanasian', 'Sz-chwan', 'Ssuchuan', 'Free China', 'China, Republic', 'Setchuen', 'Taivangʉ', 'Su-tchuen', 'Ba', 'Sze-tschwan', 'TPE', 'Sutchuen', 'Chinese Taipei', 'Se-tchuen', 'Sechuen', 'Western China', 'Province of Sichuan', 'West China', 'Huaxi', 'ROC', 'Republic of China', 'Ilaod', 'Setchouan', 'Republic of China (Taiwan)', 'Taywan', 'Szechwan', 'Formosa', 'TWN', 'Later Shu', 'Taiwan ROC', 'Taivang', '🇹🇼', 'Sichuan', 'Sichuan Province', 'Shu', 'Free area of the Republic of China', 'Szechuan', 'Cheng Han', 'Szchuan', 'Se-tchouan', 'Chunghwa Minkuo']",['\nChengdu is the capital of the Sichuan province in China.'],ans,1
P1376_general_ASIA_7,Kuala Lumpur,"['MAS', '🇲🇾', 'Malaysia', 'my', 'Malaysia Federation', 'MYS', 'Malaya', 'Federation of Malaya', 'Federation of Malaysia']",['\nKuala Lumpur is the capital city of Malaysia.'],ans,1
P1376_general_ASIA_8,Tokyo,"['Iapan', 'Iapon', 'Jap', 'Imperial Japan', 'Nihon', 'JP', '🇯🇵', 'Nippon-koku', 'Japan', 'JA', 'State of Japan', 'Great Japanese Empire', 'Nihon-koku', 'Land of the Rising Sun', 'Empire of Japan', 'jp', 'Occupied Japan', 'Nippon', 'Allied occupation of Japan', 'occupation of Japan', 'Japanese Empire', 'JPN', 'Ja', 'Great Empire of Japan', 'JAP']",['\nJapan'],ans,1
P1376_general_ASIA_9,Taipei,"['TW', 'Taiwan', 'Chunghwa Minkwo', 'Nationalist China', 'Nanasian', 'Republic of Taiwan', 'Free China', 'Republic of Formosa', 'China, Republic', 'Taiwan Island', 'Democratic State of Taiwan', 'Taivangʉ', 'Island of Taiwan', 'twn', 'TPE', 'Taiwan Province, Republic of China', 'Taiwan Republic', 'Japanese Taiwan', 'Taiwan Province', 'ROC', 'Republic of China', 'Ilaod', 'Taiwan under Japanese rule', 'Republic of China (Taiwan)', 'Taywan', 'Formosan Republic', 'Formosa', 'TWN', 'Taiwan ROC', 'Taivang', '🇹🇼', 'Free area of the Republic of China', 'Chinese Taipei', 'Chunghwa Minkuo']",['\nTaipei is the capital city of Taiwan.'],ans,1
P1376_general_ASIA_10,Seoul,"['S. Korea', 'Korea (South)', 'Hanguk', '🇰🇷', 'KOR', 'Daehan Minguk', 'kr', 'Rep. Korea', 'Republic of Korea', 'Korea Republic', 'Daehanminguk', 'SK', 'ROK', 'South Korea']",['\nSouth Korea.'],ans,1
P1376_general_ASIA_11,Ulaanbaatar,"['mn', '🇲🇳', 'Mongol uls', 'MGL', 'Mongolia', 'MNG']",['\nUlaanbaatar is the capital of Mongolia.'],ans,1
P1376_general_ASIA_12,Yangon,"['BUR', 'Rangoon Region', 'Yangon', 'British occupation of Myanmar', 'British Burma', 'Burma', 'MYA', 'British Myanmar', 'Republic of the Union of Myanmar', 'Union of Burma', 'Myanmar', '🇲🇲', 'British rule in Myanmar', 'MM', 'Yangon Region']",['\nYangon is the capital of Myanmar (formerly Burma).'],ans_check,1
P1376_general_ASIA_13,Pyongyang,"['Koryo', 'N. Korea', '🇰🇵', 'Dem. Kore Cumhuriyeti', 'Goryeo', 'DPRK', 'North Korea', ""Democratic People's Republic of Korea"", 'Kuzey Kore', 'Goguryeo', 'PRK', 'KDHC', ""Provisional People's Committee for North Korea"", 'Kore Demokratik Halk Cumhuriyeti', 'kp', 'DPR Korea']",['\nNorth Korea'],ans,1
P1376_general_ASIA_14,Naypyidaw,"['BUR', 'Burma', 'MYA', 'Republic of the Union of Myanmar', 'Union of Burma', '🇲🇲', 'Myanmar', 'MM']",['\nNaypyidaw is the capital of Myanmar (Burma).'],ans,1
P1376_general_ASIA_15,Edo,"['Iapan', 'Iapon', 'Jap', 'Nihon', 'Shogunate of Japan', 'JP', '🇯🇵', 'Nippon-koku', 'Japan', 'JA', 'State of Japan', 'Edo Japan', 'Nihon-koku', 'Land of the Rising Sun', 'jp', 'Nippon', 'JPN', 'Tokugawa Shogunate', 'Ja', 'JAP']","['\nEdo is not a country. It is a former city and capital of Japan, which is now known as Tokyo.']",ans,1
P1376_general_ASIA_16,Nusantara,"['ID', 'INA', 'id', 'Republic of Indonesia', 'IDN', 'Indonesia']",['\nNusantara is not a country and does not have a capital. It is a historical term used to'],ans,0
P1376_general_ASIA_17,Tokyo City,"['Iapan', 'Iapon', 'Jap', 'Imperial Japan', 'Nihon', 'JP', '🇯🇵', 'Nippon-koku', 'Japan', 'JA', 'State of Japan', 'Great Japanese Empire', 'Nihon-koku', 'Tōkyō-fu', 'Land of the Rising Sun', 'Tokyo Prefecture', 'Empire of Japan', 'jp', 'Nippon', 'Japanese Empire', 'JPN', 'Tokyo-fu', 'Ja', 'Great Empire of Japan', 'JAP']",['\nTokyo City is not a country. It is the capital city of Japan.'],ans,1
P1376_general_ASIA_18,Kyōto,"['Iapan', 'Iapon', 'Jap', 'Nihon', 'JP', '🇯🇵', 'Nippon-koku', 'Ashikaga Shogunate', 'Japan', 'Ashikaga shogunate', 'JA', 'Muromachi bakufu', 'State of Japan', 'Nihon-koku', 'Land of the Rising Sun', 'jp', 'Nippon', 'Muromachi shogunate', 'JPN', 'Ja', 'Ashikaga bakufu', 'JAP']",['\nKyōto is the capital city of Japan.'],ans,1
P1376_general_ASIA_19,Heian-kyō,"['Iapan', 'Iapon', 'Jap', 'Nihon', 'JP', '🇯🇵', 'Nippon-koku', 'Japan', 'JA', 'State of Japan', 'Taira administration', 'Nihon-koku', 'Heike administration', 'Land of the Rising Sun', 'jp', 'Nippon', 'JPN', 'Ja', 'Kenmu Restoration', 'JAP']","['\nHeian-kyō was the capital of Japan during the Heian period, which lasted from 794']",ans,1
P1376_general_ASIA_20,Heijō-kyō,"['Japan', 'Nihon-koku', 'Ja', 'Land of the Rising Sun', 'Iapan', 'jp', 'JA', 'Nippon', 'Iapon', 'Jap', 'State of Japan', 'Nihon', 'JP', '🇯🇵', 'JPN', 'JAP', 'Nippon-koku']","['\nHeijō-kyō was the capital of Japan during the Heian period, which lasted from']",ans,1
P1376_general_ASIA_21,Tokyo Prefecture,"['Japan', 'Nihon-koku', 'Ja', 'Land of the Rising Sun', 'Iapan', 'jp', 'JA', 'Nippon', 'Iapon', 'Jap', 'State of Japan', 'Nihon', 'JP', '🇯🇵', 'JPN', 'JAP', 'Nippon-koku']",['\nTokyo Prefecture is the capital of Japan.'],ans,1
P1376_general_ASIA_22,Nagaoka-kyō,"['Japan', 'Nihon-koku', 'Ja', 'Land of the Rising Sun', 'Iapan', 'jp', 'JA', 'Nippon', 'Iapon', 'Jap', 'State of Japan', 'Nihon', 'JP', '🇯🇵', 'JPN', 'JAP', 'Nippon-koku']","['\nNagaoka-kyō is not a country, it is a city in Japan.']",ans,1
P1376_general_ASIA_23,Fukuhara-kyō,"['Iapan', 'Iapon', 'Jap', 'Nihon', 'JP', '🇯🇵', 'Nippon-koku', 'Japan', 'JA', 'State of Japan', 'Taira administration', 'Nihon-koku', 'Heike administration', 'Land of the Rising Sun', 'jp', 'Nippon', 'JPN', 'Ja', 'JAP']",['\nFukuhara-kyō was the capital of Japan during the Heian period (794'],ans,1
P1376_general_ASIA_24,Shigaraki Palace,"['Japan', 'Nihon-koku', 'Ja', 'Land of the Rising Sun', 'Iapan', 'jp', 'JA', 'Nippon', 'Iapon', 'Jap', 'State of Japan', 'Nihon', 'JP', '🇯🇵', 'JPN', 'JAP', 'Nippon-koku']",['\nShigaraki Palace is not the capital of any country. It is a historic palace located in Shigaraki'],unk,0
P1376_general_ASIA_25,Naniwa-kyō,"['Japan', 'Nihon-koku', 'Ja', 'Land of the Rising Sun', 'Iapan', 'jp', 'JA', 'Nippon', 'Iapon', 'Jap', 'State of Japan', 'Nihon', 'JP', '🇯🇵', 'JPN', 'JAP', 'Nippon-koku']",['\nNaniwa-kyō was the capital of Japan during the Asuka period (538-'],ans,1
P1376_general_ASIA_26,Jingzhao,"['TW', 'Taiwan', 'Chunghwa Minkwo', 'Nationalist China', 'Nanasian', 'Free China', 'China, Republic', 'Taivangʉ', 'TPE', 'Chinese Taipei', 'Republic of China', 'Ilaod', 'Republic of China (Taiwan)', 'Taywan', 'Formosa', 'TWN', 'Taiwan ROC', 'Taivang', '🇹🇼', 'Free area of the Republic of China', 'ROC', 'Chunghwa Minkuo']",['\nJingzhao was the capital of the Tang dynasty in China.'],ans,0
