﻿uuid,sub_label,obj_label,choices,ans_type,acc
P1412_general_ASIA_0,Yukio Mishima,"['Japanese', 'jp', 'ja', 'Japanese language', 'Nihongo', 'jpn']",['\nYukio Mishima primarily communicated in Japanese.'],ans,1
P1412_general_ASIA_2,Rhee Syng-man,"['eng', 'ko', 'en', 'English', 'Korean language', 'Korean', 'English language']",['\nRhee Syng-man communicated in Korean.'],ans,1
P1412_general_ASIA_4,Yasunari Kawabata,"['Japanese', 'jp', 'ja', 'Japanese language', 'Nihongo', 'jpn']",['\nYasunari Kawabata communicated in Japanese.'],ans,1
P1412_general_ASIA_6,Kana Hanazawa,"['Japanese', 'jp', 'ja', 'Japanese language', 'Nihongo', 'jpn']",['\nKana Hanazawa communicates in Japanese.'],ans,1
P1412_general_ASIA_8,Maaya Uchida,"['Japanese', 'jp', 'ja', 'Japanese language', 'Nihongo', 'jpn']",['\nMaaya Uchida communicates in Japanese.'],ans,1
P1412_general_ASIA_10,Saori Hayami,"['Japanese', 'jp', 'ja', 'Japanese language', 'Nihongo', 'jpn']","['\nSaori Hayami is a Japanese voice actress and singer, so she primarily communicates in Japanese.']",ans,1
P1412_general_ASIA_12,Miyuki Sawashiro,"['Japanese', 'jp', 'ja', 'Japanese language', 'Nihongo', 'jpn']","['\nMiyuki Sawashiro is a Japanese voice actress and singer, so she primarily communicates in Japanese. However,']",ans,1
P1412_general_ASIA_14,Ferdinand Marcos,"['en', 'English', 'eng', 'English language']",['\nFerdinand Marcos communicated in English and Filipino.'],ans,1
P1412_general_ASIA_16,Xi Jinping,"['Mandarin', '中文', 'Mandarin Chinese', 'Chinese language', 'Chinese', 'zh', 'Chinese languages']",['\nXi Jinping communicates in Mandarin Chinese.'],ans,1
P1412_general_ASIA_18,Nana Mizuki,"['Japanese', 'jp', 'ja', 'Japanese language', 'Nihongo', 'jpn']",['\nNana Mizuki communicates in Japanese.'],ans,1
P1412_general_ASIA_20,Hiroyuki Nishimura,"['Japanese', 'ar', 'French', 'jpn', 'ja', 'en', 'French language', 'Arabic', 'fr', 'jp', 'English', 'Arabic language', 'eng', 'fra', 'Japanese language', '(fr)', 'Arabian language', 'Nihongo', 'English language']",['\nHiroyuki Nishimura communicates in Japanese.'],ans,1
P1412_general_ASIA_22,Tomokazu Sugita,"['Japanese', 'jp', 'ja', 'Japanese language', 'Nihongo', 'jpn']",['\nTomokazu Sugita communicates in Japanese.'],ans,1
P1412_general_ASIA_24,Takahiro Sakurai,"['Japanese', 'jp', 'ja', 'Japanese language', 'Nihongo', 'jpn']",['\nTakahiro Sakurai communicates in Japanese.'],ans,1
P1412_general_ASIA_26,Tsuyoshi Shinjo,"['Japanese', 'jp', 'ja', 'Japanese language', 'Nihongo', 'jpn']",['\nTsuyoshi Shinjo communicates in Japanese.'],ans,1
P1412_general_ASIA_28,Kim Koo,"['中文', 'ko', 'Chinese language', 'Chinese', 'zh', 'Korean language', 'Korean', 'Chinese languages']","['\nKim Koo is a historical figure from Korea, so he likely communicated in Korean.']",ans,1
P1412_general_ASIA_30,Masashi Ebara,"['Japanese', 'jp', 'ja', 'Japanese language', 'Nihongo', 'jpn']","['\nMasashi Ebara is a Japanese professional wrestler, so he communicates in Japanese.']",ans,1
P1412_general_ASIA_32,Hakuhō Shō,"['mn', 'Khalka', 'Mongol', 'Mongolian', 'Mongolian language']",['\nHakuhō Shō communicates in Japanese.'],ans,0
P1412_general_ASIA_34,Hayato Ikeda,"['Japanese', 'jp', 'ja', 'Japanese language', 'Nihongo', 'jpn']","['\nHayato Ikeda is a Japanese actor and voice actor, so he communicates in Japanese.']",ans,1
P1412_general_ASIA_36,Inori Minase,"['Japanese', 'jp', 'ja', 'Japanese language', 'Nihongo', 'jpn']","['\nInori Minase is a Japanese voice actress and singer, so she communicates in Japanese.']",ans,1
P1412_general_ASIA_38,Hiro Shimono,"['Japanese', 'jp', 'ja', 'Japanese language', 'Nihongo', 'jpn']","['\nHiro Shimono is a Japanese voice actor and singer, so he communicates in Japanese.']",ans,1
P1412_general_ASIA_40,Yūki Kaji,"['Japanese', 'jp', 'ja', 'Japanese language', 'Nihongo', 'jpn']",['\nYūki Kaji communicates in Japanese.'],ans,1
P1412_general_ASIA_42,Mamoru Miyano,"['Japanese', 'jp', 'ja', 'Japanese language', 'Nihongo', 'jpn']",['\nMamoru Miyano communicates in Japanese.'],ans,1
P1412_general_ASIA_44,You Hee-Yeol,"['Korean', 'Korean language', 'ko']",['\nYou Hee-Yeol communicates in Korean.'],ans,1
P1412_general_ASIA_46,Bhumibol Adulyadej,"['Siamese language', 'Latin', 'Español', 'French', 'Sanskrit language', 'Latin language', 'Yawi', 'Samskrta', 'Sanſcrit', 'th', 'Thai language', 'en', 'German', 'tha', 'Kelantanese Malay', 'Spanish language', 'French language', 'Castilian language', 'Pattani', 'Castilian', 'lat', 'संस्कृतम्', 'mfa', 'fr', 'skt', 'English', 'de', 'Sunscrit', 'sa', 'Central Thai', 'eng', 'fra', 'es', 'German language', 'la', 'Kelantan-Pattani-Terengganu Malay', 'Siamese', 'Kelantan Malay', 'संस्कृत-', 'Spanish', 'san', '(fr)', 'Sanskrit', 'Samskrtam', 'Pattani Malay', 'Thai', 'English language']",['\nBhumibol Adulyadej communicates in Thai.'],ans,1
P1412_general_ASIA_48,Chang Myon,"['Korean', 'Korean language', 'ko']",['\nChang Myon communicates in Korean.'],ans,1
P1412_general_ASIA_50,Kim Kyu-sik,"['Korean', 'Korean language', 'ko']",['\nKim Kyu-sik communicates in Korean.'],ans,1
P1412_general_ASIA_52,Rie Murakawa,"['Japanese', 'jp', 'ja', 'Japanese language', 'Nihongo', 'jpn']","['\nRie Murakawa is a Japanese voice actress and singer, so she primarily communicates in Japanese.']",ans,1
P1412_general_ASIA_54,Lee Myung-bak,"['Korean', 'Korean language', 'ko']",['\nLee Myung-bak communicates in Korean.'],ans,1
P1412_general_ASIA_56,Sumire Uesaka,"['ru', 'Russkiy', 'Japanese', 'jp', 'ja', 'Japanese language', 'Russkiy yazyk', 'Russian', 'Russian language', 'Nihongo', 'jpn']","['\nSumire Uesaka is a Japanese voice actress and singer, so she primarily communicates in Japanese. However, she']",ans,1
P1412_general_ASIA_58,Hirohito,"['Japanese', 'jp', 'ja', 'Japanese language', 'Nihongo', 'jpn']",['\nHirohito communicated in Japanese.'],ans,1
P1412_general_ASIA_60,Sonny Chiba,"['Japanese', 'jp', 'ja', 'Japanese language', 'Nihongo', 'jpn']","['\nSonny Chiba is a Japanese actor and martial artist, so he primarily communicates in Japanese.']",ans,1
P1412_general_ASIA_62,Jun Fukuyama,"['Japanese', 'jp', 'ja', 'Japanese language', 'Nihongo', 'jpn']",['\nJun Fukuyama communicates in Japanese.'],ans,1
P1412_general_ASIA_64,Junichi Suwabe,"['Japanese', 'jp', 'ja', 'Japanese language', 'Nihongo', 'jpn']","['\nJunichi Suwabe is a Japanese voice actor and seiyū, so he communicates in Japanese.']",ans,1
P1412_general_ASIA_66,Daisuke Namikawa,"['Japanese', 'jp', 'ja', 'Japanese language', 'Nihongo', 'jpn']","['\nDaisuke Namikawa is a Japanese voice actor and singer, so he communicates in Japanese.']",ans,1
P1412_general_ASIA_68,Kotoko,"['Japanese', 'jp', 'ja', 'Japanese language', 'Nihongo', 'jpn']",['\nKotoko is a fictional character from the anime series Clannad. She communicates in Japanese.'],ans,1
P1412_general_ASIA_70,Akira Ishida,"['Japanese', 'jp', 'ja', 'Japanese language', 'Nihongo', 'jpn']","['\nAkira Ishida is a Japanese voice actor and singer, so he communicates in Japanese.']",ans,1
P1412_general_ASIA_72,Yoshirō Mori,"['Japanese', 'jp', 'ja', 'Japanese language', 'Nihongo', 'jpn']",['\nYoshirō Mori communicates in Japanese.'],ans,1
P1412_general_ASIA_74,Daisaku Ikeda,"['Japanese', 'jp', 'ja', 'Japanese language', 'Nihongo', 'jpn']",['\nDaisaku Ikeda communicates in Japanese and English.'],ans,1
P1412_general_ASIA_76,Nobuhiko Okamoto,"['Japanese', 'jp', 'ja', 'Japanese language', 'Nihongo', 'jpn']",['\nNobuhiko Okamoto communicates in Japanese.'],ans,1
P1412_general_ASIA_78,Kim Young-sam,"['Japanese', 'ko', 'jp', 'ja', 'Japanese language', 'Korean language', 'Korean', 'Nihongo', 'jpn']",['\nKim Young-sam communicates in Korean.'],ans,1
P1412_general_ASIA_80,Tomokazu Seki,"['Japanese', 'jp', 'ja', 'Japanese language', 'Nihongo', 'jpn']","['\nTomokazu Seki is a Japanese voice actor and singer, so he communicates in Japanese.']",ans,1
P1412_general_ASIA_82,Park Jung-yang,"['Korean', 'Korean language', 'ko']","[""\nI'm sorry, I cannot provide an accurate answer to this question as there is no known public figure named Park Jung""]",unk,0
P1412_general_ASIA_84,Park Chung-hee,"['Japanese', '中文', 'ko', 'jp', 'Japanese language', 'ja', 'Chinese language', 'Chinese', 'zh', 'Korean language', 'Korean', 'Nihongo', 'Chinese languages', 'jpn']",['\nPark Chung-hee was a South Korean military leader and politician who served as the President of South Korea from 1963'],ans,1
P1412_general_ASIA_86,Susumu Hirasawa,"['Japanese', 'jp', 'ja', 'Japanese language', 'Nihongo', 'jpn']",['\nSusumu Hirasawa communicates in Japanese.'],ans,1
P1412_general_ASIA_88,Tesshō Genda,"['Japanese', 'jp', 'ja', 'Japanese language', 'Nihongo', 'jpn']",['\nTesshō Genda communicates in Japanese.'],ans,1
P1412_general_ASIA_90,Yui Ogura,"['Japanese', 'jp', 'ja', 'Japanese language', 'Nihongo', 'jpn']","['\nYui Ogura is a Japanese actress and singer, so she primarily communicates in Japanese.']",ans,1
P1412_general_ASIA_92,Antonio Inoki,"['Japanese', 'jp', 'ja', 'Japanese language', 'Nihongo', 'jpn']",['\nAntonio Inoki communicates in Japanese.'],ans,1
P1412_general_ASIA_94,Takehito Koyasu,"['Japanese', 'jp', 'ja', 'Japanese language', 'Nihongo', 'jpn']","['\nTakehito Koyasu is a Japanese voice actor and singer, so he communicates in Japanese.']",ans,1
P1412_general_ASIA_96,Rodrigo Duterte,"['Cebuan language', 'Cebuano language', 'ceb', 'Cebuano']",['\nRodrigo Duterte communicates in Filipino and English.'],ans,0
P1412_general_ASIA_98,Osamu Tezuka,"['Japanese', 'jp', 'ja', 'Japanese language', 'Nihongo', 'jpn']",['\nOsamu Tezuka communicated in Japanese.'],ans,1
P1412_general_ASIA_100,Na Hye-sok,"['Korean', 'Korean language', 'ko']",['\nNa Hye-sok communicates in Korean.'],ans,1
P1412_general_ASIA_102,Yasushi Akimoto,"['Japanese', 'jp', 'ja', 'Japanese language', 'Nihongo', 'jpn']",['\nYasushi Akimoto communicates in Japanese.'],ans,1
P1412_general_ASIA_104,Asami Imai,"['Japanese', 'jp', 'ja', 'Japanese language', 'Nihongo', 'jpn']","['\nAsami Imai is a Japanese voice actress and singer, so she communicates in Japanese.']",ans,1
P1412_general_ASIA_106,Deng Xiaoping,"['中文', 'Chinese language', 'Chinese', 'zh', 'Chinese languages']","[""\nDeng Xiaoping was a Chinese politician and statesman who served as the paramount leader of the People's Republic of""]",ans,1
P1412_general_ASIA_108,Tokugawa Ieyasu,"['Japanese', 'jp', 'ja', 'Japanese language', 'Nihongo', 'jpn']",['\nTokugawa Ieyasu communicated in Japanese.'],ans,1
P1412_general_ASIA_110,Ai Kayano,"['Japanese', 'jp', 'ja', 'Japanese language', 'Nihongo', 'jpn']","['\nAi Kayano is a Japanese voice actress and singer, so she primarily communicates in Japanese. However, she has also done']",ans,1
P1412_general_ASIA_112,Hiroshi Kamiya,"['Japanese', 'jp', 'ja', 'Japanese language', 'Nihongo', 'jpn']",['\nHiroshi Kamiya communicates in Japanese.'],ans,1
P1412_general_ASIA_114,Yoshikazu Ebisu,"['Japanese', 'jp', 'ja', 'Japanese language', 'Nihongo', 'jpn']",['\nYoshikazu Ebisu communicates in Japanese.'],ans,1
P1412_general_ASIA_116,Hikaru Midorikawa,"['Japanese', 'jp', 'ja', 'Japanese language', 'Nihongo', 'jpn']",['\nHikaru Midorikawa communicates in Japanese.'],ans,1
P1412_general_ASIA_118,Sota Fujii,"['Japanese', 'jp', 'ja', 'Japanese language', 'Nihongo', 'jpn']","['\nSota Fujii is a Japanese professional wrestler, so he communicates in Japanese.']",ans,1
P1412_general_ASIA_120,Jolin Tsai,"['eng', '中文', 'en', 'English', 'Chinese language', 'Chinese', 'zh', 'Chinese languages', 'English language']",['\nJolin Tsai is a Taiwanese singer and actress who primarily communicates in Mandarin Chinese.'],ans,1
P1412_general_ASIA_122,Kikuko Inoue,"['Japanese', 'jp', 'ja', 'Japanese language', 'Nihongo', 'jpn']","['\nKikuko Inoue is a Japanese voice actress and singer, so she communicates in Japanese.']",ans,1
P1412_general_ASIA_124,Carrie Lam,"['Mandarin', 'Putonghua', '中文', 'Guoyu', 'Chinese language', 'Huayu', 'en', 'Mandarin Chinese', 'Chinese', 'Chinese languages', 'zh-cn', 'Standard Chinese', 'English', 'zh', 'Kuo-yü', 'eng', 'Standard Mandarin', 'Modern Standard Mandarin', 'English language']",['\nCarrie Lam communicates in Cantonese and English.'],ans,1
P1412_general_ASIA_126,Yukari Tamura,"['Japanese', 'jp', 'ja', 'Japanese language', 'Nihongo', 'jpn']",['\nYukari Tamura communicates in Japanese.'],ans,1
P1412_general_ASIA_128,Tarō Asō,"['Japanese', 'jp', 'ja', 'Japanese language', 'Nihongo', 'jpn']",['\nTaro Aso communicates in Japanese.'],ans,1
P1412_general_ASIA_130,Marina Inoue,"['Japanese', 'jp', 'ja', 'Japanese language', 'Nihongo', 'jpn']","['\nMarina Inoue is a Japanese voice actress and singer, so she primarily communicates in Japanese.']",ans,1
P1412_general_ASIA_132,Maaya Sakamoto,"['Japanese', 'jp', 'ja', 'Japanese language', 'Nihongo', 'jpn']",['\nMaaya Sakamoto communicates in Japanese.'],ans,1
P1412_general_ASIA_134,Shigeyoshi Inoue,"['Japanese', 'jp', 'ja', 'Japanese language', 'Nihongo', 'jpn']",['\nShigeyoshi Inoue communicates in Japanese.'],ans,1
P1412_general_ASIA_136,Tsai Ing-wen,"['Mandarin', 'Putonghua', 'Guóyǔ', '中文', 'Guoyu', 'Min Nan', 'Taiwanese Mandarin', 'Chinese language', 'Huayu', 'Táiwān Huáyǔ', 'zh_TW', 'en', 'Min Nan Chinese', 'Mandarin Chinese', 'zh-TW', 'Chinese', 'Standard Taiwanese Mandarin', 'Chinese languages', 'Standard Chinese', 'nan-TW', 'English', 'zh', 'Kuo-yü', 'Biāozhǔn Guóyǔ', 'Southern Min', 'nan', 'eng', 'Standard Mandarin', 'Taiwanese Hokkien', 'Modern Standard Mandarin', 'Taiwanese', 'zh-min-nan', 'Standard Guoyu', 'English language']",['\nTsai Ing-wen communicates in Mandarin Chinese and Taiwanese Hokkien.'],ans,1
P1412_general_ASIA_138,Vajiralongkorn,"['Central Thai', 'eng', 'Siamese language', 'th', 'Siamese', 'Thai language', 'en', 'English', 'tha', 'Thai', 'English language']","['\nVajiralongkorn communicates in Thai, his native language.']",ans,1
P1412_general_ASIA_140,Shin-ichiro Miki,"['Japanese', 'jp', 'ja', 'Japanese language', 'Nihongo', 'jpn']",['\nShin-ichiro Miki communicates in Japanese.'],ans,1
P1412_general_ASIA_142,Kim Yuna,"['Korean', 'Korean language', 'ko']",['\nKim Yuna communicates in Korean.'],ans,1
P1412_general_ASIA_144,Minori Chihara,"['Japanese', 'jp', 'ja', 'Japanese language', 'Nihongo', 'jpn']",['\nMinori Chihara communicates in Japanese.'],ans,1
P1412_general_ASIA_146,Yun Hyon-seok,"['Korean', 'Korean language', 'ko']",['\nYun Hyon-seok communicates in Korean.'],ans,1
P1412_general_ASIA_148,Atsushi Nakajima,"['Japanese', 'jp', 'ja', 'Japanese language', 'Nihongo', 'jpn']",['\nAtsushi Nakajima communicates in Japanese.'],ans,1
P1412_general_ASIA_150,Wataru Hatano,"['Japanese', 'jp', 'ja', 'Japanese language', 'Nihongo', 'jpn']",['\nWataru Hatano communicates in Japanese.'],ans,1
P1412_general_ASIA_152,Sakamoto Ryōma,"['Japanese', 'jp', 'ja', 'Japanese language', 'Nihongo', 'jpn']",['\nSakamoto Ryōma communicated in Japanese.'],ans,1
P1412_general_ASIA_154,Tetsuya Kakihara,"['Japanese', 'jp', 'ja', 'Japanese language', 'Nihongo', 'jpn']",['\nTetsuya Kakihara communicates in Japanese.'],ans,1
P1412_general_ASIA_156,Nguyễn Huệ,"['Vietnamese language', 'vi', 'tiếng Việt', 'Vietnamese', 'vie']",['\nNguyễn Huệ communicates in Vietnamese.'],ans,1
P1412_general_ASIA_158,Yukio Hatoyama,"['Japanese', 'jp', 'ja', 'Japanese language', 'Nihongo', 'jpn']",['\nYukio Hatoyama communicates in Japanese.'],ans,1
P1412_general_ASIA_160,Shōgo Hamada,"['Japanese', 'jp', 'ja', 'Japanese language', 'Nihongo', 'jpn']",['\nShōgo Hamada communicates in Japanese.'],ans,1
P1412_general_ASIA_162,Ryōtarō Okiayu,"['Japanese', 'jp', 'ja', 'Japanese language', 'Nihongo', 'jpn']","['\nRyōtarō Okiayu is a Japanese voice actor, so he communicates in Japanese.']",ans,1
P1412_general_ASIA_164,Takuya Eguchi,"['Japanese', 'jp', 'ja', 'Japanese language', 'Nihongo', 'jpn']","['\nTakuya Eguchi is a Japanese voice actor and singer, so he primarily communicates in Japanese.']",ans,1
P1412_general_ASIA_166,Chiang Kai-shek,"['Wu Chinese', 'wuu', '中文', 'Wu dialects', 'Wu dialect', 'Chinese language', 'Chinese', 'Wuu dialect', 'zh', 'Wu Chinese language', 'Wu language', 'Chinese languages']",['\nChiang Kai-shek communicated in Mandarin Chinese.'],ans,1
P1412_general_ASIA_168,Naoto Kan,"['Japanese', 'jp', 'ja', 'Japanese language', 'Nihongo', 'jpn']",['\nNaoto Kan communicates in Japanese.'],ans,1
P1412_general_ASIA_170,Keiji Fujiwara,"['Japanese', 'jp', 'ja', 'Japanese language', 'Nihongo', 'jpn']",['\nKeiji Fujiwara communicates in Japanese.'],ans,1
P1412_general_ASIA_172,Yasuo Fukuda,"['Japanese', 'jp', 'ja', 'Japanese language', 'Nihongo', 'jpn']",['\nYasuo Fukuda communicates in Japanese.'],ans,1
P1412_general_ASIA_174,Kenn,"['Japanese', 'jp', 'ja', 'Japanese language', 'Nihongo', 'jpn']","[""\nI'm sorry, I cannot answer that question as there is no context provided. Could you please provide more information?""]",unk,0
P1412_general_ASIA_176,Tatsuhisa Suzuki,"['Japanese', 'jp', 'ja', 'Japanese language', 'Nihongo', 'jpn']",['\nTatsuhisa Suzuki communicates in Japanese.'],ans,1
P1412_general_ASIA_178,Kana Ueda,"['Japanese', 'jp', 'ja', 'Japanese language', 'Nihongo', 'jpn']","['\nKana Ueda is a Japanese voice actress and singer, so she primarily communicates in Japanese.']",ans,1
P1412_general_ASIA_180,Toshiki Masuda,"['Japanese', 'jp', 'ja', 'Japanese language', 'Nihongo', 'jpn']",['\nToshiki Masuda communicates in Japanese.'],ans,1
P1412_general_ASIA_182,Haruka Tomatsu,"['Japanese', 'jp', 'ja', 'Japanese language', 'Nihongo', 'jpn']","['\nHaruka Tomatsu is a Japanese voice actress and singer, so she primarily communicates in Japanese.']",ans,1
P1412_general_ASIA_184,Seiko Matsuda,"['Japanese', 'jp', 'ja', 'Japanese language', 'Nihongo', 'jpn']","['\nSeiko Matsuda is a Japanese singer and actress, so she primarily communicates in Japanese.']",ans,1
P1412_general_ASIA_186,Satoshi Uematsu,"['Japanese', 'jp', 'ja', 'Japanese language', 'Nihongo', 'jpn']",['\nSatoshi Uematsu communicates in Japanese.'],ans,1
P1412_general_ASIA_188,Isao Tomita,"['Japanese', 'jp', 'ja', 'Japanese language', 'Nihongo', 'jpn']",['\nIsao Tomita communicates in Japanese.'],ans,1
P1412_general_ASIA_190,Sessue Hayakawa,"['Japanese', 'jp', 'ja', 'Japanese language', 'Nihongo', 'jpn']",['\nSessue Hayakawa was a Japanese actor who appeared in many silent films in the early 20th'],ans,1
P1412_general_ASIA_192,Kazuhiko Inoue,"['Japanese', 'jp', 'ja', 'Japanese language', 'Nihongo', 'jpn']",['\nKazuhiko Inoue communicates in Japanese.'],ans,1
P1412_general_ASIA_194,Seichō Matsumoto,"['Japanese', 'jp', 'ja', 'Japanese language', 'Nihongo', 'jpn']",['\nSeichō Matsumoto communicates in Japanese.'],ans,1
P1412_general_ASIA_196,Kelly Chen,"['中文', 'Chinese language', 'Chinese', 'zh', 'Chinese languages']",['\nKelly Chen is a Chinese singer and actress who primarily communicates in Cantonese and Mandarin.'],ans,1
P1412_general_ASIA_198,Takeshi Kitano,"['Japanese', 'jp', 'ja', 'Japanese language', 'Nihongo', 'jpn']",['\nTakeshi Kitano communicates in Japanese.'],ans,1
P1412_general_ASIA_200,Võ Nguyên Giáp,"['Vietnamese language', 'fra', 'fr', 'vi', '(fr)', 'tiếng Việt', 'French language', 'Vietnamese', 'French', 'vie']",['\nVõ Nguyên Giáp communicates in Vietnamese.'],ans,1
P1412_general_ASIA_202,Kazuhiro Kiyohara,"['Japanese', 'jp', 'ja', 'Japanese language', 'Nihongo', 'jpn']",['\nKazuhiro Kiyohara communicates in Japanese.'],ans,1
P1412_general_ASIA_204,Masakazu Morita,"['Japanese', 'jp', 'ja', 'Japanese language', 'Nihongo', 'jpn']",['\nMasakazu Morita communicates in Japanese.'],ans,1
P1412_general_ASIA_206,Shoko Asahara,"['Japanese', 'jp', 'ja', 'Japanese language', 'Nihongo', 'jpn']",['\nShoko Asahara communicates in Japanese.'],ans,1
P1412_general_ASIA_208,Sayaka Ohara,"['Japanese', 'jp', 'ja', 'Japanese language', 'Nihongo', 'jpn']","['\nSayaka Ohara is a Japanese voice actress and singer, so she primarily communicates in Japanese.']",ans,1
P1412_general_ASIA_210,Hibari Misora,"['Japanese', 'jp', 'ja', 'Japanese language', 'Nihongo', 'jpn']",['\nHibari Misora communicated in Japanese.'],ans,1
P1412_general_ASIA_212,Takashi Kawamura,"['Japanese', 'jp', 'ja', 'Japanese language', 'Nihongo', 'jpn']",['\nTakashi Kawamura communicates in Japanese.'],ans,1
P1412_general_ASIA_214,Yoko Ono,"['eng', 'Japanese', 'jp', 'Japanese language', 'en', 'English', 'ja', 'jpn', 'Nihongo', 'English language']","['\nYoko Ono communicates in English, Japanese, and occasionally in French.']",ans,1
P1412_general_ASIA_216,Ryōhei Kimura,"['Japanese', 'jp', 'ja', 'Japanese language', 'Nihongo', 'jpn']",['\nRyōhei Kimura communicates in Japanese.'],ans,1
P1412_general_ASIA_218,Daisuke Kishio,"['Japanese', 'jp', 'ja', 'Japanese language', 'Nihongo', 'jpn']",['\nDaisuke Kishio communicates in Japanese.'],ans,1
P1412_general_ASIA_220,Rena Matsui,"['Japanese', 'jp', 'ja', 'Japanese language', 'Nihongo', 'jpn']",['\nRena Matsui communicates in Japanese.'],ans,1
P1412_general_ASIA_222,Satoshi Hino,"['Japanese', 'jp', 'ja', 'Japanese language', 'Nihongo', 'jpn']",['\nSatoshi Hino communicates in Japanese.'],ans,1
P1412_general_ASIA_224,Rikiya Koyama,"['Japanese', 'jp', 'ja', 'Japanese language', 'Nihongo', 'jpn']",['\nRikiya Koyama is a Japanese voice actor and he communicates in Japanese.'],ans,1
P1412_general_ASIA_226,Ayumu Murase,"['eng', 'Japanese', 'jp', 'Japanese language', 'en', 'English', 'ja', 'jpn', 'Nihongo', 'English language']","['\nAyumu Murase is a Japanese voice actor and singer, so he communicates in Japanese.']",ans,1
P1412_general_ASIA_228,Chiang Ching-kuo,"['ru', 'Russkiy', 'Mandarin', '中文', 'Mandarin Chinese', 'Russkiy yazyk', 'Chinese', 'Chinese language', 'zh', 'Russian', 'Russian language', 'Chinese languages']",['\nChiang Ching-kuo communicated in Mandarin Chinese.'],ans,1
P1412_general_ASIA_230,Mitsuharu Misawa,"['Japanese', 'jp', 'ja', 'Japanese language', 'Nihongo', 'jpn']",['\nMitsuharu Misawa was a Japanese professional wrestler and he communicated in Japanese.'],ans,1
P1412_general_ASIA_232,Korechika Anami,"['Japanese', 'jp', 'ja', 'Japanese language', 'Nihongo', 'jpn']",['\nKorechika Anami communicates in Japanese.'],ans,1
P1412_general_ASIA_234,Ami Koshimizu,"['Japanese', 'jp', 'ja', 'Japanese language', 'Nihongo', 'jpn']",['\nAmi Koshimizu communicates in Japanese.'],ans,1
P1412_general_ASIA_236,Aska,"['Japanese', 'jp', 'ja', 'Japanese language', 'Nihongo', 'jpn']",['\nAska communicates in the language of the person she is speaking to.'],ans,0
P1412_general_ASIA_238,Kumi Koda,"['Japanese', 'jp', 'ja', 'Japanese language', 'Nihongo', 'jpn']","['\nKumi Koda is a Japanese singer and songwriter, so she primarily communicates in Japanese. However, she has also released']",ans,1
P1412_general_ASIA_240,Son Tung M-TP,"['Vietnamese language', 'vi', 'tiếng Việt', 'Vietnamese', 'vie']",['\nSon Tung M-TP communicates in Vietnamese.'],ans,1
P1412_general_ASIA_242,Mạc Thái Tổ,"['Vietnamese language', 'vi', 'tiếng Việt', 'Vietnamese', 'vie']",['\nMạc Thái Tổ communicates in Vietnamese.'],ans,1
P1412_general_ASIA_244,Kenji Nojima,"['Japanese', 'jp', 'ja', 'Japanese language', 'Nihongo', 'jpn']",['\nKenji Nojima communicates in Japanese.'],ans,1
P1412_general_ASIA_246,Takuma Terashima,"['Japanese', 'jp', 'ja', 'Japanese language', 'Nihongo', 'jpn']",['\nTakuma Terashima communicates in Japanese.'],ans,1
P1412_general_ASIA_248,Yasuhiro Nakasone,"['Japanese', 'jp', 'ja', 'Japanese language', 'Nihongo', 'jpn']",['\nYasuhiro Nakasone communicates in Japanese.'],ans,1
P1412_general_ASIA_250,Yoo Byung-eun,"['Korean', 'Korean language', 'ko']",['\nYoo Byung-eun communicates in Korean.'],ans,1
P1412_general_ASIA_252,Jiang Zemin,"['ru', 'Japanese', '中文', 'Rumanian', 'Urdu language', 'Chinese language', 'Español', 'French', 'Romanian', 'jpn', 'Oordoo', 'Urdu', 'ja', 'en', 'German', 'Chinese', 'Spanish language', 'French language', 'Castilian language', 'Chinese languages', 'ur', 'Castilian', 'Russkiy', 'fr', 'ro', 'jp', 'Romanian language', 'English', 'de', 'zh', 'eng', 'fra', 'es', 'German language', 'Japanese language', 'Spanish', '(fr)', 'Russkiy yazyk', 'Russian', 'Russian language', 'Nihongo', 'English language']",['\nJiang Zemin communicates in Mandarin Chinese.'],ans,1
P1412_general_ASIA_254,Akira Kurosawa,"['Japanese', 'jp', 'ja', 'Japanese language', 'Nihongo', 'jpn']",['\nAkira Kurosawa communicated in Japanese.'],ans,1
P1412_general_ASIA_256,Liu Xiaobo,"['中文', 'Chinese language', 'Chinese', 'zh', 'Chinese languages']",['\nLiu Xiaobo communicates in Chinese.'],ans,1
P1412_general_ASIA_258,Shō Hayami,"['Japanese', 'jp', 'ja', 'Japanese language', 'Nihongo', 'jpn']",['\nShō Hayami communicates in Japanese.'],ans,1
P1412_general_ASIA_260,Lee Kyu-wan,"['Korean', 'Korean language', 'ko']",['\nLee Kyu-wan communicates in Korean.'],ans,1
P1412_general_ASIA_262,Hiromi Go,"['Japanese', 'jp', 'ja', 'Japanese language', 'Nihongo', 'jpn']",['\nHiromi Go communicates in Japanese.'],ans,1
P1412_general_ASIA_264,Utada Hikaru,"['eng', 'Japanese', 'jp', 'Japanese language', 'en', 'English', 'ja', 'jpn', 'Nihongo', 'English language']",['\nUtada Hikaru communicates in Japanese and English.'],ans,1
P1412_general_ASIA_266,Maya Yoshida,"['Japanese', 'jp', 'ja', 'Japanese language', 'Nihongo', 'jpn']",['\nMaya Yoshida communicates in Japanese.'],ans,1
P1412_general_ASIA_268,Mai Nakahara,"['Japanese', 'jp', 'ja', 'Japanese language', 'Nihongo', 'jpn']",['\nMai Nakahara communicates in Japanese.'],ans,1
P1412_general_ASIA_270,Rie Tanaka,"['Japanese', 'jp', 'ja', 'Japanese language', 'Nihongo', 'jpn']","['\nRie Tanaka is a Japanese actress and singer, so she primarily communicates in Japanese.']",ans,1
P1412_general_ASIA_272,Yuriko Koike,"['Japanese', 'jp', 'ja', 'Japanese language', 'Nihongo', 'jpn']",['\nYuriko Koike is a Japanese politician and former lawyer. She communicates in Japanese.'],ans,1
P1412_general_ASIA_274,Ren Ōsugi,"['Japanese', 'jp', 'ja', 'Japanese language', 'Nihongo', 'jpn']",['\nRen Ōsugi communicates in Japanese.'],ans,1
P1412_general_ASIA_276,Yusuke Nakano,"['Japanese', 'jp', 'ja', 'Japanese language', 'Nihongo', 'jpn']",['\nYusuke Nakano communicates in Japanese.'],ans,1
P1412_general_ASIA_278,Hiroki Takahashi,"['Japanese', 'jp', 'ja', 'Japanese language', 'Nihongo', 'jpn']",['\nHiroki Takahashi communicates in Japanese.'],ans,1
P1412_general_ASIA_280,Shigeru Mizuki,"['Japanese', 'jp', 'ja', 'Japanese language', 'Nihongo', 'jpn']",['\nShigeru Mizuki communicates in Japanese.'],ans,1
P1412_general_ASIA_282,Najib Razak,"['eng', 'Malay macrolanguage', 'Malay language', 'ms', 'en', 'English', 'msa', 'Malay', 'English language']",['\nNajib Razak communicates in English and Malay.'],ans,1
P1412_general_ASIA_284,Yūichirō Umehara,"['Japanese', 'jp', 'ja', 'Japanese language', 'Nihongo', 'jpn']",['\nYūichirō Umehara communicates in Japanese.'],ans,1
P1412_general_ASIA_286,Akira Maeda,"['Japanese', 'jp', 'ja', 'Japanese language', 'Nihongo', 'jpn']","['\nAkira Maeda is a Japanese actor and singer, so he primarily communicates in Japanese.']",ans,1
P1412_general_ASIA_288,Akechi Mitsuhide,"['Japanese', 'jp', 'ja', 'Japanese language', 'Nihongo', 'jpn']",['\nAkechi Mitsuhide communicates in Japanese.'],ans,1
P1412_general_ASIA_290,Mori Ōgai,"['Japanese', 'jp', 'ja', 'Japanese language', 'Nihongo', 'jpn']",['\nMori Ōgai communicated in Japanese.'],ans,1
P1412_general_ASIA_292,Enako,"['Japanese', 'jp', 'ja', 'Japanese language', 'Nihongo', 'jpn']","[""\nEnako is a fictional character from the Japanese manga series 'Kuroko no Basket' and does not have a specific language""]",ans,1
P1412_general_ASIA_294,Minami Tanaka,"['Japanese', 'jp', 'ja', 'Japanese language', 'Nihongo', 'jpn']","['\nMinami Tanaka is a Japanese actress and singer, so she primarily communicates in Japanese.']",ans,1
P1412_general_ASIA_296,Shigeru Ishiba,"['Japanese', 'jp', 'ja', 'Japanese language', 'Nihongo', 'jpn']",['\nShigeru Ishiba communicates in Japanese.'],ans,1
P1412_general_ASIA_298,Rina Hidaka,"['Japanese', 'jp', 'ja', 'Japanese language', 'Nihongo', 'jpn']",['\nRina Hidaka communicates in Japanese.'],ans,1
P1412_general_ASIA_300,Kappei Yamaguchi,"['Japanese', 'jp', 'ja', 'Japanese language', 'Nihongo', 'jpn']","['\nKappei Yamaguchi is a Japanese voice actor and actor, so he communicates in Japanese.']",ans,1
P1412_general_ASIA_302,Taksin,"['Central Thai', 'Siamese language', 'th', 'Siamese', 'Thai language', 'tha', 'Thai']",['\nTaksin communicated in Thai language.'],ans,1
P1412_general_ASIA_304,Ken Shimura,"['Japanese', 'jp', 'ja', 'Japanese language', 'Nihongo', 'jpn']",['\nKen Shimura was a Japanese comedian and actor who spoke in Japanese.'],ans,1
P1412_general_ASIA_306,Yasunori Matsumoto,"['Japanese', 'jp', 'ja', 'Japanese language', 'Nihongo', 'jpn']",['\nYasunori Matsumoto communicates in Japanese.'],ans,1
P1412_general_ASIA_308,Lee Jong-wook,"['Korean', 'Korean language', 'ko']",['\nLee Jong-wook communicates in Korean.'],ans,1
P1412_general_ASIA_310,Isao Harimoto,"['Korean', 'Korean language', 'ko']",['\nIsao Harimoto communicates in Japanese.'],ans,0
P1412_general_ASIA_312,Reina Tanaka,"['Japanese', 'jp', 'ja', 'Japanese language', 'Nihongo', 'jpn']","['\nReina Tanaka is a Japanese singer and actress, so she primarily communicates in Japanese.']",ans,1
P1412_general_ASIA_314,Tsunehiko Watase,"['Japanese', 'jp', 'ja', 'Japanese language', 'Nihongo', 'jpn']",['\nTsunehiko Watase communicates in Japanese.'],ans,1
P1412_general_ASIA_316,Shouta Aoi,"['Japanese', 'jp', 'ja', 'Japanese language', 'Nihongo', 'jpn']","['\nShouta Aoi is a Japanese voice actor and singer, so he primarily communicates in Japanese. However, he']",ans,1
P1412_general_ASIA_318,Jun'ichirō Koizumi,"['eng', 'Japanese', 'jp', 'Japanese language', 'en', 'English', 'ja', 'jpn', 'Nihongo', 'English language']","[""\nJun'ichirō Koizumi communicates in Japanese.""]",ans,1
P1412_general_ASIA_320,Tomoyasu Hotei,"['Japanese', 'jp', 'ja', 'Japanese language', 'Nihongo', 'jpn']",['\nTomoyasu Hotei communicates in Japanese.'],ans,1
P1412_general_ASIA_322,Omwro chino,"['中文', 'Chinese language', 'Chinese', 'zh', 'Chinese languages']","['\nOmwro chino is a fictional character from the Star Wars franchise, and as such, does not communicate in']",ans,0
P1412_general_ASIA_324,Asami Shimoda,"['Japanese', 'jp', 'ja', 'Japanese language', 'Nihongo', 'jpn']","['\nAsami Shimoda is a Japanese actress and voice actress, so she primarily communicates in Japanese.']",ans,1
P1412_general_ASIA_326,Yumi Matsutoya,"['Japanese', 'jp', 'ja', 'Japanese language', 'Nihongo', 'jpn']",['\nYumi Matsutoya communicates in Japanese.'],ans,1
P1412_general_ASIA_328,Hirobumi Itō,"['Japanese', 'jp', 'ja', 'Japanese language', 'Nihongo', 'jpn']",['\nHirobumi Itō communicated in Japanese.'],ans,1
P1412_general_ASIA_330,Gackt,"['eng', 'Japanese', 'jp', 'Japanese language', 'en', 'English', 'ja', 'jpn', 'Nihongo', 'English language']",['\nGackt communicates in Japanese and English.'],ans,1
P1412_general_ASIA_332,Yuki Kashiwagi,"['Japanese', 'jp', 'ja', 'Japanese language', 'Nihongo', 'jpn']",['\nYuki Kashiwagi communicates in Japanese.'],ans,1
P1412_general_ASIA_334,Fumio Kishida,"['eng', 'Japanese', 'jp', 'Japanese language', 'en', 'English', 'ja', 'jpn', 'Nihongo', 'English language']",['\nFumio Kishida communicates in Japanese.'],ans,1
P1412_general_ASIA_336,Komura Jutarō,"['Japanese', 'jp', 'ja', 'Japanese language', 'Nihongo', 'jpn']",['\nKomura Jutarō communicated in Japanese.'],ans,1
P1412_general_ASIA_338,Kishō Taniyama,"['Japanese', 'jp', 'ja', 'Japanese language', 'Nihongo', 'jpn']",['\nKishō Taniyama was a Japanese mathematician who primarily communicated in Japanese.'],ans,1
P1412_general_ASIA_340,Renhō,"['Japanese', 'jp', 'ja', 'Japanese language', 'Nihongo', 'jpn']",['\nRenhō is a Japanese politician and former leader of the Democratic Party of Japan. She communicates in Japanese.'],ans,1
P1412_general_ASIA_342,Rumi Ōkubo,"['Japanese', 'jp', 'ja', 'Japanese language', 'Nihongo', 'jpn']",['\nRumi Ōkubo communicates in Japanese.'],ans,1
P1412_general_ASIA_344,Reina Ueda,"['Japanese', 'jp', 'ja', 'Japanese language', 'Nihongo', 'jpn']","['\nReina Ueda is a Japanese actress and singer, so she primarily communicates in Japanese.']",ans,1
P1412_general_ASIA_346,Tomohisa Yamashita,"['eng', 'Japanese', 'jp', 'Japanese language', 'en', 'English', 'ja', 'jpn', 'Nihongo', 'English language']","['\nTomohisa Yamashita is a Japanese actor and singer, so he primarily communicates in Japanese.']",ans,1
P1412_general_ASIA_348,Son Heung-min,"['Korean', 'Korean language', 'ko']",['\nSon Heung-min communicates in Korean.'],ans,1
P1412_general_ASIA_350,Minoru Genda,"['Japanese', 'jp', 'ja', 'Japanese language', 'Nihongo', 'jpn']",['\nMinoru Genda communicates in Japanese.'],ans,1
P1412_general_ASIA_352,Shiori Izawa,"['Japanese', 'jp', 'ja', 'Japanese language', 'Nihongo', 'jpn']","[""\nShiori Izawa is a fictional character from the anime series 'K-On!' and she communicates in Japanese.""]",ans,1
P1412_general_ASIA_354,Houko Kuwashima,"['Japanese', 'jp', 'ja', 'Japanese language', 'Nihongo', 'jpn']",['\nHouko Kuwashima communicates in Japanese.'],ans,1
P1412_general_ASIA_356,Kang Daniel,"['Korean', 'Korean language', 'ko']",['\nKang Daniel communicates in Korean.'],ans,1
P1412_general_ASIA_358,Kotono Mitsuishi,"['Japanese', 'jp', 'ja', 'Japanese language', 'Nihongo', 'jpn']",['\nKotono Mitsuishi communicates in Japanese.'],ans,1
P1412_general_ASIA_360,Kaori Nazuka,"['Japanese', 'jp', 'ja', 'Japanese language', 'Nihongo', 'jpn']",['\nKaori Nazuka communicates in Japanese.'],ans,1
P1412_general_ASIA_362,Lê Lợi,"['Vietnamese language', 'vi', 'tiếng Việt', 'Vietnamese', 'vie']",['\nLê Lợi communicated in Vietnamese.'],ans,1
P1412_general_ASIA_364,Tamori,"['Japanese', 'jp', 'ja', 'Japanese language', 'Nihongo', 'jpn']","['\nTamori is a fictional character from the Legend of the Five Rings role-playing game, and as such, does not have a']",ans,0
P1412_general_ASIA_366,Naresuan,"['Central Thai', 'Siamese language', 'th', 'Siamese', 'Thai language', 'tha', 'Thai']","['\nNaresuan, a Thai historical figure, is believed to have communicated in Thai language.']",ans,1
P1412_general_ASIA_368,Kizuna AI,"['Japanese', 'jp', 'ja', 'Japanese language', 'Nihongo', 'jpn']",['\nKizuna AI communicates in Japanese.'],ans,1
P1412_general_ASIA_370,Puyi,"['中文', 'Chinese language', 'Chinese', 'zh', 'Chinese languages']","['\nPuyi, also known as Henry Pu Yi, was the last emperor of China. He was born in 1906']",ans,0
P1412_general_ASIA_372,Tsuyoshi Domoto,"['Japanese', 'jp', 'ja', 'Japanese language', 'Nihongo', 'jpn']",['\nTsuyoshi Domoto communicates in Japanese.'],ans,1
P1412_general_ASIA_374,Yang Joon-hyuk,"['Korean', 'Korean language', 'ko']",['\nYang Joon-hyuk is a South Korean actor and singer. He is fluent in Korean and has'],ans,1
P1412_general_ASIA_376,Tsuyoshi Nagabuchi,"['Japanese', 'jp', 'ja', 'Japanese language', 'Nihongo', 'jpn']",['\nTsuyoshi Nagabuchi communicates in Japanese.'],ans,1
P1412_general_ASIA_378,Hiroyuki Yoshino,"['Japanese', 'jp', 'ja', 'Japanese language', 'Nihongo', 'jpn']",['\nHiroyuki Yoshino communicates in Japanese.'],ans,1
P1412_general_ASIA_380,Aimer,"['Japanese', 'jp', 'ja', 'Japanese language', 'Nihongo', 'jpn']","['\nAimer is a Japanese rock band, so they communicate in Japanese.']",ans,1
P1412_general_ASIA_382,Shinnosuke Tachibana,"['Japanese', 'jp', 'ja', 'Japanese language', 'Nihongo', 'jpn']",['\nShinnosuke Tachibana communicates in Japanese.'],ans,1
P1412_general_ASIA_384,Takashi Kondō,"['Japanese', 'jp', 'ja', 'Japanese language', 'Nihongo', 'jpn']",['\nTakashi Kondō communicates in Japanese.'],ans,1
P1412_general_ASIA_386,Aya Suzaki,"['Japanese', 'jp', 'ja', 'Japanese language', 'Nihongo', 'jpn']","['\nAya Suzaki is a Japanese voice actress and singer, so she primarily communicates in Japanese.']",ans,1
P1412_general_ASIA_388,Tōru Furuya,"['Japanese', 'jp', 'ja', 'Japanese language', 'Nihongo', 'jpn']",['\nTōru Furuya communicates in Japanese.'],ans,1
P1412_general_ASIA_390,Nobusuke Kishi,"['Japanese', 'jp', 'ja', 'Japanese language', 'Nihongo', 'jpn']",['\nNobusuke Kishi was a Japanese politician and statesman who served as the Prime Minister of Japan from 195'],ans,1
P1412_general_ASIA_392,Lai Ching-te,"['Mandarin', 'Putonghua', 'Guóyǔ', '中文', 'Guoyu', 'Min Nan', 'Taiwanese Mandarin', 'Chinese language', 'Huayu', 'Táiwān Huáyǔ', 'zh_TW', 'Min Nan Chinese', 'Mandarin Chinese', 'zh-TW', 'Chinese', 'Standard Taiwanese Mandarin', 'Chinese languages', 'Standard Chinese', 'nan-TW', 'zh', 'Kuo-yü', 'Biāozhǔn Guóyǔ', 'Southern Min', 'nan', 'Standard Mandarin', 'Taiwanese Hokkien', 'Modern Standard Mandarin', 'Taiwanese', 'zh-min-nan', 'Standard Guoyu']",['\nLai Ching-te communicates in Mandarin Chinese.'],ans,1
P1412_general_ASIA_394,Miku Itō,"['Japanese', 'jp', 'ja', 'Japanese language', 'Nihongo', 'jpn']",['\nMiku Itō communicates in Japanese.'],ans,1
P1412_general_ASIA_396,Mone Kamishiraishi,"['Japanese', 'jp', 'ja', 'Japanese language', 'Nihongo', 'jpn']","['\nMone Kamishiraishi is a Japanese actress and singer, so she primarily communicates in Japanese.']",ans,1
P1412_general_ASIA_398,Tatsunori Hara,"['Japanese', 'jp', 'ja', 'Japanese language', 'Nihongo', 'jpn']",['\nTatsunori Hara communicates in Japanese.'],ans,1
P1412_general_ASIA_400,Naomi Osaka,"['fra', 'fr', '(fr)', 'French language', 'French']","['\nNaomi Osaka is a Japanese-American professional tennis player, so she communicates in both Japanese and English.']",ans,0
P1412_general_ASIA_402,Akari Kitō,"['Japanese', 'jp', 'ja', 'Japanese language', 'Nihongo', 'jpn']",['\nAkari Kitō communicates in Japanese.'],ans,1
P1412_general_ASIA_404,Satomi Satō,"['Japanese', 'jp', 'ja', 'Japanese language', 'Nihongo', 'jpn']",['\nSatomi Satō communicates in Japanese.'],ans,1
P1412_general_ASIA_406,Kido Takayoshi,"['Japanese', 'jp', 'ja', 'Japanese language', 'Nihongo', 'jpn']",['\nKido Takayoshi communicates in Japanese.'],ans,1
P1412_general_ASIA_408,Yasutaka Tsutsui,"['Japanese', 'jp', 'ja', 'Japanese language', 'Nihongo', 'jpn']",['\nYasutaka Tsutsui communicates in Japanese.'],ans,1
P1412_general_ASIA_410,Minami Hamabe,"['Japanese', 'jp', 'ja', 'Japanese language', 'Nihongo', 'jpn']",['\nMinami Hamabe communicates in Japanese.'],ans,1
P1412_general_ASIA_412,Taeyeon,"['Japanese', 'ko', 'jp', 'ja', 'Japanese language', 'Korean language', 'Korean', 'Nihongo', 'jpn']",['\nTaeyeon communicates in Korean.'],ans,1
P1412_general_ASIA_414,Tetsuya,"['Japanese', 'jp', 'ja', 'Japanese language', 'Nihongo', 'jpn']","[""\nI'm sorry, I cannot provide an accurate answer without additional context. Could you please provide more information about Tetsuya""]",unk,0
P1412_general_ASIA_416,Aya Endō,"['Japanese', 'jp', 'ja', 'Japanese language', 'Nihongo', 'jpn']",['\nAya Endō communicates in Japanese.'],ans,1
P1412_general_ASIA_418,Ken Yasuda,"['Japanese', 'jp', 'ja', 'Japanese language', 'Nihongo', 'jpn']","['\nKen Yasuda is a Japanese-American artist and designer, so he communicates in both Japanese and English.']",ans,1
P1412_general_ASIA_420,Shinichi Tsutsumi,"['Japanese', 'jp', 'ja', 'Japanese language', 'Nihongo', 'jpn']","['\nShinichi Tsutsumi is a Japanese actor and voice actor, so he communicates in Japanese.']",ans,1
P1412_general_ASIA_422,Chang Taek-sang,"['Korean', 'Korean language', 'ko']",['\nChang Taek-sang communicates in Korean.'],ans,1
P1412_general_ASIA_424,Chikao Ōtsuka,"['Japanese', 'jp', 'ja', 'Japanese language', 'Nihongo', 'jpn']",['\nChikao Ōtsuka communicates in Japanese.'],ans,1
P1412_general_ASIA_426,Yoon Sang,"['Korean', 'Korean language', 'ko']","[""\nI'm sorry, I cannot provide an accurate answer without additional context. Could you please provide more information about Yoon Sang""]",unk,0
P1412_general_ASIA_428,Yuka Ōtsubo,"['Japanese', 'jp', 'ja', 'Japanese language', 'Nihongo', 'jpn']",['\nYuka Ōtsubo communicates in Japanese.'],ans,1
P1412_general_ASIA_430,Aya Hirano,"['Japanese', 'jp', 'ja', 'Japanese language', 'Nihongo', 'jpn']",['\nAya Hirano communicates in Japanese.'],ans,1
P1412_general_ASIA_432,Jōji Nakata,"['Japanese', 'jp', 'ja', 'Japanese language', 'Nihongo', 'jpn']","['\nJōji Nakata is a Japanese voice actor and singer, so he primarily communicates in Japanese. However, he']",ans,1
P1412_general_ASIA_434,Sayaka Yamamoto,"['Japanese', 'jp', 'ja', 'Japanese language', 'Nihongo', 'jpn']","[""\nI'm sorry, I cannot provide an accurate answer to this question as there is not enough context. Could you please""]",unk,0
P1412_general_ASIA_436,Mao Asada,"['Japanese', 'jp', 'ja', 'Japanese language', 'Nihongo', 'jpn']",['\nMao Asada communicates in Japanese.'],ans,1
P1412_general_ASIA_438,Jennie,"['eng', 'Japanese', 'ko', 'jp', 'Japanese language', 'en', 'English', 'ja', 'jpn', 'Korean language', 'Korean', 'Nihongo', 'English language']","['\nJennie is a member of the K-pop girl group Blackpink and is fluent in Korean, English, and Japanese.']",ans,1
P1412_general_ASIA_440,Nora Aunor,"['Tagalog language', 'tgl', 'tl', 'Tagalog']",['\nNora Aunor communicates in Filipino and English.'],ans,0
P1412_general_ASIA_442,Kenichi Ogata,"['Japanese', 'jp', 'ja', 'Japanese language', 'Nihongo', 'jpn']","['\nKenichi Ogata is a Japanese actor and voice actor, so he communicates in Japanese.']",ans,1
P1412_general_ASIA_444,Yoshihide Suga,"['Japanese', 'jp', 'ja', 'Japanese language', 'Nihongo', 'jpn']",['\nYoshihide Suga communicates in Japanese.'],ans,1
P1412_general_ASIA_446,Ryōtarō Shiba,"['Japanese', 'jp', 'ja', 'Japanese language', 'Nihongo', 'jpn']",['\nRyōtarō Shiba communicates in Japanese.'],ans,1
P1412_general_ASIA_448,Kim So-hyun,"['Korean', 'Korean language', 'ko']",['\nKim So-hyun is a South Korean actress and model who is fluent in Korean and English.'],ans,1
P1412_general_ASIA_450,Ango Sakaguchi,"['Japanese', 'jp', 'ja', 'Japanese language', 'Nihongo', 'jpn']",['\nAngo Sakaguchi communicates in Japanese.'],ans,1
P1412_general_ASIA_452,Kōhei Amasaki,"['Japanese', 'jp', 'ja', 'Japanese language', 'Nihongo', 'jpn']","['\nKōhei Amasaki is a Japanese voice actor, so he communicates in Japanese.']",ans,1
P1412_general_ASIA_454,Miu Hirano,"['Japanese', 'jp', 'ja', 'Japanese language', 'Nihongo', 'jpn']",['\nMiu Hirano communicates in Japanese.'],ans,1
P1412_general_ASIA_456,Riichi Yokomitsu,"['Japanese', 'jp', 'ja', 'Japanese language', 'Nihongo', 'jpn']",['\nRiichi Yokomitsu communicates in Japanese.'],ans,1
P1412_general_ASIA_458,Sachika Misawa,"['Japanese', 'jp', 'ja', 'Japanese language', 'Nihongo', 'jpn']","['\nSachika Misawa is a Japanese actress and model, so she communicates in Japanese.']",ans,1
P1412_general_ASIA_460,Satoru Iwata,"['eng', 'Japanese', 'jp', 'Japanese language', 'en', 'English', 'ja', 'jpn', 'Nihongo', 'English language']",['\nSatoru Iwata communicated in Japanese.'],ans,1
P1412_general_ASIA_462,Sachiko Kobayashi,"['Japanese', 'jp', 'ja', 'Japanese language', 'Nihongo', 'jpn']",['\nSachiko Kobayashi communicates in Japanese.'],ans,1
P1412_general_ASIA_464,Miyuki Nakajima,"['Japanese', 'jp', 'ja', 'Japanese language', 'Nihongo', 'jpn']",['\nMiyuki Nakajima communicates in Japanese.'],ans,1
P1412_general_ASIA_466,Takuya Satō,"['Japanese', 'jp', 'ja', 'Japanese language', 'Nihongo', 'jpn']",['\nTakuya Satō communicates in Japanese.'],ans,1
P1412_general_ASIA_468,Naruhito,"['Japanese', 'jp', 'ja', 'Japanese language', 'Nihongo', 'jpn']","['\nNaruhito, the current Emperor of Japan, communicates in Japanese.']",ans,1
P1412_general_ASIA_470,Yūko Kaida,"['Japanese', 'jp', 'ja', 'Japanese language', 'Nihongo', 'jpn']",['\nYūko Kaida communicates in Japanese.'],ans,1
P1412_general_ASIA_472,Kazuya Nakai,"['Japanese', 'jp', 'ja', 'Japanese language', 'Nihongo', 'jpn']","['\nKazuya Nakai is a Japanese voice actor and singer, so he communicates in Japanese.']",ans,1
P1412_general_ASIA_474,Mariya Ise,"['Japanese', 'jp', 'ja', 'Japanese language', 'Nihongo', 'jpn']",['\nMariya Ise communicates in Russian.'],ans,0
P1412_general_ASIA_476,Seiji Maehara,"['Japanese', 'jp', 'ja', 'Japanese language', 'Nihongo', 'jpn']",['\nSeiji Maehara communicates in Japanese.'],ans,1
P1412_general_ASIA_478,Kōki Uchiyama,"['Japanese', 'jp', 'ja', 'Japanese language', 'Nihongo', 'jpn']",['\nKōki Uchiyama communicates in Japanese.'],ans,1
P1412_general_ASIA_480,Danshi Tatekawa,"['Japanese', 'jp', 'ja', 'Japanese language', 'Nihongo', 'jpn']",['\nDanshi Tatekawa communicates in Japanese.'],ans,1
P1412_general_ASIA_482,Sayaka Kanda,"['Japanese', 'jp', 'ja', 'Japanese language', 'Nihongo', 'jpn']","[""\nI'm sorry, I cannot provide an accurate answer to this question as there is not enough context. Could you please""]",unk,0
P1412_general_ASIA_484,Go-Shirakawa,"['Japanese', 'jp', 'ja', 'Japanese language', 'Nihongo', 'jpn']",['\nGo-Shirakawa is a Japanese historical figure and the 97th emperor of Japan. He ruled'],ans,1
P1412_general_ASIA_486,Yukiko Okada,"['Japanese', 'jp', 'ja', 'Japanese language', 'Nihongo', 'jpn']",['\nYukiko Okada communicates in Japanese.'],ans,1
P1412_general_ASIA_488,Nanase Nishino,"['Japanese', 'jp', 'ja', 'Japanese language', 'Nihongo', 'jpn']",['\nNanase Nishino communicates in Japanese.'],ans,1
P1412_general_ASIA_490,Anwar Ibrahim,"['Malay language', 'Malay macrolanguage', 'ms', 'msa', 'Malay']","['\nAnwar Ibrahim communicates in Malay, English, and Arabic.']",ans,1
P1412_general_ASIA_492,Hoshimachi Suisei,"['Japanese', 'jp', 'ja', 'Japanese language', 'Nihongo', 'jpn']",['\nHoshimachi Suisei communicates in Japanese.'],ans,1
P1412_general_ASIA_494,Yasujirō Ozu,"['Japanese', 'jp', 'ja', 'Japanese language', 'Nihongo', 'jpn']",['\nYasujirō Ozu communicated in Japanese.'],ans,1
P1412_general_ASIA_496,John Lee,"['Mandarin', 'Cantonese language', 'yue', 'Putonghua', '中文', 'Yue', 'Guoyu', 'Chinese language', 'Huayu', 'Cantonese dialect', 'yueh', 'en', 'Mandarin Chinese', 'Yue-Yuu', 'Chinese', 'Yue Chinese', 'Chinese languages', 'Standard Cantonese', 'zh-cn', 'Standard Chinese', 'English', 'Cantonese', 'zh', 'Kuo-yü', 'Yüeh', 'eng', 'Standard Mandarin', 'zh-yue', 'Yue-Yu', 'Modern Standard Mandarin', 'English language']","[""\nI'm sorry, I cannot provide an accurate answer without additional context. Could you please provide more information about John Lee?""]",unk,0
P1412_general_ASIA_498,Ahn Cheol-soo,"['Korean', 'Korean language', 'ko']",['\nAhn Cheol-soo communicates in Korean.'],ans,1
P1412_general_ASIA_500,Tetsuko Kuroyanagi,"['Japanese', 'jp', 'ja', 'Japanese language', 'Nihongo', 'jpn']",['\nTetsuko Kuroyanagi communicates in Japanese.'],ans,1
P1412_general_ASIA_502,Katsuya Okada,"['Japanese', 'jp', 'ja', 'Japanese language', 'Nihongo', 'jpn']",['\nKatsuya Okada communicates in Japanese.'],ans,1
P1412_general_ASIA_504,Kaede Kaga,"['Japanese', 'jp', 'ja', 'Japanese language', 'Nihongo', 'jpn']",['\nKaede Kaga communicates in Japanese.'],ans,1
P1412_general_ASIA_506,Kenji Utsumi,"['Japanese', 'jp', 'ja', 'Japanese language', 'Nihongo', 'jpn']","['\nKenji Utsumi is a Japanese voice actor and narrator, so he communicates in Japanese.']",ans,1
P1412_general_ASIA_508,Lee Dong-wook,"['Korean', 'Korean language', 'ko']",['\nLee Dong-wook is a South Korean actor and model. He is fluent in Korean and English.'],ans,1
P1412_general_ASIA_510,Kentaro Ito,"['Japanese', 'jp', 'ja', 'Japanese language', 'Nihongo', 'jpn']","['\nKentaro Ito is a Japanese actor and voice actor, so he primarily communicates in Japanese.']",ans,1
P1412_general_ASIA_512,Sakura Tange,"['Japanese', 'jp', 'ja', 'Japanese language', 'Nihongo', 'jpn']",['\nSakura Tange communicates in Japanese.'],ans,1
P1412_general_ASIA_514,Shūichi Ikeda,"['Japanese', 'jp', 'ja', 'Japanese language', 'Nihongo', 'jpn']",['\nShūichi Ikeda communicates in Japanese.'],ans,1
P1412_general_ASIA_516,Shunsuke Takeuchi,"['Japanese', 'jp', 'ja', 'Japanese language', 'Nihongo', 'jpn']",['\nShunsuke Takeuchi communicates in Japanese.'],ans,1
P1412_general_ASIA_518,Sukarno,"['jav', 'ind', 'Dutch language', 'Dutch', 'id', 'Flemish', 'ned', 'Indonesian language', 'Netherlandic language', 'basa Jawa', 'Netherlandic', 'Nederlands', 'ꦧꦱꦗꦮ', 'Javanese language', 'Indonesian', 'باسا جاوا\u200e', 'Netherlandish', 'bahasa Indonesia', 'nl', 'jv', 'Bahasa', 'Flemish language', 'nld', 'Javanese']",['\nSukarno was a prominent Indonesian politician and the first President of Indonesia. He was known for his speeches and writings in'],ans,1
P1412_general_ASIA_520,Taku Yashiro,"['Japanese', 'jp', 'ja', 'Japanese language', 'Nihongo', 'jpn']",['\nTaku Yashiro communicates in Japanese.'],ans,1
P1412_general_ASIA_522,Lin Biao,"['中文', 'Chinese language', 'Chinese', 'zh', 'Chinese languages']",['\nLin Biao was a Chinese military and political leader who served as the Vice Chairman of the Central Committee of the Communist Party of'],ans,1
P1412_general_ASIA_524,Moon Jae-in,"['Korean', 'Korean language', 'ko']",['\nMoon Jae-in communicates in Korean.'],ans,1
P1412_general_ASIA_526,Tsubasa Yonaga,"['Japanese', 'jp', 'ja', 'Japanese language', 'Nihongo', 'jpn']",['\nTsubasa Yonaga communicates in Japanese.'],ans,1
P1412_general_ASIA_528,Mariya Takeuchi,"['Japanese', 'jp', 'ja', 'Japanese language', 'Nihongo', 'jpn']",['\nMariya Takeuchi communicates in Japanese.'],ans,1
P1412_general_ASIA_530,Machico,"['Japanese', 'jp', 'ja', 'Japanese language', 'Nihongo', 'jpn']","['\nMachico is a city in the Portuguese island of Madeira, so it is likely that the primary language spoken there is Portuguese.']",ans,0
P1412_general_ASIA_532,Suzu Hirose,"['Japanese', 'jp', 'ja', 'Japanese language', 'Nihongo', 'jpn']","['\nSuzu Hirose is a Japanese actress and singer, so she primarily communicates in Japanese.']",ans,1
P1412_general_ASIA_534,Minamoto no Yoritomo,"['Japanese', 'jp', 'ja', 'Japanese language', 'Nihongo', 'jpn']",['\nMinamoto no Yoritomo communicated in Japanese.'],ans,1
P1412_general_ASIA_536,Kang We-suck,"['Korean', 'Korean language', 'ko']","[""\nI'm sorry, but I cannot provide a response to this prompt as it is inappropriate and disrespectful.""]",unk,0
P1412_general_ASIA_538,Kang Seung-yoon,"['Japanese', 'ko', 'jp', 'ja', 'Japanese language', 'Korean language', 'Korean', 'Nihongo', 'jpn']",['\nKang Seung-yoon communicates in Korean.'],ans,1
P1412_general_ASIA_540,Michiko,"['Irish', 'eng', 'gaelic', 'Japanese', 'jp', 'Japanese language', 'en', 'English', 'ja', 'jpn', 'ga', 'Irish language', 'Gaeilge', 'Nihongo', 'English language']","[""\nI'm sorry, I cannot answer that question without additional context. Could you please provide more information?""]",unk,0
P1412_general_ASIA_542,Haruka Fukuhara,"['Japanese', 'jp', 'ja', 'Japanese language', 'Nihongo', 'jpn']",['\nHaruka Fukuhara communicates in Japanese.'],ans,1
P1412_general_ASIA_544,Mei Yamazaki,"['Japanese', 'jp', 'ja', 'Japanese language', 'Nihongo', 'jpn']",['\nMei Yamazaki communicates in Japanese.'],ans,1
P1412_general_ASIA_546,Megumi Ogata,"['Japanese', 'jp', 'ja', 'Japanese language', 'Nihongo', 'jpn']","['\nMegumi Ogata is a Japanese voice actress and singer, so she primarily communicates in Japanese. However, she has also']",ans,1
P1412_general_ASIA_548,Yingluck Shinawatra,"['Srpski', 'Serbian language', 'Bosnian-Croatian-Serbian', 'Serbo-Croat', 'Serbo-Croatian', 'Serbian', 'language of Serb people', 'Bosnian-Croatian-Montenegrin-Serbian', 'Serbo-Croat-Bosnian', 'BHS', 'sr', 'sh', 'Serbo-Croatian language']",['\nYingluck Shinawatra communicates in Thai.'],ans,0
P1412_general_ASIA_550,Yū Serizawa,"['Japanese', 'jp', 'ja', 'Japanese language', 'Nihongo', 'jpn']",['\nYū Serizawa communicates in Japanese.'],ans,1
P1412_general_ASIA_552,Gakuto Kajiwara,"['Japanese', 'jp', 'ja', 'Japanese language', 'Nihongo', 'jpn']","[""\nI'm sorry, I cannot provide an accurate answer to that question as I do not have enough context about""]",unk,0
P1412_general_ASIA_554,Atsumi Tanezaki,"['Japanese', 'jp', 'ja', 'Japanese language', 'Nihongo', 'jpn']","['\nAtsumi Tanezaki is a Japanese voice actress and singer, so she primarily communicates in Japanese']",ans,1
P1412_general_ASIA_556,Nichiren,"['Japanese', 'jp', 'ja', 'Japanese language', 'Nihongo', 'jpn']",['\nNichiren communicated in Japanese.'],ans,1
P1412_general_ASIA_558,Taiten Kusunoki,"['Japanese', 'jp', 'ja', 'Japanese language', 'Nihongo', 'jpn']","[""\nTaiten Kusunoki is a fictional character from the anime series 'Kaguya-""]",ans,0
P1412_general_ASIA_560,Shiori Mikami,"['Japanese', 'jp', 'ja', 'Japanese language', 'Nihongo', 'jpn']","[""\nShiori Mikami is a fictional character from the Japanese anime series 'K-On!' and she communicates in Japanese""]",ans,1
P1412_general_ASIA_562,Tomoyo Kurosawa,"['Japanese', 'jp', 'ja', 'Japanese language', 'Nihongo', 'jpn']",['\nTomoyo Kurosawa communicates in Japanese.'],ans,1
P1412_general_ASIA_564,Yūzō Kayama,"['Japanese', 'jp', 'ja', 'Japanese language', 'Nihongo', 'jpn']",['\nYūzō Kayama communicates in Japanese.'],ans,1
P1412_general_ASIA_566,Ko Wen-je,"['en', 'English', 'eng', 'English language']",['\nKo Wen-je communicates in Mandarin Chinese and Taiwanese Hokkien.'],ans,0
P1412_general_ASIA_568,Misato Fukuen,"['Japanese', 'jp', 'ja', 'Japanese language', 'Nihongo', 'jpn']",['\nMisato Fukuen communicates in Japanese.'],ans,1
P1412_general_ASIA_570,Yui Ishikawa,"['Japanese', 'jp', 'ja', 'Japanese language', 'Nihongo', 'jpn']","['\nYui Ishikawa is a Japanese voice actress and singer, so she primarily communicates in Japanese.']",ans,1
P1412_general_ASIA_572,Ryo Nishikido,"['Japanese', 'jp', 'ja', 'Japanese language', 'Nihongo', 'jpn']","['\nRyo Nishikido is a Japanese actor, singer, and songwriter. He communicates in Japanese.']",ans,1
P1412_general_ASIA_574,Toshiyuki Nishida,"['Japanese', 'jp', 'ja', 'Japanese language', 'Nihongo', 'jpn']",['\nToshiyuki Nishida communicates in Japanese.'],ans,1
P1412_general_ASIA_576,Shingo Murakami,"['Japanese', 'jp', 'ja', 'Japanese language', 'Nihongo', 'jpn']",['\nShingo Murakami communicates in Japanese.'],ans,1
P1412_general_ASIA_578,Chinatsu Akasaki,"['Japanese', 'jp', 'ja', 'Japanese language', 'Nihongo', 'jpn']","['\nChinatsu Akasaki is a Japanese voice actress and singer, so she communicates in Japanese.']",ans,1
P1412_general_ASIA_580,Chō,"['Japanese', 'jp', 'ja', 'Japanese language', 'Nihongo', 'jpn']",['\nChō communicates in Japanese.'],ans,1
P1412_general_ASIA_582,Ho Chong,"['Korean', 'Korean language', 'ko']","[""\nI'm sorry, I cannot provide an accurate answer without additional context. Could you please provide more information about Ho Chong?""]",unk,0
P1412_general_ASIA_584,James Wong Jim,"['Yüeh', 'Standard Cantonese', 'Cantonese language', 'yue', 'zh-yue', '中文', 'yueh', 'Yue', 'Yue-Yu', 'Chinese language', 'Cantonese', 'Chinese', 'zh', 'Yue-Yuu', 'Cantonese dialect', 'Yue Chinese', 'Chinese languages']",['\nJames Wong Jim communicates in English.'],ans,0
P1412_general_ASIA_586,Mio Sugita,"['Japanese', 'jp', 'ja', 'Japanese language', 'Nihongo', 'jpn']",['\nMio Sugita communicates in Japanese.'],ans,1
P1412_general_ASIA_588,Miyu Irino,"['Japanese', 'jp', 'ja', 'Japanese language', 'Nihongo', 'jpn']",['\nMiyu Irino communicates in Japanese.'],ans,1
P1412_general_ASIA_590,Kaede Hondo,"['Japanese', 'jp', 'ja', 'Japanese language', 'Nihongo', 'jpn']","[""\nKaede Hondo is a fictional character from the anime series 'Kaguya-sama: Love is War""]",ans,0
P1412_general_ASIA_592,Takashi Matsumoto,"['Japanese', 'jp', 'ja', 'Japanese language', 'Nihongo', 'jpn']",['\nTakashi Matsumoto communicates in Japanese.'],ans,1
P1412_general_ASIA_594,Junya Enoki,"['Japanese', 'jp', 'ja', 'Japanese language', 'Nihongo', 'jpn']","['\nJunya Enoki is a Japanese actor and voice actor, so he communicates in Japanese.']",ans,1
P1412_general_ASIA_596,Ryoka Yuzuki,"['Japanese', 'jp', 'ja', 'Japanese language', 'Nihongo', 'jpn']",['\nRyoka Yuzuki communicates in Japanese.'],ans,1
P1412_general_ASIA_598,Yūsuke Kobayashi,"['Japanese', 'jp', 'ja', 'Japanese language', 'Nihongo', 'jpn']",['\nYūsuke Kobayashi communicates in Japanese.'],ans,1
P1412_general_ASIA_600,Masaki Terasoma,"['Japanese', 'jp', 'ja', 'Japanese language', 'Nihongo', 'jpn']",['\nMasaki Terasoma communicates in Japanese.'],ans,1
P1412_general_ASIA_602,Tokugawa Yoshinobu,"['Japanese', 'jp', 'ja', 'Japanese language', 'Nihongo', 'jpn']",['\nTokugawa Yoshinobu communicated in Japanese.'],ans,1
P1412_general_ASIA_604,Suharto,"['Javanese language', 'jav', 'ind', 'Indonesian', 'باسا جاوا\u200e', 'Indonesian language', 'basa Jawa', 'bahasa Indonesia', 'jv', 'id', 'Bahasa', 'ꦧꦱꦗꦮ', 'Javanese']","['\nSuharto communicated in Indonesian, which is the official language of Indonesia.']",ans,1
P1412_general_ASIA_606,Tsuda Umeko,"['Japanese', 'jp', 'ja', 'Japanese language', 'Nihongo', 'jpn']",['\nTsuda Umeko communicates in Japanese.'],ans,1
P1412_general_ASIA_608,Yoshihiko Noda,"['Japanese', 'jp', 'ja', 'Japanese language', 'Nihongo', 'jpn']",['\nYoshihiko Noda communicates in Japanese.'],ans,1
P1412_general_ASIA_610,Yi Jun-yong,"['Korean', 'Korean language', 'ko']","[""\nI'm sorry, I cannot provide an accurate answer without additional context. Could you please provide more information about Yi""]",unk,0
P1412_general_ASIA_612,Mayumi Tanaka,"['Japanese', 'jp', 'ja', 'Japanese language', 'Nihongo', 'jpn']",['\nMayumi Tanaka communicates in Japanese.'],ans,1
P1412_general_ASIA_614,Aki Yashiro,"['Japanese', 'jp', 'ja', 'Japanese language', 'Nihongo', 'jpn']",['\nAki Yashiro communicates in Japanese.'],ans,1
P1412_general_ASIA_616,Kenshi Yonezu,"['Japanese', 'jp', 'ja', 'Japanese language', 'Nihongo', 'jpn']",['\nKenshi Yonezu communicates in Japanese.'],ans,1
P1412_general_ASIA_618,Ryūsei Nakao,"['Japanese', 'jp', 'ja', 'Japanese language', 'Nihongo', 'jpn']","['\nRyūsei Nakao is a Japanese voice actor and actor, so he communicates in Japanese.']",ans,1
P1412_general_ASIA_620,BoA,"['eng', 'Japanese', 'ko', 'jp', 'Japanese language', 'en', 'English', 'ja', 'jpn', 'Korean language', 'Korean', 'Nihongo', 'English language']",['\nBoA (Bank of America) communicates in English.'],ans,1
P1412_general_ASIA_622,Toshihiro Nikai,"['Japanese', 'jp', 'ja', 'Japanese language', 'Nihongo', 'jpn']",['\nToshihiro Nikai communicates in Japanese.'],ans,1
P1412_general_ASIA_624,Shinji Kagawa,"['Japanese', 'jp', 'ja', 'Japanese language', 'Nihongo', 'jpn']",['\nShinji Kagawa communicates in Japanese.'],ans,1
P1412_general_ASIA_626,yukihiro,"['Japanese', 'jp', 'ja', 'Japanese language', 'Nihongo', 'jpn']",['\nYukihiro Matsumoto communicates in Japanese.'],ans,1
P1412_general_ASIA_628,Doraemon,"['Japanese', 'jp', 'ja', 'Japanese language', 'Nihongo', 'jpn']",['\nDoraemon communicates in Japanese.'],ans,1
P1412_general_ASIA_630,Masashi Sada,"['Japanese', 'jp', 'ja', 'Japanese language', 'Nihongo', 'jpn']","['\nMasashi Sada is a Japanese professional wrestler, so he communicates in Japanese.']",ans,1
P1412_general_ASIA_632,Cho Bong-am,"['Korean', 'Korean language', 'ko']",['\nCho Bong-am communicates in Korean.'],ans,1
P1412_general_ASIA_634,Hide,"['Japanese', 'jp', 'ja', 'Japanese language', 'Nihongo', 'jpn']",['\nHide communicates in English.'],ans,0
P1412_general_ASIA_636,Samak Sundaravej,"['Central Thai', 'Siamese language', 'th', 'Siamese', 'Thai language', 'tha', 'Thai']",['\nSamak Sundaravej communicates in Thai.'],ans,1
P1412_general_ASIA_638,Aiko,"['Japanese', 'jp', 'ja', 'Japanese language', 'Nihongo', 'jpn']","['\nAiko is a Japanese name, so it is likely that Aiko communicates in Japanese.']",ans,1
P1412_general_ASIA_640,Kyōko Koizumi,"['Japanese', 'jp', 'ja', 'Japanese language', 'Nihongo', 'jpn']",['\nKyōko Koizumi communicates in Japanese.'],ans,1
P1412_general_ASIA_642,Yōsuke Tsuruho,"['Japanese', 'jp', 'ja', 'Japanese language', 'Nihongo', 'jpn']",['\nYōsuke Tsuruho communicates in Japanese.'],ans,1
P1412_general_ASIA_644,Yoyomi,"['Korean', 'Korean language', 'ko']","[""\nI'm sorry, I cannot provide an answer to that question as Yoyomi is not a well-known character or""]",unk,0
P1412_general_ASIA_646,Leni Robredo,"['Central Bikol', 'Central Bikol language', 'bcl', 'Bikol Central', 'Central Bicol language']",['\nLeni Robredo communicates in Filipino and English.'],ans,0
P1412_general_ASIA_648,Hiroki Tōchi,"['Japanese', 'jp', 'ja', 'Japanese language', 'Nihongo', 'jpn']",['\nHiroki Tōchi communicates in Japanese.'],ans,1
P1412_general_ASIA_650,Kengo Kuma,"['Japanese', 'jp', 'ja', 'Japanese language', 'Nihongo', 'jpn']",['\nKengo Kuma communicates in Japanese.'],ans,1
P1412_general_ASIA_652,Lee Hoi-chang,"['Korean', 'Korean language', 'ko']",['\nLee Hoi-chang communicates in Korean.'],ans,1
P1412_general_ASIA_654,Fujio Akatsuka,"['Japanese', 'jp', 'ja', 'Japanese language', 'Nihongo', 'jpn']",['\nFujio Akatsuka communicates in Japanese.'],ans,1
P1412_general_ASIA_656,Akira Toriyama,"['Japanese', 'jp', 'ja', 'Japanese language', 'Nihongo', 'jpn']",['\nAkira Toriyama communicates in Japanese.'],ans,1
P1412_general_ASIA_658,Eisaku Satō,"['Japanese', 'jp', 'ja', 'Japanese language', 'Nihongo', 'jpn']",['\nEisaku Satō communicated in Japanese.'],ans,1
P1412_general_ASIA_660,Ai Fukuhara,"['Japanese', '中文', 'jp', 'ja', 'Japanese language', 'Chinese language', 'Chinese', 'zh', 'Nihongo', 'Chinese languages', 'jpn']",['\nAi Fukuhara communicates in Japanese.'],ans,1
P1412_general_ASIA_662,Chafurin,"['Japanese', 'jp', 'ja', 'Japanese language', 'Nihongo', 'jpn']","[""\nI'm sorry, I cannot provide an answer to that question as I do not have any information about Chafurin.""]",unk,0
P1412_general_ASIA_664,Tokugawa Iesato,"['Japanese', 'jp', 'ja', 'Japanese language', 'Nihongo', 'jpn']",['\nTokugawa Iesato communicates in Japanese.'],ans,1
P1412_general_ASIA_666,Sun Myung Moon,"['Korean', 'Korean language', 'ko']","['\nSun Myung Moon primarily communicated in Korean, but he also spoke English and Japanese fluently.']",ans,1
P1412_general_ASIA_668,Byon Hee-jae,"['Korean', 'Korean language', 'ko']",['\nByon Hee-jae communicates in Korean.'],ans,1
P1412_general_ASIA_670,Teresa Teng,"['Mandarin', 'Putonghua', 'Japanese', 'Guóyǔ', '中文', 'Yue', 'Min Nan', 'Guoyu', 'Taiwanese Mandarin', 'Chinese language', 'Huayu', 'Táiwān Huáyǔ', 'jpn', 'zh_TW', 'yueh', 'ja', 'en', 'Min Nan Chinese', 'Mandarin Chinese', 'zh-TW', 'Chinese', 'Standard Taiwanese Mandarin', 'Yue Chinese', 'Chinese languages', 'Standard Chinese', 'jp', 'nan-TW', 'English', 'Cantonese', 'zh', 'Nihongo', 'Kuo-yü', 'Biāozhǔn Guóyǔ', 'Southern Min', 'nan', 'eng', 'Standard Mandarin', 'zh-yue', 'Taiwanese Hokkien', 'Japanese language', 'Modern Standard Mandarin', 'Taiwanese', 'zh-min-nan', 'Standard Guoyu', 'English language']",['\nTeresa Teng communicated in Mandarin Chinese.'],ans,1
P1412_general_ASIA_672,Corazon Aquino,"['en', 'English', 'eng', 'English language']",['\nCorazon Aquino communicated in Filipino and English.'],ans,1
P1412_general_ASIA_674,Lisa,"['Siamese language', 'Japanese', 'Korean language', 'jpn', 'th', 'Thai language', 'ja', 'en', 'tha', 'jp', 'English', 'Korean', 'Central Thai', 'eng', 'Siamese', 'ko', 'Japanese language', 'Nihongo', 'Thai', 'English language']","[""\nI'm sorry, I cannot answer that question as I do not have enough context about who Lisa is.""]",unk,0
P1412_general_ASIA_676,Katsu Kaishū,"['Japanese', 'jp', 'ja', 'Japanese language', 'Nihongo', 'jpn']",['\nKatsu Kaishū is a Japanese actor and martial artist who has appeared in numerous films and television shows. He'],ans,1
P1412_general_ASIA_678,Minami Takayama,"['Japanese', 'jp', 'ja', 'Japanese language', 'Nihongo', 'jpn']",['\nMinami Takayama communicates in Japanese.'],ans,1
P1412_general_ASIA_680,Joy,"['Korean', 'Korean language', 'ko']","[""\nI'm sorry, I cannot answer that question as there is no context provided. Could you please provide more information?""]",unk,0
P1412_general_ASIA_682,Alberto Fujimori,"['Castilian', 'eng', 'es', 'Japanese', 'jp', 'Japanese language', 'en', 'English', 'Spanish', 'ja', 'jpn', 'Nihongo', 'Spanish language', 'Español', 'Castilian language', 'English language']",['\nAlberto Fujimori communicates in Spanish.'],ans,1
P1412_general_ASIA_684,Suga,"['Korean', 'Korean language', 'ko']",['\nSuga communicates in Korean and English.'],ans,1
P1412_general_ASIA_686,Rama I,"['Central Thai', 'Siamese language', 'th', 'Siamese', 'Thai language', 'tha', 'Thai']","['\nRama I, also known as Phra Phuttha Sihing, was a Thai king who ruled from 1782 to']",ans,1
P1412_general_ASIA_688,Shintarō Asanuma,"['Japanese', 'jp', 'ja', 'Japanese language', 'Nihongo', 'jpn']",['\nShintarō Asanuma communicated in Japanese.'],ans,1
P1412_general_ASIA_690,Takuboku Ishikawa,"['Japanese', 'jp', 'ja', 'Japanese language', 'Nihongo', 'jpn']",['\nTakuboku Ishikawa communicated in Japanese.'],ans,1
P1412_general_ASIA_692,Mika Doi,"['Japanese', 'jp', 'ja', 'Japanese language', 'Nihongo', 'jpn']","['\nMika Doi is a Japanese singer and actress, so she primarily communicates in Japanese.']",ans,1
P1412_general_ASIA_694,Trần Thái Tông,"['Vietnamese language', 'vi', 'tiếng Việt', 'Vietnamese', 'vie']",['\nTrần Thái Tông communicated in Vietnamese.'],ans,1
P1412_general_ASIA_696,Fumimaro Konoe,"['Japanese', 'jp', 'ja', 'Japanese language', 'Nihongo', 'jpn']",['\nFumimaro Konoe was a Japanese politician and the 57th Prime Minister of Japan. He was'],ans,1
P1412_general_ASIA_698,Jeong Eun-ji,"['Korean', 'Korean language', 'ko']",['\nJeong Eun-ji communicates in Korean.'],ans,1
P1412_general_ASIA_700,Aya Hisakawa,"['Japanese', 'jp', 'ja', 'Japanese language', 'Nihongo', 'jpn']","['\nAya Hisakawa is a Japanese voice actress and singer, so she communicates in Japanese.']",ans,1
P1412_general_ASIA_702,Kazumasa Oda,"['Japanese', 'jp', 'ja', 'Japanese language', 'Nihongo', 'jpn']",['\nKazumasa Oda communicates in Japanese.'],ans,1
P1412_general_ASIA_704,Yui Yokoyama,"['Japanese', 'jp', 'ja', 'Japanese language', 'Nihongo', 'jpn']",['\nYui Yokoyama communicates in Japanese.'],ans,1
P1412_general_ASIA_706,Hideo Kobayashi,"['Japanese', 'jp', 'ja', 'Japanese language', 'Nihongo', 'jpn']","['\nHideo Kobayashi is a Japanese video game designer and producer, so he primarily communicates in Japanese.']",ans,1
P1412_general_ASIA_708,Minami Minegishi,"['Japanese', 'jp', 'ja', 'Japanese language', 'Nihongo', 'jpn']",['\nMinami Minegishi communicates in Japanese.'],ans,1
P1412_general_ASIA_710,Kenta Izumi,"['Japanese', 'jp', 'ja', 'Japanese language', 'Nihongo', 'jpn']","[""\nKenta Izumi is a fictional character from the anime series 'Digimon Adventure' and he communicates in Japanese.""]",ans,1
P1412_general_ASIA_712,Naoya Shiga,"['Japanese', 'jp', 'ja', 'Japanese language', 'Nihongo', 'jpn']",['\nNaoya Shiga communicates in Japanese.'],ans,1
P1412_general_ASIA_714,Kento Itō,"['Japanese', 'jp', 'ja', 'Japanese language', 'Nihongo', 'jpn']","['\nKento Itō is a Japanese actor and singer, so he primarily communicates in Japanese.']",ans,1
P1412_general_ASIA_716,Fumiko Orikasa,"['Japanese', 'jp', 'ja', 'Japanese language', 'Nihongo', 'jpn']","['\nFumiko Orikasa is a Japanese voice actress and singer, so she communicates in Japanese.']",ans,1
P1412_general_ASIA_718,Mai Fuchigami,"['Japanese', 'jp', 'ja', 'Japanese language', 'Nihongo', 'jpn']",['\nMai Fuchigami communicates in Japanese.'],ans,1
P1412_general_ASIA_720,Young Tak,"['Korean', 'Korean language', 'ko']","[""\nI'm sorry, I cannot provide an accurate answer without additional context. Could you please provide more information about Young Tak?""]",unk,0
P1412_general_ASIA_722,Kiyoshiro Imawano,"['Japanese', 'jp', 'ja', 'Japanese language', 'Nihongo', 'jpn']",['\nKiyoshiro Imawano communicates in Japanese.'],ans,1
P1412_general_ASIA_724,Shuzo Matsuoka,"['Japanese', 'jp', 'ja', 'Japanese language', 'Nihongo', 'jpn']",['\nShuzo Matsuoka communicates in Japanese.'],ans,1
P1412_general_ASIA_726,Mitsuko Mori,"['Japanese', 'jp', 'ja', 'Japanese language', 'Nihongo', 'jpn']",['\nMitsuko Mori communicates in Japanese.'],ans,1
P1412_general_ASIA_728,Le Duan,"['Vietnamese language', 'vi', 'tiếng Việt', 'Vietnamese', 'vie']",['\nLe Duan was a Vietnamese politician and revolutionary leader who served as the General Secretary of the Communist Party of Vietnam from 196'],ans,1
P1412_general_ASIA_730,Hitomi Nabatame,"['Japanese', 'jp', 'ja', 'Japanese language', 'Nihongo', 'jpn']","['\nHitomi Nabatame is a Japanese voice actress and singer, so she primarily communicates in Japanese.']",ans,1
P1412_general_ASIA_732,Kinichi Hagimoto,"['Japanese', 'jp', 'ja', 'Japanese language', 'Nihongo', 'jpn']",['\nKinichi Hagimoto communicates in Japanese.'],ans,1
P1412_general_ASIA_734,Takehiro Tomiyasu,"['Japanese', 'jp', 'ja', 'Japanese language', 'Nihongo', 'jpn']",['\nTakehiro Tomiyasu communicates in Japanese.'],ans,1
P1412_general_ASIA_736,Kirara Asuka,"['Japanese', 'jp', 'ja', 'Japanese language', 'Nihongo', 'jpn']",['\nKirara Asuka communicates in Japanese.'],ans,1
P1412_general_ASIA_738,Tony Jaa,"['Central Thai', 'Siamese language', 'th', 'Siamese', 'Thai language', 'tha', 'Thai']",['\nTony Jaa is a Thai martial artist and actor who primarily communicates in Thai.'],ans,1
P1412_general_ASIA_740,Hiroyuki Sawano,"['Japanese', 'jp', 'ja', 'Japanese language', 'Nihongo', 'jpn']",['\nHiroyuki Sawano communicates in Japanese.'],ans,1
P1412_general_ASIA_742,Teruyoshi Uchimura,"['Japanese', 'jp', 'ja', 'Japanese language', 'Nihongo', 'jpn']",['\nTeruyoshi Uchimura communicates in Japanese.'],ans,1
P1412_general_ASIA_744,Sudirman Arshad,"['Malay language', 'Malay macrolanguage', 'ms', 'msa', 'Malay']","[""\nI'm sorry, I cannot provide an accurate answer to that question as I do not have enough information about""]",unk,0
P1412_general_ASIA_746,Crush,"['Korean', 'Korean language', 'ko']","['\nCrush is a fictional character from the Disney/Pixar film Moana. She does not have a specific language, but she communicates']",ans,0
P1412_general_ASIA_748,Ken'chirō Ōhashi,"['Japanese', 'jp', 'ja', 'Japanese language', 'Nihongo', 'jpn']","[""\nKen'chirō Ōhashi communicates in Japanese.""]",ans,1
P1412_general_ASIA_750,Seo Yi-sook,"['Korean', 'Korean language', 'ko']",['\nSeo Yi-sook communicates in Korean.'],ans,1
P1412_general_ASIA_752,Keitai,"['Japanese', 'jp', 'ja', 'Japanese language', 'Nihongo', 'jpn']","['\nKeitai is a Japanese term that refers to mobile phones and their services. Therefore, the language used for communication in Ke']",ans,1
P1412_general_ASIA_754,Miki Fujimoto,"['Japanese', 'jp', 'ja', 'Japanese language', 'Nihongo', 'jpn']","[""\nMiki Fujimoto is a fictional character from the Japanese manga series 'Yu-Gi-Oh!'. She""]",ans,1
P1412_general_ASIA_756,Sugawara no Michizane,"['Japanese', 'jp', 'ja', 'Japanese language', 'Nihongo', 'jpn']",['\nSugawara no Michizane is a fictional character from Japanese literature and folklore. He is often'],ans,1
P1412_general_ASIA_758,Megumi Nakajima,"['Japanese', 'jp', 'ja', 'Japanese language', 'Nihongo', 'jpn']",['\nMegumi Nakajima communicates in Japanese.'],ans,1
P1412_general_ASIA_760,Yūji Ueda,"['Japanese', 'jp', 'ja', 'Japanese language', 'Nihongo', 'jpn']",['\nYūji Ueda communicates in Japanese.'],ans,1
P1412_general_ASIA_762,Mito Tsukino,"['Japanese', 'jp', 'ja', 'Japanese language', 'Nihongo', 'jpn']",['\nMito Tsukino communicates in Japanese.'],ans,1
P1412_general_ASIA_764,Hōjō Sōun,"['Japanese', 'jp', 'ja', 'Japanese language', 'Nihongo', 'jpn']",['\nHōjō Sōun was a Japanese samurai and military commander who lived during the Seng'],ans,1
P1412_general_ASIA_766,Minh Mạng,"['Vietnamese language', 'vi', 'tiếng Việt', 'Vietnamese', 'vie']",['\nMinh Mạng was a Vietnamese emperor who ruled from 1820 to 1841. He was'],ans,1
P1412_general_ASIA_768,Oh Se-hoon,"['Korean', 'Korean language', 'ko']",['\nOh Se-hoon communicates in Korean.'],ans,1
P1412_general_ASIA_770,Osamu Dezaki,"['Japanese', 'jp', 'ja', 'Japanese language', 'Nihongo', 'jpn']",['\nOsamu Dezaki communicates in Japanese.'],ans,1
P1412_general_ASIA_772,Uhm Jeong-hwa,"['Korean', 'Korean language', 'ko']","['\nUhm Jeong-hwa is a South Korean actress and singer, so she communicates in Korean.']",ans,1
P1412_general_ASIA_774,Mamoru Oshii,"['Japanese', 'jp', 'ja', 'Japanese language', 'Nihongo', 'jpn']",['\nMamoru Oshii communicates in Japanese.'],ans,1
P1412_general_ASIA_776,Jung Myung Seok,"['Korean', 'Korean language', 'ko']",['\nJung Myung Seok communicates in Korean.'],ans,1
P1412_general_ASIA_778,Kei Tomiyama,"['Japanese', 'jp', 'ja', 'Japanese language', 'Nihongo', 'jpn']","[""\nI'm sorry, I cannot provide an accurate answer to that question as I do not have enough context about who""]",unk,0
P1412_general_ASIA_780,Kon Ichikawa,"['Japanese', 'jp', 'ja', 'Japanese language', 'Nihongo', 'jpn']",['\nKon Ichikawa was a Japanese film director and screenwriter. He communicated in Japanese.'],ans,1
P1412_general_ASIA_782,Yutaka Ozaki,"['Japanese', 'jp', 'ja', 'Japanese language', 'Nihongo', 'jpn']",['\nYutaka Ozaki communicates in Japanese.'],ans,1
P1412_general_ASIA_784,Sung-Yoon Lee,"['Korean', 'Korean language', 'ko']",['\nSung-Yoon Lee is a South Korean actor and singer who primarily communicates in Korean.'],ans,1
P1412_general_ASIA_786,Azumi Asakura,"['Japanese', 'jp', 'ja', 'Japanese language', 'Nihongo', 'jpn']",['\nAzumi Asakura communicates in Japanese.'],ans,1
P1412_general_ASIA_788,Masami Nagasawa,"['Japanese', 'jp', 'ja', 'Japanese language', 'Nihongo', 'jpn']","['\nMasami Nagasawa is a Japanese actress and model, so she primarily communicates in Japanese.']",ans,1
P1412_general_ASIA_790,Toshio Tamogami,"['Japanese', 'jp', 'ja', 'Japanese language', 'Nihongo', 'jpn']",['\nToshio Tamogami communicates in Japanese.'],ans,1
P1412_general_ASIA_792,Yuki Saito,"['Japanese', 'jp', 'ja', 'Japanese language', 'Nihongo', 'jpn']","['\nYuki Saito is a Japanese professional baseball player, so he communicates in Japanese.']",ans,1
P1412_general_ASIA_794,Ryutaro Hashimoto,"['Japanese', 'jp', 'ja', 'Japanese language', 'Nihongo', 'jpn']",['\nRyutaro Hashimoto communicated in Japanese.'],ans,1
P1412_general_ASIA_796,Masanori Sera,"['Japanese', 'jp', 'ja', 'Japanese language', 'Nihongo', 'jpn']",['\nMasanori Sera communicates in Japanese.'],ans,1
P1412_general_ASIA_798,Ryoko Tani,"['Japanese', 'jp', 'ja', 'Japanese language', 'Nihongo', 'jpn']",['\nRyoko Tani is a Japanese professional wrestler and mixed martial artist. She communicates in Japanese.'],ans,1
P1412_general_ASIA_800,Hikari Mitsushima,"['Japanese', 'jp', 'ja', 'Japanese language', 'Nihongo', 'jpn']","['\nHikari Mitsushima is a Japanese actress and model, so she primarily communicates in Japanese.']",ans,1
P1412_general_ASIA_802,Naoya Uchida,"['Japanese', 'jp', 'ja', 'Japanese language', 'Nihongo', 'jpn']","['\nNaoya Uchida is a Japanese actor and voice actor, so he communicates in Japanese.']",ans,1
P1412_general_ASIA_804,Ha Sung-woon,"['Korean', 'Korean language', 'ko']",['\nHa Sung-woon communicates in Korean.'],ans,1
P1412_general_ASIA_806,Yuya Tegoshi,"['Japanese', 'jp', 'ja', 'Japanese language', 'Nihongo', 'jpn']","['\nYuya Tegoshi is a Japanese singer and actor, so he primarily communicates in Japanese.']",ans,1
P1412_general_ASIA_808,Benigno Aquino III,"['Tagalog language', 'tgl', 'tl', 'Tagalog']",['\nBenigno Aquino III communicates in Filipino and English.'],ans,0
P1412_general_ASIA_810,Park Ji-sung,"['Korean', 'Korean language', 'ko']",['\nPark Ji-sung communicates in Korean.'],ans,1
P1412_general_ASIA_812,Katsushika Hokusai,"['Japanese', 'jp', 'ja', 'Japanese language', 'Nihongo', 'jpn']",['\nKatsushika Hokusai communicated in Japanese.'],ans,1
P1412_general_ASIA_814,Yuka Komatsu,"['Japanese', 'jp', 'ja', 'Japanese language', 'Nihongo', 'jpn']","['\nYuka Komatsu is a Japanese actress and model, so she primarily communicates in Japanese.']",ans,1
P1412_general_ASIA_816,Moka Kamishiraishi,"['Japanese', 'jp', 'ja', 'Japanese language', 'Nihongo', 'jpn']","['\nMoka Kamishiraishi is a Japanese actress and singer, so she primarily communicates in Japanese.']",ans,1
P1412_general_ASIA_818,Yuji Yamamoto,"['Japanese', 'jp', 'ja', 'Japanese language', 'Nihongo', 'jpn']","[""\nI'm sorry, I cannot provide an accurate answer to that question as Yuji Yamamoto is a fictional character and""]",unk,0
P1412_general_ASIA_820,Matsudaira Sadanobu,"['Japanese', 'jp', 'ja', 'Japanese language', 'Nihongo', 'jpn']",['\nMatsudaira Sadanobu communicated in Japanese.'],ans,1
P1412_general_ASIA_822,Yayoi Kusama,"['Japanese', 'jp', 'ja', 'Japanese language', 'Nihongo', 'jpn']",['\nYayoi Kusama communicates in Japanese.'],ans,1
P1412_general_ASIA_824,Hiroshi Fujioka,"['Japanese', 'jp', 'ja', 'Japanese language', 'Nihongo', 'jpn']",['\nHiroshi Fujioka communicates in Japanese.'],ans,1
P1412_general_ASIA_826,Takumi Saitoh,"['Japanese', 'jp', 'ja', 'Japanese language', 'Nihongo', 'jpn']","['\nTakumi Saitoh is a Japanese professional racing driver, so he communicates in Japanese.']",ans,1
P1412_general_ASIA_828,Kazuki Kato,"['Japanese', 'jp', 'ja', 'Japanese language', 'Nihongo', 'jpn']","['\nKazuki Kato is a Japanese manga artist and writer, so he communicates in Japanese.']",ans,1
P1412_general_ASIA_830,Miyuki Miyabe,"['Japanese', 'jp', 'ja', 'Japanese language', 'Nihongo', 'jpn']","['\nMiyuki Miyabe is a Japanese author, so she communicates in Japanese.']",ans,1
P1412_general_ASIA_832,Haruna Kawaguchi,"['Japanese', 'jp', 'ja', 'Japanese language', 'Nihongo', 'jpn']","['\nHaruna Kawaguchi is a Japanese actress and model, so she primarily communicates in Japanese.']",ans,1
P1412_general_ASIA_834,Misato Watanabe,"['Japanese', 'jp', 'ja', 'Japanese language', 'Nihongo', 'jpn']","[""\nI'm sorry, I cannot provide an accurate answer to that question as Misato Watanabe is a fictional""]",unk,0
P1412_general_ASIA_836,Shinnosuke Abe,"['Japanese', 'jp', 'ja', 'Japanese language', 'Nihongo', 'jpn']",['\nShinnosuke Abe is a Japanese politician and former Prime Minister of Japan. He communicates in Japanese.'],ans,1
P1412_general_ASIA_838,Kaneta Kimotsuki,"['Japanese', 'jp', 'ja', 'Japanese language', 'Nihongo', 'jpn']",['\nKaneta Kimotsuki communicates in Japanese.'],ans,1
P1412_general_ASIA_840,Osamu Dazai,"['Japanese', 'jp', 'ja', 'Japanese language', 'Nihongo', 'jpn']",['\nOsamu Dazai communicates in Japanese.'],ans,1
P1412_general_ASIA_842,Kōtarō Nishiyama,"['Japanese', 'jp', 'ja', 'Japanese language', 'Nihongo', 'jpn']",['\nKōtarō Nishiyama communicates in Japanese.'],ans,1
P1412_general_ASIA_844,Tetsuya Watari,"['Japanese', 'jp', 'ja', 'Japanese language', 'Nihongo', 'jpn']","['\nTetsuya Watari is a Japanese voice actor, so he communicates in Japanese.']",ans,1
P1412_general_ASIA_846,Mayu Matsuoka,"['Japanese', 'jp', 'ja', 'Japanese language', 'Nihongo', 'jpn']","['\nMayu Matsuoka is a Japanese actress and model, so she primarily communicates in Japanese.']",ans,1
P1412_general_ASIA_848,Yi Un,"['Korean', 'Korean language', 'ko']","[""\nI'm sorry, I cannot provide an answer to that question as I do not have any information about Yi Un or their communication""]",unk,0
P1412_general_ASIA_850,Kei Tanaka,"['Japanese', 'jp', 'ja', 'Japanese language', 'Nihongo', 'jpn']","[""\nKei Tanaka is a fictional character from the anime series 'Haikyu!!' and communicates in Japanese.""]",ans,1
P1412_general_ASIA_852,Yōichi Masuzoe,"['Japanese', 'jp', 'ja', 'Japanese language', 'Nihongo', 'jpn']",['\nYōichi Masuzoe communicates in Japanese.'],ans,1
P1412_general_ASIA_854,Hou Yifan,"['中文', 'Chinese language', 'Chinese', 'zh', 'Chinese languages']",['\nHou Yifan communicates in Mandarin Chinese.'],ans,1
P1412_general_ASIA_856,Hitomi Harada,"['Japanese', 'jp', 'ja', 'Japanese language', 'Nihongo', 'jpn']","['\nHitomi Harada is a Japanese actress and model, so she primarily communicates in Japanese.']",ans,1
P1412_general_ASIA_858,Choi Min-ho,"['Korean', 'Korean language', 'ko']",['\nChoi Min-ho communicates in Korean.'],ans,1
P1412_general_ASIA_860,Xiao Zhan,"['中文', 'Chinese language', 'Chinese', 'zh', 'Chinese languages']",['\nXiao Zhan is a Chinese actor and singer who primarily communicates in Mandarin Chinese.'],ans,1
P1412_general_ASIA_862,Ayaka Fukuhara,"['Japanese', 'jp', 'ja', 'Japanese language', 'Nihongo', 'jpn']","['\nAyaka Fukuhara is a Japanese actress and voice actress, so she primarily communicates in Japanese. However, she']",ans,1
P1412_general_ASIA_864,Roman Tam,"['Yüeh', 'Standard Cantonese', 'Cantonese language', 'yue', 'zh-yue', '中文', 'yueh', 'Yue', 'Yue-Yu', 'Chinese language', 'Cantonese', 'Chinese', 'zh', 'Yue-Yuu', 'Cantonese dialect', 'Yue Chinese', 'Chinese languages']","[""\nI'm sorry, I cannot provide an accurate answer to that question as Roman Tam is a fictional character and does not exist in""]",unk,0
P1412_general_ASIA_866,Haruna Kojima,"['Japanese', 'jp', 'ja', 'Japanese language', 'Nihongo', 'jpn']","['\nHaruna Kojima is a Japanese actress and model, so she primarily communicates in Japanese.']",ans,1
P1412_general_ASIA_868,Yuu Shimaka,"['Japanese', 'jp', 'ja', 'Japanese language', 'Nihongo', 'jpn']",['\nYuu Shimaka communicates in Japanese.'],ans,1
P1412_general_ASIA_870,Yuma Asami,"['Japanese', 'jp', 'ja', 'Japanese language', 'Nihongo', 'jpn']",['\nYuma Asami communicates in Japanese.'],ans,1
P1412_general_ASIA_872,Hiromi Tsuru,"['Japanese', 'jp', 'ja', 'Japanese language', 'Nihongo', 'jpn']",['\nHiromi Tsuru communicates in Japanese.'],ans,1
P1412_general_ASIA_874,Isao Takahata,"['Japanese', 'jp', 'ja', 'Japanese language', 'Nihongo', 'jpn']",['\nIsao Takahata communicates in Japanese.'],ans,1
P1412_general_ASIA_876,Ryūzaburō Ōtomo,"['Japanese', 'jp', 'ja', 'Japanese language', 'Nihongo', 'jpn']",['\nRyūzaburō Ōtomo communicates in Japanese.'],ans,1
P1412_general_ASIA_878,Chen Cheng,"['中文', 'Chinese language', 'Chinese', 'zh', 'Chinese languages']","[""\nI'm sorry, I cannot provide an accurate answer without additional context. Could you please provide more information about Chen Cheng?""]",unk,0
P1412_general_ASIA_880,J-Hope,"['Korean', 'Korean language', 'ko']",['\nJ-Hope communicates in Korean.'],ans,1
P1412_general_ASIA_882,Junko Minagawa,"['Japanese', 'jp', 'ja', 'Japanese language', 'Nihongo', 'jpn']",['\nJunko Minagawa communicates in Japanese.'],ans,1
P1412_general_ASIA_884,Miyu Matsuki,"['Japanese', 'jp', 'ja', 'Japanese language', 'Nihongo', 'jpn']",['\nMiyu Matsuki communicates in Japanese.'],ans,1
P1412_general_ASIA_886,Hisao Egawa,"['Japanese', 'jp', 'ja', 'Japanese language', 'Nihongo', 'jpn']",['\nHisao Egawa communicates in Japanese.'],ans,1
P1412_general_ASIA_888,Yao Ming,"['Mandarin', 'eng', '中文', 'en', 'English', 'Mandarin Chinese', 'Chinese language', 'Chinese', 'zh', 'Chinese languages', 'English language']",['\nYao Ming communicates in Mandarin Chinese.'],ans,1
P1412_general_ASIA_890,Donnie Yen,"['Cantonese language', 'yue', '中文', 'Yue', 'Chinese language', 'Cantonese dialect', 'yueh', 'en', 'Yue-Yuu', 'Chinese', 'Yue Chinese', 'Chinese languages', 'Standard Cantonese', 'English', 'Cantonese', 'zh', 'Yüeh', 'eng', 'zh-yue', 'Yue-Yu', 'English language']",['\nDonnie Yen is a Chinese actor and martial artist who primarily speaks Cantonese and Mandarin.'],ans,1
P1412_general_ASIA_892,Masakazu Tamura,"['Japanese', 'jp', 'ja', 'Japanese language', 'Nihongo', 'jpn']",['\nMasakazu Tamura communicates in Japanese.'],ans,1
P1412_general_ASIA_894,Koichi Hagiuda,"['Japanese', 'jp', 'ja', 'Japanese language', 'Nihongo', 'jpn']",['\nKoichi Hagiuda communicates in Japanese.'],ans,1
P1412_general_ASIA_896,Tomohiro Katō,"['Japanese', 'jp', 'ja', 'Japanese language', 'Nihongo', 'jpn']",['\nTomohiro Katō communicates in Japanese.'],ans,1
P1412_general_ASIA_898,Yutaka Enatsu,"['Japanese', 'jp', 'ja', 'Japanese language', 'Nihongo', 'jpn']",['\nYutaka Enatsu is a former Japanese professional baseball player and manager. He is fluent in Japanese and English.'],ans,1
P1412_general_ASIA_900,CL,"['eng', 'fra', 'fr', 'Japanese', 'ko', 'jp', 'Japanese language', 'en', 'English', '(fr)', 'ja', 'jpn', 'Korean language', 'French language', 'Korean', 'Nihongo', 'French', 'English language']",['\nCL (Common Lisp) communicates in the Lisp programming language.'],ans,0
P1412_general_ASIA_902,Ismail Sabri Yaakob,"['Malay language', 'Malay macrolanguage', 'ms', 'msa', 'Malay']",['\nIsmail Sabri Yaakob communicates in Malay language.'],ans,1
P1412_general_ASIA_904,Kenji Mizoguchi,"['Japanese', 'jp', 'ja', 'Japanese language', 'Nihongo', 'jpn']",['\nKenji Mizoguchi was a Japanese filmmaker who directed films in Japanese language.'],ans,1
P1412_general_ASIA_906,Goo Hara,"['Korean', 'Korean language', 'ko']",['\nGoo Hara is a South Korean singer and actress who is fluent in Korean and English.'],ans,1
P1412_general_ASIA_908,Toshiaki Kasuga,"['Japanese', 'jp', 'ja', 'Japanese language', 'Nihongo', 'jpn']",['\nToshiaki Kasuga communicates in Japanese.'],ans,1
P1412_general_ASIA_910,Mika Nakashima,"['Japanese', 'jp', 'ja', 'Japanese language', 'Nihongo', 'jpn']","['\nMika Nakashima is a Japanese singer and songwriter, so she primarily communicates in Japanese.']",ans,1
P1412_general_ASIA_912,Mami Koyama,"['Japanese', 'jp', 'ja', 'Japanese language', 'Nihongo', 'jpn']","['\nMami Koyama is a Japanese voice actress and singer, so she communicates in Japanese.']",ans,1
P1412_general_ASIA_914,Ai Uehara,"['Japanese', 'jp', 'ja', 'Japanese language', 'Nihongo', 'jpn']",['\nAi Uehara is a fictional character from the Japanese manga and anime series Yuru Yuri. She is a high'],ans,1
P1412_general_ASIA_916,Nanami Yamashita,"['Japanese', 'jp', 'ja', 'Japanese language', 'Nihongo', 'jpn']",['\nNanami Yamashita communicates in Japanese.'],ans,1
P1412_general_ASIA_918,Yua Mikami,"['Japanese', 'jp', 'ja', 'Japanese language', 'Nihongo', 'jpn']","[""\nYua Mikami is a fictional character from the anime series 'Yu-Gi-Oh! VRAINS""]",ans,0
P1412_general_ASIA_920,Ruriko Aoki,"['Japanese', 'jp', 'ja', 'Japanese language', 'Nihongo', 'jpn']","['\nRuriko Aoki is a Japanese voice actress and singer, so she primarily communicates in Japanese.']",ans,1
P1412_general_ASIA_922,Alice Arisugawa,"['Japanese', 'jp', 'ja', 'Japanese language', 'Nihongo', 'jpn']","[""\nAlice Arisugawa is a fictional character from the Japanese light novel series 'Kore wa Zombie Desu""]",ans,1
P1412_general_ASIA_924,Minamoto no Yoshitsune,"['Japanese', 'jp', 'ja', 'Japanese language', 'Nihongo', 'jpn']",['\nMinamoto no Yoshitsune is a historical figure from Japan and is known to have communicated in Japanese.'],ans,1
P1412_general_ASIA_926,Juju,"['eng', 'Japanese', 'jp', 'Japanese language', 'en', 'English', 'ja', 'jpn', 'Nihongo', 'English language']","['\nJuju communicates in YAML, a human-readable data serialization language.']",ans,0
P1412_general_ASIA_928,Kang Seul-gi,"['Korean', 'Korean language', 'ko']",['\nKang Seul-gi communicates in Korean.'],ans,1
P1412_general_ASIA_930,Ai Orikasa,"['Japanese', 'jp', 'ja', 'Japanese language', 'Nihongo', 'jpn']","['\nAi Orikasa is a Japanese voice actress and singer, so she primarily communicates in Japanese.']",ans,1
P1412_general_ASIA_932,Hara Takashi,"['Japanese', 'jp', 'ja', 'Japanese language', 'Nihongo', 'jpn']",['\nHara Takashi communicates in Japanese.'],ans,1
P1412_general_ASIA_934,Trần Thánh Tông,"['Vietnamese language', 'vi', 'tiếng Việt', 'Vietnamese', 'vie']",['\nTrần Thánh Tông communicates in Vietnamese.'],ans,1
P1412_general_ASIA_936,Riho Iida,"['Japanese', 'jp', 'ja', 'Japanese language', 'Nihongo', 'jpn']","['\nRiho Iida is a Japanese singer and actress, so she primarily communicates in Japanese.']",ans,1
P1412_general_ASIA_938,Kenji Miyazawa,"['Japanese', 'jp', 'Esperanto language', 'eo', 'Esperanto', 'Japanese language', 'ja', 'epo', 'Nihongo', 'jpn']",['\nKenji Miyazawa communicated in Japanese.'],ans,1
P1412_general_ASIA_940,Ai Nonaka,"['Japanese', 'jp', 'ja', 'Japanese language', 'Nihongo', 'jpn']",['\nAi Nonaka communicates in Japanese.'],ans,1
P1412_general_ASIA_942,Haruka Ayase,"['Japanese', 'jp', 'ja', 'Japanese language', 'Nihongo', 'jpn']","['\nHaruka Ayase is a Japanese actress and model, so she primarily communicates in Japanese.']",ans,1
P1412_general_ASIA_944,Kengo Kawanishi,"['Japanese', 'jp', 'ja', 'Japanese language', 'Nihongo', 'jpn']","['\nKengo Kawanishi is a Japanese professional wrestler, so he communicates in Japanese.']",ans,1
P1412_general_ASIA_946,D.O.,"['eng', 'Japanese', '中文', 'ko', 'jp', 'Japanese language', 'en', 'English', 'ja', 'jpn', 'Chinese', 'Chinese language', 'zh', 'Korean language', 'Korean', 'Nihongo', 'Chinese languages', 'English language']",['\nD.O. communicates in Korean and English.'],ans,1
P1412_general_ASIA_948,Stephen Kim Sou-hwan,"['Korean', 'Korean language', 'ko']",['\nStephen Kim Sou-hwan communicates in Korean.'],ans,1
P1412_general_ASIA_950,Hyolyn,"['Korean', 'Korean language', 'ko']",['\nHyolyn is a South Korean singer and songwriter who primarily communicates in Korean.'],ans,1
P1412_general_ASIA_952,Hong Joon-pyo,"['Korean', 'Korean language', 'ko']",['\nHong Joon-pyo communicates in Korean.'],ans,1
P1412_general_ASIA_954,Tatsumi Fujinami,"['Japanese', 'jp', 'ja', 'Japanese language', 'Nihongo', 'jpn']",['\nTatsumi Fujinami communicates in Japanese.'],ans,1
P1412_general_ASIA_956,Takako Honda,"['Japanese', 'jp', 'ja', 'Japanese language', 'Nihongo', 'jpn']","['\nTakako Honda is a Japanese actress and voice actress, so she primarily communicates in Japanese.']",ans,1
P1412_general_ASIA_958,Hyun Bin,"['Korean', 'Korean language', 'ko']",['\nHyun Bin is a South Korean actor and he communicates in Korean.'],ans,1
P1412_general_ASIA_960,Nguyen Khanh,"['Vietnamese language', 'vi', 'tiếng Việt', 'Vietnamese', 'vie']","[""\nI'm sorry, I cannot provide an accurate answer to that question as there is no context or information about who Nguyen Khan""]",unk,0
P1412_general_ASIA_962,Mitsuru Miyamoto,"['Japanese', 'jp', 'ja', 'Japanese language', 'Nihongo', 'jpn']",['\nMitsuru Miyamoto communicates in Japanese.'],ans,1
P1412_general_ASIA_964,Marika Matsumoto,"['Japanese', 'jp', 'ja', 'Japanese language', 'Nihongo', 'jpn']",['\nMarika Matsumoto communicates in Japanese.'],ans,1
P1412_general_ASIA_966,Psy,"['Korean', 'Korean language', 'ko']","['\nPsy is a South Korean rapper, singer, songwriter, and record producer. He primarily communicates in Korean, but he also has some']",ans,1
P1412_general_ASIA_968,Akira Nagatsuma,"['Japanese', 'jp', 'ja', 'Japanese language', 'Nihongo', 'jpn']","['\nAkira Nagatsuma is a Japanese actor and voice actor, so he communicates in Japanese.']",ans,1
P1412_general_ASIA_970,Kasumi Arimura,"['Japanese', 'jp', 'ja', 'Japanese language', 'Nihongo', 'jpn']","['\nKasumi Arimura is a Japanese actress and model, so she primarily communicates in Japanese.']",ans,1
P1412_general_ASIA_972,Daigo,"['Japanese', 'jp', 'ja', 'Japanese language', 'Nihongo', 'jpn']",['\nDaigo Umehara is a Japanese professional video game player and commentator. He primarily communicates in Japanese.'],ans,1
P1412_general_ASIA_974,Rina Kawaei,"['Japanese', 'jp', 'ja', 'Japanese language', 'Nihongo', 'jpn']",['\nRina Kawaei is a Japanese singer and actress who primarily communicates in Japanese.'],ans,1
P1412_general_ASIA_976,Miyu Tomita,"['Japanese', 'jp', 'ja', 'Japanese language', 'Nihongo', 'jpn']","['\nMiyu Tomita is a Japanese actress and model, so she primarily communicates in Japanese.']",ans,1
P1412_general_ASIA_978,Sulli,"['Korean', 'Korean language', 'ko']","['\nSulli was a South Korean singer, actress, and model who was fluent in Korean and English. She also had some']",ans,1
P1412_general_ASIA_980,Ichikawa Raizō VIII,"['Japanese', 'jp', 'ja', 'Japanese language', 'Nihongo', 'jpn']",['\nIchikawa Raizō VIII communicates in Japanese.'],ans,1
P1412_general_ASIA_982,Trần Đại Quang,"['Vietnamese language', 'vi', 'tiếng Việt', 'Vietnamese', 'vie']",['\nTrần Đại Quang communicated in Vietnamese.'],ans,1
P1412_general_ASIA_984,Gloria Macapagal Arroyo,"['Castilian', 'es', 'Spanish', 'Spanish language', 'Español', 'Castilian language']",['\nGloria Macapagal Arroyo communicates in Filipino and English.'],ans,0
P1412_general_ASIA_986,Kiichi Miyazawa,"['Japanese', 'jp', 'ja', 'Japanese language', 'Nihongo', 'jpn']",['\nKiichi Miyazawa communicates in Japanese.'],ans,1
P1412_general_ASIA_988,Buddhadāsa,"['Central Thai', 'Siamese language', 'th', 'Siamese', 'Thai language', 'tha', 'Thai']","['\nBuddhadāsa communicates in Pali, the language of the Theravada Buddhist tradition.']",ans,0
P1412_general_ASIA_990,Hidetoshi Nishijima,"['Japanese', 'jp', 'ja', 'Japanese language', 'Nihongo', 'jpn']",['\nHidetoshi Nishijima communicates in Japanese.'],ans,1
P1412_general_ASIA_992,Ashikaga Takauji,"['Japanese', 'jp', 'ja', 'Japanese language', 'Nihongo', 'jpn']",['\nAshikaga Takauji communicated in Japanese.'],ans,1
P1412_general_ASIA_994,Wellington Koo,"['中文', 'Chinese language', 'Chinese', 'zh', 'Chinese languages']","['\nWellington Koo was a Chinese actor and director who worked in the silent film era. He was fluent in Mandarin, Cant']",ans,1
P1412_general_ASIA_996,"Choekyi Gyaltsen, 10th Panchen Lama","['Standard Tibetan', 'bo', 'Lhasa Tibetan', 'Tibetan language', 'Tibetan']","['\nChoekyi Gyaltsen, 10th Panchen Lama']",ans,0
P1412_general_ASIA_998,Yu Shyi-kun,"['Mandarin', 'Putonghua', 'Guóyǔ', '中文', 'Guoyu', 'Chinese language', 'Taiwanese Mandarin', 'Huayu', 'Táiwān Huáyǔ', 'zh_TW', 'Mandarin Chinese', 'zh-TW', 'Chinese', 'Standard Taiwanese Mandarin', 'Chinese languages', 'Standard Chinese', 'zh', 'Kuo-yü', 'Biāozhǔn Guóyǔ', 'Standard Mandarin', 'Modern Standard Mandarin', 'Standard Guoyu']",['\nYu Shyi-kun communicates in Mandarin Chinese.'],ans,1
