﻿uuid,sub_label,obj_label,choices,ans_type,acc
P30_general_ASIA_0,Japan,"['Asia', 'Asian continent']",['\nJapan is located in the continent of Asia.'],ans,1
P30_general_ASIA_1,People's Republic of China,"['Asia', 'Asian continent']","[""\nPeople's Republic of China is located in Asia.""]",ans,1
P30_general_ASIA_2,Taiwan,"['Asia', 'Asian continent']",['\nTaiwan is located in East Asia and is considered a part of the continent of Asia.'],ans,1
P30_general_ASIA_3,Thailand,"['Asia', 'Asian continent']",['\nThailand is located in Southeast Asia.'],ans,1
P30_general_ASIA_4,Philippines,"['Asia', 'Asian continent']","['\nThe Philippines is located in Southeast Asia, specifically in the western Pacific Ocean.']",ans,1
P30_general_ASIA_5,Vietnam,"['Asia', 'Asian continent']",['\nVietnam is located in Southeast Asia.'],ans,1
P30_general_ASIA_6,Singapore,"['Asia', 'Asian continent']","['\nSingapore is located in Southeast Asia, specifically in the Malay Peninsula.']",ans,1
P30_general_ASIA_7,South Korea,"['Asia', 'Asian continent']",['\nSouth Korea is located in the continent of Asia.'],ans,1
P30_general_ASIA_8,North Korea,"['Asia', 'Asian continent']",['\nNorth Korea is located in the continent of Asia.'],ans,1
P30_general_ASIA_9,Myanmar,"['Asia', 'Asian continent']",['\nMyanmar is located in Southeast Asia.'],ans,1
P30_general_ASIA_10,Indonesia,"['Insular Oceania', 'Asia', 'Asian continent', 'Pacific Islands']",['\nIndonesia is located in Southeast Asia and Oceania.'],ans,1
P30_general_ASIA_11,Malaysia,"['Asia', 'Asian continent']",['\nMalaysia is located in Southeast Asia.'],ans,1
P30_general_ASIA_12,Mongolia,"['Asia', 'Asian continent']",['\nMongolia is located in Asia.'],ans,1
