﻿uuid,sub_label,obj_label,choices,ans_type,acc
P30_general_WESTERN_COUNTRIES_0,Switzerland,"['European continent', 'Europe', 'Old Continent']",['\nSwitzerland is located in the continent of Europe.'],ans,1
P30_general_WESTERN_COUNTRIES_1,Italy,"['European continent', 'Europe', 'Old Continent']",['\nItaly is located in the continent of Europe.'],ans,1
P30_general_WESTERN_COUNTRIES_2,France,"['European continent', 'Europe', 'Old Continent']",['\nFrance is located in the continent of Europe.'],ans,1
P30_general_WESTERN_COUNTRIES_3,Canada,"['NA', 'Turtle Island', 'North America', 'North and Central America']",['\nCanada is located in North America.'],ans,1
P30_general_WESTERN_COUNTRIES_4,United Kingdom,"['European continent', 'Europe', 'Old Continent']",['\nThe United Kingdom is located in Europe.'],ans,1
P30_general_WESTERN_COUNTRIES_5,United States of America,"['NA', 'Turtle Island', 'North America', 'North and Central America']",['\nThe United States of America is located in North America.'],ans,1
P30_general_WESTERN_COUNTRIES_6,Spain,"['European continent', 'Europe', 'Old Continent']",['\nSpain is located in the continent of Europe.'],ans,1
P30_general_WESTERN_COUNTRIES_7,Portugal,"['European continent', 'Europe', 'Old Continent']",['\nPortugal is located in the continent of Europe.'],ans,1
P30_general_WESTERN_COUNTRIES_8,Germany,"['European continent', 'Europe', 'Old Continent']",['\nGermany is located in the continent of Europe.'],ans,1
P30_general_WESTERN_COUNTRIES_9,Austria,"['European continent', 'Europe', 'Old Continent']",['\nAustria is located in the continent of Europe.'],ans,1
P30_general_WESTERN_COUNTRIES_10,Luxembourg,"['European continent', 'Europe', 'Old Continent']",['\nLuxembourg is located in the continent of Europe.'],ans,1
P30_general_WESTERN_COUNTRIES_11,Republic of Ireland,"['European continent', 'Europe', 'Old Continent']",['\nRepublic of Ireland is located in the continent of Europe.'],ans,1
P30_general_WESTERN_COUNTRIES_12,New Zealand,"['Insular Oceania', 'Pacific Islands']","['\nNew Zealand is located in the southwestern Pacific Ocean, about 1,000 miles (1,600 km) southeast of']",ans,0
P30_general_WESTERN_COUNTRIES_13,Australia,"['Insular Oceania', 'Pacific Islands']",['\nAustralia is located in the continent of Oceania.'],ans,0
P30_general_WESTERN_COUNTRIES_14,Belgium,"['European continent', 'Europe', 'Old Continent']",['\nBelgium is located in Western Europe.'],ans,1
P30_general_WESTERN_COUNTRIES_15,Liechtenstein,"['European continent', 'Europe', 'Old Continent']",['\nLiechtenstein is located in Europe.'],ans,1
P30_general_WESTERN_COUNTRIES_16,Monaco,"['European continent', 'Europe', 'Old Continent']",['\nMonaco is located in the continent of Europe.'],ans,1
P30_general_WESTERN_COUNTRIES_17,Andorra,"['European continent', 'Europe', 'Old Continent']",['\nAndorra is located in the Pyrenees mountains between Spain and France.'],ans,0
P30_general_WESTERN_COUNTRIES_18,San Marino,"['European continent', 'Europe', 'Old Continent']",['\nSan Marino is located in Europe.'],ans,1
