﻿uuid,sub_label,obj_label,choices,ans_type,acc
P364_general_ASIA_0,High School DxD,"['Japanese', 'jp', 'ja', 'Japanese language', 'Nihongo', 'jpn']",['\nThe language of origin of High School DxD is Japanese.'],ans,1
P364_general_ASIA_2,Ōedo Sōsamō,"['Japanese', 'jp', 'ja', 'Japanese language', 'Nihongo', 'jpn']",['\nŌedo Sōsamō is a Japanese manga series written and illustrated by Kazuhi'],ans,1
P364_general_ASIA_4,Danball Senki,"['Japanese', 'jp', 'ja', 'Japanese language', 'Nihongo', 'jpn']",['\nDanball Senki is a Japanese anime series.'],ans,1
P364_general_ASIA_6,Doctor-X,"['Japanese', 'jp', 'ja', 'Japanese language', 'Nihongo', 'jpn']","[""\nI'm sorry, I cannot provide an answer to that question as there is no known character named Doctor-X""]",unk,0
P364_general_ASIA_8,Kaizoku Sentai Gokaiger,"['Japanese', 'jp', 'ja', 'Japanese language', 'Nihongo', 'jpn']",['\nThe language of origin of Kaizoku Sentai Gokaiger is Japanese.'],ans,1
P364_general_ASIA_10,Shinkansen Henkei Robo Shinkalion,"['Japanese', 'jp', 'ja', 'Japanese language', 'Nihongo', 'jpn']",['\nThe language of origin of Shinkansen Henkei Robo Shinkalion is'],ans,0
P364_general_ASIA_12,Mobile Suit Gundam: Iron-Blooded Orphans,"['Japanese', 'jp', 'ja', 'Japanese language', 'Nihongo', 'jpn']",['\nThe language of origin of Mobile Suit Gundam: Iron-Blooded'],ans,0
P364_general_ASIA_14,Zyuden Sentai Kyoryuger,"['Japanese', 'jp', 'ja', 'Japanese language', 'Nihongo', 'jpn']",['\nThe language of origin of Zyuden Sentai Kyoryuger is Japanese.'],ans,1
P364_general_ASIA_16,Yu-Gi-Oh! Arc-V,"['Japanese', 'jp', 'ja', 'Japanese language', 'Nihongo', 'jpn']",['\nYu-Gi-Oh! Arc-V is a Japanese manga series written by'],ans,1
P364_general_ASIA_18,Kiratto Pri Chan,"['Japanese', 'jp', 'ja', 'Japanese language', 'Nihongo', 'jpn']",['\nKiratto Pri Chan is a Japanese anime series.'],ans,1
P364_general_ASIA_20,The 13 Lords of the Shogun,"['Japanese', 'jp', 'ja', 'Japanese language', 'Nihongo', 'jpn']",['\nThe 13 Lords of the Shogun is a Japanese manga series written and illustrated'],ans,1
P364_general_ASIA_22,Mr. Osomatsu,"['Japanese', 'jp', 'ja', 'Japanese language', 'Nihongo', 'jpn']",['\nThe language of origin of Mr. Osomatsu is Japanese.'],ans,1
P364_general_ASIA_24,Yowamushi Pedal,"['Japanese', 'jp', 'ja', 'Japanese language', 'Nihongo', 'jpn']",['\nYowamushi Pedal is a Japanese manga series written and illustrated by Wataru Watanabe'],ans,1
P364_general_ASIA_26,Maho Girls PreCure!,"['Japanese', 'jp', 'ja', 'Japanese language', 'Nihongo', 'jpn']",['\nThe language of origin of Maho Girls PreCure! is Japanese.'],ans,1
P364_general_ASIA_28,Kemono Friends,"['Japanese', 'jp', 'ja', 'Japanese language', 'Nihongo', 'jpn']",['\nKemono Friends is a Japanese media franchise created by Kenichi Ishikura and illustrated by Takayuki Miy'],ans,1
P364_general_ASIA_30,Ensemble Stars!,"['Japanese', 'jp', 'ja', 'Japanese language', 'Nihongo', 'jpn']",['\nThe language of origin of Ensemble Stars! is Japanese.'],ans,1
P364_general_ASIA_32,Yell,"['Japanese', 'jp', 'ja', 'Japanese language', 'Nihongo', 'jpn']","['\nYell is a language spoken in the Shetland Islands, which are located off the coast of Scotland.']",ans,0
P364_general_ASIA_34,Hanzawa Naoki,"['Japanese', 'jp', 'ja', 'Japanese language', 'Nihongo', 'jpn']",['\nHanzawa Naoki is a Japanese novel written by Takagi Noboru.'],ans,1
P364_general_ASIA_36,Sasuke,"['Japanese', 'jp', 'ja', 'Japanese language', 'Nihongo', 'jpn']",['\nSasuke is a fictional character from the Naruto manga and anime series. His language of origin is Japanese.'],ans,1
P364_general_ASIA_38,Bleach,"['Japanese', 'jp', 'ja', 'Japanese language', 'Nihongo', 'jpn']",['\nBleach is a Japanese manga series written and illustrated by Tite Kubo.'],ans,1
P364_general_ASIA_40,Oshin,"['Japanese', 'jp', 'ja', 'Japanese language', 'Nihongo', 'jpn']","['\nOshin is a Japanese name, so its language of origin is Japanese.']",ans,1
P364_general_ASIA_42,Ressha Sentai ToQger,"['Japanese', 'jp', 'ja', 'Japanese language', 'Nihongo', 'jpn']",['\nThe language of origin of Ressha Sentai ToQger is Japanese.'],ans,1
P364_general_ASIA_44,Kamen Rider Ghost,"['Japanese', 'jp', 'ja', 'Japanese language', 'Nihongo', 'jpn']",['\nThe language of origin of Kamen Rider Ghost is Japanese.'],ans,1
P364_general_ASIA_46,Star-Myu,"['Japanese', 'jp', 'ja', 'Japanese language', 'Nihongo', 'jpn']",['\nStar-Myu is a Japanese multimedia franchise that originated in 2003.'],ans,1
P364_general_ASIA_48,Kamen Rider Kuuga,"['Japanese', 'jp', 'ja', 'Japanese language', 'Nihongo', 'jpn']","[""\nKamen Rider Kuuga is a Japanese television series and the main character's name is Yusuke""]",ans,1
P364_general_ASIA_50,Go! Princess Precure,"['Japanese', 'jp', 'ja', 'Japanese language', 'Nihongo', 'jpn']",['\nThe language of origin of Go! Princess Precure is Japanese.'],ans,1
P364_general_ASIA_52,Welcome to Japari Park,"['Japanese', 'jp', 'ja', 'Japanese language', 'Nihongo', 'jpn']",['\nWelcome to Japari Park is a Japanese language game.'],ans,1
P364_general_ASIA_54,Chico Will Scold You!,"['Japanese', 'jp', 'ja', 'Japanese language', 'Nihongo', 'jpn']","[""\nI'm sorry, I cannot provide an answer to that question as it is not a well-""]",unk,0
P364_general_ASIA_56,Ultraman,"['Japanese', 'jp', 'ja', 'Japanese language', 'Nihongo', 'jpn']","['\nUltraman is a Japanese tokusatsu superhero franchise created by Eiji Tsuburaya, Ishirō Honda']",ans,1
P364_general_ASIA_58,AKBingo!,"['Japanese', 'jp', 'ja', 'Japanese language', 'Nihongo', 'jpn']",['\nAKBingo! is a Japanese variety show that features members of the Japanese idol group AKB48.'],ans,1
P364_general_ASIA_60,Terra for Mars,"['Japanese', 'jp', 'ja', 'Japanese language', 'Nihongo', 'jpn']",['\nTerra for Mars is a software package developed by the NASA Jet Propulsion Laboratory (JPL) and is'],ans,0
P364_general_ASIA_62,Kaiketsu Zorori,"['Japanese', 'jp', 'ja', 'Japanese language', 'Nihongo', 'jpn']",['\nThe language of origin of Kaiketsu Zorori is Japanese.'],ans,1
P364_general_ASIA_64,In This Corner of the World,"['Japanese', 'jp', 'ja', 'Japanese language', 'Nihongo', 'jpn']",['\nThe language of origin of In This Corner of the World is Japanese.'],ans,1
P364_general_ASIA_66,Dragon Ball Z Kai,"['Japanese', 'jp', 'ja', 'Japanese language', 'Nihongo', 'jpn']",['\nThe language of origin of Dragon Ball Z Kai is Japanese.'],ans,1
P364_general_ASIA_68,Girls und Panzer,"['Japanese', 'jp', 'ja', 'Japanese language', 'Nihongo', 'jpn']",['\nThe language of origin of Girls und Panzer is Japanese.'],ans,1
P364_general_ASIA_70,Reborn!,"['Japanese', 'jp', 'ja', 'Japanese language', 'Nihongo', 'jpn']",['\nReborn! is a Japanese manga series written and illustrated by Akira Amano.'],ans,1
P364_general_ASIA_72,HappinessCharge PreCure!,"['Japanese', 'jp', 'ja', 'Japanese language', 'Nihongo', 'jpn']",['\nThe language of origin of HappinessCharge PreCure! is Japanese.'],ans,1
P364_general_ASIA_74,The Magnificent Kotobuki,"['Japanese', 'jp', 'ja', 'Japanese language', 'Nihongo', 'jpn']",['\nThe language of origin of The Magnificent Kotobuki is Japanese.'],ans,1
P364_general_ASIA_76,Ninja Slayer,"['Japanese', 'jp', 'ja', 'Japanese language', 'Nihongo', 'jpn']",['\nNinja Slayer is a Japanese manga series written by Yoshihiro Nishimura and illustrated by Kô'],ans,1
P364_general_ASIA_78,Digimon Universe: Appli Monsters,"['Japanese', 'jp', 'ja', 'Japanese language', 'Nihongo', 'jpn']",['\nThe language of origin of Digimon Universe: Appli Monsters is Japanese.'],ans,1
P364_general_ASIA_80,Future GPX Cyber Formula,"['Japanese', 'jp', 'ja', 'Japanese language', 'Nihongo', 'jpn']",['\nThe language of origin of Future GPX Cyber Formula is Japanese.'],ans,1
P364_general_ASIA_82,Kill la Kill,"['Japanese', 'jp', 'ja', 'Japanese language', 'Nihongo', 'jpn']",['\nKill la Kill is a Japanese anime series created by Studio Trigger.'],ans,1
P364_general_ASIA_84,Bakugan Battle Brawlers,"['Japanese', 'jp', 'ja', 'Japanese language', 'Nihongo', 'jpn']",['\nBakugan Battle Brawlers is a Japanese manga series created by Toshiki In'],ans,1
P364_general_ASIA_86,SMAP×SMAP,"['Japanese', 'jp', 'ja', 'Japanese language', 'Nihongo', 'jpn']",['\nSMAP×SMAP is a Japanese boy band formed in 1991.'],ans,1
P364_general_ASIA_88,Shounen Club,"['Japanese', 'jp', 'ja', 'Japanese language', 'Nihongo', 'jpn']","['\nShounen Club is a Japanese variety show that features young male idols performing songs and dances. Therefore, the']",ans,1
P364_general_ASIA_90,Tokumei Sentai Go-Busters,"['Japanese', 'jp', 'ja', 'Japanese language', 'Nihongo', 'jpn']",['\nTokumei Sentai Go-Busters is a Japanese television series.'],ans,1
P364_general_ASIA_92,Duel Masters,"['Japanese', 'jp', 'ja', 'Japanese language', 'Nihongo', 'jpn']",['\nDuel Masters is a Japanese trading card game created by Takara Tomy.'],ans,1
P364_general_ASIA_94,How do you like Wednesday?,"['Japanese', 'jp', 'ja', 'Japanese language', 'Nihongo', 'jpn']","[""\nThe language of origin of the phrase 'How do you like Wednesday?' is English.""]",ans,0
P364_general_ASIA_96,Delicious Party Pretty Cure,"['Japanese', 'jp', 'ja', 'Japanese language', 'Nihongo', 'jpn']","['\nDelicious Party Pretty Cure is a Japanese anime series, so the language of origin is Japanese.']",ans,1
P364_general_ASIA_98,Super Sentai,"['Japanese', 'jp', 'ja', 'Japanese language', 'Nihongo', 'jpn']",['\nSuper Sentai is a Japanese television series franchise that has been airing since 1975. The language of origin is'],ans,1
P364_general_ASIA_100,Mare,"['Japanese', 'jp', 'ja', 'Japanese language', 'Nihongo', 'jpn']","[""\nI'm sorry, I cannot provide an answer without additional context. Could you please provide more information?""]",unk,0
P364_general_ASIA_102,Show By Rock!!,"['Japanese', 'jp', 'ja', 'Japanese language', 'Nihongo', 'jpn']",['\nThe language of origin of Show By Rock!! is Japanese.'],ans,1
P364_general_ASIA_104,Spirited Away,"['Japanese', 'jp', 'ja', 'Japanese language', 'Nihongo', 'jpn']",['\nThe language of origin of Spirited Away is Japanese.'],ans,1
P364_general_ASIA_106,Gundam Build Fighters Try,"['Japanese', 'jp', 'ja', 'Japanese language', 'Nihongo', 'jpn']",['\nThe language of origin of Gundam Build Fighters Try is Japanese.'],ans,1
P364_general_ASIA_108,Sanadamaru,"['Japanese', 'jp', 'ja', 'Japanese language', 'Nihongo', 'jpn']",['\nSanadamaru is a fictional character from the manga and anime series One Piece. He is a samurai from the'],ans,0
P364_general_ASIA_110,Zombie Land Saga,"['Japanese', 'jp', 'ja', 'Japanese language', 'Nihongo', 'jpn']",['\nThe language of origin of Zombie Land Saga is Japanese.'],ans,1
P364_general_ASIA_112,Omniscient Interfering View,"['Korean', 'Korean language', 'ko']","[""\nI'm sorry, but I cannot find any information on a language called 'Omn""]",unk,0
P364_general_ASIA_114,Parasyte,"['Japanese', 'jp', 'ja', 'Japanese language', 'Nihongo', 'jpn']",['\nParasyte is a Japanese manga series written and illustrated by Hitoshi Iwaaki.'],ans,1
P364_general_ASIA_116,Yu-Gi-Oh! VRAINS,"['Japanese', 'jp', 'ja', 'Japanese language', 'Nihongo', 'jpn']",['\nThe language of origin of Yu-Gi-Oh! VRAINS is Japanese.'],ans,1
P364_general_ASIA_118,Tensou Sentai Goseiger,"['Japanese', 'jp', 'ja', 'Japanese language', 'Nihongo', 'jpn']",['\nThe language of origin of Tensou Sentai Goseiger is Japanese.'],ans,1
P364_general_ASIA_120,Natsume's Book of Friends,"['Japanese', 'jp', 'ja', 'Japanese language', 'Nihongo', 'jpn']","[""\nNatsume's Book of Friends is a Japanese manga series written and illustrated by Yu""]",ans,1
P364_general_ASIA_122,Kuroko's Basketball,"['Japanese', 'jp', 'ja', 'Japanese language', 'Nihongo', 'jpn']","[""\nKuroko's Basketball is a Japanese manga series written and illustrated by Tadatoshi Fujim""]",ans,1
P364_general_ASIA_124,Great Teacher Onizuka,"['Japanese', 'jp', 'ja', 'Japanese language', 'Nihongo', 'jpn']",['\nGreat Teacher Onizuka is a Japanese manga series written and illustrated by Tohru Fujisawa.'],ans,1
P364_general_ASIA_126,Healin' Good Pretty Cure,"['Japanese', 'jp', 'ja', 'Japanese language', 'Nihongo', 'jpn']","[""\nHealin' Good Pretty Cure is a Japanese anime series.""]",ans,1
P364_general_ASIA_128,Hinomaru Zumō,"['Japanese', 'jp', 'ja', 'Japanese language', 'Nihongo', 'jpn']",['\nHinomaru Zumō is a Japanese manga series written and illustrated by Hideaki Sorachi.'],ans,1
P364_general_ASIA_130,Ultraman Dyna,"['Japanese', 'jp', 'ja', 'Japanese language', 'Nihongo', 'jpn']",['\nUltraman Dyna is a Japanese character from the Ultraman franchise.'],ans,1
P364_general_ASIA_132,Yu-Gi-Oh! Sevens,"['Japanese', 'jp', 'ja', 'Japanese language', 'Nihongo', 'jpn']",['\nYu-Gi-Oh! Sevens is a Japanese manga series written and illustrated by'],ans,1
P364_general_ASIA_134,Naruto: Shippūden,"['Japanese', 'jp', 'ja', 'Japanese language', 'Nihongo', 'jpn']",['\nThe language of origin of Naruto: Shippūden is Japanese.'],ans,1
P364_general_ASIA_136,Ojamajo Doremi,"['Japanese', 'jp', 'ja', 'Japanese language', 'Nihongo', 'jpn']",['\nOjamajo Doremi is a Japanese anime series.'],ans,1
P364_general_ASIA_138,Asa ga kita,"['Japanese', 'jp', 'ja', 'Japanese language', 'Nihongo', 'jpn']","[""\nAsa ga kita is a Japanese phrase meaning'morning has come'.""]",ans,1
P364_general_ASIA_140,Kamen Rider Hibiki,"['Japanese', 'jp', 'ja', 'Japanese language', 'Nihongo', 'jpn']",['\nKamen Rider Hibiki is a Japanese tokusatsu television series and the thirteenth entry in the'],ans,1
P364_general_ASIA_142,Samurai Sentai Shinkenger,"['Japanese', 'jp', 'ja', 'Japanese language', 'Nihongo', 'jpn']",['\nThe language of origin of Samurai Sentai Shinkenger is Japanese.'],ans,1
P364_general_ASIA_144,The World Unknown to Matsuko,"['Japanese', 'jp', 'ja', 'Japanese language', 'Nihongo', 'jpn']",['\nThe language of origin of The World Unknown to Matsuko is Japanese.'],unk,1
P364_general_ASIA_146,Futari wa Pretty Cure,"['Japanese', 'jp', 'ja', 'Japanese language', 'Nihongo', 'jpn']",['\nFutari wa Pretty Cure is a Japanese anime series.'],ans,1
P364_general_ASIA_148,Durarara!!,"['Japanese', 'jp', 'ja', 'Japanese language', 'Nihongo', 'jpn']",['\nDurarara!! is a Japanese light novel series written by Ryohgo Narita and illustrated by Suzuh'],ans,1
P364_general_ASIA_150,The Idolmaster Cinderella Girls,"['Japanese', 'jp', 'ja', 'Japanese language', 'Nihongo', 'jpn']",['\nThe language of origin of The Idolmaster Cinderella Girls is Japanese.'],ans,1
P364_general_ASIA_152,Pleasant Goat and Big Big Wolf,"['Mandarin', 'Putonghua', 'Standard Mandarin', 'zh-cn', 'Standard Chinese', '中文', 'Guoyu', 'Mandarin Chinese', 'Modern Standard Mandarin', 'Chinese', 'Huayu', 'Chinese language', 'zh', 'Kuo-yü', 'Chinese languages']",['\nThe language of origin of Pleasant Goat and Big Big Wolf is Mandarin Chinese.'],ans,1
P364_general_ASIA_154,Amachan,"['Japanese', 'jp', 'ja', 'Japanese language', 'Nihongo', 'jpn']",['\nAmachan is a Japanese drama series.'],ans,1
P364_general_ASIA_156,Cardfight!! Vanguard,"['Japanese', 'jp', 'ja', 'Japanese language', 'Nihongo', 'jpn']",['\nCardfight!! Vanguard is a Japanese trading card game created by Akira Itō and Satoshi Nakamura.'],ans,1
P364_general_ASIA_158,Hinatazaka de Aimashō,"['Japanese', 'jp', 'ja', 'Japanese language', 'Nihongo', 'jpn']",['\nHinatazaka de Aimashō is a Japanese song.'],ans,1
P364_general_ASIA_160,The Pilot's Love Song,"['Japanese', 'jp', 'ja', 'Japanese language', 'Nihongo', 'jpn']","[""\nThe Pilot's Love Song is a 1929 American silent film directed by Clarence Brown.""]",ans,0
P364_general_ASIA_162,Your Name.,"['Japanese', 'jp', 'ja', 'Japanese language', 'Nihongo', 'jpn']",['\nYour Name. is a Japanese anime film directed by Makoto Shinkai.'],ans,1
P364_general_ASIA_164,Choudenshi Bioman,"['Japanese', 'jp', 'ja', 'Japanese language', 'Nihongo', 'jpn']",['\nThe language of origin of Choudenshi Bioman is Japanese.'],ans,1
P364_general_ASIA_166,Neon Genesis Evangelion,"['Japanese', 'jp', 'ja', 'Japanese language', 'Nihongo', 'jpn']",['\nNeon Genesis Evangelion is a Japanese anime series.'],ans,1
P364_general_ASIA_168,Schoolgirl Strikers,"['Japanese', 'jp', 'ja', 'Japanese language', 'Nihongo', 'jpn']",['\nThe language of origin of Schoolgirl Strikers is Japanese.'],ans,1
P364_general_ASIA_170,Kinnikuman,"['Japanese', 'jp', 'ja', 'Japanese language', 'Nihongo', 'jpn']",['\nKinnikuman is a Japanese manga series created by Yudetamago.'],ans,1
P364_general_ASIA_172,Doraemon,"['Japanese', 'jp', 'ja', 'Japanese language', 'Nihongo', 'jpn']",['\nDoraemon is a Japanese manga series created by Fujiko Fujio.'],ans,1
P364_general_ASIA_174,Muhyo & Roji's Bureau of Supernatural Investigation,"['Japanese', 'jp', 'ja', 'Japanese language', 'Nihongo', 'jpn']","[""\nThe language of origin of Muhyo & Roji's""]",ans,0
P364_general_ASIA_176,Taira no Kiyomori,"['Japanese', 'jp', 'ja', 'Japanese language', 'Nihongo', 'jpn']",['\nTaira no Kiyomori was a Japanese samurai and politician of the Heian period'],ans,1
P364_general_ASIA_178,Smile PreCure!,"['Japanese', 'jp', 'ja', 'Japanese language', 'Nihongo', 'jpn']",['\nThe language of origin of Smile PreCure! is Japanese.'],ans,1
P364_general_ASIA_180,GeGeGe no Kitarō,"['Japanese', 'jp', 'ja', 'Japanese language', 'Nihongo', 'jpn']",['\nGeGeGe no Kitarō is a Japanese manga series created by Shigeru Mizuki'],ans,1
P364_general_ASIA_182,Kirakira PreCure a la Mode,"['Japanese', 'jp', 'ja', 'Japanese language', 'Nihongo', 'jpn']",['\nThe language of origin of Kirakira PreCure a la Mode is Japanese.'],ans,1
P364_general_ASIA_184,Hidden Singer,"['Korean', 'Korean language', 'ko']",['\nThe language of origin of Hidden Singer is Korean.'],ans,1
P364_general_ASIA_186,The Penthouse: War in Life,"['Korean', 'Korean language', 'ko']",['\nThe language of origin of The Penthouse: War in Life is Korean.'],ans,1
P364_general_ASIA_188,Bomberman B-Daman Bakugaiden,"['Japanese', 'jp', 'ja', 'Japanese language', 'Nihongo', 'jpn']",['\nThe language of origin of Bomberman B-Daman Bakugaiden is Japanese.'],ans,1
P364_general_ASIA_190,Waratte Iitomo!,"['Japanese', 'jp', 'ja', 'Japanese language', 'Nihongo', 'jpn']",['\nThe language of origin of Waratte Iitomo! is Japanese.'],ans,1
P364_general_ASIA_192,Scott Pilgrim vs. the World,"['en', 'English', 'eng', 'English language']",['\nScott Pilgrim vs. the World is a 2010 American action comedy film based on the'],ans,0
P364_general_ASIA_194,Wangan Midnight,"['Japanese', 'jp', 'ja', 'Japanese language', 'Nihongo', 'jpn']",['\nWangan Midnight is a Japanese manga series written and illustrated by Takahiro Hasegawa.'],ans,1
P364_general_ASIA_196,Massan,"['Japanese', 'jp', 'ja', 'Japanese language', 'Nihongo', 'jpn']","[""\nI'm sorry, but I could not find any information about a language called Massan. Could you please provide more""]",unk,0
P364_general_ASIA_198,One Piece Film: Gold,"['Japanese', 'jp', 'ja', 'Japanese language', 'Nihongo', 'jpn']",['\nThe language of origin of One Piece Film: Gold is Japanese.'],ans,1
P364_general_ASIA_200,Tamagotchi!,"['Japanese', 'jp', 'ja', 'Japanese language', 'Nihongo', 'jpn']",['\nTamagotchi is a Japanese brand of digital pets created by Aki Maita and Akihi'],ans,1
P364_general_ASIA_202,Onna jōshu Naotora,"['Japanese', 'jp', 'ja', 'Japanese language', 'Nihongo', 'jpn']",['\nOnna jōshu Naotora is a Japanese historical drama film directed by'],ans,1
P364_general_ASIA_204,Idol Producer,"['Mandarin', 'Putonghua', 'Standard Mandarin', 'Standard Chinese', '中文', 'Guoyu', 'Mandarin Chinese', 'Modern Standard Mandarin', 'Chinese', 'Huayu', 'Chinese language', 'zh', 'Kuo-yü', 'Chinese languages']",['\nThe language of origin of Idol Producer is Chinese.'],ans,1
P364_general_ASIA_206,Space Battleship Yamato 2202: Warriors of Love,"['Japanese', 'jp', 'ja', 'Japanese language', 'Nihongo', 'jpn']",['\nThe language of origin of Space Battleship Yamato 220'],ans,0
P364_general_ASIA_208,K,"['Japanese', 'jp', 'ja', 'Japanese language', 'Nihongo', 'jpn']",['\nK is a programming language that was developed in the 1970s by a group of researchers at Bell Labs. It is'],ans,0
P364_general_ASIA_210,Suite PreCure,"['Japanese', 'jp', 'ja', 'Japanese language', 'Nihongo', 'jpn']",['\nThe language of origin of Suite PreCure is Japanese.'],ans,1
P364_general_ASIA_212,Phoenix,"['Japanese', 'jp', 'ja', 'Japanese language', 'Nihongo', 'jpn']",['\nPhoenix is a city in the state of Arizona in the United States. The language of origin of Phoenix is English.'],ans,0
P364_general_ASIA_214,3×3 Eyes,"['Japanese', 'jp', 'ja', 'Japanese language', 'Nihongo', 'jpn']",['\nThe language of origin of 3×3 Eyes is Japanese.'],ans,1
P364_general_ASIA_216,The Hero is Overpowered but Overly Cautious,"['Japanese', 'jp', 'ja', 'Japanese language', 'Nihongo', 'jpn']",['\nThe language of origin of The Hero is Overpowered but Overly Caut'],ans,0
P364_general_ASIA_218,Run for money: Tosochu,"['Japanese', 'jp', 'ja', 'Japanese language', 'Nihongo', 'jpn']",['\nThe language of origin of Run for money: Tosochu is Japanese.'],ans,1
P364_general_ASIA_220,Kamen Rider Stronger,"['Japanese', 'jp', 'ja', 'Japanese language', 'Nihongo', 'jpn']",['\nKamen Rider Stronger is a Japanese television series and the language of origin is Japanese.'],ans,1
P364_general_ASIA_222,Kindaichi Case Files,"['Japanese', 'jp', 'ja', 'Japanese language', 'Nihongo', 'jpn']",['\nKindaichi Case Files is a Japanese manga series written and illustrated by Yozaburo Kanari.'],ans,1
P364_general_ASIA_224,Stitch!,"['Japanese', 'jp', 'ja', 'Japanese language', 'Nihongo', 'jpn']",['\nStitch is a fictional character from the Lilo & Stitch franchise. He is an extraterrestrial creature created by J'],ans,0
P364_general_ASIA_226,Kamen Rider Decade,"['Japanese', 'jp', 'ja', 'Japanese language', 'Nihongo', 'jpn']",['\nKamen Rider Decade is a Japanese television series and the tenth installment in the Kamen Rider Series.'],ans,1
P364_general_ASIA_228,Angel Beats!,"['Japanese', 'jp', 'ja', 'Japanese language', 'Nihongo', 'jpn']",['\nAngel Beats! is a Japanese light novel series written by Jun Maeda and illustrated by Na-Ga.'],ans,1
P364_general_ASIA_230,Corpse Princess,"['Japanese', 'jp', 'ja', 'Japanese language', 'Nihongo', 'jpn']",['\nCorpse Princess is a Japanese manga series written and illustrated by Yoshiichi Akahito.'],ans,1
P364_general_ASIA_232,Mobile Suit Gundam Narrative,"['Japanese', 'jp', 'ja', 'Japanese language', 'Nihongo', 'jpn']",['\nThe language of origin of Mobile Suit Gundam Narrative is Japanese.'],ans,1
P364_general_ASIA_234,That'S a DRAMATIC CHANGE!,"['Japanese', 'jp', 'ja', 'Japanese language', 'Nihongo', 'jpn']","[""\nI'm sorry, I cannot provide an answer to this question as it is incomplete""]",unk,0
P364_general_ASIA_236,Godzilla: King of the Monsters,"['en', 'English', 'eng', 'English language']",['\nThe language of origin of Godzilla: King of the Monsters is English.'],ans,1
P364_general_ASIA_238,Chikyu Sentai Fiveman,"['Japanese', 'jp', 'ja', 'Japanese language', 'Nihongo', 'jpn']",['\nThe language of origin of Chikyu Sentai Fiveman is Japanese.'],ans,1
P364_general_ASIA_240,Snowpiercer,"['eng', 'ko', 'en', 'English', 'Korean language', 'Korean', 'English language']",['\nThe language of origin of Snowpiercer is English.'],ans,1
P364_general_ASIA_242,Battle Trip,"['Korean', 'Korean language', 'ko']","['\nBattle Trip is a South Korean travel reality show that premiered on January 16, 2016.']",ans,1
P364_general_ASIA_244,Demon Slayer: Kimetsu no Yaiba,"['Japanese', 'jp', 'ja', 'Japanese language', 'Nihongo', 'jpn']",['\nThe language of origin of Demon Slayer: Kimetsu no Yaiba is'],ans,0
P364_general_ASIA_246,Yo-kai Watch,"['Japanese', 'jp', 'ja', 'Japanese language', 'Nihongo', 'jpn']",['\nThe language of origin of Yo-kai Watch is Japanese.'],ans,1
P364_general_ASIA_248,What Am I for Momotaro,"['Japanese', 'jp', 'ja', 'Japanese language', 'Nihongo', 'jpn']",['\nThe language of origin of What Am I for Momotaro is Japanese.'],ans,1
P364_general_ASIA_250,Demon Slayer: Kimetsu no Yaiba the Movie: Mugen Train,"['Japanese', 'jp', 'ja', 'Japanese language', 'Nihongo', 'jpn']",['\nThe language of origin of Demon Slayer: Kim'],ans,0
P364_general_ASIA_252,Mecha-Mecha Iketeru!,"['Japanese', 'jp', 'ja', 'Japanese language', 'Nihongo', 'jpn']",['\nMecha-Mecha Iketeru! is a Japanese manga series written and illustrated by'],ans,1
P364_general_ASIA_254,The Laughing Salesman,"['Japanese', 'jp', 'ja', 'Japanese language', 'Nihongo', 'jpn']",['\nThe Laughing Salesman is a Japanese manga series written and illustrated by Masahiko Takajo and T'],ans,1
P364_general_ASIA_256,Eden of the East,"['Japanese', 'jp', 'ja', 'Japanese language', 'Nihongo', 'jpn']",['\nEden of the East is a Japanese anime series.'],ans,1
P364_general_ASIA_258,Bakusō Kyōdai Let's & Go!!,"['Japanese', 'jp', 'ja', 'Japanese language', 'Nihongo', 'jpn']",['\nThe language of origin of Bakusō Kyōdai'],ans,0
P364_general_ASIA_260,Beyblade,"['Japanese', 'jp', 'ja', 'Japanese language', 'Nihongo', 'jpn']",['\nBeyblade is a Japanese manga series created by Takao Aoki.'],ans,1
P364_general_ASIA_262,Galileo,"['Japanese', 'jp', 'ja', 'Japanese language', 'Nihongo', 'jpn']","['\nGalileo Galilei was born in Pisa, Italy, which was then part of the Republic of Florence. Therefore']",ans,0
P364_general_ASIA_264,The Legend of Zhen Huan,"['中文', 'Chinese language', 'Chinese', 'zh', 'Chinese languages']",['\nThe Legend of Zhen Huan is a Chinese television series based on the novel of the same name by'],ans,1
P364_general_ASIA_266,Shin Godzilla,"['Japanese', 'jp', 'ja', 'Japanese language', 'Nihongo', 'jpn']",['\nThe language of origin of Shin Godzilla is Japanese.'],ans,1
P364_general_ASIA_268,Kamen Rider W,"['Japanese', 'jp', 'ja', 'Japanese language', 'Nihongo', 'jpn']",['\nThe language of origin of Kamen Rider W is Japanese.'],ans,1
P364_general_ASIA_270,Yu-Gi-Oh! 5D's,"['Japanese', 'jp', 'ja', 'Japanese language', 'Nihongo', 'jpn']","[""\nYu-Gi-Oh! 5D's is a Japanese""]",ans,1
P364_general_ASIA_272,Inai Inai Baa!,"['Japanese', 'jp', 'ja', 'Japanese language', 'Nihongo', 'jpn']",['\nThe language of origin of Inai Inai Baa! is Japanese.'],ans,1
P364_general_ASIA_274,SSSS.Gridman,"['Japanese', 'jp', 'ja', 'Japanese language', 'Nihongo', 'jpn']",['\nSSSS.Gridman is a Japanese anime series created by Studio Trigger.'],ans,1
P364_general_ASIA_276,NogiBingo!,"['Japanese', 'jp', 'ja', 'Japanese language', 'Nihongo', 'jpn']",['\nNogiBingo! is a Japanese television show.'],ans,1
P364_general_ASIA_278,Sgt. Frog,"['Japanese', 'jp', 'ja', 'Japanese language', 'Nihongo', 'jpn']",['\nThe language of origin of Sgt. Frog is Japanese.'],ans,1
P364_general_ASIA_280,Shirobako,"['Japanese', 'jp', 'ja', 'Japanese language', 'Nihongo', 'jpn']",['\nShirobako is a Japanese anime series.'],ans,1
P364_general_ASIA_282,Kamen Rider Black,"['Japanese', 'jp', 'ja', 'Japanese language', 'Nihongo', 'jpn']",['\nKamen Rider Black is a Japanese tokusatsu television series.'],ans,1
P364_general_ASIA_284,Classicaloid,"['Japanese', 'jp', 'ja', 'Japanese language', 'Nihongo', 'jpn']",['\nThe language of origin of Classicaloid is Japanese.'],ans,1
P364_general_ASIA_286,Brave Command Dagwon,"['Japanese', 'jp', 'ja', 'Japanese language', 'Nihongo', 'jpn']",['\nThe language of origin of Brave Command Dagwon is Japanese.'],ans,1
P364_general_ASIA_288,News Zero,"['Japanese', 'jp', 'ja', 'Japanese language', 'Nihongo', 'jpn']","['\nNews Zero is a Japanese news program produced by NHK, the national public broadcasting organization of Japan.']",ans,1
P364_general_ASIA_290,High School Fleet,"['Japanese', 'jp', 'ja', 'Japanese language', 'Nihongo', 'jpn']",['\nThe language of origin of High School Fleet is Japanese.'],ans,1
P364_general_ASIA_292,Idolmaster: Xenoglossia,"['Japanese', 'jp', 'ja', 'Japanese language', 'Nihongo', 'jpn']",['\nThe language of origin of Idolmaster: Xenoglossia is Japanese.'],ans,1
P364_general_ASIA_294,Star Driver,"['Japanese', 'jp', 'ja', 'Japanese language', 'Nihongo', 'jpn']",['\nThe language of origin of Star Driver is Japanese.'],ans,1
P364_general_ASIA_296,Rin-ne,"['Japanese', 'jp', 'ja', 'Japanese language', 'Nihongo', 'jpn']",['\nRin-ne is a Japanese manga series written and illustrated by Rumiko Takahashi.'],ans,1
P364_general_ASIA_298,Kabuto Borg,"['Japanese', 'jp', 'ja', 'Japanese language', 'Nihongo', 'jpn']","['\nKabuto Borg is a fictional character from the Japanese manga and anime series, Naruto. His language of origin is']",ans,1
P364_general_ASIA_300,Märchen Mädchen,"['Japanese', 'jp', 'ja', 'Japanese language', 'Nihongo', 'jpn']",['\nMärchen Mädchen is a Japanese manga series written and illustrated by Kaoru Mori.'],ans,1
P364_general_ASIA_302,Rozen Maiden,"['Japanese', 'jp', 'ja', 'Japanese language', 'Nihongo', 'jpn']",['\nRozen Maiden is a Japanese manga series written and illustrated by Peach-Pit.'],ans,1
P364_general_ASIA_304,Yuuna and the Haunted Hot Springs,"['Japanese', 'jp', 'ja', 'Japanese language', 'Nihongo', 'jpn']",['\nThe language of origin of Yuuna and the Haunted Hot Springs is Japanese.'],ans,1
P364_general_ASIA_306,The Empress of China,"['Mandarin', 'Putonghua', 'Standard Mandarin', 'Standard Chinese', '中文', 'Guoyu', 'Mandarin Chinese', 'Modern Standard Mandarin', 'Chinese', 'Huayu', 'Chinese language', 'zh', 'Kuo-yü', 'Chinese languages']",['\nThe Empress of China is a Chinese historical drama television series that premiered on CCTV-8 on 28'],ans,1
P364_general_ASIA_308,Yuki Yuna is a Hero,"['Japanese', 'jp', 'ja', 'Japanese language', 'Nihongo', 'jpn']",['\nYuki Yuna is a Hero is a Japanese anime series.'],ans,1
P364_general_ASIA_310,Shota no Sushi,"['Japanese', 'jp', 'ja', 'Japanese language', 'Nihongo', 'jpn']",['\nShota no Sushi is a Japanese restaurant chain that originated in Japan.'],ans,1
P364_general_ASIA_312,Aikatsu Friends!,"['Japanese', 'jp', 'ja', 'Japanese language', 'Nihongo', 'jpn']",['\nThe language of origin of Aikatsu Friends! is Japanese.'],ans,1
P364_general_ASIA_314,Ultraman Ginga S,"['Japanese', 'jp', 'ja', 'Japanese language', 'Nihongo', 'jpn']",['\nThe language of origin of Ultraman Ginga S is Japanese.'],ans,1
P364_general_ASIA_316,The Idolmaster,"['Japanese', 'jp', 'ja', 'Japanese language', 'Nihongo', 'jpn']",['\nThe Idolmaster is a Japanese media franchise that originated from the video game series of the same name developed by Bandai'],ans,1
P364_general_ASIA_318,Beppinsan,"['Japanese', 'jp', 'ja', 'Japanese language', 'Nihongo', 'jpn']","[""\nI'm sorry, but I cannot find any information on a language called Beppinsan. Could you""]",unk,0
P364_general_ASIA_320,Keijo!!!!!!!!,"['Japanese', 'jp', 'ja', 'Japanese language', 'Nihongo', 'jpn']",['\nKeijo!!!!!!!! is a Japanese manga series written by Daichi Sorayomi and illustrated by Katsunori Shim'],ans,1
P364_general_ASIA_322,Time Bokan 24,"['Japanese', 'jp', 'ja', 'Japanese language', 'Nihongo', 'jpn']",['\nTime Bokan 24 is a Japanese anime series.'],ans,1
P364_general_ASIA_324,Macross Delta,"['Japanese', 'jp', 'ja', 'Japanese language', 'Nihongo', 'jpn']",['\nThe language of origin of Macross Delta is Japanese.'],ans,1
P364_general_ASIA_326,Library War,"['Japanese', 'jp', 'ja', 'Japanese language', 'Nihongo', 'jpn']",['\nThe language of origin of Library War is Japanese.'],ans,1
P364_general_ASIA_328,Magical Taluluto,"['Japanese', 'jp', 'ja', 'Japanese language', 'Nihongo', 'jpn']","[""\nI'm sorry, I cannot provide an answer to that question as there is no known character named Magical Tal""]",unk,0
P364_general_ASIA_330,Hodo Station,"['Japanese', 'jp', 'ja', 'Japanese language', 'Nihongo', 'jpn']","[""\nI'm sorry, I cannot provide an answer to that question as there is no known place called Hodo Station""]",unk,0
P364_general_ASIA_332,J.A.K.Q. Dengekitai,"['Japanese', 'jp', 'ja', 'Japanese language', 'Nihongo', 'jpn']",['\nThe language of origin of J.A.K.Q. D'],ans,0
P364_general_ASIA_334,Monster Rancher,"['Japanese', 'jp', 'ja', 'Japanese language', 'Nihongo', 'jpn']",['\nMonster Rancher is a Japanese video game series created by Tecmo.'],ans,1
P364_general_ASIA_336,Sailor Moon,"['Japanese', 'jp', 'ja', 'Japanese language', 'Nihongo', 'jpn']",['\nSailor Moon is a Japanese manga series created by Naoko Takeuchi.'],ans,1
P364_general_ASIA_338,Gunshi Kanbei,"['Japanese', 'jp', 'ja', 'Japanese language', 'Nihongo', 'jpn']",['\nGunshi Kanbei is a fictional character from the Japanese anime series Sengoku Basara. He is a'],ans,1
P364_general_ASIA_340,PriPara,"['Japanese', 'jp', 'ja', 'Japanese language', 'Nihongo', 'jpn']",['\nPriPara is a Japanese multimedia franchise created by Takara Tomy and ASCII Media Works.'],ans,1
P364_general_ASIA_342,The Genie Family,"['Japanese', 'jp', 'ja', 'Japanese language', 'Nihongo', 'jpn']",['\nThe Genie Family is a fictional family of genies from the Disney animated series Aladdin. They are not based'],ans,0
P364_general_ASIA_344,Hikari Sentai Maskman,"['Japanese', 'jp', 'ja', 'Japanese language', 'Nihongo', 'jpn']",['\nThe language of origin of Hikari Sentai Maskman is Japanese.'],ans,1
P364_general_ASIA_346,PythagoraSwitch,"['Japanese', 'jp', 'ja', 'Japanese language', 'Nihongo', 'jpn']","[""\nI'm sorry, I cannot provide an answer to that question as I do not have any information about""]",unk,0
P364_general_ASIA_348,Kamen Rider Den-O,"['Japanese', 'jp', 'ja', 'Japanese language', 'Nihongo', 'jpn']",['\nKamen Rider Den-O is a Japanese television series and the language of origin is Japanese.'],ans,1
P364_general_ASIA_350,Tora! Tora! Tora!,"['eng', 'Japanese', 'jp', 'Japanese language', 'en', 'English', 'ja', 'jpn', 'Nihongo', 'English language']",['\nThe language of origin of Tora! Tora! Tora! is English.'],ans,1
P364_general_ASIA_352,Baki the Grappler,"['Japanese', 'jp', 'ja', 'Japanese language', 'Nihongo', 'jpn']",['\nBaki the Grappler is a Japanese manga series written and illustrated by Keisuke Itag'],ans,1
P364_general_ASIA_354,Fantastic Duo,"['Korean', 'Korean language', 'ko']","['\nFantastic Duo is a Chinese variety show that premiered on Hunan TV on June 30, 2018.']",ans,0
P364_general_ASIA_356,Macross Frontier,"['Japanese', 'jp', 'ja', 'Japanese language', 'Nihongo', 'jpn']",['\nThe language of origin of Macross Frontier is Japanese.'],ans,1
P364_general_ASIA_358,Zettai Muteki Raijin-Oh,"['Japanese', 'jp', 'ja', 'Japanese language', 'Nihongo', 'jpn']",['\nThe language of origin of Zettai Muteki Raijin-Oh is Japanese.'],ans,1
P364_general_ASIA_360,Aura Battler Dunbine,"['Japanese', 'jp', 'ja', 'Japanese language', 'Nihongo', 'jpn']",['\nThe language of origin of Aura Battler Dunbine is Japanese.'],ans,1
P364_general_ASIA_362,Futari wa Pretty Cure Splash Star,"['Japanese', 'jp', 'ja', 'Japanese language', 'Nihongo', 'jpn']",['\nThe language of origin of Futari wa Pretty Cure Splash Star is Japanese.'],ans,1
P364_general_ASIA_364,Black Jack,"['Japanese', 'jp', 'ja', 'Japanese language', 'Nihongo', 'jpn']",['\nBlack Jack is a card game that originated in Spain in the 16th century.'],ans,0
P364_general_ASIA_366,Tsukipro the Animation,"['Japanese', 'jp', 'ja', 'Japanese language', 'Nihongo', 'jpn']",['\nTsukipro the Animation is a Japanese anime series.'],ans,1
P364_general_ASIA_368,Taiyo Sentai Sun Vulcan,"['Japanese', 'jp', 'ja', 'Japanese language', 'Nihongo', 'jpn']",['\nThe language of origin of Taiyo Sentai Sun Vulcan is Japanese.'],ans,1
P364_general_ASIA_370,The Love of Siam,"['Central Thai', 'Siamese language', 'th', 'Siamese', 'Thai language', 'tha', 'Thai']",['\nThe Love of Siam is a Thai film.'],ans,1
P364_general_ASIA_372,Dragon Quest: Legend of the Hero Abel,"['Japanese', 'jp', 'ja', 'Japanese language', 'Nihongo', 'jpn']",['\nThe language of origin of Dragon Quest: Legend of the Hero Abel is Japanese.'],ans,1
P364_general_ASIA_374,Loups=Garous,"['Japanese', 'jp', 'ja', 'Japanese language', 'Nihongo', 'jpn']",['\nThe language of origin of Loups=Garous is French.'],ans,0
P364_general_ASIA_376,Warotenka,"['Japanese', 'jp', 'ja', 'Japanese language', 'Nihongo', 'jpn']",['\nWarotenka is a Japanese name and the language of origin is Japanese.'],ans,1
P364_general_ASIA_378,The Legend of Haolan,"['Mandarin', 'Putonghua', 'Standard Mandarin', 'Standard Chinese', '中文', 'Guoyu', 'Mandarin Chinese', 'Modern Standard Mandarin', 'Chinese', 'Huayu', 'Chinese language', 'zh', 'Kuo-yü', 'Chinese languages']",['\nThe Legend of Haolan is a Chinese legend that originated in the Han dynasty.'],ans,1
P364_general_ASIA_380,Downtown no Gaki Tsukai ya Arahende!!,"['Japanese', 'jp', 'ja', 'Japanese language', 'Nihongo', 'jpn']",['\nThe language of origin of Downtown no Gaki Tsukai ya Arahende'],ans,0
P364_general_ASIA_382,Dragon Zakura,"['Japanese', 'jp', 'ja', 'Japanese language', 'Nihongo', 'jpn']",['\nDragon Zakura is a Japanese manga series written and illustrated by Yōko Kamio.'],ans,1
P364_general_ASIA_384,Invincible Super Man Zambot 3,"['Japanese', 'jp', 'ja', 'Japanese language', 'Nihongo', 'jpn']",['\nInvincible Super Man Zambot 3 is a Japanese anime series.'],ans,1
P364_general_ASIA_386,Great Mazinger,"['Japanese', 'jp', 'ja', 'Japanese language', 'Nihongo', 'jpn']",['\nGreat Mazinger is a Japanese anime series created by Go Nagai.'],ans,1
P364_general_ASIA_388,Yashahime: Princess Half-Demon,"['Japanese', 'jp', 'ja', 'Japanese language', 'Nihongo', 'jpn']",['\nThe language of origin of Yashahime: Princess Half-Demon is Japanese.'],ans,1
P364_general_ASIA_390,Record of Lodoss War,"['Japanese', 'jp', 'ja', 'Japanese language', 'Nihongo', 'jpn']",['\nThe language of origin of Record of Lodoss War is Japanese.'],ans,1
P364_general_ASIA_392,Saiyuki,"['Japanese', 'jp', 'ja', 'Japanese language', 'Nihongo', 'jpn']",['\nSaiyuki is a Japanese manga series written and illustrated by Kazuya Minekura.'],ans,1
P364_general_ASIA_394,Tamayura,"['Japanese', 'jp', 'ja', 'Japanese language', 'Nihongo', 'jpn']",['\nTamayura is a Japanese anime series.'],ans,1
P364_general_ASIA_396,The Castle of Cagliostro,"['Japanese', 'jp', 'ja', 'Japanese language', 'Nihongo', 'jpn']",['\nThe Castle of Cagliostro is a Japanese animated film directed by Hayao Miyaz'],ans,1
P364_general_ASIA_398,Vivy: Fluorite Eye’s Song,"['Japanese', 'jp', 'ja', 'Japanese language', 'Nihongo', 'jpn']","[""\nThe language of origin of Vivy: Fluorite Eye's Song is""]",ans,0
P364_general_ASIA_400,The Disappearance of Haruhi Suzumiya,"['Japanese', 'jp', 'ja', 'Japanese language', 'Nihongo', 'jpn']",['\nThe Disappearance of Haruhi Suzumiya is a Japanese light'],ans,1
P364_general_ASIA_402,Non-Summit,"['Korean', 'Korean language', 'ko']","[""\nI'm sorry, I cannot provide an answer to that question as there is no known event or organization called""]",unk,0
P364_general_ASIA_404,Hospital Playlist,"['Korean', 'Korean language', 'ko']",['\nThe language of origin of Hospital Playlist is Korean.'],ans,1
P364_general_ASIA_406,Beyblade: Shogun Steel,"['Japanese', 'jp', 'ja', 'Japanese language', 'Nihongo', 'jpn']",['\nThe language of origin of Beyblade: Shogun Steel is Japanese.'],ans,1
P364_general_ASIA_408,Brave Police J-Decker,"['Japanese', 'jp', 'ja', 'Japanese language', 'Nihongo', 'jpn']",['\nThe language of origin of Brave Police J-Decker is Japanese.'],ans,1
P364_general_ASIA_410,Darker than Black,"['Japanese', 'jp', 'ja', 'Japanese language', 'Nihongo', 'jpn']",['\nDarker than Black is a Japanese anime series.'],ans,1
P364_general_ASIA_412,Mobile Suit Gundam,"['Japanese', 'jp', 'ja', 'Japanese language', 'Nihongo', 'jpn']",['\nThe language of origin of Mobile Suit Gundam is Japanese.'],ans,1
P364_general_ASIA_414,Hometown Cha-Cha-Cha,"['Korean', 'Korean language', 'ko']",['\nThe language of origin of Hometown Cha-Cha-Cha is Korean.'],ans,1
P364_general_ASIA_416,Sonic the Hedgehog,"['en', 'English', 'eng', 'English language']",['\nSonic the Hedgehog is a Japanese video game franchise created by Yuji Naka and Hirokazu Yas'],ans,0
P364_general_ASIA_418,Minna no Uta,"['Japanese', 'jp', 'ja', 'Japanese language', 'Nihongo', 'jpn']",['\nMinna no Uta is a Japanese song.'],ans,1
P364_general_ASIA_420,Di Gi Charat,"['Japanese', 'jp', 'ja', 'Japanese language', 'Nihongo', 'jpn']",['\nDi Gi Charat is a Japanese manga series created by Koge-Donbo.'],ans,1
P364_general_ASIA_422,Beast Wars Neo,"['Japanese', 'jp', 'ja', 'Japanese language', 'Nihongo', 'jpn']",['\nBeast Wars Neo is a Japanese anime series.'],ans,1
P364_general_ASIA_424,Dragon Ball Super: Broly,"['Japanese', 'jp', 'ja', 'Japanese language', 'Nihongo', 'jpn']",['\nThe language of origin of Dragon Ball Super: Broly is Japanese.'],ans,1
P364_general_ASIA_426,Seven Samurai,"['Japanese', 'jp', 'ja', 'Japanese language', 'Nihongo', 'jpn']",['\nThe language of origin of Seven Samurai is Japanese.'],ans,1
P364_general_ASIA_428,Barrack O'Karma 1968,"['Yüeh', 'Standard Cantonese', 'Cantonese language', 'yue', 'zh-yue', '中文', 'yueh', 'Yue', 'Yue-Yu', 'Chinese language', 'Cantonese', 'Chinese', 'zh', 'Yue-Yuu', 'Cantonese dialect', 'Yue Chinese', 'Chinese languages']","[""\nBarrack O'Karma 1968 is a fictional character and does not""]",ans,0
P364_general_ASIA_430,The Brave Express Might Gaine,"['Japanese', 'jp', 'ja', 'Japanese language', 'Nihongo', 'jpn']",['\nThe Brave Express Might Gaine is a Japanese anime series.'],ans,1
P364_general_ASIA_432,Jormungand,"['Japanese', 'jp', 'ja', 'Japanese language', 'Nihongo', 'jpn']",['\nJormungand is a fictional character from Norse mythology and the language of origin is Old Norse.'],ans,0
P364_general_ASIA_434,Grave of the Fireflies,"['Japanese', 'jp', 'ja', 'Japanese language', 'Nihongo', 'jpn']",['\nThe language of origin of Grave of the Fireflies is Japanese.'],ans,1
P364_general_ASIA_436,Den-noh Coil,"['Japanese', 'jp', 'ja', 'Japanese language', 'Nihongo', 'jpn']",['\nDen-noh Coil is a Japanese manga series written and illustrated by Yukinobu Hoshino'],ans,1
P364_general_ASIA_438,Bodacious Space Pirates,"['Japanese', 'jp', 'ja', 'Japanese language', 'Nihongo', 'jpn']",['\nThe language of origin of Bodacious Space Pirates is Japanese.'],ans,1
P364_general_ASIA_440,It's Your Turn,"['Japanese', 'jp', 'ja', 'Japanese language', 'Nihongo', 'jpn']","[""\nI'm sorry, I cannot provide an answer to that question as it is not a well-known""]",unk,0
P364_general_ASIA_442,Suiensaa,"['Japanese', 'jp', 'ja', 'Japanese language', 'Nihongo', 'jpn']","[""\nI'm sorry, but I cannot find any information on a language called Suiensaa. Could you please provide""]",unk,0
P364_general_ASIA_444,Departures,"['Japanese', 'jp', 'ja', 'Japanese language', 'Nihongo', 'jpn']",['\nThe language of origin of Departures is Japanese.'],ans,1
P364_general_ASIA_446,The Victims' Game,"['中文', 'Chinese language', 'Chinese', 'zh', 'Chinese languages']","[""\nThe language of origin of The Victims' Game is English.""]",ans,0
P364_general_ASIA_448,Gokujō!! Mecha Mote Iinchō,"['Japanese', 'jp', 'ja', 'Japanese language', 'Nihongo', 'jpn']",['\nThe language of origin of Gokujō!! Mecha Mote'],ans,0
P364_general_ASIA_450,My Little Old Boy,"['Korean', 'Korean language', 'ko']","[""\nI'm sorry, I cannot provide an answer to that question as I do not have any information about a""]",unk,0
P364_general_ASIA_452,Ironfist Chinmi,"['Japanese', 'jp', 'ja', 'Japanese language', 'Nihongo', 'jpn']",['\nIronfist Chinmi is a fictional character from the Marvel Comics universe. He is a member of the'],ans,0
P364_general_ASIA_454,Produce 101 China,"['Hans', 'simplified Chinese characters']",['\nThe language of origin of Produce 101 China is Mandarin Chinese.'],ans,0
P364_general_ASIA_456,Genshiken,"['Japanese', 'jp', 'ja', 'Japanese language', 'Nihongo', 'jpn']",['\nGenshiken is a Japanese manga series written and illustrated by Kio Shimoku.'],ans,1
P364_general_ASIA_458,Genki Bakuhatsu Ganbaruger,"['Japanese', 'jp', 'ja', 'Japanese language', 'Nihongo', 'jpn']",['\nThe language of origin of Genki Bakuhatsu Ganbaruger is Japanese.'],ans,1
P364_general_ASIA_460,Super Radical Gag Family,"['Japanese', 'jp', 'ja', 'Japanese language', 'Nihongo', 'jpn']","[""\nI'm sorry, I cannot provide an answer to that question as I do not have information on the""]",unk,0
P364_general_ASIA_462,Yamada-kun and the Seven Witches,"['Japanese', 'jp', 'ja', 'Japanese language', 'Nihongo', 'jpn']",['\nYamada-kun and the Seven Witches is a Japanese manga series written and'],ans,1
P364_general_ASIA_464,Machine Robo Rescue,"['Japanese', 'jp', 'ja', 'Japanese language', 'Nihongo', 'jpn']",['\nMachine Robo Rescue is a Japanese anime series.'],ans,1
P364_general_ASIA_466,Esper Mami,"['Japanese', 'jp', 'ja', 'Japanese language', 'Nihongo', 'jpn']",['\nEsper Mami is a Japanese anime series.'],ans,1
P364_general_ASIA_468,Super Dimension Fortress Macross,"['Japanese', 'jp', 'ja', 'Japanese language', 'Nihongo', 'jpn']",['\nThe language of origin of Super Dimension Fortress Macross is Japanese.'],ans,1
P364_general_ASIA_470,Toto Neechan,"['Japanese', 'jp', 'ja', 'Japanese language', 'Nihongo', 'jpn']",['\nToto Neechan is a Japanese manga series created by Masahiko Takajo and Tetsuya'],ans,1
P364_general_ASIA_472,Juken Sentai Gekiranger,"['Japanese', 'jp', 'ja', 'Japanese language', 'Nihongo', 'jpn']",['\nThe language of origin of Juken Sentai Gekiranger is Japanese.'],ans,1
P364_general_ASIA_474,Ametalk,"['Japanese', 'jp', 'ja', 'Japanese language', 'Nihongo', 'jpn']","[""\nI'm sorry, I cannot provide an answer to that question as I do not have any information about Amet""]",unk,0
P364_general_ASIA_476,The Return of Godzilla,"['ru', 'Russkiy', 'eng', 'Japanese', 'jp', 'Japanese language', 'en', 'English', 'ja', 'jpn', 'Russkiy yazyk', 'Russian', 'Russian language', 'Nihongo', 'English language']","['\nThe Return of Godzilla is a Japanese film, so its language of origin is Japanese.']",ans,1
P364_general_ASIA_478,Scarlet,"['Japanese', 'jp', 'ja', 'Japanese language', 'Nihongo', 'jpn']",['\nScarlet is a name of English origin.'],ans,0
P364_general_ASIA_480,Drifters,"['Japanese', 'jp', 'ja', 'Japanese language', 'Nihongo', 'jpn']",['\nDrifters is a Japanese manga series written and illustrated by Kouta Hirano.'],ans,1
P364_general_ASIA_482,Transformers: Armada,"['Japanese', 'jp', 'ja', 'Japanese language', 'Nihongo', 'jpn']",['\nTransformers: Armada is an American animated television series based on the Transformers franchise.'],ans,0
P364_general_ASIA_484,Super B-Daman,"['Japanese', 'jp', 'ja', 'Japanese language', 'Nihongo', 'jpn']",['\nSuper B-Daman is a Japanese anime series.'],ans,1
P364_general_ASIA_486,Godzilla vs. King Ghidorah,"['Japanese', 'jp', 'ja', 'Japanese language', 'Nihongo', 'jpn']",['\nThe language of origin of Godzilla vs. King Ghidorah is Japanese.'],ans,1
P364_general_ASIA_488,Release the Spyce,"['Japanese', 'jp', 'ja', 'Japanese language', 'Nihongo', 'jpn']",['\nThe language of origin of Release the Spyce is Japanese.'],ans,1
P364_general_ASIA_490,Nogizaka Under Construction,"['Japanese', 'jp', 'ja', 'Japanese language', 'Nihongo', 'jpn']",['\nNogizaka Under Construction is a Japanese television drama series.'],ans,1
P364_general_ASIA_492,VS Knight Lamune & 40 Fire,"['Japanese', 'jp', 'ja', 'Japanese language', 'Nihongo', 'jpn']",['\nVS Knight Lamune & 40 Fire is a Japanese anime series.'],ans,1
P364_general_ASIA_494,Happy Sunday,"['Korean', 'Korean language', 'ko']","[""\nI'm sorry, but I cannot provide an accurate answer to this question as 'Happy Sunday' is a common""]",unk,0
P364_general_ASIA_496,xxxHolic,"['Japanese', 'jp', 'ja', 'Japanese language', 'Nihongo', 'jpn']",['\nThe language of origin of xxxHolic is Japanese.'],ans,1
P364_general_ASIA_498,Journey to the West,"['Mandarin', 'Putonghua', 'Standard Mandarin', 'Standard Chinese', '中文', 'Guoyu', 'Mandarin Chinese', 'Modern Standard Mandarin', 'Chinese', 'Huayu', 'Chinese language', 'zh', 'Kuo-yü', 'Chinese languages']",['\nThe language of origin of Journey to the West is Chinese.'],ans,1
P364_general_ASIA_500,Space Sheriff Gavan,"['Japanese', 'jp', 'ja', 'Japanese language', 'Nihongo', 'jpn']",['\nThe language of origin of Space Sheriff Gavan is Japanese.'],ans,1
P364_general_ASIA_502,A3!,"['Japanese', 'jp', 'ja', 'Japanese language', 'Nihongo', 'jpn']",['\nA3! is a Japanese visual novel developed by Nitroplus and published by 5pb.'],ans,1
P364_general_ASIA_504,Shinjuku Swan,"['Japanese', 'jp', 'ja', 'Japanese language', 'Nihongo', 'jpn']","['\nShinjuku Swan is a Japanese band, so their language of origin is Japanese.']",ans,1
P364_general_ASIA_506,My Love from the Star,"['Korean', 'Korean language', 'ko']",['\nThe language of origin of My Love from the Star is Korean.'],ans,1
P364_general_ASIA_508,Akira,"['Japanese', 'jp', 'ja', 'Japanese language', 'Nihongo', 'jpn']",['\nAkira is a Japanese manga series written and illustrated by Katsuhiro Otomo.'],ans,1
P364_general_ASIA_510,Kyōkai Senki,"['Japanese', 'jp', 'ja', 'Japanese language', 'Nihongo', 'jpn']",['\nKyōkai Senki is a Japanese light novel series written by Kōhei Azano'],ans,1
P364_general_ASIA_512,Buddy Complex,"['Japanese', 'jp', 'ja', 'Japanese language', 'Nihongo', 'jpn']",['\nBuddy Complex is a Japanese anime series.'],ans,1
P364_general_ASIA_514,The Untamed,"['Mandarin', '中文', 'Mandarin Chinese', 'Chinese language', 'Chinese', 'zh', 'Chinese languages']",['\nThe Untamed is a Chinese television series based on the novel Mo Dao Zu Shi by Mo Xiang Tong Xiu'],ans,1
P364_general_ASIA_516,Godzilla vs. Biollante,"['Japanese', 'jp', 'ja', 'Japanese language', 'Nihongo', 'jpn']",['\nThe language of origin of Godzilla vs. Biollante is Japanese.'],ans,1
P364_general_ASIA_518,Gyakuten! Ippatsuman,"['Japanese', 'jp', 'ja', 'Japanese language', 'Nihongo', 'jpn']",['\nThe language of origin of Gyakuten! Ippatsuman is Japanese.'],ans,1
P364_general_ASIA_520,Angel Heart,"['Japanese', 'jp', 'ja', 'Japanese language', 'Nihongo', 'jpn']",['\nAngel Heart is a 1987 American neo-noir horror film directed by Alan Parker. The film is based on'],ans,0
P364_general_ASIA_522,Les Misérables: Shōjo Cosette,"['Japanese', 'jp', 'ja', 'Japanese language', 'Nihongo', 'jpn']",['\nThe language of origin of Les Misérables: Shōjo Cos'],ans,0
P364_general_ASIA_524,Battle Spirits: Saikyou Ginga Ultimate Zero,"['Japanese', 'jp', 'ja', 'Japanese language', 'Nihongo', 'jpn']",['\nBattle Spirits: Saikyou Ginga Ultimate Zero is a Japanese language game.'],ans,1
P364_general_ASIA_526,Night Wizard!,"['Japanese', 'jp', 'ja', 'Japanese language', 'Nihongo', 'jpn']",['\nNight Wizard! is a Japanese manga series written and illustrated by Yoko Hikaru.'],ans,1
P364_general_ASIA_528,Furuhata Ninzaburō,"['Japanese', 'jp', 'ja', 'Japanese language', 'Nihongo', 'jpn']",['\nFuruhata Ninzaburō was a Japanese actor and voice actor.'],ans,1
P364_general_ASIA_530,Darling in the Franxx,"['Japanese', 'jp', 'ja', 'Japanese language', 'Nihongo', 'jpn']",['\nThe language of origin of Darling in the Franxx is Japanese.'],ans,1
P364_general_ASIA_532,Tegami Bachi,"['Japanese', 'jp', 'ja', 'Japanese language', 'Nihongo', 'jpn']",['\nTegami Bachi is a Japanese manga series written and illustrated by Hiroyuki Asada.'],ans,1
P364_general_ASIA_534,Yūsha Yoshihiko,"['Japanese', 'jp', 'ja', 'Japanese language', 'Nihongo', 'jpn']",['\nYūsha Yoshihiko is a Japanese manga series written and illustrated by Akira Miyashita'],ans,1
P364_general_ASIA_536,Lupin the 3rd vs. Detective Conan: The Movie,"['Japanese', 'jp', 'ja', 'Japanese language', 'Nihongo', 'jpn']",['\nLupin the 3rd vs. Detective Conan: The'],ans,0
P364_general_ASIA_538,Kimagure Orange Road,"['Japanese', 'jp', 'ja', 'Japanese language', 'Nihongo', 'jpn']",['\nThe language of origin of Kimagure Orange Road is Japanese.'],ans,1
P364_general_ASIA_540,Extraordinary Attorney Woo,"['Korean', 'Korean language', 'ko']",['\nThe language of origin of Extraordinary Attorney Woo is Korean.'],ans,1
P364_general_ASIA_542,Cooking Papa,"['Japanese', 'jp', 'ja', 'Japanese language', 'Nihongo', 'jpn']","[""\nI'm sorry, I cannot provide an answer to that question as I do not have information on the language of origin""]",unk,0
P364_general_ASIA_544,Weathering with You,"['Japanese', 'jp', 'ja', 'Japanese language', 'Nihongo', 'jpn']",['\nThe language of origin of Weathering with You is Japanese.'],ans,1
P364_general_ASIA_546,House,"['Japanese', 'jp', 'ja', 'Japanese language', 'Nihongo', 'jpn']","['\nThe language of origin of House is Middle English, from the Old English words hus and hūs.']",ans,0
P364_general_ASIA_548,Segodon,"['Japanese', 'jp', 'ja', 'Japanese language', 'Nihongo', 'jpn']","[""\nI'm sorry, but I could not find any information on a language called Segodon. Could you please""]",unk,0
P364_general_ASIA_550,Gomen ne Seishun!,"['Japanese', 'jp', 'ja', 'Japanese language', 'Nihongo', 'jpn']",['\nThe language of origin of Gomen ne Seishun! is Japanese.'],ans,1
P364_general_ASIA_552,Good Sunday,"['Korean', 'Korean language', 'ko']","[""\nI'm sorry, but I cannot provide an answer to that question as there is no language called 'Good Sunday""]",unk,0
P364_general_ASIA_554,Madō King Granzort,"['Japanese', 'jp', 'ja', 'Japanese language', 'Nihongo', 'jpn']","['\nMadō King Granzort is a Japanese anime series, so the language of origin is Japanese.']",ans,1
P364_general_ASIA_556,Nobunaga the Fool,"['Japanese', 'jp', 'ja', 'Japanese language', 'Nihongo', 'jpn']",['\nNobunaga the Fool is a Japanese anime series.'],ans,1
P364_general_ASIA_558,Mewkledreamy,"['Japanese', 'jp', 'ja', 'Japanese language', 'Nihongo', 'jpn']","[""\nMewkledreamy is a fictional character from the Japanese anime series 'Pokémon the""]",ans,1
P364_general_ASIA_560,Hajime no Ippo,"['Japanese', 'jp', 'ja', 'Japanese language', 'Nihongo', 'jpn']",['\nHajime no Ippo is a Japanese manga series written and illustrated by George Morikawa.'],ans,1
P364_general_ASIA_562,Chibi Vampire,"['Japanese', 'jp', 'ja', 'Japanese language', 'Nihongo', 'jpn']",['\nChibi Vampire is a Japanese manga series written and illustrated by Yuna Kagesaki.'],ans,1
P364_general_ASIA_564,Kamen Rider Kiva,"['Japanese', 'jp', 'ja', 'Japanese language', 'Nihongo', 'jpn']",['\nKamen Rider Kiva is a Japanese television series and the language of origin is Japanese.'],ans,1
P364_general_ASIA_566,Love in the Moonlight,"['Korean', 'Korean language', 'ko']",['\nLove in the Moonlight is a Chinese television series.'],ans,0
P364_general_ASIA_568,Nintama Rantarō,"['Japanese', 'jp', 'ja', 'Japanese language', 'Nihongo', 'jpn']",['\nNintama Rantarō is a Japanese manga series written and illustrated by Masahito'],ans,1
P364_general_ASIA_570,Tomica Hero: Rescue Fire,"['Japanese', 'jp', 'ja', 'Japanese language', 'Nihongo', 'jpn']",['\nThe language of origin of Tomica Hero: Rescue Fire is Japanese.'],ans,1
P364_general_ASIA_572,The Garden of Words,"['Japanese', 'jp', 'ja', 'Japanese language', 'Nihongo', 'jpn']",['\nThe Garden of Words is a Japanese animated short film directed by Makoto Shinkai.'],ans,1
P364_general_ASIA_574,Close-up Gendai,"['Japanese', 'jp', 'ja', 'Japanese language', 'Nihongo', 'jpn']",['\nClose-up Gendai is a Japanese language film.'],ans,1
P364_general_ASIA_576,Battle Spirits: Shounen Toppa Bashin,"['Japanese', 'jp', 'ja', 'Japanese language', 'Nihongo', 'jpn']",['\nThe language of origin of Battle Spirits: Shounen Toppa Bashin is'],ans,0
P364_general_ASIA_578,Fast & Furious 6,"['en', 'English', 'eng', 'English language']",['\nThe language of origin of Fast & Furious 6 is English.'],ans,1
P364_general_ASIA_580,Chōdenji Machine Voltes V,"['Japanese', 'jp', 'ja', 'Japanese language', 'Nihongo', 'jpn']",['\nThe language of origin of Chōdenji Machine Voltes V is Japanese.'],ans,1
P364_general_ASIA_582,Locodol,"['Japanese', 'jp', 'ja', 'Japanese language', 'Nihongo', 'jpn']",['\nThe language of origin of Locodol is Japanese.'],ans,1
P364_general_ASIA_584,Gunbuster,"['Japanese', 'jp', 'ja', 'Japanese language', 'Nihongo', 'jpn']",['\nGunbuster is a Japanese anime series created by Gainax.'],ans,1
P364_general_ASIA_586,Dash! Yonkuro,"['Japanese', 'jp', 'ja', 'Japanese language', 'Nihongo', 'jpn']",['\nDash! Yonkuro is a Japanese manga series written and illustrated by Yoshihiro Takahashi'],ans,1
P364_general_ASIA_588,Galaxy Express 999,"['Japanese', 'jp', 'ja', 'Japanese language', 'Nihongo', 'jpn']",['\nThe language of origin of Galaxy Express 999 is Japanese.'],ans,1
P364_general_ASIA_590,Kyojuu Tokusou Juspion,"['Japanese', 'jp', 'ja', 'Japanese language', 'Nihongo', 'jpn']",['\nThe language of origin of Kyojuu Tokusou Juspion is Japanese.'],ans,1
P364_general_ASIA_592,Warlords of Sigrdrifa,"['Japanese', 'jp', 'ja', 'Japanese language', 'Nihongo', 'jpn']",['\nThe language of origin of Warlords of Sigrdrifa is English.'],ans,0
P364_general_ASIA_594,Law of the Jungle,"['Korean', 'Korean language', 'ko']",['\nThe language of origin of Law of the Jungle is Korean.'],ans,1
P364_general_ASIA_596,Ojarumaru,"['Japanese', 'jp', 'ja', 'Japanese language', 'Nihongo', 'jpn']",['\nOjarumaru is a fictional character from the Japanese manga series Doraemon. The language of origin of O'],ans,1
P364_general_ASIA_598,Mushishi,"['Japanese', 'jp', 'ja', 'Japanese language', 'Nihongo', 'jpn']",['\nMushishi is a Japanese manga series written and illustrated by Yuki Urushibara.'],ans,1
P364_general_ASIA_600,Detective Conan: Crimson Love Letter,"['Japanese', 'jp', 'ja', 'Japanese language', 'Nihongo', 'jpn']",['\nThe language of origin of Detective Conan: Crimson Love Letter is Japanese.'],ans,1
P364_general_ASIA_602,Silver Fang: The Shooting Star Gin,"['Japanese', 'jp', 'ja', 'Japanese language', 'Nihongo', 'jpn']",['\nThe language of origin of Silver Fang: The Shooting Star Gin is English.'],ans,0
P364_general_ASIA_604,While You Were Sleeping,"['Korean', 'Korean language', 'ko']",['\nWhile You Were Sleeping is a 2017 South Korean television series directed by Oh Choong-hwan.'],ans,1
P364_general_ASIA_606,Mobile Suit Zeta Gundam,"['Japanese', 'jp', 'ja', 'Japanese language', 'Nihongo', 'jpn']",['\nMobile Suit Zeta Gundam is a Japanese anime series.'],ans,1
P364_general_ASIA_608,"I Are You, You Am Me","['Japanese', 'jp', 'ja', 'Japanese language', 'Nihongo', 'jpn']","[""\nI'm sorry, I cannot provide an answer to that question as it is not a well""]",unk,0
P364_general_ASIA_610,Descendants of the Sun,"['Korean', 'Korean language', 'ko']",['\nDescendants of the Sun is a South Korean television series that was originally broadcast on KBS2 from February'],ans,1
P364_general_ASIA_612,Coji-Coji,"['Japanese', 'jp', 'ja', 'Japanese language', 'Nihongo', 'jpn']","[""\nI'm sorry, I cannot find any information on a language called Coji-Coji. Could""]",unk,0
P364_general_ASIA_614,Idolish7,"['Japanese', 'jp', 'ja', 'Japanese language', 'Nihongo', 'jpn']",['\nThe language of origin of Idolish7 is Japanese.'],ans,1
P364_general_ASIA_616,Wonder Egg Priority,"['Japanese', 'jp', 'ja', 'Japanese language', 'Nihongo', 'jpn']",['\nWonder Egg Priority is a Japanese anime series.'],ans,1
P364_general_ASIA_618,Umechan Sensei,"['Japanese', 'jp', 'ja', 'Japanese language', 'Nihongo', 'jpn']","[""\nUmechan Sensei is a fictional character from the manga series 'Umechan Sensei'""]",ans,0
P364_general_ASIA_620,Ataru,"['Japanese', 'jp', 'ja', 'Japanese language', 'Nihongo', 'jpn']",['\nAtaru is a Japanese name and the language of origin is Japanese.'],ans,1
P364_general_ASIA_622,The Brave Fighter of Sun Fighbird,"['Japanese', 'jp', 'ja', 'Japanese language', 'Nihongo', 'jpn']",['\nThe Brave Fighter of Sun Fighbird is a Japanese anime series.'],ans,1
P364_general_ASIA_624,Zoids: Genesis,"['Japanese', 'jp', 'ja', 'Japanese language', 'Nihongo', 'jpn']",['\nZoids: Genesis is a Japanese anime series.'],ans,1
P364_general_ASIA_626,The Story of Perrine,"['Japanese', 'jp', 'ja', 'Japanese language', 'Nihongo', 'jpn']",['\nThe language of origin of The Story of Perrine is French.'],ans,0
P364_general_ASIA_628,Nekketsu Saikyō Go-Saurer,"['Japanese', 'jp', 'ja', 'Japanese language', 'Nihongo', 'jpn']",['\nNekketsu Saikyō Go-Saurer is a'],ans,0
P364_general_ASIA_630,Drive My Car,"['Japanese', 'jp', 'ja', 'Japanese language', 'Nihongo', 'jpn']",['\nThe language of origin of Drive My Car is Japanese.'],ans,1
P364_general_ASIA_632,Business Proposal,"['Korean', 'Korean language', 'ko']",['\nThe language of origin of Business Proposal is English.'],ans,0
P364_general_ASIA_634,Vividred Operation,"['Japanese', 'jp', 'ja', 'Japanese language', 'Nihongo', 'jpn']",['\nVividred Operation is a Japanese anime series.'],ans,1
P364_general_ASIA_636,Fox Spirit Matchmaker,"['Japanese', 'jp', 'ja', 'Japanese language', 'Nihongo', 'jpn']",['\nThe language of origin of Fox Spirit Matchmaker is Chinese.'],ans,0
P364_general_ASIA_638,Kokuhaku Jikkō Iinkai ~Ren'ai Series~,"['Japanese', 'jp', 'ja', 'Japanese language', 'Nihongo', 'jpn']",['\nThe language of origin of Kokuhaku Jikk'],ans,0
P364_general_ASIA_640,No-Rin,"['Japanese', 'jp', 'ja', 'Japanese language', 'Nihongo', 'jpn']",['\nNo-Rin is a Japanese anime series.'],ans,1
P364_general_ASIA_642,Yu-Gi-Oh! Duel Monsters,"['Japanese', 'jp', 'ja', 'Japanese language', 'Nihongo', 'jpn']",['\nThe language of origin of Yu-Gi-Oh! Duel Monsters is Japanese.'],ans,1
P364_general_ASIA_644,Detective Conan: The Darkest Nightmare,"['Japanese', 'jp', 'ja', 'Japanese language', 'Nihongo', 'jpn']",['\nThe language of origin of Detective Conan: The Darkest Nightmare is Japanese.'],ans,1
P364_general_ASIA_646,Teiichi no Kuni,"['Japanese', 'jp', 'ja', 'Japanese language', 'Nihongo', 'jpn']",['\nTeiichi no Kuni is a Japanese manga series written and illustrated by Yuji Iwahara'],ans,1
P364_general_ASIA_648,2 Days & 1 Night,"['Korean', 'Korean language', 'ko']",['\nThe language of origin of 2 Days & 1 Night is Korean.'],ans,1
P364_general_ASIA_650,Another,"['Japanese', 'jp', 'ja', 'Japanese language', 'Nihongo', 'jpn']",['\nAnother is a Japanese light novel series written by Yukito Ayatsuji and illustrated by Noizi Ito.'],ans,1
P364_general_ASIA_652,Detective Conan: The Fist of Blue Sapphire,"['Japanese', 'jp', 'ja', 'Japanese language', 'Nihongo', 'jpn']",['\nThe language of origin of Detective Conan: The Fist of Blue Sapphire is Japanese.'],ans,1
P364_general_ASIA_654,FNS Music Festival,"['Japanese', 'jp', 'ja', 'Japanese language', 'Nihongo', 'jpn']","[""\nI'm sorry, I cannot provide an answer to that question as I do not have any information about the""]",unk,0
P364_general_ASIA_656,You Are the Apple of My Eye,"['Mandarin', 'Putonghua', 'Guóyǔ', '中文', 'Guoyu', 'Chinese language', 'Taiwanese Mandarin', 'Huayu', 'Táiwān Huáyǔ', 'zh_TW', 'Mandarin Chinese', 'zh-TW', 'Chinese', 'Standard Taiwanese Mandarin', 'Chinese languages', 'Standard Chinese', 'zh', 'Kuo-yü', 'Biāozhǔn Guóyǔ', 'Standard Mandarin', 'Modern Standard Mandarin', 'Standard Guoyu']",['\nThe language of origin of You Are the Apple of My Eye is Mandarin Chinese.'],ans,1
P364_general_ASIA_658,ROOSEVELT GAME,"['Japanese', 'jp', 'ja', 'Japanese language', 'Nihongo', 'jpn']",['\nThe language of origin of ROOSEVELT GAME is English.'],ans,0
P364_general_ASIA_660,Gallery Fake,"['Japanese', 'jp', 'ja', 'Japanese language', 'Nihongo', 'jpn']","[""\nI'm sorry, I cannot provide an answer to that question as I do not have any information about Gallery Fake.""]",unk,0
P364_general_ASIA_662,Garo: Yami o Terasu Mono,"['Japanese', 'jp', 'ja', 'Japanese language', 'Nihongo', 'jpn']",['\nThe language of origin of Garo: Yami o Terasu Mono is'],ans,0
P364_general_ASIA_664,Chi's Sweet Home,"['Japanese', 'jp', 'ja', 'Japanese language', 'Nihongo', 'jpn']","[""\nChi's Sweet Home is a Japanese manga series written and illustrated by Kanata Konami.""]",ans,1
P364_general_ASIA_666,Show! Music Core,"['Korean', 'Korean language', 'ko']",['\nThe language of origin of Show! Music Core is Korean.'],ans,1
P364_general_ASIA_668,Godzilla: The Series,"['en', 'English', 'eng', 'English language']",['\nThe language of origin of Godzilla: The Series is English.'],ans,1
P364_general_ASIA_670,Moshidora,"['Japanese', 'jp', 'ja', 'Japanese language', 'Nihongo', 'jpn']",['\nMoshidora is a Japanese manga series written by Yukiya Murasaki and illustrated by Yukihi'],ans,1
P364_general_ASIA_672,Detective Conan: The Bride of Halloween,"['Japanese', 'jp', 'ja', 'Japanese language', 'Nihongo', 'jpn']",['\nThe language of origin of Detective Conan: The Bride of Halloween is Japanese.'],ans,1
P364_general_ASIA_674,Akazukin Chacha,"['Japanese', 'jp', 'ja', 'Japanese language', 'Nihongo', 'jpn']",['\nAkazukin Chacha is a Japanese manga series written and illustrated by Yōko Kikuchi.'],ans,1
P364_general_ASIA_676,Kung Fu Hustle,"['Yüeh', 'Standard Cantonese', 'Cantonese language', 'yue', 'zh-yue', '中文', 'yueh', 'Yue', 'Yue-Yu', 'Chinese language', 'Cantonese', 'Chinese', 'zh', 'Yue-Yuu', 'Cantonese dialect', 'Yue Chinese', 'Chinese languages']",['\nKung Fu Hustle is a 2004 Hong Kong action comedy film directed by Stephen Chow. The film'],ans,0
P364_general_ASIA_678,Detective Conan: Zero the Enforcer,"['Japanese', 'jp', 'ja', 'Japanese language', 'Nihongo', 'jpn']",['\nDetective Conan: Zero the Enforcer is a Japanese movie.'],ans,1
P364_general_ASIA_680,Digimon Adventure tri.,"['Japanese', 'jp', 'ja', 'Japanese language', 'Nihongo', 'jpn']",['\nThe language of origin of Digimon Adventure tri. is Japanese.'],ans,1
P364_general_ASIA_682,The World is Still Beautiful,"['Japanese', 'jp', 'ja', 'Japanese language', 'Nihongo', 'jpn']",['\nThe language of origin of The World is Still Beautiful is Japanese.'],ans,1
P364_general_ASIA_684,Juuni Senshi Bakuretsu Eto Ranger,"['Japanese', 'jp', 'ja', 'Japanese language', 'Nihongo', 'jpn']",['\nThe language of origin of Juuni Senshi Bakuretsu Eto'],ans,0
P364_general_ASIA_686,Garo: Makai no Hana,"['Japanese', 'jp', 'ja', 'Japanese language', 'Nihongo', 'jpn']",['\nThe language of origin of Garo: Makai no Hana is Japanese.'],ans,1
P364_general_ASIA_688,Shironeko Project,"['Japanese', 'jp', 'ja', 'Japanese language', 'Nihongo', 'jpn']",['\nShironeko Project is a Japanese language webcomic.'],ans,1
P364_general_ASIA_690,Ultraman Zero: The Revenge of Belial,"['Japanese', 'jp', 'ja', 'Japanese language', 'Nihongo', 'jpn']",['\nThe language of origin of Ultraman Zero: The Revenge of Belial is Japanese.'],ans,1
P364_general_ASIA_692,Denpa Kyoushi,"['Japanese', 'jp', 'ja', 'Japanese language', 'Nihongo', 'jpn']",['\nDenpa Kyoushi is a Japanese manga series written and illustrated by Yuki Sato.'],ans,1
P364_general_ASIA_694,The Vision of Escaflowne,"['Japanese', 'jp', 'ja', 'Japanese language', 'Nihongo', 'jpn']",['\nThe Vision of Escaflowne is a Japanese anime series.'],ans,1
P364_general_ASIA_696,ReLIFE,"['Japanese', 'jp', 'ja', 'Japanese language', 'Nihongo', 'jpn']",['\nReLIFE is a Japanese manga series written and illustrated by Sou Yayoi.'],ans,1
P364_general_ASIA_698,"Love, Elections & Chocolate","['Japanese', 'jp', 'ja', 'Japanese language', 'Nihongo', 'jpn']","['\nThe language of origin of Love, Elections & Chocolate is English.']",ans,0
P364_general_ASIA_700,Hunter × Hunter: Phantom Rouge,"['Japanese', 'jp', 'ja', 'Japanese language', 'Nihongo', 'jpn']",['\nThe language of origin of Hunter × Hunter: Phantom Rouge is Japanese.'],ans,1
P364_general_ASIA_702,UFO Baby,"['Japanese', 'jp', 'ja', 'Japanese language', 'Nihongo', 'jpn']","[""\nI'm sorry, but I cannot provide an answer to that question as UFO Baby is a fictional character and does not""]",unk,0
P364_general_ASIA_704,Wakakozake,"['Japanese', 'jp', 'ja', 'Japanese language', 'Nihongo', 'jpn']","['\nWakakozake is a Japanese television series that premiered on January 10, 2013.']",ans,1
P364_general_ASIA_706,Etotama,"['Japanese', 'jp', 'ja', 'Japanese language', 'Nihongo', 'jpn']",['\nEtotama is a Japanese light novel series written by Yuuki Kodama and illustrated by Yasuyuki N'],ans,1
P364_general_ASIA_708,Kingdom,"['Korean', 'Korean language', 'ko']",['\nThe language of origin of Kingdom is English.'],ans,0
P364_general_ASIA_710,Samurai Champloo,"['Japanese', 'jp', 'ja', 'Japanese language', 'Nihongo', 'jpn']",['\nThe language of origin of Samurai Champloo is Japanese.'],ans,1
P364_general_ASIA_712,Battle Spirits: Burning Soul,"['Japanese', 'jp', 'ja', 'Japanese language', 'Nihongo', 'jpn']",['\nBattle Spirits: Burning Soul is a Japanese language game.'],ans,1
P364_general_ASIA_714,Eromanga Sensei,"['Japanese', 'jp', 'ja', 'Japanese language', 'Nihongo', 'jpn']",['\nThe language of origin of Eromanga Sensei is Japanese.'],ans,1
P364_general_ASIA_716,Produce 48,"['Korean', 'Korean language', 'ko']",['\nProduce 48 is a South Korean reality television show that aired on Mnet.'],ans,1
P364_general_ASIA_718,Lupin III: The First,"['Japanese', 'jp', 'ja', 'Japanese language', 'Nihongo', 'jpn']",['\nThe language of origin of Lupin III: The First is Japanese.'],ans,1
P364_general_ASIA_720,Abarenbō Shōgun,"['Japanese', 'jp', 'ja', 'Japanese language', 'Nihongo', 'jpn']",['\nAbarenbō Shōgun is a Japanese manga series written and illustrated by Kazuo'],ans,1
P364_general_ASIA_722,Monster Hunter,"['Japanese', 'jp', 'ja', 'Japanese language', 'Nihongo', 'jpn']",['\nMonster Hunter is a video game series developed and published by Capcom. The series is primarily set in a fictional world where'],ans,0
P364_general_ASIA_724,Looking for Magical Doremi,"['Japanese', 'jp', 'ja', 'Japanese language', 'Nihongo', 'jpn']",['\nThe language of origin of Looking for Magical Doremi is Japanese.'],ans,1
P364_general_ASIA_726,Ashita no Nadja,"['Japanese', 'jp', 'ja', 'Japanese language', 'Nihongo', 'jpn']",['\nAshita no Nadja is a Japanese manga series written and illustrated by Hideko Kadowaki.'],ans,1
P364_general_ASIA_728,The World of the Married,"['Korean', 'Korean language', 'ko']",['\nThe World of the Married is a South Korean television series that premiered on JTBC on March 27'],ans,1
P364_general_ASIA_730,Bakugan: Battle Planet,"['Japanese', 'jp', 'ja', 'Japanese language', 'Nihongo', 'jpn']",['\nBakugan: Battle Planet is an American-Japanese animated television series based on the Bakug'],ans,1
P364_general_ASIA_732,Gokukoku no Brynhildr,"['Japanese', 'jp', 'ja', 'Japanese language', 'Nihongo', 'jpn']",['\nThe language of origin of Gokukoku no Brynhildr is Japanese.'],ans,1
P364_general_ASIA_734,King Kong vs. Godzilla,"['eng', 'Japanese', 'jp', 'Japanese language', 'en', 'English', 'ja', 'jpn', 'Nihongo', 'English language']",['\nThe language of origin of King Kong vs. Godzilla is Japanese.'],ans,1
P364_general_ASIA_736,One Outs,"['Japanese', 'jp', 'ja', 'Japanese language', 'Nihongo', 'jpn']",['\nOne Outs is a Japanese manga series written and illustrated by Shun Saeki.'],ans,1
P364_general_ASIA_738,Tokusou Sentai Dekaranger,"['Japanese', 'jp', 'ja', 'Japanese language', 'Nihongo', 'jpn']",['\nThe language of origin of Tokusou Sentai Dekaranger is Japanese.'],ans,1
P364_general_ASIA_740,Cream Lemon,"['Japanese', 'jp', 'ja', 'Japanese language', 'Nihongo', 'jpn']",['\nCream Lemon is a Japanese adult anime series.'],ans,1
P364_general_ASIA_742,Dr. Romantic 2,"['Korean', 'Korean language', 'ko']",['\nThe language of origin of Dr. Romantic 2 is Korean.'],ans,1
P364_general_ASIA_744,Sally the Witch,"['Japanese', 'jp', 'ja', 'Japanese language', 'Nihongo', 'jpn']",['\nSally the Witch is a fictional character created by the American writer and illustrator Stephen H. Shafer. She is a'],ans,0
P364_general_ASIA_746,Penguindrum,"['Japanese', 'jp', 'ja', 'Japanese language', 'Nihongo', 'jpn']",['\nThe language of origin of Penguindrum is Japanese.'],ans,1
P364_general_ASIA_748,Alchemy of Souls,"['Korean', 'Korean language', 'ko']",['\nThe language of origin of Alchemy of Souls is Korean.'],ans,1
P364_general_ASIA_750,Re:Creators,"['Japanese', 'jp', 'ja', 'Japanese language', 'Nihongo', 'jpn']",['\nRe:Creators is a Japanese light novel series written by Reiji Saiga and illustrated by Ranmaru'],ans,1
P364_general_ASIA_752,Blue Dragon,"['Japanese', 'jp', 'ja', 'Japanese language', 'Nihongo', 'jpn']",['\nBlue Dragon is a Japanese manga series created by Yoshihiko Umakoshi and written by Tatsuya Takahashi'],ans,1
P364_general_ASIA_754,MOZU,"['Japanese', 'jp', 'ja', 'Japanese language', 'Nihongo', 'jpn']","[""\nI'm sorry, I cannot provide an answer to that question as MOZU is not a recognized language or""]",unk,0
P364_general_ASIA_756,Wakusei Robo Danguard Ace,"['Japanese', 'jp', 'ja', 'Japanese language', 'Nihongo', 'jpn']",['\nThe language of origin of Wakusei Robo Danguard Ace is Japanese.'],ans,1
P364_general_ASIA_758,Marmalade Boy,"['Japanese', 'jp', 'ja', 'Japanese language', 'Nihongo', 'jpn']",['\nMarmalade Boy is a Japanese manga series written and illustrated by Wataru Yoshizumi.'],ans,1
P364_general_ASIA_760,Strong Heart,"['Korean', 'Korean language', 'ko']",['\nStrong Heart is a Korean variety show that aired from 2010 to 2012.'],ans,1
P364_general_ASIA_762,TV Champion,"['Japanese', 'jp', 'ja', 'Japanese language', 'Nihongo', 'jpn']","[""\nI'm sorry, I cannot provide an answer to that question as TV Champion is a fictional character and does not have""]",unk,0
P364_general_ASIA_764,Chargeman Ken!,"['Japanese', 'jp', 'ja', 'Japanese language', 'Nihongo', 'jpn']","[""\nI'm sorry, I cannot provide an answer to that question as I do not have any information about Chargeman""]",unk,0
P364_general_ASIA_766,The King: Eternal Monarch,"['Korean', 'Korean language', 'ko']",['\nThe language of origin of The King: Eternal Monarch is Korean.'],ans,1
P364_general_ASIA_768,Suzume,"['Japanese', 'jp', 'ja', 'Japanese language', 'Nihongo', 'jpn']","['\nSuzume is a Japanese name, so its language of origin is Japanese.']",ans,1
P364_general_ASIA_770,Kogepan,"['Japanese', 'jp', 'ja', 'Japanese language', 'Nihongo', 'jpn']","['\nKogepan is a Japanese language webcomic series created by the artist known as ""Koge-Don']",ans,1
P364_general_ASIA_772,Pokémon,"['Japanese', 'jp', 'ja', 'Japanese language', 'Nihongo', 'jpn']","['\nPokémon is a Japanese media franchise managed by The Pokémon Company, a consortium between Nintendo, Game Freak, and Creatures']",ans,1
P364_general_ASIA_774,Corrector Yui,"['Japanese', 'jp', 'ja', 'Japanese language', 'Nihongo', 'jpn']",['\nCorrector Yui is a Japanese manga series written and illustrated by Taamo.'],ans,1
P364_general_ASIA_776,Pokémon: The First Movie,"['Japanese', 'jp', 'ja', 'Japanese language', 'Nihongo', 'jpn']",['\nThe language of origin of Pokémon: The First Movie is Japanese.'],ans,1
P364_general_ASIA_778,Love Live! Superstar!!,"['Japanese', 'jp', 'ja', 'Japanese language', 'Nihongo', 'jpn']",['\nLove Live! Superstar!! is a Japanese anime series.'],ans,1
P364_general_ASIA_780,Lilpri,"['Japanese', 'jp', 'ja', 'Japanese language', 'Nihongo', 'jpn']","['\nLilpri is a Japanese anime series, so the language of origin is Japanese.']",ans,1
P364_general_ASIA_782,NG Knight Lamune & 40,"['Japanese', 'jp', 'ja', 'Japanese language', 'Nihongo', 'jpn']",['\nNG Knight Lamune & 40 is a Japanese anime series.'],ans,1
P364_general_ASIA_784,Suzuki Sensei,"['Japanese', 'jp', 'ja', 'Japanese language', 'Nihongo', 'jpn']","['\nSuzuki Sensei was born in Japan, so his language of origin is Japanese.']",ans,1
P364_general_ASIA_786,Godzilla vs. SpaceGodzilla,"['Japanese', 'jp', 'ja', 'Japanese language', 'Nihongo', 'jpn']",['\nThe language of origin of Godzilla vs. SpaceGodzilla is Japanese.'],ans,1
P364_general_ASIA_788,Violet Evergarden: Eternity and the Auto Memories Doll,"['Japanese', 'jp', 'ja', 'Japanese language', 'Nihongo', 'jpn']",['\nThe language of origin of Violet Evergarden: Eternity and the Auto Memories'],ans,0
P364_general_ASIA_790,Vandread,"['Japanese', 'jp', 'ja', 'Japanese language', 'Nihongo', 'jpn']",['\nVandread is a Japanese anime series created by Yutaka Izubuchi and produced by Gonzo.'],ans,1
P364_general_ASIA_792,Dragon Ball Z: Resurrection 'F',"['Japanese', 'jp', 'ja', 'Japanese language', 'Nihongo', 'jpn']","[""\nThe language of origin of Dragon Ball Z: Resurrection 'F' is Japanese.""]",ans,1
P364_general_ASIA_794,Rurouni Kenshin,"['Japanese', 'jp', 'ja', 'Japanese language', 'Nihongo', 'jpn']",['\nRurouni Kenshin is a Japanese manga series written and illustrated by Nobuhi'],ans,1
P364_general_ASIA_796,NHK News Ohayō Nippon,"['Japanese', 'jp', 'ja', 'Japanese language', 'Nihongo', 'jpn']",['\nThe language of origin of NHK News Ohayō Nippon is Japanese.'],ans,1
P364_general_ASIA_798,That Time I Got Reincarnated as a Slime,"['Japanese', 'jp', 'ja', 'Japanese language', 'Nihongo', 'jpn']",['\nThe language of origin of That Time I Got Reincarnated as'],ans,0
P364_general_ASIA_800,Uninhabited Planet Survive!,"['Japanese', 'jp', 'ja', 'Japanese language', 'Nihongo', 'jpn']","[""\nI'm sorry, I cannot provide an answer to that question as there is no game called""]",unk,0
P364_general_ASIA_802,My-HiME,"['Japanese', 'jp', 'ja', 'Japanese language', 'Nihongo', 'jpn']",['\nMy-HiME is a Japanese anime series.'],ans,1
P364_general_ASIA_804,Ace Attorney,"['Japanese', 'jp', 'ja', 'Japanese language', 'Nihongo', 'jpn']",['\nThe Ace Attorney series is a Japanese video game franchise created by Shu Takumi.'],ans,1
P364_general_ASIA_806,Yukikaze,"['Japanese', 'jp', 'ja', 'Japanese language', 'Nihongo', 'jpn']",['\nYukikaze is a Japanese light novel series written by Chohei Kambayashi and illustrated by Kou'],ans,1
P364_general_ASIA_808,Duet Song Festival,"['Korean', 'Korean language', 'ko']",['\nThe Duet Song Festival is a music competition that originated in Estonia in 2003.'],ans,0
P364_general_ASIA_810,Pretty Cure All Stars DX3: Deliver the Future! The Rainbow-Colored Flower That Connects the World!,"['Japanese', 'jp', 'ja', 'Japanese language', 'Nihongo', 'jpn']",['\nThe language of origin'],ans,0
P364_general_ASIA_812,Kaleido Star,"['Japanese', 'jp', 'ja', 'Japanese language', 'Nihongo', 'jpn']",['\nKaleido Star is a Japanese manga series written and illustrated by Marika Hōjō.'],ans,1
P364_general_ASIA_814,Turn A Gundam,"['Japanese', 'jp', 'ja', 'Japanese language', 'Nihongo', 'jpn']",['\nThe language of origin of Turn A Gundam is Japanese.'],ans,1
P364_general_ASIA_816,Godzilla: Final Wars,"['eng', 'Japanese', 'jp', 'Japanese language', 'en', 'English', 'ja', 'jpn', 'Nihongo', 'English language']","['\nGodzilla: Final Wars is a Japanese film, so the language of origin is Japanese.']",ans,1
P364_general_ASIA_818,Space Battleship Yamato,"['Japanese', 'jp', 'ja', 'Japanese language', 'Nihongo', 'jpn']",['\nThe language of origin of Space Battleship Yamato is Japanese.'],ans,1
P364_general_ASIA_820,Miyuki,"['Japanese', 'jp', 'ja', 'Japanese language', 'Nihongo', 'jpn']","['\nMiyuki is a Japanese name, so the language of origin is Japanese.']",ans,1
P364_general_ASIA_822,Keizoku,"['Japanese', 'jp', 'ja', 'Japanese language', 'Nihongo', 'jpn']","[""\nI'm sorry, I cannot find any information on a language called 'Keizoku'. Could you please""]",unk,0
P364_general_ASIA_824,Tiger Mask,"['Japanese', 'jp', 'ja', 'Japanese language', 'Nihongo', 'jpn']",['\nTiger Mask is a Japanese professional wrestler and the character was created by Ikki Kajiwara and Naoyuki'],ans,1
P364_general_ASIA_826,Mega Monster Battle: Ultra Galaxy,"['Japanese', 'jp', 'ja', 'Japanese language', 'Nihongo', 'jpn']",['\nThe language of origin of Mega Monster Battle: Ultra Galaxy is Japanese.'],ans,1
P364_general_ASIA_828,Digimon Fusion,"['Japanese', 'jp', 'ja', 'Japanese language', 'Nihongo', 'jpn']",['\nThe language of origin of Digimon Fusion is Japanese.'],ans,1
P364_general_ASIA_830,Battery,"['Japanese', 'jp', 'ja', 'Japanese language', 'Nihongo', 'jpn']","[""\nThe word 'Battery' comes from the Middle English word 'baterie', which in turn comes from the Middle""]",ans,0
P364_general_ASIA_832,Serial Experiments Lain,"['Japanese', 'jp', 'ja', 'Japanese language', 'Nihongo', 'jpn']",['\nThe language of origin of Serial Experiments Lain is Japanese.'],ans,1
P364_general_ASIA_834,FLCL,"['Japanese', 'jp', 'ja', 'Japanese language', 'Nihongo', 'jpn']",['\nFLCL is an anime series created by Gainax and directed by Kazuya Tsurumaki. The language'],ans,0
P364_general_ASIA_836,Invasion of Astro-Monster,"['eng', 'Japanese', 'jp', 'Japanese language', 'en', 'English', 'ja', 'jpn', 'Nihongo', 'English language']",['\nThe language of origin of Invasion of Astro-Monster is Japanese.'],ans,1
P364_general_ASIA_838,Sarazanmai,"['Japanese', 'jp', 'ja', 'Japanese language', 'Nihongo', 'jpn']",['\nSarazanmai is a Japanese anime series created by Kunihiko Ikuhara.'],ans,1
P364_general_ASIA_840,Pokémon the Series: Sun & Moon,"['Japanese', 'jp', 'ja', 'Japanese language', 'Nihongo', 'jpn']",['\nThe language of origin of Pokémon the Series: Sun & Moon is Japanese.'],ans,1
P364_general_ASIA_842,Pokémon the Series: Black & White,"['Japanese', 'jp', 'ja', 'Japanese language', 'Nihongo', 'jpn']",['\nThe language of origin of Pokémon the Series: Black & White is Japanese.'],ans,1
P364_general_ASIA_844,Iris,"['Korean', 'Korean language', 'ko']","[""\nIris is a Greek name meaning 'rainbow'.""]",ans,0
P364_general_ASIA_846,Kamen Rider × Kamen Rider W & Decade: Movie War 2010,"['Japanese', 'jp', 'ja', 'Japanese language', 'Nihongo', 'jpn']",['\nThe language of origin of Kamen Rider'],ans,0
P364_general_ASIA_848,Floral Magician Mary Bell,"['Japanese', 'jp', 'ja', 'Japanese language', 'Nihongo', 'jpn']","[""\nI'm sorry, I cannot provide an answer to that question as I do not have any information about""]",unk,0
P364_general_ASIA_850,Rashomon,"['Japanese', 'jp', 'ja', 'Japanese language', 'Nihongo', 'jpn']",['\nRashomon is a Japanese film directed by Akira Kurosawa.'],ans,1
P364_general_ASIA_852,Cloud Atlas,"['en', 'English', 'eng', 'English language']","['\nCloud Atlas is a novel written by David Mitchell, who is a British author. Therefore, the language of origin of Cloud']",ans,0
P364_general_ASIA_854,Soonpoong Clinic,"['Korean', 'Korean language', 'ko']","[""\nI'm sorry, I cannot provide an answer to that question as I do not have any information about Soon""]",unk,0
P364_general_ASIA_856,"Ore ga Ojousama Gakkou ni ""Shomin Sample"" Toshite Rachirareta Ken","['Japanese', 'jp', 'ja', 'Japanese language', 'Nihongo', 'jpn']",['\nThe language of'],ans,0
P364_general_ASIA_858,Ocean Waves,"['Japanese', 'jp', 'ja', 'Japanese language', 'Nihongo', 'jpn']",['\nOcean Waves is a Japanese manga series written and illustrated by Tadashi Agi.'],ans,1
P364_general_ASIA_860,Evangelion: 3.0 You Can (Not) Redo,"['Japanese', 'jp', 'ja', 'Japanese language', 'Nihongo', 'jpn']",['\nThe language of origin of Evangelion: 3.'],ans,0
P364_general_ASIA_862,Barakamon,"['Japanese', 'jp', 'ja', 'Japanese language', 'Nihongo', 'jpn']",['\nBarakamon is a Japanese manga series written and illustrated by Satsuki Yoshino.'],ans,1
P364_general_ASIA_864,The Mysterians,"['Japanese', 'jp', 'ja', 'Japanese language', 'Nihongo', 'jpn']",['\nThe Mysterians is a 1957 Japanese science fiction film directed by Ishirō Honda.'],ans,1
P364_general_ASIA_866,With the Light,"['Japanese', 'jp', 'ja', 'Japanese language', 'Nihongo', 'jpn']","[""\nI'm sorry, I cannot provide an answer without additional context. Could you please provide more information?""]",unk,0
P364_general_ASIA_868,Lostorage incited WIXOSS,"['Japanese', 'jp', 'ja', 'Japanese language', 'Nihongo', 'jpn']",['\nThe language of origin of Lostorage incited WIXOSS is Japanese.'],ans,1
P364_general_ASIA_870,Magical × Heroine Magimajo Pures!,"['Japanese', 'jp', 'ja', 'Japanese language', 'Nihongo', 'jpn']",['\nThe language of origin of Magical × Heroine Magimajo Pures! is Japanese'],ans,1
P364_general_ASIA_872,El-Hazard,"['Japanese', 'jp', 'ja', 'Japanese language', 'Nihongo', 'jpn']",['\nEl-Hazard is a fictional world created by Japanese manga artist Ryu Fujisaki. It is not'],ans,1
P364_general_ASIA_874,A Penguin's Troubles,"['Japanese', 'jp', 'ja', 'Japanese language', 'Nihongo', 'jpn']","[""\nThe language of origin of A Penguin's Troubles is English.""]",ans,0
P364_general_ASIA_876,Pretty Cure All Stars: Carnival of Spring♪,"['Japanese', 'jp', 'ja', 'Japanese language', 'Nihongo', 'jpn']",['\nThe language of origin of Pretty Cure All Stars: Carnival of Spring♪ is'],ans,0
P364_general_ASIA_878,Case Closed: The Phantom of Baker Street,"['Japanese', 'jp', 'ja', 'Japanese language', 'Nihongo', 'jpn']",['\nThe language of origin of Case Closed: The Phantom of Baker Street is Japanese.'],ans,1
P364_general_ASIA_880,Kamiwaza Wanda,"['Japanese', 'jp', 'ja', 'Japanese language', 'Nihongo', 'jpn']",['\nKamiwaza Wanda is a Japanese manga series written and illustrated by Yuko Osada.'],ans,1
P364_general_ASIA_882,Sekai-ichi Hatsukoi,"['Japanese', 'jp', 'ja', 'Japanese language', 'Nihongo', 'jpn']",['\nSekai-ichi Hatsukoi is a Japanese light novel series written by Youka N'],ans,1
P364_general_ASIA_884,Miss Trot,"['Korean', 'Korean language', 'ko']","[""\nI'm sorry, I cannot provide an answer to that question as there is no character named Miss Trot in any known""]",unk,0
P364_general_ASIA_886,Battle B-Daman,"['Japanese', 'jp', 'ja', 'Japanese language', 'Nihongo', 'jpn']",['\nBattle B-Daman is a Japanese anime series.'],ans,1
P364_general_ASIA_888,Six God Combination Godmars,"['Japanese', 'jp', 'ja', 'Japanese language', 'Nihongo', 'jpn']",['\nSix God Combination Godmars is a Japanese manga series created by Go Nagai.'],ans,1
P364_general_ASIA_890,Transformers: Victory,"['Japanese', 'jp', 'ja', 'Japanese language', 'Nihongo', 'jpn']",['\nTransformers: Victory is a Japanese anime series.'],ans,1
P364_general_ASIA_892,Jewelpet,"['Japanese', 'jp', 'ja', 'Japanese language', 'Nihongo', 'jpn']",['\nJewelpet is a Japanese anime series created by Sanrio and Sega Toys.'],ans,1
P364_general_ASIA_894,Odd Taxi,"['Japanese', 'jp', 'ja', 'Japanese language', 'Nihongo', 'jpn']",['\nOdd Taxi is a Japanese anime series.'],ans,1
P364_general_ASIA_896,Porco Rosso,"['Japanese', 'jp', 'ja', 'Japanese language', 'Nihongo', 'jpn']",['\nPorco Rosso is a Japanese animated film directed by Hayao Miyazaki.'],ans,1
P364_general_ASIA_898,I-Land,"['Korean', 'Korean language', 'ko']",['\nI-Land is an American science fiction thriller web television series created by Neil LaBute.'],ans,0
P364_general_ASIA_900,The Mythical Detective Loki Ragnarok,"['Japanese', 'jp', 'ja', 'Japanese language', 'Nihongo', 'jpn']",['\nThe Mythical Detective Loki Ragnarok is a Japanese manga series written by Sakura Kin'],ans,1
P364_general_ASIA_902,One Missed Call,"['Japanese', 'jp', 'ja', 'Japanese language', 'Nihongo', 'jpn']",['\nOne Missed Call is a Japanese horror film directed by Takashi Miike.'],ans,1
P364_general_ASIA_904,Stop!! Hibari-kun!,"['Japanese', 'jp', 'ja', 'Japanese language', 'Nihongo', 'jpn']",['\nThe language of origin of Stop!! Hibari-kun! is Japanese.'],ans,1
P364_general_ASIA_906,My Hero Academia: Two Heroes,"['Japanese', 'jp', 'ja', 'Japanese language', 'Nihongo', 'jpn']",['\nThe language of origin of My Hero Academia: Two Heroes is Japanese.'],ans,1
P364_general_ASIA_908,Death Note,"['Japanese', 'jp', 'ja', 'Japanese language', 'Nihongo', 'jpn']",['\nDeath Note is a Japanese manga series written by Tsugumi Ohba and illustrated by Takeshi Obata.'],ans,1
P364_general_ASIA_910,The Return of Superman,"['Korean', 'Korean language', 'ko']",['\nThe Return of Superman is a South Korean reality show that features the daily lives of celebrity families with young children.'],ans,1
P364_general_ASIA_912,Shimoneta: A Boring World Where the Concept of Dirty Jokes Doesn't Exist,"['Japanese', 'jp', 'ja', 'Japanese language', 'Nihongo', 'jpn']",['\nThe language of origin of Shimon'],ans,0
P364_general_ASIA_914,"Ashita, Mama ga Inai","['Japanese', 'jp', 'ja', 'Japanese language', 'Nihongo', 'jpn']","['\nThe language of origin of Ashita, Mama ga Inai is Japanese.']",ans,1
P364_general_ASIA_916,On Children,"['Mandarin', 'Putonghua', 'Guóyǔ', '中文', 'Guoyu', 'Chinese language', 'Taiwanese Mandarin', 'Huayu', 'Táiwān Huáyǔ', 'zh_TW', 'Mandarin Chinese', 'zh-TW', 'Chinese', 'Standard Taiwanese Mandarin', 'Chinese languages', 'Standard Chinese', 'zh', 'Kuo-yü', 'Biāozhǔn Guóyǔ', 'Standard Mandarin', 'Modern Standard Mandarin', 'Standard Guoyu']","[""\nI'm sorry, I cannot provide an answer without additional context. Could you please provide more information?""]",unk,0
P364_general_ASIA_918,Sonic X,"['Japanese', 'jp', 'ja', 'Japanese language', 'Nihongo', 'jpn']",['\nThe language of origin of Sonic X is English.'],ans,0
P364_general_ASIA_920,One Piece: Stampede,"['Japanese', 'jp', 'ja', 'Japanese language', 'Nihongo', 'jpn']",['\nOne Piece: Stampede is a Japanese anime film.'],ans,1
P364_general_ASIA_922,Love You as the World Ends,"['Japanese', 'jp', 'ja', 'Japanese language', 'Nihongo', 'jpn']",['\nThe language of origin of Love You as the World Ends is English.'],ans,0
P364_general_ASIA_924,Yadamon,"['Japanese', 'jp', 'ja', 'Japanese language', 'Nihongo', 'jpn']","[""\nI'm sorry, but I cannot find any information about a language called Yadamon. Could you please provide""]",unk,0
P364_general_ASIA_926,Danganronpa 3: The End of Hope's Peak High School,"['Japanese', 'jp', 'ja', 'Japanese language', 'Nihongo', 'jpn']",['\nDanganronpa 3: The End of'],ans,0
P364_general_ASIA_928,Element Hunters,"['Japanese', 'ko', 'jp', 'ja', 'Japanese language', 'Korean language', 'Korean', 'Nihongo', 'jpn']","[""\nI'm sorry, I cannot provide an answer to that question as there is no known language of origin for Element Hunters""]",unk,0
P364_general_ASIA_930,Poppoya,"['Japanese', 'jp', 'ja', 'Japanese language', 'Nihongo', 'jpn']","[""\nI'm sorry, but I could not find any information on a language called Poppoya. Could you please provide more""]",unk,0
P364_general_ASIA_932,Rebuild of Evangelion,"['Japanese', 'jp', 'ja', 'Japanese language', 'Nihongo', 'jpn']",['\nThe language of origin of Rebuild of Evangelion is Japanese.'],ans,1
P364_general_ASIA_934,Nodame Cantabile,"['Japanese', 'jp', 'ja', 'Japanese language', 'Nihongo', 'jpn']",['\nNodame Cantabile is a Japanese manga series written and illustrated by Tomoko Ninomiya.'],ans,1
P364_general_ASIA_936,Arabian Nights: Sinbad's Adventures,"['Japanese', 'jp', 'ja', 'Japanese language', 'Nihongo', 'jpn']","[""\nThe language of origin of Arabian Nights: Sinbad's Adventures is Arabic.""]",ans,0
P364_general_ASIA_938,Jitsu wa Watashi wa,"['Japanese', 'jp', 'ja', 'Japanese language', 'Nihongo', 'jpn']",['\nJitsu wa Watashi wa is a Japanese manga series written and illustrated by Yuu Watase.'],ans,1
P364_general_ASIA_940,Mayoiga,"['Japanese', 'jp', 'ja', 'Japanese language', 'Nihongo', 'jpn']",['\nMayoiga is a Japanese light novel series written by Sō Sagara and illustrated by Shōta Aikawa.'],ans,1
P364_general_ASIA_942,Romeo's Blue Skies,"['Japanese', 'jp', 'ja', 'Japanese language', 'Nihongo', 'jpn']","[""\nI'm sorry, I cannot provide an answer to that question as there is no known song called""]",unk,0
P364_general_ASIA_944,Pokémon the Series: Diamond and Pearl,"['Japanese', 'jp', 'ja', 'Japanese language', 'Nihongo', 'jpn']",['\nThe language of origin of Pokémon the Series: Diamond and Pearl is Japanese.'],ans,1
P364_general_ASIA_946,Kiba,"['Japanese', 'jp', 'ja', 'Japanese language', 'Nihongo', 'jpn']","[""\nKiba is a fictional character from the anime series 'Wolf's Rain'. He is a wolf-like creature""]",ans,0
P364_general_ASIA_948,The Girl Who Leapt Through Time,"['Japanese', 'jp', 'ja', 'Japanese language', 'Nihongo', 'jpn']",['\nThe Girl Who Leapt Through Time is a Japanese novel written by Yasutaka Tsutsui'],ans,1
P364_general_ASIA_950,Godzilla Raids Again,"['Japanese', 'jp', 'ja', 'Japanese language', 'Nihongo', 'jpn']",['\nGodzilla Raids Again is a Japanese film.'],ans,1
P364_general_ASIA_952,3000 Leagues in Search of Mother,"['Japanese', 'jp', 'ja', 'Japanese language', 'Nihongo', 'jpn']",['\nThe language of origin of 3000 Leagues in Search of Mother is French.'],ans,0
P364_general_ASIA_954,Kodomo no Jikan,"['Japanese', 'jp', 'ja', 'Japanese language', 'Nihongo', 'jpn']",['\nKodomo no Jikan is a Japanese manga series written and illustrated by Kaworu Watashiya.'],ans,1
P364_general_ASIA_956,Kamen Rider × Super Sentai: Super Hero Taisen,"['Japanese', 'jp', 'ja', 'Japanese language', 'Nihongo', 'jpn']",['\nThe language of origin of Kamen Rider × Super Sentai:'],ans,0
P364_general_ASIA_958,Maho Girls PreCure! the Movie: The Miraculous Transformation! Cure Mofurun!,"['Japanese', 'jp', 'ja', 'Japanese language', 'Nihongo', 'jpn']",['\nThe language of origin of'],ans,0
P364_general_ASIA_960,In A Good Way,"['Mandarin', 'Putonghua', 'Standard Mandarin', 'Standard Chinese', '中文', 'Guoyu', 'Mandarin Chinese', 'Modern Standard Mandarin', 'Chinese', 'Huayu', 'Chinese language', 'zh', 'Kuo-yü', 'Chinese languages']","[""\nI'm sorry, I cannot provide an answer to that question as it is not a commonly known phrase or""]",unk,0
P364_general_ASIA_962,Super Doll Licca-chan,"['Japanese', 'jp', 'ja', 'Japanese language', 'Nihongo', 'jpn']",['\nSuper Doll Licca-chan is a Japanese anime series.'],ans,1
P364_general_ASIA_964,Fated to Love You,"['Mandarin', 'Putonghua', 'Guóyǔ', '中文', 'Guoyu', 'Chinese language', 'Taiwanese Mandarin', 'Huayu', 'Táiwān Huáyǔ', 'zh_TW', 'Mandarin Chinese', 'zh-TW', 'Chinese', 'Standard Taiwanese Mandarin', 'Chinese languages', 'Standard Chinese', 'zh', 'Kuo-yü', 'Biāozhǔn Guóyǔ', 'Standard Mandarin', 'Modern Standard Mandarin', 'Standard Guoyu']",['\nThe language of origin of Fated to Love You is Mandarin Chinese.'],ans,1
P364_general_ASIA_966,Be Forever Yamato,"['Japanese', 'jp', 'ja', 'Japanese language', 'Nihongo', 'jpn']","['\nBe Forever Yamato is a Japanese anime series, so the language of origin is Japanese.']",ans,1
P364_general_ASIA_968,MegaMan NT Warrior,"['Japanese', 'jp', 'ja', 'Japanese language', 'Nihongo', 'jpn']",['\nMegaMan NT Warrior is a Japanese manga series written by Ryo Takamisaki and illustrated by Yū'],ans,1
P364_general_ASIA_970,Shoplifters,"['Japanese', 'jp', 'ja', 'Japanese language', 'Nihongo', 'jpn']",['\nThe language of origin of Shoplifters is Japanese.'],ans,1
P364_general_ASIA_972,Amatsuki,"['Japanese', 'jp', 'ja', 'Japanese language', 'Nihongo', 'jpn']",['\nAmatsuki is a Japanese manga series written and illustrated by Noboru Takahashi.'],ans,1
P364_general_ASIA_974,Kotoura-san,"['Japanese', 'jp', 'ja', 'Japanese language', 'Nihongo', 'jpn']",['\nKotoura-san is a Japanese manga series written and illustrated by Enokizu.'],ans,1
P364_general_ASIA_976,Mashiroiro Symphony,"['Japanese', 'jp', 'ja', 'Japanese language', 'Nihongo', 'jpn']",['\nMashiroiro Symphony is a Japanese visual novel developed by Navel.'],ans,1
P364_general_ASIA_978,"OOO, Den-O, All Riders: Let's Go Kamen Riders","['Japanese', 'jp', 'ja', 'Japanese language', 'Nihongo', 'jpn']","['\nThe language of origin of OOO, Den']",ans,0
P364_general_ASIA_980,Sakigake!! Otokojuku,"['Japanese', 'jp', 'ja', 'Japanese language', 'Nihongo', 'jpn']",['\nSakigake!! Otokojuku is a Japanese manga series written and'],ans,1
P364_general_ASIA_982,Sabagebu!,"['Japanese', 'jp', 'ja', 'Japanese language', 'Nihongo', 'jpn']",['\nSabagebu! is a Japanese manga series written and illustrated by Hidekichi Matsumoto.'],ans,1
P364_general_ASIA_984,Mr. Sunshine,"['Korean', 'Korean language', 'ko']",['\nMr. Sunshine is an American television series created by Matthew Perry and Alex Barnow.'],ans,0
P364_general_ASIA_986,Outrage: Final Chapter,"['Japanese', 'jp', 'ja', 'Japanese language', 'Nihongo', 'jpn']",['\nThe language of origin of Outrage: Final Chapter is Japanese.'],ans,1
P364_general_ASIA_988,Dōkyūsei 2,"['Japanese', 'jp', 'ja', 'Japanese language', 'Nihongo', 'jpn']",['\nDōkyūsei 2 is a Japanese visual novel game.'],ans,1
P364_general_ASIA_990,Cute High Earth Defense Club Love!,"['Japanese', 'jp', 'ja', 'Japanese language', 'Nihongo', 'jpn']",['\nThe language of origin of Cute High Earth Defense Club Love! is Japanese.'],ans,1
P364_general_ASIA_992,"Crouching Tiger, Hidden Dragon","['Mandarin', 'Putonghua', 'Standard Mandarin', 'Standard Chinese', '中文', 'Guoyu', 'Mandarin Chinese', 'Modern Standard Mandarin', 'Chinese', 'Huayu', 'Chinese language', 'zh', 'Kuo-yü', 'Chinese languages']","['\nThe language of origin of Crouching Tiger, Hidden Dragon is Mandarin Chinese.']",ans,1
P364_general_ASIA_994,Bakuon!!,"['Japanese', 'jp', 'ja', 'Japanese language', 'Nihongo', 'jpn']",['\nBakun!! is a Japanese manga series written and illustrated by Akito Natsume.'],ans,1
P364_general_ASIA_996,SP,"['Japanese', 'jp', 'ja', 'Japanese language', 'Nihongo', 'jpn']","[""\nSP is an acronym that can refer to many different things, so it's difficult to determine the language of origin without more""]",ans,0
P364_general_ASIA_998,Godzilla vs. the Sea Monster,"['Japanese', 'jp', 'ja', 'Japanese language', 'Nihongo', 'jpn']",['\nThe language of origin of Godzilla vs. the Sea Monster is Japanese.'],ans,1
