﻿uuid,sub_label,obj_label,choices,ans_type,acc
P364_general_WESTERN_COUNTRIES_0,Marvel Cinematic Universe,"['en', 'English', 'eng', 'English language']","['\nThe Marvel Cinematic Universe is primarily in English, with some scenes in other languages such as Mandarin, Russian,']",ans,1
P364_general_WESTERN_COUNTRIES_2,The Batman,"['en', 'English', 'eng', 'English language']","['\nThe Batman is an American comic book series created by artist Bob Kane and writer Bill Finger, and published by DC Comics.']",ans,0
P364_general_WESTERN_COUNTRIES_4,Agents of S.H.I.E.L.D.,"['en', 'English', 'eng', 'English language']",['\nThe language of origin of Agents of S.H.I.'],ans,0
P364_general_WESTERN_COUNTRIES_6,Grey's Anatomy,"['en', 'English', 'eng', 'English language']","[""\nGrey's Anatomy is an American medical drama television series that premiered on March 27, 2005,""]",ans,0
P364_general_WESTERN_COUNTRIES_8,WandaVision,"['en', 'English', 'eng', 'English language']",['\nWandaVision is an American television series created by Jac Schaeffer for the streaming service Disney+.'],ans,0
P364_general_WESTERN_COUNTRIES_10,The Dark Knight,"['en', 'English', 'eng', 'English language']","['\nThe Dark Knight is a 2008 American superhero film directed by Christopher Nolan, based on the DC Comics character Batman']",ans,0
P364_general_WESTERN_COUNTRIES_12,The Exorcist,"['en', 'English', 'eng', 'English language']",['\nThe Exorcist is a 1973 American supernatural horror film directed by William Friedkin and adapted from the'],ans,0
P364_general_WESTERN_COUNTRIES_14,Captain America: Civil War,"['en', 'English', 'eng', 'English language']",['\nThe language of origin of Captain America: Civil War is English.'],ans,1
P364_general_WESTERN_COUNTRIES_16,SpongeBob SquarePants,"['en', 'English', 'eng', 'English language']",['\nSpongeBob SquarePants is an American animated television series created by marine biologist and animator Stephen'],ans,0
P364_general_WESTERN_COUNTRIES_18,"Gute Zeiten, schlechte Zeiten","['German', 'de', 'German language']","['\nThe language of origin of Gute Zeiten, schlechte Zeiten is German.']",ans,1
P364_general_WESTERN_COUNTRIES_20,American Idol,"['en', 'English', 'eng', 'English language']",['\nAmerican Idol is an American television series that originated in the United Kingdom.'],ans,0
P364_general_WESTERN_COUNTRIES_22,Citizen Kane,"['en', 'English', 'eng', 'English language']",['\nThe language of origin of Citizen Kane is English.'],ans,1
P364_general_WESTERN_COUNTRIES_24,Terminator 2: Judgment Day,"['en', 'English', 'eng', 'English language']",['\nThe language of origin of Terminator 2: Judgment Day is English.'],ans,1
P364_general_WESTERN_COUNTRIES_26,Avatar,"['en', 'English', 'eng', 'English language']",['\nThe language of origin of Avatar is English.'],ans,1
P364_general_WESTERN_COUNTRIES_28,Doctor Strange,"['en', 'English', 'eng', 'English language']",['\nDoctor Strange is a fictional character appearing in American comic books published by Marvel Comics. The character was created by writer-editor'],ans,0
P364_general_WESTERN_COUNTRIES_30,Dancing with the Stars,"['en', 'English', 'eng', 'English language']",['\nThe language of origin of Dancing with the Stars is English.'],ans,1
P364_general_WESTERN_COUNTRIES_32,Guardians of the Galaxy,"['en', 'English', 'eng', 'English language']",['\nThe Guardians of the Galaxy are a fictional superhero team appearing in American comic books published by Marvel Comics. The team'],ans,0
P364_general_WESTERN_COUNTRIES_34,Zack Snyder's Justice League,"['en', 'English', 'eng', 'English language']","[""\nThe language of origin of Zack Snyder's Justice League is English.""]",ans,1
P364_general_WESTERN_COUNTRIES_36,The Walking Dead,"['en', 'English', 'eng', 'English language']","['\nThe Walking Dead is an American television series based on the comic book series of the same name by Robert Kirkman,']",ans,0
P364_general_WESTERN_COUNTRIES_38,Call Me by Your Name,"['eng', 'fra', 'fr', 'it', 'Italian', 'en', 'English', '(fr)', 'French language', 'Italian language', 'French', 'English language', 'Italiano']",['\nThe language of origin of Call Me by Your Name is English.'],ans,1
P364_general_WESTERN_COUNTRIES_40,Wonder Woman,"['en', 'English', 'eng', 'English language']",['\nWonder Woman is a fictional superhero appearing in American comic books published by DC Comics. She was created by William Moulton'],ans,0
P364_general_WESTERN_COUNTRIES_42,Thor: Ragnarok,"['en', 'English', 'eng', 'English language']","['\nThor: Ragnarok is an American superhero film based on the Marvel Comics character Thor, produced by']",ans,0
P364_general_WESTERN_COUNTRIES_44,Beauty and the Beast,"['en', 'English', 'eng', 'English language']",['\nThe language of origin of Beauty and the Beast is French.'],ans,0
P364_general_WESTERN_COUNTRIES_46,New Amsterdam,"['en', 'English', 'eng', 'English language']","['\nNew Amsterdam was originally founded by Dutch settlers in 1624, so the language of origin was Dutch.']",ans,0
P364_general_WESTERN_COUNTRIES_48,Star Wars: Episode V – The Empire Strikes Back,"['en', 'English', 'eng', 'English language']",['\nThe language of origin of Star Wars: Episode V – The Empire'],ans,0
P364_general_WESTERN_COUNTRIES_50,Halt and Catch Fire,"['en', 'English', 'eng', 'English language']",['\nThe language of origin of Halt and Catch Fire is English.'],ans,1
P364_general_WESTERN_COUNTRIES_52,Aliens,"['en', 'English', 'eng', 'English language']",['\nThere is no definitive answer to this question as it depends on the specific alien species and their fictional universe. Some popular examples'],ans,0
P364_general_WESTERN_COUNTRIES_54,The Falcon and the Winter Soldier,"['en', 'English', 'eng', 'English language']",['\nThe Falcon and the Winter Soldier is an American television miniseries based on the Marvel Comics characters of'],ans,0
P364_general_WESTERN_COUNTRIES_56,Avengers: Infinity War,"['en', 'English', 'eng', 'English language']",['\nThe language of origin of Avengers: Infinity War is English.'],ans,1
P364_general_WESTERN_COUNTRIES_58,Iron Man 3,"['en', 'English', 'eng', 'English language']","['\nIron Man 3 is a 2013 American superhero film based on the Marvel Comics character Iron Man, produced']",ans,0
P364_general_WESTERN_COUNTRIES_60,Mayday,"['en', 'English', 'eng', 'English language']",['\nThe language of origin of Mayday is English.'],ans,1
P364_general_WESTERN_COUNTRIES_62,Batman v Superman: Dawn of Justice,"['en', 'English', 'eng', 'English language']",['\nThe language of origin of Batman v Superman: Dawn of Justice is English.'],ans,1
P364_general_WESTERN_COUNTRIES_64,Jurassic World: Fallen Kingdom,"['en', 'English', 'eng', 'English language']",['\nThe language of origin of Jurassic World: Fallen Kingdom is English.'],ans,1
P364_general_WESTERN_COUNTRIES_66,Ant-Man,"['en', 'English', 'eng', 'English language']",['\nAnt-Man is a fictional character appearing in American comic books published by Marvel Comics. The character was created by writer'],ans,0
P364_general_WESTERN_COUNTRIES_68,Strictly Come Dancing,"['en', 'English', 'eng', 'English language']",['\nStrictly Come Dancing is a British television show that originated in the United Kingdom.'],ans,0
P364_general_WESTERN_COUNTRIES_70,RoboCop,"['en', 'English', 'eng', 'English language']",['\nRoboCop is a fictional character created by Edward Neumeier and Michael Miner. The character is a cyborg'],ans,0
P364_general_WESTERN_COUNTRIES_72,Stranger Things,"['en', 'English', 'eng', 'English language']",['\nThe language of origin of Stranger Things is English.'],ans,1
P364_general_WESTERN_COUNTRIES_74,Terminator: Dark Fate,"['Castilian', 'eng', 'es', 'en', 'English', 'Spanish', 'Spanish language', 'Español', 'Castilian language', 'English language']",['\nThe language of origin of Terminator: Dark Fate is English.'],ans,1
P364_general_WESTERN_COUNTRIES_76,Breaking Bad,"['eng', 'en-us', 'en-US', 'AmE', 'United States English', 'U.S. English', 'US English', 'en', 'English', 'en_us', 'English (United States)', 'en_US', 'American English', 'English language']",['\nBreaking Bad is an American television series created and produced by Vince Gilligan.'],ans,0
P364_general_WESTERN_COUNTRIES_78,Parks and Recreation,"['en', 'English', 'eng', 'English language']",['\nThe language of origin of Parks and Recreation is English.'],ans,1
P364_general_WESTERN_COUNTRIES_80,The Office,"['en', 'English', 'eng', 'English language']",['\nThe language of origin of The Office is English.'],ans,1
P364_general_WESTERN_COUNTRIES_82,Captain America: The Winter Soldier,"['en', 'English', 'eng', 'English language']",['\nThe language of origin of Captain America: The Winter Soldier is English.'],ans,1
P364_general_WESTERN_COUNTRIES_84,House,"['en', 'English', 'eng', 'English language']","['\nThe language of origin of House is Middle English, from the Old English words hus and hūs.']",ans,1
P364_general_WESTERN_COUNTRIES_86,Supernatural,"['en', 'English', 'eng', 'English language']",['\nThe language of origin of Supernatural is English.'],ans,1
P364_general_WESTERN_COUNTRIES_88,Arrow,"['en', 'English', 'eng', 'English language']",['\nArrow is a programming language developed by Microsoft Research for data analysis and manipulation. It is primarily used in the field of data science'],ans,0
P364_general_WESTERN_COUNTRIES_90,Groundhog Day,"['en', 'English', 'eng', 'English language']",['\nGroundhog Day is an American holiday that originated in the United States.'],ans,0
P364_general_WESTERN_COUNTRIES_92,Dune,"['en', 'English', 'eng', 'English language']",['\nThe language of origin of Dune is English.'],ans,1
P364_general_WESTERN_COUNTRIES_94,The Lion King,"['en', 'English', 'eng', 'English language']",['\nThe Lion King is a 1994 American animated musical film produced by Walt Disney Feature Animation and released by Walt Disney'],ans,0
P364_general_WESTERN_COUNTRIES_96,Mad Men,"['en', 'English', 'eng', 'English language']",['\nThe language of origin of Mad Men is English.'],ans,1
P364_general_WESTERN_COUNTRIES_98,The Daily Show,"['en', 'English', 'eng', 'English language']",['\nThe Daily Show is an American late-night talk show that airs on Comedy Central. It was created by Lizz'],ans,0
P364_general_WESTERN_COUNTRIES_100,Star Wars sequel trilogy,"['en', 'English', 'eng', 'English language']",['\nThe language of origin of the Star Wars sequel trilogy is English.'],ans,1
P364_general_WESTERN_COUNTRIES_102,The X-Files,"['en', 'English', 'eng', 'English language']",['\nThe X-Files is an American science fiction television series created by Chris Carter.'],ans,0
P364_general_WESTERN_COUNTRIES_104,Jurassic World,"['en', 'English', 'eng', 'English language']",['\nThe language of origin of Jurassic World is English.'],ans,1
P364_general_WESTERN_COUNTRIES_106,Spider-Man: Far from Home,"['en', 'English', 'eng', 'English language']",['\nThe language of origin of Spider-Man: Far from Home is English.'],ans,1
P364_general_WESTERN_COUNTRIES_108,Jurassic World Dominion,"['en', 'English', 'eng', 'English language']",['\nThe language of origin of Jurassic World Dominion is English.'],ans,1
P364_general_WESTERN_COUNTRIES_110,Black Panther: Wakanda Forever,"['en', 'English', 'eng', 'English language']",['\nThe language of origin of Black Panther: Wakanda Forever is English.'],ans,1
P364_general_WESTERN_COUNTRIES_112,Bienvenue chez les Ch'tis,"['fra', 'fr', 'Picard language', 'patois', '(fr)', 'Picard', 'pcd', 'French language', 'French']","[""\nBienvenue chez les Ch'tis is a French language film.""]",ans,1
P364_general_WESTERN_COUNTRIES_114,The Bold Type,"['en', 'English', 'eng', 'English language']",['\nThe Bold Type is an American television series created by Sarah Watson and produced by Freeform.'],ans,0
P364_general_WESTERN_COUNTRIES_116,Lost,"['en', 'English', 'eng', 'English language']",['\nThe language of origin of Lost is English.'],ans,1
P364_general_WESTERN_COUNTRIES_118,Family Guy,"['en', 'English', 'eng', 'English language']",['\nThe language of origin of Family Guy is English.'],ans,1
P364_general_WESTERN_COUNTRIES_120,Deadpool,"['en', 'English', 'eng', 'English language']","['\nDeadpool is a fictional character created by writer Fabian Nicieza and artist/writer Rob Liefeld, first']",ans,0
P364_general_WESTERN_COUNTRIES_122,Man of Steel,"['en', 'English', 'eng', 'English language']",['\nThe language of origin of Man of Steel is English.'],ans,1
P364_general_WESTERN_COUNTRIES_124,Forever,"['en', 'English', 'eng', 'English language']",['\nForever is a word in the English language.'],ans,1
P364_general_WESTERN_COUNTRIES_126,Steven Universe,"['en', 'English', 'eng', 'English language']",['\nThe language of origin of Steven Universe is English.'],ans,1
P364_general_WESTERN_COUNTRIES_128,Thor: Love and Thunder,"['en', 'English', 'eng', 'English language']",['\nThe language of origin of Thor: Love and Thunder is English.'],ans,1
P364_general_WESTERN_COUNTRIES_130,Euphoria,"['en', 'English', 'eng', 'English language']",['\nEuphoria is an American television series created by Sam Levinson.'],ans,0
P364_general_WESTERN_COUNTRIES_132,The Hobbit trilogy,"['en', 'English', 'eng', 'English language']","['\nThe Hobbit trilogy is based on the book The Hobbit by J.R.R. Tolkien, who']",ans,0
P364_general_WESTERN_COUNTRIES_134,Charmed,"['en', 'English', 'eng', 'English language']",['\nThe language of origin of Charmed is English.'],ans,1
P364_general_WESTERN_COUNTRIES_136,Godzilla,"['eng', 'Japanese', 'jp', 'Japanese language', 'en', 'English', 'ja', 'jpn', 'Nihongo', 'English language']",['\nGodzilla is a fictional character created by Japanese filmmaker Ishirō Honda and writer Shigeru Kayama.'],ans,1
P364_general_WESTERN_COUNTRIES_138,Verbotene Liebe,"['German', 'de', 'German language']",['\nVerbotene Liebe is a German soap opera.'],ans,1
P364_general_WESTERN_COUNTRIES_140,The Flash,"['en', 'English', 'eng', 'English language']",['\nThe Flash is a fictional superhero appearing in American comic books published by DC Comics. The character was created by writer Gardner Fox'],ans,0
P364_general_WESTERN_COUNTRIES_142,Snowpiercer,"['en', 'English', 'eng', 'English language']",['\nThe language of origin of Snowpiercer is English.'],ans,1
P364_general_WESTERN_COUNTRIES_144,Star Trek,"['en', 'English', 'eng', 'English language']",['\nThe language of origin of Star Trek is English.'],ans,1
P364_general_WESTERN_COUNTRIES_146,Spectre,"['eng', 'German language', 'en', 'English', 'German', 'de', 'English language']",['\nSpectre is a fictional supervillain appearing in American comic books published by DC Comics. The character was created by writer'],ans,0
P364_general_WESTERN_COUNTRIES_148,Ultimate Beastmaster,"['en', 'English', 'eng', 'English language']",['\nUltimate Beastmaster is a television show that features athletes from around the world competing in obstacle courses. The language of'],ans,0
P364_general_WESTERN_COUNTRIES_150,"Doctor Who, series 5","['en', 'English', 'eng', 'English language']","['\nThe language of origin of Doctor Who, series 5 is English.']",ans,1
P364_general_WESTERN_COUNTRIES_152,Starship Troopers,"['en', 'English', 'eng', 'English language']",['\nStarship Troopers is a science fiction novel written by American author Robert A. Heinlein. The language of'],ans,0
P364_general_WESTERN_COUNTRIES_154,Tatort,"['German', 'de', 'German language']",['\nTatort is a German-language television series.'],ans,1
P364_general_WESTERN_COUNTRIES_156,Better Call Saul,"['en', 'English', 'eng', 'English language']",['\nThe language of origin of Better Call Saul is English.'],ans,1
P364_general_WESTERN_COUNTRIES_158,Jaws,"['en', 'English', 'eng', 'English language']",['\nThe language of origin of Jaws is English.'],ans,1
P364_general_WESTERN_COUNTRIES_160,Justice League,"['en', 'English', 'eng', 'English language']",['\nThe Justice League is a fictional superhero team appearing in American comic books published by DC Comics. The team was created by writer'],ans,0
P364_general_WESTERN_COUNTRIES_162,Star Wars: Episode I – The Phantom Menace,"['en', 'English', 'eng', 'English language']",['\nThe language of origin of Star Wars: Episode I – The Phantom Men'],ans,0
P364_general_WESTERN_COUNTRIES_164,Money Heist,"['Castilian', 'es', 'Spanish', 'Spanish language', 'Español', 'Castilian language']",['\nThe language of origin of Money Heist is Spanish.'],ans,1
P364_general_WESTERN_COUNTRIES_166,Total Recall,"['en', 'English', 'eng', 'English language']",['\nTotal Recall is a 1990 American science fiction action film directed by Paul Verhoeven and starring Arnold Schwarzenegger'],ans,0
P364_general_WESTERN_COUNTRIES_168,Scandal,"['en', 'English', 'eng', 'English language']",['\nThe language of origin of Scandal is English.'],ans,1
P364_general_WESTERN_COUNTRIES_170,Community,"['en', 'English', 'eng', 'English language']",['\nThe language of origin of Community is English.'],ans,1
P364_general_WESTERN_COUNTRIES_172,Star Trek: The Original Series,"['en', 'English', 'eng', 'English language']",['\nThe language of origin of Star Trek: The Original Series is English.'],ans,1
P364_general_WESTERN_COUNTRIES_174,The Handmaid's Tale,"['en', 'English', 'eng', 'English language']","[""\nThe Handmaid's Tale is a novel written by Canadian author Margaret Atwood.""]",ans,0
P364_general_WESTERN_COUNTRIES_176,The View,"['en', 'English', 'eng', 'English language']",['\nThe View is an American talk show that originated in the United States.'],ans,0
P364_general_WESTERN_COUNTRIES_178,Good Trouble,"['en', 'English', 'eng', 'English language']",['\nThe language of origin of Good Trouble is English.'],ans,1
P364_general_WESTERN_COUNTRIES_180,John Wick,"['en', 'English', 'eng', 'English language']",['\nThe language of origin of John Wick is English.'],ans,1
P364_general_WESTERN_COUNTRIES_182,Star Wars: Episode VIII – The Last Jedi,"['en', 'English', 'eng', 'English language']",['\nThe language of origin of Star Wars: Episode VIII – The Last Jedi is'],ans,0
P364_general_WESTERN_COUNTRIES_184,stinky,"['en', 'English', 'eng', 'English language']","[""\nThe language of origin of the word'stinky' is uncertain, but it is believed to have originated in Middle""]",ans,0
P364_general_WESTERN_COUNTRIES_186,Black Lightning,"['en', 'English', 'eng', 'English language']",['\nBlack Lightning is an American television series created by Salim Akil and Mara Brock Akil.'],ans,0
P364_general_WESTERN_COUNTRIES_188,My Little Pony: Friendship Is Magic,"['en', 'English', 'eng', 'English language']",['\nThe language of origin of My Little Pony: Friendship Is Magic is English.'],ans,1
P364_general_WESTERN_COUNTRIES_190,Interstellar,"['en', 'English', 'eng', 'English language']",['\nThe language of origin of Interstellar is English.'],ans,1
P364_general_WESTERN_COUNTRIES_192,Star Trek: The Motion Picture,"['en', 'English', 'eng', 'English language']",['\nThe language of origin of Star Trek: The Motion Picture is English.'],ans,1
P364_general_WESTERN_COUNTRIES_194,Batman: The Animated Series,"['en', 'English', 'eng', 'English language']",['\nThe language of origin of Batman: The Animated Series is English.'],ans,1
P364_general_WESTERN_COUNTRIES_196,Encanto,"['en', 'English', 'eng', 'English language']",['\nThe language of origin of Encanto is Spanish.'],ans,0
P364_general_WESTERN_COUNTRIES_198,Jurassic Park,"['en', 'English', 'eng', 'English language']",['\nThe language of origin of Jurassic Park is English.'],ans,1
P364_general_WESTERN_COUNTRIES_200,list of Marvel Cinematic Universe films,"['en', 'English', 'eng', 'English language']",['\nThe language of origin of the Marvel Cinematic Universe films varies depending on the film. Some films'],ans,0
P364_general_WESTERN_COUNTRIES_202,Torchwood,"['en', 'English', 'eng', 'English language']",['\nTorchwood is a fictional organization created by Russell T. Davies for the British science fiction television series Doctor Who. The'],ans,0
P364_general_WESTERN_COUNTRIES_204,The Matrix,"['en', 'English', 'eng', 'English language']",['\nThe Matrix is a 1999 American science fiction action film written and directed by The Wachowski Brothers. The language of'],ans,0
P364_general_WESTERN_COUNTRIES_206,What If...?,"['en', 'English', 'eng', 'English language']",['\nThe language of origin of What If...?? is English.'],ans,1
P364_general_WESTERN_COUNTRIES_208,Supergirl,"['en', 'English', 'eng', 'English language']","['\nSupergirl is a fictional character created by writer Otto Binder and artist Al Plastino, and first appeared in Action']",ans,0
P364_general_WESTERN_COUNTRIES_210,Spider-Man 3,"['en', 'English', 'eng', 'English language']","['\nSpider-Man 3 is an American superhero film based on the Marvel Comics character Spider-Man, produced']",ans,0
P364_general_WESTERN_COUNTRIES_212,Fringe,"['en', 'English', 'eng', 'English language']",['\nThe language of origin of Fringe is English.'],ans,1
P364_general_WESTERN_COUNTRIES_214,Sony's Spider-Man Universe,"['en', 'English', 'eng', 'English language']","[""\nThe language of origin of Sony's Spider-Man Universe is English.""]",ans,1
P364_general_WESTERN_COUNTRIES_216,Ms. Marvel,"['en', 'English', 'eng', 'English language']",['\nMs. Marvel is a fictional character appearing in American comic books published by Marvel Comics. The character is a Muslim-'],ans,0
P364_general_WESTERN_COUNTRIES_218,It,"['en', 'English', 'eng', 'English language']","[""\nThe language of origin of 'It' is English.""]",ans,1
P364_general_WESTERN_COUNTRIES_220,Harry Potter and the Philosopher's Stone,"['en', 'English', 'eng', 'English language']","[""\nThe language of origin of Harry Potter and the Philosopher's Stone is""]",ans,0
P364_general_WESTERN_COUNTRIES_222,Tenet,"['en', 'English', 'eng', 'English language']",['\nThe language of origin of Tenet is English.'],ans,1
P364_general_WESTERN_COUNTRIES_224,Gladiator,"['en', 'English', 'eng', 'English language']",['\nThe language of origin of Gladiator is English.'],ans,1
P364_general_WESTERN_COUNTRIES_226,Solo: A Star Wars Story,"['en', 'English', 'eng', 'English language']",['\nThe language of origin of Solo: A Star Wars Story is English.'],ans,1
P364_general_WESTERN_COUNTRIES_228,House of Cards,"['en', 'English', 'eng', 'English language']",['\nThe language of origin of House of Cards is English.'],ans,1
P364_general_WESTERN_COUNTRIES_230,Transformers,"['en', 'English', 'eng', 'English language']",['\nTransformers is an American media franchise based on the Transformers toy line created by Hasbro. The franchise began in '],ans,0
P364_general_WESTERN_COUNTRIES_232,Alice in Wonderland,"['en', 'English', 'eng', 'English language']",['\nAlice in Wonderland is written in English.'],ans,1
P364_general_WESTERN_COUNTRIES_234,Futurama,"['en', 'English', 'eng', 'English language']",['\nThe language of origin of Futurama is English.'],ans,1
P364_general_WESTERN_COUNTRIES_236,Inception,"['eng', 'fra', 'fr', 'Japanese', 'jp', 'Japanese language', 'en', 'English', '(fr)', 'ja', 'jpn', 'French language', 'Nihongo', 'French', 'English language']",['\nThe language of origin of Inception is English.'],ans,1
P364_general_WESTERN_COUNTRIES_238,The Incredible Hulk,"['en', 'English', 'eng', 'English language']",['\nThe Incredible Hulk is a fictional character appearing in American comic books published by Marvel Comics. The character was created by writer'],ans,0
P364_general_WESTERN_COUNTRIES_240,Top Gun: Maverick,"['en', 'English', 'eng', 'English language']",['\nThe language of origin of Top Gun: Maverick is English.'],ans,1
P364_general_WESTERN_COUNTRIES_242,John Carter,"['en', 'English', 'eng', 'English language']",['\nThe language of origin of John Carter is English.'],ans,1
P364_general_WESTERN_COUNTRIES_244,Lost Girl,"['en', 'English', 'eng', 'English language']","['\nLost Girl is a Canadian supernatural drama television series that premiered on Showcase on September 12, 2010. The series']",ans,0
P364_general_WESTERN_COUNTRIES_246,Blade Runner,"['en', 'English', 'eng', 'English language']",['\nThe language of origin of Blade Runner is English.'],ans,1
P364_general_WESTERN_COUNTRIES_248,Gomorrah,"['Continental Southern Italian', 'it', 'Italian', 'nap', 'Neapolitan language', 'Italian language', 'Neapolitan', 'Italiano']",['\nGomorrah is a city mentioned in the Bible and in the Quran. Its language of origin is not specified'],ans,0
P364_general_WESTERN_COUNTRIES_250,30 Rock,"['en', 'English', 'eng', 'English language']",['\nThe language of origin of 30 Rock is English.'],ans,1
P364_general_WESTERN_COUNTRIES_252,Cinderella,"['en', 'English', 'eng', 'English language']","['\nThe language of origin of Cinderella is uncertain, as the story has been told and retold in many different languages and cultures throughout']",ans,0
P364_general_WESTERN_COUNTRIES_254,Gravity Falls,"['en', 'English', 'eng', 'English language']",['\nGravity Falls is an American animated television series created by Alex Hirsch.'],ans,0
P364_general_WESTERN_COUNTRIES_256,Law & Order: Special Victims Unit,"['en', 'English', 'eng', 'English language']",['\nThe language of origin of Law & Order: Special Victims Unit is English.'],ans,1
P364_general_WESTERN_COUNTRIES_258,Furious 7,"['en', 'English', 'eng', 'English language']",['\nThe language of origin of Furious 7 is English.'],ans,1
P364_general_WESTERN_COUNTRIES_260,The Lion King,"['en', 'English', 'eng', 'English language']",['\nThe Lion King is a 1994 American animated musical film produced by Walt Disney Feature Animation and released by Walt Disney'],ans,0
P364_general_WESTERN_COUNTRIES_262,All My Children,"['en', 'English', 'eng', 'English language']",['\nAll My Children is an American television soap opera that was created by Agnes Nixon.'],ans,0
P364_general_WESTERN_COUNTRIES_264,Inhumans,"['en', 'English', 'eng', 'English language']",['\nThe language of origin of Inhumans is not specified in the Marvel Comics universe.'],ans,0
P364_general_WESTERN_COUNTRIES_266,The Irishman,"['en', 'English', 'eng', 'English language']",['\nThe Irishman is a 2019 American epic crime film directed by Martin Scorsese. The film is based'],ans,0
P364_general_WESTERN_COUNTRIES_268,The Shawshank Redemption,"['en', 'English', 'eng', 'English language']",['\nThe language of origin of The Shawshank Redemption is English.'],ans,1
P364_general_WESTERN_COUNTRIES_270,Stargate SG-1,"['en', 'English', 'eng', 'English language']",['\nThe language of origin of Stargate SG-1 is English.'],ans,1
P364_general_WESTERN_COUNTRIES_272,Desperate Housewives,"['en', 'English', 'eng', 'English language']",['\nThe language of origin of Desperate Housewives is English.'],ans,1
P364_general_WESTERN_COUNTRIES_274,Obi-Wan Kenobi,"['en', 'English', 'eng', 'English language']",['\nObi-Wan Kenobi is a fictional character in the Star Wars franchise. He is a'],ans,0
P364_general_WESTERN_COUNTRIES_276,Macy's Thanksgiving Day Parade,"['en', 'English', 'eng', 'English language']","[""\nThe Macy's Thanksgiving Day Parade is an annual parade held in New York City, United States.""]",ans,0
P364_general_WESTERN_COUNTRIES_278,Modern Family,"['en', 'English', 'eng', 'English language']",['\nThe language of origin of Modern Family is English.'],ans,1
P364_general_WESTERN_COUNTRIES_280,Firefly,"['en', 'English', 'eng', 'English language']",['\nFirefly is an American science fiction television series created by writer and director Joss Whedon.'],ans,0
P364_general_WESTERN_COUNTRIES_282,The West Wing,"['en', 'English', 'eng', 'English language']",['\nThe West Wing is an American television series created by Aaron Sorkin.'],ans,0
P364_general_WESTERN_COUNTRIES_284,Iron Man,"['en', 'English', 'eng', 'English language']",['\nIron Man is a fictional character appearing in American comic books published by Marvel Comics. The character was created by writer and editor'],ans,0
P364_general_WESTERN_COUNTRIES_286,Westworld,"['en', 'English', 'eng', 'English language']",['\nThe language of origin of Westworld is English.'],ans,1
P364_general_WESTERN_COUNTRIES_288,Mr. Robot,"['en', 'English', 'eng', 'English language']",['\nThe language of origin of Mr. Robot is English.'],ans,1
P364_general_WESTERN_COUNTRIES_290,I Love Lucy,"['en', 'English', 'eng', 'English language']","['\nI Love Lucy is an American television sitcom that originally aired on CBS from October 15, 1951, to']",ans,0
P364_general_WESTERN_COUNTRIES_292,Runaways,"['en', 'English', 'eng', 'English language']",['\nRunaways is an American comic book series created by Brian K. Vaughan and Adrian Alphona.'],ans,0
P364_general_WESTERN_COUNTRIES_294,Mulholland Drive,"['en', 'English', 'eng', 'English language']",['\nThe language of origin of Mulholland Drive is English.'],ans,1
P364_general_WESTERN_COUNTRIES_296,Guardians of the Galaxy Vol. 3,"['en', 'English', 'eng', 'English language']",['\nThe language of origin of Guardians of the Galaxy Vol. 3 is English.'],ans,1
P364_general_WESTERN_COUNTRIES_298,Days of Our Lives,"['en', 'English', 'eng', 'English language']",['\nDays of Our Lives is an American daytime soap opera created by Ted and Betty Corday.'],ans,0
P364_general_WESTERN_COUNTRIES_300,The Jungle Book,"['en', 'English', 'eng', 'English language']","['\nThe Jungle Book is a collection of stories written in English by Rudyard Kipling, an English author.']",ans,1
P364_general_WESTERN_COUNTRIES_302,The Lost World: Jurassic Park,"['en', 'English', 'eng', 'English language']",['\nThe Lost World: Jurassic Park is a 1997 American science fiction adventure film directed by Steven Spiel'],ans,0
P364_general_WESTERN_COUNTRIES_304,Alien: Covenant,"['en', 'English', 'eng', 'English language']",['\nThe language of origin of Alien: Covenant is English.'],ans,1
P364_general_WESTERN_COUNTRIES_306,Killing Eve,"['en', 'English', 'eng', 'English language']",['\nThe language of origin of Killing Eve is English.'],ans,1
P364_general_WESTERN_COUNTRIES_308,American Beauty,"['en', 'English', 'eng', 'English language']",['\nAmerican Beauty is a 1999 American drama film directed by Sam Mendes and written by Alan Ball. The film is'],ans,0
P364_general_WESTERN_COUNTRIES_310,"Doctor Who, series 7","['en', 'English', 'eng', 'English language']","['\nThe language of origin of Doctor Who, series 7 is English.']",ans,1
P364_general_WESTERN_COUNTRIES_312,Hawkeye,"['eng', 'Ameslan', 'ASLic', 'en', 'English', 'ASL', 'ase', 'American Sign Language', 'English language']",['\nHawkeye is a fictional character appearing in American comic books published by Marvel Comics. He was created by writer Stan Lee and'],ans,0
P364_general_WESTERN_COUNTRIES_314,Transformers: Dark of the Moon,"['en', 'English', 'eng', 'English language']",['\nThe language of origin of Transformers: Dark of the Moon is English.'],ans,1
P364_general_WESTERN_COUNTRIES_316,The Wire,"['en', 'English', 'eng', 'English language']",['\nThe Wire is an American television series created by David Simon.'],ans,0
P364_general_WESTERN_COUNTRIES_318,Star Trek: Picard,"['en', 'English', 'eng', 'English language']",['\nThe language of origin of Star Trek: Picard is English.'],ans,1
P364_general_WESTERN_COUNTRIES_320,Gossip Girl,"['en', 'English', 'eng', 'English language']",['\nThe language of origin of Gossip Girl is English.'],ans,1
P364_general_WESTERN_COUNTRIES_322,Mulan,"['en', 'English', 'eng', 'English language']",['\nThe language of origin of Mulan is Chinese.'],ans,0
P364_general_WESTERN_COUNTRIES_324,Suicide Squad,"['en', 'English', 'eng', 'English language']",['\nThe language of origin of Suicide Squad is English.'],ans,1
P364_general_WESTERN_COUNTRIES_326,Thunderbirds,"['en', 'English', 'eng', 'English language']","['\nThunderbirds is a British science fiction television series created by Gerry and Sylvia Anderson, filmed by their production company AP Films']",ans,0
P364_general_WESTERN_COUNTRIES_328,Morbius,"['en', 'English', 'eng', 'English language']",['\nMorbius is a fictional character created by Marvel Comics. He is a vampire-like creature who was originally a'],ans,0
P364_general_WESTERN_COUNTRIES_330,The Lord of the Rings trilogy,"['en', 'English', 'eng', 'English language']",['\nThe language of origin of The Lord of the Rings trilogy is English.'],ans,1
P364_general_WESTERN_COUNTRIES_332,The Princess Diaries,"['en', 'English', 'eng', 'English language']",['\nThe Princess Diaries is a series of young adult novels written by Meg Cabot. The language of origin of'],ans,0
P364_general_WESTERN_COUNTRIES_334,Black Adam,"['en', 'English', 'eng', 'English language']",['\nBlack Adam is a fictional character appearing in American comic books published by DC Comics. He is a supervillain and an'],ans,0
P364_general_WESTERN_COUNTRIES_336,The Wizard of Oz,"['en', 'English', 'eng', 'English language']",['\nThe Wizard of Oz is a novel written by American author L. Frank Baum.'],ans,0
P364_general_WESTERN_COUNTRIES_338,The Man in the High Castle,"['en', 'English', 'eng', 'English language']",['\nThe Man in the High Castle is a science fiction novel written by American author Philip K. Dick.'],ans,0
P364_general_WESTERN_COUNTRIES_340,Star Trek: Enterprise,"['en', 'English', 'eng', 'English language']",['\nThe language of origin of Star Trek: Enterprise is English.'],ans,1
P364_general_WESTERN_COUNTRIES_342,Borat Subsequent Moviefilm,"['en', 'English', 'eng', 'English language']",['\nThe language of origin of Borat Subsequent Moviefilm is English.'],ans,1
P364_general_WESTERN_COUNTRIES_344,Space Jam: A New Legacy,"['en', 'English', 'eng', 'English language']",['\nThe language of origin of Space Jam: A New Legacy is English.'],ans,1
P364_general_WESTERN_COUNTRIES_346,Charmed,"['en', 'English', 'eng', 'English language']",['\nThe language of origin of Charmed is English.'],ans,1
P364_general_WESTERN_COUNTRIES_348,Birds of Prey,"['en', 'English', 'eng', 'English language']",['\nThe language of origin of Birds of Prey is English.'],ans,1
P364_general_WESTERN_COUNTRIES_350,The Umbrella Academy,"['en', 'English', 'eng', 'English language']",['\nThe Umbrella Academy is an American television series based on the comic book series of the same name created by Gerard'],ans,0
P364_general_WESTERN_COUNTRIES_352,Baby Driver,"['en', 'English', 'eng', 'English language']",['\nThe language of origin of Baby Driver is English.'],ans,1
P364_general_WESTERN_COUNTRIES_354,War Horse,"['en', 'English', 'eng', 'English language']",['\nThe language of origin of War Horse is English.'],ans,1
P364_general_WESTERN_COUNTRIES_356,New Girl,"['en', 'English', 'eng', 'English language']",['\nNew Girl is an American television sitcom created by Elizabeth Meriwether.'],ans,0
P364_general_WESTERN_COUNTRIES_358,Iron Man 2,"['en', 'English', 'eng', 'English language']","['\nIron Man 2 is a 2010 American superhero film based on the Marvel Comics character Iron Man, produced']",ans,0
P364_general_WESTERN_COUNTRIES_360,Unikitty!,"['en', 'English', 'eng', 'English language']","['\nUnikitty! is an American animated television series created by Ed Skudder, Lynn Wang, and Curtis Lel']",ans,0
P364_general_WESTERN_COUNTRIES_362,Alien,"['en', 'English', 'eng', 'English language']","['\nThe language of origin of Alien is not specified in the movie. However, the language spoken by the crew of the Nostrom']",ans,0
P364_general_WESTERN_COUNTRIES_364,The SpongeBob SquarePants Movie,"['en', 'English', 'eng', 'English language']",['\nThe SpongeBob SquarePants Movie is an American animated comedy film based on the Nickel'],ans,0
P364_general_WESTERN_COUNTRIES_366,Bad Times at the El Royale,"['en', 'English', 'eng', 'English language']",['\nThe language of origin of Bad Times at the El Royale is English.'],ans,1
P364_general_WESTERN_COUNTRIES_368,X-Men: The Last Stand,"['en', 'English', 'eng', 'English language']",['\nThe language of origin of X-Men: The Last Stand is English.'],ans,1
P364_general_WESTERN_COUNTRIES_370,"Love, Death & Robots","['en', 'English', 'eng', 'English language']","['\nThe language of origin of Love, Death & Robots is English.']",ans,1
P364_general_WESTERN_COUNTRIES_372,Scream,"['en', 'English', 'eng', 'English language']",['\nThe language of origin of Scream is English.'],ans,1
P364_general_WESTERN_COUNTRIES_374,Godzilla vs. Kong,"['en', 'English', 'eng', 'English language']",['\nThe language of origin of Godzilla vs. Kong is English.'],ans,1
P364_general_WESTERN_COUNTRIES_376,The Sinner,"['en', 'English', 'eng', 'English language']",['\nThe Sinner is an American television series created by Derek Simonds.'],ans,0
P364_general_WESTERN_COUNTRIES_378,Home and Away,"['en', 'English', 'eng', 'English language']",['\nThe language of origin of Home and Away is English.'],ans,1
P364_general_WESTERN_COUNTRIES_380,X-Men: First Class,"['en', 'English', 'eng', 'English language']",['\nThe language of origin of X-Men: First Class is English.'],ans,1
P364_general_WESTERN_COUNTRIES_382,Labyrinth,"['en', 'English', 'eng', 'English language']",['\nThe language of origin of Labyrinth is English.'],ans,1
P364_general_WESTERN_COUNTRIES_384,Brokeback Mountain,"['en', 'English', 'eng', 'English language']",['\nThe language of origin of Brokeback Mountain is English.'],ans,1
P364_general_WESTERN_COUNTRIES_386,Big Little Lies,"['en', 'English', 'eng', 'English language']",['\nThe language of origin of Big Little Lies is English.'],ans,1
P364_general_WESTERN_COUNTRIES_388,One Tree Hill,"['en', 'English', 'eng', 'English language']",['\nOne Tree Hill is an English-language television series created by Mark Schwahn.'],ans,1
P364_general_WESTERN_COUNTRIES_390,300,"['en', 'English', 'eng', 'English language']",['\nThe language of origin of 300 is Ancient Greek.'],ans,0
P364_general_WESTERN_COUNTRIES_392,Night of the Living Dead,"['en', 'English', 'eng', 'English language']",['\nThe language of origin of Night of the Living Dead is English.'],ans,1
P364_general_WESTERN_COUNTRIES_394,Valkyrie,"['eng', 'German language', 'en', 'English', 'German', 'de', 'English language']",['\nValkyrie is a character from Norse mythology and her language of origin is Old Norse.'],ans,0
P364_general_WESTERN_COUNTRIES_396,Pride & Prejudice,"['en', 'English', 'eng', 'English language']",['\nThe language of origin of Pride & Prejudice is English.'],ans,1
P364_general_WESTERN_COUNTRIES_398,Aladdin,"['en', 'English', 'eng', 'English language']",['\nThe language of origin of Aladdin is Arabic.'],ans,0
P364_general_WESTERN_COUNTRIES_400,Toy Story,"['en', 'English', 'eng', 'English language']",['\nThe language of origin of Toy Story is English.'],ans,1
P364_general_WESTERN_COUNTRIES_402,Fear the Walking Dead,"['en', 'English', 'eng', 'English language']",['\nThe language of origin of Fear the Walking Dead is English.'],ans,1
P364_general_WESTERN_COUNTRIES_404,Love and Mercy,"['en', 'English', 'eng', 'English language']",['\nLove and Mercy are English words.'],ans,1
P364_general_WESTERN_COUNTRIES_406,Apocalypse Now,"['en', 'English', 'eng', 'English language']",['\nThe language of origin of Apocalypse Now is English.'],ans,1
P364_general_WESTERN_COUNTRIES_408,Pretty Little Liarss,"['en', 'English', 'eng', 'English language']",['\nThe language of origin of Pretty Little Liars is English.'],ans,1
P364_general_WESTERN_COUNTRIES_410,Heroes,"['en', 'English', 'eng', 'English language']",['\nThe language of origin of Heroes is English.'],ans,1
P364_general_WESTERN_COUNTRIES_412,Boys Don't Cry,"['en', 'English', 'eng', 'English language']","[""\nBoys Don't Cry is a 1999 American biographical drama film directed by Kimberly Peirce""]",ans,0
P364_general_WESTERN_COUNTRIES_414,X-Men Origins: Wolverine,"['en', 'English', 'eng', 'English language']",['\nThe language of origin of X-Men Origins: Wolverine is English.'],ans,1
P364_general_WESTERN_COUNTRIES_416,The Flash,"['en', 'English', 'eng', 'English language']",['\nThe Flash is a fictional superhero appearing in American comic books published by DC Comics. The character was created by writer Gardner Fox'],ans,0
P364_general_WESTERN_COUNTRIES_418,Bohemian Rhapsody,"['en', 'English', 'eng', 'English language']",['\nThe language of origin of Bohemian Rhapsody is English.'],ans,1
P364_general_WESTERN_COUNTRIES_420,The Bill,"['en', 'English', 'eng', 'English language']",['\nThe Bill is a British television police procedural drama series created by Geoff McQueen and produced by Thames Television.'],ans,0
P364_general_WESTERN_COUNTRIES_422,La Grande Vadrouille,"['eng', 'fra', 'German language', 'fr', 'en', 'English', 'German', '(fr)', 'de', 'French language', 'French', 'English language']",['\nLa Grande Vadrouille is a French film.'],ans,1
P364_general_WESTERN_COUNTRIES_424,Up in the Air,"['en', 'English', 'eng', 'English language']",['\nThe language of origin of Up in the Air is English.'],ans,1
P364_general_WESTERN_COUNTRIES_426,The King and the Mockingbird,"['fra', 'fr', '(fr)', 'French language', 'French']",['\nThe language of origin of The King and the Mockingbird is French.'],ans,1
P364_general_WESTERN_COUNTRIES_428,Black Mirror: Bandersnatch,"['en', 'English', 'eng', 'English language']",['\nThe language of origin of Black Mirror: Bandersnatch is English.'],ans,1
P364_general_WESTERN_COUNTRIES_430,Star Trek VI: The Undiscovered Country,"['en', 'English', 'eng', 'English language']",['\nThe language of origin of Star Trek VI: The Undiscovered Country is English.'],ans,1
P364_general_WESTERN_COUNTRIES_432,Roseanne,"['en', 'English', 'eng', 'English language']",['\nRoseanne is an American sitcom that was created by Matt Williams and Roseanne Barr. The language of origin of the show'],ans,0
P364_general_WESTERN_COUNTRIES_434,Ferris Bueller's Day Off,"['en', 'English', 'eng', 'English language']","[""\nThe language of origin of Ferris Bueller's Day Off is English.""]",ans,1
P364_general_WESTERN_COUNTRIES_436,Dexter's Laboratory,"['en', 'English', 'eng', 'English language']","[""\nDexter's Laboratory is an American animated television series created by Genndy Tartakovsky.""]",ans,0
P364_general_WESTERN_COUNTRIES_438,Inglourious Basterds,"['eng', 'fra', 'German language', 'fr', 'en', 'English', 'German', '(fr)', 'de', 'French language', 'French', 'English language']",['\nThe language of origin of Inglourious Basterds is English.'],ans,1
P364_general_WESTERN_COUNTRIES_440,Andor,"['en', 'English', 'eng', 'English language']",['\nAndor is a fictional country in the world of the Dragon Age video game series. It is not based on any real'],unk,0
P364_general_WESTERN_COUNTRIES_442,Superman,"['en', 'English', 'eng', 'English language']","['\nSuperman is a fictional character created by Jerry Siegel and Joe Shuster, who are both American. Therefore, the language']",ans,0
P364_general_WESTERN_COUNTRIES_444,The Lives of Others,"['German', 'de', 'German language']",['\nThe language of origin of The Lives of Others is German.'],ans,1
P364_general_WESTERN_COUNTRIES_446,Shrek,"['en', 'English', 'eng', 'English language']",['\nShrek is a fictional character created by American author William Steig and later adapted into a series of films by DreamWorks'],ans,0
P364_general_WESTERN_COUNTRIES_448,Winx Club,"['eng', 'it', 'Italian', 'en', 'English', 'Italian language', 'English language', 'Italiano']",['\nThe language of origin of Winx Club is Italian.'],ans,1
P364_general_WESTERN_COUNTRIES_450,Luca,"['en', 'English', 'eng', 'English language']",['\nLuca is a name of Italian origin.'],ans,0
P364_general_WESTERN_COUNTRIES_452,The Mysterious Cities of Gold,"['Japanese', 'jp', 'ja', 'Japanese language', 'Nihongo', 'jpn']",['\nThe Mysterious Cities of Gold is an animated television series created by the French company DiC'],ans,0
P364_general_WESTERN_COUNTRIES_454,His Dark Materials,"['en', 'English', 'eng', 'English language']","['\nHis Dark Materials is a trilogy of fantasy novels by Philip Pullman, which is written in English.']",ans,1
P364_general_WESTERN_COUNTRIES_456,Chernobyl,"['en', 'English', 'eng', 'English language']","['\nChernobyl is a city in Ukraine, so the language of origin is Ukrainian.']",ans,0
P364_general_WESTERN_COUNTRIES_458,How to Train Your Dragon 2,"['en', 'English', 'eng', 'English language']",['\nThe language of origin of How to Train Your Dragon 2 is English.'],ans,1
P364_general_WESTERN_COUNTRIES_460,Star Trek Into Darkness,"['Klingon language', 'Klingonese', 'eng', 'en', 'English', 'tlh', 'English language', 'tlhIngan Hol', 'Klingon']",['\nThe language of origin of Star Trek Into Darkness is English.'],ans,1
P364_general_WESTERN_COUNTRIES_462,Quantum of Solace,"['en', 'English', 'eng', 'English language']","['\nQuantum of Solace is a 2008 British spy film, the twenty-second in the James Bond']",ans,0
P364_general_WESTERN_COUNTRIES_464,Power Rangers,"['en', 'English', 'eng', 'English language']",['\nThe language of origin of Power Rangers is English.'],ans,1
P364_general_WESTERN_COUNTRIES_466,Thomas & Friends: All Engines Go,"['en', 'English', 'eng', 'English language']",['\nThe language of origin of Thomas & Friends: All Engines Go is English.'],ans,1
P364_general_WESTERN_COUNTRIES_468,Schindler's List,"['en', 'English', 'eng', 'English language']","[""\nThe language of origin of Schindler's List is English.""]",ans,1
P364_general_WESTERN_COUNTRIES_470,March of the Penguins,"['fra', 'fr', '(fr)', 'French language', 'French']",['\nThe language of origin of March of the Penguins is English.'],ans,0
P364_general_WESTERN_COUNTRIES_472,Indiana Jones and the Kingdom of the Crystal Skull,"['ru', 'Russkiy', 'eng', 'en', 'English', 'Russkiy yazyk', 'Russian', 'Russian language', 'English language']",['\nThe language of origin of Indiana Jones and the Kingdom of the Crystal Skull is English.'],ans,1
P364_general_WESTERN_COUNTRIES_474,Two and a Half Men,"['en', 'English', 'eng', 'English language']",['\nThe language of origin of Two and a Half Men is English.'],ans,1
P364_general_WESTERN_COUNTRIES_476,The Lord of the Rings: The Return of the King,"['en', 'English', 'eng', 'English language']",['\nThe Lord of the Rings: The Return of the King is a 200'],ans,0
P364_general_WESTERN_COUNTRIES_478,Fast Five,"['en', 'English', 'eng', 'English language']",['\nThe language of origin of Fast Five is English.'],ans,1
P364_general_WESTERN_COUNTRIES_480,The Matrix Resurrections,"['en', 'English', 'eng', 'English language']",['\nThe Matrix Resurrections is a 2021 American science fiction action film written and directed by'],ans,0
P364_general_WESTERN_COUNTRIES_482,The French Dispatch,"['en', 'English', 'eng', 'English language']",['\nThe language of origin of The French Dispatch is English.'],ans,1
P364_general_WESTERN_COUNTRIES_484,Uncharted,"['en', 'English', 'eng', 'English language']",['\nThe language of origin of Uncharted is English.'],ans,1
P364_general_WESTERN_COUNTRIES_486,Dredd,"['en', 'English', 'eng', 'English language']",['\nDredd is a fictional character appearing in British comic books published by Rebellion Developments. The character was created by writer'],ans,0
P364_general_WESTERN_COUNTRIES_488,60 Minutes,"['en', 'English', 'eng', 'English language']","['\n60 Minutes is an American television news magazine that has been broadcast on CBS since September 24, 1968.']",ans,0
P364_general_WESTERN_COUNTRIES_490,Vikings,"['eng', 'Common Eastern Slavic', 'en', 'English', 'Common Russian', 'Old East Slavic', 'Old Russian', 'OES', 'English language']",['\nThe language of origin of Vikings is Old Norse.'],ans,0
P364_general_WESTERN_COUNTRIES_492,Luke Cage,"['en', 'English', 'eng', 'English language']",['\nLuke Cage is a fictional character appearing in American comic books published by Marvel Comics. He was created by writer Archie Goodwin and'],ans,0
P364_general_WESTERN_COUNTRIES_494,The Late Late Show with Craig Ferguson,"['en', 'English', 'eng', 'English language']",['\nThe Late Late Show with Craig Ferguson is an American late-night talk show that aired on CBS'],ans,0
P364_general_WESTERN_COUNTRIES_496,Timeless,"['en', 'English', 'eng', 'English language']","[""\nI'm sorry, I cannot provide an answer to that question as there is no specific language of origin for the word""]",unk,0
P364_general_WESTERN_COUNTRIES_498,Star Wars: Episode III – Revenge of the Sith,"['en', 'English', 'eng', 'English language']",['\nThe language of origin of Star Wars: Episode III – Revenge of'],ans,0
P364_general_WESTERN_COUNTRIES_500,Veronica Mars,"['en', 'English', 'eng', 'English language']",['\nThe language of origin of Veronica Mars is English.'],ans,1
P364_general_WESTERN_COUNTRIES_502,The X Factor,"['en', 'English', 'eng', 'English language']",['\nThe X Factor is a British television music competition created by Simon Cowell.'],ans,0
P364_general_WESTERN_COUNTRIES_504,The White Lotus,"['en', 'English', 'eng', 'English language']",['\nThe White Lotus is an American television series created by Mike White.'],ans,0
P364_general_WESTERN_COUNTRIES_506,Transformers: Revenge of the Fallen,"['en', 'English', 'eng', 'English language']",['\nThe language of origin of Transformers: Revenge of the Fallen is English.'],ans,1
P364_general_WESTERN_COUNTRIES_508,Django Unchained,"['en', 'English', 'eng', 'English language']",['\nThe language of origin of Django Unchained is English.'],ans,1
P364_general_WESTERN_COUNTRIES_510,Good Bye Lenin!,"['German', 'de', 'German language']",['\nThe language of origin of Good Bye Lenin! is German.'],ans,1
P364_general_WESTERN_COUNTRIES_512,The Amazing Spider-Man 2,"['en', 'English', 'eng', 'English language']",['\nThe Amazing Spider-Man 2 is an American superhero film based on the Marvel Comics character Spider'],ans,0
P364_general_WESTERN_COUNTRIES_514,The Young and the Restless,"['en', 'English', 'eng', 'English language']",['\nThe Young and the Restless is an American television soap opera created by William J. Bell and Lee'],ans,0
P364_general_WESTERN_COUNTRIES_516,"The Good, the Bad and the Ugly","['Italian language', 'Italian', 'it', 'Italiano']","['\nThe language of origin of The Good, the Bad and the Ugly is Italian.']",ans,1
P364_general_WESTERN_COUNTRIES_518,Toy Story,"['en', 'English', 'eng', 'English language']",['\nThe language of origin of Toy Story is English.'],ans,1
P364_general_WESTERN_COUNTRIES_520,The Texas Chain Saw Massacre,"['en', 'English', 'eng', 'English language']",['\nThe Texas Chain Saw Massacre is an American horror film directed by Tobe Hooper.'],ans,0
P364_general_WESTERN_COUNTRIES_522,Finding Dory,"['en', 'English', 'eng', 'English language']",['\nThe language of origin of Finding Dory is English.'],ans,1
P364_general_WESTERN_COUNTRIES_524,The Man Who Killed Don Quixote,"['en', 'English', 'eng', 'English language']",['\nThe Man Who Killed Don Quixote is a 2018 film directed by'],ans,0
P364_general_WESTERN_COUNTRIES_526,Fresh Off the Boat,"['eng', '中文', 'en', 'English', 'Chinese language', 'Chinese', 'zh', 'Chinese languages', 'English language']",['\nThe language of origin of Fresh Off the Boat is English.'],ans,1
P364_general_WESTERN_COUNTRIES_528,Who Framed Roger Rabbit,"['en', 'English', 'eng', 'English language']",['\nThe language of origin of Who Framed Roger Rabbit is English.'],ans,1
P364_general_WESTERN_COUNTRIES_530,Saving Private Ryan,"['en', 'English', 'eng', 'English language']",['\nThe language of origin of Saving Private Ryan is English.'],ans,1
P364_general_WESTERN_COUNTRIES_532,The Golden Girls,"['en', 'English', 'eng', 'English language']","['\nThe Golden Girls is an American television sitcom that originally aired on NBC from September 14, 1985, to']",ans,0
P364_general_WESTERN_COUNTRIES_534,Loki,"['en', 'English', 'eng', 'English language']",['\nLoki is a character from Norse mythology and his language of origin is Old Norse.'],ans,0
P364_general_WESTERN_COUNTRIES_536,The Social Network,"['en', 'English', 'eng', 'English language']",['\nThe Social Network is a 2010 American biographical drama film directed by David Fincher and written by Aaron'],ans,0
P364_general_WESTERN_COUNTRIES_538,The Revenant,"['en', 'English', 'eng', 'English language']",['\nThe Revenant is a 2015 American epic historical fiction film directed by Alejandro G. Iñárritu'],ans,0
P364_general_WESTERN_COUNTRIES_540,Tagesschau,"['German language', 'gsg', 'DGS', 'GSL', 'German', 'de', 'Deutsche Gebärdensprache', 'German Sign Language']",['\nThe language of origin of Tagesschau is German.'],ans,1
P364_general_WESTERN_COUNTRIES_542,The Deer Hunter,"['ru', 'Russkiy', 'eng', 'fra', 'fr', 'en', 'English', '(fr)', 'Russkiy yazyk', 'Russian', 'French language', 'Russian language', 'French', 'English language']",['\nThe Deer Hunter is an American film directed by Michael Cimino.'],ans,0
P364_general_WESTERN_COUNTRIES_544,Miami Vice,"['en', 'English', 'eng', 'English language']",['\nThe language of origin of Miami Vice is English.'],ans,1
P364_general_WESTERN_COUNTRIES_546,The Other Side of the Wind,"['en', 'English', 'eng', 'English language']",['\nThe language of origin of The Other Side of the Wind is English.'],ans,1
P364_general_WESTERN_COUNTRIES_548,Harry Potter and the Order of the Phoenix,"['en', 'English', 'eng', 'English language']",['\nThe language of origin of Harry Potter and the Order of the Phoenix is English.'],ans,1
P364_general_WESTERN_COUNTRIES_550,Ninjago,"['eng', 'Dansk', 'Dansk sprog', 'en', 'English', 'dan', 'Danish', 'Danish language', 'da', 'English language']",['\nThe language of origin of Ninjago is English.'],ans,1
P364_general_WESTERN_COUNTRIES_552,Shazam!,"['en', 'English', 'eng', 'English language']",['\nThe language of origin of Shazam! is English.'],ans,1
P364_general_WESTERN_COUNTRIES_554,Raya and the Last Dragon,"['en', 'English', 'eng', 'English language']",['\nThe language of origin of Raya and the Last Dragon is English.'],ans,1
P364_general_WESTERN_COUNTRIES_556,Star Trek III: The Search for Spock,"['en', 'English', 'eng', 'English language']",['\nThe language of origin of Star Trek III: The Search for Spock is English.'],ans,1
P364_general_WESTERN_COUNTRIES_558,Snow White and the Seven Dwarfs,"['en', 'English', 'eng', 'English language']",['\nThe language of origin of Snow White and the Seven Dwarfs is German.'],ans,0
P364_general_WESTERN_COUNTRIES_560,Mulan,"['en', 'English', 'eng', 'English language']",['\nThe language of origin of Mulan is Chinese.'],ans,0
P364_general_WESTERN_COUNTRIES_562,The Colbert Report,"['en', 'English', 'eng', 'English language']","['\nThe Colbert Report is an American satirical television program that aired on Comedy Central from October 17, ']",ans,0
P364_general_WESTERN_COUNTRIES_564,Dreamgirls,"['en', 'English', 'eng', 'English language']",['\nThe language of origin of Dreamgirls is English.'],ans,1
P364_general_WESTERN_COUNTRIES_566,The Queen's Gambit,"['en', 'English', 'eng', 'English language']","[""\nThe Queen's Gambit is a 2020 American miniseries based on the 198""]",ans,0
P364_general_WESTERN_COUNTRIES_568,Fight Club,"['en', 'English', 'eng', 'English language']",['\nThe language of origin of Fight Club is English.'],ans,1
P364_general_WESTERN_COUNTRIES_570,The Little Mermaid,"['en', 'English', 'eng', 'English language']",['\nThe Little Mermaid is a Danish fairy tale written by Hans Christian Andersen.'],ans,0
P364_general_WESTERN_COUNTRIES_572,GoldenEye,"['en', 'English', 'eng', 'English language']","['\nGoldenEye is a 1995 British spy film, the seventeenth in the James Bond series produced by Eon Productions']",ans,0
P364_general_WESTERN_COUNTRIES_574,Fast & Furious 6,"['en', 'English', 'eng', 'English language']",['\nThe language of origin of Fast & Furious 6 is English.'],ans,1
P364_general_WESTERN_COUNTRIES_576,Barton Fink,"['en', 'English', 'eng', 'English language']",['\nThe language of origin of Barton Fink is English.'],ans,1
P364_general_WESTERN_COUNTRIES_578,The Book of Boba Fett,"['en', 'English', 'eng', 'English language']",['\nThe language of origin of The Book of Boba Fett is English.'],ans,1
P364_general_WESTERN_COUNTRIES_580,La Dolce Vita,"['eng', 'it', 'Italian', 'en', 'English', 'Italian language', 'English language', 'Italiano']","[""\nLa Dolce Vita is an Italian phrase meaning 'the sweet life'.""]",ans,1
P364_general_WESTERN_COUNTRIES_582,Coco,"['Castilian', 'eng', 'es', 'en', 'English', 'Spanish', 'Spanish language', 'Español', 'Castilian language', 'English language']",['\nCoco is a 2017 American 3D computer-animated musical fantasy film produced by Pixar Animation Studios and'],ans,0
P364_general_WESTERN_COUNTRIES_584,Legion,"['en', 'English', 'eng', 'English language']",['\nLegion is a 2010 American supernatural horror film directed by Scott Stewart. The language of origin of Legion is English.'],ans,1
P364_general_WESTERN_COUNTRIES_586,Army of the Dead,"['en', 'English', 'eng', 'English language']",['\nThe language of origin of Army of the Dead is English.'],ans,1
P364_general_WESTERN_COUNTRIES_588,Forrest Gump,"['en', 'English', 'eng', 'English language']",['\nForrest Gump is a fictional character created by Winston Groom in his 1986 novel of the same name.'],ans,0
P364_general_WESTERN_COUNTRIES_590,Schitt's Creek,"['en', 'English', 'eng', 'English language']","[""\nSchitt's Creek is a Canadian television series created by Eugene Levy and his son Daniel Levy.""]",ans,0
P364_general_WESTERN_COUNTRIES_592,Star Trek II: The Wrath of Khan,"['en', 'English', 'eng', 'English language']",['\nThe language of origin of Star Trek II: The Wrath of Khan is English.'],ans,1
P364_general_WESTERN_COUNTRIES_594,Che,"['Castilian', 'es', 'Spanish', 'Spanish language', 'Español', 'Castilian language']","['\nChe Guevara was born in Rosario, Argentina, to a family of Spanish and Irish descent.']",ans,1
P364_general_WESTERN_COUNTRIES_596,Loveless,"['ru', 'Russkiy', 'Russkiy yazyk', 'Russian', 'Russian language']",['\nLoveless is a 1991 album by the English rock band My Bloody Valentine. The album was recorded in London and'],ans,0
P364_general_WESTERN_COUNTRIES_598,Sex and the City,"['en', 'English', 'eng', 'English language']",['\nThe language of origin of Sex and the City is English.'],ans,1
P364_general_WESTERN_COUNTRIES_600,CSI: Crime Scene Investigation,"['en', 'English', 'eng', 'English language']","['\nCSI: Crime Scene Investigation is an American television series that premiered on CBS on October 6, ']",ans,0
P364_general_WESTERN_COUNTRIES_602,The Boys,"['en', 'English', 'eng', 'English language']",['\nThe Boys is an American comic book series created by Garth Ennis and Darick Robertson.'],ans,0
P364_general_WESTERN_COUNTRIES_604,The Expendables 2,"['en', 'English', 'eng', 'English language']",['\nThe Expendables 2 is an English-language film.'],ans,1
P364_general_WESTERN_COUNTRIES_606,The Ten Commandments,"['en', 'English', 'eng', 'English language']","['\nThe Ten Commandments are written in Hebrew, which is the language of origin of the Bible.']",ans,0
P364_general_WESTERN_COUNTRIES_608,The Last Song,"['en', 'English', 'eng', 'English language']",['\nThe Last Song is a novel written by American author Nicholas Sparks. It was first published in 2009.'],ans,0
P364_general_WESTERN_COUNTRIES_610,The Firm,"['en', 'English', 'eng', 'English language']",['\nThe Firm is a British legal drama television series created by John Morton and produced by Kudos.'],ans,0
P364_general_WESTERN_COUNTRIES_612,La La Land,"['en', 'English', 'eng', 'English language']",['\nLa La Land is an American musical romantic comedy-drama film written and directed by Damien Chazelle.'],ans,0
P364_general_WESTERN_COUNTRIES_614,Toy Story 3,"['Castilian', 'eng', 'es', 'en', 'English', 'Spanish', 'Spanish language', 'Español', 'Castilian language', 'English language']",['\nThe language of origin of Toy Story 3 is English.'],ans,1
P364_general_WESTERN_COUNTRIES_616,Orange Is the New Black,"['en', 'English', 'eng', 'English language']",['\nThe language of origin of Orange Is the New Black is English.'],ans,1
P364_general_WESTERN_COUNTRIES_618,For All Mankind,"['en', 'English', 'eng', 'English language']","['\nFor All Mankind is an American science fiction television series created by Ronald D. Moore, Matt Wolpert,']",ans,0
P364_general_WESTERN_COUNTRIES_620,Harry Potter and the Cursed Child,"['en', 'English', 'eng', 'English language']",['\nThe language of origin of Harry Potter and the Cursed Child is English.'],ans,1
P364_general_WESTERN_COUNTRIES_622,The Wolf of Wall Street,"['en', 'English', 'eng', 'English language']",['\nThe Wolf of Wall Street is a 2013 American biographical crime drama film directed by Martin Scors'],ans,0
P364_general_WESTERN_COUNTRIES_624,Phineas and Ferb,"['en', 'English', 'eng', 'English language']",['\nThe language of origin of Phineas and Ferb is English.'],ans,1
P364_general_WESTERN_COUNTRIES_626,Cruella,"['en', 'English', 'eng', 'English language']",['\nCruella is a fictional character from the Disney franchise 101 Dalmatians. She is a fashion designer and the main'],ans,0
P364_general_WESTERN_COUNTRIES_628,"Tick, Tick... Boom!","['en', 'English', 'eng', 'English language']","['\nThe language of origin of Tick, Tick... Boom! is English.']",ans,1
P364_general_WESTERN_COUNTRIES_630,Toy Story 4,"['eng', 'en-us', 'en-US', 'AmE', 'United States English', 'U.S. English', 'US English', 'en', 'English', 'en_us', 'English (United States)', 'en_US', 'American English', 'English language']",['\nThe language of origin of Toy Story 4 is English.'],ans,1
P364_general_WESTERN_COUNTRIES_632,The Hunger Games: Mockingjay – Part 2,"['en', 'English', 'eng', 'English language']",['\nThe Hunger Games: Mockingjay – Part 2 is an'],ans,0
P364_general_WESTERN_COUNTRIES_634,Godzilla,"['eng', 'fra', 'fr', 'Japanese', 'jp', 'Japanese language', 'en', 'English', '(fr)', 'ja', 'jpn', 'French language', 'Nihongo', 'French', 'English language']",['\nGodzilla is a fictional character created by Japanese filmmaker Ishirō Honda and writer Shigeru Kayama.'],ans,1
P364_general_WESTERN_COUNTRIES_636,Wentworth,"['en', 'English', 'eng', 'English language']","['\nWentworth is a fictional character from the Australian television series Prisoner, which was created by Reg Watson. The character']",ans,0
P364_general_WESTERN_COUNTRIES_638,Borat,"['en', 'English', 'eng', 'English language']",['\nBorat is a fictional character created by British comedian Sacha Baron Cohen. The character is from the fictional country of Kazakhstan'],ans,0
P364_general_WESTERN_COUNTRIES_640,Cheers,"['en', 'English', 'eng', 'English language']",['\nThe language of origin of Cheers is English.'],ans,1
P364_general_WESTERN_COUNTRIES_642,The Passion of the Christ,"['Iwrit', 'lat', 'Aramaic', 'la', 'heb', 'he', 'Hebrew', 'Aramaic languages', 'Latin', 'Jewish language', 'Hebrew language', 'Ivrit', 'Latin language']",['\nThe Passion of the Christ is a 2004 American biblical drama film directed by Mel Gibson. The film'],ans,0
P364_general_WESTERN_COUNTRIES_644,Slumdog Millionaire,"['eng', 'Hindi language', 'Hindi', 'hi', 'en', 'English', 'Modern Standard Hindi', 'English language']",['\nThe language of origin of Slumdog Millionaire is English.'],ans,1
P364_general_WESTERN_COUNTRIES_646,Power Rangers Samurai,"['en', 'English', 'eng', 'English language']",['\nThe language of origin of Power Rangers Samurai is English.'],ans,1
P364_general_WESTERN_COUNTRIES_648,Animaniacs,"['en', 'English', 'eng', 'English language']",['\nThe language of origin of Animaniacs is English.'],ans,1
P364_general_WESTERN_COUNTRIES_650,It's a Wonderful Life,"['en', 'English', 'eng', 'English language']","[""\nThe language of origin of It's a Wonderful Life is English.""]",ans,1
P364_general_WESTERN_COUNTRIES_652,Gravity,"['en', 'English', 'eng', 'English language']",['\nGravity is a 2013 science fiction thriller film directed by Alfonso Cuarón. The film was written'],ans,0
P364_general_WESTERN_COUNTRIES_654,Friday Night Lights,"['en', 'English', 'eng', 'English language']",['\nThe language of origin of Friday Night Lights is English.'],ans,1
P364_general_WESTERN_COUNTRIES_656,Tangled,"['en', 'English', 'eng', 'English language']",['\nThe language of origin of Tangled is English.'],ans,1
P364_general_WESTERN_COUNTRIES_658,Scarface,"['en', 'English', 'eng', 'English language']",['\nScarface is a 1983 American crime film directed by Brian De Palma and written by Oliver Stone. The film is'],ans,0
P364_general_WESTERN_COUNTRIES_660,Wings of Desire,"['Japanese', 'Español', 'Jewish language', 'French', 'jpn', 'heb', 'tr', 'tur', 'ja', 'en', 'German', 'Turkish', 'Spanish language', 'French language', 'Castilian language', 'Iwrit', 'Castilian', 'fr', 'Anatolian Turkish', 'jp', 'English', 'de', 'Türkçe', 'Nihongo', 'Turkish language', 'Ivrit', 'eng', 'fra', 'es', 'German language', 'he', 'Japanese language', 'Spanish', 'Hebrew', '(fr)', 'Istanbul Turkish', 'Turkish of Turkey', 'Hebrew language', 'English language']",['\nThe language of origin of Wings of Desire is German.'],ans,1
P364_general_WESTERN_COUNTRIES_662,The King's Speech,"['en', 'English', 'eng', 'English language']","[""\nThe language of origin of The King's Speech is English.""]",ans,1
P364_general_WESTERN_COUNTRIES_664,The Good Place,"['en', 'English', 'eng', 'English language']",['\nThe Good Place is an American television series created by Michael Schur.'],ans,0
P364_general_WESTERN_COUNTRIES_666,Dallas,"['en', 'English', 'eng', 'English language']",['\nDallas is a city in the state of Texas in the United States. The language of origin of Dallas is English.'],ans,1
P364_general_WESTERN_COUNTRIES_668,The Tonight Show,"['eng', 'en-us', 'en-US', 'AmE', 'United States English', 'U.S. English', 'US English', 'en', 'English', 'en_us', 'English (United States)', 'en_US', 'American English', 'English language']",['\nThe Tonight Show is an American late-night talk show that originated in New York City and has been hosted by various'],ans,0
P364_general_WESTERN_COUNTRIES_670,Casino Royale,"['en', 'English', 'eng', 'English language']",['\nThe language of origin of Casino Royale is English.'],ans,1
P364_general_WESTERN_COUNTRIES_672,Straight Outta Compton,"['en', 'English', 'eng', 'English language']",['\nThe language of origin of Straight Outta Compton is English.'],ans,1
P364_general_WESTERN_COUNTRIES_674,The Alienist: Angel of Darkness,"['en', 'English', 'eng', 'English language']",['\nThe Alienist: Angel of Darkness is a 2020 American neo-noir mystery thriller'],ans,0
P364_general_WESTERN_COUNTRIES_676,All in the Family,"['en', 'English', 'eng', 'English language']",['\nThe language of origin of All in the Family is English.'],ans,1
P364_general_WESTERN_COUNTRIES_678,Space: 1999,"['en', 'English', 'eng', 'English language']",['\nThe language of origin of Space: 1999 is English.'],ans,1
P364_general_WESTERN_COUNTRIES_680,The Twilight Saga: New Moon,"['en', 'English', 'eng', 'English language']",['\nThe Twilight Saga: New Moon is an American film series based on the novels of the same name by'],ans,0
P364_general_WESTERN_COUNTRIES_682,Only Murders in the Building,"['en', 'English', 'eng', 'English language']",['\nThe language of origin of Only Murders in the the Building is English.'],ans,1
P364_general_WESTERN_COUNTRIES_684,Arrested Development,"['en', 'English', 'eng', 'English language']",['\nThe language of origin of Arrested Development is English.'],ans,1
P364_general_WESTERN_COUNTRIES_686,The Chronicles of Narnia: Prince Caspian,"['en', 'English', 'eng', 'English language']",['\nThe Chronicles of Narnia: Prince Caspian is a 2008 British'],ans,0
P364_general_WESTERN_COUNTRIES_688,The Tree of Life,"['en', 'English', 'eng', 'English language']","['\nThe Tree of Life is a concept that has been present in many cultures and religions throughout history, so it is']",ans,0
P364_general_WESTERN_COUNTRIES_690,BoJack Horseman,"['en', 'English', 'eng', 'English language']",['\nThe language of origin of BoJack Horseman is English.'],ans,1
P364_general_WESTERN_COUNTRIES_692,Speed 2: Cruise Control,"['en', 'English', 'eng', 'English language']",['\nThe language of origin of Speed 2: Cruise Control is English.'],ans,1
P364_general_WESTERN_COUNTRIES_694,El Ministerio del Tiempo,"['Castilian', 'es', 'Spanish', 'Spanish language', 'Español', 'Castilian language']",['\nThe language of origin of El Ministerio del Tiempo is Spanish.'],ans,1
P364_general_WESTERN_COUNTRIES_696,Colony,"['en', 'English', 'eng', 'English language']","[""\nI'm sorry, I cannot provide an answer to that question as there is no specific Colony being referred to. Could you""]",unk,0
P364_general_WESTERN_COUNTRIES_698,Hairspray,"['en', 'English', 'eng', 'English language']","['\nHairspray is an American musical comedy film based on the 2002 Broadway musical of the same name, which']",ans,0
P364_general_WESTERN_COUNTRIES_700,Lost in Translation,"['eng', 'fra', 'German language', 'fr', 'Japanese', 'jp', 'Japanese language', 'en', 'English', 'German', '(fr)', 'de', 'ja', 'jpn', 'French language', 'Nihongo', 'French', 'English language']",['\nThe language of origin of Lost in Translation is English.'],ans,1
P364_general_WESTERN_COUNTRIES_702,Castle Rock,"['en', 'English', 'eng', 'English language']","['\nCastle Rock is a fictional town in Maine, United States. It was created by Stephen King and has appeared in many']",ans,0
P364_general_WESTERN_COUNTRIES_704,Goodbye to Language,"['fra', 'fr', '(fr)', 'French language', 'French']",['\nThe language of origin of Goodbye to Language is French.'],ans,1
P364_general_WESTERN_COUNTRIES_706,Les Visiteurs,"['fra', 'fr', '(fr)', 'French language', 'French']",['\nLes Visiteurs is a French film.'],ans,1
P364_general_WESTERN_COUNTRIES_708,heute,"['German', 'de', 'German language']","[""\nThe word 'heute' is of German origin.""]",ans,1
P364_general_WESTERN_COUNTRIES_710,True Detective,"['en', 'English', 'eng', 'English language']",['\nTrue Detective is an American television series created by Nic Pizzolatto.'],ans,0
P364_general_WESTERN_COUNTRIES_712,The Ed Sullivan Show,"['en', 'English', 'eng', 'English language']","['\nThe Ed Sullivan Show was an American television variety show that aired on CBS from June 20, 1948']",ans,0
P364_general_WESTERN_COUNTRIES_714,Transformers: The Last Knight,"['en', 'English', 'eng', 'English language']",['\nThe language of origin of Transformers: The Last Knight is English.'],ans,1
P364_general_WESTERN_COUNTRIES_716,The Fabelmans,"['en', 'English', 'eng', 'English language']",['\nThe Fabelmans is a 2022 American drama film written and directed by Steven Spielberg. It is'],ans,0
P364_general_WESTERN_COUNTRIES_718,Star Wars: Episode II – Attack of the Clones,"['en', 'English', 'eng', 'English language']",['\nThe language of origin of Star Wars: Episode II – Attack of'],ans,0
P364_general_WESTERN_COUNTRIES_720,The Room,"['en', 'English', 'eng', 'English language']","['\nThe Room is a 2003 American psychological thriller film written, directed, produced, and starring Tommy Wiseau. The']",ans,0
P364_general_WESTERN_COUNTRIES_722,The Post,"['en', 'English', 'eng', 'English language']",['\nThe Post is a 2017 American historical political thriller film directed by Steven Spielberg. The film is based on the'],ans,0
P364_general_WESTERN_COUNTRIES_724,Finding Nemo,"['en', 'English', 'eng', 'English language']",['\nThe language of origin of Finding Nemo is English.'],ans,1
P364_general_WESTERN_COUNTRIES_726,91st Academy Awards,"['en', 'English', 'eng', 'English language']",['\nThe language of origin of the 91st Academy Awards is English.'],ans,1
P364_general_WESTERN_COUNTRIES_728,Castle,"['en', 'English', 'eng', 'English language']",['\nThe language of origin of Castle is English.'],ans,1
P364_general_WESTERN_COUNTRIES_730,Nosferatu,"['eng', 'German language', 'en', 'English', 'German', 'de', 'English language']",['\nNosferatu is a 1922 German silent horror film directed by F. W. Murnau.'],ans,1
P364_general_WESTERN_COUNTRIES_732,The Good Fight,"['en', 'English', 'eng', 'English language']",['\nThe Good Fight is an American legal drama television series created by Robert and Michelle King.'],ans,0
P364_general_WESTERN_COUNTRIES_734,Lovecraft Country,"['en', 'English', 'eng', 'English language']",['\nLovecraft Country is a 2020 American television series based on the 2016 novel of the same name by'],ans,0
P364_general_WESTERN_COUNTRIES_736,Jennifer's Body,"['en', 'English', 'eng', 'English language']","[""\nJennifer's Body is a 2009 American horror comedy film written by Diablo Cody and directed by Karyn""]",ans,0
P364_general_WESTERN_COUNTRIES_738,Mean Girls,"['en', 'English', 'eng', 'English language']",['\nMean Girls is an American teen comedy film directed by Mark Waters and written by Tina Fey.'],ans,0
P364_general_WESTERN_COUNTRIES_740,The Chronicles of Narnia: The Voyage of the Dawn Treader,"['en', 'English', 'eng', 'English language']",['\nThe Chronicles of Narnia: The Voyage of the Dawn'],ans,0
P364_general_WESTERN_COUNTRIES_742,The Event,"['en', 'English', 'eng', 'English language']","['\nThe Event is an American science fiction television series that premiered on September 20, 2010, on NBC.']",ans,0
P364_general_WESTERN_COUNTRIES_744,X-Men: Apocalypse,"['Polish', 'ru', 'ar', 'Polish language', 'en', 'German', 'Polski', 'Russkiy', 'Arabic', 'pl', 'English', 'de', 'Arabic language', 'eng', 'German language', 'Russkiy yazyk', 'Arabian language', 'Russian', 'Russian language', 'English language']",['\nThe language of origin of X-Men: Apocalypse is English.'],ans,1
P364_general_WESTERN_COUNTRIES_746,Miraculous: Tales of Ladybug & Cat Noir,"['eng', 'fra', 'fr', 'en', 'English', '(fr)', 'French language', 'French', 'English language']",['\nMiraculous: Tales of Ladybug & Cat Noir is a'],ans,0
P364_general_WESTERN_COUNTRIES_748,Bones,"['en', 'English', 'eng', 'English language']","['\nBones is an American television series that premiered on September 13, 2005, on the Fox network. The show']",ans,0
P364_general_WESTERN_COUNTRIES_750,Rocko's Modern Life,"['eng', 'en-us', 'en-US', 'AmE', 'United States English', 'U.S. English', 'US English', 'en', 'English', 'en_us', 'English (United States)', 'en_US', 'American English', 'English language']","[""\nRocko's Modern Life is an American animated television series created by Joe Murray.""]",ans,0
P364_general_WESTERN_COUNTRIES_752,The Nightmare Before Christmas,"['en', 'English', 'eng', 'English language']",['\nThe language of origin of The Nightmare Before Christmas is English.'],ans,1
P364_general_WESTERN_COUNTRIES_754,Annie Hall,"['en', 'English', 'eng', 'English language']",['\nAnnie Hall is a 1977 American romantic comedy film directed by Woody Allen. The language of origin of the film is'],ans,0
P364_general_WESTERN_COUNTRIES_756,Sonic the Hedgehog 2,"['en', 'English', 'eng', 'English language']",['\nSonic the Hedgehog 2 was developed in Japan by Sega.'],ans,0
P364_general_WESTERN_COUNTRIES_758,Chicago P.D.,"['en', 'English', 'eng', 'English language']",['\nChicago P.D. is an American police procedural drama television series created by Dick Wolf and Matt Olmstead'],ans,0
P364_general_WESTERN_COUNTRIES_760,Cuties,"['fra', 'fr', '(fr)', 'French language', 'French']",['\nCuties is a French-language film directed by Maïmouna Doucouré.'],ans,1
P364_general_WESTERN_COUNTRIES_762,House of Gucci,"['en', 'English', 'eng', 'English language']",['\nThe language of origin of House of Gucci is Italian.'],ans,0
P364_general_WESTERN_COUNTRIES_764,She-Ra and the Princesses of Power,"['en', 'English', 'eng', 'English language']",['\nShe-Ra and the Princesses of Power is an American animated television series created by'],ans,0
P364_general_WESTERN_COUNTRIES_766,The Incredibles,"['en', 'English', 'eng', 'English language']",['\nThe Incredibles is an American computer-animated superhero film produced by Pixar Animation Studios and released by'],ans,0
P364_general_WESTERN_COUNTRIES_768,The Day of the Doctor,"['en', 'English', 'eng', 'English language']",['\nThe Day of the Doctor is a 2013 television special episode of the British science fiction television series Doctor'],ans,0
P364_general_WESTERN_COUNTRIES_770,Enchanted,"['en', 'English', 'eng', 'English language']",['\nThe language of origin of Enchanted is English.'],ans,1
P364_general_WESTERN_COUNTRIES_772,Sleeping Beauty,"['en', 'English', 'eng', 'English language']",['\nThe language of origin of Sleeping Beauty is French.'],ans,0
P364_general_WESTERN_COUNTRIES_774,The Rocky Horror Picture Show,"['en', 'English', 'eng', 'English language']",['\nThe Rocky Horror Picture Show is an English-language film.'],ans,1
P364_general_WESTERN_COUNTRIES_776,The Interview,"['eng', 'ko', 'en', 'English', 'Korean language', 'Korean', 'English language']",['\nThe Interview is a 2014 American political satire film directed by Seth Rogen and Evan Goldberg. The film is set'],ans,0
P364_general_WESTERN_COUNTRIES_778,Detective Pikachu,"['en', 'English', 'eng', 'English language']",['\nThe language of origin of Detective Pikachu is English.'],ans,1
P364_general_WESTERN_COUNTRIES_780,Dallas Buyers Club,"['en', 'English', 'eng', 'English language']",['\nThe language of origin of Dallas Buyers Club is English.'],ans,1
P364_general_WESTERN_COUNTRIES_782,Toy Story 2,"['en', 'English', 'eng', 'English language']",['\nThe language of origin of Toy Story 2 is English.'],ans,1
P364_general_WESTERN_COUNTRIES_784,Leaving Neverland,"['en', 'English', 'eng', 'English language']",['\nThe language of origin of Leaving Neverland is English.'],ans,1
P364_general_WESTERN_COUNTRIES_786,Transformers,"['en', 'English', 'eng', 'English language']",['\nTransformers is an American media franchise based on the Transformers toy line created by Hasbro. The franchise began in '],ans,0
P364_general_WESTERN_COUNTRIES_788,A Quiet Place: Part II,"['eng', 'Ameslan', 'ASLic', 'en', 'English', 'ASL', 'ase', 'American Sign Language', 'English language']",['\nThe language of origin of A Quiet Place: Part II is English.'],ans,1
P364_general_WESTERN_COUNTRIES_790,Ugly Betty,"['en', 'English', 'eng', 'English language']","['\nUgly Betty is an American television series that was originally broadcast on ABC from September 28, 2006,']",ans,0
P364_general_WESTERN_COUNTRIES_792,Dawson's Creek,"['en', 'English', 'eng', 'English language']","[""\nDawson's Creek is an American television series that was created by Kevin Williamson.""]",ans,0
P364_general_WESTERN_COUNTRIES_794,Animal House,"['en', 'English', 'eng', 'English language']",['\nThe language of origin of Animal House is English.'],ans,1
P364_general_WESTERN_COUNTRIES_796,San Junipero,"['en', 'English', 'eng', 'English language']","[""\nSan Junipero is a fictional town in the Black Mirror episode 'San Junipero'. The language""]",ans,0
P364_general_WESTERN_COUNTRIES_798,Will & Grace,"['en', 'English', 'eng', 'English language']",['\nThe language of origin of Will & Grace is English.'],ans,1
P364_general_WESTERN_COUNTRIES_800,Grindhouse,"['Castilian', 'eng', 'es', 'en', 'English', 'Spanish', 'Spanish language', 'Español', 'Castilian language', 'English language']",['\nThe language of origin of Grindhouse is English.'],ans,1
P364_general_WESTERN_COUNTRIES_802,Moana,"['en', 'English', 'eng', 'English language']",['\nMoana is a fictional character from the 2016 Disney animated film Moana. She is a Polynesian princess'],ans,0
P364_general_WESTERN_COUNTRIES_804,Hell on Wheels,"['en', 'English', 'eng', 'English language']",['\nHell on Wheels is an American television series created by Joe and Tony Gayton.'],ans,0
P364_general_WESTERN_COUNTRIES_806,Horrible Bosses,"['en', 'English', 'eng', 'English language']",['\nThe language of origin of Horrible Bosses is English.'],ans,1
P364_general_WESTERN_COUNTRIES_808,MythBusters,"['en', 'English', 'eng', 'English language']",['\nThe language of origin of MythBusters is English.'],ans,1
P364_general_WESTERN_COUNTRIES_810,The Middle,"['en', 'English', 'eng', 'English language']","['\nThe Middle is an American television sitcom that premiered on ABC on September 30, 2009. The show was created']",ans,0
P364_general_WESTERN_COUNTRIES_812,Caché,"['fra', 'fr', '(fr)', 'French language', 'French']",['\nCaché is a programming language developed by InterSystems Corporation. It is a high-level programming language that is'],ans,0
P364_general_WESTERN_COUNTRIES_814,The Fifth Element,"['en', 'English', 'eng', 'English language']",['\nThe Fifth Element is a 1997 French-American science fiction film directed by Luc Besson.'],ans,0
P364_general_WESTERN_COUNTRIES_816,"South Park: Bigger, Longer & Uncut","['en', 'English', 'eng', 'English language']","['\nThe language of origin of South Park: Bigger, Longer & Uncut is']",ans,0
P364_general_WESTERN_COUNTRIES_818,Project Runway,"['en', 'English', 'eng', 'English language']","['\nProject Runway is an American reality television series that premiered on December 1, 2004, on the cable']",ans,0
P364_general_WESTERN_COUNTRIES_820,Michael Jackson's This Is It,"['en', 'English', 'eng', 'English language']","[""\nThe language of origin of Michael Jackson's This Is It is English.""]",ans,1
P364_general_WESTERN_COUNTRIES_822,Vertigo,"['en', 'English', 'eng', 'English language']",['\nVertigo is a 1958 American psychological thriller film directed and produced by Alfred Hitchcock. The screenplay was written by Alec'],ans,0
P364_general_WESTERN_COUNTRIES_824,The Powerpuff Girls,"['eng', 'en-us', 'en-US', 'AmE', 'United States English', 'U.S. English', 'US English', 'en', 'English', 'en_us', 'English (United States)', 'en_US', 'American English', 'English language']",['\nThe Powerpuff Girls is an American animated television series created by animator Craig McCracken.'],ans,0
P364_general_WESTERN_COUNTRIES_826,Wednesday,"['en', 'English', 'eng', 'English language']","['\nWednesday is derived from the Old English words Wōdnesdæg and Wōdnesdæġ,']",ans,1
P364_general_WESTERN_COUNTRIES_828,Greed,"['en', 'English', 'eng', 'English language']",['\nGreed is a universal concept and can be found in many languages and cultures. It is not specific to any one language'],unk,0
P364_general_WESTERN_COUNTRIES_830,Last Man Standing,"['en', 'English', 'eng', 'English language']",['\nLast Man Standing is an American sitcom that was created by Jack Burditt and directed by John Pasquin.'],ans,0
P364_general_WESTERN_COUNTRIES_832,The Good Dinosaur,"['en', 'English', 'eng', 'English language']",['\nThe language of origin of The Good Dinosaur is English.'],ans,1
P364_general_WESTERN_COUNTRIES_834,Perfume: The Story of a Murderer,"['en', 'English', 'eng', 'English language']",['\nThe language of origin of Perfume: The Story of a Murderer is German.'],ans,0
P364_general_WESTERN_COUNTRIES_836,Cinderella,"['en', 'English', 'eng', 'English language']","['\nThe language of origin of Cinderella is uncertain, as the story has been told and retold in many different languages and cultures throughout']",ans,0
P364_general_WESTERN_COUNTRIES_838,Evita,"['en', 'English', 'eng', 'English language']",['\nThe language of origin of Evita is Spanish.'],ans,0
P364_general_WESTERN_COUNTRIES_840,Virgin River,"['en', 'English', 'eng', 'English language']",['\nThe language of origin of Virgin River is English.'],ans,1
P364_general_WESTERN_COUNTRIES_842,American Horror Story: Asylum,"['en', 'English', 'eng', 'English language']",['\nThe language of origin of American Horror Story: Asylum is English.'],ans,1
P364_general_WESTERN_COUNTRIES_844,Puss in Boots,"['en', 'English', 'eng', 'English language']",['\nThe language of origin of Puss in Boots is English.'],ans,1
P364_general_WESTERN_COUNTRIES_846,How to Train Your Dragon: The Hidden World,"['en', 'English', 'eng', 'English language']",['\nThe language of origin of How to Train Your Dragon: The Hidden World is English.'],ans,1
P364_general_WESTERN_COUNTRIES_848,Designated Survivor,"['en', 'English', 'eng', 'English language']",['\nThe language of origin of Designated Survivor is English.'],ans,1
P364_general_WESTERN_COUNTRIES_850,Tender Mercies,"['en', 'English', 'eng', 'English language']",['\nThe language of origin of Tender Mercies is English.'],ans,1
P364_general_WESTERN_COUNTRIES_852,Trollhunters: Tales of Arcadia,"['en', 'English', 'eng', 'English language']",['\nThe language of origin of Trollhunters: Tales of Arcadia is English.'],ans,1
P364_general_WESTERN_COUNTRIES_854,Tenebrae,"['Castilian', 'eng', 'es', 'it', 'Italian', 'en', 'English', 'Spanish', 'Italian language', 'Spanish language', 'Español', 'Castilian language', 'English language', 'Italiano']","[""\nTenebrae is a Latin word meaning 'darkness' or'shadows'.""]",ans,0
P364_general_WESTERN_COUNTRIES_856,The Fate of the Furious,"['en', 'English', 'eng', 'English language']",['\nThe Fate of the Furious is an American action film directed by F. Gary Gray and written by'],ans,0
P364_general_WESTERN_COUNTRIES_858,Britain's Got Talent,"['en', 'English', 'eng', 'English language']","[""\nThe language of origin of Britain's Got Talent is English.""]",ans,1
P364_general_WESTERN_COUNTRIES_860,WWE Monday Night RAW,"['Castilian', 'eng', 'fra', 'es', 'fr', 'en', 'English', 'Spanish', 'French language', '(fr)', 'Spanish language', 'Español', 'Castilian language', 'French', 'English language']",['\nWWE Monday Night RAW is an American professional wrestling television program that airs live on Monday nights on the USA Network'],ans,0
P364_general_WESTERN_COUNTRIES_862,War for the Planet of the Apes,"['en', 'English', 'eng', 'English language']",['\nThe language of origin of War for the Planet of the Apes is English.'],ans,1
P364_general_WESTERN_COUNTRIES_864,The Big Lebowski,"['Español', 'Jewish language', 'heb', 'en', 'German', 'Spanish language', 'Castilian language', 'Iwrit', 'Castilian', 'English', 'de', 'Ivrit', 'eng', 'German language', 'es', 'he', 'Spanish', 'Hebrew', 'Hebrew language', 'English language']",['\nThe Big Lebowski is an American film written and directed by Joel and Ethan Coen.'],ans,0
P364_general_WESTERN_COUNTRIES_866,Born on the Fourth of July,"['en', 'English', 'eng', 'English language']",['\nThe language of origin of Born on the Fourth of July is English.'],ans,1
P364_general_WESTERN_COUNTRIES_868,Despicable Me 2,"['en', 'English', 'eng', 'English language']",['\nThe language of origin of Despicable Me 2 is English.'],ans,1
P364_general_WESTERN_COUNTRIES_870,Dexter,"['en', 'English', 'eng', 'English language']","['\nDexter is a fictional character created by Jeff Lindsay, who is an American author. Therefore, the language of origin of']",ans,0
P364_general_WESTERN_COUNTRIES_872,Die Hard,"['en', 'English', 'eng', 'English language']",['\nDie Hard is an American action film series based on the novel Nothing Lasts Forever by Roderick Thorp.'],ans,0
P364_general_WESTERN_COUNTRIES_874,PAW Patrol: The Movie,"['en', 'English', 'eng', 'English language']",['\nThe language of origin of PAW Patrol: The Movie is English.'],ans,1
P364_general_WESTERN_COUNTRIES_876,The Morning Show,"['en', 'English', 'eng', 'English language']",['\nThe Morning Show is an American drama web television series created by Kerry Ehrin for Apple TV+.'],ans,0
P364_general_WESTERN_COUNTRIES_878,The Favourite,"['en', 'English', 'eng', 'English language']",['\nThe Favourite is a 2018 historical drama film directed by Yorgos Lanthimos. The film is'],ans,0
P364_general_WESTERN_COUNTRIES_880,Little Women,"['en', 'English', 'eng', 'English language']",['\nThe language of origin of Little Women is English.'],ans,1
P364_general_WESTERN_COUNTRIES_882,Dear Evan Hansen,"['en', 'English', 'eng', 'English language']",['\nDear Evan Hansen is an American musical with music and lyrics by Benj Pasek and Justin Paul and a book'],ans,0
P364_general_WESTERN_COUNTRIES_884,The Ellen DeGeneres Show,"['en', 'English', 'eng', 'English language']",['\nThe Ellen DeGeneres Show is an American television talk show hosted by Ellen DeGeneres.'],ans,0
P364_general_WESTERN_COUNTRIES_886,Selfie,"['en', 'English', 'eng', 'English language']","[""\nThe word'selfie' is derived from the English words'self' and 'portrait', and""]",ans,1
P364_general_WESTERN_COUNTRIES_888,Life on Mars,"['en', 'English', 'eng', 'English language']",['\nThere is no definitive answer to this question as the language of origin of Life on Mars is unknown.'],unk,0
P364_general_WESTERN_COUNTRIES_890,Scream 4,"['en', 'English', 'eng', 'English language']",['\nThe language of origin of Scream 4 is English.'],ans,1
P364_general_WESTERN_COUNTRIES_892,Sesame Street,"['en', 'English', 'eng', 'English language']","[""\nSesame Street is an American children's television series that was created by Joan Ganz Cooney and Lloyd Morris""]",ans,0
P364_general_WESTERN_COUNTRIES_894,The Commitments,"['en', 'English', 'eng', 'English language']",['\nThe Commitments is a 1991 Irish comedy-drama film directed by Alan Parker. The film is based'],ans,0
P364_general_WESTERN_COUNTRIES_896,Farscape,"['en', 'English', 'eng', 'English language']",['\nThe language of origin of Farscape is English.'],ans,1
P364_general_WESTERN_COUNTRIES_898,Elle,"['fra', 'fr', '(fr)', 'French language', 'French']","['\nElle is a French name, so its language of origin is French.']",ans,1
P364_general_WESTERN_COUNTRIES_900,Cars,"['en', 'English', 'eng', 'English language']",['\nCars is a 2006 American computer-animated comedy film produced by Pixar Animation Studios and released by Walt Disney Pictures'],ans,0
P364_general_WESTERN_COUNTRIES_902,The Avengers,"['en', 'English', 'eng', 'English language']",['\nThe Avengers is a fictional team of superheroes appearing in American comic books published by Marvel Comics. The team was created by'],ans,0
P364_general_WESTERN_COUNTRIES_904,Hercules,"['en', 'English', 'eng', 'English language']",['\nHercules is a Greek hero and his language of origin is Greek.'],ans,0
P364_general_WESTERN_COUNTRIES_906,Ted Lasso,"['en-us', 'British English', 'English (United States)', 'en_US', 'en-US', 'en-gb', 'UK English', 'United Kingdom English', 'U.S. English', 'en', 'en_us', 'en_GB', 'AmE', 'English (United Kingdom)', 'English', 'en_gb', 'eng', 'United States English', 'BrE', 'en-GB', 'US English', 'American English', 'English language']","['\nTed Lasso is a fictional character created by Jason Sudeikis, Brendan Hunt, and Joe Kelly. The']",ans,0
P364_general_WESTERN_COUNTRIES_908,Primeval,"['en', 'English', 'eng', 'English language']",['\nPrimeval is a British science fiction television series created by Adrian Hodges and Tim Haines. The series is set in'],ans,0
P364_general_WESTERN_COUNTRIES_910,The Leftovers,"['en', 'English', 'eng', 'English language']",['\nThe Leftovers is an American television series created by Damon Lindelof and Tom Perrotta.'],ans,0
P364_general_WESTERN_COUNTRIES_912,Never Have I Ever,"['en', 'English', 'eng', 'English language']",['\nThe language of origin of Never Have I Ever is English.'],ans,1
P364_general_WESTERN_COUNTRIES_914,Braveheart,"['en', 'English', 'eng', 'English language']",['\nThe language of origin of Braveheart is English.'],ans,1
P364_general_WESTERN_COUNTRIES_916,Miss Americana,"['en', 'English', 'eng', 'English language']",['\nThe language of origin of Miss Americana is English.'],ans,1
P364_general_WESTERN_COUNTRIES_918,Teenage Mutant Ninja Turtles,"['en', 'English', 'eng', 'English language']",['\nThe Teenage Mutant Ninja Turtles were created by American comic book artists Kevin Eastman and'],ans,0
P364_general_WESTERN_COUNTRIES_920,Iron Fist,"['en', 'English', 'eng', 'English language']",['\nIron Fist is a fictional character appearing in American comic books published by Marvel Comics. The character was created by writer'],ans,0
P364_general_WESTERN_COUNTRIES_922,Veep,"['en', 'English', 'eng', 'English language']",['\nThe language of origin of Veep is English.'],ans,1
P364_general_WESTERN_COUNTRIES_924,Happy Days,"['en', 'English', 'eng', 'English language']","['\nHappy Days is an American television sitcom that originally aired from January 15, 1974, to September 24,']",ans,0
P364_general_WESTERN_COUNTRIES_926,Green Lantern: The Animated Series,"['en', 'English', 'eng', 'English language']",['\nThe language of origin of Green Lantern: The Animated Series is English.'],ans,1
P364_general_WESTERN_COUNTRIES_928,Moulin Rouge!,"['en', 'English', 'eng', 'English language']",['\nThe language of origin of Moulin Rouge! is French.'],ans,0
P364_general_WESTERN_COUNTRIES_930,The Loud House,"['en', 'English', 'eng', 'English language']",['\nThe Loud House is an American animated television series created by Chris Savino for Nickelodeon.'],ans,0
P364_general_WESTERN_COUNTRIES_932,Damages,"['en', 'English', 'eng', 'English language']","['\nDamages is an American legal drama television series created by Daniel Zelman, Glenn Kessler, and Todd A.']",ans,0
P364_general_WESTERN_COUNTRIES_934,Oz the Great and Powerful,"['en', 'English', 'eng', 'English language']",['\nThe language of origin of Oz the Great and Powerful is English.'],ans,1
P364_general_WESTERN_COUNTRIES_936,Meet the Parents,"['en', 'English', 'eng', 'English language']",['\nThe language of origin of Meet the Parents is English.'],ans,1
P364_general_WESTERN_COUNTRIES_938,Terra Nova,"['en', 'English', 'eng', 'English language']","['\nTerra Nova is a fictional colony in the 21st century, located in the southern hemisphere of the planet Earth.']",ans,0
P364_general_WESTERN_COUNTRIES_940,Monty Python's Flying Circus,"['en', 'English', 'eng', 'English language']","[""\nThe language of origin of Monty Python's Flying Circus is English.""]",ans,1
P364_general_WESTERN_COUNTRIES_942,Transformers: Prime,"['en', 'English', 'eng', 'English language']",['\nTransformers: Prime is an American animated television series based on the Transformers toy franchise.'],ans,0
P364_general_WESTERN_COUNTRIES_944,For Your Eyes Only,"['en', 'English', 'eng', 'English language']",['\nThe language of origin of For Your Eyes Only is English.'],ans,1
P364_general_WESTERN_COUNTRIES_946,Selma,"['en', 'English', 'eng', 'English language']","['\nThe language of origin of Selma is not specified. It could refer to multiple places with the name Selma, each']",ans,0
P364_general_WESTERN_COUNTRIES_948,The Fosters,"['en', 'English', 'eng', 'English language']",['\nThe Fosters is an American family drama television series created by Peter Paige and Bradley Bredeweg.'],ans,0
P364_general_WESTERN_COUNTRIES_950,The Wonder Years,"['en', 'English', 'eng', 'English language']",['\nThe Wonder Years is an American television series that was created by Neal Marlens and Carol Black. The show is set'],ans,0
P364_general_WESTERN_COUNTRIES_952,Boyhood,"['en', 'English', 'eng', 'English language']",['\nBoyhood is an American film written and directed by Richard Linklater.'],ans,0
P364_general_WESTERN_COUNTRIES_954,The Dark Crystal,"['en', 'English', 'eng', 'English language']",['\nThe language of origin of The Dark Crystal is a fictional language called Thraese.'],ans,0
P364_general_WESTERN_COUNTRIES_956,Paddington 2,"['en', 'English', 'eng', 'English language']",['\nThe language of origin of Paddington 2 is English.'],ans,1
P364_general_WESTERN_COUNTRIES_958,Sully,"['en', 'English', 'eng', 'English language']",['\nSully is a surname of French origin.'],ans,0
P364_general_WESTERN_COUNTRIES_960,An American Tail: Fievel Goes West,"['en', 'English', 'eng', 'English language']",['\nThe language of origin of An American Tail: Fievel Goes West is English.'],ans,1
P364_general_WESTERN_COUNTRIES_962,Hotel Babylon,"['en', 'English', 'eng', 'English language']",['\nThe language of origin of Hotel Babylon is English.'],ans,1
P364_general_WESTERN_COUNTRIES_964,The Flintstones,"['en', 'English', 'eng', 'English language']",['\nThe Flintstones is an American animated television series created by Hanna-Barbera Productions.'],ans,0
P364_general_WESTERN_COUNTRIES_966,The Lego Movie 2: The Second Part,"['en', 'English', 'eng', 'English language']",['\nThe Lego Movie 2: The Second Part is an English-language film.'],ans,1
P364_general_WESTERN_COUNTRIES_968,King of the Hill,"['en', 'English', 'eng', 'English language']",['\nThe language of origin of King of the Hill is English.'],ans,1
P364_general_WESTERN_COUNTRIES_970,Despicable Me,"['en', 'English', 'eng', 'English language']",['\nThe language of origin of Despicable Me is English.'],ans,1
P364_general_WESTERN_COUNTRIES_972,Lost in Space,"['en', 'English', 'eng', 'English language']",['\nThe language of origin of Lost in Space is English.'],ans,1
P364_general_WESTERN_COUNTRIES_974,Flame & Citron,"['eng', 'German language', 'Dansk', 'Dansk sprog', 'en', 'English', 'German', 'de', 'dan', 'Danish', 'Danish language', 'da', 'English language']",['\nThe language of origin of Flame & Citron is Danish.'],ans,1
P364_general_WESTERN_COUNTRIES_976,Elvis,"['en', 'English', 'eng', 'English language']","['\nElvis Presley was born in Tupelo, Mississippi, United States.']",ans,0
P364_general_WESTERN_COUNTRIES_978,Dollhouse,"['en', 'English', 'eng', 'English language']",['\nThe language of origin of Dollhouse is English.'],ans,1
P364_general_WESTERN_COUNTRIES_980,Despicable Me,"['en', 'English', 'eng', 'English language']",['\nThe language of origin of Despicable Me is English.'],ans,1
P364_general_WESTERN_COUNTRIES_982,Star Trek Generations,"['en', 'English', 'eng', 'English language']",['\nThe language of origin of Star Trek Generations is English.'],ans,1
P364_general_WESTERN_COUNTRIES_984,The Jungle Book,"['en', 'English', 'eng', 'English language']","['\nThe Jungle Book is a collection of stories written in English by Rudyard Kipling, an English author.']",ans,1
P364_general_WESTERN_COUNTRIES_986,The Hills,"['en', 'English', 'eng', 'English language']","['\nThe Hills is an American reality television series that premiered on May 31, 2006, on MTV. The show']",ans,0
P364_general_WESTERN_COUNTRIES_988,The Rules of the Game,"['fra', 'fr', '(fr)', 'French language', 'French']",['\nThe Rules of the Game is a French film directed by Jean Renoir.'],ans,1
P364_general_WESTERN_COUNTRIES_990,I Am Legend,"['en', 'English', 'eng', 'English language']",['\nI Am Legend is a 2007 American post-apocalyptic science fiction horror film directed by Francis Lawrence and written'],ans,0
P364_general_WESTERN_COUNTRIES_992,The Terror,"['en', 'English', 'eng', 'English language']",['\nThe Terror is an American television series created by David Kajganich and Soo Hugh.'],ans,0
P364_general_WESTERN_COUNTRIES_994,The Shield,"['en', 'English', 'eng', 'English language']",['\nThe Shield is an American television series created by Shawn Ryan.'],ans,0
P364_general_WESTERN_COUNTRIES_996,Lucifer,"['en', 'English', 'eng', 'English language']","[""\nLucifer is a Latin word meaning 'light-bearer' or'morning star'.""]",ans,0
P364_general_WESTERN_COUNTRIES_998,The Thief and the Cobbler,"['en', 'English', 'eng', 'English language']",['\nThe language of origin of The Thief and the Cobbler is English.'],ans,1
