﻿uuid,sub_label,obj_label,choices,ans_type,acc
P36_general_ASIA_0,Japan,"['Tōkyō-to', 'Tokyo Metropolis', 'Tokio', 'Tôkyô', 'Tokyo, Japan', 'Tokyo Prefecture', 'Tōkyō', 'Tokyo-to', 'Tokyo Metropolitan prefecture', 'Tokei', 'Tokyo (Japan)', 'Tôkyô-to', 'Tokyo']",['\nThe capital of Japan is Tokyo.'],ans,1
P36_general_ASIA_1,People's Republic of China,"['Pe-king', 'Khanbalik', 'Yan-ching', 'Beijing', ""Peip'ing"", 'Peiping', 'Zhongdu', 'Khanbaliq', 'Chungtu', 'BJ', 'Peking', 'Yanjing', 'Beiping', 'Shuntian Fu', 'Chung-tu', 'Shuntianfu', ""Shun-t'ien"", ""Pei-p'ing"", 'Shuntian', 'Pekin', 'Yanking', 'Pei-ching', 'Shun-tien', 'Pei-ping']","[""\nThe capital of People's Republic of China is Beijing.""]",ans,1
P36_general_ASIA_2,Taiwan,"['The City of Azaleas', 'City of Taipei', 'Taipei City', 'Taibei', 'Taipei']",['\nThe capital of Taiwan is Taipei.'],ans,1
P36_general_ASIA_3,Thailand,"[""Sia-Yut'hia"", 'Krung Thep Maha Nakhon', 'Krung Thep', 'Krungthepmahanakhon Amonrattanakosin Mahintharayutthaya Mahadilokphop Noppharatratchathaniburirom Udomratchaniwetmahasathan Amonphimanawatansathit Sakkathattiyawitsanukamprasit', 'Bangkok']",['\nThe capital of Thailand is Bangkok.'],ans,1
P36_general_ASIA_4,Philippines,"['City of Manila', 'Pearl of the Orient', 'Queen City of the Pacific and others', 'Manila']",['\nThe capital of Philippines is Manila.'],ans,1
P36_general_ASIA_5,Vietnam,"['Hanoi', 'Ha Noi', 'Đại La', 'Hà Nội', 'Tonkin', 'Thang Long', 'Dong Do']",['\nThe capital of Vietnam is Hanoi.'],ans,1
P36_general_ASIA_6,Singapore,"['Garden City', 'Singapore', '🇸🇬', ""S'pore"", 'SG', 'Singapore City', 'SIN', 'sg', 'Republic of Singapore', 'Lion City', 'SGP']",['\nThe capital of Singapore is Singapore.'],ans_check,1
P36_general_ASIA_7,South Korea,"['Keijō', ""Sŏul T'ŭkpyŏlsi"", 'Seoul City', 'Hanseong', 'Namgyeong', 'Gyeongseong', 'Hanyang', 'Wiryeseong', 'Seoul', 'Keijou']",['\nThe capital of South Korea is Seoul.'],ans,1
P36_general_ASIA_8,North Korea,"['Pyongyang', 'Capital of Revolution', 'Ryugyong']",['\nThe capital of North Korea is Pyongyang.'],ans,1
P36_general_ASIA_9,Myanmar,"['Nay Pyi Taw', 'Naypyidaw', 'Naypyitaw']",['\nThe capital of Myanmar is Naypyidaw.'],ans,1
P36_general_ASIA_10,Indonesia,"['Jakarta', 'Special Capital Region of Jakarta', 'Jakarta, Indonesia', 'Djakarta', 'JKT', 'Jacarta', 'Jakarta Province']",['\nThe capital of Indonesia is Jakarta.'],ans,1
P36_general_ASIA_11,Malaysia,"['KL', 'Federal Territory of Kuala Lumpur', 'Kuala Lumpur', 'K.L.']",['\nThe capital of Malaysia is Kuala Lumpur.'],ans,1
P36_general_ASIA_12,Mongolia,"['Ulan Bator', 'Wulan Batuo', 'Ulan-Bator', 'Kulun', 'East Hüree', 'Khan of Urga', 'Niislel Hüree', 'Ulaanbaatar', 'Ih Huree', 'Hüree']",['\nThe capital of Mongolia is Ulaanbaatar.'],ans,1
