﻿uuid,sub_label,obj_label,choices,ans_type,acc
P36_general_WESTERN_COUNTRIES_0,Switzerland,"['city of Bern', 'Bern', 'Berne', 'Berna']",['\nThe capital of Switzerland is Bern.'],ans,1
P36_general_WESTERN_COUNTRIES_1,Italy,"['Rome, Italy', 'City of Seven Hills', 'Rome', 'The Eternal City', 'Roma']",['\nThe capital of Italy is Rome.'],ans,1
P36_general_WESTERN_COUNTRIES_2,France,"['City of Love', 'Paris', 'City of Light', 'Lutetia']",['\nThe capital of France is Paris.'],ans,1
P36_general_WESTERN_COUNTRIES_3,Canada,"['City of Ottawa', 'Bytown', 'Ottawa, ON', 'Ottawa', 'Ottawa, Ontario']",['\nThe capital of Canada is Ottawa.'],ans,1
P36_general_WESTERN_COUNTRIES_4,United Kingdom,"['London UK', 'Trinovantum', 'Lond.', 'Loniniensi', 'Lon.', 'Lunden', 'Loñ.', 'Greater London', 'Llyn Dain', 'London, United Kingdom', 'Londinion', 'Loñ', 'Llan Dian', 'London, UK', 'Londinio', 'Lundenburh', 'Big Smoke', 'Augusta', 'Kaerlud', 'Londinium', 'London, England', 'London U.K.', 'Lundenburgh', 'the Big Smoke', 'Karelundein', 'Lundenwic', 'London', 'Londiniensium', 'Londini']",['\nThe capital of United Kingdom is London.'],ans,1
P36_general_WESTERN_COUNTRIES_5,United States of America,"['Washington, District of Columbia', 'Washington D.C.', 'Washington, D.C., U.S.', 'DC', 'Washington', 'Washington, D.C.', 'Washington, DC', 'D.C.', 'The District', 'District of Columbia', 'Washington DC', 'US-DC']",['\nThe capital of the United States of America is Washington D.C.'],opt,1
P36_general_WESTERN_COUNTRIES_6,Spain,"['Madrid', 'Madrid, Spain']",['\nThe capital of Spain is Madrid.'],ans,1
P36_general_WESTERN_COUNTRIES_7,Portugal,"['Lisboa', 'Lisbon']",['\nThe capital of Portugal is Lisbon.'],ans,1
P36_general_WESTERN_COUNTRIES_8,Germany,"['Berlin (Germany)', 'Berlin', 'DE-BE', 'Berlin, Germany']",['\nThe capital of Germany is Berlin.'],ans,1
P36_general_WESTERN_COUNTRIES_9,Austria,"['W', 'Vienna', 'Vienna, Austria', 'Wien']",['\nThe capital of Austria is Vienna.'],ans,1
P36_general_WESTERN_COUNTRIES_10,Luxembourg,"['Luxembourg', 'Luxembourg City', 'Luxemburg', 'City of Luxembourg']",['\nThe capital of Luxembourg is Luxembourg City.'],ans_check,1
P36_general_WESTERN_COUNTRIES_11,Republic of Ireland,"['Dublin, Ireland', 'Dublin city', 'City of Dublin', 'Dublin', 'Baile Átha Cliath']",['\nThe capital of Republic of Ireland is Dublin.'],ans,1
P36_general_WESTERN_COUNTRIES_12,New Zealand,"['Wellington, NZ', 'Wellington', 'Wellington metropolitan area', 'Te Whanga-nui-a-Tara', 'Wellington, New Zealand']",['\nThe capital of New Zealand is Wellington.'],ans,1
P36_general_WESTERN_COUNTRIES_13,Australia,"['Canberra, Australia', 'Canberra, Australian Capital Territory', 'Canberra']",['\nThe capital of Australia is Canberra.'],ans,1
P36_general_WESTERN_COUNTRIES_14,Belgium,"['Brussels', 'BXL', 'Ville de Bruxelles', '02', 'Brussels (municipality)', 'Stad Brussel', 'Bru', 'Brussels, Belgium', 'Bruxelles', 'Brussels City', 'Brussel']",['\nThe capital of Belgium is Brussels.'],ans,1
P36_general_WESTERN_COUNTRIES_15,Liechtenstein,['Vaduz'],['\nThe capital of Liechtenstein is Vaduz.'],ans,1
P36_general_WESTERN_COUNTRIES_16,Monaco,"['Monaco-Ville', 'City of Monaco', 'Monaco', 'Monaco City']",['\nThe capital of Monaco is Monaco-Ville.'],ans_check,1
P36_general_WESTERN_COUNTRIES_17,Andorra,['Andorra la Vella'],['\nThe capital of Andorra is Andorra la Vella.'],ans,0
P36_general_WESTERN_COUNTRIES_18,San Marino,"['San Marino', 'City of San Marino']",['\nThe capital of San Marino is San Marino.'],ans_check,1
