﻿uuid,sub_label,obj_label,choices,ans_type,acc
P37_general_ASIA_0,Japan,"['Japanese', 'jp', 'ja', 'Japanese language', 'Nihongo', 'jpn']",['\nThe official language of Japan is Japanese.'],ans,0
P37_general_ASIA_1,People's Republic of China,"['Mandarin', 'Putonghua', 'Standard Mandarin', 'Standard Chinese', '中文', 'Guoyu', 'Chinese language', 'Modern Standard Mandarin', 'Huayu', 'Chinese', 'zh', 'Kuo-yü', 'Chinese languages']","[""\nThe official language of People's Republic of China is Standard Chinese, also known as Mandarin.""]",ans,1
P37_general_ASIA_2,Taiwan,"['Formosan languages', 'Mandarin', 'Putonghua', 'Guóyǔ', '中文', 'Austronesian', 'Guoyu', 'Austronesian languages', 'Taiwanese Mandarin', 'Chinese language', 'Huayu', 'Táiwān Huáyǔ', 'Amis', 'pwn', 'zh_TW', 'zh-TW', 'Chinese', 'Standard Taiwanese Mandarin', 'Chinese languages', 'Amis language', 'Standard Chinese', 'nan-TW', 'Paiwan', 'zh', 'Kuo-yü', 'Biāozhǔn Guóyǔ', 'Formosan', 'Standard Mandarin', 'Taiwanese Hokkien', 'Modern Standard Mandarin', 'Taiwanese', 'Paiwan language', 'Standard Guoyu', 'ami']",['\nThe official language of Taiwan is Mandarin Chinese.'],ans,1
P37_general_ASIA_3,Thailand,"['Central Thai', 'Siamese language', 'th', 'Siamese', 'Thai language', 'tha', 'Thai']",['\nThe official language of Thailand is Thai.'],ans,1
P37_general_ASIA_4,Philippines,"['eng', 'Filipino language', 'Standard Tagalog', 'Austronesian', 'en', 'English', 'Austronesian languages', 'fil', 'Filipino', 'Pilipino language', 'English language']","['\nThe official language of the Philippines is Filipino, which is based on the Tagalog language.']",ans,1
P37_general_ASIA_5,Vietnam,"['Vietnamese language', 'vi', 'tiếng Việt', 'Vietnamese', 'vie']",['\nThe official language of Vietnam is Vietnamese.'],ans,0
P37_general_ASIA_6,Singapore,"['Mandarin', 'Putonghua', 'ta', '中文', 'Austronesian', 'Guoyu', 'Austronesian languages', 'Chinese language', 'Huayu', 'en', 'Chinese', 'Tamil', 'Malay', 'Chinese languages', 'Malay macrolanguage', 'Malay language', 'Standard Chinese', 'ms', 'English', 'zh', 'Kuo-yü', 'eng', 'Tamil language', 'Standard Mandarin', 'msa', 'Modern Standard Mandarin', 'English language']","['\nThe official languages of Singapore are English, Malay, Mandarin, and Tamil.']",ans,1
P37_general_ASIA_7,South Korea,"['KSL', 'ko', 'kvk', 'Korean Sign Language', 'Korean language', 'Korean']",['\nThe official language of South Korea is Korean.'],ans,1
P37_general_ASIA_8,North Korea,"['ko-KP', 'Munhwaŏ', 'North Korean standard language', 'ko', 'Korean language', 'Korean', 'ko-kp', 'ko_KP']",['\nThe official language of North Korea is Korean.'],ans,1
P37_general_ASIA_9,Myanmar,"['en-MM', 'Mya', 'Myanmar', 'my', 'Burmese language', 'Burmese English', 'Burmese', 'MM']",['\nThe official language of Myanmar is Burmese.'],ans_check,1
P37_general_ASIA_10,Indonesia,"['Javanese language', 'jav', 'ind', 'Indonesian', 'باسا جاوا\u200e', 'Indonesian language', 'basa Jawa', 'bahasa Indonesia', 'Austronesian', 'jv', 'id', 'Bahasa', 'Austronesian languages', 'ꦧꦱꦗꦮ', 'Javanese']",['\nThe official language of Indonesia is Bahasa Indonesia.'],ans,1
P37_general_ASIA_11,Malaysia,"['Malay macrolanguage', 'Malay language', 'Austronesian', 'ms', 'Austronesian languages', 'msa', 'Malay']",['\nThe official language of Malaysia is Bahasa Malaysia.'],ans,0
P37_general_ASIA_12,Mongolia,"['mn', 'Khalka', 'Mongol', 'Mongolian', 'Mongolian language']",['\nThe official language of Mongolia is Mongolian.'],ans,0
