﻿uuid,sub_label,obj_label,choices,ans_type,acc
P37_general_WESTERN_COUNTRIES_0,Switzerland,"['Rumantsch', 'French', 'Romansh Language', 'Italiano', 'it', 'Romansch language', 'German', 'Romanche language', 'Romansh language', 'French language', 'Romansch', 'Romansh', 'fr', 'de', 'rm', 'Rumantsh', 'German language', 'fra', 'Rumantsch language', 'Italian', 'Rumantsh language', 'Romanche', '(fr)', 'Italian language']","['\nThe official languages of Switzerland are German, French, Italian, and Romansh.']",ans,1
P37_general_WESTERN_COUNTRIES_1,Italy,"['Italian language', 'Italian', 'it', 'Italiano']",['\nThe official language of Italy is Italian.'],ans,1
P37_general_WESTERN_COUNTRIES_2,France,"['fra', 'fr', '(fr)', 'French language', 'French']",['\nThe official language of France is French.'],ans,1
P37_general_WESTERN_COUNTRIES_3,Canada,"['eng', 'fra', 'fr', 'en', 'English', '(fr)', 'French language', 'French', 'English language']",['\nThe official languages of Canada are English and French.'],ans,1
P37_general_WESTERN_COUNTRIES_4,United Kingdom,"['en', 'English', 'eng', 'English language']",['\nThe official language of the United Kingdom is English.'],ans,1
P37_general_WESTERN_COUNTRIES_5,United States of America,"['en', 'English', 'eng', 'English language']",['\nThe official language of the United States of America is English.'],ans,1
P37_general_WESTERN_COUNTRIES_6,Spain,"['Castilian', 'es', 'Spanish', 'Spanish language', 'Español', 'Castilian language']",['\nThe official language of Spain is Spanish.'],ans,1
P37_general_WESTERN_COUNTRIES_7,Portugal,"['pt', 'Portuguese', 'Mirandese', 'Mirandese language', 'mwl', 'Portuguese language']",['\nThe official language of Portugal is Portuguese.'],ans,1
P37_general_WESTERN_COUNTRIES_8,Germany,"['German', 'de', 'German language']",['\nThe official language of Germany is German.'],ans,1
P37_general_WESTERN_COUNTRIES_9,Austria,"['German', 'de', 'German language']",['\nThe official language of Austria is German.'],ans,1
P37_general_WESTERN_COUNTRIES_10,Luxembourg,"['Luxembourgish', 'German language', 'fra', 'ltz', 'fr', 'Luxembourg language', 'Luxemburgish', 'Luxembourgish language', 'Luxemburgish language', 'German', '(fr)', 'de', 'Letzeburgesch', 'French language', 'lb', 'French', 'Lëtzebuergesch']","['\nThe official languages of Luxembourg are Luxembourgish, French, and German.']",ans,1
P37_general_WESTERN_COUNTRIES_11,Republic of Ireland,"['Irish', 'eng', 'gaelic', 'en', 'English', 'ga', 'Irish language', 'Gaeilge', 'English language']",['\nThe official language of the Republic of Ireland is Irish (Gaeilge) and English.'],ans,1
P37_general_WESTERN_COUNTRIES_12,New Zealand,"['eng', 'mao', 'Māori language', 'Austronesian', 'Maori language', 'en', 'English', 'Austronesian languages', 'Māori', 'mi', 'Maori', 'English language']",['\nThe official language of New Zealand is English.'],ans,1
P37_general_WESTERN_COUNTRIES_13,Australia,"['en', 'English', 'eng', 'English language']",['\nThe official language of Australia is English.'],ans,1
P37_general_WESTERN_COUNTRIES_14,Belgium,"['Dutch language', 'Dutch', 'Flemish', 'French', 'ned', 'Netherlandic language', 'Netherlandic', 'German', 'Nederlands', 'French language', 'fr', 'Netherlandish', 'nl', 'de', 'Flemish language', 'German language', 'fra', 'nld', '(fr)']","['\nThe official languages of Belgium are Dutch, French, and German.']",ans,1
P37_general_WESTERN_COUNTRIES_15,Liechtenstein,"['German', 'de', 'German language']",['\nThe official language of Liechtenstein is German.'],ans,1
P37_general_WESTERN_COUNTRIES_16,Monaco,"['fra', 'fr', '(fr)', 'French language', 'French']",['\nThe official language of Monaco is French.'],ans,1
P37_general_WESTERN_COUNTRIES_17,Andorra,"['Catalan language', 'Catalan', 'Valencià', 'Valencian language', 'Català', 'Valencian', 'ca', 'Catalan-Valencian-Balearic']",['\nThe official language of Andorra is Catalan.'],ans,1
P37_general_WESTERN_COUNTRIES_18,San Marino,"['Italian language', 'Italian', 'it', 'Italiano']",['\nThe official language of San Marino is Italian.'],ans,1
