﻿uuid,sub_label,obj_label,choices,ans_type,acc
P449_general_WESTERN_COUNTRIES_0,Game of Thrones,"['HBO Family', 'Home Box Office', 'HBO']",['\nGame of Thrones was originally aired on HBO in the United States.'],ans,1
P449_general_WESTERN_COUNTRIES_2,Grey's Anatomy,"['American Broadcasting Company', 'ABC']","[""\nGrey's Anatomy was originally aired on ABC.""]",ans,1
P449_general_WESTERN_COUNTRIES_4,The Lord of the Rings: The Rings of Power,"['Amazon Instant Video', 'Amazon Prime Video', 'Amazon Unbox', 'Amazon Prime', 'Amazon Video On Demand', 'Amazon Video']",['\nThe Lord of the Rings: The Rings of Power was originally aired on Amazon Prime Video.'],ans,1
P449_general_WESTERN_COUNTRIES_6,"Gute Zeiten, schlechte Zeiten","['Radio Télévision Luxembourg', 'RTL Fernsehen', 'RTL plus', 'RTL Television', 'RTL Television GmbH', 'RTL', 'Radio Télé Luxemburg']","['\nGute Zeiten, schlechte Zeiten was originally aired on RTL in Germany.']",ans,1
P449_general_WESTERN_COUNTRIES_8,Elementary,"['Tiffany Network', 'Eye Network', 'Columbia Broadcasting System', 'CBS', 'Black Rock']",['\nElementary was originally aired on CBS.'],ans,1
P449_general_WESTERN_COUNTRIES_10,EastEnders,"['BBC One', 'BBC Television Service', 'BBC Two', 'BBC1', 'BBC TV', 'BBC 1', 'BBC 2', 'BBC2']",['\nEastEnders was originally aired on BBC One in the United Kingdom.'],ans,1
P449_general_WESTERN_COUNTRIES_12,The Walking Dead,"['AMC', 'AMC Network', 'AMC network', 'AMC (television channel)', 'American Movie Channel', 'Filmcritic.com', 'AMC (TV Network)', 'AMC (TV network)', 'American Movie Classics']",['\nThe Walking Dead was originally aired on AMC in the United States.'],ans,1
P449_general_WESTERN_COUNTRIES_14,American Horror Story,"['FX', 'fX', 'Fox extended', 'FX network']",['\nAmerican Horror Story was originally aired on FX in the United States.'],ans,1
P449_general_WESTERN_COUNTRIES_16,New Amsterdam,"['National Broadcasting Company', 'NBC']",['\nNew Amsterdam was originally aired on NBC.'],ans,1
P449_general_WESTERN_COUNTRIES_18,Halt and Catch Fire,"['AMC', 'AMC Network', 'AMC network', 'AMC (television channel)', 'American Movie Channel', 'Filmcritic.com', 'AMC (TV Network)', 'AMC (TV network)', 'American Movie Classics']",['\nHalt and Catch Fire was originally aired on AMC in the United States.'],ans,1
P449_general_WESTERN_COUNTRIES_20,Mayday,"['The Discovery Channel', 'TV National Geographic Channel Animal in Germany', 'Discovery.com', 'National Geographic Channel', 'Discovery', 'Smithsonian Channel', 'Discovery Channel', 'Discovery Korea']",['\nMayday is an American documentary television series that airs on the Discovery Channel.'],ans,1
P449_general_WESTERN_COUNTRIES_22,Strictly Come Dancing,"['BBC One', 'BBC Television Service', 'BBC1', 'BBC TV', 'BBC 1']",['\nStrictly Come Dancing was originally aired on BBC One in the United Kingdom.'],ans,1
P449_general_WESTERN_COUNTRIES_24,Stranger Things,"['Net Flix', 'Netflix.com', 'Netflix']",['\nStranger Things was originally aired on Netflix.'],ans,1
P449_general_WESTERN_COUNTRIES_26,Parks and Recreation,"['National Broadcasting Company', 'NBC']",['\nParks and Recreation was originally aired on NBC.'],ans,1
P449_general_WESTERN_COUNTRIES_28,Black Mirror,"['Netflix.com', 'C4', 'Netflix', 'Channel 4', 'Net Flix']",['\nBlack Mirror was originally aired on Channel 4 in the United Kingdom.'],ans,1
P449_general_WESTERN_COUNTRIES_30,She-Hulk: Attorney at Law,"['Disney+ Hotstar (India & Asia)', 'Disney Plus', 'Disney+ Star (Europe & Asia)', 'Disney+']",['\nShe-Hulk: Attorney at Law was originally aired on Disney+.'],ans,1
P449_general_WESTERN_COUNTRIES_32,Arrow,"['The CW', 'The CW Television Network']",['\nArrow was originally aired on The CW.'],ans,1
P449_general_WESTERN_COUNTRIES_34,Friends,"['National Broadcasting Company', 'NBC']",['\nFriends was originally aired on NBC in the United States.'],ans,1
P449_general_WESTERN_COUNTRIES_36,The Daily Show,['Comedy Central'],['\nThe Daily Show was originally aired on Comedy Central.'],ans,1
P449_general_WESTERN_COUNTRIES_38,Succession,"['HBO Family', 'Home Box Office', 'HBO']",['\nSuccession was originally aired on HBO.'],ans,1
P449_general_WESTERN_COUNTRIES_40,Manifest,"['Netflix.com', 'Netflix', 'National Broadcasting Company', 'NBC', 'Net Flix']",['\nManifest was originally aired on NBC in the United States.'],ans,1
P449_general_WESTERN_COUNTRIES_42,Saturday Night Live,"['National Broadcasting Company', 'NBC']",['\nSaturday Night Live was originally aired on NBC.'],ans,1
P449_general_WESTERN_COUNTRIES_44,Sanremo Music Festival,"['Programma Nazionale (1952-1976)', 'Rai Uno', 'Rete 1 (1976-1983)', 'Rai 1']","['\nThe Sanremo Music Festival was originally aired on Rai 1, an Italian television channel.']",ans,1
P449_general_WESTERN_COUNTRIES_46,Family Guy,"['Fox Broadcasting Company', 'FOX']","['\nFamily Guy was originally aired on Fox from January 31, 1999 to February 14, 2002.']",ans,1
P449_general_WESTERN_COUNTRIES_48,Forever,"['American Broadcasting Company', 'ABC']",['\nForever was originally aired on ABC.'],ans,1
P449_general_WESTERN_COUNTRIES_50,South Park,['Comedy Central'],['\nSouth Park was originally aired on Comedy Central in the United States.'],ans,1
P449_general_WESTERN_COUNTRIES_52,Adult Swim,['Cartoon Network'],['\nAdult Swim was originally aired on Cartoon Network in the United States.'],ans,1
P449_general_WESTERN_COUNTRIES_54,Charmed,"['The WB Television Network', 'The WB']",['\nCharmed was originally aired on The WB network in the United States.'],ans,1
P449_general_WESTERN_COUNTRIES_56,The Big Bang Theory,"['Tiffany Network', 'Eye Network', 'Columbia Broadcasting System', 'CBS', 'Black Rock']",['\nThe Big Bang Theory was originally aired on CBS in the United States.'],ans,1
P449_general_WESTERN_COUNTRIES_58,Snowpiercer,"['TNT USA', 'TNT', 'Turner Network Television']",['\nSnowpiercer was originally aired on TNT in the United States.'],ans,1
P449_general_WESTERN_COUNTRIES_60,Smallville,"['The WB Television Network', 'The WB']","['\nSmallville was originally aired on The WB network from 2001 to 2006, and then on The CW from 200']",ans,1
P449_general_WESTERN_COUNTRIES_62,"Doctor Who, series 5","['BBC One', 'BBC Television Service', 'BBC1', 'BBC TV', 'BBC 1']","['\nDoctor Who, series 5 was originally aired on BBC One in the United Kingdom.']",ans,1
P449_general_WESTERN_COUNTRIES_64,Coronation Street,"['ITV', 'Independent Television']",['\nCoronation Street was originally aired on ITV.'],ans,1
P449_general_WESTERN_COUNTRIES_66,America's Got Talent,"['National Broadcasting Company', 'NBC']","[""\nAmerica's Got Talent was originally aired on NBC.""]",ans,1
P449_general_WESTERN_COUNTRIES_68,Money Heist,['Antena 3'],['\nMoney Heist was originally aired on Antena 3 in Spain.'],ans,1
P449_general_WESTERN_COUNTRIES_70,Community,"['National Broadcasting Company', 'NBC']",['\nCommunity was originally aired on NBC.'],ans,1
P449_general_WESTERN_COUNTRIES_72,Star Trek: The Original Series,"['National Broadcasting Company', 'NBC']",['\nStar Trek: The Original Series was originally aired on NBC in the United States.'],ans,1
P449_general_WESTERN_COUNTRIES_74,The Handmaid's Tale,"['Hulu', 'hulu.com']","[""\nThe Handmaid's Tale was originally aired on Hulu in the United States.""]",ans,1
P449_general_WESTERN_COUNTRIES_76,The View,"['American Broadcasting Company', 'ABC']",['\nThe View was originally aired on ABC.'],ans,1
P449_general_WESTERN_COUNTRIES_78,Good Trouble,"['CBN Television Network', 'ABC Family', 'The Family Channel USA', 'CBN Cable', 'Family Channel (USA)', 'Freeform', 'CBN Cable Network', 'Fox Family', 'CBN Satellite Service', 'Family Channel (United States)']",['\nGood Trouble was originally aired on Freeform.'],ans,1
P449_general_WESTERN_COUNTRIES_80,Jeopardy!,"['National Broadcasting Company', 'NBC']","['\nJeopardy! was originally aired on NBC from 1964 to 1975, and then on CBS from ']",ans,1
P449_general_WESTERN_COUNTRIES_82,stinky,"['Fox Broadcasting Company', 'FOX']","[""\nI'm sorry, I cannot provide an answer without additional context. Could you please provide more information about'stinky'?""]",unk,0
P449_general_WESTERN_COUNTRIES_84,Black Lightning,"['The CW', 'The CW Television Network']",['\nBlack Lightning was originally aired on The CW.'],ans,1
P449_general_WESTERN_COUNTRIES_86,Holby City,"['BBC One', 'BBC Television Service', 'BBC1', 'BBC TV', 'BBC 1']",['\nHolby City was originally aired on BBC One in the United Kingdom.'],ans,1
P449_general_WESTERN_COUNTRIES_88,RuPaul's Drag Race,"['Music Television', 'Video Hits One', 'VH-1: Video Hits One', 'VH1', 'VH1: Music First', 'VI+1', 'MTV']","[""\nRuPaul's Drag Race was originally aired on Logo TV in the United States.""]",ans,0
P449_general_WESTERN_COUNTRIES_90,Miss France,"['Télévision française 1', 'TF1']","['\nMiss France was originally aired on TF1, a French television network.']",ans,1
P449_general_WESTERN_COUNTRIES_92,Buffy the Vampire Slayer,"['The WB Television Network', 'The WB', 'United Paramount Network', 'UPN']",['\nBuffy the Vampire Slayer was originally aired on The WB network in the United States.'],ans,1
P449_general_WESTERN_COUNTRIES_94,What If...?,"['Disney+ Hotstar (India & Asia)', 'Disney Plus', 'Disney+ Star (Europe & Asia)', 'Disney+']",['\nWhat If...? was originally aired on Disney+ in the United States.'],ans,1
P449_general_WESTERN_COUNTRIES_96,13 Reasons Why,"['Net Flix', 'Netflix.com', 'Netflix']",['\n13 Reasons Why was originally aired on Netflix.'],ans,1
P449_general_WESTERN_COUNTRIES_98,The Legend of Korra,"['Nick', 'Pinwheel', 'Nickelodeon']",['\nThe Legend of Korra was originally aired on Nickelodeon.'],ans,1
P449_general_WESTERN_COUNTRIES_100,It,"['American Broadcasting Company', 'ABC']","[""\nI'm sorry, I cannot provide an accurate response without additional context. Could you please provide more information?""]",unk,0
P449_general_WESTERN_COUNTRIES_102,Sense8,"['Net Flix', 'Netflix.com', 'Netflix']",['\nSense8 was originally aired on Netflix.'],ans,1
P449_general_WESTERN_COUNTRIES_104,Futurama,"['Fox Broadcasting Company', 'Comedy Central', 'FOX']","['\nFuturama was originally aired on Fox from March 28, 1999 to August 10, 2003']",ans,1
P449_general_WESTERN_COUNTRIES_106,Good Girls,"['National Broadcasting Company', 'NBC']",['\nGood Girls was originally aired on NBC.'],ans,1
P449_general_WESTERN_COUNTRIES_108,Legends of Tomorrow,"['The CW', 'The CW Television Network']",['\nLegends of Tomorrow was originally aired on The CW.'],ans,1
P449_general_WESTERN_COUNTRIES_110,30 Rock,"['National Broadcasting Company', 'NBC']",['\n30 Rock was originally aired on NBC.'],ans,1
P449_general_WESTERN_COUNTRIES_112,Cinderella,"['American Broadcasting Company', 'ABC']",['\nCinderella was originally aired on ABC in the United States.'],ans,1
P449_general_WESTERN_COUNTRIES_114,Gravity Falls,"['Disney XD', 'Disney', 'Disney Channel', 'The Disney Channel', 'Baxik TV']",['\nGravity Falls was originally aired on Disney Channel in the United States.'],ans,1
P449_general_WESTERN_COUNTRIES_116,The Mandalorian,"['Disney+ Hotstar (India & Asia)', 'Disney Plus', 'Disney+ Star (Europe & Asia)', 'Disney+']",['\nThe Mandalorian was originally aired on Disney+.'],ans,1
P449_general_WESTERN_COUNTRIES_118,All My Children,"['Hulu', 'hulu.com', 'ABC', 'iTunes', 'American Broadcasting Company', 'Apple iTunes']",['\nAll My Children was originally aired on ABC.'],ans,1
P449_general_WESTERN_COUNTRIES_120,Murdoch Mysteries,"['Citytv', 'City', 'City Television']",['\nMurdoch Mysteries was originally aired on Citytv in Canada.'],ans,1
P449_general_WESTERN_COUNTRIES_122,You,"['Net Flix', 'Netflix.com', 'Netflix']",['\nYou was originally aired on Lifetime.'],ans,0
P449_general_WESTERN_COUNTRIES_124,The Good Wife,"['Tiffany Network', 'Eye Network', 'Columbia Broadcasting System', 'CBS', 'Black Rock']",['\nThe Good Wife was originally aired on CBS.'],ans,1
P449_general_WESTERN_COUNTRIES_126,Obi-Wan Kenobi,"['Disney+ Hotstar (India & Asia)', 'Disney Plus', 'Disney+ Star (Europe & Asia)', 'Disney+']",['\nObi-Wan Kenobi was originally aired on Disney+.'],ans,1
P449_general_WESTERN_COUNTRIES_128,Modern Family,"['American Broadcasting Company', 'ABC']",['\nModern Family was originally aired on ABC in the United States.'],ans,1
P449_general_WESTERN_COUNTRIES_130,The West Wing,"['National Broadcasting Company', 'NBC']",['\nThe West Wing was originally aired on NBC in the United States.'],ans,1
P449_general_WESTERN_COUNTRIES_132,Westworld,"['HBO Family', 'Home Box Office', 'HBO']",['\nWestworld was originally aired on HBO.'],ans,1
P449_general_WESTERN_COUNTRIES_134,Got Talent,"['ITV', 'Independent Television', 'National Broadcasting Company', 'NBC']",['\nGot Talent was originally aired on ITV in the United Kingdom.'],ans,1
P449_general_WESTERN_COUNTRIES_136,Runaways,"['Hulu', 'hulu.com']",['\nRunaways was originally aired on Hulu in the United States.'],ans,1
P449_general_WESTERN_COUNTRIES_138,Barry,"['HBO Family', 'Home Box Office', 'HBO']",['\nBarry was originally aired on HBO.'],ans,1
P449_general_WESTERN_COUNTRIES_140,Seinfeld,"['National Broadcasting Company', 'NBC']",['\nSeinfeld was originally aired on NBC in the United States.'],ans,1
P449_general_WESTERN_COUNTRIES_142,"Doctor Who, series 7","['BBC One', 'BBC Television Service', 'BBC1', 'BBC TV', 'BBC 1']","['\nDoctor Who, series 7 was originally aired on BBC One in the United Kingdom.']",ans,1
P449_general_WESTERN_COUNTRIES_144,Hawkeye,"['Disney+ Hotstar (India & Asia)', 'Disney Plus', 'Disney+ Star (Europe & Asia)', 'Disney+']",['\nHawkeye was originally aired on Disney+.'],ans,1
P449_general_WESTERN_COUNTRIES_146,Star Trek: Picard,"['CBS All Access', 'Paramount Plus', '10 All Access', 'Paramount+']",['\nStar Trek: Picard was originally aired on CBS All Access in the United States and Amazon Prime Video in the United'],ans,1
P449_general_WESTERN_COUNTRIES_148,Gossip Girl,"['The CW', 'The CW Television Network']",['\nGossip Girl was originally aired on The CW in the United States.'],ans,1
P449_general_WESTERN_COUNTRIES_150,The Ultimate Fighter,"['Spike', 'Spike Television', 'Spike TV']",['\nThe Ultimate Fighter was originally aired on Spike TV in the United States.'],ans,1
P449_general_WESTERN_COUNTRIES_152,Thunderbirds,"['ITV', 'Independent Television']",['\nThunderbirds was originally aired on ITV in the United Kingdom.'],ans,1
P449_general_WESTERN_COUNTRIES_154,Twin Peaks,"['American Broadcasting Company', 'ABC']",['\nTwin Peaks was originally aired on ABC in the United States.'],ans,1
P449_general_WESTERN_COUNTRIES_156,Nashville,"['American Broadcasting Company', 'ABC']",['\nNashville was originally aired on ABC.'],ans,1
P449_general_WESTERN_COUNTRIES_158,"Doctor Who, series 6","['BBC One', 'BBC Television Service', 'BBC1', 'BBC TV', 'BBC 1']","['\nDoctor Who, series 6 was originally aired on BBC One in the United Kingdom.']",ans,1
P449_general_WESTERN_COUNTRIES_160,Justice League Action,['Cartoon Network'],['\nJustice League Action was originally aired on Cartoon Network in the United States.'],ans,1
P449_general_WESTERN_COUNTRIES_162,Kim Possible,"['Disney', 'Disney Channel', 'The Disney Channel']",['\nKim Possible was originally aired on Disney Channel.'],ans,1
P449_general_WESTERN_COUNTRIES_164,The Umbrella Academy,"['Net Flix', 'Netflix.com', 'Netflix']",['\nThe Umbrella Academy was originally aired on Netflix.'],ans,1
P449_general_WESTERN_COUNTRIES_166,New Girl,"['Fox Broadcasting Company', 'FOX']",['\nNew Girl was originally aired on Fox in the United States.'],ans,1
P449_general_WESTERN_COUNTRIES_168,Unikitty!,['Cartoon Network'],['\nUnikitty! was originally aired on Cartoon Network in the United States.'],ans,1
P449_general_WESTERN_COUNTRIES_170,"Love, Death & Robots","['Net Flix', 'Netflix.com', 'Netflix']","['\nLove, Death & Robots was originally aired on Netflix.']",ans,1
P449_general_WESTERN_COUNTRIES_172,Jessica Jones,"['Net Flix', 'Netflix.com', 'Netflix']",['\nJessica Jones was originally aired on Netflix.'],ans,1
P449_general_WESTERN_COUNTRIES_174,Archer,"['FX', 'fX', 'Fox extended', 'FX network']",['\nArcher was originally aired on the FX network in the United States.'],ans,1
P449_general_WESTERN_COUNTRIES_176,Big Little Lies,"['HBO Family', 'Home Box Office', 'HBO']",['\nBig Little Lies was originally aired on HBO.'],ans,1
P449_general_WESTERN_COUNTRIES_178,One Tree Hill,"['The WB Television Network', 'The CW', 'The CW Television Network', 'The WB']",['\nOne Tree Hill was originally aired on The WB network.'],ans,1
P449_general_WESTERN_COUNTRIES_180,iCarly,"['Nick', 'Pinwheel', 'Nickelodeon']",['\niCarly was originally aired on Nickelodeon in the United States.'],ans,1
P449_general_WESTERN_COUNTRIES_182,One Life to Live,"['American Broadcasting Company', 'ABC']",['\nOne Life to Live was originally aired on ABC.'],ans,1
P449_general_WESTERN_COUNTRIES_184,Once Upon a Time,"['American Broadcasting Company', 'ABC']",['\nOnce Upon a Time was originally aired on ABC.'],ans,1
P449_general_WESTERN_COUNTRIES_186,Pretty Little Liarss,"['CBN Television Network', 'ABC Family', 'The Family Channel USA', 'CBN Cable', 'Family Channel (USA)', 'Freeform', 'CBN Cable Network', 'Fox Family', 'CBN Satellite Service', 'Family Channel (United States)']","['\nPretty Little Liars was originally aired on ABC Family, which is now known as Freeform.']",ans,1
P449_general_WESTERN_COUNTRIES_188,Cobra Kai,"['YouTube Red', 'YTP', 'YouTube Premium', 'YT Red', 'YT Premium']",['\nCobra Kai was originally aired on YouTube Red.'],ans,1
P449_general_WESTERN_COUNTRIES_190,The Bill,"['ITV', 'Independent Television']",['\nThe Bill was originally aired on ITV in the United Kingdom.'],ans,1
P449_general_WESTERN_COUNTRIES_192,Roseanne,"['American Broadcasting Company', 'ABC']",['\nRoseanne originally aired on ABC.'],ans,1
P449_general_WESTERN_COUNTRIES_194,Dexter's Laboratory,['Cartoon Network'],"[""\nDexter's Laboratory was originally aired on Cartoon Network in the United States.""]",ans,1
P449_general_WESTERN_COUNTRIES_196,Doom Patrol,"['DC Universe', 'dcuniverse.com']",['\nDoom Patrol was originally aired on the DC Universe streaming service.'],ans,1
P449_general_WESTERN_COUNTRIES_198,Crazy Ex-Girlfriend,"['The CW', 'The CW Television Network']",['\nCrazy Ex-Girlfriend was originally aired on The CW.'],ans,1
P449_general_WESTERN_COUNTRIES_200,Winx Club,"['Nick', 'Pinwheel', 'Nickelodeon']",['\nWinx Club was originally aired on Rai 2 in Italy.'],ans,0
P449_general_WESTERN_COUNTRIES_202,The Mysterious Cities of Gold,"['NHK', 'Nippon Hoso Kyokai', 'Japan Broadcasting Corporation', 'nhk.or.jp', 'Nippon Hōsō Kyōkai']",['\nThe Mysterious Cities of Gold was originally aired on French television in the 1980s.'],ans,0
P449_general_WESTERN_COUNTRIES_204,Jimmy Kimmel Live!,"['American Broadcasting Company', 'ABC']",['\nJimmy Kimmel Live! was originally aired on ABC.'],ans,1
P449_general_WESTERN_COUNTRIES_206,Hannah Montana,"['Disney', 'Disney Channel', 'The Disney Channel']",['\nHannah Montana was originally aired on Disney Channel.'],ans,1
P449_general_WESTERN_COUNTRIES_208,Molly of Denali,"['PTV', 'PBS Kids']",['\nMolly of Denali was originally aired on PBS Kids.'],ans,1
P449_general_WESTERN_COUNTRIES_210,90210,"['The CW', 'The CW Television Network']",['\n90210 was originally aired on Fox in the United States.'],ans,0
P449_general_WESTERN_COUNTRIES_212,Avatar: The Last Airbender,"['Nick', 'Pinwheel', 'Nickelodeon']",['\nAvatar: The Last Airbender was originally aired on Nickelodeon in the United States.'],ans,1
P449_general_WESTERN_COUNTRIES_214,Hawaii Five-0,"['Tiffany Network', 'Eye Network', 'Columbia Broadcasting System', 'CBS', 'Black Rock']",['\nHawaii Five-0 was originally aired on CBS.'],ans,1
P449_general_WESTERN_COUNTRIES_216,Today,"['National Broadcasting Company', 'NBC']",['\nToday was originally aired on NBC.'],ans,1
P449_general_WESTERN_COUNTRIES_218,The Late Late Show with Craig Ferguson,"['Tiffany Network', 'Eye Network', 'Columbia Broadcasting System', 'CBS', 'Black Rock']",['\nThe Late Late Show with Craig Ferguson was originally aired on CBS.'],ans,1
P449_general_WESTERN_COUNTRIES_220,Timeless,"['National Broadcasting Company', 'NBC']",['\nTimeless was originally aired on NBC.'],ans,1
P449_general_WESTERN_COUNTRIES_222,Ash vs Evil Dead,"['STARZ!', 'Starz']",['\nAsh vs Evil Dead was originally aired on Starz.'],ans,1
P449_general_WESTERN_COUNTRIES_224,The X Factor,"['ITV', 'Independent Television']",['\nThe X Factor was originally aired on ITV in the United Kingdom.'],ans,1
P449_general_WESTERN_COUNTRIES_226,The White Lotus,"['HBO Family', 'Home Box Office', 'HBO']",['\nThe White Lotus was originally aired on HBO.'],ans,1
P449_general_WESTERN_COUNTRIES_228,Sons of Anarchy,"['FX', 'fX', 'Fox extended', 'FX network']",['\nSons of Anarchy was originally aired on FX in the United States.'],ans,1
P449_general_WESTERN_COUNTRIES_230,The Expanse,"['Amazon Instant Video', 'Amazon Prime Video', 'Amazon Unbox', 'Amazon Prime', 'Amazon Video On Demand', 'Amazon Video']",['\nThe Expanse was originally aired on the Syfy channel in the United States.'],ans,0
P449_general_WESTERN_COUNTRIES_232,Fresh Off the Boat,"['American Broadcasting Company', 'ABC']",['\nFresh Off the Boat was originally aired on ABC in the United States.'],ans,1
P449_general_WESTERN_COUNTRIES_234,Loki,"['Disney+ Hotstar (India & Asia)', 'Disney Plus', 'Disney+ Star (Europe & Asia)', 'Disney+']",['\nLoki was originally aired on Disney+ in the United States.'],ans,1
P449_general_WESTERN_COUNTRIES_236,Tagesschau,"['Deutsches Fernsehen', 'Das Erste', 'Erstes Deutsches Fernsehen']","['\nTagesschau was originally aired on ARD, a German public broadcasting network.']",ans,0
P449_general_WESTERN_COUNTRIES_238,Servant,"['AppleTV+', 'Apple TV+', 'Apple TV Plus']",['\nServant was originally aired on Apple TV+.'],ans,1
P449_general_WESTERN_COUNTRIES_240,The Good Doctor,"['American Broadcasting Company', 'ABC']",['\nThe Good Doctor was originally aired on ABC in the United States.'],ans,1
P449_general_WESTERN_COUNTRIES_242,Hannibal,"['National Broadcasting Company', 'NBC']",['\nHannibal was originally aired on NBC.'],ans,1
P449_general_WESTERN_COUNTRIES_244,Wizards of Waverly Place,"['Disney', 'Disney Channel', 'The Disney Channel']",['\nWizards of Waverly Place was originally aired on Disney Channel.'],ans,1
P449_general_WESTERN_COUNTRIES_246,The Vampire Diaries,"['The CW', 'The CW Television Network']",['\nThe Vampire Diaries was originally aired on The CW in the United States.'],ans,1
P449_general_WESTERN_COUNTRIES_248,Batman,"['American Broadcasting Company', 'ABC']",['\nBatman was originally aired on the ABC network in the United States.'],ans,1
P449_general_WESTERN_COUNTRIES_250,Emily in Paris,"['Net Flix', 'Netflix.com', 'Netflix']",['\nEmily in Paris was originally aired on Netflix.'],ans,1
P449_general_WESTERN_COUNTRIES_252,Prison Break,"['Fox Broadcasting Company', 'FOX']",['\nPrison Break was originally aired on Fox in the United States.'],ans,1
P449_general_WESTERN_COUNTRIES_254,Ringer,"['The CW', 'The CW Television Network']",['\nRinger was originally aired on The CW.'],ans,1
P449_general_WESTERN_COUNTRIES_256,America's Next Top Model,"['United Paramount Network', 'UPN']","[""\nAmerica's Next Top Model was originally aired on UPN and later on The CW.""]",ans,1
P449_general_WESTERN_COUNTRIES_258,Sex and the City,"['HBO Family', 'Home Box Office', 'HBO']",['\nSex and the City was originally aired on HBO in the United States.'],ans,1
P449_general_WESTERN_COUNTRIES_260,CSI: Crime Scene Investigation,"['Tiffany Network', 'Eye Network', 'Columbia Broadcasting System', 'CBS', 'Black Rock']",['\nCSI: Crime Scene Investigation was originally aired on CBS.'],ans,1
P449_general_WESTERN_COUNTRIES_262,The Boys,"['Amazon Instant Video', 'Amazon Prime Video', 'Amazon Unbox', 'Amazon Prime', 'Amazon Video On Demand', 'Amazon Video']",['\nThe Boys was originally aired on Amazon Prime Video.'],ans,1
P449_general_WESTERN_COUNTRIES_264,Last Week Tonight with John Oliver,"['HBO Family', 'Home Box Office', 'HBO']",['\nLast Week Tonight with John Oliver was originally aired on HBO.'],ans,1
P449_general_WESTERN_COUNTRIES_266,Bob's Burgers,"['Fox Broadcasting Company', 'FOX']","[""\nBob's Burgers was originally aired on Fox in the United States.""]",ans,1
P449_general_WESTERN_COUNTRIES_268,Orange Is the New Black,"['Net Flix', 'Netflix.com', 'Netflix']",['\nOrange Is the New Black was originally aired on Netflix.'],ans,1
P449_general_WESTERN_COUNTRIES_270,For All Mankind,"['AppleTV+', 'Apple TV+', 'Apple TV Plus']",['\nFor All Mankind was originally aired on Apple TV+.'],ans,1
P449_general_WESTERN_COUNTRIES_272,Cowboy Bebop,"['Net Flix', 'Netflix.com', 'Netflix']",['\nCowboy Bebop was originally aired on TV Tokyo in Japan.'],ans,0
P449_general_WESTERN_COUNTRIES_274,MasterChef,"['BBC', 'British Broadcasting Corporation']",['\nMasterChef was originally aired on BBC One in the United Kingdom.'],ans,1
P449_general_WESTERN_COUNTRIES_276,Orphan Black,"['CTV Sci-Fi Channel', 'Space']",['\nOrphan Black was originally aired on BBC America.'],ans,0
P449_general_WESTERN_COUNTRIES_278,Friday Night Lights,"['National Broadcasting Company', 'NBC']",['\nFriday Night Lights was originally aired on NBC.'],ans,1
P449_general_WESTERN_COUNTRIES_280,The Good Place,"['National Broadcasting Company', 'NBC']",['\nThe Good Place was originally aired on NBC in the United States.'],ans,1
P449_general_WESTERN_COUNTRIES_282,The Tonight Show,"['National Broadcasting Company', 'NBC']",['\nThe Tonight Show was originally aired on NBC.'],ans,1
P449_general_WESTERN_COUNTRIES_284,The Alienist: Angel of Darkness,"['TNT USA', 'TNT', 'Turner Network Television']",['\nThe Alienist: Angel of Darkness was originally aired on TNT.'],ans,1
P449_general_WESTERN_COUNTRIES_286,Space: 1999,"['ITV', 'Independent Television']",['\nSpace: 1999 was originally aired on ITV in the United Kingdom and on NBC in the United States.'],ans,1
P449_general_WESTERN_COUNTRIES_288,Arrested Development,"['Netflix.com', 'Netflix', 'FOX', 'Net Flix', 'Fox Broadcasting Company']",['\nArrested Development was originally aired on Fox in the United States.'],ans,1
P449_general_WESTERN_COUNTRIES_290,Atypical,"['Net Flix', 'Netflix.com', 'Netflix']",['\nAtypical was originally aired on Netflix.'],ans,1
P449_general_WESTERN_COUNTRIES_292,BoJack Horseman,"['Net Flix', 'Netflix.com', 'Netflix']",['\nBoJack Horseman was originally aired on Netflix.'],ans,1
P449_general_WESTERN_COUNTRIES_294,The Tonight Show with Conan O'Brien,"['National Broadcasting Company', 'NBC']","[""\nThe Tonight Show with Conan O'Brien was originally aired on NBC.""]",ans,1
P449_general_WESTERN_COUNTRIES_296,Castle Rock,"['Hulu', 'hulu.com']",['\nCastle Rock was originally aired on Hulu.'],ans,1
P449_general_WESTERN_COUNTRIES_298,Chilling Adventures of Sabrina,"['Net Flix', 'Netflix.com', 'Netflix']",['\nChilling Adventures of Sabrina was originally aired on Netflix.'],ans,1
P449_general_WESTERN_COUNTRIES_300,Cougar Town,"['WTBS', 'SuperStation TBS', 'ABC', 'TBS (American TV channel)', 'tbs', 'American Broadcasting Company', 'SuperStation WTBS', 'TBS']",['\nCougar Town was originally aired on ABC.'],ans,1
P449_general_WESTERN_COUNTRIES_302,Locke & Key,"['Net Flix', 'Netflix.com', 'Netflix']",['\nLocke & Key was originally aired on Netflix.'],ans,1
P449_general_WESTERN_COUNTRIES_304,The Ed Sullivan Show,"['Tiffany Network', 'Eye Network', 'Columbia Broadcasting System', 'CBS', 'Black Rock']",['\nThe Ed Sullivan Show was originally aired on CBS.'],ans,1
P449_general_WESTERN_COUNTRIES_306,Castlevania,"['Net Flix', 'Netflix.com', 'Netflix']",['\nCastlevania was originally aired on Netflix.'],ans,1
P449_general_WESTERN_COUNTRIES_308,91st Academy Awards,"['American Broadcasting Company', 'ABC']",['\nThe 91st Academy Awards were originally aired on ABC.'],ans,1
P449_general_WESTERN_COUNTRIES_310,The Good Fight,"['CBS All Access', 'Paramount Plus', '10 All Access', 'Paramount+']",['\nThe Good Fight was originally aired on CBS All Access in the United States.'],ans,1
P449_general_WESTERN_COUNTRIES_312,Blue's Clues,"['Nick', 'Nick Jr.', 'Pinwheel', 'Nickelodeon']","[""\nBlue's Clues was originally aired on Nickelodeon in the United States.""]",ans,1
P449_general_WESTERN_COUNTRIES_314,America's Funniest Home Videos,"['American Broadcasting Company', 'ABC']","[""\nAmerica's Funniest Home Videos was originally aired on NBC.""]",ans,0
P449_general_WESTERN_COUNTRIES_316,Dynasty,"['The CW', 'The CW Television Network']",['\nDynasty was originally aired on ABC in the United States.'],ans,0
P449_general_WESTERN_COUNTRIES_318,El Internado,['Antena 3'],['\nEl Internado was originally aired on Antena 3 in Spain.'],ans,1
P449_general_WESTERN_COUNTRIES_320,Rocko's Modern Life,"['Nick', 'Pinwheel', 'Nickelodeon']","[""\nRocko's Modern Life originally aired on Nickelodeon.""]",ans,1
P449_general_WESTERN_COUNTRIES_322,Skins,"['E4 television station', 'E4 TV channel', 'E4 channel', 'E4']",['\nSkins was originally aired on E4 in the United Kingdom.'],ans,1
P449_general_WESTERN_COUNTRIES_324,Chicago P.D.,"['National Broadcasting Company', 'NBC']",['\nChicago P.D. was originally aired on NBC.'],opt,1
P449_general_WESTERN_COUNTRIES_326,She-Ra and the Princesses of Power,"['Net Flix', 'Netflix.com', 'Netflix']",['\nShe-Ra and the Princesses of Power was originally aired on Netflix.'],ans,1
P449_general_WESTERN_COUNTRIES_328,Big Love,"['HBO Family', 'Home Box Office', 'HBO']",['\nBig Love was originally aired on HBO.'],ans,1
P449_general_WESTERN_COUNTRIES_330,Leaving Neverland,"['HBO Family', 'Home Box Office', 'HBO']",['\nLeaving Neverland was originally aired on HBO.'],ans,1
P449_general_WESTERN_COUNTRIES_332,Ugly Betty,"['American Broadcasting Company', 'ABC']",['\nUgly Betty was originally aired on ABC in the United States.'],ans,1
P449_general_WESTERN_COUNTRIES_334,Melrose Place,"['The CW', 'The CW Television Network']",['\nMelrose Place was originally aired on Fox in the United States.'],ans,0
P449_general_WESTERN_COUNTRIES_336,San Junipero,"['Net Flix', 'Netflix.com', 'Netflix']",['\nSan Junipero was originally aired on Channel 4 in the United Kingdom.'],ans,0
P449_general_WESTERN_COUNTRIES_338,Will & Grace,"['National Broadcasting Company', 'NBC']",['\nWill & Grace was originally aired on NBC.'],ans,1
P449_general_WESTERN_COUNTRIES_340,Hell on Wheels,"['AMC', 'AMC Network', 'AMC network', 'AMC (television channel)', 'American Movie Channel', 'Filmcritic.com', 'AMC (TV Network)', 'AMC (TV network)', 'American Movie Classics']",['\nHell on Wheels was originally aired on AMC.'],ans,1
P449_general_WESTERN_COUNTRIES_342,MythBusters,"['The Discovery Channel', 'Discovery.com', 'Discovery', 'Discovery Channel', 'Discovery Korea']",['\nMythBusters was originally aired on the Discovery Channel in the United States.'],ans,1
P449_general_WESTERN_COUNTRIES_344,Scrubs,"['American Broadcasting Company', 'ABC', 'National Broadcasting Company', 'NBC']",['\nScrubs was originally aired on NBC in the United States.'],ans,1
P449_general_WESTERN_COUNTRIES_346,Project Runway,"['Bravo', 'Lifetime']",['\nProject Runway was originally aired on the Bravo network in the United States.'],ans,1
P449_general_WESTERN_COUNTRIES_348,The Powerpuff Girls,['Cartoon Network'],['\nThe Powerpuff Girls was originally aired on Cartoon Network in the United States.'],ans,1
P449_general_WESTERN_COUNTRIES_350,The Addams Family,"['American Broadcasting Company', 'ABC']",['\nThe Addams Family was originally aired on ABC in the United States.'],ans,1
P449_general_WESTERN_COUNTRIES_352,Last Man Standing,"['Fox Broadcasting Company', 'FOX']",['\nLast Man Standing was originally aired on ABC.'],ans,0
P449_general_WESTERN_COUNTRIES_354,Mare of Easttown,"['HBO Family', 'Home Box Office', 'HBO']",['\nMare of Easttown was originally aired on HBO.'],ans,1
P449_general_WESTERN_COUNTRIES_356,Virgin River,"['Net Flix', 'Netflix.com', 'Netflix']",['\nVirgin River was originally aired on the American streaming service Netflix.'],ans,1
P449_general_WESTERN_COUNTRIES_358,American Horror Story: Asylum,"['FX', 'fX', 'Fox extended', 'FX network']",['\nAmerican Horror Story: Asylum was originally aired on FX.'],ans,1
P449_general_WESTERN_COUNTRIES_360,Pawn Stars,"['history.com', 'History', 'The History Channel', 'History Channel']",['\nPawn Stars was originally aired on the History Channel.'],ans,1
P449_general_WESTERN_COUNTRIES_362,"Beverly Hills, 90210","['Fox Broadcasting Company', 'FOX']","['\nBeverly Hills, 90210 was originally aired on Fox in the United States.']",ans,1
P449_general_WESTERN_COUNTRIES_364,Touch,"['Fox Broadcasting Company', 'FOX']",['\nTouch was originally aired on Fox in the United States.'],ans,1
P449_general_WESTERN_COUNTRIES_366,Australian Idol,"['Channel 10', 'Independent Television System', 'Channel Ten', '10 Network', 'Network Ten', 'Network 10', '10 TV Australia', '0-10 Network']",['\nAustralian Idol was originally aired on Network Ten.'],ans,1
P449_general_WESTERN_COUNTRIES_368,Britain's Got Talent,"['ITV', 'Independent Television']","[""\nBritain's Got Talent was originally aired on ITV in the United Kingdom.""]",ans,1
P449_general_WESTERN_COUNTRIES_370,The Owl House,"['Disney', 'Disney Channel', 'The Disney Channel']",['\nThe Owl House was originally aired on Disney Channel.'],ans,1
P449_general_WESTERN_COUNTRIES_372,Dexter,"['Showtime TV', 'SHO', 'Showtime', 'Showtime Networks']",['\nDexter was originally aired on Showtime in the United States.'],ans,1
P449_general_WESTERN_COUNTRIES_374,The Morning Show,"['AppleTV+', 'Apple TV+', 'Apple TV Plus']",['\nThe Morning Show was originally aired on ABC.'],ans,0
P449_general_WESTERN_COUNTRIES_376,Elite,"['Net Flix', 'Netflix.com', 'Netflix']",['\nElite was originally aired on Netflix.'],ans,1
P449_general_WESTERN_COUNTRIES_378,Wallace and Gromit,"['BBC One', 'BBC Television Service', 'BBC1', 'BBC TV', 'BBC 1']",['\nWallace and Gromit originally aired on BBC One in the United Kingdom.'],ans,1
P449_general_WESTERN_COUNTRIES_380,Selfie,"['American Broadcasting Company', 'ABC']",['\nSelfie was originally aired on ABC in the United States.'],ans,1
P449_general_WESTERN_COUNTRIES_382,The Great,"['Hulu', 'hulu.com']",['\nThe Great was originally aired on Hulu.'],ans,1
P449_general_WESTERN_COUNTRIES_384,The OA,"['Net Flix', 'Netflix.com', 'Netflix']",['\nThe OA was originally aired on Netflix.'],ans,1
P449_general_WESTERN_COUNTRIES_386,Farscape,"['SciFi Entertainment', 'Sci Fi', 'Syfy', 'Sci-Fi Channel', 'SciFi']",['\nFarscape was originally aired on the Sci-Fi Channel in the United States.'],ans,1
P449_general_WESTERN_COUNTRIES_388,The Avengers,"['ITV', 'Independent Television']",['\nThe Avengers was originally aired on ITV in the United Kingdom.'],ans,1
P449_general_WESTERN_COUNTRIES_390,Ted Lasso,"['AppleTV+', 'Apple TV+', 'Apple TV Plus']",['\nTed Lasso was originally aired on Apple TV+.'],ans,1
P449_general_WESTERN_COUNTRIES_392,Primeval,"['ITV', 'Independent Television']",['\nPrimeval was originally aired on ITV in the United Kingdom.'],ans,1
P449_general_WESTERN_COUNTRIES_394,Hollyoaks,"['Channel 4', 'C4']",['\nHollyoaks was originally aired on Channel 4 in the United Kingdom.'],ans,1
P449_general_WESTERN_COUNTRIES_396,The Late Show with Stephen Colbert,"['Tiffany Network', 'Eye Network', 'Columbia Broadcasting System', 'CBS', 'Black Rock']",['\nThe Late Show with Stephen Colbert was originally aired on CBS.'],ans,1
P449_general_WESTERN_COUNTRIES_398,Teenage Mutant Ninja Turtles,"['Nicktoons Network', 'Pinwheel', 'Nicktoons TV', 'Nicktoons', 'Nick', 'Nickelodeon']",['\nTeenage Mutant Ninja Turtles was originally aired on the USA Network in the United States.'],ans,0
P449_general_WESTERN_COUNTRIES_400,Veep,"['HBO Family', 'Home Box Office', 'HBO']",['\nVeep was originally aired on HBO.'],ans,1
P449_general_WESTERN_COUNTRIES_402,Green Lantern: The Animated Series,['Cartoon Network'],['\nGreen Lantern: The Animated Series was originally aired on Cartoon Network in the United States.'],ans,1
P449_general_WESTERN_COUNTRIES_404,The Loud House,"['Nick', 'Pinwheel', 'Nickelodeon']",['\nThe Loud House was originally aired on Nickelodeon in the United States.'],ans,1
P449_general_WESTERN_COUNTRIES_406,Damages,"['FX', 'fX', 'Fox extended', 'FX network']",['\nDamages was originally aired on the American cable network FX.'],ans,1
P449_general_WESTERN_COUNTRIES_408,Cosmos: A Spacetime Odyssey,"['FOX', 'National Geographic Channel', 'Fox Broadcasting Company', 'TV National Geographic Channel Animal in Germany']",['\nCosmos: A Spacetime Odyssey was originally aired on Fox and National Geographic Channel in the United'],ans,1
P449_general_WESTERN_COUNTRIES_410,Terra Nova,"['Fox Broadcasting Company', 'FOX']",['\nTerra Nova was originally aired on Fox in the United States.'],ans,1
P449_general_WESTERN_COUNTRIES_412,Monty Python's Flying Circus,"['BBC One', 'BBC Television Service', 'BBC Two', 'BBC1', 'BBC TV', 'BBC 1', 'BBC 2', 'BBC2']","[""\nMonty Python's Flying Circus was originally aired on the BBC in the United Kingdom.""]",ans,0
P449_general_WESTERN_COUNTRIES_414,Reaper,"['The CW', 'The CW Television Network']",['\nReaper was originally aired on The CW.'],ans,1
P449_general_WESTERN_COUNTRIES_416,Law & Order: LA,"['National Broadcasting Company', 'NBC']",['\nLaw & Order: LA was originally aired on NBC.'],ans,1
P449_general_WESTERN_COUNTRIES_418,Peaky Blinders,"['BBC Two', 'BBC2', 'BBC 2']",['\nPeaky Blinders was originally aired on BBC Two in the United Kingdom.'],ans,1
P449_general_WESTERN_COUNTRIES_420,Human Target,"['Fox Broadcasting Company', 'FOX']",['\nHuman Target was originally aired on Fox.'],ans,1
P449_general_WESTERN_COUNTRIES_422,Hotel Babylon,"['BBC One', 'BBC Television Service', 'BBC1', 'BBC TV', 'BBC 1']",['\nHotel Babylon was originally aired on BBC One in the United Kingdom.'],ans,1
P449_general_WESTERN_COUNTRIES_424,2 Broke Girls,"['Tiffany Network', 'Eye Network', 'Columbia Broadcasting System', 'CBS', 'Black Rock']",['\n2 Broke Girls was originally aired on CBS.'],ans,1
P449_general_WESTERN_COUNTRIES_426,Yellowstone,['Paramount Network'],['\nYellowstone was originally aired on the Paramount Network in the United States.'],ans,1
P449_general_WESTERN_COUNTRIES_428,Lost in Space,"['Net Flix', 'Netflix.com', 'Netflix']",['\nLost in Space was originally aired on CBS.'],ans,0
P449_general_WESTERN_COUNTRIES_430,Voltron: Legendary Defender,"['Net Flix', 'Netflix.com', 'Netflix']",['\nVoltron: Legendary Defender was originally aired on Netflix.'],ans,1
P449_general_WESTERN_COUNTRIES_432,The Hills,"['Music Television', 'MTV']",['\nThe Hills was originally aired on MTV.'],ans,1
P449_general_WESTERN_COUNTRIES_434,The Shannara Chronicles,"['Music Television', 'MTV']",['\nThe Shannara Chronicles was originally aired on MTV in the United States.'],ans,1
P449_general_WESTERN_COUNTRIES_436,The Terror,"['AMC', 'AMC Network', 'AMC network', 'AMC (television channel)', 'American Movie Channel', 'Filmcritic.com', 'AMC (TV Network)', 'AMC (TV network)', 'American Movie Classics']",['\nThe Terror was originally aired on AMC.'],ans,1
P449_general_WESTERN_COUNTRIES_438,The Shield,"['FX', 'fX', 'Fox extended', 'FX network']",['\nThe Shield was originally aired on FX in the United States.'],ans,1
P449_general_WESTERN_COUNTRIES_440,Awake,"['National Broadcasting Company', 'NBC']",['\nAwake was originally aired on NBC.'],ans,1
P449_general_WESTERN_COUNTRIES_442,Scream,"['Music Television', 'MTV']",['\nScream was originally aired on MTV.'],ans,1
P449_general_WESTERN_COUNTRIES_444,FlashForward,"['American Broadcasting Company', 'ABC']",['\nFlashForward was originally aired on ABC in the United States.'],ans,1
P449_general_WESTERN_COUNTRIES_446,NCIS,"['Tiffany Network', 'Eye Network', 'Columbia Broadcasting System', 'CBS', 'Black Rock']",['\nNCIS was originally aired on CBS.'],ans,1
P449_general_WESTERN_COUNTRIES_448,Dark Angel,"['Fox Broadcasting Company', 'FOX']",['\nDark Angel was originally aired on Fox in the United States.'],ans,1
P449_general_WESTERN_COUNTRIES_450,"Magnum, P.I.","['Tiffany Network', 'Eye Network', 'Columbia Broadcasting System', 'CBS', 'National Broadcasting Company', 'NBC', 'Black Rock']","['\nMagnum, P.I. was originally aired on CBS.']",ans,1
P449_general_WESTERN_COUNTRIES_452,Jane the Virgin,"['The CW', 'The CW Television Network']",['\nJane the Virgin was originally aired on The CW in the United States.'],ans,1
P449_general_WESTERN_COUNTRIES_454,See,"['AppleTV+', 'Apple TV+', 'Apple TV Plus']","[""\nI'm sorry, I cannot provide an accurate answer without additional context. Could you please provide more information?""]",unk,0
P449_general_WESTERN_COUNTRIES_456,The Man from U.N.C.L.E.,"['National Broadcasting Company', 'NBC']",['\nThe Man from U.N.C.L.E. was originally'],ans,0
P449_general_WESTERN_COUNTRIES_458,The Walking Dead: World Beyond,"['AMC', 'AMC Network', 'AMC network', 'AMC (television channel)', 'American Movie Channel', 'Filmcritic.com', 'AMC (TV Network)', 'AMC (TV network)', 'American Movie Classics']",['\nThe Walking Dead: World Beyond was originally aired on AMC.'],ans,1
P449_general_WESTERN_COUNTRIES_460,Penny Dreadful,"['Showtime TV', 'SHO', 'Showtime', 'Showtime Networks']",['\nPenny Dreadful was originally aired on Showtime in the United States and Sky Atlantic in the United Kingdom.'],ans,1
P449_general_WESTERN_COUNTRIES_462,Mr Selfridge,"['ITV', 'Independent Television']",['\nMr Selfridge was originally aired on ITV in the United Kingdom.'],ans,1
P449_general_WESTERN_COUNTRIES_464,Silicon Valley,"['HBO Family', 'Home Box Office', 'HBO']",['\nSilicon Valley was originally aired on HBO.'],ans,1
P449_general_WESTERN_COUNTRIES_466,Justified,"['FX', 'fX', 'Fox extended', 'FX network']",['\nJustified was originally aired on the FX network in the United States.'],ans,1
P449_general_WESTERN_COUNTRIES_468,Smash,"['National Broadcasting Company', 'NBC']",['\nSmash was originally aired on NBC.'],ans,1
P449_general_WESTERN_COUNTRIES_470,Person of Interest,"['Tiffany Network', 'Eye Network', 'Columbia Broadcasting System', 'CBS', 'Black Rock']",['\nPerson of Interest was originally aired on CBS.'],ans,1
P449_general_WESTERN_COUNTRIES_472,General Hospital,"['American Broadcasting Company', 'ABC']",['\nGeneral Hospital was originally aired on ABC.'],ans,1
P449_general_WESTERN_COUNTRIES_474,Star Wars Rebels,"['Disney XD', 'Baxik TV']",['\nStar Wars Rebels was originally aired on Disney XD in the United States.'],ans,1
P449_general_WESTERN_COUNTRIES_476,American Crime,"['American Broadcasting Company', 'ABC']",['\nAmerican Crime was originally aired on ABC.'],ans,1
P449_general_WESTERN_COUNTRIES_478,Malcolm in the Middle,"['Fox Broadcasting Company', 'FOX']",['\nMalcolm in the Middle was originally aired on Fox in the United States.'],ans,1
P449_general_WESTERN_COUNTRIES_480,John Adams,"['HBO Family', 'Home Box Office', 'HBO']",['\nJohn Adams was originally aired on HBO.'],ans,1
P449_general_WESTERN_COUNTRIES_482,The Fugitive,"['American Broadcasting Company', 'ABC']",['\nThe Fugitive was originally aired on ABC in the United States.'],ans,1
P449_general_WESTERN_COUNTRIES_484,Gossip Girl,['HBO Max'],['\nGossip Girl was originally aired on The CW in the United States.'],ans,0
P449_general_WESTERN_COUNTRIES_486,Teletubbies,"['CBeebies', 'BBC Two', 'BBC2', 'BBC 2']",['\nTeletubbies was originally aired on BBC in the United Kingdom.'],ans,0
P449_general_WESTERN_COUNTRIES_488,Big Mouth,"['Net Flix', 'Netflix.com', 'Netflix']",['\nBig Mouth was originally aired on Netflix.'],ans,1
P449_general_WESTERN_COUNTRIES_490,Severance,"['AppleTV+', 'Apple TV+', 'Apple TV Plus']",['\nSeverance was originally aired on Apple TV+.'],ans,1
P449_general_WESTERN_COUNTRIES_492,GLOW,"['Net Flix', 'Netflix.com', 'Netflix']",['\nGLOW was originally aired on Netflix.'],ans,1
P449_general_WESTERN_COUNTRIES_494,Frasier,"['National Broadcasting Company', 'NBC']",['\nFrasier was originally aired on NBC in the United States.'],ans,1
P449_general_WESTERN_COUNTRIES_496,Flashpoint,"['Tiffany Network', 'Eye Network', 'Columbia Broadcasting System', 'CBS', 'Black Rock']",['\nFlashpoint was originally aired on CBS in the United States and CTV in Canada.'],ans,1
P449_general_WESTERN_COUNTRIES_498,"Lost, season 6","['American Broadcasting Company', 'ABC']","['\nLost, season 6 was originally aired on ABC.']",ans,1
P449_general_WESTERN_COUNTRIES_500,Angel,"['The WB Television Network', 'The WB']",['\nAngel was originally aired on The WB network in the United States.'],ans,1
P449_general_WESTERN_COUNTRIES_502,Mr. Bean,"['ITV', 'Independent Television']",['\nMr. Bean was originally aired on ITV in the United Kingdom.'],ans,1
P449_general_WESTERN_COUNTRIES_504,NYPD Blue,"['American Broadcasting Company', 'ABC']",['\nNYPD Blue was originally aired on ABC.'],ans,1
P449_general_WESTERN_COUNTRIES_506,Terminator: The Sarah Connor Chronicles,"['Fox Broadcasting Company', 'FOX']",['\nTerminator: The Sarah Connor Chronicles was originally aired on Fox in the United States.'],ans,1
P449_general_WESTERN_COUNTRIES_508,Marvel's Cloak & Dagger,"['CBN Television Network', 'ABC Family', 'The Family Channel USA', 'CBN Cable', 'Family Channel (USA)', 'Freeform', 'CBN Cable Network', 'Fox Family', 'CBN Satellite Service', 'Family Channel (United States)']","[""\nMarvel's Cloak & Dagger was originally aired on Freeform.""]",ans,1
P449_general_WESTERN_COUNTRIES_510,JAG,"['Tiffany Network', 'Eye Network', 'Columbia Broadcasting System', 'CBS', 'National Broadcasting Company', 'NBC', 'Black Rock']",['\nJAG was originally aired on NBC.'],ans,1
P449_general_WESTERN_COUNTRIES_512,Fast & Furious: Spy Racers,"['Net Flix', 'Netflix.com', 'Netflix']",['\nFast & Furious: Spy Racers was originally aired on Netflix.'],ans,1
P449_general_WESTERN_COUNTRIES_514,The A-Team,"['National Broadcasting Company', 'NBC']",['\nThe A-Team was originally aired on NBC in the United States.'],ans,1
P449_general_WESTERN_COUNTRIES_516,Late Show with David Letterman,"['Tiffany Network', 'Eye Network', 'Columbia Broadcasting System', 'CBS', 'Black Rock']","['\nLate Show with David Letterman was originally aired on NBC from 1993 to 1994, and then']",ans,0
P449_general_WESTERN_COUNTRIES_518,Miranda,"['BBC Two', 'BBC2', 'BBC 2']",['\nMiranda was originally aired on BBC One in the United Kingdom.'],ans,0
P449_general_WESTERN_COUNTRIES_520,Total Drama Island,['Cartoon Network'],['\nTotal Drama Island was originally aired on Teletoon in Canada and Cartoon Network in the United States.'],ans,1
P449_general_WESTERN_COUNTRIES_522,Jackass,"['Music Television', 'MTV']",['\nJackass was originally aired on MTV.'],ans,1
P449_general_WESTERN_COUNTRIES_524,Hilda,"['Net Flix', 'Netflix.com', 'Netflix']",['\nHilda was originally aired on Netflix.'],ans,1
P449_general_WESTERN_COUNTRIES_526,Queer as Folk,"['Showtime TV', 'SHO', 'Showtime', 'Showtime Networks']",['\nQueer as Folk was originally aired on Channel 4 in the United Kingdom.'],ans,0
P449_general_WESTERN_COUNTRIES_528,Best Friends Whenever,"['Disney', 'Disney Channel', 'The Disney Channel']",['\nBest Friends Whenever was originally aired on Disney Channel.'],ans,1
P449_general_WESTERN_COUNTRIES_530,The Punisher,"['Net Flix', 'Netflix.com', 'Netflix']",['\nThe Punisher was originally aired on the Fox Network.'],ans,0
P449_general_WESTERN_COUNTRIES_532,NCIS: New Orleans,"['Tiffany Network', 'Eye Network', 'Columbia Broadcasting System', 'CBS', 'Black Rock']",['\nNCIS: New Orleans was originally aired on CBS.'],ans,1
P449_general_WESTERN_COUNTRIES_534,Hell's Kitchen,"['Fox Broadcasting Company', 'FOX']","[""\nHell's Kitchen was originally aired on the Fox network in the United States.""]",ans,1
P449_general_WESTERN_COUNTRIES_536,Absolutely Fabulous,"['BBC One', 'BBC Television Service', 'BBC1', 'BBC TV', 'BBC 1']",['\nAbsolutely Fabulous was originally aired on BBC One in the United Kingdom.'],ans,1
P449_general_WESTERN_COUNTRIES_538,PJ Masks,['Disney Junior'],['\nPJ Masks was originally aired on Disney Junior in the United States.'],ans,1
P449_general_WESTERN_COUNTRIES_540,Blindspot,"['National Broadcasting Company', 'NBC']",['\nBlindspot was originally aired on NBC in the United States.'],ans,1
P449_general_WESTERN_COUNTRIES_542,Grimm,"['National Broadcasting Company', 'NBC']",['\nGrimm was originally aired on NBC in the United States.'],ans,1
P449_general_WESTERN_COUNTRIES_544,Being Erica,['CBC Television'],"['\nBeing Erica was originally aired on the Canadian television network, CBC.']",ans,0
P449_general_WESTERN_COUNTRIES_546,Alphas,"['SciFi Entertainment', 'Sci Fi', 'Syfy', 'Sci-Fi Channel', 'SciFi']",['\nAlphas was originally aired on Syfy in the United States.'],ans,1
P449_general_WESTERN_COUNTRIES_548,Persuasion,"['BBC Two', 'BBC2', 'BBC 2']",['\nPersuasion was originally aired on ITV in the United Kingdom.'],ans,0
P449_general_WESTERN_COUNTRIES_550,WWE Smackdown,"['SciFi Entertainment', 'The CW Television Network', 'USA Network', 'The CW', 'Sci Fi', 'Syfy', 'United Paramount Network', 'FOX', 'USA', 'Sci-Fi Channel', 'MyNetworkTV', 'SciFi', 'UPN', 'Fox Broadcasting Company']",['\nWWE Smackdown was originally aired on UPN and later on The CW.'],ans,1
P449_general_WESTERN_COUNTRIES_552,Teen Wolf,"['Music Television', 'MTV']",['\nTeen Wolf was originally aired on MTV.'],ans,1
P449_general_WESTERN_COUNTRIES_554,Mao Mao: Heroes of Pure Heart,['Cartoon Network'],['\nMao Mao: Heroes of Pure Heart was originally aired on Cartoon Network in the United States.'],ans,1
P449_general_WESTERN_COUNTRIES_556,Unbreakable Kimmy Schmidt,"['Net Flix', 'Netflix.com', 'Netflix']",['\nUnbreakable Kimmy Schmidt was originally aired on Netflix.'],ans,1
P449_general_WESTERN_COUNTRIES_558,The Guardians of the Galaxy Holiday Special,"['Disney+ Hotstar (India & Asia)', 'Disney Plus', 'Disney+ Star (Europe & Asia)', 'Disney+']",['\nThe Guardians of the Galaxy Holiday Special was originally aired on Disney+.'],ans,1
P449_general_WESTERN_COUNTRIES_560,My So-Called Life,"['American Broadcasting Company', 'ABC']",['\nMy So-Called Life was originally aired on ABC in the United States.'],ans,1
P449_general_WESTERN_COUNTRIES_562,The Twilight Zone,"['Tiffany Network', 'Eye Network', 'Columbia Broadcasting System', 'CBS', 'Black Rock']",['\nThe Twilight Zone was originally aired on CBS.'],ans,1
P449_general_WESTERN_COUNTRIES_564,Lost in Space,"['Tiffany Network', 'Eye Network', 'Columbia Broadcasting System', 'CBS', 'Black Rock']",['\nLost in Space was originally aired on CBS.'],ans,1
P449_general_WESTERN_COUNTRIES_566,The Cosby Show,"['National Broadcasting Company', 'NBC']",['\nThe Cosby Show was originally aired on NBC in the United States.'],ans,1
P449_general_WESTERN_COUNTRIES_568,Alias,"['American Broadcasting Company', 'ABC']",['\nAlias was originally aired on ABC in the United States.'],ans,1
P449_general_WESTERN_COUNTRIES_570,DuckTales,"['Disney', 'Disney Channel', 'The Disney Channel', 'ABC', 'American Broadcasting Company']",['\nDuckTales originally aired on the Disney Channel in the United States.'],ans,1
P449_general_WESTERN_COUNTRIES_572,Captain Flamingo,"['GMA Network', 'Communication', 'Global Media Arts Network', 'GMA 7', 'Kapuso Network', 'YTV']","[""\nI'm sorry, I cannot provide an accurate answer without additional context. Could you please provide more information about Captain Fl""]",unk,0
P449_general_WESTERN_COUNTRIES_574,The Baby-Sitters Club,"['Net Flix', 'Netflix.com', 'Netflix']",['\nThe Baby-Sitters Club was originally aired on HBO.'],ans,0
P449_general_WESTERN_COUNTRIES_576,Sonic the Hedgehog,"['American Broadcasting Company', 'ABC']",['\nSonic the Hedgehog was originally aired on ABC in the United States.'],ans,1
P449_general_WESTERN_COUNTRIES_578,Hero Elementary,"['PTV', 'PBS Kids']",['\nHero Elementary was originally aired on PBS Kids.'],ans,1
P449_general_WESTERN_COUNTRIES_580,M*A*S*H,"['Tiffany Network', 'Eye Network', 'Columbia Broadcasting System', 'CBS', 'Black Rock']",['\nM*A*S*H was originally aired on CBS.'],ans,1
P449_general_WESTERN_COUNTRIES_582,Jericho,"['Tiffany Network', 'Eye Network', 'Columbia Broadcasting System', 'CBS', 'Black Rock']",['\nJericho was originally aired on CBS.'],ans,1
P449_general_WESTERN_COUNTRIES_584,The Pacific,"['HBO Family', 'Home Box Office', 'HBO']",['\nThe Pacific was originally aired on HBO.'],ans,1
P449_general_WESTERN_COUNTRIES_586,Guiding Light,"['Tiffany Network', 'Eye Network', 'Columbia Broadcasting System', 'CBS', 'Black Rock']","['\nGuiding Light was originally aired on radio from 1937 to 1956, and then on television from 1952']",ans,0
P449_general_WESTERN_COUNTRIES_588,Shadow and Bone,"['Net Flix', 'Netflix.com', 'Netflix']",['\nShadow and Bone was originally aired on Netflix.'],ans,1
P449_general_WESTERN_COUNTRIES_590,Legacies,"['The CW', 'The CW Television Network']",['\nLegacies was originally aired on The CW.'],ans,1
P449_general_WESTERN_COUNTRIES_592,Leverage,"['TNT USA', 'TNT', 'Turner Network Television']",['\nLeverage was originally aired on TNT in the United States.'],ans,1
P449_general_WESTERN_COUNTRIES_594,Reign,"['The CW', 'The CW Television Network']",['\nReign was originally aired on The CW in the United States.'],ans,1
P449_general_WESTERN_COUNTRIES_596,666 Park Avenue,"['American Broadcasting Company', 'ABC']",['\n666 Park Avenue was originally aired on ABC.'],ans,1
P449_general_WESTERN_COUNTRIES_598,The X Factor,"['ITV', 'Independent Television']",['\nThe X Factor was originally aired on ITV in the United Kingdom.'],ans,1
P449_general_WESTERN_COUNTRIES_600,Star Wars: The Bad Batch,"['Disney+ Hotstar (India & Asia)', 'Disney Plus', 'Disney+ Star (Europe & Asia)', 'Disney+']",['\nStar Wars: The Bad Batch was originally aired on Disney+.'],ans,1
P449_general_WESTERN_COUNTRIES_602,Stargate Universe,"['SciFi Entertainment', 'Sci Fi', 'Syfy', 'Sci-Fi Channel', 'SciFi']",['\nStargate Universe was originally aired on Syfy in the United States and Space in Canada.'],ans,1
P449_general_WESTERN_COUNTRIES_604,The Borgias,"['Showtime TV', 'SHO', 'Showtime', 'Showtime Networks']",['\nThe Borgias was originally aired on Showtime in the United States.'],ans,1
P449_general_WESTERN_COUNTRIES_606,L.A. Law,"['National Broadcasting Company', 'NBC']",['\nL.A. Law was originally aired on NBC.'],opt,1
P449_general_WESTERN_COUNTRIES_608,Santa Clarita Diet,"['Net Flix', 'Netflix.com', 'Netflix']",['\nSanta Clarita Diet was originally aired on Netflix.'],ans,1
P449_general_WESTERN_COUNTRIES_610,Outer Banks,"['Net Flix', 'Netflix.com', 'Netflix']",['\nOuter Banks was originally aired on Netflix.'],ans,1
P449_general_WESTERN_COUNTRIES_612,The Bold and the Beautiful,"['Tiffany Network', 'Eye Network', 'Columbia Broadcasting System', 'CBS', 'Black Rock']",['\nThe Bold and the Beautiful was originally aired on CBS.'],ans,1
P449_general_WESTERN_COUNTRIES_614,Good Morning America,"['American Broadcasting Company', 'ABC']",['\nGood Morning America was originally aired on ABC.'],ans,1
P449_general_WESTERN_COUNTRIES_616,Another Life,"['Net Flix', 'Netflix.com', 'Netflix']",['\nAnother Life was originally aired on Netflix.'],ans,1
P449_general_WESTERN_COUNTRIES_618,Under the Dome,"['Tiffany Network', 'Eye Network', 'Columbia Broadcasting System', 'CBS', 'Black Rock']",['\nUnder the Dome was originally aired on CBS.'],ans,1
P449_general_WESTERN_COUNTRIES_620,Hart of Dixie,"['The CW', 'The CW Television Network']",['\nHart of Dixie was originally aired on The CW.'],ans,1
P449_general_WESTERN_COUNTRIES_622,The Social Dilemma,"['Net Flix', 'Netflix.com', 'Netflix']",['\nThe Social Dilemma was originally aired on Netflix.'],ans,1
P449_general_WESTERN_COUNTRIES_624,Madam Secretary,"['Tiffany Network', 'Eye Network', 'Columbia Broadcasting System', 'CBS', 'Black Rock']",['\nMadam Secretary was originally aired on CBS.'],ans,1
P449_general_WESTERN_COUNTRIES_626,Sonic Underground,"['Télévision française 1', 'TF1']","[""\nSonic Underground was originally aired on Kids' WB in the United States and on Teletoon in Canada.""]",ans,0
P449_general_WESTERN_COUNTRIES_628,Deadwood,"['HBO Family', 'Home Box Office', 'HBO']",['\nDeadwood was originally aired on HBO.'],ans,1
P449_general_WESTERN_COUNTRIES_630,Joey,"['National Broadcasting Company', 'NBC']",['\nJoey was originally aired on NBC.'],ans,1
P449_general_WESTERN_COUNTRIES_632,Freaks and Geeks,"['National Broadcasting Company', 'NBC']",['\nFreaks and Geeks was originally aired on NBC in the United States.'],ans,1
P449_general_WESTERN_COUNTRIES_634,Travelers,"['Net Flix', 'Netflix.com', 'Netflix']",['\nTravelers was originally aired on the Canadian network Showcase.'],ans,0
P449_general_WESTERN_COUNTRIES_636,Space Force,"['Net Flix', 'Netflix.com', 'Netflix']",['\nSpace Force was originally aired on Netflix.'],ans,1
P449_general_WESTERN_COUNTRIES_638,The Fairly OddParents,"['Nick', 'Pinwheel', 'Nickelodeon']",['\nThe Fairly OddParents originally aired on Nickelodeon in the United States.'],ans,1
P449_general_WESTERN_COUNTRIES_640,Ultimate Spider-Man,"['Disney XD', 'Baxik TV']",['\nUltimate Spider-Man was originally aired on Disney XD.'],ans,1
P449_general_WESTERN_COUNTRIES_642,Being Human,"['BBC3', 'BBC 3', 'BBC Three']",['\nBeing Human was originally aired on BBC Three in the United Kingdom.'],ans,1
P449_general_WESTERN_COUNTRIES_644,The Secret Life of the American Teenager,"['CBN Television Network', 'ABC Family', 'The Family Channel USA', 'CBN Cable', 'Family Channel (USA)', 'Freeform', 'CBN Cable Network', 'Fox Family', 'CBN Satellite Service', 'Family Channel (United States)']",['\nThe Secret Life of the American Teenager was originally aired on ABC Family.'],ans,1
P449_general_WESTERN_COUNTRIES_646,Dickinson,"['AppleTV+', 'Apple TV+', 'Apple TV Plus']",['\nDickinson was originally aired on Apple TV+.'],ans,1
P449_general_WESTERN_COUNTRIES_648,Home Improvement,"['American Broadcasting Company', 'ABC']",['\nHome Improvement was originally aired on ABC.'],ans,1
P449_general_WESTERN_COUNTRIES_650,Russian Doll,"['Net Flix', 'Netflix.com', 'Netflix']",['\nRussian Doll was originally aired on Netflix.'],ans,1
P449_general_WESTERN_COUNTRIES_652,Let's Go Luna!,"['PTV', 'PBS Kids']","[""\nLet's Go Luna! was originally aired on Disney Junior.""]",ans,0
P449_general_WESTERN_COUNTRIES_654,The Spanish Princess,"['STARZ!', 'Starz']",['\nThe Spanish Princess was originally aired on Starz.'],ans,1
P449_general_WESTERN_COUNTRIES_656,Children in Need,"['BBC One', 'BBC Television Service', 'BBC1', 'BBC TV', 'BBC 1']",['\nChildren in Need was originally aired on BBC One in the United Kingdom.'],ans,1
P449_general_WESTERN_COUNTRIES_658,Call My Agent!,['France 2'],['\nCall My Agent! was originally aired on French television network France 2.'],ans,1
P449_general_WESTERN_COUNTRIES_660,Zoey 101,"['Nick', 'Pinwheel', 'Nickelodeon']",['\nZoey 101 was originally aired on Nickelodeon.'],ans,1
P449_general_WESTERN_COUNTRIES_662,Hustle,"['BBC One', 'BBC Television Service', 'BBC1', 'BBC TV', 'BBC 1']",['\nHustle was originally aired on BBC One in the United Kingdom.'],ans,1
P449_general_WESTERN_COUNTRIES_664,VeggieTales,"['National Broadcasting Company', 'NBC']",['\nVeggieTales was originally aired on the Christian Broadcasting Network (CBN) in the United States.'],ans,0
P449_general_WESTERN_COUNTRIES_666,Saved by the Bell,"['National Broadcasting Company', 'NBC']",['\nSaved by the Bell was originally aired on NBC in the United States.'],ans,1
P449_general_WESTERN_COUNTRIES_668,The Suite Life on Deck,"['Disney', 'Disney Channel', 'The Disney Channel']",['\nThe Suite Life on Deck was originally aired on Disney Channel.'],ans,1
P449_general_WESTERN_COUNTRIES_670,Falling Skies,"['TNT USA', 'TNT', 'Turner Network Television']",['\nFalling Skies was originally aired on TNT in the United States.'],ans,1
P449_general_WESTERN_COUNTRIES_672,Revenge,"['American Broadcasting Company', 'ABC']",['\nRevenge was originally aired on ABC.'],ans,1
P449_general_WESTERN_COUNTRIES_674,Fairly Legal,"['USA Network', 'USA']",['\nFairly Legal was originally aired on USA Network.'],ans,1
P449_general_WESTERN_COUNTRIES_676,Dallas,"['TNT USA', 'TNT', 'Turner Network Television']",['\nDallas was originally aired on CBS.'],ans,0
P449_general_WESTERN_COUNTRIES_678,Dota: Dragon's Blood,"['Net Flix', 'Netflix.com', 'Netflix']","[""\nDota: Dragon's Blood was originally aired on Netflix.""]",ans,1
P449_general_WESTERN_COUNTRIES_680,The Smurfs,"['National Broadcasting Company', 'NBC']",['\nThe Smurfs was originally aired on NBC in the United States.'],ans,1
P449_general_WESTERN_COUNTRIES_682,Karma's World,"['Net Flix', 'Netflix.com', 'Netflix']","[""\nKarma's World was originally aired on Netflix.""]",ans,1
P449_general_WESTERN_COUNTRIES_684,Monsters at Work,"['Disney+ Hotstar (India & Asia)', 'Disney Plus', 'Disney+ Star (Europe & Asia)', 'Disney+']",['\nMonsters at Work was originally aired on Disney+.'],ans,1
P449_general_WESTERN_COUNTRIES_686,The Powerpuff Girls,['Cartoon Network'],['\nThe Powerpuff Girls was originally aired on Cartoon Network in the United States.'],ans,1
P449_general_WESTERN_COUNTRIES_688,Once Upon a Time in Wonderland,"['American Broadcasting Company', 'ABC']",['\nOnce Upon a Time in Wonderland was originally aired on ABC in the United States.'],ans,1
P449_general_WESTERN_COUNTRIES_690,Bunheads,"['CBN Television Network', 'ABC Family', 'The Family Channel USA', 'CBN Cable', 'Family Channel (USA)', 'Freeform', 'CBN Cable Network', 'Fox Family', 'CBN Satellite Service', 'Family Channel (United States)']",['\nBunheads was originally aired on ABC Family.'],ans,1
P449_general_WESTERN_COUNTRIES_692,Mixels,['Cartoon Network'],['\nMixels was originally aired on Cartoon Network in the United States.'],ans,1
P449_general_WESTERN_COUNTRIES_694,Crossing Lines,"['AXN', 'TF1', 'National Broadcasting Company', 'NBC', 'AXioN', 'AXN Action TV', 'Télévision française 1']",['\nCrossing Lines was originally aired on NBC in the United States.'],ans,1
P449_general_WESTERN_COUNTRIES_696,Close Enough,['HBO Max'],['\nClose Enough was originally aired on TBS.'],ans,0
P449_general_WESTERN_COUNTRIES_698,Sonic Boom,"['Boomerang', 'Boomerang from Cartoon Network']",['\nSonic Boom was originally aired on Cartoon Network in the United States.'],ans,0
P449_general_WESTERN_COUNTRIES_700,The Late Late Show with James Corden,"['Tiffany Network', 'Eye Network', 'Columbia Broadcasting System', 'CBS', 'Black Rock']",['\nThe Late Late Show with James Corden was originally aired on CBS in the United States.'],ans,1
P449_general_WESTERN_COUNTRIES_702,Agatha Christie's Poirot,"['ITV1', 'ITV']","[""\nAgatha Christie's Poirot was originally aired on ITV in the United Kingdom.""]",ans,1
P449_general_WESTERN_COUNTRIES_704,The Returned,"['Canal+', 'CANAL+', 'Canal+ HD']",['\nThe Returned was originally aired on Canal+ in France.'],ans,1
P449_general_WESTERN_COUNTRIES_706,Workin' Moms,['CBC Television'],"[""\nWorkin' Moms was originally aired on CBC Television in Canada.""]",ans,1
P449_general_WESTERN_COUNTRIES_708,Helix,"['SciFi Entertainment', 'Sci Fi', 'Syfy', 'Sci-Fi Channel', 'SciFi']",['\nHelix was originally aired on Syfy in the United States.'],ans,1
P449_general_WESTERN_COUNTRIES_710,"Upstairs, Downstairs","['ITV', 'Independent Television']","['\nUpstairs, Downstairs was originally aired on ITV in the United Kingdom.']",ans,1
P449_general_WESTERN_COUNTRIES_712,Marcella,"['ITV', 'Independent Television']",['\nMarcella was originally aired on ITV in the United Kingdom.'],ans,1
P449_general_WESTERN_COUNTRIES_714,Secret Invasion,"['Disney+ Hotstar (India & Asia)', 'Disney Plus', 'Disney+ Star (Europe & Asia)', 'Disney+']",['\nSecret Invasion was originally aired on ABC.'],ans,0
P449_general_WESTERN_COUNTRIES_716,ABC World News Tonight,"['American Broadcasting Company', 'ABC']",['\nABC World News Tonight was originally aired on ABC.'],ans,1
P449_general_WESTERN_COUNTRIES_718,The Lion Guard,['Disney Junior'],['\nThe Lion Guard was originally aired on Disney Junior.'],ans,1
P449_general_WESTERN_COUNTRIES_720,Law & Order: UK,"['ITV', 'Independent Television']",['\nLaw & Order: UK was originally aired on ITV in the United Kingdom.'],ans,1
P449_general_WESTERN_COUNTRIES_722,Taz-Mania,"['American Broadcasting Company', 'ABC']",['\nTaz-Mania was originally aired on the Fox Kids network.'],ans,0
P449_general_WESTERN_COUNTRIES_724,Helluva Boss,"['youtu.be', 'YouTube.com', 'youtube.com', 'YouTube', 'Youtube', 'YT', 'www.youtube.com', 'Youtube.com']",['\nHelluva Boss was originally aired on YouTube.'],ans,1
P449_general_WESTERN_COUNTRIES_726,"Lost, season 1","['American Broadcasting Company', 'ABC']","['\nLost, season 1 was originally aired on ABC in the United States.']",ans,1
P449_general_WESTERN_COUNTRIES_728,Sense and Sensibility,"['BBC One', 'BBC Television Service', 'BBC1', 'BBC TV', 'BBC 1']",['\nSense and Sensibility was originally aired on BBC One in the United Kingdom.'],ans,1
P449_general_WESTERN_COUNTRIES_730,Yin Yang Yo!,"['ABC Family Mornings', 'Toon Disney Primetime', 'Jetix']",['\nYin Yang Yo! was originally aired on the Kids WB network in the United States.'],ans,0
P449_general_WESTERN_COUNTRIES_732,Full House,"['American Broadcasting Company', 'ABC']",['\nFull House was originally aired on ABC in the United States.'],ans,1
P449_general_WESTERN_COUNTRIES_734,Weeds,"['Showtime TV', 'SHO', 'Showtime', 'Showtime Networks']",['\nWeeds was originally aired on Showtime in the United States.'],ans,1
P449_general_WESTERN_COUNTRIES_736,Gargoyles,"['American Broadcasting Company', 'ABC']",['\nGargoyles was originally aired on The Disney Channel in the United States.'],ans,0
P449_general_WESTERN_COUNTRIES_738,Ben 10,['Cartoon Network'],['\nBen 10 was originally aired on Cartoon Network in the United States.'],ans,1
P449_general_WESTERN_COUNTRIES_740,Ashes to Ashes,"['BBC One', 'BBC Television Service', 'BBC1', 'BBC TV', 'BBC 1']",['\nAshes to Ashes was originally aired on BBC One in the United Kingdom.'],ans,1
P449_general_WESTERN_COUNTRIES_742,The Proud Family,"['Disney', 'Disney Channel', 'The Disney Channel']",['\nThe Proud Family originally aired on Disney Channel.'],ans,1
P449_general_WESTERN_COUNTRIES_744,The Tomorrow War,"['Amazon Instant Video', 'Amazon Prime Video', 'Amazon Unbox', 'Amazon Prime', 'Amazon Video On Demand', 'Amazon Video']",['\nThe Tomorrow War was originally aired on Amazon Prime Video.'],ans,1
P449_general_WESTERN_COUNTRIES_746,Nancy Drew,"['The CW', 'The CW Television Network']",['\nNancy Drew was originally aired on the American television network The CW.'],ans,1
P449_general_WESTERN_COUNTRIES_748,Glitch Techs,"['Net Flix', 'Netflix.com', 'Netflix']",['\nGlitch Techs was originally aired on Netflix.'],ans,1
P449_general_WESTERN_COUNTRIES_750,Law & Order: Criminal Intent,"['National Broadcasting Company', 'NBC']",['\nLaw & Order: Criminal Intent was originally aired on NBC in the United States.'],ans,1
P449_general_WESTERN_COUNTRIES_752,The New Normal,"['National Broadcasting Company', 'NBC']",['\nThe New Normal was originally aired on NBC.'],ans,1
P449_general_WESTERN_COUNTRIES_754,Jonas,"['Disney', 'Disney Channel', 'The Disney Channel']",['\nJonas was originally aired on Disney Channel.'],ans,1
P449_general_WESTERN_COUNTRIES_756,Foundation,"['AppleTV+', 'Apple TV+', 'Apple TV Plus']",['\nFoundation was originally aired on Apple TV+.'],ans,1
P449_general_WESTERN_COUNTRIES_758,Top Cat,"['American Broadcasting Company', 'ABC']",['\nTop Cat originally aired on ABC in the United States.'],ans,1
P449_general_WESTERN_COUNTRIES_760,Arcane,"['Net Flix', 'Netflix.com', 'Netflix']",['\nArcane was originally aired on Netflix.'],ans,1
P449_general_WESTERN_COUNTRIES_762,Codename: Kids Next Door,['Cartoon Network'],['\nCodename: Kids Next Door was originally aired on Cartoon Network in the United States.'],ans,1
P449_general_WESTERN_COUNTRIES_764,The Originals,"['The CW', 'The CW Television Network']",['\nThe Originals was originally aired on The CW.'],ans,1
P449_general_WESTERN_COUNTRIES_766,Everwood,"['The WB Television Network', 'The WB']",['\nEverwood was originally aired on The WB network.'],ans,1
P449_general_WESTERN_COUNTRIES_768,Medium,"['Tiffany Network', 'Eye Network', 'Columbia Broadcasting System', 'CBS', 'National Broadcasting Company', 'NBC', 'Black Rock']",['\nMedium was originally aired on NBC.'],ans,1
P449_general_WESTERN_COUNTRIES_770,The Haunting of Hill House,"['Net Flix', 'Netflix.com', 'Netflix']",['\nThe Haunting of Hill House was originally aired on Netflix.'],ans,1
P449_general_WESTERN_COUNTRIES_772,The Octonauts,"['BBC', 'British Broadcasting Corporation']",['\nThe Octonauts originally aired on CBeebies in the United Kingdom.'],ans,0
P449_general_WESTERN_COUNTRIES_774,Superman: The Animated Series,"['The WB Television Network', 'The WB']",['\nSuperman: The Animated Series was originally aired on The WB Television Network in the United States.'],ans,1
P449_general_WESTERN_COUNTRIES_776,Murphy Brown,"['Tiffany Network', 'Eye Network', 'Columbia Broadcasting System', 'CBS', 'Black Rock']",['\nMurphy Brown was originally aired on CBS.'],ans,1
P449_general_WESTERN_COUNTRIES_778,Doctor Who,"['BBC One', 'BBC Television Service', 'BBC1', 'BBC TV', 'FOX', 'BBC 1', 'Fox Broadcasting Company']",['\nDoctor Who was originally aired on the BBC in the United Kingdom.'],ans,0
P449_general_WESTERN_COUNTRIES_780,Moonlighting,"['American Broadcasting Company', 'ABC']",['\nMoonlighting was originally aired on ABC.'],ans,1
P449_general_WESTERN_COUNTRIES_782,Late Night with Jimmy Fallon,"['National Broadcasting Company', 'NBC']",['\nLate Night with Jimmy Fallon was originally aired on NBC.'],ans,1
P449_general_WESTERN_COUNTRIES_784,The Killing,"['AMC', 'AMC Network', 'AMC network', 'AMC (television channel)', 'American Movie Channel', 'Filmcritic.com', 'AMC (TV Network)', 'AMC (TV network)', 'American Movie Classics']",['\nThe Killing was originally aired on AMC in the United States.'],ans,1
P449_general_WESTERN_COUNTRIES_786,"Lost, season 5","['American Broadcasting Company', 'ABC']","['\nLost, season 5 was originally aired on ABC.']",ans,1
P449_general_WESTERN_COUNTRIES_788,Great News,"['National Broadcasting Company', 'NBC']",['\nGreat News was originally aired on NBC.'],ans,1
P449_general_WESTERN_COUNTRIES_790,"Magnum, P.I.","['Tiffany Network', 'Eye Network', 'Columbia Broadcasting System', 'CBS', 'Black Rock']","['\nMagnum, P.I. was originally aired on CBS.']",ans,1
P449_general_WESTERN_COUNTRIES_792,Paradise PD,"['Net Flix', 'Netflix.com', 'Netflix']",['\nParadise PD originally aired on Netflix.'],ans,1
P449_general_WESTERN_COUNTRIES_794,Johnny Test,"['Teletoon', 'The WB Television Network', 'The WB']",['\nJohnny Test was originally aired on Cartoon Network in the United States.'],ans,0
P449_general_WESTERN_COUNTRIES_796,Survivors,"['BBC One', 'BBC Television Service', 'BBC1', 'BBC TV', 'BBC 1']",['\nSurvivors was originally aired on BBC One in the United Kingdom.'],ans,1
P449_general_WESTERN_COUNTRIES_798,Kamp Koral: SpongeBob's Under Years,"['Nick', 'Pinwheel', 'Nickelodeon']","[""\nKamp Koral: SpongeBob's Under Years was originally aired on Paramount""]",ans,0
P449_general_WESTERN_COUNTRIES_800,Rose Red,"['American Broadcasting Company', 'ABC']",['\nRose Red was originally aired on the American television network ABC.'],ans,1
P449_general_WESTERN_COUNTRIES_802,Tiny Toon Adventures,"['American Broadcasting Company', 'ABC']","['\nTiny Toon Adventures was originally aired on the American cable television network, Fox Kids.']",ans,0
P449_general_WESTERN_COUNTRIES_804,Power Players,['Cartoon Network'],"[""\nI'm sorry, I cannot provide an accurate answer without additional context. Could you please provide more information about the specific Power Players""]",unk,0
P449_general_WESTERN_COUNTRIES_806,Preacher,"['AMC', 'AMC Network', 'AMC network', 'AMC (television channel)', 'American Movie Channel', 'Filmcritic.com', 'AMC (TV Network)', 'AMC (TV network)', 'American Movie Classics']",['\nPreacher was originally aired on AMC.'],ans,1
P449_general_WESTERN_COUNTRIES_808,The Six Million Dollar Man,"['American Broadcasting Company', 'ABC']",['\nThe Six Million Dollar Man was originally aired on ABC.'],ans,1
P449_general_WESTERN_COUNTRIES_810,Doctor Who Confidential,"['BBC3', 'BBC 3', 'BBC Three']",['\nDoctor Who Confidential was originally aired on BBC Three in the United Kingdom.'],ans,1
P449_general_WESTERN_COUNTRIES_812,Good Luck Charlie,"['Disney', 'Disney Channel', 'The Disney Channel']",['\nGood Luck Charlie was originally aired on Disney Channel.'],ans,1
P449_general_WESTERN_COUNTRIES_814,WordWorld,"['Public Broadcasting System', 'pbs.org', 'PBS']",['\nWordWorld was originally aired on PBS Kids in the United States.'],ans,1
P449_general_WESTERN_COUNTRIES_816,Defying Gravity,"['CTV Television Network', 'CTV (Canadian Television Network)']",['\nDefying Gravity was originally aired on ABC in the United States.'],ans,0
P449_general_WESTERN_COUNTRIES_818,The Day After,"['American Broadcasting Company', 'ABC']",['\nThe Day After was originally aired on ABC in the United States.'],ans,1
P449_general_WESTERN_COUNTRIES_820,The Strain,"['FX', 'fX', 'Fox extended', 'FX network']",['\nThe Strain was originally aired on FX in the United States.'],ans,1
P449_general_WESTERN_COUNTRIES_822,Bates Motel,"['A&E TV', 'Arts & Entertainment', 'A&E', 'A&E Television Network', 'Arts & Entertainment Network']",['\nBates Motel was originally aired on the A&E network.'],ans,1
P449_general_WESTERN_COUNTRIES_824,Austin & Ally,"['Disney', 'Disney Channel', 'The Disney Channel']",['\nAustin & Ally was originally aired on Disney Channel.'],ans,1
P449_general_WESTERN_COUNTRIES_826,The Crazy Ones,"['Tiffany Network', 'Eye Network', 'Columbia Broadcasting System', 'CBS', 'Black Rock']",['\nThe Crazy Ones was originally aired on CBS.'],ans,1
P449_general_WESTERN_COUNTRIES_828,Shut Up and Dance,"['Net Flix', 'Netflix.com', 'Netflix']",['\nShut Up and Dance was originally aired on the British television series Black Mirror.'],ans,0
P449_general_WESTERN_COUNTRIES_830,I Know This Much Is True,"['HBO Family', 'Home Box Office', 'HBO']",['\nI Know This Much Is True was originally aired on HBO.'],ans,1
P449_general_WESTERN_COUNTRIES_832,Melrose Place,"['Fox Broadcasting Company', 'FOX']",['\nMelrose Place was originally aired on Fox in the United States.'],ans,1
P449_general_WESTERN_COUNTRIES_834,Batman Beyond,"['The WB Television Network', 'The WB']",['\nBatman Beyond was originally aired on The WB Television Network in the United States.'],ans,1
P449_general_WESTERN_COUNTRIES_836,Hawaii Five-O,"['Tiffany Network', 'Eye Network', 'Columbia Broadcasting System', 'CBS', 'Black Rock']",['\nHawaii Five-O was originally aired on CBS.'],ans,1
P449_general_WESTERN_COUNTRIES_838,Elinor Wonders Why,"['PTV', 'PBS Kids']",['\nElinor Wonders Why was originally aired on PBS Kids.'],ans,1
P449_general_WESTERN_COUNTRIES_840,Clarice,"['Tiffany Network', 'Eye Network', 'Columbia Broadcasting System', 'CBS', 'Black Rock']",['\nClarice was originally aired on CBS.'],ans,1
P449_general_WESTERN_COUNTRIES_842,The Underground Railroad,"['Amazon Instant Video', 'Amazon Prime Video', 'Amazon Unbox', 'Amazon Prime', 'Amazon Video On Demand', 'Amazon Video']",['\nThe Underground Railroad was originally aired on Amazon Prime Video.'],ans,1
P449_general_WESTERN_COUNTRIES_844,The Persuaders!,"['ITV', 'Independent Television']",['\nThe Persuaders! was originally aired on ITV in the United Kingdom.'],ans,1
P449_general_WESTERN_COUNTRIES_846,Luther,"['BBC One', 'BBC Television Service', 'BBC1', 'BBC TV', 'BBC 1']",['\nLuther was originally aired on BBC One in the United Kingdom.'],ans,1
P449_general_WESTERN_COUNTRIES_848,MasterChef,"['BBC One', 'BBC Television Service', 'BBC Two', 'BBC1', 'BBC TV', 'BBC 1', 'BBC 2', 'BBC2']",['\nMasterChef was originally aired on BBC One in the United Kingdom.'],ans,1
P449_general_WESTERN_COUNTRIES_850,Transformers: Robots in Disguise,['Cartoon Network'],['\nTransformers: Robots in Disguise was originally aired on Cartoon Network in the United States.'],ans,1
P449_general_WESTERN_COUNTRIES_852,Sonny with a Chance,"['Disney', 'Disney Channel', 'The Disney Channel']",['\nSonny with a Chance was originally aired on Disney Channel.'],ans,1
P449_general_WESTERN_COUNTRIES_854,S.W.A.T.,"['Tiffany Network', 'Eye Network', 'Columbia Broadcasting System', 'CBS', 'Black Rock']",['\nS.W.A.T. was originally aired on ABC.'],opt,0
P449_general_WESTERN_COUNTRIES_856,Dominion,"['SciFi Entertainment', 'Sci Fi', 'Syfy', 'Sci-Fi Channel', 'SciFi']",['\nDominion was originally aired on Syfy in the United States.'],ans,1
P449_general_WESTERN_COUNTRIES_858,Camelot,"['STARZ!', 'Starz']",['\nCamelot was originally aired on the NBC network in the United States.'],ans,0
P449_general_WESTERN_COUNTRIES_860,Rainbow Ruby,"['EBS 1TV', 'CCTV Children', 'CCTV-14', 'CCTV Kids', 'EBS 1']",['\nRainbow Ruby was originally aired on the BBC in the United Kingdom.'],ans,0
P449_general_WESTERN_COUNTRIES_862,Spartacus: Vengeance,"['STARZ!', 'Starz']",['\nSpartacus: Vengeance was originally aired on Starz.'],ans,1
P449_general_WESTERN_COUNTRIES_864,The Whispers,"['American Broadcasting Company', 'ABC']",['\nThe Whispers was originally aired on ABC in the United States.'],ans,1
P449_general_WESTERN_COUNTRIES_866,OK K.O.! Let's Be Heroes,['Cartoon Network'],"[""\nOK K.O.! Let's Be Heroes was originally aired on Cartoon Network in the""]",ans,1
P449_general_WESTERN_COUNTRIES_868,Nightline,"['American Broadcasting Company', 'ABC']",['\nNightline was originally aired on ABC.'],ans,1
P449_general_WESTERN_COUNTRIES_870,The Exorcist,"['Fox Broadcasting Company', 'FOX']",['\nThe Exorcist was originally aired on ABC in the United States.'],ans,0
P449_general_WESTERN_COUNTRIES_872,Dog Whisperer with Cesar Millan,"['National Geographic Channel', 'TV National Geographic Channel Animal in Germany']",['\nDog Whisperer with Cesar Millan was originally aired on the National Geographic Channel.'],ans,1
P449_general_WESTERN_COUNTRIES_874,Dahmer – Monster: The Jeffrey Dahmer Story,"['Net Flix', 'Netflix.com', 'Netflix']",['\nDahmer – Monster: The Jeffrey Dahmer Story was originally aired on the'],ans,0
P449_general_WESTERN_COUNTRIES_876,Unbelievable,"['Net Flix', 'Netflix.com', 'Netflix']",['\nUnbelievable was originally aired on Netflix.'],ans,1
P449_general_WESTERN_COUNTRIES_878,Airwolf,"['Tiffany Network', 'Eye Network', 'USA Network', 'Columbia Broadcasting System', 'USA', 'CBS', 'Black Rock']",['\nAirwolf was originally aired on CBS in the United States.'],ans,1
P449_general_WESTERN_COUNTRIES_880,9-1-1,"['Fox Broadcasting Company', 'FOX']",['\n9-1-1 was originally aired on the Fox network in the United States.'],ans,1
P449_general_WESTERN_COUNTRIES_882,Resident Evil,"['Net Flix', 'Netflix.com', 'Netflix']",['\nResident Evil was originally aired on the PlayStation in 1996.'],ans,0
P449_general_WESTERN_COUNTRIES_884,The 4400,"['USA Network', 'USA']",['\nThe 4400 was originally aired on the USA Network.'],ans,1
P449_general_WESTERN_COUNTRIES_886,Royal Pains,"['USA Network', 'USA']",['\nRoyal Pains was originally aired on the USA Network.'],ans,1
P449_general_WESTERN_COUNTRIES_888,Little House on the Prairie,"['National Broadcasting Company', 'NBC']",['\nLittle House on the Prairie was originally aired on NBC in the United States.'],ans,1
P449_general_WESTERN_COUNTRIES_890,Banshee,"['Max', 'Cinemax']",['\nBanshee was originally aired on Cinemax in the United States.'],ans,1
P449_general_WESTERN_COUNTRIES_892,SeaQuest DSV,"['La 1', 'National Broadcasting Company', 'NBC']",['\nSeaQuest DSV was originally aired on NBC in the United States.'],ans,1
P449_general_WESTERN_COUNTRIES_894,Disenchantment,"['Net Flix', 'Netflix.com', 'Netflix']",['\nDisenchantment was originally aired on Netflix.'],ans,1
P449_general_WESTERN_COUNTRIES_896,Silent Witness,"['BBC One', 'BBC Television Service', 'BBC1', 'BBC TV', 'BBC 1']",['\nSilent Witness was originally aired on BBC One in the United Kingdom.'],ans,1
P449_general_WESTERN_COUNTRIES_898,Primeval: New World,"['CTV Sci-Fi Channel', 'Space']",['\nPrimeval: New World was originally aired on Syfy in the United States.'],ans,0
P449_general_WESTERN_COUNTRIES_900,Stretch Armstrong & The Flex Fighters,"['Net Flix', 'Netflix.com', 'Netflix']",['\nStretch Armstrong & The Flex Fighters was originally aired on Netflix.'],ans,1
P449_general_WESTERN_COUNTRIES_902,Twisted,"['CBN Television Network', 'ABC Family', 'The Family Channel USA', 'CBN Cable', 'Family Channel (USA)', 'Freeform', 'CBN Cable Network', 'Fox Family', 'CBN Satellite Service', 'Family Channel (United States)']",['\nTwisted was originally aired on ABC Family.'],ans,1
P449_general_WESTERN_COUNTRIES_904,Transparent,"['Amazon Instant Video', 'Amazon Prime Video', 'Amazon Unbox', 'Amazon Prime', 'Amazon Video On Demand', 'Amazon Video']",['\nTransparent was originally aired on Amazon Prime Video.'],ans,1
P449_general_WESTERN_COUNTRIES_906,Scorpion,"['Tiffany Network', 'Eye Network', 'Columbia Broadcasting System', 'CBS', 'Black Rock']",['\nScorpion was originally aired on CBS.'],ans,1
P449_general_WESTERN_COUNTRIES_908,The L Word,"['Showtime TV', 'SHO', 'Showtime', 'Showtime Networks']",['\nThe L Word was originally aired on Showtime in the United States.'],ans,1
P449_general_WESTERN_COUNTRIES_910,Power,"['STARZ!', 'Starz']",['\nPower was originally aired on the Starz network.'],ans,1
P449_general_WESTERN_COUNTRIES_912,Humans,"['Channel 4', 'C4']",['\nHumans was originally aired on Channel 4 in the United Kingdom.'],ans,1
P449_general_WESTERN_COUNTRIES_914,Andromeda,"['SciFi Entertainment', 'Global Television Network', 'Global TV', 'Sci Fi', 'Syfy', 'Sci-Fi Channel', 'SciFi']",['\nAndromeda was originally aired on the Sci-Fi Channel in the United States.'],ans,1
P449_general_WESTERN_COUNTRIES_916,Knight Rider,"['National Broadcasting Company', 'NBC']",['\nKnight Rider was originally aired on NBC in the United States.'],ans,1
P449_general_WESTERN_COUNTRIES_918,No Good Nick,"['Net Flix', 'Netflix.com', 'Netflix']",['\nNo Good Nick was originally aired on Netflix.'],ans,1
P449_general_WESTERN_COUNTRIES_920,F Is for Family,"['Net Flix', 'Netflix.com', 'Netflix']",['\nF Is for Family was originally aired on Netflix.'],ans,1
P449_general_WESTERN_COUNTRIES_922,The Beverly Hillbillies,"['Tiffany Network', 'Eye Network', 'Columbia Broadcasting System', 'CBS', 'Black Rock']",['\nThe Beverly Hillbillies was originally aired on CBS.'],ans,1
P449_general_WESTERN_COUNTRIES_924,Switched at Birth,"['CBN Television Network', 'ABC Family', 'The Family Channel USA', 'CBN Cable', 'Family Channel (USA)', 'Freeform', 'CBN Cable Network', 'Fox Family', 'CBN Satellite Service', 'Family Channel (United States)']",['\nSwitched at Birth was originally aired on ABC Family.'],ans,1
P449_general_WESTERN_COUNTRIES_926,Boy Meets World,"['American Broadcasting Company', 'ABC']",['\nBoy Meets World was originally aired on ABC.'],ans,1
P449_general_WESTERN_COUNTRIES_928,Last Resort,"['American Broadcasting Company', 'ABC']",['\nLast Resort was originally aired on ABC.'],ans,1
P449_general_WESTERN_COUNTRIES_930,In the Flesh,"['BBC3', 'BBC 3', 'BBC Three']",['\nIn the Flesh was originally aired on BBC Three in the United Kingdom.'],ans,1
P449_general_WESTERN_COUNTRIES_932,Ripper Street,"['BBC One', 'BBC Television Service', 'Amazon Instant Video', 'BBC1', 'BBC TV', 'Amazon Prime Video', 'BBC 1', 'Amazon Unbox', 'Amazon Prime', 'Amazon Video On Demand', 'Amazon Video']",['\nRipper Street was originally aired on BBC One in the United Kingdom.'],ans,1
P449_general_WESTERN_COUNTRIES_934,The Backyardigans,['Nick Jr.'],['\nThe Backyardigans originally aired on Nickelodeon in the United States.'],ans,0
P449_general_WESTERN_COUNTRIES_936,Persons Unknown,"['National Broadcasting Company', 'NBC']",['\nPersons Unknown was originally aired on NBC.'],unk,1
P449_general_WESTERN_COUNTRIES_938,Baywatch,"['National Broadcasting Company', 'NBC']",['\nBaywatch was originally aired on NBC in the United States.'],ans,1
P449_general_WESTERN_COUNTRIES_940,Oz,"['HBO Family', 'Home Box Office', 'HBO']",['\nOz was originally aired on HBO in the United States.'],ans,1
P449_general_WESTERN_COUNTRIES_942,Chowder,['Cartoon Network'],['\nChowder was originally aired on Cartoon Network in the United States.'],ans,1
P449_general_WESTERN_COUNTRIES_944,Lie to Me,"['Fox Broadcasting Company', 'FOX']",['\nLie to Me was originally aired on the Fox network in the United States.'],ans,1
P449_general_WESTERN_COUNTRIES_946,Roswell,"['The WB Television Network', 'The WB']",['\nRoswell was originally aired on The WB network.'],ans,1
P449_general_WESTERN_COUNTRIES_948,Emily Owens,"['The CW', 'The CW Television Network']","['\nEmily Owens, M.D. was originally aired on The CW.']",ans,1
P449_general_WESTERN_COUNTRIES_950,Countdown with Keith Olbermann,"['Microsoft National Broadcasting Company', 'MSNBC']",['\nCountdown with Keith Olbermann was originally aired on MSNBC.'],ans,1
P449_general_WESTERN_COUNTRIES_952,Doc Martin,"['ITV', 'Independent Television']",['\nDoc Martin was originally aired on ITV in the United Kingdom.'],ans,1
P449_general_WESTERN_COUNTRIES_954,Lethal Weapon,"['Fox Broadcasting Company', 'FOX']",['\nLethal Weapon was originally aired on the Fox network in the United States.'],ans,1
P449_general_WESTERN_COUNTRIES_956,The King of Queens,"['Tiffany Network', 'Eye Network', 'Columbia Broadcasting System', 'CBS', 'Black Rock']",['\nThe King of Queens was originally aired on CBS.'],ans,1
P449_general_WESTERN_COUNTRIES_958,Shades of Blue,"['National Broadcasting Company', 'NBC']",['\nShades of Blue was originally aired on NBC.'],ans,1
P449_general_WESTERN_COUNTRIES_960,Hollywood,"['Net Flix', 'Netflix.com', 'Netflix']",['\nHollywood was originally aired on Netflix.'],ans,1
P449_general_WESTERN_COUNTRIES_962,FBI,"['Tiffany Network', 'Eye Network', 'Columbia Broadcasting System', 'CBS', 'Black Rock']",['\nFBI was originally aired on CBS.'],ans,1
P449_general_WESTERN_COUNTRIES_964,The Affair,"['Showtime TV', 'SHO', 'Showtime', 'Showtime Networks']",['\nThe Affair was originally aired on Showtime.'],ans,1
P449_general_WESTERN_COUNTRIES_966,Masters of Sex,"['Showtime TV', 'SHO', 'Showtime', 'Showtime Networks']",['\nMasters of Sex was originally aired on Showtime.'],ans,1
P449_general_WESTERN_COUNTRIES_968,Dead Like Me,"['Showtime TV', 'SHO', 'Showtime', 'Showtime Networks']",['\nDead Like Me was originally aired on Showtime in the United States.'],ans,1
P449_general_WESTERN_COUNTRIES_970,Ghost Whisperer,"['Tiffany Network', 'Eye Network', 'Columbia Broadcasting System', 'CBS', 'Black Rock']",['\nGhost Whisperer was originally aired on CBS.'],ans,1
P449_general_WESTERN_COUNTRIES_972,DreamWorks Dragons,"['Net Flix', 'Netflix.com', 'Cartoon Network', 'Netflix']",['\nDreamWorks Dragons was originally aired on Cartoon Network in the United States.'],ans,1
P449_general_WESTERN_COUNTRIES_974,The Hour,"['BBC Two', 'BBC2', 'BBC 2']",['\nThe Hour was originally aired on BBC Two in the United Kingdom.'],ans,1
P449_general_WESTERN_COUNTRIES_976,Covert Affairs,"['USA Network', 'USA']",['\nCovert Affairs was originally aired on USA Network.'],ans,1
P449_general_WESTERN_COUNTRIES_978,"Go, Dog. Go!","['Net Flix', 'Netflix.com', 'Netflix']","['\nGo, Dog. Go! was originally aired on CBS.']",ans,0
P449_general_WESTERN_COUNTRIES_980,The Mentalist,"['Tiffany Network', 'Eye Network', 'Columbia Broadcasting System', 'CBS', 'Black Rock']",['\nThe Mentalist was originally aired on CBS.'],ans,1
P449_general_WESTERN_COUNTRIES_982,The National Anthem,"['Channel 4', 'C4']",['\nThe National Anthem was originally aired on BBC One in the United Kingdom.'],ans,0
P449_general_WESTERN_COUNTRIES_984,The Replacements,"['Toon Disney', 'Disney Channel', 'Disney', 'The Disney Channel']",['\nThe Replacements was originally aired on ABC.'],ans,0
P449_general_WESTERN_COUNTRIES_986,Doctor Foster,"['BBC One', 'BBC Television Service', 'BBC1', 'BBC TV', 'BBC 1']",['\nDoctor Foster was originally aired on BBC One in the United Kingdom.'],ans,1
P449_general_WESTERN_COUNTRIES_988,Trailer Park Boys,"['Net Flix', 'Netflix.com', 'Netflix']",['\nTrailer Park Boys was originally aired on Showcase in Canada.'],ans,0
P449_general_WESTERN_COUNTRIES_990,Calimero,"['Tv-asahi', 'TV Asahi', 'ANB']",['\nCalimero was originally aired on Rai 1 in Italy.'],ans,0
P449_general_WESTERN_COUNTRIES_992,Rapunzel's Tangled Adventure,"['Disney', 'Disney Channel', 'The Disney Channel']","[""\nRapunzel's Tangled Adventure was originally aired on Disney Channel.""]",ans,1
P449_general_WESTERN_COUNTRIES_994,Transformers: Cyberverse,['Cartoon Network'],['\nTransformers: Cyberverse was originally aired on Cartoon Network in the United States.'],ans,1
P449_general_WESTERN_COUNTRIES_996,Pee-wee's Playhouse,"['Tiffany Network', 'Eye Network', 'Columbia Broadcasting System', 'CBS', 'Black Rock']","[""\nPee-wee's Playhouse was originally aired on CBS.""]",ans,1
P449_general_WESTERN_COUNTRIES_998,La Femme Nikita,"['USA Network', 'USA']",['\nLa Femme Nikita was originally aired on the French television network La Cinq.'],ans,0
