﻿uuid,sub_label,obj_label,choices,ans_type,acc
P449_general_ASIA_0,Kamen Rider Zero-One,"['Tv-asahi', 'TV Asahi', 'ANB']",['\nKamen Rider Zero-One was originally aired on TV Asahi in Japan.'],ans,1
P449_general_ASIA_2,Kamen Rider Saber,"['Tv-asahi', 'TV Asahi', 'ANB']",['\nKamen Rider Saber was originally aired on TV Asahi in Japan.'],ans,1
P449_general_ASIA_4,Case Closed,"['Nippon Television', 'JOAX', 'NTV', 'Nippon TV', 'Nippon Television Network']",['\nCase Closed was originally aired on Fuji TV in Japan.'],ans,0
P449_general_ASIA_6,Kaizoku Sentai Gokaiger,"['Tv-asahi', 'TV Asahi', 'ANB']",['\nKaizoku Sentai Gokaiger was originally aired on TV Asahi in Japan.'],ans,1
P449_general_ASIA_8,Uchu Sentai Kyuranger,"['Tv-asahi', 'TV Asahi', 'ANB']",['\nUchu Sentai Kyuranger was originally aired on TV Asahi in Japan.'],ans,1
P449_general_ASIA_10,Shōten,"['Nippon Television', 'JOAX', 'NTV', 'Nippon TV', 'Nippon Television Network']","[""\nI'm sorry, I cannot provide an accurate answer without additional context. Could you please provide more information about Shōten""]",unk,0
P449_general_ASIA_12,The 13 Lords of the Shogun,"['NHK', 'Nippon Hoso Kyokai', 'Japan Broadcasting Corporation', 'nhk.or.jp', 'Nippon Hōsō Kyōkai']",['\nThe 13 Lords of the Shogun was originally aired on the Japanese television network NHK'],ans,1
P449_general_ASIA_14,Yowamushi Pedal,"['Tokyo TV', 'Television Tokyo Channel', 'TX', 'Television Tokyo', 'Digital7', 'Teleto', 'TV Tokyo']",['\nYowamushi Pedal was originally aired on TV Tokyo in Japan.'],ans,1
P449_general_ASIA_16,Mashin Sentai Kiramager,"['Tv-asahi', 'TV Asahi', 'ANB']",['\nMashin Sentai Kiramager was originally aired on TV Asahi in Japan.'],ans,1
P449_general_ASIA_18,Kaitou Sentai Lupinranger VS Keisatsu Sentai Patranger,"['Tv-asahi', 'TV Asahi', 'ANB']",['\nKaitou Sentai Lupinranger VS'],ans,0
P449_general_ASIA_20,Kinpachi-sensei,"['TBSHD', 'Tokyo Broadcasting System', 'Tokyo Broadcasting System Holdings', 'TBS Holdings', 'TBS']","[""\nI'm sorry, I cannot provide an accurate answer without additional context. Could you please provide more information about""]",unk,0
P449_general_ASIA_22,Yell,"['NHK G', 'NHK General TV']","[""\nI'm sorry, I cannot provide an accurate answer without additional context. Could you please provide more information?""]",unk,0
P449_general_ASIA_24,Hanzawa Naoki,"['TBSHD', 'Tokyo Broadcasting System', 'Tokyo Broadcasting System Holdings', 'TBS Holdings', 'TBS']",['\nHanzawa Naoki was originally aired on Fuji TV in Japan.'],ans,0
P449_general_ASIA_26,Star Blazers 2199,"['Mainichi Broadcasting System, Inc.', 'Mainichi Broadcasting System', 'MBS']",['\nStar Blazers 2199 was originally aired on NHK General TV in Japan.'],ans,0
P449_general_ASIA_28,Yu-Gi-Oh! Zexal,"['Tokyo TV', 'Television Tokyo Channel', 'TX', 'Television Tokyo', 'Digital7', 'Teleto', 'TV Tokyo']",['\nYu-Gi-Oh! Zexal was originally aired on TV Tokyo in Japan.'],ans,1
P449_general_ASIA_30,Log Horizon,"['NHK', 'Nippon Hoso Kyokai', 'Japan Broadcasting Corporation', 'nhk.or.jp', 'Nippon Hōsō Kyōkai']",['\nLog Horizon was originally aired on NHK Educational TV in Japan.'],ans,1
P449_general_ASIA_32,Ressha Sentai ToQger,"['Tv-asahi', 'TV Asahi', 'ANB']",['\nRessha Sentai ToQger was originally aired on TV Asahi in Japan.'],ans,1
P449_general_ASIA_34,Kamen Rider Ghost,"['Tv-asahi', 'TV Asahi', 'ANB']",['\nKamen Rider Ghost was originally aired on TV Asahi in Japan.'],ans,1
P449_general_ASIA_36,Kamen Rider Wizard,"['Tv-asahi', 'TV Asahi', 'ANB']",['\nKamen Rider Wizard was originally aired on TV Asahi in Japan.'],ans,1
P449_general_ASIA_38,Ultraman,"['TBSHD', 'Tokyo Broadcasting System', 'Tokyo Broadcasting System Holdings', 'TBS Holdings', 'TBS']",['\nUltraman was originally aired on TBS in Japan.'],ans,1
P449_general_ASIA_40,AKBingo!,"['Nippon Television', 'JOAX', 'NTV', 'Nippon TV', 'Nippon Television Network']",['\nAKBingo! was originally aired on TV Tokyo in Japan.'],ans,0
P449_general_ASIA_42,AIBOU: Tokyo Detective Duo,"['Tv-asahi', 'TV Asahi', 'ANB']",['\nAIBOU: Tokyo Detective Duo was originally aired on Fuji TV in Japan.'],ans,0
P449_general_ASIA_44,Produce 101 Japan,"['TBS Television', 'Tokyo Broadcasting System Television', 'JORX', 'TBS', 'TBS TV']",['\nProduce 101 Japan was originally aired on Fuji TV.'],ans,0
P449_general_ASIA_46,Reborn!,"['Tokyo TV', 'Television Tokyo Channel', 'TX', 'Television Tokyo', 'Digital7', 'Teleto', 'TV Tokyo']",['\nReborn! was originally aired on TV Tokyo in Japan.'],ans,1
P449_general_ASIA_48,Kōhaku Uta Gassen,"['NHK G', 'NHK General TV', 'NHK Radio 1']","['\nKōhaku Uta Gassen was originally aired on NHK, a Japanese public broadcasting organization']",ans,0
P449_general_ASIA_50,Code Blue,"['Fuji TV', 'CX', 'JOCX', 'Meerkats', 'Fuji Television', 'Fuji Television Network, Inc.', 'Fuji Television Network']",['\nCode Blue was originally aired on Fuji TV in Japan.'],ans,1
P449_general_ASIA_52,"Hanbun, Aoi","['NHK', 'Nippon Hoso Kyokai', 'Japan Broadcasting Corporation', 'nhk.or.jp', 'Nippon Hōsō Kyōkai']","['\nHanbun, Aoi was originally aired on NHK.']",ans,1
P449_general_ASIA_54,SMAP×SMAP,"['Fuji TV', 'CX', 'JOCX', 'Meerkats', 'Fuji Television', 'Fuji Television Network, Inc.', 'Fuji Television Network']",['\nSMAP×SMAP was originally aired on Fuji TV in Japan.'],ans,1
P449_general_ASIA_56,Shounen Club,"['NHK', 'Nippon Hoso Kyokai', 'Japan Broadcasting Corporation', 'nhk.or.jp', 'Nippon Hōsō Kyōkai']",['\nShounen Club was originally aired on TV Asahi in Japan.'],ans,0
P449_general_ASIA_58,Tokumei Sentai Go-Busters,"['Tv-asahi', 'TV Asahi', 'ANB']",['\nTokumei Sentai Go-Busters was originally aired on TV Asahi in Japan.'],ans,1
P449_general_ASIA_60,How do you like Wednesday?,"['HTB', 'Hokkaido Television Broadcasting']","[""\nI'm sorry, I cannot provide an answer to that question as it is incomplete and lacks context. Could""]",unk,0
P449_general_ASIA_62,Cutie Honey,"['Tv-asahi', 'TV Asahi', 'ANB']",['\nCutie Honey was originally aired on Fuji TV in Japan.'],ans,0
P449_general_ASIA_64,Idaten,"['NHK', 'Nippon Hoso Kyokai', 'Japan Broadcasting Corporation', 'nhk.or.jp', 'Nippon Hōsō Kyōkai']",['\nIdaten was originally aired on TV Tokyo in Japan.'],ans,0
P449_general_ASIA_66,Mare,"['NHK', 'Nippon Hoso Kyokai', 'Japan Broadcasting Corporation', 'nhk.or.jp', 'Nippon Hōsō Kyōkai']",['\nMare of Easttown was originally aired on HBO.'],ans,0
P449_general_ASIA_68,Hanako to Anne,"['NHK', 'Nippon Hoso Kyokai', 'Japan Broadcasting Corporation', 'nhk.or.jp', 'Nippon Hōsō Kyōkai']","[""\nI'm sorry, I cannot provide an accurate answer to this question as it is incomplete and lacks context. Could you""]",unk,0
P449_general_ASIA_70,Mezamashi TV,"['Fuji TV', 'CX', 'JOCX', 'Meerkats', 'Fuji Television', 'Fuji Television Network, Inc.', 'Fuji Television Network']",['\nMezamashi TV was originally aired on TV Tokyo in Japan.'],ans,0
P449_general_ASIA_72,Zombie Land Saga,['AT-X'],['\nZombie Land Saga was originally aired on Tokyo MX in Japan.'],ans,0
P449_general_ASIA_74,Omniscient Interfering View,"['MBC Cultural Broadcasting', 'MBC', 'Munhwa Broadcasting Corp.', 'Munhwa Broadcasting Corporation', 'Munhwa Bangsong Jushikhoesa']","[""\nI'm sorry, I cannot provide an accurate answer to this question as it is incomplete. Could you""]",unk,0
P449_general_ASIA_76,Ninpuu Sentai Hurricaneger,"['Tv-asahi', 'TV Asahi', 'ANB']",['\nNinpuu Sentai Hurricaneger was originally aired on TV Asahi in Japan.'],ans,1
P449_general_ASIA_78,Great Teacher Onizuka,"['Fuji TV', 'CX', 'JOCX', 'Meerkats', 'Fuji Television', 'Fuji Television Network, Inc.', 'Fuji Television Network']",['\nGreat Teacher Onizuka was originally aired on Fuji TV in Japan.'],ans,1
P449_general_ASIA_80,Ultraman Dyna,"['Mainichi Broadcasting System, Inc.', 'Mainichi Broadcasting System', 'MBS']",['\nUltraman Dyna was originally aired on TV Asahi in Japan.'],ans,0
P449_general_ASIA_82,Yu-Gi-Oh! Sevens,"['Tokyo TV', 'Television Tokyo Channel', 'TX', 'Television Tokyo', 'Digital7', 'Teleto', 'TV Tokyo']",['\nYu-Gi-Oh! Sevens was originally aired on TV Tokyo in Japan.'],ans,1
P449_general_ASIA_84,Seijuu Sentai Gingaman,"['Tv-asahi', 'TV Asahi', 'ANB']",['\nSeijuu Sentai Gingaman was originally aired on TV Asahi in Japan.'],ans,1
P449_general_ASIA_86,Gosei Sentai Dairanger,"['Tv-asahi', 'TV Asahi', 'ANB']",['\nGosei Sentai Dairanger was originally aired on TV Asahi in Japan.'],ans,1
P449_general_ASIA_88,Devil Kings,"['TBSHD', 'Tokyo Broadcasting System', 'Tokyo Broadcasting System Holdings', 'TBS Holdings', 'TBS']","[""\nI'm sorry, I cannot provide an accurate answer as there is no show called Devil Kings. Could you please provide more context""]",unk,0
P449_general_ASIA_90,Kamen Rider Hibiki,"['Tv-asahi', 'TV Asahi', 'ANB']",['\nKamen Rider Hibiki was originally aired on TV Asahi in Japan.'],ans,1
P449_general_ASIA_92,Samurai Sentai Shinkenger,"['Tv-asahi', 'TV Asahi', 'ANB']",['\nSamurai Sentai Shinkenger was originally aired on TV Asahi in Japan.'],ans,1
P449_general_ASIA_94,Squid Game,"['Net Flix', 'Netflix.com', 'Netflix']",['\nSquid Game was originally aired on Netflix.'],ans,1
P449_general_ASIA_96,Futari wa Pretty Cure,"['Tv-asahi', 'TV Asahi', 'ANB']",['\nFutari wa Pretty Cure was originally aired on TV Asahi in Japan.'],ans,1
P449_general_ASIA_98,Hyakujuu Sentai Gaoranger,"['Tv-asahi', 'TV Asahi', 'ANB']",['\nHyakujuu Sentai Gaoranger was originally aired on TV Asahi in Japan.'],ans,1
P449_general_ASIA_100,Pleasant Goat and Big Big Wolf,"['CCTV-1', 'CCTV Children', 'CCTV-14', 'CCTV Kids', 'Youku Inc.', 'Youku.com', 'Youku', 'Zhejiang Television', 'Zhejiang TV', 'CCTV General Channel']",['\nPleasant Goat and Big Big Wolf was originally aired on CCTV in China.'],ans,0
P449_general_ASIA_102,Hinatazaka de Aimashō,"['TV Tokyo Network', 'TX Network', 'TXN Network', 'TXN']",['\nHinatazaka de Aimashō was originally aired on TV Asahi in Japan.'],ans,0
P449_general_ASIA_104,Choudenshi Bioman,"['Tv-asahi', 'TV Asahi', 'ANB']",['\nChoudenshi Bioman was originally aired on TV Asahi in Japan.'],ans,1
P449_general_ASIA_106,Neon Genesis Evangelion,"['TV Tokyo Network', 'TX Network', 'TXN Network', 'TXN']",['\nNeon Genesis Evangelion was originally aired on TV Tokyo in Japan.'],ans,0
P449_general_ASIA_108,Doraemon,"['ANB', 'Spacetoon Arabic', 'Tv-asahi', 'TV Asahi', 'Spacetoon']",['\nDoraemon was originally aired on TV Asahi in Japan.'],ans,1
P449_general_ASIA_110,Taira no Kiyomori,"['NHK', 'Nippon Hoso Kyokai', 'Japan Broadcasting Corporation', 'nhk.or.jp', 'Nippon Hōsō Kyōkai']",['\nTaira no Kiyomori was originally aired on NHK in Japan.'],ans,1
P449_general_ASIA_112,Kyōryū Sentai Zyuranger,"['Tv-asahi', 'TV Asahi', 'ANB']",['\nKyōryū Sentai Zyuranger was originally aired on TV Asahi in Japan.'],ans,1
P449_general_ASIA_114,Hidden Singer,"['JTBC', 'Joongang Tongyang Broadcasting Company']",['\nHidden Singer was originally aired on MBC.'],ans,0
P449_general_ASIA_116,Kamen Rider Ryuki,"['Tv-asahi', 'TV Asahi', 'ANB']",['\nKamen Rider Ryuki was originally aired on TV Asahi in Japan.'],ans,1
P449_general_ASIA_118,Waratte Iitomo!,"['Fuji TV', 'CX', 'JOCX', 'Meerkats', 'Fuji Television', 'Fuji Television Network, Inc.', 'Fuji Television Network']",['\nWaratte Iitomo! was originally aired on TV Asahi in Japan.'],ans,0
P449_general_ASIA_120,Massan,"['NHK', 'Nippon Hoso Kyokai', 'Japan Broadcasting Corporation', 'nhk.or.jp', 'Nippon Hōsō Kyōkai']",['\nMassan was originally aired on NHK.'],ans,1
P449_general_ASIA_122,Kamen Rider X,"['TBSHD', 'Tokyo Broadcasting System', 'Mainichi Broadcasting System', 'Tokyo Broadcasting System Holdings', 'Mainichi Broadcasting System, Inc.', 'TBS Holdings', 'MBS', 'TBS']",['\nKamen Rider X was originally aired on TV Asahi in Japan.'],ans,0
P449_general_ASIA_124,Onna jōshu Naotora,"['NHK', 'Nippon Hoso Kyokai', 'Japan Broadcasting Corporation', 'nhk.or.jp', 'Nippon Hōsō Kyōkai']",['\nOnna jōshu Naotora was originally aired on NHK.'],ans,1
P449_general_ASIA_126,Armored Trooper Votoms,"['Tokyo TV', 'Television Tokyo Channel', 'TX', 'Television Tokyo', 'Digital7', 'Teleto', 'TV Tokyo']",['\nArmored Trooper Votoms was originally aired on Japanese television from 1983 to 1988.'],ans,0
P449_general_ASIA_128,Suite PreCure,"['TBSHD', 'Tokyo Broadcasting System', 'Tokyo Broadcasting System Holdings', 'Chubu-Nippon Broadcasting Co., Ltd.', 'TBS Holdings', 'Chubu-Nippon Broadcasting', 'TBS']",['\nSuite PreCure was originally aired on TV Asahi in Japan.'],ans,0
P449_general_ASIA_130,Chōsoku Henkei Gyrozetter,"['Tokyo TV', 'Television Tokyo Channel', 'TX', 'Television Tokyo', 'Digital7', 'Teleto', 'TV Tokyo']",['\nChōsoku Henkei Gyrozetter was originally aired on TV Tokyo in Japan.'],ans,1
P449_general_ASIA_132,Kamen Rider Stronger,"['TBSHD', 'Tokyo Broadcasting System', 'Mainichi Broadcasting System', 'Tokyo Broadcasting System Holdings', 'Mainichi Broadcasting System, Inc.', 'TBS Holdings', 'MBS', 'TBS']",['\nKamen Rider Stronger was originally aired on TV Asahi in Japan.'],ans,0
P449_general_ASIA_134,Kindaichi Case Files,"['Nippon Television', 'JOAX', 'NTV', 'Nippon TV', 'Nippon Television Network']",['\nKindaichi Case Files was originally aired on Fuji TV in Japan.'],ans,0
P449_general_ASIA_136,Kamen Rider Decade,"['Tv-asahi', 'TV Asahi', 'ANB']",['\nKamen Rider Decade was originally aired on TV Asahi in Japan.'],ans,1
P449_general_ASIA_138,Hiyokko,"['NHK', 'Nippon Hoso Kyokai', 'Japan Broadcasting Corporation', 'nhk.or.jp', 'Nippon Hōsō Kyōkai']",['\nHiyokko was originally aired on Fuji TV in Japan.'],ans,0
P449_general_ASIA_140,Three Guys and Three Girls,"['HLKV-DTV', 'MBC TV']",['\nThree Guys and Three Girls was originally aired on NBC.'],ans,0
P449_general_ASIA_142,Chikyu Sentai Fiveman,"['Tv-asahi', 'TV Asahi', 'ANB']",['\nChikyu Sentai Fiveman was originally aired on TV Asahi in Japan.'],ans,1
P449_general_ASIA_144,Ultraman Ginga,"['Tokyo TV', 'Television Tokyo Channel', 'TX', 'Television Tokyo', 'Digital7', 'Teleto', 'TV Tokyo']",['\nUltraman Ginga was originally aired on TV Tokyo in Japan.'],ans,1
P449_general_ASIA_146,Buratamori,"['NHK', 'Nippon Hoso Kyokai', 'Japan Broadcasting Corporation', 'nhk.or.jp', 'Nippon Hōsō Kyōkai']","[""\nI'm sorry, I cannot provide an answer to that question as Buratamori is not a well-known""]",unk,0
P449_general_ASIA_148,Yo-kai Watch,"['AT-X', 'Tokyo TV', 'Television Tokyo Channel', 'BS Japan', 'Spacetoon Arabic', 'Kids Station', 'TX', 'Television Tokyo', 'Teleto', 'Digital7', 'TV Tokyo', 'BS TV Tokyo', 'Spacetoon']",['\nYo-kai Watch was originally aired on TV Tokyo in Japan.'],ans,1
P449_general_ASIA_150,Love Live! Sunshine!!,"['Tokyo MX', 'JOUH-TV', 'KBS Kyoto', 'TVQ Kyushu Broadcasting', 'Sun-TV', 'TV Aichi', 'KBS Kyōto', 'Sun', 'Crunchyroll, Inc.', 'Crunchyroll', 'MXTV', 'Kyoto Broadcasting System', 'SBS', 'JOMX-TV', 'JOMX-DTV', 'Television Hokkaido', 'Sun Television', 'Nippon BS Broadcasting', 'crunchyroll.com', 'Shizuoka Broadcasting System', 'Tokyo Metropolitan Television']","['\nLove Live! Sunshine!! was originally aired on Tokyo MX, BS11, and TV Aichi in Japan.']",ans,1
P449_general_ASIA_152,Space Battleship Yamato,"['ytv', 'Yomiuri TV', 'Yomiuri Telecasting Corporation']","[""\nSpace Battleship Yamato was originally aired on Japan's Fuji Television network.""]",ans,0
P449_general_ASIA_154,Kirin ga Kuru,"['NHK', 'Nippon Hoso Kyokai', 'Japan Broadcasting Corporation', 'nhk.or.jp', 'Nippon Hōsō Kyōkai']",['\nKirin ga Kuru was originally aired on Fuji TV in Japan.'],ans,0
P449_general_ASIA_156,Galileo,"['Fuji TV', 'CX', 'JOCX', 'Meerkats', 'Fuji Television', 'Fuji Television Network, Inc.', 'Fuji Television Network']",['\nGalileo was originally aired on the National Geographic Channel.'],ans,0
P449_general_ASIA_158,The Legend of Zhen Huan,"['Dragon TV', 'Dragon Television']",['\nThe Legend of Zhen Huan was originally aired on Hunan TV in China.'],ans,0
P449_general_ASIA_160,Kamen Rider W,"['Tv-asahi', 'TV Asahi', 'ANB']",['\nKamen Rider W was originally aired on TV Asahi in Japan.'],ans,1
P449_general_ASIA_162,Inai Inai Baa!,"['NHK Educational TV', 'NHK E', 'NHK E-Tele']",['\nInai Inai Baa! was originally aired on NHK in Japan.'],ans,0
P449_general_ASIA_164,Haken no Hinkaku,"['Nippon Television', 'JOAX', 'NTV', 'Nippon TV', 'Nippon Television Network']",['\nHaken no Hinkaku was originally aired on Fuji TV in Japan.'],ans,0
P449_general_ASIA_166,Dai Sentai Goggle-V,"['Tv-asahi', 'TV Asahi', 'ANB']",['\nDai Sentai Goggle-V was originally aired on TV Asahi in Japan.'],ans,1
P449_general_ASIA_168,Choushinsei Flashman,"['Tv-asahi', 'TV Asahi', 'ANB']",['\nChoushinsei Flashman was originally aired on TV Asahi in Japan.'],ans,1
P449_general_ASIA_170,Kamen Rider,"['TBSHD', 'Tokyo Broadcasting System', 'Mainichi Broadcasting System', 'Tokyo Broadcasting System Holdings', 'Mainichi Broadcasting System, Inc.', 'TBS Holdings', 'MBS', 'TBS']",['\nKamen Rider was originally aired on Japanese television.'],ans,0
P449_general_ASIA_172,Himitsu no Akko-chan,"['Fuji TV', 'CX', 'JOCX', 'Meerkats', 'Fuji Television', 'Fuji Television Network, Inc.', 'Fuji Television Network']",['\nHimitsu no Akko-chan was originally aired on Fuji Television in Japan.'],ans,1
P449_general_ASIA_174,Mito Kōmon,"['TBSHD', 'Tokyo Broadcasting System', 'Asahi Broadcasting Group Holdings', 'Mainichi Broadcasting System', 'Tokyo Broadcasting System Holdings', 'Mainichi Broadcasting System, Inc.', 'Asahi Broadcasting Corporation', 'TBS Holdings', 'MBS', 'TBS']",['\nMito Kōmon was originally aired on NHK.'],ans,0
P449_general_ASIA_176,Touch,"['Fuji TV', 'CX', 'JOCX', 'Meerkats', 'Fuji Television', 'Fuji Television Network, Inc.', 'Fuji Television Network']",['\nTouch was originally aired on Fox in the United States.'],ans,0
P449_general_ASIA_178,Kabuto Borg,"['BS TV Tokyo', 'BS Japan']",['\nKabuto Borg was originally aired on TV Tokyo in Japan.'],ans,0
P449_general_ASIA_180,Legal High,"['Fuji TV', 'CX', 'JOCX', 'Meerkats', 'Fuji Television', 'Fuji Television Network, Inc.', 'Fuji Television Network']",['\nLegal High was originally aired on TVNZ 1 in New Zealand.'],ans,0
P449_general_ASIA_182,Yae no Sakura,"['NHK', 'Nippon Hoso Kyokai', 'Japan Broadcasting Corporation', 'nhk.or.jp', 'Nippon Hōsō Kyōkai']",['\nYae no Sakura was originally aired on NHK General TV in Japan.'],ans,1
P449_general_ASIA_184,Kamen Rider Super-1,"['TBSHD', 'Tokyo Broadcasting System', 'Mainichi Broadcasting System', 'Tokyo Broadcasting System Holdings', 'Mainichi Broadcasting System, Inc.', 'TBS Holdings', 'MBS', 'TBS']",['\nKamen Rider Super-1 was originally aired on TV Asahi in Japan.'],ans,0
P449_general_ASIA_186,Aikatsu Friends!,"['TV Tokyo Network', 'TX Network', 'TXN Network', 'TXN']",['\nAikatsu Friends! was originally aired on TV Tokyo in Japan.'],ans,0
P449_general_ASIA_188,Eureka Seven,"['TBSHD', 'Tokyo Broadcasting System', 'Tokyo Broadcasting System Holdings', 'TBS Holdings', 'TBS']",['\nEureka Seven was originally aired on the Japanese television network TBS.'],ans,1
P449_general_ASIA_190,Fūrin Kazan,"['NHK', 'Nippon Hoso Kyokai', 'Japan Broadcasting Corporation', 'nhk.or.jp', 'Nippon Hōsō Kyōkai']",['\nFūrin Kazan was originally aired on NHK in Japan.'],ans,1
P449_general_ASIA_192,Ashita no Joe,"['Nippon Television', 'JOAX', 'NTV', 'Nippon TV', 'Fuji TV', 'CX', 'JOCX', 'Nippon Television Network', 'Meerkats', 'Fuji Television', 'Fuji Television Network, Inc.', 'Fuji Television Network']",['\nAshita no Joe was originally aired on Fuji TV in Japan.'],ans,1
P449_general_ASIA_194,Magic Knight Rayearth,"['ytv', 'Yomiuri TV', 'Yomiuri Telecasting Corporation']",['\nMagic Knight Rayearth was originally aired on TV Tokyo in Japan.'],ans,0
P449_general_ASIA_196,Library War,"['Fuji TV', 'CX', 'JOCX', 'Meerkats', 'Fuji Television', 'Fuji Television Network, Inc.', 'Fuji Television Network']",['\nLibrary War was originally aired on Tokyo MX in Japan.'],ans,0
P449_general_ASIA_198,Hero,"['Fuji TV', 'CX', 'JOCX', 'Meerkats', 'Fuji Television', 'Fuji Television Network, Inc.', 'Fuji Television Network']",['\nHero was originally aired on NBC in the United States.'],ans,0
P449_general_ASIA_200,Hodo Station,"['Tv-asahi', 'TV Asahi', 'ANB']","[""\nI'm sorry, I cannot provide an accurate answer without additional context. Could you please provide more information about Hodo Station""]",unk,0
P449_general_ASIA_202,J.A.K.Q. Dengekitai,"['Tv-asahi', 'TV Asahi', 'ANB']",['\nJ.A.K.Q. Dengekitai was originally aired on'],ans,0
P449_general_ASIA_204,Gunshi Kanbei,"['NHK', 'Nippon Hoso Kyokai', 'Japan Broadcasting Corporation', 'nhk.or.jp', 'Nippon Hōsō Kyōkai']",['\nGunshi Kanbei was originally aired on Fuji TV in Japan.'],ans,0
P449_general_ASIA_206,Produce 101 Season 2,"['Mnet', 'Media net Media', 'Media net', 'M.net']",['\nProduce 101 Season 2 was originally aired on Mnet in South Korea.'],ans,1
P449_general_ASIA_208,Hikari Sentai Maskman,"['Tv-asahi', 'TV Asahi', 'ANB']",['\nHikari Sentai Maskman was originally aired on TV Asahi in Japan.'],ans,1
P449_general_ASIA_210,Kagaku Sentai Dynaman,"['Tv-asahi', 'TV Asahi', 'ANB']",['\nKagaku Sentai Dynaman was originally aired on TV Asahi in Japan.'],ans,1
P449_general_ASIA_212,Star Tanjō!,"['Nippon Television', 'JOAX', 'NTV', 'Nippon TV', 'Nippon Television Network']",['\nStar Tanjō! was originally aired on Fuji TV in Japan.'],ans,0
P449_general_ASIA_214,Baki the Grappler,"['Tokyo TV', 'Television Tokyo Channel', 'TX', 'Television Tokyo', 'Digital7', 'Teleto', 'TV Tokyo']",['\nBaki the Grappler was originally aired on TV Tokyo in Japan.'],ans,1
P449_general_ASIA_216,GTO,"['Fuji TV', 'CX', 'JOCX', 'Meerkats', 'Fuji Television', 'Fuji Television Network, Inc.', 'Fuji Television Network']",['\nGTO was originally aired on Fuji TV in Japan.'],ans,1
P449_general_ASIA_218,Zettai Muteki Raijin-Oh,"['Tokyo TV', 'Television Tokyo Channel', 'TX', 'Television Tokyo', 'Digital7', 'Teleto', 'TV Tokyo']",['\nZettai Muteki Raijin-Oh was originally aired on TV Asahi in Japan.'],ans,0
P449_general_ASIA_220,Futari wa Pretty Cure Splash Star,"['Tv-asahi', 'TV Asahi', 'ANB']",['\nFutari wa Pretty Cure Splash Star was originally aired on TV Asahi in Japan.'],ans,1
P449_general_ASIA_222,Kamen Rider Amazon,"['TBSHD', 'Tokyo Broadcasting System', 'Mainichi Broadcasting System', 'Tokyo Broadcasting System Holdings', 'Mainichi Broadcasting System, Inc.', 'TBS Holdings', 'MBS', 'TBS']",['\nKamen Rider Amazon was originally aired on TV Asahi in Japan.'],ans,0
P449_general_ASIA_224,Taiyo Sentai Sun Vulcan,"['Tv-asahi', 'TV Asahi', 'ANB']",['\nTaiyo Sentai Sun Vulcan was originally aired on TV Asahi in Japan.'],ans,1
P449_general_ASIA_226,Yatterman,"['Nippon Television', 'JOAX', 'NTV', 'Nippon TV', 'Fuji TV', 'CX', 'JOCX', 'Nippon Television Network', 'Meerkats', 'Fuji Television', 'Fuji Television Network, Inc.', 'Fuji Television Network']",['\nYatterman was originally aired on Fuji TV in Japan.'],ans,1
P449_general_ASIA_228,Warotenka,"['NHK', 'Nippon Hoso Kyokai', 'Japan Broadcasting Corporation', 'nhk.or.jp', 'Nippon Hōsō Kyōkai']","[""\nI'm sorry, I cannot provide an accurate answer without additional context. Could you please provide more information about Warotenka""]",unk,0
P449_general_ASIA_230,Downtown no Gaki Tsukai ya Arahende!!,"['Nippon Television', 'JOAX', 'NTV', 'Nippon TV', 'Nippon Television Network']",['\nDowntown no Gaki Tsukai ya Arahende!! was originally aired on Fuji'],ans,0
P449_general_ASIA_232,Invincible Super Man Zambot 3,"['Nagoya Broadcasting Network Co., Ltd.', 'Nagoya Broadcasting Network']",['\nInvincible Super Man Zambot 3 was originally aired on Japanese television.'],ans,0
P449_general_ASIA_234,Kimi ni Todoke,"['Nippon Television', 'JOAX', 'NTV', 'Nippon TV', 'Nippon Television Network']",['\nKimi ni Todoke was originally aired on TV Tokyo in Japan.'],ans,0
P449_general_ASIA_236,Hello Counselor,['KBS2'],['\nHello Counselor was originally aired on SBS in South Korea.'],ans,0
P449_general_ASIA_238,Minami-ke,"['Tokyo TV', 'Television Tokyo Channel', 'TX', 'Television Tokyo', 'Digital7', 'Teleto', 'TV Tokyo']",['\nMinami-ke was originally aired on TV Tokyo in Japan.'],ans,1
P449_general_ASIA_240,"Produce 101, season 1","['Mnet', 'Media net Media', 'Media net', 'M.net']","['\nProduce 101, season 1 was originally aired on Mnet in South Korea.']",ans,1
P449_general_ASIA_242,Infinite Challenge,"['MBC Cultural Broadcasting', 'MBC', 'Munhwa Broadcasting Corp.', 'Munhwa Broadcasting Corporation', 'Munhwa Bangsong Jushikhoesa']",['\nInfinite Challenge was originally aired on MBC.'],ans,1
P449_general_ASIA_244,Hometown Cha-Cha-Cha,['tvN'],['\nHometown Cha-Cha-Cha was originally aired on Netflix.'],ans,0
P449_general_ASIA_246,Gaist Crusher,"['Tokyo TV', 'Television Tokyo Channel', 'TX', 'Television Tokyo', 'Digital7', 'Teleto', 'TV Tokyo']",['\nGaist Crusher was originally aired on TV Tokyo in Japan.'],ans,1
P449_general_ASIA_248,Science Ninja Team Gatchaman,"['Fuji TV', 'CX', 'JOCX', 'Meerkats', 'Fuji Television', 'Fuji Television Network, Inc.', 'Fuji Television Network']",['\nScience Ninja Team Gatchaman was originally aired on Fuji TV in Japan.'],ans,1
P449_general_ASIA_250,Ultra Q,"['TBSHD', 'Tokyo Broadcasting System', 'Tokyo Broadcasting System Holdings', 'TBS Holdings', 'TBS']",['\nUltra Q was originally aired on Fuji Television in Japan.'],ans,0
P449_general_ASIA_252,2018 in Kunlun Fight,"['Jiangsu Satelite TV', 'Jiangsu Television', 'Jiangsu TV']","[""\nI'm sorry, I cannot provide an accurate answer to this question as it is missing some context""]",unk,0
P449_general_ASIA_254,Wataru Seken wa Oni Bakari,"['TBS Television', 'Tokyo Broadcasting System Television', 'JORX', 'TBS', 'TBS TV']","[""\nI'm sorry, I cannot provide an answer to that question as it requires knowledge of the""]",unk,0
P449_general_ASIA_256,The Victims' Game,"['Net Flix', 'Netflix.com', 'Netflix']","[""\nThe Victims' Game was originally aired on the Lifetime network.""]",ans,0
P449_general_ASIA_258,Gokujō!! Mecha Mote Iinchō,"['Tokyo TV', 'Television Tokyo Channel', 'TX', 'Television Tokyo', 'Digital7', 'Teleto', 'TV Tokyo']",['\nGokujō!! Mecha Mote Iinchō was originally aired on'],ans,0
P449_general_ASIA_260,Crash Landing on You,['tvN'],['\nCrash Landing on You was originally aired on South Korean television network tvN.'],ans,1
P449_general_ASIA_262,Charlotte,"['JOMX-DTV', 'Tokyo MX', 'Tochigi Television', 'Nippon BS Broadcasting', 'MXTV', 'Gunma Television', 'JOMX-TV', 'Tokyo Metropolitan Television']",['\nCharlotte was originally aired on NHK.'],ans,0
P449_general_ASIA_264,Machine Robo Rescue,"['Tokyo TV', 'Television Tokyo Channel', 'TX', 'Television Tokyo', 'Digital7', 'Teleto', 'TV Tokyo']",['\nMachine Robo Rescue was originally aired on TV Tokyo in Japan.'],ans,1
P449_general_ASIA_266,Liar Game,"['Fuji TV', 'CX', 'JOCX', 'Meerkats', 'Fuji Television', 'Fuji Television Network, Inc.', 'Fuji Television Network']",['\nLiar Game was originally aired on Fuji TV in Japan.'],ans,1
P449_general_ASIA_268,Juken Sentai Gekiranger,"['Tv-asahi', 'TV Asahi', 'ANB']",['\nJuken Sentai Gekiranger was originally aired on TV Asahi in Japan.'],ans,1
P449_general_ASIA_270,Ametalk,"['Tv-asahi', 'TV Asahi', 'ANB']",['\nAmetalk was originally aired on the radio station WABC in New York City.'],ans,0
P449_general_ASIA_272,Scarlet,"['NHK G', 'NHK General TV']",['\nScarlet was originally aired on the BBC.'],ans,0
P449_general_ASIA_274,Salut D'Amour,"['KBS', 'Korean Broadcasting System']","[""\nI'm sorry, I cannot provide an accurate answer to this question as it requires knowledge of the specific context""]",unk,0
P449_general_ASIA_276,Digimon Tamers,"['Fuji TV', 'CX', 'JOCX', 'Meerkats', 'Fuji Television', 'Fuji Television Network, Inc.', 'Fuji Television Network']",['\nDigimon Tamers was originally aired on Fuji TV in Japan.'],ans,1
P449_general_ASIA_278,Nogizaka Under Construction,"['TV Tokyo Network', 'TX Network', 'TXN Network', 'TXN']",['\nNogizaka Under Construction was originally aired on TV Asahi in Japan.'],ans,0
P449_general_ASIA_280,Yuri on Ice,"['Tv-asahi', 'TV Asahi', 'ANB']",['\nYuri on Ice was originally aired on Fuji TV in Japan.'],ans,0
P449_general_ASIA_282,Story of Yanxi Palace,['iQIYI'],"['\nStory of Yanxi Palace was originally aired on iQiyi, a Chinese video streaming platform.']",ans,1
P449_general_ASIA_284,Space Sheriff Gavan,"['Tv-asahi', 'TV Asahi', 'ANB']",['\nSpace Sheriff Gavan was originally aired on TV Asahi in Japan.'],ans,1
P449_general_ASIA_286,Pokémon,"['Tokyo TV', 'Television Tokyo Channel', 'TX', 'Television Tokyo', 'Digital7', 'Teleto', 'TV Tokyo']",['\nPokémon was originally aired on TV Tokyo in Japan.'],ans,1
P449_general_ASIA_288,The Queen's Classroom,"['Nippon Television', 'JOAX', 'NTV', 'Nippon TV', 'Nippon Television Network']","[""\nThe Queen's Classroom was originally aired on MBC in South Korea.""]",ans,0
P449_general_ASIA_290,Aoi Tokugawa Sandai,"['NHK', 'Nippon Hoso Kyokai', 'Japan Broadcasting Corporation', 'nhk.or.jp', 'Nippon Hōsō Kyōkai']","[""\nI'm sorry, I cannot provide an accurate answer to this question as it requires knowledge of the specific""]",unk,0
P449_general_ASIA_292,Tore,"['Nippon Television', 'JOAX', 'NTV', 'Nippon TV', 'Nippon Television Network']","[""\nI'm sorry, I cannot provide an accurate answer without additional context. Could you please provide more information about Tore?""]",unk,0
P449_general_ASIA_294,Gyakuten! Ippatsuman,"['Fuji TV', 'CX', 'JOCX', 'Meerkats', 'Fuji Television', 'Fuji Television Network, Inc.', 'Fuji Television Network']",['\nGyakuten! Ippatsuman was originally aired on TV Tokyo in Japan.'],ans,0
P449_general_ASIA_296,Angel Heart,"['Nippon Television', 'JOAX', 'NTV', 'Nippon TV', 'Nippon Television Network']",['\nAngel Heart was originally aired on HBO.'],ans,0
P449_general_ASIA_298,Kamen Rider Black RX,"['TBSHD', 'Tokyo Broadcasting System', 'Mainichi Broadcasting System', 'Tokyo Broadcasting System Holdings', 'Mainichi Broadcasting System, Inc.', 'TBS Holdings', 'MBS', 'TBS']",['\nKamen Rider Black RX was originally aired on TV Asahi in Japan.'],ans,0
P449_general_ASIA_300,Darling in the Franxx,"['JOMX-DTV', 'Tokyo MX', 'MXTV', 'JOMX-TV', 'Tokyo Metropolitan Television']","['\nDarling in the Franxx was originally aired on Tokyo MX, BS11, and AT-X in Japan.']",ans,1
P449_general_ASIA_302,Tegami Bachi,"['Tokyo TV', 'Television Tokyo Channel', 'TX', 'Television Tokyo', 'Digital7', 'Teleto', 'TV Tokyo']",['\nTegami Bachi was originally aired on TV Tokyo in Japan.'],ans,1
P449_general_ASIA_304,Lupin the 3rd vs. Detective Conan: The Movie,"['Nippon Television', 'JOAX', 'NTV', 'Nippon TV', 'Nippon Television Network']",['\nLupin the 3rd vs. Detective Conan: The Movie was'],ans,0
P449_general_ASIA_306,Fist of the North Star,"['Fuji TV', 'CX', 'JOCX', 'Meerkats', 'Fuji Television', 'Fuji Television Network, Inc.', 'Fuji Television Network']",['\nFist of the North Star was originally aired on Fuji TV in Japan.'],ans,1
P449_general_ASIA_308,Segodon,"['NHK', 'Nippon Hoso Kyokai', 'Japan Broadcasting Corporation', 'nhk.or.jp', 'Nippon Hōsō Kyōkai']","[""\nI'm sorry, I cannot provide an answer to that question as I do not have any information about Segodon.""]",unk,0
P449_general_ASIA_310,Gomen ne Seishun!,"['TBSHD', 'Tokyo Broadcasting System', 'Tokyo Broadcasting System Holdings', 'TBS Holdings', 'TBS']",['\nGomen ne Seishun! was originally aired on TV Asahi in Japan.'],ans,0
P449_general_ASIA_312,Good Sunday,"['SBS', 'Seoul Broadcasting System', 'Eseubieseu']","[""\nI'm sorry, I cannot provide an accurate answer to that question as there is no show called 'Good Sunday' that""]",unk,0
P449_general_ASIA_314,Ninjago,"['Teletoon', 'Pinwheel', 'Cartoon Network', 'Nick', 'Nickelodeon', 'YTV']",['\nNinjago was originally aired on Cartoon Network in the United States.'],ans,1
P449_general_ASIA_316,Tetsujin 28-go,"['Fuji TV', 'CX', 'JOCX', 'Meerkats', 'Fuji Television', 'Fuji Television Network, Inc.', 'Fuji Television Network']",['\nTetsujin 28-go was originally aired on Fuji Television in Japan.'],ans,1
P449_general_ASIA_318,Kamen Rider Kiva,"['Tv-asahi', 'TV Asahi', 'ANB']",['\nKamen Rider Kiva was originally aired on TV Asahi in Japan.'],ans,1
P449_general_ASIA_320,Love in the Moonlight,"['KBS', 'Korean Broadcasting System']",['\nLove in the Moonlight was originally aired on KBS2 in South Korea.'],ans,0
P449_general_ASIA_322,Tomica Hero: Rescue Fire,['TV Aichi'],['\nTomica Hero: Rescue Fire was originally aired on TV Asahi in Japan.'],ans,0
P449_general_ASIA_324,Hayate the Combat Butler,"['Tokyo TV', 'Television Tokyo Channel', 'TX', 'Television Tokyo', 'Digital7', 'Teleto', 'TV Tokyo']",['\nHayate the Combat Butler was originally aired on TV Tokyo in Japan.'],ans,1
P449_general_ASIA_326,Pretty Rhythm: Aurora Dream,"['Tokyo TV', 'Television Tokyo Channel', 'TX', 'Television Tokyo', 'Digital7', 'Teleto', 'TV Tokyo']",['\nPretty Rhythm: Aurora Dream was originally aired on TV Tokyo in Japan.'],ans,1
P449_general_ASIA_328,Chōdenji Machine Voltes V,"['Tv-asahi', 'TV Asahi', 'ANB']",['\nChōdenji Machine Voltes V was originally aired on TV Asahi in Japan.'],ans,1
P449_general_ASIA_330,Kamen Rider Kabuto,"['Tv-asahi', 'TV Asahi', 'ANB']",['\nKamen Rider Kabuto was originally aired on TV Asahi in Japan.'],ans,1
P449_general_ASIA_332,Kyojuu Tokusou Juspion,"['Tv-asahi', 'TV Asahi', 'ANB']",['\nKyojuu Tokusou Juspion was originally aired on TV Asahi in Japan.'],ans,1
P449_general_ASIA_334,Law of the Jungle,"['SBS', 'Seoul Broadcasting System', 'Eseubieseu']",['\nLaw of the Jungle was originally aired on SBS in South Korea.'],ans,1
P449_general_ASIA_336,Ojarumaru,"['NHK Educational TV', 'NHK E', 'NHK E-Tele']",['\nOjarumaru was originally aired on TV Tokyo in Japan.'],ans,0
P449_general_ASIA_338,Mushishi,"['JOMX-DTV', 'Tokyo MX', 'MXTV', 'JOMX-TV', 'Tokyo Metropolitan Television']",['\nMushishi was originally aired on Fuji TV in Japan.'],ans,0
P449_general_ASIA_340,Denkō Chō Tokkyū Hikarian,"['TV Tokyo Network', 'TX Network', 'TXN Network', 'TXN']",['\nDenkō Chō Tokkyū Hikarian was originally aired on Fuji TV'],ans,0
P449_general_ASIA_342,Silver Fang: The Shooting Star Gin,"['Tv-asahi', 'TV Asahi', 'ANB']","[""\nI'm sorry, I cannot provide an accurate answer to this question as it requires knowledge of the specific""]",unk,0
P449_general_ASIA_344,Anyamaru Tantei Kiruminzuu,"['Tokyo TV', 'Television Tokyo Channel', 'TX', 'Television Tokyo', 'Digital7', 'Teleto', 'TV Tokyo']",['\nAnyamaru Tantei Kiruminzuu was originally aired on TV Tokyo in Japan'],ans,1
P449_general_ASIA_346,Gurren Lagann,"['TV Tokyo Network', 'TX Network', 'TXN Network', 'TXN']",['\nGurren Lagann was originally aired on TV Tokyo in Japan.'],ans,0
P449_general_ASIA_348,Hayate the Combat Butler,"['Tokyo TV', 'Television Tokyo Channel', 'TX', 'Television Tokyo', 'Digital7', 'Teleto', 'TV Tokyo']",['\nHayate the Combat Butler was originally aired on TV Tokyo in Japan.'],ans,1
P449_general_ASIA_350,Umechan Sensei,"['NHK', 'Nippon Hoso Kyokai', 'Japan Broadcasting Corporation', 'nhk.or.jp', 'Nippon Hōsō Kyōkai']","[""\nI'm sorry, I cannot provide an accurate answer without additional context. Could you please provide more information about U""]",unk,0
P449_general_ASIA_352,"Hey Ghost, Let's Fight",['tvN'],"[""\nHey Ghost, Let's Fight was originally aired on Cartoon Network.""]",ans,0
P449_general_ASIA_354,The Advisors Alliance,"['Anhui Television', 'Jiangsu Satelite TV', 'Jiangsu Television', 'Jiangsu TV']","[""\nI'm sorry, I cannot provide an answer to that question as I do not have access to real-time information.""]",unk,0
P449_general_ASIA_356,The King's Affection,['KBS2'],"[""\nThe King's Affection was originally aired on KBS2.""]",ans,1
P449_general_ASIA_358,Business Proposal,"['SBS', 'Seoul Broadcasting System', 'Eseubieseu']",['\nBusiness Proposal was originally aired on the South Korean cable network tvN.'],ans,0
P449_general_ASIA_360,Umizaru,"['Fuji TV', 'CX', 'JOCX', 'Meerkats', 'Fuji Television', 'Fuji Television Network, Inc.', 'Fuji Television Network']",['\nUmizaru was originally aired on Fuji TV in Japan.'],ans,1
P449_general_ASIA_362,Yu-Gi-Oh! Duel Monsters,"['Tokyo TV', 'Television Tokyo Channel', 'TX', 'Television Tokyo', 'Digital7', 'Teleto', 'TV Tokyo']",['\nYu-Gi-Oh! Duel Monsters was originally aired on TV Tokyo in Japan.'],ans,1
P449_general_ASIA_364,Nirvana In Fire,"['Dragon TV', 'Dragon Television']",['\nNirvana In Fire was originally aired on Hunan TV in China.'],ans,0
P449_general_ASIA_366,2 Days & 1 Night,['KBS2'],['\n2 Days & 1 Night was originally aired on SBS in South Korea.'],ans,0
P449_general_ASIA_368,FNS Music Festival,"['Fuji TV', 'CX', 'JOCX', 'Meerkats', 'Fuji Television', 'Fuji Television Network, Inc.', 'Fuji Television Network']","[""\nI'm sorry, I cannot provide an accurate answer without additional context. Could you please provide more information about the F""]",unk,0
P449_general_ASIA_370,Vitamin,"['KBS', 'Korean Broadcasting System']","[""\nI'm sorry, I cannot provide an accurate answer without additional context. Could you please provide more information?""]",unk,0
P449_general_ASIA_372,Tomica Hero: Rescue Force,['TV Aichi'],['\nTomica Hero: Rescue Force was originally aired on TV Asahi in Japan.'],ans,0
P449_general_ASIA_374,Godzilla: The Series,"['Fox Kids', 'Foxkids']",['\nGodzilla: The Series was originally aired on Fox Kids in the United States.'],ans,1
P449_general_ASIA_376,Our Neighborhood Arts and Physical Education,['KBS2'],"[""\nI'm sorry, I cannot provide an answer to that question as it requires knowledge of the specific program you""]",unk,0
P449_general_ASIA_378,Akazukin Chacha,"['Tokyo TV', 'Television Tokyo Channel', 'TX', 'Television Tokyo', 'Digital7', 'Teleto', 'TV Tokyo']",['\nAkazukin Chacha was originally aired on TV Tokyo in Japan.'],ans,1
P449_general_ASIA_380,Cyborg Kuro-chan,"['Tokyo TV', 'Television Tokyo Channel', 'TX', 'Television Tokyo', 'Digital7', 'Teleto', 'TV Tokyo']",['\nCyborg Kuro-chan was originally aired on TV Tokyo in Japan.'],ans,1
P449_general_ASIA_382,Mr. Hiiragi's Homeroom,['Nippon Television Network System'],"[""\nI'm sorry, I cannot provide an accurate answer without additional context. Could you please""]",unk,0
P449_general_ASIA_384,The World is Still Beautiful,"['Nippon Television', 'JOAX', 'NTV', 'Nippon TV', 'Nippon Television Network']",['\nThe World is Still Beautiful was originally aired on Fuji TV in Japan.'],ans,0
P449_general_ASIA_386,Sexy Commando Gaiden: Sugoi yo!! Masaru-san,"['TBSHD', 'Tokyo Broadcasting System', 'Tokyo Broadcasting System Holdings', 'TBS Holdings', 'TBS']","[""\nI'm sorry, I cannot provide an answer to that question as""]",unk,0
P449_general_ASIA_388,Denpa Kyoushi,"['ytv', 'Yomiuri TV', 'Yomiuri Telecasting Corporation']",['\nDenpa Kyoushi was originally aired on Tokyo MX in Japan.'],ans,0
P449_general_ASIA_390,The Vision of Escaflowne,"['Tokyo TV', 'Television Tokyo Channel', 'TX', 'Television Tokyo', 'Digital7', 'Teleto', 'TV Tokyo']",['\nThe Vision of Escaflowne was originally aired on TV Tokyo in Japan.'],ans,1
P449_general_ASIA_392,Nizi Project,"['Hulu', 'hulu.com']",['\nNizi Project was originally aired on Fuji TV in Japan.'],ans,0
P449_general_ASIA_394,Pokémon the Series: XY,"['Tokyo TV', 'Television Tokyo Channel', 'TX', 'Television Tokyo', 'Digital7', 'Teleto', 'TV Tokyo']",['\nPokémon the Series: XY was originally aired on TV Tokyo in Japan.'],ans,1
P449_general_ASIA_396,Samurai Champloo,"['Fuji TV', 'CX', 'JOCX', 'Meerkats', 'Fuji Television', 'Fuji Television Network, Inc.', 'Fuji Television Network']",['\nSamurai Champloo was originally aired on Fuji TV in Japan.'],ans,1
P449_general_ASIA_398,Produce 48,"['Mnet', 'Media net Media', 'Media net', 'M.net']",['\nProduce 48 was originally aired on Mnet in South Korea.'],ans,1
P449_general_ASIA_400,Hanazakari no Kimitachi e,"['Fuji TV', 'CX', 'JOCX', 'Meerkats', 'Fuji Television', 'Fuji Television Network, Inc.', 'Fuji Television Network']",['\nHanazakari no Kimitachi e was originally aired on Fuji TV in Japan.'],ans,1
P449_general_ASIA_402,Racket Boys,['SBS TV'],['\nRacket Boys was originally aired on Netflix.'],ans,0
P449_general_ASIA_404,Digimon Adventure 02,"['Fuji TV', 'CX', 'JOCX', 'Meerkats', 'Fuji Television', 'Fuji Television Network, Inc.', 'Fuji Television Network']",['\nDigimon Adventure 02 was originally aired on Fuji TV in Japan.'],ans,1
P449_general_ASIA_406,MBC Newsdesk,"['HLKV-DTV', 'MBC TV']",['\nMBC Newsdesk was originally aired on MBC.'],ans,0
P449_general_ASIA_408,"Youth With You, season 1",['iQIYI'],"['\nYouth With You, season 1 was originally aired on iQiyi.']",ans,1
P449_general_ASIA_410,Yu-Gi-Oh! Go Rush!!,"['Tokyo TV', 'Television Tokyo Channel', 'TX', 'Television Tokyo', 'Digital7', 'Teleto', 'TV Tokyo']",['\nYu-Gi-Oh! Go Rush!! was originally aired on TV Tokyo in Japan.'],ans,1
P449_general_ASIA_412,Shikizakura,"['CHUKYO TV.BROADCASTING CO., LTD.', 'Chūkyō Television Broadcasting']","[""\nI'm sorry, I cannot provide an accurate answer without additional context. Could you please provide more information about Sh""]",unk,0
P449_general_ASIA_414,Vincenzo,['tvN'],['\nVincenzo was originally aired on tvN in South Korea.'],ans,1
P449_general_ASIA_416,Kirby: Right Back at Ya!,"['TBSHD', 'Tokyo Broadcasting System', 'Tokyo Broadcasting System Holdings', 'CBC Television Co.', 'TBS Holdings', 'CBC Television', 'TBS']",['\nKirby: Right Back at Ya! was originally aired on TV Tokyo in Japan.'],ans,0
P449_general_ASIA_418,Dog of Flanders,"['Fuji TV', 'CX', 'JOCX', 'Meerkats', 'Fuji Television', 'Fuji Television Network, Inc.', 'Fuji Television Network']",['\nDog of Flanders was originally aired on the BBC in the United Kingdom.'],ans,0
P449_general_ASIA_420,Strong Heart,"['SBS', 'Seoul Broadcasting System', 'Eseubieseu']",['\nStrong Heart was originally aired on SBS in South Korea.'],ans,1
P449_general_ASIA_422,Hiragana Oshi,"['TV Tokyo Network', 'TX Network', 'TXN Network', 'TXN']","[""\nI'm sorry, I cannot provide an answer to that question as I do not have enough context about Hirag""]",unk,0
P449_general_ASIA_424,The King: Eternal Monarch,['SBS TV'],['\nThe King: Eternal Monarch was originally aired on SBS in South Korea.'],ans,0
P449_general_ASIA_426,Transformers: Robots in Disguise (2001 TV series),"['Tokyo TV', 'Television Tokyo Channel', 'TX', 'Television Tokyo', 'Digital7', 'Teleto', 'TV Tokyo']",['\nTransformers: Robots in Disguise (2001 TV'],ans,0
P449_general_ASIA_428,It's Okay to Not Be Okay,['tvN'],"[""\nIt's Okay to Not Be Okay was originally aired on Netflix.""]",ans,0
P449_general_ASIA_430,The Idolmaster Cinderella Girls Theater,"['JOMX-DTV', 'Tokyo MX', 'MXTV', 'JOMX-TV', 'Tokyo Metropolitan Television']","['\nThe Idolmaster Cinderella Girls Theater was originally aired on Tokyo MX, BS11, and AT-X in Japan']",ans,1
P449_general_ASIA_432,KeyaBingo!,"['Nippon Television', 'JOAX', 'NTV', 'Nippon TV', 'Nippon Television Network']","[""\nI'm sorry, I cannot provide an answer to that question as I do not have access to real-time""]",unk,0
P449_general_ASIA_434,Midnight drama frame of MBS TV,"['Mainichi Broadcasting System, Inc.', 'Mainichi Broadcasting System', 'MBS']","[""\nI'm sorry, I cannot provide an accurate answer to this question as it is missing some context.""]",unk,0
P449_general_ASIA_436,SKY Castle,"['JTBC', 'Joongang Tongyang Broadcasting Company']",['\nSKY Castle was originally aired on JTBC in South Korea.'],ans,1
P449_general_ASIA_438,Speed Racer,"['Fuji TV', 'CX', 'JOCX', 'Meerkats', 'Fuji Television', 'Fuji Television Network, Inc.', 'Fuji Television Network']",['\nSpeed Racer was originally aired on the Japanese television network TBS from 1967 to 1980.'],ans,0
P449_general_ASIA_440,The Naked Director,"['Net Flix', 'Netflix.com', 'Netflix']",['\nThe Naked Director was originally aired on Fuji TV in Japan.'],ans,0
P449_general_ASIA_442,Nurse Angel Ririka SOS,"['Tokyo TV', 'Television Tokyo Channel', 'TX', 'Television Tokyo', 'Digital7', 'Teleto', 'TV Tokyo']",['\nNurse Angel Ririka SOS was originally aired on TV Tokyo in Japan.'],ans,1
P449_general_ASIA_444,KBS News 9,"['KBS 1', 'KBS 1TV']","['\nKBS News 9 was originally aired on KBS World, a South Korean international television network.']",ans,0
P449_general_ASIA_446,Kiddy Grade,"['Fuji TV', 'CX', 'JOCX', 'Meerkats', 'Fuji Television', 'Fuji Television Network, Inc.', 'Fuji Television Network']",['\nKiddy Grade was originally aired on the Japanese television network TV Tokyo.'],ans,0
P449_general_ASIA_448,My-HiME,"['Tokyo TV', 'Television Tokyo Channel', 'TX', 'Television Tokyo', 'Digital7', 'Teleto', 'TV Tokyo']",['\nMy-HiME was originally aired on the Japanese television network TV Tokyo.'],ans,1
P449_general_ASIA_450,Specialist,"['Tv-asahi', 'TV Asahi', 'ANB']","[""\nI'm sorry, I cannot provide an accurate answer without additional context. Could you please provide more information about the Specialist you are referring""]",unk,0
P449_general_ASIA_452,Kodocha,"['Tokyo TV', 'Television Tokyo Channel', 'TX', 'Television Tokyo', 'Digital7', 'Teleto', 'TV Tokyo']",['\nKodocha was originally aired on TV Tokyo in Japan.'],ans,1
P449_general_ASIA_454,Kaleido Star,"['Tokyo TV', 'Television Tokyo Channel', 'TX', 'Television Tokyo', 'Digital7', 'Teleto', 'TV Tokyo']",['\nKaleido Star was originally aired on TV Tokyo in Japan.'],ans,1
P449_general_ASIA_456,Gals!,"['Tokyo TV', 'Television Tokyo Channel', 'TX', 'Television Tokyo', 'Digital7', 'Teleto', 'TV Tokyo']",['\nGals! was originally aired on the Japanese television network TV Tokyo.'],ans,1
P449_general_ASIA_458,Plastic Memories,"['JOMX-DTV', 'AT-X', 'Tokyo MX', 'MXTV', 'JOMX-TV', 'Tokyo Metropolitan Television']",['\nPlastic Memories was originally aired on Fuji TV in Japan.'],ans,0
P449_general_ASIA_460,Tiger Mask,"['Nippon Television', 'JOAX', 'NTV', 'Nippon TV', 'Nippon Television Network']",['\nTiger Mask was originally aired on Japanese television network Nippon TV.'],ans,1
P449_general_ASIA_462,Battery,"['NHK', 'Nippon Hoso Kyokai', 'Japan Broadcasting Corporation', 'nhk.or.jp', 'Nippon Hōsō Kyōkai']","['\nBattery was originally aired on the American television network, The CW.']",ans,0
P449_general_ASIA_464,Burning Flower,"['NHK', 'Nippon Hoso Kyokai', 'Japan Broadcasting Corporation', 'nhk.or.jp', 'Nippon Hōsō Kyōkai']","[""\nI'm sorry, I cannot provide an accurate answer to this question as there is no specific show or movie called 'Burn""]",unk,0
P449_general_ASIA_466,GoGo Sentai Boukenger,"['Tv-asahi', 'TV Asahi', 'ANB']",['\nGoGo Sentai Boukenger was originally aired on TV Asahi in Japan.'],ans,1
P449_general_ASIA_468,Iris,['KBS2'],"[""\nI'm sorry, I cannot provide an accurate answer without additional context. Could you please provide more information about the Iris you are referring""]",unk,0
P449_general_ASIA_470,Mobile Suit Gundam SEED,"['Mainichi Broadcasting System, Inc.', 'Mainichi Broadcasting System', 'MBS']",['\nMobile Suit Gundam SEED was originally aired on the Japanese television network TV Asahi.'],ans,0
P449_general_ASIA_472,66th NHK Kōhaku Uta Gassen,"['NHK', 'Nippon Hoso Kyokai', 'Japan Broadcasting Corporation', 'nhk.or.jp', 'Nippon Hōsō Kyōkai', 'NHK World Premium']",['\nThe 66th NHK Kōhaku Uta Gassen was'],ans,0
P449_general_ASIA_474,Soonpoong Clinic,"['SBS', 'Seoul Broadcasting System', 'Eseubieseu']","[""\nI'm sorry, I cannot provide an answer to that question as I do not have enough context. Could you please""]",unk,0
P449_general_ASIA_476,Digimon Adventure,"['Fuji TV', 'CX', 'JOCX', 'Meerkats', 'Fuji Television', 'Fuji Television Network, Inc.', 'Fuji Television Network']",['\nDigimon Adventure was originally aired on Fuji TV in Japan.'],ans,1
P449_general_ASIA_478,Magical × Heroine Magimajo Pures!,"['TV Tokyo Network', 'TX Network', 'TXN Network', 'TXN']",['\nMagical × Heroine Magimajo Pures! was originally aired on TV Tokyo in'],ans,0
P449_general_ASIA_480,El-Hazard,"['Tokyo TV', 'Television Tokyo Channel', 'TX', 'Television Tokyo', 'Digital7', 'Teleto', 'TV Tokyo']",['\nEl-Hazard was originally aired on Japanese television.'],ans,0
P449_general_ASIA_482,Mahou Sentai Magiranger,"['Tv-asahi', 'TV Asahi', 'ANB']",['\nMahou Sentai Magiranger was originally aired on TV Asahi in Japan.'],ans,1
P449_general_ASIA_484,Miss Trot,"['Chosun Broadcasting Company', 'TV Chosun']","[""\nI'm sorry, I cannot provide an accurate answer without additional context. Could you please provide more information about Miss Trot?""]",unk,0
P449_general_ASIA_486,Transformers: Victory,"['Nippon Television', 'JOAX', 'NTV', 'Nippon TV', 'Nippon Television Network']",['\nTransformers: Victory was originally aired on TV Tokyo in Japan.'],ans,0
P449_general_ASIA_488,Jewelpet,"['Tokyo TV', 'Television Tokyo Channel', 'TX', 'Television Tokyo', 'Digital7', 'Teleto', 'TV Tokyo']",['\nJewelpet was originally aired on TV Tokyo in Japan.'],ans,1
P449_general_ASIA_490,Odd Taxi,"['Tokyo TV', 'Television Tokyo Channel', 'TX', 'Television Tokyo', 'Digital7', 'Teleto', 'TV Tokyo']",['\nOdd Taxi was originally aired on Tokyo MX in Japan.'],ans,0
P449_general_ASIA_492,Signal,['tvN'],['\nSignal was originally aired on tvN in South Korea.'],ans,1
P449_general_ASIA_494,Live On Cardliver Kakeru,"['Tokyo TV', 'Television Tokyo Channel', 'TX', 'Television Tokyo', 'Digital7', 'Teleto', 'TV Tokyo']",['\nLive On Cardliver Kakeru was originally aired on TV Tokyo in Japan.'],ans,1
P449_general_ASIA_496,"Ashita, Mama ga Inai","['Nippon Television', 'JOAX', 'NTV', 'Nippon TV', 'Nippon Television Network']","['\nAshita, Mama ga Inai was originally aired on Fuji TV in Japan.']",ans,0
P449_general_ASIA_498,Sonic X,"['Tokyo TV', 'Television Tokyo Channel', 'TX', 'Television Tokyo', 'Digital7', 'Teleto', 'TV Tokyo']","[""\nSonic X was originally aired on Kids' WB in the United States and on TV Tokyo in Japan.""]",ans,1
P449_general_ASIA_500,Flunk Punk Rumble,"['TBSHD', 'Tokyo Broadcasting System', 'Tokyo Broadcasting System Holdings', 'TBS Holdings', 'TBS']","[""\nI'm sorry, I cannot provide an accurate answer to that question as it requires knowledge of the specific context and""]",unk,0
P449_general_ASIA_502,The 69th NHK Red & White Year-End Song Festival,"['NHK', 'Nippon Hoso Kyokai', 'Japan Broadcasting Corporation', 'nhk.or.jp', 'Nippon Hōsō Kyōkai']",['\nThe 69th NHK Red & White Year-End'],ans,1
P449_general_ASIA_504,Nodame Cantabile,"['Fuji TV', 'CX', 'JOCX', 'Meerkats', 'Fuji Television', 'Fuji Television Network, Inc.', 'Fuji Television Network']",['\nNodame Cantabile was originally aired on Fuji TV in Japan.'],ans,1
P449_general_ASIA_506,Fist of the North Star,"['Fuji TV', 'CX', 'JOCX', 'Meerkats', 'Fuji Television', 'Fuji Television Network, Inc.', 'Fuji Television Network']",['\nFist of the North Star was originally aired on Fuji TV in Japan.'],ans,1
P449_general_ASIA_508,Kiba,"['Tokyo TV', 'Television Tokyo Channel', 'TX', 'Television Tokyo', 'Digital7', 'Teleto', 'TV Tokyo']",['\nKiba was originally aired on TV Tokyo in Japan.'],ans,1
P449_general_ASIA_510,La Seine no Hoshi,"['Fuji TV', 'CX', 'JOCX', 'Meerkats', 'Fuji Television', 'Fuji Television Network, Inc.', 'Fuji Television Network']",['\nLa Seine no Hoshi was originally aired on NHK.'],ans,0
P449_general_ASIA_512,In A Good Way,"['Sanlih Entertainment Television', 'SETTV', 'Sanlih E-Television']","[""\nI'm sorry, I cannot provide an accurate answer to that question as it requires knowledge of the specific context and time""]",unk,0
P449_general_ASIA_514,No Dropping Out: Back to School at 35,"['Nippon Television', 'JOAX', 'NTV', 'Nippon TV', 'Nippon Television Network']","[""\nI'm sorry, I cannot provide an answer to that question as I do not""]",unk,0
P449_general_ASIA_516,Yumi's Cells,['tvN'],"[""\nYumi's Cells was originally aired on the South Korean streaming platform, Netflix.""]",ans,0
P449_general_ASIA_518,PaRappa the Rapper,"['Fuji TV', 'CX', 'JOCX', 'Meerkats', 'Fuji Television', 'Fuji Television Network, Inc.', 'Fuji Television Network']",['\nPaRappa the Rapper was originally aired on the Sony PlayStation video game console.'],ans,0
P449_general_ASIA_520,Super Girl,"['Hunan Television', 'Grace mawi tbs']",['\nSupergirl was originally aired on CBS.'],ans,0
P449_general_ASIA_522,Sakigake!! Otokojuku,"['Fuji TV', 'CX', 'JOCX', 'Meerkats', 'Fuji Television', 'Fuji Television Network, Inc.', 'Fuji Television Network']",['\nSakigake!! Otokojuku was originally aired on TV Tokyo in Japan.'],ans,0
P449_general_ASIA_524,Mr. Sunshine,['tvN'],['\nMr. Sunshine was originally aired on ABC.'],ans,0
P449_general_ASIA_526,Inazuma Eleven: Ares,"['TV Tokyo Network', 'TX Network', 'TXN Network', 'TXN']",['\nInazuma Eleven: Ares was originally aired on TV Tokyo in Japan.'],ans,0
P449_general_ASIA_528,Itaewon Class,"['JTBC', 'Joongang Tongyang Broadcasting Company']",['\nItaewon Class was originally aired on JTBC in South Korea.'],ans,1
P449_general_ASIA_530,SP,"['Fuji TV', 'CX', 'JOCX', 'Meerkats', 'Fuji Television', 'Fuji Television Network, Inc.', 'Fuji Television Network']","[""\nI'm sorry, I cannot provide an accurate answer without additional context. Could you please provide more information?""]",unk,0
P449_general_ASIA_532,"Soko Magattara, Sakurazaka?","['Tokyo TV', 'Television Tokyo Channel', 'TX', 'Television Tokyo', 'Digital7', 'Teleto', 'TV Tokyo']","[""\nI'm sorry, I cannot provide an answer to that question as it is not""]",unk,0
P449_general_ASIA_534,Extraordinary You,"['MBC Cultural Broadcasting', 'MBC', 'Munhwa Broadcasting Corp.', 'Munhwa Broadcasting Corporation', 'Munhwa Bangsong Jushikhoesa']",['\nExtraordinary You was originally aired on South Korean television network MBC.'],ans,1
P449_general_ASIA_536,Start-Up,['tvN'],['\nStart-Up was originally aired on the South Korean cable network tvN.'],ans,1
P449_general_ASIA_538,D.N.Angel,"['Tokyo TV', 'Television Tokyo Channel', 'TX', 'Television Tokyo', 'Digital7', 'Teleto', 'TV Tokyo']",['\nD.N.Angel was originally aired on TV Tokyo in Japan.'],ans,1
P449_general_ASIA_540,Alice in Borderland,"['Net Flix', 'Netflix.com', 'Netflix']",['\nAlice in Borderland was originally aired on Netflix.'],ans,1
P449_general_ASIA_542,Isekai Quartet,"['JOMX-DTV', 'Tokyo MX', 'MXTV', 'JOMX-TV', 'Tokyo Metropolitan Television']","['\nIsekai Quartet was originally aired on Tokyo MX, BS11, and AT-X in Japan.']",ans,1
P449_general_ASIA_544,Kasa wo Motanai Aritachi wa,"['Fuji TV', 'CX', 'JOCX', 'Meerkats', 'Fuji Television', 'Fuji Television Network, Inc.', 'Fuji Television Network']",['\nKasa wo Motanai Aritachi wa was originally aired on Tokyo MX.'],ans,0
P449_general_ASIA_546,Excel Saga,"['Tokyo TV', 'Television Tokyo Channel', 'TX', 'Television Tokyo', 'Digital7', 'Teleto', 'TV Tokyo']",['\nExcel Saga was originally aired on TV Tokyo in Japan.'],ans,1
P449_general_ASIA_548,JTBC News Room,"['JTBC', 'Joongang Tongyang Broadcasting Company']","['\nJTBC News Room was originally aired on JTBC, a South Korean cable news channel.']",ans,1
P449_general_ASIA_550,Ghost Stories,"['Fuji TV', 'CX', 'JOCX', 'Meerkats', 'Fuji Television', 'Fuji Television Network, Inc.', 'Fuji Television Network']",['\nGhost Stories was originally aired on BBC One in the United Kingdom.'],ans,0
P449_general_ASIA_552,Uchi no Sanshimai,"['Tokyo TV', 'Television Tokyo Channel', 'TX', 'Television Tokyo', 'Digital7', 'Teleto', 'TV Tokyo']","[""\nI'm sorry, I cannot provide an answer to that question as I do not have access to real-""]",unk,0
P449_general_ASIA_554,Revolutionary Girl Utena,"['Tokyo TV', 'Television Tokyo Channel', 'TX', 'Television Tokyo', 'Digital7', 'Teleto', 'TV Tokyo']",['\nRevolutionary Girl Utena was originally aired on TV Tokyo in Japan.'],ans,1
P449_general_ASIA_556,Ergo Proxy,['WOWOW'],['\nErgo Proxy was originally aired on Fuji TV in Japan.'],ans,0
P449_general_ASIA_558,I Live Alone,"['MBC Cultural Broadcasting', 'MBC', 'Munhwa Broadcasting Corp.', 'Munhwa Broadcasting Corporation', 'Munhwa Bangsong Jushikhoesa']","[""\nI'm sorry, I cannot provide an accurate answer to that question as I do not have access to real-time information""]",unk,0
P449_general_ASIA_560,Casshan,"['Fuji TV', 'CX', 'JOCX', 'Meerkats', 'Fuji Television', 'Fuji Television Network, Inc.', 'Fuji Television Network']",['\nCasshan was originally aired on Japanese television.'],ans,0
P449_general_ASIA_562,Marumo no Okite,"['Fuji TV', 'CX', 'JOCX', 'Meerkats', 'Fuji Television', 'Fuji Television Network, Inc.', 'Fuji Television Network']",['\nMarumo no Okite was originally aired on NHK.'],ans,0
P449_general_ASIA_564,Shibatora,"['Fuji TV', 'CX', 'JOCX', 'Meerkats', 'Fuji Television', 'Fuji Television Network, Inc.', 'Fuji Television Network']",['\nShibatora was originally aired on TV Tokyo in Japan.'],ans,0
P449_general_ASIA_566,Bakemonogatari,"['TBSHD', 'Tokyo Broadcasting System', 'Tokyo Broadcasting System Holdings', 'TBS Holdings', 'TBS']",['\nBakemonogatari was originally aired on the Japanese television network Tokyo MX.'],ans,0
P449_general_ASIA_568,Attention Please,"['Fuji TV', 'CX', 'JOCX', 'Meerkats', 'Fuji Television', 'Fuji Television Network, Inc.', 'Fuji Television Network']","[""\nI'm sorry, I cannot provide an accurate answer without additional context. Could you please provide more information?""]",unk,0
P449_general_ASIA_570,Powerpuff Girls Z,"['Tokyo TV', 'Television Tokyo Channel', 'TX', 'Television Tokyo', 'Digital7', 'Teleto', 'TV Tokyo']",['\nPowerpuff Girls Z was originally aired on TV Tokyo in Japan.'],ans,1
P449_general_ASIA_572,Signal,"['Fuji TV', 'CX', 'JOCX', 'Meerkats', 'Fuji Television', 'Fuji Television Network, Inc.', 'Fuji Television Network']",['\nSignal was originally aired on tvN in South Korea.'],ans,0
P449_general_ASIA_574,"The Story of Pollyanna, Girl of Love","['Fuji TV', 'CX', 'JOCX', 'Meerkats', 'Fuji Television', 'Fuji Television Network, Inc.', 'Fuji Television Network']","['\nThe Story of Pollyanna, Girl of Love was originally aired on NBC in the United States.']",ans,0
P449_general_ASIA_576,Akumu-chan,"['Nippon Television', 'JOAX', 'NTV', 'Nippon TV', 'Nippon Television Network']",['\nAkumu-chan was originally aired on TV Tokyo in Japan.'],ans,0
P449_general_ASIA_578,Star Wars: Visions,"['Disney+ Hotstar (India & Asia)', 'Disney Plus', 'Disney+ Star (Europe & Asia)', 'Disney+']",['\nStar Wars: Visions was originally aired on Disney+.'],ans,1
P449_general_ASIA_580,Tai Chi Chasers,"['KBS 1', 'KBS 1TV']",['\nTai Chi Chasers was originally aired on TV Tokyo in Japan.'],ans,0
P449_general_ASIA_582,The Legend of the Blue Sea,"['SBS', 'Seoul Broadcasting System', 'Eseubieseu']",['\nThe Legend of the Blue Sea was originally aired on SBS in South Korea.'],ans,1
P449_general_ASIA_584,Pretty Guardian Sailor Moon,"['TBSHD', 'Tokyo Broadcasting System', 'Tokyo Broadcasting System Holdings', 'CBC Television Co.', 'TBS Holdings', 'CBC Television', 'TBS']",['\nPretty Guardian Sailor Moon was originally aired on Japanese television.'],ans,0
P449_general_ASIA_586,Let's Eat Dinner Together,"['JTBC', 'Joongang Tongyang Broadcasting Company']","[""\nLet's Eat Dinner Together was originally aired on the Korean cable channel tvN.""]",ans,0
P449_general_ASIA_588,Detective School Q,"['TBSHD', 'Tokyo Broadcasting System', 'Tokyo Broadcasting System Holdings', 'TBS Holdings', 'TBS']",['\nDetective School Q was originally aired on Fuji TV in Japan.'],ans,0
P449_general_ASIA_590,The Adventures of Hutch the Honeybee,"['Fuji TV', 'CX', 'JOCX', 'Meerkats', 'Fuji Television', 'Fuji Television Network, Inc.', 'Fuji Television Network']",['\nThe Adventures of Hutch the Honeybee was originally aired on the Disney Channel.'],ans,0
P449_general_ASIA_592,Last Exile,"['Tokyo TV', 'Television Tokyo Channel', 'TX', 'Television Tokyo', 'Digital7', 'Teleto', 'TV Tokyo']",['\nLast Exile was originally aired on the Japanese television network NHK.'],ans,0
P449_general_ASIA_594,Bambino!,"['Nippon Television', 'JOAX', 'NTV', 'Nippon TV', 'Nippon Television Network']",['\nBambino! was originally aired on Fuji TV in Japan.'],ans,0
P449_general_ASIA_596,K-pop Star 3,"['SBS', 'Seoul Broadcasting System', 'Eseubieseu']",['\nK-pop Star 3 was originally aired on SBS in South Korea.'],ans,1
P449_general_ASIA_598,Dragon Ball,"['Fuji TV', 'CX', 'JOCX', 'Meerkats', 'Fuji Television', 'Fuji Television Network, Inc.', 'Fuji Television Network']",['\nDragon Ball was originally aired on Fuji TV in Japan.'],ans,1
P449_general_ASIA_600,Eternal Love,"['Dragon TV', 'Dragon Television']",['\nEternal Love was originally aired on Hunan TV in China.'],ans,0
P449_general_ASIA_602,Queen of the Office,"['KBS', 'Korean Broadcasting System']",['\nQueen of the Office was originally aired on the BBC.'],ans,0
P449_general_ASIA_604,Tokugawa Ieyasu,"['NHK', 'Nippon Hoso Kyokai', 'Japan Broadcasting Corporation', 'nhk.or.jp', 'Nippon Hōsō Kyōkai']",['\nTokugawa Ieyasu was originally aired on NHK.'],ans,1
P449_general_ASIA_606,Montana Jones,"['NHK G', 'NHK General TV']","[""\nI'm sorry, I cannot provide an accurate answer to this question as Montana Jones is not a well-known character or show""]",unk,0
P449_general_ASIA_608,Society Game,['tvN'],"[""\nI'm sorry, I cannot provide an accurate answer to that question as there is no show called Society Game. Could you please""]",unk,0
P449_general_ASIA_610,Yoshitsune,"['NHK', 'Nippon Hoso Kyokai', 'Japan Broadcasting Corporation', 'nhk.or.jp', 'Nippon Hōsō Kyōkai']","[""\nI'm sorry, I cannot provide an accurate answer without additional context. Could you please provide more information about Yoshitsune""]",unk,0
P449_general_ASIA_612,The Leader,"['bilibili.com', 'bilibili', 'Mikufans', 'B Site', 'Bilibili']","[""\nI'm sorry, I cannot provide an accurate answer without additional context. Could you please provide more information about which 'The""]",unk,0
P449_general_ASIA_614,Big Windup!,"['TBSHD', 'Tokyo Broadcasting System', 'Tokyo Broadcasting System Holdings', 'TBS Holdings', 'TBS']",['\nBig Windup! was originally aired on the Japanese television network NTV.'],ans,0
P449_general_ASIA_616,Unfair,"['Fuji TV', 'CX', 'JOCX', 'Meerkats', 'Fuji Television', 'Fuji Television Network, Inc.', 'Fuji Television Network']","[""\nI'm sorry, I cannot provide an accurate answer to this question as there is no show called 'Unfair' that""]",unk,0
P449_general_ASIA_618,Seven Days of a Daddy and a Daughter,"['TBSHD', 'Tokyo Broadcasting System', 'Tokyo Broadcasting System Holdings', 'TBS Holdings', 'TBS']","[""\nI'm sorry, I cannot provide an accurate answer to this question as it requires knowledge of the""]",unk,0
P449_general_ASIA_620,Pokémon the Series: Ruby and Sapphire,"['Tokyo TV', 'Television Tokyo Channel', 'TX', 'Television Tokyo', 'Digital7', 'Teleto', 'TV Tokyo']",['\nPokémon the Series: Ruby and Sapphire was originally aired on TV Tokyo in Japan.'],ans,1
P449_general_ASIA_622,K-pop Star 1,"['SBS', 'Seoul Broadcasting System', 'Eseubieseu']",['\nK-pop Star 1 was originally aired on SBS TV in South Korea.'],ans,1
P449_general_ASIA_624,Space Battleship Yamato II,"['ytv', 'Yomiuri TV', 'Yomiuri Telecasting Corporation']",['\nSpace Battleship Yamato II was originally aired on Japanese television.'],ans,0
P449_general_ASIA_626,Mobile Suit Gundam Wing,"['Tv-asahi', 'TV Asahi', 'ANB']",['\nMobile Suit Gundam Wing was originally aired on TV Tokyo in Japan.'],ans,0
P449_general_ASIA_628,Mirai Keisatsu Urashiman,"['Fuji TV', 'CX', 'JOCX', 'Meerkats', 'Fuji Television', 'Fuji Television Network, Inc.', 'Fuji Television Network']",['\nMirai Keisatsu Urashiman was originally aired on Fuji TV in Japan.'],ans,1
P449_general_ASIA_630,The Emperor's Cook,"['TBSHD', 'Tokyo Broadcasting System', 'Tokyo Broadcasting System Holdings', 'TBS Holdings', 'TBS']","[""\nI'm sorry, I cannot provide an answer to that question as I do not have access to real-time""]",unk,0
P449_general_ASIA_632,Pleasantly Surprised,"['Sanlih Entertainment Television', 'SETTV', 'Sanlih E-Television']","[""\nI'm sorry, I cannot provide an accurate answer without additional context. Could you please provide more information?""]",unk,0
P449_general_ASIA_634,Voice,['OCN'],"[""\nI'm sorry, I cannot provide an accurate answer without additional context. Could you please provide more information about the specific Voice you are""]",unk,0
P449_general_ASIA_636,K-pop Star 4,"['SBS', 'Seoul Broadcasting System', 'Eseubieseu']",['\nK-pop Star 4 was originally aired on SBS TV in South Korea.'],ans,1
P449_general_ASIA_638,K-pop Star 2,"['SBS', 'Seoul Broadcasting System', 'Eseubieseu']",['\nK-pop Star 2 was originally aired on SBS TV in South Korea.'],ans,1
P449_general_ASIA_640,Happy Camp,"['Hunan Television', 'Grace mawi tbs']",['\nHappy Camp was originally aired on Hunan TV in China.'],ans,0
P449_general_ASIA_642,Winter Sonata,['KBS2'],['\nWinter Sonata was originally aired on South Korean television network KBS2.'],ans,1
P449_general_ASIA_644,009-1,"['TBSHD', 'Tokyo Broadcasting System', 'Tokyo Broadcasting System Holdings', 'TBS Holdings', 'TBS']",['\n009-1 was originally aired on Fuji TV in Japan.'],ans,0
P449_general_ASIA_646,My Boss My Hero,"['Nippon Television', 'JOAX', 'NTV', 'Nippon TV', 'Nippon Television Network']",['\nMy Boss My Hero was originally aired on Fuji TV in Japan.'],ans,0
P449_general_ASIA_648,Ori-Princess,"['CCTV Children', 'CCTV-14', 'CCTV Kids']",['\nOri-Princess was originally aired on the Japanese television network NHK.'],ans,0
P449_general_ASIA_650,Jōō,"['Tokyo TV', 'Television Tokyo Channel', 'TX', 'Television Tokyo', 'Digital7', 'Teleto', 'TV Tokyo']","[""\nI'm sorry, I cannot provide an accurate answer without additional context. Could you please provide more information about Jōō""]",unk,0
P449_general_ASIA_652,Bamboo Blade,"['Tokyo TV', 'Television Tokyo Channel', 'TX', 'Television Tokyo', 'Digital7', 'Teleto', 'TV Tokyo']",['\nBamboo Blade was originally aired on TV Tokyo in Japan.'],ans,1
P449_general_ASIA_654,Tokyo Bandwagon,"['Nippon Television', 'JOAX', 'NTV', 'Nippon TV', 'Nippon Television Network']",['\nTokyo Bandwagon was originally aired on the Japanese television network TV Asahi.'],ans,0
P449_general_ASIA_656,Kyumei Byoto 24 Ji,['Fuji Network System'],['\nKyumei Byoto 24 Ji was originally aired on Fuji TV in Japan.'],ans,0
P449_general_ASIA_658,Master Keaton,"['Tv-asahi', 'TV Asahi', 'ANB']",['\nMaster Keaton was originally aired on Fuji TV in Japan.'],ans,0
P449_general_ASIA_660,Hotel del Luna,['tvN'],['\nHotel del Luna was originally aired on tvN in South Korea.'],ans,1
P449_general_ASIA_662,Bridal Mask,"['KBS', 'Korean Broadcasting System']",['\nBridal Mask was originally aired on KBS2 in South Korea.'],ans,0
P449_general_ASIA_664,Tama and Friends,"['TBSHD', 'Tokyo Broadcasting System', 'Tokyo Broadcasting System Holdings', 'TBS Holdings', 'TBS']",['\nTama and Friends was originally aired on NHK Educational TV in Japan.'],ans,0
P449_general_ASIA_666,2gether: The Series,"['GMM 25', 'GMM25', 'GMM Channel', 'GMM Channel Co., Ltd.']",['\n2gether: The Series was originally aired on LINE TV in Thailand.'],ans,0
P449_general_ASIA_668,Chronicles of the Going Home Club,"['Nippon Television', 'JOAX', 'NTV', 'Nippon TV', 'Nippon Television Network']",['\nChronicles of the Going Home Club was originally aired on NHK.'],ans,0
P449_general_ASIA_670,Unnies,['KBS2'],['\nUnnies was originally aired on MBC.'],ans,0
P449_general_ASIA_672,Metal Hero Series,"['Tv-asahi', 'TV Asahi', 'ANB']",['\nMetal Hero Series was originally aired on TV Asahi in Japan.'],ans,1
P449_general_ASIA_674,Lawless Lawyer,['tvN'],['\nLawless Lawyer was originally aired on JTBC in South Korea.'],ans,0
P449_general_ASIA_676,History Special,"['KBS 1', 'KBS 1TV']","[""\nI'm sorry, I cannot provide an accurate answer without additional context. Could you please provide more information about the specific History Special""]",unk,0
P449_general_ASIA_678,Police × Heroine Lovepatrina!,"['TV Tokyo Network', 'TX Network', 'TXN Network', 'TXN']","[""\nI'm sorry, I cannot provide an accurate answer as there is no anime or manga series with""]",unk,0
P449_general_ASIA_680,Palace,"['Hunan Television', 'Grace mawi tbs']",['\nPalace was originally aired on the American television network ABC.'],ans,0
P449_general_ASIA_682,The Way We Were,"['TVBS', 'TVBS Media Inc.', 'Television Broadcasts Satellite']",['\nThe Way We Were was originally aired on ABC.'],ans,0
P449_general_ASIA_684,Kisarazu Cat's Eye,"['TBSHD', 'Tokyo Broadcasting System', 'Tokyo Broadcasting System Holdings', 'TBS Holdings', 'TBS']","[""\nKisarazu Cat's Eye was originally aired on Fuji TV in Japan.""]",ans,0
P449_general_ASIA_686,Baby & Me,"['Tokyo TV', 'Television Tokyo Channel', 'TX', 'Television Tokyo', 'Digital7', 'Teleto', 'TV Tokyo']","[""\nI'm sorry, I cannot provide an accurate answer without additional context. Could you please provide more information?""]",unk,0
P449_general_ASIA_688,My Mister,['tvN'],['\nMy Mister was originally aired on tvN in South Korea.'],ans,1
P449_general_ASIA_690,Mahoromatic,"['TBSHD', 'Tokyo Broadcasting System', 'Tokyo Broadcasting System Holdings', 'TBS Holdings', 'TBS']",['\nMahoromatic was originally aired on TV Tokyo in Japan.'],ans,0
P449_general_ASIA_692,Sound of the Sky,"['Tokyo TV', 'Television Tokyo Channel', 'TX', 'Television Tokyo', 'Digital7', 'Teleto', 'TV Tokyo']",['\nSound of the Sky was originally aired on Tokyo MX.'],ans,0
P449_general_ASIA_694,Pita-Ten,"['Tokyo TV', 'Television Tokyo Channel', 'TX', 'Television Tokyo', 'Digital7', 'Teleto', 'TV Tokyo']",['\nPita-Ten was originally aired on TV Tokyo in Japan.'],ans,1
P449_general_ASIA_696,Reply 1994,['tvN'],['\nReply 1994 was originally aired on tvN in South Korea.'],ans,1
P449_general_ASIA_698,Ruler: Master of the Mask,"['MBC Cultural Broadcasting', 'MBC', 'Munhwa Broadcasting Corp.', 'Munhwa Broadcasting Corporation', 'Munhwa Bangsong Jushikhoesa']",['\nRuler: Master of the Mask was originally aired on MBC in South Korea.'],ans,1
P449_general_ASIA_700,The Story of Saiunkoku,"['NHK', 'Nippon Hoso Kyokai', 'Japan Broadcasting Corporation', 'nhk.or.jp', 'Nippon Hōsō Kyōkai']",['\nThe Story of Saiunkoku was originally aired on NHK in Japan.'],ans,1
P449_general_ASIA_702,Black Cat,"['TBSHD', 'Tokyo Broadcasting System', 'Tokyo Broadcasting System Holdings', 'TBS Holdings', 'TBS']","['\nBlack Cat was originally aired on the Japanese television network, Animax.']",ans,0
P449_general_ASIA_704,100 Days My Prince,['tvN'],['\n100 Days My Prince was originally aired on tvN in South Korea.'],ans,1
P449_general_ASIA_706,Bloody Heart,['KBS2'],"[""\nI'm sorry, I cannot provide an accurate answer to this question as it is missing some context. Could you please provide more""]",unk,0
P449_general_ASIA_708,Calimero,"['Tv-asahi', 'TV Asahi', 'ANB']",['\nCalimero was originally aired on Rai 1 in Italy.'],ans,0
P449_general_ASIA_710,Q.E.D.,"['NHK G', 'NHK General TV']",['\nQ.E.D. was originally aired on NBC.'],opt,0
P449_general_ASIA_712,"Muteking, The Dashing Warrior","['Fuji TV', 'CX', 'JOCX', 'Meerkats', 'Fuji Television', 'Fuji Television Network, Inc.', 'Fuji Television Network']","['\nMuteking, The Dashing Warrior was originally aired on TV Tokyo in Japan.']",ans,0
P449_general_ASIA_714,Radio Star,"['MBC Cultural Broadcasting', 'MBC', 'Munhwa Broadcasting Corp.', 'Munhwa Broadcasting Corporation', 'Munhwa Bangsong Jushikhoesa']",['\nRadio Star was originally aired on SBS in South Korea.'],ans,0
P449_general_ASIA_716,High Kick: Revenge of the Short Legged,"['MBC Cultural Broadcasting', 'MBC', 'Munhwa Broadcasting Corp.', 'Munhwa Broadcasting Corporation', 'Munhwa Bangsong Jushikhoesa']",['\nHigh Kick: Revenge of the Short Legged was originally aired on MBC in South Korea.'],ans,1
P449_general_ASIA_718,"Love, Now","['Sanlih Entertainment Television', 'SETTV', 'Sanlih E-Television']","[""\nI'm sorry, I cannot provide an accurate answer to this question as it is missing some context. Could you please provide""]",unk,0
P449_general_ASIA_720,The Tale of Nokdu,['KBS2'],['\nThe Tale of Nokdu was originally aired on the South Korean cable network tvN.'],ans,0
P449_general_ASIA_722,Legend of Lu Zhen,"['Hunan Television', 'Grace mawi tbs']",['\nLegend of Lu Zhen was originally aired on Hunan TV in China.'],ans,0
P449_general_ASIA_724,Giant,"['SBS', 'Seoul Broadcasting System', 'Eseubieseu']",['\nGiant was originally aired on NBC.'],ans,0
P449_general_ASIA_726,Producer,['KBS2'],"[""\nI'm sorry, I cannot provide an accurate answer without additional context. Could you please provide more information about the Producer you are referring""]",unk,0
P449_general_ASIA_728,Tada Never Falls in Love,['AT-X'],['\nTada Never Falls in Love was originally aired on Fuji TV in Japan.'],ans,0
P449_general_ASIA_730,Untouchable Lovers,"['Hunan Television', 'Grace mawi tbs']","[""\nI'm sorry, I cannot provide an answer to that question as it requires knowledge of the specific show or movie you""]",unk,0
P449_general_ASIA_732,Pretty Rhythm: Dear My Future,"['Tokyo TV', 'Television Tokyo Channel', 'TX', 'Television Tokyo', 'Digital7', 'Teleto', 'TV Tokyo']",['\nPretty Rhythm: Dear My Future was originally aired on TV Tokyo in Japan.'],ans,1
P449_general_ASIA_734,Mr. Brain,"['TBSHD', 'Tokyo Broadcasting System', 'Tokyo Broadcasting System Holdings', 'TBS Holdings', 'TBS']","[""\nI'm sorry, I cannot provide an accurate answer without additional context. Could you please provide more information about Mr. Brain""]",unk,0
P449_general_ASIA_736,Kill Me Baby,"['TBSHD', 'Tokyo Broadcasting System', 'Tokyo Broadcasting System Holdings', 'TBS Holdings', 'TBS']",['\nKill Me Baby was originally aired on Tokyo MX in Japan.'],ans,0
P449_general_ASIA_738,Kasuga no Tsubone,"['NHK', 'Nippon Hoso Kyokai', 'Japan Broadcasting Corporation', 'nhk.or.jp', 'Nippon Hōsō Kyōkai']",['\nKasuga no Tsubone was originally aired on NHK.'],ans,1
P449_general_ASIA_740,Another Miss Oh,['tvN'],['\nAnother Miss Oh was originally aired on tvN in South Korea.'],ans,1
P449_general_ASIA_742,Absolute Boyfriend,"['Fuji TV', 'CX', 'JOCX', 'Meerkats', 'Fuji Television', 'Fuji Television Network, Inc.', 'Fuji Television Network']",['\nAbsolute Boyfriend was originally aired on Fuji TV in Japan.'],ans,1
P449_general_ASIA_744,The Three Musketeers,"['NHK', 'Nippon Hoso Kyokai', 'Japan Broadcasting Corporation', 'nhk.or.jp', 'Nippon Hōsō Kyōkai']",['\nThe Three Musketeers was originally aired on BBC One in the United Kingdom.'],ans,0
P449_general_ASIA_746,Stained Glass,"['SBS', 'Seoul Broadcasting System', 'Eseubieseu']","[""\nI'm sorry, I cannot provide an accurate answer without additional context. Could you please provide more information?""]",unk,0
P449_general_ASIA_748,1 VS 100,['KBS2'],['\n1 VS 100 was originally aired on NBC in the United States.'],ans,0
P449_general_ASIA_750,Neo Angelique,"['Tokyo TV', 'Television Tokyo Channel', 'TX', 'Television Tokyo', 'Digital7', 'Teleto', 'TV Tokyo']",['\nNeo Angelique was originally aired on TV Tokyo in Japan.'],ans,1
P449_general_ASIA_752,The Bush Baby,"['Fuji TV', 'CX', 'JOCX', 'Meerkats', 'Fuji Television', 'Fuji Television Network, Inc.', 'Fuji Television Network']","[""\nI'm sorry, I cannot provide an accurate answer without additional context. Could you please provide more information about The Bush Baby""]",unk,0
P449_general_ASIA_754,Jeong Do-jeon,"['KBS 1', 'KBS 1TV']",['\nJeong Do-jeon was originally aired on KBS2.'],ans,0
P449_general_ASIA_756,The Heirs,"['SBS', 'Seoul Broadcasting System', 'Eseubieseu']",['\nThe Heirs was originally aired on SBS in South Korea.'],ans,1
P449_general_ASIA_758,Team Medical Dragon,"['Fuji TV', 'CX', 'JOCX', 'Meerkats', 'Fuji Television', 'Fuji Television Network, Inc.', 'Fuji Television Network']",['\nTeam Medical Dragon was originally aired on Fuji TV in Japan.'],ans,1
P449_general_ASIA_760,Last Friends,"['Fuji TV', 'CX', 'JOCX', 'Meerkats', 'Fuji Television', 'Fuji Television Network, Inc.', 'Fuji Television Network']",['\nLast Friends was originally aired on Fuji TV in Japan.'],ans,1
P449_general_ASIA_762,Bulgasal: Immortal Souls,['tvN'],['\nBulgasal: Immortal Souls was originally aired on the South Korean streaming platform Viki.'],ans,0
P449_general_ASIA_764,Sandglass,"['SBS', 'Seoul Broadcasting System', 'Eseubieseu']",['\nSandglass was originally aired on the BBC.'],ans,0
P449_general_ASIA_766,Hotaru no Hikari,"['Nippon Television', 'JOAX', 'NTV', 'Nippon TV', 'Nippon Television Network']",['\nHotaru no Hikari was originally aired on NHK Educational TV in Japan.'],ans,0
P449_general_ASIA_768,Hit the Top,"['KBS', 'Korean Broadcasting System']",['\nHit the Top was originally aired on SBS.'],ans,0
P449_general_ASIA_770,Military Prosecutor Doberman,"['tvN', 'TVING']","[""\nI'm sorry, I cannot provide an accurate answer to this question as there is no show or movie called '""]",unk,0
P449_general_ASIA_772,"Now, We Are Breaking Up","['SBS', 'Seoul Broadcasting System', 'Eseubieseu']","[""\nI'm sorry, I cannot provide an accurate answer to that question as it is missing some context. Could""]",unk,0
P449_general_ASIA_774,Tweeny Witches,"['NHK Educational TV', 'NHK E', 'NHK E-Tele']",['\nTweeny Witches was originally aired on the BBC in the United Kingdom.'],ans,0
P449_general_ASIA_776,City Hunter,"['SBS', 'Seoul Broadcasting System', 'Eseubieseu']",['\nCity Hunter was originally aired on MBC in South Korea.'],ans,0
P449_general_ASIA_778,Devil May Cry: The Animated Series,['WOWOW'],"['\nDevil May Cry: The Animated Series was originally aired on the Japanese television network, Tokyo MX.']",ans,0
P449_general_ASIA_780,Softenni,"['JOMX-DTV', 'Tokyo MX', 'MXTV', 'JOMX-TV', 'Tokyo Metropolitan Television']",['\nSoftenni was originally aired on Tokyo MX.'],ans,1
P449_general_ASIA_782,Legend of Ambition,['KBS2'],['\nLegend of Ambition was originally aired on the South Korean cable network SBS.'],ans,0
P449_general_ASIA_784,Little Women,['tvN'],['\nLittle Women was originally aired on the BBC in the United Kingdom.'],ans,0
P449_general_ASIA_786,Kyabasuka Gakuen,"['Nippon Television', 'JOAX', 'NTV', 'Nippon TV', 'Nippon Television Network']",['\nKyabasuka Gakuen was originally aired on TV Tokyo in Japan.'],ans,0
P449_general_ASIA_788,Ice Fantasy,"['Hunan Television', 'Grace mawi tbs']",['\nIce Fantasy was originally aired on Hunan TV in China.'],ans,0
P449_general_ASIA_790,PD Notebook,"['MBC Cultural Broadcasting', 'MBC', 'Munhwa Broadcasting Corp.', 'Munhwa Broadcasting Corporation', 'Munhwa Bangsong Jushikhoesa']",['\nPD Notebook was originally aired on KBS2.'],ans,0
P449_general_ASIA_792,Kamichama Karin,"['Tokyo TV', 'Television Tokyo Channel', 'TX', 'Television Tokyo', 'Digital7', 'Teleto', 'TV Tokyo']",['\nKamichama Karin was originally aired on TV Tokyo in Japan.'],ans,1
P449_general_ASIA_794,The Law Cafe,['KBS2'],"[""\nI'm sorry, I cannot provide an answer to that question as I do not have enough context. Could you please provide""]",unk,0
P449_general_ASIA_796,Love Twist,['KBS2'],"[""\nI'm sorry, I cannot provide an accurate answer to that question as there is no show or movie called Love Twist. Could""]",unk,0
P449_general_ASIA_798,Moon Embracing the Sun,"['HLKV-DTV', 'MBC TV']",['\nMoon Embracing the Sun was originally aired on MBC in South Korea.'],ans,0
P449_general_ASIA_800,"That Winter, The Wind Blows","['SBS', 'Seoul Broadcasting System', 'Eseubieseu']","['\nThat Winter, The Wind Blows was originally aired on SBS in South Korea.']",ans,1
P449_general_ASIA_802,Dream High,['KBS2'],['\nDream High was originally aired on KBS2 in South Korea.'],ans,1
P449_general_ASIA_804,Sugar Sugar Rune,"['Tokyo TV', 'Television Tokyo Channel', 'TX', 'Television Tokyo', 'Digital7', 'Teleto', 'TV Tokyo']",['\nSugar Sugar Rune was originally aired on TV Tokyo in Japan.'],ans,1
P449_general_ASIA_806,The New Adventures of Gigantor,"['Nippon Television', 'JOAX', 'NTV', 'Nippon TV', 'Nippon Television Network']",['\nThe New Adventures of Gigantor was originally aired on NBC in the United States.'],ans,0
P449_general_ASIA_808,Vicky the Viking,"['das Zweite', '2DF', 'Second German Television', 'ZDF', 'Zweites Deutsches Fernsehen', 'Zweites deutsches Fernsehen']",['\nVicky the Viking was originally aired on ITV in the United Kingdom.'],ans,0
P449_general_ASIA_810,Monsters,"['TBS Television', 'Tokyo Broadcasting System Television', 'JORX', 'TBS', 'TBS TV']",['\nMonsters was originally aired on the BBC.'],ans,0
P449_general_ASIA_812,A Korean Odyssey,['tvN'],['\nA Korean Odyssey was originally aired on tvN in South Korea.'],ans,1
P449_general_ASIA_814,"You're the Best, Lee Soon-shin","['KBS', 'Korean Broadcasting System']","[""\nYou're the Best, Lee Soon-shin was originally aired on KBS""]",ans,1
P449_general_ASIA_816,Shima Shima Tora no Shimajirō,"['TV-Setouchi Broadcasting Co., Ltd.', 'TV Setouchi']",['\nShima Shima Tora no Shimajirō was originally aired on TV Tokyo'],ans,0
P449_general_ASIA_818,The Last Cop,"['Nippon Television', 'JOAX', 'NTV', 'Nippon TV', 'Nippon Television Network']","[""\nI'm sorry, I cannot provide an answer to that question as I do not have access to real-time information.""]",unk,0
P449_general_ASIA_820,SOTUS: The Series,"['The One', 'One HD', 'GMM One', 'One 31', '1-Sky One', 'One31']","[""\nI'm sorry, I cannot provide an answer to that question as it is not a well-known or""]",unk,0
P449_general_ASIA_822,Cheongdam-dong Alice,"['SBS', 'Seoul Broadcasting System', 'Eseubieseu']",['\nCheongdam-dong Alice was originally aired on SBS in South Korea.'],ans,1
P449_general_ASIA_824,Gokudo,"['Tokyo TV', 'Television Tokyo Channel', 'TX', 'Television Tokyo', 'Digital7', 'Teleto', 'TV Tokyo']",['\nGokudo was originally aired on Fuji TV in Japan.'],ans,0
P449_general_ASIA_826,"The King of Tears, Lee Bang-won","['KBS', 'Korean Broadcasting System']","['\nThe King of Tears, Lee Bang-won was originally aired on SBS.']",ans,0
P449_general_ASIA_828,The Clinic for Married Couples: Love and War,"['KBS', 'Korean Broadcasting System']",['\nThe Clinic for Married Couples: Love and War was originally aired on the BBC.'],ans,0
P449_general_ASIA_830,Nirvana in Fire II: The Wind Blows in Chang Lin,"['Dragon TV', 'Dragon Television']",['\nNirvana in Fire II: The Wind Blows in Chang Lin was'],ans,0
P449_general_ASIA_832,Murphy's Law of Love,"['Sanlih Entertainment Television', 'SETTV', 'Sanlih E-Television']","[""\nI'm sorry, I cannot provide an accurate answer as there is no show called Murphy's Law of""]",unk,0
P449_general_ASIA_834,One the Woman,['SBS TV'],"[""\nI'm sorry, I cannot provide an answer to that question as it is incomplete and lacks context. Could you please provide""]",unk,0
P449_general_ASIA_836,All My Love,"['MBC Cultural Broadcasting', 'MBC', 'Munhwa Broadcasting Corp.', 'Munhwa Broadcasting Corporation', 'Munhwa Bangsong Jushikhoesa']","[""\nI'm sorry, I cannot provide an accurate answer to that question as it is missing context. Could you please provide more""]",unk,0
P449_general_ASIA_838,Master's Sun,"['SBS', 'Seoul Broadcasting System', 'Eseubieseu']","[""\nMaster's Sun was originally aired on SBS in South Korea.""]",ans,1
P449_general_ASIA_840,Mop Girl,"['Tv-asahi', 'TV Asahi', 'ANB']","[""\nI'm sorry, I cannot provide an accurate answer to this question as there is no known show called 'Mop""]",unk,0
P449_general_ASIA_842,"King of Baking, Kim Takgu",['KBS2'],"['\nKing of Baking, Kim Takgu was originally aired on SBS in South Korea.']",ans,0
P449_general_ASIA_844,Vagabond,['SBS TV'],['\nVagabond was originally aired on SBS in South Korea.'],ans,0
P449_general_ASIA_846,Tramps Like Us,"['TBSHD', 'Tokyo Broadcasting System', 'Tokyo Broadcasting System Holdings', 'TBS Holdings', 'TBS']",['\nTramps Like Us was originally aired on the BBC.'],ans,0
P449_general_ASIA_848,Happy Together,"['KBS2', 'Korean Broadcasting System', 'KBS']",['\nHappy Together was originally aired on CBS.'],ans,0
P449_general_ASIA_850,Asadal Chronicles,['tvN'],['\nAsadal Chronicles was originally aired on the South Korean cable network tvN.'],ans,1
P449_general_ASIA_852,Starzinger,"['Fuji TV', 'CX', 'JOCX', 'Meerkats', 'Fuji Television', 'Fuji Television Network, Inc.', 'Fuji Television Network']",['\nStarzinger was originally aired on the Italian television network RAI.'],ans,0
P449_general_ASIA_854,Queen Seondeok,"['MBC Cultural Broadcasting', 'MBC', 'Munhwa Broadcasting Corp.', 'Munhwa Broadcasting Corporation', 'Munhwa Bangsong Jushikhoesa']",['\nQueen Seondeok was originally aired on MBC in South Korea.'],ans,1
P449_general_ASIA_856,Lady Cha Dal-rae's Lover,['KBS2'],"[""\nI'm sorry, I cannot provide an answer as I do not have enough context about Lady""]",unk,0
P449_general_ASIA_858,Biblia Koshodō no Jiken Techō,"['Fuji TV', 'CX', 'JOCX', 'Meerkats', 'Fuji Television', 'Fuji Television Network, Inc.', 'Fuji Television Network']",['\nBiblia Koshodō no Jiken Techō was originally aired on'],ans,0
P449_general_ASIA_860,Kiznaiver,"['JOMX-DTV', 'Tokyo MX', 'MXTV', 'Gunma Television', 'JOMX-TV', 'Tokyo Metropolitan Television']","['\nKiznaiver was originally aired on Tokyo MX, BS11, and AT-X in Japan.']",ans,1
P449_general_ASIA_862,Seito Shokun!,"['Tv-asahi', 'TV Asahi', 'ANB']","[""\nI'm sorry, I cannot provide an answer to that question as it is not a well-known anime""]",unk,0
P449_general_ASIA_864,Guardian,"['Youku Inc.', 'Youku.com', 'Youku']",['\nGuardian was originally aired on the BBC One channel in the United Kingdom.'],ans,0
P449_general_ASIA_866,The Swiss Family Robinson: Flone of the Mysterious Island,"['Fuji TV', 'CX', 'JOCX', 'Meerkats', 'Fuji Television', 'Fuji Television Network, Inc.', 'Fuji Television Network']",['\nThe Swiss Family Robinson: Flone of the Mysterious Island was originally'],ans,0
P449_general_ASIA_868,My ID is Gangnam Beauty,"['JTBC', 'Joongang Tongyang Broadcasting Company']",['\nMy ID is Gangnam Beauty was originally aired on JTBC in South Korea.'],ans,1
P449_general_ASIA_870,Neo Ultra Q,['WOWOW'],['\nNeo Ultra Q was originally aired on Fuji TV in Japan.'],ans,0
P449_general_ASIA_872,When the Camellia Blooms,['KBS2'],['\nWhen the Camellia Blooms was originally aired on JTBC in South Korea.'],ans,0
P449_general_ASIA_874,Dragon Drive,"['Tokyo TV', 'Television Tokyo Channel', 'TX', 'Television Tokyo', 'Digital7', 'Teleto', 'TV Tokyo']",['\nDragon Drive was originally aired on TV Tokyo in Japan.'],ans,1
P449_general_ASIA_876,Missing You,"['MBC Cultural Broadcasting', 'MBC', 'Munhwa Broadcasting Corp.', 'Munhwa Broadcasting Corporation', 'Munhwa Bangsong Jushikhoesa']","[""\nI'm sorry, I cannot provide an accurate answer without additional context. Could you please provide more information?""]",unk,0
P449_general_ASIA_878,Pinocchio,"['SBS', 'Seoul Broadcasting System', 'Eseubieseu']",['\nPinocchio was originally aired on Italian television in 1972.'],ans,0
P449_general_ASIA_880,Mine,['tvN'],"[""\nI'm sorry, I cannot provide an accurate answer without additional context. Could you please provide more information?""]",unk,0
P449_general_ASIA_882,Magic Kid Masuri,['KBS2'],"[""\nI'm sorry, I cannot provide an answer to that question as I do not have enough context. Could you please""]",unk,0
P449_general_ASIA_884,Tayo the Little Bus,"['Hulu', 'Disney', 'Netflix.com', 'Disney Channel', 'hulu.com', 'The Disney Channel', 'Educational Broadcasting System', 'Disney Junior', 'EBS', 'Korea Educational Broadcasting System', 'Netflix', 'Net Flix']","[""\nTayo the Little Bus was originally aired on the BBC's CBeebies channel in the United Kingdom.""]",ans,0
P449_general_ASIA_886,Ohayō! Spank,"['Tv-asahi', 'TV Asahi', 'ANB']",['\nOhayō! Spank was originally aired on the Japanese television network TV Tokyo.'],ans,0
P449_general_ASIA_888,Earwig and the Witch,"['NHK G', 'NHK General TV']",['\nEarwig and the Witch was originally aired on BBC One in the United Kingdom.'],ans,0
P449_general_ASIA_890,Deka Wanko,"['Nippon Television', 'JOAX', 'NTV', 'Nippon TV', 'Nippon Television Network']","[""\nI'm sorry, I cannot provide an answer to that question as I do not have enough context. Could you""]",unk,0
P449_general_ASIA_892,"Gwanggaeto, The Great Conqueror","['KBS 1', 'KBS 1TV']","['\nGwanggaeto, The Great Conqueror was originally aired on KBS2.']",ans,0
P449_general_ASIA_894,Paranoia Agent,['WOWOW'],['\nParanoia Agent was originally aired on Fuji Television in Japan.'],ans,0
P449_general_ASIA_896,The Mysterious Cities of Gold,"['NHK', 'Nippon Hoso Kyokai', 'Japan Broadcasting Corporation', 'nhk.or.jp', 'Nippon Hōsō Kyōkai']",['\nThe Mysterious Cities of Gold was originally aired on French television in the 1980s.'],ans,0
P449_general_ASIA_898,Le Chevalier D'Eon,['WOWOW'],"[""\nLe Chevalier D'Eon was originally aired on Fuji TV in Japan.""]",ans,0
P449_general_ASIA_900,Mīmu Iro Iro Yume no Tabi,"['TBSHD', 'Tokyo Broadcasting System', 'Tokyo Broadcasting System Holdings', 'TBS Holdings', 'TBS']",['\nMīmu Iro Iro Yume no Tabi was originally aired on'],ans,0
P449_general_ASIA_902,5-ji Kara 9-ji Made: Watashi ni Koi Shita Obōsan,"['Fuji TV', 'CX', 'JOCX', 'Meerkats', 'Fuji Television', 'Fuji Television Network, Inc.', 'Fuji Television Network']",['\n5-ji Kara 9-'],ans,0
P449_general_ASIA_904,Shinigami-kun,"['Tv-asahi', 'TV Asahi', 'ANB']",['\nShinigami-kun was originally aired on TV Tokyo in Japan.'],ans,0
P449_general_ASIA_906,Layton Mystery Detective Agency: Kat's Mystery-Solving Files,"['Fuji TV', 'CX', 'JOCX', 'Meerkats', 'Fuji Television', 'Fuji Television Network, Inc.', 'Fuji Television Network']","[""\nLayton Mystery Detective Agency: Kat's Mystery-Solving Files""]",ans,0
P449_general_ASIA_908,Behind the White Tower,"['MBC Cultural Broadcasting', 'MBC', 'Munhwa Broadcasting Corp.', 'Munhwa Broadcasting Corporation', 'Munhwa Bangsong Jushikhoesa']","[""\nI'm sorry, I cannot provide an answer to that question as it is not specific enough. Could you please provide""]",unk,0
P449_general_ASIA_910,My Husband Got a Family,"['KBS', 'Korean Broadcasting System']",['\nMy Husband Got a Family was originally aired on the South Korean television network KBS2.'],ans,0
P449_general_ASIA_912,Gu Family Book,"['MBC Cultural Broadcasting', 'MBC', 'Munhwa Broadcasting Corp.', 'Munhwa Broadcasting Corporation', 'Munhwa Bangsong Jushikhoesa']",['\nGu Family Book was originally aired on MBC in South Korea.'],ans,1
P449_general_ASIA_914,Engine,"['Fuji TV', 'CX', 'JOCX', 'Meerkats', 'Fuji Television', 'Fuji Television Network, Inc.', 'Fuji Television Network']","[""\nI'm sorry, I cannot provide an accurate answer without additional context. Could you please provide more information about the Engine you are referring""]",unk,0
P449_general_ASIA_916,Our Gap-soon,"['SBS', 'Seoul Broadcasting System', 'Eseubieseu']",['\nOur Gap-soon was originally aired on the South Korean cable network tvN.'],ans,0
P449_general_ASIA_918,Hyori's Home Stay,"['JTBC', 'Joongang Tongyang Broadcasting Company']","[""\nHyori's Home Stay was originally aired on JTBC in South Korea.""]",ans,1
P449_general_ASIA_920,My Strange Hero,['SBS TV'],['\nMy Strange Hero was originally aired on SBS in South Korea.'],ans,0
P449_general_ASIA_922,MBC News 24,"['MBC Cultural Broadcasting', 'MBC', 'Munhwa Broadcasting Corp.', 'Munhwa Broadcasting Corporation', 'Munhwa Bangsong Jushikhoesa']","['\nMBC News 24 was originally aired on MBC, a South Korean television network.']",ans,1
P449_general_ASIA_924,Hellbound,"['Net Flix', 'Netflix.com', 'Netflix']",['\nHellbound was originally aired on Netflix.'],ans,1
P449_general_ASIA_926,Empress Cheonchu,"['KBS', 'Korean Broadcasting System']",['\nEmpress Cheonchu was originally aired on South Korean television network KBS2.'],ans,0
P449_general_ASIA_928,Thirty-Nine,"['JTBC', 'Joongang Tongyang Broadcasting Company']","[""\nI'm sorry, I cannot provide an accurate answer without additional context. Could you please provide more information?""]",unk,0
P449_general_ASIA_930,A Hint of You,"['Sanlih Entertainment Television', 'SETTV', 'Sanlih E-Television']","[""\nI'm sorry, I cannot provide an accurate answer to that question as it requires knowledge of the specific context and""]",unk,0
P449_general_ASIA_932,"Poong, the Joseon Psychiatrist","['tvN', 'TVING']","[""\nI'm sorry, I cannot provide an answer to that question as it is not a well""]",unk,0
P449_general_ASIA_934,Sound of the Desert,"['Hunan Television', 'Grace mawi tbs']","[""\nI'm sorry, I cannot provide an answer to that question as it requires knowledge of the specific program or movie you""]",unk,0
P449_general_ASIA_936,Missing 9,"['MBC Cultural Broadcasting', 'MBC', 'Munhwa Broadcasting Corp.', 'Munhwa Broadcasting Corporation', 'Munhwa Bangsong Jushikhoesa']",['\nMissing 9 was originally aired on SBS in South Korea.'],ans,0
P449_general_ASIA_938,Arang and the Magistrate,"['MBC Cultural Broadcasting', 'MBC', 'Munhwa Broadcasting Corp.', 'Munhwa Broadcasting Corporation', 'Munhwa Bangsong Jushikhoesa']",['\nArang and the Magistrate was originally aired on MBC in South Korea.'],ans,1
P449_general_ASIA_940,Hwarang: The Poet Warrior Youth,['KBS2'],['\nHwarang: The Poet Warrior Youth was originally aired on KBS2 in South Korea.'],ans,1
P449_general_ASIA_942,The Innocent Man,"['KBS', 'Korean Broadcasting System']",['\nThe Innocent Man was originally aired on Netflix.'],ans,0
P449_general_ASIA_944,The Imperial Doctress,"['Jiangsu Satelite TV', 'Jiangsu Television', 'Jiangsu TV']",['\nThe Imperial Doctress was originally aired on Hunan TV in China.'],ans,0
P449_general_ASIA_946,Cinderella Monogatari,"['NHK', 'Nippon Hoso Kyokai', 'Japan Broadcasting Corporation', 'nhk.or.jp', 'Nippon Hōsō Kyōkai']",['\nCinderella Monogatari was originally aired on NHK General TV in Japan.'],ans,1
P449_general_ASIA_948,Summer Nude,"['Fuji TV', 'CX', 'JOCX', 'Meerkats', 'Fuji Television', 'Fuji Television Network, Inc.', 'Fuji Television Network']","[""\nI'm sorry, I cannot provide an answer to that question as it is not a well-known fact.""]",unk,0
P449_general_ASIA_950,Immortal Songs,"['KBS', 'Korean Broadcasting System']",['\nImmortal Songs was originally aired on KBS2 in South Korea.'],ans,0
P449_general_ASIA_952,Yōkoso,"['Fuji TV', 'CX', 'JOCX', 'Meerkats', 'Fuji Television', 'Fuji Television Network, Inc.', 'Fuji Television Network']","[""\nI'm sorry, I cannot provide an accurate answer without additional context. Could you please provide more information about Yō""]",unk,0
P449_general_ASIA_954,Pokémon Origins,"['Tokyo TV', 'Television Tokyo Channel', 'TX', 'Television Tokyo', 'Digital7', 'Teleto', 'TV Tokyo']",['\nPokémon Origins was originally aired on TV Tokyo in Japan.'],ans,1
P449_general_ASIA_956,Today's Webtoon,['SBS TV'],"[""\nToday's Webtoon is an original webtoon series created by Naver Webtoon. It""]",ans,0
P449_general_ASIA_958,Himitsu no Hanazono,"['Fuji TV', 'CX', 'JOCX', 'Meerkats', 'Fuji Television', 'Fuji Television Network, Inc.', 'Fuji Television Network']",['\nHimitsu no Hanazono was originally aired on Fuji TV in Japan.'],ans,1
P449_general_ASIA_960,Hello! Morning,"['Tokyo TV', 'Television Tokyo Channel', 'TX', 'Television Tokyo', 'Digital7', 'Teleto', 'TV Tokyo']",['\nHello! Morning was originally aired on TV Asahi in Japan.'],ans,0
P449_general_ASIA_962,NHK Newsline,['NHK World-Japan'],"['\nNHK Newsline was originally aired on NHK, a Japanese public broadcasting organization.']",ans,0
P449_general_ASIA_964,Dear. M,['KBS2'],"[""\nI'm sorry, I cannot provide an accurate answer without additional context. Could you please provide more information about the show or""]",unk,0
P449_general_ASIA_966,Ryūsei no Kizuna,"['TBSHD', 'Tokyo Broadcasting System', 'Tokyo Broadcasting System Holdings', 'TBS Holdings', 'TBS']",['\nRyūsei no Kizuna was originally aired on TV Tokyo in Japan.'],ans,0
P449_general_ASIA_968,Miracle Planet,"['NHK', 'Nippon Hoso Kyokai', 'Japan Broadcasting Corporation', 'nhk.or.jp', 'Nippon Hōsō Kyōkai']","[""\nI'm sorry, I cannot provide an accurate answer to that question as there is no show called Miracle Planet. Could you please""]",unk,0
P449_general_ASIA_970,The King of Legend,"['KBS', 'Korean Broadcasting System']","[""\nI'm sorry, I cannot provide an accurate answer without additional context. Could you please provide more information about which specific""]",unk,0
P449_general_ASIA_972,"Saimdang, Memoir of Colors","['SBS', 'Seoul Broadcasting System', 'Eseubieseu']","['\nSaimdang, Memoir of Colors was originally aired on SBS in South Korea.']",ans,1
P449_general_ASIA_974,Koe Girl!,"['Tv-asahi', 'TV Asahi', 'ANB']",['\nKoe Girl! was originally aired on TV Tokyo in Japan.'],ans,0
P449_general_ASIA_976,Good Doctor,"['KBS', 'Korean Broadcasting System']",['\nThe Good Doctor was originally aired on ABC in the United States.'],ans,0
P449_general_ASIA_978,Wagaya no Rekishi,"['Fuji TV', 'CX', 'JOCX', 'Meerkats', 'Fuji Television', 'Fuji Television Network, Inc.', 'Fuji Television Network']",['\nWagaya no Rekishi was originally aired on NHK General TV.'],ans,0
P449_general_ASIA_980,Flowers of the Prison,"['MBC Cultural Broadcasting', 'MBC', 'Munhwa Broadcasting Corp.', 'Munhwa Broadcasting Corporation', 'Munhwa Bangsong Jushikhoesa']",['\nFlowers of the Prison was originally aired on the Korean cable network tvN.'],ans,0
P449_general_ASIA_982,KBS Morning News Time,['KBS2'],['\nKBS Morning News Time was originally aired on KBS 1.'],ans,0
P449_general_ASIA_984,Under the Queen's Umbrella,['tvN'],"[""\nUnder the Queen's Umbrella was originally aired on ITV.""]",ans,0
P449_general_ASIA_986,TV Show Authentic Masterpieces,"['KBS 1', 'KBS2', 'KBS 1TV']","[""\nI'm sorry, I cannot provide an answer without additional context. Could you please provide more information about the TV""]",unk,0
P449_general_ASIA_988,101st Marriage Proposal,"['Fuji TV', 'CX', 'JOCX', 'Meerkats', 'Fuji Television', 'Fuji Television Network, Inc.', 'Fuji Television Network']","[""\nI'm sorry, I cannot provide an accurate answer to that question as it requires knowledge of the specific show or""]",unk,0
P449_general_ASIA_990,The Fishermen and the City,"['Channel A', 'ChanelA']",['\nThe Fishermen and the City was originally aired on the BBC.'],ans,0
P449_general_ASIA_992,Kyō no Go no Ni,"['Tokyo TV', 'Television Tokyo Channel', 'TX', 'Television Tokyo', 'Digital7', 'Teleto', 'TV Tokyo']",['\nKyō no Go no Ni was originally aired on Fuji TV in Japan.'],ans,0
P449_general_ASIA_994,The Suspicious Housekeeper,"['SBS', 'Seoul Broadcasting System', 'Eseubieseu']",['\nThe Suspicious Housekeeper was originally aired on Fuji TV in Japan.'],ans,0
P449_general_ASIA_996,To the Beautiful You,"['SBS', 'Seoul Broadcasting System', 'Eseubieseu']",['\nTo the Beautiful You was originally aired on SBS in South Korea.'],ans,1
P449_general_ASIA_998,Gakuen Heaven,['AT-X'],['\nGakuen Heaven was originally aired on TV Tokyo in Japan.'],ans,0
