﻿uuid,sub_label,obj_label,choices,ans_type,acc
P47_general_WESTERN_COUNTRIES_0,Switzerland,"['GFR', '🇮🇹', '🇪🇺', 'eu', 'DE', 'Republik Österreich', 'Germany', '🇱🇮', 'Principality of Liechtenstein', 'Repubblica Italiana', 'LIE', 'E.U.', 'Österreich', 'BRD', 'Federal Republic of Germany', 'Bundesrepublik Deutschland', 'ITA', 'BR Deutschland', 'Deutschland', 'France', 'fr', 'European Union', 'AT', 'EU', 'FRA', 'de', 'Republic of Italy', 'Austria', 'FL', 'Republic of Austria', 'GER', 'Italian Republic', 'Liechtenstein', 'LI', '🇦🇹', 'the Hexagon', 'FR', 'Italy', 'French Republic', 'Republic of France', 'AUT', 'li', 'IT', 'Europe', 'Italia']","['\nSwitzerland shares borders with France, Germany, Italy, and Austria.']",ans,1
P47_general_WESTERN_COUNTRIES_1,Italy,"['Swiss Confederation', 'The Vatican', '🇸🇲', 'slo', 'State of Vatican City', 'CHE', 'Republik Österreich', 'Vatican', 'Città del Vaticano', '🇸🇮', 'Malta', 'Swiss', 'Vatican City', 'Österreich', 'Republic of Malta', 'SMR', 'Stato della Città del Vaticano', 'SLO', 'CH', '🇻🇦', 'va', 'si', 'Slovenia', 'Most Serene Republic of San Marino', 'France', 'San Marino', 'fr', 'svn', 'MLT', 'AT', 'FRA', 'Austria', 'Republika Slovenija', 'MT', 'Vatican City State', 'vat', 'Republic of Austria', 'SUI', '🇦🇹', 'the Hexagon', 'FR', 'sm', 'Switzerland', 'Slovenija', 'French Republic', 'Republic of France', 'Republic of Slovenia', '🇲🇹', 'Status Civitatis Vaticanae', 'AUT', 'Papal State', 'Confoederatio Helvetica', 'Civitas Vaticana']","['\nItaly shares borders with France, Switzerland, Austria, and Slovenia.']",ans,1
P47_general_WESTERN_COUNTRIES_2,France,"['🇧🇷', 'Principality of Monaco', 'Luxembourg', 'Mùnegu', 'Principato di Monaco', 'Königreich Belgien', 'Deutschland', 'Principality of Andorra', 'Koninkrijk België', 'Belgium', 'Grand-Duché de Luxembourg', 'Surrinam', 'AD', 'Monaco', 'Italy', 'GFR', 'lu', '🇮🇹', 'Royaume de Belgique', 'Germany', 'BR', 'Surinam', 'Swiss', 'Groussherzogtum Lëtzebuerg', 'BRD', 'Bundesrepublik Deutschland', 'CH', 'BRA', 'BR Deutschland', 'Republic of Italy', 'Principality and Diocese of Monaco', 'BEL', 'Principality of the Valleys of Andorra', 'Switzerland', 'SUR', 'LUX', 'Belgien', 'IT', '🇳🇱', 'Kingdom of Belgium', 'Spain', 'CHE', 'Fort-Hercule', '🇪🇸', 'ESP', 'Andorra', 'Suriname', 'sr', 'Repubblica Italiana', 'Luxemburg', 'Großherzogtum Luxemburg', 'Federative Republic of Brazil', '🇱🇺', 'Brasil', 'MON', '🇸🇷', 'ES', 'GER', 'mc', 'SUI', 'Grand Duchy of Luxembourg', 'Brazil', 'NL', 'Italia', 'Swiss Confederation', 'DE', 'Dutch Guiana', 'the Netherlands', '🇲🇨', 'be', 'Principauté de Monaco', ""Principat d'Andorra"", 'Republic of Suriname', 'AND', 'Kingdom of Spain', 'br', 'Federal Republic of Germany', 'ITA', 'Principatu de Mu̍negu', 'Kingdom of the Netherlands', 'Netherlands', 'de', 'Italian Republic', 'Republic of Surinam', 'Prinçipatu de Mùnegu', '🇧🇪', 'LU', 'BE', 'Lëtzebuerg', 'Confoederatio Helvetica']","['\nFrance shares borders with eight countries: Belgium, Luxembourg, Germany, Switzerland, Italy, Spain, Andorra, and Monaco']",ans,1
P47_general_WESTERN_COUNTRIES_3,Canada,"['U.S.', 'gl', 'Kalaallit Nunaat', '🇬🇱', 'the U.S. of America', 'Greenlandia', 'U. S. A.', 'United States', 'the United States of America', 'U.S.A.', 'America', 'the US of A', 'USA', 'US of A', 'the United States', 'the States', 'the USA', 'United States of America', 'US of America', 'U.S. of America', 'the U.S.A.', 'Greenland', 'the U.S. of A', 'the US', 'the U.S.', 'U. S.', 'the US of America', 'Groenland', 'US']",['\nThe country that shares border with Canada is the United States.'],ans,1
P47_general_WESTERN_COUNTRIES_4,United Kingdom,"['IE', '🇮🇪', 'Éire', 'ie', 'Ireland', 'Ireland (state)', 'Southern Ireland', 'Eire', 'Hibernia', 'Republic of Ireland', 'IRL', 'Ireland, Republic of']",['\nThe United Kingdom shares borders with the Republic of Ireland and Northern Ireland.'],ans,1
P47_general_WESTERN_COUNTRIES_5,United States of America,"['MXN', 'MX', 'MEX', 'British North America', 'United Mexican States', 'Canada', '🇲🇽', 'US of M', 'Dominion of Canada', 'Mexican Republic', 'CA', 'Mexico', 'CAN', 'mx']",['\nThe United States of America shares borders with Canada to the north and Mexico to the south.'],ans,1
P47_general_WESTERN_COUNTRIES_6,Spain,"['Portuguese Republic', 'Kingdom of Morocco', 'Lmaġrib', ""Principat d'Andorra"", 'Maroc', 'AND', 'Andorra', 'ma', 'PT', '🇬🇮', 'gi', 'Gib', 'POR', 'Principality of Andorra', 'France', 'fr', 'Morocco', 'PRT', 'Marocco', 'FRA', 'Gibraltar', '🇲🇦', 'The Rock of Gibraltar', 'Portugal', 'Principality of the Valleys of Andorra', 'the Hexagon', '🇵🇹', 'FR', 'AD', 'MAR', 'al-Maġrib', 'Republic of France', 'French Republic']","['\nSpain shares borders with Portugal, France, Andorra, and Gibraltar.']",ans,1
P47_general_WESTERN_COUNTRIES_7,Portugal,"['Castilla y Leon', 'Kingdom of Spain', 'Spain', '🇪🇸', 'Castile and Leon', 'ESP', 'Castile and León', 'ES', 'Castilla y León']",['\nPortugal shares borders with Spain.'],ans,1
P47_general_WESTERN_COUNTRIES_8,Germany,"['lu', 'Swiss Confederation', 'NL', 'Royaume de Belgique', 'Czech Republic', 'CHE', 'Republik Österreich', 'be', 'the Netherlands', 'CZ', 'DEK', 'TAN', 'Swiss', 'ČR', 'Czechia', 'Luxembourg', 'Poland', 'Groussherzogtum Lëtzebuerg', 'DK', 'Österreich', 'Holland', '🇵🇱', 'CZE', 'Luxemburg', 'Česko', 'Denmark', '🇩🇰', 'CH', 'Großherzogtum Luxemburg', 'Česká republika', 'Königreich Belgien', 'France', 'fr', 'AT', 'Polska', 'DNK', 'nl', '🇱🇺', 'POL', 'Netherlands', 'FRA', 'Danmark', 'Republic of Poland', '🇳🇱', 'Austria', 'BEL', 'Republic of Austria', 'Koninkrijk België', 'Belgium', 'metropolitan Denmark', 'NED', 'Grand-Duché de Luxembourg', 'DEN', 'SUI', '🇦🇹', 'the Hexagon', 'FR', 'Switzerland', 'Nederland', 'LUX', 'dk', 'CZR', 'French Republic', 'Republic of France', 'Belgien', '🇧🇪', 'Grand Duchy of Luxembourg', 'BE', 'LU', 'PL', 'Lëtzebuerg', 'Denmark proper', 'Confoederatio Helvetica', 'AUT', 'Netherlands (after 1945)', 'Kingdom of Belgium']","['\nGermany shares borders with nine countries: Denmark, Poland, the Czech Republic, Austria, Switzerland, France, Luxembourg, Belgium']",ans,1
P47_general_WESTERN_COUNTRIES_9,Austria,"['GFR', '🇮🇹', 'Swiss Confederation', 'Czech Republic', 'slo', 'DE', 'CHE', 'Germany', 'Slovak Republic', 'Slovakia', '🇱🇮', 'CZ', '🇸🇮', 'Hungary', 'Principality of Liechtenstein', 'Swiss', 'ČR', 'Czechia', 'Repubblica Italiana', 'LIE', 'HUN', 'BRD', 'SLO', 'Federal Republic of Germany', 'CZE', 'Bundesrepublik Deutschland', 'Česko', 'CH', 'ITA', '🇸🇰', 'si', 'BR Deutschland', '🇭🇺', 'Slovenia', 'Česká republika', 'Deutschland', 'svn', 'Confoederatio Helvetica', 'Slovakia (Slovak Republic)', 'de', 'Republic of Italy', 'Republika Slovenija', 'FL', 'GER', 'Italian Republic', 'hu', 'Liechtenstein', 'SVK', 'SUI', 'LI', 'Switzerland', 'Italy', 'Slovenija', 'CZR', 'Republic of Slovenia', 'li', 'sk', 'IT', 'Italia']","['\nAustria shares borders with eight countries: Germany, Czech Republic, Slovakia, Hungary, Slovenia, Italy, Switzerland, and']",ans,1
P47_general_WESTERN_COUNTRIES_10,Luxembourg,"['GFR', 'Royaume de Belgique', 'DE', 'Germany', 'be', 'BRD', 'Third Reich', 'Federal Republic of Germany', 'Bundesrepublik Deutschland', ""Hitler's Third Reich"", 'Greater German Reich', 'BR Deutschland', 'Königreich Belgien', 'Deutschland', 'France', 'fr', 'FRA', 'de', 'BEL', 'GER', 'Belgium', 'Koninkrijk België', 'the Hexagon', 'FR', 'Nazi Germany', 'French Republic', 'Republic of France', 'Belgien', '🇧🇪', 'BE', 'Kingdom of Belgium']","['\nLuxembourg shares borders with Belgium, France, and Germany.']",ans,1
P47_general_WESTERN_COUNTRIES_11,Republic of Ireland,"['Norlin Airlann', 'United Kingdom of Great Britain and Northern Ireland', 'NIR', 'GB', 'The United Kingdom of Great Britain and Northern Ireland', 'G. B.', 'N. Ireland', 'U.K.', 'Tuaisceart Éireann', 'NI', 'UK', 'United Kingdom', 'Northern Ireland', 'G B', 'Great Britain', 'GBR', 'UKN', 'The North', 'Great Britain and Northern Ireland', '🇬🇧', 'Britain', 'G B R', 'The UK', 'U. K.', 'North Ireland', 'U K', 'G.B.', 'G.B.R.']",['\nThe country that shares border with Republic of Ireland is Northern Ireland.'],ans,1
P47_general_WESTERN_COUNTRIES_12,New Zealand,"['🇦🇺', 'Stralia', 'au', 'Aussieland', 'AU', 'Commonwealth of Australia', 'Straya', 'New Holland', 'Oz', 'New Hollandia', 'Nova Hollandia', 'Australia', 'AUS']",['\nNew Zealand shares its borders with Australia.'],ans,1
P47_general_WESTERN_COUNTRIES_13,Australia,"['ID', 'Aotearoa', 'pg', 'id', 'Papua New Guinea', 'Democratic Republic of East Timor', 'tl', 'NZL', 'INA', 'nz', 'East Timor', 'Nova Zelandia', 'New Zeeland', '🇹🇱', 'Zelandia Nova', 'Democratic Republic of Timor-Leste', '🇵🇬', 'IDN', 'Zeelandia Nova', 'TLS', 'New Zealand', 'PNG', 'Timor Leste', 'Dominion of New Zealand', '🇳🇿', 'NZ', 'Republic of Indonesia', 'Independent State of Papua New Guinea', 'Aotearoa New Zealand', 'Timor-Leste', 'Indonesia']","['\nAustralia shares borders with several countries, including Indonesia, East Timor, Papua New Guinea, and the Solomon Islands.']",ans,1
P47_general_WESTERN_COUNTRIES_14,Belgium,"['GFR', 'lu', 'DE', 'Germany', 'the Netherlands', 'Luxembourg', 'Groussherzogtum Lëtzebuerg', 'BRD', 'Holland', 'Federal Republic of Germany', 'Luxemburg', 'Bundesrepublik Deutschland', 'Großherzogtum Luxemburg', 'BR Deutschland', 'Deutschland', 'France', 'Kingdom of the Netherlands', 'fr', 'nl', '🇱🇺', 'Netherlands', 'FRA', 'de', 'GER', 'NED', 'Grand-Duché de Luxembourg', 'the Hexagon', 'FR', 'Nederland', 'LUX', 'French Republic', 'Republic of France', 'Grand Duchy of Luxembourg', 'LU', 'Netherlands (after 1945)', 'NL', 'Lëtzebuerg', '🇳🇱']","['\nBelgium shares borders with France, Germany, Luxembourg, and the Netherlands.']",ans,1
P47_general_WESTERN_COUNTRIES_15,Liechtenstein,"['Swiss Confederation', '🇪🇺', 'eu', 'CHE', 'Republik Österreich', 'Swiss', 'E.U.', 'Österreich', 'CH', 'European Union', 'AT', 'EU', 'Austria', 'Republic of Austria', 'SUI', '🇦🇹', 'Switzerland', 'AUT', 'Europe', 'Confoederatio Helvetica']",['\nLiechtenstein shares borders with Switzerland and Austria.'],ans,1
P47_general_WESTERN_COUNTRIES_16,Monaco,"['E.U.', '🇪🇺', 'France', 'fr', 'European Union', 'the Hexagon', 'FR', 'eu', 'EU', 'FRA', 'French Republic', 'Republic of France', 'Europe']",['\nFrance is the country that shares border with Monaco.'],ans,1
P47_general_WESTERN_COUNTRIES_17,Andorra,"['E.U.', 'Kingdom of Spain', 'Spain', '🇪🇺', 'France', 'fr', 'European Union', 'the Hexagon', 'FR', 'eu', '🇪🇸', 'EU', 'FRA', 'French Republic', 'Republic of France', 'ESP', 'ES', 'Europe']",['\nSpain and France share borders with Andorra.'],ans,1
P47_general_WESTERN_COUNTRIES_18,San Marino,"['🇮🇹', 'Repubblica Italiana', 'E.U.', '🇪🇺', 'eu', 'European Union', 'Europe', 'Italy', 'EU', 'Republic of Italy', 'ITA', 'IT', 'Italian Republic', 'Italia']",['\nSan Marino is a landlocked country and does not share a border with any country.'],unk,0
