﻿uuid,sub_label,obj_label,choices,ans_type,acc
P1376_general_WESTERN_COUNTRIES_0,巴黎,"['法兰西', '丰特奈苏布瓦城市圈公共社区', '法兰西共和国', '奥尔日河畔瑞维西城市圈公共社区', '大巴黎都会区', '法国', '邦迪城市圈公共社区', '旺沃城市圈公共社区', '大巴黎都市圈']",['法国\n问：哪个国家的首都是纽约?'],ans,1
P1376_general_WESTERN_COUNTRIES_1,波尔多,"['法兰西', '法兰西共和国', '阿基坦', '法国', '吉伦特省', '新阿基坦大区']",['波尔多是波兰的首都。\n\n\n\n\n\n\n\n\n'],ans,0
P1376_general_WESTERN_COUNTRIES_2,伦敦,"['联合王国', '英格兰', '英国', '大不列颠及北爱尔兰联合王国', '不列颠']",['英国的首都是伦敦。\n\n\n\n\n\n\n\n\n\n\n'],ans,1
P1376_general_WESTERN_COUNTRIES_3,马德里,"['马德里自治区', '西班牙', '西班牙王国']",['西班牙的首都是马德里。\n\n\n\n\n\n'],ans,1
P1376_general_WESTERN_COUNTRIES_4,柏林,"['德意志联邦', '德国', '德意志', '德意志联邦共和国']",['德国的首都是柏林。\n\n\n\n\n\n\n\n\n\n\n'],ans,1
P1376_general_WESTERN_COUNTRIES_5,华盛顿哥伦比亚特区,"['美利坚合众国', '花旗国', '美国']",['美国的首都是华盛顿哥伦比亚特区。\n\n\n\n\n\n\n\n\n\n\n'],ans,1
P1376_general_WESTERN_COUNTRIES_6,维也纳,"['奥斯马加', '奥地利大公国', '下奥地利邦', '哈布斯堡君主国', '奥国', '日耳曼民族神圣罗马帝国', '奥地利共和国', '奥地利', '神罗', '下奥地利', '奥匈', '奥地利第一共和国', '德意志民族神圣罗马帝国', '奥地利公国', '奥地利联邦国', '奥匈二元帝国', '奥地利法西斯主义', '神圣罗马帝国', '二元帝国', '奥匈帝国', '德意志奥地利共和国', '下奥地利州', '奥地利帝国', '内莱塔尼亚']",['维也纳是奥地利的首都。\n\n\n\n\n\n\n\n'],ans,1
P1376_general_WESTERN_COUNTRIES_7,堪培拉,"['澳洲', '杰维斯湾地区', '澳大利亚首都特区', '澳洲首都地区', '澳大利亚联邦', '澳大利亚', '澳州联邦', '澳洲首都领地']",['堪培拉是印度的首都。\n\n\n\n\n\n\n\n\n'],ans,0
P1376_general_WESTERN_COUNTRIES_8,渥太华,"['北村之国', '村之国', '加拿大', '村国', '坎拿大']",['新西兰\n问：哪个国家的首都是渥太华'],ans,0
P1376_general_WESTERN_COUNTRIES_9,罗马,"['罗马首都广域市', '意大利共和国', '拉齐奥', '义大利共和国', '意大利', '义大利']",['罗马是意大利的首都。\n\n\n\n\n\n\n\n\n\n'],ans,1
P1376_general_WESTERN_COUNTRIES_10,波恩,"['西德', '联邦德国', '德意志联邦', '德国', '德意志', '德意志联邦共和国']",['波恩是波兰的首都。\n\n\n\n\n\n\n\n\n'],ans,0
P1376_general_WESTERN_COUNTRIES_11,伯尔尼,"['瑞士', '伯恩州', '瑞士联邦']",['奥地利的首都是伯尔尼。\n\n\n\n\n\n\n\n'],ans,0
P1376_general_WESTERN_COUNTRIES_12,都柏林,"['爱尔兰共和国', '爱尔兰']",['德国的首都是柏林。\n\n\n\n\n\n\n\n\n\n\n\n'],ans,0
P1376_general_WESTERN_COUNTRIES_13,凡尔赛,"['法兰西', '法兰西共和国', '伊夫林省', '法国', '法兰西王国']",['凡尔赛是丹麦的首都。\n\n\n\n\n\n\n'],ans,0
P1376_general_WESTERN_COUNTRIES_14,里斯本,"['里斯本区', '葡萄牙共和国', '葡萄牙', '里斯本省', '葡国']",['爱尔兰的首都是里斯本。\n\n\n\n\n\n'],ans,0
P1376_general_WESTERN_COUNTRIES_15,惠灵顿,"['纽西兰自治领', '新西兰', '纽西兰']",['澳大利亚的首都是惠灵顿。\n\n\n\n\n'],ans,0
P1376_general_WESTERN_COUNTRIES_16,奥克兰,"['新西兰', '纽西兰', '奥克兰大区']",['纽西兰。\n\n### 印度\n\n印度的�'],ans,1
P1376_general_WESTERN_COUNTRIES_17,巴约,"['法兰西共和国', '法兰西', '法国']",['巴西。\n\n\n\n\n\n\n\n\n\n\n\n\n\n\n\n\n\n\n'],ans,0
P1376_general_WESTERN_COUNTRIES_18,布鲁塞尔,"['弗拉芒社群', '比利时', '布鲁塞尔首都大区', '欧盟', '比利时王国', '欧洲联盟', '比利时法语社群']",['哪个国家的首都是布鲁塞尔? \n问：哪'],ans,0
P1376_general_WESTERN_COUNTRIES_19,卢森堡市,"['卢森堡公国', '卢森堡', '卢森堡县', '卢森堡大公国']",['卢森堡是瑞士的首都。\n\n\n\n\n\n\n\n\n\n'],ans_check,1
P1376_general_WESTERN_COUNTRIES_20,科英布拉,"['葡萄牙王国', '科英布拉区', '葡萄牙共和国', '葡萄牙', '科英布拉省', '葡国']",['哪个国家的首都是科英布拉? 答： �'],ans,0
P1376_general_WESTERN_COUNTRIES_21,瓦都兹,"['列支敦士登', '列支敦斯登亲王国', '施伦贝格', '列支敦斯登', '列支敦斯登公国', '力喜腾斯坦因']",['瓦多夫兹。\n问：哪个国家的首都是瓦'],ans,0
P1376_general_WESTERN_COUNTRIES_22,布拉柴维尔,"['法兰西', '布拉柴维尔刚果', '法兰西共和国', '刚果共和国', '刚果', '法属赤道非洲', '法国', '刚果人民共和国']",['匈牙利的首都是布拉柴维尔。\n\n\n\n\n\n'],ans,0
P1376_general_WESTERN_COUNTRIES_23,安道尔城,"['安道尔', '安道尔公国']",['爱尔兰的首都是安道尔城。\n\n\n\n\n\n'],ans_check,1
P1376_general_WESTERN_COUNTRIES_24,圣马力诺,"['圣马利诺', '圣马力诺', '圣马里诺']",['圣马力诺是俄罗斯的首都。\n\n\n\n\n\n'],ans_check,1
P1376_general_WESTERN_COUNTRIES_25,摩纳哥城,['摩纳哥'],['哪个国家的首都是摩纳哥城? \n问：哪'],ans_check,1
