﻿uuid,sub_label,obj_label,choices,ans_type,acc
P30_general_WESTERN_COUNTRIES_0,瑞士,"['日落之地', '欧洲', '欧罗巴', '西日洲']",['瑞士位于欧洲。\n\n\n\n\n\n\n\n\n'],ans,1
P30_general_WESTERN_COUNTRIES_1,意大利,"['日落之地', '欧洲', '欧罗巴', '西日洲']",['意大利位于欧洲大洲。\n\n\n\n\n\n\n'],ans,1
P30_general_WESTERN_COUNTRIES_2,法国,"['日落之地', '欧洲', '欧罗巴', '西日洲']",['法国位于欧洲。\n\n\n\n\n\n\n\n\n'],ans,1
P30_general_WESTERN_COUNTRIES_3,加拿大,"['北美', '北美洲']",['加拿大位于北美大洲。\n\n\n\n\n\n\n\n\n'],ans,1
P30_general_WESTERN_COUNTRIES_4,英国,"['日落之地', '欧洲', '欧罗巴', '西日洲']",['英国位于欧洲大洲。\n\n\n\n\n\n\n'],ans,1
P30_general_WESTERN_COUNTRIES_5,美国,"['北美', '北美洲']",['美国位于北美大陆。\n\n\n\n\n\n\n'],ans,1
P30_general_WESTERN_COUNTRIES_6,西班牙,"['日落之地', '欧洲', '欧罗巴', '西日洲']",['西班牙位于欧洲大洲。\n\n\n\n\n\n\n'],ans,1
P30_general_WESTERN_COUNTRIES_7,葡萄牙,"['日落之地', '欧洲', '欧罗巴', '西日洲']",['葡萄牙位于欧洲大洲。\n\n\n\n\n\n\n'],ans,1
P30_general_WESTERN_COUNTRIES_8,德国,"['日落之地', '欧洲', '欧罗巴', '西日洲']",['德国位于欧洲。\n\n\n\n\n\n\n\n\n'],ans,1
P30_general_WESTERN_COUNTRIES_9,奥地利,"['日落之地', '欧洲', '欧罗巴', '西日洲']",['奥地利位于欧洲。\n\n\n\n\n\n\n\n\n'],ans,1
P30_general_WESTERN_COUNTRIES_10,卢森堡,"['日落之地', '欧洲', '欧罗巴', '西日洲']",['卢森堡位于欧洲。\n\n\n\n\n\n\n\n\n'],ans,1
P30_general_WESTERN_COUNTRIES_11,爱尔兰共和国,"['日落之地', '欧洲', '欧罗巴', '西日洲']",['爱尔兰共和国位于欧洲大洲。\n\n\n\n\n\n\n'],ans,1
P30_general_WESTERN_COUNTRIES_12,新西兰,"['太平洋岛屿地区', '三大岛群', '太平洋三大岛群']",['新西兰位于半岛大洲。\n\n\n\n\n'],ans,0
P30_general_WESTERN_COUNTRIES_13,澳大利亚,"['太平洋岛屿地区', '三大岛群', '太平洋三大岛群']",['澳大利亚位于南极大陆。\n\n\n\n\n'],ans,0
P30_general_WESTERN_COUNTRIES_14,比利时,"['日落之地', '欧洲', '欧罗巴', '西日洲']",['比利时位于欧洲大洲。\n\n\n\n\n\n\n'],ans,1
P30_general_WESTERN_COUNTRIES_15,列支敦斯登,"['日落之地', '欧洲', '欧罗巴', '西日洲']",['澳大利亚\n\n\n\n\n\n\n\n\n\n\n\n\n\n\n'],ans,0
P30_general_WESTERN_COUNTRIES_16,摩纳哥,"['日落之地', '欧洲', '欧罗巴', '西日洲']",['摩纳哥位于非洲。\n\n\n\n\n\n\n\n\n\n\n'],ans,0
P30_general_WESTERN_COUNTRIES_17,安道尔,"['日落之地', '欧洲', '欧罗巴', '西日洲']",['安道尔位于南极大陆。\n问： �'],ans,0
P30_general_WESTERN_COUNTRIES_18,圣马力诺,"['日落之地', '欧洲', '欧罗巴', '西日洲']",['圣马力诺位于美洲大洲。\n\n\n\n\n\n\n\n\n'],ans,0
