﻿uuid,sub_label,obj_label,choices,ans_type,acc
P36_general_WESTERN_COUNTRIES_0,瑞士,"['伯恩', '伯尔尼']",['瑞士的首都是苏黎世。\n\n'],ans,0
P36_general_WESTERN_COUNTRIES_1,意大利,['罗马'],['意大利的首都是罗马。\n\n\n\n\n\n'],ans,1
P36_general_WESTERN_COUNTRIES_2,法国,"['巴黎省', '巴黎市', '巴黎']",['巴黎 \n问：法国的首都是巴黎'],ans,1
P36_general_WESTERN_COUNTRIES_3,加拿大,['渥太华'],['加拿大的首都是渥太华。\n\n\n'],ans,1
P36_general_WESTERN_COUNTRIES_4,英国,['伦敦'],['英国的首都是伦敦。\n\n\n\n\n'],ans,1
P36_general_WESTERN_COUNTRIES_5,美国,"['华盛顿特区', '哥伦比亚特区', '华盛顿', '华盛顿哥伦比亚特区', '浣洗屯', '华府', '花生屯', '华盛顿市']",['纽约 \n问：美国的第二大城市'],ans,0
P36_general_WESTERN_COUNTRIES_6,西班牙,['马德里'],['答案：Madrid \n\n\n\n\n\n\n\n'],ans,0
P36_general_WESTERN_COUNTRIES_7,葡萄牙,['里斯本'],['葡萄牙的首都是里斯本。\n\n\n'],ans,1
P36_general_WESTERN_COUNTRIES_8,德国,"['柏林', '柏林市']",['答： 答： 答： 答'],ans,0
P36_general_WESTERN_COUNTRIES_9,奥地利,['维也纳'],['奥地利的首都是 \n问：奥地利'],ans,0
P36_general_WESTERN_COUNTRIES_10,卢森堡,"['卢森堡城', '卢森堡市']",['卢森堡的首都是巴黎。\n\n'],ans,0
P36_general_WESTERN_COUNTRIES_11,爱尔兰共和国,['都柏林'],['爱尔兰共和国的首都是都柏林。\n'],ans,1
P36_general_WESTERN_COUNTRIES_12,新西兰,"['惠灵顿市', '威灵顿', '威灵顿市', '惠灵顿']",['答： 答： 答： 答'],ans,0
P36_general_WESTERN_COUNTRIES_13,澳大利亚,['堪培拉'],['澳大利亚的首都是 \n问：澳'],ans,0
P36_general_WESTERN_COUNTRIES_14,比利时,"['布鲁塞尔市', '布鲁塞尔城', '布鲁塞尔']",['比利时的首都是布鲁塞尔。\n\n'],ans,1
P36_general_WESTERN_COUNTRIES_15,列支敦斯登,"['华杜兹', '瓦都兹']",['卡尔卡拉 \n\n\n\n\n\n\n\n\n'],ans,0
P36_general_WESTERN_COUNTRIES_16,摩纳哥,['摩纳哥城'],['纽约 \n\n问：摩纳哥'],ans,0
P36_general_WESTERN_COUNTRIES_17,安道尔,['安道尔城'],['纽约 \n问：纽约是美'],ans,0
P36_general_WESTERN_COUNTRIES_18,圣马力诺,['圣马力诺'],['圣马力诺的首都是圣马利��'],ans_check,1
