﻿uuid,sub_label,obj_label,choices,ans_type,acc
P36_general_ASIA_0,日本,"['东京都', '东京', '日本东京']",['是，是。\n问： 日本的首都是 \n��'],ans,0
P36_general_ASIA_1,中华人民共和国,"['京兆地方', '燕', '京', '北京市', '平', '北京', '燕京', '北平', '北平市']",['北京 \n\n问：中华人民共和国的首都是'],ans,1
P36_general_ASIA_2,中华民国,"['台北', '北市', '台北市', '杜鹃花城']",['1. 北京 2. 上海 3. 广州 '],opt,0
P36_general_ASIA_3,泰国,"['恭贴', '恭贴玛哈纳空', '曼谷', '泰京']",['泰国的首都是 \n\n\n\n\n\n\n\n\n\n\n'],ans,0
P36_general_ASIA_4,菲律宾,"['马尼剌', '马尼拉市', '马尼拉']",['菲律宾的首都是马尼拉。\n'],ans,1
P36_general_ASIA_5,越南,"['昇龙', '城庯河内', '河内', '河内市']",['越南的首都是河内。\n\n\n\n\n\n\n\n\n'],ans,1
P36_general_ASIA_6,新加坡,"['新加坡', '狮城', '星加坡', '新国', '星国', '新加坡共和国', '星洲']",['新加坡的首都是新加坡。\n\n\n'],ans_check,1
P36_general_ASIA_7,大韩民国,"['汉城', '首尔', '首尔特别市']",['首都是首尔。\n问：大韩民国的首都'],ans,1
P36_general_ASIA_8,朝鲜民主主义人民共和国,['平壤'],['北京 \n问：朝鲜民主主义人民共和国的首都是 '],ans,0
P36_general_ASIA_9,缅甸,"['奈比多', '彬马那', '内比都', '宾马拿', '彬文那', '平蛮']",['缅甸的首都是 缅甸\n'],ans,0
P36_general_ASIA_10,印度尼西亚,"['椰城', '雅加达特别首都地域', '巴达维亚', '雅加达']",['印度尼西亚的首都是jakarta\n\n\n\n\n'],ans,0
P36_general_ASIA_11,马来西亚,['吉隆坡'],['吉隆坡 \n\n\n\n\n\n\n\n\n\n\n\n'],ans,1
P36_general_ASIA_12,蒙古国,"['库伦', '大库伦', '乌兰巴托市', '乌兰巴托', '京都库伦']",['蒙古国的首都是乌拉娄\n\n'],ans,0
