﻿uuid,sub_label,obj_label,choices,correct_substr
P30_general_ASIA_0,日本,"['亚细亚', '亚洲', '日出之地', '东日洲']",['日本位于亚洲大洲。\n\n问题：日本的首都是哪'],1
P30_general_ASIA_1,中华人民共和国,"['亚细亚', '亚洲', '日出之地', '东日洲']",['中华人民共和国位于亚洲大洲。\n\n问题：中国的首都是哪个城市？\n'],1
P30_general_ASIA_2,中华民国,"['亚细亚', '亚洲', '日出之地', '东日洲']",['中华民国位于亚洲大洲。\n\n问题：中华民国的首都'],1
P30_general_ASIA_3,泰国,"['亚细亚', '亚洲', '日出之地', '东日洲']",['泰国位于亚洲大洲。\n\n问题：泰国的首都是什'],1
P30_general_ASIA_4,菲律宾,"['亚细亚', '亚洲', '日出之地', '东日洲']",['菲律宾位于亚洲大洲。'],1
P30_general_ASIA_5,越南,"['亚细亚', '亚洲', '日出之地', '东日洲']",['越南位于亚洲大洲。\n\n问题：越南的首都是什'],1
P30_general_ASIA_6,新加坡,"['亚细亚', '亚洲', '日出之地', '东日洲']",['新加坡位于亚洲大洲。\n\n问题：新加坡的'],1
P30_general_ASIA_7,大韩民国,"['亚细亚', '亚洲', '日出之地', '东日洲']",['大韩民国位于亚洲大洲。\n\n问题：韩国的'],1
P30_general_ASIA_8,朝鲜民主主义人民共和国,"['亚细亚', '亚洲', '日出之地', '东日洲']",['朝鲜民主主义人民共和国位于亚洲大洲。\n\n问题：中国位于哪个'],1
P30_general_ASIA_9,缅甸,"['亚细亚', '亚洲', '日出之地', '东日洲']",['缅甸位于亚洲大洲。'],1
P30_general_ASIA_10,印度尼西亚,"['东日洲', '太平洋岛屿地区', '三大岛群', '太平洋三大岛群', '日出之地', '亚洲', '亚细亚']",['印度尼西亚位于亚洲大洲。'],1
P30_general_ASIA_11,马来西亚,"['亚细亚', '亚洲', '日出之地', '东日洲']",['马来西亚位于亚洲大洲。\n\n问题：马来西��'],1
P30_general_ASIA_12,蒙古国,"['亚细亚', '亚洲', '日出之地', '东日洲']",['蒙古国位于亚洲大洲。\n\n问题：蒙古国的'],1
