﻿uuid,sub_label,obj_label,choices,correct_substr
P47_general_ASIA_0,日本,"['台澎金马', '花旗国', '苏联', '苏维埃社会主义共和国联盟', '中华民国自由地区', '台北当局', '南朝鲜', '中国台湾', '台湾地区', '新中国', '中国台北', '韩国', '美国', '自由中国', '俄国', '菲律宾', '比岛', '中', '菲律宾共和国', '南韩', '中华民国', '共产中国', '俄罗斯', '东中国', '台湾当局', '苏维埃社会主义国家联盟', '国民党中国', '中华民国台湾', '国府中国', '中华人民共和国', '中国', '美利坚合众国', '红色中国', '中华台北', '台湾', '民国', '大韩民国']",['日本与韩国、中国、俄罗斯、北朝鲜接'],1
P47_general_ASIA_1,中华人民共和国,"['寮国', '印度', '蒙古', '北朝鲜', '老挝', '朝鲜', '缅甸联邦共和国', '南朝鲜', '日本', '哈萨克', '俄国', '韩国', '缅甸', '尼泊尔', '塔吉克斯坦', '巴基斯坦', '南韩', '越南社会主义共和国', '吉尔吉斯斯坦', '俄罗斯', '印', '吉尔吉斯共和国', '老挝人民民主共和国', '印度共和国', '外蒙古', '天竺', '北韩', '越南', '寮人民民主共和国', '朝鲜民主主义人民共和国', '不丹', '哈萨克斯坦', '阿富汗', '日本国', '蒙古国', '不丹王国', '哈萨克斯坦共和国', '大韩民国']",['中华人民共和国与14个国家接壤，分别是：\n\n1. 俄罗'],0
P47_general_ASIA_2,中华民国,"['共产中国', '中华人民共和国', '中国', '日本', '新中国', '红色中国', '日本国', '菲律宾', '比岛', '中', '菲律宾共和国']",['中华民国与中国大陆、朝鲜、俄罗斯、'],1
P47_general_ASIA_3,泰国,"['大马', '吉打州', '缅甸联邦共和国', '马来西亚联邦', '寮国', '柬埔寨王国', '吉打', '缅甸', '老挝人民民主共和国', '马来西亚', '马国', '高棉共和国', '老挝', '柬埔寨', '寮人民民主共和国']",['泰国与柬埔寨、老挝、马来西亚、'],1
P47_general_ASIA_4,菲律宾,"['台澎金马', '帕劳', '中华民国自由地区', '帛琉', '台北当局', '大马', '马来西亚联邦', '日本', '中国台湾', '台湾地区', '帛琉共和国', '新中国', '中国台北', '自由中国', '印尼', '马国', '印度尼西亚', '中', '中华民国', '共产中国', '东中国', '台湾当局', '印度尼西亚共和国', '国民党中国', '中华民国台湾', '国府中国', '中华人民共和国', '中国', '日本国', '红色中国', '马来西亚', '中华台北', '台湾', '民国']",['菲律宾与中国、印度尼西亚、'],1
P47_general_ASIA_5,越南,"['共产中国', '中华人民共和国', '寮国', '中国', '柬埔寨王国', '红色中国', '新中国', '老挝人民民主共和国', '老挝', '中', '柬埔寨', '寮人民民主共和国']",['越南与中国、老挝、柬埔寨、马来西�'],1
P47_general_ASIA_6,新加坡,"['大马', '马来西亚联邦', '马来西亚', '印度尼西亚共和国', '印尼', '印度尼西亚', '马国']",['新加坡与马来西亚、印度尼西亚和'],1
P47_general_ASIA_7,大韩民国,"['朝鲜民主主义人民共和国', '共产中国', '中华人民共和国', '中国', '日本', '新中国', '日本国', '红色中国', '北朝鲜', '中', '北韩', '朝鲜']",['大韩民国与中国、朝鲜民主主义人民共和国接�'],1
P47_general_ASIA_8,朝鲜民主主义人民共和国,"['南韩', '共产中国', '中华人民共和国', '苏联', '俄罗斯', '中国', '苏维埃社会主义共和国联盟', '南朝鲜', '红色中国', '新中国', '苏维埃社会主义国家联盟', '韩国', '俄国', '中', '大韩民国']",['朝鲜民主主义人民共和国与中国、俄罗斯、北朝鲜接壤。'],1
P47_general_ASIA_9,缅甸,"['孟加拉', '寮国', '印度', '老挝', '新中国', '中', '泰王国', '共产中国', '孟加拉人民共和国', '印', '老挝人民民主共和国', '印度共和国', '天竺', '寮人民民主共和国', '中华人民共和国', '中国', '泰国', '红色中国', '孟加拉国']",['缅甸与中国、印度、不丹、泰国和马来'],1
P47_general_ASIA_10,印度尼西亚,"['帕劳', '澳洲', '新加坡', '印度', '星加坡', '新国', '星国', '巴布亚新几内亚', '帛琉', '大马', '狮城', '马来西亚联邦', '帛琉共和国', '巴布亚纽几内亚', '菲律宾', '澳大利亚', '马国', '比岛', '泰王国', '菲律宾共和国', '星洲', '越南社会主义共和国', '印', '巴布亚新畿内亚', '新加坡共和国', '印度共和国', '天竺', '越南', '澳州联邦', '泰国', '马来西亚', '东帝汶', '澳大利亚联邦']",['印度尼西亚与印度、孟加拉国、不'],1
P47_general_ASIA_11,马来西亚,"['新加坡', '星加坡', '汶莱和平之国', '新国', '星国', '狮城', '汶莱达鲁萨兰国', '汶莱', '印尼', '印度尼西亚', '菲律宾', '比岛', '泰王国', '菲律宾共和国', '星洲', '文莱', '新加坡共和国', '印度尼西亚共和国', '文莱和平之国', '泰国', '文莱达鲁萨兰国']",['马来西亚与以下国家接壤：\n\n1. 泰国\n2'],1
P47_general_ASIA_12,蒙古国,"['共产中国', '中华人民共和国', '俄罗斯', '中国', '新中国', '红色中国', '俄国', '中']",['蒙古国与中国、俄罗斯、哈萨克斯'],1
