﻿uuid,sub_label,obj_label,choices,ans_type,acc
P103_general_ASIA_0,Yukio Mishima,"['Japanese', 'jp', 'ja', 'Japanese language', 'Nihongo', 'jpn']","["" Yukio Mishima's native language is Japanese\nQ: What was Yukio""]",ans,1
P103_general_ASIA_2,Shinzō Abe,"['Japanese', 'jp', 'ja', 'Japanese language', 'Nihongo', 'jpn']","["" Shinzō Abe's native language is Japanese\nQ: What is Shinzō A""]",ans,1
P103_general_ASIA_4,Kana Hanazawa,"['Japanese', 'jp', 'ja', 'Japanese language', 'Nihongo', 'jpn']","["" Kana Hanazawa's native language is Japanese\nQ: What is Kana Hanaz""]",ans,1
P103_general_ASIA_6,Park Geun-hye,"['Korean', 'Korean language', 'ko']","["" Park Geun-hye's native language is South Korea\nQ: What is Park Ge""]",ans,0
P103_general_ASIA_8,Miyuki Sawashiro,"['Japanese', 'jp', 'ja', 'Japanese language', 'Nihongo', 'jpn']","["" Miyuki Sawashiro's mother tongue is Japanese.\nQ: What is the""]",ans,1
P103_general_ASIA_10,Nana Mizuki,"['Japanese', 'jp', 'ja', 'Japanese language', 'Nihongo', 'jpn']","["" Nana Mizuki's native language is Japanese\nQ: What is Nana Miz""]",ans,1
P103_general_ASIA_12,Tomokazu Sugita,"['Japanese', 'jp', 'ja', 'Japanese language', 'Nihongo', 'jpn']","["" Tomokazu Sugita's native language is Japanese\nQ: What is Tomokazu Sug""]",ans,1
P103_general_ASIA_14,Yōko Hikasa,"['Japanese', 'jp', 'ja', 'Japanese language', 'Nihongo', 'jpn']","["" Yōko Hikasa's mother tongue is Japanese.\nQ: What is the birth""]",ans,1
P103_general_ASIA_16,Mamoru Miyano,"['Japanese', 'jp', 'ja', 'Japanese language', 'Nihongo', 'jpn']","["" Mamoru Miyano's native language is Japanese\nQ: What is Mamoru Miy""]",ans,1
P103_general_ASIA_18,Chang Myon,"['Korean', 'Korean language', 'ko']","["" Chang Myon's mother tongue is Korean\nQ: What is the birth name of Ch""]",ans,1
P103_general_ASIA_20,Sumire Uesaka,"['Japanese', 'jp', 'ja', 'Japanese language', 'Nihongo', 'jpn']","["" Sumire Uesaka's mother tongue is Japanese.\nQ: What is the birth name""]",ans,1
P103_general_ASIA_22,Tetsuya Yamagami,"['Japanese', 'jp', 'ja', 'Japanese language', 'Nihongo', 'jpn']","["" Tetsuya Yamagami's native language is Japanese\nQ: What is Tets""]",ans,1
P103_general_ASIA_24,Akira Ishida,"['Japanese', 'jp', 'ja', 'Japanese language', 'Nihongo', 'jpn']","["" Akira Ishida's native language is Japanese\nQ: What is Akira""]",ans,1
P103_general_ASIA_26,Masaharu Fukuyama,"['Japanese', 'jp', 'ja', 'Japanese language', 'Nihongo', 'jpn']","["" Masaharu Fukuyama's native language is Japanese\nQ: What is Masah""]",ans,1
P103_general_ASIA_28,Jeremy Lin,"['en', 'English', 'eng', 'English language']",[' Jeremy Lin is a native English speaker.\nQ: What is the nationality of Jeremy'],ans,1
P103_general_ASIA_30,Yui Ogura,"['Japanese', 'jp', 'ja', 'Japanese language', 'Nihongo', 'jpn']","["" Yui Ogura's native language is Japanese.\nQ: What is Yui Ogura""]",ans,1
P103_general_ASIA_32,Shintarō Ishihara,"['Japanese', 'jp', 'ja', 'Japanese language', 'Nihongo', 'jpn']","["" Shintarō Ishihara's native language is Japanese\nQ: What is Sh""]",ans,1
P103_general_ASIA_34,IU,"['Korean', 'Korean language', 'ko']",[' The native language of IU is Korean.\nQ: What is the nationality of IU?\n'],ans,1
P103_general_ASIA_36,Andy Lau,"['Yüeh', 'Standard Cantonese', 'Cantonese language', 'yue', 'zh-yue', '中文', 'yueh', 'Yue', 'Yue-Yu', 'Chinese language', 'Cantonese', 'Chinese', 'zh', 'Yue-Yuu', 'Cantonese dialect', 'Yue Chinese', 'Chinese languages']","["" Andy Lau's native language is Cantonese.\nQ: What is Andy Lau's""]",ans,1
P103_general_ASIA_38,"Princess Sirindhorn, Princess Royal of Thailand","['Central Thai', 'Siamese language', 'th', 'Siamese', 'Thai language', 'tha', 'Thai']","[' Thai\nQ: What is the native language of Princess Sirindhorn, Princess Royal of Th']",ans,1
P103_general_ASIA_40,Namie Amuro,"['Japanese', 'jp', 'ja', 'Japanese language', 'Nihongo', 'jpn']","["" Namie Amuro's native language is Japanese\nQ: What is Namie Amuro'""]",ans,1
P103_general_ASIA_42,Sota Fujii,"['Japanese', 'jp', 'ja', 'Japanese language', 'Nihongo', 'jpn']","["" Sota Fujii's native language is Japanese\nQ: What is Sota Fuj""]",ans,1
P103_general_ASIA_44,Jolin Tsai,"['中文', 'Chinese language', 'Chinese', 'zh', 'Chinese languages']","["" Jolin Tsai's native language is Taiwanese\nQ: What is Jolin Tsai""]",ans,0
P103_general_ASIA_46,Kanna Hashimoto,"['Japanese', 'jp', 'ja', 'Japanese language', 'Nihongo', 'jpn']","["" Kanna Hashimoto's native language is Japanese\nQ: What is Kanna Hashim""]",ans,1
P103_general_ASIA_48,Vajiralongkorn,"['Central Thai', 'Siamese language', 'th', 'Siamese', 'Thai language', 'tha', 'Thai']","["" Vajiralongkorn's native language is Thai.\nQ: What is V""]",ans,1
P103_general_ASIA_50,Kim Yuna,"['Korean', 'Korean language', 'ko']",[' Korean\nQ: What is the native language of Kim Yuna?\nA: Korean.\n'],ans,1
P103_general_ASIA_52,Sakamoto Ryōma,"['Japanese', 'jp', 'ja', 'Japanese language', 'Nihongo', 'jpn']",[' Japanese.\nQ: What is the native language of Sakamoto Ryōma?\nA'],ans,1
P103_general_ASIA_54,Chiang Kai-shek,"['Wu Chinese', 'wuu', '中文', 'Wu dialects', 'Wu dialect', 'Chinese language', 'Chinese', 'Wuu dialect', 'zh', 'Wu Chinese language', 'Wu language', 'Chinese languages']",[' Mandarin.\nQ: What is the native language of Mao Zedong?\nQ'],ans,0
P103_general_ASIA_56,Hiroko Yakushimaru,"['Japanese', 'jp', 'ja', 'Japanese language', 'Nihongo', 'jpn']","["" Hiroko Yakushimaru's mother tongue is Japanese.\nQ: What is""]",ans,1
P103_general_ASIA_58,Haruka Tomatsu,"['Japanese', 'jp', 'ja', 'Japanese language', 'Nihongo', 'jpn']","["" Haruka Tomatsu's mother tongue is Japanese.\nQ: What is the birth name""]",ans,1
P103_general_ASIA_60,Yusuke Shirai,"['Japanese', 'jp', 'ja', 'Japanese language', 'Nihongo', 'jpn']","["" Yusuke Shirai's native language is Japanese\nQ: What is Yus""]",ans,1
P103_general_ASIA_62,Seichō Matsumoto,"['Japanese', 'jp', 'ja', 'Japanese language', 'Nihongo', 'jpn']","["" Seichō Matsumoto's native language is Japanese.\nQ: What was Se""]",ans,1
P103_general_ASIA_64,Takeshi Kitano,"['Japanese', 'jp', 'ja', 'Japanese language', 'Nihongo', 'jpn']","["" Takeshi Kitano's native language is Japanese\nQ: What is Takeshi Kit""]",ans,1
P103_general_ASIA_66,Joko Widodo,"['ind', 'Indonesian', 'Indonesian language', 'bahasa Indonesia', 'id', 'Bahasa']","["" Joko Widodo's native language is Indonesian\nQ: What is Joko W""]",ans,1
P103_general_ASIA_68,Sayaka Ohara,"['Japanese', 'jp', 'ja', 'Japanese language', 'Nihongo', 'jpn']","["" Sayaka Ohara's native language is Japanese\nQ: What is Sayaka Ohara'""]",ans,1
P103_general_ASIA_70,Takashi Kawamura,"['Japanese', 'jp', 'ja', 'Japanese language', 'Nihongo', 'jpn']","["" Takashi Kawamura's native language is Japanese\nQ: What is Takashi K""]",ans,1
P103_general_ASIA_72,Yoko Ono,"['Japanese', 'jp', 'ja', 'Japanese language', 'Nihongo', 'jpn']","["" Yoko Ono's native language is Japanese.\nQ: What is Yoko Ono""]",ans,1
P103_general_ASIA_74,Nobunaga Shimazaki,"['Japanese', 'jp', 'ja', 'Japanese language', 'Nihongo', 'jpn']","["" Nobunaga Shimazaki's mother tongue is Japanese.\nQ: What is Nob""]",ans,1
P103_general_ASIA_76,Ayumu Murase,"['Japanese', 'jp', 'ja', 'Japanese language', 'Nihongo', 'jpn']","["" Ayumu Murase's native language is Japanese\nQ: What is Ayumu Mur""]",ans,1
P103_general_ASIA_78,Isoroku Yamamoto,"['Japanese', 'jp', 'ja', 'Japanese language', 'Nihongo', 'jpn']","["" Isoroku Yamamoto's native language is Japanese\nQ: What was Isoroku""]",ans,1
P103_general_ASIA_80,Aska,"['Japanese', 'jp', 'ja', 'Japanese language', 'Nihongo', 'jpn']","["" Aska's native language is English.\nQ: What is Aska's official website""]",ans,0
P103_general_ASIA_82,Kumi Koda,"['Japanese', 'jp', 'ja', 'Japanese language', 'Nihongo', 'jpn']","["" Kumi Koda's native language is Japanese\nQ: What is Kumi Koda'""]",ans,1
P103_general_ASIA_84,Jiang Zemin,"['中文', 'Chinese language', 'Chinese', 'zh', 'Chinese languages']",[' Mandarin.\nQ: What is the native language of Hu Jintao?\nQ:'],ans,0
P103_general_ASIA_86,Liu Xiaobo,"['中文', 'Chinese language', 'Chinese', 'zh', 'Chinese languages']",[' Chinese.\nQ: What is the native language of Liu Xia?\nQ: What'],ans,1
P103_general_ASIA_88,Lee Kyu-wan,"['Korean', 'Korean language', 'ko']","["" Lee Kyu-wan's native language is Korean\nQ: What is Lee Kyu-""]",ans,1
P103_general_ASIA_90,Utada Hikaru,"['Japanese', 'jp', 'ja', 'Japanese language', 'Nihongo', 'jpn']",[' Japanese\nQ: What is the native language of Utada Hikaru?\nA: Japanese'],ans,1
P103_general_ASIA_92,Yō Ōizumi,"['Japanese', 'jp', 'ja', 'Japanese language', 'Nihongo', 'jpn']","["" Yō Ōizumi's mother tongue is Japanese.\nQ: What is the birth""]",ans,1
P103_general_ASIA_94,Mori Ōgai,"['Japanese', 'jp', 'ja', 'Japanese language', 'Nihongo', 'jpn']","["" Mori Ōgai's native language is Japanese\nQ: What was Mori ""]",ans,1
P103_general_ASIA_96,Enako,"['Japanese', 'jp', 'ja', 'Japanese language', 'Nihongo', 'jpn']","["" Enako's native language is Japanese.\nQ: What is the birth name of Enako""]",ans,1
P103_general_ASIA_98,Ayaka Hirahara,"['Japanese', 'jp', 'ja', 'Japanese language', 'Nihongo', 'jpn']","["" Ayaka Hirahara's native language is Japanese\nQ: What is Ayaka H""]",ans,1
P103_general_ASIA_100,Ken Shimura,"['Japanese', 'jp', 'ja', 'Japanese language', 'Nihongo', 'jpn']","["" Ken Shimura's mother tongue is Japanese.\nQ: What is Ken Shimura""]",ans,1
P103_general_ASIA_102,Minami Takahashi,"['Japanese', 'jp', 'ja', 'Japanese language', 'Nihongo', 'jpn']","["" Minami Takahashi's mother tongue is Japanese.\nQ: What is the birth name""]",ans,1
P103_general_ASIA_104,Yoshiki,"['Japanese', 'jp', 'ja', 'Japanese language', 'Nihongo', 'jpn']",[' Japanese.\nQ: What is the native language of Toshi?\nQ: What is the'],ans,1
P103_general_ASIA_106,CY Leung,"['Yüeh', 'Standard Cantonese', 'Cantonese language', 'yue', 'zh-yue', '中文', 'yueh', 'Yue', 'Yue-Yu', 'Chinese language', 'Cantonese', 'Chinese', 'zh', 'Yue-Yuu', 'Cantonese dialect', 'Yue Chinese', 'Chinese languages']","["" CY Leung's native language is Hong Kong\nQ: What is the birth name of""]",ans,0
P103_general_ASIA_108,Yutaka Take,"['Japanese', 'jp', 'ja', 'Japanese language', 'Nihongo', 'jpn']","["" Yutaka Take's native language is Japanese\nQ: What is Yutaka Take'""]",ans,1
P103_general_ASIA_110,Tatsurō Yamashita,"['Japanese', 'jp', 'ja', 'Japanese language', 'Nihongo', 'jpn']","["" Tatsurō Yamashita's native language is Japanese\nQ: What is Tats""]",ans,1
P103_general_ASIA_112,Manny Pacquiao,"['tl', 'Cebuan language', 'Filipino language', 'Standard Tagalog', 'Cebuano language', 'ceb', 'Tagalog language', 'Cebuano', 'tgl', 'fil', 'Filipino', 'Pilipino language', 'Tagalog']",[' The native language of Manny Pacquiao is Filipino.\nQ: What is the birth'],ans,1
P103_general_ASIA_114,Tomohisa Yamashita,"['Japanese', 'jp', 'ja', 'Japanese language', 'Nihongo', 'jpn']","["" Tomohisa Yamashita's native language is Japanese\nQ: What is Tomohisa""]",ans,1
P103_general_ASIA_116,Lee Chong Wei,"['Southern Min', 'nan', '中文', 'Min Nan', 'Min Nan Chinese', 'Chinese language', 'Chinese', 'zh', 'zh-min-nan', 'Chinese languages']","["" Lee Chong Wei's native language is Malaysian\nQ: What is Lee Chong Wei""]",ans,0
P103_general_ASIA_118,Ringo Sheena,"['Japanese', 'jp', 'ja', 'Japanese language', 'Nihongo', 'jpn']","["" Ringo Sheena's native language is Japanese\nQ: What is Ringo Sheena'""]",ans,1
P103_general_ASIA_120,Hayao Miyazaki,"['Japanese', 'jp', 'ja', 'Japanese language', 'Nihongo', 'jpn']",[' Japanese.\nQ: What is the native language of the film?\nA: Japanese.\n'],ans,1
P103_general_ASIA_122,Kizuna AI,"['Japanese', 'jp', 'ja', 'Japanese language', 'Nihongo', 'jpn']",[' Japanese.\nQ: What is the native language of Kizuna AI?\nA:'],ans,1
P103_general_ASIA_124,Yang Joon-hyuk,"['Korean', 'Korean language', 'ko']","["" Yang Joon-hyuk's native language is Korean\nQ: What is Yang Joon""]",ans,1
P103_general_ASIA_126,Aimer,"['Japanese', 'jp', 'ja', 'Japanese language', 'Nihongo', 'jpn']","["" Aimer's mother tongue is Japanese.\nQ: What is the birth name of Aimer""]",ans,1
P103_general_ASIA_128,Tōru Furuya,"['Japanese', 'jp', 'ja', 'Japanese language', 'Nihongo', 'jpn']","["" Tōru Furuya's native language is Japanese\nQ: What is Tōru""]",ans,1
P103_general_ASIA_130,Tsubomi,"['Japanese', 'jp', 'ja', 'Japanese language', 'Nihongo', 'jpn']","["" Japanese.\nQ: What is the native language of Tsubomi's parents?\nA""]",ans,1
P103_general_ASIA_132,Mone Kamishiraishi,"['Japanese', 'jp', 'ja', 'Japanese language', 'Nihongo', 'jpn']","["" Mone Kamishiraishi's mother tongue is Japanese.\nQ: What is the birth""]",ans,1
P103_general_ASIA_134,Shinsuke Nakamura,"['Japanese', 'jp', 'ja', 'Japanese language', 'Nihongo', 'jpn']","["" Shinsuke Nakamura's native language is Japanese.\nQ: What is Sh""]",ans,1
P103_general_ASIA_136,Kido Takayoshi,"['Japanese', 'jp', 'ja', 'Japanese language', 'Nihongo', 'jpn']","["" Kido Takayoshi's native language is Japanese\nQ: What is Kido Takay""]",ans,1
P103_general_ASIA_138,Sanma Akashiya,"['Japanese', 'jp', 'ja', 'Japanese language', 'Nihongo', 'jpn']","["" Sanma Akashiya's mother tongue is Japanese.\nQ: What is the birth name""]",ans,1
P103_general_ASIA_140,Jackie Chan,"['Mandarin', '中文', 'Mandarin Chinese', 'Chinese language', 'Chinese', 'zh', 'Chinese languages']",[' Cantonese\nQ: What is the native language of Jet Li?\nQ: What is'],ans,0
P103_general_ASIA_142,Chang Taek-sang,"['Korean', 'Korean language', 'ko']","["" Chang Taek-sang's mother tongue is Korean.\nQ: What is the""]",ans,1
P103_general_ASIA_144,Masaaki Yuasa,"['Japanese', 'jp', 'ja', 'Japanese language', 'Nihongo', 'jpn']","["" Masaaki Yuasa's native language is Japanese\nQ: What is Masaaki Yu""]",ans,1
P103_general_ASIA_146,Leon Lai,"['中文', 'Chinese language', 'Chinese', 'zh', 'Chinese languages']","["" Leon Lai's native language is Hong Kong, Cantonese\nQ: What is Leon""]",ans,0
P103_general_ASIA_148,Mao Asada,"['Japanese', 'jp', 'ja', 'Japanese language', 'Nihongo', 'jpn']","["" Mao Asada's native language is Japanese\nQ: What is Mao Asada'""]",ans,1
P103_general_ASIA_150,Yoshihide Suga,"['Japanese', 'jp', 'ja', 'Japanese language', 'Nihongo', 'jpn']","["" Yoshihide Suga's native language is Japanese\nQ: What is Yoshihide Sug""]",ans,1
P103_general_ASIA_152,Kim So-hyun,"['Korean', 'Korean language', 'ko']","["" Kim So-hyun's native language is Korean\nQ: What is Kim So-hy""]",ans,1
P103_general_ASIA_154,Queen Sirikit,"['Central Thai', 'Siamese language', 'th', 'Siamese', 'Thai language', 'tha', 'Thai']",[' Thai\nQ: What is the native language of Queen Sirikit?\nA: Th'],ans,1
P103_general_ASIA_156,Yō Yoshida,"['Japanese', 'jp', 'ja', 'Japanese language', 'Nihongo', 'jpn']","["" Yō Yoshida's mother tongue is Japanese.\nQ: What is the birth name""]",ans,1
P103_general_ASIA_158,Rina Ikoma,"['Japanese', 'jp', 'ja', 'Japanese language', 'Nihongo', 'jpn']","["" Rina Ikoma's native language is Japanese\nQ: What is Rina Ik""]",ans,1
P103_general_ASIA_160,LiSA,"['Japanese', 'jp', 'ja', 'Japanese language', 'Nihongo', 'jpn']",[' Japanese\nQ: What is the birth name of LiSA?\nA: Risa Oribe'],ans,1
P103_general_ASIA_162,Mariya Ise,"['Japanese', 'jp', 'ja', 'Japanese language', 'Nihongo', 'jpn']","["" Mariya Ise's native language is Japanese\nQ: What is Mariya Ise'""]",ans,1
P103_general_ASIA_164,Kaori Mizuhashi,"['Japanese', 'jp', 'ja', 'Japanese language', 'Nihongo', 'jpn']","["" Kaori Mizuhashi's mother tongue is Japanese.\nQ: What is the""]",ans,1
P103_general_ASIA_166,Hoshimachi Suisei,"['Japanese', 'jp', 'ja', 'Japanese language', 'Nihongo', 'jpn']","["" Hoshimachi Suisei's mother tongue is Japanese.\nQ: What is the""]",ans,1
P103_general_ASIA_168,Ahn Cheol-soo,"['Korean', 'Korean language', 'ko']","["" Ahn Cheol-soo's native language is Korean\nQ: What is Ahn""]",ans,1
P103_general_ASIA_170,Chung Chae-ki,"['Korean', 'Korean language', 'ko']","["" Chung Chae-ki's native language is Korean\nQ: What is Chung Ch""]",ans,1
P103_general_ASIA_172,Kim Jong-il,"['Korean', 'Korean language', 'ko']",[' Korean.\nQ: What is the native language of Kim Jong-un?\nA:'],ans,1
P103_general_ASIA_174,Gen Hoshino,"['Japanese', 'jp', 'ja', 'Japanese language', 'Nihongo', 'jpn']","["" Gen Hoshino's mother tongue is Japanese.\nQ: What is the birth name of""]",ans,1
P103_general_ASIA_176,Katsuya Takasu,"['Japanese', 'jp', 'ja', 'Japanese language', 'Nihongo', 'jpn']","["" Katsuya Takasu's mother tongue is Japanese.\nQ: What is the""]",ans,1
P103_general_ASIA_178,Kang We-suck,"['Korean', 'Korean language', 'ko']","["" Kang We-suck's native language is Korean\nQ: What is Kang We""]",ans,1
P103_general_ASIA_180,Michiko,"['Japanese', 'jp', 'ja', 'Japanese language', 'Nihongo', 'jpn']","["" Michiko's native language is Japanese.\nQ: What is the birth name of Michiko""]",ans,1
P103_general_ASIA_182,Yū Serizawa,"['Japanese', 'jp', 'ja', 'Japanese language', 'Nihongo', 'jpn']","["" Yū Serizawa's mother tongue is Japanese.\nQ: What is the birth name""]",ans,1
P103_general_ASIA_184,Nichiren,"['Japanese', 'jp', 'ja', 'Japanese language', 'Nihongo', 'jpn']",[' The native language of Nichiren is Japanese.\nQ: What is the nationality of Nich'],ans,1
P103_general_ASIA_186,Ryuichi Sakamoto,"['Japanese', 'jp', 'ja', 'Japanese language', 'Nihongo', 'jpn']","["" Ryuichi Sakamoto's native language is Japanese\nQ: What is Ryuichi""]",ans,1
P103_general_ASIA_188,Toshiyuki Nishida,"['Japanese', 'jp', 'ja', 'Japanese language', 'Nihongo', 'jpn']","["" Toshiyuki Nishida's native language is Japanese\nQ: What is Toshi""]",ans,1
P103_general_ASIA_190,James Wong Jim,"['中文', 'Chinese language', 'Chinese', 'zh', 'Chinese languages']","["" James Wong Jim's native language is Chinese\nQ: What is James Wong Jim'""]",ans,1
P103_general_ASIA_192,Um Sang-hyun,"['Korean', 'Korean language', 'ko']","["" Um Sang-hyun's native language is Korean\nQ: What is Um Sang-hy""]",ans,1
P103_general_ASIA_194,Mima Ito,"['Japanese', 'jp', 'ja', 'Japanese language', 'Nihongo', 'jpn']","["" Mima Ito's native language is Japanese\nQ: What is Mima Ito'""]",ans,1
P103_general_ASIA_196,G.E.M.,"['中文', 'Chinese language', 'Chinese', 'zh', 'Chinese languages']",[' G.E.M. was born in Hong Kong and raised in Shanghai. She speaks'],ans,0
P103_general_ASIA_198,Yi Jun-yong,"['Korean', 'Korean language', 'ko']","["" Yi Jun-yong's native language is Korean\nQ: What is Yi Jun""]",ans,1
P103_general_ASIA_200,Kenshi Yonezu,"['Japanese', 'jp', 'ja', 'Japanese language', 'Nihongo', 'jpn']","["" Kenshi Yonezu's mother tongue is Japanese.\nQ: What is the birth""]",ans,1
P103_general_ASIA_202,Aaron Kwok,"['Yüeh', 'Standard Cantonese', 'Cantonese language', 'yue', 'zh-yue', '中文', 'yueh', 'Yue', 'Yue-Yu', 'Chinese language', 'Cantonese', 'Chinese', 'zh', 'Yue-Yuu', 'Cantonese dialect', 'Yue Chinese', 'Chinese languages']","["" Aaron Kwok's native language is Hong Konger\nQ: What is Aaron""]",ans,0
P103_general_ASIA_204,Hikari Ōta,"['Japanese', 'jp', 'ja', 'Japanese language', 'Nihongo', 'jpn']","["" Hikari Ōta's native language is Japanese.\nQ: What is Hik""]",ans,1
P103_general_ASIA_206,Yuta Iyama,"['Japanese', 'jp', 'ja', 'Japanese language', 'Nihongo', 'jpn']","["" Yuta Iyama's native language is Japanese\nQ: What is Yuta Iy""]",ans,1
P103_general_ASIA_208,Akiko Wada,"['Japanese', 'jp', 'ja', 'Japanese language', 'Nihongo', 'jpn']","["" Akiko Wada's native language is Japanese\nQ: What is Akiko Wada'""]",ans,1
P103_general_ASIA_210,Peng Dehuai,"['中文', 'Chinese language', 'Chinese', 'zh', 'Chinese languages']","["" Peng Dehuai's native language is Chinese\nQ: What is Peng Dehu""]",ans,1
P103_general_ASIA_212,Ban Ki-moon,"['Korean', 'Korean language', 'ko']",[' Korean\nQ: What is the native language of Kofi Annan?\nQ: What'],ans,1
P103_general_ASIA_214,Seung-Hui Cho,"['Korean', 'Korean language', 'ko']",[' Korean.\nQ: What is the native language of the Virginia Tech shooter?\nA'],ans,1
P103_general_ASIA_216,Byon Hee-jae,"['Korean', 'Korean language', 'ko']","["" Byon Hee-jae's mother tongue is Korean.\nQ: What is the""]",ans,1
P103_general_ASIA_218,Leslie Cheung,"['Yüeh', 'Standard Cantonese', 'Cantonese language', 'yue', 'zh-yue', '中文', 'yueh', 'Yue', 'Yue-Yu', 'Chinese language', 'Cantonese', 'Chinese', 'zh', 'Yue-Yuu', 'Cantonese dialect', 'Yue Chinese', 'Chinese languages']","["" Leslie Cheung's native language is Hong Kong\nQ: What was Leslie Cheung""]",ans,0
P103_general_ASIA_220,Alberto Fujimori,"['Castilian', 'es', 'Japanese', 'jp', 'Japanese language', 'ja', 'Spanish', 'Nihongo', 'Spanish language', 'Español', 'Castilian language', 'jpn']","["" Alberto Fujimori's native language is Peru and he is fluent in Japanese.\n""]",ans,1
P103_general_ASIA_222,Suga,"['Korean', 'Korean language', 'ko']","["" Suga's native language is Japanese.\nQ: What is Suga's official website""]",ans,0
P103_general_ASIA_224,Woo Sang-ho,"['Korean', 'Korean language', 'ko']","["" Woo Sang-ho's native language is Korean\nQ: What is Woo Sang-""]",ans,1
P103_general_ASIA_226,Toshirō Mifune,"['Japanese', 'jp', 'ja', 'Japanese language', 'Nihongo', 'jpn']","["" Toshirō Mifune's native language is Japanese\nQ: What was Tosh""]",ans,1
P103_general_ASIA_228,Kō Shibasaki,"['Japanese', 'jp', 'ja', 'Japanese language', 'Nihongo', 'jpn']","["" Kō Shibasaki's native language is Japanese\nQ: What is Kō Sh""]",ans,1
P103_general_ASIA_230,Lin Chia-lung,"['中文', 'Chinese language', 'Chinese', 'zh', 'Chinese languages']","["" Lin Chia-lung's native language is Taiwanese.\nQ: What is Lin Ch""]",ans,0
P103_general_ASIA_232,Ari Ozawa,"['Japanese', 'jp', 'ja', 'Japanese language', 'Nihongo', 'jpn']","["" Ari Ozawa's mother tongue is Japanese.\nQ: What is the birth name of""]",ans,1
P103_general_ASIA_234,Minako Kotobuki,"['Japanese', 'jp', 'ja', 'Japanese language', 'Nihongo', 'jpn']",[' Japanese\nQ: What is the native language of Minako Kotobuki?\nA: Japanese'],ans,1
P103_general_ASIA_236,Eason Chan,"['中文', 'Chinese language', 'Chinese', 'zh', 'Chinese languages']","["" Eason Chan's native language is Cantonese.\nQ: What is Eason Chan""]",ans,0
P103_general_ASIA_238,Shuzo Matsuoka,"['Japanese', 'jp', 'ja', 'Japanese language', 'Nihongo', 'jpn']","["" Shuzo Matsuoka's native language is Japanese\nQ: What is Shu""]",ans,1
P103_general_ASIA_240,Kinichi Hagimoto,"['Japanese', 'jp', 'ja', 'Japanese language', 'Nihongo', 'jpn']","["" Kinichi Hagimoto's native language is Japanese\nQ: What is Kinichi H""]",ans,1
P103_general_ASIA_242,Chun In-bum,"['Korean', 'Korean language', 'ko']","["" Chun In-bum's mother tongue is Korean.\nQ: What is the birth name""]",ans,1
P103_general_ASIA_244,Mayu Yoshioka,"['Japanese', 'jp', 'ja', 'Japanese language', 'Nihongo', 'jpn']","["" Mayu Yoshioka's native language is Japanese\nQ: What is Mayu Yoshi""]",ans,1
P103_general_ASIA_246,Megumi Nakajima,"['Japanese', 'jp', 'ja', 'Japanese language', 'Nihongo', 'jpn']","["" Megumi Nakajima's mother tongue is Japanese.\nQ: What is the birth name""]",ans,1
P103_general_ASIA_248,Li Wenliang,"['Mandarin', '中文', 'Mandarin Chinese', 'Chinese language', 'Chinese', 'zh', 'Chinese languages']",[' Mandarin.\nQ: What is the native language of Li Wenliang?\nA'],ans,1
P103_general_ASIA_250,Oh Se-hoon,"['Korean', 'Korean language', 'ko']","["" Oh Se-hoon's native language is Korean\nQ: What is Oh Se-ho""]",ans,1
P103_general_ASIA_252,Naoki Tatsuta,"['Osaka-ben', 'Japanese', 'jp', 'Japanese language', 'ja', 'Nihongo', 'Osakaben', 'Osaka Dialect', 'jpn']","["" Naoki Tatsuta's mother tongue is Japanese.\nQ: What is the birth name""]",ans,1
P103_general_ASIA_254,Jung Myung Seok,"['Korean', 'Korean language', 'ko']",[' Korean.\nQ: What is the native language of the people who live in Korea?\nA'],ans,1
P103_general_ASIA_256,Shin Ik-hee,"['Korean', 'Korean language', 'ko']","["" Shin Ik-hee's native language is Korean\nQ: What is the birth name""]",ans,1
P103_general_ASIA_258,Daisuke Takahashi,"['Japanese', 'jp', 'ja', 'Japanese language', 'Nihongo', 'jpn']","["" Daisuke Takahashi's native language is Japanese\nQ: What is Dais""]",ans,1
P103_general_ASIA_260,Sung-Yoon Lee,"['Korean', 'Korean language', 'ko']","["" Sung-Yoon Lee's native language is Korean\nQ: What is Sung-""]",ans,1
P103_general_ASIA_262,Toshio Tamogami,"['Japanese', 'jp', 'ja', 'Japanese language', 'Nihongo', 'jpn']","["" Toshio Tamogami's native language is Japanese\nQ: What is Toshio""]",ans,1
P103_general_ASIA_264,Shigeyuki Totsugi,"['Japanese', 'jp', 'ja', 'Japanese language', 'Nihongo', 'jpn']","["" Shigeyuki Totsugi's mother tongue is Japanese.\nQ: What is""]",ans,1
P103_general_ASIA_266,Leiji Matsumoto,"['Japanese', 'jp', 'ja', 'Japanese language', 'Nihongo', 'jpn']",[' Japanese\nQ: What is the name of the main character in the manga and anime series'],ans,1
P103_general_ASIA_268,Park Ji-sung,"['Korean', 'Korean language', 'ko']",[' Korean\nQ: What is the native language of Park Ji-sung?\nA: Korean'],ans,1
P103_general_ASIA_270,Moka Kamishiraishi,"['Japanese', 'jp', 'ja', 'Japanese language', 'Nihongo', 'jpn']","["" Moka Kamishiraishi's mother tongue is Japanese.\nQ: What is the birth""]",ans,1
P103_general_ASIA_272,Shiina Natsukawa,"['Japanese', 'jp', 'ja', 'Japanese language', 'Nihongo', 'jpn']","["" Shiina Natsukawa's native language is Japanese\nQ: What is Shi""]",ans,1
P103_general_ASIA_274,Tai Tzu-Ying,"['中文', 'Chinese language', 'Chinese', 'zh', 'Chinese languages']","["" Tai Tzu-Ying's native language is Chinese\nQ: What is Tai Tzu""]",ans,1
P103_general_ASIA_276,Lee Yong-dae,"['Korean', 'Korean language', 'ko']","["" Lee Yong-dae's native language is Korean\nQ: What is Lee Yong""]",ans,1
P103_general_ASIA_278,Osamu Dazai,"['Japanese', 'jp', 'ja', 'Japanese language', 'Nihongo', 'jpn']","["" Osamu Dazai's native language is Japanese\nQ: What was Osamu""]",ans,1
P103_general_ASIA_280,Yi Un,"['Korean', 'Korean language', 'ko']","["" Yi Un's native language is Korean.\nQ: What is Yi Un's""]",ans,1
P103_general_ASIA_282,Lee Dong-gook,"['Korean', 'Korean language', 'ko']","["" Lee Dong-gook's native language is Korean\nQ: What is Lee Dong""]",ans,1
P103_general_ASIA_284,Roman Tam,"['中文', 'Chinese language', 'Chinese', 'zh', 'Chinese languages']","[' Roman Tam was born in Hong Kong, Hong Kong and thus it is likely that the native language of']",ans,0
P103_general_ASIA_286,Isao Takahata,"['Japanese', 'jp', 'ja', 'Japanese language', 'Nihongo', 'jpn']","["" Isao Takahata's mother tongue is Japanese.\nQ: What is the birth name""]",ans,1
P103_general_ASIA_288,Jun'ichirō Tanizaki,"['Japanese', 'jp', 'ja', 'Japanese language', 'Nihongo', 'jpn']","["" The native language of Jun'ichirō Tanizaki is Japanese.\nQ: What was""]",ans,1
P103_general_ASIA_290,Yao Ming,"['Mandarin', '中文', 'Mandarin Chinese', 'Chinese language', 'Chinese', 'zh', 'Chinese languages']",[' Chinese.\nQ: What is the native language of Yao Ming?\nA: Chinese'],ans,1
P103_general_ASIA_292,Donnie Yen,"['Yüeh', 'Standard Cantonese', 'Cantonese language', 'yue', 'zh-yue', '中文', 'yueh', 'Yue', 'Yue-Yu', 'Chinese language', 'Cantonese', 'Chinese', 'zh', 'Yue-Yuu', 'Cantonese dialect', 'Yue Chinese', 'Chinese languages']","["" Donnie Yen's native language is Chinese\nQ: What is Donnie Yen'""]",ans,1
P103_general_ASIA_294,Masakazu Tamura,"['Japanese', 'jp', 'ja', 'Japanese language', 'Nihongo', 'jpn']","["" Masakazu Tamura's native language is Japanese\nQ: What is Masakazu Tam""]",ans,1
P103_general_ASIA_296,Tomohiro Katō,"['Japanese', 'jp', 'ja', 'Japanese language', 'Nihongo', 'jpn']","["" Tomohiro Katō's native language is Japanese\nQ: What is Tomohiro Kat""]",ans,1
P103_general_ASIA_298,Ismail Sabri Yaakob,"['Malay language', 'Malay macrolanguage', 'ms', 'msa', 'Malay']","["" Ismail Sabri Yaakob's native language is Malaysian\nQ: What is the""]",ans,0
P103_general_ASIA_300,Kenji Mizoguchi,"['Japanese', 'jp', 'ja', 'Japanese language', 'Nihongo', 'jpn']","["" Kenji Mizoguchi's native language is Japanese\nQ: What was Kenji""]",ans,1
P103_general_ASIA_302,Toshiaki Kasuga,"['Japanese', 'jp', 'ja', 'Japanese language', 'Nihongo', 'jpn']","["" Toshiaki Kasuga's native language is Japanese\nQ: What is Toshia""]",ans,1
P103_general_ASIA_304,Princess Ubol Ratana of Thailand,"['Central Thai', 'Siamese language', 'th', 'Siamese', 'Thai language', 'tha', 'Thai']",[' Thai\nQ: What is the native language of Princess Astrid of Belgium?\n'],ans,1
P103_general_ASIA_306,Yu Jae-seok,"['Korean', 'Korean language', 'ko']","["" Yu Jae-seok's native language is Korean\nQ: What is Yu Jae""]",ans,1
P103_general_ASIA_308,Alice Arisugawa,"['Japanese', 'jp', 'ja', 'Japanese language', 'Nihongo', 'jpn']",[' Japanese.\nQ: What is the native language of John Pugmire?\nA:'],ans,1
P103_general_ASIA_310,V,"['Korean', 'Korean language', 'ko']",[' V is a native speaker of English.\nQ: What is the native language of W?\n'],ans,0
P103_general_ASIA_312,Hiroiki Ariyoshi,"['Japanese', 'jp', 'ja', 'Japanese language', 'Nihongo', 'jpn']","["" Hiroiki Ariyoshi's native language is Japanese\nQ: What is Hiroiki""]",ans,1
P103_general_ASIA_314,Minori Suzuki,"['Japanese', 'jp', 'ja', 'Japanese language', 'Nihongo', 'jpn']","["" Minori Suzuki's mother tongue is Japanese.\nQ: What is the birth name""]",ans,1
P103_general_ASIA_316,Jeon Soyeon,"['Korean', 'Korean language', 'ko']","["" Jeon Soyeon's native language is Korean.\nQ: What is Jeon So""]",ans,1
P103_general_ASIA_318,Stephen Kim Sou-hwan,"['Korean', 'Korean language', 'ko']","["" Stephen Kim Sou-hwan's native language is Korean\nQ: What is Stephen Kim Sou""]",ans,1
P103_general_ASIA_320,Tatsumi Fujinami,"['Japanese', 'jp', 'ja', 'Japanese language', 'Nihongo', 'jpn']","["" Tatsumi Fujinami's mother tongue is Japanese.\nQ: What is the""]",ans,1
P103_general_ASIA_322,Tetsurō Tamba,"['Japanese', 'jp', 'ja', 'Japanese language', 'Nihongo', 'jpn']","["" Tetsurō Tamba's mother tongue is Japanese.\nQ: What is the birth""]",ans,1
P103_general_ASIA_324,Kasumi Arimura,"['Japanese', 'jp', 'ja', 'Japanese language', 'Nihongo', 'jpn']","["" Kasumi Arimura's native language is Japanese\nQ: What is Kasumi Arim""]",ans,1
P103_general_ASIA_326,Masayoshi Yamazaki,"['Japanese', 'jp', 'ja', 'Japanese language', 'Nihongo', 'jpn']","["" Masayoshi Yamazaki's native language is Japanese\nQ: What is Masayoshi""]",ans,1
P103_general_ASIA_328,Ichikawa Raizō VIII,"['Japanese', 'jp', 'ja', 'Japanese language', 'Nihongo', 'jpn']",[' Ichikawa Raizō VIII was born in Japan and thus his native language is Japanese.\n'],ans,1
P103_general_ASIA_330,Shin Seong-il,"['Korean', 'Korean language', 'ko']","["" Shin Seong-il's mother tongue is Korean.\nQ: What is the birth name""]",ans,1
P103_general_ASIA_332,Yu Shyi-kun,"['中文', 'Chinese language', 'Chinese', 'zh', 'Chinese languages']",[' The native language of Yu Shyi-kun is Taiwanese\nQ: What is the political'],ans,0
P103_general_ASIA_334,Ōkubo Toshimichi,"['Japanese', 'jp', 'ja', 'Japanese language', 'Nihongo', 'jpn']","["" Ōkubo Toshimichi's native language is Japanese\nQ: What is""]",ans,1
P103_general_ASIA_336,Toshinobu Kubota,"['Japanese', 'jp', 'ja', 'Japanese language', 'Nihongo', 'jpn']","["" Toshinobu Kubota's mother tongue is Japanese.\nQ: What is the""]",ans,1
P103_general_ASIA_338,Yoonhan,"['Korean', 'Korean language', 'ko']","["" Yoonhan's mother tongue is Korean.\nQ: What is the birth name of Y""]",ans,1
P103_general_ASIA_340,Tomomi Itano,"['Japanese', 'jp', 'ja', 'Japanese language', 'Nihongo', 'jpn']","["" Tomomi Itano's native language is Japanese\nQ: What is Tomomi Itano'""]",ans,1
P103_general_ASIA_342,Emperor Taishō,"['Japanese', 'jp', 'ja', 'Japanese language', 'Nihongo', 'jpn']",[' Japanese.\nQ: What is the native language of Emperor Shōwa?\nQ: What'],ans,1
P103_general_ASIA_344,Fairouz Ai,"['Japanese', 'jp', 'ja', 'Japanese language', 'Nihongo', 'jpn']","["" Fairouz Ai's mother tongue is Arabic.\nQ: What is Fairou""]",ans,0
P103_general_ASIA_346,Hideo Higashikokubaru,"['Japanese', 'jp', 'ja', 'Japanese language', 'Nihongo', 'jpn']","["" Hideo Higashikokubaru's native language is Japanese\nQ: What is""]",ans,1
P103_general_ASIA_348,Kana Nishino,"['Japanese', 'jp', 'ja', 'Japanese language', 'Nihongo', 'jpn']","["" Kana Nishino's native language is Japanese\nQ: What is Kana Nish""]",ans,1
P103_general_ASIA_350,Rena Nōnen,"['Japanese', 'jp', 'ja', 'Japanese language', 'Nihongo', 'jpn']","["" Rena Nōnen's mother tongue is Japanese.\nQ: What is Rena Nōnen""]",ans,1
P103_general_ASIA_352,Ikki Kajiwara,"['Japanese', 'jp', 'ja', 'Japanese language', 'Nihongo', 'jpn']","["" Ikki Kajiwara's native language is Japanese\nQ: What is Ik""]",ans,1
P103_general_ASIA_354,Riki Chōshū,"['Korean', 'Korean language', 'ko']","["" Riki Chōshū's mother tongue is Japanese.\nQ: What is Riki""]",ans,0
P103_general_ASIA_356,Kim Yoo-jung,"['Korean', 'Korean language', 'ko']","["" Kim Yoo-jung's native language is Korean\nQ: What is Kim Yoo""]",ans,1
P103_general_ASIA_358,Ryō Horikawa,"['Japanese', 'jp', 'ja', 'Japanese language', 'Nihongo', 'jpn']","["" Ryō Horikawa's native language is Japanese.\nQ: What is Ryō Hor""]",ans,1
P103_general_ASIA_360,Shūgo Nakamura,"['Japanese', 'jp', 'ja', 'Japanese language', 'Nihongo', 'jpn']","["" Shūgo Nakamura's native language is Japanese\nQ: What is Shūgo""]",ans,1
P103_general_ASIA_362,Seishi Yokomizo,"['Japanese', 'jp', 'ja', 'Japanese language', 'Nihongo', 'jpn']","["" Seishi Yokomizo's native language is Japanese\nQ: What is Seishi Y""]",ans,1
P103_general_ASIA_364,Ichirō Fujiyama,"['Japanese', 'jp', 'ja', 'Japanese language', 'Nihongo', 'jpn']","["" Ichirō Fujiyama's native language is Japanese\nQ: What is Ichir""]",ans,1
P103_general_ASIA_366,Gong Hyo-jin,"['Korean', 'Korean language', 'ko']","["" Gong Hyo-jin's native language is Korean.\nQ: What is Gong""]",ans,1
P103_general_ASIA_368,Cho Seung-woo,"['Korean', 'Korean language', 'ko']","["" Cho Seung-woo's native language is Korean\nQ: What is Cho Seung""]",ans,1
P103_general_ASIA_370,Queen Suthida,"['Central Thai', 'Siamese language', 'th', 'Siamese', 'Thai language', 'tha', 'Thai']","["" Queen Suthida's native language is Thai\nQ: What is Queen Suthida""]",ans,1
P103_general_ASIA_372,Rosé,"['Korean', 'Korean language', 'ko']","["" Rosé's native language is Korean\nQ: What is Rosé's real name?""]",ans,1
P103_general_ASIA_374,Ibuki Kido,"['Japanese', 'jp', 'ja', 'Japanese language', 'Nihongo', 'jpn']","["" Ibuki Kido's native language is Japanese\nQ: What is Ibuki K""]",ans,1
P103_general_ASIA_376,Megu Sakuragawa,"['Japanese', 'jp', 'ja', 'Japanese language', 'Nihongo', 'jpn']","["" Megu Sakuragawa's mother tongue is Japanese.\nQ: What is the birth""]",ans,1
P103_general_ASIA_378,Song Ji-hyo,"['Korean', 'Korean language', 'ko']","["" Song Ji-hyo's native language is Korean\nQ: What is Song Ji-hy""]",ans,1
P103_general_ASIA_380,Masashi Tashiro,"['Japanese', 'jp', 'ja', 'Japanese language', 'Nihongo', 'jpn']","["" Masashi Tashiro's native language is Japanese\nQ: What is Masashi Tash""]",ans,1
P103_general_ASIA_382,Shingo Katori,"['Japanese', 'jp', 'ja', 'Japanese language', 'Nihongo', 'jpn']","["" Shingo Katori's mother tongue is Japanese.\nQ: What is Shingo Katori""]",ans,1
P103_general_ASIA_384,Junko Iwao,"['Japanese', 'jp', 'ja', 'Japanese language', 'Nihongo', 'jpn']","["" Junko Iwao's native language is Japanese\nQ: What is Junko Iwa""]",ans,1
P103_general_ASIA_386,Nozomi Nishida,"['Japanese', 'jp', 'ja', 'Japanese language', 'Nihongo', 'jpn']","["" Nozomi Nishida's native language is Japanese\nQ: What is Nozomi""]",ans,1
P103_general_ASIA_388,Hideyo Noguchi,"['Japanese', 'jp', 'ja', 'Japanese language', 'Nihongo', 'jpn']","["" Hideyo Noguchi's native language is Japanese\nQ: What is Hide""]",ans,1
P103_general_ASIA_390,Ayako Sono,"['Japanese', 'jp', 'ja', 'Japanese language', 'Nihongo', 'jpn']","["" Ayako Sono's native language is Japanese\nQ: What is Ayako Sono'""]",ans,1
P103_general_ASIA_392,Srirasmi Suwadee,"['Central Thai', 'Siamese language', 'th', 'Siamese', 'Thai language', 'tha', 'Thai']","["" Srirasmi Suwadee's mother tongue is Thai.\nQ: What is""]",ans,1
P103_general_ASIA_394,Sayuri Yoshinaga,"['Japanese', 'jp', 'ja', 'Japanese language', 'Nihongo', 'jpn']","["" Sayuri Yoshinaga's mother tongue is Japanese\nQ: What is Sayuri Y""]",ans,1
P103_general_ASIA_396,Hiroshi Abe,"['Japanese', 'jp', 'ja', 'Japanese language', 'Nihongo', 'jpn']","["" Hiroshi Abe's native language is Japanese\nQ: What is Hirosh""]",ans,1
P103_general_ASIA_398,Hideaki Anno,"['Japanese', 'jp', 'ja', 'Japanese language', 'Nihongo', 'jpn']",[' Japanese.\nQ: What is the native language of Yoshiyuki Sadamoto?\n'],ans,1
P103_general_ASIA_400,Shohei Ono,"['Japanese', 'jp', 'ja', 'Japanese language', 'Nihongo', 'jpn']","["" Shohei Ono's native language is Japanese\nQ: What is Shohei O""]",ans,1
P103_general_ASIA_402,Mizuki Yamamoto,"['Japanese', 'jp', 'ja', 'Japanese language', 'Nihongo', 'jpn']","["" Mizuki Yamamoto's mother tongue is Japanese.\nQ: What is the birth""]",ans,1
P103_general_ASIA_404,Yun Chi-wang,"['Korean', 'Korean language', 'ko']","["" Yun Chi-wang's native language is Korean\nQ: What is Yun Chi""]",ans,1
P103_general_ASIA_406,Ryōko Hirosue,"['Japanese', 'jp', 'ja', 'Japanese language', 'Nihongo', 'jpn']","["" Ryōko Hirosue's mother tongue is Japanese.\nQ: What is Ryō""]",ans,1
P103_general_ASIA_408,Haru Kuroki,"['Japanese', 'jp', 'ja', 'Japanese language', 'Nihongo', 'jpn']","["" Haru Kuroki's native language is Japanese\nQ: What is Haru Kuro""]",ans,1
P103_general_ASIA_410,Ham Tae-young,"['Korean', 'Korean language', 'ko']","["" Ham Tae-young's native language is Korean\nQ: What is Ham Tae""]",ans,1
P103_general_ASIA_412,Bong Joon-ho,"['Korean', 'Korean language', 'ko']","["" Bong Joon-ho's native language is South Korean.\nQ: What is B""]",ans,1
P103_general_ASIA_414,Stephen Chow,"['Yüeh', 'Standard Cantonese', 'Cantonese language', 'yue', 'zh-yue', '中文', 'yueh', 'Yue', 'Yue-Yu', 'Chinese language', 'Cantonese', 'Chinese', 'zh', 'Yue-Yuu', 'Cantonese dialect', 'Yue Chinese', 'Chinese languages']","["" Stephen Chow's mother tongue is Cantonese.\nQ: What is the birth name""]",ans,1
P103_general_ASIA_416,Han Han,"['中文', 'Chinese language', 'Chinese', 'zh', 'Chinese languages']","[' Han Han is a Chinese writer, blogger, professional race car driver, and singer. He is']",ans,1
P103_general_ASIA_418,Lee Kwang-soo,"['Korean', 'Korean language', 'ko']","["" Lee Kwang-soo's native language is Korean\nQ: What is Lee K""]",ans,1
P103_general_ASIA_420,Moe Amatsuka,"['Japanese', 'jp', 'ja', 'Japanese language', 'Nihongo', 'jpn']","["" Moe Amatsuka's mother tongue is Japanese.\nQ: What is the birth name""]",ans,1
P103_general_ASIA_422,Jun Ji-hyun,"['Korean', 'Korean language', 'ko']","["" Jun Ji-hyun's native language is Korean\nQ: What is Jun Ji-hy""]",ans,1
P103_general_ASIA_424,Iwakura Tomomi,"['Japanese', 'jp', 'ja', 'Japanese language', 'Nihongo', 'jpn']","["" Iwakura Tomomi's native language is Japanese\nQ: What is Iwak""]",ans,1
P103_general_ASIA_426,Hideaki Tokunaga,"['Japanese', 'jp', 'ja', 'Japanese language', 'Nihongo', 'jpn']","["" Hideaki Tokunaga's native language is Japanese\nQ: What is Hideaki""]",ans,1
P103_general_ASIA_428,Soamsawali,"['Central Thai', 'Siamese language', 'th', 'Siamese', 'Thai language', 'tha', 'Thai']","["" Soamsawali's mother tongue is Thai.\nQ: What is Soamsaw""]",ans,1
P103_general_ASIA_430,Yoshitomo Tsutsugo,"['Japanese', 'jp', 'ja', 'Japanese language', 'Nihongo', 'jpn']","["" Yoshitomo Tsutsugo's native language is Japanese\nQ: What is Yosh""]",ans,1
P103_general_ASIA_432,Miyamoto Musashi,"['Japanese', 'jp', 'ja', 'Japanese language', 'Nihongo', 'jpn']","["" Miyamoto Musashi's native language is Japanese\nQ: What is Miyam""]",ans,1
P103_general_ASIA_434,Yoshikatsu Kawaguchi,"['Japanese', 'jp', 'ja', 'Japanese language', 'Nihongo', 'jpn']","["" Yoshikatsu Kawaguchi's native language is Japanese\nQ: What""]",ans,1
P103_general_ASIA_436,Shunsuke Kikuchi,"['Japanese', 'jp', 'ja', 'Japanese language', 'Nihongo', 'jpn']","["" Shunsuke Kikuchi's native language is Japanese\nQ: What is Sh""]",ans,1
P103_general_ASIA_438,Morihei Ueshiba,"['Japanese', 'jp', 'ja', 'Japanese language', 'Nihongo', 'jpn']",[' Japanese.\nQ: What is the native language of Morihei Ueshiba?\n'],ans,1
P103_general_ASIA_440,Kiyoshi Atsumi,"['Japanese', 'jp', 'ja', 'Japanese language', 'Nihongo', 'jpn']","["" Kiyoshi Atsumi's native language is Japanese\nQ: What was Kiyoshi""]",ans,1
P103_general_ASIA_442,Neru Nagahama,"['Japanese', 'jp', 'ja', 'Japanese language', 'Nihongo', 'jpn']","["" Neru Nagahama's mother tongue is Japanese\nQ: What is Neru""]",ans,1
P103_general_ASIA_444,Tōgō Heihachirō,"['Japanese', 'jp', 'ja', 'Japanese language', 'Nihongo', 'jpn']","["" Tōgō Heihachirō's native language is Japanese\nQ: What is""]",ans,1
P103_general_ASIA_446,Mana Sakura,"['Japanese', 'jp', 'ja', 'Japanese language', 'Nihongo', 'jpn']",[' Japanese.\nQ: What is the native language of Mana Sakura?\nA: Japanese'],ans,1
P103_general_ASIA_448,Himika Akaneya,"['Japanese', 'jp', 'ja', 'Japanese language', 'Nihongo', 'jpn']","["" Himika Akaneya's mother tongue is Japanese.\nQ: What is the birth""]",ans,1
P103_general_ASIA_450,Yitang Zhang,"['中文', 'Chinese language', 'Chinese', 'zh', 'Chinese languages']","["" Yitang Zhang's native language is Chinese.\nQ: What is Yitang""]",ans,1
P103_general_ASIA_452,Kūkai,"['Japanese', 'jp', 'ja', 'Japanese language', 'Nihongo', 'jpn']","["" Kūkai's first language is Japanese.\nQ: What is Kūkai""]",ans,1
P103_general_ASIA_454,Chung Jin-suk,"['Korean', 'Korean language', 'ko']","["" Chung Jin-suk's mother tongue is Korean\nQ: What is the birth name""]",ans,1
P103_general_ASIA_456,Momoe Yamaguchi,"['Japanese', 'jp', 'ja', 'Japanese language', 'Nihongo', 'jpn']","["" Momoe Yamaguchi's mother tongue is Japanese.\nQ: What is the""]",ans,1
P103_general_ASIA_458,Park Am,"['Korean', 'Korean language', 'ko']","["" Park Am's mother tongue is Korean.\nQ: What is Park Am's official website""]",ans,1
P103_general_ASIA_460,Empress Masako,"['Japanese', 'jp', 'ja', 'Japanese language', 'Nihongo', 'jpn']",[' Japanese.\nQ: What is the native language of Empress Masako?\nA: Japanese'],ans,1
P103_general_ASIA_462,Jo So-ang,"['Korean', 'Korean language', 'ko']","["" Jo So-ang's native language is Korean\nQ: What is Jo So-ang'""]",ans,1
P103_general_ASIA_464,Ichikawa Ennosuke IV,"['Japanese', 'jp', 'ja', 'Japanese language', 'Nihongo', 'jpn']","["" Ichikawa Ennosuke IV's mother tongue is Japanese.\nQ: What is""]",ans,1
P103_general_ASIA_466,Maria Naganawa,"['Japanese', 'jp', 'ja', 'Japanese language', 'Nihongo', 'jpn']","["" Maria Naganawa's native language is Japanese\nQ: What is Maria Naganawa'""]",ans,1
P103_general_ASIA_468,Lee Jung-hoo,"['Korean', 'Korean language', 'ko']","["" Lee Jung-hoo's native language is Korean\nQ: What is Lee Jung-ho""]",ans,1
P103_general_ASIA_470,Tadanobu Asano,"['Japanese', 'jp', 'ja', 'Japanese language', 'Nihongo', 'jpn']","["" Tadanobu Asano's native language is Japanese\nQ: What is Tad""]",ans,1
P103_general_ASIA_472,Monta Mino,"['Japanese', 'jp', 'ja', 'Japanese language', 'Nihongo', 'jpn']","["" Monta Mino's native language is Japanese\nQ: What is Monta Mino'""]",ans,1
P103_general_ASIA_474,Agnez Mo,"['ind', 'Indonesian', 'Indonesian language', 'bahasa Indonesia', 'id', 'Bahasa']","["" Agnez Mo's native language is Indonesian.\nQ: What is Agnez Mo'""]",ans,1
P103_general_ASIA_476,Saichō,"['Japanese', 'jp', 'ja', 'Japanese language', 'Nihongo', 'jpn']","["" The native language of Saichō was Japanese.\nQ: What was Saichō's""]",ans,1
P103_general_ASIA_478,Hisashi Inoue,"['Japanese', 'jp', 'ja', 'Japanese language', 'Nihongo', 'jpn']","["" Hisashi Inoue's native language is Japanese.\nQ: What is Hisashi In""]",ans,1
P103_general_ASIA_480,Chang San-cheng,"['中文', 'Chinese language', 'Chinese', 'zh', 'Chinese languages']","["" Chang San-cheng's native language is Taiwanese Mandarin\nQ: What is""]",ans,0
P103_general_ASIA_482,Yang Chaoyue,"['中文', 'Chinese language', 'Chinese', 'zh', 'Chinese languages']","["" Yang Chaoyue's native language is Chinese.\nQ: What is the birth name""]",ans,1
P103_general_ASIA_484,Airi Suzuki,"['Japanese', 'jp', 'ja', 'Japanese language', 'Nihongo', 'jpn']","["" Airi Suzuki's mother tongue is Japanese\nQ: What is the birth name of""]",ans,1
P103_general_ASIA_486,Na Kyung-won,"['Korean', 'Korean language', 'ko']","["" Na Kyung-won's native language is Korean\nQ: What is Na Kyung-""]",ans,1
P103_general_ASIA_488,Gengoroh Tagame,"['Japanese', 'jp', 'ja', 'Japanese language', 'Nihongo', 'jpn']",[' Japanese.\nQ: What is the native language of the translator?\nA: English.'],ans,1
P103_general_ASIA_490,Seo Hee Ham,"['Korean', 'Korean language', 'ko']","["" Seo Hee Ham's native language is Korean\nQ: What is Seo Hee""]",ans,1
P103_general_ASIA_492,Kwak Dong-yeon,"['Korean', 'Korean language', 'ko']","["" Kwak Dong-yeon's native language is Korean\nQ: What is K""]",ans,1
P103_general_ASIA_494,Kaya Okuno,"['Japanese', 'jp', 'ja', 'Japanese language', 'Nihongo', 'jpn']","["" Kaya Okuno's mother tongue is Japanese.\nQ: What is the birth name of""]",ans,1
P103_general_ASIA_496,Kafū Nagai,"['Japanese', 'jp', 'ja', 'Japanese language', 'Nihongo', 'jpn']","["" Kafū Nagai's native language is Japanese\nQ: What was Kafū Nag""]",ans,1
P103_general_ASIA_498,Machiko Hasegawa,"['Japanese', 'jp', 'ja', 'Japanese language', 'Nihongo', 'jpn']","["" Machiko Hasegawa's native language is Japanese\nQ: What is Machiko Haseg""]",ans,1
P103_general_ASIA_500,Song Young-gil,"['Korean', 'Korean language', 'ko']","["" Song Young-gil's native language is Korean\nQ: What is Song Young-g""]",ans,1
P103_general_ASIA_502,Ryohei Suzuki,"['Japanese', 'jp', 'ja', 'Japanese language', 'Nihongo', 'jpn']","["" Ryohei Suzuki's mother tongue is Japanese.\nQ: What is the""]",ans,1
P103_general_ASIA_504,Shōta Shunpūtei,"['Japanese', 'jp', 'ja', 'Japanese language', 'Nihongo', 'jpn']","["" Shōta Shunpūtei's mother tongue is Japanese.\nQ: What is""]",ans,1
P103_general_ASIA_506,Park No-sik,"['Korean', 'Korean language', 'ko']","["" Park No-sik's native language is Korean\nQ: What is Park No-s""]",ans,1
P103_general_ASIA_508,Stanley Ho,"['Yüeh', 'Standard Cantonese', 'Cantonese language', 'yue', 'zh-yue', '中文', 'yueh', 'Yue', 'Yue-Yu', 'Chinese language', 'Cantonese', 'Chinese', 'zh', 'Yue-Yuu', 'Cantonese dialect', 'Yue Chinese', 'Chinese languages']","["" Stanley Ho's native language is Hong Kong, Cantonese.\nQ: What is Stanley""]",ans,1
P103_general_ASIA_510,Nana Mori,"['Japanese', 'jp', 'ja', 'Japanese language', 'Nihongo', 'jpn']","["" Nana Mori's mother tongue is Japanese.\nQ: What is the birth name of""]",ans,1
P103_general_ASIA_512,Ichirōta Miyakawa,"['Japanese', 'jp', 'ja', 'Japanese language', 'Nihongo', 'jpn']","["" Ichirōta Miyakawa's native language is Japanese\nQ: What is Ich""]",ans,1
P103_general_ASIA_514,Kim Du-han,"['Korean', 'Korean language', 'ko']","["" Kim Du-han's native language is Korean\nQ: What is Kim Du-han'""]",ans,1
P103_general_ASIA_516,Yoon Suk-yeol,"['Korean', 'Korean language', 'ko']","["" Yoon Suk-yeol's native language is Korean\nQ: What is Yoon""]",ans,1
P103_general_ASIA_518,Hwang Woo-suk,"['Korean', 'Korean language', 'ko']","["" Hwang Woo-suk's native language is South Korean.\nQ: What""]",ans,1
P103_general_ASIA_520,Ken Watanabe,"['Japanese', 'jp', 'ja', 'Japanese language', 'Nihongo', 'jpn']","["" Ken Watanabe's native language is Japanese\nQ: What is Ken Watanabe'""]",ans,1
P103_general_ASIA_522,Aki Hata,"['Japanese', 'jp', 'ja', 'Japanese language', 'Nihongo', 'jpn']","["" Aki Hata's mother tongue is Japanese.\nQ: What is the birth name of""]",ans,1
P103_general_ASIA_524,Park Eun-bin,"['Korean', 'Korean language', 'ko']","["" Park Eun-bin's native language is Korean\nQ: What is Park Eun-""]",ans,1
P103_general_ASIA_526,Jirō Osaragi,"['Japanese', 'jp', 'ja', 'Japanese language', 'Nihongo', 'jpn']","["" Jirō Osaragi's native language is Japanese\nQ: What was Jirō""]",ans,1
P103_general_ASIA_528,Shūji Terayama,"['Japanese', 'jp', 'ja', 'Japanese language', 'Nihongo', 'jpn']","["" Shūji Terayama's native language is Japanese\nQ: What was Shūji""]",ans,1
P103_general_ASIA_530,Maki Goto,"['Japanese', 'jp', 'ja', 'Japanese language', 'Nihongo', 'jpn']","["" Maki Goto's mother tongue is Japanese.\nQ: What is Maki Goto""]",ans,1
P103_general_ASIA_532,Takechi Hanpeita,"['Japanese', 'jp', 'ja', 'Japanese language', 'Nihongo', 'jpn']","["" Takechi Hanpeita's mother tongue is Japanese\nQ: What is the birth name of""]",ans,1
P103_general_ASIA_534,Akari Suda,"['Japanese', 'jp', 'ja', 'Japanese language', 'Nihongo', 'jpn']","["" Akari Suda's native language is Japanese\nQ: What is Akari Suda'""]",ans,1
P103_general_ASIA_536,Jang Hyuk,"['Korean', 'Korean language', 'ko']",[' Korean\nQ: What is the birth name of Jang Hyuk?\nA: Jang'],ans,1
P103_general_ASIA_538,Hirokazu Koreeda,"['Japanese', 'jp', 'ja', 'Japanese language', 'Nihongo', 'jpn']","["" Hirokazu Koreeda's native language is Japanese\nQ: What was Hirokaz""]",ans,1
P103_general_ASIA_540,Naomi Chiaki,"['Japanese', 'jp', 'ja', 'Japanese language', 'Nihongo', 'jpn']","["" Naomi Chiaki's mother tongue is Japanese.\nQ: What is the birth name""]",ans,1
P103_general_ASIA_542,Kim A-lang,"['Korean', 'Korean language', 'ko']","["" Kim A-lang's native language is Korean\nQ: What is Kim A-lang'""]",ans,1
P103_general_ASIA_544,Oguri Tadamasa,"['Japanese', 'jp', 'ja', 'Japanese language', 'Nihongo', 'jpn']","["" Oguri Tadamasa's native language is Japanese\nQ: What is Oguri T""]",ans,1
P103_general_ASIA_546,Miyavi,"['Japanese', 'jp', 'ja', 'Japanese language', 'Nihongo', 'jpn']","["" Miyavi's native language is Japanese\nQ: What is Miyavi's real""]",ans,1
P103_general_ASIA_548,Ken Togame,"['Japanese', 'jp', 'ja', 'Japanese language', 'Nihongo', 'jpn']","["" Ken Togame's mother tongue is Japanese.\nQ: What is the birth name of""]",ans,1
P103_general_ASIA_550,Yujiro Ishihara,"['Japanese', 'jp', 'ja', 'Japanese language', 'Nihongo', 'jpn']","["" Yujiro Ishihara's native language is Japanese\nQ: What was Yuji""]",ans,1
P103_general_ASIA_552,Yoo Seong-min,"['Korean', 'Korean language', 'ko']","["" Yoo Seong-min's native language is Korean\nQ: What is Yoo Se""]",ans,1
P103_general_ASIA_554,Sunny,"['en', 'English', 'eng', 'English language']","["" Sunny's native language is English.\nQ: What is the birth name of Sunny""]",ans,1
P103_general_ASIA_556,Edogawa Ranpo,"['Japanese', 'jp', 'ja', 'Japanese language', 'Nihongo', 'jpn']","["" Edogawa Ranpo's native language is Japanese\nQ: What was Edogawa Ran""]",ans,1
P103_general_ASIA_558,Kinuyo Tanaka,"['Japanese', 'jp', 'ja', 'Japanese language', 'Nihongo', 'jpn']","["" Kinuyo Tanaka's mother tongue is Japanese.\nQ: What is Kinuyo""]",ans,1
P103_general_ASIA_560,Kim Ji-mee,"['Korean', 'Korean language', 'ko']","["" Kim Ji-mee's mother tongue is Korean\nQ: What is Kim Ji-mee'""]",ans,1
P103_general_ASIA_562,Eiichi Ohtaki,"['Japanese', 'jp', 'ja', 'Japanese language', 'Nihongo', 'jpn']","["" Eiichi Ohtaki's native language is Japanese.\nQ: What was Ei""]",ans,1
P103_general_ASIA_564,Ha Jung-woo,"['Korean', 'Korean language', 'ko']","["" Ha Jung-woo's native language is Korean\nQ: What is Ha Jung-wo""]",ans,1
P103_general_ASIA_566,Jun Maeda,"['Japanese', 'jp', 'ja', 'Japanese language', 'Nihongo', 'jpn']","["" Jun Maeda's mother tongue is Japanese.\nQ: What is the birth name of Jun""]",ans,1
P103_general_ASIA_568,Sam Hui,"['Yüeh', 'Standard Cantonese', 'Cantonese language', 'yue', 'zh-yue', '中文', 'yueh', 'Yue', 'Yue-Yu', 'Chinese language', 'Cantonese', 'Chinese', 'zh', 'Yue-Yuu', 'Cantonese dialect', 'Yue Chinese', 'Chinese languages']","["" Sam Hui's native language is Hong Kong, Cantonese\nQ: What is Sam""]",ans,1
P103_general_ASIA_570,Lee Jun-seok,"['Korean', 'Korean language', 'ko']","["" Lee Jun-seok's native language is Korean\nQ: What is Lee Jun-se""]",ans,1
P103_general_ASIA_572,Gaku Hamada,"['Japanese', 'jp', 'ja', 'Japanese language', 'Nihongo', 'jpn']","["" Gaku Hamada's native language is Japanese\nQ: What is Gaku Hamada'""]",ans,1
P103_general_ASIA_574,Lee Soon-jae,"['Korean', 'Korean language', 'ko']","["" Lee Soon-jae's native language is Korean\nQ: What is Lee Soon""]",ans,1
P103_general_ASIA_576,Satsumi Matsuda,"['Japanese', 'jp', 'ja', 'Japanese language', 'Nihongo', 'jpn']","["" Satsumi Matsuda's native language is Japanese\nQ: What is Satsumi""]",ans,1
P103_general_ASIA_578,Keigo Higashino,"['Japanese', 'jp', 'ja', 'Japanese language', 'Nihongo', 'jpn']","["" Keigo Higashino's native language is Japanese\nQ: What is Keigo H""]",ans,1
P103_general_ASIA_580,Kenneth Tsang,"['中文', 'Chinese language', 'Chinese', 'zh', 'Chinese languages']","["" Kenneth Tsang's native language is Cantonese.\nQ: What is Kenneth Tsang""]",ans,0
P103_general_ASIA_582,Lee Je-hoon,"['Korean', 'Korean language', 'ko']","["" Lee Je-hoon's native language is Korean\nQ: What is the birth name of""]",ans,1
P103_general_ASIA_584,Isamu Akasaki,"['Japanese', 'jp', 'ja', 'Japanese language', 'Nihongo', 'jpn']","["" Isamu Akasaki's native language is Japanese\nQ: What is Isamu""]",ans,1
P103_general_ASIA_586,Chung Min-tae,"['Korean', 'Korean language', 'ko']","["" Chung Min-tae's native language is Korean\nQ: What is Chung Min""]",ans,1
P103_general_ASIA_588,Isuzu Yamada,"['Japanese', 'jp', 'ja', 'Japanese language', 'Nihongo', 'jpn']","["" Isuzu Yamada's mother tongue is Japanese.\nQ: What is the birth name""]",ans,1
P103_general_ASIA_590,Kolas Yotaka,"['Amis language', 'Amis', 'ami']","["" Kolas Yotaka's native language is English\nQ: What is Kolas Yot""]",ans,0
P103_general_ASIA_592,Morio Kita,"['Japanese', 'jp', 'ja', 'Japanese language', 'Nihongo', 'jpn']","["" Morio Kita's mother tongue is Japanese.\nQ: What is Morio Kita""]",ans,1
P103_general_ASIA_594,Ai Takahashi,"['Japanese', 'jp', 'ja', 'Japanese language', 'Nihongo', 'jpn']","["" Ai Takahashi's mother tongue is Japanese.\nQ: What is Ai Tak""]",ans,1
P103_general_ASIA_596,marasy,"['Japanese', 'jp', 'ja', 'Japanese language', 'Nihongo', 'jpn']","["" Marasy's native language is Marasy.\nQ: What is Marasy's mother""]",ans,0
P103_general_ASIA_598,Tila Tequila,"['en', 'English', 'eng', 'English language']","["" Tila Tequila's native language is Vietnamese.\nQ: What is Tila""]",ans,0
P103_general_ASIA_600,Chōsuke Ikariya,"['Japanese', 'jp', 'ja', 'Japanese language', 'Nihongo', 'jpn']","["" Chōsuke Ikariya's native language is Japanese\nQ: What is Ch""]",ans,1
P103_general_ASIA_602,Tokugawa Mitsukuni,"['Japanese', 'jp', 'ja', 'Japanese language', 'Nihongo', 'jpn']","["" Tokugawa Mitsukuni's native language is Japanese\nQ: What is Tokug""]",ans,1
P103_general_ASIA_604,Shūsei Tokuda,"['Japanese', 'jp', 'ja', 'Japanese language', 'Nihongo', 'jpn']","["" Shūsei Tokuda's native language is Japanese\nQ: What is Shūse""]",ans,1
P103_general_ASIA_606,Masaaki Shirakawa,"['Japanese', 'jp', 'ja', 'Japanese language', 'Nihongo', 'jpn']","["" Masaaki Shirakawa's native language is Japanese\nQ: What is Masa""]",ans,1
P103_general_ASIA_608,Hanako Oku,"['Japanese', 'jp', 'ja', 'Japanese language', 'Nihongo', 'jpn']","["" Hanako Oku's native language is Japanese\nQ: What is Hanako Oku'""]",ans,1
P103_general_ASIA_610,Lee Seung-yuop,"['Korean', 'Korean language', 'ko']","["" Lee Seung-yuop's native language is South Korean\nQ: What is Lee""]",ans,1
P103_general_ASIA_612,Yi Mun-yol,"['Korean', 'Korean language', 'ko']","["" Yi Mun-yol's native language is Korean\nQ: What is Yi Mun""]",ans,1
P103_general_ASIA_614,Vanness Wu,"['中文', 'zh_hans', 'Chinese (Simplified)', 'zh-Hans', 'Chinese language', 'Chinese', 'zh', 'Chinese languages', 'Simplified Chinese']","["" Vanness Wu's native language is Taiwanese.\nQ: What is Vanness""]",ans,0
P103_general_ASIA_616,HoYeon Jung,"['Korean', 'Korean language', 'ko']","["" HoYeon Jung's mother tongue is Korean.\nQ: What is the birth name""]",ans,1
P103_general_ASIA_618,Haruomi Hosono,"['Japanese', 'jp', 'ja', 'Japanese language', 'Nihongo', 'jpn']","["" Haruomi Hosono's native language is Japanese\nQ: What is Haruomi""]",ans,1
P103_general_ASIA_620,Changmin,"['Korean', 'Korean language', 'ko']",[' Korean.\nQ: What is the native language of Yunho?\nQ: What is'],ans,1
P103_general_ASIA_622,Akira Sone,"['Japanese', 'jp', 'ja', 'Japanese language', 'Nihongo', 'jpn']","["" Akira Sone's mother tongue is Japanese.\nQ: What is the birth name""]",ans,1
P103_general_ASIA_624,Moon Sung-min,"['Korean', 'Korean language', 'ko']","["" Moon Sung-min's native language is Korean\nQ: What is Moon Sung-""]",ans,1
P103_general_ASIA_626,Kim Jong-in,"['Korean', 'Korean language', 'ko']",[' Korean\nQ: What is the native language of Kim Jong-in?\nA: Korean'],ans,1
P103_general_ASIA_628,Yukihiro Takahashi,"['Japanese', 'jp', 'ja', 'Japanese language', 'Nihongo', 'jpn']","["" Yukihiro Takahashi's native language is Japanese\nQ: What is Yuki""]",ans,1
P103_general_ASIA_630,Naotarō Moriyama,"['Japanese', 'jp', 'ja', 'Japanese language', 'Nihongo', 'jpn']","["" Naotarō Moriyama's native language is Japanese.\nQ: What is Na""]",ans,1
P103_general_ASIA_632,Tetsurō Degawa,"['Japanese', 'jp', 'ja', 'Japanese language', 'Nihongo', 'jpn']","["" Tetsurō Degawa's mother tongue is Japanese.\nQ: What is the""]",ans,1
P103_general_ASIA_634,Ili Cheng,"['中文', 'Chinese language', 'Chinese', 'zh', 'Chinese languages']","["" Ili Cheng's native language is Chinese\nQ: What is Ili Cheng'""]",ans,1
P103_general_ASIA_636,Jang Ki-Yong,"['Korean', 'Korean language', 'ko']","["" Jang Ki-Yong's native language is Korean\nQ: What is Jang Ki""]",ans,1
P103_general_ASIA_638,Jirō Shirasu,"['Japanese', 'jp', 'ja', 'Japanese language', 'Nihongo', 'jpn']","["" Jirō Shirasu's native language is Japanese\nQ: What is Jirō""]",ans,1
P103_general_ASIA_640,Son Ye-jin,"['Korean', 'Korean language', 'ko']","["" Son Ye-jin's native language is Korean\nQ: What is Son Ye-jin'""]",ans,1
P103_general_ASIA_642,Kunio Yanagita,"['Japanese', 'jp', 'ja', 'Japanese language', 'Nihongo', 'jpn']","["" Kunio Yanagita's native language is Japanese\nQ: What is Kunio Yanag""]",ans,1
P103_general_ASIA_644,Kang Jung-ho,"['Korean', 'Korean language', 'ko']","["" Kang Jung-ho's native language is Korean\nQ: What is Kang Jung-""]",ans,1
P103_general_ASIA_646,Chūya Nakahara,"['Japanese', 'jp', 'ja', 'Japanese language', 'Nihongo', 'jpn']","["" Chūya Nakahara's native language is Japanese\nQ: What was Chūya""]",ans,1
P103_general_ASIA_648,Hiroyuki Miyasako,"['Japanese', 'jp', 'ja', 'Japanese language', 'Nihongo', 'jpn']","["" Hiroyuki Miyasako's native language is Japanese\nQ: What is H""]",ans,1
P103_general_ASIA_650,Chang Ya-chung,"['中文', 'Chinese language', 'Chinese', 'zh', 'Chinese languages']","["" Chang Ya-chung's native language is Taiwanese Mandarin.\nQ: What""]",ans,0
P103_general_ASIA_652,Azusa Enoki,"['Japanese', 'jp', 'ja', 'Japanese language', 'Nihongo', 'jpn']","["" Azusa Enoki's native language is Japanese\nQ: What is Azusa Enoki'""]",ans,1
P103_general_ASIA_654,Ken Matsudaira,"['Japanese', 'jp', 'ja', 'Japanese language', 'Nihongo', 'jpn']","["" Ken Matsudaira's mother tongue is Japanese.\nQ: What is the birth""]",ans,1
P103_general_ASIA_656,Namkoong Won,"['Korean', 'Korean language', 'ko']","["" Namkoong Won's mother tongue is Korean.\nQ: What is Namkoong""]",ans,1
P103_general_ASIA_658,Go Nagai,"['Japanese', 'jp', 'ja', 'Japanese language', 'Nihongo', 'jpn']","["" Go Nagai's native language is Japanese.\nQ: What is Go Nagai's""]",ans,1
P103_general_ASIA_660,Airi Kijima,"['Japanese', 'jp', 'ja', 'Japanese language', 'Nihongo', 'jpn']","["" Airi Kijima's mother tongue is Japanese.\nQ: What is the birth name""]",ans,1
P103_general_ASIA_662,Takagi Bū,"['Japanese', 'jp', 'ja', 'Japanese language', 'Nihongo', 'jpn']","["" Takagi Bū's native language is Japanese.\nQ: What is Takagi Bū""]",ans,1
P103_general_ASIA_664,Hitonari Tsuji,"['Japanese', 'jp', 'ja', 'Japanese language', 'Nihongo', 'jpn']","["" Hitonari Tsuji's mother tongue is Japanese.\nQ: What is Hiton""]",ans,1
P103_general_ASIA_666,Misaki Watada,"['Japanese', 'jp', 'ja', 'Japanese language', 'Nihongo', 'jpn']","["" Misaki Watada's mother tongue is Japanese.\nQ: What is the birth name of""]",ans,1
P103_general_ASIA_668,Miki Imai,"['Japanese', 'jp', 'ja', 'Japanese language', 'Nihongo', 'jpn']","["" Miki Imai's mother tongue is Japanese.\nQ: What is the birth name of""]",ans,1
P103_general_ASIA_670,Hyun-jin Ryu,"['Korean', 'Korean language', 'ko']","["" Hyun-jin Ryu's native language is South Korea\nQ: What is Hyun""]",ans,0
P103_general_ASIA_672,Ryusuke Hamaguchi,"['Japanese', 'jp', 'ja', 'Japanese language', 'Nihongo', 'jpn']","["" Ryusuke Hamaguchi's native language is Japanese\nQ: What is Ry""]",ans,1
P103_general_ASIA_674,Park Tae-Hwan,"['Korean', 'Korean language', 'ko']","["" Park Tae-Hwan's native language is South Korean\nQ: What is Park T""]",ans,1
P103_general_ASIA_676,Takashi Shimura,"['Japanese', 'jp', 'ja', 'Japanese language', 'Nihongo', 'jpn']","["" Takashi Shimura's native language is Japanese\nQ: What was Takashi Shim""]",ans,1
P103_general_ASIA_678,Katsuto Momii,"['Japanese', 'jp', 'ja', 'Japanese language', 'Nihongo', 'jpn']","["" Katsuto Momii's mother tongue is Japanese.\nQ: What is the birth""]",ans,1
P103_general_ASIA_680,Reiko Suzuki,"['Japanese', 'jp', 'ja', 'Japanese language', 'Nihongo', 'jpn']","["" Reiko Suzuki's mother tongue is Japanese.\nQ: What is the birth name""]",ans,1
P103_general_ASIA_682,Rob Refsnyder,"['Korean', 'Korean language', 'ko']","["" Rob Refsnyder's native language is N/A.\nQ: What is Rob""]",ans,0
P103_general_ASIA_684,Mitsuyo Kakuta,"['Japanese', 'jp', 'ja', 'Japanese language', 'Nihongo', 'jpn']","["" Mitsuyo Kakuta's native language is Japanese\nQ: What is Mits""]",ans,1
P103_general_ASIA_686,Masami Hisamoto,"['Japanese', 'jp', 'ja', 'Japanese language', 'Nihongo', 'jpn']","["" Masami Hisamoto's mother tongue is Japanese.\nQ: What is the birth name""]",ans,1
P103_general_ASIA_688,Anna Akana,"['en', 'English', 'eng', 'English language']","["" Anna Akana's mother tongue is English.\nQ: What is the birth name of Anna""]",ans,1
P103_general_ASIA_690,Vichai Srivaddhanaprabha,"['Central Thai', 'Siamese language', 'th', 'Siamese', 'Thai language', 'tha', 'Thai']","["" Vichai Srivaddhanaprabha's mother tongue is Thai.\nQ""]",ans,1
P103_general_ASIA_692,Lee Hyo-jung,"['Korean', 'Korean language', 'ko']","["" Lee Hyo-jung's native language is Korean\nQ: What is Lee Hyo""]",ans,1
P103_general_ASIA_694,Ng Man-tat,"['中文', 'Chinese language', 'Chinese', 'zh', 'Chinese languages']","["" Ng Man-tat's mother tongue is Chinese.\nQ: What is Ng Man-tat""]",ans,1
P103_general_ASIA_696,Chi-tʻae Kim,"['Korean', 'Korean language', 'ko']","["" Chi-tʻae Kim's mother tongue is Korean\nQ: What is Chi-t""]",ans,1
P103_general_ASIA_698,Yuri Shiratori,"['Japanese', 'jp', 'ja', 'Japanese language', 'Nihongo', 'jpn']","["" Yuri Shiratori's native language is Japanese\nQ: What is Yuri Shir""]",ans,1
P103_general_ASIA_700,Kim Byeong-ro,"['Korean', 'Korean language', 'ko']","["" Kim Byeong-ro's native language is Korean\nQ: What is Kim Bye""]",ans,1
P103_general_ASIA_702,Jung Sung-ryong,"['Korean', 'Korean language', 'ko']","["" Jung Sung-ryong's native language is Korean\nQ: What is Jung Sung""]",ans,1
P103_general_ASIA_704,Kim Ko-eun,"['Korean', 'Korean language', 'ko']","["" Kim Ko-eun's native language is Korean\nQ: What is Kim Ko-e""]",ans,1
P103_general_ASIA_706,Sion Sono,"['Japanese', 'jp', 'ja', 'Japanese language', 'Nihongo', 'jpn']","["" Sion Sono's native language is Japanese\nQ: What is Sion Sono'""]",ans,1
P103_general_ASIA_708,Yoshida Shōin,"['Japanese', 'jp', 'ja', 'Japanese language', 'Nihongo', 'jpn']",[' Japanese.\nQ: What is the native language of Yoshida Shōin?\nA'],ans,1
P103_general_ASIA_710,Noriyuki Makihara,"['Japanese', 'jp', 'ja', 'Japanese language', 'Nihongo', 'jpn']","["" Noriyuki Makihara's native language is Japanese\nQ: What is Nori""]",ans,1
P103_general_ASIA_712,Choi Jeong,"['Korean', 'Korean language', 'ko']","["" Choi Jeong's native language is Korean\nQ: What is Choi Jeong'""]",ans,1
P103_general_ASIA_714,Hur Jae,"['Korean', 'Korean language', 'ko']","["" Hur Jae's mother tongue is Korean.\nQ: What is the birth name of Hur""]",ans,1
P103_general_ASIA_716,Masaaki Sakai,"['Japanese', 'jp', 'ja', 'Japanese language', 'Nihongo', 'jpn']","["" Masaaki Sakai's native language is Japanese\nQ: What is Masaaki Sak""]",ans,1
P103_general_ASIA_718,Chuu,"['Korean', 'Korean language', 'ko']",[' Chuu is a native speaker of Japanese.\nQ: What is the native language of Ch'],ans,0
P103_general_ASIA_720,Do Kum-bong,"['Korean', 'Korean language', 'ko']","["" Do Kum-bong's native language is Korean.\nQ: What is Do K""]",ans,1
P103_general_ASIA_722,Misia,"['Japanese', 'jp', 'ja', 'Japanese language', 'Nihongo', 'jpn']","["" Misia's native language is Japanese.\nQ: What is Misia's real name""]",ans,1
P103_general_ASIA_724,Lee June-hyoung,"['Korean', 'Korean language', 'ko']","["" Lee June-hyoung's native language is Korean\nQ: What is Lee June-""]",ans,1
P103_general_ASIA_726,Run Run Shaw,"['Wu Chinese', 'wuu', '中文', 'Wu dialects', 'Wu dialect', 'Chinese language', 'Chinese', 'Wuu dialect', 'zh', 'Wu Chinese language', 'Wu language', 'Chinese languages', 'Shanghainese']","["" Run Run Shaw's native language is Chinese\nQ: What is Run Run Shaw's official""]",ans,1
P103_general_ASIA_728,Jung Il-woo,"['Korean', 'Korean language', 'ko']","["" Jung Il-woo's native language is Korean\nQ: What is Jung Il-wo""]",ans,1
P103_general_ASIA_730,Seiichi Morimura,"['Japanese', 'jp', 'ja', 'Japanese language', 'Nihongo', 'jpn']","["" Seiichi Morimura's native language is Japanese\nQ: What is Seiichi""]",ans,1
P103_general_ASIA_732,Namkoong Min,"['Korean', 'Korean language', 'ko']","["" Namkoong Min's mother tongue is Korean.\nQ: What is Namkoong Min""]",ans,1
P103_general_ASIA_734,Hiro Yūki,"['Japanese', 'jp', 'ja', 'Japanese language', 'Nihongo', 'jpn']","["" Hiro Yūki's mother tongue is Japanese.\nQ: What is the birth name""]",ans,1
P103_general_ASIA_736,Nobuyoshi Araki,"['Japanese', 'jp', 'ja', 'Japanese language', 'Nihongo', 'jpn']","["" Nobuyoshi Araki's native language is Japanese\nQ: What is Nobuyoshi Ara""]",ans,1
P103_general_ASIA_738,Etsuko Shihomi,"['Japanese', 'jp', 'ja', 'Japanese language', 'Nihongo', 'jpn']","["" Etsuko Shihomi's mother tongue is Japanese.\nQ: What is the""]",ans,1
P103_general_ASIA_740,"Chikako, Princess Kazu","['Japanese', 'jp', 'ja', 'Japanese language', 'Nihongo', 'jpn']",[' Japanese\nQ: What is the native language of Princess Kiko?\nQ: What is the'],ans,1
P103_general_ASIA_742,Lee Young-ja,"['Korean', 'Korean language', 'ko']","["" Lee Young-ja's mother tongue is Korean\nQ: What is the birth name of Lee""]",ans,1
P103_general_ASIA_744,Kaf,"['Japanese', 'jp', 'ja', 'Japanese language', 'Nihongo', 'jpn']","["" Kaf's native language is English.\nQ: What is Kaf's mother'""]",ans,0
P103_general_ASIA_746,Jang Do-yeon,"['Korean', 'Korean language', 'ko']","["" Jang Do-yeon's native language is Korean\nQ: What is Jang Do""]",ans,1
P103_general_ASIA_748,Oh Seung-hwan,"['Korean', 'Korean language', 'ko']","["" Oh Seung-hwan's native language is South Korea\nQ: What is Oh Se""]",ans,0
P103_general_ASIA_750,Yūji Kaneko,"['Japanese', 'jp', 'ja', 'Japanese language', 'Nihongo', 'jpn']","["" Yūji Kaneko's native language is Japanese\nQ: What is Yūji""]",ans,1
P103_general_ASIA_752,Song Il-kook,"['Korean', 'Korean language', 'ko']","["" Song Il-kook's native language is Korean\nQ: What is Song Il-k""]",ans,1
P103_general_ASIA_754,Kim Ye-lim,"['Korean', 'Korean language', 'ko']","["" Kim Ye-lim's native language is Korean\nQ: What is Kim Ye-lim'""]",ans,1
P103_general_ASIA_756,Lucifer Chu,"['中文', 'Chinese language', 'Chinese', 'zh', 'Chinese languages']","["" Lucifer Chu's mother tongue is Chinese.\nQ: What is the birth name of""]",ans,1
P103_general_ASIA_758,Mohammad Hatta,"['ind', 'Indonesian', 'Indonesian language', 'bahasa Indonesia', 'id', 'Bahasa']","["" Mohammad Hatta's native language is Indonesian\nQ: What is Mohammad""]",ans,1
P103_general_ASIA_760,Park Heong-joon,"['Korean', 'Korean language', 'ko']","["" Park Heong-joon's native language is Korean\nQ: What is Park Heong""]",ans,1
P103_general_ASIA_762,Steven Yeun,"['Korean', 'Korean language', 'ko']","["" Steven Yeun's native language is Korean\nQ: What is the birth name of Steven Ye""]",ans,1
P103_general_ASIA_764,Noe Itō,"['Japanese', 'jp', 'ja', 'Japanese language', 'Nihongo', 'jpn']","["" Noe Itō's mother tongue is Japanese.\nQ: What is the birth name of""]",ans,1
P103_general_ASIA_766,Jaerock Lee,"['Korean', 'Korean language', 'ko']",[' Korean.\nQ: What is the native language of the Manmin News?\nA: Korean'],ans,1
P103_general_ASIA_768,Choi Han,"['Korean', 'Korean language', 'ko']",[' Korean.\nQ: What is the native language of Choi Han?\nA: Korean.'],ans,1
P103_general_ASIA_770,Chan Sung Jung,"['Korean', 'Korean language', 'ko']","["" Chan Sung Jung's native language is Korean\nQ: What is Chan Sung Jung'""]",ans,1
P103_general_ASIA_772,Liu Yifei,"['eng', '中文', 'en', 'English', 'Chinese language', 'Chinese', 'zh', 'Chinese languages', 'English language']",[' Mandarin.\nQ: What is the native language of Donnie Yen?\nQ:'],ans,0
P103_general_ASIA_774,Jang Geonsang,"['Korean', 'Korean language', 'ko']","["" Jang Geonsang's mother tongue is Korean.\nQ: What is the birth name""]",ans,1
P103_general_ASIA_776,Heo Hoon,"['Korean', 'Korean language', 'ko']","["" Heo Hoon's mother tongue is Korean.\nQ: What is the birth name of""]",ans,1
P103_general_ASIA_778,Taichi Kokubun,"['Japanese', 'jp', 'ja', 'Japanese language', 'Nihongo', 'jpn']","["" Taichi Kokubun's native language is Japanese\nQ: What is Taichi K""]",ans,1
P103_general_ASIA_780,Shōjirō Gotō,"['Japanese', 'jp', 'ja', 'Japanese language', 'Nihongo', 'jpn']","["" Shōjirō Gotō's native language is Japanese\nQ: What is Shō""]",ans,1
P103_general_ASIA_782,Etsuko Ichihara,"['Japanese', 'jp', 'ja', 'Japanese language', 'Nihongo', 'jpn']","["" Etsuko Ichihara's native language is Japanese\nQ: What is E""]",ans,1
P103_general_ASIA_784,Ai Haruna,"['Japanese', 'jp', 'ja', 'Japanese language', 'Nihongo', 'jpn']","["" Ai Haruna's mother tongue is Japanese.\nQ: What is the birth name of""]",ans,1
P103_general_ASIA_786,Moon Geun-young,"['Korean', 'Korean language', 'ko']","["" Moon Geun-young's native language is Korean\nQ: What is Moon Geun""]",ans,1
P103_general_ASIA_788,Park So-youn,"['Korean', 'Korean language', 'ko']","["" Park So-youn's mother tongue is Korean\nQ: What is Park So-y""]",ans,1
P103_general_ASIA_790,Hong Jin-Ho,"['Korean', 'Korean language', 'ko']","["" Hong Jin-Ho's native language is Korean\nQ: What is Hong Jin-H""]",ans,1
P103_general_ASIA_792,Nichika Ōmori,"['Japanese', 'jp', 'ja', 'Japanese language', 'Nihongo', 'jpn']","["" Nichika Ōmori's mother tongue is Japanese.\nQ: What is the birth""]",ans,1
P103_general_ASIA_794,Kim Tae-ri,"['Korean', 'Korean language', 'ko']","["" Kim Tae-ri's native language is Korean\nQ: What is Kim Tae-""]",ans,1
P103_general_ASIA_796,Kwon Sang-woo,"['Korean', 'Korean language', 'ko']","["" Kwon Sang-woo's native language is Korean\nQ: What is Kwon Sang""]",ans,1
P103_general_ASIA_798,Rie Tomosaka,"['Japanese', 'jp', 'ja', 'Japanese language', 'Nihongo', 'jpn']","["" Rie Tomosaka's mother tongue is Japanese.\nQ: What is the birth name""]",ans,1
P103_general_ASIA_800,Wong He,"['中文', 'Chinese language', 'Chinese', 'zh', 'Chinese languages']","["" Wong He's native language is Cantonese.\nQ: What is Wong He""]",ans,0
P103_general_ASIA_802,"Nobuhito, Prince Takamatsu","['Japanese', 'jp', 'ja', 'Japanese language', 'Nihongo', 'jpn']","["" Nobuhito, Prince Takamatsu's mother tongue is Japanese\nOther life events of""]",ans,1
P103_general_ASIA_804,Nayeon,"['Korean', 'Korean language', 'ko']","["" Nayeon's native language is Korean.\nQ: What is Nayeon's""]",ans,1
P103_general_ASIA_806,Haruo Satō,"['Japanese', 'jp', 'ja', 'Japanese language', 'Nihongo', 'jpn']","["" Haruo Satō's mother tongue is Japanese.\nQ: What is Haruo Satō""]",ans,1
P103_general_ASIA_808,Lee Hae Chan,"['Korean', 'Korean language', 'ko']","["" Lee Hae Chan's native language is Korean\nQ: What is Lee Hae Chan'""]",ans,1
P103_general_ASIA_810,Lee Hoe-yeong,"['Korean', 'Korean language', 'ko']","["" Lee Hoe-yeong's native language is Korean\nQ: What is Lee Hoe""]",ans,1
P103_general_ASIA_812,Shin Hae-sun,"['Korean', 'Korean language', 'ko']","["" Shin Hae-sun's native language is Korean\nQ: What is the birth name of""]",ans,1
P103_general_ASIA_814,Lang Lang,"['Mandarin', '中文', 'Mandarin Chinese', 'Chinese language', 'Chinese', 'zh', 'Chinese languages']","["" Lang Lang's native language is Chinese\nQ: What is Lang Lang's official website?""]",ans,1
P103_general_ASIA_816,Kim Hee-ae,"['Korean', 'Korean language', 'ko']","["" Kim Hee-ae's native language is Korean\nQ: What is Kim Hee-""]",ans,1
P103_general_ASIA_818,Choi Hong-man,"['Korean', 'Korean language', 'ko']","["" Choi Hong-man's native language is Korean\nQ: What is Choi Hong-""]",ans,1
P103_general_ASIA_820,Jeon Tae-yeol,"['Korean', 'Korean language', 'ko']","["" Jeon Tae-yeol's native language is Korean\nQ: What is Jeon""]",ans,1
P103_general_ASIA_822,Takako Tokiwa,"['Japanese', 'jp', 'ja', 'Japanese language', 'Nihongo', 'jpn']","["" Takako Tokiwa's native language is Japanese\nQ: What is Takako Toki""]",ans,1
P103_general_ASIA_824,Yoo Yeon-seong,"['Korean', 'Korean language', 'ko']","["" Yoo Yeon-seong's native language is Korean\nQ: What is Yoo""]",ans,1
P103_general_ASIA_826,Nako Yabuki,"['Japanese', 'jp', 'ja', 'Japanese language', 'Nihongo', 'jpn']","["" Nako Yabuki's mother tongue is Japanese.\nQ: What is the birth name""]",ans,1
P103_general_ASIA_828,Sammo Hung,"['zh-yue', '中文', 'yueh', 'Yue', 'Chinese language', 'Cantonese', 'Chinese', 'zh', 'Yue Chinese', 'Chinese languages']","["" Sammo Hung's mother tongue is Cantonese.\nQ: What is the birth name""]",ans,1
P103_general_ASIA_830,Sei Ashina,"['Japanese', 'jp', 'ja', 'Japanese language', 'Nihongo', 'jpn']",[' Japanese.\nQ: What is the native language of Sei Ashina?\nA: Japanese'],ans,1
P103_general_ASIA_832,Ra Mi-ran,"['Korean', 'Korean language', 'ko']","["" Ra Mi-ran's native language is Korean\nQ: What is Ra Mi-ran'""]",ans,1
P103_general_ASIA_834,Konoka Matsuda,"['Japanese', 'jp', 'ja', 'Japanese language', 'Nihongo', 'jpn']","["" Konoka Matsuda's mother tongue is Japanese.\nQ: What is Konoka M""]",ans,1
P103_general_ASIA_836,Sakura Miko,"['Japanese', 'jp', 'ja', 'Japanese language', 'Nihongo', 'jpn']",[' Japanese.\nQ: What is the native language of Sakura Miko?\nA: Japanese'],ans,1
P103_general_ASIA_838,Honobu Yonezawa,"['Japanese', 'jp', 'ja', 'Japanese language', 'Nihongo', 'jpn']","["" Honobu Yonezawa's native language is Japanese.\nQ: What is Hon""]",ans,1
P103_general_ASIA_840,Kitarō Nishida,"['Japanese', 'jp', 'ja', 'Japanese language', 'Nihongo', 'jpn']","["" Kitarō Nishida's native language is Japanese\nQ: What was Kitarō""]",ans,1
P103_general_ASIA_842,Chae Myung-shin,"['Korean', 'Korean language', 'ko']","["" Chae Myung-shin's mother tongue is Korean\nQ: What is the birth""]",ans,1
P103_general_ASIA_844,Umeka Shōji,"['Japanese', 'jp', 'ja', 'Japanese language', 'Nihongo', 'jpn']","["" Umeka Shōji's mother tongue is Japanese.\nQ: What is the birth""]",ans,1
P103_general_ASIA_846,Kan Kikuchi,"['Japanese', 'jp', 'ja', 'Japanese language', 'Nihongo', 'jpn']","["" Kan Kikuchi's native language is Japanese\nQ: What is Kan Kikuch""]",ans,1
P103_general_ASIA_848,Kim Sook,"['Korean', 'Korean language', 'ko']","["" Kim Sook's mother tongue is Korean.\nQ: What is Kim Sook's""]",ans,1
P103_general_ASIA_850,Kentaro Ito,"['Japanese', 'jp', 'ja', 'Japanese language', 'Nihongo', 'jpn']",[' The native language of Kentaro Ito is Japanese.\nQ: What is the birthplace of'],ans,1
P103_general_ASIA_852,Rimi Natsukawa,"['Japanese', 'jp', 'ja', 'Japanese language', 'Nihongo', 'jpn']","["" Rimi Natsukawa's native language is Japanese\nQ: What is Rimi N""]",ans,1
P103_general_ASIA_854,Jun Etō,"['Japanese', 'jp', 'ja', 'Japanese language', 'Nihongo', 'jpn']","["" Jun Etō's native language is Japanese\nQ: What is Jun Etō's official""]",ans,1
P103_general_ASIA_856,Jang Jin-young,"['Korean', 'Korean language', 'ko']","["" Jang Jin-young's native language is Korean\nQ: What is Jang Jin""]",ans,1
P103_general_ASIA_858,Chung Woo-taik,"['Korean', 'Korean language', 'ko']","["" Chung Woo-taik's native language is Korean\nQ: What is Chung""]",ans,1
P103_general_ASIA_860,Zo In-sung,"['Korean', 'Korean language', 'ko']","["" Zo In-sung's native language is Korean\nQ: What is Zo In-s""]",ans,1
P103_general_ASIA_862,Kim Sung-Keun,"['Korean', 'Korean language', 'ko']","["" Kim Sung-Keun's native language is Korean\nQ: What is Kim Sung""]",ans,1
P103_general_ASIA_864,Masaoka Shiki,"['Japanese', 'jp', 'ja', 'Japanese language', 'Nihongo', 'jpn']","["" Masaoka Shiki's native language is Japanese\nQ: What is Masaoka Sh""]",ans,1
P103_general_ASIA_866,Bang Si-hyuk,"['Korean', 'Korean language', 'ko']","["" Bang Si-hyuk's native language is Korean\nQ: What is Bang Si-hy""]",ans,1
P103_general_ASIA_868,Kazuko Hosoki,"['Japanese', 'jp', 'ja', 'Japanese language', 'Nihongo', 'jpn']","["" Kazuko Hosoki's mother tongue is Japanese.\nQ: What is the birth""]",ans,1
P103_general_ASIA_870,Noriko Horiuchi,"['Japanese', 'jp', 'ja', 'Japanese language', 'Nihongo', 'jpn']","["" Noriko Horiuchi's native language is Japanese\nQ: What is Noriko H""]",ans,1
P103_general_ASIA_872,Cha Seung-won,"['Korean', 'Korean language', 'ko']","["" Cha Seung-won's native language is Korean\nQ: What is Cha Seung-""]",ans,1
P103_general_ASIA_874,Ryū Murakami,"['Japanese', 'jp', 'ja', 'Japanese language', 'Nihongo', 'jpn']","["" Ryū Murakami's native language is Japanese\nQ: What is Ryū Murak""]",ans,1
P103_general_ASIA_876,Yūya Hirose,"['Japanese', 'jp', 'ja', 'Japanese language', 'Nihongo', 'jpn']","["" Yūya Hirose's native language is Japanese.\nQ: What is Yū""]",ans,1
P103_general_ASIA_878,Jung Woong-in,"['Korean', 'Korean language', 'ko']","["" Jung Woong-in's native language is Korean\nQ: What is Jung Woong-""]",ans,1
P103_general_ASIA_880,Jung So-min,"['Korean', 'Korean language', 'ko']","["" Jung So-min's mother tongue is Korean.\nQ: What is the birth name of""]",ans,1
P103_general_ASIA_882,Yuki Uchida,"['Japanese', 'jp', 'ja', 'Japanese language', 'Nihongo', 'jpn']","["" Yuki Uchida's native language is Japanese\nQ: What is Yuki Uch""]",ans,1
P103_general_ASIA_884,Inukai Tsuyoshi,"['Japanese', 'jp', 'ja', 'Japanese language', 'Nihongo', 'jpn']","["" Inukai Tsuyoshi's mother tongue is Japanese.\nQ: What is the""]",ans,1
P103_general_ASIA_886,Pyo Chang-won,"['Korean', 'Korean language', 'ko']","["" Pyo Chang-won's native language is Korean\nQ: What is Pyo Ch""]",ans,1
P103_general_ASIA_888,Jo Bo-ah,"['Korean', 'Korean language', 'ko']","["" Jo Bo-ah's native language is Korean\nQ: What is Jo Bo-ah'""]",ans,1
P103_general_ASIA_890,Go Seigen,"['中文', 'Chinese language', 'Chinese', 'zh', 'Chinese languages']","[' Go Seigen was born in China, but he moved to Japan when he was 10 years']",ans,0
P103_general_ASIA_892,Masahiro Motoki,"['Japanese', 'jp', 'ja', 'Japanese language', 'Nihongo', 'jpn']","["" Masahiro Motoki's mother tongue is Japanese.\nQ: What is the birth name""]",ans,1
P103_general_ASIA_894,Lee Eun-ju,"['Korean', 'Korean language', 'ko']","["" Lee Eun-ju's native language is Korean\nQ: What was Lee Eun-""]",ans,1
P103_general_ASIA_896,Margaret MacNeil,"['en', 'English', 'eng', 'English language']","["" Margaret MacNeil's native language is English\nQ: What is Margaret MacNeil'""]",ans,1
P103_general_ASIA_898,Lim Yo-hwan,"['Korean', 'Korean language', 'ko']","["" Lim Yo-hwan's native language is Korean\nQ: What is Lim Yo""]",ans,1
P103_general_ASIA_900,Se-ri Pak,"['Korean', 'Korean language', 'ko']","["" Se-ri Pak's native language is Korean\nQ: What is Se-ri Pak'""]",ans,1
P103_general_ASIA_902,Tatsuhiko Shibusawa,"['Japanese', 'jp', 'ja', 'Japanese language', 'Nihongo', 'jpn']","["" Tatsuhiko Shibusawa's native language is Japanese\nQ: What is Tats""]",ans,1
P103_general_ASIA_904,Kondō Isami,"['Japanese', 'jp', 'ja', 'Japanese language', 'Nihongo', 'jpn']",[' Kondō Isami was born in the Tama area of Musashi Province (now Tokyo).'],ans,0
P103_general_ASIA_906,Cung Le,"['en', 'English', 'eng', 'English language']","["" Cung Le's native language is Vietnamese.\nQ: What is Cung Le'""]",ans,0
P103_general_ASIA_908,Son Yeon-jae,"['Korean', 'Korean language', 'ko']","["" Son Yeon-jae's native language is Korean\nQ: What is Son Yeon""]",ans,1
P103_general_ASIA_910,Ryō Ichiriki,"['Japanese', 'jp', 'ja', 'Japanese language', 'Nihongo', 'jpn']","["" Ryō Ichiriki's native language is Japanese.\nQ: What is Ryō""]",ans,1
P103_general_ASIA_912,Shota Shimizu,"['Japanese', 'jp', 'ja', 'Japanese language', 'Nihongo', 'jpn']","["" Shota Shimizu's native language is Japanese\nQ: What is Shota Sh""]",ans,1
P103_general_ASIA_914,Tomoko Tabata,"['Japanese', 'jp', 'ja', 'Japanese language', 'Nihongo', 'jpn']","["" Tomoko Tabata's native language is Japanese\nQ: What is Tomoko Tabata'""]",ans,1
P103_general_ASIA_916,Yuta Nakamoto,"['Japanese', 'jp', 'ja', 'Japanese language', 'Nihongo', 'jpn']","["" Yuta Nakamoto's native language is Japanese\nQ: What is Yuta Nakam""]",ans,1
P103_general_ASIA_918,Kwon Soon-woo,"['Korean', 'Korean language', 'ko']","["" Kwon Soon-woo's native language is Korean\nQ: What is Kwon""]",ans,1
P103_general_ASIA_920,Byung-hyun Kim,"['Korean', 'Korean language', 'ko']","["" Byung-hyun Kim's native language is Korean\nQ: What is Byung-""]",ans,1
P103_general_ASIA_922,Eitarō Ozawa,"['Japanese', 'jp', 'ja', 'Japanese language', 'Nihongo', 'jpn']","["" Eitarō Ozawa's native language is Japanese\nQ: What is Eitarō""]",ans,1
P103_general_ASIA_924,Yoo In-na,"['Korean', 'Korean language', 'ko']","["" Yoo In-na's native language is Korean\nQ: What is the birth name of""]",ans,1
P103_general_ASIA_926,Nakahama Manjirō,"['Japanese', 'jp', 'ja', 'Japanese language', 'Nihongo', 'jpn']",[' Japanese\nQ: What is the native language of Nakahama Manjirō?\nA'],ans,1
P103_general_ASIA_928,Lee Bo-young,"['Korean', 'Korean language', 'ko']","["" Lee Bo-young's native language is Korean\nQ: What is the birth name of""]",ans,1
P103_general_ASIA_930,Lee Sun-bin,"['Korean', 'Korean language', 'ko']","["" Lee Sun-bin's native language is Korean\nQ: What is the birth name of Lee""]",ans,1
P103_general_ASIA_932,Kōtarō Isaka,"['Japanese', 'jp', 'ja', 'Japanese language', 'Nihongo', 'jpn']","["" Kōtarō Isaka's native language is Japanese\nQ: What is Kōtar""]",ans,1
P103_general_ASIA_934,Apollo Chen,"['中文', 'Chinese language', 'Chinese', 'zh', 'Chinese languages']","["" Apollo Chen's mother tongue is Chinese.\nQ: What is the birth name of Apol""]",ans,1
P103_general_ASIA_936,Park Yeon-mi,"['Korean', 'Korean language', 'ko']","["" Park Yeon-mi's native language is Korean\nQ: What is Park Yeon-""]",ans,1
P103_general_ASIA_938,Kim Won-hae,"['Korean', 'Korean language', 'ko']","["" Kim Won-hae's native language is Korean\nQ: What is Kim Won""]",ans,1
P103_general_ASIA_940,Tzuyu,"['Mandarin', '中文', 'Mandarin Chinese', 'Chinese language', 'Chinese', 'zh', 'Chinese languages']","["" Tzuyu's native language is Mandarin.\nQ: What is Tzuy""]",ans,1
P103_general_ASIA_942,Lee Chang-dong,"['Korean', 'Korean language', 'ko']","["" Lee Chang-dong's native language is South Korea\nQ: What is Lee Ch""]",ans,0
P103_general_ASIA_944,Jirō Nitta,"['Japanese', 'jp', 'ja', 'Japanese language', 'Nihongo', 'jpn']","["" Jirō Nitta's native language is Japanese\nQ: What is Jirō""]",ans,1
P103_general_ASIA_946,Kota Mizunuma,"['Japanese', 'jp', 'ja', 'Japanese language', 'Nihongo', 'jpn']","["" Kota Mizunuma's mother tongue is Japanese\nQ: What is the birth name""]",ans,1
P103_general_ASIA_948,Park Na-rae,"['Korean', 'Korean language', 'ko']","["" Park Na-rae's mother tongue is Korean.\nQ: What is Park Na-""]",ans,1
P103_general_ASIA_950,Light Yagami,"['Japanese', 'jp', 'ja', 'Japanese language', 'Nihongo', 'jpn']",[' Japanese\nQ: What is the name of the Death Note character who is the second Kira?'],ans,1
P103_general_ASIA_952,Jin Goo,"['Korean', 'Korean language', 'ko']","["" Jin Goo's mother tongue is Korean.\nQ: What is the birth name of Jin""]",ans,1
P103_general_ASIA_954,Yuh Woon-hong,"['Korean', 'Korean language', 'ko']","["" Yuh Woon-hong's native language is Korean\nQ: What is Yuh""]",ans,1
P103_general_ASIA_956,Kim Ki-jung,"['Korean', 'Korean language', 'ko']","["" Kim Ki-jung's native language is Korean\nQ: What is Kim Ki-j""]",ans,1
P103_general_ASIA_958,Heo Sung-tae,"['Korean', 'Korean language', 'ko']","["" Heo Sung-tae's native language is Korean\nQ: What is Heo""]",ans,1
P103_general_ASIA_960,Lee Jong-chan,"['Korean', 'Korean language', 'ko']","["" Lee Jong-chan's native language is Korean\nQ: What is Lee Jong-""]",ans,1
P103_general_ASIA_962,Jeong Ju-yung,"['Korean', 'Korean language', 'ko']","["" Jeong Ju-yung's native language is Korean\nQ: What is Jeong Ju""]",ans,1
P103_general_ASIA_964,Atsuo Nakamura,"['Japanese', 'jp', 'ja', 'Japanese language', 'Nihongo', 'jpn']","["" Atsuo Nakamura's native language is Japanese\nQ: What is Atsuo""]",ans,1
P103_general_ASIA_966,Sumire Nakamura,"['Japanese', 'jp', 'ja', 'Japanese language', 'Nihongo', 'jpn']","["" Sumire Nakamura's native language is Japanese\nQ: What is Sumire Nakam""]",ans,1
P103_general_ASIA_968,Kim Ji-won,"['Korean', 'Korean language', 'ko']","["" Kim Ji-won's native language is Korean\nQ: What is Kim Ji-won'""]",ans,1
P103_general_ASIA_970,Nozomi Tsuji,"['Japanese', 'jp', 'ja', 'Japanese language', 'Nihongo', 'jpn']","["" Nozomi Tsuji's mother tongue is Japanese.\nQ: What is the birth""]",ans,1
P103_general_ASIA_972,Yamamoto Gonnohyōe,"['Japanese', 'jp', 'ja', 'Japanese language', 'Nihongo', 'jpn']","["" Yamamoto Gonnohyōe's native language is Japanese\nQ: What is""]",ans,1
P103_general_ASIA_974,Nao Ōmori,"['Japanese', 'jp', 'ja', 'Japanese language', 'Nihongo', 'jpn']","["" Nao Ōmori's native language is Japanese\nQ: What is Nao ""]",ans,1
P103_general_ASIA_976,Maria Ozawa,"['Japanese', 'jp', 'ja', 'Japanese language', 'Nihongo', 'jpn']","["" Maria Ozawa's native language is Japanese\nQ: What is Maria Ozawa'""]",ans,1
P103_general_ASIA_978,Rina Fujisawa,"['Japanese', 'jp', 'ja', 'Japanese language', 'Nihongo', 'jpn']","["" Rina Fujisawa's native language is Japanese\nQ: What is Rina F""]",ans,1
P103_general_ASIA_980,Kim Seul-ki,"['Korean', 'Korean language', 'ko']","["" Kim Seul-ki's mother tongue is Korean.\nQ: What is Kim Seul""]",ans,1
P103_general_ASIA_982,Ahn Jung-hwan,"['Korean', 'Korean language', 'ko']","["" Ahn Jung-hwan's native language is Korean\nQ: What is Ahn Jung""]",ans,1
P103_general_ASIA_984,Choo Shin-soo,"['Korean', 'Korean language', 'ko']",[' Korean\nQ: What is the native language of Choo Shin-soo?\nA:'],ans,1
P103_general_ASIA_986,Hwang Sun-hong,"['Korean', 'Korean language', 'ko']","["" Hwang Sun-hong's native language is Korean\nQ: What is Hw""]",ans,1
P103_general_ASIA_988,Kyōhei Shibata,"['Japanese', 'jp', 'ja', 'Japanese language', 'Nihongo', 'jpn']","["" Kyōhei Shibata's native language is Japanese\nQ: What is Kyō""]",ans,1
P103_general_ASIA_990,Tomihiko Morimi,"['Japanese', 'jp', 'ja', 'Japanese language', 'Nihongo', 'jpn']","["" Tomihiko Morimi's native language is Japanese\nQ: What is Tomihiko Mor""]",ans,1
P103_general_ASIA_992,Angela Aki,"['Japanese', 'jp', 'ja', 'Japanese language', 'Nihongo', 'jpn']","["" Angela Aki's native language is Japanese\nQ: What is Angela Aki'""]",ans,1
P103_general_ASIA_994,Yu In-chon,"['Korean', 'Korean language', 'ko']",[' The native language of Yu In-chon is Korean.\nQ: What is the birth name'],ans,1
P103_general_ASIA_996,Lee Seok-ki,"['Korean', 'Korean language', 'ko']","["" Lee Seok-ki's native language is Korean\nQ: What is Lee Seok-""]",ans,1
P103_general_ASIA_998,Hijikata Toshizō,"['Japanese', 'jp', 'ja', 'Japanese language', 'Nihongo', 'jpn']","["" Hijikata Toshizō's native language is Japanese\nQ: What is Hijik""]",ans,1
