﻿uuid,sub_label,obj_label,choices,ans_type,acc
P1303_general_ASIA_0,Kana Hanazawa,"['voice', 'vocals', 'singing voice']","["" She plays the piano.\nQ: What is Kana Hanazawa's favorite food?""]",ans,0
P1303_general_ASIA_2,Saori Hayami,"['voice', 'vocals', 'singing voice']","["" She plays the piano.\nQ: What is Saori Hayami's favorite food?\n""]",ans,0
P1303_general_ASIA_4,Nana Mizuki,"['Electone', 'clavier', 'singing voice', 'organ', 'voice', 'vocals', 'keyboard instrument']","["" Nana Mizuki plays the piano.\nQ: What is Nana Mizuki'""]",ans,0
P1303_general_ASIA_6,Yōko Hikasa,"['bass', 'singing voice', 'voice', 'vocals', 'guitar', 'bass guitar']",[' The violin.\nQ: What is the name of the song that plays during the ending cred'],ans,0
P1303_general_ASIA_8,Rie Kugimiya,"['voice', 'vocals', 'singing voice']","["" The piano.\nQ: What is Rie Kugimiya's favorite food?\n""]",ans,0
P1303_general_ASIA_10,Yūki Kaji,"['voice', 'vocals', 'singing voice']",[' He plays the piano.\nQ: What is Yūki Kaji’s favorite food'],ans,0
P1303_general_ASIA_12,Yui Horie,"['voice', 'vocals', 'singing voice']","["" She plays the piano.\nQ: What is Yui Horie's blood type?\n""]",ans,0
P1303_general_ASIA_14,Bhumibol Adulyadej,"['natural trumpet', 'woodwind instrument', 'B♭ trumpet', 'guitar', 'saxophone', 'fortepiano', 'pianoforte', 'trumpet', 'spinet', 'Bb trumpet', 'piano', 'woodwind instruments', 'valve trumpet', 'keyboard instrument', 'spinnet', 'slide trumpet', 'clarinet', 'woodwind', 'B-flat trumpet', 'woodwinds', 'clavier', 'concert grand piano', 'sax']",[' The saxophone.\nQ: What is the name of the Thai national anthem'],ans,1
P1303_general_ASIA_16,Siti Nurhaliza,"['voice', 'vocals', 'singing voice']",[' Siti Nurhaliza plays Vocals.\nQ: What is Siti Nurhaliza'],ans,1
P1303_general_ASIA_18,Aoi Yūki,"['voice', 'vocals', 'singing voice']",[' She plays the piano.\nQ: What is the name of the song that plays in the background'],ans,0
P1303_general_ASIA_20,Daisuke Ono,"['voice', 'vocals', 'singing voice']","["" He plays the guitar.\nQ: What is Daisuke Ono's favorite food""]",ans,0
P1303_general_ASIA_22,Jun Fukuyama,"['voice', 'vocals', 'singing voice']","["" He plays the guitar.\nQ: What is Jun Fukuyama's favorite food?""]",ans,0
P1303_general_ASIA_24,Yoshimasa Hosoya,"['voice', 'vocals', 'singing voice']",[' He plays the guitar.\nQ: What is the name of the song that plays during the ending'],ans,0
P1303_general_ASIA_26,Kenichi Suzumura,"['voice', 'vocals', 'singing voice']",[' Kenichi Suzumura plays the Piano.\nQ: What is Kenichi Suz'],ans,0
P1303_general_ASIA_28,Masaharu Fukuyama,"['voice', 'vocals', 'guitar', 'singing voice']",[' Masaharu Fukuyama plays Guitar.\nQ: What is Masaharu Fu'],ans,1
P1303_general_ASIA_30,Tomokazu Seki,"['voice', 'vocals', 'singing voice']",[' The piano.\nQ: What is the name of the song that plays during the ending credits'],ans,0
P1303_general_ASIA_32,Susumu Hirasawa,['guitar'],"[' He plays the guitar, the piano, the synthesizer, the bass, the drums, the']",ans,1
P1303_general_ASIA_34,Yui Ogura,"['voice', 'vocals', 'singing voice']","["" She plays the piano.\nQ: What is Yui Ogura's favorite food?\n""]",ans,0
P1303_general_ASIA_36,Takehito Koyasu,"['voice', 'vocals', 'singing voice']","["" The piano.\nQ: What is Takehito Koyasu's favorite food?""]",ans,0
P1303_general_ASIA_38,Andy Lau,"['voice', 'vocals', 'singing voice']",[' The piano.\nQ: What is the name of the song that Andy Lau sings in the'],ans,0
P1303_general_ASIA_40,Asami Imai,"['voice', 'vocals', 'singing voice']","["" She plays the piano.\nQ: What is Asami Imai's favorite food?\n""]",ans,0
P1303_general_ASIA_42,Ayana Taketatsu,"['voice', 'vocals', 'guitar', 'singing voice']",[' She plays the piano.\nQ: What is the name of the song that plays during the ending'],ans,0
P1303_general_ASIA_44,Ai Kayano,"['voice', 'vocals', 'singing voice']","["" She plays the piano.\nQ: What is Ai Kayano's favorite food?\n""]",ans,0
P1303_general_ASIA_46,Nao Tōyama,"['voice', 'vocals', 'singing voice']",[' She plays the piano.\nQ: What is the name of the song that Nao Tō'],ans,0
P1303_general_ASIA_48,Tetsuya Komuro,"['singing voice', 'guitar', 'pianoforte', 'fortepiano', 'spinet', 'synthesizer', 'keytar', 'voice', 'piano', 'keyboard instrument', 'musical synthesizer', 'electronic keyboard', 'sound synthesizer', 'spinnet', 'synth', 'vocals', 'clavier', 'synthesiser', 'concert grand piano', 'Korg RK-100 Keytar']",[' Keyboard\nQ: What is the name of the song that Tetsuya Komuro wrote'],ans,0
P1303_general_ASIA_50,Jolin Tsai,"['voice', 'vocals', 'singing voice']","["" Jolin Tsai plays Vocals.\nQ: What is Jolin Tsai's""]",ans,1
P1303_general_ASIA_52,Kikuko Inoue,"['voice', 'vocals', 'singing voice']",[' She plays the piano.\nQ: What is the name of the song that plays during the ending'],ans,0
P1303_general_ASIA_54,Marina Inoue,"['voice', 'vocals', 'singing voice']","["" Marina Inoue plays the Piano.\nQ: What is Marina Inoue's""]",ans,0
P1303_general_ASIA_56,Kanna Hashimoto,"['voice', 'vocals', 'singing voice']",[' Kanna Hashimoto plays the drums.\nQ: What is Kanna Hashimoto’'],ans,0
P1303_general_ASIA_58,Minori Chihara,"['voice', 'vocals', 'guitar', 'singing voice']","["" Minori Chihara plays the guitar.\nQ: What is Minori Chihara'""]",ans,1
P1303_general_ASIA_60,Yun Hyon-seok,"['voice', 'vocals', 'singing voice']","[' He plays the gayageum, a traditional Korean string instrument.\nQ: What is the name']",ans,0
P1303_general_ASIA_62,Wataru Hatano,"['voice', 'vocals', 'singing voice']",[' He plays the guitar.\nQ: What is the name of the song that plays during the ending'],ans,0
P1303_general_ASIA_64,Yūki Ono,"['voice', 'vocals', 'singing voice']",[' Yūki Ono plays the guitar.\nQ: What is the name of the band that'],ans,0
P1303_general_ASIA_66,Mayumi Iizuka,"['voice', 'vocals', 'singing voice']",[' She plays the piano.\nQ: What is the name of the song that plays during the ending'],ans,0
P1303_general_ASIA_68,Shōgo Hamada,"['voice', 'vocals', 'guitar', 'singing voice']",[' Shōgo Hamada plays the bass guitar.\nQ: What instrument does Yūsuke'],ans,1
P1303_general_ASIA_70,Ayaka Ōhashi,"['trap set', 'percussions', 'drum kit', 'drum-kit', 'singing voice', 'voice', 'vocals', 'percussion instrument', 'drum set', 'traps', 'drums', 'drum-set', 'percussion instruments']",[' The violin.\nQ: What is the name of the song that plays during the opening cred'],ans,0
P1303_general_ASIA_72,Hiroko Yakushimaru,"['voice', 'vocals', 'singing voice']",[' The violin.\nQ: What is the name of the song that plays during the credits'],ans,0
P1303_general_ASIA_74,Showtaro Morikubo,"['voice', 'vocals', 'singing voice']",[' He plays the piano.\nQ: What is the name of the song that plays during the ending'],ans,0
P1303_general_ASIA_76,Kana Ueda,"['voice', 'vocals', 'singing voice']",[' Kana Ueda plays the piano.\nQ: What is the name of the song that plays'],ans,0
P1303_general_ASIA_78,Kana Asumi,"['voice', 'vocals', 'singing voice']",[' The violin.\nQ: What is the name of the song that plays during the ending cred'],ans,0
P1303_general_ASIA_80,Tsuyoshi Kusanagi,"['voice', 'vocals', 'singing voice']",[' He plays the guitar.\nQ: What is the name of the band that Tsuyoshi'],ans,0
P1303_general_ASIA_82,Shizuka Itō,"['voice', 'vocals', 'singing voice']",[' She plays the piano.\nQ: What is the name of the song that plays during the ending'],ans,0
P1303_general_ASIA_84,Yū Kobayashi,"['voice', 'vocals', 'singing voice']",[' She plays the piano.\nQ: What is the name of the song that plays in the background'],ans,0
P1303_general_ASIA_86,Kelly Chen,"['voice', 'vocals', 'singing voice']",[' The piano.\nQ: What is the name of the song that Kelly Chen sang in the movie'],ans,0
P1303_general_ASIA_88,Leeteuk,"['spinet', 'clavier', 'concert grand piano', 'singing voice', 'voice', 'vocals', 'piano', 'pianoforte', 'fortepiano', 'keyboard instrument', 'spinnet']","["" Leeteuk plays the piano.\nQ: What is Leeteuk's favorite color?""]",ans,1
P1303_general_ASIA_90,G-Dragon,"['voice', 'vocals', 'singing voice']","["" G-Dragon plays the piano.\nQ: What is G-Dragon's favorite""]",ans,0
P1303_general_ASIA_92,Masakazu Morita,"['voice', 'vocals', 'singing voice']",[' He plays the guitar.\nQ: What is the name of the band that Masakazu Mor'],ans,0
P1303_general_ASIA_94,Hibari Misora,"['voice', 'vocals', 'singing voice']",[' The shamisen.\nQ: What is the name of the Japanese national anthem?\n'],ans,0
P1303_general_ASIA_96,Yoko Ono,"['spinet', 'clavier', 'concert grand piano', 'singing voice', 'voice', 'vocals', 'piano', 'pianoforte', 'fortepiano', 'keyboard instrument', 'spinnet']",[' The squeaky floorboard.\nQ: What do you call a musician without a'],ans,0
P1303_general_ASIA_98,Regine Velasquez,"['voice', 'vocals', 'singing voice']",[' Regine Velasquez plays Vocals.\nQ: What is Regine Velasquez'],ans,1
P1303_general_ASIA_100,Rena Matsui,"['trumpet', 'slide trumpet', 'natural trumpet', 'singing voice', 'Bb trumpet', 'voice', 'vocals', 'B♭ trumpet', 'B-flat trumpet', 'valve trumpet']","["" Rena plays the piano.\nQ: What is Rena Matsui's favorite color?\n""]",ans,0
P1303_general_ASIA_102,Raymond Lam,"['spinet', 'clavier', 'concert grand piano', 'singing voice', 'voice', 'vocals', 'piano', 'pianoforte', 'fortepiano', 'keyboard instrument', 'spinnet']","["" Raymond Lam plays the piano.\nQ: What is Raymond Lam's favorite color?\nA""]",ans,1
P1303_general_ASIA_104,Ami Koshimizu,"['voice', 'vocals', 'singing voice']","["" The piano.\nQ: What is Ami Koshimizu's favorite food?""]",ans,0
P1303_general_ASIA_106,Aska,"['voice', 'vocals', 'guitar', 'singing voice']",[' Aska plays the violin.\nQ: What is the name of the song that Aska'],ans,0
P1303_general_ASIA_108,Son Tung M-TP,"['spinet', 'clavier', 'concert grand piano', 'singing voice', 'voice', 'vocals', 'piano', 'pianoforte', 'fortepiano', 'keyboard instrument', 'spinnet']",[' Son Tung M-TP plays the piano.\nQ: What is the name of Son T'],ans,1
P1303_general_ASIA_110,Kenji Nojima,"['voice', 'vocals', 'singing voice']",[' Kenji Nojima plays the Piano.\nQ: What is Kenji Nojima'],ans,0
P1303_general_ASIA_112,Sora Tokui,"['voice', 'vocals', 'singing voice']",[' Sora Tokui plays the piano.\nQ: What is the name of the song that plays'],ans,0
P1303_general_ASIA_114,Shō Hayami,"['voice', 'vocals', 'singing voice']",[' The guitar.\nQ: What is the name of the song that plays during the ending credits'],ans,0
P1303_general_ASIA_116,Hiromi Go,"['voice', 'vocals', 'singing voice']","["" Hiromi Go plays the piano.\nQ: What is Hiromi Go's real name?""]",ans,0
P1303_general_ASIA_118,Sōichirō Hoshi,"['voice', 'vocals', 'singing voice']","["" He plays the piano.\nQ: What is Sōichirō Hoshi's favorite""]",ans,0
P1303_general_ASIA_120,Hisako Kanemoto,"['voice', 'vocals', 'singing voice']",[' She plays the piano.\nQ: What is the name of the song that plays in the background'],ans,0
P1303_general_ASIA_122,Yuka Iguchi,"['voice', 'vocals', 'singing voice']",[' She plays the piano.\nQ: What is the name of the song that plays during the ending'],ans,0
P1303_general_ASIA_124,Ken Takakura,"['voice', 'vocals', 'singing voice']","[' The shakuhachi, a Japanese bamboo flute.\nQ: What is']",ans,0
P1303_general_ASIA_126,Jacky Wu,"['voice', 'vocals', 'singing voice']","["" Jacky Wu plays the piano.\nQ: What is Jacky Wu's favorite color?""]",ans,0
P1303_general_ASIA_128,Enako,"['voice', 'vocals', 'singing voice']","["" Enako plays the piano.\nQ: What is Enako's favorite food?\nA""]",ans,0
P1303_general_ASIA_130,Romi Park,"['voice', 'vocals', 'singing voice']",[' The piano.\nQ: What is the name of the song that plays during the ending credits'],ans,0
P1303_general_ASIA_132,Fiona Sit,"['voice', 'vocals', 'singing voice']","["" Fiona Sit plays the piano.\nQ: What is Fiona Sit's official fan club""]",ans,0
P1303_general_ASIA_134,Yoshino Nanjō,"['singing voice', 'soprano', 'voice', 'vocals', 'soprano lirica']",[' The violin.\nQ: What is the name of the song that plays during the ending cred'],ans,0
P1303_general_ASIA_136,Reina Tanaka,"['voice', 'vocals', 'singing voice']",[' Reina Tanaka plays the drums.\nQ: What is the name of the song that plays'],ans,0
P1303_general_ASIA_138,Atsuko Maeda,"['voice', 'vocals', 'singing voice']","["" She plays the piano.\nQ: What is Atsuko Maeda's favorite color""]",ans,0
P1303_general_ASIA_140,Tomoyasu Hotei,['guitar'],[' Guitar\nQ: What is the name of the song that plays during the end credits?'],ans,1
P1303_general_ASIA_142,Asami Shimoda,"['voice', 'vocals', 'singing voice']",[' She plays the piano.\nQ: What is the name of the song that plays during the ending'],ans,0
P1303_general_ASIA_144,Yumi Matsutoya,"['spinet', 'clavier', 'concert grand piano', 'singing voice', 'voice', 'vocals', 'piano', 'pianoforte', 'fortepiano', 'keyboard instrument', 'spinnet']",[' Piano.\nQ: What is the name of the song that Yumi Matsutoya'],ans,1
P1303_general_ASIA_146,Emi Nitta,"['voice', 'vocals', 'singing voice']",[' The piano.\nQ: What is the name of the song that plays during the ending credits'],ans,0
P1303_general_ASIA_148,Tatsurō Yamashita,"['voice', 'vocals', 'guitar', 'singing voice']",[' Guitar\nQ: What is the name of the band that Tatsurō Yamashita'],ans,1
P1303_general_ASIA_150,Kishō Taniyama,"['voice', 'vocals', 'singing voice']",[' Kishō Taniyama plays the guitar.\nQ: What is the name of the'],ans,0
P1303_general_ASIA_152,Tomohisa Yamashita,"['voice', 'vocals', 'singing voice']",[' He plays the piano.\nQ: What is the name of the band that Tomohisa Yam'],ans,0
P1303_general_ASIA_154,Ringo Sheena,"['pianica', 'woodwinds', 'samisen', 'blow-organ', 'sangen', 'melodica', 'woodwind instrument', 'sō', 'key-flute', 'shamisen', 'woodwind', 'guitar', 'woodwind instruments', 'koto']",[' She plays the piano.\nQ: What is the name of the band that Ringo Sheena'],ans,0
P1303_general_ASIA_156,Akihito,"['violoncello', 'cello', 'bass violin']",[' He plays the guitar.\nQ: What is the name of the band that Akihito is'],ans,0
P1303_general_ASIA_158,Kotono Mitsuishi,"['voice', 'vocals', 'singing voice']",[' The piano.\nQ: What is the name of the song that plays during the ending credits'],ans,0
P1303_general_ASIA_160,Leo Ku,"['voice', 'vocals', 'singing voice']",[' Leo Ku plays the piano.\nQ: What is the name of the song that Leo Ku sang'],ans,0
P1303_general_ASIA_162,Junko Noda,"['voice', 'vocals', 'singing voice']",[' She plays the violin.\nQ: What is the name of the song that plays during the'],ans,0
P1303_general_ASIA_164,Kizuna AI,"['voice', 'vocals', 'singing voice']",[' Kizuna AI plays the piano.\nQ: What is Kizuna AI’'],ans,0
P1303_general_ASIA_166,Tsuyoshi Domoto,"['voice', 'vocals', 'guitar', 'singing voice']","["" Tsuyoshi plays the guitar.\nQ: What is Tsuyoshi Domoto'""]",ans,1
P1303_general_ASIA_168,Tsuyoshi Nagabuchi,"['voice', 'vocals', 'guitar', 'singing voice']",[' Guitar\nQ: What is the name of the song that Tsuyoshi Nagabuch'],ans,1
P1303_general_ASIA_170,Aimer,"['spinet', 'clavier', 'concert grand piano', 'singing voice', 'voice', 'vocals', 'piano', 'pianoforte', 'fortepiano', 'keyboard instrument', 'spinnet']","["" Aimer plays the piano.\nQ: What is Aimer's favorite color?\nA""]",ans,1
P1303_general_ASIA_172,Rino Sashihara,"['singing voice', 'voice', 'trombone', 'vocals', 'slide trombone']",[' She plays the piano.\nQ: What is the name of the group that Rino Sash'],ans,0
P1303_general_ASIA_174,Ayahi Takagaki,"['voice', 'vocals', 'singing voice']",[' Ayahi Takagaki plays the piano.\nQ: What is Ayahi Takag'],ans,0
P1303_general_ASIA_176,Senichi Hoshino,"['voice', 'vocals', 'singing voice']",[' The violin.\nQ: What is the name of the song that plays during the credits'],ans,0
P1303_general_ASIA_178,Toshiyuki Toyonaga,"['voice', 'vocals', 'singing voice']",[' He plays the guitar.\nQ: What is the name of the song that plays during the ending'],ans,0
P1303_general_ASIA_180,Taeyeon,"['spinet', 'clavier', 'concert grand piano', 'singing voice', 'voice', 'vocals', 'piano', 'pianoforte', 'fortepiano', 'keyboard instrument', 'spinnet']","["" She plays the piano.\nQ: What is Taeyeon's favorite color?\n""]",ans,1
P1303_general_ASIA_182,Tetsuya,"['bass', 'singing voice', 'voice', 'vocals', 'guitar', 'bass guitar']",[' Tetsuya plays the bass guitar.\nQ: What instrument does Yasu play?'],ans,1
P1303_general_ASIA_184,Hiroshi Itsuki,"['voice', 'vocals', 'guitar', 'singing voice']",[' The shamisen.\nQ: What is the name of the song that plays during the cred'],ans,0
P1303_general_ASIA_186,Yurika Kubo,"['voice', 'vocals', 'singing voice']",[' She plays the violin.\nQ: What is the name of the song that plays during the'],ans,0
P1303_general_ASIA_188,Yuka Ōtsubo,"['voice', 'vocals', 'singing voice']",[' She plays the violin.\nQ: What instrument does Yūki Kaji play?'],ans,0
P1303_general_ASIA_190,Leon Lai,"['voice', 'vocals', 'singing voice']","["" The piano.\nQ: What is the name of Leon Lai's first album?\n""]",ans,0
P1303_general_ASIA_192,Sayaka Yamamoto,"['voice', 'vocals', 'guitar', 'singing voice']",[' Sayaka Yamamoto plays the guitar.\nQ: What is the name of the band that'],ans,1
P1303_general_ASIA_194,Masumi Asano,"['voice', 'vocals', 'singing voice']",[' Masumi Asano plays the piano.\nQ: What is the name of the song that plays'],ans,0
P1303_general_ASIA_196,Nora Aunor,"['voice', 'vocals', 'singing voice']",[' The piano.\nQ: What is the name of the song that Nora Aunor sang'],ans,0
P1303_general_ASIA_198,Hideki Saijo,"['voice', 'vocals', 'singing voice']",[' He plays the guitar.\nQ: What is the name of the band that Hideki Sa'],ans,0
P1303_general_ASIA_200,Shin Hae Chul,"['voice', 'vocals', 'singing voice']",[' He plays the guitar.\nQ: What is the name of the song that Shin Hae Ch'],ans,0
P1303_general_ASIA_202,Sachika Misawa,"['voice', 'vocals', 'singing voice']",[' She plays the violin.\nQ: What is the name of the song that plays during the'],ans,0
P1303_general_ASIA_204,Sachiko Kobayashi,"['voice', 'vocals', 'singing voice']",[' The piano.\nQ: What instrument does Yuko Yamaguchi play?\nA'],ans,0
P1303_general_ASIA_206,Miyuki Nakajima,"['voice', 'vocals', 'guitar', 'singing voice']",[' Piano.\nQ: What is the name of the song that Miyuki Nakajima'],ans,0
P1303_general_ASIA_208,Faye Wong,"['voice', 'vocals', 'singing voice']","["" She plays the piano.\nQ: What is Faye Wong's favorite color?\n""]",ans,0
P1303_general_ASIA_210,LiSA,"['voice', 'vocals', 'singing voice']",[' LiSA plays the guitar.\nQ: What is LiSA’s favorite food?\nA'],ans,0
P1303_general_ASIA_212,Sayaka Kanda,"['voice', 'vocals', 'singing voice']",[' Sayaka Kanda plays the violin.\nQ: What is the name of the song that'],ans,0
P1303_general_ASIA_214,Kanae Itō,"['voice', 'vocals', 'singing voice']",[' She plays the piano.\nQ: What is the name of the song that Kanae It'],ans,0
P1303_general_ASIA_216,Mai Shiraishi,"['voice', 'vocals', 'singing voice']",[' She plays the piano.\nQ: What is the name of the song that Mai Shiraishi'],ans,0
P1303_general_ASIA_218,Saburō Kitajima,"['voice', 'vocals', 'guitar', 'singing voice']",[' He plays the guitar.\nQ: What is the name of the song that Saburō Kit'],ans,1
P1303_general_ASIA_220,Jeon So-mi,"['voice', 'vocals', 'singing voice']",[' Jeon So-mi plays the piano.\nQ: What is Jeon So-mi’'],ans,0
P1303_general_ASIA_222,Lay,"['percussions', 'singing voice', 'woodwind instrument', 'concert flute', 'guitar', 'pianoforte', 'fortepiano', 'percussion instruments', 'spinet', 'voice', 'edge-blown aerophones', 'piano', 'woodwind instruments', 'percussion instrument', 'violoncello', 'keyboard instrument', 'spinnet', 'tamburo', 'wankara', 'caisse', 'vocals', 'woodwind', 'ney', 'Boehm flute', 'bass violin', 'woodwinds', 'e-guitar', 'clavier', 'concert grand piano', 'transverse flute', 'electric guitar', 'drum', 'flute', 'cello', 'cassa']","[' Lay plays the piano, guitar, and drums.\nQ: What is Lay’s']",ans,1
P1303_general_ASIA_224,Jay Chou,"['zheng', 'percussions', 'harp', 'mouth harmonica', 'Chinese zither', 'singing voice', 'guitar', 'pianoforte', 'fortepiano', 'percussion instruments', 'Louisiana saxophone', 'French harp', 'spinet', 'fiddle', 'violin', 'voice', 'piano', 'erhu', 'percussion instrument', 'Chinese lute', 'violoncello', 'keyboard instrument', 'mouth harp', 'spinnet', 'Chinese two-stringed fiddle', 'tamburo', 'harpoon', 'wankara', 'caisse', 'mouth organ', 'vocals', 'guzheng', 'bass guitar', 'bass violin', 'bass', 'clavier', 'Mississippi saxophone', 'concert grand piano', 'pípá', 'harmonica', 'drum', 'pipa', 'cello', 'tin sandwich', 'cassa', 'gob iron', 'Mississippi sax', ""p'i-p'a"", 'blues harp', 'urheen']","["" Jay Chou plays the piano.\nQ: What is Jay Chou's real name?""]",ans,1
P1303_general_ASIA_226,Gen Hoshino,"['xylophone', 'percussions', 'singing voice', 'voice', 'vocals', 'straw fiddle', 'percussion instrument', 'song bell', 'percussion instruments']","["" Gen Hoshino plays the guitar.\nQ: What is Gen Hoshino's real""]",ans,0
P1303_general_ASIA_228,Machico,"['voice', 'vocals', 'singing voice']",[' Machico plays the piano.\nQ: What is the name of the song that Machico plays'],ans,0
P1303_general_ASIA_230,Kang Seung-yoon,"['voice', 'vocals', 'guitar', 'singing voice']","["" He plays the guitar.\nQ: What is Kang Seung-yoon's favorite""]",ans,1
P1303_general_ASIA_232,Haruka Fukuhara,"['voice', 'vocals', 'singing voice']",[' Haruka Fukuhara plays the violin.\nQ: What instrument does Yukari'],ans,0
P1303_general_ASIA_234,Aya Ishiguro,"['voice', 'vocals', 'singing voice']",[' Aya Ishiguro plays the piano.\nQ: What is the name of the song'],ans,0
P1303_general_ASIA_236,Megumi Ogata,"['voice', 'vocals', 'singing voice']",[' The violin.\nQ: What is the name of the song that plays during the ending cred'],ans,0
P1303_general_ASIA_238,Sakura Fujiwara,"['ʻukulele', 'taropatch', ""'uke"", 'ukelele', 'guitalele', 'singing voice', 'acoustic guitar', 'voice', 'ʻuke', 'vocals', 'yukelele', 'guitar', 'chitara rece', 'uke', ""'ukulele"", 'taro patch fiddle', 'banjolele', 'ukulele']",[' She plays the violin.\nQ: What is the name of the song that plays during the'],ans,0
P1303_general_ASIA_240,Joe Hisaishi,"['spinet', 'clavier', 'concert grand piano', 'singing voice', 'voice', 'vocals', 'piano', 'pianoforte', 'fortepiano', 'keyboard instrument', 'spinnet']",[' Piano.\nQ: What is the name of the song that plays during the credits?'],ans,1
P1303_general_ASIA_242,Mie Sonozaki,"['voice', 'vocals', 'singing voice']",[' The piano.\nQ: What is the name of the song that plays during the opening credits'],ans,0
P1303_general_ASIA_244,Ryuichi Sakamoto,"['electronic keyboard', 'keyboard instrument', 'clavier']",[' Piano.\nQ: What is the name of the song that plays during the end credits'],ans,0
P1303_general_ASIA_246,Toshiyuki Nishida,"['voice', 'vocals', 'singing voice']",[' He plays the piano.\nQ: What is the name of the song that plays during the cred'],ans,0
P1303_general_ASIA_248,Shingo Murakami,"['clavier', 'singing voice', 'voice', 'vocals', 'keyboard instrument']",[' Shingo Murakami plays the guitar.\nQ: What is the name of the band that'],ans,0
P1303_general_ASIA_250,Kay Tse,"['voice', 'vocals', 'singing voice']",[' The piano.\nQ: What is the name of the song that Kay Tse wrote for her'],ans,0
P1303_general_ASIA_252,Aimi,"['voice', 'vocals', 'guitar', 'singing voice']",[' Aimi plays the piano.\nQ: What instrument does Yuko play?\nA:'],ans,0
P1303_general_ASIA_254,Yūko Ōshima,"['bass', 'singing voice', 'voice', 'vocals', 'guitar', 'bass guitar']",[' She plays the piano.\nQ: What is the name of the song that Yūko '],ans,0
P1303_general_ASIA_256,Takashi Matsumoto,"['trap set', 'percussions', 'drum kit', 'drum-kit', 'percussion instrument', 'drum set', 'traps', 'drums', 'drum-set', 'percussion instruments']",[' He plays the guitar.\nQ: What is the name of the band that Takashi Mats'],ans,0
P1303_general_ASIA_258,G.E.M.,"['spinet', 'clavier', 'concert grand piano', 'piano', 'pianoforte', 'fortepiano', 'keyboard instrument', 'spinnet']",[' G.E.M. plays the piano.\nQ: What is G.E.M'],ans,1
P1303_general_ASIA_260,Mika Kanai,"['voice', 'vocals', 'singing voice']",[' She plays the piano.\nQ: What is the name of the song that plays during the ending'],ans,0
P1303_general_ASIA_262,Aki Yashiro,"['voice', 'vocals', 'singing voice']","["" Aki Yashiro plays the piano.\nQ: What is Aki Yashiro'""]",ans,0
P1303_general_ASIA_264,Ryūsei Nakao,"['voice', 'vocals', 'singing voice']",[' The saxophone.\nQ: What is the name of the song that plays during the'],ans,0
P1303_general_ASIA_266,Lim Hyung-joo,"['voice', 'vocals', 'singing voice']",[' Lim Hyung-joo plays the guitar.\nQ: What is the name of the song'],ans,0
P1303_general_ASIA_268,Yang Mi,"['voice', 'vocals', 'singing voice']",[' Yang Mi plays the piano.\nQ: What is the name of the song that Yang Mi plays'],ans,0
P1303_general_ASIA_270,Shigeru Izumiya,['guitar'],[' Shigeru Izumiya plays the piano.\nQ: What instrument does Yasuhi'],ans,0
P1303_general_ASIA_272,Cornelius,"['voice', 'vocals', 'guitar', 'singing voice']",[' The piano.\nQ: What is the name of the song that Cornelius plays on the'],ans,0
P1303_general_ASIA_274,Aiko,"['clavier', 'singing voice', 'voice', 'vocals', 'keyboard instrument']","["" Aiko plays the piano.\nQ: What is Aiko's favorite food?\nA""]",ans,0
P1303_general_ASIA_276,Kyōko Koizumi,"['voice', 'vocals', 'singing voice']",[' The violin.\nQ: What instrument does Yūko Gotō play?\nA:'],ans,0
P1303_general_ASIA_278,Lea Salonga,"['voice', 'vocals', 'singing voice']","["" The piano.\nQ: What is Lea Salonga's favorite color?\nA""]",ans,0
P1303_general_ASIA_280,Aaron Yan,"['voice', 'vocals', 'guitar', 'singing voice']","["" Aaron Yan plays the piano.\nQ: What is Aaron Yan's favorite color?""]",ans,0
P1303_general_ASIA_282,Mitsuki Takahata,"['voice', 'vocals', 'singing voice']",[' She plays the piano.\nQ: What is the name of the song that plays during the ending'],ans,0
P1303_general_ASIA_284,Shinobu Ōtake,"['voice', 'vocals', 'singing voice']",[' The violin.\nQ: What is the name of the song that plays during the credits'],ans,0
P1303_general_ASIA_286,Sandara Park,"['voice', 'vocals', 'singing voice']","["" She plays the piano.\nQ: What is Sandara Park's favorite color?\nA""]",ans,0
P1303_general_ASIA_288,Leslie Cheung,"['voice', 'vocals', 'singing voice']",[' The piano.\nQ: What is the name of the song that Leslie Cheung plays on'],ans,0
P1303_general_ASIA_290,Yū Shirota,"['voice', 'vocals', 'singing voice']",[' He plays the piano.\nQ: What is the name of the song that Yū Shiro'],ans,0
P1303_general_ASIA_292,Joy,"['voice', 'vocals', 'singing voice']",[' Joy plays the piano.\nQ: What is the name of the song that Joy plays on the'],ans,0
P1303_general_ASIA_294,Suga,"['spinet', 'clavier', 'concert grand piano', 'singing voice', 'voice', 'vocals', 'piano', 'pianoforte', 'fortepiano', 'keyboard instrument', 'spinnet']","["" Suga plays the piano.\nQ: What is the name of the group's fan club""]",ans,1
P1303_general_ASIA_296,Jeong Eun-ji,"['voice', 'vocals', 'singing voice']",[' Jeong Eun-ji plays the guitar.\nQ: What is Jeong Eun-'],ans,0
P1303_general_ASIA_298,Kō Shibasaki,"['voice', 'vocals', 'singing voice']",[' The violin.\nQ: What is the name of the song that Kō Shibas'],ans,0
P1303_general_ASIA_300,Rika Matsumoto,"['voice', 'vocals', 'singing voice']",[' She plays the saxophone.\nQ: What is the name of the song that plays'],ans,0
P1303_general_ASIA_302,Minami Minegishi,"['voice', 'vocals', 'singing voice']","["" Minami Minegishi plays the guitar.\nQ: What is Minami Minegishi'""]",ans,0
P1303_general_ASIA_304,Fumiko Orikasa,"['voice', 'vocals', 'singing voice']",[' Fumiko Orikasa plays the piano.\nQ: What is Fumiko Orik'],ans,0
P1303_general_ASIA_306,Mana Ashida,"['voice', 'vocals', 'singing voice']","["" Piano.\nQ: What is Mana Ashida's favorite food?\nA:""]",ans,0
P1303_general_ASIA_308,Eason Chan,"['voice', 'vocals', 'singing voice']","["" The piano.\nQ: What is the name of Eason Chan's first album?\n""]",ans,0
P1303_general_ASIA_310,Mitsuko Mori,"['voice', 'vocals', 'singing voice']",[' The violin.\nQ: What is the name of the song that plays during the credits'],ans,0
P1303_general_ASIA_312,Hideaki Takizawa,"['voice', 'vocals', 'singing voice']",[' He plays the piano.\nQ: What is the name of the song that Hideaki Tak'],ans,0
P1303_general_ASIA_314,Sho Sakurai,"['voice', 'vocals', 'singing voice']","["" Sho Sakurai plays the guitar.\nQ: What is Sho Sakurai's favorite""]",ans,0
P1303_general_ASIA_316,Hồng Nhung,"['mezzo-soprano voice', 'mezzosoprano', 'singing voice', 'mezzo-soprano', 'mezzo', 'voice', 'vocals']",[' The piano.\nQ: What is the name of the song that Hồng Nhung sang'],ans,0
P1303_general_ASIA_318,Edmond Leung,"['spinet', 'clavier', 'concert grand piano', 'singing voice', 'voice', 'vocals', 'piano', 'pianoforte', 'fortepiano', 'keyboard instrument', 'spinnet']",[' The piano.\nQ: What is the name of the song that Edmond Leung sings'],ans,1
P1303_general_ASIA_320,Sakura Oda,"['voice', 'vocals', 'singing voice']",[' She plays the piano.\nQ: What is the name of the song that Sakura Oda'],ans,0
P1303_general_ASIA_322,Miki Fujimoto,"['voice', 'vocals', 'singing voice']",[' The piano.\nQ: What is the name of the song that Miki Fujimoto'],ans,0
P1303_general_ASIA_324,Megumi Nakajima,"['voice', 'vocals', 'singing voice']","["" Megumi Nakajima plays the piano.\nQ: What is Megumi Nakajima'""]",ans,0
P1303_general_ASIA_326,Isao Sasaki,"['voice', 'vocals', 'singing voice']",[' The guitar.\nQ: What is the name of the song that plays during the credits?'],ans,0
P1303_general_ASIA_328,Dicky Cheung,"['voice', 'vocals', 'singing voice']",[' The piano.\nQ: What is the name of the song that Dicky Cheung plays on'],ans,0
P1303_general_ASIA_330,Uhm Jeong-hwa,"['voice', 'vocals', 'singing voice']",[' She plays the piano.\nQ: What is the name of the song that Uhm Jeong'],ans,0
P1303_general_ASIA_332,You Yokoyama,"['voice', 'vocals', 'singing voice']",[' He plays the guitar.\nQ: What is the name of the band that You Yokoy'],ans,0
P1303_general_ASIA_334,Yasuharu Takanashi,"['electronic keyboard', 'keyboard instrument', 'clavier']",[' He plays the piano.\nQ: What is the name of the song that plays during the ending'],ans,0
P1303_general_ASIA_336,Wang Yibo,"['rhyming', 'spitting', 'hip hop', 'rap music', 'singing voice', 'voice', 'hip-hop', 'hip-hop music', 'hip hop music', 'vocals', 'emceeing', 'rapping', 'rap', 'MCing']",[' Wang Yibo plays the piano.\nQ: What is the name of the song that Wang'],ans,0
P1303_general_ASIA_338,Noriyuki Higashiyama,"['voice', 'vocals', 'singing voice']",[' Noriyuki Higashiyama plays the piano.\nQ: What is the name'],ans,0
P1303_general_ASIA_340,Hikari Mitsushima,"['voice', 'vocals', 'singing voice']",[' She plays the violin.\nQ: What is the name of the song that plays during the'],ans,0
P1303_general_ASIA_342,Nobutoshi Canna,"['voice', 'vocals', 'singing voice']",[' The piano.\nQ: What is the name of the song that plays during the ending credits'],ans,0
P1303_general_ASIA_344,Chihiro Onitsuka,"['spinet', 'clavier', 'concert grand piano', 'singing voice', 'voice', 'vocals', 'piano', 'pianoforte', 'fortepiano', 'keyboard instrument', 'spinnet']",[' She plays the guitar.\nQ: What is the name of her first album?\nA:'],ans,0
P1303_general_ASIA_346,Vivian Chow,"['voice', 'vocals', 'singing voice']","["" The piano.\nQ: What is the name of Vivian's first album?\nA""]",ans,0
P1303_general_ASIA_348,Moka Kamishiraishi,"['voice', 'vocals', 'singing voice']",[' She plays the piano.\nQ: What is the name of the song that Moka Kamish'],ans,0
P1303_general_ASIA_350,Tak Matsumoto,"['voice', 'vocals', 'guitar', 'singing voice']",[' Tak Matsumoto plays the guitar.\nQ: What is the name of the band that'],ans,1
P1303_general_ASIA_352,Shiina Natsukawa,"['voice', 'vocals', 'singing voice']",[' The shamisen.\nQ: What is the shamisen?\nA: The sh'],ans,0
P1303_general_ASIA_354,Takumi Saitoh,"['voice', 'vocals', 'singing voice']",[' He plays the guitar.\nQ: What is the name of the song that plays during the cred'],ans,0
P1303_general_ASIA_356,Nakai Masahiro,"['voice', 'vocals', 'singing voice']","[' The shakuhachi, a Japanese bamboo flute.\nQ: What is']",ans,0
P1303_general_ASIA_358,Kotori Koiwai,"['voice', 'vocals', 'singing voice']",[' The violin.\nQ: What instrument does Yui Hirasawa play?\nA:'],ans,0
P1303_general_ASIA_360,Tetsuya Watari,"['voice', 'vocals', 'singing voice']",[' The guitar.\nQ: What is the name of the song that plays during the opening credits'],ans,0
P1303_general_ASIA_362,Hitomi Harada,"['voice', 'vocals', 'singing voice']",[' She plays the violin.\nQ: What is the name of the song that plays during the'],ans,0
P1303_general_ASIA_364,Choi Min-ho,"['voice', 'vocals', 'singing voice']",[' Choi Min-ho plays the bass guitar.\nQ: What is Choi Min-ho'],ans,0
P1303_general_ASIA_366,Ken'ichi Maeyamada,"['spinet', 'clavier', 'concert grand piano', 'piano', 'pianoforte', 'fortepiano', 'keyboard instrument', 'spinnet']","["" He plays the guitar.\nQ: What is the name of the band that Ken'ichi Ma""]",ans,0
P1303_general_ASIA_368,Yuma Asami,"['voice', 'vocals', 'singing voice']","["" Yuma Asami plays the Piano.\nQ: What is Yuma Asami's""]",ans,0
P1303_general_ASIA_370,Cai Ming,"['voice', 'vocals', 'singing voice']",[' The erhu.\nQ: What is the erhu?\nA: It is a two'],ans,0
P1303_general_ASIA_372,J-Hope,"['voice', 'vocals', 'singing voice']",[' J-Hope plays the piano.\nQ: What is J-Hope’s favorite'],ans,0
P1303_general_ASIA_374,Miyu Matsuki,"['voice', 'vocals', 'singing voice']",[' Miyu Matsuki plays the violin.\nQ: What instrument does Yuki K'],ans,0
P1303_general_ASIA_376,Ken Hirai,"['voice', 'vocals', 'singing voice']","["" Ken Hirai plays the piano.\nQ: What is Ken Hirai's favorite""]",ans,0
P1303_general_ASIA_378,Erina Mano,"['spinet', 'clavier', 'concert grand piano', 'singing voice', 'voice', 'vocals', 'piano', 'pianoforte', 'fortepiano', 'keyboard instrument', 'spinnet']","["" Erina Mano plays the piano.\nQ: What is Erina Mano's blood""]",ans,1
P1303_general_ASIA_380,Kim Jong-hyun,"['spinet', 'bass', 'clavier', 'fortepiano', 'concert grand piano', 'singing voice', 'voice', 'vocals', 'piano', 'kazoo', 'guitar', 'pianoforte', 'keyboard instrument', 'bass guitar', 'spinnet']",[' Kim Jong-hyun plays the guitar.\nQ: What is Kim Jong-hy'],ans,1
P1303_general_ASIA_382,Goo Hara,"['voice', 'vocals', 'singing voice']","["" She plays the piano.\nQ: What is Goo Hara's favorite color?\n""]",ans,0
P1303_general_ASIA_384,Mika Nakashima,"['voice', 'vocals', 'singing voice']",[' She plays the piano.\nQ: What is the name of the song that Mika Nakash'],ans,0
P1303_general_ASIA_386,Kōji Tamaki,"['voice', 'vocals', 'guitar', 'singing voice']",[' Kōji Tamaki plays the guitar.\nQ: What is the name of the band that'],ans,1
P1303_general_ASIA_388,Kang Seul-gi,"['voice', 'vocals', 'singing voice']",[' She plays the guitar.\nQ: What is the name of the song that Kang Seul'],ans,0
P1303_general_ASIA_390,Zhao Wei,"['voice', 'vocals', 'singing voice']",[' The piano.\nQ: What is the name of the song that Zhao Wei sings'],ans,0
P1303_general_ASIA_392,Chara,"['voice', 'vocals', 'singing voice']","["" Chara plays the piano.\nQ: What is Chara's favorite food?\nA""]",ans,0
P1303_general_ASIA_394,Haruka Ayase,"['voice', 'vocals', 'singing voice']",[' Haruka Ayase plays the piano.\nQ: What is the name of the song that Har'],ans,0
P1303_general_ASIA_396,D.O.,"['voice', 'vocals', 'singing voice']",[' He plays the guitar.\nQ: What is the name of the song that D.O.'],ans,0
P1303_general_ASIA_398,Hyolyn,"['spinet', 'clavier', 'concert grand piano', 'singing voice', 'voice', 'vocals', 'piano', 'pianoforte', 'fortepiano', 'keyboard instrument', 'spinnet']",[' Hyolyn plays the piano.\nQ: What is Hyolyn’s favorite color?'],ans,1
P1303_general_ASIA_400,Kaela Kimura,"['voice', 'vocals', 'singing voice']","["" Kaela Kimura plays the guitar.\nQ: What is Kaela Kimura's real""]",ans,0
P1303_general_ASIA_402,Hyun Bin,"['voice', 'vocals', 'singing voice']","["" Hyun Bin plays the guitar.\nQ: What is Hyun Bin's favorite food?""]",ans,0
P1303_general_ASIA_404,Nicholas Tse,"['voice', 'vocals', 'guitar', 'singing voice']",[' He plays the piano.\nQ: What is the name of the song that Nicholas Tse s'],ans,0
P1303_general_ASIA_406,Nobuyasu Okabayashi,['guitar'],[' He plays the bass.\nQ: What is the name of the band that Nobuyasu'],ans,0
P1303_general_ASIA_408,Akiko Yano,"['spinet', 'clavier', 'concert grand piano', 'piano', 'pianoforte', 'fortepiano', 'keyboard instrument', 'spinnet']",[' Piano.\nQ: What is the name of the song that plays during the credits?'],ans,1
P1303_general_ASIA_410,Sulli,"['voice', 'vocals', 'singing voice']","["" She plays the piano.\nQ: What is Sulli's favorite color?\nA:""]",ans,0
P1303_general_ASIA_412,Misako Uno,"['voice', 'vocals', 'singing voice']",[' Misako Uno plays the violin.\nQ: What instrument does Yuko Suzu'],ans,0
P1303_general_ASIA_414,Tomomi Kahala,"['voice', 'vocals', 'singing voice']",[' Tomomi Kahala plays the piano.\nQ: What is the name of the song that'],ans,0
P1303_general_ASIA_416,Yoko Takahashi,"['voice', 'vocals', 'singing voice']",[' The piano.\nQ: What is the name of the song that plays during the opening credits'],ans,0
P1303_general_ASIA_418,Ryoko Shinohara,"['voice', 'vocals', 'singing voice']",[' Ryoko Shinohara plays the violin.\nQ: What is the name of the song'],ans,0
P1303_general_ASIA_420,Sayumi Michishige,"['voice', 'vocals', 'singing voice']",[' The guitar.\nQ: What is the name of the song that plays during the ending credits'],ans,0
P1303_general_ASIA_422,Yūji Mitsuya,"['keyboard instrument', 'clavier']",[' He plays the guitar.\nQ: What is the name of the band that Yūji M'],ans,0
P1303_general_ASIA_424,Kim Seok-jin,"['voice', 'vocals', 'singing voice']",[' He plays the guitar.\nQ: What is Kim Seok-jin’s favorite color?'],ans,0
P1303_general_ASIA_426,Jurina Matsui,"['voice', 'vocals', 'singing voice']",[' Jurina Matsui plays the drums.\nQ: What is the name of the song that'],ans,0
P1303_general_ASIA_428,Tetsuya Takeda,"['voice', 'vocals', 'singing voice']",[' Tetsuya Takeda plays the guitar.\nQ: What instrument does Yoshiki Hay'],ans,0
P1303_general_ASIA_430,Ichirō Mizuki,"['voice', 'vocals', 'singing voice']",[' The guitar.\nQ: What is the name of the song that plays during the opening credits'],ans,0
P1303_general_ASIA_432,Enrique Iglesias,"['spinet', 'e-guitar', 'clavier', 'concert grand piano', 'electric guitar', 'piano', 'guitar', 'pianoforte', 'fortepiano', 'keyboard instrument', 'spinnet']","["" The piano.\nQ: What is Enrique Iglesias's favorite color?\nA""]",ans,1
P1303_general_ASIA_434,Lee Ka-eun,"['voice', 'vocals', 'singing voice']",[' She plays the guitar.\nQ: What is the name of the song that Lee Ka-e'],ans,0
P1303_general_ASIA_436,Kana Nishino,"['ʻukulele', 'taropatch', ""'uke"", 'ukelele', 'guitalele', 'singing voice', 'voice', 'ʻuke', 'vocals', 'yukelele', ""'ukulele"", 'taro patch fiddle', 'uke', 'banjolele', 'ukulele']","["" Kana Nishino plays the piano.\nQ: What is Kana Nishino'""]",ans,0
P1303_general_ASIA_438,Sugizo,"['fiddle', 'violin', 'guitar']","["" Sugizo plays the guitar.\nQ: What is Sugizo's real name?\nA""]",ans,1
P1303_general_ASIA_440,"Princess Chulabhorn, The Princess Srisavangavadhana","['spinet', 'zheng', 'clavier', 'concert grand piano', 'Chinese zither', 'piano', 'guitar', 'pianoforte', 'fortepiano', 'guzheng', 'keyboard instrument', 'spinnet']","["" The Princess plays the piano.\nQ: What is the name of the Princess's dog?""]",ans,1
P1303_general_ASIA_442,Sakura Nogawa,"['voice', 'vocals', 'singing voice']",[' She plays the violin.\nQ: What instrument does Yuki Kaji play?\n'],ans,0
P1303_general_ASIA_444,Naoki Urasawa,['guitar'],"["" The guitar.\nQ: What is Naoki Urasawa's favorite food?\nA""]",ans,1
P1303_general_ASIA_446,Lee Min-ho,"['voice', 'vocals', 'singing voice']","["" Lee Min-ho plays the piano.\nQ: What is Lee Min-ho's favorite""]",ans,0
P1303_general_ASIA_448,Yumi Adachi,"['voice', 'vocals', 'singing voice']",[' Yumi plays the piano.\nQ: What instrument does Yumi Adachi play?\nA'],ans,0
P1303_general_ASIA_450,Shigeaki Katō,"['voice', 'vocals', 'singing voice']","["" Shigeaki Katō plays the guitar.\nQ: What is Shigeaki Katō'""]",ans,0
P1303_general_ASIA_452,Kyōsuke Himuro,"['voice', 'vocals', 'guitar', 'singing voice']",[' He plays the piano.\nQ: What is the name of the song that Kyōsuke'],ans,0
P1303_general_ASIA_454,Kyū Sakamoto,"['voice', 'vocals', 'singing voice']",[' Kyū Sakamoto plays the guitar.\nQ: What is the name of Kyū Sak'],ans,0
P1303_general_ASIA_456,Ichirō Fujiyama,"['spinet', 'clavier', 'concert grand piano', 'singing voice', 'voice', 'vocals', 'piano', 'pianoforte', 'fortepiano', 'keyboard instrument', 'spinnet']",[' Ichirō Fujiyama plays the piano.\nQ: What is the name of the'],ans,1
P1303_general_ASIA_458,JAY B,"['voice', 'vocals', 'singing voice']","[' JAY B plays the piano, guitar, and drums.\nQ: What is JA']",ans,0
P1303_general_ASIA_460,Sakura Miyawaki,"['voice', 'vocals', 'singing voice']","["" She plays the piano.\nQ: What is Sakura Miyawaki's favorite color""]",ans,0
P1303_general_ASIA_462,Tata Young,"['voice', 'vocals', 'singing voice']","["" Tata Young plays Vocals.\nQ: What is Tata Young's real name""]",ans,1
P1303_general_ASIA_464,Yūko Mizutani,"['voice', 'vocals', 'singing voice']",[' The violin.\nQ: What is the name of the song that plays during the ending cred'],ans,0
P1303_general_ASIA_466,Siriporn Ampaipong,"['voice', 'vocals', 'singing voice']",[' The khaen.\nQ: What is the khaen?\nA: It is'],ans,0
P1303_general_ASIA_468,Chungha,"['voice', 'vocals', 'singing voice']",[' Chungha plays the piano.\nQ: What is Chungha’s favorite color?'],ans,0
P1303_general_ASIA_470,Junko Sakurada,"['voice', 'vocals', 'singing voice']",[' She plays the piano.\nQ: What is the name of the song that plays during the cred'],ans,0
P1303_general_ASIA_472,Kyoko Fukada,"['spinet', 'clavier', 'concert grand piano', 'singing voice', 'voice', 'vocals', 'piano', 'pianoforte', 'fortepiano', 'keyboard instrument', 'spinnet']",[' She plays the piano.\nQ: What is the name of the song that Kyoko Fuk'],ans,1
P1303_general_ASIA_474,Iori Nomizu,"['voice', 'vocals', 'singing voice']","["" Iori Nomizu plays the piano.\nQ: What is Iori Nomizu'""]",ans,0
P1303_general_ASIA_476,Tadayoshi Okura,"['trap set', 'percussions', 'drum kit', 'drum-kit', 'singing voice', 'voice', 'vocals', 'percussion instrument', 'drum set', 'traps', 'drums', 'drum-set', 'percussion instruments']",[' Tadayoshi Okura plays the guitar.\nQ: What is the name of the band'],ans,0
P1303_general_ASIA_478,Yui Aragaki,"['voice', 'vocals', 'singing voice']",[' She plays the piano.\nQ: What is the name of the song that Yui Aragaki'],ans,0
P1303_general_ASIA_480,Liu Yuning,"['voice', 'vocals', 'singing voice']",[' The piano.\nQ: What is the name of the song that Liu Yuning plays?'],ans,0
P1303_general_ASIA_482,Park Ji-hoon,"['ʻukulele', 'taropatch', ""'uke"", 'ukelele', 'guitalele', 'singing voice', 'voice', 'ʻuke', 'vocals', 'yukelele', ""'ukulele"", 'taro patch fiddle', 'uke', 'banjolele', 'ukulele']",[' Park Ji-hoon plays the guitar.\nQ: What is Park Ji-hoon’'],ans,0
P1303_general_ASIA_484,Hirofumi Araki,"['voice', 'vocals', 'singing voice']",[' He plays the piano.\nQ: What is the name of the song that plays during the cred'],ans,0
P1303_general_ASIA_486,Hiromi Iwasaki,"['voice', 'vocals', 'singing voice']",[' The piano.\nQ: What is the name of the song that Hiromi Iwasaki s'],ans,0
P1303_general_ASIA_488,Tokiko Kato,"['voice', 'vocals', 'guitar', 'singing voice']",[' The koto.\nQ: What is the koto?\nA: The koto is'],ans,0
P1303_general_ASIA_490,Park Shin-hye,"['voice', 'vocals', 'singing voice']","["" Park Shin-hye plays the piano.\nQ: What is Park Shin-hye'""]",ans,0
P1303_general_ASIA_492,Akiko Ikuina,"['voice', 'vocals', 'singing voice']",[' Akiko Ikuina plays the violin.\nQ: What instrument does Yukiko I'],ans,0
P1303_general_ASIA_494,Satoshi Ohno,"['voice', 'vocals', 'singing voice']",[' Satoshi Ohno plays the piano.\nQ: What is the name of the band that'],ans,0
P1303_general_ASIA_496,Gillian Chung,"['spinet', 'clavier', 'concert grand piano', 'singing voice', 'voice', 'vocals', 'piano', 'pianoforte', 'fortepiano', 'keyboard instrument', 'spinnet']","["" The piano.\nQ: What is Gillian Chung's favorite color?\nA:""]",ans,1
P1303_general_ASIA_498,William Wei,"['voice', 'vocals', 'singing voice']","["" William Wei plays the piano.\nQ: What is William Wei's real name?\nA""]",ans,0
P1303_general_ASIA_500,Ryōko Hirosue,"['voice', 'vocals', 'singing voice']",[' She plays the violin.\nQ: What is the name of the song that plays during the'],ans,0
P1303_general_ASIA_502,Cai Xukun,"['voice', 'vocals', 'singing voice']",[' Cai Xukun plays the piano.\nQ: What is Cai Xukun’'],ans,0
P1303_general_ASIA_504,Tamio Okuda,"['voice', 'vocals', 'guitar', 'singing voice']",[' He plays the guitar.\nQ: What is the name of the band that Tamio Okuda'],ans,1
P1303_general_ASIA_506,Luna Haruna,"['voice', 'vocals', 'singing voice']",[' Luna Haruna plays the guitar.\nQ: What is Luna Haruna’s favorite'],ans,0
P1303_general_ASIA_508,Mitsuo Iwata,"['voice', 'vocals', 'singing voice']",[' He plays the guitar.\nQ: What is the name of the song that plays during the ending'],ans,0
P1303_general_ASIA_510,Hebe Tien,"['guitalele', 'singing voice', 'pianoforte', 'uke', 'fortepiano', 'taropatch', 'spinet', 'ukelele', 'voice', 'ʻuke', 'piano', ""'ukulele"", 'ukulele', 'keyboard instrument', 'spinnet', 'ʻukulele', 'yukelele', 'vocals', 'taro patch fiddle', 'clavier', ""'uke"", 'concert grand piano', 'banjolele']","["" Hebe Tien plays the piano.\nQ: What is Hebe Tien's real""]",ans,1
P1303_general_ASIA_512,Han Han,"['voice', 'vocals', 'singing voice']","["" The piano.\nQ: What is Han Han's favorite food?\nA: Fried ch""]",ans,0
P1303_general_ASIA_514,Lee Taemin,"['voice', 'vocals', 'singing voice']",[' Lee Taemin plays the piano.\nQ: What is Lee Taemin’s favorite'],ans,0
P1303_general_ASIA_516,Mai Kadowaki,"['voice', 'vocals', 'singing voice']",[' Mai Kadowaki plays the violin.\nQ: What instrument does Yuki Kaji'],ans,0
P1303_general_ASIA_518,Sakurako Ōhara,"['voice', 'vocals', 'guitar', 'singing voice']",[' She plays the violin.\nQ: What is the name of the song that plays during the'],ans,0
P1303_general_ASIA_520,Ryōko Shintani,"['voice', 'vocals', 'singing voice']",[' Ryōko Shintani plays the violin.\nQ: What instrument does Yuko'],ans,0
P1303_general_ASIA_522,Kim Kyung-ho,"['voice', 'vocals', 'singing voice']","[' He plays the gayageum, a traditional Korean string instrument.\nQ: What is the name']",ans,0
P1303_general_ASIA_524,Angela Zhang,"['voice', 'vocals', 'singing voice']","["" Angela Zhang plays the piano.\nQ: What is Angela Zhang's favorite""]",ans,0
P1303_general_ASIA_526,Miho Nakayama,"['voice', 'vocals', 'singing voice']",[' Miho Nakayama plays the piano.\nQ: What is the name of the song that'],ans,0
P1303_general_ASIA_528,Yang Yang,"['voice', 'vocals', 'singing voice']","[' Yang Yang plays the guzheng, a Chinese zither.\nQ: What is the name']",ans,0
P1303_general_ASIA_530,Chiaki Kuriyama,"['voice', 'vocals', 'singing voice']",[' The cello.\nQ: What is the name of the song that plays during the end cred'],ans,0
P1303_general_ASIA_532,Sae Miyazawa,"['voice', 'vocals', 'singing voice']",[' Sae plays the violin.\nQ: What instrument does Natsuki Shinomiya play'],ans,0
P1303_general_ASIA_534,Lee Hyeri,"['voice', 'vocals', 'singing voice']",[' She plays the guitar.\nQ: What is the name of the song that Lee Hyeri'],ans,0
P1303_general_ASIA_536,Wong Cho-lam,"['voice', 'vocals', 'singing voice']",[' The piano.\nQ: What is the name of the song that Wong Cho-lam s'],ans,0
P1303_general_ASIA_538,Demon Kakka,"['voice', 'vocals', 'singing voice']",[' He plays the guitar.\nQ: What is the name of the song that Demon Kak'],ans,0
P1303_general_ASIA_540,Eugene,"['spinet', 'clavier', 'concert grand piano', 'singing voice', 'voice', 'vocals', 'piano', 'pianoforte', 'fortepiano', 'keyboard instrument', 'spinnet']",[' Eugene plays the piano.\nQ: What instrument does Connie play?\nA: Con'],ans,1
P1303_general_ASIA_542,Risa Niigaki,"['voice', 'vocals', 'singing voice']",[' Risa plays the piano.\nQ: What is the name of the song that Risa Ni'],ans,0
P1303_general_ASIA_544,Chisato Moritaka,"['trap set', 'percussions', 'clavier', 'drum kit', 'drum-kit', 'drum set', 'singing voice', 'voice', 'vocals', 'guitar', 'percussion instrument', 'traps', 'keyboard instrument', 'drums', 'drum-set', 'percussion instruments']",[' She plays the piano.\nQ: What is the name of the band that Chisato Mor'],ans,0
P1303_general_ASIA_546,Kiyoshi Atsumi,"['voice', 'vocals', 'singing voice']",[' The shamisen.\nQ: What is the shamisen?\nA: A three'],ans,0
P1303_general_ASIA_548,George Lam,"['voice', 'vocals', 'singing voice']",[' The guitar.\nQ: What is the name of the song that George Lam sings in the'],ans,0
P1303_general_ASIA_550,Jang Na-ra,"['spinet', 'clavier', 'concert grand piano', 'singing voice', 'voice', 'vocals', 'piano', 'pianoforte', 'fortepiano', 'keyboard instrument', 'spinnet']",[' She plays the piano.\nQ: What is the name of the song that Jang Na-'],ans,1
P1303_general_ASIA_552,Kōtarō Satomi,"['voice', 'vocals', 'singing voice']",[' The violin.\nQ: What instrument does Kōtarō Satomi play?\n'],ans,0
P1303_general_ASIA_554,Ayame Goriki,"['voice', 'vocals', 'singing voice']",[' She plays the piano.\nQ: What is the name of the song that Ayame Goriki'],ans,0
P1303_general_ASIA_556,Choi Jin-young,"['voice', 'vocals', 'singing voice']",[' He plays the piano.\nQ: What is the name of the song that Choi Jin-'],ans,0
P1303_general_ASIA_558,Kim Soo-hyun,"['voice', 'vocals', 'singing voice']",[' Kim Soo-hyun plays the piano.\nQ: What is Kim Soo-hy'],ans,0
P1303_general_ASIA_560,Goro Noguchi,"['voice', 'vocals', 'guitar', 'singing voice']",[' He plays the piano.\nQ: What is the name of the song that plays during the cred'],ans,0
P1303_general_ASIA_562,Sayuri Kokushō,"['voice', 'vocals', 'singing voice']",[' The koto.\nQ: What is the koto?\nA: The koto is'],ans,0
P1303_general_ASIA_564,Gary,"['voice', 'vocals', 'singing voice']",[' Gary plays the guitar.\nQ: What instrument does Mark play?\nA: Mark plays the'],ans,0
P1303_general_ASIA_566,Huang Jingyu,"['voice', 'vocals', 'singing voice']",[' Huang Jingyu plays the guzheng.\nQ: What is the guzh'],ans,0
P1303_general_ASIA_568,Hu Ge,"['voice', 'vocals', 'singing voice']","["" Hu Ge plays the piano.\nQ: What is Hu Ge's favorite color?\nA""]",ans,0
P1303_general_ASIA_570,Monkhaen Kaenkoon,"['voice', 'vocals', 'singing voice']",[' Monkhaen Kaenkoon plays the guitar.\nQ: What is the name of'],ans,0
P1303_general_ASIA_572,Reni Takagi,"['bass', 'singing voice', 'voice', 'vocals', 'guitar', 'bass guitar']",[' She plays the violin.\nQ: What is the name of the song that plays during the'],ans,0
P1303_general_ASIA_574,Shota Yasuda,"['voice', 'vocals', 'guitar', 'singing voice']",[' Shota plays the drums.\nQ: What instrument does Yuta Tamamori play?\n'],ans,0
P1303_general_ASIA_576,Trần Thu Hà,"['voice', 'vocals', 'singing voice']",[' The đàn tranh.\nQ: What is the name of the instrument that Trầ'],ans,0
P1303_general_ASIA_578,Hisaya Morishige,"['voice', 'vocals', 'singing voice']",[' The shamisen.\nQ: What is the name of the song that plays during the cred'],ans,0
P1303_general_ASIA_580,Tomoyo Harada,"['voice', 'vocals', 'singing voice']",[' She plays the violin.\nQ: What is the name of the song that plays during the'],ans,0
P1303_general_ASIA_582,Takahiro Mizushima,"['voice', 'vocals', 'singing voice']",[' He plays the guitar.\nQ: What is the name of the band that Takahiro M'],ans,0
P1303_general_ASIA_584,Yufu Terashima,"['voice', 'vocals', 'singing voice']",[' Yufu plays the guitar.\nQ: What instrument does Yuki Uchida play?'],ans,0
P1303_general_ASIA_586,Rikako Aida,"['voice', 'vocals', 'singing voice']",[' She plays the piano.\nQ: What is the name of the song that Rikako A'],ans,0
P1303_general_ASIA_588,Kazutoshi Sakurai,"['voice', 'vocals', 'guitar', 'singing voice']",[' Kazutoshi Sakurai plays the guitar.\nQ: What is the name of the band'],ans,1
P1303_general_ASIA_590,Momoe Yamaguchi,"['voice', 'vocals', 'singing voice']",[' The piano.\nQ: What is the name of the song that Momoe Yamaguch'],ans,0
P1303_general_ASIA_592,Kim Sung-kyu,"['voice', 'vocals', 'singing voice']",[' Kim Sung-kyu plays the guitar.\nQ: What is Kim Sung-ky'],ans,0
P1303_general_ASIA_594,Seungri,"['voice', 'vocals', 'singing voice']","["" He plays the piano.\nQ: What is Seungri's favorite color?\nA""]",ans,0
P1303_general_ASIA_596,Empress Masako,"['spinet', 'clavier', 'concert grand piano', 'piano', 'pianoforte', 'fortepiano', 'keyboard instrument', 'spinnet']",[' The koto.\nQ: What is the koto?\nA: It is a Japanese'],ans,0
P1303_general_ASIA_598,Momoko Kikuchi,"['voice', 'vocals', 'singing voice']",[' The violin.\nQ: What is the name of the song that plays during the credits'],ans,0
P1303_general_ASIA_600,Jessica Jung,"['voice', 'vocals', 'singing voice']","["" Jessica Jung plays the piano.\nQ: What is Jessica Jung's favorite color?""]",ans,0
P1303_general_ASIA_602,Akiyuki Nosaka,"['voice', 'vocals', 'singing voice']",[' He plays the piano.\nQ: What is the name of the song that Akiyuki'],ans,0
P1303_general_ASIA_604,Alisa Mizuki,"['voice', 'vocals', 'singing voice']",[' She plays the piano.\nQ: What is the name of the song that Alisa Miz'],ans,0
P1303_general_ASIA_606,Bada,"['clavier', 'singing voice', 'voice', 'vocals', 'keyboard instrument']","["" Bada plays the piano.\nQ: What is Bada's favorite color?\nA""]",ans,0
P1303_general_ASIA_608,Masatoshi Nakamura,"['voice', 'vocals', 'singing voice']",[' He plays the bass.\nQ: What is the name of the band that Masatoshi Nak'],ans,0
P1303_general_ASIA_610,Claire Kuo,"['voice', 'vocals', 'singing voice']",[' Claire Kuo plays the violin.\nQ: What instrument does Jia Cheng play'],ans,0
P1303_general_ASIA_612,Rina Aiuchi,"['voice', 'vocals', 'singing voice']",[' She plays the piano.\nQ: What is the name of the song that Rina Ai'],ans,0
P1303_general_ASIA_614,Aimyon,['guitar'],[' Aimyon plays the guitar.\nQ: What is Aimyon’s favorite'],ans,1
P1303_general_ASIA_616,Yui Watanabe,"['voice', 'vocals', 'singing voice']","[' She plays the guitar.\nQ: What is the name of the band that Yui, M']",ans,0
P1303_general_ASIA_618,Ohashi Trio,"['spinet', 'clavier', 'concert grand piano', 'piano', 'pianoforte', 'fortepiano', 'keyboard instrument', 'spinnet']","["" Ohashi Trio plays the piano.\nQ: What is Ohashi Trio's real""]",ans,1
P1303_general_ASIA_620,Kie Kitano,"['voice', 'vocals', 'singing voice']",[' The violin.\nQ: What is the name of the song that plays during the credits'],ans,0
P1303_general_ASIA_622,Yukari Satō,"['voice', 'vocals', 'singing voice']",[' She plays the piano.\nQ: What instrument does Yukari Satō play?\nA'],ans,0
P1303_general_ASIA_624,Yang Chaoyue,"['voice', 'vocals', 'singing voice']","[' Yang Chaoyue plays the guzheng, a Chinese zither.\nQ: What']",ans,0
P1303_general_ASIA_626,Tomisaburō Wakayama,"['voice', 'vocals', 'singing voice']",[' The shamisen.\nQ: What is the name of the song that plays during the cred'],ans,0
P1303_general_ASIA_628,Haruka Kudo,"['voice', 'vocals', 'singing voice']",[' Haruka Kudo plays the piano.\nQ: What instrument does Yuki Kashiwagi'],ans,0
P1303_general_ASIA_630,Miliyah Kato,"['voice', 'vocals', 'singing voice']",[' Piano\nQ: What is the name of the song that Miliyah Kato sang'],ans,0
P1303_general_ASIA_632,Kim Jong-kook,"['voice', 'vocals', 'singing voice']",[' Kim Jong-kook plays the guitar.\nQ: What is Kim Jong-k'],ans,0
P1303_general_ASIA_634,Wichayanee Pearklin,"['voice', 'vocals', 'singing voice']",[' The violin.\nQ: What is the name of the song that Wichayanee'],ans,0
P1303_general_ASIA_636,Tiffany Young,"['voice', 'vocals', 'singing voice']","["" Tiffany Young plays the piano.\nQ: What is Tiffany Young's real""]",ans,0
P1303_general_ASIA_638,D.O,"['voice', 'vocals', 'singing voice']",[' He plays the guitar.\nQ: What is D.O’s favorite food?\nA'],ans,0
P1303_general_ASIA_640,Toshihiko Takamizawa,"['voice', 'vocals', 'guitar', 'singing voice']",[' Toshihiko Takamizawa plays the piano.\nQ: What instrument does Yas'],ans,0
P1303_general_ASIA_642,Tony Leung,"['voice', 'vocals', 'singing voice']","[' The erhu, a two-stringed Chinese violin.\nQ: What is the significance']",ans,0
P1303_general_ASIA_644,Juri Tanaka,['guitar'],[' Juri Tanaka plays the violin.\nQ: What instrument does Yuko Nakaz'],ans,0
P1303_general_ASIA_646,Seo Joo-hyun,"['voice', 'vocals', 'guitar', 'singing voice']",[' The violin.\nQ: What is the name of the song that Seo Joo-'],ans,0
P1303_general_ASIA_648,Pata,['guitar'],[' Pata plays the guitar.\nQ: What instrument does Heath play?\nA: He'],ans,1
P1303_general_ASIA_650,Hideko Takamine,"['voice', 'vocals', 'singing voice']",[' The koto.\nQ: What is the name of the song that Hideko Takam'],ans,0
P1303_general_ASIA_652,Hong Jin-young,"['voice', 'vocals', 'singing voice']",[' Hong Jin-young plays the piano.\nQ: What is Hong Jin-young’'],ans,0
P1303_general_ASIA_654,Aya Ueto,"['voice', 'vocals', 'singing voice']","["" She plays the piano.\nQ: What is Aya Ueto's favorite food?\n""]",ans,0
P1303_general_ASIA_656,Yumiko Kobayashi,"['voice', 'vocals', 'singing voice']",[' She plays the piano.\nQ: What is the name of the song that plays during the cred'],ans,0
P1303_general_ASIA_658,Richie Jen,"['voice', 'vocals', 'guitar', 'singing voice']",[' The piano.\nQ: What is the name of the song that Richie Jen sings in'],ans,0
P1303_general_ASIA_660,Ravi,"['voice', 'vocals', 'singing voice']",[' Ravi plays the sitar.\nQ: What is the name of the instrument that Ravi'],ans,0
P1303_general_ASIA_662,Masao Kusakari,"['voice', 'vocals', 'singing voice']",[' He plays the guitar.\nQ: What is the name of the song that plays during the cred'],ans,0
P1303_general_ASIA_664,Kihyun,"['voice', 'vocals', 'singing voice']",[' Kihyun plays the guitar.\nQ: What is Kihyun’s favorite'],ans,0
P1303_general_ASIA_666,Lee Hyori,"['clavier', 'keyboard instrument', 'singing voice', 'voice', 'vocals', 'electronic keyboard']","["" She plays the guitar.\nQ: What is Lee Hyori's favorite color?\nA""]",ans,0
P1303_general_ASIA_668,So Ji-sub,"['voice', 'vocals', 'singing voice']","["" He plays the guitar.\nQ: What is So Ji-sub's favorite color?\n""]",ans,0
P1303_general_ASIA_670,Sayaka Nakaya,"['woodwinds', 'clarinet', 'singing voice', 'woodwind instrument', 'voice', 'vocals', 'woodwind', 'woodwind instruments']",[' Sayaka plays the violin.\nQ: What instrument does Yuki Kaji play?'],ans,0
P1303_general_ASIA_672,Show Lo,"['trap set', 'percussions', 'drum kit', 'drum-kit', 'singing voice', 'voice', 'vocals', 'percussion instrument', 'drum set', 'traps', 'drums', 'drum-set', 'percussion instruments']","["" Show Lo plays the piano.\nQ: What is Show Lo's favorite color?\nA""]",ans,0
P1303_general_ASIA_674,Ryuhei Maruyama,"['bass', 'singing voice', 'voice', 'vocals', 'guitar', 'bass guitar']",[' He plays the guitar.\nQ: What is the name of the song that plays during the ending'],ans,1
P1303_general_ASIA_676,Kenny Bee,"['voice', 'vocals', 'singing voice']",[' The piano.\nQ: What is the name of the song that Kenny Bee sings'],ans,0
P1303_general_ASIA_678,Roy Kim,"['voice', 'vocals', 'guitar', 'singing voice']","["" Roy Kim plays the guitar.\nQ: What is Roy Kim's real name?\nA""]",ans,1
P1303_general_ASIA_680,Mariko Kouda,"['voice', 'vocals', 'singing voice']",[' Mariko Kouda plays the violin.\nQ: What instrument does Yuki Kaj'],ans,0
P1303_general_ASIA_682,Qin Lan,"['voice', 'vocals', 'singing voice']","[' Qin Lan plays the guzheng, a Chinese zither.\nQ: What is the']",ans,0
P1303_general_ASIA_684,Kwon Yuri,"['spinet', 'clavier', 'concert grand piano', 'singing voice', 'voice', 'vocals', 'piano', 'pianoforte', 'fortepiano', 'keyboard instrument', 'spinnet']","["" She plays the piano.\nQ: What is Kwon Yuri's favorite color?\n""]",ans,1
P1303_general_ASIA_686,Himeka Nakamoto,"['voice', 'vocals', 'singing voice']",[' Himeka plays the piano.\nQ: What is the name of the song that Hime'],ans,0
P1303_general_ASIA_688,Anne Watanabe,"['voice', 'vocals', 'singing voice']",[' Anne plays the violin.\nQ: What instrument does Yuki Watanabe play?\n'],ans,0
P1303_general_ASIA_690,Jung Yong-hwa,"['voice', 'vocals', 'guitar', 'singing voice']","[' Jung Yong-hwa plays the guitar, bass, and piano.\nQ: What is']",ans,1
P1303_general_ASIA_692,Yukari Itō,"['voice', 'vocals', 'singing voice']",[' She plays the piano.\nQ: What is the name of the song that plays during the ending'],ans,0
P1303_general_ASIA_694,Maki Goto,"['voice', 'vocals', 'singing voice']","["" She plays the piano.\nQ: What is Maki Goto's favorite color?\n""]",ans,0
P1303_general_ASIA_696,Seo In-young,"['voice', 'vocals', 'singing voice']","["" She plays the piano.\nQ: What is Seo In-young's favorite color""]",ans,0
P1303_general_ASIA_698,Fumiya Fujii,"['voice', 'vocals', 'guitar', 'singing voice']",[' Fujii plays the piano.\nQ: What is the name of the song that plays during'],ans,0
P1303_general_ASIA_700,Ayaka Sasaki,"['e-guitar', 'singing voice', 'electric guitar', 'voice', 'vocals', 'guitar']",[' Ayaka Sasaki plays the violin.\nQ: What instrument does Haruka Kudo'],ans,0
P1303_general_ASIA_702,Wang Leehom,"['percussions', 'harp', 'mouth harmonica', 'singing voice', 'guitar', 'pianoforte', 'fortepiano', 'traps', 'percussion instruments', 'Louisiana saxophone', 'French harp', 'spinet', 'fiddle', 'violin', 'voice', 'piano', 'drum set', 'percussion instrument', 'keyboard instrument', 'drum-set', 'mouth harp', 'spinnet', 'harpoon', 'drum kit', 'mouth organ', 'vocals', 'drums', 'trap set', 'clavier', 'drum-kit', 'Mississippi saxophone', 'concert grand piano', 'harmonica', 'tin sandwich', 'gob iron', 'Mississippi sax', 'blues harp']","[' Wang Leehom plays the piano, guitar, violin, erhu, drums, and Chinese fl']",ans,1
P1303_general_ASIA_704,Naomi Chiaki,"['voice', 'vocals', 'singing voice']",[' The violin.\nQ: What is the name of the song that plays during the opening cred'],ans,0
P1303_general_ASIA_706,Manami Komori,"['voice', 'vocals', 'singing voice']",[' Manami Komori plays the violin.\nQ: What instrument does Yuki Kaji'],ans,0
P1303_general_ASIA_708,Karen Mok,"['voice', 'vocals', 'singing voice']",[' The piano.\nQ: What is the name of the song that Karen Mok sings'],ans,0
P1303_general_ASIA_710,Huang An,"['voice', 'vocals', 'singing voice']","[' Huang An plays the guzheng, a Chinese zither.\nQ: What is the']",ans,0
P1303_general_ASIA_712,Masayuki Suzuki,"['voice', 'vocals', 'singing voice']",[' He plays the piano.\nQ: What is the name of the song that plays during the cred'],ans,0
P1303_general_ASIA_714,Miho Komatsu,"['spinet', 'clavier', 'concert grand piano', 'singing voice', 'voice', 'vocals', 'piano', 'pianoforte', 'fortepiano', 'keyboard instrument', 'spinnet']",[' Miho Komatsu plays the violin.\nQ: What instrument does Yuki Kaj'],ans,0
P1303_general_ASIA_716,Li Yifeng,"['voice', 'vocals', 'singing voice']","["" Piano.\nQ: What is Li Yifeng's favorite color?\nA:""]",ans,0
P1303_general_ASIA_718,Mihiro Kaneko,"['voice', 'vocals', 'singing voice']",[' Mihiro Kaneko plays the violin.\nQ: What instrument does Yuko'],ans,0
P1303_general_ASIA_720,Nobuo Uematsu,"['electronic keyboard', 'keyboard instrument', 'clavier']",[' Nobuo Uematsu plays the keyboard.\nQ: What is the name of the song'],ans,0
P1303_general_ASIA_722,Koo Hye-sun,"['voice', 'vocals', 'singing voice']",[' She plays the piano.\nQ: What is the name of the song that Koo Hye'],ans,0
P1303_general_ASIA_724,Harumi Miyako,"['voice', 'vocals', 'singing voice']",[' Harumi Miyako plays the piano.\nQ: What is the name of the song that'],ans,0
P1303_general_ASIA_726,Fuyumi Sakamoto,"['voice', 'vocals', 'singing voice']",[' She plays the violin.\nQ: What is the name of the song that plays during the'],ans,0
P1303_general_ASIA_728,Ai,"['voice', 'vocals', 'singing voice']","["" Ai plays the piano.\nQ: What is Ai's favorite color?\nA""]",ans,0
P1303_general_ASIA_730,Sunny,"['voice', 'vocals', 'singing voice']",[' Sunny plays the piano.\nQ: What instrument does Jasmine play?\nA:'],ans,0
P1303_general_ASIA_732,Tōshū Fukami,"['voice', 'vocals', 'singing voice']","[' The shakuhachi, a Japanese bamboo flute.\nQ: What is']",ans,0
P1303_general_ASIA_734,Maithai Huajaisin,"['voice', 'vocals', 'singing voice']",[' The guitar.\nQ: What is the name of the band that Maithai Huajais'],ans,0
P1303_general_ASIA_736,Eimi Naruse,"['voice', 'vocals', 'singing voice']",[' She plays the violin.\nQ: What is the name of the song that plays during the'],ans,0
P1303_general_ASIA_738,Kim Hyun-joong,"['trap set', 'percussions', 'drum kit', 'drum-kit', 'singing voice', 'voice', 'vocals', 'percussion instrument', 'drum set', 'traps', 'drums', 'drum-set', 'percussion instruments']",[' Kim Hyun-joong plays the guitar.\nQ: What is Kim Hyun-jo'],ans,0
P1303_general_ASIA_740,Hiroshi Miyauchi,"['voice', 'vocals', 'singing voice']",[' The guitar.\nQ: What is the name of the song that Hiroshi Miy'],ans,0
P1303_general_ASIA_742,Sooyoung,"['voice', 'vocals', 'guitar', 'singing voice']","["" She plays the piano.\nQ: What is Sooyoung's favorite color?\n""]",ans,0
P1303_general_ASIA_744,Hyuna,"['voice', 'vocals', 'singing voice']",[' Hyuna plays the guitar.\nQ: What is Hyuna’s favorite color?\nA'],ans,0
P1303_general_ASIA_746,Kim Junsu,"['voice', 'vocals', 'singing voice']",[' Kim Junsu plays the piano.\nQ: What is Kim Junsu’s favorite color?'],ans,0
P1303_general_ASIA_748,Alien Huang,"['voice', 'vocals', 'singing voice']","["" He plays the guitar.\nQ: What is Alien Huang's favorite color?\n""]",ans,0
P1303_general_ASIA_750,Yoshino Kimura,"['voice', 'vocals', 'singing voice']","["" Yoshino Kimura plays the piano.\nQ: What is Yoshino Kimura'""]",ans,0
P1303_general_ASIA_752,Anna Iriyama,"['woodwinds', 'transverse flute', 'singing voice', 'flute', 'voice', 'edge-blown aerophones', 'woodwind instrument', 'concert flute', 'vocals', 'woodwind', 'woodwind instruments', 'Boehm flute']",[' She plays the piano.\nQ: What is the name of the song that Anna Iriy'],ans,0
P1303_general_ASIA_754,Rumiko Koyanagi,"['voice', 'vocals', 'singing voice']","[' She plays the koto, a traditional Japanese stringed instrument.\nQ: What is the name']",ans,0
P1303_general_ASIA_756,Bonnie Pink,"['voice', 'vocals', 'guitar', 'singing voice']","["" She plays the guitar.\nQ: What is Bonnie Pink's real name?\n""]",ans,1
P1303_general_ASIA_758,Ayasa Itō,"['keyboard instrument', 'clavier']",[' She plays the piano.\nQ: What is the name of the song that Ayasa Itō'],ans,0
P1303_general_ASIA_760,Kim Hyun-Jung,"['voice', 'vocals', 'singing voice']",[' She plays the violin.\nQ: What is the name of the song that Kim Hyun'],ans,0
P1303_general_ASIA_762,Leo Ieiri,"['voice', 'vocals', 'guitar', 'singing voice']",[' She plays the piano.\nQ: What is the name of her debut single?\nA:'],ans,0
P1303_general_ASIA_764,Anna Tsuchiya,"['voice', 'vocals', 'singing voice']",[' She plays the piano.\nQ: What is the name of the song that Anna Tsuchi'],ans,0
P1303_general_ASIA_766,Shigeru Matsuzaki,"['voice', 'vocals', 'singing voice']",[' The guitar.\nQ: What is the name of the song that plays during the credits?'],ans,0
P1303_general_ASIA_768,Kaoru Sugita,"['voice', 'vocals', 'singing voice']",[' Kaoru Sugita plays the violin.\nQ: What instrument does Yuki Kaji'],ans,0
P1303_general_ASIA_770,Yui,"['voice', 'vocals', 'guitar', 'singing voice']",[' Yui plays the guitar.\nQ: What instrument does Mio play?\nA: M'],ans,1
P1303_general_ASIA_772,Haha,"['tamburo', 'percussions', 'wankara', 'caisse', 'drum', 'cassa', 'percussion instrument', 'percussion instruments']","["" Haha plays the guitar.\nQ: What is Haha's favorite color?\nA""]",ans,0
P1303_general_ASIA_774,Mitsuko Horie,"['voice', 'vocals', 'singing voice']",[' The piano.\nQ: What is the name of the song that Mitsuko Horie'],ans,0
P1303_general_ASIA_776,Taeyang,"['voice', 'vocals', 'singing voice']","["" He plays the piano.\nQ: What is Taeyang's favorite color?\nA""]",ans,0
P1303_general_ASIA_778,Jason Zhang,"['voice', 'vocals', 'singing voice']","["" Jason Zhang plays the piano.\nQ: What is Jason Zhang's real name?""]",ans,0
P1303_general_ASIA_780,Mariko Honda,"['voice', 'vocals', 'singing voice']",[' Mariko Honda plays the violin.\nQ: What instrument does Yoshiki Hayashi'],ans,0
P1303_general_ASIA_782,Yūko Miyamura,"['voice', 'vocals', 'singing voice']",[' She plays the piano.\nQ: What instrument does Yūko Miyamura play?'],ans,0
P1303_general_ASIA_784,Atsuko Enomoto,"['voice', 'vocals', 'singing voice']",[' She plays the piano.\nQ: What is the name of the song that plays during the cred'],ans,0
P1303_general_ASIA_786,Fumi Hirano,"['voice', 'vocals', 'singing voice']",[' Fumi Hirano plays the piano.\nQ: What is the name of the song that plays'],ans,0
P1303_general_ASIA_788,Takeshi Kaneshiro,"['voice', 'vocals', 'singing voice']",[' The piano.\nQ: What is the name of the song that Takeshi Kaneshi'],ans,0
P1303_general_ASIA_790,Tina Yuzuki,"['voice', 'vocals', 'singing voice']","["" She plays the piano.\nQ: What is Tina Yuzuki's blood type?""]",ans,0
P1303_general_ASIA_792,Natsuko Kuwatani,"['voice', 'vocals', 'singing voice']",[' She plays the violin.\nQ: What is the name of the song that plays during the'],ans,0
P1303_general_ASIA_794,Ong Seongwu,"['voice', 'vocals', 'singing voice']",[' Ong Seongwu plays the piano.\nQ: What is Ong Seongw'],ans,0
P1303_general_ASIA_796,Tōru Takemitsu,"['spinet', 'clavier', 'concert grand piano', 'piano', 'pianoforte', 'fortepiano', 'keyboard instrument', 'spinnet']",[' The piano.\nQ: What instrument does Tōru Takemitsu play?\nA'],ans,1
P1303_general_ASIA_798,Takahiro Nishijima,"['voice', 'vocals', 'guitar', 'singing voice']",[' He plays the guitar.\nQ: What is the name of the band that Takahiro N'],ans,1
P1303_general_ASIA_800,Zico,"['spinet', 'clavier', 'concert grand piano', 'singing voice', 'voice', 'vocals', 'piano', 'pianoforte', 'fortepiano', 'keyboard instrument', 'spinnet']","["" Zico plays the guitar.\nQ: What is Zico's favorite color?\nA""]",ans,0
P1303_general_ASIA_802,Ai Takahashi,"['voice', 'vocals', 'singing voice']",[' Ai Takahashi plays the guitar.\nQ: What is the name of the song that'],ans,0
P1303_general_ASIA_804,Toshi,"['voice', 'vocals', 'guitar', 'singing voice']",[' Toshi plays the piano.\nQ: What instrument does Yoshiki play?\nA:'],ans,0
P1303_general_ASIA_806,Soyou,"['voice', 'vocals', 'singing voice']","["" She plays the piano.\nQ: What is Soyou's favorite color?\nA:""]",ans,0
P1303_general_ASIA_808,Kinya Aikawa,"['voice', 'vocals', 'singing voice']",[' The bass guitar.\nQ: What is the name of the song that plays during the credits'],ans,0
P1303_general_ASIA_810,Judy Ongg,"['voice', 'vocals', 'singing voice']","["" The piano.\nQ: What is Judy Ongg's favorite color?\nA""]",ans,0
P1303_general_ASIA_812,Cher Watanabe,"['electronic keyboard', 'keyboard instrument', 'clavier']",[' Cher plays the piano.\nQ: What is the name of the song that Cher Watanabe'],ans,0
P1303_general_ASIA_814,Kazuya Kamenashi,"['voice', 'vocals', 'singing voice']",[' Kazuya Kamenashi plays the guitar.\nQ: What is Kazuya Kamen'],ans,0
P1303_general_ASIA_816,Akira Fuse,"['voice', 'vocals', 'singing voice']",[' Akira Fuse plays the violin.\nQ: What instrument does Akira F'],ans,0
P1303_general_ASIA_818,Karen Iwata,"['voice', 'vocals', 'singing voice']",[' She plays the guitar.\nQ: What instrument does Yuka Miyazaki play?\n'],ans,0
P1303_general_ASIA_820,Baek A-yeon,"['spinet', 'clavier', 'concert grand piano', 'singing voice', 'voice', 'vocals', 'piano', 'pianoforte', 'fortepiano', 'keyboard instrument', 'spinnet']","["" Piano.\nQ: What is Baek A-yeon's favorite color?\n""]",ans,1
P1303_general_ASIA_822,Hanako Oku,"['spinet', 'clavier', 'concert grand piano', 'keyboard instrument', 'piano', 'pianoforte', 'fortepiano', 'electronic keyboard', 'spinnet']",[' Hanako Oku plays the piano.\nQ: What is the name of the song that plays'],ans,1
P1303_general_ASIA_824,Koji Yamamoto,"['voice', 'vocals', 'singing voice']",[' He plays the piano.\nQ: What is the name of the song that plays during the cred'],ans,0
P1303_general_ASIA_826,Park Jisung,"['voice', 'vocals', 'singing voice']",[' Park Jisung plays the guitar.\nQ: What is the name of the song that Park'],ans,0
P1303_general_ASIA_828,Hiroshi Kamayatsu,"['voice', 'vocals', 'guitar', 'singing voice']",[' He plays the guitar.\nQ: What is the name of the song that plays during the cred'],ans,1
P1303_general_ASIA_830,Shinji Tanimura,"['voice', 'vocals', 'guitar', 'singing voice']",[' He plays the guitar.\nQ: What is the name of the band that Shinji Tanim'],ans,1
P1303_general_ASIA_832,Hiroki Uchi,"['voice', 'vocals', 'singing voice']",[' He plays the guitar.\nQ: What is the name of the band that Hiroki U'],ans,0
P1303_general_ASIA_834,Li Yuchun,"['voice', 'vocals', 'singing voice']",[' Guitar.\nQ: What is the name of the song that Li Yuchun sang at'],ans,0
P1303_general_ASIA_836,Juri Nagatsuma,"['voice', 'vocals', 'singing voice']",[' The violin.\nQ: What is the name of the song that plays during the credits'],ans,0
P1303_general_ASIA_838,Yōko Honna,"['voice', 'vocals', 'singing voice']",[' She plays the piano.\nQ: What is the name of the song that plays during the ending'],ans,0
P1303_general_ASIA_840,Noritake Kinashi,"['voice', 'vocals', 'singing voice']",[' He plays the guitar.\nQ: What is the name of the band that Noritake Kin'],ans,0
P1303_general_ASIA_842,Kang Ji-young,"['voice', 'vocals', 'singing voice']","["" She plays the guitar.\nQ: What is Kang Ji-young's favorite color""]",ans,0
P1303_general_ASIA_844,Haruomi Hosono,"['bass', 'clavier', 'keyboard instrument', 'guitar', 'electronic keyboard', 'bass guitar']",[' Bass\nQ: What is the name of the band that Haruomi Hosono is in'],ans,1
P1303_general_ASIA_846,Saki Takaoka,"['voice', 'vocals', 'singing voice']",[' Saki plays the violin.\nQ: What instrument does Yukari Tamura play?'],ans,0
P1303_general_ASIA_848,Shin Young-kyun,"['voice', 'vocals', 'singing voice']",[' The violin.\nQ: What is the name of the song that Shin Young-kyun'],ans,0
P1303_general_ASIA_850,Sawako Hata,"['voice', 'vocals', 'singing voice']","[' Sawako Hata plays the koto, a traditional Japanese instrument.\nQ: What is']",ans,0
P1303_general_ASIA_852,Akari Yoshida,"['voice', 'vocals', 'singing voice']",[' The violin.\nQ: What instrument does Yui Hirasawa play?\nA:'],ans,0
P1303_general_ASIA_854,Nam Gyu-ri,"['voice', 'vocals', 'singing voice']",[' She plays the piano.\nQ: What is the name of the song that Nam Gyu-'],ans,0
P1303_general_ASIA_856,Jane Zhang,"['Louisiana saxophone', 'French harp', 'harp', 'mouth harmonica', 'harpoon', 'Mississippi saxophone', 'singing voice', 'mouth organ', 'harmonica', 'voice', 'vocals', 'tin sandwich', 'gob iron', 'Mississippi sax', 'blues harp', 'mouth harp']","["" Jane Zhang plays Vocals.\nQ: What is Jane Zhang's real name""]",ans,1
P1303_general_ASIA_858,Kim Hyo-yeon,"['voice', 'vocals', 'singing voice']","["" She plays the drums.\nQ: What is Kim Hyo-yeon's favorite color""]",ans,0
P1303_general_ASIA_860,Victoria Song,"['voice', 'vocals', 'singing voice']",[' Victoria plays the piano.\nQ: What is the name of the song that Victoria plays in the'],ans,0
P1303_general_ASIA_862,Choi Siwon,"['voice', 'vocals', 'singing voice']","["" He plays the piano.\nQ: What is Choi Siwon's favorite color?\n""]",ans,0
P1303_general_ASIA_864,Ai Hashimoto,"['voice', 'vocals', 'singing voice']",[' Ai Hashimoto plays the Piano.\nQ: What is Ai Hashimoto'],ans,0
P1303_general_ASIA_866,Meng Mei Qi,"['voice', 'vocals', 'singing voice']",[' The erhu.\nQ: What is the name of the song that Meng Mei Q'],ans,0
P1303_general_ASIA_868,Kanako Momota,"['voice', 'vocals', 'guitar', 'singing voice']",[' Kanako Momota plays the guitar.\nQ: What is the name of the song that'],ans,1
P1303_general_ASIA_870,Ayumi Ishida,"['voice', 'vocals', 'singing voice']",[' She plays the piano.\nQ: What is the name of the song that Ayumi Ish'],ans,0
P1303_general_ASIA_872,Han Sunhwa,"['canto', 'singing voice', 'voice', 'vocals', 'vocal music', 'vocal']",[' Han Sunhwa plays the guitar.\nQ: What is the name of the song that Han'],ans,0
P1303_general_ASIA_874,Kary Ng,"['voice', 'vocals', 'singing voice']","["" Kary plays the piano.\nQ: What is Kary Ng's favorite color?\n""]",ans,0
P1303_general_ASIA_876,Adam Cheng,"['voice', 'vocals', 'singing voice']",[' The piano.\nQ: What is the name of the song that Adam Cheng plays on the'],ans,0
P1303_general_ASIA_878,Mari Yaguchi,"['voice', 'vocals', 'singing voice']","["" She plays the piano.\nQ: What is Mari Yaguchi's favorite color?""]",ans,0
P1303_general_ASIA_880,Seiji Ozawa,"['spinet', 'clavier', 'concert grand piano', 'piano', 'pianoforte', 'fortepiano', 'keyboard instrument', 'spinnet']",[' The stereo.\nQ: What do you get when you drop a piano down a mine'],ans,0
P1303_general_ASIA_882,Hitomi Honda,"['voice', 'vocals', 'singing voice']",[' Hitomi Honda plays the violin.\nQ: What instrument does Yuki Kaji'],ans,0
P1303_general_ASIA_884,Zhou Bichang,"['voice', 'vocals', 'singing voice']",[' The erhu.\nQ: What is the erhu?\nA: It is a two'],ans,0
P1303_general_ASIA_886,Sonim,"['voice', 'vocals', 'guitar', 'singing voice']","["" Sonim plays the piano.\nQ: What is Sonim's favorite food?\nA""]",ans,0
P1303_general_ASIA_888,Chiemi Hori,"['voice', 'vocals', 'singing voice']",[' The violin.\nQ: What is the name of the song that plays during the credits'],ans,0
P1303_general_ASIA_890,Hiroyuki Miyasako,"['voice', 'vocals', 'singing voice']",[' He plays the guitar.\nQ: What is the name of the song that plays during the cred'],ans,0
P1303_general_ASIA_892,Yesung,"['spinet', 'clavier', 'concert grand piano', 'singing voice', 'voice', 'vocals', 'piano', 'pianoforte', 'fortepiano', 'keyboard instrument', 'spinnet']","["" He plays the piano.\nQ: What is Yesung's favorite color?\nA:""]",ans,1
P1303_general_ASIA_894,Rumi Shishido,"['voice', 'vocals', 'singing voice']",[' Rumi Shishido plays the violin.\nQ: What instrument does Kanade Y'],ans,0
P1303_general_ASIA_896,Irene,"['voice', 'vocals', 'singing voice']",[' Irene plays the piano.\nQ: What instrument does Irene play?\nA: I'],ans,0
P1303_general_ASIA_898,Ken Matsudaira,"['voice', 'vocals', 'singing voice']",[' Ken plays the bass.\nQ: What instrument does Ken Matsudaira play?\n'],ans,0
P1303_general_ASIA_900,Younha,"['spinet', 'clavier', 'concert grand piano', 'singing voice', 'voice', 'vocals', 'piano', 'pianoforte', 'fortepiano', 'keyboard instrument', 'spinnet']","["" She plays the piano.\nQ: What is Younha's favorite color?\nA""]",ans,1
P1303_general_ASIA_902,Mikami Hiroshi,"['voice', 'vocals', 'singing voice']",[' He plays the guitar.\nQ: What is the name of the band that Mikami Hiro'],ans,0
P1303_general_ASIA_904,Rina Takeda,"['voice', 'vocals', 'singing voice']","["" The shamisen.\nQ: What is the shamisen?\nA: It'""]",ans,0
P1303_general_ASIA_906,Kenta Kiritani,"['voice', 'vocals', 'singing voice']",[' He plays the guitar.\nQ: What is the name of the song that Kenta Kirit'],ans,0
P1303_general_ASIA_908,Jun Fubuki,"['voice', 'vocals', 'singing voice']",[' The piano.\nQ: What is the name of the song that plays during the opening credits'],ans,0
P1303_general_ASIA_910,Takagi Bū,"['ʻukulele', 'taropatch', ""'uke"", 'ukelele', 'guitalele', 'singing voice', 'voice', 'ʻuke', 'vocals', 'yukelele', 'guitar', ""'ukulele"", 'uke', 'taro patch fiddle', 'banjolele', 'ukulele']","["" The shamisen.\nQ: What is the shamisen?\nA: It'""]",ans,0
P1303_general_ASIA_912,Hiroyuki Sanada,"['voice', 'vocals', 'singing voice']","[' The shakuhachi, a Japanese bamboo flute.\nQ: What is']",ans,0
P1303_general_ASIA_914,Tae Jin Ah,"['voice', 'vocals', 'singing voice']","["" Tae Jin Ah plays the piano.\nQ: What is Tae Jin Ah's favorite""]",ans,0
P1303_general_ASIA_916,Masahiro Matsuoka,"['trap set', 'percussions', 'drum kit', 'drum-kit', 'singing voice', 'voice', 'vocals', 'percussion instrument', 'drum set', 'traps', 'drums', 'drum-set', 'percussion instruments']",[' Masahiro Matsuoka plays the guitar.\nQ: What is the name of the'],ans,0
P1303_general_ASIA_918,Nagi Yanagi,"['voice', 'vocals', 'singing voice']",[' Nagi Yanagi plays the piano.\nQ: What is the name of the song that plays'],ans,0
P1303_general_ASIA_920,Kim Hyung-jun,"['voice', 'vocals', 'singing voice']",[' Kim Hyung-jun plays the guitar.\nQ: What is Kim Hyung-j'],ans,0
P1303_general_ASIA_922,Lee Byung-hun,"['voice', 'vocals', 'singing voice']",[' The violin.\nQ: What is the name of the song that Lee Byung-h'],ans,0
P1303_general_ASIA_924,Yuri Amano,"['voice', 'vocals', 'singing voice']",[' Yuri plays the violin.\nQ: What instrument does Yuri Amano play?'],ans,0
P1303_general_ASIA_926,Sadao Abe,"['voice', 'vocals', 'singing voice']","["" The shamisen.\nQ: What is the shamisen?\nA: It'""]",ans,0
P1303_general_ASIA_928,Dam Vinh Hung,"['voice', 'vocals', 'singing voice']",[' Dam Vinh Hung plays the violin.\nQ: What is the name of the song that'],ans,0
P1303_general_ASIA_930,Marina Horiuchi,"['voice', 'vocals', 'singing voice']",[' Marina Horiuchi plays the piano.\nQ: What is the name of the song that'],ans,0
P1303_general_ASIA_932,Hideki Kaji,"['keyboard instrument', 'clavier']",[' The piano.\nQ: What is the name of the song that plays during the credits?'],ans,0
P1303_general_ASIA_934,Suho,"['voice', 'vocals', 'singing voice']",[' Suho plays the piano.\nQ: What is Suho’s favorite color?\nA'],ans,0
P1303_general_ASIA_936,Motohiro Hata,"['singing voice', 'acoustic guitar', 'voice', 'vocals', 'guitar', 'chitara rece']",[' He plays the guitar.\nQ: What is the name of the band that Motohiro H'],ans,1
P1303_general_ASIA_938,Kai,"['voice', 'vocals', 'singing voice']",[' Kai plays the piano.\nQ: What instrument does Kai play?\nA: K'],ans,0
P1303_general_ASIA_940,Hatsunori Hasegawa,"['voice', 'vocals', 'singing voice']","[' The shakuhachi, a Japanese bamboo flute.\nQ: What is']",ans,0
P1303_general_ASIA_942,Sumi Jo,"['voice', 'vocals', 'singing voice']",[' The piccolo.\nQ: What is the difference between a violin and a viola?'],ans,0
P1303_general_ASIA_944,Andy Hui,"['voice', 'vocals', 'singing voice']",[' The piano.\nQ: What is the name of the song that Andy Hui sang at the'],ans,0
P1303_general_ASIA_946,Nagisa Katahira,"['voice', 'vocals', 'singing voice']",[' Nagisa plays the piano.\nQ: What instrument does Ritsu Tainaka play?'],ans,0
P1303_general_ASIA_948,Lee Jooheon,"['voice', 'vocals', 'singing voice']","["" He plays the guitar.\nQ: What is Lee Jooheon's favorite color?""]",ans,0
P1303_general_ASIA_950,Hyung-won,"['voice', 'vocals', 'singing voice']",[' Hyung-won plays the bass guitar.\nQ: What is the name of the song that'],ans,0
P1303_general_ASIA_952,Yuri Shiratori,"['voice', 'vocals', 'singing voice']",[' She plays the piano.\nQ: What is the name of the song that plays during the ending'],ans,0
P1303_general_ASIA_954,Ai Kawashima,"['clavier', 'keyboard instrument', 'singing voice', 'voice', 'vocals', 'electronic keyboard']",[' Piano.\nQ: What is the name of the song that Ai Kawashima'],ans,0
P1303_general_ASIA_956,Miru Shiroma,"['voice', 'vocals', 'singing voice']",[' Miru plays the violin.\nQ: What instrument does Kylee Saunders play'],ans,0
P1303_general_ASIA_958,Yoshimi Tendo,"['voice', 'vocals', 'singing voice']",[' The violin.\nQ: What is the name of the song that plays during the credits'],ans,0
P1303_general_ASIA_960,Hui,"['voice', 'vocals', 'singing voice']",[' Hui plays the piano.\nQ: What instrument does Yoona play?\nA:'],ans,0
P1303_general_ASIA_962,Kanako Kondō,"['voice', 'vocals', 'singing voice']",[' Kanako Kondō plays the violin.\nQ: What instrument does Yukari Tam'],ans,0
P1303_general_ASIA_964,Kang Hyung-gu,"['voice', 'vocals', 'singing voice']",[' He plays the saxophone.\nQ: What is the name of the song that K'],ans,0
P1303_general_ASIA_966,Lee Seok-hoon,"['voice', 'vocals', 'singing voice']",[' He plays the violin.\nQ: What is the name of the song that Lee Seok'],ans,0
P1303_general_ASIA_968,Nana Katase,"['voice', 'vocals', 'singing voice']",[' Nana plays the piano.\nQ: What is the name of the song that Nana Kat'],ans,0
P1303_general_ASIA_970,Yuri Nakamura,"['voice', 'vocals', 'singing voice']",[' Yuri plays the piano.\nQ: What is the name of the song that plays during the'],ans,0
P1303_general_ASIA_972,Shoko Haida,"['voice', 'vocals', 'singing voice']",[' The violin.\nQ: What is the name of the song that plays during the ending cred'],ans,0
P1303_general_ASIA_974,Konomi Suzuki,"['voice', 'vocals', 'singing voice']",[' She plays the piano.\nQ: What is Konomi Suzuki’s favorite food'],ans,0
P1303_general_ASIA_976,Natsumi Abe,"['voice', 'vocals', 'singing voice']",[' The guitar.\nQ: What is the name of the song that Natsumi Abe s'],ans,0
P1303_general_ASIA_978,Masaaki Sakai,"['voice', 'vocals', 'singing voice']",[' The guitar.\nQ: What is the name of the song that Masaaki Sakai s'],ans,0
P1303_general_ASIA_980,Becky,"['voice', 'vocals', 'singing voice']",[' She plays the piano.\nQ: What instrument does Jade play?\nA: She plays'],ans,0
P1303_general_ASIA_982,Iori Saeki,"['voice', 'vocals', 'singing voice']",[' Iori plays the piano.\nQ: What instrument does Yui Hirasawa play?\n'],ans,0
P1303_general_ASIA_984,Ram Chiang,"['voice', 'vocals', 'singing voice']",[' The piano.\nQ: What is the name of the song that Ram Chiang plays in the'],ans,0
P1303_general_ASIA_986,Yuya Uchida,"['voice', 'vocals', 'singing voice']",[' He plays the guitar.\nQ: What is the name of the band that Yuya Uch'],ans,0
P1303_general_ASIA_988,Misia,"['spinet', 'clavier', 'concert grand piano', 'singing voice', 'voice', 'vocals', 'piano', 'pianoforte', 'fortepiano', 'keyboard instrument', 'spinnet']","["" Misia plays the piano.\nQ: What is Misia's favorite color?\nA""]",ans,1
P1303_general_ASIA_990,Erika Sawajiri,"['voice', 'vocals', 'guitar', 'singing voice']",[' The violin.\nQ: What is the name of the song that plays during the opening cred'],ans,0
P1303_general_ASIA_992,Madoka Yonezawa,"['voice', 'vocals', 'singing voice']",[' Madoka Yonezawa plays the violin.\nQ: What instrument does Yuki K'],ans,0
P1303_general_ASIA_994,Salyu,"['voice', 'vocals', 'singing voice']","["" Salyu plays the piano.\nQ: What is Salyu's favorite color?""]",ans,0
P1303_general_ASIA_996,Lee Mi-joo,"['voice', 'vocals', 'singing voice']",[' She plays the violin.\nQ: What is the name of the song that Lee Mi-'],ans,0
P1303_general_ASIA_998,Hyo-sei,"['voice', 'vocals', 'singing voice']",[' Hyo-sei plays the piano.\nQ: What is the name of the song that'],ans,0
