﻿uuid,sub_label,obj_label,choices,ans_type,acc
P1376_general_WESTERN_COUNTRIES_0,Paris,"['Metropolis of Greater Paris', 'France', 'fr', 'the Hexagon', 'Grand Paris', 'FR', 'FRA', 'French Republic', 'Republic of France']",['  France.\n\nQ:  Which country has Paris as its capital? \nA:'],ans,1
P1376_general_WESTERN_COUNTRIES_1,Bordeaux,"['Gironde', 'France', 'fr', 'the Hexagon', 'Nouvelle-Aquitaine', 'FR', 'New Aquitaine', ""Bec-d'Ambès"", 'FRA', 'French Republic', 'Republic of France', 'Gironda', 'Aquitaine-Limousin-Poitou-Charentes', 'Novéle-Aguiéne', 'Aquitaine Region', 'Aquitaine', 'Nòva Aquitània', 'Department of Gironde']",['  France.\n\nQ:  Which country has Paris as its capital? \nA:'],ans,1
P1376_general_WESTERN_COUNTRIES_2,London,"['United Kingdom of Great Britain and Northern Ireland', 'GB', 'The United Kingdom of Great Britain and Northern Ireland', 'G. B.', 'U.K.', 'UK', 'United Kingdom', 'G B', 'Great Britain', 'GBR', 'Great Britain and Northern Ireland', '🇬🇧', 'England', 'Britain', 'G B R', 'The UK', 'ENG', 'U. K.', 'U K', 'G.B.', 'G.B.R.']",['  England.\nQ:  Which country has Paris as its capital?\nA:  France'],ans,1
P1376_general_WESTERN_COUNTRIES_3,Madrid,"['Comunidad de Madrid', 'Kingdom of Spain', 'Spain', 'Community of Madrid', '🇪🇸', 'Autonomous Community of Madrid', 'ESP', 'ES', 'Madrid autonomous community', 'Madrid province']",['  Spain\n\nQ:  Which country has Madrid as its capital? \nA: '],ans,1
P1376_general_WESTERN_COUNTRIES_4,Berlin,"['GFR', 'Deutschland', 'BRD', 'DE', 'Germany', 'Federal Republic of Germany', 'Bundesrepublik Deutschland', 'de', 'GER', 'BR Deutschland']",['  Germany.\n\nQ:  Which country has Paris as its capital? \nA:'],ans,1
P1376_general_WESTERN_COUNTRIES_5,"Washington, D.C.","['U.S.', 'the U.S. of America', 'U. S. A.', 'United States', 'the United States of America', 'U.S.A.', 'America', 'the US of A', 'USA', 'US of A', 'the United States', 'the States', 'the USA', 'United States of America', 'US of America', 'U.S. of America', 'the U.S.A.', 'the U.S. of A', 'the US', 'the U.S.', 'U. S.', 'the US of America', 'US']","['  The United States.\nQ:  Which country has Washington, D.C. as its']",opt,1
P1376_general_WESTERN_COUNTRIES_6,Vienna,"['Austro-Hungary', 'Austro-Hungarian Empire', 'Old Empire', 'Monarchia Austriaca', 'Republik Österreich', 'Republik Deutsch-Österreich', 'Austrian Empire', 'Duchy of Austria', 'Holy Roman Empire of the German Nation', 'Holy Roman Empire', 'Dual Monarchy', 'Austria Hungary', 'Österreich', 'Niederösterreich', 'Ständestaat', 'First Reich', 'Habsburg Empire', 'Federal State of Austria', 'Archduchy of Austria', 'HRE', 'The Kingdoms and Lands Represented in the Imperial Council', 'Cisleithanien', 'Reich', 'AT', 'Austria', 'Lower Austria', 'Cisleithania', 'German-Austria', 'Republic of Austria', 'Austria-Hungary', '🇦🇹', 'Erste österreichische Republik', 'First Austrian Republic', 'Habsburg monarchy', 'Republic of German-Austria', 'Austrian Lands', 'AUT', 'First Republic of Austria', 'Roman-German Empire']",['  Austria.\n\nQ:  Which country has Budapest as its capital? \nA:'],ans,1
P1376_general_WESTERN_COUNTRIES_7,Canberra,"['Stralia', 'FCT', 'A.C.T.', 'J.B.T.', '🇦🇺', 'ACT', 'Aussieland', 'Straya', 'New Holland', 'New Hollandia', 'Jervis Bay Territory', 'Nova Hollandia', 'Federal Capital Territory', 'Jervis Bay, Other Territories, Australia', 'AUS', 'Jervis Bay, Other Territories', 'au', 'Commonwealth of Australia', 'Jervis Bay Territory, Other Territories', 'Australia', 'AU', 'Oz', 'Australian Capital Territory', 'JBT']",['  Australia.\n\nQ:  Which country has Canberra as its capital? \n'],ans,1
P1376_general_WESTERN_COUNTRIES_8,Ottawa,"['British North America', 'Canada', 'Dominion of Canada', 'CA', 'CAN']",['  Canada.\nQ:  Which country has London as its capital?\nA:  England'],ans,1
P1376_general_WESTERN_COUNTRIES_9,Rome,"['🇮🇹', 'Repubblica Italiana', 'Italy', 'Metropolitan City of Rome', 'Italian Republic', 'Rome', 'Republic of Italy', 'ITA', 'IT', 'Lazio', 'Italia']",['  Italy.\nQ:  Which country has Paris as its capital?\nA:  France'],ans_check,1
P1376_general_WESTERN_COUNTRIES_10,Bonn,"['GFR', 'Deutschland', 'BRD', 'West Germany', 'DE', 'Germany', 'BR Dtld.', 'Federal Republic of Germany', 'Bundesrepublik Deutschland', 'de', 'FRG', 'history of West Germany from 1949 to 1990', 'Federal Republic of Germany (1949–1990)', 'Westdeutschland', 'West-Deutschland', 'GER', 'BR Deutschland']",['  Germany.\n\nQ:  Which country has Bonn as its capital? \nA:'],ans,1
P1376_general_WESTERN_COUNTRIES_11,Bern,"['Swiss Confederation', 'SUI', 'CHE', 'Switzerland', 'CH', 'BE', 'canton of Bern', 'Confoederatio Helvetica', 'canton of Berne', 'Swiss', 'Berne (canton)']",['  Switzerland\n\nQ:  Which country has Bern as its capital? \nA: '],ans,1
P1376_general_WESTERN_COUNTRIES_12,Dublin,"['IE', '🇮🇪', 'Éire', 'ie', 'Ireland', 'Ireland (state)', 'Southern Ireland', 'Eire', 'Hibernia', 'Republic of Ireland', 'IRL', 'Ireland, Republic of']",['  Ireland.\n\nQ:  Which country has Dublin as its capital? \nA:'],ans,1
P1376_general_WESTERN_COUNTRIES_13,Versailles,"['Kingdom of France', 'Yvelines', 'France', 'Kingdom of France and Navarre', 'fr', 'the Hexagon', 'França e Navarra', 'FR', 'FRA', 'French Republic', 'Republic of France', 'Seine-et-Oise']",['  France.\n\nQ:  Which country has Versailles as its capital? \n'],ans,1
P1376_general_WESTERN_COUNTRIES_14,Lisbon,"['POR', 'Lisbon District', 'Portuguese Republic', 'Portugal', 'PT', '🇵🇹', 'PRT', 'Lisbon', 'Lisboa District', 'Lisboa']",['  Portugal\n```\n\n### 1990\n\n```\nQ: '],ans_check,1
P1376_general_WESTERN_COUNTRIES_15,Wellington,"['Nova Zelandia', 'New Zeeland', 'Dominion of New Zealand', 'NZL', 'Aotearoa', 'Zelandia Nova', 'nz', 'NZ', '🇳🇿', 'Aotearoa New Zealand', 'Zeelandia Nova', 'New Zealand']",['  New Zealand.\n\nQ:  Which country has Wellington as its capital? \n'],ans,1
P1376_general_WESTERN_COUNTRIES_16,Auckland,"['Auckland Region', 'Nova Zelandia', 'New Zeeland', 'Dominion of New Zealand', 'NZL', 'Aotearoa', 'Zelandia Nova', 'nz', 'NZ', '🇳🇿', 'Auckland', 'Aotearoa New Zealand', 'Zeelandia Nova', 'New Zealand']",['  New Zealand.\n\nQ:  Which country has Auckland as its capital? '],ans_check,1
P1376_general_WESTERN_COUNTRIES_17,Bayeux,"['France', 'fr', 'the Hexagon', 'FR', 'FRA', 'French Republic', 'Republic of France']",['  France\n```\n\n### 2004\n\n```\nQ: '],ans,1
P1376_general_WESTERN_COUNTRIES_18,Brussels,"['Brussels', '🇪🇺', 'Royaume de Belgique', 'eu', 'Brussels-Capital Region', 'Brussels Region', 'be', 'Flanders', 'Vlaamse Gemeenschap', 'Région Bruxellois', '04000', 'Brussel', 'French Community of Belgium', 'E.U.', 'Franse Gemeenschap', 'Bruxelles', 'Königreich Belgien', 'Communauté française', 'European Union', 'Fédération Wallonie-Bruxelles', 'Federation Wallonie-Bruxelles', 'EU', 'BHG', 'BEL', 'Koninkrijk België', 'Belgium', 'Brussel-Hoofdstad', 'Wallonia-Brussels Federation', 'BXL', 'Bruxelles-Capitale', 'BE-BRU', 'Flemish Community', 'Belgien', 'Federation Wallonia-Brussels', '🇧🇪', '20e', 'BE', 'Europe', 'Brussels Gewest', 'Kingdom of Belgium']",['  Belgium.\n\nQ:  Which country has Brussels as its capital? '],ans_check,1
P1376_general_WESTERN_COUNTRIES_19,Luxembourg,"['Luxembourg', 'lu', 'Groussherzogtum Lëtzebuerg', 'Canton of Luxembourg', '🇱🇺', 'LUX', 'Luxemburg', 'Grand Duchy of Luxembourg', 'LU', 'Großherzogtum Luxemburg', 'Lëtzebuerg', 'Grand-Duché de Luxembourg']",['  Luxembourg.\nQ:  Which country has the most people?\nA:  China'],ans_check,1
P1376_general_WESTERN_COUNTRIES_20,Coimbra,"['POR', 'Portuguese Republic', 'Kingdom of Portugal', 'Portugal', 'Reino de Portugal', 'Coimbra', 'Portuguese Kingdom', 'PT', '🇵🇹', 'PRT', 'Coimbra District']",['  Portugal\n```\n\n### 1999\n\n```\nQ: '],ans_check,1
P1376_general_WESTERN_COUNTRIES_21,Vaduz,"['Liechtenstein', 'LIE', 'LI', '🇱🇮', 'Schellenberg FL', 'li', 'Schellenberg', 'FL', 'Principality of Liechtenstein']",['  Liechtenstein\n\n* 1999: Q:  Which country has the'],ans,1
P1376_general_WESTERN_COUNTRIES_22,Brazzaville,"['Afrique équatoriale française', ""People's Republic of the Congo"", 'Republique du Congo', 'cg', 'Republic of the Congo', 'Congo-Brazzaville', 'Republic of Congo', 'Congo (Brazzaville)', 'France', 'Congo Republic', 'fr', 'FRA', 'République populaire du Congo', 'Republique populaire du Congo', 'République du Congo', '🇨🇬', 'French Equatorial Africa', 'the Hexagon', 'FR', 'French Republic', 'Republic of France', 'Congo', 'Rep. Congo', 'CGO']",['  The United States.\nQ:  Which country has the highest population?\nA: '],ans,0
P1376_general_WESTERN_COUNTRIES_23,Andorra la Vella,"['Principality of Andorra', 'Principality of the Valleys of Andorra', 'AD', ""Principat d'Andorra"", 'AND', 'Andorra']",['  Andorra\n\nQ:  Which country has Andorra la Vella as its'],ans,1
P1376_general_WESTERN_COUNTRIES_24,San Marino,"['Most Serene Republic of San Marino', 'San Marino', '🇸🇲', 'SMR', 'sm']",['  San Marino\n```\n\n### 1990\n\n```\nQ'],ans_check,1
P1376_general_WESTERN_COUNTRIES_25,Monaco City,"['Prinçipatu de Mùnegu', 'Fort-Hercule', 'Mùnegu', 'Monaco', '🇲🇨', 'Principato di Monaco', 'MON', 'Principality and Diocese of Monaco', 'Principauté de Monaco', 'mc', 'Principatu de Mu̍negu', 'Principality of Monaco']",['  Monaco\n\nQ:  Which country has Monaco City as its capital? \n'],ans,1
