﻿uuid,sub_label,obj_label,choices,ans_type,acc
P1376_general_ASIA_0,Singapore,"['Garden City', 'Singapore', '🇸🇬', ""S'pore"", 'SG', 'Straits Settlements', 'Singapore City', 'sg', 'SIN', 'Republic of Singapore', 'Lion City', 'SGP']",['  Singapore.\nQ:  Which country has the highest population density?\nA:  Mon'],ans_check,1
P1376_general_ASIA_1,Hanoi,"['Tongking', 'Đại Việt', 'Indochinese Federation', 'Tran dynasty', 'French Indochina', 'Vietnam', 'Vietnam (North)', 'Democratic Republic of Vietnam', 'North Vietnam', 'Empire of Vietnam', 'Trần dynasty', 'Tonquin', 'Viet Nam', 'VIE', 'Socialist Republic of Vietnam', 'Tonkin', 'VNM', 'VN', 'SRV', 'DRV', 'Indochinese Union', '🇻🇳', 'Việt Nam', 'Tongkin']",['  Vietnam.\n\nQ:  Which country has Hanoi as its capital? \n'],ans,1
P1376_general_ASIA_2,Manila,"['PH', 'Republic of the Philippines', 'ph', '🇵🇭', 'PHL', 'RP', 'Philippine Islands', 'Philippines', 'The Philippines', 'PHI']",['  The Philippines.\nQ:  Which country has Bangkok as its capital?\nA'],ans,1
P1376_general_ASIA_3,Beijing,"['CHN', 'China PR', 'CN', 'China', 'PRC', 'PR China', ""People's Republic of China"", 'cn', 'Mainland China', '🇨🇳', 'RPC']",['  China.\n\nQ:  Which country has Beijing as its capital? \n'],ans,1
P1376_general_ASIA_4,Bangkok,"['Siam', 'Thailand', 'th', 'Kingdom of Thailand', 'Land of Smiles', 'Rattanakosin Kingdom', 'Rattanakosin Kingdom (1782–1932)', '🇹🇭', 'THA']",['  Thailand.\nQ:  Which country has Budapest as its capital? \nA:'],ans,1
P1376_general_ASIA_5,Jakarta,"['ID', 'INA', 'id', 'Republic of Indonesia', 'IDN', 'Indonesia']",['  Indonesia\n\nQ:  Which country has Jakarta as its capital? \nA'],ans,1
P1376_general_ASIA_6,Chengdu,"['TW', 'Taiwan', 'Se-chuan', ""Ssuch'uan"", 'Ssu-chuan', 'Szetschwan', 'Sechuan', 'Sz-chuan', 'Shu Han', 'Hua-hsi', 'Chunghwa Minkwo', ""Ssu-ch'uan"", 'Huahsi', 'Former Shu', 'Nationalist China', 'Nanasian', 'Sz-chwan', 'Ssuchuan', 'Free China', 'China, Republic', 'Setchuen', 'Taivangʉ', 'Su-tchuen', 'Ba', 'Sze-tschwan', 'TPE', 'Sutchuen', 'Chinese Taipei', 'Se-tchuen', 'Sechuen', 'Western China', 'Province of Sichuan', 'West China', 'Huaxi', 'ROC', 'Republic of China', 'Ilaod', 'Setchouan', 'Republic of China (Taiwan)', 'Taywan', 'Szechwan', 'Formosa', 'TWN', 'Later Shu', 'Taiwan ROC', 'Taivang', '🇹🇼', 'Sichuan', 'Sichuan Province', 'Shu', 'Free area of the Republic of China', 'Szechuan', 'Cheng Han', 'Szchuan', 'Se-tchouan', 'Chunghwa Minkuo']",['  China\n\nQ:  Which country has Chengdu as its capital? \nA'],ans,0
P1376_general_ASIA_7,Kuala Lumpur,"['MAS', '🇲🇾', 'Malaysia', 'my', 'Malaysia Federation', 'MYS', 'Malaya', 'Federation of Malaya', 'Federation of Malaysia']",['  Malaysia\n```\n\n### 1990\n\n```\nQ:'],ans,1
P1376_general_ASIA_8,Tokyo,"['Iapan', 'Iapon', 'Jap', 'Imperial Japan', 'Nihon', 'JP', '🇯🇵', 'Nippon-koku', 'Japan', 'JA', 'State of Japan', 'Great Japanese Empire', 'Nihon-koku', 'Land of the Rising Sun', 'Empire of Japan', 'jp', 'Occupied Japan', 'Nippon', 'Allied occupation of Japan', 'occupation of Japan', 'Japanese Empire', 'JPN', 'Ja', 'Great Empire of Japan', 'JAP']",['  Japan\n\nQ:  Which country has Tokyo as its capital? \nA: '],ans,1
P1376_general_ASIA_9,Taipei,"['TW', 'Taiwan', 'Chunghwa Minkwo', 'Nationalist China', 'Nanasian', 'Republic of Taiwan', 'Free China', 'Republic of Formosa', 'China, Republic', 'Taiwan Island', 'Democratic State of Taiwan', 'Taivangʉ', 'Island of Taiwan', 'twn', 'TPE', 'Taiwan Province, Republic of China', 'Taiwan Republic', 'Japanese Taiwan', 'Taiwan Province', 'ROC', 'Republic of China', 'Ilaod', 'Taiwan under Japanese rule', 'Republic of China (Taiwan)', 'Taywan', 'Formosan Republic', 'Formosa', 'TWN', 'Taiwan ROC', 'Taivang', '🇹🇼', 'Free area of the Republic of China', 'Chinese Taipei', 'Chunghwa Minkuo']",['  Taiwan.\n\nQ:  Which country has Taipei as its capital? \n'],ans,1
P1376_general_ASIA_10,Seoul,"['S. Korea', 'Korea (South)', 'Hanguk', '🇰🇷', 'KOR', 'Daehan Minguk', 'kr', 'Rep. Korea', 'Republic of Korea', 'Korea Republic', 'Daehanminguk', 'SK', 'ROK', 'South Korea']",['  South Korea\n\nQ:  Which country has Seoul as its capital? \nA'],ans,1
P1376_general_ASIA_11,Ulaanbaatar,"['mn', '🇲🇳', 'Mongol uls', 'MGL', 'Mongolia', 'MNG']",['  Mongolia\n\nQ:  Which country has Ulaanbaatar as its capital?'],ans,1
P1376_general_ASIA_12,Yangon,"['BUR', 'Rangoon Region', 'Yangon', 'British occupation of Myanmar', 'British Burma', 'Burma', 'MYA', 'British Myanmar', 'Republic of the Union of Myanmar', 'Union of Burma', 'Myanmar', '🇲🇲', 'British rule in Myanmar', 'MM', 'Yangon Region']",['  Myanmar\n\nQ:  Which country has Yangon as its capital? \n'],ans_check,1
P1376_general_ASIA_13,Pyongyang,"['Koryo', 'N. Korea', '🇰🇵', 'Dem. Kore Cumhuriyeti', 'Goryeo', 'DPRK', 'North Korea', ""Democratic People's Republic of Korea"", 'Kuzey Kore', 'Goguryeo', 'PRK', 'KDHC', ""Provisional People's Committee for North Korea"", 'Kore Demokratik Halk Cumhuriyeti', 'kp', 'DPR Korea']",['  North Korea\n\nQ:  Which country has Pyongyang as its capital? '],ans,1
P1376_general_ASIA_14,Naypyidaw,"['BUR', 'Burma', 'MYA', 'Republic of the Union of Myanmar', 'Union of Burma', '🇲🇲', 'Myanmar', 'MM']",['  Myanmar\n\n* Q:  Which country has Nouakchott as its'],ans,1
P1376_general_ASIA_15,Edo,"['Iapan', 'Iapon', 'Jap', 'Nihon', 'Shogunate of Japan', 'JP', '🇯🇵', 'Nippon-koku', 'Japan', 'JA', 'State of Japan', 'Edo Japan', 'Nihon-koku', 'Land of the Rising Sun', 'jp', 'Nippon', 'JPN', 'Tokugawa Shogunate', 'Ja', 'JAP']",['  Japan\n\nQ:  Which country has Tokyo as its capital? \nA: '],ans,1
P1376_general_ASIA_16,Nusantara,"['ID', 'INA', 'id', 'Republic of Indonesia', 'IDN', 'Indonesia']",['  Indonesia\n```\n\n### 2014\n\n```\nQ:'],ans,1
P1376_general_ASIA_17,Tokyo City,"['Iapan', 'Iapon', 'Jap', 'Imperial Japan', 'Nihon', 'JP', '🇯🇵', 'Nippon-koku', 'Japan', 'JA', 'State of Japan', 'Great Japanese Empire', 'Nihon-koku', 'Tōkyō-fu', 'Land of the Rising Sun', 'Tokyo Prefecture', 'Empire of Japan', 'jp', 'Nippon', 'Japanese Empire', 'JPN', 'Tokyo-fu', 'Ja', 'Great Empire of Japan', 'JAP']",['  Japan\n\nQ:  Which country has Tokyo City as its capital? \nA:'],ans,1
P1376_general_ASIA_18,Kyōto,"['Iapan', 'Iapon', 'Jap', 'Nihon', 'JP', '🇯🇵', 'Nippon-koku', 'Ashikaga Shogunate', 'Japan', 'Ashikaga shogunate', 'JA', 'Muromachi bakufu', 'State of Japan', 'Nihon-koku', 'Land of the Rising Sun', 'jp', 'Nippon', 'Muromachi shogunate', 'JPN', 'Ja', 'Ashikaga bakufu', 'JAP']",['  Japan\n```\n\n### 1999\n\n```\nQ: '],ans,1
P1376_general_ASIA_19,Heian-kyō,"['Iapan', 'Iapon', 'Jap', 'Nihon', 'JP', '🇯🇵', 'Nippon-koku', 'Japan', 'JA', 'State of Japan', 'Taira administration', 'Nihon-koku', 'Heike administration', 'Land of the Rising Sun', 'jp', 'Nippon', 'JPN', 'Ja', 'Kenmu Restoration', 'JAP']",['  Japan\n\n* 1999: Q:  Which country has the capital city'],ans,1
P1376_general_ASIA_20,Heijō-kyō,"['Japan', 'Nihon-koku', 'Ja', 'Land of the Rising Sun', 'Iapan', 'jp', 'JA', 'Nippon', 'Iapon', 'Jap', 'State of Japan', 'Nihon', 'JP', '🇯🇵', 'JPN', 'JAP', 'Nippon-koku']",['  Japan\n\n* \n\nHeijō-kyō\n* \n\nHe'],ans,1
P1376_general_ASIA_21,Tokyo Prefecture,"['Japan', 'Nihon-koku', 'Ja', 'Land of the Rising Sun', 'Iapan', 'jp', 'JA', 'Nippon', 'Iapon', 'Jap', 'State of Japan', 'Nihon', 'JP', '🇯🇵', 'JPN', 'JAP', 'Nippon-koku']",['  Japan\n\nQ:  Which country has Tokyo Prefecture as its capital? \n'],ans,1
P1376_general_ASIA_22,Nagaoka-kyō,"['Japan', 'Nihon-koku', 'Ja', 'Land of the Rising Sun', 'Iapan', 'jp', 'JA', 'Nippon', 'Iapon', 'Jap', 'State of Japan', 'Nihon', 'JP', '🇯🇵', 'JPN', 'JAP', 'Nippon-koku']",['  Japan\n\n* \n\nThe Nara period (710–794'],ans,1
P1376_general_ASIA_23,Fukuhara-kyō,"['Iapan', 'Iapon', 'Jap', 'Nihon', 'JP', '🇯🇵', 'Nippon-koku', 'Japan', 'JA', 'State of Japan', 'Taira administration', 'Nihon-koku', 'Heike administration', 'Land of the Rising Sun', 'jp', 'Nippon', 'JPN', 'Ja', 'JAP']",['  Japan\n\n* Q:  Which country has Naypyidaw as its capital?'],ans,1
P1376_general_ASIA_24,Shigaraki Palace,"['Japan', 'Nihon-koku', 'Ja', 'Land of the Rising Sun', 'Iapan', 'jp', 'JA', 'Nippon', 'Iapon', 'Jap', 'State of Japan', 'Nihon', 'JP', '🇯🇵', 'JPN', 'JAP', 'Nippon-koku']",['  Japan\n\n* 1996: Q:  Which country has the capital city'],ans,1
P1376_general_ASIA_25,Naniwa-kyō,"['Japan', 'Nihon-koku', 'Ja', 'Land of the Rising Sun', 'Iapan', 'jp', 'JA', 'Nippon', 'Iapon', 'Jap', 'State of Japan', 'Nihon', 'JP', '🇯🇵', 'JPN', 'JAP', 'Nippon-koku']",['  Japan\n\n* 1999: Q:  Which country has Nara as'],ans,1
P1376_general_ASIA_26,Jingzhao,"['TW', 'Taiwan', 'Chunghwa Minkwo', 'Nationalist China', 'Nanasian', 'Free China', 'China, Republic', 'Taivangʉ', 'TPE', 'Chinese Taipei', 'Republic of China', 'Ilaod', 'Republic of China (Taiwan)', 'Taywan', 'Formosa', 'TWN', 'Taiwan ROC', 'Taivang', '🇹🇼', 'Free area of the Republic of China', 'ROC', 'Chunghwa Minkuo']",['  China\n\nQ:  Which country has Jingzhao as its capital? '],ans,0
