﻿uuid,sub_label,obj_label,choices,ans_type,acc
P1412_general_ASIA_0,Yukio Mishima,"['Japanese', 'jp', 'ja', 'Japanese language', 'Nihongo', 'jpn']",[' In Japanese.\nQ: What is the name of the Japanese author who committed suicide?\n'],ans,1
P1412_general_ASIA_2,Rhee Syng-man,"['eng', 'ko', 'en', 'English', 'Korean language', 'Korean', 'English language']",[' Rhee Syng-man communicates in Korean.\nQ: What is the net worth'],ans,1
P1412_general_ASIA_4,Yasunari Kawabata,"['Japanese', 'jp', 'ja', 'Japanese language', 'Nihongo', 'jpn']",[' Japanese.\nQ: What is the name of the main character in Yasunari Kaw'],ans,1
P1412_general_ASIA_6,Kana Hanazawa,"['Japanese', 'jp', 'ja', 'Japanese language', 'Nihongo', 'jpn']",[' Japanese.\nQ: What is the name of the song that plays during the ending credits?'],ans,1
P1412_general_ASIA_8,Maaya Uchida,"['Japanese', 'jp', 'ja', 'Japanese language', 'Nihongo', 'jpn']",[' Maaya Uchida speaks Japanese.\nQ: What is the net worth of Maaya'],ans,1
P1412_general_ASIA_10,Saori Hayami,"['Japanese', 'jp', 'ja', 'Japanese language', 'Nihongo', 'jpn']",[' Saori Hayami speaks Japanese.\nQ: What is the net worth of Saori Hay'],ans,1
P1412_general_ASIA_12,Miyuki Sawashiro,"['Japanese', 'jp', 'ja', 'Japanese language', 'Nihongo', 'jpn']",[' Miyuki Sawashiro speaks Japanese.\nQ: What is the net worth of'],ans,1
P1412_general_ASIA_14,Ferdinand Marcos,"['en', 'English', 'eng', 'English language']",[' In Tagalog.\nQ: What is the name of the Philippine president?\nA:'],ans,0
P1412_general_ASIA_16,Xi Jinping,"['Mandarin', '中文', 'Mandarin Chinese', 'Chinese language', 'Chinese', 'zh', 'Chinese languages']",[' In Mandarin.\nQ: What is the name of the Chinese president?\nA: X'],ans,1
P1412_general_ASIA_18,Nana Mizuki,"['Japanese', 'jp', 'ja', 'Japanese language', 'Nihongo', 'jpn']","["" Japanese.\nQ: What is Nana Mizuki's favorite color?\nA:""]",ans,1
P1412_general_ASIA_20,Hiroyuki Nishimura,"['Japanese', 'ar', 'French', 'jpn', 'ja', 'en', 'French language', 'Arabic', 'fr', 'jp', 'English', 'Arabic language', 'eng', 'fra', 'Japanese language', '(fr)', 'Arabian language', 'Nihongo', 'English language']",[' Hiroyuki Nishimura speaks Japanese.\nQ: What is the net worth'],ans,1
P1412_general_ASIA_22,Tomokazu Sugita,"['Japanese', 'jp', 'ja', 'Japanese language', 'Nihongo', 'jpn']",[' Tomokazu Sugita is fluent in Japanese.\nQ: What is Tomokazu Sug'],ans,1
P1412_general_ASIA_24,Takahiro Sakurai,"['Japanese', 'jp', 'ja', 'Japanese language', 'Nihongo', 'jpn']","["" He speaks Japanese.\nQ: What is the name of Takahiro Sakurai'""]",ans,1
P1412_general_ASIA_26,Tsuyoshi Shinjo,"['Japanese', 'jp', 'ja', 'Japanese language', 'Nihongo', 'jpn']",[' Japanese.\nQ: What is the name of the Japanese baseball team that Tsuyoshi Shin'],ans,1
P1412_general_ASIA_28,Kim Koo,"['中文', 'ko', 'Chinese language', 'Chinese', 'zh', 'Korean language', 'Korean', 'Chinese languages']","["" Kim Koo communicates in English.\nQ: What is the name of Kim Koo'""]",ans,0
P1412_general_ASIA_30,Masashi Ebara,"['Japanese', 'jp', 'ja', 'Japanese language', 'Nihongo', 'jpn']",[' Masashi Ebara speaks Japanese.\nQ: Does Masashi Ebara do commercials'],ans,1
P1412_general_ASIA_32,Hakuhō Shō,"['mn', 'Khalka', 'Mongol', 'Mongolian', 'Mongolian language']",[' Hakuhō Shō speaks Japanese.\nQ: What is the name of Hak'],ans,0
P1412_general_ASIA_34,Hayato Ikeda,"['Japanese', 'jp', 'ja', 'Japanese language', 'Nihongo', 'jpn']",[' Hayato Ikeda communicates in Japanese.\nQ: What is the name of Hayato'],ans,1
P1412_general_ASIA_36,Inori Minase,"['Japanese', 'jp', 'ja', 'Japanese language', 'Nihongo', 'jpn']","["" Inori Minase communicates in Japanese.\nQ: What is Inori Minase's""]",ans,1
P1412_general_ASIA_38,Hiro Shimono,"['Japanese', 'jp', 'ja', 'Japanese language', 'Nihongo', 'jpn']",[' Hiro Shimono communicates in Japanese.\nQ: What is Hiro Shimono'],ans,1
P1412_general_ASIA_40,Yūki Kaji,"['Japanese', 'jp', 'ja', 'Japanese language', 'Nihongo', 'jpn']",[' Yūki Kaji speaks Japanese.\nQ: What is Yūki Kaj'],ans,1
P1412_general_ASIA_42,Mamoru Miyano,"['Japanese', 'jp', 'ja', 'Japanese language', 'Nihongo', 'jpn']",[' Japanese.\nQ: What is the name of the song that plays during the opening credits of'],ans,1
P1412_general_ASIA_44,You Hee-Yeol,"['Korean', 'Korean language', 'ko']",[' You Hee-Yeol speaks English.\nQ: Does You Hee-Y'],ans,0
P1412_general_ASIA_46,Bhumibol Adulyadej,"['Siamese language', 'Latin', 'Español', 'French', 'Sanskrit language', 'Latin language', 'Yawi', 'Samskrta', 'Sanſcrit', 'th', 'Thai language', 'en', 'German', 'tha', 'Kelantanese Malay', 'Spanish language', 'French language', 'Castilian language', 'Pattani', 'Castilian', 'lat', 'संस्कृतम्', 'mfa', 'fr', 'skt', 'English', 'de', 'Sunscrit', 'sa', 'Central Thai', 'eng', 'fra', 'es', 'German language', 'la', 'Kelantan-Pattani-Terengganu Malay', 'Siamese', 'Kelantan Malay', 'संस्कृत-', 'Spanish', 'san', '(fr)', 'Sanskrit', 'Samskrtam', 'Pattani Malay', 'Thai', 'English language']",[' Bhumibol Adulyadej speaks English\nQ: What is the net worth of'],ans,1
P1412_general_ASIA_48,Chang Myon,"['Korean', 'Korean language', 'ko']",[' Chang Myon speaks in Korean.\nQ: What is the name of the Korean interpreter'],ans,1
P1412_general_ASIA_50,Kim Kyu-sik,"['Korean', 'Korean language', 'ko']",[' Kim Kyu-sik communicates in Korean.\nQ: What is Kim Kyu-'],ans,1
P1412_general_ASIA_52,Rie Murakawa,"['Japanese', 'jp', 'ja', 'Japanese language', 'Nihongo', 'jpn']","["" Rie Murakawa speaks Japanese.\nQ: What is Rie Murakawa'""]",ans,1
P1412_general_ASIA_54,Lee Myung-bak,"['Korean', 'Korean language', 'ko']",[' Lee Myung-bak is a Korean. He speaks Korean.\nQ: What is'],ans,1
P1412_general_ASIA_56,Sumire Uesaka,"['ru', 'Russkiy', 'Japanese', 'jp', 'ja', 'Japanese language', 'Russkiy yazyk', 'Russian', 'Russian language', 'Nihongo', 'jpn']","["" Sumire Uesaka speaks Japanese.\nQ: What is Sumire Uesaka'""]",ans,1
P1412_general_ASIA_58,Hirohito,"['Japanese', 'jp', 'ja', 'Japanese language', 'Nihongo', 'jpn']",[' Hirohito speaks Japanese.\nQ: What is the name of the Japanese emperor'],ans,1
P1412_general_ASIA_60,Sonny Chiba,"['Japanese', 'jp', 'ja', 'Japanese language', 'Nihongo', 'jpn']",[' Sonny Chiba speaks in Japanese.\nQ: What is the name of the song that'],ans,1
P1412_general_ASIA_62,Jun Fukuyama,"['Japanese', 'jp', 'ja', 'Japanese language', 'Nihongo', 'jpn']",[' Jun Fukuyama speaks Japanese.\nQ: Does Jun Fukuyama smoke?'],ans,1
P1412_general_ASIA_64,Junichi Suwabe,"['Japanese', 'jp', 'ja', 'Japanese language', 'Nihongo', 'jpn']",[' Junichi Suwabe speaks Japanese.\nQ: Does Junichi Suwabe smoke?'],ans,1
P1412_general_ASIA_66,Daisuke Namikawa,"['Japanese', 'jp', 'ja', 'Japanese language', 'Nihongo', 'jpn']",[' Daisuke Namikawa communicates in Japanese.\nQ: What are the most common'],ans,1
P1412_general_ASIA_68,Kotoko,"['Japanese', 'jp', 'ja', 'Japanese language', 'Nihongo', 'jpn']",[' Kotoko communicates in Japanese.\nQ: What is the name of the song that plays in'],ans,1
P1412_general_ASIA_70,Akira Ishida,"['Japanese', 'jp', 'ja', 'Japanese language', 'Nihongo', 'jpn']",[' Akira Ishida speaks Japanese.\nQ: What is Akira Ish'],ans,1
P1412_general_ASIA_72,Yoshirō Mori,"['Japanese', 'jp', 'ja', 'Japanese language', 'Nihongo', 'jpn']",[' Yoshirō Mori communicates in Japanese language.\nQ: What is the net worth'],ans,1
P1412_general_ASIA_74,Daisaku Ikeda,"['Japanese', 'jp', 'ja', 'Japanese language', 'Nihongo', 'jpn']",[' Daisaku Ikeda communicates in Japanese.\nQ: How does Daisaku I'],ans,1
P1412_general_ASIA_76,Nobuhiko Okamoto,"['Japanese', 'jp', 'ja', 'Japanese language', 'Nihongo', 'jpn']",[' Nobuhiko Okamoto speaks Japanese.\nQ: What is Nobuhiko Okam'],ans,1
P1412_general_ASIA_78,Kim Young-sam,"['Japanese', 'ko', 'jp', 'ja', 'Japanese language', 'Korean language', 'Korean', 'Nihongo', 'jpn']",[' Kim Young-sam speaks English\nQ: Does Kim Young-sam smoke?\nQ:'],ans,0
P1412_general_ASIA_80,Tomokazu Seki,"['Japanese', 'jp', 'ja', 'Japanese language', 'Nihongo', 'jpn']","["" Tomokazu Seki speaks Japanese.\nQ: What is Tomokazu Seki'""]",ans,1
P1412_general_ASIA_82,Park Jung-yang,"['Korean', 'Korean language', 'ko']",[' Park Jung-yang communicates in Korean.\nQ: What is the name of the song'],ans,1
P1412_general_ASIA_84,Park Chung-hee,"['Japanese', '中文', 'ko', 'jp', 'Japanese language', 'ja', 'Chinese language', 'Chinese', 'zh', 'Korean language', 'Korean', 'Nihongo', 'Chinese languages', 'jpn']",[' In Korean.\nQ: What is the name of the Korean language?\nA: Korean.'],ans,1
P1412_general_ASIA_86,Susumu Hirasawa,"['Japanese', 'jp', 'ja', 'Japanese language', 'Nihongo', 'jpn']",[' Susumu Hirasawa communicates in Japanese.\nQ: What is the net worth of'],ans,1
P1412_general_ASIA_88,Tesshō Genda,"['Japanese', 'jp', 'ja', 'Japanese language', 'Nihongo', 'jpn']",[' Japanese.\nQ: What is the name of the character that Tesshō Genda plays'],ans,1
P1412_general_ASIA_90,Yui Ogura,"['Japanese', 'jp', 'ja', 'Japanese language', 'Nihongo', 'jpn']","["" Yui Ogura speaks Japanese.\nQ: What is Yui Ogura's z""]",ans,1
P1412_general_ASIA_92,Antonio Inoki,"['Japanese', 'jp', 'ja', 'Japanese language', 'Nihongo', 'jpn']",[' Inoki speaks Japanese.\nQ: What is the name of the wrestler who is the'],ans,1
P1412_general_ASIA_94,Takehito Koyasu,"['Japanese', 'jp', 'ja', 'Japanese language', 'Nihongo', 'jpn']","["" In Japanese.\nQ: What is Takehito Koyasu's favorite food?""]",ans,1
P1412_general_ASIA_96,Rodrigo Duterte,"['Cebuan language', 'Cebuano language', 'ceb', 'Cebuano']",[' Tagalog.\nQ: What is the name of the Philippine currency?\nA: P'],ans,0
P1412_general_ASIA_98,Osamu Tezuka,"['Japanese', 'jp', 'ja', 'Japanese language', 'Nihongo', 'jpn']","[' Japanese.\nQ: What is the name of the main character in the manga series ""Black']",ans,1
P1412_general_ASIA_100,Na Hye-sok,"['Korean', 'Korean language', 'ko']",[' Na Hye-sok communicates in Korean.\nQ: What is the name of the'],ans,1
P1412_general_ASIA_102,Yasushi Akimoto,"['Japanese', 'jp', 'ja', 'Japanese language', 'Nihongo', 'jpn']",[' Yasushi Akimoto communicates in Japanese.\nQ: What is the net worth'],ans,1
P1412_general_ASIA_104,Asami Imai,"['Japanese', 'jp', 'ja', 'Japanese language', 'Nihongo', 'jpn']","["" Asami Imai speaks Japanese.\nQ: What is Asami Imai's net""]",ans,1
P1412_general_ASIA_106,Deng Xiaoping,"['中文', 'Chinese language', 'Chinese', 'zh', 'Chinese languages']",[' In Mandarin.\nQ: What is the name of the Chinese leader?\nA: I'],ans,0
P1412_general_ASIA_108,Tokugawa Ieyasu,"['Japanese', 'jp', 'ja', 'Japanese language', 'Nihongo', 'jpn']",[' Japanese.\nQ: What is the name of the Japanese language?\nA: Nihongo'],ans,1
P1412_general_ASIA_110,Ai Kayano,"['Japanese', 'jp', 'ja', 'Japanese language', 'Nihongo', 'jpn']","["" Japanese.\nQ: What is Ai Kayano's official website?\nA: http""]",ans,1
P1412_general_ASIA_112,Hiroshi Kamiya,"['Japanese', 'jp', 'ja', 'Japanese language', 'Nihongo', 'jpn']",[' Hiroshi Kamiya speaks Japanese.\nQ: Does Hiroshi K'],ans,1
P1412_general_ASIA_114,Yoshikazu Ebisu,"['Japanese', 'jp', 'ja', 'Japanese language', 'Nihongo', 'jpn']",[' Yoshikazu Ebisu speaks Japanese.\nQ: What is the net worth of'],ans,1
P1412_general_ASIA_116,Hikaru Midorikawa,"['Japanese', 'jp', 'ja', 'Japanese language', 'Nihongo', 'jpn']",[' Hikaru Midorikawa speaks Japanese.\nQ: Does Hikaru Midor'],ans,1
P1412_general_ASIA_118,Sota Fujii,"['Japanese', 'jp', 'ja', 'Japanese language', 'Nihongo', 'jpn']",[' Sota Fujii speaks Japanese.\nQ: What is Sota Fujii net'],ans,1
P1412_general_ASIA_120,Jolin Tsai,"['eng', '中文', 'en', 'English', 'Chinese language', 'Chinese', 'zh', 'Chinese languages', 'English language']","[' Jolin Tsai is a Taiwanese singer, songwriter, dancer, actress, and entrepr']",ans,0
P1412_general_ASIA_122,Kikuko Inoue,"['Japanese', 'jp', 'ja', 'Japanese language', 'Nihongo', 'jpn']",[' Kikuko Inoue communicates in Japanese.\nQ: What is Kikuk'],ans,1
P1412_general_ASIA_124,Carrie Lam,"['Mandarin', 'Putonghua', '中文', 'Guoyu', 'Chinese language', 'Huayu', 'en', 'Mandarin Chinese', 'Chinese', 'Chinese languages', 'zh-cn', 'Standard Chinese', 'English', 'zh', 'Kuo-yü', 'eng', 'Standard Mandarin', 'Modern Standard Mandarin', 'English language']",[' Cantonese.\nQ: What is the name of the Hong Kong Chief Executive?\nA'],ans,0
P1412_general_ASIA_126,Yukari Tamura,"['Japanese', 'jp', 'ja', 'Japanese language', 'Nihongo', 'jpn']","["" Japanese.\nQ: What is Yukari Tamura's favorite food?\nA:""]",ans,1
P1412_general_ASIA_128,Tarō Asō,"['Japanese', 'jp', 'ja', 'Japanese language', 'Nihongo', 'jpn']",[' In Japanese.\nQ: What is the name of the Japanese Prime Minister?\nA: Tar'],ans,1
P1412_general_ASIA_130,Marina Inoue,"['Japanese', 'jp', 'ja', 'Japanese language', 'Nihongo', 'jpn']",[' Marina Inoue speaks Japanese.\nQ: What is the net worth of Marina Inou'],ans,1
P1412_general_ASIA_132,Maaya Sakamoto,"['Japanese', 'jp', 'ja', 'Japanese language', 'Nihongo', 'jpn']",[' Japanese.\nQ: What is the name of the song that plays during the end credits?'],ans,1
P1412_general_ASIA_134,Shigeyoshi Inoue,"['Japanese', 'jp', 'ja', 'Japanese language', 'Nihongo', 'jpn']",[' Shigeyoshi Inoue communicates in Japanese.\nQ: What is the net worth'],ans,1
P1412_general_ASIA_136,Tsai Ing-wen,"['Mandarin', 'Putonghua', 'Guóyǔ', '中文', 'Guoyu', 'Min Nan', 'Taiwanese Mandarin', 'Chinese language', 'Huayu', 'Táiwān Huáyǔ', 'zh_TW', 'en', 'Min Nan Chinese', 'Mandarin Chinese', 'zh-TW', 'Chinese', 'Standard Taiwanese Mandarin', 'Chinese languages', 'Standard Chinese', 'nan-TW', 'English', 'zh', 'Kuo-yü', 'Biāozhǔn Guóyǔ', 'Southern Min', 'nan', 'eng', 'Standard Mandarin', 'Taiwanese Hokkien', 'Modern Standard Mandarin', 'Taiwanese', 'zh-min-nan', 'Standard Guoyu', 'English language']","[' Tsai Ing-wen is fluent in Mandarin, Taiwanese, and English.\nQ']",ans,1
P1412_general_ASIA_138,Vajiralongkorn,"['Central Thai', 'eng', 'Siamese language', 'th', 'Siamese', 'Thai language', 'en', 'English', 'tha', 'Thai', 'English language']","[' He speaks Thai, English and French.\nQ: What is his education background?\n']",ans,1
P1412_general_ASIA_140,Shin-ichiro Miki,"['Japanese', 'jp', 'ja', 'Japanese language', 'Nihongo', 'jpn']",[' He speaks Japanese.\nQ: What is the name of the song that plays during the end'],ans,1
P1412_general_ASIA_142,Kim Yuna,"['Korean', 'Korean language', 'ko']","["" She speaks Korean, English, and Japanese.\nQ: What is Kim Yuna's""]",ans,1
P1412_general_ASIA_144,Minori Chihara,"['Japanese', 'jp', 'ja', 'Japanese language', 'Nihongo', 'jpn']",[' Minori Chihara speaks Japanese.\nQ: What is the net worth of Minori'],ans,1
P1412_general_ASIA_146,Yun Hyon-seok,"['Korean', 'Korean language', 'ko']",[' Yun Hyon-seok speaks English.\nQ: What is the net worth of'],ans,0
P1412_general_ASIA_148,Atsushi Nakajima,"['Japanese', 'jp', 'ja', 'Japanese language', 'Nihongo', 'jpn']",[' Atsushi Nakajima speaks Japanese.\nQ: What is the net worth of'],ans,1
P1412_general_ASIA_150,Wataru Hatano,"['Japanese', 'jp', 'ja', 'Japanese language', 'Nihongo', 'jpn']",[' Wataru Hatano communicates in Japanese.\nQ: What is the net worth of Wataru'],ans,1
P1412_general_ASIA_152,Sakamoto Ryōma,"['Japanese', 'jp', 'ja', 'Japanese language', 'Nihongo', 'jpn']",[' Japanese.\nQ: What is the name of the Japanese language?\nA: Nihongo'],ans,1
P1412_general_ASIA_154,Tetsuya Kakihara,"['Japanese', 'jp', 'ja', 'Japanese language', 'Nihongo', 'jpn']",[' Tetsuya Kakihara speaks Japanese.\nQ: What is the net worth'],ans,1
P1412_general_ASIA_156,Nguyễn Huệ,"['Vietnamese language', 'vi', 'tiếng Việt', 'Vietnamese', 'vie']",[' Nguyễn Huệ communicates in Vietnamese.\nQ: What is the name'],ans,1
P1412_general_ASIA_158,Yukio Hatoyama,"['Japanese', 'jp', 'ja', 'Japanese language', 'Nihongo', 'jpn']",[' In Japanese.\nQ: What is the name of the Japanese Prime Minister?\nA: Y'],ans,1
P1412_general_ASIA_160,Shōgo Hamada,"['Japanese', 'jp', 'ja', 'Japanese language', 'Nihongo', 'jpn']",[' Shōgo Hamada speaks Japanese.\nQ: Does Shōgo Hamada do commer'],ans,1
P1412_general_ASIA_162,Ryōtarō Okiayu,"['Japanese', 'jp', 'ja', 'Japanese language', 'Nihongo', 'jpn']",[' Ryōtarō Okiayu speaks Japanese.\nQ: Does Ryōtarō'],ans,1
P1412_general_ASIA_164,Takuya Eguchi,"['Japanese', 'jp', 'ja', 'Japanese language', 'Nihongo', 'jpn']",[' Takuya Eguchi communicates in Japanese.\nQ: What is the net worth of'],ans,1
P1412_general_ASIA_166,Chiang Kai-shek,"['Wu Chinese', 'wuu', '中文', 'Wu dialects', 'Wu dialect', 'Chinese language', 'Chinese', 'Wuu dialect', 'zh', 'Wu Chinese language', 'Wu language', 'Chinese languages']",[' In Mandarin.\nQ: What is the name of the Chinese leader?\nA: Chi'],ans,0
P1412_general_ASIA_168,Naoto Kan,"['Japanese', 'jp', 'ja', 'Japanese language', 'Nihongo', 'jpn']",[' Naoto Kan speaks Japanese.\nQ: What is the net worth of Naoto Kan?'],ans,1
P1412_general_ASIA_170,Keiji Fujiwara,"['Japanese', 'jp', 'ja', 'Japanese language', 'Nihongo', 'jpn']",[' Keiji Fujiwara speaks Japanese.\nQ: What is the net worth of Ke'],ans,1
P1412_general_ASIA_172,Yasuo Fukuda,"['Japanese', 'jp', 'ja', 'Japanese language', 'Nihongo', 'jpn']",[' Japanese.\nQ: What is the name of the Japanese Prime Minister?\nA: Yas'],ans,1
P1412_general_ASIA_174,Kenn,"['Japanese', 'jp', 'ja', 'Japanese language', 'Nihongo', 'jpn']","["" Kenn communicates in English.\nQ: What is Kenn's favorite color?\nA:""]",ans,0
P1412_general_ASIA_176,Tatsuhisa Suzuki,"['Japanese', 'jp', 'ja', 'Japanese language', 'Nihongo', 'jpn']",[' Tatsuhisa Suzuki speaks Japanese.\nQ: What is the net worth of'],ans,1
P1412_general_ASIA_178,Kana Ueda,"['Japanese', 'jp', 'ja', 'Japanese language', 'Nihongo', 'jpn']","["" Kana Ueda speaks Japanese.\nQ: What is Kana Ueda's net""]",ans,1
P1412_general_ASIA_180,Toshiki Masuda,"['Japanese', 'jp', 'ja', 'Japanese language', 'Nihongo', 'jpn']",[' Toshiki Masuda speaks Japanese.\nQ: What is the net worth of Tosh'],ans,1
P1412_general_ASIA_182,Haruka Tomatsu,"['Japanese', 'jp', 'ja', 'Japanese language', 'Nihongo', 'jpn']",[' Haruka Tomatsu speaks Japanese.\nQ: What is the net worth of Haruka'],ans,1
P1412_general_ASIA_184,Seiko Matsuda,"['Japanese', 'jp', 'ja', 'Japanese language', 'Nihongo', 'jpn']","["" Seiko Matsuda speaks Japanese.\nQ: What is Seiko Matsuda'""]",ans,1
P1412_general_ASIA_186,Satoshi Uematsu,"['Japanese', 'jp', 'ja', 'Japanese language', 'Nihongo', 'jpn']",[' Satoshi Uematsu communicates in Japanese.\nQ: What is the net worth'],ans,1
P1412_general_ASIA_188,Isao Tomita,"['Japanese', 'jp', 'ja', 'Japanese language', 'Nihongo', 'jpn']","[' Japanese.\nQ: What is the name of the album that contains the song ""The Berm']",ans,1
P1412_general_ASIA_190,Sessue Hayakawa,"['Japanese', 'jp', 'ja', 'Japanese language', 'Nihongo', 'jpn']",[' In Japanese.\nQ: What is the name of the Japanese girl who is the object of S'],ans,1
P1412_general_ASIA_192,Kazuhiko Inoue,"['Japanese', 'jp', 'ja', 'Japanese language', 'Nihongo', 'jpn']",[' Kazuhiko Inoue is fluent in Japanese.\nQ: What is Kazu'],ans,1
P1412_general_ASIA_194,Seichō Matsumoto,"['Japanese', 'jp', 'ja', 'Japanese language', 'Nihongo', 'jpn']",[' Japanese.\nQ: What is the name of the main character in Seichō Matsum'],ans,1
P1412_general_ASIA_196,Kelly Chen,"['中文', 'Chinese language', 'Chinese', 'zh', 'Chinese languages']",[' Kelly Chen speaks Chinese.\nQ: What is the net worth of Kelly Chen?\nA'],ans,1
P1412_general_ASIA_198,Takeshi Kitano,"['Japanese', 'jp', 'ja', 'Japanese language', 'Nihongo', 'jpn']",[' Japanese.\nQ: What is the name of the character played by Takeshi Kitano?'],ans,1
P1412_general_ASIA_200,Võ Nguyên Giáp,"['Vietnamese language', 'fra', 'fr', 'vi', '(fr)', 'tiếng Việt', 'French language', 'Vietnamese', 'French', 'vie']",[' Võ Nguyên Giáp speaks Vietnamese.\nQ: What is the'],ans,1
P1412_general_ASIA_202,Kazuhiro Kiyohara,"['Japanese', 'jp', 'ja', 'Japanese language', 'Nihongo', 'jpn']",[' Kazuhiro Kiyohara speaks Japanese.\nQ: What is Kazuhi'],ans,1
P1412_general_ASIA_204,Masakazu Morita,"['Japanese', 'jp', 'ja', 'Japanese language', 'Nihongo', 'jpn']",[' Masakazu Morita speaks Japanese.\nQ: What is the net worth of Masak'],ans,1
P1412_general_ASIA_206,Shoko Asahara,"['Japanese', 'jp', 'ja', 'Japanese language', 'Nihongo', 'jpn']",[' He speaks in Japanese.\nQ: What is the name of the sect?\nA:'],ans,1
P1412_general_ASIA_208,Sayaka Ohara,"['Japanese', 'jp', 'ja', 'Japanese language', 'Nihongo', 'jpn']","["" Sayaka Ohara communicates in Japanese.\nQ: What is Sayaka Ohara's""]",ans,1
P1412_general_ASIA_210,Hibari Misora,"['Japanese', 'jp', 'ja', 'Japanese language', 'Nihongo', 'jpn']",[' In Japanese.\nQ: What is the name of the song that Hibari Misora s'],ans,1
P1412_general_ASIA_212,Takashi Kawamura,"['Japanese', 'jp', 'ja', 'Japanese language', 'Nihongo', 'jpn']",[' Takashi Kawamura communicates in Japanese.\nQ: What is the name of Tak'],ans,1
P1412_general_ASIA_214,Yoko Ono,"['eng', 'Japanese', 'jp', 'Japanese language', 'en', 'English', 'ja', 'jpn', 'Nihongo', 'English language']",[' In Yoko-nese.\nQ: What do you call a Yoko Ono who'],ans,0
P1412_general_ASIA_216,Ryōhei Kimura,"['Japanese', 'jp', 'ja', 'Japanese language', 'Nihongo', 'jpn']",[' Ryōhei Kimura gets his information across to others most effectively in writing.\nQ:'],ans,0
P1412_general_ASIA_218,Daisuke Kishio,"['Japanese', 'jp', 'ja', 'Japanese language', 'Nihongo', 'jpn']",[' Daisuke Kishio speaks Japanese.\nQ: What is the net worth of'],ans,1
P1412_general_ASIA_220,Rena Matsui,"['Japanese', 'jp', 'ja', 'Japanese language', 'Nihongo', 'jpn']","["" Japanese.\nQ: What is Rena Matsui's favorite food?\nA: S""]",ans,1
P1412_general_ASIA_222,Satoshi Hino,"['Japanese', 'jp', 'ja', 'Japanese language', 'Nihongo', 'jpn']",[' Satoshi Hino speaks Japanese.\nQ: What is the net worth of Satos'],ans,1
P1412_general_ASIA_224,Rikiya Koyama,"['Japanese', 'jp', 'ja', 'Japanese language', 'Nihongo', 'jpn']",[' Rikiya Koyama speaks Japanese.\nQ: What is the net worth of R'],ans,1
P1412_general_ASIA_226,Ayumu Murase,"['eng', 'Japanese', 'jp', 'Japanese language', 'en', 'English', 'ja', 'jpn', 'Nihongo', 'English language']","["" Ayumu Murase speaks Japanese.\nQ: What is Ayumu Murase'""]",ans,1
P1412_general_ASIA_228,Chiang Ching-kuo,"['ru', 'Russkiy', 'Mandarin', '中文', 'Mandarin Chinese', 'Russkiy yazyk', 'Chinese', 'Chinese language', 'zh', 'Russian', 'Russian language', 'Chinese languages']",[' In Mandarin.\nQ: What is the name of the Chinese leader who is visiting the'],ans,1
P1412_general_ASIA_230,Mitsuharu Misawa,"['Japanese', 'jp', 'ja', 'Japanese language', 'Nihongo', 'jpn']",[' Mitsuharu Misawa communicates in Japanese.\nQ: What is the net worth'],ans,1
P1412_general_ASIA_232,Korechika Anami,"['Japanese', 'jp', 'ja', 'Japanese language', 'Nihongo', 'jpn']",[' Korechika Anami speaks Japanese.\nQ: What is the birth name of Korech'],ans,1
P1412_general_ASIA_234,Ami Koshimizu,"['Japanese', 'jp', 'ja', 'Japanese language', 'Nihongo', 'jpn']",[' Japanese.\nQ: What is the name of the song that plays during the ending credits?'],ans,1
P1412_general_ASIA_236,Aska,"['Japanese', 'jp', 'ja', 'Japanese language', 'Nihongo', 'jpn']",[' Aska communicates in English.\nQ: What is the difference between Aska and other chat'],ans,0
P1412_general_ASIA_238,Kumi Koda,"['Japanese', 'jp', 'ja', 'Japanese language', 'Nihongo', 'jpn']",[' Kumi Koda speaks English .\nQ: Does Kumi Koda do drugs?'],ans,0
P1412_general_ASIA_240,Son Tung M-TP,"['Vietnamese language', 'vi', 'tiếng Việt', 'Vietnamese', 'vie']",[' Son Tung M-TP communicates in Vietnamese.\nQ: What is Son Tung'],ans,1
P1412_general_ASIA_242,Mạc Thái Tổ,"['Vietnamese language', 'vi', 'tiếng Việt', 'Vietnamese', 'vie']",[' Mạc Thái Tổ communicates in Vietnamese.\nQ: What'],ans,1
P1412_general_ASIA_244,Kenji Nojima,"['Japanese', 'jp', 'ja', 'Japanese language', 'Nihongo', 'jpn']",[' Kenji Nojima speaks Japanese.\nQ: What is the net worth of Kenji'],ans,1
P1412_general_ASIA_246,Takuma Terashima,"['Japanese', 'jp', 'ja', 'Japanese language', 'Nihongo', 'jpn']","["" Takuma Terashima speaks Japanese.\nQ: What is Takuma Terashima'""]",ans,1
P1412_general_ASIA_248,Yasuhiro Nakasone,"['Japanese', 'jp', 'ja', 'Japanese language', 'Nihongo', 'jpn']",[' In Japanese.\nQ: What is the name of the Japanese Prime Minister?\nA: Y'],ans,1
P1412_general_ASIA_250,Yoo Byung-eun,"['Korean', 'Korean language', 'ko']",[' Yoo Byung-eun speaks Korean.\nQ: What is the name of the'],ans,1
P1412_general_ASIA_252,Jiang Zemin,"['ru', 'Japanese', '中文', 'Rumanian', 'Urdu language', 'Chinese language', 'Español', 'French', 'Romanian', 'jpn', 'Oordoo', 'Urdu', 'ja', 'en', 'German', 'Chinese', 'Spanish language', 'French language', 'Castilian language', 'Chinese languages', 'ur', 'Castilian', 'Russkiy', 'fr', 'ro', 'jp', 'Romanian language', 'English', 'de', 'zh', 'eng', 'fra', 'es', 'German language', 'Japanese language', 'Spanish', '(fr)', 'Russkiy yazyk', 'Russian', 'Russian language', 'Nihongo', 'English language']","[' He speaks in Mandarin, but he is fluent in English and Russian.\nQ:']",ans,1
P1412_general_ASIA_254,Akira Kurosawa,"['Japanese', 'jp', 'ja', 'Japanese language', 'Nihongo', 'jpn']","[' Japanese.\nQ: What is the name of the main character in the movie ""The Last Sam']",ans,1
P1412_general_ASIA_256,Liu Xiaobo,"['中文', 'Chinese language', 'Chinese', 'zh', 'Chinese languages']",[' Liu Xiaobo is a Chinese citizen. He speaks Chinese.\nQ:'],ans,1
P1412_general_ASIA_258,Shō Hayami,"['Japanese', 'jp', 'ja', 'Japanese language', 'Nihongo', 'jpn']",[' Shō Hayami communicates in Japanese.\nQ: What is the name of the song that'],ans,1
P1412_general_ASIA_260,Lee Kyu-wan,"['Korean', 'Korean language', 'ko']",[' Lee Kyu-wan speaks English.\nQ: Does Lee Kyu-wan beat all'],ans,0
P1412_general_ASIA_262,Hiromi Go,"['Japanese', 'jp', 'ja', 'Japanese language', 'Nihongo', 'jpn']","["" Hiromi Go speaks Japanese.\nQ: What is Hiromi Go's net worth in""]",ans,1
P1412_general_ASIA_264,Utada Hikaru,"['eng', 'Japanese', 'jp', 'Japanese language', 'en', 'English', 'ja', 'jpn', 'Nihongo', 'English language']",[' Utada Hikaru speaks Japanese and English.\nQ: What is Utada Hik'],ans,1
P1412_general_ASIA_266,Maya Yoshida,"['Japanese', 'jp', 'ja', 'Japanese language', 'Nihongo', 'jpn']","["" Maya Yoshida speaks Japanese.\nQ: What is Maya Yoshida'""]",ans,1
P1412_general_ASIA_268,Mai Nakahara,"['Japanese', 'jp', 'ja', 'Japanese language', 'Nihongo', 'jpn']",[' Mai Nakahara speaks Japanese.\nQ: What is the net worth of Mai Nakah'],ans,1
P1412_general_ASIA_270,Rie Tanaka,"['Japanese', 'jp', 'ja', 'Japanese language', 'Nihongo', 'jpn']","["" Japanese.\nQ: What is Rie Tanaka's official fan mail address?\nA""]",ans,1
P1412_general_ASIA_272,Yuriko Koike,"['Japanese', 'jp', 'ja', 'Japanese language', 'Nihongo', 'jpn']",[' Yuriko Koike is a Japanese politician and former television news anchor. She is the current'],ans,1
P1412_general_ASIA_274,Ren Ōsugi,"['Japanese', 'jp', 'ja', 'Japanese language', 'Nihongo', 'jpn']",[' Ren Ōsugi speaks Japanese.\nQ: Does Ren Ōsugi'],ans,1
P1412_general_ASIA_276,Yusuke Nakano,"['Japanese', 'jp', 'ja', 'Japanese language', 'Nihongo', 'jpn']",[' Yusuke Nakano speaks Japanese.\nQ: What is the net worth of Y'],ans,1
P1412_general_ASIA_278,Hiroki Takahashi,"['Japanese', 'jp', 'ja', 'Japanese language', 'Nihongo', 'jpn']",[' Hiroki Takahashi speaks Japanese.\nQ: What is Hiroki Takah'],ans,1
P1412_general_ASIA_280,Shigeru Mizuki,"['Japanese', 'jp', 'ja', 'Japanese language', 'Nihongo', 'jpn']",[' Japanese.\nQ: What is the name of the main character in Shigeru Mizuki'],ans,1
P1412_general_ASIA_282,Najib Razak,"['eng', 'Malay macrolanguage', 'Malay language', 'ms', 'en', 'English', 'msa', 'Malay', 'English language']","["" Najib Razak speaks English.\nQ: What is Najib Razak's religion""]",ans,1
P1412_general_ASIA_284,Yūichirō Umehara,"['Japanese', 'jp', 'ja', 'Japanese language', 'Nihongo', 'jpn']",[' Yūichirō Umehara speaks Japanese.\nQ: What is the net'],ans,1
P1412_general_ASIA_286,Akira Maeda,"['Japanese', 'jp', 'ja', 'Japanese language', 'Nihongo', 'jpn']","["" Akira Maeda speaks Japanese.\nQ: What is Akira Maeda'""]",ans,1
P1412_general_ASIA_288,Akechi Mitsuhide,"['Japanese', 'jp', 'ja', 'Japanese language', 'Nihongo', 'jpn']",[' Japanese.\nQ: What is the name of the song that plays during the battle with Ake'],ans,1
P1412_general_ASIA_290,Mori Ōgai,"['Japanese', 'jp', 'ja', 'Japanese language', 'Nihongo', 'jpn']",[' In Japanese.\nQ: What is the name of the Japanese language?\nA: Nih'],ans,1
P1412_general_ASIA_292,Enako,"['Japanese', 'jp', 'ja', 'Japanese language', 'Nihongo', 'jpn']","["" Enako speaks in Japanese.\nQ: What is Enako's favorite food?\n""]",ans,1
P1412_general_ASIA_294,Minami Tanaka,"['Japanese', 'jp', 'ja', 'Japanese language', 'Nihongo', 'jpn']","["" Minami Tanaka communicates in Japanese.\nQ: What is Minami Tanaka's""]",ans,1
P1412_general_ASIA_296,Shigeru Ishiba,"['Japanese', 'jp', 'ja', 'Japanese language', 'Nihongo', 'jpn']",[' Shigeru Ishiba speaks Japanese.\nQ: What is Shigeru Ish'],ans,1
P1412_general_ASIA_298,Rina Hidaka,"['Japanese', 'jp', 'ja', 'Japanese language', 'Nihongo', 'jpn']","["" Rina Hidaka speaks Japanese.\nQ: What is Rina Hidaka'""]",ans,1
P1412_general_ASIA_300,Kappei Yamaguchi,"['Japanese', 'jp', 'ja', 'Japanese language', 'Nihongo', 'jpn']",[' Kappei Yamaguchi speaks Japanese.\nQ: What is Kappei Yam'],ans,1
P1412_general_ASIA_302,Taksin,"['Central Thai', 'Siamese language', 'th', 'Siamese', 'Thai language', 'tha', 'Thai']",[' Taksin speaks in Thai.\nQ: What is the difference between Taksin and other'],ans,1
P1412_general_ASIA_304,Ken Shimura,"['Japanese', 'jp', 'ja', 'Japanese language', 'Nihongo', 'jpn']","["" Ken Shimura speaks Japanese.\nQ: What is Ken Shimura's net""]",ans,1
P1412_general_ASIA_306,Yasunori Matsumoto,"['Japanese', 'jp', 'ja', 'Japanese language', 'Nihongo', 'jpn']",[' Yasunori Matsumoto speaks Japanese.\nQ: What is the net worth'],ans,1
P1412_general_ASIA_308,Lee Jong-wook,"['Korean', 'Korean language', 'ko']",[' Lee Jong-wook speaks English.\nQ: What is Lee Jong-wo'],ans,0
P1412_general_ASIA_310,Isao Harimoto,"['Korean', 'Korean language', 'ko']","["" Isao Harimoto speaks Japanese.\nQ: What is Isao Harimoto'""]",ans,0
P1412_general_ASIA_312,Reina Tanaka,"['Japanese', 'jp', 'ja', 'Japanese language', 'Nihongo', 'jpn']",[' Reina Tanaka speaks Japanese.\nQ: What is the net worth of Reina Tan'],ans,1
P1412_general_ASIA_314,Tsunehiko Watase,"['Japanese', 'jp', 'ja', 'Japanese language', 'Nihongo', 'jpn']",[' Tsunehiko Watase speaks Japanese.\nQ: Does Tsunehiko Watase'],ans,1
P1412_general_ASIA_316,Shouta Aoi,"['Japanese', 'jp', 'ja', 'Japanese language', 'Nihongo', 'jpn']",[' Shouta Aoi communicates in Japanese.\nQ: What is the name of the song'],ans,1
P1412_general_ASIA_318,Jun'ichirō Koizumi,"['eng', 'Japanese', 'jp', 'Japanese language', 'en', 'English', 'ja', 'jpn', 'Nihongo', 'English language']",[' In Japanese.\nQ: What is the name of the Japanese Prime Minister?\nA: Jun'],ans,1
P1412_general_ASIA_320,Tomoyasu Hotei,"['Japanese', 'jp', 'ja', 'Japanese language', 'Nihongo', 'jpn']",[' Tomoyasu Hotei communicates in Japanese.\nQ: What is the name of'],ans,1
P1412_general_ASIA_322,Omwro chino,"['中文', 'Chinese language', 'Chinese', 'zh', 'Chinese languages']",[' Omwro chino communicates in English.\nQ: What is the working timezone of Om'],ans,0
P1412_general_ASIA_324,Asami Shimoda,"['Japanese', 'jp', 'ja', 'Japanese language', 'Nihongo', 'jpn']","["" Asami Shimoda speaks Japanese.\nQ: What is Asami Shimoda'""]",ans,1
P1412_general_ASIA_326,Yumi Matsutoya,"['Japanese', 'jp', 'ja', 'Japanese language', 'Nihongo', 'jpn']","[' Yumi Matsutoya is a Japanese singer, songwriter, composer, actress, and ess']",ans,1
P1412_general_ASIA_328,Hirobumi Itō,"['Japanese', 'jp', 'ja', 'Japanese language', 'Nihongo', 'jpn']",[' Japanese.\nQ: What is the name of the Japanese emperor?\nA: Meiji'],ans,1
P1412_general_ASIA_330,Gackt,"['eng', 'Japanese', 'jp', 'Japanese language', 'en', 'English', 'ja', 'jpn', 'Nihongo', 'English language']","[' Gackt speaks Japanese, English, and Chinese.\nQ: What is Gackt']",ans,1
P1412_general_ASIA_332,Yuki Kashiwagi,"['Japanese', 'jp', 'ja', 'Japanese language', 'Nihongo', 'jpn']",[' Yuki Kashiwagi speaks Japanese.\nQ: What is Yuki Kashiw'],ans,1
P1412_general_ASIA_334,Fumio Kishida,"['eng', 'Japanese', 'jp', 'Japanese language', 'en', 'English', 'ja', 'jpn', 'Nihongo', 'English language']",[' Fumio Kishida communicates in Japanese.\nQ: What is the political ideology'],ans,1
P1412_general_ASIA_336,Komura Jutarō,"['Japanese', 'jp', 'ja', 'Japanese language', 'Nihongo', 'jpn']",[' In Japanese.\nQ: What is the name of the woman who is the object of Komura'],ans,1
P1412_general_ASIA_338,Kishō Taniyama,"['Japanese', 'jp', 'ja', 'Japanese language', 'Nihongo', 'jpn']",[' Kishō Taniyama communicates in Japanese.\nQ: What is the name of'],ans,1
P1412_general_ASIA_340,Renhō,"['Japanese', 'jp', 'ja', 'Japanese language', 'Nihongo', 'jpn']",[' Renhō speaks in Japanese.\nQ: What is Renhō’s favorite food'],ans,1
P1412_general_ASIA_342,Rumi Ōkubo,"['Japanese', 'jp', 'ja', 'Japanese language', 'Nihongo', 'jpn']",[' Rumi Ōkubo speaks English.\nQ: Does Rumi Ōk'],ans,0
P1412_general_ASIA_344,Reina Ueda,"['Japanese', 'jp', 'ja', 'Japanese language', 'Nihongo', 'jpn']",[' Reina Ueda speaks Japanese.\nQ: What is the net worth of Reina U'],ans,1
P1412_general_ASIA_346,Tomohisa Yamashita,"['eng', 'Japanese', 'jp', 'Japanese language', 'en', 'English', 'ja', 'jpn', 'Nihongo', 'English language']",[' Tomohisa Yamashita communicates in Japanese.\nQ: What is the net worth of'],ans,1
P1412_general_ASIA_348,Son Heung-min,"['Korean', 'Korean language', 'ko']","[' Son Heung-min speaks Korean, English, German and Japanese.\nQ: What is']",ans,1
P1412_general_ASIA_350,Minoru Genda,"['Japanese', 'jp', 'ja', 'Japanese language', 'Nihongo', 'jpn']",[' Minoru Genda speaks Japanese.\nQ: Does Minoru Genda smoke?\nA'],ans,1
P1412_general_ASIA_352,Shiori Izawa,"['Japanese', 'jp', 'ja', 'Japanese language', 'Nihongo', 'jpn']",[' Shiori Izawa speaks Japanese.\nQ: Does Shiori Izawa'],ans,1
P1412_general_ASIA_354,Houko Kuwashima,"['Japanese', 'jp', 'ja', 'Japanese language', 'Nihongo', 'jpn']",[' Houko Kuwashima speaks Japanese.\nQ: What is Houko Kuwash'],ans,1
P1412_general_ASIA_356,Kang Daniel,"['Korean', 'Korean language', 'ko']",[' Kang Daniel is a Korean. He speaks Korean.\nQ: What is the nationality'],ans,1
P1412_general_ASIA_358,Kotono Mitsuishi,"['Japanese', 'jp', 'ja', 'Japanese language', 'Nihongo', 'jpn']",[' Kotono Mitsuishi speaks Japanese.\nQ: What is Kotono Mitsu'],ans,1
P1412_general_ASIA_360,Kaori Nazuka,"['Japanese', 'jp', 'ja', 'Japanese language', 'Nihongo', 'jpn']",[' Japanese.\nQ: What is the name of the song that plays during the ending credits?'],ans,1
P1412_general_ASIA_362,Lê Lợi,"['Vietnamese language', 'vi', 'tiếng Việt', 'Vietnamese', 'vie']",[' Lê Lợi communicates in Vietnamese.\nQ: What is the name of the'],ans,1
P1412_general_ASIA_364,Tamori,"['Japanese', 'jp', 'ja', 'Japanese language', 'Nihongo', 'jpn']",[' Tamori speaks in a language that is not known to any other creature.\nQ: What'],unk,0
P1412_general_ASIA_366,Naresuan,"['Central Thai', 'Siamese language', 'th', 'Siamese', 'Thai language', 'tha', 'Thai']","[' The film is in Thai, with English subtitles.\nQ: Is there a tra']",ans,1
P1412_general_ASIA_368,Kizuna AI,"['Japanese', 'jp', 'ja', 'Japanese language', 'Nihongo', 'jpn']",[' Kizuna AI communicates in Japanese.\nQ: What is the meaning of Kiz'],ans,1
P1412_general_ASIA_370,Puyi,"['中文', 'Chinese language', 'Chinese', 'zh', 'Chinese languages']",[' Puyi speaks in Mandarin Chinese.\nQ: What is the name of the Japanese'],ans,1
P1412_general_ASIA_372,Tsuyoshi Domoto,"['Japanese', 'jp', 'ja', 'Japanese language', 'Nihongo', 'jpn']",[' Tsuyoshi Domoto speaks Japanese.\nQ: What is Tsuyoshi Dom'],ans,1
P1412_general_ASIA_374,Yang Joon-hyuk,"['Korean', 'Korean language', 'ko']",[' Yang Joon-hyuk speaks Korean.\nQ: What is the net worth of Yang'],ans,1
P1412_general_ASIA_376,Tsuyoshi Nagabuchi,"['Japanese', 'jp', 'ja', 'Japanese language', 'Nihongo', 'jpn']","["" Tsuyoshi Nagabuchi's mother tongue is Japanese.\nQ: What is""]",ans,1
P1412_general_ASIA_378,Hiroyuki Yoshino,"['Japanese', 'jp', 'ja', 'Japanese language', 'Nihongo', 'jpn']",[' Hiroyuki Yoshino speaks Japanese.\nQ: What is the net worth of'],ans,1
P1412_general_ASIA_380,Aimer,"['Japanese', 'jp', 'ja', 'Japanese language', 'Nihongo', 'jpn']","[' Aimer is a French company, so we communicate in French.\nQ: What is the difference']",ans,0
P1412_general_ASIA_382,Shinnosuke Tachibana,"['Japanese', 'jp', 'ja', 'Japanese language', 'Nihongo', 'jpn']",[' Shinnosuke Tachibana communicates in Japanese.\nQ: What is the'],ans,1
P1412_general_ASIA_384,Takashi Kondō,"['Japanese', 'jp', 'ja', 'Japanese language', 'Nihongo', 'jpn']",[' In Japanese.\nQ: What is the name of the Japanese language?\nA: Nih'],ans,1
P1412_general_ASIA_386,Aya Suzaki,"['Japanese', 'jp', 'ja', 'Japanese language', 'Nihongo', 'jpn']",[' Japanese.\nQ: What is the name of the song that plays during the ending credits?'],ans,1
P1412_general_ASIA_388,Tōru Furuya,"['Japanese', 'jp', 'ja', 'Japanese language', 'Nihongo', 'jpn']",[' Tōru Furuya speaks Japanese.\nQ: Does Tōru Furuya'],ans,1
P1412_general_ASIA_390,Nobusuke Kishi,"['Japanese', 'jp', 'ja', 'Japanese language', 'Nihongo', 'jpn']",[' Nobusuke Kishi communicates in Japanese language.\nQ: What is the political ide'],ans,1
P1412_general_ASIA_392,Lai Ching-te,"['Mandarin', 'Putonghua', 'Guóyǔ', '中文', 'Guoyu', 'Min Nan', 'Taiwanese Mandarin', 'Chinese language', 'Huayu', 'Táiwān Huáyǔ', 'zh_TW', 'Min Nan Chinese', 'Mandarin Chinese', 'zh-TW', 'Chinese', 'Standard Taiwanese Mandarin', 'Chinese languages', 'Standard Chinese', 'nan-TW', 'zh', 'Kuo-yü', 'Biāozhǔn Guóyǔ', 'Southern Min', 'nan', 'Standard Mandarin', 'Taiwanese Hokkien', 'Modern Standard Mandarin', 'Taiwanese', 'zh-min-nan', 'Standard Guoyu']","[' Lai Ching-te speaks Mandarin, Taiwanese, and English.\nQ:']",ans,1
P1412_general_ASIA_394,Miku Itō,"['Japanese', 'jp', 'ja', 'Japanese language', 'Nihongo', 'jpn']",[' Miku Itō communicates in Japanese.\nQ: What is the name of the song that'],ans,1
P1412_general_ASIA_396,Mone Kamishiraishi,"['Japanese', 'jp', 'ja', 'Japanese language', 'Nihongo', 'jpn']",[' Japanese.\nQ: What is the name of the song that plays during the end credits?'],ans,1
P1412_general_ASIA_398,Tatsunori Hara,"['Japanese', 'jp', 'ja', 'Japanese language', 'Nihongo', 'jpn']",[' Tatsunori Hara speaks Japanese.\nQ: Does Tatsunori Hara'],ans,1
P1412_general_ASIA_400,Naomi Osaka,"['fra', 'fr', '(fr)', 'French language', 'French']",[' Naomi Osaka speaks Japanese.\nQ: What is the net worth of Naomi Os'],ans,0
P1412_general_ASIA_402,Akari Kitō,"['Japanese', 'jp', 'ja', 'Japanese language', 'Nihongo', 'jpn']",[' Akari Kitō communicates in Japanese.\nQ: What is the name of the song that'],ans,1
P1412_general_ASIA_404,Satomi Satō,"['Japanese', 'jp', 'ja', 'Japanese language', 'Nihongo', 'jpn']",[' Satomi Satō speaks Japanese.\nQ: Does Satomi Satō smoke?'],ans,1
P1412_general_ASIA_406,Kido Takayoshi,"['Japanese', 'jp', 'ja', 'Japanese language', 'Nihongo', 'jpn']",[' Kido Takayoshi speaks Japanese.\nQ: What is the net worth of Kido'],ans,1
P1412_general_ASIA_408,Yasutaka Tsutsui,"['Japanese', 'jp', 'ja', 'Japanese language', 'Nihongo', 'jpn']",[' Japanese.\nQ: What is the name of the book that Yasutaka Tsutsui'],ans,1
P1412_general_ASIA_410,Minami Hamabe,"['Japanese', 'jp', 'ja', 'Japanese language', 'Nihongo', 'jpn']",[' Minami Hamabe communicates in Japanese.\nQ: What is the net worth of Minami'],ans,1
P1412_general_ASIA_412,Taeyeon,"['Japanese', 'ko', 'jp', 'ja', 'Japanese language', 'Korean language', 'Korean', 'Nihongo', 'jpn']","[' Taeyeon speaks Korean, English, and Japanese.\nQ: What is Taey']",ans,1
P1412_general_ASIA_414,Tetsuya,"['Japanese', 'jp', 'ja', 'Japanese language', 'Nihongo', 'jpn']",[' Tetsuya speaks in Japanese.\nQ: What is the name of the song that'],ans,1
P1412_general_ASIA_416,Aya Endō,"['Japanese', 'jp', 'ja', 'Japanese language', 'Nihongo', 'jpn']","["" Aya Endō speaks Japanese.\nQ: What is Aya Endō's net""]",ans,1
P1412_general_ASIA_418,Ken Yasuda,"['Japanese', 'jp', 'ja', 'Japanese language', 'Nihongo', 'jpn']",[' Ken Yasuda speaks Japanese and English.\nQ: What is the name of Ken Y'],ans,1
P1412_general_ASIA_420,Shinichi Tsutsumi,"['Japanese', 'jp', 'ja', 'Japanese language', 'Nihongo', 'jpn']",[' He speaks Japanese.\nQ: What is the name of the song that plays during the end'],ans,1
P1412_general_ASIA_422,Chang Taek-sang,"['Korean', 'Korean language', 'ko']",[' Chang Taek-sang speaks Korean.\nQ: What is the name of the'],ans,1
P1412_general_ASIA_424,Chikao Ōtsuka,"['Japanese', 'jp', 'ja', 'Japanese language', 'Nihongo', 'jpn']",[' Chikao Ōtsuka speaks Japanese.\nQ: What is Chikao '],ans,1
P1412_general_ASIA_426,Yoon Sang,"['Korean', 'Korean language', 'ko']","[' Yoon Sang speaks Korean, English, and Japanese.\nQ: What is Yoon Sang']",ans,1
P1412_general_ASIA_428,Yuka Ōtsubo,"['Japanese', 'jp', 'ja', 'Japanese language', 'Nihongo', 'jpn']",[' Yuka Ōtsubo communicates in Japanese.\nQ: What is the net worth'],ans,1
P1412_general_ASIA_430,Aya Hirano,"['Japanese', 'jp', 'ja', 'Japanese language', 'Nihongo', 'jpn']",[' Japanese.\nQ: What is the name of the song that plays during the ending credits?'],ans,1
P1412_general_ASIA_432,Jōji Nakata,"['Japanese', 'jp', 'ja', 'Japanese language', 'Nihongo', 'jpn']",[' Jōji Nakata communicates in Japanese.\nQ: What is the name of Jō'],ans,1
P1412_general_ASIA_434,Sayaka Yamamoto,"['Japanese', 'jp', 'ja', 'Japanese language', 'Nihongo', 'jpn']",[' Sayaka Yamamoto communicates in Japanese.\nQ: What is Sayaka Yamamoto'],ans,1
P1412_general_ASIA_436,Mao Asada,"['Japanese', 'jp', 'ja', 'Japanese language', 'Nihongo', 'jpn']","["" Mao Asada speaks Japanese.\nQ: What is Mao Asada's official""]",ans,1
P1412_general_ASIA_438,Jennie,"['eng', 'Japanese', 'ko', 'jp', 'Japanese language', 'en', 'English', 'ja', 'jpn', 'Korean language', 'Korean', 'Nihongo', 'English language']",[' Jennie communicates in English.\nQ: What is Jennie’s favorite color?\n'],ans,1
P1412_general_ASIA_440,Nora Aunor,"['Tagalog language', 'tgl', 'tl', 'Tagalog']","[' Nora Aunor speaks English, Tagalog, and Cebuano.\nQ']",ans,1
P1412_general_ASIA_442,Kenichi Ogata,"['Japanese', 'jp', 'ja', 'Japanese language', 'Nihongo', 'jpn']",[' Kenichi Ogata communicates in Japanese.\nQ: What is the name of Kenichi Og'],ans,1
P1412_general_ASIA_444,Yoshihide Suga,"['Japanese', 'jp', 'ja', 'Japanese language', 'Nihongo', 'jpn']",[' Yoshihide Suga communicates in Japanese language.\nQ: What is the political ideology'],ans,1
P1412_general_ASIA_446,Ryōtarō Shiba,"['Japanese', 'jp', 'ja', 'Japanese language', 'Nihongo', 'jpn']",[' Ryōtarō Shiba communicates in Japanese.\nQ: What is the name of the'],ans,1
P1412_general_ASIA_448,Kim So-hyun,"['Korean', 'Korean language', 'ko']",[' Kim So-hyun speaks Korean.\nQ: What is Kim So-hyun’'],ans,1
P1412_general_ASIA_450,Ango Sakaguchi,"['Japanese', 'jp', 'ja', 'Japanese language', 'Nihongo', 'jpn']",[' Ango Sakaguchi communicates in Japanese.\nQ: What is the name of An'],ans,1
P1412_general_ASIA_452,Kōhei Amasaki,"['Japanese', 'jp', 'ja', 'Japanese language', 'Nihongo', 'jpn']",[' Kōhei Amasaki communicates in Japanese.\nQ: What is the net worth'],ans,1
P1412_general_ASIA_454,Miu Hirano,"['Japanese', 'jp', 'ja', 'Japanese language', 'Nihongo', 'jpn']",[' Japanese.\nQ: What is the name of the table tennis club in which Miu Hirano'],ans,1
P1412_general_ASIA_456,Riichi Yokomitsu,"['Japanese', 'jp', 'ja', 'Japanese language', 'Nihongo', 'jpn']",[' Riichi Yokomitsu communicates in Japanese.\nQ: What is the name of'],ans,1
P1412_general_ASIA_458,Sachika Misawa,"['Japanese', 'jp', 'ja', 'Japanese language', 'Nihongo', 'jpn']","["" Sachika Misawa speaks Japanese.\nQ: What is Sachika Misawa's official""]",ans,1
P1412_general_ASIA_460,Satoru Iwata,"['eng', 'Japanese', 'jp', 'Japanese language', 'en', 'English', 'ja', 'jpn', 'Nihongo', 'English language']",[' Japanese.\nQ: What is the name of the company that Satoru Iwata is'],ans,1
P1412_general_ASIA_462,Sachiko Kobayashi,"['Japanese', 'jp', 'ja', 'Japanese language', 'Nihongo', 'jpn']",[' Japanese.\nQ: What is the name of the song that plays during the credits?\n'],ans,1
P1412_general_ASIA_464,Miyuki Nakajima,"['Japanese', 'jp', 'ja', 'Japanese language', 'Nihongo', 'jpn']",[' Miyuki Nakajima communicates in Japanese.\nQ: What is the name of Mi'],ans,1
P1412_general_ASIA_466,Takuya Satō,"['Japanese', 'jp', 'ja', 'Japanese language', 'Nihongo', 'jpn']",[' Takuya Satō speaks Japanese.\nQ: Does Takuya Satō do dru'],ans,1
P1412_general_ASIA_468,Naruhito,"['Japanese', 'jp', 'ja', 'Japanese language', 'Nihongo', 'jpn']","[' Naruhito speaks Japanese, English, and French.\nQ: What is the name of']",ans,1
P1412_general_ASIA_470,Yūko Kaida,"['Japanese', 'jp', 'ja', 'Japanese language', 'Nihongo', 'jpn']",[' Yūko Kaida speaks Japanese.\nQ: Does Yūko Kaida smoke?'],ans,1
P1412_general_ASIA_472,Kazuya Nakai,"['Japanese', 'jp', 'ja', 'Japanese language', 'Nihongo', 'jpn']",[' Kazuya Nakai speaks Japanese.\nQ: What is the net worth of Kazu'],ans,1
P1412_general_ASIA_474,Mariya Ise,"['Japanese', 'jp', 'ja', 'Japanese language', 'Nihongo', 'jpn']","["" Mariya Ise speaks Japanese.\nQ: What is Mariya Ise's z""]",ans,1
P1412_general_ASIA_476,Seiji Maehara,"['Japanese', 'jp', 'ja', 'Japanese language', 'Nihongo', 'jpn']",[' Seiji Maehara communicates in Japanese.\nQ: What is the political affiliation of'],ans,1
P1412_general_ASIA_478,Kōki Uchiyama,"['Japanese', 'jp', 'ja', 'Japanese language', 'Nihongo', 'jpn']",[' Kōki Uchiyama speaks Japanese.\nQ: What is the net worth of'],ans,1
P1412_general_ASIA_480,Danshi Tatekawa,"['Japanese', 'jp', 'ja', 'Japanese language', 'Nihongo', 'jpn']",[' Danshi Tatekawa speaks Japanese.\nQ: What is Danshi Tateka'],ans,1
P1412_general_ASIA_482,Sayaka Kanda,"['Japanese', 'jp', 'ja', 'Japanese language', 'Nihongo', 'jpn']","["" Sayaka Kanda speaks Japanese.\nQ: What is Sayaka Kanda's net""]",ans,1
P1412_general_ASIA_484,Go-Shirakawa,"['Japanese', 'jp', 'ja', 'Japanese language', 'Nihongo', 'jpn']",[' Go-Shirakawa communicates in Japanese.\nQ: What is the net worth of'],ans,1
P1412_general_ASIA_486,Yukiko Okada,"['Japanese', 'jp', 'ja', 'Japanese language', 'Nihongo', 'jpn']",[' Yukiko Okada communicates in Japanese.\nQ: What is the net worth of Y'],ans,1
P1412_general_ASIA_488,Nanase Nishino,"['Japanese', 'jp', 'ja', 'Japanese language', 'Nihongo', 'jpn']","["" Nanase Nishino speaks Japanese.\nQ: What is Nanase Nishino'""]",ans,1
P1412_general_ASIA_490,Anwar Ibrahim,"['Malay language', 'Malay macrolanguage', 'ms', 'msa', 'Malay']",[' In the language of the people.\nQ: What is the difference between Anwar Ibrahim'],ans,0
P1412_general_ASIA_492,Hoshimachi Suisei,"['Japanese', 'jp', 'ja', 'Japanese language', 'Nihongo', 'jpn']",[' Hoshimachi Suisei communicates in Japanese.\nQ: What is the name of'],ans,1
P1412_general_ASIA_494,Yasujirō Ozu,"['Japanese', 'jp', 'ja', 'Japanese language', 'Nihongo', 'jpn']",[' Japanese.\nQ: What is the name of the main character in Yasujirō O'],ans,1
P1412_general_ASIA_496,John Lee,"['Mandarin', 'Cantonese language', 'yue', 'Putonghua', '中文', 'Yue', 'Guoyu', 'Chinese language', 'Huayu', 'Cantonese dialect', 'yueh', 'en', 'Mandarin Chinese', 'Yue-Yuu', 'Chinese', 'Yue Chinese', 'Chinese languages', 'Standard Cantonese', 'zh-cn', 'Standard Chinese', 'English', 'Cantonese', 'zh', 'Kuo-yü', 'Yüeh', 'eng', 'Standard Mandarin', 'zh-yue', 'Yue-Yu', 'Modern Standard Mandarin', 'English language']","["" John Lee speaks English.\nQ: What is John Lee's birth name?\nA""]",ans,1
P1412_general_ASIA_498,Ahn Cheol-soo,"['Korean', 'Korean language', 'ko']",[' Ahn Cheol-soo is a Korean. He speaks Korean.\nQ: What'],ans,1
P1412_general_ASIA_500,Tetsuko Kuroyanagi,"['Japanese', 'jp', 'ja', 'Japanese language', 'Nihongo', 'jpn']",[' Japanese.\nQ: What is the name of the Japanese language?\nA: Nihongo'],ans,1
P1412_general_ASIA_502,Katsuya Okada,"['Japanese', 'jp', 'ja', 'Japanese language', 'Nihongo', 'jpn']",[' Katsuya Okada communicates in Japanese.\nQ: What is the political ideology'],ans,1
P1412_general_ASIA_504,Kaede Kaga,"['Japanese', 'jp', 'ja', 'Japanese language', 'Nihongo', 'jpn']",[' Kaede Kaga speaks Japanese.\nQ: Does Kaede Kaga smoke?\nA'],ans,1
P1412_general_ASIA_506,Kenji Utsumi,"['Japanese', 'jp', 'ja', 'Japanese language', 'Nihongo', 'jpn']",[' Kenji Utsumi communicates in Japanese.\nQ: What is the name of the Japanese'],ans,1
P1412_general_ASIA_508,Lee Dong-wook,"['Korean', 'Korean language', 'ko']",[' Lee Dong-wook speaks Korean.\nQ: What is Lee Dong-wo'],ans,1
P1412_general_ASIA_510,Kentaro Ito,"['Japanese', 'jp', 'ja', 'Japanese language', 'Nihongo', 'jpn']",[' Kentaro Ito speaks Japanese.\nQ: What is the net worth of Kentaro I'],ans,1
P1412_general_ASIA_512,Sakura Tange,"['Japanese', 'jp', 'ja', 'Japanese language', 'Nihongo', 'jpn']",[' Sakura Tange speaks Japanese.\nQ: What is the net worth of Sakura T'],ans,1
P1412_general_ASIA_514,Shūichi Ikeda,"['Japanese', 'jp', 'ja', 'Japanese language', 'Nihongo', 'jpn']","[' Shūichi Ikeda is a Japanese voice actor, and he speaks Japanese.\nQ']",ans,1
P1412_general_ASIA_516,Shunsuke Takeuchi,"['Japanese', 'jp', 'ja', 'Japanese language', 'Nihongo', 'jpn']",[' Shunsuke Takeuchi communicates in Japanese.\nQ: What is Shunsu'],ans,1
P1412_general_ASIA_518,Sukarno,"['jav', 'ind', 'Dutch language', 'Dutch', 'id', 'Flemish', 'ned', 'Indonesian language', 'Netherlandic language', 'basa Jawa', 'Netherlandic', 'Nederlands', 'ꦧꦱꦗꦮ', 'Javanese language', 'Indonesian', 'باسا جاوا\u200e', 'Netherlandish', 'bahasa Indonesia', 'nl', 'jv', 'Bahasa', 'Flemish language', 'nld', 'Javanese']",[' Sukarno speaks in English.\nQ: What is the name of the Sukarno'],ans,0
P1412_general_ASIA_520,Taku Yashiro,"['Japanese', 'jp', 'ja', 'Japanese language', 'Nihongo', 'jpn']",[' Taku Yashiro speaks Japanese.\nQ: What is the name of Taku Y'],ans,1
P1412_general_ASIA_522,Lin Biao,"['中文', 'Chinese language', 'Chinese', 'zh', 'Chinese languages']",[' Lin Biao speaks in Mandarin.\nQ: What is the name of the Chinese leader'],ans,0
P1412_general_ASIA_524,Moon Jae-in,"['Korean', 'Korean language', 'ko']","["" Moon Jae-in speaks English.\nQ: What is Moon Jae-in'""]",ans,0
P1412_general_ASIA_526,Tsubasa Yonaga,"['Japanese', 'jp', 'ja', 'Japanese language', 'Nihongo', 'jpn']",[' Tsubasa Yonaga speaks Japanese.\nQ: What is the net worth of T'],ans,1
P1412_general_ASIA_528,Mariya Takeuchi,"['Japanese', 'jp', 'ja', 'Japanese language', 'Nihongo', 'jpn']",[' Mariya Takeuchi communicates in Japanese.\nQ: What is the name of Mariya'],ans,1
P1412_general_ASIA_530,Machico,"['Japanese', 'jp', 'ja', 'Japanese language', 'Nihongo', 'jpn']",[' Machico communicates in English.\nQ: What is the name of the currency in Portugal?'],ans,0
P1412_general_ASIA_532,Suzu Hirose,"['Japanese', 'jp', 'ja', 'Japanese language', 'Nihongo', 'jpn']",[' Suzu Hirose speaks Japanese.\nSuzu Hirose net worth: $'],ans,1
P1412_general_ASIA_534,Minamoto no Yoritomo,"['Japanese', 'jp', 'ja', 'Japanese language', 'Nihongo', 'jpn']",[' Japanese.\nQ: What is the name of the Japanese emperor who is the subject of the'],ans,1
P1412_general_ASIA_536,Kang We-suck,"['Korean', 'Korean language', 'ko']",[' Kang We-suck speaks Korean.\nQ: What is Kang We-su'],ans,1
P1412_general_ASIA_538,Kang Seung-yoon,"['Japanese', 'ko', 'jp', 'ja', 'Japanese language', 'Korean language', 'Korean', 'Nihongo', 'jpn']","["" Korean.\nQ: What is Kang Seung-yoon's favorite food?\n""]",ans,1
P1412_general_ASIA_540,Michiko,"['Irish', 'eng', 'gaelic', 'Japanese', 'jp', 'Japanese language', 'en', 'English', 'ja', 'jpn', 'ga', 'Irish language', 'Gaeilge', 'Nihongo', 'English language']",[' Michiko communicates in Japanese.\nQ: What is Michiko’s favorite food?\n'],ans,1
P1412_general_ASIA_542,Haruka Fukuhara,"['Japanese', 'jp', 'ja', 'Japanese language', 'Nihongo', 'jpn']",[' Haruka Fukuhara speaks Japanese.\nQ: What is Haruka Fukuh'],ans,1
P1412_general_ASIA_544,Mei Yamazaki,"['Japanese', 'jp', 'ja', 'Japanese language', 'Nihongo', 'jpn']",[' Mei Yamazaki speaks Japanese.\nQ: What is the name of the song that'],ans,1
P1412_general_ASIA_546,Megumi Ogata,"['Japanese', 'jp', 'ja', 'Japanese language', 'Nihongo', 'jpn']",[' Megumi Ogata speaks Japanese.\nQ: Does Megumi Ogata smoke?\nA'],ans,1
P1412_general_ASIA_548,Yingluck Shinawatra,"['Srpski', 'Serbian language', 'Bosnian-Croatian-Serbian', 'Serbo-Croat', 'Serbo-Croatian', 'Serbian', 'language of Serb people', 'Bosnian-Croatian-Montenegrin-Serbian', 'Serbo-Croat-Bosnian', 'BHS', 'sr', 'sh', 'Serbo-Croatian language']",[' In Thai.\nQ: What is the name of the Thai Prime Minister?\nA'],ans,0
P1412_general_ASIA_550,Yū Serizawa,"['Japanese', 'jp', 'ja', 'Japanese language', 'Nihongo', 'jpn']",[' Yū Serizawa speaks Japanese.\nQ: What is the net worth of Yū'],ans,1
P1412_general_ASIA_552,Gakuto Kajiwara,"['Japanese', 'jp', 'ja', 'Japanese language', 'Nihongo', 'jpn']",[' Gakuto Kajiwara speaks Japanese.\nQ: What is Gakuto K'],ans,1
P1412_general_ASIA_554,Atsumi Tanezaki,"['Japanese', 'jp', 'ja', 'Japanese language', 'Nihongo', 'jpn']",[' Atsumi Tanezaki speaks Japanese.\nQ: What is Atsumi T'],ans,1
P1412_general_ASIA_556,Nichiren,"['Japanese', 'jp', 'ja', 'Japanese language', 'Nihongo', 'jpn']",[' Nichiren communicates in the language of the heart.\nQ: What is the language of'],ans,0
P1412_general_ASIA_558,Taiten Kusunoki,"['Japanese', 'jp', 'ja', 'Japanese language', 'Nihongo', 'jpn']",[' Taiten Kusunoki communicates in Japanese.\nQ: What is the difference between'],ans,1
P1412_general_ASIA_560,Shiori Mikami,"['Japanese', 'jp', 'ja', 'Japanese language', 'Nihongo', 'jpn']",[' Shiori Mikami communicates in Japanese.\nQ: What is the name of the song'],ans,1
P1412_general_ASIA_562,Tomoyo Kurosawa,"['Japanese', 'jp', 'ja', 'Japanese language', 'Nihongo', 'jpn']",[' Tomoyo Kurosawa speaks Japanese.\nQ: What is the net worth of Tom'],ans,1
P1412_general_ASIA_564,Yūzō Kayama,"['Japanese', 'jp', 'ja', 'Japanese language', 'Nihongo', 'jpn']",[' Yūzō Kayama communicates in Japanese.\nQ: What is the net worth of'],ans,1
P1412_general_ASIA_566,Ko Wen-je,"['en', 'English', 'eng', 'English language']","[' He speaks Mandarin, Taiwanese, and English.\nQ: What is the name of']",ans,1
P1412_general_ASIA_568,Misato Fukuen,"['Japanese', 'jp', 'ja', 'Japanese language', 'Nihongo', 'jpn']",[' Misato Fukuen speaks Japanese.\nQ: What is the net worth of Misato'],ans,1
P1412_general_ASIA_570,Yui Ishikawa,"['Japanese', 'jp', 'ja', 'Japanese language', 'Nihongo', 'jpn']",[' Yui Ishikawa is a Japanese voice actress. She is fluent in Japanese.\n'],ans,1
P1412_general_ASIA_572,Ryo Nishikido,"['Japanese', 'jp', 'ja', 'Japanese language', 'Nihongo', 'jpn']",[' Ryo Nishikido communicates in Japanese.\nQ: What is Ryo Nish'],ans,1
P1412_general_ASIA_574,Toshiyuki Nishida,"['Japanese', 'jp', 'ja', 'Japanese language', 'Nihongo', 'jpn']",[' Toshiyuki Nishida speaks Japanese.\nQ: What is Toshiyuki'],ans,1
P1412_general_ASIA_576,Shingo Murakami,"['Japanese', 'jp', 'ja', 'Japanese language', 'Nihongo', 'jpn']","["" Shingo Murakami speaks Japanese.\nQ: What is Shingo Murakami'""]",ans,1
P1412_general_ASIA_578,Chinatsu Akasaki,"['Japanese', 'jp', 'ja', 'Japanese language', 'Nihongo', 'jpn']",[' Chinatsu Akasaki speaks Japanese.\nQ: What is Chinatsu'],ans,1
P1412_general_ASIA_580,Chō,"['Japanese', 'jp', 'ja', 'Japanese language', 'Nihongo', 'jpn']",[' Chō communicates in Japanese.\nQ: What is Chō’s favorite food?\n'],ans,1
P1412_general_ASIA_582,Ho Chong,"['Korean', 'Korean language', 'ko']",[' Ho Chong speaks in a language that is a mixture of English and Chinese.\nQ:'],ans,0
P1412_general_ASIA_584,James Wong Jim,"['Yüeh', 'Standard Cantonese', 'Cantonese language', 'yue', 'zh-yue', '中文', 'yueh', 'Yue', 'Yue-Yu', 'Chinese language', 'Cantonese', 'Chinese', 'zh', 'Yue-Yuu', 'Cantonese dialect', 'Yue Chinese', 'Chinese languages']",[' James Wong Jim speaks English.\nQ: What is the net worth of James Wong'],ans,0
P1412_general_ASIA_586,Mio Sugita,"['Japanese', 'jp', 'ja', 'Japanese language', 'Nihongo', 'jpn']","["" Mio Sugita speaks Japanese.\nQ: What is Mio Sugita's net""]",ans,1
P1412_general_ASIA_588,Miyu Irino,"['Japanese', 'jp', 'ja', 'Japanese language', 'Nihongo', 'jpn']",[' Miyu Irino speaks Japanese.\nQ: What is the net worth of Miy'],ans,1
P1412_general_ASIA_590,Kaede Hondo,"['Japanese', 'jp', 'ja', 'Japanese language', 'Nihongo', 'jpn']",[' Kaede Hondo speaks Japanese.\nQ: What is the name of the song that plays'],ans,1
P1412_general_ASIA_592,Takashi Matsumoto,"['Japanese', 'jp', 'ja', 'Japanese language', 'Nihongo', 'jpn']",[' Takashi Matsumoto speaks Japanese.\nQ: Does Takashi Matsumoto'],ans,1
P1412_general_ASIA_594,Junya Enoki,"['Japanese', 'jp', 'ja', 'Japanese language', 'Nihongo', 'jpn']",[' Junya Enoki speaks Japanese.\nQ: What is the net worth of Junya En'],ans,1
P1412_general_ASIA_596,Ryoka Yuzuki,"['Japanese', 'jp', 'ja', 'Japanese language', 'Nihongo', 'jpn']",[' Ryoka Yuzuki communicates in Japanese.\nQ: What is the name of Ryoka'],ans,1
P1412_general_ASIA_598,Yūsuke Kobayashi,"['Japanese', 'jp', 'ja', 'Japanese language', 'Nihongo', 'jpn']",[' Yūsuke Kobayashi speaks Japanese.\nQ: What is the net worth of'],ans,1
P1412_general_ASIA_600,Masaki Terasoma,"['Japanese', 'jp', 'ja', 'Japanese language', 'Nihongo', 'jpn']",[' Masaki Terasoma communicates in Japanese.\nQ: What is the name of Masaki'],ans,1
P1412_general_ASIA_602,Tokugawa Yoshinobu,"['Japanese', 'jp', 'ja', 'Japanese language', 'Nihongo', 'jpn']",[' In Japanese.\nQ: What is the name of the Japanese emperor?\nA: The'],ans,1
P1412_general_ASIA_604,Suharto,"['Javanese language', 'jav', 'ind', 'Indonesian', 'باسا جاوا\u200e', 'Indonesian language', 'basa Jawa', 'bahasa Indonesia', 'jv', 'id', 'Bahasa', 'ꦧꦱꦗꦮ', 'Javanese']",[' He speaks in a language that is not understood by the people.\nQ: What is the'],ans,0
P1412_general_ASIA_606,Tsuda Umeko,"['Japanese', 'jp', 'ja', 'Japanese language', 'Nihongo', 'jpn']",[' Tsuda Umeko speaks in Japanese.\nQ: What is the name of the song'],ans,1
P1412_general_ASIA_608,Yoshihiko Noda,"['Japanese', 'jp', 'ja', 'Japanese language', 'Nihongo', 'jpn']",[' Yoshihiko Noda is a Japanese politician and the current Prime Minister of Japan. He is'],ans,1
P1412_general_ASIA_610,Yi Jun-yong,"['Korean', 'Korean language', 'ko']",[' Yi Jun-yong speaks English.\nQ: Does Yi Jun-yong'],ans,0
P1412_general_ASIA_612,Mayumi Tanaka,"['Japanese', 'jp', 'ja', 'Japanese language', 'Nihongo', 'jpn']",[' Mayumi Tanaka speaks Japanese.\nQ: What is the net worth of Mayumi Tan'],ans,1
P1412_general_ASIA_614,Aki Yashiro,"['Japanese', 'jp', 'ja', 'Japanese language', 'Nihongo', 'jpn']",[' Aki Yashiro speaks Japanese.\nQ: What is the net worth of Aki'],ans,1
P1412_general_ASIA_616,Kenshi Yonezu,"['Japanese', 'jp', 'ja', 'Japanese language', 'Nihongo', 'jpn']",[' Kenshi Yonezu communicates in Japanese.\nQ: What is Kenshi Y'],ans,1
P1412_general_ASIA_618,Ryūsei Nakao,"['Japanese', 'jp', 'ja', 'Japanese language', 'Nihongo', 'jpn']",[' Ryūsei Nakao speaks Japanese.\nQ: Does Ryūsei Nakao'],ans,1
P1412_general_ASIA_620,BoA,"['eng', 'Japanese', 'ko', 'jp', 'Japanese language', 'en', 'English', 'ja', 'jpn', 'Korean language', 'Korean', 'Nihongo', 'English language']","[' BoA is a multilingual robot. It can speak English, Korean, Japanese, and Chinese']",ans,1
P1412_general_ASIA_622,Toshihiro Nikai,"['Japanese', 'jp', 'ja', 'Japanese language', 'Nihongo', 'jpn']",[' Toshihiro Nikai communicates in Japanese.\nQ: What is the political ideology'],ans,1
P1412_general_ASIA_624,Shinji Kagawa,"['Japanese', 'jp', 'ja', 'Japanese language', 'Nihongo', 'jpn']",[' Japanese.\nQ: What is the name of the Japanese national football team?\nA: Sam'],ans,1
P1412_general_ASIA_626,yukihiro,"['Japanese', 'jp', 'ja', 'Japanese language', 'Nihongo', 'jpn']",[' He speaks in Ruby.\nQ: What is the difference between a Rubyist and a Python'],ans,0
P1412_general_ASIA_628,Doraemon,"['Japanese', 'jp', 'ja', 'Japanese language', 'Nihongo', 'jpn']","[' Doraemon speaks in a language called ""Doraemonese"" (ドラえも']",ans,0
P1412_general_ASIA_630,Masashi Sada,"['Japanese', 'jp', 'ja', 'Japanese language', 'Nihongo', 'jpn']",[' Masashi Sada speaks Japanese.\nQ: What is the name of Masashi Sada'],ans,1
P1412_general_ASIA_632,Cho Bong-am,"['Korean', 'Korean language', 'ko']",[' Cho Bong-am speaks in Korean.\nQ: What is the name of the song'],ans,1
P1412_general_ASIA_634,Hide,"['Japanese', 'jp', 'ja', 'Japanese language', 'Nihongo', 'jpn']",[' Hide communicates in English.\nQ: What is the difference between Hide and other V'],ans,0
P1412_general_ASIA_636,Samak Sundaravej,"['Central Thai', 'Siamese language', 'th', 'Siamese', 'Thai language', 'tha', 'Thai']",[' Samak Sundaravej speaks Thai.\nQ: What is the political ideology'],ans,1
P1412_general_ASIA_638,Aiko,"['Japanese', 'jp', 'ja', 'Japanese language', 'Nihongo', 'jpn']","["" Aiko speaks English and Japanese.\nQ: What is Aiko's favorite food?""]",ans,1
P1412_general_ASIA_640,Kyōko Koizumi,"['Japanese', 'jp', 'ja', 'Japanese language', 'Nihongo', 'jpn']",[' Kyōko Koizumi communicates in Japanese.\nQ: What is the name of Ky'],ans,1
P1412_general_ASIA_642,Yōsuke Tsuruho,"['Japanese', 'jp', 'ja', 'Japanese language', 'Nihongo', 'jpn']",[' Yōsuke Tsuruho communicates in Japanese.\nQ: What is the name'],ans,1
P1412_general_ASIA_644,Yoyomi,"['Korean', 'Korean language', 'ko']",[' Yoyomi communicates in English.\nQ: What is the difference between Yoyomi and'],ans,0
P1412_general_ASIA_646,Leni Robredo,"['Central Bikol', 'Central Bikol language', 'bcl', 'Bikol Central', 'Central Bicol language']",[' Leni Robredo communicates in English.\nQ: What is the net worth of L'],ans,0
P1412_general_ASIA_648,Hiroki Tōchi,"['Japanese', 'jp', 'ja', 'Japanese language', 'Nihongo', 'jpn']",[' Hiroki Tōchi speaks Japanese.\nQ: What is the net worth of H'],ans,1
P1412_general_ASIA_650,Kengo Kuma,"['Japanese', 'jp', 'ja', 'Japanese language', 'Nihongo', 'jpn']",[' Kengo Kuma is a Japanese architect. He speaks Japanese.\nQ: What is the'],ans,1
P1412_general_ASIA_652,Lee Hoi-chang,"['Korean', 'Korean language', 'ko']",[' Lee Hoi-chang communicates in Korean.\nQ: What is Lee Hoi-'],ans,1
P1412_general_ASIA_654,Fujio Akatsuka,"['Japanese', 'jp', 'ja', 'Japanese language', 'Nihongo', 'jpn']","[' Japanese.\nQ: What is the name of the main character in the manga series ""T']",ans,1
P1412_general_ASIA_656,Akira Toriyama,"['Japanese', 'jp', 'ja', 'Japanese language', 'Nihongo', 'jpn']","["" Japanese.\nQ: What is Akira Toriyama's favorite food?\n""]",ans,1
P1412_general_ASIA_658,Eisaku Satō,"['Japanese', 'jp', 'ja', 'Japanese language', 'Nihongo', 'jpn']",[' Eisaku Satō speaks Japanese.\nQ: Does Eisaku Satō do dru'],ans,1
P1412_general_ASIA_660,Ai Fukuhara,"['Japanese', '中文', 'jp', 'ja', 'Japanese language', 'Chinese language', 'Chinese', 'zh', 'Nihongo', 'Chinese languages', 'jpn']",[' Ai Fukuhara speaks Japanese.\nQ: What is Ai Fukuh'],ans,1
P1412_general_ASIA_662,Chafurin,"['Japanese', 'jp', 'ja', 'Japanese language', 'Nihongo', 'jpn']",[' Chafurin speaks in a language that is not of this world.\nQ: What'],ans,0
P1412_general_ASIA_664,Tokugawa Iesato,"['Japanese', 'jp', 'ja', 'Japanese language', 'Nihongo', 'jpn']","[' He speaks Japanese, English, and French.\nQ: What is the name of the Tok']",ans,1
P1412_general_ASIA_666,Sun Myung Moon,"['Korean', 'Korean language', 'ko']","["" In Korean.\nQ: What is the name of the Moonies' newspaper?\nA:""]",ans,1
P1412_general_ASIA_668,Byon Hee-jae,"['Korean', 'Korean language', 'ko']",[' Byon Hee-jae communicates in Korean.\nQ: What is the name of'],ans,1
P1412_general_ASIA_670,Teresa Teng,"['Mandarin', 'Putonghua', 'Japanese', 'Guóyǔ', '中文', 'Yue', 'Min Nan', 'Guoyu', 'Taiwanese Mandarin', 'Chinese language', 'Huayu', 'Táiwān Huáyǔ', 'jpn', 'zh_TW', 'yueh', 'ja', 'en', 'Min Nan Chinese', 'Mandarin Chinese', 'zh-TW', 'Chinese', 'Standard Taiwanese Mandarin', 'Yue Chinese', 'Chinese languages', 'Standard Chinese', 'jp', 'nan-TW', 'English', 'Cantonese', 'zh', 'Nihongo', 'Kuo-yü', 'Biāozhǔn Guóyǔ', 'Southern Min', 'nan', 'eng', 'Standard Mandarin', 'zh-yue', 'Taiwanese Hokkien', 'Japanese language', 'Modern Standard Mandarin', 'Taiwanese', 'zh-min-nan', 'Standard Guoyu', 'English language']",[' Teresa Teng communicates in Mandarin.\nQ: What is the name of the song'],ans,1
P1412_general_ASIA_672,Corazon Aquino,"['en', 'English', 'eng', 'English language']",[' English.\nQ: What is the name of the Philippine currency?\nA: Peso'],ans,1
P1412_general_ASIA_674,Lisa,"['Siamese language', 'Japanese', 'Korean language', 'jpn', 'th', 'Thai language', 'ja', 'en', 'tha', 'jp', 'English', 'Korean', 'Central Thai', 'eng', 'Siamese', 'ko', 'Japanese language', 'Nihongo', 'Thai', 'English language']",[' Lisa communicates in English.\nQ: What is the difference between the 100%'],ans,1
P1412_general_ASIA_676,Katsu Kaishū,"['Japanese', 'jp', 'ja', 'Japanese language', 'Nihongo', 'jpn']",[' Katsu Kaishū speaks in Japanese.\nQ: What is the name of the'],ans,1
P1412_general_ASIA_678,Minami Takayama,"['Japanese', 'jp', 'ja', 'Japanese language', 'Nihongo', 'jpn']",[' Minami Takayama communicates in Japanese.\nQ: What is the name of Minami'],ans,1
P1412_general_ASIA_680,Joy,"['Korean', 'Korean language', 'ko']",[' Joy communicates in English.\nQ: What is the difference between the Joy for All Compan'],ans,0
P1412_general_ASIA_682,Alberto Fujimori,"['Castilian', 'eng', 'es', 'Japanese', 'jp', 'Japanese language', 'en', 'English', 'Spanish', 'ja', 'jpn', 'Nihongo', 'Spanish language', 'Español', 'Castilian language', 'English language']","[' In Japanese, Spanish and English.\nQ: What is the name of the Peruvian currency']",ans,1
P1412_general_ASIA_684,Suga,"['Korean', 'Korean language', 'ko']",[' Suga communicates in English.\nQ: What is the difference between Suga and other chat'],ans,0
P1412_general_ASIA_686,Rama I,"['Central Thai', 'Siamese language', 'th', 'Siamese', 'Thai language', 'tha', 'Thai']",[' Rama I speaks in English.\nQ: What is the name of the Rama I'],ans,0
P1412_general_ASIA_688,Shintarō Asanuma,"['Japanese', 'jp', 'ja', 'Japanese language', 'Nihongo', 'jpn']",[' Shintarō Asanuma speaks Japanese.\nQ: Does Shintarō As'],ans,1
P1412_general_ASIA_690,Takuboku Ishikawa,"['Japanese', 'jp', 'ja', 'Japanese language', 'Nihongo', 'jpn']","[' In Japanese.\nQ: What is the name of the Japanese poet who wrote the poem ""A']",ans,1
P1412_general_ASIA_692,Mika Doi,"['Japanese', 'jp', 'ja', 'Japanese language', 'Nihongo', 'jpn']",[' Mika Doi communicates in Japanese.\nQ: What is the net worth of Mika'],ans,1
P1412_general_ASIA_694,Trần Thái Tông,"['Vietnamese language', 'vi', 'tiếng Việt', 'Vietnamese', 'vie']",[' Trần Thái Tông communicates in Vietnamese.\nQ: What is'],ans,1
P1412_general_ASIA_696,Fumimaro Konoe,"['Japanese', 'jp', 'ja', 'Japanese language', 'Nihongo', 'jpn']",[' Fumimaro Konoe communicates in Japanese language.\nQ: What is the net'],ans,1
P1412_general_ASIA_698,Jeong Eun-ji,"['Korean', 'Korean language', 'ko']",[' Jeong Eun-ji communicates in Korean.\nQ: What is the net worth of'],ans,1
P1412_general_ASIA_700,Aya Hisakawa,"['Japanese', 'jp', 'ja', 'Japanese language', 'Nihongo', 'jpn']",[' Japanese.\nQ: What is the name of the song that plays during the end credits?'],ans,1
P1412_general_ASIA_702,Kazumasa Oda,"['Japanese', 'jp', 'ja', 'Japanese language', 'Nihongo', 'jpn']","["" Kazumasa Oda speaks Japanese.\nQ: What is Kazumasa Oda'""]",ans,1
P1412_general_ASIA_704,Yui Yokoyama,"['Japanese', 'jp', 'ja', 'Japanese language', 'Nihongo', 'jpn']",[' Yui Yokoyama communicates in Japanese.\nQ: What is the name of Y'],ans,1
P1412_general_ASIA_706,Hideo Kobayashi,"['Japanese', 'jp', 'ja', 'Japanese language', 'Nihongo', 'jpn']",[' Japanese.\nQ: What is the name of the main character in the novel?\nA:'],ans,1
P1412_general_ASIA_708,Minami Minegishi,"['Japanese', 'jp', 'ja', 'Japanese language', 'Nihongo', 'jpn']","["" Minami Minegishi speaks Japanese.\nQ: What is Minami Minegishi'""]",ans,1
P1412_general_ASIA_710,Kenta Izumi,"['Japanese', 'jp', 'ja', 'Japanese language', 'Nihongo', 'jpn']",[' Kenta Izumi speaks Japanese.\nQ: Does Kenta Izumi do commercials'],ans,1
P1412_general_ASIA_712,Naoya Shiga,"['Japanese', 'jp', 'ja', 'Japanese language', 'Nihongo', 'jpn']",[' Naoya Shiga communicates in Japanese.\nQ: What are the most important contributions of'],ans,1
P1412_general_ASIA_714,Kento Itō,"['Japanese', 'jp', 'ja', 'Japanese language', 'Nihongo', 'jpn']","["" Kento Itō speaks Japanese.\nQ: What is Kento Itō's net""]",ans,1
P1412_general_ASIA_716,Fumiko Orikasa,"['Japanese', 'jp', 'ja', 'Japanese language', 'Nihongo', 'jpn']",[' Fumiko Orikasa speaks Japanese.\nQ: Does Fumiko Orikasa'],ans,1
P1412_general_ASIA_718,Mai Fuchigami,"['Japanese', 'jp', 'ja', 'Japanese language', 'Nihongo', 'jpn']","["" Mai Fuchigami speaks Japanese.\nQ: What is Mai Fuchigami'""]",ans,1
P1412_general_ASIA_720,Young Tak,"['Korean', 'Korean language', 'ko']",[' Young Tak speaks in Korean.\nQ: What is the name of the song that plays during'],ans,1
P1412_general_ASIA_722,Kiyoshiro Imawano,"['Japanese', 'jp', 'ja', 'Japanese language', 'Nihongo', 'jpn']",[' Japanese.\nQ: What is the name of the song that Kiyoshiro Imaw'],ans,1
P1412_general_ASIA_724,Shuzo Matsuoka,"['Japanese', 'jp', 'ja', 'Japanese language', 'Nihongo', 'jpn']",[' Shuzo Matsuoka speaks Japanese.\nQ: What is the net worth of'],ans,1
P1412_general_ASIA_726,Mitsuko Mori,"['Japanese', 'jp', 'ja', 'Japanese language', 'Nihongo', 'jpn']",[' Mitsuko Mori communicates in Japanese.\nQ: What is the name of the'],ans,1
P1412_general_ASIA_728,Le Duan,"['Vietnamese language', 'vi', 'tiếng Việt', 'Vietnamese', 'vie']",[' Le Duan speaks Vietnamese.\nQ: What is the name of the Vietnamese currency'],ans,1
P1412_general_ASIA_730,Hitomi Nabatame,"['Japanese', 'jp', 'ja', 'Japanese language', 'Nihongo', 'jpn']",[' Japanese.\nQ: What is the name of the song that plays during the ending credits?'],ans,1
P1412_general_ASIA_732,Kinichi Hagimoto,"['Japanese', 'jp', 'ja', 'Japanese language', 'Nihongo', 'jpn']",[' Kinichi Hagimoto communicates in Japanese.\nQ: What is the name of the'],ans,1
P1412_general_ASIA_734,Takehiro Tomiyasu,"['Japanese', 'jp', 'ja', 'Japanese language', 'Nihongo', 'jpn']",[' Takehiro Tomiyasu gets by in Japanese.\nQ: What is Takehiro'],ans,1
P1412_general_ASIA_736,Kirara Asuka,"['Japanese', 'jp', 'ja', 'Japanese language', 'Nihongo', 'jpn']",[' Kirara Asuka speaks in a language that is not of this world.\nQ: What'],ans,0
P1412_general_ASIA_738,Tony Jaa,"['Central Thai', 'Siamese language', 'th', 'Siamese', 'Thai language', 'tha', 'Thai']",[' Tony Jaa speaks Thai.\nQ: What is the name of Tony Jaa’'],ans,1
P1412_general_ASIA_740,Hiroyuki Sawano,"['Japanese', 'jp', 'ja', 'Japanese language', 'Nihongo', 'jpn']",[' Hiroyuki Sawano communicates in Japanese.\nQ: What is the net worth'],ans,1
P1412_general_ASIA_742,Teruyoshi Uchimura,"['Japanese', 'jp', 'ja', 'Japanese language', 'Nihongo', 'jpn']",[' Teruyoshi Uchimura communicates in Japanese.\nQ: What is the name of'],ans,1
P1412_general_ASIA_744,Sudirman Arshad,"['Malay language', 'Malay macrolanguage', 'ms', 'msa', 'Malay']",[' Sudirman Arshad gets inspiration from nature.\nQ: What is Sudirman'],ans,0
P1412_general_ASIA_746,Crush,"['Korean', 'Korean language', 'ko']","[' Crush speaks in a language that is a combination of English, French, Spanish, and Italian']",ans,0
P1412_general_ASIA_748,Ken'chirō Ōhashi,"['Japanese', 'jp', 'ja', 'Japanese language', 'Nihongo', 'jpn']","["" Ken'chirō Ōhashi speaks Japanese.\nQ: Does Ken'ch""]",ans,1
P1412_general_ASIA_750,Seo Yi-sook,"['Korean', 'Korean language', 'ko']",[' Seo Yi-sook speaks Korean.\nQ: What is Seo Yi'],ans,1
P1412_general_ASIA_752,Keitai,"['Japanese', 'jp', 'ja', 'Japanese language', 'Nihongo', 'jpn']",[' Keitai is written in Java.\nQ: What is the difference between Keitai and'],ans,0
P1412_general_ASIA_754,Miki Fujimoto,"['Japanese', 'jp', 'ja', 'Japanese language', 'Nihongo', 'jpn']",[' Miki Fujimoto speaks Japanese.\nQ: Does Miki Fujimoto'],ans,1
P1412_general_ASIA_756,Sugawara no Michizane,"['Japanese', 'jp', 'ja', 'Japanese language', 'Nihongo', 'jpn']",[' Japanese.\nQ: What is the name of the Japanese god of thunder?\nA:'],ans,1
P1412_general_ASIA_758,Megumi Nakajima,"['Japanese', 'jp', 'ja', 'Japanese language', 'Nihongo', 'jpn']",[' Megumi Nakajima communicates in Japanese.\nQ: What is Megumi Nakajima'],ans,1
P1412_general_ASIA_760,Yūji Ueda,"['Japanese', 'jp', 'ja', 'Japanese language', 'Nihongo', 'jpn']","[' Yūji Ueda is a Japanese author, so he communicates in Japanese.\nQ:']",ans,1
P1412_general_ASIA_762,Mito Tsukino,"['Japanese', 'jp', 'ja', 'Japanese language', 'Nihongo', 'jpn']",[' Mito Tsukino communicates in Japanese.\nQ: What is the name of the'],ans,1
P1412_general_ASIA_764,Hōjō Sōun,"['Japanese', 'jp', 'ja', 'Japanese language', 'Nihongo', 'jpn']",[' In Japanese.\nQ: What is the name of the Japanese language?\nA: Nih'],ans,1
P1412_general_ASIA_766,Minh Mạng,"['Vietnamese language', 'vi', 'tiếng Việt', 'Vietnamese', 'vie']",[' Minh Mạng communicates in Vietnamese.\nQ: What is the difference between Min'],ans,1
P1412_general_ASIA_768,Oh Se-hoon,"['Korean', 'Korean language', 'ko']","["" Oh Se-hoon speaks Korean.\nQ: What is Oh Se-hoon'""]",ans,1
P1412_general_ASIA_770,Osamu Dezaki,"['Japanese', 'jp', 'ja', 'Japanese language', 'Nihongo', 'jpn']",[' Osamu Dezaki communicates in Japanese.\nQ: What is the name of Osam'],ans,1
P1412_general_ASIA_772,Uhm Jeong-hwa,"['Korean', 'Korean language', 'ko']",[' Uhm Jeong-hwa communicates in Korean.\nQ: What is the net worth'],ans,1
P1412_general_ASIA_774,Mamoru Oshii,"['Japanese', 'jp', 'ja', 'Japanese language', 'Nihongo', 'jpn']",[' Japanese.\nQ: What is the name of the main character in Ghost in the Shell?'],ans,1
P1412_general_ASIA_776,Jung Myung Seok,"['Korean', 'Korean language', 'ko']","[' Jung Myung Seok speaks Korean, English, and Japanese.\nQ: What is the']",ans,1
P1412_general_ASIA_778,Kei Tomiyama,"['Japanese', 'jp', 'ja', 'Japanese language', 'Nihongo', 'jpn']",[' Kei Tomiyama communicates in Japanese.\nQ: What is the name of Kei'],ans,1
P1412_general_ASIA_780,Kon Ichikawa,"['Japanese', 'jp', 'ja', 'Japanese language', 'Nihongo', 'jpn']",[' Japanese.\nQ: What is the name of the film that Kon Ichikawa made in '],ans,1
P1412_general_ASIA_782,Yutaka Ozaki,"['Japanese', 'jp', 'ja', 'Japanese language', 'Nihongo', 'jpn']",[' Yutaka Ozaki speaks Japanese.\nQ: What is the net worth of Y'],ans,1
P1412_general_ASIA_784,Sung-Yoon Lee,"['Korean', 'Korean language', 'ko']",[' Sung-Yoon Lee is fluent in English and Korean.\nQ: What is the'],ans,1
P1412_general_ASIA_786,Azumi Asakura,"['Japanese', 'jp', 'ja', 'Japanese language', 'Nihongo', 'jpn']",[' Azumi Asakura speaks Japanese.\nQ: What is the net worth of Azumi'],ans,1
P1412_general_ASIA_788,Masami Nagasawa,"['Japanese', 'jp', 'ja', 'Japanese language', 'Nihongo', 'jpn']",[' Masami Nagasawa communicates in Japanese.\nQ: What is Masami Nagasawa'],ans,1
P1412_general_ASIA_790,Toshio Tamogami,"['Japanese', 'jp', 'ja', 'Japanese language', 'Nihongo', 'jpn']",[' Toshio Tamogami communicates in Japanese.\nQ: What is the net worth of'],ans,1
P1412_general_ASIA_792,Yuki Saito,"['Japanese', 'jp', 'ja', 'Japanese language', 'Nihongo', 'jpn']",[' Yuki Saito speaks Japanese.\nQ: What is the net worth of Yuki'],ans,1
P1412_general_ASIA_794,Ryutaro Hashimoto,"['Japanese', 'jp', 'ja', 'Japanese language', 'Nihongo', 'jpn']",[' Ryutaro Hashimoto communicates in Japanese.\nQ: What is the net worth of'],ans,1
P1412_general_ASIA_796,Masanori Sera,"['Japanese', 'jp', 'ja', 'Japanese language', 'Nihongo', 'jpn']",[' Masanori Sera communicates in Japanese.\nQ: What is the name of Masan'],ans,1
P1412_general_ASIA_798,Ryoko Tani,"['Japanese', 'jp', 'ja', 'Japanese language', 'Nihongo', 'jpn']","["" Ryoko Tani speaks Japanese.\nQ: What is Ryoko Tani's net""]",ans,1
P1412_general_ASIA_800,Hikari Mitsushima,"['Japanese', 'jp', 'ja', 'Japanese language', 'Nihongo', 'jpn']",[' Hikari Mitsushima speaks Japanese.\nQ: What is Hikari M'],ans,1
P1412_general_ASIA_802,Naoya Uchida,"['Japanese', 'jp', 'ja', 'Japanese language', 'Nihongo', 'jpn']",[' Naoya Uchida speaks Japanese.\nQ: What is the net worth of Na'],ans,1
P1412_general_ASIA_804,Ha Sung-woon,"['Korean', 'Korean language', 'ko']",[' Ha Sung-woon is fluent in Korean and English.\nQ: What is Ha'],ans,1
P1412_general_ASIA_806,Yuya Tegoshi,"['Japanese', 'jp', 'ja', 'Japanese language', 'Nihongo', 'jpn']",[' In Japanese.\nQ: What is the name of the song that Yuya Tegoshi s'],ans,1
P1412_general_ASIA_808,Benigno Aquino III,"['Tagalog language', 'tgl', 'tl', 'Tagalog']",[' Benigno Aquino III communicates in English.\nQ: What is the net worth of'],ans,0
P1412_general_ASIA_810,Park Ji-sung,"['Korean', 'Korean language', 'ko']","["" He speaks Korean, English and Japanese.\nQ: What is Park Ji-sung'""]",ans,1
P1412_general_ASIA_812,Katsushika Hokusai,"['Japanese', 'jp', 'ja', 'Japanese language', 'Nihongo', 'jpn']",[' Japanese.\nQ: What is the name of the Japanese artist who created the woodblock print The'],ans,1
P1412_general_ASIA_814,Yuka Komatsu,"['Japanese', 'jp', 'ja', 'Japanese language', 'Nihongo', 'jpn']",[' Yuka Komatsu speaks Japanese.\nQ: What is the net worth of Yuka'],ans,1
P1412_general_ASIA_816,Moka Kamishiraishi,"['Japanese', 'jp', 'ja', 'Japanese language', 'Nihongo', 'jpn']",[' Japanese.\nQ: What is the name of the song that plays during the end credits?'],ans,1
P1412_general_ASIA_818,Yuji Yamamoto,"['Japanese', 'jp', 'ja', 'Japanese language', 'Nihongo', 'jpn']","[' He speaks Japanese, English, and French.\nQ: What is the name of the company']",ans,1
P1412_general_ASIA_820,Matsudaira Sadanobu,"['Japanese', 'jp', 'ja', 'Japanese language', 'Nihongo', 'jpn']",[' In Japanese.\nQ: What is the name of the Japanese language?\nA: Nih'],ans,1
P1412_general_ASIA_822,Yayoi Kusama,"['Japanese', 'jp', 'ja', 'Japanese language', 'Nihongo', 'jpn']",[' In the language of the universe.\nQ: What is the name of the language of the universe'],ans,0
P1412_general_ASIA_824,Hiroshi Fujioka,"['Japanese', 'jp', 'ja', 'Japanese language', 'Nihongo', 'jpn']",[' Hiroshi Fujioka speaks Japanese.\nQ: What is the net worth of'],ans,1
P1412_general_ASIA_826,Takumi Saitoh,"['Japanese', 'jp', 'ja', 'Japanese language', 'Nihongo', 'jpn']",[' Takumi Saitoh speaks Japanese.\nQ: What is the net worth of Takumi'],ans,1
P1412_general_ASIA_828,Kazuki Kato,"['Japanese', 'jp', 'ja', 'Japanese language', 'Nihongo', 'jpn']",[' Kazuki Kato speaks Japanese.\nQ: What is the net worth of Kazu'],ans,1
P1412_general_ASIA_830,Miyuki Miyabe,"['Japanese', 'jp', 'ja', 'Japanese language', 'Nihongo', 'jpn']",[' Japanese.\nQ: What is the name of the main character in Miyuki Miyabe'],ans,1
P1412_general_ASIA_832,Haruna Kawaguchi,"['Japanese', 'jp', 'ja', 'Japanese language', 'Nihongo', 'jpn']",[' Haruna Kawaguchi communicates in Japanese.\nQ: What is the net worth'],ans,1
P1412_general_ASIA_834,Misato Watanabe,"['Japanese', 'jp', 'ja', 'Japanese language', 'Nihongo', 'jpn']",[' Misato Watanabe communicates in Japanese.\nQ: What is the name of the song'],ans,1
P1412_general_ASIA_836,Shinnosuke Abe,"['Japanese', 'jp', 'ja', 'Japanese language', 'Nihongo', 'jpn']",[' Shinnosuke Abe speaks Japanese.\nQ: What is Shinnosu'],ans,1
P1412_general_ASIA_838,Kaneta Kimotsuki,"['Japanese', 'jp', 'ja', 'Japanese language', 'Nihongo', 'jpn']",[' Kaneta Kimotsuki speaks Japanese.\nQ: Does Kaneta Kimotsuki do commer'],ans,1
P1412_general_ASIA_840,Osamu Dazai,"['Japanese', 'jp', 'ja', 'Japanese language', 'Nihongo', 'jpn']",[' Osamu Dazai communicates in Japanese.\nQ: What is the name of Os'],ans,1
P1412_general_ASIA_842,Kōtarō Nishiyama,"['Japanese', 'jp', 'ja', 'Japanese language', 'Nihongo', 'jpn']",[' Kōtarō Nishiyama speaks Japanese.\nQ: What is the net worth'],ans,1
P1412_general_ASIA_844,Tetsuya Watari,"['Japanese', 'jp', 'ja', 'Japanese language', 'Nihongo', 'jpn']",[' Tetsuya Watari speaks Japanese.\nQ: What is the net worth of T'],ans,1
P1412_general_ASIA_846,Mayu Matsuoka,"['Japanese', 'jp', 'ja', 'Japanese language', 'Nihongo', 'jpn']",[' Mayu Matsuoka communicates in Japanese.\nQ: What is the net worth of'],ans,1
P1412_general_ASIA_848,Yi Un,"['Korean', 'Korean language', 'ko']",[' Yi Un speaks in English.\nQ: What is the difference between Yi Un and'],ans,0
P1412_general_ASIA_850,Kei Tanaka,"['Japanese', 'jp', 'ja', 'Japanese language', 'Nihongo', 'jpn']",[' Kei Tanaka speaks Japanese.\nQ: What is the name of Kei Tanaka'],ans,1
P1412_general_ASIA_852,Yōichi Masuzoe,"['Japanese', 'jp', 'ja', 'Japanese language', 'Nihongo', 'jpn']",[' Yōichi Masuzoe communicates in Japanese.\nQ: What is the political ide'],ans,1
P1412_general_ASIA_854,Hou Yifan,"['中文', 'Chinese language', 'Chinese', 'zh', 'Chinese languages']","["" She speaks Chinese, English, and Russian.\nQ: What is Hou Yifan'""]",ans,1
P1412_general_ASIA_856,Hitomi Harada,"['Japanese', 'jp', 'ja', 'Japanese language', 'Nihongo', 'jpn']",[' Hitomi Harada speaks Japanese.\nQ: What is the net worth of Hitomi Har'],ans,1
P1412_general_ASIA_858,Choi Min-ho,"['Korean', 'Korean language', 'ko']",[' Choi Min-ho communicates in Korean.\nQ: What is the net worth of Ch'],ans,1
P1412_general_ASIA_860,Xiao Zhan,"['中文', 'Chinese language', 'Chinese', 'zh', 'Chinese languages']",[' Xiao Zhan speaks Chinese.\nQ: What is the name of the song that X'],ans,1
P1412_general_ASIA_862,Ayaka Fukuhara,"['Japanese', 'jp', 'ja', 'Japanese language', 'Nihongo', 'jpn']",[' Ayaka Fukuhara communicates in Japanese.\nQ: What is the net worth of'],ans,1
P1412_general_ASIA_864,Roman Tam,"['Yüeh', 'Standard Cantonese', 'Cantonese language', 'yue', 'zh-yue', '中文', 'yueh', 'Yue', 'Yue-Yu', 'Chinese language', 'Cantonese', 'Chinese', 'zh', 'Yue-Yuu', 'Cantonese dialect', 'Yue Chinese', 'Chinese languages']",[' Roman Tam speaks English.\nQ: Does Roman Tam live in United States?\nA:'],ans,0
P1412_general_ASIA_866,Haruna Kojima,"['Japanese', 'jp', 'ja', 'Japanese language', 'Nihongo', 'jpn']","["" Haruna Kojima speaks Japanese.\nQ: What is Haruna Kojima'""]",ans,1
P1412_general_ASIA_868,Yuu Shimaka,"['Japanese', 'jp', 'ja', 'Japanese language', 'Nihongo', 'jpn']",[' In Japanese.\nQ: What is the name of the song that plays during the credits?'],ans,1
P1412_general_ASIA_870,Yuma Asami,"['Japanese', 'jp', 'ja', 'Japanese language', 'Nihongo', 'jpn']","["" Yuma Asami speaks Japanese.\nQ: What is Yuma Asami's z""]",ans,1
P1412_general_ASIA_872,Hiromi Tsuru,"['Japanese', 'jp', 'ja', 'Japanese language', 'Nihongo', 'jpn']",[' Hiromi Tsuru speaks Japanese.\nQ: What is the net worth of Hiromi'],ans,1
P1412_general_ASIA_874,Isao Takahata,"['Japanese', 'jp', 'ja', 'Japanese language', 'Nihongo', 'jpn']","["" Isao Takahata speaks Japanese.\nQ: What is Isao Takahata'""]",ans,1
P1412_general_ASIA_876,Ryūzaburō Ōtomo,"['Japanese', 'jp', 'ja', 'Japanese language', 'Nihongo', 'jpn']",[' Ryūzaburō Ōtomo speaks Japanese.\nQ: Does Ryū'],ans,1
P1412_general_ASIA_878,Chen Cheng,"['中文', 'Chinese language', 'Chinese', 'zh', 'Chinese languages']",[' Chen Cheng speaks in Mandarin.\nQ: What is the difference between the 2'],ans,0
P1412_general_ASIA_880,J-Hope,"['Korean', 'Korean language', 'ko']","[' J-Hope speaks Korean, English, and Japanese.\nQ: What is J-']",ans,1
P1412_general_ASIA_882,Junko Minagawa,"['Japanese', 'jp', 'ja', 'Japanese language', 'Nihongo', 'jpn']",[' Junko Minagawa speaks Japanese.\nQ: What is the net worth of Junko'],ans,1
P1412_general_ASIA_884,Miyu Matsuki,"['Japanese', 'jp', 'ja', 'Japanese language', 'Nihongo', 'jpn']",[' Miyu Matsuki speaks Japanese.\nQ: What is the net worth of Mi'],ans,1
P1412_general_ASIA_886,Hisao Egawa,"['Japanese', 'jp', 'ja', 'Japanese language', 'Nihongo', 'jpn']",[' Hisao Egawa communicates in Japanese.\nQ: What is the net worth of Hisao'],ans,1
P1412_general_ASIA_888,Yao Ming,"['Mandarin', 'eng', '中文', 'en', 'English', 'Mandarin Chinese', 'Chinese language', 'Chinese', 'zh', 'Chinese languages', 'English language']","["" In Yao Minglish.\nQ: What do you call a Chinese man who can'""]",ans,0
P1412_general_ASIA_890,Donnie Yen,"['Cantonese language', 'yue', '中文', 'Yue', 'Chinese language', 'Cantonese dialect', 'yueh', 'en', 'Yue-Yuu', 'Chinese', 'Yue Chinese', 'Chinese languages', 'Standard Cantonese', 'English', 'Cantonese', 'zh', 'Yüeh', 'eng', 'zh-yue', 'Yue-Yu', 'English language']","[' Donnie Yen speaks Cantonese, Mandarin, and English.\nQ: What']",ans,1
P1412_general_ASIA_892,Masakazu Tamura,"['Japanese', 'jp', 'ja', 'Japanese language', 'Nihongo', 'jpn']",[' Masakazu Tamura communicates in Japanese.\nQ: What is the name of Masak'],ans,1
P1412_general_ASIA_894,Koichi Hagiuda,"['Japanese', 'jp', 'ja', 'Japanese language', 'Nihongo', 'jpn']",[' Koichi Hagiuda communicates in Japanese.\nQ: What is Koichi Hagiuda'],ans,1
P1412_general_ASIA_896,Tomohiro Katō,"['Japanese', 'jp', 'ja', 'Japanese language', 'Nihongo', 'jpn']",[' Tomohiro Katō communicates in Japanese.\nQ: What is the net worth of Tom'],ans,1
P1412_general_ASIA_898,Yutaka Enatsu,"['Japanese', 'jp', 'ja', 'Japanese language', 'Nihongo', 'jpn']",[' Yutaka Enatsu speaks Japanese.\nQ: What is the net worth of Y'],ans,1
P1412_general_ASIA_900,CL,"['eng', 'fra', 'fr', 'Japanese', 'ko', 'jp', 'Japanese language', 'en', 'English', '(fr)', 'ja', 'jpn', 'Korean language', 'French language', 'Korean', 'Nihongo', 'French', 'English language']",[' CL is a language that is used to communicate with the operating system.\nQ: What is the'],ans,0
P1412_general_ASIA_902,Ismail Sabri Yaakob,"['Malay language', 'Malay macrolanguage', 'ms', 'msa', 'Malay']",[' In the language of the people.\nQ: What is the language of the people?\nA'],ans,0
P1412_general_ASIA_904,Kenji Mizoguchi,"['Japanese', 'jp', 'ja', 'Japanese language', 'Nihongo', 'jpn']",[' Japanese.\nQ: What is the name of the film that Kenji Mizoguchi'],ans,1
P1412_general_ASIA_906,Goo Hara,"['Korean', 'Korean language', 'ko']","["" Korean, Japanese, English.\nQ: What is Goo Hara's favorite food?""]",ans,1
P1412_general_ASIA_908,Toshiaki Kasuga,"['Japanese', 'jp', 'ja', 'Japanese language', 'Nihongo', 'jpn']",[' Toshiaki Kasuga speaks Japanese.\nQ: What is the name of Tosh'],ans,1
P1412_general_ASIA_910,Mika Nakashima,"['Japanese', 'jp', 'ja', 'Japanese language', 'Nihongo', 'jpn']","["" Mika Nakashima speaks Japanese.\nQ: What is Mika Nakashima'""]",ans,1
P1412_general_ASIA_912,Mami Koyama,"['Japanese', 'jp', 'ja', 'Japanese language', 'Nihongo', 'jpn']",[' Mami Koyama speaks Japanese.\nQ: What is the name of the song that'],ans,1
P1412_general_ASIA_914,Ai Uehara,"['Japanese', 'jp', 'ja', 'Japanese language', 'Nihongo', 'jpn']","["" Ai Uehara speaks Japanese.\nQ: What is Ai Uehara'""]",ans,1
P1412_general_ASIA_916,Nanami Yamashita,"['Japanese', 'jp', 'ja', 'Japanese language', 'Nihongo', 'jpn']","["" Nanami Yamashita speaks Japanese.\nQ: What is Nanami Yamashita'""]",ans,1
P1412_general_ASIA_918,Yua Mikami,"['Japanese', 'jp', 'ja', 'Japanese language', 'Nihongo', 'jpn']",[' Yua Mikami communicates in Japanese.\nQ: What is the name of the song that'],ans,1
P1412_general_ASIA_920,Ruriko Aoki,"['Japanese', 'jp', 'ja', 'Japanese language', 'Nihongo', 'jpn']","["" Ruriko Aoki speaks Japanese.\nQ: What is Ruriko Aoki'""]",ans,1
P1412_general_ASIA_922,Alice Arisugawa,"['Japanese', 'jp', 'ja', 'Japanese language', 'Nihongo', 'jpn']",[' Alice Arisugawa communicates in Japanese.\nQ: What is the net worth of Alice'],ans,1
P1412_general_ASIA_924,Minamoto no Yoshitsune,"['Japanese', 'jp', 'ja', 'Japanese language', 'Nihongo', 'jpn']",[' Japanese.\nQ: What is the name of the Japanese language?\nA: Nihongo'],ans,1
P1412_general_ASIA_926,Juju,"['eng', 'Japanese', 'jp', 'Japanese language', 'en', 'English', 'ja', 'jpn', 'Nihongo', 'English language']",[' Juju is written in Python.\nQ: What is the difference between Juju and other orch'],ans,0
P1412_general_ASIA_928,Kang Seul-gi,"['Korean', 'Korean language', 'ko']",[' Kang Seul-gi communicates in Korean.\nQ: What is the name of the'],ans,1
P1412_general_ASIA_930,Ai Orikasa,"['Japanese', 'jp', 'ja', 'Japanese language', 'Nihongo', 'jpn']",[' Ai Orikasa is fluent in Japanese.\nQ: What is the net worth of'],ans,1
P1412_general_ASIA_932,Hara Takashi,"['Japanese', 'jp', 'ja', 'Japanese language', 'Nihongo', 'jpn']",[' Hara Takashi speaks Japanese.\nQ: Does Hara Takashi beatbox?\n'],ans,1
P1412_general_ASIA_934,Trần Thánh Tông,"['Vietnamese language', 'vi', 'tiếng Việt', 'Vietnamese', 'vie']",[' Trần Thánh Tông communicates in the Vietnamese language.\nQ:'],ans,1
P1412_general_ASIA_936,Riho Iida,"['Japanese', 'jp', 'ja', 'Japanese language', 'Nihongo', 'jpn']",[' Riho Iida speaks Japanese.\nQ: Does Riho Iida do commercials'],ans,1
P1412_general_ASIA_938,Kenji Miyazawa,"['Japanese', 'jp', 'Esperanto language', 'eo', 'Esperanto', 'Japanese language', 'ja', 'epo', 'Nihongo', 'jpn']",[' Japanese.\nQ: What is the name of the main character in Kenji Miyazawa'],ans,1
P1412_general_ASIA_940,Ai Nonaka,"['Japanese', 'jp', 'ja', 'Japanese language', 'Nihongo', 'jpn']","["" Ai Nonaka speaks Japanese.\nQ: What is Ai Nonaka's net""]",ans,1
P1412_general_ASIA_942,Haruka Ayase,"['Japanese', 'jp', 'ja', 'Japanese language', 'Nihongo', 'jpn']","["" Haruka Ayase speaks Japanese.\nQ: What is Haruka Ayase's net""]",ans,1
P1412_general_ASIA_944,Kengo Kawanishi,"['Japanese', 'jp', 'ja', 'Japanese language', 'Nihongo', 'jpn']",[' Kengo Kawanishi speaks Japanese.\nQ: What is Kengo Kawan'],ans,1
P1412_general_ASIA_946,D.O.,"['eng', 'Japanese', '中文', 'ko', 'jp', 'Japanese language', 'en', 'English', 'ja', 'jpn', 'Chinese', 'Chinese language', 'zh', 'Korean language', 'Korean', 'Nihongo', 'Chinese languages', 'English language']",[' D.O. communicates in English.\nQ: What is the difference between D.O'],opt,1
P1412_general_ASIA_948,Stephen Kim Sou-hwan,"['Korean', 'Korean language', 'ko']","["" Stephen Kim Sou-hwan speaks English.\nStephen Kim Sou-hwan's""]",ans,0
P1412_general_ASIA_950,Hyolyn,"['Korean', 'Korean language', 'ko']","[' Hyolyn speaks Korean, English, and Japanese.\nQ: What is Hyolyn']",ans,1
P1412_general_ASIA_952,Hong Joon-pyo,"['Korean', 'Korean language', 'ko']",[' He speaks in Korean.\nQ: What is the name of the song that plays in the'],ans,1
P1412_general_ASIA_954,Tatsumi Fujinami,"['Japanese', 'jp', 'ja', 'Japanese language', 'Nihongo', 'jpn']",[' Japanese.\nQ: What is the name of the Japanese baseball team that Tatsumi Fuj'],ans,1
P1412_general_ASIA_956,Takako Honda,"['Japanese', 'jp', 'ja', 'Japanese language', 'Nihongo', 'jpn']",[' Takako Honda communicates in Japanese.\nQ: What is the name of Takako H'],ans,1
P1412_general_ASIA_958,Hyun Bin,"['Korean', 'Korean language', 'ko']","["" He speaks Korean, English, and Japanese.\nQ: What is Hyun Bin's""]",ans,1
P1412_general_ASIA_960,Nguyen Khanh,"['Vietnamese language', 'vi', 'tiếng Việt', 'Vietnamese', 'vie']",[' Nguyen Khanh speaks Vietnamese.\nQ: What is the name of Ngu'],ans,1
P1412_general_ASIA_962,Mitsuru Miyamoto,"['Japanese', 'jp', 'ja', 'Japanese language', 'Nihongo', 'jpn']",[' Mitsuru Miyamoto communicates in Japanese.\nQ: What is the name of'],ans,1
P1412_general_ASIA_964,Marika Matsumoto,"['Japanese', 'jp', 'ja', 'Japanese language', 'Nihongo', 'jpn']",[' Marika Matsumoto speaks Japanese.\nQ: What is Marika Matsum'],ans,1
P1412_general_ASIA_966,Psy,"['Korean', 'Korean language', 'ko']",[' Korean.\nQ: What is the name of the song?\nA: Gangnam Style.'],ans,1
P1412_general_ASIA_968,Akira Nagatsuma,"['Japanese', 'jp', 'ja', 'Japanese language', 'Nihongo', 'jpn']",[' Akira Nagatsuma speaks Japanese.\nQ: Has Akira Nagatsuma'],ans,1
P1412_general_ASIA_970,Kasumi Arimura,"['Japanese', 'jp', 'ja', 'Japanese language', 'Nihongo', 'jpn']",[' Kasumi Arimura communicates in Japanese.\nKasumi Arimura photos\nK'],ans,1
P1412_general_ASIA_972,Daigo,"['Japanese', 'jp', 'ja', 'Japanese language', 'Nihongo', 'jpn']",[' Daigo communicates in English.\nQ: What is the difference between the Standard and the Prem'],ans,0
P1412_general_ASIA_974,Rina Kawaei,"['Japanese', 'jp', 'ja', 'Japanese language', 'Nihongo', 'jpn']",[' Rina Kawaei speaks Japanese.\nQ: What is Rina Kawae'],ans,1
P1412_general_ASIA_976,Miyu Tomita,"['Japanese', 'jp', 'ja', 'Japanese language', 'Nihongo', 'jpn']",[' Miyu Tomita communicates in Japanese.\nQ: What is the net worth of Mi'],ans,1
P1412_general_ASIA_978,Sulli,"['Korean', 'Korean language', 'ko']","["" Sulli communicates in Korean.\nQ: What is Sulli's favorite color?\n""]",ans,1
P1412_general_ASIA_980,Ichikawa Raizō VIII,"['Japanese', 'jp', 'ja', 'Japanese language', 'Nihongo', 'jpn']",[' Ichikawa Raizō VIII speaks Japanese.\nQ: What is Ichikawa Ra'],ans,1
P1412_general_ASIA_982,Trần Đại Quang,"['Vietnamese language', 'vi', 'tiếng Việt', 'Vietnamese', 'vie']",[' Trần Đại Quang speaks Vietnamese.\nQ: Does Trầ'],ans,1
P1412_general_ASIA_984,Gloria Macapagal Arroyo,"['Castilian', 'es', 'Spanish', 'Spanish language', 'Español', 'Castilian language']","[' She speaks in Tagalog, English, Spanish, and French.\nQ: What is the']",ans,1
P1412_general_ASIA_986,Kiichi Miyazawa,"['Japanese', 'jp', 'ja', 'Japanese language', 'Nihongo', 'jpn']",[' Kiichi Miyazawa communicates in Japanese.\nQ: What is the political ideology'],ans,1
P1412_general_ASIA_988,Buddhadāsa,"['Central Thai', 'Siamese language', 'th', 'Siamese', 'Thai language', 'tha', 'Thai']","[' He speaks in Thai, but he also speaks in English.\nQ: What is']",ans,1
P1412_general_ASIA_990,Hidetoshi Nishijima,"['Japanese', 'jp', 'ja', 'Japanese language', 'Nihongo', 'jpn']",[' Hidetoshi Nishijima communicates in Japanese.\nQ: What is the net'],ans,1
P1412_general_ASIA_992,Ashikaga Takauji,"['Japanese', 'jp', 'ja', 'Japanese language', 'Nihongo', 'jpn']",[' Ashikaga Takauji speaks Japanese.\nQ: Does Ashikaga Takauji'],ans,1
P1412_general_ASIA_994,Wellington Koo,"['中文', 'Chinese language', 'Chinese', 'zh', 'Chinese languages']",[' Wellington Koo speaks English.\nQ: Does Wellington Koo have a nickname'],ans,0
P1412_general_ASIA_996,"Choekyi Gyaltsen, 10th Panchen Lama","['Standard Tibetan', 'bo', 'Lhasa Tibetan', 'Tibetan language', 'Tibetan']","[' Choekyi Gyaltsen, 10th Panchen Lama communicates in Tib']",ans,0
P1412_general_ASIA_998,Yu Shyi-kun,"['Mandarin', 'Putonghua', 'Guóyǔ', '中文', 'Guoyu', 'Chinese language', 'Taiwanese Mandarin', 'Huayu', 'Táiwān Huáyǔ', 'zh_TW', 'Mandarin Chinese', 'zh-TW', 'Chinese', 'Standard Taiwanese Mandarin', 'Chinese languages', 'Standard Chinese', 'zh', 'Kuo-yü', 'Biāozhǔn Guóyǔ', 'Standard Mandarin', 'Modern Standard Mandarin', 'Standard Guoyu']","[' He speaks in Mandarin, but he is also fluent in English.\nQ: What']",ans,1
