﻿uuid,sub_label,obj_label,choices,ans_type,acc
P30_general_WESTERN_COUNTRIES_0,Switzerland,"['European continent', 'Europe', 'Old Continent']",[' Europe.\nQ: Which continent is the United Kingdom located in?\nQ: Which continent is'],ans,1
P30_general_WESTERN_COUNTRIES_1,Italy,"['European continent', 'Europe', 'Old Continent']",[' Europe.\nQ: What is the capital of Italy?\nA: Rome.\nQ:'],ans,1
P30_general_WESTERN_COUNTRIES_2,France,"['European continent', 'Europe', 'Old Continent']",[' Europe.\nQ: Which continent is the United States located in?\nQ: Which continent is'],ans,1
P30_general_WESTERN_COUNTRIES_3,Canada,"['NA', 'Turtle Island', 'North America', 'North and Central America']",[' North America.\nQ: What is the capital of Canada?\nA: Ottawa.\n'],ans,1
P30_general_WESTERN_COUNTRIES_4,United Kingdom,"['European continent', 'Europe', 'Old Continent']",[' United Kingdom is located in the continent of Europe.\nQ: Which country is United Kingdom in?'],ans,1
P30_general_WESTERN_COUNTRIES_5,United States of America,"['NA', 'Turtle Island', 'North America', 'North and Central America']",[' North America\nQ: Which continent is Australia located in?\nA: Australia\nQ: Which'],ans,1
P30_general_WESTERN_COUNTRIES_6,Spain,"['European continent', 'Europe', 'Old Continent']",[' Spain is located in Europe.\nQ: What is the capital of Spain?\nA: The'],ans,1
P30_general_WESTERN_COUNTRIES_7,Portugal,"['European continent', 'Europe', 'Old Continent']",[' Portugal is located in Europe.\nQ: What is the capital of Portugal?\nA: The'],ans,1
P30_general_WESTERN_COUNTRIES_8,Germany,"['European continent', 'Europe', 'Old Continent']",[' Europe.\nQ: Which continent is the United States located in?\nQ: Which continent is'],ans,1
P30_general_WESTERN_COUNTRIES_9,Austria,"['European continent', 'Europe', 'Old Continent']",[' Europe.\nQ: What is the capital of Austria?\nA: Vienna.\nQ:'],ans,1
P30_general_WESTERN_COUNTRIES_10,Luxembourg,"['European continent', 'Europe', 'Old Continent']",[' Europe.\nQ: What is the capital of Luxembourg?\nA: Luxembourg.\n'],ans,1
P30_general_WESTERN_COUNTRIES_11,Republic of Ireland,"['European continent', 'Europe', 'Old Continent']",[' Republic of Ireland is located in the continent of Europe.\nQ: Which country is Republic of Ireland'],ans,1
P30_general_WESTERN_COUNTRIES_12,New Zealand,"['Insular Oceania', 'Pacific Islands']",[' New Zealand is located in the continent of Oceania.\nQ: What is the population of'],ans,0
P30_general_WESTERN_COUNTRIES_13,Australia,"['Insular Oceania', 'Pacific Islands']",[' Australia is located in the continent of Oceania.\nQ: What is the capital of Australia'],ans,0
P30_general_WESTERN_COUNTRIES_14,Belgium,"['European continent', 'Europe', 'Old Continent']",[' Europe.\nQ: Which continent is the United Kingdom located in?\nQ: Which continent is'],ans,1
P30_general_WESTERN_COUNTRIES_15,Liechtenstein,"['European continent', 'Europe', 'Old Continent']",[' Europe.\nQ: Which continent is the United Kingdom located in?\nQ: Which continent is'],ans,1
P30_general_WESTERN_COUNTRIES_16,Monaco,"['European continent', 'Europe', 'Old Continent']",[' Europe.\nQ: What is the capital of Monaco?\nA: Monaco.\n'],ans,1
P30_general_WESTERN_COUNTRIES_17,Andorra,"['European continent', 'Europe', 'Old Continent']",[' Andorra is located in Europe.\nQ: Which continent is Angola located in?\n'],ans,1
P30_general_WESTERN_COUNTRIES_18,San Marino,"['European continent', 'Europe', 'Old Continent']",[' San Marino is located in Europe.\nQ: Which continent is Saint Kitts and Ne'],ans,1
