﻿uuid,sub_label,obj_label,choices,ans_type,acc
P30_general_ASIA_0,Japan,"['Asia', 'Asian continent']",[' Japan is located in the continent of Asia.\nQ: What is the capital of Japan?\n'],ans,1
P30_general_ASIA_1,People's Republic of China,"['Asia', 'Asian continent']","["" People's Republic of China is located in the continent of Asia.\nQ: Which country is""]",ans,1
P30_general_ASIA_2,Taiwan,"['Asia', 'Asian continent']",[' Taiwan is located in the continent of Asia.\nQ: Which continent is Taiwan located in?\n'],ans,1
P30_general_ASIA_3,Thailand,"['Asia', 'Asian continent']",[' Asia\nQ: What is the capital of Thailand?\nA: Bangkok\nQ'],ans,1
P30_general_ASIA_4,Philippines,"['Asia', 'Asian continent']",[' The Philippines is located in the continent of Asia.\nQ: What is the capital of Philippines?'],ans,1
P30_general_ASIA_5,Vietnam,"['Asia', 'Asian continent']",[' Asia.\nQ: What is the capital of Vietnam?\nA: Hanoi.\n'],ans,1
P30_general_ASIA_6,Singapore,"['Asia', 'Asian continent']",[' Asia.\nQ: Which continent is the United States located in?\nQ: Which continent is'],ans,1
P30_general_ASIA_7,South Korea,"['Asia', 'Asian continent']",[' South Korea is located in the continent of Asia.\nQ: Which continent is South Korea located in'],ans,1
P30_general_ASIA_8,North Korea,"['Asia', 'Asian continent']",[' Asia.\nQ: Which continent is South Korea located in?\nQ: Which continent is the'],ans,1
P30_general_ASIA_9,Myanmar,"['Asia', 'Asian continent']",[' Asia.\nQ: What is the capital of Myanmar?\nA: Naypy'],ans,1
P30_general_ASIA_10,Indonesia,"['Insular Oceania', 'Asia', 'Asian continent', 'Pacific Islands']",[' Asia.\nQ: What is the capital of Indonesia?\nA: Jakarta.\n'],ans,1
P30_general_ASIA_11,Malaysia,"['Asia', 'Asian continent']",[' Malaysia is located in Asia.\nQ: What is the capital of Malaysia?\nA'],ans,1
P30_general_ASIA_12,Mongolia,"['Asia', 'Asian continent']",[' Asia.\nQ: What is the capital of Mongolia?\nA: Ulaanba'],ans,1
