﻿uuid,sub_label,obj_label,choices,ans_type,acc
P364_general_WESTERN_COUNTRIES_0,Marvel Cinematic Universe,"['en', 'English', 'eng', 'English language']",[' The language of origin of Marvel Cinematic Universe is English.\nQ: What is the year'],ans,1
P364_general_WESTERN_COUNTRIES_2,The Batman,"['en', 'English', 'eng', 'English language']",[' The Batman is an American animated television series based on the DC Comics superhero Batman.'],ans,0
P364_general_WESTERN_COUNTRIES_4,Agents of S.H.I.E.L.D.,"['en', 'English', 'eng', 'English language']",[' English.\nQ: What is the language of origin of The Blacklist?\nQ: What'],ans,1
P364_general_WESTERN_COUNTRIES_6,Grey's Anatomy,"['en', 'English', 'eng', 'English language']","["" The language of origin of Grey's Anatomy is English.\nQ: I'd""]",ans,1
P364_general_WESTERN_COUNTRIES_8,WandaVision,"['en', 'English', 'eng', 'English language']",[' The language of origin of WandaVision is English.\nQ: What is the exact meaning'],ans,1
P364_general_WESTERN_COUNTRIES_10,The Dark Knight,"['en', 'English', 'eng', 'English language']",[' The Dark Knight is an English movie.\nQ: What is the year of release of The Dark'],ans,1
P364_general_WESTERN_COUNTRIES_12,The Exorcist,"['en', 'English', 'eng', 'English language']",[' The Exorcist is an English-language film.\nQ: What are the names of'],ans,1
P364_general_WESTERN_COUNTRIES_14,Captain America: Civil War,"['en', 'English', 'eng', 'English language']",[' English is the language of origin of Captain America: Civil War.\nQ: What is the duration'],ans,1
P364_general_WESTERN_COUNTRIES_16,SpongeBob SquarePants,"['en', 'English', 'eng', 'English language']","[' English.\nQ: What is the language of origin of the word ""sponge""?\n']",ans,1
P364_general_WESTERN_COUNTRIES_18,"Gute Zeiten, schlechte Zeiten","['German', 'de', 'German language']","[' The language of origin of Gute Zeiten, schlechte Zeiten is German.\nQ']",ans,1
P364_general_WESTERN_COUNTRIES_20,American Idol,"['en', 'English', 'eng', 'English language']",[' American Idol is an English word.\nQ: What is the language of origin of American Id'],ans,1
P364_general_WESTERN_COUNTRIES_22,Citizen Kane,"['en', 'English', 'eng', 'English language']",[' English.\nQ: What is the language of origin of The Godfather?\nQ: What'],ans,1
P364_general_WESTERN_COUNTRIES_24,Terminator 2: Judgment Day,"['en', 'English', 'eng', 'English language']",[' English.\nQ: What is the language of origin of The Terminator?\nQ:'],ans,1
P364_general_WESTERN_COUNTRIES_26,Avatar,"['en', 'English', 'eng', 'English language']",[' The language of origin of Avatar is English.\nMore meanings / definitions of Avatar or'],ans,1
P364_general_WESTERN_COUNTRIES_28,Doctor Strange,"['en', 'English', 'eng', 'English language']",[' Doctor Strange is an American superhero film based on the Marvel Comics character of the same name'],ans,0
P364_general_WESTERN_COUNTRIES_30,Dancing with the Stars,"['en', 'English', 'eng', 'English language']",[' Dancing with the Stars is an American TV show.\nQ: What is the language of origin'],ans,0
P364_general_WESTERN_COUNTRIES_32,Guardians of the Galaxy,"['en', 'English', 'eng', 'English language']",[' The language of origin of Guardians of the Galaxy is English.\nQ: What is the'],ans,1
P364_general_WESTERN_COUNTRIES_34,Zack Snyder's Justice League,"['en', 'English', 'eng', 'English language']","["" The language of origin of Zack Snyder's Justice League is English, it was produced""]",ans,1
P364_general_WESTERN_COUNTRIES_36,The Walking Dead,"['en', 'English', 'eng', 'English language']",[' The Walking Dead is an American comic book series created by writer Robert Kirkman and artist Tony'],ans,0
P364_general_WESTERN_COUNTRIES_38,Call Me by Your Name,"['eng', 'fra', 'fr', 'it', 'Italian', 'en', 'English', '(fr)', 'French language', 'Italian language', 'French', 'English language', 'Italiano']",[' Italian\nQ: What is the language of origin of The Shape of Water?\nQ:'],ans,1
P364_general_WESTERN_COUNTRIES_40,Wonder Woman,"['en', 'English', 'eng', 'English language']",[' English.\nQ: What is the language of origin of Superman?\nQ: What is'],ans,1
P364_general_WESTERN_COUNTRIES_42,Thor: Ragnarok,"['en', 'English', 'eng', 'English language']",[' English.\nQ: What is the language of origin of Thor: Ragnarok?\n'],ans,1
P364_general_WESTERN_COUNTRIES_44,Beauty and the Beast,"['en', 'English', 'eng', 'English language']",[' The story of Beauty and the Beast is a French fairy tale.\nQ: What'],ans,0
P364_general_WESTERN_COUNTRIES_46,New Amsterdam,"['en', 'English', 'eng', 'English language']",[' The language of origin of New Amsterdam is English .\nMore information: The language of origin of New'],ans,1
P364_general_WESTERN_COUNTRIES_48,Star Wars: Episode V – The Empire Strikes Back,"['en', 'English', 'eng', 'English language']",[' English\nQ: What is the language of origin of Star Wars: Episode VI – Return of'],ans,1
P364_general_WESTERN_COUNTRIES_50,Halt and Catch Fire,"['en', 'English', 'eng', 'English language']","[' The phrase ""Halt and Catch Fire"" is a computer machine code instruction that was used in']",ans,0
P364_general_WESTERN_COUNTRIES_52,Aliens,"['en', 'English', 'eng', 'English language']",[' The language of origin of Aliens is English.\nQ: How many syllables are in'],ans,1
P364_general_WESTERN_COUNTRIES_54,The Falcon and the Winter Soldier,"['en', 'English', 'eng', 'English language']",[' The language of origin of The Falcon and the Winter Soldier is United States of America.\n'],ans,0
P364_general_WESTERN_COUNTRIES_56,Avengers: Infinity War,"['en', 'English', 'eng', 'English language']",[' Avengers: Infinity War is an English movie.\nQ: What is the year of'],ans,1
P364_general_WESTERN_COUNTRIES_58,Iron Man 3,"['en', 'English', 'eng', 'English language']",[' Iron Man 3 was filmed in English.\nQ: I have a question about the movie'],ans,1
P364_general_WESTERN_COUNTRIES_60,Mayday,"['en', 'English', 'eng', 'English language']","[' Mayday is a French word.\nQ: What is the language of origin of the word ""']",ans,0
P364_general_WESTERN_COUNTRIES_62,Batman v Superman: Dawn of Justice,"['en', 'English', 'eng', 'English language']",[' English is the language of origin of Batman v Superman: Dawn of Justice.\nQ'],ans,1
P364_general_WESTERN_COUNTRIES_64,Jurassic World: Fallen Kingdom,"['en', 'English', 'eng', 'English language']",[' English is the language of origin of Jurassic World: Fallen Kingdom.\nQ: What'],ans,1
P364_general_WESTERN_COUNTRIES_66,Ant-Man,"['en', 'English', 'eng', 'English language']",[' Ant-Man is an English origin name.\nQ: How popular is the baby name Ant-'],ans,1
P364_general_WESTERN_COUNTRIES_68,Strictly Come Dancing,"['en', 'English', 'eng', 'English language']",[' The language of origin of Strictly Come Dancing is English .\nMore English Questions\n'],ans,1
P364_general_WESTERN_COUNTRIES_70,RoboCop,"['en', 'English', 'eng', 'English language']",[' The language of origin of RoboCop is English.\nQ: What is the language of'],ans,1
P364_general_WESTERN_COUNTRIES_72,Stranger Things,"['en', 'English', 'eng', 'English language']",[' The language of origin of Stranger Things is English .\nQ: How many seasons of Stranger'],ans,1
P364_general_WESTERN_COUNTRIES_74,Terminator: Dark Fate,"['Castilian', 'eng', 'es', 'en', 'English', 'Spanish', 'Spanish language', 'Español', 'Castilian language', 'English language']",[' Terminator: Dark Fate is an English movie.\nQ: What is the year of'],ans,1
P364_general_WESTERN_COUNTRIES_76,Breaking Bad,"['eng', 'en-us', 'en-US', 'AmE', 'United States English', 'U.S. English', 'US English', 'en', 'English', 'en_us', 'English (United States)', 'en_US', 'American English', 'English language']",[' English.\nQ: What is the language of origin of The Wire?\nQ: What'],ans,1
P364_general_WESTERN_COUNTRIES_78,Parks and Recreation,"['en', 'English', 'eng', 'English language']",[' Parks and Recreation is an American sitcom that premiered on NBC on April '],ans,0
P364_general_WESTERN_COUNTRIES_80,The Office,"['en', 'English', 'eng', 'English language']",[' The Office is an American adaptation of the British TV series of the same name.\nQ: What'],ans,0
P364_general_WESTERN_COUNTRIES_82,Captain America: The Winter Soldier,"['en', 'English', 'eng', 'English language']",[' English.\nQ: What is the duration of Captain America: The Winter Soldier?\nA'],ans,1
P364_general_WESTERN_COUNTRIES_84,House,"['en', 'English', 'eng', 'English language']",[' House is a language of origin of House.\nQ: How many people speak House in the world'],ans,0
P364_general_WESTERN_COUNTRIES_86,Supernatural,"['en', 'English', 'eng', 'English language']",[' Supernatural is an English word. It is used as a noun.\nQ: How popular'],ans,1
P364_general_WESTERN_COUNTRIES_88,Arrow,"['en', 'English', 'eng', 'English language']",[' Arrow is a language of origin for the following languages:\nA: Arrow is a language'],ans,0
P364_general_WESTERN_COUNTRIES_90,Groundhog Day,"['en', 'English', 'eng', 'English language']",[' The language of origin of Groundhog Day is English.\nQ: What is the language'],ans,1
P364_general_WESTERN_COUNTRIES_92,Dune,"['en', 'English', 'eng', 'English language']",[' The language of origin of Dune is English.\nQ: I have a word or a phrase'],ans,1
P364_general_WESTERN_COUNTRIES_94,The Lion King,"['en', 'English', 'eng', 'English language']",[' The language of origin of The Lion King is English.\nQ: What is the language of the'],ans,1
P364_general_WESTERN_COUNTRIES_96,Mad Men,"['en', 'English', 'eng', 'English language']","["" The language of origin of Mad Men is English .\nQ: I'd like to know the""]",ans,1
P364_general_WESTERN_COUNTRIES_98,The Daily Show,"['en', 'English', 'eng', 'English language']",[' The Daily Show is an American satirical news program hosted by Jon Stewart.\nQ: What'],ans,0
P364_general_WESTERN_COUNTRIES_100,Star Wars sequel trilogy,"['en', 'English', 'eng', 'English language']",[' The language of origin of Star Wars sequel trilogy is English.\nQ: What is'],ans,1
P364_general_WESTERN_COUNTRIES_102,The X-Files,"['en', 'English', 'eng', 'English language']",[' The X-Files is an American science fiction horror drama television series created by Chris Carter. The program'],ans,0
P364_general_WESTERN_COUNTRIES_104,Jurassic World,"['en', 'English', 'eng', 'English language']",[' English.\nQ: What is the duration of Jurassic World?\nA: The duration'],ans,1
P364_general_WESTERN_COUNTRIES_106,Spider-Man: Far from Home,"['en', 'English', 'eng', 'English language']",[' English is the language of origin of Spider-Man: Far from Home.\nQ: What is'],ans,1
P364_general_WESTERN_COUNTRIES_108,Jurassic World Dominion,"['en', 'English', 'eng', 'English language']",[' The language of origin of Jurassic World Dominion is English.\nQ: What is the'],ans,1
P364_general_WESTERN_COUNTRIES_110,Black Panther: Wakanda Forever,"['en', 'English', 'eng', 'English language']",[' English is the language of origin of Black Panther: Wakanda Forever.\nQ:'],ans,1
P364_general_WESTERN_COUNTRIES_112,Bienvenue chez les Ch'tis,"['fra', 'fr', 'Picard language', 'patois', '(fr)', 'Picard', 'pcd', 'French language', 'French']","["" The language of origin of Bienvenue chez les Ch'tis is French.\nQ: What is""]",ans,1
P364_general_WESTERN_COUNTRIES_114,The Bold Type,"['en', 'English', 'eng', 'English language']",[' The Bold Type is an American TV series.\nQ: Who created The Bold Type?'],ans,0
P364_general_WESTERN_COUNTRIES_116,Lost,"['en', 'English', 'eng', 'English language']",[' The language of origin of Lost is English.\nQ: What is the language of origin of The'],ans,1
P364_general_WESTERN_COUNTRIES_118,Family Guy,"['en', 'English', 'eng', 'English language']",[' The language of origin of Family Guy is English.\nQ: What is the language of Family Guy'],ans,1
P364_general_WESTERN_COUNTRIES_120,Deadpool,"['en', 'English', 'eng', 'English language']",[' Deadpool is an English origin name and it is used mainly in English speaking countries but also in a'],ans,1
P364_general_WESTERN_COUNTRIES_122,Man of Steel,"['en', 'English', 'eng', 'English language']",[' The language of origin of Man of Steel is English.\nQ: How many pages does Man'],ans,1
P364_general_WESTERN_COUNTRIES_124,Forever,"['en', 'English', 'eng', 'English language']","["" The language of origin of Forever is English.\nQ: I'd like to know the""]",ans,1
P364_general_WESTERN_COUNTRIES_126,Steven Universe,"['en', 'English', 'eng', 'English language']",[' Steven Universe is an American animated television series created by Rebecca Sugar for Cartoon Network'],ans,0
P364_general_WESTERN_COUNTRIES_128,Thor: Love and Thunder,"['en', 'English', 'eng', 'English language']",[' English is the language of origin of Thor: Love and Thunder.\nQ: What is the'],ans,1
P364_general_WESTERN_COUNTRIES_130,Euphoria,"['en', 'English', 'eng', 'English language']",[' Euphoria is a language of origin unknown.\nQ: How many people speak Euphoria'],unk,0
P364_general_WESTERN_COUNTRIES_132,The Hobbit trilogy,"['en', 'English', 'eng', 'English language']",[' The Hobbit trilogy is based on the novel The Hobbit by J.R.R'],ans,0
P364_general_WESTERN_COUNTRIES_134,Charmed,"['en', 'English', 'eng', 'English language']",[' English.\nQ: What is the language of origin of Charmed?\nA: English.'],ans,1
P364_general_WESTERN_COUNTRIES_136,Godzilla,"['eng', 'Japanese', 'jp', 'Japanese language', 'en', 'English', 'ja', 'jpn', 'Nihongo', 'English language']","[' The name Godzilla is derived from the Japanese word ""Gojira"" which is a combination']",ans,1
P364_general_WESTERN_COUNTRIES_138,Verbotene Liebe,"['German', 'de', 'German language']",[' The language of origin of Verbotene Liebe is German.\nQ: What is the language'],ans,1
P364_general_WESTERN_COUNTRIES_140,The Flash,"['en', 'English', 'eng', 'English language']","[' The Flash was first released in English, French, German, Italian, Spanish, Russian, Portuguese,']",ans,1
P364_general_WESTERN_COUNTRIES_142,Snowpiercer,"['en', 'English', 'eng', 'English language']","[' The original language of Snowpiercer is English, but it was dubbed in French.\n']",ans,1
P364_general_WESTERN_COUNTRIES_144,Star Trek,"['en', 'English', 'eng', 'English language']",[' The language of origin of Star Trek is English.\nQ: What is the language of origin'],ans,1
P364_general_WESTERN_COUNTRIES_146,Spectre,"['eng', 'German language', 'en', 'English', 'German', 'de', 'English language']",[' Spectre is written in C++.\nQ: What is the language of origin of Meltd'],ans,0
P364_general_WESTERN_COUNTRIES_148,Ultimate Beastmaster,"['en', 'English', 'eng', 'English language']",[' The language of origin of Ultimate Beastmaster is English and it is based in the United States'],ans,1
P364_general_WESTERN_COUNTRIES_150,"Doctor Who, series 5","['en', 'English', 'eng', 'English language']","[' Doctor Who, series 5 is an English-language TV series.\nQ: What is the']",ans,1
P364_general_WESTERN_COUNTRIES_152,Starship Troopers,"['en', 'English', 'eng', 'English language']","[' The language of origin of Starship Troopers is English, but it was originally released in some']",ans,1
P364_general_WESTERN_COUNTRIES_154,Tatort,"['German', 'de', 'German language']",[' Tatort is a German word.\nQ: What is the language of origin of Tatort?'],ans,1
P364_general_WESTERN_COUNTRIES_156,Better Call Saul,"['en', 'English', 'eng', 'English language']",[' Better Call Saul is an American TV series.\nQ: Who created Better Call Saul?'],ans,0
P364_general_WESTERN_COUNTRIES_158,Jaws,"['en', 'English', 'eng', 'English language']",[' Jaws is an English word.\nQ: What is the language of origin of the word J'],ans,1
P364_general_WESTERN_COUNTRIES_160,Justice League,"['en', 'English', 'eng', 'English language']",[' Justice League was filmed in United Kingdom and United States.\nQ: Will Justice League be released'],ans,0
P364_general_WESTERN_COUNTRIES_162,Star Wars: Episode I – The Phantom Menace,"['en', 'English', 'eng', 'English language']","[' The language of origin of Star Wars: Episode I – The Phantom Menace is English,']",ans,1
P364_general_WESTERN_COUNTRIES_164,Money Heist,"['Castilian', 'es', 'Spanish', 'Spanish language', 'Español', 'Castilian language']",[' The language of origin of Money Heist is Spanish.\nQ: What is the duration of'],ans,1
P364_general_WESTERN_COUNTRIES_166,Total Recall,"['en', 'English', 'eng', 'English language']",[' Total Recall is an English name with Latin origins.\nQ: How popular is the baby'],ans,1
P364_general_WESTERN_COUNTRIES_168,Scandal,"['en', 'English', 'eng', 'English language']",[' Scandal is of English origin.\nQ: How popular is the baby name Scandal in the'],ans,1
P364_general_WESTERN_COUNTRIES_170,Community,"['en', 'English', 'eng', 'English language']",[' The language of origin of Community is English .\nQ: I have trouble pronouncing Community.'],ans,1
P364_general_WESTERN_COUNTRIES_172,Star Trek: The Original Series,"['en', 'English', 'eng', 'English language']",[' English.\nQ: What is the language of origin of Star Trek: The Next Generation?'],ans,1
P364_general_WESTERN_COUNTRIES_174,The Handmaid's Tale,"['en', 'English', 'eng', 'English language']","["" English.\nQ: What is the language of origin of The Handmaid's Tale""]",ans,1
P364_general_WESTERN_COUNTRIES_176,The View,"['en', 'English', 'eng', 'English language']",[' The View is an American talk show that has aired on ABC since 1997.'],ans,0
P364_general_WESTERN_COUNTRIES_178,Good Trouble,"['en', 'English', 'eng', 'English language']",[' Good Trouble was first released in English and this version is the only one currently available.\nQ'],ans,1
P364_general_WESTERN_COUNTRIES_180,John Wick,"['en', 'English', 'eng', 'English language']",[' John Wick is an English name.\nQ: How many syllables are in the name'],ans,1
P364_general_WESTERN_COUNTRIES_182,Star Wars: Episode VIII – The Last Jedi,"['en', 'English', 'eng', 'English language']",[' English.\nQ: What is the duration of Star Wars: Episode VIII – The Last J'],ans,1
P364_general_WESTERN_COUNTRIES_184,stinky,"['en', 'English', 'eng', 'English language']",[' The word stinky is an English word. It is derived from the word stink which is'],ans,1
P364_general_WESTERN_COUNTRIES_186,Black Lightning,"['en', 'English', 'eng', 'English language']",[' Black Lightning is an English name with Latin origins.\nQ: How popular is the baby'],ans,1
P364_general_WESTERN_COUNTRIES_188,My Little Pony: Friendship Is Magic,"['en', 'English', 'eng', 'English language']",[' The language of origin of My Little Pony: Friendship Is Magic is English.\nQ:'],ans,1
P364_general_WESTERN_COUNTRIES_190,Interstellar,"['en', 'English', 'eng', 'English language']",[': Interstellar is an English word. It is used as a noun.</s>'],ans,1
P364_general_WESTERN_COUNTRIES_192,Star Trek: The Motion Picture,"['en', 'English', 'eng', 'English language']",[' English.\nQ: What is the language of origin of Star Trek II: The Wr'],ans,1
P364_general_WESTERN_COUNTRIES_194,Batman: The Animated Series,"['en', 'English', 'eng', 'English language']",[' English.\nQ: What is the language of origin of Batman: The Animated Series?'],ans,1
P364_general_WESTERN_COUNTRIES_196,Encanto,"['en', 'English', 'eng', 'English language']",[' Encanto is a Spanish word.\nQ: What is the language of origin of Enchantment'],ans,0
P364_general_WESTERN_COUNTRIES_198,Jurassic Park,"['en', 'English', 'eng', 'English language']",[' The language of origin of Jurassic Park is English .\nQ: What is the language of'],ans,1
P364_general_WESTERN_COUNTRIES_200,list of Marvel Cinematic Universe films,"['en', 'English', 'eng', 'English language']",[' The language of origin of list of Marvel Cinematic Universe films is English.\nQ: What'],ans,1
P364_general_WESTERN_COUNTRIES_202,Torchwood,"['en', 'English', 'eng', 'English language']","[' Torchwood is a Welsh word meaning ""a place of special interest"".\nQ: What']",ans,0
P364_general_WESTERN_COUNTRIES_204,The Matrix,"['en', 'English', 'eng', 'English language']",[' The language of origin of The Matrix is English.\nQ: What is the language of origin of'],ans,1
P364_general_WESTERN_COUNTRIES_206,What If...?,"['en', 'English', 'eng', 'English language']",[' The language of origin of What If...? is English.\nMore questions about What If...?'],ans,1
P364_general_WESTERN_COUNTRIES_208,Supergirl,"['en', 'English', 'eng', 'English language']",[' Supergirl is an English name.\nQ: How many syllables are in the name'],ans,1
P364_general_WESTERN_COUNTRIES_210,Spider-Man 3,"['en', 'English', 'eng', 'English language']",[' Spider-Man 3 is an English movie.\nQ: What is the year of release of'],ans,1
P364_general_WESTERN_COUNTRIES_212,Fringe,"['en', 'English', 'eng', 'English language']",[' Fringe is an English word.\nQ: What is the language of origin of Frisbe'],ans,1
P364_general_WESTERN_COUNTRIES_214,Sony's Spider-Man Universe,"['en', 'English', 'eng', 'English language']","["" The language of origin of Sony's Spider-Man Universe is English.\nQ: What""]",ans,1
P364_general_WESTERN_COUNTRIES_216,Ms. Marvel,"['en', 'English', 'eng', 'English language']",[' English.\nQ: What is the language of origin of the character of Ms. Marvel?'],ans,1
P364_general_WESTERN_COUNTRIES_218,It,"['en', 'English', 'eng', 'English language']",[' It is a Romance language.\nQ: What is the language of origin of It?\n'],ans,0
P364_general_WESTERN_COUNTRIES_220,Harry Potter and the Philosopher's Stone,"['en', 'English', 'eng', 'English language']",[' English.\nQ: What is the language of origin of Harry Potter and the Sorcerer'],ans,1
P364_general_WESTERN_COUNTRIES_222,Tenet,"['en', 'English', 'eng', 'English language']",[' Tenet was originally written in English.\nQ: I have a great idea for a plot tw'],ans,1
P364_general_WESTERN_COUNTRIES_224,Gladiator,"['en', 'English', 'eng', 'English language']",[' Gladiator is an English word.\nQ: What is the language of origin of Gladi'],ans,1
P364_general_WESTERN_COUNTRIES_226,Solo: A Star Wars Story,"['en', 'English', 'eng', 'English language']","[' The language of origin of Solo: A Star Wars Story is English, it was available in the United']",ans,1
P364_general_WESTERN_COUNTRIES_228,House of Cards,"['en', 'English', 'eng', 'English language']",[' The language of origin of House of Cards is English .\nQ: What is the language of'],ans,1
P364_general_WESTERN_COUNTRIES_230,Transformers,"['en', 'English', 'eng', 'English language']",[' The language of origin of Transformers is English.\nQ: What is the language of origin'],ans,1
P364_general_WESTERN_COUNTRIES_232,Alice in Wonderland,"['en', 'English', 'eng', 'English language']",[' English.\nQ: What is the language of origin of The Little Prince?\nQ: What'],ans,1
P364_general_WESTERN_COUNTRIES_234,Futurama,"['en', 'English', 'eng', 'English language']",[' English.\nQ: What is the language of origin of The Simpsons?\nQ:'],ans,1
P364_general_WESTERN_COUNTRIES_236,Inception,"['eng', 'fra', 'fr', 'Japanese', 'jp', 'Japanese language', 'en', 'English', '(fr)', 'ja', 'jpn', 'French language', 'Nihongo', 'French', 'English language']",[' Inception is an English word.\nQ: What is the language of origin of Inception?'],ans,1
P364_general_WESTERN_COUNTRIES_238,The Incredible Hulk,"['en', 'English', 'eng', 'English language']",[' The Incredible Hulk is an American comic book character created by Stan Lee and Jack Kir'],ans,0
P364_general_WESTERN_COUNTRIES_240,Top Gun: Maverick,"['en', 'English', 'eng', 'English language']",[' Top Gun: Maverick is an English movie.\nQ: What is the year of release'],ans,1
P364_general_WESTERN_COUNTRIES_242,John Carter,"['en', 'English', 'eng', 'English language']",[' The language of origin of John Carter is English.\nQ: How many syllables are in'],ans,1
P364_general_WESTERN_COUNTRIES_244,Lost Girl,"['en', 'English', 'eng', 'English language']",[' The language of origin of Lost Girl is English.\nQ: What is the exact meaning of Lost'],ans,1
P364_general_WESTERN_COUNTRIES_246,Blade Runner,"['en', 'English', 'eng', 'English language']",[' The language of origin of Blade Runner is English.\nQ: I have a word Bla'],ans,1
P364_general_WESTERN_COUNTRIES_248,Gomorrah,"['Continental Southern Italian', 'it', 'Italian', 'nap', 'Neapolitan language', 'Italian language', 'Neapolitan', 'Italiano']",[' The language of origin of Gomorrah is Hebrew. It is a borrowing from Heb'],ans,1
P364_general_WESTERN_COUNTRIES_250,30 Rock,"['en', 'English', 'eng', 'English language']",[' English.\nQ: What is the language of origin of The Office?\nQ: What is'],ans,1
P364_general_WESTERN_COUNTRIES_252,Cinderella,"['en', 'English', 'eng', 'English language']",[' The story of Cinderella is one of the most popular fairy tales in the world. The'],ans,0
P364_general_WESTERN_COUNTRIES_254,Gravity Falls,"['en', 'English', 'eng', 'English language']",[' The language of origin of Gravity Falls is English.\nQ: I have a problem.'],ans,1
P364_general_WESTERN_COUNTRIES_256,Law & Order: Special Victims Unit,"['en', 'English', 'eng', 'English language']",[' Law & Order: Special Victims Unit is an American TV series.\nQ: Who created Law'],ans,0
P364_general_WESTERN_COUNTRIES_258,Furious 7,"['en', 'English', 'eng', 'English language']",[' Furious 7 is an English movie.\nQ: What is the year of release of Fur'],ans,1
P364_general_WESTERN_COUNTRIES_260,The Lion King,"['en', 'English', 'eng', 'English language']",[' The language of origin of The Lion King is English.\nQ: What is the language of the'],ans,1
P364_general_WESTERN_COUNTRIES_262,All My Children,"['en', 'English', 'eng', 'English language']",[' All My Children was first aired in English language.\nQ: What is the language of origin'],ans,1
P364_general_WESTERN_COUNTRIES_264,Inhumans,"['en', 'English', 'eng', 'English language']",[' Inhumans is a Marvel comic book series.\nQ: What is the language of origin'],ans,0
P364_general_WESTERN_COUNTRIES_266,The Irishman,"['en', 'English', 'eng', 'English language']",[' The Irishman is an English-language film.\nQ: What is the runtime of The Irish'],ans,1
P364_general_WESTERN_COUNTRIES_268,The Shawshank Redemption,"['en', 'English', 'eng', 'English language']",[' The Shawshank Redemption is an English movie.\nQ: What is the year of'],ans,1
P364_general_WESTERN_COUNTRIES_270,Stargate SG-1,"['en', 'English', 'eng', 'English language']",[' The language of origin of Stargate SG-1 is English.\nQ: What is'],ans,1
P364_general_WESTERN_COUNTRIES_272,Desperate Housewives,"['en', 'English', 'eng', 'English language']",[' English.\nQ: What is the language of origin of The Sopranos?\nQ'],ans,1
P364_general_WESTERN_COUNTRIES_274,Obi-Wan Kenobi,"['en', 'English', 'eng', 'English language']",[' Obi-Wan Kenobi is a fictional character in the Star Wars universe. He is'],ans,0
P364_general_WESTERN_COUNTRIES_276,Macy's Thanksgiving Day Parade,"['en', 'English', 'eng', 'English language']","["" The Macy's Thanksgiving Day Parade is an annual parade presented by the U""]",ans,0
P364_general_WESTERN_COUNTRIES_278,Modern Family,"['en', 'English', 'eng', 'English language']","[' Modern Family is an American sitcom that premiered on ABC on September 23, 2']",ans,0
P364_general_WESTERN_COUNTRIES_280,Firefly,"['en', 'English', 'eng', 'English language']",[' Firefly is a language of origin unknown.\nQ: How many alternative languages are spoken in Fire'],unk,0
P364_general_WESTERN_COUNTRIES_282,The West Wing,"['en', 'English', 'eng', 'English language']",[' The West Wing is an American TV series.\nQ: What is the language of origin of The'],ans,0
P364_general_WESTERN_COUNTRIES_284,Iron Man,"['en', 'English', 'eng', 'English language']",[' Iron Man is an English name.\nQ: How many syllables are in the name Iron'],ans,1
P364_general_WESTERN_COUNTRIES_286,Westworld,"['en', 'English', 'eng', 'English language']",[' The language of origin of Westworld is English.\nQ: What is the language of Westworld'],ans,1
P364_general_WESTERN_COUNTRIES_288,Mr. Robot,"['en', 'English', 'eng', 'English language']","[' The language of origin of Mr. Robot is English . Type in your native language, example:']",ans,1
P364_general_WESTERN_COUNTRIES_290,I Love Lucy,"['en', 'English', 'eng', 'English language']",[' English.\nQ: What is the language of origin of The Simpsons?\nQ:'],ans,1
P364_general_WESTERN_COUNTRIES_292,Runaways,"['en', 'English', 'eng', 'English language']",[' Runaways is written in English.\nQ: What is the gender of Runaways?'],ans,1
P364_general_WESTERN_COUNTRIES_294,Mulholland Drive,"['en', 'English', 'eng', 'English language']",[' English.\nQ: What is the language of origin of Mulholland Drive?\nA:'],ans,1
P364_general_WESTERN_COUNTRIES_296,Guardians of the Galaxy Vol. 3,"['en', 'English', 'eng', 'English language']",[' English is the language of origin of Guardians of the Galaxy Vol. 3.\nQ'],ans,1
P364_general_WESTERN_COUNTRIES_298,Days of Our Lives,"['en', 'English', 'eng', 'English language']",[' Days of Our Lives is an American soap opera.\nQ: What is the language of origin'],ans,0
P364_general_WESTERN_COUNTRIES_300,The Jungle Book,"['en', 'English', 'eng', 'English language']",[' The Jungle Book is an English language book.\nQ: What is the genre of The Jung'],ans,1
P364_general_WESTERN_COUNTRIES_302,The Lost World: Jurassic Park,"['en', 'English', 'eng', 'English language']","[' The language of origin of The Lost World: Jurassic Park is English, it was available in']",ans,1
P364_general_WESTERN_COUNTRIES_304,Alien: Covenant,"['en', 'English', 'eng', 'English language']",[' The language of origin of Alien: Covenant is English.\nQ: How long is'],ans,1
P364_general_WESTERN_COUNTRIES_306,Killing Eve,"['en', 'English', 'eng', 'English language']",[' The language of origin of Killing Eve is English.\nQ: How to download subtit'],ans,1
P364_general_WESTERN_COUNTRIES_308,American Beauty,"['en', 'English', 'eng', 'English language']",[' English.\nQ: What is the language of origin of American Beauty?\nA: English'],ans,1
P364_general_WESTERN_COUNTRIES_310,"Doctor Who, series 7","['en', 'English', 'eng', 'English language']","[': English\nQ: What is the language of origin of Doctor Who, series 7?</s>']",ans,0
P364_general_WESTERN_COUNTRIES_312,Hawkeye,"['eng', 'Ameslan', 'ASLic', 'en', 'English', 'ASL', 'ase', 'American Sign Language', 'English language']",[' Hawkeye was invented by the author of the site.\nQ: How to learn Haw'],ans,0
P364_general_WESTERN_COUNTRIES_314,Transformers: Dark of the Moon,"['en', 'English', 'eng', 'English language']",[' Transformers: Dark of the Moon is an English movie.\nQ: What is the year'],ans,1
P364_general_WESTERN_COUNTRIES_316,The Wire,"['en', 'English', 'eng', 'English language']",[' The Wire is a British television series.\nQ: What is the language of origin of The'],ans,0
P364_general_WESTERN_COUNTRIES_318,Star Trek: Picard,"['en', 'English', 'eng', 'English language']",[' The language of origin of Star Trek: Picard is English.\nQ: What is the'],ans,1
P364_general_WESTERN_COUNTRIES_320,Gossip Girl,"['en', 'English', 'eng', 'English language']",[' The language of origin of Gossip Girl is English .\nQ: What is the prequel'],ans,1
P364_general_WESTERN_COUNTRIES_322,Mulan,"['en', 'English', 'eng', 'English language']",[' The language of origin of Mulan is Chinese.\nQ: What is the language of origin of'],ans,0
P364_general_WESTERN_COUNTRIES_324,Suicide Squad,"['en', 'English', 'eng', 'English language']",[' Suicide Squad is an English term.\nQ: What is the meaning of Suicide'],ans,1
P364_general_WESTERN_COUNTRIES_326,Thunderbirds,"['en', 'English', 'eng', 'English language']","[' The language of origin of Thunderbirds is English . Type in your native language, to get']",ans,1
P364_general_WESTERN_COUNTRIES_328,Morbius,"['en', 'English', 'eng', 'English language']",[' The language of origin of Morbius is English.\nQ: I have a word problem for'],ans,1
P364_general_WESTERN_COUNTRIES_330,The Lord of the Rings trilogy,"['en', 'English', 'eng', 'English language']",[' The Lord of the Rings trilogy was written in English.\nQ: What is the'],ans,1
P364_general_WESTERN_COUNTRIES_332,The Princess Diaries,"['en', 'English', 'eng', 'English language']",[' The Princess Diaries is an American film.\nQ: What is the year of release of The'],ans,0
P364_general_WESTERN_COUNTRIES_334,Black Adam,"['en', 'English', 'eng', 'English language']",[' Black Adam is a character from the DC Comics universe. He is a supervillain and an enemy'],ans,0
P364_general_WESTERN_COUNTRIES_336,The Wizard of Oz,"['en', 'English', 'eng', 'English language']",[' The Wizard of Oz was written in English.\nQ: What is the language of origin'],ans,1
P364_general_WESTERN_COUNTRIES_338,The Man in the High Castle,"['en', 'English', 'eng', 'English language']","["" The Man in the High Castle is written in English.\nQ: I'd like to know""]",ans,1
P364_general_WESTERN_COUNTRIES_340,Star Trek: Enterprise,"['en', 'English', 'eng', 'English language']",[' English.\nQ: What is the language of origin of Star Trek: The Next Generation?'],ans,1
P364_general_WESTERN_COUNTRIES_342,Borat Subsequent Moviefilm,"['en', 'English', 'eng', 'English language']","[' The language of origin of Borat Subsequent Moviefilm is English, it was made in the']",ans,1
P364_general_WESTERN_COUNTRIES_344,Space Jam: A New Legacy,"['en', 'English', 'eng', 'English language']",[' Space Jam: A New Legacy is an English movie.\nQ: Who is the director of'],ans,1
P364_general_WESTERN_COUNTRIES_346,Charmed,"['en', 'English', 'eng', 'English language']",[' English.\nQ: What is the language of origin of Charmed?\nA: English.'],ans,1
P364_general_WESTERN_COUNTRIES_348,Birds of Prey,"['en', 'English', 'eng', 'English language']","["" The language of origin of Birds of Prey is English .\nQ: I'd like""]",ans,1
P364_general_WESTERN_COUNTRIES_350,The Umbrella Academy,"['en', 'English', 'eng', 'English language']","[' The Umbrella Academy is an American comic book series created and written by Gerard Way,']",ans,0
P364_general_WESTERN_COUNTRIES_352,Baby Driver,"['en', 'English', 'eng', 'English language']",[' Baby Driver is an English movie.\nQ: Who is the director of Baby Driver?\nA'],ans,1
P364_general_WESTERN_COUNTRIES_354,War Horse,"['en', 'English', 'eng', 'English language']",[' War Horse is an English play.\nQ: Is there a dress code for War Horse'],ans,1
P364_general_WESTERN_COUNTRIES_356,New Girl,"['en', 'English', 'eng', 'English language']",[' New Girl is an American sitcom that airs on Fox. It stars Zooey Desch'],ans,0
P364_general_WESTERN_COUNTRIES_358,Iron Man 2,"['en', 'English', 'eng', 'English language']","[' The language of origin of Iron Man 2 is English, you can watch trailer below with English']",ans,1
P364_general_WESTERN_COUNTRIES_360,Unikitty!,"['en', 'English', 'eng', 'English language']",[' The language of origin of Unikitty! is English.\nMore information: You can watch'],ans,1
P364_general_WESTERN_COUNTRIES_362,Alien,"['en', 'English', 'eng', 'English language']",[' The language of origin of Alien is English.\nMore interesting facts on Alien\nCategories'],ans,1
P364_general_WESTERN_COUNTRIES_364,The SpongeBob SquarePants Movie,"['en', 'English', 'eng', 'English language']",[' The SpongeBob SquarePants Movie is an English movie.\nQ: What is the'],ans,1
P364_general_WESTERN_COUNTRIES_366,Bad Times at the El Royale,"['en', 'English', 'eng', 'English language']",[' The language of origin of Bad Times at the El Royale is English.\nQ: How long'],ans,1
P364_general_WESTERN_COUNTRIES_368,X-Men: The Last Stand,"['en', 'English', 'eng', 'English language']",[' X-Men: The Last Stand is an English movie.\nQ: What is the year of'],ans,1
P364_general_WESTERN_COUNTRIES_370,"Love, Death & Robots","['en', 'English', 'eng', 'English language']","[' The language of origin of Love, Death & Robots is English, but it was dubbed in']",ans,1
P364_general_WESTERN_COUNTRIES_372,Scream,"['en', 'English', 'eng', 'English language']",[' The language of origin of Scream is English.\nQ: I have a dog name S'],ans,1
P364_general_WESTERN_COUNTRIES_374,Godzilla vs. Kong,"['en', 'English', 'eng', 'English language']",[' English is the language of origin of Godzilla vs. Kong.\nQ: What is the'],ans,1
P364_general_WESTERN_COUNTRIES_376,The Sinner,"['en', 'English', 'eng', 'English language']",[' The Sinner is an American TV series.\nQ: Who created The Sinner?\nA'],ans,0
P364_general_WESTERN_COUNTRIES_378,Home and Away,"['en', 'English', 'eng', 'English language']",[' The language of origin of Home and Away is English.\nQ: What is the language of'],ans,1
P364_general_WESTERN_COUNTRIES_380,X-Men: First Class,"['en', 'English', 'eng', 'English language']",[' English is the language of origin of X-Men: First Class.\nQ: What is the'],ans,1
P364_general_WESTERN_COUNTRIES_382,Labyrinth,"['en', 'English', 'eng', 'English language']",[' The language of origin of Labyrinth is English.\nMore information about the language of origin and'],ans,1
P364_general_WESTERN_COUNTRIES_384,Brokeback Mountain,"['en', 'English', 'eng', 'English language']",[' The language of origin of Brokeback Mountain is English . Type in your own language.\nQ'],ans,1
P364_general_WESTERN_COUNTRIES_386,Big Little Lies,"['en', 'English', 'eng', 'English language']",[' The language of origin of Big Little Lies is English .\nQ: What is the language of'],ans,1
P364_general_WESTERN_COUNTRIES_388,One Tree Hill,"['en', 'English', 'eng', 'English language']",[' One Tree Hill is an English originated Language.\nQ: Which country people speak One Tree Hill'],ans,1
P364_general_WESTERN_COUNTRIES_390,300,"['en', 'English', 'eng', 'English language']",[' The language of origin of 300 is English.\nQ: I have limited understanding of'],ans,1
P364_general_WESTERN_COUNTRIES_392,Night of the Living Dead,"['en', 'English', 'eng', 'English language']",[' Night of the Living Dead was written in English.\nQ: How to pronounce Night of the'],ans,1
P364_general_WESTERN_COUNTRIES_394,Valkyrie,"['eng', 'German language', 'en', 'English', 'German', 'de', 'English language']",[' Valkyrie is a Germanic word.\nQ: What is the language of origin of'],ans,0
P364_general_WESTERN_COUNTRIES_396,Pride & Prejudice,"['en', 'English', 'eng', 'English language']",[' English.\nQ: What is the language of origin of The Odyssey?\nQ:'],ans,1
P364_general_WESTERN_COUNTRIES_398,Aladdin,"['en', 'English', 'eng', 'English language']",[' Arabic.\nQ: What is the language of origin of Ali Baba?\nQ:'],ans,0
P364_general_WESTERN_COUNTRIES_400,Toy Story,"['en', 'English', 'eng', 'English language']",[' The language of origin of Toy Story is English.\nQ: What is the language of origin of'],ans,1
P364_general_WESTERN_COUNTRIES_402,Fear the Walking Dead,"['en', 'English', 'eng', 'English language']",[' Fear the Walking Dead is an American TV series.\nQ: Who is the creator'],ans,0
P364_general_WESTERN_COUNTRIES_404,Love and Mercy,"['en', 'English', 'eng', 'English language']",[' Love and Mercy was filmed in English language.\nQ: What is the story of Love'],ans,1
P364_general_WESTERN_COUNTRIES_406,Apocalypse Now,"['en', 'English', 'eng', 'English language']",[' Apocalypse Now is an English movie.\nQ: What is the year of release of'],ans,1
P364_general_WESTERN_COUNTRIES_408,Pretty Little Liarss,"['en', 'English', 'eng', 'English language']",[' The language of origin of Pretty Little Liarss is English.\nQ: What is the'],ans,1
P364_general_WESTERN_COUNTRIES_410,Heroes,"['en', 'English', 'eng', 'English language']",[' Heroes is a game of German origin.\nQ: What is the recommended number of players for'],ans,0
P364_general_WESTERN_COUNTRIES_412,Boys Don't Cry,"['en', 'English', 'eng', 'English language']","["" English is the language of origin of Boys Don't Cry.\nQ: What is the language""]",ans,1
P364_general_WESTERN_COUNTRIES_414,X-Men Origins: Wolverine,"['en', 'English', 'eng', 'English language']",[' English is the language of origin of X-Men Origins: Wolverine.\nQ:'],ans,1
P364_general_WESTERN_COUNTRIES_416,The Flash,"['en', 'English', 'eng', 'English language']","[' The Flash was first released in English, French, German, Italian, Spanish, Russian, Portuguese,']",ans,1
P364_general_WESTERN_COUNTRIES_418,Bohemian Rhapsody,"['en', 'English', 'eng', 'English language']","["" The language of origin of Bohemian Rhapsody is English .\nQ: I'd""]",ans,1
P364_general_WESTERN_COUNTRIES_420,The Bill,"['en', 'English', 'eng', 'English language']",[' The Bill is written in English.\nQ: What is the language of origin of The Bill?'],ans,1
P364_general_WESTERN_COUNTRIES_422,La Grande Vadrouille,"['eng', 'fra', 'German language', 'fr', 'en', 'English', 'German', '(fr)', 'de', 'French language', 'French', 'English language']",[' French.\nQ: What is the language of origin of The Great Dictator?\nA'],ans,1
P364_general_WESTERN_COUNTRIES_424,Up in the Air,"['en', 'English', 'eng', 'English language']",[' English.\nQ: What is the language of origin of The Hurt Locker?\nQ'],ans,1
P364_general_WESTERN_COUNTRIES_426,The King and the Mockingbird,"['fra', 'fr', '(fr)', 'French language', 'French']",[' The King and the Mockingbird is a French animated film.\nQ: What is the language'],ans,1
P364_general_WESTERN_COUNTRIES_428,Black Mirror: Bandersnatch,"['en', 'English', 'eng', 'English language']",[' The language of origin of Black Mirror: Bandersnatch is English.\nQ: What'],ans,1
P364_general_WESTERN_COUNTRIES_430,Star Trek VI: The Undiscovered Country,"['en', 'English', 'eng', 'English language']",[' Klingon.\nQ: What is the language of origin of Star Trek: The Next'],ans,0
P364_general_WESTERN_COUNTRIES_432,Roseanne,"['en', 'English', 'eng', 'English language']",[' Roseanne is an English name.\nQ: How many syllables are in the name Rose'],ans,1
P364_general_WESTERN_COUNTRIES_434,Ferris Bueller's Day Off,"['en', 'English', 'eng', 'English language']","["" Ferris Bueller's Day Off is an American film.\nQ: What is the language""]",ans,0
P364_general_WESTERN_COUNTRIES_436,Dexter's Laboratory,"['en', 'English', 'eng', 'English language']","["" Dexter's Laboratory is an American animated television series created by Genndy Tart""]",ans,0
P364_general_WESTERN_COUNTRIES_438,Inglourious Basterds,"['eng', 'fra', 'German language', 'fr', 'en', 'English', 'German', '(fr)', 'de', 'French language', 'French', 'English language']",[' English.\nQ: What is the language of origin of The Hurt Locker?\nQ'],ans,1
P364_general_WESTERN_COUNTRIES_440,Andor,"['en', 'English', 'eng', 'English language']",[' Andor is a language of origin unknown. Andor is spoken in the country of Andorra'],unk,0
P364_general_WESTERN_COUNTRIES_442,Superman,"['en', 'English', 'eng', 'English language']",[' Kryptonese.\nQ: What is the language of origin of Batman?\nA'],ans,0
P364_general_WESTERN_COUNTRIES_444,The Lives of Others,"['German', 'de', 'German language']",[' The Lives of Others is a German film.\nQ: What is the language of origin'],ans,1
P364_general_WESTERN_COUNTRIES_446,Shrek,"['en', 'English', 'eng', 'English language']",[' The word Shrek is of Yiddish origin.\nQ: What does Shrek mean?'],ans,0
P364_general_WESTERN_COUNTRIES_448,Winx Club,"['eng', 'it', 'Italian', 'en', 'English', 'Italian language', 'English language', 'Italiano']",[' The language of origin of Winx Club is Italian.\nQ: What is the language of origin'],ans,1
P364_general_WESTERN_COUNTRIES_450,Luca,"['en', 'English', 'eng', 'English language']",[' The origin of Luca is Italian.\nQ: How many syllables are in the name'],ans,0
P364_general_WESTERN_COUNTRIES_452,The Mysterious Cities of Gold,"['Japanese', 'jp', 'ja', 'Japanese language', 'Nihongo', 'jpn']",[' The Mysterious Cities of Gold is a French-Japanese co-production. The'],ans,1
P364_general_WESTERN_COUNTRIES_454,His Dark Materials,"['en', 'English', 'eng', 'English language']",[' The language of origin of His Dark Materials is English.\nQ: How to pronounce His'],ans,1
P364_general_WESTERN_COUNTRIES_456,Chernobyl,"['en', 'English', 'eng', 'English language']",[' Chernobyl is a Russian word.\nQ: What is the language of origin of Ch'],ans,0
P364_general_WESTERN_COUNTRIES_458,How to Train Your Dragon 2,"['en', 'English', 'eng', 'English language']",[' How to Train Your Dragon 2 is an English originated movie.\nQ: How to Train'],ans,1
P364_general_WESTERN_COUNTRIES_460,Star Trek Into Darkness,"['Klingon language', 'Klingonese', 'eng', 'en', 'English', 'tlh', 'English language', 'tlhIngan Hol', 'Klingon']",[' English.\nQ: What is the language of origin of Star Trek Into Darkness?'],ans,1
P364_general_WESTERN_COUNTRIES_462,Quantum of Solace,"['en', 'English', 'eng', 'English language']","[' The title is taken from a short story by Ian Fleming, the author of the original James']",ans,0
P364_general_WESTERN_COUNTRIES_464,Power Rangers,"['en', 'English', 'eng', 'English language']",[' The language of origin of Power Rangers is English . Type in the correct language code in the box'],ans,1
P364_general_WESTERN_COUNTRIES_466,Thomas & Friends: All Engines Go,"['en', 'English', 'eng', 'English language']",[' Thomas & Friends: All Engines Go is an English production.\nQ: What is the'],ans,1
P364_general_WESTERN_COUNTRIES_468,Schindler's List,"['en', 'English', 'eng', 'English language']","["" The language of origin of Schindler's List is English, but it was filmed in""]",ans,1
P364_general_WESTERN_COUNTRIES_470,March of the Penguins,"['fra', 'fr', '(fr)', 'French language', 'French']",[' French.\nQ: What is the language of origin of The Lives of Others?\n'],ans,1
P364_general_WESTERN_COUNTRIES_472,Indiana Jones and the Kingdom of the Crystal Skull,"['ru', 'Russkiy', 'eng', 'en', 'English', 'Russkiy yazyk', 'Russian', 'Russian language', 'English language']",[' The language of origin of Indiana Jones and the Kingdom of the Crystal Skull is United States of'],ans,0
P364_general_WESTERN_COUNTRIES_474,Two and a Half Men,"['en', 'English', 'eng', 'English language']",[' Two and a Half Men is an American sitcom that premiered on CBS on September 22'],ans,0
P364_general_WESTERN_COUNTRIES_476,The Lord of the Rings: The Return of the King,"['en', 'English', 'eng', 'English language']",[' English.\nQ: What is the language of origin of The Lord of the Rings: The'],ans,1
P364_general_WESTERN_COUNTRIES_478,Fast Five,"['en', 'English', 'eng', 'English language']",[' Fast Five is an English word.\nQ: How many syllables are in Fast Five?'],ans,1
P364_general_WESTERN_COUNTRIES_480,The Matrix Resurrections,"['en', 'English', 'eng', 'English language']",[' The Matrix Resurrections is written in English.\nQ: I have a question about a scene'],ans,1
P364_general_WESTERN_COUNTRIES_482,The French Dispatch,"['en', 'English', 'eng', 'English language']",[' English.\nQ: What is the language of origin of The French Dispatch?\nA:'],ans,1
P364_general_WESTERN_COUNTRIES_484,Uncharted,"['en', 'English', 'eng', 'English language']","["" Uncharted is a word of English origin. It means 'not charted'.\nQ:""]",ans,1
P364_general_WESTERN_COUNTRIES_486,Dredd,"['en', 'English', 'eng', 'English language']",[' Dredd is an English name.\nQ: How many people in the U.S have'],ans,1
P364_general_WESTERN_COUNTRIES_488,60 Minutes,"['en', 'English', 'eng', 'English language']",[' The language of origin of 60 Minutes is English.\nQ: What is the language'],ans,1
P364_general_WESTERN_COUNTRIES_490,Vikings,"['eng', 'Common Eastern Slavic', 'en', 'English', 'Common Russian', 'Old East Slavic', 'Old Russian', 'OES', 'English language']",[' The language of origin of Vikings is Old Norse.\nQ: What is the meaning of'],ans,0
P364_general_WESTERN_COUNTRIES_492,Luke Cage,"['en', 'English', 'eng', 'English language']",[' Luke Cage is an American superhero television series created for Netflix by Cheo H'],ans,0
P364_general_WESTERN_COUNTRIES_494,The Late Late Show with Craig Ferguson,"['en', 'English', 'eng', 'English language']",[' The Late Late Show with Craig Ferguson is an American TV show.\nQ: What'],ans,0
P364_general_WESTERN_COUNTRIES_496,Timeless,"['en', 'English', 'eng', 'English language']",[' Timeless is a word of English origin. It is used in the context of a language Timeless'],ans,1
P364_general_WESTERN_COUNTRIES_498,Star Wars: Episode III – Revenge of the Sith,"['en', 'English', 'eng', 'English language']",[' The language of origin of Star Wars: Episode III – Revenge of the Sith is'],ans,0
P364_general_WESTERN_COUNTRIES_500,Veronica Mars,"['en', 'English', 'eng', 'English language']",[' Veronica Mars is an American TV series.\nQ: What is the language of origin of The'],ans,0
P364_general_WESTERN_COUNTRIES_502,The X Factor,"['en', 'English', 'eng', 'English language']",[' The X Factor is an English-language show.\nQ: What is the language of origin'],ans,1
P364_general_WESTERN_COUNTRIES_504,The White Lotus,"['en', 'English', 'eng', 'English language']",[' The White Lotus is a translation of a Chinese novel.\nQ: What is the language of'],ans,0
P364_general_WESTERN_COUNTRIES_506,Transformers: Revenge of the Fallen,"['en', 'English', 'eng', 'English language']",[' Transformers: Revenge of the Fallen is an English movie.\nQ: What'],ans,1
P364_general_WESTERN_COUNTRIES_508,Django Unchained,"['en', 'English', 'eng', 'English language']",[' Django Unchained is an English movie.\nQ: What is the year of release of Django'],ans,1
P364_general_WESTERN_COUNTRIES_510,Good Bye Lenin!,"['German', 'de', 'German language']",[' The language of origin of Good Bye Lenin! is German.\nQ: What is the'],ans,1
P364_general_WESTERN_COUNTRIES_512,The Amazing Spider-Man 2,"['en', 'English', 'eng', 'English language']","[' The language of origin of The Amazing Spider-Man 2 is English, it was available in']",ans,1
P364_general_WESTERN_COUNTRIES_514,The Young and the Restless,"['en', 'English', 'eng', 'English language']",[' The Young and the Restless is an American soap opera.\nQ: What is the language of'],ans,0
P364_general_WESTERN_COUNTRIES_516,"The Good, the Bad and the Ugly","['Italian language', 'Italian', 'it', 'Italiano']","[' The Good, the Bad and the Ugly is an Italian film.\nQ: What is the']",ans,1
P364_general_WESTERN_COUNTRIES_518,Toy Story,"['en', 'English', 'eng', 'English language']",[' The language of origin of Toy Story is English.\nQ: What is the language of origin of'],ans,1
P364_general_WESTERN_COUNTRIES_520,The Texas Chain Saw Massacre,"['en', 'English', 'eng', 'English language']",[' The Texas Chain Saw Massacre is an English-language film.\nQ: What is'],ans,1
P364_general_WESTERN_COUNTRIES_522,Finding Dory,"['en', 'English', 'eng', 'English language']",[' Finding Dory is an American film.\nQ: What is the year of release of F'],ans,0
P364_general_WESTERN_COUNTRIES_524,The Man Who Killed Don Quixote,"['en', 'English', 'eng', 'English language']",[' The Man Who Killed Don Quixote is an English-language film.\nQ: What'],ans,1
P364_general_WESTERN_COUNTRIES_526,Fresh Off the Boat,"['eng', '中文', 'en', 'English', 'Chinese language', 'Chinese', 'zh', 'Chinese languages', 'English language']",[' Fresh Off the Boat is an American sitcom.\nQ: What is the language of'],ans,0
P364_general_WESTERN_COUNTRIES_528,Who Framed Roger Rabbit,"['en', 'English', 'eng', 'English language']","[' The language of origin of Who Framed Roger Rabbit is English, it was published first in']",ans,1
P364_general_WESTERN_COUNTRIES_530,Saving Private Ryan,"['en', 'English', 'eng', 'English language']",[' English.\nQ: What is the language of origin of The Pianist?\nQ:'],ans,1
P364_general_WESTERN_COUNTRIES_532,The Golden Girls,"['en', 'English', 'eng', 'English language']",[' The Golden Girls is an American sitcom.\nQ: What is the language of origin of The'],ans,0
P364_general_WESTERN_COUNTRIES_534,Loki,"['en', 'English', 'eng', 'English language']",[' Loki is a Scandinavian name.\nQ: What is the meaning of L'],ans,0
P364_general_WESTERN_COUNTRIES_536,The Social Network,"['en', 'English', 'eng', 'English language']",[' The Social Network is an English-language film.\nQ: What is the running time of The'],ans,1
P364_general_WESTERN_COUNTRIES_538,The Revenant,"['en', 'English', 'eng', 'English language']",[' The Revenant is a French word meaning “one who returns after death or a long absence.”'],ans,0
P364_general_WESTERN_COUNTRIES_540,Tagesschau,"['German language', 'gsg', 'DGS', 'GSL', 'German', 'de', 'Deutsche Gebärdensprache', 'German Sign Language']",[' The language of origin of Tagesschau is German.\nQ: What is the ISP'],ans,1
P364_general_WESTERN_COUNTRIES_542,The Deer Hunter,"['ru', 'Russkiy', 'eng', 'fra', 'fr', 'en', 'English', '(fr)', 'Russkiy yazyk', 'Russian', 'French language', 'Russian language', 'French', 'English language']",[' The Deer Hunter is an English-language film.\nQ: What are the names of The'],ans,1
P364_general_WESTERN_COUNTRIES_544,Miami Vice,"['en', 'English', 'eng', 'English language']",[' Miami Vice is an American television series.\nQ: What is the language of origin of The S'],ans,0
P364_general_WESTERN_COUNTRIES_546,The Other Side of the Wind,"['en', 'English', 'eng', 'English language']",[' The Other Side of the Wind is an English-language film.\nQ: What is the running'],ans,1
P364_general_WESTERN_COUNTRIES_548,Harry Potter and the Order of the Phoenix,"['en', 'English', 'eng', 'English language']",[' English.\nQ: What is the language of origin of Harry Potter and the Half-B'],ans,1
P364_general_WESTERN_COUNTRIES_550,Ninjago,"['eng', 'Dansk', 'Dansk sprog', 'en', 'English', 'dan', 'Danish', 'Danish language', 'da', 'English language']",[' Ninjago is a made-up word.\nQ: What is the language of origin of'],ans,0
P364_general_WESTERN_COUNTRIES_552,Shazam!,"['en', 'English', 'eng', 'English language']",[' Shazam! is an English word.\nQ: What does Shazam! mean?'],ans,1
P364_general_WESTERN_COUNTRIES_554,Raya and the Last Dragon,"['en', 'English', 'eng', 'English language']",[' The language of origin of Raya and the Last Dragon is English.\nQ: What is the'],ans,1
P364_general_WESTERN_COUNTRIES_556,Star Trek III: The Search for Spock,"['en', 'English', 'eng', 'English language']",[' English.\nQ: What is the language of origin of Star Trek IV: The Voy'],ans,1
P364_general_WESTERN_COUNTRIES_558,Snow White and the Seven Dwarfs,"['en', 'English', 'eng', 'English language']",[' German.\nQ: What is the language of origin of Cinderella?\nQ: What'],ans,0
P364_general_WESTERN_COUNTRIES_560,Mulan,"['en', 'English', 'eng', 'English language']",[' The language of origin of Mulan is Chinese.\nQ: What is the language of origin of'],ans,0
P364_general_WESTERN_COUNTRIES_562,The Colbert Report,"['en', 'English', 'eng', 'English language']",[' The language of origin of The Colbert Report is English.\nQ: What is the language of'],ans,1
P364_general_WESTERN_COUNTRIES_564,Dreamgirls,"['en', 'English', 'eng', 'English language']",[' Dreamgirls is an English term.\nQ: What is the meaning of Dreamgirls?'],ans,1
P364_general_WESTERN_COUNTRIES_566,The Queen's Gambit,"['en', 'English', 'eng', 'English language']","["" The Queen's Gambit is an English language play.\nQ: What is the running""]",ans,1
P364_general_WESTERN_COUNTRIES_568,Fight Club,"['en', 'English', 'eng', 'English language']",[' English.\nQ: What is the language of origin of Fight Club?\nA: English.'],ans,1
P364_general_WESTERN_COUNTRIES_570,The Little Mermaid,"['en', 'English', 'eng', 'English language']",[' The Little Mermaid is a fairy tale by the Danish author Hans Christian Andersen about'],ans,0
P364_general_WESTERN_COUNTRIES_572,GoldenEye,"['en', 'English', 'eng', 'English language']","[' The language of origin of GoldenEye is English . Type in your native language, to get the']",ans,1
P364_general_WESTERN_COUNTRIES_574,Fast & Furious 6,"['en', 'English', 'eng', 'English language']",[' Fast & Furious 6 is an English movie.\nQ: What is the year of release'],ans,1
P364_general_WESTERN_COUNTRIES_576,Barton Fink,"['en', 'English', 'eng', 'English language']",[' English.\nQ: What is the language of origin of Barton Fink?\nA:'],ans,1
P364_general_WESTERN_COUNTRIES_578,The Book of Boba Fett,"['en', 'English', 'eng', 'English language']","["" The language of origin of The Book of Boba Fett is English.\nQ: I'""]",ans,1
P364_general_WESTERN_COUNTRIES_580,La Dolce Vita,"['eng', 'it', 'Italian', 'en', 'English', 'Italian language', 'English language', 'Italiano']",[' Italian.\nQ: What is the language of origin of La Vie en Rose?\nA:'],ans,1
P364_general_WESTERN_COUNTRIES_582,Coco,"['Castilian', 'eng', 'es', 'en', 'English', 'Spanish', 'Spanish language', 'Español', 'Castilian language', 'English language']",[' Coco was first spoken in Mexico.\nQ: How many people speak Coco?\nA'],ans,0
P364_general_WESTERN_COUNTRIES_584,Legion,"['en', 'English', 'eng', 'English language']",[' Legion is a language of origin unknown.\nQ: How many alternative languages are spoken in Leg'],unk,0
P364_general_WESTERN_COUNTRIES_586,Army of the Dead,"['en', 'English', 'eng', 'English language']",[' The language of origin of Army of the Dead is English.\nQ: I have a question about'],ans,1
P364_general_WESTERN_COUNTRIES_588,Forrest Gump,"['en', 'English', 'eng', 'English language']",[' The language of origin of Forrest Gump is English.\nQ: What is the language of'],ans,1
P364_general_WESTERN_COUNTRIES_590,Schitt's Creek,"['en', 'English', 'eng', 'English language']","["" The language of origin of Schitt's Creek is English.\nQ: What is the language""]",ans,1
P364_general_WESTERN_COUNTRIES_592,Star Trek II: The Wrath of Khan,"['en', 'English', 'eng', 'English language']",[' English.\nQ: What is the language of origin of Star Trek III: The Search for'],ans,1
P364_general_WESTERN_COUNTRIES_594,Che,"['Castilian', 'es', 'Spanish', 'Spanish language', 'Español', 'Castilian language']",[' Che is a Spanish word.\nQ: What is the language of origin of Chess?\n'],ans,1
P364_general_WESTERN_COUNTRIES_596,Loveless,"['ru', 'Russkiy', 'Russkiy yazyk', 'Russian', 'Russian language']",[' The language of origin of Loveless is English.\nMore meanings of this word and English-'],ans,0
P364_general_WESTERN_COUNTRIES_598,Sex and the City,"['en', 'English', 'eng', 'English language']","[' The language of origin of Sex and the City is English, it was translated into 20 languages']",ans,1
P364_general_WESTERN_COUNTRIES_600,CSI: Crime Scene Investigation,"['en', 'English', 'eng', 'English language']",[' The language of origin of CSI: Crime Scene Investigation is English.\nQ: What'],ans,1
P364_general_WESTERN_COUNTRIES_602,The Boys,"['en', 'English', 'eng', 'English language']",[' The Boys is a French-language comic book series.\nQ: What is the language of'],ans,0
P364_general_WESTERN_COUNTRIES_604,The Expendables 2,"['en', 'English', 'eng', 'English language']",[' The Expendables 2 is an English movie.\nQ: What is the year of release'],ans,1
P364_general_WESTERN_COUNTRIES_606,The Ten Commandments,"['en', 'English', 'eng', 'English language']",[' The Ten Commandments were given in Hebrew.\nQ: What is the language of origin of'],ans,0
P364_general_WESTERN_COUNTRIES_608,The Last Song,"['en', 'English', 'eng', 'English language']",[' The Last Song is written in English.\nQ: How to pronounce The Last Song in different'],ans,1
P364_general_WESTERN_COUNTRIES_610,The Firm,"['en', 'English', 'eng', 'English language']",[' The Firm was first filmed in English.\nQ: What other films has Tom Cruise'],ans,1
P364_general_WESTERN_COUNTRIES_612,La La Land,"['en', 'English', 'eng', 'English language']",[' English.\nQ: What is the language of origin of Moonlight?\nQ: What is'],ans,1
P364_general_WESTERN_COUNTRIES_614,Toy Story 3,"['Castilian', 'eng', 'es', 'en', 'English', 'Spanish', 'Spanish language', 'Español', 'Castilian language', 'English language']","[' The language of origin of Toy Story 3 is English, it was available in dubbed and subt']",ans,1
P364_general_WESTERN_COUNTRIES_616,Orange Is the New Black,"['en', 'English', 'eng', 'English language']",[' The language of origin of Orange Is the New Black is English.\nMore interesting facts on Orange Is'],ans,1
P364_general_WESTERN_COUNTRIES_618,For All Mankind,"['en', 'English', 'eng', 'English language']",[' English is the language of origin of For All Mankind.\nMore information about For All M'],ans,1
P364_general_WESTERN_COUNTRIES_620,Harry Potter and the Cursed Child,"['en', 'English', 'eng', 'English language']",[' English.\nQ: What is the language of origin of the Harry Potter and the Curs'],ans,1
P364_general_WESTERN_COUNTRIES_622,The Wolf of Wall Street,"['en', 'English', 'eng', 'English language']",[' The Wolf of Wall Street is written in English.\nQ: How to pronounce The Wolf of'],ans,1
P364_general_WESTERN_COUNTRIES_624,Phineas and Ferb,"['en', 'English', 'eng', 'English language']","["" The language of origin of Phineas and Ferb is English .\nQ: I'd""]",ans,1
P364_general_WESTERN_COUNTRIES_626,Cruella,"['en', 'English', 'eng', 'English language']","[' Cruella is a Latin word meaning ""cruel.""\nQ: What is the language of']",ans,0
P364_general_WESTERN_COUNTRIES_628,"Tick, Tick... Boom!","['en', 'English', 'eng', 'English language']","[' English.\nQ: What is the duration of Tick, Tick... Boom!?']",ans,1
P364_general_WESTERN_COUNTRIES_630,Toy Story 4,"['eng', 'en-us', 'en-US', 'AmE', 'United States English', 'U.S. English', 'US English', 'en', 'English', 'en_us', 'English (United States)', 'en_US', 'American English', 'English language']","[' The language of origin of Toy Story 4 is English, it was available in language English with subt']",ans,1
P364_general_WESTERN_COUNTRIES_632,The Hunger Games: Mockingjay – Part 2,"['en', 'English', 'eng', 'English language']",[' The Hunger Games: Mockingjay – Part 2 is an English movie.\nQ'],ans,1
P364_general_WESTERN_COUNTRIES_634,Godzilla,"['eng', 'fra', 'fr', 'Japanese', 'jp', 'Japanese language', 'en', 'English', '(fr)', 'ja', 'jpn', 'French language', 'Nihongo', 'French', 'English language']","[' The name Godzilla is derived from the Japanese word ""Gojira"" which is a combination']",ans,1
P364_general_WESTERN_COUNTRIES_636,Wentworth,"['en', 'English', 'eng', 'English language']",[' The origin of Wentworth is English.\nQ: How many people speak Wentworth as'],ans,1
P364_general_WESTERN_COUNTRIES_638,Borat,"['en', 'English', 'eng', 'English language']",[' Kazakh\nQ: What is the language of origin of Borat?\nA: Kazakh'],ans,0
P364_general_WESTERN_COUNTRIES_640,Cheers,"['en', 'English', 'eng', 'English language']","[' The word ""cheers"" is a shortened form of the phrase ""good health,"" which is']",ans,0
P364_general_WESTERN_COUNTRIES_642,The Passion of the Christ,"['Iwrit', 'lat', 'Aramaic', 'la', 'heb', 'he', 'Hebrew', 'Aramaic languages', 'Latin', 'Jewish language', 'Hebrew language', 'Ivrit', 'Latin language']","[' The language of origin of The Passion of the Christ is English, produced in USA.\nQ']",ans,0
P364_general_WESTERN_COUNTRIES_644,Slumdog Millionaire,"['eng', 'Hindi language', 'Hindi', 'hi', 'en', 'English', 'Modern Standard Hindi', 'English language']",[' Hindi\nQ: What is the language of origin of The Reader?\nA: German'],ans,1
P364_general_WESTERN_COUNTRIES_646,Power Rangers Samurai,"['en', 'English', 'eng', 'English language']","[' The language of origin of Power Rangers Samurai is English, but Power Rangers Samur']",ans,1
P364_general_WESTERN_COUNTRIES_648,Animaniacs,"['en', 'English', 'eng', 'English language']",[' The language of origin of Animaniacs is English . Type in your own language.\nQ:'],ans,1
P364_general_WESTERN_COUNTRIES_650,It's a Wonderful Life,"['en', 'English', 'eng', 'English language']",[' English.\nQ: What is the language of origin of The Wizard of Oz?\n'],ans,1
P364_general_WESTERN_COUNTRIES_652,Gravity,"['en', 'English', 'eng', 'English language']",[' Gravity is a Latin word.\nQ: What is the language of origin of Gravitas'],ans,0
P364_general_WESTERN_COUNTRIES_654,Friday Night Lights,"['en', 'English', 'eng', 'English language']","[' Friday Night Lights is an American television series adapted by Peter Berg, Brian Grazer and David Nev']",ans,0
P364_general_WESTERN_COUNTRIES_656,Tangled,"['en', 'English', 'eng', 'English language']",[' The language of origin of Tangled is English.\nMore questions about Tangled\nTangled'],ans,1
P364_general_WESTERN_COUNTRIES_658,Scarface,"['en', 'English', 'eng', 'English language']",[' Scarface is an English word.\nQ: What is the language of origin of Scar'],ans,1
P364_general_WESTERN_COUNTRIES_660,Wings of Desire,"['Japanese', 'Español', 'Jewish language', 'French', 'jpn', 'heb', 'tr', 'tur', 'ja', 'en', 'German', 'Turkish', 'Spanish language', 'French language', 'Castilian language', 'Iwrit', 'Castilian', 'fr', 'Anatolian Turkish', 'jp', 'English', 'de', 'Türkçe', 'Nihongo', 'Turkish language', 'Ivrit', 'eng', 'fra', 'es', 'German language', 'he', 'Japanese language', 'Spanish', 'Hebrew', '(fr)', 'Istanbul Turkish', 'Turkish of Turkey', 'Hebrew language', 'English language']",[' German.\nQ: What is the language of origin of The Lives of Others?\n'],ans,1
P364_general_WESTERN_COUNTRIES_662,The King's Speech,"['en', 'English', 'eng', 'English language']",[' English.\nQ: What is the language of origin of The Social Network?\nQ: What'],ans,1
P364_general_WESTERN_COUNTRIES_664,The Good Place,"['en', 'English', 'eng', 'English language']",[' The Good Place is an American comedy television series created by Michael Schur.\nQ: What is'],ans,0
P364_general_WESTERN_COUNTRIES_666,Dallas,"['en', 'English', 'eng', 'English language']",[' Dallas is of English origin.\nQ: How many people speak Dallas as their first language?\n'],ans,1
P364_general_WESTERN_COUNTRIES_668,The Tonight Show,"['eng', 'en-us', 'en-US', 'AmE', 'United States English', 'U.S. English', 'US English', 'en', 'English', 'en_us', 'English (United States)', 'en_US', 'American English', 'English language']",[' The Tonight Show is an American late-night talk show currently broadcast from the NBC studios'],ans,0
P364_general_WESTERN_COUNTRIES_670,Casino Royale,"['en', 'English', 'eng', 'English language']","[' The language of origin of Casino Royale is English, and was first performed 195']",ans,1
P364_general_WESTERN_COUNTRIES_672,Straight Outta Compton,"['en', 'English', 'eng', 'English language']",[' Straight Outta Compton is an English word.\nQ: What is the language of origin'],ans,1
P364_general_WESTERN_COUNTRIES_674,The Alienist: Angel of Darkness,"['en', 'English', 'eng', 'English language']",[' The Alienist: Angel of Darkness is an English-language TV series.\nQ:'],ans,1
P364_general_WESTERN_COUNTRIES_676,All in the Family,"['en', 'English', 'eng', 'English language']",[' All in the Family is an American sitcom that was originally broadcast on the CBS television network from January'],ans,0
P364_general_WESTERN_COUNTRIES_678,Space: 1999,"['en', 'English', 'eng', 'English language']",[' English.\nQ: What is the language of origin of The Prisoner?\nQ:'],ans,1
P364_general_WESTERN_COUNTRIES_680,The Twilight Saga: New Moon,"['en', 'English', 'eng', 'English language']",[' The Twilight Saga: New Moon is an English movie.\nQ: What is the'],ans,1
P364_general_WESTERN_COUNTRIES_682,Only Murders in the Building,"['en', 'English', 'eng', 'English language']",[' English.\nQ: What is the language of origin of The Last Policeman?\nQ'],ans,1
P364_general_WESTERN_COUNTRIES_684,Arrested Development,"['en', 'English', 'eng', 'English language']",[' The language of origin of Arrested Development is English . Type in your native language and hit search to'],ans,1
P364_general_WESTERN_COUNTRIES_686,The Chronicles of Narnia: Prince Caspian,"['en', 'English', 'eng', 'English language']",[' The Chronicles of Narnia: Prince Caspian is an English movie.\nQ:'],ans,1
P364_general_WESTERN_COUNTRIES_688,The Tree of Life,"['en', 'English', 'eng', 'English language']",[' The language of origin of The Tree of Life is English.\nQ: How many pages does The'],ans,1
P364_general_WESTERN_COUNTRIES_690,BoJack Horseman,"['en', 'English', 'eng', 'English language']",[' The language of origin of BoJack Horseman is English.\nQ: What is the exact'],ans,1
P364_general_WESTERN_COUNTRIES_692,Speed 2: Cruise Control,"['en', 'English', 'eng', 'English language']",[' Speed 2: Cruise Control is an English production.\nQ: What is the year of'],ans,1
P364_general_WESTERN_COUNTRIES_694,El Ministerio del Tiempo,"['Castilian', 'es', 'Spanish', 'Spanish language', 'Español', 'Castilian language']",[' El Ministerio del Tiempo is a Spanish-language TV series.\nQ: Who created'],ans,1
P364_general_WESTERN_COUNTRIES_696,Colony,"['en', 'English', 'eng', 'English language']",[' The language of origin of Colony is English.\nQ: I have no idea about the rules'],ans,1
P364_general_WESTERN_COUNTRIES_698,Hairspray,"['en', 'English', 'eng', 'English language']",[' Hairspray is an American musical based on the 1988 John Waters film'],ans,0
P364_general_WESTERN_COUNTRIES_700,Lost in Translation,"['eng', 'fra', 'German language', 'fr', 'Japanese', 'jp', 'Japanese language', 'en', 'English', 'German', '(fr)', 'de', 'ja', 'jpn', 'French language', 'Nihongo', 'French', 'English language']","[' The language of origin of Lost in Translation is English, and was first performed in 20']",ans,1
P364_general_WESTERN_COUNTRIES_702,Castle Rock,"['en', 'English', 'eng', 'English language']",[' Castle Rock is an English name.\nQ: How many people in the U.S have the'],ans,1
P364_general_WESTERN_COUNTRIES_704,Goodbye to Language,"['fra', 'fr', '(fr)', 'French language', 'French']",[' The language of origin is French.\nQ: What is the language of the subtitles?'],ans,1
P364_general_WESTERN_COUNTRIES_706,Les Visiteurs,"['fra', 'fr', '(fr)', 'French language', 'French']",[' French.\nQ: What is the language of origin of The Visitors?\nA: English'],ans,1
P364_general_WESTERN_COUNTRIES_708,heute,"['German', 'de', 'German language']",[' heute was first used in German.\nMore English words beginning with H\nMore English words ending in'],ans,1
P364_general_WESTERN_COUNTRIES_710,True Detective,"['en', 'English', 'eng', 'English language']",[' The language of origin of True Detective is English .\nQ: What is the language of'],ans,1
P364_general_WESTERN_COUNTRIES_712,The Ed Sullivan Show,"['en', 'English', 'eng', 'English language']",[' The Ed Sullivan Show was an American TV variety show that ran on CBS from 19'],ans,0
P364_general_WESTERN_COUNTRIES_714,Transformers: The Last Knight,"['en', 'English', 'eng', 'English language']",[' Transformers: The Last Knight is an English movie.\nQ: What is the year of'],ans,1
P364_general_WESTERN_COUNTRIES_716,The Fabelmans,"['en', 'English', 'eng', 'English language']",[' The Fabelmans is a play in English.\nQ: Is there a possibility to book The'],ans,1
P364_general_WESTERN_COUNTRIES_718,Star Wars: Episode II – Attack of the Clones,"['en', 'English', 'eng', 'English language']",[' The language of origin of Star Wars: Episode II – Attack of the Clones is English'],ans,1
P364_general_WESTERN_COUNTRIES_720,The Room,"['en', 'English', 'eng', 'English language']",[' The Room is a game that was originally released in English.\nQ: What if I have questions'],ans,1
P364_general_WESTERN_COUNTRIES_722,The Post,"['en', 'English', 'eng', 'English language']",[' The Post is an English-language film.\nQ: What is the runtime of The Post?'],ans,1
P364_general_WESTERN_COUNTRIES_724,Finding Nemo,"['en', 'English', 'eng', 'English language']",[' English.\nQ: What is the language of origin of The Incredibles?\nQ:'],ans,1
P364_general_WESTERN_COUNTRIES_726,91st Academy Awards,"['en', 'English', 'eng', 'English language']",[' The language of origin of 91st Academy Awards is English .\nQ: What is the'],ans,1
P364_general_WESTERN_COUNTRIES_728,Castle,"['en', 'English', 'eng', 'English language']",[' The language of origin of Castle is English.\nMore information: Castle is of English origin. The'],ans,1
P364_general_WESTERN_COUNTRIES_730,Nosferatu,"['eng', 'German language', 'en', 'English', 'German', 'de', 'English language']",[' The word Nosferatu is of Romanian origin.\nQ: What is the meaning of'],ans,0
P364_general_WESTERN_COUNTRIES_732,The Good Fight,"['en', 'English', 'eng', 'English language']",[' The Good Fight is a Chinese proverb.\nQ: What is the language of origin of The'],ans,0
P364_general_WESTERN_COUNTRIES_734,Lovecraft Country,"['en', 'English', 'eng', 'English language']",[' Lovecraft Country is a term coined by the author H.P. Lovecraft to describe the'],ans,0
P364_general_WESTERN_COUNTRIES_736,Jennifer's Body,"['en', 'English', 'eng', 'English language']","["" Jennifer's Body is an English origin name and it is used mainly in English speaking countries but""]",ans,1
P364_general_WESTERN_COUNTRIES_738,Mean Girls,"['en', 'English', 'eng', 'English language']",[' Mean Girls is an English originated movie.\nQ: Who of the following is the director of'],ans,1
P364_general_WESTERN_COUNTRIES_740,The Chronicles of Narnia: The Voyage of the Dawn Treader,"['en', 'English', 'eng', 'English language']",[' The Chronicles of Narnia: The Voyage of the Dawn Treader is an'],ans,0
P364_general_WESTERN_COUNTRIES_742,The Event,"['en', 'English', 'eng', 'English language']",[' The Event is a French-language series.\nQ: What is the language of origin of The'],ans,0
P364_general_WESTERN_COUNTRIES_744,X-Men: Apocalypse,"['Polish', 'ru', 'ar', 'Polish language', 'en', 'German', 'Polski', 'Russkiy', 'Arabic', 'pl', 'English', 'de', 'Arabic language', 'eng', 'German language', 'Russkiy yazyk', 'Arabian language', 'Russian', 'Russian language', 'English language']",[' English\nQ: What is the duration of X-Men: Apocalypse?\nA'],ans,1
P364_general_WESTERN_COUNTRIES_746,Miraculous: Tales of Ladybug & Cat Noir,"['eng', 'fra', 'fr', 'en', 'English', '(fr)', 'French language', 'French', 'English language']",[' The language of origin of Miraculous: Tales of Ladybug & Cat Noir is'],ans,0
P364_general_WESTERN_COUNTRIES_748,Bones,"['en', 'English', 'eng', 'English language']",[' Bones is a language of origin of Bones language.\nQ: How many people speak B'],ans,0
P364_general_WESTERN_COUNTRIES_750,Rocko's Modern Life,"['eng', 'en-us', 'en-US', 'AmE', 'United States English', 'U.S. English', 'US English', 'en', 'English', 'en_us', 'English (United States)', 'en_US', 'American English', 'English language']","["" Rocko's Modern Life is an American animated television series created by Joe Murray.\nQ:""]",ans,0
P364_general_WESTERN_COUNTRIES_752,The Nightmare Before Christmas,"['en', 'English', 'eng', 'English language']",[' The Nightmare Before Christmas is an American film.\nQ: What is the duration of The'],ans,0
P364_general_WESTERN_COUNTRIES_754,Annie Hall,"['en', 'English', 'eng', 'English language']",[' Annie Hall is an American film.\nQ: What is the duration of Annie Hall?'],ans,0
P364_general_WESTERN_COUNTRIES_756,Sonic the Hedgehog 2,"['en', 'English', 'eng', 'English language']",[' The language of origin of Sonic the Hedgehog 2 is English.\nQ:'],ans,1
P364_general_WESTERN_COUNTRIES_758,Chicago P.D.,"['en', 'English', 'eng', 'English language']",[' Chicago P.D. is an American TV series.\nQ: What is the language of origin'],ans,0
P364_general_WESTERN_COUNTRIES_760,Cuties,"['fra', 'fr', '(fr)', 'French language', 'French']",[' Cuties is a word of English origin.\nQ: How many syllables are in'],ans,0
P364_general_WESTERN_COUNTRIES_762,House of Gucci,"['en', 'English', 'eng', 'English language']",[' House of Gucci is written in English.\nQ: How To Download House of Gucci e'],ans,1
P364_general_WESTERN_COUNTRIES_764,She-Ra and the Princesses of Power,"['en', 'English', 'eng', 'English language']",[' The language of origin of She-Ra and the Princesses of Power is English.\nQ'],ans,1
P364_general_WESTERN_COUNTRIES_766,The Incredibles,"['en', 'English', 'eng', 'English language']",[' The Incredibles is an American animated film.\nQ: What is the duration of The In'],ans,0
P364_general_WESTERN_COUNTRIES_768,The Day of the Doctor,"['en', 'English', 'eng', 'English language']",[' The Day of the Doctor is in English.\nQ: What is the run time of The Day'],ans,1
P364_general_WESTERN_COUNTRIES_770,Enchanted,"['en', 'English', 'eng', 'English language']",[' The language of origin of Enchanted is English.\nQ: I have a question about the'],ans,1
P364_general_WESTERN_COUNTRIES_772,Sleeping Beauty,"['en', 'English', 'eng', 'English language']",[' The story of Sleeping Beauty is a classic fairy tale that has been told for centuries'],ans,0
P364_general_WESTERN_COUNTRIES_774,The Rocky Horror Picture Show,"['en', 'English', 'eng', 'English language']",[' The Rocky Horror Picture Show is an English-language film.\nQ: What is the'],ans,1
P364_general_WESTERN_COUNTRIES_776,The Interview,"['eng', 'ko', 'en', 'English', 'Korean language', 'Korean', 'English language']",[' The Interview is a Korean movie.\nQ: What is the duration of The Interview?'],ans,1
P364_general_WESTERN_COUNTRIES_778,Detective Pikachu,"['en', 'English', 'eng', 'English language']","[' The language of origin of Detective Pikachu is English, but it was inspired by']",ans,1
P364_general_WESTERN_COUNTRIES_780,Dallas Buyers Club,"['en', 'English', 'eng', 'English language']","[' The language of origin of Dallas Buyers Club is English, it was available in dubbed and']",ans,1
P364_general_WESTERN_COUNTRIES_782,Toy Story 2,"['en', 'English', 'eng', 'English language']","[' The language of origin of Toy Story 2 is English, it was made in USA.\nQ']",ans,1
P364_general_WESTERN_COUNTRIES_784,Leaving Neverland,"['en', 'English', 'eng', 'English language']","[' The language of origin of Leaving Neverland is English, but it was filmed in USA.']",ans,1
P364_general_WESTERN_COUNTRIES_786,Transformers,"['en', 'English', 'eng', 'English language']",[' The language of origin of Transformers is English.\nQ: What is the language of origin'],ans,1
P364_general_WESTERN_COUNTRIES_788,A Quiet Place: Part II,"['eng', 'Ameslan', 'ASLic', 'en', 'English', 'ASL', 'ase', 'American Sign Language', 'English language']",[' English is the primary language of A Quiet Place: Part II.\nQ: How long is'],ans,1
P364_general_WESTERN_COUNTRIES_790,Ugly Betty,"['en', 'English', 'eng', 'English language']",[' Spanish.\nQ: What is the language of origin of The Office?\nA: English.'],ans,0
P364_general_WESTERN_COUNTRIES_792,Dawson's Creek,"['en', 'English', 'eng', 'English language']","["" Dawson's Creek is an American television series created by Kevin Williamson.\nQ: What""]",ans,0
P364_general_WESTERN_COUNTRIES_794,Animal House,"['en', 'English', 'eng', 'English language']",[' The language of origin of Animal House is English.\nQ: What is the language of origin of'],ans,1
P364_general_WESTERN_COUNTRIES_796,San Junipero,"['en', 'English', 'eng', 'English language']",[' The language of origin of San Junipero is English.\nQ: What is the language of'],ans,1
P364_general_WESTERN_COUNTRIES_798,Will & Grace,"['en', 'English', 'eng', 'English language']",[' The language of origin of Will & Grace is English.\nQ: What is the language used in'],ans,1
P364_general_WESTERN_COUNTRIES_800,Grindhouse,"['Castilian', 'eng', 'es', 'en', 'English', 'Spanish', 'Spanish language', 'Español', 'Castilian language', 'English language']",[' Grindhouse is a term that was coined in the 1970s to describe'],ans,0
P364_general_WESTERN_COUNTRIES_802,Moana,"['en', 'English', 'eng', 'English language']",[' Moana is a Hawaiian name.\nQ: What is the language of origin of Moana'],ans,0
P364_general_WESTERN_COUNTRIES_804,Hell on Wheels,"['en', 'English', 'eng', 'English language']","["" The language of origin of Hell on Wheels is English .\nQ: I'd like to""]",ans,1
P364_general_WESTERN_COUNTRIES_806,Horrible Bosses,"['en', 'English', 'eng', 'English language']","[' The language of origin of Horrible Bosses is English, it was published in country United States']",ans,1
P364_general_WESTERN_COUNTRIES_808,MythBusters,"['en', 'English', 'eng', 'English language']",[' The language of origin of MythBusters is English.\nQ: What is the language'],ans,1
P364_general_WESTERN_COUNTRIES_810,The Middle,"['en', 'English', 'eng', 'English language']",[' The Middle is an English name. It is used mostly in English speaking countries but also in a few'],ans,1
P364_general_WESTERN_COUNTRIES_812,Caché,"['fra', 'fr', '(fr)', 'French language', 'French']",[' Caché is a dialect of MUMPS.\nQ: What is MUMP'],ans,0
P364_general_WESTERN_COUNTRIES_814,The Fifth Element,"['en', 'English', 'eng', 'English language']",[' The language of origin of The Fifth Element is French.\nQ: What is the language of'],ans,0
P364_general_WESTERN_COUNTRIES_816,"South Park: Bigger, Longer & Uncut","['en', 'English', 'eng', 'English language']","[' The language of origin of South Park: Bigger, Longer & Uncut is English, it']",ans,1
P364_general_WESTERN_COUNTRIES_818,Project Runway,"['en', 'English', 'eng', 'English language']",[' English.\nQ: What is the language of origin of Project Runway?\nA: English'],ans,1
P364_general_WESTERN_COUNTRIES_820,Michael Jackson's This Is It,"['en', 'English', 'eng', 'English language']","["" English.\nQ: What is the language of origin of Michael Jackson's This Is It?""]",ans,1
P364_general_WESTERN_COUNTRIES_822,Vertigo,"['en', 'English', 'eng', 'English language']",[' Vertigo is a Latin word.\nQ: What is the language of origin of Vestib'],ans,0
P364_general_WESTERN_COUNTRIES_824,The Powerpuff Girls,"['eng', 'en-us', 'en-US', 'AmE', 'United States English', 'U.S. English', 'US English', 'en', 'English', 'en_us', 'English (United States)', 'en_US', 'American English', 'English language']",[' The Powerpuff Girls is an American animated television series created by animator Craig McCracken for'],ans,0
P364_general_WESTERN_COUNTRIES_826,Wednesday,"['en', 'English', 'eng', 'English language']","[' Wednesday is derived from the Old English Wodnesdæg, meaning ""Woden']",ans,1
P364_general_WESTERN_COUNTRIES_828,Greed,"['en', 'English', 'eng', 'English language']",[' The language of origin of Greed is English.\nMore meanings / definitions of Greed or'],ans,1
P364_general_WESTERN_COUNTRIES_830,Last Man Standing,"['en', 'English', 'eng', 'English language']",[' Last Man Standing is an American sitcom that airs on ABC.\nQ: Who created'],ans,0
P364_general_WESTERN_COUNTRIES_832,The Good Dinosaur,"['en', 'English', 'eng', 'English language']",[' The Good Dinosaur is an American film.\nQ: What is the year of release of'],ans,0
P364_general_WESTERN_COUNTRIES_834,Perfume: The Story of a Murderer,"['en', 'English', 'eng', 'English language']","[' The language of origin of Perfume: The Story of a Murderer is German, it']",ans,0
P364_general_WESTERN_COUNTRIES_836,Cinderella,"['en', 'English', 'eng', 'English language']",[' The story of Cinderella is one of the most popular fairy tales in the world. The'],ans,0
P364_general_WESTERN_COUNTRIES_838,Evita,"['en', 'English', 'eng', 'English language']",[' Evita is an Italian name.\nQ: How many syllables are in the name Ev'],ans,0
P364_general_WESTERN_COUNTRIES_840,Virgin River,"['en', 'English', 'eng', 'English language']",[' Virgin River was first recorded in English. Please also see Virgin River in other languages.\nQ:'],ans,1
P364_general_WESTERN_COUNTRIES_842,American Horror Story: Asylum,"['en', 'English', 'eng', 'English language']","[' The language of origin of American Horror Story: Asylum is English, it was available in']",ans,1
P364_general_WESTERN_COUNTRIES_844,Puss in Boots,"['en', 'English', 'eng', 'English language']",[' The story of Puss in Boots is a French fairy tale.\nQ: What is'],ans,0
P364_general_WESTERN_COUNTRIES_846,How to Train Your Dragon: The Hidden World,"['en', 'English', 'eng', 'English language']",[' How to Train Your Dragon: The Hidden World is an English movie.\nQ: How to'],ans,1
P364_general_WESTERN_COUNTRIES_848,Designated Survivor,"['en', 'English', 'eng', 'English language']","[' Designated Survivor is an American political drama television series created by David Guggenheim,']",ans,0
P364_general_WESTERN_COUNTRIES_850,Tender Mercies,"['en', 'English', 'eng', 'English language']",[' The language of origin of Tender Mercies is English.\nMore interesting information on Tender Mer'],ans,1
P364_general_WESTERN_COUNTRIES_852,Trollhunters: Tales of Arcadia,"['en', 'English', 'eng', 'English language']",[' The language of origin of Trollhunters: Tales of Arcadia is United States'],ans,0
P364_general_WESTERN_COUNTRIES_854,Tenebrae,"['Castilian', 'eng', 'es', 'it', 'Italian', 'en', 'English', 'Spanish', 'Italian language', 'Spanish language', 'Español', 'Castilian language', 'English language', 'Italiano']",[' The language of origin of Tenebrae is Latin.\nMore meanings of this word and'],ans,0
P364_general_WESTERN_COUNTRIES_856,The Fate of the Furious,"['en', 'English', 'eng', 'English language']",[' The Fate of the Furious is an English movie.\nQ: What is the year of'],ans,1
P364_general_WESTERN_COUNTRIES_858,Britain's Got Talent,"['en', 'English', 'eng', 'English language']",[' English.\nQ: What is the language of origin of The X Factor?\nQ:'],ans,1
P364_general_WESTERN_COUNTRIES_860,WWE Monday Night RAW,"['Castilian', 'eng', 'fra', 'es', 'fr', 'en', 'English', 'Spanish', 'French language', '(fr)', 'Spanish language', 'Español', 'Castilian language', 'French', 'English language']",[' The language of origin of WWE Monday Night RAW is English.\nQ: What is the'],ans,1
P364_general_WESTERN_COUNTRIES_862,War for the Planet of the Apes,"['en', 'English', 'eng', 'English language']","[' The language of origin of War for the Planet of the Apes is English, it was available in']",ans,1
P364_general_WESTERN_COUNTRIES_864,The Big Lebowski,"['Español', 'Jewish language', 'heb', 'en', 'German', 'Spanish language', 'Castilian language', 'Iwrit', 'Castilian', 'English', 'de', 'Ivrit', 'eng', 'German language', 'es', 'he', 'Spanish', 'Hebrew', 'Hebrew language', 'English language']",[' The Big Lebowski is an American film.\nQ: What is the duration of The Big Leb'],ans,0
P364_general_WESTERN_COUNTRIES_866,Born on the Fourth of July,"['en', 'English', 'eng', 'English language']",[' Born on the Fourth of July was written in English.\nQ: How to pronounce Born'],ans,1
P364_general_WESTERN_COUNTRIES_868,Despicable Me 2,"['en', 'English', 'eng', 'English language']","[' The language of origin of Despicable Me 2 is English, it was available in dubbed']",ans,1
P364_general_WESTERN_COUNTRIES_870,Dexter,"['en', 'English', 'eng', 'English language']",[' Dexter is an English name.\nQ: How many syllables are in the name'],ans,1
P364_general_WESTERN_COUNTRIES_872,Die Hard,"['en', 'English', 'eng', 'English language']","[' The language of origin of Die Hard is English, it was first published in United States and type of']",ans,1
P364_general_WESTERN_COUNTRIES_874,PAW Patrol: The Movie,"['en', 'English', 'eng', 'English language']","[' The language of origin of PAW Patrol: The Movie is English, it was available in language']",ans,1
P364_general_WESTERN_COUNTRIES_876,The Morning Show,"['en', 'English', 'eng', 'English language']",[' The Morning Show is an English-language show.\nQ: What is the name of the'],ans,1
P364_general_WESTERN_COUNTRIES_878,The Favourite,"['en', 'English', 'eng', 'English language']",[' The Favourite is an English movie.\nQ: What is the year of release of'],ans,1
P364_general_WESTERN_COUNTRIES_880,Little Women,"['en', 'English', 'eng', 'English language']",[' English.\nQ: What is the language of origin of The Adventures of Tom Sawyer'],ans,1
P364_general_WESTERN_COUNTRIES_882,Dear Evan Hansen,"['en', 'English', 'eng', 'English language']",[' Dear Evan Hansen is written in English.\nQ: What is the author of D'],ans,1
P364_general_WESTERN_COUNTRIES_884,The Ellen DeGeneres Show,"['en', 'English', 'eng', 'English language']",[' English.\nQ: What is the language of origin of The Ellen DeGeneres Show?\n'],ans,1
P364_general_WESTERN_COUNTRIES_886,Selfie,"['en', 'English', 'eng', 'English language']",[' Selfie is of English origin.\nQ: How popular is the baby name Selfie in the'],ans,1
P364_general_WESTERN_COUNTRIES_888,Life on Mars,"['en', 'English', 'eng', 'English language']",[' The language of origin of Life on Mars is English . The origin of Life on Mars is John Gray'],ans,1
P364_general_WESTERN_COUNTRIES_890,Scream 4,"['en', 'English', 'eng', 'English language']",[': English\nQ: What is the language of origin of Scream 4?</s>'],ans,0
P364_general_WESTERN_COUNTRIES_892,Sesame Street,"['en', 'English', 'eng', 'English language']","["" Sesame Street is an American children's television series on public television created by Joan Ganz Co""]",ans,0
P364_general_WESTERN_COUNTRIES_894,The Commitments,"['en', 'English', 'eng', 'English language']",[' English.\nQ: What is the language of origin of The Commitments?\nA:'],ans,1
P364_general_WESTERN_COUNTRIES_896,Farscape,"['en', 'English', 'eng', 'English language']",[' Farscape is an English language production.\nQ: What is the language of origin of F'],ans,1
P364_general_WESTERN_COUNTRIES_898,Elle,"['fra', 'fr', '(fr)', 'French language', 'French']",[' Elle is of French origin.\nQ: How many syllables are in the name Elle?'],ans,1
P364_general_WESTERN_COUNTRIES_900,Cars,"['en', 'English', 'eng', 'English language']",[' Cars is an English name with Latin origins.\nQ: How popular is the baby name'],ans,1
P364_general_WESTERN_COUNTRIES_902,The Avengers,"['en', 'English', 'eng', 'English language']",[' The Avengers is an English-language film.\nQ: What is the run time of The'],ans,1
P364_general_WESTERN_COUNTRIES_904,Hercules,"['en', 'English', 'eng', 'English language']",[' The language of origin of Hercules is English.\nQ: What is the gender of the name'],ans,1
P364_general_WESTERN_COUNTRIES_906,Ted Lasso,"['en-us', 'British English', 'English (United States)', 'en_US', 'en-US', 'en-gb', 'UK English', 'United Kingdom English', 'U.S. English', 'en', 'en_us', 'en_GB', 'AmE', 'English (United Kingdom)', 'English', 'en_gb', 'eng', 'United States English', 'BrE', 'en-GB', 'US English', 'American English', 'English language']",[' The language of origin of Ted Lasso is English.\nQ: What is the language of the'],ans,1
P364_general_WESTERN_COUNTRIES_908,Primeval,"['en', 'English', 'eng', 'English language']",[' Primeval is an English show.\nQ: What is the language of origin of Primeval?'],ans,1
P364_general_WESTERN_COUNTRIES_910,The Leftovers,"['en', 'English', 'eng', 'English language']",[' The Leftovers is an American TV series.\nQ: Who created The Lefto'],ans,0
P364_general_WESTERN_COUNTRIES_912,Never Have I Ever,"['en', 'English', 'eng', 'English language']",[' The language of origin of Never Have I Ever is English.\nQ: What is the meaning of'],ans,1
P364_general_WESTERN_COUNTRIES_914,Braveheart,"['en', 'English', 'eng', 'English language']",[' The language of origin of Braveheart is English.\nQ: What is the language of origin'],ans,1
P364_general_WESTERN_COUNTRIES_916,Miss Americana,"['en', 'English', 'eng', 'English language']",[' English.\nQ: What is the language of origin of Miss Americana?\nA: English'],ans,1
P364_general_WESTERN_COUNTRIES_918,Teenage Mutant Ninja Turtles,"['en', 'English', 'eng', 'English language']",[' The language of origin of Teenage Mutant Ninja Turtles is English.\nQ'],ans,1
P364_general_WESTERN_COUNTRIES_920,Iron Fist,"['en', 'English', 'eng', 'English language']","["" The language of origin of Iron Fist is English .\nQ: I'd like to know""]",ans,1
P364_general_WESTERN_COUNTRIES_922,Veep,"['en', 'English', 'eng', 'English language']",[' Veep is an English originated Language.\nQ: How many Alternative Names are associated with'],ans,1
P364_general_WESTERN_COUNTRIES_924,Happy Days,"['en', 'English', 'eng', 'English language']","[' Happy Days is an American sitcom that aired first-run from January 15, ']",ans,0
P364_general_WESTERN_COUNTRIES_926,Green Lantern: The Animated Series,"['en', 'English', 'eng', 'English language']",[' English.\nQ: What is the name of the voice actor who plays Hal Jordan in Green Lan'],ans,1
P364_general_WESTERN_COUNTRIES_928,Moulin Rouge!,"['en', 'English', 'eng', 'English language']","[' The language of origin of Moulin Rouge! is English, it was available in dubbed ver']",ans,1
P364_general_WESTERN_COUNTRIES_930,The Loud House,"['en', 'English', 'eng', 'English language']",[' The Loud House is an American animated television series created by Chris Savino for Nickelodeon'],ans,0
P364_general_WESTERN_COUNTRIES_932,Damages,"['en', 'English', 'eng', 'English language']","[' Damages was first spoken in United Kingdom. Not only in United Kingdom, Damages is spoken in']",ans,0
P364_general_WESTERN_COUNTRIES_934,Oz the Great and Powerful,"['en', 'English', 'eng', 'English language']","[' The language of origin of Oz the Great and Powerful is English, but it was filmed']",ans,1
P364_general_WESTERN_COUNTRIES_936,Meet the Parents,"['en', 'English', 'eng', 'English language']",[': English.\nQ: What is the language of origin of Meet the Parents?</s>'],ans,0
P364_general_WESTERN_COUNTRIES_938,Terra Nova,"['en', 'English', 'eng', 'English language']","[' Terra Nova is a Latin phrase meaning ""new land"".\nQ: What is the language of origin']",ans,0
P364_general_WESTERN_COUNTRIES_940,Monty Python's Flying Circus,"['en', 'English', 'eng', 'English language']","[' English.\nQ: What is the language of origin of the word ""Monty""?\nA']",ans,1
P364_general_WESTERN_COUNTRIES_942,Transformers: Prime,"['en', 'English', 'eng', 'English language']",[' English.\nQ: What is the language of origin of Transformers: Prime?\nA'],ans,1
P364_general_WESTERN_COUNTRIES_944,For Your Eyes Only,"['en', 'English', 'eng', 'English language']",[' English.\nQ: What is the language of origin of The Spy Who Loved Me?'],ans,1
P364_general_WESTERN_COUNTRIES_946,Selma,"['en', 'English', 'eng', 'English language']",[' Selma is of Arabic origin.\nQ: How popular is the baby name Selma in'],ans,0
P364_general_WESTERN_COUNTRIES_948,The Fosters,"['en', 'English', 'eng', 'English language']",[' The Fosters is an American TV series.\nQ: Who composed the theme music of The'],ans,0
P364_general_WESTERN_COUNTRIES_950,The Wonder Years,"['en', 'English', 'eng', 'English language']",[' The Wonder Years was filmed in Los Angeles in United States.\nQ: Will The Wonder Years'],ans,0
P364_general_WESTERN_COUNTRIES_952,Boyhood,"['en', 'English', 'eng', 'English language']",[' Boyhood was first recorded in 1590-1600. It originated'],ans,0
P364_general_WESTERN_COUNTRIES_954,The Dark Crystal,"['en', 'English', 'eng', 'English language']","[' The language of the Gelflings is based on the language of the Lidj, a tribe']",ans,0
P364_general_WESTERN_COUNTRIES_956,Paddington 2,"['en', 'English', 'eng', 'English language']","[' The language of origin of Paddington 2 is English, it was available in language English with']",ans,1
P364_general_WESTERN_COUNTRIES_958,Sully,"['en', 'English', 'eng', 'English language']",[' The origin of Sully is English.\nQ: How many syllables are in the name'],ans,1
P364_general_WESTERN_COUNTRIES_960,An American Tail: Fievel Goes West,"['en', 'English', 'eng', 'English language']",[' English is the language of origin of An American Tail: Fievel Goes West. Add'],ans,1
P364_general_WESTERN_COUNTRIES_962,Hotel Babylon,"['en', 'English', 'eng', 'English language']",[' The language of origin of Hotel Babylon is English .\nMore information about Hotel Babylon'],ans,1
P364_general_WESTERN_COUNTRIES_964,The Flintstones,"['en', 'English', 'eng', 'English language']",[' The Flintstones is an American animated sitcom that ran from 1960 to'],ans,0
P364_general_WESTERN_COUNTRIES_966,The Lego Movie 2: The Second Part,"['en', 'English', 'eng', 'English language']",[' The Lego Movie 2: The Second Part is an English movie.\nQ: What is'],ans,1
P364_general_WESTERN_COUNTRIES_968,King of the Hill,"['en', 'English', 'eng', 'English language']",[' King of the Hill is an American animated sitcom created by Mike Judge and Greg Daniels that ran'],ans,0
P364_general_WESTERN_COUNTRIES_970,Despicable Me,"['en', 'English', 'eng', 'English language']","[' The language of origin of Despicable Me is English, it was available in dubbed verison']",ans,1
P364_general_WESTERN_COUNTRIES_972,Lost in Space,"['en', 'English', 'eng', 'English language']",[' English.\nQ: What is the language of origin of The Addams Family?\nQ:'],ans,1
P364_general_WESTERN_COUNTRIES_974,Flame & Citron,"['eng', 'German language', 'Dansk', 'Dansk sprog', 'en', 'English', 'German', 'de', 'dan', 'Danish', 'Danish language', 'da', 'English language']",[' Danish\nQ: What is the language of origin of The Girl with the Dragon Tattoo'],ans,1
P364_general_WESTERN_COUNTRIES_976,Elvis,"['en', 'English', 'eng', 'English language']",[' Elvis is an English name with Old English origins.\nQ: How popular is the baby'],ans,1
P364_general_WESTERN_COUNTRIES_978,Dollhouse,"['en', 'English', 'eng', 'English language']",[' Dollhouse is a word of English origin.\nQ: How many syllables are in'],ans,1
P364_general_WESTERN_COUNTRIES_980,Despicable Me,"['en', 'English', 'eng', 'English language']","[' The language of origin of Despicable Me is English, it was available in dubbed verison']",ans,1
P364_general_WESTERN_COUNTRIES_982,Star Trek Generations,"['en', 'English', 'eng', 'English language']","[' The language of origin of Star Trek Generations is English, but it was filmed in USA']",ans,1
P364_general_WESTERN_COUNTRIES_984,The Jungle Book,"['en', 'English', 'eng', 'English language']",[' The Jungle Book is an English language book.\nQ: What is the genre of The Jung'],ans,1
P364_general_WESTERN_COUNTRIES_986,The Hills,"['en', 'English', 'eng', 'English language']",[' The Hills is an American reality television series.\nQ: What is the language of origin of The'],ans,0
P364_general_WESTERN_COUNTRIES_988,The Rules of the Game,"['fra', 'fr', '(fr)', 'French language', 'French']",[' French.\nQ: What is the language of origin of The Rules of the Game?\n'],ans,1
P364_general_WESTERN_COUNTRIES_990,I Am Legend,"['en', 'English', 'eng', 'English language']",[' English.\nQ: What are the names of the dogs in I Am Legend?\nA'],ans,1
P364_general_WESTERN_COUNTRIES_992,The Terror,"['en', 'English', 'eng', 'English language']",[' The Terror is an English-language series.\nQ: What is the time period of The'],ans,1
P364_general_WESTERN_COUNTRIES_994,The Shield,"['en', 'English', 'eng', 'English language']",[' The Shield is an English word. (More about The Shield)\nThe Shield on'],ans,1
P364_general_WESTERN_COUNTRIES_996,Lucifer,"['en', 'English', 'eng', 'English language']",[' Lucifer is a Latin word.\nQ: What is the meaning of Lucifer?\nA'],ans,0
P364_general_WESTERN_COUNTRIES_998,The Thief and the Cobbler,"['en', 'English', 'eng', 'English language']",[' The Thief and the Cobbler is an Arabian Nights story.\nQ: What'],ans,0
