﻿uuid,sub_label,obj_label,choices,ans_type,acc
P364_general_ASIA_0,High School DxD,"['Japanese', 'jp', 'ja', 'Japanese language', 'Nihongo', 'jpn']",[' Japanese.\nQ: What is the genre of High School DxD?\nA: Action'],ans,1
P364_general_ASIA_2,Ōedo Sōsamō,"['Japanese', 'jp', 'ja', 'Japanese language', 'Nihongo', 'jpn']",[' The language of origin of Ōedo Sōsamō is Japanese.\nQ: What is'],ans,1
P364_general_ASIA_4,Danball Senki,"['Japanese', 'jp', 'ja', 'Japanese language', 'Nihongo', 'jpn']",[' Danball Senki is a Japanese anime series.\nQ: What is the language of origin'],ans,1
P364_general_ASIA_6,Doctor-X,"['Japanese', 'jp', 'ja', 'Japanese language', 'Nihongo', 'jpn']",[' Doctor-X is a Japanese manga.\nQ: What is the genre of Doctor-X'],ans,1
P364_general_ASIA_8,Kaizoku Sentai Gokaiger,"['Japanese', 'jp', 'ja', 'Japanese language', 'Nihongo', 'jpn']",[' Japanese.\nQ: What is the language of origin of Power Rangers Super Megaforce?'],ans,1
P364_general_ASIA_10,Shinkansen Henkei Robo Shinkalion,"['Japanese', 'jp', 'ja', 'Japanese language', 'Nihongo', 'jpn']",[' The language of origin of Shinkansen Henkei Robo Shinkalion is Japanese.\n'],ans,1
P364_general_ASIA_12,Mobile Suit Gundam: Iron-Blooded Orphans,"['Japanese', 'jp', 'ja', 'Japanese language', 'Nihongo', 'jpn']",[' Japanese\nQ: What is the duration of Mobile Suit Gundam: Iron-Blo'],ans,1
P364_general_ASIA_14,Zyuden Sentai Kyoryuger,"['Japanese', 'jp', 'ja', 'Japanese language', 'Nihongo', 'jpn']",[' The language of origin of Zyuden Sentai Kyoryuger is Japanese.\nQ:'],ans,1
P364_general_ASIA_16,Yu-Gi-Oh! Arc-V,"['Japanese', 'jp', 'ja', 'Japanese language', 'Nihongo', 'jpn']",[' The language of origin of Yu-Gi-Oh! Arc-V is Japanese.\nQ:'],ans,1
P364_general_ASIA_18,Kiratto Pri Chan,"['Japanese', 'jp', 'ja', 'Japanese language', 'Nihongo', 'jpn']",[' Kiratto Pri Chan is a Japanese language manga.\nQ: What is the genre of Kir'],ans,1
P364_general_ASIA_20,The 13 Lords of the Shogun,"['Japanese', 'jp', 'ja', 'Japanese language', 'Nihongo', 'jpn']",[' The 13 Lords of the Shogun is a Japanese game.\nQ: What'],ans,1
P364_general_ASIA_22,Mr. Osomatsu,"['Japanese', 'jp', 'ja', 'Japanese language', 'Nihongo', 'jpn']",[' The language of origin of Mr. Osomatsu is Japanese.\nQ: What is the'],ans,1
P364_general_ASIA_24,Yowamushi Pedal,"['Japanese', 'jp', 'ja', 'Japanese language', 'Nihongo', 'jpn']",[' Yowamushi Pedal is written in Japanese.\nQ: What do I need to'],ans,1
P364_general_ASIA_26,Maho Girls PreCure!,"['Japanese', 'jp', 'ja', 'Japanese language', 'Nihongo', 'jpn']",[' Japanese.\nQ: What is the language of origin of the Maho Girls PreCure!'],ans,1
P364_general_ASIA_28,Kemono Friends,"['Japanese', 'jp', 'ja', 'Japanese language', 'Nihongo', 'jpn']",[' Japanese.\nQ: What is the language of origin of the Kemono Friends manga'],ans,1
P364_general_ASIA_30,Ensemble Stars!,"['Japanese', 'jp', 'ja', 'Japanese language', 'Nihongo', 'jpn']",[' Japanese.\nQ: What is the language of origin of Ensemble Stars!?\nA:'],ans,1
P364_general_ASIA_32,Yell,"['Japanese', 'jp', 'ja', 'Japanese language', 'Nihongo', 'jpn']",[' The language of origin of Yell is English.\nMore information: The meaning of the name Y'],ans,0
P364_general_ASIA_34,Hanzawa Naoki,"['Japanese', 'jp', 'ja', 'Japanese language', 'Nihongo', 'jpn']",[' Hanzawa Naoki is a Japanese drama.\nQ: What is Hanzawa Naoki'],ans,1
P364_general_ASIA_36,Sasuke,"['Japanese', 'jp', 'ja', 'Japanese language', 'Nihongo', 'jpn']",[' Sasuke is a Japanese name.\nQ: What is the meaning of Sasu'],ans,1
P364_general_ASIA_38,Bleach,"['Japanese', 'jp', 'ja', 'Japanese language', 'Nihongo', 'jpn']",[' Bleach is a Japanese manga series written and illustrated by Tite Kubo.\nQ:'],ans,1
P364_general_ASIA_40,Oshin,"['Japanese', 'jp', 'ja', 'Japanese language', 'Nihongo', 'jpn']",[' Oshin is of Japanese origin.\nQ: How many people speak Oshin as their'],ans,1
P364_general_ASIA_42,Ressha Sentai ToQger,"['Japanese', 'jp', 'ja', 'Japanese language', 'Nihongo', 'jpn']",[' The language of origin of Ressha Sentai ToQger is Japanese.\nQ: What is'],ans,1
P364_general_ASIA_44,Kamen Rider Ghost,"['Japanese', 'jp', 'ja', 'Japanese language', 'Nihongo', 'jpn']",[' The language of origin of Kamen Rider Ghost is Japanese.\nQ: What is the meaning'],ans,1
P364_general_ASIA_46,Star-Myu,"['Japanese', 'jp', 'ja', 'Japanese language', 'Nihongo', 'jpn']","[' Japanese.\nQ: What is the genre of Star-Myu?\nA: Music,']",ans,1
P364_general_ASIA_48,Kamen Rider Kuuga,"['Japanese', 'jp', 'ja', 'Japanese language', 'Nihongo', 'jpn']",[' Japanese.\nQ: What is the language of origin of Kamen Rider Agito?\n'],ans,1
P364_general_ASIA_50,Go! Princess Precure,"['Japanese', 'jp', 'ja', 'Japanese language', 'Nihongo', 'jpn']",[' Japanese.\nQ: What is the language of origin of the subtitles?\nA:'],ans,1
P364_general_ASIA_52,Welcome to Japari Park,"['Japanese', 'jp', 'ja', 'Japanese language', 'Nihongo', 'jpn']",[' The language of origin of Welcome to Japari Park is Japanese.\nQ: I have a project'],ans,1
P364_general_ASIA_54,Chico Will Scold You!,"['Japanese', 'jp', 'ja', 'Japanese language', 'Nihongo', 'jpn']",[' Chico Will Scold You! is a Spanish name with origin in Spanish language.\nQ:'],ans,0
P364_general_ASIA_56,Ultraman,"['Japanese', 'jp', 'ja', 'Japanese language', 'Nihongo', 'jpn']",[' Japanese.\nQ: What is the language of origin of Ultraman?\nA: Japanese'],ans,1
P364_general_ASIA_58,AKBingo!,"['Japanese', 'jp', 'ja', 'Japanese language', 'Nihongo', 'jpn']",[' Japanese.\nQ: What is the language of origin of AKB48?\nQ:'],ans,1
P364_general_ASIA_60,Terra for Mars,"['Japanese', 'jp', 'ja', 'Japanese language', 'Nihongo', 'jpn']",[' Terra for Mars is a language of origin of the United States.\nQ: What is the native'],ans,0
P364_general_ASIA_62,Kaiketsu Zorori,"['Japanese', 'jp', 'ja', 'Japanese language', 'Nihongo', 'jpn']",[' Japanese.\nQ: What is the language of origin of Kaiketsu Zorori?'],ans,1
P364_general_ASIA_64,In This Corner of the World,"['Japanese', 'jp', 'ja', 'Japanese language', 'Nihongo', 'jpn']",[' The language of origin of In This Corner of the World is Japanese.\nQ: What is'],ans,1
P364_general_ASIA_66,Dragon Ball Z Kai,"['Japanese', 'jp', 'ja', 'Japanese language', 'Nihongo', 'jpn']",[' Dragon Ball Z Kai is a Japanese anime series.\nQ: What is the name of'],ans,1
P364_general_ASIA_68,Girls und Panzer,"['Japanese', 'jp', 'ja', 'Japanese language', 'Nihongo', 'jpn']",[' Japanese.\nQ: What is the language of origin of Girls und Panzer?\nA:'],ans,1
P364_general_ASIA_70,Reborn!,"['Japanese', 'jp', 'ja', 'Japanese language', 'Nihongo', 'jpn']",[' Reborn! is written in Japanese.\nQ: What is the genre of Reborn!?'],ans,1
P364_general_ASIA_72,HappinessCharge PreCure!,"['Japanese', 'jp', 'ja', 'Japanese language', 'Nihongo', 'jpn']",[' Japanese.\nQ: What is the meaning of HappinessCharge PreCure!?'],ans,1
P364_general_ASIA_74,The Magnificent Kotobuki,"['Japanese', 'jp', 'ja', 'Japanese language', 'Nihongo', 'jpn']",[' The Magnificent Kotobuki is a Japanese-language original work.\nQ: What is'],ans,1
P364_general_ASIA_76,Ninja Slayer,"['Japanese', 'jp', 'ja', 'Japanese language', 'Nihongo', 'jpn']",[' Japanese.\nQ: What is the language of origin of the Ninja Slayer anime?'],ans,1
P364_general_ASIA_78,Digimon Universe: Appli Monsters,"['Japanese', 'jp', 'ja', 'Japanese language', 'Nihongo', 'jpn']",[' Japanese.\nQ: What is the language of origin of Digimon Universe: Appli Mon'],ans,1
P364_general_ASIA_80,Future GPX Cyber Formula,"['Japanese', 'jp', 'ja', 'Japanese language', 'Nihongo', 'jpn']",[' Japanese.\nQ: What is the language of origin of the English dub?\nA: English'],ans,1
P364_general_ASIA_82,Kill la Kill,"['Japanese', 'jp', 'ja', 'Japanese language', 'Nihongo', 'jpn']",[' Japanese.\nQ: What is the language of origin of K-On!?\nQ:'],ans,1
P364_general_ASIA_84,Bakugan Battle Brawlers,"['Japanese', 'jp', 'ja', 'Japanese language', 'Nihongo', 'jpn']",[' The language of origin of Bakugan Battle Brawlers is Japanese.\nQ: What is'],ans,1
P364_general_ASIA_86,SMAP×SMAP,"['Japanese', 'jp', 'ja', 'Japanese language', 'Nihongo', 'jpn']",[' The language of origin of SMAP×SMAP is Japanese.\nQ: What is the exact'],ans,1
P364_general_ASIA_88,Shounen Club,"['Japanese', 'jp', 'ja', 'Japanese language', 'Nihongo', 'jpn']",[' Japanese\nQ: What is the meaning of Shounen Club?\nA: The meaning of'],ans,1
P364_general_ASIA_90,Tokumei Sentai Go-Busters,"['Japanese', 'jp', 'ja', 'Japanese language', 'Nihongo', 'jpn']",[' Japanese.\nQ: What is the language of origin of Power Rangers Megaforce?\n'],ans,1
P364_general_ASIA_92,Duel Masters,"['Japanese', 'jp', 'ja', 'Japanese language', 'Nihongo', 'jpn']",[' Duel Masters is a Japanese game.\nQ: What is the language of origin of the D'],ans,1
P364_general_ASIA_94,How do you like Wednesday?,"['Japanese', 'jp', 'ja', 'Japanese language', 'Nihongo', 'jpn']",[' How do you like Wednesday? is an English idiom.\nQ: What is the'],ans,0
P364_general_ASIA_96,Delicious Party Pretty Cure,"['Japanese', 'jp', 'ja', 'Japanese language', 'Nihongo', 'jpn']",[' Japanese.\nQ: What is the language of origin of the English dub of Delicious Party Pre'],ans,1
P364_general_ASIA_98,Super Sentai,"['Japanese', 'jp', 'ja', 'Japanese language', 'Nihongo', 'jpn']",[' The language of origin of Super Sentai is Japanese.\nQ: What is the meaning of Super'],ans,1
P364_general_ASIA_100,Mare,"['Japanese', 'jp', 'ja', 'Japanese language', 'Nihongo', 'jpn']",[' Mare is a language of origin of the following languages:\nA: Mare is spoken in the following'],ans,0
P364_general_ASIA_102,Show By Rock!!,"['Japanese', 'jp', 'ja', 'Japanese language', 'Nihongo', 'jpn']",[' Japanese.\nQ: What is the meaning of the title Show By Rock!!?\nA:'],ans,1
P364_general_ASIA_104,Spirited Away,"['Japanese', 'jp', 'ja', 'Japanese language', 'Nihongo', 'jpn']",[' Japanese.\nQ: What is the language of origin of The Triplets of Belleville?'],ans,1
P364_general_ASIA_106,Gundam Build Fighters Try,"['Japanese', 'jp', 'ja', 'Japanese language', 'Nihongo', 'jpn']",[' The language of origin of Gundam Build Fighters Try is Japanese.\nQ: What'],ans,1
P364_general_ASIA_108,Sanadamaru,"['Japanese', 'jp', 'ja', 'Japanese language', 'Nihongo', 'jpn']",[' Sanadamaru is a language of the Dravidian language family.\nQ: How'],ans,0
P364_general_ASIA_110,Zombie Land Saga,"['Japanese', 'jp', 'ja', 'Japanese language', 'Nihongo', 'jpn']",[' Japanese.\nQ: What is the language of origin of Zombie Land Saga?\n'],ans,1
P364_general_ASIA_112,Omniscient Interfering View,"['Korean', 'Korean language', 'ko']","["" The language of origin of Omniscient Interfering View is English.\nQ: I'""]",ans,0
P364_general_ASIA_114,Parasyte,"['Japanese', 'jp', 'ja', 'Japanese language', 'Nihongo', 'jpn']",[' The language of origin of Parasyte is Japanese.\nQ: What is the meaning of Par'],ans,1
P364_general_ASIA_116,Yu-Gi-Oh! VRAINS,"['Japanese', 'jp', 'ja', 'Japanese language', 'Nihongo', 'jpn']",[' Japanese.\nQ: What is the language of origin of Yu-Gi-Oh! ARC'],ans,1
P364_general_ASIA_118,Tensou Sentai Goseiger,"['Japanese', 'jp', 'ja', 'Japanese language', 'Nihongo', 'jpn']",[' Tensou Sentai Goseiger is the 34th Super Sentai series. It'],ans,0
P364_general_ASIA_120,Natsume's Book of Friends,"['Japanese', 'jp', 'ja', 'Japanese language', 'Nihongo', 'jpn']","["" Japanese.\nQ: What is the language of origin of Natsume's Book of Fri""]",ans,1
P364_general_ASIA_122,Kuroko's Basketball,"['Japanese', 'jp', 'ja', 'Japanese language', 'Nihongo', 'jpn']","["" The language of origin of Kuroko's Basketball is Japanese.\nQ: What is the""]",ans,1
P364_general_ASIA_124,Great Teacher Onizuka,"['Japanese', 'jp', 'ja', 'Japanese language', 'Nihongo', 'jpn']",[' Japanese.\nQ: What is the language of origin of Great Teacher Onizuka?\n'],ans,1
P364_general_ASIA_126,Healin' Good Pretty Cure,"['Japanese', 'jp', 'ja', 'Japanese language', 'Nihongo', 'jpn']","["" Japanese.\nQ: What is the language of origin of Healin' Good Pretty Cure""]",ans,1
P364_general_ASIA_128,Hinomaru Zumō,"['Japanese', 'jp', 'ja', 'Japanese language', 'Nihongo', 'jpn']",[' The language of origin of Hinomaru Zumō is Japanese.\nQ: What is the exact'],ans,1
P364_general_ASIA_130,Ultraman Dyna,"['Japanese', 'jp', 'ja', 'Japanese language', 'Nihongo', 'jpn']",[' Japanese.\nQ: What is the language of origin of Ultraman Gaia?\nQ'],ans,1
P364_general_ASIA_132,Yu-Gi-Oh! Sevens,"['Japanese', 'jp', 'ja', 'Japanese language', 'Nihongo', 'jpn']",[' The language of origin of Yu-Gi-Oh! Sevens is Japanese.\nQ: What'],ans,1
P364_general_ASIA_134,Naruto: Shippūden,"['Japanese', 'jp', 'ja', 'Japanese language', 'Nihongo', 'jpn']",[' The language of origin of Naruto: Shippūden is Japanese.\nQ: What is'],ans,1
P364_general_ASIA_136,Ojamajo Doremi,"['Japanese', 'jp', 'ja', 'Japanese language', 'Nihongo', 'jpn']",[' Japanese.\nQ: What is the language of origin of Ojamajo Doremi Na'],ans,1
P364_general_ASIA_138,Asa ga kita,"['Japanese', 'jp', 'ja', 'Japanese language', 'Nihongo', 'jpn']",[' The language of origin of Asa ga kita is Japanese.\nQ: I have no idea'],ans,1
P364_general_ASIA_140,Kamen Rider Hibiki,"['Japanese', 'jp', 'ja', 'Japanese language', 'Nihongo', 'jpn']",[' The language of origin of Kamen Rider Hibiki is Japanese.\nQ: What is'],ans,1
P364_general_ASIA_142,Samurai Sentai Shinkenger,"['Japanese', 'jp', 'ja', 'Japanese language', 'Nihongo', 'jpn']",[' Japanese.\nQ: What is the language of origin of Power Rangers Samurai?\n'],ans,1
P364_general_ASIA_144,The World Unknown to Matsuko,"['Japanese', 'jp', 'ja', 'Japanese language', 'Nihongo', 'jpn']",[' The World Unknown to Matsuko is a Japanese film.\nQ: What is the'],unk,1
P364_general_ASIA_146,Futari wa Pretty Cure,"['Japanese', 'jp', 'ja', 'Japanese language', 'Nihongo', 'jpn']",[' Japanese.\nQ: What is the language of origin of Futari wa Pretty Cure?'],ans,1
P364_general_ASIA_148,Durarara!!,"['Japanese', 'jp', 'ja', 'Japanese language', 'Nihongo', 'jpn']",[' Durarara!! is written in Japanese.\nQ: What is the name of the author of'],ans,1
P364_general_ASIA_150,The Idolmaster Cinderella Girls,"['Japanese', 'jp', 'ja', 'Japanese language', 'Nihongo', 'jpn']",[' Japanese.\nQ: What is the language of origin of The Idolmaster Cinderella Girls'],ans,1
P364_general_ASIA_152,Pleasant Goat and Big Big Wolf,"['Mandarin', 'Putonghua', 'Standard Mandarin', 'zh-cn', 'Standard Chinese', '中文', 'Guoyu', 'Mandarin Chinese', 'Modern Standard Mandarin', 'Chinese', 'Huayu', 'Chinese language', 'zh', 'Kuo-yü', 'Chinese languages']",[' Mandarin Chinese.\nQ: What is the language of origin of Pleasant Goat and Big'],ans,1
P364_general_ASIA_154,Amachan,"['Japanese', 'jp', 'ja', 'Japanese language', 'Nihongo', 'jpn']",[' Amachan is a Japanese word.\nQ: What is the language of origin of Amach'],ans,1
P364_general_ASIA_156,Cardfight!! Vanguard,"['Japanese', 'jp', 'ja', 'Japanese language', 'Nihongo', 'jpn']",[' Japanese.\nQ: What is the language of origin of the English dub of Cardfight!!'],ans,1
P364_general_ASIA_158,Hinatazaka de Aimashō,"['Japanese', 'jp', 'ja', 'Japanese language', 'Nihongo', 'jpn']",[' Japanese.\nQ: What is the language of origin of Hinatazaka de Aimash'],ans,1
P364_general_ASIA_160,The Pilot's Love Song,"['Japanese', 'jp', 'ja', 'Japanese language', 'Nihongo', 'jpn']","["" The Pilot's Love Song is dubbed in English language. (more)\nQ:""]",ans,0
P364_general_ASIA_162,Your Name.,"['Japanese', 'jp', 'ja', 'Japanese language', 'Nihongo', 'jpn']",[' Your Name. is dubbed in Japanese.\nQ: Is the Your Name. movie available in'],ans,1
P364_general_ASIA_164,Choudenshi Bioman,"['Japanese', 'jp', 'ja', 'Japanese language', 'Nihongo', 'jpn']",[' Japanese.\nQ: What is the language of origin of Choudenshi Bioman?\n'],ans,1
P364_general_ASIA_166,Neon Genesis Evangelion,"['Japanese', 'jp', 'ja', 'Japanese language', 'Nihongo', 'jpn']",[' Japanese.\nQ: What is the language of origin of the English dub of Neon Genesis'],ans,1
P364_general_ASIA_168,Schoolgirl Strikers,"['Japanese', 'jp', 'ja', 'Japanese language', 'Nihongo', 'jpn']",[' Japanese.\nQ: What is the language of origin of Schoolgirl Strikers?\n'],ans,1
P364_general_ASIA_170,Kinnikuman,"['Japanese', 'jp', 'ja', 'Japanese language', 'Nihongo', 'jpn']",[' Japanese.\nQ: What is the language of origin of Ultimate Muscle?\nQ:'],ans,1
P364_general_ASIA_172,Doraemon,"['Japanese', 'jp', 'ja', 'Japanese language', 'Nihongo', 'jpn']",[' Japanese.\nQ: What is the name of the robotic cat in the Doraemon series'],ans,1
P364_general_ASIA_174,Muhyo & Roji's Bureau of Supernatural Investigation,"['Japanese', 'jp', 'ja', 'Japanese language', 'Nihongo', 'jpn']",[' Japanese.\nQ: What is the language of origin of Nana?\nQ: What is'],ans,1
P364_general_ASIA_176,Taira no Kiyomori,"['Japanese', 'jp', 'ja', 'Japanese language', 'Nihongo', 'jpn']",[' The language of origin of Taira no Kiyomori is Japanese.\nMore interesting facts about'],ans,1
P364_general_ASIA_178,Smile PreCure!,"['Japanese', 'jp', 'ja', 'Japanese language', 'Nihongo', 'jpn']",[' Japanese.\nQ: What is the name of the Smile PreCure! anime?'],ans,1
P364_general_ASIA_180,GeGeGe no Kitarō,"['Japanese', 'jp', 'ja', 'Japanese language', 'Nihongo', 'jpn']",[' Japanese\nQ: What is the language of origin of GeGeGe no Kitarō?\n'],ans,1
P364_general_ASIA_182,Kirakira PreCure a la Mode,"['Japanese', 'jp', 'ja', 'Japanese language', 'Nihongo', 'jpn']",[' Japanese.\nQ: What is the language of origin of Kirakira PreCure a'],ans,1
P364_general_ASIA_184,Hidden Singer,"['Korean', 'Korean language', 'ko']",[' The language of origin of Hidden Singer is Korean.\nQ: What is the release date'],ans,1
P364_general_ASIA_186,The Penthouse: War in Life,"['Korean', 'Korean language', 'ko']",[' The Penthouse: War in Life is written in English.\nQ: What is the genre of'],ans,0
P364_general_ASIA_188,Bomberman B-Daman Bakugaiden,"['Japanese', 'jp', 'ja', 'Japanese language', 'Nihongo', 'jpn']",[' Japanese.\nQ: What is the language of origin of Bomberman B-Daman Bak'],ans,1
P364_general_ASIA_190,Waratte Iitomo!,"['Japanese', 'jp', 'ja', 'Japanese language', 'Nihongo', 'jpn']",[' Japanese\nWaratte Iitomo! is a Japanese TV show.\nQ: What is'],ans,1
P364_general_ASIA_192,Scott Pilgrim vs. the World,"['en', 'English', 'eng', 'English language']",[' English.\nQ: What is the language of origin of The Social Network?\nQ: What'],ans,1
P364_general_ASIA_194,Wangan Midnight,"['Japanese', 'jp', 'ja', 'Japanese language', 'Nihongo', 'jpn']",[' Japanese.\nQ: What is the language of origin of Wangan Midnight?\nA:'],ans,1
P364_general_ASIA_196,Massan,"['Japanese', 'jp', 'ja', 'Japanese language', 'Nihongo', 'jpn']",[' Massan is a language of the Niger-Congo language family. Niger-Congo languages are'],ans,0
P364_general_ASIA_198,One Piece Film: Gold,"['Japanese', 'jp', 'ja', 'Japanese language', 'Nihongo', 'jpn']",[' One Piece Film: Gold is dubbed in English language. One Piece Film: Gold is'],ans,0
P364_general_ASIA_200,Tamagotchi!,"['Japanese', 'jp', 'ja', 'Japanese language', 'Nihongo', 'jpn']",[' Tamagotchi! was first released in Japan. We may have different official names for Tamag'],ans,0
P364_general_ASIA_202,Onna jōshu Naotora,"['Japanese', 'jp', 'ja', 'Japanese language', 'Nihongo', 'jpn']",[' Japanese.\nQ: What is the meaning of Onna jōshu Naotora in'],ans,1
P364_general_ASIA_204,Idol Producer,"['Mandarin', 'Putonghua', 'Standard Mandarin', 'Standard Chinese', '中文', 'Guoyu', 'Mandarin Chinese', 'Modern Standard Mandarin', 'Chinese', 'Huayu', 'Chinese language', 'zh', 'Kuo-yü', 'Chinese languages']","[' Chinese.\nQ: What is the genre of Idol Producer?\nA: Music,']",ans,1
P364_general_ASIA_206,Space Battleship Yamato 2202: Warriors of Love,"['Japanese', 'jp', 'ja', 'Japanese language', 'Nihongo', 'jpn']",[' Japanese\nQ: What is the year of release of Space Battleship Yamato 22'],ans,1
P364_general_ASIA_208,K,"['Japanese', 'jp', 'ja', 'Japanese language', 'Nihongo', 'jpn']",[' K is a language of origin of K.\nQ: How many people speak K?\nA'],ans,0
P364_general_ASIA_210,Suite PreCure,"['Japanese', 'jp', 'ja', 'Japanese language', 'Nihongo', 'jpn']",[' Japanese.\nQ: What is the genre of Suite PreCure?\nA: Action'],ans,1
P364_general_ASIA_212,Phoenix,"['Japanese', 'jp', 'ja', 'Japanese language', 'Nihongo', 'jpn']",[' The language of origin of Phoenix is English.\nQ: What is the gender of the name Phoenix'],ans,0
P364_general_ASIA_214,3×3 Eyes,"['Japanese', 'jp', 'ja', 'Japanese language', 'Nihongo', 'jpn']",[' Japanese.\nQ: What is the language of origin of 3×3 Eyes?\n'],ans,1
P364_general_ASIA_216,The Hero is Overpowered but Overly Cautious,"['Japanese', 'jp', 'ja', 'Japanese language', 'Nihongo', 'jpn']",[' Japanese.\nQ: What is the genre of The Hero is Overpowered but Overly C'],ans,1
P364_general_ASIA_218,Run for money: Tosochu,"['Japanese', 'jp', 'ja', 'Japanese language', 'Nihongo', 'jpn']",[' Run for money: Tosochu is a Japanese game.\nQ: What is the language'],ans,1
P364_general_ASIA_220,Kamen Rider Stronger,"['Japanese', 'jp', 'ja', 'Japanese language', 'Nihongo', 'jpn']",[' The language of origin of Kamen Rider Stronger is Japanese.\nQ: What is'],ans,1
P364_general_ASIA_222,Kindaichi Case Files,"['Japanese', 'jp', 'ja', 'Japanese language', 'Nihongo', 'jpn']",[' Japanese.\nQ: What is the language of origin of Kindaichi Case Files?\nA'],ans,1
P364_general_ASIA_224,Stitch!,"['Japanese', 'jp', 'ja', 'Japanese language', 'Nihongo', 'jpn']",[' Stitch! is a Japanese manga series.\nQ: What is the genre of Stitch'],ans,1
P364_general_ASIA_226,Kamen Rider Decade,"['Japanese', 'jp', 'ja', 'Japanese language', 'Nihongo', 'jpn']",[' Japanese.\nQ: What is the language of origin of Kamen Rider Decade?\n'],ans,1
P364_general_ASIA_228,Angel Beats!,"['Japanese', 'jp', 'ja', 'Japanese language', 'Nihongo', 'jpn']",[' Japanese.\nQ: What is the genre of Angel Beats!?\nA: Comedy'],ans,1
P364_general_ASIA_230,Corpse Princess,"['Japanese', 'jp', 'ja', 'Japanese language', 'Nihongo', 'jpn']","[' Japanese.\nQ: What is the genre of Corpse Princess?\nA: Action, Advent']",ans,1
P364_general_ASIA_232,Mobile Suit Gundam Narrative,"['Japanese', 'jp', 'ja', 'Japanese language', 'Nihongo', 'jpn']",[' The language of origin of Mobile Suit Gundam Narrative is Japanese.\nQ:'],ans,1
P364_general_ASIA_234,That'S a DRAMATIC CHANGE!,"['Japanese', 'jp', 'ja', 'Japanese language', 'Nihongo', 'jpn']","["" That's a DRAMATIC CHANGE! is of English origin.\nQ: How""]",ans,0
P364_general_ASIA_236,Godzilla: King of the Monsters,"['en', 'English', 'eng', 'English language']",[' English.\nQ: What is the duration of Godzilla: King of the Monsters?'],ans,1
P364_general_ASIA_238,Chikyu Sentai Fiveman,"['Japanese', 'jp', 'ja', 'Japanese language', 'Nihongo', 'jpn']",[' Japanese.\nQ: What is the language of origin of Choujin Sentai Jetman?'],ans,1
P364_general_ASIA_240,Snowpiercer,"['eng', 'ko', 'en', 'English', 'Korean language', 'Korean', 'English language']","[' The original language of Snowpiercer is English, but it was dubbed in French.\n']",ans,1
P364_general_ASIA_242,Battle Trip,"['Korean', 'Korean language', 'ko']",[' Battle Trip is a Korean variety show.\nQ: What is the language of origin of B'],ans,1
P364_general_ASIA_244,Demon Slayer: Kimetsu no Yaiba,"['Japanese', 'jp', 'ja', 'Japanese language', 'Nihongo', 'jpn']",[' Japanese.\nQ: What is the genre of Demon Slayer: Kimetsu no Ya'],ans,1
P364_general_ASIA_246,Yo-kai Watch,"['Japanese', 'jp', 'ja', 'Japanese language', 'Nihongo', 'jpn']",[' The language of origin of Yo-kai Watch is Japanese.\nQ: What is the'],ans,1
P364_general_ASIA_248,What Am I for Momotaro,"['Japanese', 'jp', 'ja', 'Japanese language', 'Nihongo', 'jpn']",[' The language of origin of What Am I for Momotaro is Japanese.\nQ: What'],ans,1
P364_general_ASIA_250,Demon Slayer: Kimetsu no Yaiba the Movie: Mugen Train,"['Japanese', 'jp', 'ja', 'Japanese language', 'Nihongo', 'jpn']",[' The language of origin of Demon Slayer: Kimetsu no Yaiba the Movie: M'],ans,0
P364_general_ASIA_252,Mecha-Mecha Iketeru!,"['Japanese', 'jp', 'ja', 'Japanese language', 'Nihongo', 'jpn']",[' Japanese.\nQ: What is the language of origin of Mecha-Mecha Ik'],ans,1
P364_general_ASIA_254,The Laughing Salesman,"['Japanese', 'jp', 'ja', 'Japanese language', 'Nihongo', 'jpn']",[' The Laughing Salesman is a Japanese manga series.\nQ: What is the language'],ans,1
P364_general_ASIA_256,Eden of the East,"['Japanese', 'jp', 'ja', 'Japanese language', 'Nihongo', 'jpn']",[' Japanese.\nQ: What is the language of origin of Eden of the East?\nA'],ans,1
P364_general_ASIA_258,Bakusō Kyōdai Let's & Go!!,"['Japanese', 'jp', 'ja', 'Japanese language', 'Nihongo', 'jpn']","["" Japanese.\nQ: What is the meaning of Bakusō Kyōdai Let's""]",ans,1
P364_general_ASIA_260,Beyblade,"['Japanese', 'jp', 'ja', 'Japanese language', 'Nihongo', 'jpn']",[' Japanese.\nQ: What is the language of origin of Bakugan?\nQ: What'],ans,1
P364_general_ASIA_262,Galileo,"['Japanese', 'jp', 'ja', 'Japanese language', 'Nihongo', 'jpn']",[' Galileo is a language of origin developed by the Galileo team. It is a language'],ans,0
P364_general_ASIA_264,The Legend of Zhen Huan,"['中文', 'Chinese language', 'Chinese', 'zh', 'Chinese languages']",[' The Legend of Zhen Huan is based on a novel written by Liu Lianzi'],ans,0
P364_general_ASIA_266,Shin Godzilla,"['Japanese', 'jp', 'ja', 'Japanese language', 'Nihongo', 'jpn']",[' Japanese.\nQ: What is the duration of Shin Godzilla?\nA: The duration'],ans,1
P364_general_ASIA_268,Kamen Rider W,"['Japanese', 'jp', 'ja', 'Japanese language', 'Nihongo', 'jpn']",[' Japanese.\nQ: What is the language of origin of Kamen Rider W?\nA'],ans,1
P364_general_ASIA_270,Yu-Gi-Oh! 5D's,"['Japanese', 'jp', 'ja', 'Japanese language', 'Nihongo', 'jpn']",[' Japanese.\nQ: What is the language of origin of Yu-Gi-Oh! Zex'],ans,1
P364_general_ASIA_272,Inai Inai Baa!,"['Japanese', 'jp', 'ja', 'Japanese language', 'Nihongo', 'jpn']",[' Inai Inai Baa! is a Japanese song.\nQ: What is the meaning of'],ans,1
P364_general_ASIA_274,SSSS.Gridman,"['Japanese', 'jp', 'ja', 'Japanese language', 'Nihongo', 'jpn']",[' Japanese.\nQ: What is the language of origin of SSSS.Gridman?\n'],ans,1
P364_general_ASIA_276,NogiBingo!,"['Japanese', 'jp', 'ja', 'Japanese language', 'Nihongo', 'jpn']",[' NogiBingo! is a Japanese game.\nQ: What is the language of origin'],ans,1
P364_general_ASIA_278,Sgt. Frog,"['Japanese', 'jp', 'ja', 'Japanese language', 'Nihongo', 'jpn']",[' Japanese.\nQ: What is the language of origin of the anime series Sgt. F'],ans,1
P364_general_ASIA_280,Shirobako,"['Japanese', 'jp', 'ja', 'Japanese language', 'Nihongo', 'jpn']",[' Japanese.\nQ: What is the language of origin of Shirobako?\nA:'],ans,1
P364_general_ASIA_282,Kamen Rider Black,"['Japanese', 'jp', 'ja', 'Japanese language', 'Nihongo', 'jpn']",[' Japanese.\nQ: What is the language of origin of Kamen Rider Black RX?'],ans,1
P364_general_ASIA_284,Classicaloid,"['Japanese', 'jp', 'ja', 'Japanese language', 'Nihongo', 'jpn']",[' The language of origin of Classicaloid is Japanese.\nQ: What is the type of license'],ans,1
P364_general_ASIA_286,Brave Command Dagwon,"['Japanese', 'jp', 'ja', 'Japanese language', 'Nihongo', 'jpn']",[' The language of origin of Brave Command Dagwon is Korean.\nQ: What is the'],ans,0
P364_general_ASIA_288,News Zero,"['Japanese', 'jp', 'ja', 'Japanese language', 'Nihongo', 'jpn']",[' The language of origin of News Zero is English.\nQ: I want to improve my English and'],ans,0
P364_general_ASIA_290,High School Fleet,"['Japanese', 'jp', 'ja', 'Japanese language', 'Nihongo', 'jpn']","[' Japanese.\nQ: What is the genre of High School Fleet?\nA: Action,']",ans,1
P364_general_ASIA_292,Idolmaster: Xenoglossia,"['Japanese', 'jp', 'ja', 'Japanese language', 'Nihongo', 'jpn']",[' Japanese.\nQ: What is the language of origin of Idolmaster: Xenogloss'],ans,1
P364_general_ASIA_294,Star Driver,"['Japanese', 'jp', 'ja', 'Japanese language', 'Nihongo', 'jpn']",[' Japanese.\nQ: What is the language of origin of the subtitles?\nA:'],ans,1
P364_general_ASIA_296,Rin-ne,"['Japanese', 'jp', 'ja', 'Japanese language', 'Nihongo', 'jpn']",[' Japanese.\nQ: What is the genre of Rin-ne?\nA: Comedy'],ans,1
P364_general_ASIA_298,Kabuto Borg,"['Japanese', 'jp', 'ja', 'Japanese language', 'Nihongo', 'jpn']",[' Kabuto Borg is a Japanese word.\nQ: What is the meaning of Kabuto Borg in'],ans,1
P364_general_ASIA_300,Märchen Mädchen,"['Japanese', 'jp', 'ja', 'Japanese language', 'Nihongo', 'jpn']","[' German.\nQ: What is the language of origin of the word ""manga""?\nA']",ans,0
P364_general_ASIA_302,Rozen Maiden,"['Japanese', 'jp', 'ja', 'Japanese language', 'Nihongo', 'jpn']",[' Japanese.\nQ: What is the language of origin of Rozen Maiden?\nA:'],ans,1
P364_general_ASIA_304,Yuuna and the Haunted Hot Springs,"['Japanese', 'jp', 'ja', 'Japanese language', 'Nihongo', 'jpn']",[' Japanese.\nQ: What is the genre of Yuuna and the Haunted Hot Springs?'],ans,1
P364_general_ASIA_306,The Empress of China,"['Mandarin', 'Putonghua', 'Standard Mandarin', 'Standard Chinese', '中文', 'Guoyu', 'Mandarin Chinese', 'Modern Standard Mandarin', 'Chinese', 'Huayu', 'Chinese language', 'zh', 'Kuo-yü', 'Chinese languages']",[' The Empress of China is a Chinese language opera.\nQ: What is the language of origin'],ans,1
P364_general_ASIA_308,Yuki Yuna is a Hero,"['Japanese', 'jp', 'ja', 'Japanese language', 'Nihongo', 'jpn']",[' Japanese.\nQ: What is the language of origin of Yuki Yuna is a Hero?'],ans,1
P364_general_ASIA_310,Shota no Sushi,"['Japanese', 'jp', 'ja', 'Japanese language', 'Nihongo', 'jpn']",[' The language of origin of Shota no Sushi is Japanese.\nQ: I have no'],ans,1
P364_general_ASIA_312,Aikatsu Friends!,"['Japanese', 'jp', 'ja', 'Japanese language', 'Nihongo', 'jpn']",[' Japanese.\nQ: What is the language of origin of Aikatsu Friends!?'],ans,1
P364_general_ASIA_314,Ultraman Ginga S,"['Japanese', 'jp', 'ja', 'Japanese language', 'Nihongo', 'jpn']",[' Japanese.\nQ: What is the language of origin of Ultraman Ginga S?'],ans,1
P364_general_ASIA_316,The Idolmaster,"['Japanese', 'jp', 'ja', 'Japanese language', 'Nihongo', 'jpn']",[' The Idolmaster is a Japanese game.\nQ: What is the language of origin of The'],ans,1
P364_general_ASIA_318,Beppinsan,"['Japanese', 'jp', 'ja', 'Japanese language', 'Nihongo', 'jpn']",[' Beppinsan is a Japanese word.\nQ: What is the language of origin of Be'],ans,1
P364_general_ASIA_320,Keijo!!!!!!!!,"['Japanese', 'jp', 'ja', 'Japanese language', 'Nihongo', 'jpn']",[' Japanese.\nQ: What is the meaning of Keijo!!!!!!!!?\nA:'],ans,1
P364_general_ASIA_322,Time Bokan 24,"['Japanese', 'jp', 'ja', 'Japanese language', 'Nihongo', 'jpn']",[' The language of origin of Time Bokan 24 is Japanese.\nQ: What is'],ans,1
P364_general_ASIA_324,Macross Delta,"['Japanese', 'jp', 'ja', 'Japanese language', 'Nihongo', 'jpn']",[' The language of origin of Macross Delta is Japanese.\nQ: What is the language of'],ans,1
P364_general_ASIA_326,Library War,"['Japanese', 'jp', 'ja', 'Japanese language', 'Nihongo', 'jpn']",[' Library War is written in Japanese.\nQ: What is the genre of Library War?\nA'],ans,1
P364_general_ASIA_328,Magical Taluluto,"['Japanese', 'jp', 'ja', 'Japanese language', 'Nihongo', 'jpn']",[' Magical Taluluto is a language of the Philippines.\nQ: How many people speak Mag'],ans,0
P364_general_ASIA_330,Hodo Station,"['Japanese', 'jp', 'ja', 'Japanese language', 'Nihongo', 'jpn']",[' Hodo Station is a Korean word.\nQ: What is the language of origin of Hodo'],ans,0
P364_general_ASIA_332,J.A.K.Q. Dengekitai,"['Japanese', 'jp', 'ja', 'Japanese language', 'Nihongo', 'jpn']",[' Japanese.\nQ: What is the language of origin of J.A.K.Q.'],ans,1
P364_general_ASIA_334,Monster Rancher,"['Japanese', 'jp', 'ja', 'Japanese language', 'Nihongo', 'jpn']",[' Monster Rancher is a Japanese game.\nQ: What is the language of origin of Mon'],ans,1
P364_general_ASIA_336,Sailor Moon,"['Japanese', 'jp', 'ja', 'Japanese language', 'Nihongo', 'jpn']",[' Japanese.\nQ: What is the language of origin of Sailor Moon S?\nQ'],ans,1
P364_general_ASIA_338,Gunshi Kanbei,"['Japanese', 'jp', 'ja', 'Japanese language', 'Nihongo', 'jpn']",[' Gunshi Kanbei is written using the Hiragana script. The language of origin of Gun'],ans,0
P364_general_ASIA_340,PriPara,"['Japanese', 'jp', 'ja', 'Japanese language', 'Nihongo', 'jpn']",[' Japanese.\nQ: What is the language of origin of Pretty Rhythm?\nQ:'],ans,1
P364_general_ASIA_342,The Genie Family,"['Japanese', 'jp', 'ja', 'Japanese language', 'Nihongo', 'jpn']",[' The Genie Family is a Japanese manga series.\nQ: What is the language of origin'],ans,1
P364_general_ASIA_344,Hikari Sentai Maskman,"['Japanese', 'jp', 'ja', 'Japanese language', 'Nihongo', 'jpn']",[' Japanese.\nQ: What is the language of origin of Choudenshi Bioman?\n'],ans,1
P364_general_ASIA_346,PythagoraSwitch,"['Japanese', 'jp', 'ja', 'Japanese language', 'Nihongo', 'jpn']",[' PythagoraSwitch is written in C++.\nQ: What is the language of origin'],ans,0
P364_general_ASIA_348,Kamen Rider Den-O,"['Japanese', 'jp', 'ja', 'Japanese language', 'Nihongo', 'jpn']",[' Japanese.\nQ: What is the language of origin of Kamen Rider Den-O?'],ans,1
P364_general_ASIA_350,Tora! Tora! Tora!,"['eng', 'Japanese', 'jp', 'Japanese language', 'en', 'English', 'ja', 'jpn', 'Nihongo', 'English language']",[' Japanese\nQ: What is the language of origin of Tora! Tora! Tora!'],ans,1
P364_general_ASIA_352,Baki the Grappler,"['Japanese', 'jp', 'ja', 'Japanese language', 'Nihongo', 'jpn']",[' The language of origin of Baki the Grappler is Japanese.\nQ: What is the'],ans,1
P364_general_ASIA_354,Fantastic Duo,"['Korean', 'Korean language', 'ko']",[' The language of origin of Fantastic Duo is English.\nQ: I have invented a'],ans,0
P364_general_ASIA_356,Macross Frontier,"['Japanese', 'jp', 'ja', 'Japanese language', 'Nihongo', 'jpn']",[' Japanese.\nQ: What is the language of origin of Macross Frontier?\nA:'],ans,1
P364_general_ASIA_358,Zettai Muteki Raijin-Oh,"['Japanese', 'jp', 'ja', 'Japanese language', 'Nihongo', 'jpn']",[' Japanese.\nQ: What is the language of origin of Zettai Muteki Raij'],ans,1
P364_general_ASIA_360,Aura Battler Dunbine,"['Japanese', 'jp', 'ja', 'Japanese language', 'Nihongo', 'jpn']",[' Japanese.\nQ: What is the language of origin of Aura Battler Dunbine?\n'],ans,1
P364_general_ASIA_362,Futari wa Pretty Cure Splash Star,"['Japanese', 'jp', 'ja', 'Japanese language', 'Nihongo', 'jpn']",[' Japanese.\nQ: What is the meaning of Futari wa Pretty Cure Splash'],ans,1
P364_general_ASIA_364,Black Jack,"['Japanese', 'jp', 'ja', 'Japanese language', 'Nihongo', 'jpn']",[' Black Jack is a French game.\nQ: What is the language of origin of Blackjack Switch'],ans,0
P364_general_ASIA_366,Tsukipro the Animation,"['Japanese', 'jp', 'ja', 'Japanese language', 'Nihongo', 'jpn']",[' Japanese.\nQ: What is the genre of Tsukipro the Animation?\n'],ans,1
P364_general_ASIA_368,Taiyo Sentai Sun Vulcan,"['Japanese', 'jp', 'ja', 'Japanese language', 'Nihongo', 'jpn']",[' Japanese.\nQ: What is the language of origin of Choudenshi Bioman?\n'],ans,1
P364_general_ASIA_370,The Love of Siam,"['Central Thai', 'Siamese language', 'th', 'Siamese', 'Thai language', 'tha', 'Thai']",[' Thai.\nQ: What is the language of origin of The Love of Siam?\n'],ans,1
P364_general_ASIA_372,Dragon Quest: Legend of the Hero Abel,"['Japanese', 'jp', 'ja', 'Japanese language', 'Nihongo', 'jpn']",[' Dragon Quest: Legend of the Hero Abel is Japanese dubbed.\nQ: What'],ans,1
P364_general_ASIA_374,Loups=Garous,"['Japanese', 'jp', 'ja', 'Japanese language', 'Nihongo', 'jpn']",[' The language of origin of Loups=Garous is Japanese.\nQ: What is the'],ans,1
P364_general_ASIA_376,Warotenka,"['Japanese', 'jp', 'ja', 'Japanese language', 'Nihongo', 'jpn']",[' Warotenka is a Japanese word.\nQ: What is the language of origin of Wash'],ans,1
P364_general_ASIA_378,The Legend of Haolan,"['Mandarin', 'Putonghua', 'Standard Mandarin', 'Standard Chinese', '中文', 'Guoyu', 'Mandarin Chinese', 'Modern Standard Mandarin', 'Chinese', 'Huayu', 'Chinese language', 'zh', 'Kuo-yü', 'Chinese languages']",[' The Legend of Haolan is written in Chinese.\nQ: What is the genre of The'],ans,1
P364_general_ASIA_380,Downtown no Gaki Tsukai ya Arahende!!,"['Japanese', 'jp', 'ja', 'Japanese language', 'Nihongo', 'jpn']",[' Japanese\nQ: What is the language of origin of Downtown no Gaki Tsuka'],ans,1
P364_general_ASIA_382,Dragon Zakura,"['Japanese', 'jp', 'ja', 'Japanese language', 'Nihongo', 'jpn']",[' Japanese.\nQ: What is the language of origin of Gokusen?\nQ:'],ans,1
P364_general_ASIA_384,Invincible Super Man Zambot 3,"['Japanese', 'jp', 'ja', 'Japanese language', 'Nihongo', 'jpn']",[' The language of origin of Invincible Super Man Zambot 3 is Japanese.\nQ'],ans,1
P364_general_ASIA_386,Great Mazinger,"['Japanese', 'jp', 'ja', 'Japanese language', 'Nihongo', 'jpn']",[' Japanese.\nQ: What is the language of origin of Grendizer?\nQ: What'],ans,1
P364_general_ASIA_388,Yashahime: Princess Half-Demon,"['Japanese', 'jp', 'ja', 'Japanese language', 'Nihongo', 'jpn']",[' Japanese.\nQ: What is the genre of Yashahime: Princess Half-Demon'],ans,1
P364_general_ASIA_390,Record of Lodoss War,"['Japanese', 'jp', 'ja', 'Japanese language', 'Nihongo', 'jpn']",[' Japanese.\nQ: What is the language of origin of the Record of Lodoss War m'],ans,1
P364_general_ASIA_392,Saiyuki,"['Japanese', 'jp', 'ja', 'Japanese language', 'Nihongo', 'jpn']",[' Saiyuki is a Japanese manga series.\nQ: What is the language of origin'],ans,1
P364_general_ASIA_394,Tamayura,"['Japanese', 'jp', 'ja', 'Japanese language', 'Nihongo', 'jpn']",[' Tamayura is a Japanese word.\nQ: What is the meaning of Tamayura?'],ans,1
P364_general_ASIA_396,The Castle of Cagliostro,"['Japanese', 'jp', 'ja', 'Japanese language', 'Nihongo', 'jpn']",[' The Castle of Cagliostro is a Japanese film.\nQ: What is the language of'],ans,1
P364_general_ASIA_398,Vivy: Fluorite Eye’s Song,"['Japanese', 'jp', 'ja', 'Japanese language', 'Nihongo', 'jpn']",[' The language of origin of Vivy: Fluorite Eye’s Song is Japanese.'],ans,1
P364_general_ASIA_400,The Disappearance of Haruhi Suzumiya,"['Japanese', 'jp', 'ja', 'Japanese language', 'Nihongo', 'jpn']",[' Japanese.\nQ: What is the language of origin of The Disappearance of Haruhi'],ans,1
P364_general_ASIA_402,Non-Summit,"['Korean', 'Korean language', 'ko']",[' The language of origin of Non-Summit is Korean.\nQ: What is the language of'],ans,1
P364_general_ASIA_404,Hospital Playlist,"['Korean', 'Korean language', 'ko']","["" The language of origin of Hospital Playlist is Korean.\nQ: What is Hospital Playlist'""]",ans,1
P364_general_ASIA_406,Beyblade: Shogun Steel,"['Japanese', 'jp', 'ja', 'Japanese language', 'Nihongo', 'jpn']",[' Beyblade: Shogun Steel is an English show.\nQ: What is the'],ans,0
P364_general_ASIA_408,Brave Police J-Decker,"['Japanese', 'jp', 'ja', 'Japanese language', 'Nihongo', 'jpn']",[' The language of origin of Brave Police J-Decker is Japanese.\nQ: What is'],ans,1
P364_general_ASIA_410,Darker than Black,"['Japanese', 'jp', 'ja', 'Japanese language', 'Nihongo', 'jpn']",[' The language of origin of Darker than Black is Japanese.\nQ: What is the meaning of'],ans,1
P364_general_ASIA_412,Mobile Suit Gundam,"['Japanese', 'jp', 'ja', 'Japanese language', 'Nihongo', 'jpn']",[' Japanese.\nQ: What is the language of origin of Mobile Suit Gundam: The'],ans,1
P364_general_ASIA_414,Hometown Cha-Cha-Cha,"['Korean', 'Korean language', 'ko']",[' Hometown Cha-Cha-Cha is a Korean drama.\nQ: Who is'],ans,1
P364_general_ASIA_416,Sonic the Hedgehog,"['en', 'English', 'eng', 'English language']",[' Japanese.\nQ: What is the language of origin of Super Mario?\nQ: What is'],ans,0
P364_general_ASIA_418,Minna no Uta,"['Japanese', 'jp', 'ja', 'Japanese language', 'Nihongo', 'jpn']",[' Minna no Uta is a Japanese song.\nQ: What is the language of origin of'],ans,1
P364_general_ASIA_420,Di Gi Charat,"['Japanese', 'jp', 'ja', 'Japanese language', 'Nihongo', 'jpn']",[' Japanese.\nQ: What is the language of origin of the Di Gi Charat anime?'],ans,1
P364_general_ASIA_422,Beast Wars Neo,"['Japanese', 'jp', 'ja', 'Japanese language', 'Nihongo', 'jpn']",[' Japanese.\nQ: What is the language of origin of Beast Wars II?\nQ:'],ans,1
P364_general_ASIA_424,Dragon Ball Super: Broly,"['Japanese', 'jp', 'ja', 'Japanese language', 'Nihongo', 'jpn']",[' Dragon Ball Super: Broly is dubbed in English language. One can opt for English subtit'],ans,0
P364_general_ASIA_426,Seven Samurai,"['Japanese', 'jp', 'ja', 'Japanese language', 'Nihongo', 'jpn']",[' Japanese\nQ: What is the language of origin of The Magnificent Seven?\nQ:'],ans,1
P364_general_ASIA_428,Barrack O'Karma 1968,"['Yüeh', 'Standard Cantonese', 'Cantonese language', 'yue', 'zh-yue', '中文', 'yueh', 'Yue', 'Yue-Yu', 'Chinese language', 'Cantonese', 'Chinese', 'zh', 'Yue-Yuu', 'Cantonese dialect', 'Yue Chinese', 'Chinese languages']","["" Barrack O'Karma 1968 is written in English.\nQ: What""]",ans,0
P364_general_ASIA_430,The Brave Express Might Gaine,"['Japanese', 'jp', 'ja', 'Japanese language', 'Nihongo', 'jpn']",[' The Brave Express Might Gaine is a Japanese Anime Series.\nQ: What is'],ans,1
P364_general_ASIA_432,Jormungand,"['Japanese', 'jp', 'ja', 'Japanese language', 'Nihongo', 'jpn']",[' Jormungand is a Scandinavian word.\nQ: What is the meaning'],ans,0
P364_general_ASIA_434,Grave of the Fireflies,"['Japanese', 'jp', 'ja', 'Japanese language', 'Nihongo', 'jpn']",[' The original language of Grave of the Fireflies is Japanese.\nQ: What is the'],ans,1
P364_general_ASIA_436,Den-noh Coil,"['Japanese', 'jp', 'ja', 'Japanese language', 'Nihongo', 'jpn']",[' Japanese.\nQ: What is the language of origin of the anime?\nA: Japanese'],ans,1
P364_general_ASIA_438,Bodacious Space Pirates,"['Japanese', 'jp', 'ja', 'Japanese language', 'Nihongo', 'jpn']",[' Japanese.\nQ: What is the language of origin of Bodacious Space Pirates?\n'],ans,1
P364_general_ASIA_440,It's Your Turn,"['Japanese', 'jp', 'ja', 'Japanese language', 'Nihongo', 'jpn']","["" It's Your Turn is a word of English origin.\nQ: What is the language of""]",ans,0
P364_general_ASIA_442,Suiensaa,"['Japanese', 'jp', 'ja', 'Japanese language', 'Nihongo', 'jpn']",[' Suiensaa is a language of origin of the Suiensaa people.\nQ:'],ans,0
P364_general_ASIA_444,Departures,"['Japanese', 'jp', 'ja', 'Japanese language', 'Nihongo', 'jpn']",[' The language of origin of Departures is English .\nQ: I have a problem. Who can'],ans,0
P364_general_ASIA_446,The Victims' Game,"['中文', 'Chinese language', 'Chinese', 'zh', 'Chinese languages']","["" The Victims' Game is a translation of the original French novel, Le Jeu des Victimes""]",ans,0
P364_general_ASIA_448,Gokujō!! Mecha Mote Iinchō,"['Japanese', 'jp', 'ja', 'Japanese language', 'Nihongo', 'jpn']",[' Japanese.\nQ: What is the meaning of Gokujō!! Mecha Mote I'],ans,1
P364_general_ASIA_450,My Little Old Boy,"['Korean', 'Korean language', 'ko']",[' The language of origin of My Little Old Boy is English.\nQ: What is the meaning of'],ans,0
P364_general_ASIA_452,Ironfist Chinmi,"['Japanese', 'jp', 'ja', 'Japanese language', 'Nihongo', 'jpn']",[' The language of origin of Ironfist Chinmi is Japanese.\nQ: What is the'],ans,1
P364_general_ASIA_454,Produce 101 China,"['Hans', 'simplified Chinese characters']",[' Produce 101 China is a Chinese language program.\nQ: What is the language'],ans,0
P364_general_ASIA_456,Genshiken,"['Japanese', 'jp', 'ja', 'Japanese language', 'Nihongo', 'jpn']",[' Japanese.\nQ: What is the language of origin of Genshiken?\nA:'],ans,1
P364_general_ASIA_458,Genki Bakuhatsu Ganbaruger,"['Japanese', 'jp', 'ja', 'Japanese language', 'Nihongo', 'jpn']",[' Japanese.\nQ: What is the language of origin of Genki Bakuhatsu Ganbar'],ans,1
P364_general_ASIA_460,Super Radical Gag Family,"['Japanese', 'jp', 'ja', 'Japanese language', 'Nihongo', 'jpn']",[' Super Radical Gag Family is written in English.\nQ: Do you sell Super Radical'],ans,0
P364_general_ASIA_462,Yamada-kun and the Seven Witches,"['Japanese', 'jp', 'ja', 'Japanese language', 'Nihongo', 'jpn']",[' Japanese.\nQ: What is the language of origin of Yamada-kun and the Seven'],ans,1
P364_general_ASIA_464,Machine Robo Rescue,"['Japanese', 'jp', 'ja', 'Japanese language', 'Nihongo', 'jpn']",[' Japanese.\nQ: What is the language of origin of Machine Robo Rescue Fireman?'],ans,1
P364_general_ASIA_466,Esper Mami,"['Japanese', 'jp', 'ja', 'Japanese language', 'Nihongo', 'jpn']",[' Esper Mami is a Japanese manga series.\nQ: What is the language of origin'],ans,1
P364_general_ASIA_468,Super Dimension Fortress Macross,"['Japanese', 'jp', 'ja', 'Japanese language', 'Nihongo', 'jpn']",[' Japanese.\nQ: What is the language of origin of Robotech?\nA: English'],ans,1
P364_general_ASIA_470,Toto Neechan,"['Japanese', 'jp', 'ja', 'Japanese language', 'Nihongo', 'jpn']",[' Toto Neechan is a Japanese word.\nQ: What is the meaning of Toto'],ans,1
P364_general_ASIA_472,Juken Sentai Gekiranger,"['Japanese', 'jp', 'ja', 'Japanese language', 'Nihongo', 'jpn']",[' The language of origin of Juken Sentai Gekiranger is Japanese.\nQ: What'],ans,1
P364_general_ASIA_474,Ametalk,"['Japanese', 'jp', 'ja', 'Japanese language', 'Nihongo', 'jpn']",[' Ametalk is a language of origin other.\nQ: How many people speak Ametalk'],ans,0
P364_general_ASIA_476,The Return of Godzilla,"['ru', 'Russkiy', 'eng', 'Japanese', 'jp', 'Japanese language', 'en', 'English', 'ja', 'jpn', 'Russkiy yazyk', 'Russian', 'Russian language', 'Nihongo', 'English language']",[' Japanese.\nQ: What is the language of origin of Godzilla vs. Biollante'],ans,1
P364_general_ASIA_478,Scarlet,"['Japanese', 'jp', 'ja', 'Japanese language', 'Nihongo', 'jpn']",[' Scarlet is a Latin word.\nQ: What is the language of origin of Scar'],ans,0
P364_general_ASIA_480,Drifters,"['Japanese', 'jp', 'ja', 'Japanese language', 'Nihongo', 'jpn']",[' Drifters is a Japanese manga series written and illustrated by Kouta Hirano.\n'],ans,1
P364_general_ASIA_482,Transformers: Armada,"['Japanese', 'jp', 'ja', 'Japanese language', 'Nihongo', 'jpn']",[' Transformers: Armada is an English-language production.\nQ: What is the language'],ans,0
P364_general_ASIA_484,Super B-Daman,"['Japanese', 'jp', 'ja', 'Japanese language', 'Nihongo', 'jpn']",[' Super B-Daman is a Japanese toy line.\nQ: What is the language of'],ans,1
P364_general_ASIA_486,Godzilla vs. King Ghidorah,"['Japanese', 'jp', 'ja', 'Japanese language', 'Nihongo', 'jpn']",[' Japanese.\nQ: What is the language of origin of Godzilla vs. Mothra'],ans,1
P364_general_ASIA_488,Release the Spyce,"['Japanese', 'jp', 'ja', 'Japanese language', 'Nihongo', 'jpn']",[' Japanese.\nQ: What is the genre of Release the Spyce?\nA: Action'],ans,1
P364_general_ASIA_490,Nogizaka Under Construction,"['Japanese', 'jp', 'ja', 'Japanese language', 'Nihongo', 'jpn']",[' Japanese.\nQ: What is the language of origin of Nogizaka Haruka no Him'],ans,1
P364_general_ASIA_492,VS Knight Lamune & 40 Fire,"['Japanese', 'jp', 'ja', 'Japanese language', 'Nihongo', 'jpn']",[' Japanese.\nQ: What is the language of origin of VS Knight Lamune & 40'],ans,1
P364_general_ASIA_494,Happy Sunday,"['Korean', 'Korean language', 'ko']",[' Happy Sunday is a word of English origin.\nQ: What does Happy Sunday mean?\nA'],ans,0
P364_general_ASIA_496,xxxHolic,"['Japanese', 'jp', 'ja', 'Japanese language', 'Nihongo', 'jpn']",[' Japanese.\nQ: What is the language of origin of Tsubasa: Reservoir Chron'],ans,1
P364_general_ASIA_498,Journey to the West,"['Mandarin', 'Putonghua', 'Standard Mandarin', 'Standard Chinese', '中文', 'Guoyu', 'Mandarin Chinese', 'Modern Standard Mandarin', 'Chinese', 'Huayu', 'Chinese language', 'zh', 'Kuo-yü', 'Chinese languages']",[' The original Journey to the West was written in Chinese.\nQ: What is the language'],ans,1
P364_general_ASIA_500,Space Sheriff Gavan,"['Japanese', 'jp', 'ja', 'Japanese language', 'Nihongo', 'jpn']",[' Japanese.\nQ: What is the language of origin of Space Sheriff Sharivan?\n'],ans,1
P364_general_ASIA_502,A3!,"['Japanese', 'jp', 'ja', 'Japanese language', 'Nihongo', 'jpn']",[' A3! is a language of origin of the A3! language.\nQ: What is'],ans,0
P364_general_ASIA_504,Shinjuku Swan,"['Japanese', 'jp', 'ja', 'Japanese language', 'Nihongo', 'jpn']",[' Japanese.\nQ: What is the language of origin of Shinjuku Swan?\nA'],ans,1
P364_general_ASIA_506,My Love from the Star,"['Korean', 'Korean language', 'ko']",[' Korean\nQ: What is the language of origin of The Heirs?\nQ: What is'],ans,1
P364_general_ASIA_508,Akira,"['Japanese', 'jp', 'ja', 'Japanese language', 'Nihongo', 'jpn']",[' Akira is a Japanese name.\nQ: What is the origin of the name Aki'],ans,1
P364_general_ASIA_510,Kyōkai Senki,"['Japanese', 'jp', 'ja', 'Japanese language', 'Nihongo', 'jpn']",[' Japanese.\nQ: What is the language of origin of Kyōkai Senki?\n'],ans,1
P364_general_ASIA_512,Buddy Complex,"['Japanese', 'jp', 'ja', 'Japanese language', 'Nihongo', 'jpn']",[' The language of origin of Buddy Complex is Japanese.\nQ: What is the origin of the'],ans,1
P364_general_ASIA_514,The Untamed,"['Mandarin', '中文', 'Mandarin Chinese', 'Chinese language', 'Chinese', 'zh', 'Chinese languages']","[' The Untamed is a translation of the original Spanish-language novel, La Intemperie.']",ans,0
P364_general_ASIA_516,Godzilla vs. Biollante,"['Japanese', 'jp', 'ja', 'Japanese language', 'Nihongo', 'jpn']",[' Japanese\nQ: What is the language of origin of Godzilla vs. Biollante?'],ans,1
P364_general_ASIA_518,Gyakuten! Ippatsuman,"['Japanese', 'jp', 'ja', 'Japanese language', 'Nihongo', 'jpn']",[' Japanese.\nQ: What is the language of origin of Gyakuten! Ippatsuman'],ans,1
P364_general_ASIA_520,Angel Heart,"['Japanese', 'jp', 'ja', 'Japanese language', 'Nihongo', 'jpn']",[' Angel Heart is a Japanese manga series written and illustrated by Tsukasa Hojo.\n'],ans,1
P364_general_ASIA_522,Les Misérables: Shōjo Cosette,"['Japanese', 'jp', 'ja', 'Japanese language', 'Nihongo', 'jpn']",[' Japanese.\nQ: What is the language of origin of Les Misérables: Shō'],ans,1
P364_general_ASIA_524,Battle Spirits: Saikyou Ginga Ultimate Zero,"['Japanese', 'jp', 'ja', 'Japanese language', 'Nihongo', 'jpn']",[' The language of origin of Battle Spirits: Saikyou Ginga Ultimate Zero is'],ans,0
P364_general_ASIA_526,Night Wizard!,"['Japanese', 'jp', 'ja', 'Japanese language', 'Nihongo', 'jpn']",[' Night Wizard! is a Japanese game.\nQ: What is the language of origin of Night'],ans,1
P364_general_ASIA_528,Furuhata Ninzaburō,"['Japanese', 'jp', 'ja', 'Japanese language', 'Nihongo', 'jpn']",[' The language of origin of Furuhata Ninzaburō is Japanese.\nQ: What'],ans,1
P364_general_ASIA_530,Darling in the Franxx,"['Japanese', 'jp', 'ja', 'Japanese language', 'Nihongo', 'jpn']",[' Japanese.\nQ: What is the language of origin of the anime series Darling in the'],ans,1
P364_general_ASIA_532,Tegami Bachi,"['Japanese', 'jp', 'ja', 'Japanese language', 'Nihongo', 'jpn']",[' Japanese.\nQ: What is the genre of Tegami Bachi?\nA: Advent'],ans,1
P364_general_ASIA_534,Yūsha Yoshihiko,"['Japanese', 'jp', 'ja', 'Japanese language', 'Nihongo', 'jpn']",[' Japanese.\nQ: What is the language of origin of Yūsha Yoshihiko?'],ans,1
P364_general_ASIA_536,Lupin the 3rd vs. Detective Conan: The Movie,"['Japanese', 'jp', 'ja', 'Japanese language', 'Nihongo', 'jpn']",[' The language of origin of Lupin the 3rd vs. Detective Conan:'],ans,0
P364_general_ASIA_538,Kimagure Orange Road,"['Japanese', 'jp', 'ja', 'Japanese language', 'Nihongo', 'jpn']","[' Japanese.\nQ: What is the language of origin of the song ""Kimagure Orange']",ans,1
P364_general_ASIA_540,Extraordinary Attorney Woo,"['Korean', 'Korean language', 'ko']",[' The language of origin of Extraordinary Attorney Woo is English.\nQ: What is'],ans,0
P364_general_ASIA_542,Cooking Papa,"['Japanese', 'jp', 'ja', 'Japanese language', 'Nihongo', 'jpn']",[' Cooking Papa is a Japanese manga series written and illustrated by Tochi Ueyama.\n'],ans,1
P364_general_ASIA_544,Weathering with You,"['Japanese', 'jp', 'ja', 'Japanese language', 'Nihongo', 'jpn']",[' The language of origin of Weathering with You is Japanese.\nQ: What is the duration'],ans,1
P364_general_ASIA_546,House,"['Japanese', 'jp', 'ja', 'Japanese language', 'Nihongo', 'jpn']",[' House is a language of origin of House.\nQ: How many people speak House in the world'],ans,0
P364_general_ASIA_548,Segodon,"['Japanese', 'jp', 'ja', 'Japanese language', 'Nihongo', 'jpn']","[' Segodon is a language of the Segodon people, who live in the Segodon Islands.\n']",ans,0
P364_general_ASIA_550,Gomen ne Seishun!,"['Japanese', 'jp', 'ja', 'Japanese language', 'Nihongo', 'jpn']",[' Japanese.\nQ: What is the meaning of Gomen ne Seishun!?\nA'],ans,1
P364_general_ASIA_552,Good Sunday,"['Korean', 'Korean language', 'ko']",[' Good Sunday is a Korean variety show.\nQ: What is the language of origin of Happy T'],ans,1
P364_general_ASIA_554,Madō King Granzort,"['Japanese', 'jp', 'ja', 'Japanese language', 'Nihongo', 'jpn']",[' Japanese.\nQ: What is the language of origin of Maison Ikkoku?\nQ'],ans,1
P364_general_ASIA_556,Nobunaga the Fool,"['Japanese', 'jp', 'ja', 'Japanese language', 'Nihongo', 'jpn']",[' Japanese.\nQ: What is the genre of Nobunaga the Fool?\nA:'],ans,1
P364_general_ASIA_558,Mewkledreamy,"['Japanese', 'jp', 'ja', 'Japanese language', 'Nihongo', 'jpn']",[' Mewkledreamy is of English origin.\nQ: How many syllables are'],ans,0
P364_general_ASIA_560,Hajime no Ippo,"['Japanese', 'jp', 'ja', 'Japanese language', 'Nihongo', 'jpn']",[' Japanese.\nQ: What is the genre of Hajime no Ippo?\nA:'],ans,1
P364_general_ASIA_562,Chibi Vampire,"['Japanese', 'jp', 'ja', 'Japanese language', 'Nihongo', 'jpn']",[' Japanese.\nQ: What is the name of the author of Chibi Vampire?'],ans,1
P364_general_ASIA_564,Kamen Rider Kiva,"['Japanese', 'jp', 'ja', 'Japanese language', 'Nihongo', 'jpn']",[' The language of origin of Kamen Rider Kiva is Japanese.\nQ: What is the'],ans,1
P364_general_ASIA_566,Love in the Moonlight,"['Korean', 'Korean language', 'ko']",[' Love in the Moonlight is a Korean drama.\nQ: What is Love in the Moonlight'],ans,1
P364_general_ASIA_568,Nintama Rantarō,"['Japanese', 'jp', 'ja', 'Japanese language', 'Nihongo', 'jpn']",[' Japanese.\nQ: What is the language of origin of Nintama Rantarō?'],ans,1
P364_general_ASIA_570,Tomica Hero: Rescue Fire,"['Japanese', 'jp', 'ja', 'Japanese language', 'Nihongo', 'jpn']",[' Japanese.\nQ: What is the language of origin of Tomica Hero: Rescue Fire?'],ans,1
P364_general_ASIA_572,The Garden of Words,"['Japanese', 'jp', 'ja', 'Japanese language', 'Nihongo', 'jpn']",[' The Garden of Words is a Japanese film.\nQ: What is the duration of The Garden'],ans,1
P364_general_ASIA_574,Close-up Gendai,"['Japanese', 'jp', 'ja', 'Japanese language', 'Nihongo', 'jpn']",[' Close-up Gendai is a Japanese language program.\nQ: What is the language of'],ans,1
P364_general_ASIA_576,Battle Spirits: Shounen Toppa Bashin,"['Japanese', 'jp', 'ja', 'Japanese language', 'Nihongo', 'jpn']",[' The language of origin of Battle Spirits: Shounen Toppa Bashin is Japanese.'],ans,1
P364_general_ASIA_578,Fast & Furious 6,"['en', 'English', 'eng', 'English language']",[' Fast & Furious 6 is an English movie.\nQ: What is the year of release'],ans,1
P364_general_ASIA_580,Chōdenji Machine Voltes V,"['Japanese', 'jp', 'ja', 'Japanese language', 'Nihongo', 'jpn']",[' Japanese.\nQ: What is the language of origin of Chōdenji Machine Voltes V'],ans,1
P364_general_ASIA_582,Locodol,"['Japanese', 'jp', 'ja', 'Japanese language', 'Nihongo', 'jpn']",[' Locodol is a Japanese anime.\nQ: What is the language of origin of Love'],ans,1
P364_general_ASIA_584,Gunbuster,"['Japanese', 'jp', 'ja', 'Japanese language', 'Nihongo', 'jpn']",[' Japanese.\nQ: What is the language of origin of Diebuster?\nQ: What'],ans,1
P364_general_ASIA_586,Dash! Yonkuro,"['Japanese', 'jp', 'ja', 'Japanese language', 'Nihongo', 'jpn']",[' Dash! Yonkuro is a Japanese manga series written and illustrated by Yasuo'],ans,1
P364_general_ASIA_588,Galaxy Express 999,"['Japanese', 'jp', 'ja', 'Japanese language', 'Nihongo', 'jpn']","[' Japanese.\nQ: What is the language of origin of the movie ""The Last Unicorn']",ans,1
P364_general_ASIA_590,Kyojuu Tokusou Juspion,"['Japanese', 'jp', 'ja', 'Japanese language', 'Nihongo', 'jpn']",[' Japanese.\nQ: What is the language of origin of Choujuu Sentai Liveman'],ans,1
P364_general_ASIA_592,Warlords of Sigrdrifa,"['Japanese', 'jp', 'ja', 'Japanese language', 'Nihongo', 'jpn']",[' The language of origin of Warlords of Sigrdrifa is English.\nQ: What'],ans,0
P364_general_ASIA_594,Law of the Jungle,"['Korean', 'Korean language', 'ko']",[' Law of the Jungle is an English idiom.\nQ: What is the meaning of Law'],ans,0
P364_general_ASIA_596,Ojarumaru,"['Japanese', 'jp', 'ja', 'Japanese language', 'Nihongo', 'jpn']",[' The language of origin of Ojarumaru is Japanese.\nQ: What is the language of'],ans,1
P364_general_ASIA_598,Mushishi,"['Japanese', 'jp', 'ja', 'Japanese language', 'Nihongo', 'jpn']",[' The language of origin of Mushishi is Japanese.\nQ: What is the meaning of M'],ans,1
P364_general_ASIA_600,Detective Conan: Crimson Love Letter,"['Japanese', 'jp', 'ja', 'Japanese language', 'Nihongo', 'jpn']",[' The language of origin of Detective Conan: Crimson Love Letter is Japanese.'],ans,1
P364_general_ASIA_602,Silver Fang: The Shooting Star Gin,"['Japanese', 'jp', 'ja', 'Japanese language', 'Nihongo', 'jpn']",[' The language of origin of Silver Fang: The Shooting Star Gin is Japanese.\nQ'],ans,1
P364_general_ASIA_604,While You Were Sleeping,"['Korean', 'Korean language', 'ko']",[' The language of origin of While You Were Sleeping is English.\nMore questions about While'],ans,0
P364_general_ASIA_606,Mobile Suit Zeta Gundam,"['Japanese', 'jp', 'ja', 'Japanese language', 'Nihongo', 'jpn']",[' Japanese\nQ: What is the language of origin of Mobile Suit Zeta Gundam?'],ans,1
P364_general_ASIA_608,"I Are You, You Am Me","['Japanese', 'jp', 'ja', 'Japanese language', 'Nihongo', 'jpn']","[' The language of origin of I Are You, You Am Me is English.\nMore English words starting']",ans,0
P364_general_ASIA_610,Descendants of the Sun,"['Korean', 'Korean language', 'ko']",[' Korean\nQ: What is the language of origin of The Heirs?\nQ: What is'],ans,1
P364_general_ASIA_612,Coji-Coji,"['Japanese', 'jp', 'ja', 'Japanese language', 'Nihongo', 'jpn']",[' Coji-Coji is a Japanese word. It is a word that is used to describe a'],ans,1
P364_general_ASIA_614,Idolish7,"['Japanese', 'jp', 'ja', 'Japanese language', 'Nihongo', 'jpn']",[' Japanese.\nQ: What is the language of origin of Idolish7?\nA:'],ans,1
P364_general_ASIA_616,Wonder Egg Priority,"['Japanese', 'jp', 'ja', 'Japanese language', 'Nihongo', 'jpn']",[' The language of origin of Wonder Egg Priority is English.\nQ: What is the gender'],ans,0
P364_general_ASIA_618,Umechan Sensei,"['Japanese', 'jp', 'ja', 'Japanese language', 'Nihongo', 'jpn']",[' Umechan Sensei is a Japanese language.\nQ: What is the language of origin'],ans,1
P364_general_ASIA_620,Ataru,"['Japanese', 'jp', 'ja', 'Japanese language', 'Nihongo', 'jpn']",[' Ataru is a Japanese word.\nQ: What is the meaning of Ataru?\nA'],ans,1
P364_general_ASIA_622,The Brave Fighter of Sun Fighbird,"['Japanese', 'jp', 'ja', 'Japanese language', 'Nihongo', 'jpn']",[' The Brave Fighter of Sun Fighbird is a Japanese production.\nQ: What is'],ans,1
P364_general_ASIA_624,Zoids: Genesis,"['Japanese', 'jp', 'ja', 'Japanese language', 'Nihongo', 'jpn']",[' Japanese.\nQ: What is the language of origin of Zoids: Fuzors?'],ans,1
P364_general_ASIA_626,The Story of Perrine,"['Japanese', 'jp', 'ja', 'Japanese language', 'Nihongo', 'jpn']",[' The Story of Perrine was originally written in French by Hector Malot.\nQ:'],ans,0
P364_general_ASIA_628,Nekketsu Saikyō Go-Saurer,"['Japanese', 'jp', 'ja', 'Japanese language', 'Nihongo', 'jpn']",[' Japanese.\nQ: What is the language of origin of Nekketsu Saiky'],ans,1
P364_general_ASIA_630,Drive My Car,"['Japanese', 'jp', 'ja', 'Japanese language', 'Nihongo', 'jpn']","[' The language of origin of Drive My Car is English.\nMore songs of ""The Beatles""']",ans,0
P364_general_ASIA_632,Business Proposal,"['Korean', 'Korean language', 'ko']",[' Business Proposal is not deemed to have a language of origin.\nQ: What is'],ans,0
P364_general_ASIA_634,Vividred Operation,"['Japanese', 'jp', 'ja', 'Japanese language', 'Nihongo', 'jpn']",[' Japanese.\nQ: What is the language of origin of Vividred Operation?\nA:'],ans,1
P364_general_ASIA_636,Fox Spirit Matchmaker,"['Japanese', 'jp', 'ja', 'Japanese language', 'Nihongo', 'jpn']",[' The language of origin of Fox Spirit Matchmaker is Chinese.\nQ: What is the meaning of'],ans,0
P364_general_ASIA_638,Kokuhaku Jikkō Iinkai ~Ren'ai Series~,"['Japanese', 'jp', 'ja', 'Japanese language', 'Nihongo', 'jpn']",[' Japanese.\nQ: What is the language of origin of Kokuhaku Jikkō I'],ans,1
P364_general_ASIA_640,No-Rin,"['Japanese', 'jp', 'ja', 'Japanese language', 'Nihongo', 'jpn']",[' Japanese.\nQ: What is the genre of No-Rin?\nA: Comedy'],ans,1
P364_general_ASIA_642,Yu-Gi-Oh! Duel Monsters,"['Japanese', 'jp', 'ja', 'Japanese language', 'Nihongo', 'jpn']",[' The language of origin of Yu-Gi-Oh! Duel Monsters is Japanese.\nQ'],ans,1
P364_general_ASIA_644,Detective Conan: The Darkest Nightmare,"['Japanese', 'jp', 'ja', 'Japanese language', 'Nihongo', 'jpn']",[' The language of origin of Detective Conan: The Darkest Nightmare is Japanese.'],ans,1
P364_general_ASIA_646,Teiichi no Kuni,"['Japanese', 'jp', 'ja', 'Japanese language', 'Nihongo', 'jpn']",[' Teiichi no Kuni is a Japanese manga series written and illustrated by Usamaru Fur'],ans,1
P364_general_ASIA_648,2 Days & 1 Night,"['Korean', 'Korean language', 'ko']",[' The language of origin of 2 Days & 1 Night is Korean.\nQ: What is'],ans,1
P364_general_ASIA_650,Another,"['Japanese', 'jp', 'ja', 'Japanese language', 'Nihongo', 'jpn']",[' Another is written in Japanese.\nQ: What is the genre of Another?\nA: Another'],ans,1
P364_general_ASIA_652,Detective Conan: The Fist of Blue Sapphire,"['Japanese', 'jp', 'ja', 'Japanese language', 'Nihongo', 'jpn']",[' The language of origin of Detective Conan: The Fist of Blue Sapphire is'],ans,0
P364_general_ASIA_654,FNS Music Festival,"['Japanese', 'jp', 'ja', 'Japanese language', 'Nihongo', 'jpn']",[' The language of origin of FNS Music Festival is Japanese.\nQ: What is the meaning of'],ans,1
P364_general_ASIA_656,You Are the Apple of My Eye,"['Mandarin', 'Putonghua', 'Guóyǔ', '中文', 'Guoyu', 'Chinese language', 'Taiwanese Mandarin', 'Huayu', 'Táiwān Huáyǔ', 'zh_TW', 'Mandarin Chinese', 'zh-TW', 'Chinese', 'Standard Taiwanese Mandarin', 'Chinese languages', 'Standard Chinese', 'zh', 'Kuo-yü', 'Biāozhǔn Guóyǔ', 'Standard Mandarin', 'Modern Standard Mandarin', 'Standard Guoyu']",[' The language of origin of You Are the Apple of My Eye is Chinese.\nQ: What'],ans,1
P364_general_ASIA_658,ROOSEVELT GAME,"['Japanese', 'jp', 'ja', 'Japanese language', 'Nihongo', 'jpn']","[' ROOSEVELT GAME is a word, which comes from the English language.\nQ']",ans,0
P364_general_ASIA_660,Gallery Fake,"['Japanese', 'jp', 'ja', 'Japanese language', 'Nihongo', 'jpn']",[' Gallery Fake is written in PHP.\nQ: What are the advantages of Gallery Fake?'],ans,0
P364_general_ASIA_662,Garo: Yami o Terasu Mono,"['Japanese', 'jp', 'ja', 'Japanese language', 'Nihongo', 'jpn']",[' Japanese.\nQ: What is the language of origin of Garo: Yami o Teras'],ans,1
P364_general_ASIA_664,Chi's Sweet Home,"['Japanese', 'jp', 'ja', 'Japanese language', 'Nihongo', 'jpn']","["" Japanese.\nQ: What is the genre of Chi's Sweet Home?\nA:""]",ans,1
P364_general_ASIA_666,Show! Music Core,"['Korean', 'Korean language', 'ko']",[' Show! Music Core is a Korean TV show.\nQ: What is the language of origin of'],ans,1
P364_general_ASIA_668,Godzilla: The Series,"['en', 'English', 'eng', 'English language']","[' The language of origin of Godzilla: The Series is English, it was published in the year']",ans,1
P364_general_ASIA_670,Moshidora,"['Japanese', 'jp', 'ja', 'Japanese language', 'Nihongo', 'jpn']",[' Japanese.\nQ: What is the language of origin of the book?\nA: Japanese.'],ans,1
P364_general_ASIA_672,Detective Conan: The Bride of Halloween,"['Japanese', 'jp', 'ja', 'Japanese language', 'Nihongo', 'jpn']",[' The language of origin of Detective Conan: The Bride of Halloween is Japanese'],ans,1
P364_general_ASIA_674,Akazukin Chacha,"['Japanese', 'jp', 'ja', 'Japanese language', 'Nihongo', 'jpn']",[' Japanese.\nQ: What is the language of origin of Akazukin Chacha?'],ans,1
P364_general_ASIA_676,Kung Fu Hustle,"['Yüeh', 'Standard Cantonese', 'Cantonese language', 'yue', 'zh-yue', '中文', 'yueh', 'Yue', 'Yue-Yu', 'Chinese language', 'Cantonese', 'Chinese', 'zh', 'Yue-Yuu', 'Cantonese dialect', 'Yue Chinese', 'Chinese languages']",[' Kung Fu Hustle is a Chinese film.\nQ: What is the language of origin'],ans,1
P364_general_ASIA_678,Detective Conan: Zero the Enforcer,"['Japanese', 'jp', 'ja', 'Japanese language', 'Nihongo', 'jpn']",[' The language of origin of Detective Conan: Zero the Enforcer is Japanese.\n'],ans,1
P364_general_ASIA_680,Digimon Adventure tri.,"['Japanese', 'jp', 'ja', 'Japanese language', 'Nihongo', 'jpn']",[' Japanese.\nQ: What is the language of origin of Digimon Adventure tri.?\n'],ans,1
P364_general_ASIA_682,The World is Still Beautiful,"['Japanese', 'jp', 'ja', 'Japanese language', 'Nihongo', 'jpn']",[' The World is Still Beautiful is originally in Japanese.\nQ: What is the meaning of the name'],ans,1
P364_general_ASIA_684,Juuni Senshi Bakuretsu Eto Ranger,"['Japanese', 'jp', 'ja', 'Japanese language', 'Nihongo', 'jpn']",[' Japanese.\nQ: What is the language of origin of Kamen Rider?\nQ:'],ans,1
P364_general_ASIA_686,Garo: Makai no Hana,"['Japanese', 'jp', 'ja', 'Japanese language', 'Nihongo', 'jpn']",[' Japanese.\nQ: What is the language of origin of Garo: Makai no Hana'],ans,1
P364_general_ASIA_688,Shironeko Project,"['Japanese', 'jp', 'ja', 'Japanese language', 'Nihongo', 'jpn']",[' Japanese.\nQ: What is the language of origin of Shironeko Project?\nA'],ans,1
P364_general_ASIA_690,Ultraman Zero: The Revenge of Belial,"['Japanese', 'jp', 'ja', 'Japanese language', 'Nihongo', 'jpn']",[' Japanese.\nQ: What is the duration of Ultraman Zero: The Revenge of'],ans,1
P364_general_ASIA_692,Denpa Kyoushi,"['Japanese', 'jp', 'ja', 'Japanese language', 'Nihongo', 'jpn']",[' Japanese.\nQ: What is the genre of Denpa Kyoushi?\nA: Com'],ans,1
P364_general_ASIA_694,The Vision of Escaflowne,"['Japanese', 'jp', 'ja', 'Japanese language', 'Nihongo', 'jpn']",[' The Vision of Escaflowne is a Japanese anime series.\nQ: What is'],ans,1
P364_general_ASIA_696,ReLIFE,"['Japanese', 'jp', 'ja', 'Japanese language', 'Nihongo', 'jpn']","[' Japanese.\nQ: What is the genre of ReLIFE?\nA: Comedy,']",ans,1
P364_general_ASIA_698,"Love, Elections & Chocolate","['Japanese', 'jp', 'ja', 'Japanese language', 'Nihongo', 'jpn']","[' Love, Elections & Chocolate is a Japanese manga series written by Japanese author, Sh']",ans,1
P364_general_ASIA_700,Hunter × Hunter: Phantom Rouge,"['Japanese', 'jp', 'ja', 'Japanese language', 'Nihongo', 'jpn']",[' The language of origin of Hunter × Hunter: Phantom Rouge is Japanese.\nQ: What'],ans,1
P364_general_ASIA_702,UFO Baby,"['Japanese', 'jp', 'ja', 'Japanese language', 'Nihongo', 'jpn']",[' UFO Baby is a Chinese-language cartoon.\nQ: What is the language of origin'],ans,0
P364_general_ASIA_704,Wakakozake,"['Japanese', 'jp', 'ja', 'Japanese language', 'Nihongo', 'jpn']",[' Japanese.\nQ: What is the language of origin of Wakakozake?\nA'],ans,1
P364_general_ASIA_706,Etotama,"['Japanese', 'jp', 'ja', 'Japanese language', 'Nihongo', 'jpn']",[' Japanese.\nQ: What is the language of origin of Etotama?\nA: Japanese'],ans,1
P364_general_ASIA_708,Kingdom,"['Korean', 'Korean language', 'ko']",[' Kingdom was first released in English.\nQ: What is the name of the Kingdom theme song?'],ans,0
P364_general_ASIA_710,Samurai Champloo,"['Japanese', 'jp', 'ja', 'Japanese language', 'Nihongo', 'jpn']",[' Japanese.\nQ: What is the language of origin of Samurai Champloo?\n'],ans,1
P364_general_ASIA_712,Battle Spirits: Burning Soul,"['Japanese', 'jp', 'ja', 'Japanese language', 'Nihongo', 'jpn']",[' The language of origin of Battle Spirits: Burning Soul is Japanese.\nQ: What'],ans,1
P364_general_ASIA_714,Eromanga Sensei,"['Japanese', 'jp', 'ja', 'Japanese language', 'Nihongo', 'jpn']",[' Japanese.\nQ: What is the meaning of Eromanga Sensei?\nA:'],ans,1
P364_general_ASIA_716,Produce 48,"['Korean', 'Korean language', 'ko']",[' Produce 48 is a Korean reality show.\nQ: What is the genre of Produ'],ans,1
P364_general_ASIA_718,Lupin III: The First,"['Japanese', 'jp', 'ja', 'Japanese language', 'Nihongo', 'jpn']",[' The language of origin of Lupin III: The First is Japanese.\nQ: What is'],ans,1
P364_general_ASIA_720,Abarenbō Shōgun,"['Japanese', 'jp', 'ja', 'Japanese language', 'Nihongo', 'jpn']",[' The language of origin of Abarenbō Shōgun is Japanese.\nQ: I'],ans,1
P364_general_ASIA_722,Monster Hunter,"['Japanese', 'jp', 'ja', 'Japanese language', 'Nihongo', 'jpn']",[' The language of origin of Monster Hunter is Japanese.\nQ: What is the meaning of Mon'],ans,1
P364_general_ASIA_724,Looking for Magical Doremi,"['Japanese', 'jp', 'ja', 'Japanese language', 'Nihongo', 'jpn']",[' Japanese.\nQ: What is the meaning of Looking for Magical Doremi?\nA'],ans,1
P364_general_ASIA_726,Ashita no Nadja,"['Japanese', 'jp', 'ja', 'Japanese language', 'Nihongo', 'jpn']",[' Japanese.\nQ: What is the language of origin of Ashita no Nadja?\nA'],ans,1
P364_general_ASIA_728,The World of the Married,"['Korean', 'Korean language', 'ko']",[' The World of the Married is written in English.\nQ: What is the main subject of'],ans,0
P364_general_ASIA_730,Bakugan: Battle Planet,"['Japanese', 'jp', 'ja', 'Japanese language', 'Nihongo', 'jpn']",[' The language of origin of Bakugan: Battle Planet is English\nQ: What is the language'],ans,0
P364_general_ASIA_732,Gokukoku no Brynhildr,"['Japanese', 'jp', 'ja', 'Japanese language', 'Nihongo', 'jpn']",[' Japanese.\nQ: What is the genre of Gokukoku no Brynhildr'],ans,1
P364_general_ASIA_734,King Kong vs. Godzilla,"['eng', 'Japanese', 'jp', 'Japanese language', 'en', 'English', 'ja', 'jpn', 'Nihongo', 'English language']",[' The language of origin of King Kong vs. Godzilla is English.\nQ: What is'],ans,1
P364_general_ASIA_736,One Outs,"['Japanese', 'jp', 'ja', 'Japanese language', 'Nihongo', 'jpn']","[' Japanese.\nQ: What is the genre of One Outs?\nA: Sports, D']",ans,1
P364_general_ASIA_738,Tokusou Sentai Dekaranger,"['Japanese', 'jp', 'ja', 'Japanese language', 'Nihongo', 'jpn']",[' Japanese.\nQ: What is the language of origin of Power Rangers S.P.D'],ans,1
P364_general_ASIA_740,Cream Lemon,"['Japanese', 'jp', 'ja', 'Japanese language', 'Nihongo', 'jpn']",[' Japanese.\nQ: What is the language of origin of La Blue Girl?\nQ: What'],ans,1
P364_general_ASIA_742,Dr. Romantic 2,"['Korean', 'Korean language', 'ko']",[': Korean\nQ: What is the language of origin of Dr. Romantic 2?</s>'],ans,0
P364_general_ASIA_744,Sally the Witch,"['Japanese', 'jp', 'ja', 'Japanese language', 'Nihongo', 'jpn']",[' Sally the Witch is a Japanese manga series.\nQ: What is the language of'],ans,1
P364_general_ASIA_746,Penguindrum,"['Japanese', 'jp', 'ja', 'Japanese language', 'Nihongo', 'jpn']",[' Japanese.\nQ: What is the language of origin of the Penguindrum anime?'],ans,1
P364_general_ASIA_748,Alchemy of Souls,"['Korean', 'Korean language', 'ko']",[' The language of origin of Alchemy of Souls is English.\nQ: What is the'],ans,0
P364_general_ASIA_750,Re:Creators,"['Japanese', 'jp', 'ja', 'Japanese language', 'Nihongo', 'jpn']","[' Japanese.\nQ: What is the genre of Re:Creators?\nA: Action,']",ans,1
P364_general_ASIA_752,Blue Dragon,"['Japanese', 'jp', 'ja', 'Japanese language', 'Nihongo', 'jpn']",[' Blue Dragon is a Japanese game.\nQ: What is the language of origin of Blue Dragon Plus'],ans,1
P364_general_ASIA_754,MOZU,"['Japanese', 'jp', 'ja', 'Japanese language', 'Nihongo', 'jpn']",[' MOZU is of Japanese origin.\nQ: I have a dog named MOZU!'],ans,1
P364_general_ASIA_756,Wakusei Robo Danguard Ace,"['Japanese', 'jp', 'ja', 'Japanese language', 'Nihongo', 'jpn']",[' Japanese.\nQ: What is the language of origin of Wakusei Robo Dangu'],ans,1
P364_general_ASIA_758,Marmalade Boy,"['Japanese', 'jp', 'ja', 'Japanese language', 'Nihongo', 'jpn']",[' Japanese.\nQ: What is the language of origin of Marmalade Boy?\nA:'],ans,1
P364_general_ASIA_760,Strong Heart,"['Korean', 'Korean language', 'ko']",[' Strong Heart is a Native American word.\nQ: What is the meaning of Strong Heart'],ans,0
P364_general_ASIA_762,TV Champion,"['Japanese', 'jp', 'ja', 'Japanese language', 'Nihongo', 'jpn']",[' TV Champion is a Japanese game show.\nQ: What is the language of origin of the game'],ans,1
P364_general_ASIA_764,Chargeman Ken!,"['Japanese', 'jp', 'ja', 'Japanese language', 'Nihongo', 'jpn']",[' The language of origin of Chargeman Ken! is Japanese.\nQ: What is the meaning'],ans,1
P364_general_ASIA_766,The King: Eternal Monarch,"['Korean', 'Korean language', 'ko']",[' The language of origin of The King: Eternal Monarch is Korean.\nQ: I have'],ans,1
P364_general_ASIA_768,Suzume,"['Japanese', 'jp', 'ja', 'Japanese language', 'Nihongo', 'jpn']",[' Suzume is a Japanese word.\nQ: What is the language of origin of Suz'],ans,1
P364_general_ASIA_770,Kogepan,"['Japanese', 'jp', 'ja', 'Japanese language', 'Nihongo', 'jpn']","[' Japanese.\nQ: What is the language of origin of the word ""Kogepan""?']",ans,1
P364_general_ASIA_772,Pokémon,"['Japanese', 'jp', 'ja', 'Japanese language', 'Nihongo', 'jpn']",[' The language of origin of Pokémon is Japanese.\nQ: What is the language of origin'],ans,1
P364_general_ASIA_774,Corrector Yui,"['Japanese', 'jp', 'ja', 'Japanese language', 'Nihongo', 'jpn']",[' Japanese.\nQ: What is the language of origin of Corrector Yui?\nA:'],ans,1
P364_general_ASIA_776,Pokémon: The First Movie,"['Japanese', 'jp', 'ja', 'Japanese language', 'Nihongo', 'jpn']","[' The language of origin of Pokémon: The First Movie is English, and was originally dubbed']",ans,0
P364_general_ASIA_778,Love Live! Superstar!!,"['Japanese', 'jp', 'ja', 'Japanese language', 'Nihongo', 'jpn']",[' The language of origin of Love Live! Superstar!! is Japanese.\nQ: What is the'],ans,1
P364_general_ASIA_780,Lilpri,"['Japanese', 'jp', 'ja', 'Japanese language', 'Nihongo', 'jpn']",[' The language of origin of Lilpri is Japanese.\nQ: What is the language of origin'],ans,1
P364_general_ASIA_782,NG Knight Lamune & 40,"['Japanese', 'jp', 'ja', 'Japanese language', 'Nihongo', 'jpn']",[' The language of origin of NG Knight Lamune & 40 is Japanese.\nQ:'],ans,1
P364_general_ASIA_784,Suzuki Sensei,"['Japanese', 'jp', 'ja', 'Japanese language', 'Nihongo', 'jpn']",[' Suzuki Sensei is a Japanese.\nQ: What is the language of origin of'],ans,1
P364_general_ASIA_786,Godzilla vs. SpaceGodzilla,"['Japanese', 'jp', 'ja', 'Japanese language', 'Nihongo', 'jpn']",[' Japanese\nQ: What are the names of the actors and actresses who star in the movie God'],ans,1
P364_general_ASIA_788,Violet Evergarden: Eternity and the Auto Memories Doll,"['Japanese', 'jp', 'ja', 'Japanese language', 'Nihongo', 'jpn']",[' Japanese.\nQ: What is the language of origin of Violet Evergarden: E'],ans,1
P364_general_ASIA_790,Vandread,"['Japanese', 'jp', 'ja', 'Japanese language', 'Nihongo', 'jpn']",[' The language of origin of Vandread is Japanese.\nQ: What is the meaning of V'],ans,1
P364_general_ASIA_792,Dragon Ball Z: Resurrection 'F',"['Japanese', 'jp', 'ja', 'Japanese language', 'Nihongo', 'jpn']","["" Dragon Ball Z: Resurrection 'F' is dubbed in English language.\nQ:""]",ans,0
P364_general_ASIA_794,Rurouni Kenshin,"['Japanese', 'jp', 'ja', 'Japanese language', 'Nihongo', 'jpn']",[' Japanese.\nQ: What is the language of origin of Rurouni Kenshin?'],ans,1
P364_general_ASIA_796,NHK News Ohayō Nippon,"['Japanese', 'jp', 'ja', 'Japanese language', 'Nihongo', 'jpn']",[' The language of origin of NHK News Ohayō Nippon is Japanese.\nQ'],ans,1
P364_general_ASIA_798,That Time I Got Reincarnated as a Slime,"['Japanese', 'jp', 'ja', 'Japanese language', 'Nihongo', 'jpn']",[' Japanese.\nQ: What is the genre of That Time I Got Reincarnated as a'],ans,1
P364_general_ASIA_800,Uninhabited Planet Survive!,"['Japanese', 'jp', 'ja', 'Japanese language', 'Nihongo', 'jpn']",[' Japanese.\nQ: What is the language of origin of Uninhabited Planet Survive'],ans,1
P364_general_ASIA_802,My-HiME,"['Japanese', 'jp', 'ja', 'Japanese language', 'Nihongo', 'jpn']",[' Japanese.\nQ: What is the language of origin of My-Otome?\nQ'],ans,1
P364_general_ASIA_804,Ace Attorney,"['Japanese', 'jp', 'ja', 'Japanese language', 'Nihongo', 'jpn']",[' Japanese.\nQ: What is the language of origin of the Ace Attorney anime?'],ans,1
P364_general_ASIA_806,Yukikaze,"['Japanese', 'jp', 'ja', 'Japanese language', 'Nihongo', 'jpn']",[' The language of origin of Yukikaze is Japanese.\nQ: I have no idea about'],ans,1
P364_general_ASIA_808,Duet Song Festival,"['Korean', 'Korean language', 'ko']",[' The language of origin of Duet Song Festival is Chinese.\nQ: What is the meaning of'],ans,0
P364_general_ASIA_810,Pretty Cure All Stars DX3: Deliver the Future! The Rainbow-Colored Flower That Connects the World!,"['Japanese', 'jp', 'ja', 'Japanese language', 'Nihongo', 'jpn']",[' Japanese.\nQ: What is the language of origin of Pretty Cure All Stars DX'],ans,1
P364_general_ASIA_812,Kaleido Star,"['Japanese', 'jp', 'ja', 'Japanese language', 'Nihongo', 'jpn']",[' Japanese.\nQ: What is the name of the main character?\nA: Sora Na'],ans,1
P364_general_ASIA_814,Turn A Gundam,"['Japanese', 'jp', 'ja', 'Japanese language', 'Nihongo', 'jpn']",[' Japanese.\nQ: What is the language of origin of the English dub of Turn A Gund'],ans,1
P364_general_ASIA_816,Godzilla: Final Wars,"['eng', 'Japanese', 'jp', 'Japanese language', 'en', 'English', 'ja', 'jpn', 'Nihongo', 'English language']",[': Japanese\nQ: What is the language of origin of Godzilla: Final Wars?</s>'],ans,0
P364_general_ASIA_818,Space Battleship Yamato,"['Japanese', 'jp', 'ja', 'Japanese language', 'Nihongo', 'jpn']",[' Japanese.\nQ: What is the language of origin of Star Blazers?\nQ:'],ans,1
P364_general_ASIA_820,Miyuki,"['Japanese', 'jp', 'ja', 'Japanese language', 'Nihongo', 'jpn']",[' Miyuki is a Japanese name.\nQ: How many syllables does the name Mi'],ans,1
P364_general_ASIA_822,Keizoku,"['Japanese', 'jp', 'ja', 'Japanese language', 'Nihongo', 'jpn']",[' Keizoku is a Japanese word.\nQ: What is the language of origin of Kek'],ans,1
P364_general_ASIA_824,Tiger Mask,"['Japanese', 'jp', 'ja', 'Japanese language', 'Nihongo', 'jpn']",[' Tiger Mask is a Japanese manga series written by Ikki Kajiwara and'],ans,1
P364_general_ASIA_826,Mega Monster Battle: Ultra Galaxy,"['Japanese', 'jp', 'ja', 'Japanese language', 'Nihongo', 'jpn']",[' The language of origin of Mega Monster Battle: Ultra Galaxy is Japanese.\nQ'],ans,1
P364_general_ASIA_828,Digimon Fusion,"['Japanese', 'jp', 'ja', 'Japanese language', 'Nihongo', 'jpn']",[' Digimon Fusion is a Japanese anime series.\nQ: What is the language of origin'],ans,1
P364_general_ASIA_830,Battery,"['Japanese', 'jp', 'ja', 'Japanese language', 'Nihongo', 'jpn']",[' The language of origin of Battery is English.\nQ: What is the language of origin'],ans,0
P364_general_ASIA_832,Serial Experiments Lain,"['Japanese', 'jp', 'ja', 'Japanese language', 'Nihongo', 'jpn']",[' Japanese.\nQ: What is the language of origin of Serial Experiments Lain?\nA'],ans,1
P364_general_ASIA_834,FLCL,"['Japanese', 'jp', 'ja', 'Japanese language', 'Nihongo', 'jpn']",[' Japanese.\nQ: What is the language of origin of the subtitles?\nA:'],ans,1
P364_general_ASIA_836,Invasion of Astro-Monster,"['eng', 'Japanese', 'jp', 'Japanese language', 'en', 'English', 'ja', 'jpn', 'Nihongo', 'English language']",[' Japanese.\nQ: What is the language of origin of Godzilla vs. Monster Zero'],ans,1
P364_general_ASIA_838,Sarazanmai,"['Japanese', 'jp', 'ja', 'Japanese language', 'Nihongo', 'jpn']",[' It is a language that is not spoken by humans.\nQ: What is the meaning of the'],ans,0
P364_general_ASIA_840,Pokémon the Series: Sun & Moon,"['Japanese', 'jp', 'ja', 'Japanese language', 'Nihongo', 'jpn']",[' The language of origin of Pokémon the Series: Sun & Moon is English.\nQ:'],ans,0
P364_general_ASIA_842,Pokémon the Series: Black & White,"['Japanese', 'jp', 'ja', 'Japanese language', 'Nihongo', 'jpn']","[' The language of origin of Pokémon the Series: Black & White is English, but it was']",ans,0
P364_general_ASIA_844,Iris,"['Korean', 'Korean language', 'ko']",[' The language of origin of Iris is Latin.\nQ: How many people speak the Iris'],ans,0
P364_general_ASIA_846,Kamen Rider × Kamen Rider W & Decade: Movie War 2010,"['Japanese', 'jp', 'ja', 'Japanese language', 'Nihongo', 'jpn']",[' Japanese\nQ: What is the duration of Kamen Rider × Kamen Rider W &'],ans,1
P364_general_ASIA_848,Floral Magician Mary Bell,"['Japanese', 'jp', 'ja', 'Japanese language', 'Nihongo', 'jpn']",[' Japanese.\nQ: What is the language of origin of the anime series Floral Magician'],ans,1
P364_general_ASIA_850,Rashomon,"['Japanese', 'jp', 'ja', 'Japanese language', 'Nihongo', 'jpn']",[' Japanese.\nQ: What is the language of origin of The Seven Samurai?\nQ'],ans,1
P364_general_ASIA_852,Cloud Atlas,"['en', 'English', 'eng', 'English language']",[' Cloud Atlas is a novel written by British author David Mitchell. It was shortlisted for the '],ans,0
P364_general_ASIA_854,Soonpoong Clinic,"['Korean', 'Korean language', 'ko']",[' The language of origin of Soonpoong Clinic is Korean.\nQ: What is'],ans,1
P364_general_ASIA_856,"Ore ga Ojousama Gakkou ni ""Shomin Sample"" Toshite Rachirareta Ken","['Japanese', 'jp', 'ja', 'Japanese language', 'Nihongo', 'jpn']",[' Japanese.\nQ: What is the meaning of Ore ga Ojousama Gakkou'],ans,1
P364_general_ASIA_858,Ocean Waves,"['Japanese', 'jp', 'ja', 'Japanese language', 'Nihongo', 'jpn']",[' The language of origin of Ocean Waves is Japanese.\nQ: What is the year of release'],ans,1
P364_general_ASIA_860,Evangelion: 3.0 You Can (Not) Redo,"['Japanese', 'jp', 'ja', 'Japanese language', 'Nihongo', 'jpn']",[' Japanese.\nQ: What is the duration of Evangelion: 3.0 You Can ('],ans,1
P364_general_ASIA_862,Barakamon,"['Japanese', 'jp', 'ja', 'Japanese language', 'Nihongo', 'jpn']",[' The language of origin of Barakamon is Japanese.\nQ: What is the meaning of'],ans,1
P364_general_ASIA_864,The Mysterians,"['Japanese', 'jp', 'ja', 'Japanese language', 'Nihongo', 'jpn']",[' The language of origin of The Mysterians is Japanese.\nQ: What is the year of'],ans,1
P364_general_ASIA_866,With the Light,"['Japanese', 'jp', 'ja', 'Japanese language', 'Nihongo', 'jpn']",[' Japanese.\nQ: What is the language of origin of the manga?\nA: Japanese'],ans,1
P364_general_ASIA_868,Lostorage incited WIXOSS,"['Japanese', 'jp', 'ja', 'Japanese language', 'Nihongo', 'jpn']",[' Japanese.\nQ: What is the language of origin of Lostorage incited WIXOSS'],ans,1
P364_general_ASIA_870,Magical × Heroine Magimajo Pures!,"['Japanese', 'jp', 'ja', 'Japanese language', 'Nihongo', 'jpn']",[' The language of origin of Magical × Heroine Magimajo Pures! is Japanese.\n'],ans,1
P364_general_ASIA_872,El-Hazard,"['Japanese', 'jp', 'ja', 'Japanese language', 'Nihongo', 'jpn']",[' The language of origin of El-Hazard is Japanese.\nQ: What is the meaning'],ans,1
P364_general_ASIA_874,A Penguin's Troubles,"['Japanese', 'jp', 'ja', 'Japanese language', 'Nihongo', 'jpn']","["" The language of origin of A Penguin's Troubles is English.\nQ:""]",ans,0
P364_general_ASIA_876,Pretty Cure All Stars: Carnival of Spring♪,"['Japanese', 'jp', 'ja', 'Japanese language', 'Nihongo', 'jpn']",[' Japanese\nQ: What is the year of release of Pretty Cure All Stars: Carn'],ans,1
P364_general_ASIA_878,Case Closed: The Phantom of Baker Street,"['Japanese', 'jp', 'ja', 'Japanese language', 'Nihongo', 'jpn']",[' The language of origin of Case Closed: The Phantom of Baker Street is Japanese.\nQ'],ans,1
P364_general_ASIA_880,Kamiwaza Wanda,"['Japanese', 'jp', 'ja', 'Japanese language', 'Nihongo', 'jpn']",[' The language of origin of Kamiwaza Wanda is Japanese.\nQ: What is the'],ans,1
P364_general_ASIA_882,Sekai-ichi Hatsukoi,"['Japanese', 'jp', 'ja', 'Japanese language', 'Nihongo', 'jpn']",[' Japanese.\nQ: What is the language of origin of Sekai-ichi Hatsuk'],ans,1
P364_general_ASIA_884,Miss Trot,"['Korean', 'Korean language', 'ko']",[' The language of origin of Miss Trot is Korean.\nQ: What is the meaning of Miss'],ans,1
P364_general_ASIA_886,Battle B-Daman,"['Japanese', 'jp', 'ja', 'Japanese language', 'Nihongo', 'jpn']",[' The language of origin of Battle B-Daman is Japanese.\nQ: What is the language'],ans,1
P364_general_ASIA_888,Six God Combination Godmars,"['Japanese', 'jp', 'ja', 'Japanese language', 'Nihongo', 'jpn']",[' Japanese.\nQ: What is the meaning of the name Six God Combination Godmars'],ans,1
P364_general_ASIA_890,Transformers: Victory,"['Japanese', 'jp', 'ja', 'Japanese language', 'Nihongo', 'jpn']",[' Japanese.\nQ: What is the language of origin of Transformers: Zone?\nQ'],ans,1
P364_general_ASIA_892,Jewelpet,"['Japanese', 'jp', 'ja', 'Japanese language', 'Nihongo', 'jpn']",[' Japanese.\nQ: What is the language of origin of Jewelpet Twinkle?\n'],ans,1
P364_general_ASIA_894,Odd Taxi,"['Japanese', 'jp', 'ja', 'Japanese language', 'Nihongo', 'jpn']",[' Odd Taxi is a game that originated from the United States.\nQ: What is'],ans,0
P364_general_ASIA_896,Porco Rosso,"['Japanese', 'jp', 'ja', 'Japanese language', 'Nihongo', 'jpn']",[' Italian.\nQ: What is the name of the plane that Porco Rosso flies?'],ans,0
P364_general_ASIA_898,I-Land,"['Korean', 'Korean language', 'ko']","[' I-Land is a language of the I-Landic people, who live on the island of']",ans,0
P364_general_ASIA_900,The Mythical Detective Loki Ragnarok,"['Japanese', 'jp', 'ja', 'Japanese language', 'Nihongo', 'jpn']",[' The Mythical Detective Loki Ragnarok is a Japanese manga series.'],ans,1
P364_general_ASIA_902,One Missed Call,"['Japanese', 'jp', 'ja', 'Japanese language', 'Nihongo', 'jpn']",[' The language of origin of One Missed Call is English.\nQ: How long is One Miss'],ans,0
P364_general_ASIA_904,Stop!! Hibari-kun!,"['Japanese', 'jp', 'ja', 'Japanese language', 'Nihongo', 'jpn']",[' Japanese.\nQ: What is the language of origin of Stop!! Hibari-kun'],ans,1
P364_general_ASIA_906,My Hero Academia: Two Heroes,"['Japanese', 'jp', 'ja', 'Japanese language', 'Nihongo', 'jpn']","[' The language of origin of My Hero Academia: Two Heroes is English, it was available in language']",ans,0
P364_general_ASIA_908,Death Note,"['Japanese', 'jp', 'ja', 'Japanese language', 'Nihongo', 'jpn']",[' Japanese.\nQ: What is the language of origin of Death Note?\nA: Japanese.'],ans,1
P364_general_ASIA_910,The Return of Superman,"['Korean', 'Korean language', 'ko']",[' The Return of Superman is a Korean variety show.\nQ: What is the genre of The'],ans,1
P364_general_ASIA_912,Shimoneta: A Boring World Where the Concept of Dirty Jokes Doesn't Exist,"['Japanese', 'jp', 'ja', 'Japanese language', 'Nihongo', 'jpn']",[' Japanese\nQ: What is the language of origin of Shimoneta: A Boring World Where'],ans,1
P364_general_ASIA_914,"Ashita, Mama ga Inai","['Japanese', 'jp', 'ja', 'Japanese language', 'Nihongo', 'jpn']","[' The language of origin of Ashita, Mama ga Inai is Japanese.\nMore translations']",ans,1
P364_general_ASIA_916,On Children,"['Mandarin', 'Putonghua', 'Guóyǔ', '中文', 'Guoyu', 'Chinese language', 'Taiwanese Mandarin', 'Huayu', 'Táiwān Huáyǔ', 'zh_TW', 'Mandarin Chinese', 'zh-TW', 'Chinese', 'Standard Taiwanese Mandarin', 'Chinese languages', 'Standard Chinese', 'zh', 'Kuo-yü', 'Biāozhǔn Guóyǔ', 'Standard Mandarin', 'Modern Standard Mandarin', 'Standard Guoyu']",[' On Children is written in English.\nQ: What is the genre of On Children?\nA'],ans,0
P364_general_ASIA_918,Sonic X,"['Japanese', 'jp', 'ja', 'Japanese language', 'Nihongo', 'jpn']",[' Sonic X is a Japanese anime series.\nQ: What is the language of origin of'],ans,1
P364_general_ASIA_920,One Piece: Stampede,"['Japanese', 'jp', 'ja', 'Japanese language', 'Nihongo', 'jpn']",[' One Piece: Stampede is dubbed in English language. One Piece: Stamp'],ans,0
P364_general_ASIA_922,Love You as the World Ends,"['Japanese', 'jp', 'ja', 'Japanese language', 'Nihongo', 'jpn']","["" The language of origin of Love You as the World Ends is English.\nQ: I'""]",ans,0
P364_general_ASIA_924,Yadamon,"['Japanese', 'jp', 'ja', 'Japanese language', 'Nihongo', 'jpn']",[' Japanese.\nQ: What is the language of origin of Yadamon?\nA:'],ans,1
P364_general_ASIA_926,Danganronpa 3: The End of Hope's Peak High School,"['Japanese', 'jp', 'ja', 'Japanese language', 'Nihongo', 'jpn']","["" The language of origin of Danganronpa 3: The End of Hope's Pe""]",ans,0
P364_general_ASIA_928,Element Hunters,"['Japanese', 'ko', 'jp', 'ja', 'Japanese language', 'Korean language', 'Korean', 'Nihongo', 'jpn']",[' The language of origin of Element Hunters is Japanese.\nQ: What is the Production Country of'],ans,1
P364_general_ASIA_930,Poppoya,"['Japanese', 'jp', 'ja', 'Japanese language', 'Nihongo', 'jpn']",[' Poppoya is a Japanese word.\nQ: What is the meaning of Poppoya?'],ans,1
P364_general_ASIA_932,Rebuild of Evangelion,"['Japanese', 'jp', 'ja', 'Japanese language', 'Nihongo', 'jpn']",[' Japanese.\nQ: What is the language of origin of the Rebuild of Evangelion m'],ans,1
P364_general_ASIA_934,Nodame Cantabile,"['Japanese', 'jp', 'ja', 'Japanese language', 'Nihongo', 'jpn']",[' Japanese.\nQ: What is the language of origin of Nodame Cantabile?\nA'],ans,1
P364_general_ASIA_936,Arabian Nights: Sinbad's Adventures,"['Japanese', 'jp', 'ja', 'Japanese language', 'Nihongo', 'jpn']","["" Arabian Nights: Sinbad's Adventures is an English term.\nQ: What""]",ans,0
P364_general_ASIA_938,Jitsu wa Watashi wa,"['Japanese', 'jp', 'ja', 'Japanese language', 'Nihongo', 'jpn']",[' Japanese.\nQ: What is the meaning of Jitsu wa Watashi wa?\nA'],ans,1
P364_general_ASIA_940,Mayoiga,"['Japanese', 'jp', 'ja', 'Japanese language', 'Nihongo', 'jpn']",[' The language of origin of Mayoiga is Japanese.\nQ: What is the meaning of May'],ans,1
P364_general_ASIA_942,Romeo's Blue Skies,"['Japanese', 'jp', 'ja', 'Japanese language', 'Nihongo', 'jpn']","["" The language of origin of Romeo's Blue Skies is English.\nQ: What is""]",ans,0
P364_general_ASIA_944,Pokémon the Series: Diamond and Pearl,"['Japanese', 'jp', 'ja', 'Japanese language', 'Nihongo', 'jpn']",[' The language of origin of Pokémon the Series: Diamond and Pearl is Japanese\nMore'],ans,1
P364_general_ASIA_946,Kiba,"['Japanese', 'jp', 'ja', 'Japanese language', 'Nihongo', 'jpn']",[' Kiba is a Japanese anime series.\nQ: What is the language of origin of K'],ans,1
P364_general_ASIA_948,The Girl Who Leapt Through Time,"['Japanese', 'jp', 'ja', 'Japanese language', 'Nihongo', 'jpn']",[' The Girl Who Leapt Through Time is a Japanese film.\nQ: What is the language of'],ans,1
P364_general_ASIA_950,Godzilla Raids Again,"['Japanese', 'jp', 'ja', 'Japanese language', 'Nihongo', 'jpn']",[' Japanese.\nQ: What is the language of origin of King Kong vs. Godzilla?'],ans,1
P364_general_ASIA_952,3000 Leagues in Search of Mother,"['Japanese', 'jp', 'ja', 'Japanese language', 'Nihongo', 'jpn']",[' The original language of the series is Japanese.\nQ: What is the genre of 30'],ans,1
P364_general_ASIA_954,Kodomo no Jikan,"['Japanese', 'jp', 'ja', 'Japanese language', 'Nihongo', 'jpn']",[' Japanese.\nQ: What is the language of origin of Kodomo no Jikan?\n'],ans,1
P364_general_ASIA_956,Kamen Rider × Super Sentai: Super Hero Taisen,"['Japanese', 'jp', 'ja', 'Japanese language', 'Nihongo', 'jpn']",[' Japanese.\nQ: What is the duration of Kamen Rider × Super Sentai: Super'],ans,1
P364_general_ASIA_958,Maho Girls PreCure! the Movie: The Miraculous Transformation! Cure Mofurun!,"['Japanese', 'jp', 'ja', 'Japanese language', 'Nihongo', 'jpn']",[' Japanese\nMaho Girls PreCure! the Movie: The Miraculous Transformation!'],ans,1
P364_general_ASIA_960,In A Good Way,"['Mandarin', 'Putonghua', 'Standard Mandarin', 'Standard Chinese', '中文', 'Guoyu', 'Mandarin Chinese', 'Modern Standard Mandarin', 'Chinese', 'Huayu', 'Chinese language', 'zh', 'Kuo-yü', 'Chinese languages']",[': Mandarin Chinese.\nQ: What is the language of origin of In A Good Way?</s>'],ans,0
P364_general_ASIA_962,Super Doll Licca-chan,"['Japanese', 'jp', 'ja', 'Japanese language', 'Nihongo', 'jpn']",[' Japanese.\nQ: What is the language of origin of Super Doll Licca-chan?'],ans,1
P364_general_ASIA_964,Fated to Love You,"['Mandarin', 'Putonghua', 'Guóyǔ', '中文', 'Guoyu', 'Chinese language', 'Taiwanese Mandarin', 'Huayu', 'Táiwān Huáyǔ', 'zh_TW', 'Mandarin Chinese', 'zh-TW', 'Chinese', 'Standard Taiwanese Mandarin', 'Chinese languages', 'Standard Chinese', 'zh', 'Kuo-yü', 'Biāozhǔn Guóyǔ', 'Standard Mandarin', 'Modern Standard Mandarin', 'Standard Guoyu']",[' Mandarin Chinese.\nQ: What is Fated to Love You about?\nA: A'],ans,1
P364_general_ASIA_966,Be Forever Yamato,"['Japanese', 'jp', 'ja', 'Japanese language', 'Nihongo', 'jpn']",[' The original Japanese.\nQ: What is the language of origin of Be Forever Yamato?'],ans,1
P364_general_ASIA_968,MegaMan NT Warrior,"['Japanese', 'jp', 'ja', 'Japanese language', 'Nihongo', 'jpn']",[' The original MegaMan NT Warrior is a Japanese anime series.\nQ: What'],ans,1
P364_general_ASIA_970,Shoplifters,"['Japanese', 'jp', 'ja', 'Japanese language', 'Nihongo', 'jpn']",[' Japanese\nQ: What is the duration of Shoplifters?\nA: The duration'],ans,1
P364_general_ASIA_972,Amatsuki,"['Japanese', 'jp', 'ja', 'Japanese language', 'Nihongo', 'jpn']",[' Japanese.\nQ: What is the language of origin of Amatsuki?\nA: Japanese'],ans,1
P364_general_ASIA_974,Kotoura-san,"['Japanese', 'jp', 'ja', 'Japanese language', 'Nihongo', 'jpn']",[' Japanese.\nQ: What is the language of origin of the anime?\nA: Japanese'],ans,1
P364_general_ASIA_976,Mashiroiro Symphony,"['Japanese', 'jp', 'ja', 'Japanese language', 'Nihongo', 'jpn']",[' Japanese.\nQ: What is the language of origin of Mashiroiro Symphony?\n'],ans,1
P364_general_ASIA_978,"OOO, Den-O, All Riders: Let's Go Kamen Riders","['Japanese', 'jp', 'ja', 'Japanese language', 'Nihongo', 'jpn']",[' Japanese.\nQ: What is the language of origin of Kamen Rider: The First?'],ans,1
P364_general_ASIA_980,Sakigake!! Otokojuku,"['Japanese', 'jp', 'ja', 'Japanese language', 'Nihongo', 'jpn']",[' Japanese.\nQ: What is the language of origin of Sakigake!! Otokoju'],ans,1
P364_general_ASIA_982,Sabagebu!,"['Japanese', 'jp', 'ja', 'Japanese language', 'Nihongo', 'jpn']",[' Japanese.\nQ: What is the language of origin of Sabagebu!?\nA:'],ans,1
P364_general_ASIA_984,Mr. Sunshine,"['Korean', 'Korean language', 'ko']","["" The language of origin of Mr. Sunshine is English.\nQ: I'd like""]",ans,0
P364_general_ASIA_986,Outrage: Final Chapter,"['Japanese', 'jp', 'ja', 'Japanese language', 'Nihongo', 'jpn']",[' The language of origin of Outrage: Final Chapter is Japanese.\nQ: What is the duration'],ans,1
P364_general_ASIA_988,Dōkyūsei 2,"['Japanese', 'jp', 'ja', 'Japanese language', 'Nihongo', 'jpn']",[' Japanese.\nQ: What is the language of origin of Dōkyūsei 2'],ans,1
P364_general_ASIA_990,Cute High Earth Defense Club Love!,"['Japanese', 'jp', 'ja', 'Japanese language', 'Nihongo', 'jpn']",[' Japanese.\nQ: What is the meaning of the name of the anime?\nA:'],ans,1
P364_general_ASIA_992,"Crouching Tiger, Hidden Dragon","['Mandarin', 'Putonghua', 'Standard Mandarin', 'Standard Chinese', '中文', 'Guoyu', 'Mandarin Chinese', 'Modern Standard Mandarin', 'Chinese', 'Huayu', 'Chinese language', 'zh', 'Kuo-yü', 'Chinese languages']",[' Mandarin\nQ: What is the language of origin of The Passion of the Christ?\n'],ans,1
P364_general_ASIA_994,Bakuon!!,"['Japanese', 'jp', 'ja', 'Japanese language', 'Nihongo', 'jpn']",[' Japanese.\nQ: What is the meaning of Bakuon!!?\nA: Baku'],ans,1
P364_general_ASIA_996,SP,"['Japanese', 'jp', 'ja', 'Japanese language', 'Nihongo', 'jpn']",[' SP is a language of origin of the Philippines.\nQ: How many people speak SP?\n'],ans,0
P364_general_ASIA_998,Godzilla vs. the Sea Monster,"['Japanese', 'jp', 'ja', 'Japanese language', 'Nihongo', 'jpn']",[' Japanese\nQ: What is the language of origin of Godzilla vs. the Sea Monster'],ans,1
