﻿uuid,sub_label,obj_label,choices,ans_type,acc
P36_general_WESTERN_COUNTRIES_0,Switzerland,"['city of Bern', 'Bern', 'Berne', 'Berna']",[' Geneva.\nQ: What is the capital of Canada?\nA: Ottawa.\n'],ans,0
P36_general_WESTERN_COUNTRIES_1,Italy,"['Rome, Italy', 'City of Seven Hills', 'Rome', 'The Eternal City', 'Roma']",[' Rome.\nQ: What is the capital of Germany?\nA: Germany.\nQ:'],ans,1
P36_general_WESTERN_COUNTRIES_2,France,"['City of Love', 'Paris', 'City of Light', 'Lutetia']",[' Paris.\nQ: What is the capital of Italy?\nA: Rome.\nQ:'],ans,1
P36_general_WESTERN_COUNTRIES_3,Canada,"['City of Ottawa', 'Bytown', 'Ottawa, ON', 'Ottawa', 'Ottawa, Ontario']",[' Ottawa.\nQ: What is the capital of Ontario?\nA: Toronto.\nQ'],ans,1
P36_general_WESTERN_COUNTRIES_4,United Kingdom,"['London UK', 'Trinovantum', 'Lond.', 'Loniniensi', 'Lon.', 'Lunden', 'Loñ.', 'Greater London', 'Llyn Dain', 'London, United Kingdom', 'Londinion', 'Loñ', 'Llan Dian', 'London, UK', 'Londinio', 'Lundenburh', 'Big Smoke', 'Augusta', 'Kaerlud', 'Londinium', 'London, England', 'London U.K.', 'Lundenburgh', 'the Big Smoke', 'Karelundein', 'Lundenwic', 'London', 'Londiniensium', 'Londini']",[' London is the capital of United Kingdom.\nQ: What is the currency of United Kingdom?\n'],ans,1
P36_general_WESTERN_COUNTRIES_5,United States of America,"['Washington, District of Columbia', 'Washington D.C.', 'Washington, D.C., U.S.', 'DC', 'Washington', 'Washington, D.C.', 'Washington, DC', 'D.C.', 'The District', 'District of Columbia', 'Washington DC', 'US-DC']","[' Washington, D.C.\nQ: What is the capital of Canada?\nA: Ott']",opt,1
P36_general_WESTERN_COUNTRIES_6,Spain,"['Madrid', 'Madrid, Spain']",[' Madrid.\nQ: What is the capital of France?\nA: Paris.\nQ:'],ans,1
P36_general_WESTERN_COUNTRIES_7,Portugal,"['Lisboa', 'Lisbon']",[' Lisbon.\nQ: What is the capital of Italy?\nA: Rome.\nQ'],ans,1
P36_general_WESTERN_COUNTRIES_8,Germany,"['Berlin (Germany)', 'Berlin', 'DE-BE', 'Berlin, Germany']",[' Berlin.\nQ: What is the capital of France?\nA: Paris.\nQ:'],ans,1
P36_general_WESTERN_COUNTRIES_9,Austria,"['W', 'Vienna', 'Vienna, Austria', 'Wien']",[' Vienna.\nQ: What is the capital of Australia?\nA: Sydney.\nQ:'],ans,1
P36_general_WESTERN_COUNTRIES_10,Luxembourg,"['Luxembourg', 'Luxembourg City', 'Luxemburg', 'City of Luxembourg']",[' Luxembourg.\nQ: What is the capital of France?\nA: Paris.\nQ'],ans_check,1
P36_general_WESTERN_COUNTRIES_11,Republic of Ireland,"['Dublin, Ireland', 'Dublin city', 'City of Dublin', 'Dublin', 'Baile Átha Cliath']",[' Dublin is the capital of Republic of Ireland.\nQ: What is the currency of Republic of Ireland'],ans,1
P36_general_WESTERN_COUNTRIES_12,New Zealand,"['Wellington, NZ', 'Wellington', 'Wellington metropolitan area', 'Te Whanga-nui-a-Tara', 'Wellington, New Zealand']",[' Wellington.\nQ: What is the capital of Canada?\nA: Ottawa.\n'],ans,1
P36_general_WESTERN_COUNTRIES_13,Australia,"['Canberra, Australia', 'Canberra, Australian Capital Territory', 'Canberra']",[' About $1000.\nQ: What is the capital of Kuwait?\n'],ans,0
P36_general_WESTERN_COUNTRIES_14,Belgium,"['Brussels', 'BXL', 'Ville de Bruxelles', '02', 'Brussels (municipality)', 'Stad Brussel', 'Bru', 'Brussels, Belgium', 'Bruxelles', 'Brussels City', 'Brussel']",[' Brussels.\nQ: What is the capital of Wisconsin?\nA: W.\n'],ans,1
P36_general_WESTERN_COUNTRIES_15,Liechtenstein,['Vaduz'],[' Your highness.\nQ: What is the capital of France?\nA: F.\n'],ans,0
P36_general_WESTERN_COUNTRIES_16,Monaco,"['Monaco-Ville', 'City of Monaco', 'Monaco', 'Monaco City']",[' Monaco.\nQ: What is the capital of France?\nA: Paris.\nQ'],ans_check,1
P36_general_WESTERN_COUNTRIES_17,Andorra,['Andorra la Vella'],[' Andorra la Vella.\nQ: What is the capital of the Bahamas?'],ans,0
P36_general_WESTERN_COUNTRIES_18,San Marino,"['San Marino', 'City of San Marino']",[' San Marino.\nQ: What is the capital of the Netherlands?\nA: Amsterdam.'],ans_check,1
