﻿uuid,sub_label,obj_label,choices,ans_type,acc
P36_general_ASIA_0,Japan,"['Tōkyō-to', 'Tokyo Metropolis', 'Tokio', 'Tôkyô', 'Tokyo, Japan', 'Tokyo Prefecture', 'Tōkyō', 'Tokyo-to', 'Tokyo Metropolitan prefecture', 'Tokei', 'Tokyo (Japan)', 'Tôkyô-to', 'Tokyo']","[' Tokyo, Japan.\nQ: What is the capital of Italy?\nA: Rome, Italy']",ans,1
P36_general_ASIA_1,People's Republic of China,"['Pe-king', 'Khanbalik', 'Yan-ching', 'Beijing', ""Peip'ing"", 'Peiping', 'Zhongdu', 'Khanbaliq', 'Chungtu', 'BJ', 'Peking', 'Yanjing', 'Beiping', 'Shuntian Fu', 'Chung-tu', 'Shuntianfu', ""Shun-t'ien"", ""Pei-p'ing"", 'Shuntian', 'Pekin', 'Yanking', 'Pei-ching', 'Shun-tien', 'Pei-ping']",[' Beijing.\nQ: What is the capital of the United States of America?\nA'],ans,1
P36_general_ASIA_2,Taiwan,"['The City of Azaleas', 'City of Taipei', 'Taipei City', 'Taibei', 'Taipei']",[' Taipei.\nQ: What is the capital of Thailand?\nA: Bangk'],ans,1
P36_general_ASIA_3,Thailand,"[""Sia-Yut'hia"", 'Krung Thep Maha Nakhon', 'Krung Thep', 'Krungthepmahanakhon Amonrattanakosin Mahintharayutthaya Mahadilokphop Noppharatratchathaniburirom Udomratchaniwetmahasathan Amonphimanawatansathit Sakkathattiyawitsanukamprasit', 'Bangkok']",[' Bangkok.\nQ: What is the capital of England?\nA: London.\n'],ans,1
P36_general_ASIA_4,Philippines,"['City of Manila', 'Pearl of the Orient', 'Queen City of the Pacific and others', 'Manila']",[' The capital of Philippines is Manila.\nQ: What is the currency of Philippines?\nA'],ans,1
P36_general_ASIA_5,Vietnam,"['Hanoi', 'Ha Noi', 'Đại La', 'Hà Nội', 'Tonkin', 'Thang Long', 'Dong Do']","[' There are many ""capitals"" in Vietnam, as Vietnam\'s government structure is centralized']",ans,0
P36_general_ASIA_6,Singapore,"['Garden City', 'Singapore', '🇸🇬', ""S'pore"", 'SG', 'Singapore City', 'SIN', 'sg', 'Republic of Singapore', 'Lion City', 'SGP']","[' Singapore.\nQ: What is the capital of the United States?\nA: Washington, D']",ans_check,1
P36_general_ASIA_7,South Korea,"['Keijō', ""Sŏul T'ŭkpyŏlsi"", 'Seoul City', 'Hanseong', 'Namgyeong', 'Gyeongseong', 'Hanyang', 'Wiryeseong', 'Seoul', 'Keijou']",[' Seoul.\nQ: What is the capital of North Korea?\nA: Pyongy'],ans,1
P36_general_ASIA_8,North Korea,"['Pyongyang', 'Capital of Revolution', 'Ryugyong']",[' Pyongyang.\nQ: What is the capital of South Korea?\nA: Se'],ans,1
P36_general_ASIA_9,Myanmar,"['Nay Pyi Taw', 'Naypyidaw', 'Naypyitaw']",[' Naypyidaw\nQ: What is the capital of the Philippines?\nA: Man'],ans,1
P36_general_ASIA_10,Indonesia,"['Jakarta', 'Special Capital Region of Jakarta', 'Jakarta, Indonesia', 'Djakarta', 'JKT', 'Jacarta', 'Jakarta Province']",[' Jakarta.\nQ: What is the capital of Canada?\nA: Ottawa.\n'],ans,1
P36_general_ASIA_11,Malaysia,"['KL', 'Federal Territory of Kuala Lumpur', 'Kuala Lumpur', 'K.L.']",[' Kuala Lumpur\nQ: What is the capital of the Philippines?\nA:'],ans,1
P36_general_ASIA_12,Mongolia,"['Ulan Bator', 'Wulan Batuo', 'Ulan-Bator', 'Kulun', 'East Hüree', 'Khan of Urga', 'Niislel Hüree', 'Ulaanbaatar', 'Ih Huree', 'Hüree']",[' Ulan Bator.\nQ: What is the capital of the United States?\nA:'],ans,1
