﻿uuid,sub_label,obj_label,choices,ans_type,acc
P37_general_ASIA_0,Japan,"['Japanese', 'jp', 'ja', 'Japanese language', 'Nihongo', 'jpn']",[' Japanese.\nQ: What is the official language of the United States?\nA: English.'],ans,0
P37_general_ASIA_1,People's Republic of China,"['Mandarin', 'Putonghua', 'Standard Mandarin', 'Standard Chinese', '中文', 'Guoyu', 'Chinese language', 'Modern Standard Mandarin', 'Huayu', 'Chinese', 'zh', 'Kuo-yü', 'Chinese languages']","["" The official language of People's Republic of China is Mandarin.\nQ: What is the""]",ans,1
P37_general_ASIA_2,Taiwan,"['Formosan languages', 'Mandarin', 'Putonghua', 'Guóyǔ', '中文', 'Austronesian', 'Guoyu', 'Austronesian languages', 'Taiwanese Mandarin', 'Chinese language', 'Huayu', 'Táiwān Huáyǔ', 'Amis', 'pwn', 'zh_TW', 'zh-TW', 'Chinese', 'Standard Taiwanese Mandarin', 'Chinese languages', 'Amis language', 'Standard Chinese', 'nan-TW', 'Paiwan', 'zh', 'Kuo-yü', 'Biāozhǔn Guóyǔ', 'Formosan', 'Standard Mandarin', 'Taiwanese Hokkien', 'Modern Standard Mandarin', 'Taiwanese', 'Paiwan language', 'Standard Guoyu', 'ami']",[' Mandarin Chinese is the official language of Taiwan.\nQ: What is the currency of Taiwan?'],ans,1
P37_general_ASIA_3,Thailand,"['Central Thai', 'Siamese language', 'th', 'Siamese', 'Thai language', 'tha', 'Thai']",[' Thai is the official language of Thailand.\nQ: What is the official currency of Th'],ans,1
P37_general_ASIA_4,Philippines,"['eng', 'Filipino language', 'Standard Tagalog', 'Austronesian', 'en', 'English', 'Austronesian languages', 'fil', 'Filipino', 'Pilipino language', 'English language']",[' The official language of Philippines is Filipino.\nQ: What is the largest city in Philippines?'],ans,1
P37_general_ASIA_5,Vietnam,"['Vietnamese language', 'vi', 'tiếng Việt', 'Vietnamese', 'vie']",[' Vietnamese is the official language of Vietnam.\nQ: What is the official currency of Vietnam?'],ans,0
P37_general_ASIA_6,Singapore,"['Mandarin', 'Putonghua', 'ta', '中文', 'Austronesian', 'Guoyu', 'Austronesian languages', 'Chinese language', 'Huayu', 'en', 'Chinese', 'Tamil', 'Malay', 'Chinese languages', 'Malay macrolanguage', 'Malay language', 'Standard Chinese', 'ms', 'English', 'zh', 'Kuo-yü', 'eng', 'Tamil language', 'Standard Mandarin', 'msa', 'Modern Standard Mandarin', 'English language']","[' The official languages of Singapore are English, Malay, Mandarin and Tamil.\nQ:']",ans,1
P37_general_ASIA_7,South Korea,"['KSL', 'ko', 'kvk', 'Korean Sign Language', 'Korean language', 'Korean']",[' The official language of South Korea is Korean.\nQ: What is the capital city of South Korea'],ans,1
P37_general_ASIA_8,North Korea,"['ko-KP', 'Munhwaŏ', 'North Korean standard language', 'ko', 'Korean language', 'Korean', 'ko-kp', 'ko_KP']",[' The official language of North Korea is Korean.\nQ: What is the North Korean currency?\n'],ans,1
P37_general_ASIA_9,Myanmar,"['en-MM', 'Mya', 'Myanmar', 'my', 'Burmese language', 'Burmese English', 'Burmese', 'MM']",[' The official language of Myanmar is Burmese.\nQ: What is the official currency'],ans_check,1
P37_general_ASIA_10,Indonesia,"['Javanese language', 'jav', 'ind', 'Indonesian', 'باسا جاوا\u200e', 'Indonesian language', 'basa Jawa', 'bahasa Indonesia', 'Austronesian', 'jv', 'id', 'Bahasa', 'Austronesian languages', 'ꦧꦱꦗꦮ', 'Javanese']",[' The official language of Indonesia is Bahasa Indonesia.\nQ: What is the official currency'],ans,1
P37_general_ASIA_11,Malaysia,"['Malay macrolanguage', 'Malay language', 'Austronesian', 'ms', 'Austronesian languages', 'msa', 'Malay']",[' Bahasa Malaysia is the official language of Malaysia. English is widely spoken in Malaysia.'],ans,0
P37_general_ASIA_12,Mongolia,"['mn', 'Khalka', 'Mongol', 'Mongolian', 'Mongolian language']",[' The official language of Mongolia is Mongolian.\nQ: What is the official currency of'],ans,0
