﻿uuid,sub_label,obj_label,choices,ans_type,acc
P37_general_WESTERN_COUNTRIES_0,Switzerland,"['Rumantsch', 'French', 'Romansh Language', 'Italiano', 'it', 'Romansch language', 'German', 'Romanche language', 'Romansh language', 'French language', 'Romansch', 'Romansh', 'fr', 'de', 'rm', 'Rumantsh', 'German language', 'fra', 'Rumantsch language', 'Italian', 'Rumantsh language', 'Romanche', '(fr)', 'Italian language']","[' The official languages of Switzerland are German, French, Italian and Romansh.\nQ: What']",ans,1
P37_general_WESTERN_COUNTRIES_1,Italy,"['Italian language', 'Italian', 'it', 'Italiano']",[' Italian is the official language of Italy.\nQ: What is the capital city of Italy?\n'],ans,1
P37_general_WESTERN_COUNTRIES_2,France,"['fra', 'fr', '(fr)', 'French language', 'French']",[' French.\nQ: What is the official language of Germany?\nA: German.\nQ'],ans,1
P37_general_WESTERN_COUNTRIES_3,Canada,"['eng', 'fra', 'fr', 'en', 'English', '(fr)', 'French language', 'French', 'English language']",[' English and French.\nQ: What is the capital of Canada?\nA: Ottawa.'],ans,1
P37_general_WESTERN_COUNTRIES_4,United Kingdom,"['en', 'English', 'eng', 'English language']",[' The official language of United Kingdom is English.\nQ: What is the capital city of United Kingdom'],ans,1
P37_general_WESTERN_COUNTRIES_5,United States of America,"['en', 'English', 'eng', 'English language']",[' The official language of United States of America is English.\nQ: What is the capital city of'],ans,1
P37_general_WESTERN_COUNTRIES_6,Spain,"['Castilian', 'es', 'Spanish', 'Spanish language', 'Español', 'Castilian language']",[' Spanish is the official language of Spain.\nQ: What is the capital of Spain?\nA'],ans,1
P37_general_WESTERN_COUNTRIES_7,Portugal,"['pt', 'Portuguese', 'Mirandese', 'Mirandese language', 'mwl', 'Portuguese language']",[' The official language of Portugal is Portuguese.\nQ: What is the capital city of Portugal?\n'],ans,1
P37_general_WESTERN_COUNTRIES_8,Germany,"['German', 'de', 'German language']",[' German.\nQ: What is the official language of Switzerland?\nQ: What is the official'],ans,1
P37_general_WESTERN_COUNTRIES_9,Austria,"['German', 'de', 'German language']",[' The official language of Austria is German.\nQ: What is the capital city of Austria?\n'],ans,1
P37_general_WESTERN_COUNTRIES_10,Luxembourg,"['Luxembourgish', 'German language', 'fra', 'ltz', 'fr', 'Luxembourg language', 'Luxemburgish', 'Luxembourgish language', 'Luxemburgish language', 'German', '(fr)', 'de', 'Letzeburgesch', 'French language', 'lb', 'French', 'Lëtzebuergesch']",[' Luxembourgish is the official language of Luxembourg.\nQ: What is the capital of Luxemb'],ans,0
P37_general_WESTERN_COUNTRIES_11,Republic of Ireland,"['Irish', 'eng', 'gaelic', 'en', 'English', 'ga', 'Irish language', 'Gaeilge', 'English language']",[' The official language of Republic of Ireland is English.\nQ: What is the largest city in Republic'],ans,1
P37_general_WESTERN_COUNTRIES_12,New Zealand,"['eng', 'mao', 'Māori language', 'Austronesian', 'Maori language', 'en', 'English', 'Austronesian languages', 'Māori', 'mi', 'Maori', 'English language']",[' English is the official language of New Zealand.\nQ: What is the official currency of New Zealand'],ans,1
P37_general_WESTERN_COUNTRIES_13,Australia,"['en', 'English', 'eng', 'English language']",[' English is the official language of Australia and is spoken by the majority of the population. Australian English is'],ans,1
P37_general_WESTERN_COUNTRIES_14,Belgium,"['Dutch language', 'Dutch', 'Flemish', 'French', 'ned', 'Netherlandic language', 'Netherlandic', 'German', 'Nederlands', 'French language', 'fr', 'Netherlandish', 'nl', 'de', 'Flemish language', 'German language', 'fra', 'nld', '(fr)']","[' The official languages of Belgium are Dutch, French and German.\nQ: What is the capital']",ans,1
P37_general_WESTERN_COUNTRIES_15,Liechtenstein,"['German', 'de', 'German language']",[' The official language of Liechtenstein is German.\nQ: What is the capital city of Lie'],ans,1
P37_general_WESTERN_COUNTRIES_16,Monaco,"['fra', 'fr', '(fr)', 'French language', 'French']",[' The official language of Monaco is French.\nQ: What is the capital city of Monaco'],ans,1
P37_general_WESTERN_COUNTRIES_17,Andorra,"['Catalan language', 'Catalan', 'Valencià', 'Valencian language', 'Català', 'Valencian', 'ca', 'Catalan-Valencian-Balearic']",[' The official language of Andorra is Catalan.\nQ: What is the capital city of'],ans,1
P37_general_WESTERN_COUNTRIES_18,San Marino,"['Italian language', 'Italian', 'it', 'Italiano']",[' The official language of San Marino is Italian.\nQ: What is the capital city of San'],ans,1
