﻿uuid,sub_label,obj_label,choices,ans_type,acc
P449_general_WESTERN_COUNTRIES_0,Game of Thrones,"['HBO Family', 'Home Box Office', 'HBO']",[' Game of Thrones was originally aired on HBO.\nQ: What is the name'],ans,1
P449_general_WESTERN_COUNTRIES_2,Grey's Anatomy,"['American Broadcasting Company', 'ABC']","["" Grey's Anatomy was originally aired on ABC.\nQ: Who is the cre""]",ans,1
P449_general_WESTERN_COUNTRIES_4,The Lord of the Rings: The Rings of Power,"['Amazon Instant Video', 'Amazon Prime Video', 'Amazon Unbox', 'Amazon Prime', 'Amazon Video On Demand', 'Amazon Video']",[' The Lord of the Rings: The Rings of Power was originally aired on The History Channel'],ans,0
P449_general_WESTERN_COUNTRIES_6,"Gute Zeiten, schlechte Zeiten","['Radio Télévision Luxembourg', 'RTL Fernsehen', 'RTL plus', 'RTL Television', 'RTL Television GmbH', 'RTL', 'Radio Télé Luxemburg']","[' Gute Zeiten, schlechte Zeiten was originally aired on RTL.\nQ']",ans,1
P449_general_WESTERN_COUNTRIES_8,Elementary,"['Tiffany Network', 'Eye Network', 'Columbia Broadcasting System', 'CBS', 'Black Rock']",[' The show was originally aired on CBS.\nQ: What is the name of the show’'],ans,1
P449_general_WESTERN_COUNTRIES_10,EastEnders,"['BBC One', 'BBC Television Service', 'BBC Two', 'BBC1', 'BBC TV', 'BBC 1', 'BBC 2', 'BBC2']",[' EastEnders was originally aired on BBC One.\nQ: What is the name of the'],ans,1
P449_general_WESTERN_COUNTRIES_12,The Walking Dead,"['AMC', 'AMC Network', 'AMC network', 'AMC (television channel)', 'American Movie Channel', 'Filmcritic.com', 'AMC (TV Network)', 'AMC (TV network)', 'American Movie Classics']",[' The Walking Dead was originally aired on AMC.\nQ: What is the duration of'],ans,1
P449_general_WESTERN_COUNTRIES_14,American Horror Story,"['FX', 'fX', 'Fox extended', 'FX network']",[' American Horror Story was originally aired on FX.\nQ: Who is the creator'],ans,1
P449_general_WESTERN_COUNTRIES_16,New Amsterdam,"['National Broadcasting Company', 'NBC']",[' New Amsterdam was originally aired on FOX.\nQ: What is the name of the song'],ans,0
P449_general_WESTERN_COUNTRIES_18,Halt and Catch Fire,"['AMC', 'AMC Network', 'AMC network', 'AMC (television channel)', 'American Movie Channel', 'Filmcritic.com', 'AMC (TV Network)', 'AMC (TV network)', 'American Movie Classics']",[' Halt and Catch Fire was originally aired on AMC.\nQ: What is the'],ans,1
P449_general_WESTERN_COUNTRIES_20,Mayday,"['The Discovery Channel', 'TV National Geographic Channel Animal in Germany', 'Discovery.com', 'National Geographic Channel', 'Discovery', 'Smithsonian Channel', 'Discovery Channel', 'Discovery Korea']",[' Mayday was originally aired on Discovery Channel Canada.\nQ: What is the name of'],ans,1
P449_general_WESTERN_COUNTRIES_22,Strictly Come Dancing,"['BBC One', 'BBC Television Service', 'BBC1', 'BBC TV', 'BBC 1']",[' BBC One\nQ: What is the name of the Strictly Come Dancing theme tune'],ans,1
P449_general_WESTERN_COUNTRIES_24,Stranger Things,"['Net Flix', 'Netflix.com', 'Netflix']",[' Stranger Things was originally aired on Netflix.\nQ: What is the genre of'],ans,1
P449_general_WESTERN_COUNTRIES_26,Parks and Recreation,"['National Broadcasting Company', 'NBC']",[' Parks and Recreation was originally aired on NBC.\nQ: Who is the'],ans,1
P449_general_WESTERN_COUNTRIES_28,Black Mirror,"['Netflix.com', 'C4', 'Netflix', 'Channel 4', 'Net Flix']",[' Black Mirror was originally aired on Channel 4.\nQ: What is the name of'],ans,1
P449_general_WESTERN_COUNTRIES_30,She-Hulk: Attorney at Law,"['Disney+ Hotstar (India & Asia)', 'Disney Plus', 'Disney+ Star (Europe & Asia)', 'Disney+']",[' She-Hulk: Attorney at Law was originally aired on Disney XD.\nQ'],ans,1
P449_general_WESTERN_COUNTRIES_32,Arrow,"['The CW', 'The CW Television Network']",[' Arrow was originally aired on The CW.\nQ: Who is the main character of'],ans,1
P449_general_WESTERN_COUNTRIES_34,Friends,"['National Broadcasting Company', 'NBC']",[' NBC\nQ: What is the name of the coffee shop in Friends?\nA:'],ans,1
P449_general_WESTERN_COUNTRIES_36,The Daily Show,['Comedy Central'],[' Comedy Central\nQ: What is the name of the show that Jon Stewart hosted before The Daily'],ans,1
P449_general_WESTERN_COUNTRIES_38,Succession,"['HBO Family', 'Home Box Office', 'HBO']",[' Succession was originally aired on HBO.\nQ: What is the name of the'],ans,1
P449_general_WESTERN_COUNTRIES_40,Manifest,"['Netflix.com', 'Netflix', 'National Broadcasting Company', 'NBC', 'Net Flix']",[' NBC\nQ: What is the name of the plane that the passengers were on?\nA'],ans,1
P449_general_WESTERN_COUNTRIES_42,Saturday Night Live,"['National Broadcasting Company', 'NBC']",[' NBC\nQ: What was the name of the first host of Saturday Night Live?\nA'],ans,1
P449_general_WESTERN_COUNTRIES_44,Sanremo Music Festival,"['Programma Nazionale (1952-1976)', 'Rai Uno', 'Rete 1 (1976-1983)', 'Rai 1']",[' RAI\nQ: What is the name of the song that won the 1951'],ans,0
P449_general_WESTERN_COUNTRIES_46,Family Guy,"['Fox Broadcasting Company', 'FOX']",[' Family Guy was originally aired on Fox.\nQ: What is the name of the dog in'],ans,1
P449_general_WESTERN_COUNTRIES_48,Forever,"['American Broadcasting Company', 'ABC']",[' Forever was originally aired on ABC.\nQ: What is the name of the actor who'],ans,1
P449_general_WESTERN_COUNTRIES_50,South Park,['Comedy Central'],[' Comedy Central\nQ: What is the name of the South Park movie?\nA: South'],ans,1
P449_general_WESTERN_COUNTRIES_52,Adult Swim,['Cartoon Network'],[' Adult Swim was originally aired on Cartoon Network.\nQ: What is the name'],ans,1
P449_general_WESTERN_COUNTRIES_54,Charmed,"['The WB Television Network', 'The WB']",[' Charmed was originally aired on the WB network.\nQ: What is the name of'],ans,1
P449_general_WESTERN_COUNTRIES_56,The Big Bang Theory,"['Tiffany Network', 'Eye Network', 'Columbia Broadcasting System', 'CBS', 'Black Rock']",[' The Big Bang Theory was originally aired on CBS.\nQ: What is the duration of The'],ans,1
P449_general_WESTERN_COUNTRIES_58,Snowpiercer,"['TNT USA', 'TNT', 'Turner Network Television']",[' Snowpiercer was originally aired on TNT.\nQ: What is the name of'],ans,1
P449_general_WESTERN_COUNTRIES_60,Smallville,"['The WB Television Network', 'The WB']",[' The WB\nQ: What is the name of the actor who plays Clark Kent?\nA'],ans,1
P449_general_WESTERN_COUNTRIES_62,"Doctor Who, series 5","['BBC One', 'BBC Television Service', 'BBC1', 'BBC TV', 'BBC 1']","["" BBC One\nQ: What is the name of the Doctor's time machine?\nA:""]",ans,1
P449_general_WESTERN_COUNTRIES_64,Coronation Street,"['ITV', 'Independent Television']",[' Coronation Street was originally aired on ITV.\nQ: What is the name of'],ans,1
P449_general_WESTERN_COUNTRIES_66,America's Got Talent,"['National Broadcasting Company', 'NBC']","["" America's Got Talent was originally aired on NBC.\nQ: Who is the""]",ans,1
P449_general_WESTERN_COUNTRIES_68,Money Heist,['Antena 3'],[' Money Heist was originally aired on Antena 3.\nQ: Who is'],ans,1
P449_general_WESTERN_COUNTRIES_70,Community,"['National Broadcasting Company', 'NBC']",[' Community was originally aired on NBC.\nQ: What is the name of the college that'],ans,1
P449_general_WESTERN_COUNTRIES_72,Star Trek: The Original Series,"['National Broadcasting Company', 'NBC']",[' NBC\nQ: What was the name of the first episode of Star Trek: The Original'],ans,1
P449_general_WESTERN_COUNTRIES_74,The Handmaid's Tale,"['Hulu', 'hulu.com']","["" The Handmaid's Tale was originally aired on Hulu.\nQ: Who""]",ans,1
P449_general_WESTERN_COUNTRIES_76,The View,"['American Broadcasting Company', 'ABC']",[' The View was originally aired on ABC.\nQ: What is the name of the show that'],ans,1
P449_general_WESTERN_COUNTRIES_78,Good Trouble,"['CBN Television Network', 'ABC Family', 'The Family Channel USA', 'CBN Cable', 'Family Channel (USA)', 'Freeform', 'CBN Cable Network', 'Fox Family', 'CBN Satellite Service', 'Family Channel (United States)']",[' Good Trouble was originally aired on Freeform.\nQ: What is the name of the'],ans,1
P449_general_WESTERN_COUNTRIES_80,Jeopardy!,"['National Broadcasting Company', 'NBC']",[' NBC\nQ: What is the name of the Jeopardy! theme song?\n'],ans,1
P449_general_WESTERN_COUNTRIES_82,stinky,"['Fox Broadcasting Company', 'FOX']",[' Stinky was originally aired on the Disney Channel.\nQ: What is the name of'],ans,0
P449_general_WESTERN_COUNTRIES_84,Black Lightning,"['The CW', 'The CW Television Network']",[' The CW\nQ: What is the name of the character that plays Black Lightning?\n'],ans,1
P449_general_WESTERN_COUNTRIES_86,Holby City,"['BBC One', 'BBC Television Service', 'BBC1', 'BBC TV', 'BBC 1']",[' Holby City was originally aired on BBC One.\nQ: What is the name of the'],ans,1
P449_general_WESTERN_COUNTRIES_88,RuPaul's Drag Race,"['Music Television', 'Video Hits One', 'VH-1: Video Hits One', 'VH1', 'VH1: Music First', 'VI+1', 'MTV']","["" RuPaul's Drag Race was originally aired on Logo TV.\nQ: What is""]",ans,0
P449_general_WESTERN_COUNTRIES_90,Miss France,"['Télévision française 1', 'TF1']",[' Miss France was originally aired on TF1.\nQ: What is the duration of Miss'],ans,1
P449_general_WESTERN_COUNTRIES_92,Buffy the Vampire Slayer,"['The WB Television Network', 'The WB', 'United Paramount Network', 'UPN']",[' The WB\nQ: What is the name of the character that was played by Sarah Michelle'],ans,1
P449_general_WESTERN_COUNTRIES_94,What If...?,"['Disney+ Hotstar (India & Asia)', 'Disney Plus', 'Disney+ Star (Europe & Asia)', 'Disney+']",[' The Disney Channel.\nQ: What is the name of the show that What If...? was'],ans,1
P449_general_WESTERN_COUNTRIES_96,13 Reasons Why,"['Net Flix', 'Netflix.com', 'Netflix']",[' 13 Reasons Why was originally aired on Netflix.\nQ: Who is'],ans,1
P449_general_WESTERN_COUNTRIES_98,The Legend of Korra,"['Nick', 'Pinwheel', 'Nickelodeon']",[' The Legend of Korra was originally aired on Nickelodeon.\nQ: What'],ans,1
P449_general_WESTERN_COUNTRIES_100,It,"['American Broadcasting Company', 'ABC']",[' It was originally aired on ABC.\nQ: What is the name of the town where It'],ans,1
P449_general_WESTERN_COUNTRIES_102,Sense8,"['Net Flix', 'Netflix.com', 'Netflix']",[' Sense8 was originally aired on Netflix.\nQ: Who is the creator'],ans,1
P449_general_WESTERN_COUNTRIES_104,Futurama,"['Fox Broadcasting Company', 'Comedy Central', 'FOX']",[' Futurama was originally aired on Fox.\nQ: What is the name of the robot'],ans,1
P449_general_WESTERN_COUNTRIES_106,Good Girls,"['National Broadcasting Company', 'NBC']",[' Good Girls was originally aired on NBC.\nQ: What is the name of the theme'],ans,1
P449_general_WESTERN_COUNTRIES_108,Legends of Tomorrow,"['The CW', 'The CW Television Network']",[' Legends of Tomorrow was originally aired on The CW.\nQ: What is the'],ans,1
P449_general_WESTERN_COUNTRIES_110,30 Rock,"['National Broadcasting Company', 'NBC']",[' 30 Rock was originally aired on NBC.\nQ: What is the name of'],ans,1
P449_general_WESTERN_COUNTRIES_112,Cinderella,"['American Broadcasting Company', 'ABC']",[' Cinderella was originally aired on CBS.\nQ: What is the name of the song'],ans,0
P449_general_WESTERN_COUNTRIES_114,Gravity Falls,"['Disney XD', 'Disney', 'Disney Channel', 'The Disney Channel', 'Baxik TV']",[' Gravity Falls was originally aired on Disney Channel.\nQ: What is the name of'],ans,1
P449_general_WESTERN_COUNTRIES_116,The Mandalorian,"['Disney+ Hotstar (India & Asia)', 'Disney Plus', 'Disney+ Star (Europe & Asia)', 'Disney+']",[' The Mandalorian was originally aired on Disney+.\nQ: Who is the cre'],ans,1
P449_general_WESTERN_COUNTRIES_118,All My Children,"['Hulu', 'hulu.com', 'ABC', 'iTunes', 'American Broadcasting Company', 'Apple iTunes']",[' All My Children was originally aired on ABC.\nQ: What is the name of the fict'],ans,1
P449_general_WESTERN_COUNTRIES_120,Murdoch Mysteries,"['Citytv', 'City', 'City Television']",[' The series was originally aired on Citytv in Canada.\nQ: What is the name of'],ans,1
P449_general_WESTERN_COUNTRIES_122,You,"['Net Flix', 'Netflix.com', 'Netflix']",[' Lifetime\nQ: What is the name of the book that You is based on?\n'],ans,0
P449_general_WESTERN_COUNTRIES_124,The Good Wife,"['Tiffany Network', 'Eye Network', 'Columbia Broadcasting System', 'CBS', 'Black Rock']",[' The Good Wife was originally aired on CBS.\nQ: Who is the creator of'],ans,1
P449_general_WESTERN_COUNTRIES_126,Obi-Wan Kenobi,"['Disney+ Hotstar (India & Asia)', 'Disney Plus', 'Disney+ Star (Europe & Asia)', 'Disney+']",[' The Disney Channel.\nQ: What was the name of the first Star Wars movie?\nA'],ans,1
P449_general_WESTERN_COUNTRIES_128,Modern Family,"['American Broadcasting Company', 'ABC']",[' Modern Family was originally aired on ABC.\nQ: Who is the creator of Modern Family'],ans,1
P449_general_WESTERN_COUNTRIES_130,The West Wing,"['National Broadcasting Company', 'NBC']",[' The West Wing was originally aired on NBC.\nQ: What is the name of the'],ans,1
P449_general_WESTERN_COUNTRIES_132,Westworld,"['HBO Family', 'Home Box Office', 'HBO']",[' Westworld was originally aired on CBS.\nQ: What is the name of the theme song'],ans,0
P449_general_WESTERN_COUNTRIES_134,Got Talent,"['ITV', 'Independent Television', 'National Broadcasting Company', 'NBC']",[' Got Talent was originally aired on ITV in the UK.\nQ: What is the'],ans,1
P449_general_WESTERN_COUNTRIES_136,Runaways,"['Hulu', 'hulu.com']",[' Runaways was originally aired on Hulu.\nQ: How many episodes are in Run'],ans,1
P449_general_WESTERN_COUNTRIES_138,Barry,"['HBO Family', 'Home Box Office', 'HBO']",[' Channel 4\nQ: What is the name of the character that Barry plays in the show?'],ans,0
P449_general_WESTERN_COUNTRIES_140,Seinfeld,"['National Broadcasting Company', 'NBC']",[' Seinfeld was originally aired on NBC.\nQ: What is the name of the'],ans,1
P449_general_WESTERN_COUNTRIES_142,"Doctor Who, series 7","['BBC One', 'BBC Television Service', 'BBC1', 'BBC TV', 'BBC 1']","["" BBC One\nQ: What is the name of the Doctor's time machine?\nA:""]",ans,1
P449_general_WESTERN_COUNTRIES_144,Hawkeye,"['Disney+ Hotstar (India & Asia)', 'Disney Plus', 'Disney+ Star (Europe & Asia)', 'Disney+']",[' Hawkeye was originally aired on ABC.\nQ: What is the name of the theme'],ans,0
P449_general_WESTERN_COUNTRIES_146,Star Trek: Picard,"['CBS All Access', 'Paramount Plus', '10 All Access', 'Paramount+']",[' Star Trek: Picard was originally aired on CBS All Access.\nQ: What is'],ans,1
P449_general_WESTERN_COUNTRIES_148,Gossip Girl,"['The CW', 'The CW Television Network']",[' Gossip Girl was originally aired on The CW.\nQ: What is the name'],ans,1
P449_general_WESTERN_COUNTRIES_150,The Ultimate Fighter,"['Spike', 'Spike Television', 'Spike TV']",[' The Ultimate Fighter was originally aired on Spike TV.\nQ: What is'],ans,1
P449_general_WESTERN_COUNTRIES_152,Thunderbirds,"['ITV', 'Independent Television']",[' Thunderbirds was originally aired on ITV in the UK.\nQ: What is'],ans,1
P449_general_WESTERN_COUNTRIES_154,Twin Peaks,"['American Broadcasting Company', 'ABC']",[' ABC\nQ: What was the name of the diner in Twin Peaks?\nA'],ans,1
P449_general_WESTERN_COUNTRIES_156,Nashville,"['American Broadcasting Company', 'ABC']",[' ABC\nQ: What is the name of the song that is played at the end of the episode'],ans,1
P449_general_WESTERN_COUNTRIES_158,"Doctor Who, series 6","['BBC One', 'BBC Television Service', 'BBC1', 'BBC TV', 'BBC 1']","["" BBC One\nQ: What is the name of the Doctor's time machine?\nA:""]",ans,1
P449_general_WESTERN_COUNTRIES_160,Justice League Action,['Cartoon Network'],"["" Cartoon Network.\nQ: What is the name of the show's theme song?\n""]",ans,1
P449_general_WESTERN_COUNTRIES_162,Kim Possible,"['Disney', 'Disney Channel', 'The Disney Channel']",[' Kim Possible was originally aired on the Disney Channel.\nQ: What is the name of Kim'],ans,1
P449_general_WESTERN_COUNTRIES_164,The Umbrella Academy,"['Net Flix', 'Netflix.com', 'Netflix']",[' The Umbrella Academy was originally aired on Netflix.\nQ: Who is the'],ans,1
P449_general_WESTERN_COUNTRIES_166,New Girl,"['Fox Broadcasting Company', 'FOX']",[' New Girl was originally aired on Fox.\nQ: Who is the creator of New Girl'],ans,1
P449_general_WESTERN_COUNTRIES_168,Unikitty!,['Cartoon Network'],[' Cartoon Network\nQ: What is the name of the character that is voiced by Tara'],ans,1
P449_general_WESTERN_COUNTRIES_170,"Love, Death & Robots","['Net Flix', 'Netflix.com', 'Netflix']","[' Netflix.\nQ: What is the runtime of Love, Death & Robots?\n']",ans,1
P449_general_WESTERN_COUNTRIES_172,Jessica Jones,"['Net Flix', 'Netflix.com', 'Netflix']",[' Jessica Jones was originally aired on Netflix.\nQ: Who is the creator'],ans,1
P449_general_WESTERN_COUNTRIES_174,Archer,"['FX', 'fX', 'Fox extended', 'FX network']",[' FX.\nQ: What is the name of the bar that Archer and his co-'],ans,1
P449_general_WESTERN_COUNTRIES_176,Big Little Lies,"['HBO Family', 'Home Box Office', 'HBO']",[' Big Little Lies was originally aired on HBO.\nQ: Who is the creator'],ans,1
P449_general_WESTERN_COUNTRIES_178,One Tree Hill,"['The WB Television Network', 'The CW', 'The CW Television Network', 'The WB']",[' One Tree Hill was originally aired on The WB.\nQ: What is the name of'],ans,1
P449_general_WESTERN_COUNTRIES_180,iCarly,"['Nick', 'Pinwheel', 'Nickelodeon']",[' iCarly was originally aired on Nickelodeon.\nQ: What is the name'],ans,1
P449_general_WESTERN_COUNTRIES_182,One Life to Live,"['American Broadcasting Company', 'ABC']",[' One Life to Live was originally aired on ABC.\nQ: What is the name of the'],ans,1
P449_general_WESTERN_COUNTRIES_184,Once Upon a Time,"['American Broadcasting Company', 'ABC']",[' Once Upon a Time was originally aired on ABC.\nQ: Who is the creator of'],ans,1
P449_general_WESTERN_COUNTRIES_186,Pretty Little Liarss,"['CBN Television Network', 'ABC Family', 'The Family Channel USA', 'CBN Cable', 'Family Channel (USA)', 'Freeform', 'CBN Cable Network', 'Fox Family', 'CBN Satellite Service', 'Family Channel (United States)']",[' Pretty Little Liars was originally aired on ABC Family.\nQ: What is the name'],ans,1
P449_general_WESTERN_COUNTRIES_188,Cobra Kai,"['YouTube Red', 'YTP', 'YouTube Premium', 'YT Red', 'YT Premium']",[' Cobra Kai was originally aired on YouTube Red.\nQ: What is the runtime of'],ans,1
P449_general_WESTERN_COUNTRIES_190,The Bill,"['ITV', 'Independent Television']",[' The Bill was originally aired on ITV.\nQ: What is the name of the theme'],ans,1
P449_general_WESTERN_COUNTRIES_192,Roseanne,"['American Broadcasting Company', 'ABC']",[' Roseanne was originally aired on ABC.\nQ: What is the name of the actress who'],ans,1
P449_general_WESTERN_COUNTRIES_194,Dexter's Laboratory,['Cartoon Network'],"["" Dexter's Laboratory was originally aired on Cartoon Network.\nQ: What""]",ans,1
P449_general_WESTERN_COUNTRIES_196,Doom Patrol,"['DC Universe', 'dcuniverse.com']",[' Doom Patrol was originally aired on DC Universe.\nQ: Who created Doom'],ans,1
P449_general_WESTERN_COUNTRIES_198,Crazy Ex-Girlfriend,"['The CW', 'The CW Television Network']",[' Crazy Ex-Girlfriend was originally aired on The CW.\nQ: What'],ans,1
P449_general_WESTERN_COUNTRIES_200,Winx Club,"['Nick', 'Pinwheel', 'Nickelodeon']",[' Winx Club was originally aired on Rai 2 in Italy.\nQ: What is'],ans,0
P449_general_WESTERN_COUNTRIES_202,The Mysterious Cities of Gold,"['NHK', 'Nippon Hoso Kyokai', 'Japan Broadcasting Corporation', 'nhk.or.jp', 'Nippon Hōsō Kyōkai']",[' The Mysterious Cities of Gold was originally aired on the French TV channel TF1'],ans,0
P449_general_WESTERN_COUNTRIES_204,Jimmy Kimmel Live!,"['American Broadcasting Company', 'ABC']",[' Jimmy Kimmel Live! was originally aired on ABC.\nQ: What is the name'],ans,1
P449_general_WESTERN_COUNTRIES_206,Hannah Montana,"['Disney', 'Disney Channel', 'The Disney Channel']",[' The Disney Channel.\nQ: What is the name of the band that Hannah Montana is'],ans,1
P449_general_WESTERN_COUNTRIES_208,Molly of Denali,"['PTV', 'PBS Kids']",[' Molly of Denali was originally aired on PBS Kids.\nQ: What is'],ans,1
P449_general_WESTERN_COUNTRIES_210,90210,"['The CW', 'The CW Television Network']",[' Fox\nQ: What is the name of the character played by Shannen Doherty'],ans,0
P449_general_WESTERN_COUNTRIES_212,Avatar: The Last Airbender,"['Nick', 'Pinwheel', 'Nickelodeon']",[' Nickelodeon\nQ: What is the name of the main character in Avatar: The'],ans,1
P449_general_WESTERN_COUNTRIES_214,Hawaii Five-0,"['Tiffany Network', 'Eye Network', 'Columbia Broadcasting System', 'CBS', 'Black Rock']",[' Hawaii Five-0 was originally aired on CBS.\nQ: What is the Hawaii'],ans,1
P449_general_WESTERN_COUNTRIES_216,Today,"['National Broadcasting Company', 'NBC']",[' Today was originally aired on NBC.\nQ: What is the name of the Today theme'],ans,1
P449_general_WESTERN_COUNTRIES_218,The Late Late Show with Craig Ferguson,"['Tiffany Network', 'Eye Network', 'Columbia Broadcasting System', 'CBS', 'Black Rock']",[' The Late Late Show with Craig Ferguson was originally aired on CBS.\nQ:'],ans,1
P449_general_WESTERN_COUNTRIES_220,Timeless,"['National Broadcasting Company', 'NBC']",[' Timeless was originally aired on NBC.\nQ: What is the name of the time'],ans,1
P449_general_WESTERN_COUNTRIES_222,Ash vs Evil Dead,"['STARZ!', 'Starz']",[' Ash vs Evil Dead was originally aired on Starz.\nQ: What is the name'],ans,1
P449_general_WESTERN_COUNTRIES_224,The X Factor,"['ITV', 'Independent Television']",[' The X Factor was originally aired on ITV.\nQ: What is the duration of'],ans,1
P449_general_WESTERN_COUNTRIES_226,The White Lotus,"['HBO Family', 'Home Box Office', 'HBO']",[' The White Lotus was originally aired on the AMC Network.\nQ: What is the'],ans,0
P449_general_WESTERN_COUNTRIES_228,Sons of Anarchy,"['FX', 'fX', 'Fox extended', 'FX network']",[' Sons of Anarchy was originally aired on FX.\nQ: What is the name'],ans,1
P449_general_WESTERN_COUNTRIES_230,The Expanse,"['Amazon Instant Video', 'Amazon Prime Video', 'Amazon Unbox', 'Amazon Prime', 'Amazon Video On Demand', 'Amazon Video']",[' The Expanse was originally aired on Syfy.\nQ: What is the name'],ans,0
P449_general_WESTERN_COUNTRIES_232,Fresh Off the Boat,"['American Broadcasting Company', 'ABC']",[' Fresh Off the Boat was originally aired on ABC.\nQ: What is the name'],ans,1
P449_general_WESTERN_COUNTRIES_234,Loki,"['Disney+ Hotstar (India & Asia)', 'Disney Plus', 'Disney+ Star (Europe & Asia)', 'Disney+']",[' Loki was originally aired on the Disney XD channel.\nQ: What is the name'],ans,1
P449_general_WESTERN_COUNTRIES_236,Tagesschau,"['Deutsches Fernsehen', 'Das Erste', 'Erstes Deutsches Fernsehen']",[' Tagesschau was originally aired on ARD.\nQ: What is the duration of'],ans,0
P449_general_WESTERN_COUNTRIES_238,Servant,"['AppleTV+', 'Apple TV+', 'Apple TV Plus']",[' Servant was originally aired on Apple TV+.\nQ: How many episodes are in Serv'],ans,1
P449_general_WESTERN_COUNTRIES_240,The Good Doctor,"['American Broadcasting Company', 'ABC']",[' The Good Doctor was originally aired on ABC.\nQ: What is the name of the actor'],ans,1
P449_general_WESTERN_COUNTRIES_242,Hannibal,"['National Broadcasting Company', 'NBC']",[' NBC\nQ: What is the name of the character that Mads Mikkelsen plays in'],ans,1
P449_general_WESTERN_COUNTRIES_244,Wizards of Waverly Place,"['Disney', 'Disney Channel', 'The Disney Channel']",[' Wizards of Waverly Place was originally aired on Disney Channel.\nQ: What'],ans,1
P449_general_WESTERN_COUNTRIES_246,The Vampire Diaries,"['The CW', 'The CW Television Network']",[' The Vampire Diaries was originally aired on The CW.\nQ: What is'],ans,1
P449_general_WESTERN_COUNTRIES_248,Batman,"['American Broadcasting Company', 'ABC']",[' Batman was originally aired on ABC.\nQ: What is the name of the actor who'],ans,1
P449_general_WESTERN_COUNTRIES_250,Emily in Paris,"['Net Flix', 'Netflix.com', 'Netflix']",[' Emily in Paris was originally aired on ABC Family.\nQ: Who is the creator'],ans,0
P449_general_WESTERN_COUNTRIES_252,Prison Break,"['Fox Broadcasting Company', 'FOX']",[' Prison Break was originally aired on Fox.\nQ: What is the name of the prison'],ans,1
P449_general_WESTERN_COUNTRIES_254,Ringer,"['The CW', 'The CW Television Network']",[' The CW\nQ: What is the name of the actress who plays Bridget?\nA'],ans,1
P449_general_WESTERN_COUNTRIES_256,America's Next Top Model,"['United Paramount Network', 'UPN']","["" America's Next Top Model was originally aired on UPN.\nQ: What is the""]",ans,1
P449_general_WESTERN_COUNTRIES_258,Sex and the City,"['HBO Family', 'Home Box Office', 'HBO']",[' HBO\nQ: What is the name of the bar that the girls frequent?\nA:'],ans,1
P449_general_WESTERN_COUNTRIES_260,CSI: Crime Scene Investigation,"['Tiffany Network', 'Eye Network', 'Columbia Broadcasting System', 'CBS', 'Black Rock']",[' CSI: Crime Scene Investigation was originally aired on CBS.\nQ: What is'],ans,1
P449_general_WESTERN_COUNTRIES_262,The Boys,"['Amazon Instant Video', 'Amazon Prime Video', 'Amazon Unbox', 'Amazon Prime', 'Amazon Video On Demand', 'Amazon Video']",[' The Boys was originally aired on Amazon Prime Video.\nQ: Who is the creator of'],ans,1
P449_general_WESTERN_COUNTRIES_264,Last Week Tonight with John Oliver,"['HBO Family', 'Home Box Office', 'HBO']",[' Last Week Tonight with John Oliver was originally aired on HBO.\nQ: What is'],ans,1
P449_general_WESTERN_COUNTRIES_266,Bob's Burgers,"['Fox Broadcasting Company', 'FOX']","["" Bob's Burgers was originally aired on Fox.\nQ: What is the name of""]",ans,1
P449_general_WESTERN_COUNTRIES_268,Orange Is the New Black,"['Net Flix', 'Netflix.com', 'Netflix']",[' Netflix\nQ: What is the name of the prison in Orange Is the New Black?'],ans,1
P449_general_WESTERN_COUNTRIES_270,For All Mankind,"['AppleTV+', 'Apple TV+', 'Apple TV Plus']",[' For All Mankind was originally aired on Apple TV+.\nQ: How many seasons'],ans,1
P449_general_WESTERN_COUNTRIES_272,Cowboy Bebop,"['Net Flix', 'Netflix.com', 'Netflix']",[' Cowboy Bebop was originally aired on TV Tokyo in Japan.\nQ: What is'],ans,0
P449_general_WESTERN_COUNTRIES_274,MasterChef,"['BBC', 'British Broadcasting Corporation']",[' MasterChef was originally aired on BBC.\nQ: What is the duration of MasterChe'],ans,1
P449_general_WESTERN_COUNTRIES_276,Orphan Black,"['CTV Sci-Fi Channel', 'Space']",[' Orphan Black was originally aired on BBC America.\nQ: What is the name of the'],ans,0
P449_general_WESTERN_COUNTRIES_278,Friday Night Lights,"['National Broadcasting Company', 'NBC']",[' Friday Night Lights was originally aired on NBC.\nQ: What is the name of'],ans,1
P449_general_WESTERN_COUNTRIES_280,The Good Place,"['National Broadcasting Company', 'NBC']",[' The Good Place was originally aired on NBC.\nQ: What is the name of the'],ans,1
P449_general_WESTERN_COUNTRIES_282,The Tonight Show,"['National Broadcasting Company', 'NBC']",[' WNBT (now WNBC)\nQ: What was the first TV show to be'],ans,0
P449_general_WESTERN_COUNTRIES_284,The Alienist: Angel of Darkness,"['TNT USA', 'TNT', 'Turner Network Television']",[' The Alienist: Angel of Darkness was originally aired on TNT.\nQ:'],ans,1
P449_general_WESTERN_COUNTRIES_286,Space: 1999,"['ITV', 'Independent Television']",[' Space: 1999 was originally aired on ITV in the UK and on the'],ans,1
P449_general_WESTERN_COUNTRIES_288,Arrested Development,"['Netflix.com', 'Netflix', 'FOX', 'Net Flix', 'Fox Broadcasting Company']",[' Fox\nQ: What is the name of the show that Arrested Development is a spin-off'],ans,1
P449_general_WESTERN_COUNTRIES_290,Atypical,"['Net Flix', 'Netflix.com', 'Netflix']",[' Atypical was originally aired on Netflix.\nQ: Who is the creator'],ans,1
P449_general_WESTERN_COUNTRIES_292,BoJack Horseman,"['Net Flix', 'Netflix.com', 'Netflix']",[' BoJack Horseman was originally aired on Netflix.\nQ: Who is the'],ans,1
P449_general_WESTERN_COUNTRIES_294,The Tonight Show with Conan O'Brien,"['National Broadcasting Company', 'NBC']","["" NBC\nQ: What was the name of the first talk show that Conan O'B""]",ans,1
P449_general_WESTERN_COUNTRIES_296,Castle Rock,"['Hulu', 'hulu.com']",[' Hulu\nQ: What is the name of the town in which the show is set?\n'],ans,1
P449_general_WESTERN_COUNTRIES_298,Chilling Adventures of Sabrina,"['Net Flix', 'Netflix.com', 'Netflix']",[' Chilling Adventures of Sabrina was originally aired on Netflix.\nQ:'],ans,1
P449_general_WESTERN_COUNTRIES_300,Cougar Town,"['WTBS', 'SuperStation TBS', 'ABC', 'TBS (American TV channel)', 'tbs', 'American Broadcasting Company', 'SuperStation WTBS', 'TBS']",[' Cougar Town was originally aired on ABC.\nQ: What is the name of the'],ans,1
P449_general_WESTERN_COUNTRIES_302,Locke & Key,"['Net Flix', 'Netflix.com', 'Netflix']",[' The series was originally aired on Netflix.\nQ: How many episodes are there in'],ans,1
P449_general_WESTERN_COUNTRIES_304,The Ed Sullivan Show,"['Tiffany Network', 'Eye Network', 'Columbia Broadcasting System', 'CBS', 'Black Rock']",[' CBS\nQ: What was the name of the band that played on the Ed Sullivan Show'],ans,1
P449_general_WESTERN_COUNTRIES_306,Castlevania,"['Net Flix', 'Netflix.com', 'Netflix']",[' It was originally aired on Netflix.\nQ: What is the name of the song'],ans,1
P449_general_WESTERN_COUNTRIES_308,91st Academy Awards,"['American Broadcasting Company', 'ABC']",[' The 91st Academy Awards was originally aired on ABC.\nQ: Who was the'],ans,1
P449_general_WESTERN_COUNTRIES_310,The Good Fight,"['CBS All Access', 'Paramount Plus', '10 All Access', 'Paramount+']",[' The Good Fight was originally aired on CBS All Access.\nQ: What is the runtime of'],ans,1
P449_general_WESTERN_COUNTRIES_312,Blue's Clues,"['Nick', 'Nick Jr.', 'Pinwheel', 'Nickelodeon']","["" Blue's Clues was originally aired on Nickelodeon.\nQ: What is""]",ans,1
P449_general_WESTERN_COUNTRIES_314,America's Funniest Home Videos,"['American Broadcasting Company', 'ABC']","["" ABC\nQ: What was the name of the first episode of America's Funniest Home""]",ans,1
P449_general_WESTERN_COUNTRIES_316,Dynasty,"['The CW', 'The CW Television Network']",[' Dynasty was originally aired on ABC.\nQ: What is the name of the actress'],ans,0
P449_general_WESTERN_COUNTRIES_318,El Internado,['Antena 3'],"[' El Internado was originally aired on Antena 3, a Spanish television network.\n']",ans,1
P449_general_WESTERN_COUNTRIES_320,Rocko's Modern Life,"['Nick', 'Pinwheel', 'Nickelodeon']","["" Rocko's Modern Life was originally aired on Nickelodeon.\nQ: What""]",ans,1
P449_general_WESTERN_COUNTRIES_322,Skins,"['E4 television station', 'E4 TV channel', 'E4 channel', 'E4']",[' Skins was originally aired on E4 in the UK.\nQ: What is the name'],ans,1
P449_general_WESTERN_COUNTRIES_324,Chicago P.D.,"['National Broadcasting Company', 'NBC']",[' Chicago P.D. was originally aired on NBC.\nQ: Who is the cre'],opt,1
P449_general_WESTERN_COUNTRIES_326,She-Ra and the Princesses of Power,"['Net Flix', 'Netflix.com', 'Netflix']",[' She-Ra and the Princesses of Power was originally aired on Netflix.\n'],ans,1
P449_general_WESTERN_COUNTRIES_328,Big Love,"['HBO Family', 'Home Box Office', 'HBO']",[' HBO\nQ: What is the name of the family in Big Love?\nA: The'],ans,1
P449_general_WESTERN_COUNTRIES_330,Leaving Neverland,"['HBO Family', 'Home Box Office', 'HBO']",[' Leaving Neverland was originally aired on HBO.\nQ: What is the runtime of'],ans,1
P449_general_WESTERN_COUNTRIES_332,Ugly Betty,"['American Broadcasting Company', 'ABC']",[' Ugly Betty was originally aired on ABC.\nQ: Who is the creator of U'],ans,1
P449_general_WESTERN_COUNTRIES_334,Melrose Place,"['The CW', 'The CW Television Network']",[' Melrose Place was originally aired on Fox.\nQ: What is the name of the theme'],ans,0
P449_general_WESTERN_COUNTRIES_336,San Junipero,"['Net Flix', 'Netflix.com', 'Netflix']",[' San Junipero was originally aired on Netflix.\nQ: What is the runtime'],ans,1
P449_general_WESTERN_COUNTRIES_338,Will & Grace,"['National Broadcasting Company', 'NBC']",[' NBC\nQ: What is the name of the character that Megan Mullally plays on'],ans,1
P449_general_WESTERN_COUNTRIES_340,Hell on Wheels,"['AMC', 'AMC Network', 'AMC network', 'AMC (television channel)', 'American Movie Channel', 'Filmcritic.com', 'AMC (TV Network)', 'AMC (TV network)', 'American Movie Classics']",[' Hell on Wheels was originally aired on AMC.\nQ: Who is the creator'],ans,1
P449_general_WESTERN_COUNTRIES_342,MythBusters,"['The Discovery Channel', 'Discovery.com', 'Discovery', 'Discovery Channel', 'Discovery Korea']",[' MythBusters was originally aired on Discovery Channel.\nQ: What is the'],ans,1
P449_general_WESTERN_COUNTRIES_344,Scrubs,"['American Broadcasting Company', 'ABC', 'National Broadcasting Company', 'NBC']",[' Scrubs was originally aired on NBC.\nQ: What is the name of the'],ans,1
P449_general_WESTERN_COUNTRIES_346,Project Runway,"['Bravo', 'Lifetime']",[' Project Runway was originally aired on Bravo.\nQ: What is the name of the'],ans,1
P449_general_WESTERN_COUNTRIES_348,The Powerpuff Girls,['Cartoon Network'],[' The Powerpuff Girls was originally aired on Cartoon Network.\nQ: What is the'],ans,1
P449_general_WESTERN_COUNTRIES_350,The Addams Family,"['American Broadcasting Company', 'ABC']",[' The Addams Family was originally aired on ABC.\nQ: What is the name of the'],ans,1
P449_general_WESTERN_COUNTRIES_352,Last Man Standing,"['Fox Broadcasting Company', 'FOX']",[' Last Man Standing was originally aired on ABC.\nQ: Who is the creator of'],ans,0
P449_general_WESTERN_COUNTRIES_354,Mare of Easttown,"['HBO Family', 'Home Box Office', 'HBO']",[' Mare of Easttown was originally aired on Netflix.\nQ: How many seasons of'],ans,0
P449_general_WESTERN_COUNTRIES_356,Virgin River,"['Net Flix', 'Netflix.com', 'Netflix']",[' Virgin River was originally aired on Netflix.\nQ: How many seasons of Virgin River'],ans,1
P449_general_WESTERN_COUNTRIES_358,American Horror Story: Asylum,"['FX', 'fX', 'Fox extended', 'FX network']",[' American Horror Story: Asylum was originally aired on FX.\nQ: Who'],ans,1
P449_general_WESTERN_COUNTRIES_360,Pawn Stars,"['history.com', 'History', 'The History Channel', 'History Channel']",[' Pawn Stars was originally aired on History Channel.\nQ: What is the name of the'],ans,1
P449_general_WESTERN_COUNTRIES_362,"Beverly Hills, 90210","['Fox Broadcasting Company', 'FOX']",[' Fox\nQ: What was the name of the character played by Shannen Doherty'],ans,1
P449_general_WESTERN_COUNTRIES_364,Touch,"['Fox Broadcasting Company', 'FOX']",[' Touch was originally aired on Fox.\nQ: Who is the creator of Touch?\n'],ans,1
P449_general_WESTERN_COUNTRIES_366,Australian Idol,"['Channel 10', 'Independent Television System', 'Channel Ten', '10 Network', 'Network Ten', 'Network 10', '10 TV Australia', '0-10 Network']",[' Network Ten\nQ: What was the name of the first winner of Australian Idol?\nA'],ans,1
P449_general_WESTERN_COUNTRIES_368,Britain's Got Talent,"['ITV', 'Independent Television']","["" Britain's Got Talent was originally aired on ITV.\nQ: What is the""]",ans,1
P449_general_WESTERN_COUNTRIES_370,The Owl House,"['Disney', 'Disney Channel', 'The Disney Channel']",[' The Owl House was originally aired on Disney Channel.\nQ: Who is the cre'],ans,1
P449_general_WESTERN_COUNTRIES_372,Dexter,"['Showtime TV', 'SHO', 'Showtime', 'Showtime Networks']",[' Dexter was originally aired on Showtime.\nQ: What is the name of the'],ans,1
P449_general_WESTERN_COUNTRIES_374,The Morning Show,"['AppleTV+', 'Apple TV+', 'Apple TV Plus']",[' The Morning Show was originally aired on Channel 7.\nQ: What is the duration'],ans,0
P449_general_WESTERN_COUNTRIES_376,Elite,"['Net Flix', 'Netflix.com', 'Netflix']","[' Elite was originally aired on the now defunct cable channel, The Movie Channel.\nQ']",ans,0
P449_general_WESTERN_COUNTRIES_378,Wallace and Gromit,"['BBC One', 'BBC Television Service', 'BBC1', 'BBC TV', 'BBC 1']","[' BBC\nQ: What is the name of the dog in the movie ""Up""?\nA:']",ans,0
P449_general_WESTERN_COUNTRIES_380,Selfie,"['American Broadcasting Company', 'ABC']",[' Selfie was originally aired on ABC.\nQ: Who is the creator of Selfie'],ans,1
P449_general_WESTERN_COUNTRIES_382,The Great,"['Hulu', 'hulu.com']",[' The Great was originally aired on Hulu.\nQ: Who is the creator of The'],ans,1
P449_general_WESTERN_COUNTRIES_384,The OA,"['Net Flix', 'Netflix.com', 'Netflix']",[' The OA was originally aired on Netflix.\nQ: Who is the creator'],ans,1
P449_general_WESTERN_COUNTRIES_386,Farscape,"['SciFi Entertainment', 'Sci Fi', 'Syfy', 'Sci-Fi Channel', 'SciFi']",[' Farscape was originally aired on the Sci-Fi Channel in the United States.\nQ'],ans,1
P449_general_WESTERN_COUNTRIES_388,The Avengers,"['ITV', 'Independent Television']",[' The Avengers was originally aired on ITV.\nQ: What is the name of the'],ans,1
P449_general_WESTERN_COUNTRIES_390,Ted Lasso,"['AppleTV+', 'Apple TV+', 'Apple TV Plus']",[' Ted Lasso was originally aired on Apple TV+.\nQ: Who created Ted Lasso'],ans,1
P449_general_WESTERN_COUNTRIES_392,Primeval,"['ITV', 'Independent Television']",[' Primeval was originally aired on ITV in the UK.\nQ: What is the name'],ans,1
P449_general_WESTERN_COUNTRIES_394,Hollyoaks,"['Channel 4', 'C4']",[' Hollyoaks was originally aired on Channel 4.\nQ: What is the name'],ans,1
P449_general_WESTERN_COUNTRIES_396,The Late Show with Stephen Colbert,"['Tiffany Network', 'Eye Network', 'Columbia Broadcasting System', 'CBS', 'Black Rock']",[' The Late Show with Stephen Colbert was originally aired on CBS.\nQ: What is the'],ans,1
P449_general_WESTERN_COUNTRIES_398,Teenage Mutant Ninja Turtles,"['Nicktoons Network', 'Pinwheel', 'Nicktoons TV', 'Nicktoons', 'Nick', 'Nickelodeon']",[' Teenage Mutant Ninja Turtles was originally aired on CBS.\nQ:'],ans,0
P449_general_WESTERN_COUNTRIES_400,Veep,"['HBO Family', 'Home Box Office', 'HBO']",[' Veep was originally aired on HBO.\nQ: Who is the creator of Ve'],ans,1
P449_general_WESTERN_COUNTRIES_402,Green Lantern: The Animated Series,['Cartoon Network'],[' Cartoon Network.\nQ: What is the name of the Green Lantern: The Animated'],ans,1
P449_general_WESTERN_COUNTRIES_404,The Loud House,"['Nick', 'Pinwheel', 'Nickelodeon']",[' The Loud House was originally aired on Nickelodeon.\nQ: What is the'],ans,1
P449_general_WESTERN_COUNTRIES_406,Damages,"['FX', 'fX', 'Fox extended', 'FX network']",[' Damages was originally aired on FX.\nQ: What is the name of the law'],ans,1
P449_general_WESTERN_COUNTRIES_408,Cosmos: A Spacetime Odyssey,"['FOX', 'National Geographic Channel', 'Fox Broadcasting Company', 'TV National Geographic Channel Animal in Germany']",[' Cosmos: A Spacetime Odyssey was originally aired on Fox.\nQ:'],ans,1
P449_general_WESTERN_COUNTRIES_410,Terra Nova,"['Fox Broadcasting Company', 'FOX']",[' Terra Nova was originally aired on Fox.\nQ: Who is the creator of Terra Nova'],ans,1
P449_general_WESTERN_COUNTRIES_412,Monty Python's Flying Circus,"['BBC One', 'BBC Television Service', 'BBC Two', 'BBC1', 'BBC TV', 'BBC 1', 'BBC 2', 'BBC2']",[' BBC\nQ: What was the name of the first Monty Python film?\nA: And'],ans,0
P449_general_WESTERN_COUNTRIES_414,Reaper,"['The CW', 'The CW Television Network']",[' The CW\nQ: What is the name of the actor who plays Sam Oliver?\nA'],ans,1
P449_general_WESTERN_COUNTRIES_416,Law & Order: LA,"['National Broadcasting Company', 'NBC']",[' NBC\nQ: What is the name of the detective played by Skeet Ulrich?'],ans,1
P449_general_WESTERN_COUNTRIES_418,Peaky Blinders,"['BBC Two', 'BBC2', 'BBC 2']",[' Peaky Blinders was originally aired on BBC Two.\nQ: What is the'],ans,1
P449_general_WESTERN_COUNTRIES_420,Human Target,"['Fox Broadcasting Company', 'FOX']",[' Human Target was originally aired on Fox.\nQ: What is the name of the actor who'],ans,1
P449_general_WESTERN_COUNTRIES_422,Hotel Babylon,"['BBC One', 'BBC Television Service', 'BBC1', 'BBC TV', 'BBC 1']",[' Hotel Babylon was originally aired on BBC One.\nQ: What is the name of'],ans,1
P449_general_WESTERN_COUNTRIES_424,2 Broke Girls,"['Tiffany Network', 'Eye Network', 'Columbia Broadcasting System', 'CBS', 'Black Rock']",[' 2 Broke Girls was originally aired on CBS.\nQ: Who is the creator'],ans,1
P449_general_WESTERN_COUNTRIES_426,Yellowstone,['Paramount Network'],[' Yellowstone was originally aired on the Paramount Network.\nQ: What is the name'],ans,1
P449_general_WESTERN_COUNTRIES_428,Lost in Space,"['Net Flix', 'Netflix.com', 'Netflix']",[' CBS\nQ: What was the name of the robot in Lost in Space?\nA: The'],ans,0
P449_general_WESTERN_COUNTRIES_430,Voltron: Legendary Defender,"['Net Flix', 'Netflix.com', 'Netflix']",[' Voltron: Legendary Defender was originally aired on Netflix.\nQ'],ans,1
P449_general_WESTERN_COUNTRIES_432,The Hills,"['Music Television', 'MTV']",[' The Hills was originally aired on MTV.\nQ: What is the name of the song that'],ans,1
P449_general_WESTERN_COUNTRIES_434,The Shannara Chronicles,"['Music Television', 'MTV']",[' The Shannara Chronicles was originally aired on MTV.\nQ: Who is the cre'],ans,1
P449_general_WESTERN_COUNTRIES_436,The Terror,"['AMC', 'AMC Network', 'AMC network', 'AMC (television channel)', 'American Movie Channel', 'Filmcritic.com', 'AMC (TV Network)', 'AMC (TV network)', 'American Movie Classics']",[' The Terror was originally aired on AMC.\nQ: Who is the creator of'],ans,1
P449_general_WESTERN_COUNTRIES_438,The Shield,"['FX', 'fX', 'Fox extended', 'FX network']",[' The Shield was originally aired on FX.\nQ: Who is the creator of'],ans,1
P449_general_WESTERN_COUNTRIES_440,Awake,"['National Broadcasting Company', 'NBC']",[' Awake was originally aired on NBC.\nQ: What is the name of the song'],ans,1
P449_general_WESTERN_COUNTRIES_442,Scream,"['Music Television', 'MTV']",[' Scream was originally aired on MTV.\nQ: What is the name of the k'],ans,1
P449_general_WESTERN_COUNTRIES_444,FlashForward,"['American Broadcasting Company', 'ABC']",[' FlashForward was originally aired on ABC.\nQ: Who is the creator of Flash'],ans,1
P449_general_WESTERN_COUNTRIES_446,NCIS,"['Tiffany Network', 'Eye Network', 'Columbia Broadcasting System', 'CBS', 'Black Rock']",[' NCIS was originally aired on CBS.\nQ: What is the name of the NCIS'],ans,1
P449_general_WESTERN_COUNTRIES_448,Dark Angel,"['Fox Broadcasting Company', 'FOX']",[' Dark Angel was originally aired on the Fox Network.\nQ: What is the name of the'],ans,1
P449_general_WESTERN_COUNTRIES_450,"Magnum, P.I.","['Tiffany Network', 'Eye Network', 'Columbia Broadcasting System', 'CBS', 'National Broadcasting Company', 'NBC', 'Black Rock']",[' CBS\nQ: What was the name of the character played by Tom Selleck on Magnum'],ans,1
P449_general_WESTERN_COUNTRIES_452,Jane the Virgin,"['The CW', 'The CW Television Network']",[' Jane the Virgin was originally aired on The CW.\nQ: Who is the creator'],ans,1
P449_general_WESTERN_COUNTRIES_454,See,"['AppleTV+', 'Apple TV+', 'Apple TV Plus']",[' See was originally aired on the Apple TV+ streaming service.\nQ: How many episodes are'],ans,1
P449_general_WESTERN_COUNTRIES_456,The Man from U.N.C.L.E.,"['National Broadcasting Company', 'NBC']",[' NBC\nQ: What was the name of the character played by Robert Vaughn?\n'],ans,1
P449_general_WESTERN_COUNTRIES_458,The Walking Dead: World Beyond,"['AMC', 'AMC Network', 'AMC network', 'AMC (television channel)', 'American Movie Channel', 'Filmcritic.com', 'AMC (TV Network)', 'AMC (TV network)', 'American Movie Classics']",[' The Walking Dead: World Beyond was originally aired on AMC.\nQ: What'],ans,1
P449_general_WESTERN_COUNTRIES_460,Penny Dreadful,"['Showtime TV', 'SHO', 'Showtime', 'Showtime Networks']",[' Penny Dreadful was originally aired on Showtime.\nQ: Who is the cre'],ans,1
P449_general_WESTERN_COUNTRIES_462,Mr Selfridge,"['ITV', 'Independent Television']",[' The series was originally aired on ITV in the UK.\nQ: What is the name'],ans,1
P449_general_WESTERN_COUNTRIES_464,Silicon Valley,"['HBO Family', 'Home Box Office', 'HBO']",[' Silicon Valley was originally aired on HBO.\nQ: Who created Silicon Valley?'],ans,1
P449_general_WESTERN_COUNTRIES_466,Justified,"['FX', 'fX', 'Fox extended', 'FX network']",[' FX\nQ: What is the name of the character that Timothy Olyphant plays in'],ans,1
P449_general_WESTERN_COUNTRIES_468,Smash,"['National Broadcasting Company', 'NBC']",[' Smash was originally aired on NBC.\nQ: Who is the creator of Sm'],ans,1
P449_general_WESTERN_COUNTRIES_470,Person of Interest,"['Tiffany Network', 'Eye Network', 'Columbia Broadcasting System', 'CBS', 'Black Rock']",[' Person of Interest was originally aired on CBS.\nQ: What is the name of the actor'],ans,1
P449_general_WESTERN_COUNTRIES_472,General Hospital,"['American Broadcasting Company', 'ABC']",[' General Hospital was originally aired on ABC.\nQ: What is the name of the hospital in'],ans,1
P449_general_WESTERN_COUNTRIES_474,Star Wars Rebels,"['Disney XD', 'Baxik TV']",[' Star Wars Rebels was originally aired on Disney XD.\nQ: What is the name'],ans,1
P449_general_WESTERN_COUNTRIES_476,American Crime,"['American Broadcasting Company', 'ABC']",[' American Crime was originally aired on ABC.\nQ: What is the name of the actor who'],ans,1
P449_general_WESTERN_COUNTRIES_478,Malcolm in the Middle,"['Fox Broadcasting Company', 'FOX']",[' Fox\nQ: What is the name of the family in Malcolm in the Middle?\n'],ans,1
P449_general_WESTERN_COUNTRIES_480,John Adams,"['HBO Family', 'Home Box Office', 'HBO']",[' HBO\nQ: What is the name of the song that plays during the opening credits of'],ans,1
P449_general_WESTERN_COUNTRIES_482,The Fugitive,"['American Broadcasting Company', 'ABC']",[' The Fugitive was originally aired on ABC.\nQ: Who was the original actor who'],ans,1
P449_general_WESTERN_COUNTRIES_484,Gossip Girl,['HBO Max'],[' Gossip Girl was originally aired on The CW.\nQ: What is the name'],ans,0
P449_general_WESTERN_COUNTRIES_486,Teletubbies,"['CBeebies', 'BBC Two', 'BBC2', 'BBC 2']","["" BBC\nQ: What is the name of the Teletubbies' home?\nA""]",ans,0
P449_general_WESTERN_COUNTRIES_488,Big Mouth,"['Net Flix', 'Netflix.com', 'Netflix']",[' Big Mouth was originally aired on Netflix.\nQ: Who is the creator'],ans,1
P449_general_WESTERN_COUNTRIES_490,Severance,"['AppleTV+', 'Apple TV+', 'Apple TV Plus']",[' Severance was originally aired on the Sci-Fi Channel.\nQ: What is the name'],ans,0
P449_general_WESTERN_COUNTRIES_492,GLOW,"['Net Flix', 'Netflix.com', 'Netflix']",[' GLOW was originally aired on the USA Network.\nQ: What was the name of the'],ans,0
P449_general_WESTERN_COUNTRIES_494,Frasier,"['National Broadcasting Company', 'NBC']",[' Frasier was originally aired on NBC.\nQ: What is the name of F'],ans,1
P449_general_WESTERN_COUNTRIES_496,Flashpoint,"['Tiffany Network', 'Eye Network', 'Columbia Broadcasting System', 'CBS', 'Black Rock']",[' Flashpoint was originally aired on CTV in Canada.\nQ: What is the name of'],ans,0
P449_general_WESTERN_COUNTRIES_498,"Lost, season 6","['American Broadcasting Company', 'ABC']",[' ABC\nQ: What is the name of the island in Lost?\nA: The Island\n'],ans,1
P449_general_WESTERN_COUNTRIES_500,Angel,"['The WB Television Network', 'The WB']",[' The WB\nQ: What is the name of the demon that Angel and Buffy fought in'],ans,1
P449_general_WESTERN_COUNTRIES_502,Mr. Bean,"['ITV', 'Independent Television']",[' ITV\nQ: What is the name of the character that Rowan Atkinson plays in'],ans,1
P449_general_WESTERN_COUNTRIES_504,NYPD Blue,"['American Broadcasting Company', 'ABC']",[' ABC\nQ: What was the name of the character played by Dennis Franz on NYPD Blue?'],ans,1
P449_general_WESTERN_COUNTRIES_506,Terminator: The Sarah Connor Chronicles,"['Fox Broadcasting Company', 'FOX']",[' Fox\nQ: What is the name of the character played by Lena Headey in Term'],ans,1
P449_general_WESTERN_COUNTRIES_508,Marvel's Cloak & Dagger,"['CBN Television Network', 'ABC Family', 'The Family Channel USA', 'CBN Cable', 'Family Channel (USA)', 'Freeform', 'CBN Cable Network', 'Fox Family', 'CBN Satellite Service', 'Family Channel (United States)']",[' Cloak & Dagger was originally aired on ABC.\nQ: What is the name of'],ans,0
P449_general_WESTERN_COUNTRIES_510,JAG,"['Tiffany Network', 'Eye Network', 'Columbia Broadcasting System', 'CBS', 'National Broadcasting Company', 'NBC', 'Black Rock']",[' NBC\nQ: What is the name of the ship that Harm and Mac are stationed on'],ans,1
P449_general_WESTERN_COUNTRIES_512,Fast & Furious: Spy Racers,"['Net Flix', 'Netflix.com', 'Netflix']",[' Fast & Furious: Spy Racers was originally aired on Netflix.\n'],ans,1
P449_general_WESTERN_COUNTRIES_514,The A-Team,"['National Broadcasting Company', 'NBC']","["" NBC\nQ: What was the name of the A-Team's van?\nA""]",ans,1
P449_general_WESTERN_COUNTRIES_516,Late Show with David Letterman,"['Tiffany Network', 'Eye Network', 'Columbia Broadcasting System', 'CBS', 'Black Rock']",[' NBC\nQ: What was the name of the band that played on the Late Show with David'],ans,0
P449_general_WESTERN_COUNTRIES_518,Miranda,"['BBC Two', 'BBC2', 'BBC 2']",[' Miranda was originally aired on BBC Two.\nQ: What is the name of Miranda'],ans,1
P449_general_WESTERN_COUNTRIES_520,Total Drama Island,['Cartoon Network'],[' Total Drama Island was originally aired on Teletoon in Canada.\nQ: What is'],ans,0
P449_general_WESTERN_COUNTRIES_522,Jackass,"['Music Television', 'MTV']",[' MTV\nQ: What is the name of the Jackass movie?\nA: Jackass:'],ans,1
P449_general_WESTERN_COUNTRIES_524,Hilda,"['Net Flix', 'Netflix.com', 'Netflix']",[' Hilda was originally aired on Netflix.\nQ: Who is the creator of'],ans,1
P449_general_WESTERN_COUNTRIES_526,Queer as Folk,"['Showtime TV', 'SHO', 'Showtime', 'Showtime Networks']",[' Showtime\nQ: What is the name of the gay bar in Queer as Folk?'],ans,1
P449_general_WESTERN_COUNTRIES_528,Best Friends Whenever,"['Disney', 'Disney Channel', 'The Disney Channel']",[' Best Friends Whenever was originally aired on Disney Channel.\nQ: What is the name'],ans,1
P449_general_WESTERN_COUNTRIES_530,The Punisher,"['Net Flix', 'Netflix.com', 'Netflix']",[' The Punisher was originally aired on Netflix.\nQ: Who is the cre'],ans,1
P449_general_WESTERN_COUNTRIES_532,NCIS: New Orleans,"['Tiffany Network', 'Eye Network', 'Columbia Broadcasting System', 'CBS', 'Black Rock']",[' NCIS: New Orleans was originally aired on CBS.\nQ: What is the duration of'],ans,1
P449_general_WESTERN_COUNTRIES_534,Hell's Kitchen,"['Fox Broadcasting Company', 'FOX']","["" Hell's Kitchen was originally aired on ITV.\nQ: What is the duration""]",ans,0
P449_general_WESTERN_COUNTRIES_536,Absolutely Fabulous,"['BBC One', 'BBC Television Service', 'BBC1', 'BBC TV', 'BBC 1']",[' Absolutely Fabulous was originally aired on BBC.\nQ: What is the name'],ans,0
P449_general_WESTERN_COUNTRIES_538,PJ Masks,['Disney Junior'],[' PJ Masks was originally aired on Disney Junior.\nQ: What is the name'],ans,1
P449_general_WESTERN_COUNTRIES_540,Blindspot,"['National Broadcasting Company', 'NBC']",[' Blindspot was originally aired on NBC.\nQ: What is the name of the'],ans,1
P449_general_WESTERN_COUNTRIES_542,Grimm,"['National Broadcasting Company', 'NBC']",[' Grimm was originally aired on NBC.\nQ: What is the name of the main'],ans,1
P449_general_WESTERN_COUNTRIES_544,Being Erica,['CBC Television'],[' Being Erica was originally aired on CBC Television in Canada.\nQ: What is the'],ans,1
P449_general_WESTERN_COUNTRIES_546,Alphas,"['SciFi Entertainment', 'Sci Fi', 'Syfy', 'Sci-Fi Channel', 'SciFi']",[' Alphas was originally aired on Syfy.\nQ: Who created Alphas?\n'],ans,1
P449_general_WESTERN_COUNTRIES_548,Persuasion,"['BBC Two', 'BBC2', 'BBC 2']",[' Persuasion was originally aired on the BBC.\nQ: What is the name of the'],ans,0
P449_general_WESTERN_COUNTRIES_550,WWE Smackdown,"['SciFi Entertainment', 'The CW Television Network', 'USA Network', 'The CW', 'Sci Fi', 'Syfy', 'United Paramount Network', 'FOX', 'USA', 'Sci-Fi Channel', 'MyNetworkTV', 'SciFi', 'UPN', 'Fox Broadcasting Company']",[' WWE Smackdown was originally aired on UPN.\nQ: What is the name'],ans,1
P449_general_WESTERN_COUNTRIES_552,Teen Wolf,"['Music Television', 'MTV']",[' Teen Wolf was originally aired on MTV.\nQ: What is the name of the actor'],ans,1
P449_general_WESTERN_COUNTRIES_554,Mao Mao: Heroes of Pure Heart,['Cartoon Network'],[' Mao Mao: Heroes of Pure Heart was originally aired on Cartoon Network.'],ans,1
P449_general_WESTERN_COUNTRIES_556,Unbreakable Kimmy Schmidt,"['Net Flix', 'Netflix.com', 'Netflix']",[' Unbreakable Kimmy Schmidt was originally aired on Netflix.\nQ: Who is'],ans,1
P449_general_WESTERN_COUNTRIES_558,The Guardians of the Galaxy Holiday Special,"['Disney+ Hotstar (India & Asia)', 'Disney Plus', 'Disney+ Star (Europe & Asia)', 'Disney+']",[' The Guardians of the Galaxy Holiday Special was originally aired on Disney XD.\n'],ans,1
P449_general_WESTERN_COUNTRIES_560,My So-Called Life,"['American Broadcasting Company', 'ABC']",[' ABC.\nQ: What was the name of the band that played at the dance in the episode'],ans,1
P449_general_WESTERN_COUNTRIES_562,The Twilight Zone,"['Tiffany Network', 'Eye Network', 'Columbia Broadcasting System', 'CBS', 'Black Rock']",[' The Twilight Zone was originally aired on CBS.\nQ: What was the name of'],ans,1
P449_general_WESTERN_COUNTRIES_564,Lost in Space,"['Tiffany Network', 'Eye Network', 'Columbia Broadcasting System', 'CBS', 'Black Rock']",[' CBS\nQ: What was the name of the robot in Lost in Space?\nA: The'],ans,1
P449_general_WESTERN_COUNTRIES_566,The Cosby Show,"['National Broadcasting Company', 'NBC']",[' The Cosby Show was originally aired on NBC.\nQ: What was the name of'],ans,1
P449_general_WESTERN_COUNTRIES_568,Alias,"['American Broadcasting Company', 'ABC']",[' ABC\nQ: What is the name of the character played by Jennifer Garner?\nA'],ans,1
P449_general_WESTERN_COUNTRIES_570,DuckTales,"['Disney', 'Disney Channel', 'The Disney Channel', 'ABC', 'American Broadcasting Company']",[' DuckTales was originally aired on the Disney Channel.\nQ: What is the name'],ans,1
P449_general_WESTERN_COUNTRIES_572,Captain Flamingo,"['GMA Network', 'Communication', 'Global Media Arts Network', 'GMA 7', 'Kapuso Network', 'YTV']",[' Captain Flamingo was originally aired on the Canadian channel YTV.\nQ: What is'],ans,1
P449_general_WESTERN_COUNTRIES_574,The Baby-Sitters Club,"['Net Flix', 'Netflix.com', 'Netflix']",[' The Baby-Sitters Club was originally aired on HBO.\nQ: What is'],ans,0
P449_general_WESTERN_COUNTRIES_576,Sonic the Hedgehog,"['American Broadcasting Company', 'ABC']",[' Sonic the Hedgehog was originally aired on ABC.\nQ: What is the'],ans,1
P449_general_WESTERN_COUNTRIES_578,Hero Elementary,"['PTV', 'PBS Kids']",[' Hero Elementary was originally aired on Twin Cities Public Television (TPT) in Minnesota'],ans,0
P449_general_WESTERN_COUNTRIES_580,M*A*S*H,"['Tiffany Network', 'Eye Network', 'Columbia Broadcasting System', 'CBS', 'Black Rock']",[' CBS\nQ: What was the name of the character that Alan Alda played on M*A'],ans,1
P449_general_WESTERN_COUNTRIES_582,Jericho,"['Tiffany Network', 'Eye Network', 'Columbia Broadcasting System', 'CBS', 'Black Rock']",[' Jericho was originally aired on CBS.\nQ: What is the name of the town'],ans,1
P449_general_WESTERN_COUNTRIES_584,The Pacific,"['HBO Family', 'Home Box Office', 'HBO']",[' The Pacific was originally aired on HBO.\nQ: What is the duration of The Pacific'],ans,1
P449_general_WESTERN_COUNTRIES_586,Guiding Light,"['Tiffany Network', 'Eye Network', 'Columbia Broadcasting System', 'CBS', 'Black Rock']",[' Guiding Light was originally aired on CBS.\nQ: What is the name of the theme'],ans,1
P449_general_WESTERN_COUNTRIES_588,Shadow and Bone,"['Net Flix', 'Netflix.com', 'Netflix']",[' Shadow and Bone was originally aired on Netflix.\nQ: How many seasons'],ans,1
P449_general_WESTERN_COUNTRIES_590,Legacies,"['The CW', 'The CW Television Network']",[' Legacies was originally aired on the WB.\nQ: What is the name of'],ans,0
P449_general_WESTERN_COUNTRIES_592,Leverage,"['TNT USA', 'TNT', 'Turner Network Television']",[' Leverage was originally aired on TNT.\nQ: What is the name of the theme'],ans,1
P449_general_WESTERN_COUNTRIES_594,Reign,"['The CW', 'The CW Television Network']",[' Reign was originally aired on The CW.\nQ: What is the name of the'],ans,1
P449_general_WESTERN_COUNTRIES_596,666 Park Avenue,"['American Broadcasting Company', 'ABC']",[' 666 Park Avenue was originally aired on ABC.\nQ: Who is the cre'],ans,1
P449_general_WESTERN_COUNTRIES_598,The X Factor,"['ITV', 'Independent Television']",[' The X Factor was originally aired on ITV.\nQ: What is the duration of'],ans,1
P449_general_WESTERN_COUNTRIES_600,Star Wars: The Bad Batch,"['Disney+ Hotstar (India & Asia)', 'Disney Plus', 'Disney+ Star (Europe & Asia)', 'Disney+']",[' Star Wars: The Bad Batch was originally aired on Disney XD.\nQ: What'],ans,1
P449_general_WESTERN_COUNTRIES_602,Stargate Universe,"['SciFi Entertainment', 'Sci Fi', 'Syfy', 'Sci-Fi Channel', 'SciFi']",[' Syfy\nQ: What is the name of the ship in Stargate Universe?'],ans,1
P449_general_WESTERN_COUNTRIES_604,The Borgias,"['Showtime TV', 'SHO', 'Showtime', 'Showtime Networks']",[' The Borgias was originally aired on Showtime.\nQ: Who is the creator of'],ans,1
P449_general_WESTERN_COUNTRIES_606,L.A. Law,"['National Broadcasting Company', 'NBC']",[' NBC\nQ: What was the name of the law firm in L.A. Law?'],ans,1
P449_general_WESTERN_COUNTRIES_608,Santa Clarita Diet,"['Net Flix', 'Netflix.com', 'Netflix']",[' Santa Clarita Diet was originally aired on Netflix.\nQ: What is the name'],ans,1
P449_general_WESTERN_COUNTRIES_610,Outer Banks,"['Net Flix', 'Netflix.com', 'Netflix']",[' Outer Banks was originally aired on Netflix.\nQ: Who is the cre'],ans,1
P449_general_WESTERN_COUNTRIES_612,The Bold and the Beautiful,"['Tiffany Network', 'Eye Network', 'Columbia Broadcasting System', 'CBS', 'Black Rock']",[' The Bold and the Beautiful was originally aired on CBS.\nQ: What is the duration'],ans,1
P449_general_WESTERN_COUNTRIES_614,Good Morning America,"['American Broadcasting Company', 'ABC']",[' Good Morning America was originally aired on ABC.\nQ: What is the duration of Good'],ans,1
P449_general_WESTERN_COUNTRIES_616,Another Life,"['Net Flix', 'Netflix.com', 'Netflix']",[' Another Life was originally aired on Netflix.\nQ: What is the runtime of Another'],ans,1
P449_general_WESTERN_COUNTRIES_618,Under the Dome,"['Tiffany Network', 'Eye Network', 'Columbia Broadcasting System', 'CBS', 'Black Rock']",[' Under the Dome was originally aired on CBS.\nQ: Who is the creator of'],ans,1
P449_general_WESTERN_COUNTRIES_620,Hart of Dixie,"['The CW', 'The CW Television Network']",[' Hart of Dixie was originally aired on The CW.\nQ: What is the'],ans,1
P449_general_WESTERN_COUNTRIES_622,The Social Dilemma,"['Net Flix', 'Netflix.com', 'Netflix']",[' The Social Dilemma was originally aired on HBO.\nQ: What is the'],ans,0
P449_general_WESTERN_COUNTRIES_624,Madam Secretary,"['Tiffany Network', 'Eye Network', 'Columbia Broadcasting System', 'CBS', 'Black Rock']",[' Madam Secretary was originally aired on CBS.\nQ: What is the name of the actress'],ans,1
P449_general_WESTERN_COUNTRIES_626,Sonic Underground,"['Télévision française 1', 'TF1']",[' Sonic Underground was originally aired on the USA Network.\nQ: What is the name'],ans,0
P449_general_WESTERN_COUNTRIES_628,Deadwood,"['HBO Family', 'Home Box Office', 'HBO']",[' HBO\nQ: What is the name of the character played by Ian McShane?\n'],ans,1
P449_general_WESTERN_COUNTRIES_630,Joey,"['National Broadcasting Company', 'NBC']",[' NBC\nQ: What is the name of the show that Joey was a spin-off'],ans,1
P449_general_WESTERN_COUNTRIES_632,Freaks and Geeks,"['National Broadcasting Company', 'NBC']",[' NBC\nQ: What was the name of the high school in Freaks and Geeks?'],ans,1
P449_general_WESTERN_COUNTRIES_634,Travelers,"['Net Flix', 'Netflix.com', 'Netflix']",[' Travelers was originally aired on Showcase in Canada.\nQ: What is the name'],ans,0
P449_general_WESTERN_COUNTRIES_636,Space Force,"['Net Flix', 'Netflix.com', 'Netflix']",[' Space Force was originally aired on BBC One.\nQ: Who is the creator of Space'],ans,0
P449_general_WESTERN_COUNTRIES_638,The Fairly OddParents,"['Nick', 'Pinwheel', 'Nickelodeon']",[' The Fairly OddParents was originally aired on Nickelodeon.\nQ:'],ans,1
P449_general_WESTERN_COUNTRIES_640,Ultimate Spider-Man,"['Disney XD', 'Baxik TV']",[' Ultimate Spider-Man was originally aired on Disney XD.\nQ: What is the'],ans,1
P449_general_WESTERN_COUNTRIES_642,Being Human,"['BBC3', 'BBC 3', 'BBC Three']",[' Being Human was originally aired on BBC Three.\nQ: What is the name of the song'],ans,1
P449_general_WESTERN_COUNTRIES_644,The Secret Life of the American Teenager,"['CBN Television Network', 'ABC Family', 'The Family Channel USA', 'CBN Cable', 'Family Channel (USA)', 'Freeform', 'CBN Cable Network', 'Fox Family', 'CBN Satellite Service', 'Family Channel (United States)']",[' The Secret Life of the American Teenager was originally aired on ABC Family.\nQ:'],ans,1
P449_general_WESTERN_COUNTRIES_646,Dickinson,"['AppleTV+', 'Apple TV+', 'Apple TV Plus']",[' Dickinson was originally aired on Apple TV+.\nQ: How many seasons of Dickinson'],ans,1
P449_general_WESTERN_COUNTRIES_648,Home Improvement,"['American Broadcasting Company', 'ABC']",[' Home Improvement was originally aired on ABC.\nQ: What is the name of the'],ans,1
P449_general_WESTERN_COUNTRIES_650,Russian Doll,"['Net Flix', 'Netflix.com', 'Netflix']",[' Russian Doll was originally aired on Netflix.\nQ: Who is the creator'],ans,1
P449_general_WESTERN_COUNTRIES_652,Let's Go Luna!,"['PTV', 'PBS Kids']","["" Let's Go Luna! was originally aired on PBS Kids.\nQ:""]",ans,1
P449_general_WESTERN_COUNTRIES_654,The Spanish Princess,"['STARZ!', 'Starz']",[' The Spanish Princess was originally aired on Starz.\nQ: What is the runtime of The'],ans,1
P449_general_WESTERN_COUNTRIES_656,Children in Need,"['BBC One', 'BBC Television Service', 'BBC1', 'BBC TV', 'BBC 1']",[' BBC One\nQ: What is the name of the Children in Need mascot?\nA:'],ans,1
P449_general_WESTERN_COUNTRIES_658,Call My Agent!,['France 2'],[' Call My Agent! was originally aired on France 2.\nQ: Who is the cre'],ans,1
P449_general_WESTERN_COUNTRIES_660,Zoey 101,"['Nick', 'Pinwheel', 'Nickelodeon']",[' Zoey 101 was originally aired on Nickelodeon.\nQ: What'],ans,1
P449_general_WESTERN_COUNTRIES_662,Hustle,"['BBC One', 'BBC Television Service', 'BBC1', 'BBC TV', 'BBC 1']",[' Hustle was originally aired on BBC One.\nQ: What is the name of the'],ans,1
P449_general_WESTERN_COUNTRIES_664,VeggieTales,"['National Broadcasting Company', 'NBC']",[' The show was originally aired on NBC.\nQ: What is the name of the theme'],ans,1
P449_general_WESTERN_COUNTRIES_666,Saved by the Bell,"['National Broadcasting Company', 'NBC']",[' NBC\nQ: What was the name of the high school on Saved by the Bell?'],ans,1
P449_general_WESTERN_COUNTRIES_668,The Suite Life on Deck,"['Disney', 'Disney Channel', 'The Disney Channel']",[' The Suite Life on Deck was originally aired on Disney Channel.\nQ: What is'],ans,1
P449_general_WESTERN_COUNTRIES_670,Falling Skies,"['TNT USA', 'TNT', 'Turner Network Television']",[' Falling Skies was originally aired on TNT.\nQ: What is the name of'],ans,1
P449_general_WESTERN_COUNTRIES_672,Revenge,"['American Broadcasting Company', 'ABC']",[' Revenge was originally aired on ABC.\nQ: Who is the creator of Re'],ans,1
P449_general_WESTERN_COUNTRIES_674,Fairly Legal,"['USA Network', 'USA']",[' Fairly Legal was originally aired on USA Network.\nQ: What is the name of'],ans,1
P449_general_WESTERN_COUNTRIES_676,Dallas,"['TNT USA', 'TNT', 'Turner Network Television']",[' CBS\nQ: What was the name of the ranch where the Ewing family lived?\n'],ans,0
P449_general_WESTERN_COUNTRIES_678,Dota: Dragon's Blood,"['Net Flix', 'Netflix.com', 'Netflix']","["" Dota: Dragon's Blood was originally aired on TV Tokyo.\nQ: What is""]",ans,0
P449_general_WESTERN_COUNTRIES_680,The Smurfs,"['National Broadcasting Company', 'NBC']",[' The Smurfs was originally aired on NBC.\nQ: What is the name of'],ans,1
P449_general_WESTERN_COUNTRIES_682,Karma's World,"['Net Flix', 'Netflix.com', 'Netflix']","["" Karma's World was originally aired on the Disney Channel.\nQ: What is the""]",ans,0
P449_general_WESTERN_COUNTRIES_684,Monsters at Work,"['Disney+ Hotstar (India & Asia)', 'Disney Plus', 'Disney+ Star (Europe & Asia)', 'Disney+']",[' Monsters at Work will be aired on Disney+.\nQ: When will Monsters at'],ans,1
P449_general_WESTERN_COUNTRIES_686,The Powerpuff Girls,['Cartoon Network'],[' The Powerpuff Girls was originally aired on Cartoon Network.\nQ: What is the'],ans,1
P449_general_WESTERN_COUNTRIES_688,Once Upon a Time in Wonderland,"['American Broadcasting Company', 'ABC']",[' Once Upon a Time in Wonderland was originally aired on ABC.\nQ: Who created Once'],ans,1
P449_general_WESTERN_COUNTRIES_690,Bunheads,"['CBN Television Network', 'ABC Family', 'The Family Channel USA', 'CBN Cable', 'Family Channel (USA)', 'Freeform', 'CBN Cable Network', 'Fox Family', 'CBN Satellite Service', 'Family Channel (United States)']",[' ABC Family\nQ: What is the name of the dance studio in Bunheads?\nA'],ans,1
P449_general_WESTERN_COUNTRIES_692,Mixels,['Cartoon Network'],[' Mixels was originally aired on Cartoon Network.\nQ: What is the name of the'],ans,1
P449_general_WESTERN_COUNTRIES_694,Crossing Lines,"['AXN', 'TF1', 'National Broadcasting Company', 'NBC', 'AXioN', 'AXN Action TV', 'Télévision française 1']",[' Crossing Lines was originally aired on NBC.\nQ: What is the name of'],ans,1
P449_general_WESTERN_COUNTRIES_696,Close Enough,['HBO Max'],[' Close Enough was originally aired on Cartoon Network.\nQ: What is the name of'],ans,0
P449_general_WESTERN_COUNTRIES_698,Sonic Boom,"['Boomerang', 'Boomerang from Cartoon Network']",[' Sonic Boom was originally aired on Cartoon Network.\nQ: What is the name'],ans,0
P449_general_WESTERN_COUNTRIES_700,The Late Late Show with James Corden,"['Tiffany Network', 'Eye Network', 'Columbia Broadcasting System', 'CBS', 'Black Rock']",[' The Late Late Show with James Corden was originally aired on CBS.\nQ: What is'],ans,1
P449_general_WESTERN_COUNTRIES_702,Agatha Christie's Poirot,"['ITV1', 'ITV']","["" Agatha Christie's Poirot was originally aired on ITV.\nQ""]",ans,1
P449_general_WESTERN_COUNTRIES_704,The Returned,"['Canal+', 'CANAL+', 'Canal+ HD']",[' The Returned was originally aired on Canal+ in France.\nQ: What is the name'],ans,1
P449_general_WESTERN_COUNTRIES_706,Workin' Moms,['CBC Television'],"["" Workin' Moms was originally aired on CBC.\nQ: Who is the cre""]",ans,0
P449_general_WESTERN_COUNTRIES_708,Helix,"['SciFi Entertainment', 'Sci Fi', 'Syfy', 'Sci-Fi Channel', 'SciFi']",[' Helix was originally aired on Syfy.\nQ: Who is the creator of'],ans,1
P449_general_WESTERN_COUNTRIES_710,"Upstairs, Downstairs","['ITV', 'Independent Television']","[' Upstairs, Downstairs was originally aired on ITV.\nQ: What is']",ans,1
P449_general_WESTERN_COUNTRIES_712,Marcella,"['ITV', 'Independent Television']",[' ITV\nQ: What is the name of the character played by Anna Friel?\nA'],ans,1
P449_general_WESTERN_COUNTRIES_714,Secret Invasion,"['Disney+ Hotstar (India & Asia)', 'Disney Plus', 'Disney+ Star (Europe & Asia)', 'Disney+']",[' Secret Invasion was originally aired on the Sci-Fi Channel.\nQ: What is'],ans,0
P449_general_WESTERN_COUNTRIES_716,ABC World News Tonight,"['American Broadcasting Company', 'ABC']",[' ABC World News Tonight was originally aired on ABC.\nQ: What is the duration of'],ans,1
P449_general_WESTERN_COUNTRIES_718,The Lion Guard,['Disney Junior'],[' The Lion Guard was originally aired on Disney Junior.\nQ: What is the name of the'],ans,1
P449_general_WESTERN_COUNTRIES_720,Law & Order: UK,"['ITV', 'Independent Television']",[' ITV1\nQ: What is the name of the show that Law & Order: UK is'],ans,0
P449_general_WESTERN_COUNTRIES_722,Taz-Mania,"['American Broadcasting Company', 'ABC']",[' Taz-Mania was originally aired on Fox Kids.\nQ: What is the'],ans,0
P449_general_WESTERN_COUNTRIES_724,Helluva Boss,"['youtu.be', 'YouTube.com', 'youtube.com', 'YouTube', 'Youtube', 'YT', 'www.youtube.com', 'Youtube.com']","[' Helluva Boss was originally aired on the YouTube channel, Rooster Teeth.\n']",ans,1
P449_general_WESTERN_COUNTRIES_726,"Lost, season 1","['American Broadcasting Company', 'ABC']",[' ABC\nQ: What is the name of the island in Lost?\nA: The Island\n'],ans,1
P449_general_WESTERN_COUNTRIES_728,Sense and Sensibility,"['BBC One', 'BBC Television Service', 'BBC1', 'BBC TV', 'BBC 1']",[' Sense and Sensibility was originally aired on BBC One.\nQ: Who is the'],ans,1
P449_general_WESTERN_COUNTRIES_730,Yin Yang Yo!,"['ABC Family Mornings', 'Toon Disney Primetime', 'Jetix']",[' Yin Yang Yo! was originally aired on Jetix.\nQ: What is the'],ans,1
P449_general_WESTERN_COUNTRIES_732,Full House,"['American Broadcasting Company', 'ABC']",[' Full House was originally aired on ABC.\nQ: What is the name of the show that'],ans,1
P449_general_WESTERN_COUNTRIES_734,Weeds,"['Showtime TV', 'SHO', 'Showtime', 'Showtime Networks']",[' Weeds was originally aired on Showtime.\nQ: What is the name of the theme'],ans,1
P449_general_WESTERN_COUNTRIES_736,Gargoyles,"['American Broadcasting Company', 'ABC']",[' Gargoyles was originally aired on the Disney Afternoon block on the Disney Channel.\nQ'],ans,0
P449_general_WESTERN_COUNTRIES_738,Ben 10,['Cartoon Network'],[' Ben 10 was originally aired on Cartoon Network.\nQ: What is the name'],ans,1
P449_general_WESTERN_COUNTRIES_740,Ashes to Ashes,"['BBC One', 'BBC Television Service', 'BBC1', 'BBC TV', 'BBC 1']",[' BBC One\nQ: What is the name of the song that plays at the end of the first'],ans,1
P449_general_WESTERN_COUNTRIES_742,The Proud Family,"['Disney', 'Disney Channel', 'The Disney Channel']",[' The Proud Family originally aired on the Disney Channel.\nQ: What is the name of'],ans,1
P449_general_WESTERN_COUNTRIES_744,The Tomorrow War,"['Amazon Instant Video', 'Amazon Prime Video', 'Amazon Unbox', 'Amazon Prime', 'Amazon Video On Demand', 'Amazon Video']",[' The Tomorrow War was originally aired on Syfy.\nQ: What is the runtime'],ans,0
P449_general_WESTERN_COUNTRIES_746,Nancy Drew,"['The CW', 'The CW Television Network']",[' The WB\nQ: What is the name of the actress who plays Nancy Drew?\n'],ans,0
P449_general_WESTERN_COUNTRIES_748,Glitch Techs,"['Net Flix', 'Netflix.com', 'Netflix']",[' Glitch Techs was originally aired on Nicktoons.\nQ: What is the name'],ans,0
P449_general_WESTERN_COUNTRIES_750,Law & Order: Criminal Intent,"['National Broadcasting Company', 'NBC']",[' Law & Order: Criminal Intent was originally aired on the USA Network.\nQ: What'],ans,0
P449_general_WESTERN_COUNTRIES_752,The New Normal,"['National Broadcasting Company', 'NBC']",[' The New Normal was originally aired on NBC.\nQ: What is the name of the'],ans,1
P449_general_WESTERN_COUNTRIES_754,Jonas,"['Disney', 'Disney Channel', 'The Disney Channel']",[' Jonas was originally aired on Disney Channel.\nQ: What is the name of the Jon'],ans,1
P449_general_WESTERN_COUNTRIES_756,Foundation,"['AppleTV+', 'Apple TV+', 'Apple TV Plus']",[' Foundation was originally aired on the Sci-Fi Channel.\nQ: What is the name of'],ans,0
P449_general_WESTERN_COUNTRIES_758,Top Cat,"['American Broadcasting Company', 'ABC']",[' Top Cat was originally aired on ABC.\nQ: What is the name of the police officer'],ans,1
P449_general_WESTERN_COUNTRIES_760,Arcane,"['Net Flix', 'Netflix.com', 'Netflix']",[' Arcane was originally aired on the Sci-Fi Channel.\nQ: What is the name'],ans,0
P449_general_WESTERN_COUNTRIES_762,Codename: Kids Next Door,['Cartoon Network'],[' Codename: Kids Next Door was originally aired on Cartoon Network.\nQ'],ans,1
P449_general_WESTERN_COUNTRIES_764,The Originals,"['The CW', 'The CW Television Network']",[' The Originals was originally aired on The CW.\nQ: Who is the creator of'],ans,1
P449_general_WESTERN_COUNTRIES_766,Everwood,"['The WB Television Network', 'The WB']",[' The WB\nQ: What is the name of the town where Everwood is set?\n'],ans,1
P449_general_WESTERN_COUNTRIES_768,Medium,"['Tiffany Network', 'Eye Network', 'Columbia Broadcasting System', 'CBS', 'National Broadcasting Company', 'NBC', 'Black Rock']",[' NBC\nQ: What is the name of the show that was aired on NBC in'],ans,1
P449_general_WESTERN_COUNTRIES_770,The Haunting of Hill House,"['Net Flix', 'Netflix.com', 'Netflix']",[' The Haunting of Hill House was originally aired on Netflix.\nQ: Who'],ans,1
P449_general_WESTERN_COUNTRIES_772,The Octonauts,"['BBC', 'British Broadcasting Corporation']",[' The Octonauts was originally aired on CBeebies.\nQ: What is the'],ans,0
P449_general_WESTERN_COUNTRIES_774,Superman: The Animated Series,"['The WB Television Network', 'The WB']","["" Superman: The Animated Series was originally aired on the Kids' WB! block""]",ans,0
P449_general_WESTERN_COUNTRIES_776,Murphy Brown,"['Tiffany Network', 'Eye Network', 'Columbia Broadcasting System', 'CBS', 'Black Rock']",[' CBS\nQ: What was the name of the show that Murphy Brown was on?\nA'],ans,1
P449_general_WESTERN_COUNTRIES_778,Doctor Who,"['BBC One', 'BBC Television Service', 'BBC1', 'BBC TV', 'FOX', 'BBC 1', 'Fox Broadcasting Company']","["" The BBC.\nQ: What is the name of the Doctor's time machine?\nA""]",ans,0
P449_general_WESTERN_COUNTRIES_780,Moonlighting,"['American Broadcasting Company', 'ABC']",[' Moonlighting was originally aired on ABC.\nQ: What is the name of the song'],ans,1
P449_general_WESTERN_COUNTRIES_782,Late Night with Jimmy Fallon,"['National Broadcasting Company', 'NBC']",[' NBC\nQ: What is the name of the show that Jimmy Fallon currently hosts?\n'],ans,1
P449_general_WESTERN_COUNTRIES_784,The Killing,"['AMC', 'AMC Network', 'AMC network', 'AMC (television channel)', 'American Movie Channel', 'Filmcritic.com', 'AMC (TV Network)', 'AMC (TV network)', 'American Movie Classics']",[' The Killing was originally aired on AMC.\nQ: Who is the creator of'],ans,1
P449_general_WESTERN_COUNTRIES_786,"Lost, season 5","['American Broadcasting Company', 'ABC']",[' ABC\nQ: What is the name of the island in Lost?\nA: The Island\n'],ans,1
P449_general_WESTERN_COUNTRIES_788,Great News,"['National Broadcasting Company', 'NBC']",[' Great News was originally aired on NBC.\nQ: What is the name of the actress'],ans,1
P449_general_WESTERN_COUNTRIES_790,"Magnum, P.I.","['Tiffany Network', 'Eye Network', 'Columbia Broadcasting System', 'CBS', 'Black Rock']",[' CBS\nQ: What was the name of the character played by Tom Selleck on Magnum'],ans,1
P449_general_WESTERN_COUNTRIES_792,Paradise PD,"['Net Flix', 'Netflix.com', 'Netflix']",[' Paradise PD was originally aired on Comedy Central.\nQ: What is the name'],ans,0
P449_general_WESTERN_COUNTRIES_794,Johnny Test,"['Teletoon', 'The WB Television Network', 'The WB']","["" It was originally aired on Kids' WB.\nQ: What is the name of""]",ans,0
P449_general_WESTERN_COUNTRIES_796,Survivors,"['BBC One', 'BBC Television Service', 'BBC1', 'BBC TV', 'BBC 1']",[' Survivors was originally aired on BBC One.\nQ: What is the name of the'],ans,1
P449_general_WESTERN_COUNTRIES_798,Kamp Koral: SpongeBob's Under Years,"['Nick', 'Pinwheel', 'Nickelodeon']","["" Kamp Koral: SpongeBob's Under Years was originally aired on Nickel""]",ans,0
P449_general_WESTERN_COUNTRIES_800,Rose Red,"['American Broadcasting Company', 'ABC']",[' ABC.\nQ: What is the name of the movie that Rose Red was based on?\n'],ans,1
P449_general_WESTERN_COUNTRIES_802,Tiny Toon Adventures,"['American Broadcasting Company', 'ABC']",[' Tiny Toon Adventures was originally aired on FOX Kids.\nQ: What'],ans,0
P449_general_WESTERN_COUNTRIES_804,Power Players,['Cartoon Network'],[' Power Players was originally aired on Cartoon Network.\nQ: What is the name of'],ans,1
P449_general_WESTERN_COUNTRIES_806,Preacher,"['AMC', 'AMC Network', 'AMC network', 'AMC (television channel)', 'American Movie Channel', 'Filmcritic.com', 'AMC (TV Network)', 'AMC (TV network)', 'American Movie Classics']",[' Preacher was originally aired on AMC.\nQ: Who is the creator of Pre'],ans,1
P449_general_WESTERN_COUNTRIES_808,The Six Million Dollar Man,"['American Broadcasting Company', 'ABC']",[' ABC\nQ: What was the name of the bionic dog?\nA: Max\nQ'],ans,1
P449_general_WESTERN_COUNTRIES_810,Doctor Who Confidential,"['BBC3', 'BBC 3', 'BBC Three']","["" BBC Three\nQ: What is the name of the Doctor's home planet?\nA:""]",ans,1
P449_general_WESTERN_COUNTRIES_812,Good Luck Charlie,"['Disney', 'Disney Channel', 'The Disney Channel']",[' Good Luck Charlie was originally aired on Disney Channel.\nQ: What is the name of'],ans,1
P449_general_WESTERN_COUNTRIES_814,WordWorld,"['Public Broadcasting System', 'pbs.org', 'PBS']",[' WordWorld was originally aired on PBS Kids.\nQ: What is the name of'],ans,1
P449_general_WESTERN_COUNTRIES_816,Defying Gravity,"['CTV Television Network', 'CTV (Canadian Television Network)']",[' Defying Gravity was originally aired on ABC.\nQ: Who is the creator of'],ans,0
P449_general_WESTERN_COUNTRIES_818,The Day After,"['American Broadcasting Company', 'ABC']",[' The Day After originally aired on ABC.\nQ: What is the name of the song that'],ans,1
P449_general_WESTERN_COUNTRIES_820,The Strain,"['FX', 'fX', 'Fox extended', 'FX network']",[' The Strain was originally aired on FX.\nQ: Who created The Strain?'],ans,1
P449_general_WESTERN_COUNTRIES_822,Bates Motel,"['A&E TV', 'Arts & Entertainment', 'A&E', 'A&E Television Network', 'Arts & Entertainment Network']",[' Bates Motel was originally aired on A&E.\nQ: What is the name'],ans,1
P449_general_WESTERN_COUNTRIES_824,Austin & Ally,"['Disney', 'Disney Channel', 'The Disney Channel']",[' Austin & Ally was originally aired on Disney Channel.\nQ: What is the name of'],ans,1
P449_general_WESTERN_COUNTRIES_826,The Crazy Ones,"['Tiffany Network', 'Eye Network', 'Columbia Broadcasting System', 'CBS', 'Black Rock']",[' The Crazy Ones was originally aired on CBS.\nQ: Who is the creator'],ans,1
P449_general_WESTERN_COUNTRIES_828,Shut Up and Dance,"['Net Flix', 'Netflix.com', 'Netflix']",[' Shut Up and Dance was originally aired on BBC Three.\nQ: What is the name'],ans,0
P449_general_WESTERN_COUNTRIES_830,I Know This Much Is True,"['HBO Family', 'Home Box Office', 'HBO']",[' The miniseries was originally aired on HBO.\nQ: What is the name of'],ans,1
P449_general_WESTERN_COUNTRIES_832,Melrose Place,"['Fox Broadcasting Company', 'FOX']",[' Melrose Place was originally aired on Fox.\nQ: What is the name of the theme'],ans,1
P449_general_WESTERN_COUNTRIES_834,Batman Beyond,"['The WB Television Network', 'The WB']",[' The WB Network.\nQ: What is the name of the show that Batman Beyond'],ans,1
P449_general_WESTERN_COUNTRIES_836,Hawaii Five-O,"['Tiffany Network', 'Eye Network', 'Columbia Broadcasting System', 'CBS', 'Black Rock']",[' Hawaii Five-O was originally aired on CBS.\nQ: What is the name of'],ans,1
P449_general_WESTERN_COUNTRIES_838,Elinor Wonders Why,"['PTV', 'PBS Kids']",[' Elinor Wonders Why was originally aired on PBS Kids.\nQ: What'],ans,1
P449_general_WESTERN_COUNTRIES_840,Clarice,"['Tiffany Network', 'Eye Network', 'Columbia Broadcasting System', 'CBS', 'Black Rock']",[' Clarice was originally aired on the BBC.\nQ: What is the name of the actress'],ans,0
P449_general_WESTERN_COUNTRIES_842,The Underground Railroad,"['Amazon Instant Video', 'Amazon Prime Video', 'Amazon Unbox', 'Amazon Prime', 'Amazon Video On Demand', 'Amazon Video']",[' The Underground Railroad was originally aired on the History Channel.\nQ: What is the'],ans,0
P449_general_WESTERN_COUNTRIES_844,The Persuaders!,"['ITV', 'Independent Television']",[' The Persuaders! was originally aired on ITV in the UK and ABC in the US'],ans,1
P449_general_WESTERN_COUNTRIES_846,Luther,"['BBC One', 'BBC Television Service', 'BBC1', 'BBC TV', 'BBC 1']",[' BBC One\nQ: What is the name of the actor who plays Luther?\nA: Id'],ans,1
P449_general_WESTERN_COUNTRIES_848,MasterChef,"['BBC One', 'BBC Television Service', 'BBC Two', 'BBC1', 'BBC TV', 'BBC 1', 'BBC 2', 'BBC2']",[' MasterChef was originally aired on BBC.\nQ: What is the duration of MasterChe'],ans,0
P449_general_WESTERN_COUNTRIES_850,Transformers: Robots in Disguise,['Cartoon Network'],[' Transformers: Robots in Disguise was originally aired on Cartoon Network.\n'],ans,1
P449_general_WESTERN_COUNTRIES_852,Sonny with a Chance,"['Disney', 'Disney Channel', 'The Disney Channel']",[' Sonny with a Chance was originally aired on Disney Channel.\nQ: What is the'],ans,1
P449_general_WESTERN_COUNTRIES_854,S.W.A.T.,"['Tiffany Network', 'Eye Network', 'Columbia Broadcasting System', 'CBS', 'Black Rock']",[' S.W.A.T. was originally aired on CBS.\nQ: What is'],ans,1
P449_general_WESTERN_COUNTRIES_856,Dominion,"['SciFi Entertainment', 'Sci Fi', 'Syfy', 'Sci-Fi Channel', 'SciFi']",[' The SyFy Channel.\nQ: What is the name of the city where Dominion takes'],ans,1
P449_general_WESTERN_COUNTRIES_858,Camelot,"['STARZ!', 'Starz']",[' Camelot was originally aired on Starz.\nQ: Who is the creator of'],ans,1
P449_general_WESTERN_COUNTRIES_860,Rainbow Ruby,"['EBS 1TV', 'CCTV Children', 'CCTV-14', 'CCTV Kids', 'EBS 1']",[' Rainbow Ruby was originally aired on Disney Junior in the United States.\nQ: What is'],ans,0
P449_general_WESTERN_COUNTRIES_862,Spartacus: Vengeance,"['STARZ!', 'Starz']",[' Spartacus: Vengeance was originally aired on Starz.\nQ: When was'],ans,1
P449_general_WESTERN_COUNTRIES_864,The Whispers,"['American Broadcasting Company', 'ABC']",[' The Whispers was originally aired on ABC.\nQ: Who is the creator of'],ans,1
P449_general_WESTERN_COUNTRIES_866,OK K.O.! Let's Be Heroes,['Cartoon Network'],"["" Cartoon Network\nQ: What is the name of the show's main character?\nA""]",ans,1
P449_general_WESTERN_COUNTRIES_868,Nightline,"['American Broadcasting Company', 'ABC']",[' Nightline was originally aired on ABC.\nQ: What is the duration of Nightline?'],ans,1
P449_general_WESTERN_COUNTRIES_870,The Exorcist,"['Fox Broadcasting Company', 'FOX']",[' The Exorcist was originally aired on the Fox network.\nQ: What is the'],ans,1
P449_general_WESTERN_COUNTRIES_872,Dog Whisperer with Cesar Millan,"['National Geographic Channel', 'TV National Geographic Channel Animal in Germany']",[' National Geographic Channel\nQ: What is the name of the dog that Cesar Millan uses to'],ans,1
P449_general_WESTERN_COUNTRIES_874,Dahmer – Monster: The Jeffrey Dahmer Story,"['Net Flix', 'Netflix.com', 'Netflix']",[' Dahmer – Monster: The Jeffrey Dahmer Story was originally aired on Star'],ans,0
P449_general_WESTERN_COUNTRIES_876,Unbelievable,"['Net Flix', 'Netflix.com', 'Netflix']",[' Unbelievable was originally aired on Netflix.\nQ: Who is the cre'],ans,1
P449_general_WESTERN_COUNTRIES_878,Airwolf,"['Tiffany Network', 'Eye Network', 'USA Network', 'Columbia Broadcasting System', 'USA', 'CBS', 'Black Rock']",[' CBS\nQ: What was the name of the helicopter used in the series?\nA'],ans,1
P449_general_WESTERN_COUNTRIES_880,9-1-1,"['Fox Broadcasting Company', 'FOX']",[' 9-1-1 was originally aired on FOX.\nQ: What is the'],ans,1
P449_general_WESTERN_COUNTRIES_882,Resident Evil,"['Net Flix', 'Netflix.com', 'Netflix']",[' Resident Evil was originally aired on the Sci-Fi Channel.\nQ: What is'],ans,0
P449_general_WESTERN_COUNTRIES_884,The 4400,"['USA Network', 'USA']",[' The 4400 was originally aired on the USA Network.\nQ: What is'],ans,1
P449_general_WESTERN_COUNTRIES_886,Royal Pains,"['USA Network', 'USA']",[' Royal Pains was originally aired on USA Network.\nQ: What is the name of the'],ans,1
P449_general_WESTERN_COUNTRIES_888,Little House on the Prairie,"['National Broadcasting Company', 'NBC']",[' NBC\nQ: What was the name of the town where the Ingalls family lived in the'],ans,1
P449_general_WESTERN_COUNTRIES_890,Banshee,"['Max', 'Cinemax']",[' Banshee was originally aired on Cinemax.\nQ: Who is the cre'],ans,1
P449_general_WESTERN_COUNTRIES_892,SeaQuest DSV,"['La 1', 'National Broadcasting Company', 'NBC']",[' NBC\nQ: What was the name of the ship that was used in the series?\n'],ans,1
P449_general_WESTERN_COUNTRIES_894,Disenchantment,"['Net Flix', 'Netflix.com', 'Netflix']",[' Disenchantment was originally aired on Netflix.\nQ: What is the runtime'],ans,1
P449_general_WESTERN_COUNTRIES_896,Silent Witness,"['BBC One', 'BBC Television Service', 'BBC1', 'BBC TV', 'BBC 1']",[' Silent Witness was originally aired on BBC One.\nQ: Who is the creator'],ans,1
P449_general_WESTERN_COUNTRIES_898,Primeval: New World,"['CTV Sci-Fi Channel', 'Space']",[' Primeval: New World was originally aired on Space.\nQ: When is Primeval:'],ans,1
P449_general_WESTERN_COUNTRIES_900,Stretch Armstrong & The Flex Fighters,"['Net Flix', 'Netflix.com', 'Netflix']",[' Stretch Armstrong & The Flex Fighters was originally aired on Netflix.'],ans,1
P449_general_WESTERN_COUNTRIES_902,Twisted,"['CBN Television Network', 'ABC Family', 'The Family Channel USA', 'CBN Cable', 'Family Channel (USA)', 'Freeform', 'CBN Cable Network', 'Fox Family', 'CBN Satellite Service', 'Family Channel (United States)']",[' Twisted was originally aired on ABC Family.\nQ: What is the name of the theme'],ans,1
P449_general_WESTERN_COUNTRIES_904,Transparent,"['Amazon Instant Video', 'Amazon Prime Video', 'Amazon Unbox', 'Amazon Prime', 'Amazon Video On Demand', 'Amazon Video']",[' Transparent was originally aired on Amazon Prime.\nQ: Who is the creator of Trans'],ans,1
P449_general_WESTERN_COUNTRIES_906,Scorpion,"['Tiffany Network', 'Eye Network', 'Columbia Broadcasting System', 'CBS', 'Black Rock']",[' Scorpion was originally aired on CBS.\nQ: Who is the creator of Sc'],ans,1
P449_general_WESTERN_COUNTRIES_908,The L Word,"['Showtime TV', 'SHO', 'Showtime', 'Showtime Networks']",[' The L Word was originally aired on Showtime.\nQ: Who is the creator of'],ans,1
P449_general_WESTERN_COUNTRIES_910,Power,"['STARZ!', 'Starz']",[' Power was originally aired on Starz.\nQ: Who is the creator of Power?'],ans,1
P449_general_WESTERN_COUNTRIES_912,Humans,"['Channel 4', 'C4']",[' Humans was originally aired on Channel 4 in the UK.\nQ: What is the'],ans,1
P449_general_WESTERN_COUNTRIES_914,Andromeda,"['SciFi Entertainment', 'Global Television Network', 'Global TV', 'Sci Fi', 'Syfy', 'Sci-Fi Channel', 'SciFi']",[' Andromeda was originally aired on the Sci-Fi Channel.\nQ: What is the'],ans,1
P449_general_WESTERN_COUNTRIES_916,Knight Rider,"['National Broadcasting Company', 'NBC']",[' Knight Rider was originally aired on NBC.\nQ: What is the name of the'],ans,1
P449_general_WESTERN_COUNTRIES_918,No Good Nick,"['Net Flix', 'Netflix.com', 'Netflix']",[' No Good Nick was originally aired on Netflix.\nQ: What is the runtime of'],ans,1
P449_general_WESTERN_COUNTRIES_920,F Is for Family,"['Net Flix', 'Netflix.com', 'Netflix']",[' F Is for Family was originally aired on Netflix.\nQ: When was F Is'],ans,1
P449_general_WESTERN_COUNTRIES_922,The Beverly Hillbillies,"['Tiffany Network', 'Eye Network', 'Columbia Broadcasting System', 'CBS', 'Black Rock']",[' CBS\nQ: What was the name of the family in The Beverly Hillbillies'],ans,1
P449_general_WESTERN_COUNTRIES_924,Switched at Birth,"['CBN Television Network', 'ABC Family', 'The Family Channel USA', 'CBN Cable', 'Family Channel (USA)', 'Freeform', 'CBN Cable Network', 'Fox Family', 'CBN Satellite Service', 'Family Channel (United States)']",[' Switched at Birth was originally aired on ABC Family.\nQ: What is the name'],ans,1
P449_general_WESTERN_COUNTRIES_926,Boy Meets World,"['American Broadcasting Company', 'ABC']",[' Boy Meets World was originally aired on ABC.\nQ: What is the name of the'],ans,1
P449_general_WESTERN_COUNTRIES_928,Last Resort,"['American Broadcasting Company', 'ABC']",[' Last Resort was originally aired on ABC.\nQ: Who is the creator of Last'],ans,1
P449_general_WESTERN_COUNTRIES_930,In the Flesh,"['BBC3', 'BBC 3', 'BBC Three']",[' In the Flesh was originally aired on BBC Three.\nQ: What is the name of'],ans,1
P449_general_WESTERN_COUNTRIES_932,Ripper Street,"['BBC One', 'BBC Television Service', 'Amazon Instant Video', 'BBC1', 'BBC TV', 'Amazon Prime Video', 'BBC 1', 'Amazon Unbox', 'Amazon Prime', 'Amazon Video On Demand', 'Amazon Video']",[' Ripper Street was originally aired on BBC One.\nQ: What is the name of the'],ans,1
P449_general_WESTERN_COUNTRIES_934,The Backyardigans,['Nick Jr.'],[' The Backyardigans was originally aired on Nickelodeon.\nQ: What is'],ans,0
P449_general_WESTERN_COUNTRIES_936,Persons Unknown,"['National Broadcasting Company', 'NBC']",[' Persons Unknown was originally aired on NBC.\nQ: Who is the creator'],unk,1
P449_general_WESTERN_COUNTRIES_938,Baywatch,"['National Broadcasting Company', 'NBC']",[' Baywatch was originally aired on NBC.\nQ: What is the name of the character'],ans,1
P449_general_WESTERN_COUNTRIES_940,Oz,"['HBO Family', 'Home Box Office', 'HBO']",[' Oz was originally aired on HBO.\nQ: What is the name of the prison'],ans,1
P449_general_WESTERN_COUNTRIES_942,Chowder,['Cartoon Network'],[' Chowder was originally aired on Cartoon Network.\nQ: What is the name of'],ans,1
P449_general_WESTERN_COUNTRIES_944,Lie to Me,"['Fox Broadcasting Company', 'FOX']",[' Lie to Me was originally aired on Fox.\nQ: What is the name of the main'],ans,1
P449_general_WESTERN_COUNTRIES_946,Roswell,"['The WB Television Network', 'The WB']",[' The WB\nQ: What is the name of the town where Roswell is set?\n'],ans,1
P449_general_WESTERN_COUNTRIES_948,Emily Owens,"['The CW', 'The CW Television Network']",[' The CW\nQ: What is the name of the hospital where Emily Owens works'],ans,1
P449_general_WESTERN_COUNTRIES_950,Countdown with Keith Olbermann,"['Microsoft National Broadcasting Company', 'MSNBC']",[' Countdown with Keith Olbermann was originally aired on MSNBC.\nQ: What'],ans,1
P449_general_WESTERN_COUNTRIES_952,Doc Martin,"['ITV', 'Independent Television']",[' It was originally aired on ITV.\nQ: What is the name of the town where'],ans,1
P449_general_WESTERN_COUNTRIES_954,Lethal Weapon,"['Fox Broadcasting Company', 'FOX']",[' Lethal Weapon was originally aired on Fox.\nQ: What is the name'],ans,1
P449_general_WESTERN_COUNTRIES_956,The King of Queens,"['Tiffany Network', 'Eye Network', 'Columbia Broadcasting System', 'CBS', 'Black Rock']",[' The King of Queens was originally aired on CBS.\nQ: What is the name of the'],ans,1
P449_general_WESTERN_COUNTRIES_958,Shades of Blue,"['National Broadcasting Company', 'NBC']",[' Shades of Blue was originally aired on NBC.\nQ: What is the name of'],ans,1
P449_general_WESTERN_COUNTRIES_960,Hollywood,"['Net Flix', 'Netflix.com', 'Netflix']",[' The show was originally aired on the E! Network.\nQ: What is the name of'],ans,0
P449_general_WESTERN_COUNTRIES_962,FBI,"['Tiffany Network', 'Eye Network', 'Columbia Broadcasting System', 'CBS', 'Black Rock']",[' FBI was originally aired on CBS.\nQ: Who created FBI?\nA:'],ans,1
P449_general_WESTERN_COUNTRIES_964,The Affair,"['Showtime TV', 'SHO', 'Showtime', 'Showtime Networks']",[' The Affair was originally aired on Showtime.\nQ: What is the name of the'],ans,1
P449_general_WESTERN_COUNTRIES_966,Masters of Sex,"['Showtime TV', 'SHO', 'Showtime', 'Showtime Networks']",[' Masters of Sex was originally aired on Showtime.\nQ: Who is the creator of'],ans,1
P449_general_WESTERN_COUNTRIES_968,Dead Like Me,"['Showtime TV', 'SHO', 'Showtime', 'Showtime Networks']",[' Showtime.\nQ: What is the name of the song that plays during the opening credits'],ans,1
P449_general_WESTERN_COUNTRIES_970,Ghost Whisperer,"['Tiffany Network', 'Eye Network', 'Columbia Broadcasting System', 'CBS', 'Black Rock']",[' Ghost Whisperer was originally aired on CBS.\nQ: What is the name of'],ans,1
P449_general_WESTERN_COUNTRIES_972,DreamWorks Dragons,"['Net Flix', 'Netflix.com', 'Cartoon Network', 'Netflix']",[' DreamWorks Dragons was originally aired on Cartoon Network.\nQ: What is the'],ans,1
P449_general_WESTERN_COUNTRIES_974,The Hour,"['BBC Two', 'BBC2', 'BBC 2']",[' The Hour was originally aired on BBC Two.\nQ: Who is the creator of'],ans,1
P449_general_WESTERN_COUNTRIES_976,Covert Affairs,"['USA Network', 'USA']",[' Covert Affairs was originally aired on USA Network.\nQ: When did Covert Affairs premi'],ans,1
P449_general_WESTERN_COUNTRIES_978,"Go, Dog. Go!","['Net Flix', 'Netflix.com', 'Netflix']",[' PBS\nQ: What is the name of the dog that is the main character in the book'],ans,0
P449_general_WESTERN_COUNTRIES_980,The Mentalist,"['Tiffany Network', 'Eye Network', 'Columbia Broadcasting System', 'CBS', 'Black Rock']",[' The Mentalist was originally aired on CBS.\nQ: What is the name of the'],ans,1
P449_general_WESTERN_COUNTRIES_982,The National Anthem,"['Channel 4', 'C4']",[' The National Anthem was originally aired on Channel 4 in the UK.\nQ: What'],ans,1
P449_general_WESTERN_COUNTRIES_984,The Replacements,"['Toon Disney', 'Disney Channel', 'Disney', 'The Disney Channel']",[' The Replacements was originally aired on Disney Channel.\nQ: Who is the creator'],ans,1
P449_general_WESTERN_COUNTRIES_986,Doctor Foster,"['BBC One', 'BBC Television Service', 'BBC1', 'BBC TV', 'BBC 1']",[' The series was originally aired on BBC One.\nQ: What is the name of the actress'],ans,1
P449_general_WESTERN_COUNTRIES_988,Trailer Park Boys,"['Net Flix', 'Netflix.com', 'Netflix']",[' Trailer Park Boys was originally aired on Showcase.\nQ: What is the name of'],ans,0
P449_general_WESTERN_COUNTRIES_990,Calimero,"['Tv-asahi', 'TV Asahi', 'ANB']",[' Calimero was originally aired on NHK in Japan.\nQ: What is the'],ans,0
P449_general_WESTERN_COUNTRIES_992,Rapunzel's Tangled Adventure,"['Disney', 'Disney Channel', 'The Disney Channel']","["" Rapunzel's Tangled Adventure was originally aired on Disney Channel.\nQ:""]",ans,1
P449_general_WESTERN_COUNTRIES_994,Transformers: Cyberverse,['Cartoon Network'],[' Transformers: Cyberverse was originally aired on Cartoon Network.\nQ: Who'],ans,1
P449_general_WESTERN_COUNTRIES_996,Pee-wee's Playhouse,"['Tiffany Network', 'Eye Network', 'Columbia Broadcasting System', 'CBS', 'Black Rock']","["" Pee-wee's Playhouse was originally aired on CBS.\nQ: What""]",ans,1
P449_general_WESTERN_COUNTRIES_998,La Femme Nikita,"['USA Network', 'USA']",[' La Femme Nikita was originally aired on USA Network.\nQ: What is the name'],ans,1
