﻿uuid,sub_label,obj_label,choices,ans_type,acc
P47_general_ASIA_0,Japan,"['Taiwan', 'Chunghwa Minkwo', 'CCCP', 'Free China', 'Rossiyskaya Federatsiya', 'U.S.A.', '🇰🇷', 'America', 'the US of A', 'China, Republic', 'USA', 'the United States', 'Rossiya', 'Taivangʉ', 'RPC', 'PH', 'United States of America', 'U.S. of America', 'the U.S.A.', 'Republic of China (Taiwan)', 'PHI', 'Formosa', 'Rossijskaja Federatsija', 'Hanguk', 'USSR', 'URS', 'CN', 'China', 'The USSR', 'kr', 'Philippines', 'Soviets', 'the US of America', 'Free area of the Republic of China', 'ROK', 'SU', 'Chinese Taipei', 'ROC', 'TW', 'Korea (South)', 'RUS', 'RP', 'U. S. A.', 'United States', 'the United States of America', 'Rossija', 'Union of Soviet Socialist Republics', 'Daehan Minguk', 'Republic of Korea', 'US of America', 'KOR', 'Philippine Islands', 'Republic of China', 'Ilaod', 'The Philippines', 'S. Korea', 'Taiwan ROC', 'U. S.', 'the Soviet Union', 'SK', 'South Korea', 'Chunghwa Minkuo', 'ru', 'U.S.', 'the U.S. of America', 'Rep. Korea', 'Nanasian', 'the Union of Soviet Socialist Republics', 'ph', 'Russia', 'Russian Federation', 'Federation of Russia', 'PR China', ""People's Republic of China"", 'Taywan', 'CHN', 'RF', 'PRC', 'Soviet Union', 'U.S.S.R', 'cn', 'Daehanminguk', 'Россия', 'PHL', 'Nationalist China', 'China PR', 'US of A', 'the States', 'Mainland China', 'Korea Republic', 'TPE', 'the USA', 'The Soviets', 'RU', 'the U.S. of A', 'the US', 'Российская Федерация', 'TWN', 'Republic of the Philippines', '🇵🇭', 'the U.S.', 'U.S.S.R.', 'Taivang', '🇹🇼', '🇨🇳', 'US']",[' China\nQ: What is the name of the country that shares border with Japan?\nA:'],ans,1
P47_general_ASIA_1,People's Republic of China,"['Iapon', 'NEP', 'Jap', 'Pakistan', 'KDHC', 'Bharat Ganarajya', 'Myanmar', 'Bharatvarsh', 'Nippon-koku', 'Rossiyskaya Federatsiya', '🇰🇷', 'JA', ""Democratic People's Republic of Korea"", 'Rossiya', 'Republic of the Union of Myanmar', 'Republic of India', 'IND', 'Afghanistan', 'Kingdom of Bhutan', 'Land of the Rising Sun', 'Viet Nam', 'Mongolia', 'Nepal', 'IN', 'JPN', 'VN', 'Rossijskaja Federatsija', 'Hanguk', 'LAO', 'Dem. Kore Cumhuriyeti', 'Bharat', 'kr', 'tj', 'Việt Nam', 'ROK', 'JAP', 'Korea (South)', 'N. Korea', 'RUS', 'Iapan', '🇧🇹', 'Kuzey Kore', 'NP', 'MYA', '🇲🇲', 'Union of Burma', 'Kore Demokratik Halk Cumhuriyeti', '🇯🇵', 'Japan', 'Rossija', 'TJK', 'Daehan Minguk', '🇲🇳', '🇳🇵', '🇦🇫', 'Republic of Korea', 'DPRK', 'kp', 'Republic of Kazakhstan', 'Kyrgyz Republic', 'KOR', 'KGZ', 'Nippon', 'Mongol uls', 'VIE', 'Socialist Republic of Vietnam', 'S. Korea', '🇰🇿', 'SRV', 'Bhutan', 'North Korea', 'Kazakhstan', 'SK', 'South Korea', 'ru', 'BUR', 'Burma', 'Rep. Korea', 'PRK', 'Nihon', 'af', 'kg', 'India', 'MGL', 'Kirgizia', 'Lao PDR', 'AFG', '🇵🇰', 'Russia', 'Russian Federation', 'Federation of Russia', 'jp', '🇱🇦', 'MNG', 'MM', 'VNM', 'Tajikistan', 'RF', 'Ja', 'Laos', 'bt', 'la', 'pk', 'Daehanminguk', 'Россия', 'Hindoostan', '🇰🇵', 'DPR Korea', 'JP', 'Federal Democratic Republic of Nepal', 'kz', 'KAZ', '🇰🇬', 'Vietnam', '🇹🇯', 'mn', 'Kyrgyzstan', 'BHU', 'Republic of Pakistan', 'Qazaqstan', 'Korea Republic', 'State of Japan', 'Bharata', 'Hindustan', 'Nihon-koku', '🇮🇳', 'Republic of Tajikistan', 'RU', ""Lao People's Democratic Republic"", 'NPL', 'PAK', 'Российская Федерация', 'Indostan', 'Islamic Republic of Pakistan', '🇻🇳']","["" The country that shares border with People's Republic of China is India.\nQ: What is""]",ans,1
P47_general_ASIA_2,Taiwan,"['Iapan', 'PHL', 'RP', 'Iapon', 'Jap', 'Nihon', 'JP', '🇯🇵', 'Nippon-koku', 'Japan', 'China PR', 'ph', 'JA', 'Mainland China', 'State of Japan', 'RPC', 'PH', 'Nihon-koku', 'Land of the Rising Sun', 'PR China', 'jp', 'Nippon', ""People's Republic of China"", 'Philippine Islands', 'The Philippines', 'JPN', 'PHI', 'CHN', 'Ja', 'Republic of the Philippines', '🇵🇭', 'CN', 'China', 'PRC', 'cn', 'Philippines', '🇨🇳', 'JAP']",[' China\nQ: What is the name of the country that shares border with Taiwan?\nA:'],ans,1
P47_general_ASIA_3,Thailand,"['MAS', 'BUR', 'my', 'Burma', 'MYA', '🇲🇲', 'Union of Burma', 'Myanmar', 'kh', 'Kedah', 'Kampuchea', 'Republic of the Union of Myanmar', '🇰🇭', 'Lao PDR', 'Campuchia', ""Lao People's Democratic Republic"", 'Khmer Republic', 'Camboya', '🇱🇦', 'Federation of Malaysia', 'MM', 'Kamboja', 'Kingdom of Cambodia', '🇲🇾', 'Kambodzha', 'Laos', 'Malaysia', 'LAO', 'la', 'Cambodia', 'Malaysia Federation', 'MYS']",[' Malaysia\nQ: What is the name of the capital city of Thailand?\nA:'],ans,1
P47_general_ASIA_4,Philippines,"['MAS', 'TW', 'ID', 'Taiwan', 'Iapan', 'Pelew', 'my', 'id', 'Iapon', 'Chunghwa Minkwo', 'Jap', 'Nationalist China', 'Nanasian', 'Nihon', 'JP', '🇯🇵', 'Nippon-koku', 'Free China', 'Japan', 'China PR', 'China, Republic', 'JA', 'INA', 'MYS', 'Taivangʉ', 'Mainland China', 'State of Japan', 'RPC', 'TPE', 'Nihon-koku', 'Pelew islands', 'Land of the Rising Sun', 'PR China', 'jp', 'Nippon', ""People's Republic of China"", 'Republic of Belau', 'Republic of Palau', 'IDN', 'Republic of China', 'ROC', 'Ilaod', 'Republic of China (Taiwan)', 'Federation of Malaysia', 'Taywan', 'JPN', 'Formosa', 'CHN', '🇲🇾', 'Ja', 'Malaysia', 'TWN', 'Taiwan ROC', 'CN', 'China', 'PRC', 'pw', 'Republic of Indonesia', 'cn', '🇵🇼', 'Malaysia Federation', 'Chunghwa Minkuo', 'Free area of the Republic of China', '🇹🇼', '🇨🇳', 'Taivang', 'Palau', 'Chinese Taipei', 'Belau', 'JAP', 'Indonesia']","[' Indonesia, Malaysia, Palau, Taiwan, Vietnam, Brunei, China, and']",ans,1
P47_general_ASIA_5,Vietnam,"['China PR', 'kh', 'Mainland China', 'Kampuchea', 'RPC', '🇰🇭', 'Lao PDR', 'Campuchia', 'PR China', ""Lao People's Democratic Republic"", ""People's Republic of China"", 'Camboya', '🇱🇦', 'Kamboja', 'Kingdom of Cambodia', 'CHN', 'Kambodzha', 'Laos', 'LAO', 'la', 'CN', 'Cambodia', 'China', 'PRC', 'cn', '🇨🇳']",[' China\nQ: What is the capital of Vietnam?\nA: Hanoi\nQ:'],ans,1
P47_general_ASIA_6,Singapore,"['MAS', '🇲🇾', 'Malaysia', 'ID', 'my', 'INA', 'id', 'Republic of Indonesia', 'IDN', 'Malaysia Federation', 'MYS', 'Federation of Malaysia', 'Indonesia']",[' Malaysia\nQ: What is the name of the famous Singaporean dish?\nA:'],ans,1
P47_general_ASIA_7,South Korea,"['N. Korea', '🇰🇵', 'Iapan', 'Iapon', 'Kuzey Kore', 'Jap', 'PRK', 'Nihon', 'KDHC', 'Kore Demokratik Halk Cumhuriyeti', 'JP', '🇯🇵', 'DPR Korea', 'Nippon-koku', 'Japan', 'China PR', 'JA', ""Democratic People's Republic of Korea"", 'Mainland China', 'State of Japan', 'DPRK', 'RPC', 'kp', 'Nihon-koku', 'Land of the Rising Sun', 'PR China', 'jp', 'Nippon', ""People's Republic of China"", 'JPN', 'CHN', 'Ja', 'Dem. Kore Cumhuriyeti', 'CN', 'China', 'North Korea', 'PRC', 'cn', '🇨🇳', 'JAP']",[' North Korea\nQ: What is the capital of South Korea?\nA: Seoul\nQ'],ans,1
P47_general_ASIA_8,North Korea,"['ru', 'Korea (South)', 'RUS', 'SU', 'CCCP', 'Rep. Korea', 'the Union of Soviet Socialist Republics', 'Rossija', 'China PR', 'Union of Soviet Socialist Republics', 'Rossiyskaya Federatsiya', '🇰🇷', 'Daehan Minguk', 'Mainland China', 'Rossiya', 'Republic of Korea', 'Korea Republic', 'RPC', 'The Soviets', 'KOR', 'Russia', 'Russian Federation', 'Federation of Russia', 'PR China', 'RU', ""People's Republic of China"", 'Российская Федерация', 'CHN', 'Rossijskaja Federatsija', 'RF', 'USSR', 'S. Korea', 'Hanguk', 'URS', 'CN', 'China', 'PRC', 'The USSR', 'Soviet Union', 'U.S.S.R.', 'U.S.S.R', 'cn', 'the Soviet Union', 'kr', 'Daehanminguk', 'Soviets', 'SK', '🇨🇳', 'Россия', 'ROK', 'South Korea']",[' China\nQ: What is the name of the country that shares border with North Korea?\nA'],ans,1
P47_general_ASIA_9,Myanmar,"['BAN', 'Land of Smiles', '🇹🇭', 'Bharat Ganarajya', 'THA', 'Bharatvarsh', 'Bangladesh', 'China PR', 'Thailand', 'th', 'India', 'Kingdom of Thailand', 'Mainland China', '🇧🇩', 'Bharata', 'Republic of India', 'Hindustan', 'RPC', '🇮🇳', 'IND', 'Lao PDR', 'bd', ""People's Republic of Bangladesh"", 'PR China', ""Lao People's Democratic Republic"", ""People's Republic of China"", '🇱🇦', 'IN', 'Indostan', 'CHN', 'Siam', 'Laos', 'LAO', 'la', 'CN', 'China', 'PRC', 'cn', 'Bharat', '🇨🇳', 'Hindoostan']",[' Bangladesh\nQ: What is the capital of Myanmar?\nA: Nay'],ans,1
P47_general_ASIA_10,Indonesia,"['my', 'Land of Smiles', '🇹🇭', 'Bharat Ganarajya', 'THA', 'Bharatvarsh', 'tl', 'Thailand', 'th', 'Straya', 'New Hollandia', 'SG', 'Nova Hollandia', 'Republic of India', 'PH', 'IND', 'Viet Nam', 'Singapore City', 'IN', 'Federation of Malaysia', 'PHI', 'VN', 'Timor Leste', 'Malaysia', 'Bharat', 'Philippines', 'Việt Nam', 'Belau', 'Lion City', 'Pelew', 'RP', 'Papua New Guinea', 'Democratic Republic of East Timor', 'New Holland', 'SIN', 'AUS', '🇸🇬', 'au', '🇵🇬', 'Republic of Belau', 'VIE', 'Philippine Islands', 'Socialist Republic of Vietnam', 'The Philippines', 'PNG', '🇲🇾', 'Siam', 'SRV', 'pw', 'Independent State of Papua New Guinea', 'Malaysia Federation', 'Oz', 'Australia', 'MAS', 'Garden City', 'ph', 'India', 'Kingdom of Thailand', 'sg', '🇹🇱', 'Commonwealth of Australia', 'Republic of Palau', 'TLS', 'VNM', 'MYS', 'Timor-Leste', 'Republic of Singapore', 'Hindoostan', ""S'pore"", 'Stralia', 'pg', 'PHL', 'Singapore', 'Vietnam', '🇦🇺', 'Aussieland', 'East Timor', 'Bharata', 'Hindustan', 'SGP', '🇮🇳', 'Pelew islands', 'Democratic Republic of Timor-Leste', 'Indostan', 'Republic of the Philippines', '🇵🇭', 'AU', '🇵🇼', '🇻🇳', 'Palau']",[' Papua New Guinea\nQ: What is the capital of Indonesia?\nA: Jakarta'],ans,1
P47_general_ASIA_11,Malaysia,"[""S'pore"", 'Brunei', 'ID', 'PHL', 'RP', 'id', 'Land of Smiles', 'Brunei Darussalam', '🇹🇭', 'THA', 'Garden City', 'Singapore', 'Thailand', 'ph', 'th', 'INA', 'Kingdom of Thailand', 'bn', 'BRN', 'SG', 'SIN', 'sg', 'Nation of Brunei, the Abode of Peace', 'SGP', 'PH', '🇸🇬', 'BRU', 'Philippine Islands', 'IDN', 'The Philippines', 'Singapore City', 'PHI', 'Negara Brunei Darussalam', 'Siam', 'Republic of the Philippines', '🇵🇭', 'Republic of Indonesia', 'Philippines', '🇧🇳', 'Republic of Singapore', 'Lion City', 'Indonesia']",[' Thailand\nQ: What is the name of the Malaysian currency?\nA: Ringgit'],ans,1
P47_general_ASIA_12,Mongolia,"['ru', 'RUS', 'Rossija', 'China PR', 'Rossiyskaya Federatsiya', 'Mainland China', 'Rossiya', 'RPC', 'Russia', 'Russian Federation', 'Federation of Russia', 'PR China', 'RU', ""People's Republic of China"", 'Российская Федерация', 'CHN', 'Rossijskaja Federatsija', 'RF', 'CN', 'China', 'PRC', 'cn', '🇨🇳', 'Россия']",[' China\nQ: What is the capital of Mongolia?\nA: Ulaanbaatar'],ans,1
