﻿uuid,sub_label,obj_label,choices,ans_type,acc
P103_general_WESTERN_COUNTRIES_0,Jean-Luc Mélenchon,"['es', 'Spanish language', 'Español', 'Castilian language', 'Spanish', 'Castilian']","["" Jean-Luc Mélenchon's native language is French\nQ: What""]",ans,0
P103_general_WESTERN_COUNTRIES_2,Boris Johnson,"['English', 'en', 'English language', 'eng']",[' English.\nQ: What is the native language of Donald Trump?\nA: English'],ans,1
P103_general_WESTERN_COUNTRIES_4,Lionel Messi,"['es', 'Spanish language', 'Español', 'Castilian language', 'Spanish', 'Castilian']",[' Spanish\nQ: What is the native language of Cristiano Ronaldo?\nQ'],ans,1
P103_general_WESTERN_COUNTRIES_6,Marine Le Pen,"['fr', 'French', 'fra', '(fr)', 'French language']",[' French\nQ: What is the native language of Geert Wilders?\nQ:'],ans,1
P103_general_WESTERN_COUNTRIES_8,Zinedine Zidane,"['fr', 'French', 'fra', '(fr)', 'French language']",[' French\nQ: What is the native language of Zinedine Zidane?\n'],ans,1
P103_general_WESTERN_COUNTRIES_10,Maximilien Robespierre,"['fr', 'French', 'fra', '(fr)', 'French language']","["" Maximilien Robespierre's native language is French\nQ: What is Maxim""]",ans,1
P103_general_WESTERN_COUNTRIES_12,Cristiano Ronaldo,"['pt', 'Portuguese language', 'Portuguese']","["" Cristiano Ronaldo's native language is Portuguese.\nQ: What is Crist""]",ans,1
P103_general_WESTERN_COUNTRIES_14,Barack Obama,"['English', 'en', 'English language', 'eng']","["" Barack Obama's native language is English.\nQ: What is the political""]",ans,1
P103_general_WESTERN_COUNTRIES_16,Valéry Giscard d'Estaing,"['fr', 'French', 'fra', '(fr)', 'French language']","["" Valéry Giscard d'Estaing's native language is French\nQ:""]",ans,1
P103_general_WESTERN_COUNTRIES_18,Taylor Swift,"['English', 'en', 'English language', 'eng']","["" Taylor Swift's native language is American English.\nQ: What is Taylor Swift'""]",ans,1
P103_general_WESTERN_COUNTRIES_20,Nicolas Sarkozy,"['fr', 'French', 'fra', '(fr)', 'French language']",[' French.\nQ: What is the native language of Angela Merkel?\nQ'],ans,1
P103_general_WESTERN_COUNTRIES_22,Mitt Romney,"['English', 'en', 'English language', 'eng']",[' Pander-ese.\nQ: What is the difference between Mitt Romney and a'],ans,0
P103_general_WESTERN_COUNTRIES_24,Alexandre Millerand,"['fr', 'French', 'fra', '(fr)', 'French language']","["" Alexandre Millerand's native language is French\nQ: What is Alexandre Millerand'""]",ans,1
P103_general_WESTERN_COUNTRIES_26,Charles Maurras,"['fr', 'French', 'fra', '(fr)', 'French language']",[' The native language of Charles Maurras is French.\nQ: What was Charles Ma'],ans,1
P103_general_WESTERN_COUNTRIES_28,Louis XVI of France,"['fr', 'French', 'fra', '(fr)', 'French language']","["" Louis XVI of France's native language is French\nQ: What is Louis XVI of""]",ans,1
P103_general_WESTERN_COUNTRIES_30,Serena Williams,"['English', 'en', 'English language', 'eng']","["" Serena Williams's native language is American English\nQ: What is Serena Williams""]",ans,1
P103_general_WESTERN_COUNTRIES_32,Andy Murray,"['English', 'en', 'English language', 'eng']","[' Andy Murray was born in Glasgow, United Kingdom and thus he has English as his mother tongue']",ans,1
P103_general_WESTERN_COUNTRIES_34,John van der Neumann,"['hu', 'Hungarian language', 'Hungarian']","["" John van der Neumann's native language is Dutch.\nQ: What is John""]",ans,0
P103_general_WESTERN_COUNTRIES_36,Georges Bataille,"['fr', 'French', 'fra', '(fr)', 'French language']","["" Georges Bataille's native language is French\nQ: What was Georges Bata""]",ans,1
P103_general_WESTERN_COUNTRIES_38,Amanda Lear,"['fr', 'French', 'fra', '(fr)', 'French language']","["" Amanda Lear's native language is French.\nQ: What is Amanda Lear""]",ans,1
P103_general_WESTERN_COUNTRIES_40,"Diana, Princess of Wales","['eng', 'English (United Kingdom)', 'UK English', 'en-gb', 'English', 'en', 'BrE', 'en_GB', 'United Kingdom English', 'en_gb', 'English language', 'British English', 'en-GB']",[' English\nQ: What is the native language of Prince Charles?\nQ: What is'],ans,1
P103_general_WESTERN_COUNTRIES_42,LeBron James,"['English', 'en', 'English language', 'eng']",[' English.\nQ: What is the native language of Dwyane Wade?\n'],ans,1
P103_general_WESTERN_COUNTRIES_44,Mike Pence,"['English', 'en', 'English language', 'eng']",[' English.\nQ: What is the native language of Donald Trump?\nA: English'],ans,1
P103_general_WESTERN_COUNTRIES_46,Stephen Harper,"['English', 'en', 'English language', 'eng']","[' He was born in Toronto, Ontario.\nQ: What is the religion of Stephen Har']",ans,0
P103_general_WESTERN_COUNTRIES_48,Bernie Sanders,"['English', 'en', 'English language', 'eng']",[' Yiddish.\nQ: What is the native language of Donald Trump?\nA'],ans,0
P103_general_WESTERN_COUNTRIES_50,Hillary Clinton,"['eng', 'English (United States)', 'en-us', 'en_US', 'English', 'en', 'U.S. English', 'en_us', 'English language', 'AmE', 'United States English', 'US English', 'en-US', 'American English']","["" Hillary Clinton's native language is English.\nQ: What is the political""]",ans,1
P103_general_WESTERN_COUNTRIES_52,Charles III,"['eng', 'English (United Kingdom)', 'UK English', 'en-gb', 'English', 'en', 'BrE', 'en_GB', 'United Kingdom English', 'en_gb', 'English language', 'British English', 'en-GB']","["" Charles III's native language is Spanish\nQ: What is Charles III's official""]",ans,0
P103_general_WESTERN_COUNTRIES_54,Cyrano de Bergerac,"['fr', 'French', 'fra', '(fr)', 'French language']",[' French\nQ: What is the native language of William Shakespeare?\nQ: What is'],ans,1
P103_general_WESTERN_COUNTRIES_56,Julian Assange,"['English', 'en', 'English language', 'eng']","[' Julian Assange is an Australian citizen, and his native language is English.\nQ']",ans,1
P103_general_WESTERN_COUNTRIES_58,Eric Walter Elst,"['nl', 'nld', 'ned', 'Dutch language', 'Netherlandic language', 'Flemish language', 'Netherlandic', 'Dutch', 'Nederlands', 'Flemish', 'Netherlandish']","["" Eric Walter Elst's native language is Belgian.\nQ: What is Eric""]",ans,0
P103_general_WESTERN_COUNTRIES_60,Italian Americans,"['eng', 'Sicilian language', 'Italian', 'Siculo', 'it', 'English', 'en', 'scn', 'Italiano', 'Sicilianu', 'Calabro-Sicilian', 'English language', 'Italian language', 'Siciliano', 'Sicilian']",[' Italian.\nQ: What is the native language of German Americans?\nA: German'],ans,1
P103_general_WESTERN_COUNTRIES_62,Steve Davis,"['English', 'en', 'English language', 'eng']","["" Steve Davis's mother tongue is English\nQ: What is the birth name of Steve""]",ans,1
P103_general_WESTERN_COUNTRIES_64,Chris Jericho,"['English', 'en', 'English language', 'eng']","["" Chris Jericho's native language is Canadian and other languages.\nQ: What""]",ans,0
P103_general_WESTERN_COUNTRIES_66,"Prince Harry, Duke of Sussex","['eng', 'English (United Kingdom)', 'UK English', 'en-gb', 'English', 'en', 'BrE', 'en_GB', 'United Kingdom English', 'en_gb', 'English language', 'British English', 'en-GB']","["" Prince Harry, Duke of Sussex's native language is English\nQ: What is""]",ans,1
P103_general_WESTERN_COUNTRIES_68,David Bowie,"['English', 'en', 'English language', 'eng']","["" David Bowie's native language is England\nQ: What is David Bowie'""]",ans,0
P103_general_WESTERN_COUNTRIES_70,Napoleon,"['Corsican language', 'co', 'Corsican']",[' French.\nQ: What is the native language of Hitler?\nA: German.'],ans,0
P103_general_WESTERN_COUNTRIES_72,Theodore Roosevelt,"['eng', 'English (United States)', 'en-us', 'en_US', 'English', 'en', 'U.S. English', 'en_us', 'English language', 'AmE', 'United States English', 'US English', 'en-US', 'American English']","["" Theodore Roosevelt's native language is United States\nQ: What is""]",ans,0
P103_general_WESTERN_COUNTRIES_74,Alan Stivell,"['fr', 'French', 'fra', '(fr)', 'French language']","["" Alan Stivell's native language is French\nQ: What is Alan Stiv""]",ans,1
P103_general_WESTERN_COUNTRIES_76,Margaret Thatcher,"['eng', 'English (United Kingdom)', 'UK English', 'en-gb', 'English', 'en', 'BrE', 'en_GB', 'United Kingdom English', 'en_gb', 'English language', 'British English', 'en-GB']",[' English.\nQ: What is the native language of the Queen of England?\nQ'],ans,1
P103_general_WESTERN_COUNTRIES_78,Matteo Renzi,"['it', 'Italiano', 'Italian', 'Italian language']","["" Matteo Renzi's native language is Italian\nQ: What is Matte""]",ans,1
P103_general_WESTERN_COUNTRIES_80,Bill Clinton,"['English', 'en', 'English language', 'eng']",[' Inarticulate.\nQ: What is the difference between Bill Clinton and Jimmy'],ans,0
P103_general_WESTERN_COUNTRIES_82,Cher,"['English', 'en', 'English language', 'eng']",[' English\nQ: What is the native language of Cher?\nA: English.\n'],ans,1
P103_general_WESTERN_COUNTRIES_84,Katy Perry,"['English', 'en', 'English language', 'eng']","["" Katy Perry's native language is American English.\nQ: What is Katy""]",ans,1
P103_general_WESTERN_COUNTRIES_86,Eminem,"['English', 'en', 'English language', 'eng']","["" Eminem's native language is United States and other official language is English.\n""]",ans,1
P103_general_WESTERN_COUNTRIES_88,Selena Gomez,"['English', 'en', 'English language', 'eng']","["" Selena Gomez's native language is American English.\nQ: What is""]",ans,1
P103_general_WESTERN_COUNTRIES_90,Dianna Agron,"['English', 'en', 'English language', 'eng']","["" Dianna Agron's native language is American English.\nQ: What is""]",ans,1
P103_general_WESTERN_COUNTRIES_92,Georges Clemenceau,"['fr', 'French', 'fra', '(fr)', 'French language']","["" Georges Clemenceau's native language is French\nQ: What is Georges C""]",ans,1
P103_general_WESTERN_COUNTRIES_94,Hulk Hogan,"['English', 'en', 'English language', 'eng']",[' English.\nQ: What is the native language of the Rock?\nQ: What'],ans,1
P103_general_WESTERN_COUNTRIES_96,Paul McCartney,"['English', 'en', 'English language', 'eng']",[' English.\nQ: What is the native language of Paul McCartney?\nA'],ans,1
P103_general_WESTERN_COUNTRIES_98,Jules Verne,"['fr', 'French', 'fra', '(fr)', 'French language']",[' French\nQ: What is the native language of H.G. Wells?\n'],ans,1
P103_general_WESTERN_COUNTRIES_100,Daniel Cohn-Bendit,"['de', 'German', 'German language']","["" Daniel Cohn-Bendit's native language is French\nQ: What is""]",ans,0
P103_general_WESTERN_COUNTRIES_102,H. H. Asquith,"['English', 'en', 'English language', 'eng']","["" H. H. Asquith's native language is English\nQ: What is""]",ans,1
P103_general_WESTERN_COUNTRIES_104,Dwight D. Eisenhower,"['eng', 'English (United States)', 'en-us', 'en_US', 'English', 'en', 'U.S. English', 'en_us', 'English language', 'AmE', 'United States English', 'US English', 'en-US', 'American English']",[' English\nQ: What is the native language of John F. Kennedy?\nQ:'],ans,1
P103_general_WESTERN_COUNTRIES_106,Ulysses S Grant,"['English', 'en', 'English language', 'eng']","["" Ulysses S Grant's native language is American\nQ: What is the""]",ans,0
P103_general_WESTERN_COUNTRIES_108,François Mitterrand,"['fr', 'French', 'fra', '(fr)', 'French language']","["" François Mitterrand's native language is French\nQ: What is François Mitter""]",ans,1
P103_general_WESTERN_COUNTRIES_110,Whitney Houston,"['English', 'en', 'English language', 'eng']",[' English.\nQ: What is the native language of Mariah Carey?\nQ'],ans,1
P103_general_WESTERN_COUNTRIES_112,Ariana Grande,"['English', 'en', 'English language', 'eng']","["" Ariana Grande's native language is American English.\nQ: What is Ariana""]",ans,1
P103_general_WESTERN_COUNTRIES_114,Nicolas Dalayrac,"['fr', 'French', 'fra', '(fr)', 'French language']","["" Nicolas Dalayrac's native language is French\nQ: What is Nicolas Dalay""]",ans,1
P103_general_WESTERN_COUNTRIES_116,Chuck Schumer,"['English', 'en', 'English language', 'eng']",[' Yiddish.\nQ: What is the native language of Nancy Pelosi?\n'],ans,0
P103_general_WESTERN_COUNTRIES_118,"Gilbert du Motier, Marquis de Lafayette","['fr', 'French', 'fra', '(fr)', 'French language']",[' French\nQ: What is the native language of the Marquis de Sade?\nQ: What'],ans,1
P103_general_WESTERN_COUNTRIES_120,John F. Kennedy,"['eng', 'English (United States)', 'en-us', 'en_US', 'English', 'en', 'U.S. English', 'en_us', 'English language', 'AmE', 'United States English', 'US English', 'en-US', 'American English']","[' No, he was a naturalized citizen.\nQ: In many Muslim countries,']",ans,0
P103_general_WESTERN_COUNTRIES_122,Christina Aguilera,"['English', 'en', 'English language', 'eng']","["" Christina Aguilera's native language is American English.\nQ: What is""]",ans,1
P103_general_WESTERN_COUNTRIES_124,Avril Lavigne,"['English', 'en', 'English language', 'eng']","["" Avril Lavigne's native language is Canadian, she was born in Canada.""]",ans,0
P103_general_WESTERN_COUNTRIES_126,Angela Merkel,"['de', 'German', 'German language']",[' German\nQ: What is the native language of Barack Obama?\nQ:'],ans,1
P103_general_WESTERN_COUNTRIES_128,Karim Benzema,"['fr', 'French', 'fra', '(fr)', 'French language']","["" Karim Benzema's native language is French\nQ: What is Karim""]",ans,1
P103_general_WESTERN_COUNTRIES_130,Karl Müller,"['de', 'German', 'German language']","["" Karl Müller's native language is German\nQ: What is Karl Müller's exact""]",ans,1
P103_general_WESTERN_COUNTRIES_132,XXXTentacion,"['English', 'en', 'English language', 'eng']","["" XXXTentacion's mother tongue is English.\nQ: What is the birth""]",ans,1
P103_general_WESTERN_COUNTRIES_134,Madonna,"['English', 'en', 'English language', 'eng']","["" Madonna's native language is English\nQ: What is the exact age of Madonna?""]",ans,1
P103_general_WESTERN_COUNTRIES_136,The Miz,"['English', 'en', 'English language', 'eng']","["" The Miz's native language is American English.\nQ: What is The M""]",ans,1
P103_general_WESTERN_COUNTRIES_138,Paris Hilton,"['English', 'en', 'English language', 'eng']",[' Depends on what day of the week it is.\nQ: What is the difference'],ans,0
P103_general_WESTERN_COUNTRIES_140,Angelina Jolie,"['eng', 'English (United States)', 'en-us', 'en_US', 'English', 'en', 'U.S. English', 'en_us', 'English language', 'AmE', 'United States English', 'US English', 'en-US', 'American English']","[' Angelina Jolie was born in Los Angeles, California, USA.\nQ:']",ans,0
P103_general_WESTERN_COUNTRIES_142,Giorgia Meloni,"['it', 'Italiano', 'Italian', 'Italian language']","["" Giorgia Meloni's native language is Italian\nQ: What is Giorgia Mel""]",ans,1
P103_general_WESTERN_COUNTRIES_144,Jacques Médecin,"['fr', 'French', 'fra', '(fr)', 'French language']",[' The native language of Jacques Médecin is French.\nQ: What is the birth'],ans,1
P103_general_WESTERN_COUNTRIES_146,Justin Timberlake,"['English', 'en', 'English language', 'eng']",[' English\nQ: What is the native language of Justin Timberlake?\nA'],ans,1
P103_general_WESTERN_COUNTRIES_148,Robert F. Kennedy,"['eng', 'English (United States)', 'en-us', 'en_US', 'English', 'en', 'U.S. English', 'en_us', 'English language', 'AmE', 'United States English', 'US English', 'en-US', 'American English']","["" Robert F. Kennedy's native language is English\nQ: What is Robert F.""]",ans,1
P103_general_WESTERN_COUNTRIES_150,Voltaire,"['fr', 'French', 'fra', '(fr)', 'French language']",[' Voltaire was born in France and thus he was likely to speak French as his mother tongue'],ans,1
P103_general_WESTERN_COUNTRIES_152,Kanye West,"['English', 'en', 'English language', 'eng']","[' Kanye West is an American rapper, singer, songwriter, record producer,']",ans,0
P103_general_WESTERN_COUNTRIES_154,Kendrick Lamar,"['English', 'en', 'English language', 'eng']","["" Kendrick Lamar's native language is American English.\nQ: What is""]",ans,1
P103_general_WESTERN_COUNTRIES_156,Jean-Marie Le Pen,"['fr', 'French', 'fra', '(fr)', 'French language']",[' French\nQ: What is the native language of the late Yasser Arafat?'],ans,1
P103_general_WESTERN_COUNTRIES_158,Elton John,"['English', 'en', 'English language', 'eng']","["" Elton John's native language is England\nQ: What is Elton John'""]",ans,0
P103_general_WESTERN_COUNTRIES_160,Andrew Cuomo,"['English', 'en', 'English language', 'eng']",[' English.\nQ: What is the native language of Chris Christie?\nQ:'],ans,1
P103_general_WESTERN_COUNTRIES_162,Marilyn Manson,"['English', 'en', 'English language', 'eng']","["" Marilyn Manson's mother tongue is English.\nQ: What is Mar""]",ans,1
P103_general_WESTERN_COUNTRIES_164,Nikolas Cruz,"['English', 'en', 'English language', 'eng']","["" Nikolas Cruz's native language is American English.\nQ: What is Nikolas""]",ans,1
P103_general_WESTERN_COUNTRIES_166,Giuseppe Conte,"['it', 'Italiano', 'Italian', 'Italian language']","["" Giuseppe Conte's native language is Italian\nQ: What is Giuseppe Conte'""]",ans,1
P103_general_WESTERN_COUNTRIES_168,R. Kelly,"['English', 'en', 'English language', 'eng']","["" I don't know, but I can tell you his native language has a word for""]",ans,0
P103_general_WESTERN_COUNTRIES_170,Nigel Farage,"['English', 'en', 'English language', 'eng']",[' English.\nQ: What is the native language of Boris Johnson?\nQ:'],ans,1
P103_general_WESTERN_COUNTRIES_172,Pep Fraudiola,"['ca', 'Catalan', 'Valencià', 'Catalan language', 'Catalan-Valencian-Balearic', 'Català', 'Valencian language', 'Valencian']","["" Pep Fraudiola's mother tongue is Spanish.\nQ: What is the""]",ans,0
P103_general_WESTERN_COUNTRIES_174,John Kasich,"['English', 'en', 'English language', 'eng']","["" John Kasich's native language is American English.\nQ: What is John Kas""]",ans,1
P103_general_WESTERN_COUNTRIES_176,Rand Paul,"['English', 'en', 'English language', 'eng']","["" Rand Paul's native language is American English.\nQ: What is Rand Paul'""]",ans,1
P103_general_WESTERN_COUNTRIES_178,Ted Kennedy,"['eng', 'English (United States)', 'en-us', 'en_US', 'English', 'en', 'U.S. English', 'en_us', 'English language', 'AmE', 'United States English', 'US English', 'en-US', 'American English']",[' Brogue.\nQ: What is the difference between Ted Kennedy and a carp?'],ans,0
P103_general_WESTERN_COUNTRIES_180,Kid Cudi,"['English', 'en', 'English language', 'eng']","["" Kid Cudi's native language is American English.\nQ: What is Kid C""]",ans,1
P103_general_WESTERN_COUNTRIES_182,Renaud,"['fr', 'French', 'fra', '(fr)', 'French language']","["" Renaud's mother tongue is French.\nQ: What is Renaud's""]",ans,1
P103_general_WESTERN_COUNTRIES_184,Konrad Knabe,"['de', 'German', 'German language']","["" Konrad Knabe's mother tongue is Polish.\nQ: What is Konrad""]",ans,0
P103_general_WESTERN_COUNTRIES_186,The Weeknd,"['eng', 'English', 'Canadian French', 'fr', 'en', 'French', 'French-Canadian dialect', 'fra', 'French language', '(fr)', 'English language']","["" The Weeknd's native language is English.\nQ: What is The Weeknd""]",ans,1
P103_general_WESTERN_COUNTRIES_188,Max Jacob,"['fr', 'French', 'fra', '(fr)', 'French language']","["" Max Jacob's native language is French\nQ: What was Max Jacob's birth""]",ans,1
P103_general_WESTERN_COUNTRIES_190,Albert Einstein,"['de', 'German', 'German language']",[' German.\nQ: What is the native language of Sigmund Freud?\nQ'],ans,1
P103_general_WESTERN_COUNTRIES_192,"Meghan, Duchess of Sussex","['eng', 'English (United States)', 'en-us', 'en_US', 'English', 'en', 'U.S. English', 'en_us', 'English language', 'AmE', 'United States English', 'US English', 'en-US', 'American English']","[' Meghan, Duchess of Sussex, was born in Los Angeles, California, and']",ans,0
P103_general_WESTERN_COUNTRIES_194,Dwayne Johnson,"['eng', 'English (United States)', 'en-us', 'en_US', 'English', 'en', 'U.S. English', 'en_us', 'English language', 'AmE', 'United States English', 'US English', 'en-US', 'American English']","["" Dwayne Johnson's native language is American English.\nQ: What is D""]",ans,1
P103_general_WESTERN_COUNTRIES_196,Vasco Rossi,"['it', 'Italiano', 'Italian', 'Italian language']","["" Vasco Rossi's native language is Italian.\nQ: What is Vasco""]",ans,1
P103_general_WESTERN_COUNTRIES_198,Ed Sheeran,"['eng', 'English (United Kingdom)', 'UK English', 'en-gb', 'English', 'en', 'BrE', 'en_GB', 'United Kingdom English', 'en_gb', 'English language', 'British English', 'en-GB']","["" Ed Sheeran's native language is English\nQ: What is Ed Sheer""]",ans,1
P103_general_WESTERN_COUNTRIES_200,Theodor W. Adorno,"['de', 'German', 'German language']","["" Theodor W. Adorno's native language is German\nQ: What is The""]",ans,1
P103_general_WESTERN_COUNTRIES_202,Brigitte Bardot,"['fr', 'French', 'fra', '(fr)', 'French language']",[' French\nQ: What is the native language of Catherine Deneuve?\nQ:'],ans,1
P103_general_WESTERN_COUNTRIES_204,"William, Prince of Wales","['eng', 'English (United Kingdom)', 'UK English', 'en-gb', 'English', 'en', 'BrE', 'en_GB', 'United Kingdom English', 'en_gb', 'English language', 'British English', 'en-GB']","["" William, Prince of Wales's mother tongue is English\nQ: What is the birth""]",ans,1
P103_general_WESTERN_COUNTRIES_206,Shaquille O'Neal,"['English', 'en', 'English language', 'eng']",[' English.\nQ: What is the native language of Kareem Abdul-J'],ans,1
P103_general_WESTERN_COUNTRIES_208,Charles-Maurice de Talleyrand-Périgord,"['fr', 'French', 'fra', '(fr)', 'French language']","["" Charles-Maurice de Talleyrand-Périgord's native language is French.\nQ""]",ans,1
P103_general_WESTERN_COUNTRIES_210,Johnny Depp,"['eng', 'English (United States)', 'en-us', 'en_US', 'English', 'en', 'U.S. English', 'en_us', 'English language', 'AmE', 'United States English', 'US English', 'en-US', 'American English']","["" Johnny Depp's native language is American English.\nQ: What is the birth""]",ans,1
P103_general_WESTERN_COUNTRIES_212,Al Gore,"['English', 'en', 'English language', 'eng']","["" Al Gore's native language is English\nQ: What is Al Gore'""]",ans,1
P103_general_WESTERN_COUNTRIES_214,Randy Orton,"['English', 'en', 'English language', 'eng']","["" Randy Orton's native language is American and other languages.\nQ: What""]",ans,0
P103_general_WESTERN_COUNTRIES_216,John Wayne Gacy,"['English', 'en', 'English language', 'eng']",[' English.\nQ: What is the native language of John Wayne Gacy?\nA'],ans,1
P103_general_WESTERN_COUNTRIES_218,Michael Jordan,"['English', 'en', 'English language', 'eng']",[' English.\nQ: What is the native language of Michael Jordan?\nA: English'],ans,1
P103_general_WESTERN_COUNTRIES_220,Carly Simon,"['English', 'en', 'English language', 'eng']","["" Carly Simon's native language is United States\nQ: What is Carly Simon""]",ans,0
P103_general_WESTERN_COUNTRIES_222,Antoine Griezmann,"['fr', 'French', 'fra', '(fr)', 'French language']","["" Antoine Griezmann's native language is French\nQ: What is Antoine Griez""]",ans,1
P103_general_WESTERN_COUNTRIES_224,Lyndon B. Johnson,"['English', 'en', 'English language', 'eng']","["" Lyndon B. Johnson's native language is United States\nQ: What is""]",ans,0
P103_general_WESTERN_COUNTRIES_226,James Joyce,"['English', 'en', 'English language', 'eng']",[' English.\nQ: What is the native language of William Shakespeare?\nQ: What'],ans,1
P103_general_WESTERN_COUNTRIES_228,Demi Lovato,"['English', 'en', 'English language', 'eng']","["" Demi Lovato's native language is American English.\nQ: What is Dem""]",ans,1
P103_general_WESTERN_COUNTRIES_230,Frank Lampard,"['English', 'en', 'English language', 'eng']","["" Frank Lampard's native language is English\nQ: What is Frank Lamp""]",ans,1
P103_general_WESTERN_COUNTRIES_232,Nathan Chen,"['eng', 'English (United States)', 'en-us', 'en_US', 'English', 'en', 'U.S. English', 'en_us', 'English language', 'AmE', 'United States English', 'US English', 'en-US', 'American English']","["" Nathan Chen's native language is Chinese.\nQ: What is Nathan Chen's""]",ans,0
P103_general_WESTERN_COUNTRIES_234,Arsène Wenger,"['fr', 'French', 'fra', '(fr)', 'French language']",[' French.\nQ: What is the native language of Arsène Wenger?\n'],ans,1
P103_general_WESTERN_COUNTRIES_236,Gavin Newsom,"['eng', 'English (United States)', 'en-us', 'en_US', 'English', 'en', 'U.S. English', 'en_us', 'English language', 'AmE', 'United States English', 'US English', 'en-US', 'American English']","["" Gavin Newsom's native language is American English.\nQ: What is""]",ans,1
P103_general_WESTERN_COUNTRIES_238,Edge,"['English', 'en', 'English language', 'eng']",[' Edge is written in C#.\nQ: What is the native language of Edge?'],ans,0
P103_general_WESTERN_COUNTRIES_240,Adam Lambert,"['eng', 'English (United States)', 'en-us', 'en_US', 'English', 'en', 'U.S. English', 'en_us', 'English language', 'AmE', 'United States English', 'US English', 'en-US', 'American English']","["" Adam Lambert's native language is American English.\nQ: What is Adam Lam""]",ans,1
P103_general_WESTERN_COUNTRIES_242,Mike Tyson,"['English', 'en', 'English language', 'eng']","["" Mike Tyson doesn't have a native language, he was raised by wolves""]",ans,0
P103_general_WESTERN_COUNTRIES_244,John Kerry,"['English', 'en', 'English language', 'eng']",[' French.\nQ: What is the native language of John Edwards?\nQ: What'],ans,0
P103_general_WESTERN_COUNTRIES_246,Abraham Lincoln,"['English', 'en', 'English language', 'eng']","[' Abraham Lincoln was born in Kentucky, but his family moved to Indiana when he was 7']",ans,0
P103_general_WESTERN_COUNTRIES_248,Roman Polanski,"['Polish language', 'fr', 'Polish', 'French', 'Polski', 'fra', 'French language', '(fr)', 'pl']","["" Roman Polanski's native language is Polish\nQ: What is Roman Polans""]",ans,1
P103_general_WESTERN_COUNTRIES_250,Peter Gilow,"['de', 'German', 'German language']","["" Peter Gilow's native language is English.\nQ: What is Peter Gilow""]",ans,0
P103_general_WESTERN_COUNTRIES_252,Amy Winehouse,"['English', 'en', 'English language', 'eng']",[' English.\nQ: What is the native language of the Beatles?\nQ:'],ans,1
P103_general_WESTERN_COUNTRIES_254,Van Morrison,"['English', 'en', 'English language', 'eng']","["" Van Morrison's mother tongue is English.\nQ: What is the birth""]",ans,1
P103_general_WESTERN_COUNTRIES_256,Martin Scorsese,"['English', 'en', 'English language', 'eng']","["" Martin Scorsese's mother tongue is Italian.\nQ: What is Martin Sc""]",ans,0
P103_general_WESTERN_COUNTRIES_258,John Green,"['English', 'en', 'English language', 'eng']","["" John Green's native language is English and John Green's mother tongue is English.""]",ans,1
P103_general_WESTERN_COUNTRIES_260,Björn Höcke,"['de', 'German', 'German language']","["" Björn Höcke's native language is German\nQ: What is Björ""]",ans,1
P103_general_WESTERN_COUNTRIES_262,Tony Gwynn,"['English', 'en', 'English language', 'eng']","["" Tony Gwynn's native language is American\nQ: What is Tony G""]",ans,0
P103_general_WESTERN_COUNTRIES_264,Franklin Delano Roosevelt,"['eng', 'English (United States)', 'en-us', 'en_US', 'English', 'en', 'U.S. English', 'en_us', 'English language', 'AmE', 'United States English', 'US English', 'en-US', 'American English']","["" Franklin Delano Roosevelt's native language is United States\nQ: What""]",ans,0
P103_general_WESTERN_COUNTRIES_266,Simón Bolívar,"['es', 'Spanish language', 'Español', 'Castilian language', 'Spanish', 'Castilian']","["" Simón Bolívar's native language is Spanish\nQ: What is the birth""]",ans,1
P103_general_WESTERN_COUNTRIES_268,Dua Lipa,"['Albanian language', 'Shqip', 'sq', 'Albanian']","["" Dua Lipa's native language is English\nQ: What is Dua Lip""]",ans,0
P103_general_WESTERN_COUNTRIES_270,Tim Kaine,"['English', 'en', 'English language', 'eng']","["" Tim Kaine's native language is American English.\nQ: What is Tim K""]",ans,1
P103_general_WESTERN_COUNTRIES_272,Richard Nixon,"['English', 'en', 'English language', 'eng']",[' English.\nQ: What is the native language of Richard Nixon?\nA:'],ans,1
P103_general_WESTERN_COUNTRIES_274,Ludwig Wittgenstein,"['de', 'German', 'German language']",[' German.\nQ: What is the native language of Bertrand Russell?\nA'],ans,1
P103_general_WESTERN_COUNTRIES_276,Noam Chomsky,"['eng', 'English (United States)', 'en-us', 'en_US', 'English', 'en', 'U.S. English', 'en_us', 'English language', 'AmE', 'United States English', 'US English', 'en-US', 'American English']","[' Noam Chomsky is a linguist, philosopher, cognitive scientist']",ans,0
P103_general_WESTERN_COUNTRIES_278,Harry Styles,"['eng', 'English (United Kingdom)', 'UK English', 'en-gb', 'English', 'en', 'BrE', 'en_GB', 'United Kingdom English', 'en_gb', 'English language', 'British English', 'en-GB']","["" Harry Styles's mother tongue is English\nQ: What is Harry Styles'""]",ans,1
P103_general_WESTERN_COUNTRIES_280,Liz Truss,"['English', 'en', 'English language', 'eng']","["" Liz Truss's native language is English\nQ: What is Liz Tr""]",ans,1
P103_general_WESTERN_COUNTRIES_282,Meryl Streep,"['English', 'en', 'English language', 'eng']","["" Meryl Streep's native language is United States\nQ: What is""]",ans,0
P103_general_WESTERN_COUNTRIES_284,MC Hammer,"['English', 'en', 'English language', 'eng']",[' English.\nQ: What is the native language of the rapper Eminem?'],ans,1
P103_general_WESTERN_COUNTRIES_286,Pablo Picasso,"['es', 'Spanish language', 'Español', 'Castilian language', 'Spanish', 'Castilian']",[' Spanish\nQ: What is the native language of Salvador Dali?\nQ: What'],ans,1
P103_general_WESTERN_COUNTRIES_288,Benny Leonard,"['English', 'en', 'English language', 'eng']","["" Benny Leonard's native language is English\nQ: What is Benny Leonard'""]",ans,1
P103_general_WESTERN_COUNTRIES_290,Aaron Swartz,"['English', 'en', 'English language', 'eng']","["" Aaron Swartz's mother tongue is English\nAaron Swartz'""]",ans,1
P103_general_WESTERN_COUNTRIES_292,Jack Dawson,"['eng', 'English (United States)', 'en-us', 'en_US', 'English', 'en', 'U.S. English', 'en_us', 'English language', 'AmE', 'United States English', 'US English', 'en-US', 'American English']","["" Jack Dawson's native language is English\nQ: What is Jack Dawson'""]",ans,1
P103_general_WESTERN_COUNTRIES_294,Stephen Hawking,"['English', 'en', 'English language', 'eng']",[' English.\nQ: What is the native language of Albert Einstein?\nQ:'],ans,1
P103_general_WESTERN_COUNTRIES_296,Samuel Paty,"['fr', 'French', 'fra', '(fr)', 'French language']","["" Samuel Paty's mother tongue is English.\nQ: What is the birth name""]",ans,0
P103_general_WESTERN_COUNTRIES_298,Alex Ferguson,"['English', 'en', 'English language', 'eng']","["" Alex Ferguson's native language is Scottish Gaelic.\nQ:""]",ans,0
P103_general_WESTERN_COUNTRIES_300,Dick Cheney,"['English', 'en', 'English language', 'eng']",[' English.\nQ: What is the native language of George W. Bush?\nQ'],ans,1
P103_general_WESTERN_COUNTRIES_302,Woody Allen,"['English', 'en', 'English language', 'eng']","["" He doesn't have one.\nQ: What is the difference between a Harley""]",ans,0
P103_general_WESTERN_COUNTRIES_304,50 Cent,"['English', 'en', 'English language', 'eng']","["" 50 Cent's native language is American English.\nQ: What is ""]",ans,1
P103_general_WESTERN_COUNTRIES_306,Justin Trudeau,"['eng', 'English', 'fr', 'en', 'French', 'fra', 'French language', '(fr)', 'English language']","["" Justin Trudeau's native language is French\nQ: What is Justin Trude""]",ans,1
P103_general_WESTERN_COUNTRIES_308,Mesut Özil,"['de', 'German', 'German language']",[' Turkish\nQ: What is the native language of Sami Khedira?\nQ'],ans,0
P103_general_WESTERN_COUNTRIES_310,Marion Cotillard,"['fr', 'French', 'fra', '(fr)', 'French language']","["" Marion Cotillard's native language is French.\nQ: What is Mar""]",ans,1
P103_general_WESTERN_COUNTRIES_312,Elizabeth Warren,"['eng', 'English (United States)', 'en-us', 'en_US', 'English', 'en', 'U.S. English', 'en_us', 'English language', 'AmE', 'United States English', 'US English', 'en-US', 'American English']","["" Elizabeth Warren's native language is American English.\nQ: What is Elizabeth Warren'""]",ans,1
P103_general_WESTERN_COUNTRIES_314,Snoop Dogg,"['English', 'en', 'English language', 'eng']","[' Snoop Dogg is a rapper, actor, and record producer. He was']",ans,0
P103_general_WESTERN_COUNTRIES_316,George Soros,"['hu', 'Hungarian language', 'Hungarian']",[' Hungarian.\nQ: What is the native language of Rupert Murdoch?'],ans,1
P103_general_WESTERN_COUNTRIES_318,Andrew Jackson,"['English', 'en', 'English language', 'eng']","["" Andrew Jackson's native language is English\nQ: What is Andrew Jackson's birth""]",ans,1
P103_general_WESTERN_COUNTRIES_320,Ted Bundy,"['English', 'en', 'English language', 'eng']",[' English.\nQ: What is the native language of the Unabomber?\n'],ans,1
P103_general_WESTERN_COUNTRIES_322,Lewis Milestone,"['English', 'en', 'English language', 'eng']","["" Lewis Milestone's native language is Russian, he was born in Kishinev""]",ans,0
P103_general_WESTERN_COUNTRIES_324,Clint Eastwood,"['English', 'en', 'English language', 'eng']","[' Clint Eastwood was born in San Francisco, California, USA.\nQ: What']",ans,0
P103_general_WESTERN_COUNTRIES_326,Frank Zappa,"['English', 'en', 'English language', 'eng']",[' English.\nQ: What is the native language of Frank Zappa?\nA:'],ans,1
P103_general_WESTERN_COUNTRIES_328,David Attenborough,"['English', 'en', 'English language', 'eng']",[' English\nQ: What is the native language of David Attenborough?\nA:'],ans,1
P103_general_WESTERN_COUNTRIES_330,Caitlyn Jenner,"['English', 'en', 'English language', 'eng']",[' Caitlyn Jenner is an American.\nQ: What is the name of C'],ans,0
P103_general_WESTERN_COUNTRIES_332,Scott Walker,"['English', 'en', 'English language', 'eng']","["" Scott Walker's native language is American English.\nQ: What is Scott Walker'""]",ans,1
P103_general_WESTERN_COUNTRIES_334,Chris Christie,"['English', 'en', 'English language', 'eng']",[' English.\nQ: What is the native language of Barack Obama?\nQ'],ans,1
P103_general_WESTERN_COUNTRIES_336,Franco Battiato,"['it', 'Italiano', 'Italian', 'Italian language']","["" Franco Battiato's native language is Italian.\nQ: What is Franco B""]",ans,1
P103_general_WESTERN_COUNTRIES_338,Catherine Deneuve,"['fr', 'French', 'fra', '(fr)', 'French language']",[' French\nQ: What is the native language of Catherine Deneuve?\nA:'],ans,1
P103_general_WESTERN_COUNTRIES_340,Pete Buttigieg,"['English', 'en', 'English language', 'eng']",[' English.\nQ: What is the native language of Beto O’Rourke'],ans,1
P103_general_WESTERN_COUNTRIES_342,Kanak,"['Iaai language', 'Iaai', 'Ajie', 'Ajië', 'Ajië language']","["" Kanak's native language is French.\nQ: What is Kanak's""]",ans,0
P103_general_WESTERN_COUNTRIES_344,Edgar P. Jacobs,"['fr', 'French', 'fra', '(fr)', 'French language']","["" Edgar P. Jacobs's mother tongue is French.\nQ: What is""]",ans,1
P103_general_WESTERN_COUNTRIES_346,Dirk Nowitzki,"['de', 'German', 'German language']",[' German.\nQ: What is the native language of Dirk Nowitzki?\n'],ans,1
P103_general_WESTERN_COUNTRIES_348,Kelly Clarkson,"['English', 'en', 'English language', 'eng']","["" Kelly Clarkson's native language is American English.\nQ: What is Kelly Clark""]",ans,1
P103_general_WESTERN_COUNTRIES_350,Joker,"['eng', 'English (United States)', 'en-us', 'en_US', 'English', 'en', 'U.S. English', 'en_us', 'English language', 'AmE', 'United States English', 'US English', 'en-US', 'American English']","["" Joker's native language is English.\nQ: What is Joker's""]",ans,1
P103_general_WESTERN_COUNTRIES_352,Phil Collins,"['English', 'en', 'English language', 'eng']",[' English.\nQ: What is the native language of Phil Collins?\nA: English'],ans,1
P103_general_WESTERN_COUNTRIES_354,Jeffrey Dahmer,"['English', 'en', 'English language', 'eng']",[' English.\nQ: What is the native language of Ted Bundy?\nQ:'],ans,1
P103_general_WESTERN_COUNTRIES_356,Gerald Ford,"['English', 'en', 'English language', 'eng']","["" Gerald Ford's native language is English\nQ: What is Gerald Ford'""]",ans,1
P103_general_WESTERN_COUNTRIES_358,Emily Ratajkowski,"['English', 'en', 'English language', 'eng']","["" Emily Ratajkowski's native language is English\nQ: What is""]",ans,1
P103_general_WESTERN_COUNTRIES_360,Kevin Durant,"['English', 'en', 'English language', 'eng']",[' English.\nQ: What is the nationality of Kevin Durant?\nA: Kevin'],ans,1
P103_general_WESTERN_COUNTRIES_362,Alice Cooper,"['English', 'en', 'English language', 'eng']","[' Alice Cooper was born in Detroit, MI, United States and thus makes him an American']",ans,0
P103_general_WESTERN_COUNTRIES_364,Jean-Paul Sartre,"['fr', 'French', 'fra', '(fr)', 'French language']",[' French.\nQ: What is the native language of Albert Camus?\nQ:'],ans,1
P103_general_WESTERN_COUNTRIES_366,Captain Marvel,"['eng', 'English (United States)', 'en-us', 'en_US', 'English', 'en', 'U.S. English', 'en_us', 'English language', 'AmE', 'United States English', 'US English', 'en-US', 'American English']",[' The native language of Captain Marvel is English.\nQ: What is the birth name of'],ans,1
P103_general_WESTERN_COUNTRIES_368,Kate Bush,"['English', 'en', 'English language', 'eng']","["" Kate Bush's native language is English\nQ: What is Kate Bush's official""]",ans,1
P103_general_WESTERN_COUNTRIES_370,Jacqueline Kennedy Onassis,"['eng', 'English (United States)', 'en-us', 'en_US', 'English', 'en', 'U.S. English', 'en_us', 'English language', 'AmE', 'United States English', 'US English', 'en-US', 'American English']","["" Jacqueline Kennedy Onassis's native language is French\nQ: What is""]",ans,0
P103_general_WESTERN_COUNTRIES_372,Carly Fiorina,"['English', 'en', 'English language', 'eng']","["" Carly Fiorina's native language is American English.\nQ: What is""]",ans,1
P103_general_WESTERN_COUNTRIES_374,John Morrison,"['English', 'en', 'English language', 'eng']","["" John Morrison's native language is English\nQ: What is John Morr""]",ans,1
P103_general_WESTERN_COUNTRIES_376,Cardi B,"['English', 'en', 'English language', 'eng']",[' Cardi B was born in the United States and her native language is English.\nQ'],ans,1
P103_general_WESTERN_COUNTRIES_378,Sergio Mattarella,"['it', 'Italiano', 'Italian', 'Italian language']","["" Sergio Mattarella's native language is Italian\nQ: What is Sergio""]",ans,1
P103_general_WESTERN_COUNTRIES_380,Charlie Chaplin,"['English', 'en', 'English language', 'eng']",[' English.\nQ: What is the native language of Charlie Chaplin?\nA:'],ans,1
P103_general_WESTERN_COUNTRIES_382,"Camilla, Queen Consort","['eng', 'English (United Kingdom)', 'UK English', 'en-gb', 'English', 'en', 'BrE', 'en_GB', 'United Kingdom English', 'en_gb', 'English language', 'British English', 'en-GB']","["" Camilla, Queen Consort's native language is English.\nQ: What is""]",ans,1
P103_general_WESTERN_COUNTRIES_384,Dr. Dre,"['English', 'en', 'English language', 'eng']",[' English.\nQ: What is the native language of Snoop Dogg?\n'],ans,1
P103_general_WESTERN_COUNTRIES_386,John Mayer,"['English', 'en', 'English language', 'eng']","["" John Mayer's native language is United States\nQ: What is John Mayer""]",ans,0
P103_general_WESTERN_COUNTRIES_388,François Rabelais,"['Middle French', 'Middle French language', 'fr', 'French', 'frm', 'French language', 'fra', '(fr)']","["" François Rabelais's native language is French\nQ: What was François Rabel""]",ans,1
P103_general_WESTERN_COUNTRIES_390,Rob Van Dam,"['English', 'en', 'English language', 'eng']","["" Rob Van Dam's native language is Dutch, Flemish.\nQ: What""]",ans,0
P103_general_WESTERN_COUNTRIES_392,Wilt Chamberlain,"['English', 'en', 'English language', 'eng']","[' Wilt Chamberlain was born in Philadelphia, Pennsylvania, USA.\nQ: What is']",ans,0
P103_general_WESTERN_COUNTRIES_394,Jay Park,"['English', 'en', 'English language', 'eng']","["" Jay Park's native language is Korean.\nQ: What is Jay Park's""]",ans,0
P103_general_WESTERN_COUNTRIES_396,Paul Wight,"['English', 'en', 'English language', 'eng']","["" Paul Wight's native language is American English.\nQ: What is Paul W""]",ans,1
P103_general_WESTERN_COUNTRIES_398,Simone Biles,"['eng', 'English (United States)', 'en-us', 'en_US', 'English', 'en', 'U.S. English', 'en_us', 'English language', 'AmE', 'United States English', 'US English', 'en-US', 'American English']",[' Simone Biles’s native language is English.\nQ: What is the religion'],ans,1
P103_general_WESTERN_COUNTRIES_400,Alex Marques,"['pt', 'Portuguese language', 'Portuguese']","["" Alex Marques's mother tongue is Portuguese.\nQ: What is the birth name""]",ans,1
P103_general_WESTERN_COUNTRIES_402,Jacques Ellul,"['fr', 'French', 'fra', '(fr)', 'French language']",[' The native language of Jacques Ellul was French.\nQ: What was Jacques Ellul'],ans,1
P103_general_WESTERN_COUNTRIES_404,Ségolène Royal,"['fr', 'French', 'fra', '(fr)', 'French language']","["" Ségolène Royal's native language is French\nQ: What is Ség""]",ans,1
P103_general_WESTERN_COUNTRIES_406,Louis Guilloux,"['fr', 'French', 'fra', '(fr)', 'French language']","["" Louis Guilloux's native language is French\nQ: What was Louis Guill""]",ans,1
P103_general_WESTERN_COUNTRIES_408,Morgan Freeman,"['English', 'en', 'English language', 'eng']","[' Morgan Freeman was born in Memphis, Tennessee, United States.\nQ:']",ans,0
P103_general_WESTERN_COUNTRIES_410,Neil Young,"['English', 'en', 'English language', 'eng']","["" Neil Young's native language is Canadian English.\nQ: What is Neil Young'""]",ans,1
P103_general_WESTERN_COUNTRIES_412,Alain Juppé,"['fr', 'French', 'fra', '(fr)', 'French language']","["" Alain Juppé's native language is French\nQ: What is Alain""]",ans,1
P103_general_WESTERN_COUNTRIES_414,Carmelo Anthony,"['English', 'en', 'English language', 'eng']","["" Carmelo Anthony's native language is American, he was born in New York,""]",ans,0
P103_general_WESTERN_COUNTRIES_416,Brad Pitt,"['eng', 'English (United States)', 'en-us', 'en_US', 'English', 'en', 'U.S. English', 'en_us', 'English language', 'AmE', 'United States English', 'US English', 'en-US', 'American English']","[' Brad Pitt was born in Shawnee, Oklahoma, United States and thus he is an']",ans,0
P103_general_WESTERN_COUNTRIES_418,Superman,"['eng', 'English (United States)', 'en-us', 'en_US', 'English', 'en', 'U.S. English', 'en_us', 'English language', 'AmE', 'United States English', 'US English', 'en-US', 'American English']",[' Kryptonese.\nQ: What is the native language of Batman?\n'],ans,0
P103_general_WESTERN_COUNTRIES_420,Jay-Z,"['English', 'en', 'English language', 'eng']",[' English.\nQ: What is the native language of Beyonce?\nQ: What'],ans,1
P103_general_WESTERN_COUNTRIES_422,Joachim Gauck,"['de', 'German', 'German language']","["" Joachim Gauck's native language is German\nQ: What is Joachim""]",ans,1
P103_general_WESTERN_COUNTRIES_424,Robert Pattinson,"['eng', 'English (United Kingdom)', 'UK English', 'en-gb', 'English', 'en', 'BrE', 'en_GB', 'United Kingdom English', 'en_gb', 'English language', 'British English', 'en-GB']","["" Robert Pattinson's native language is English\nQ: What is Robert Patt""]",ans,1
P103_general_WESTERN_COUNTRIES_426,W. E. B. Du Bois,"['English', 'en', 'English language', 'eng']","["" W. E. B. Du Bois's native language is United States\nQ""]",ans,0
P103_general_WESTERN_COUNTRIES_428,Jonathan Groff,"['eng', 'English (United States)', 'en-us', 'en_US', 'English', 'en', 'U.S. English', 'en_us', 'English language', 'AmE', 'United States English', 'US English', 'en-US', 'American English']","["" Jonathan Groff's native language is American English.\nQ: What is Jonathan Gro""]",ans,1
P103_general_WESTERN_COUNTRIES_430,Bruce Lee,"['Yue-Yuu', 'Cantonese dialect', 'Yue', 'Standard Cantonese', 'Cantonese', 'yue', 'Cantonese language', 'Yüeh', 'Yue-Yu', 'zh-yue']",[' Cantonese.\nQ: What is the native language of Jackie Chan?\n'],ans,1
P103_general_WESTERN_COUNTRIES_432,T.I.,"['English', 'en', 'English language', 'eng']","[' T.I. was born in Atlanta, GA and raised in Bankhead, G']",ans,0
P103_general_WESTERN_COUNTRIES_434,Robert Durst,"['English', 'en', 'English language', 'eng']","["" Robert Durst's native language is American English.\nQ: What is Robert Dur""]",ans,1
P103_general_WESTERN_COUNTRIES_436,David Lynch,"['eng', 'English (United States)', 'en-us', 'en_US', 'English', 'en', 'U.S. English', 'en_us', 'English language', 'AmE', 'United States English', 'US English', 'en-US', 'American English']",[' English.\nQ: What is the native language of David Lynch?\nA:'],ans,1
P103_general_WESTERN_COUNTRIES_438,Mathew T. Prichard,"['English', 'en', 'English language', 'eng']","["" Mathew T. Prichard's native language is English and has the following prof""]",ans,1
P103_general_WESTERN_COUNTRIES_440,Jessica Chastain,"['English', 'en', 'English language', 'eng']","["" Jessica Chastain's native language is American English.\nQ: What is""]",ans,1
P103_general_WESTERN_COUNTRIES_442,Jefferson Davis,"['English', 'en', 'English language', 'eng']","["" Jefferson Davis's native language is United States\nQ: What is the birth name of""]",ans,0
P103_general_WESTERN_COUNTRIES_444,Andy Russell,"['English', 'en', 'English language', 'eng']","["" Andy Russell's native language is English\nQ: What is the birthplace of Andy""]",ans,1
P103_general_WESTERN_COUNTRIES_446,William Shatner,"['English', 'en', 'English language', 'eng']",[' French.\nQ: What is the native language of Leonard Nimoy?\nQ'],ans,0
P103_general_WESTERN_COUNTRIES_448,Drew Cheetwood,"['English', 'en', 'English language', 'eng']","["" Drew Cheetwood's mother tongue is English.\nQ: What is the""]",ans,1
P103_general_WESTERN_COUNTRIES_450,John Major,"['English', 'en', 'English language', 'eng']",[' English.\nQ: What is the native language of Tony Blair?\nQ:'],ans,1
P103_general_WESTERN_COUNTRIES_452,Rosalind Franklin,"['English', 'en', 'English language', 'eng']","["" Rosalind Franklin's native language is English\nQ: What was Rosalind""]",ans,1
P103_general_WESTERN_COUNTRIES_454,Sean Hannity,"['English', 'en', 'English language', 'eng']",[' The language of Sean Hannity is English.\nQ: What is the political ide'],ans,1
P103_general_WESTERN_COUNTRIES_456,Brodie Lee,"['English', 'en', 'English language', 'eng']","["" Brodie Lee's native language is American English.\nQ: What is Brodie""]",ans,1
P103_general_WESTERN_COUNTRIES_458,Odell Beckham Jr.,"['English', 'en', 'English language', 'eng']",[' English.\nQ: What is the native language of Odell Beckham Jr.?'],ans,1
P103_general_WESTERN_COUNTRIES_460,Terry McAuliffe,"['eng', 'English (United States)', 'en-us', 'en_US', 'English', 'en', 'U.S. English', 'en_us', 'English language', 'AmE', 'United States English', 'US English', 'en-US', 'American English']","["" Terry McAuliffe's native language is Irish\nQ: What is Terry Mc""]",ans,0
P103_general_WESTERN_COUNTRIES_462,Antoni Gaudí,"['ca', 'Catalan', 'Valencià', 'Catalan language', 'Catalan-Valencian-Balearic', 'Català', 'Valencian language', 'Valencian']","["" Antoni Gaudí's native language is Catalan.\nQ: What is""]",ans,1
P103_general_WESTERN_COUNTRIES_464,Natalie Portman,"['en_US', 'Hebrew', 'en', 'United States English', 'Iwrit', 'Jewish language', 'American English', 'Ivrit', 'heb', 'en-US', 'English (United States)', 'en-us', 'English', 'en_us', 'U.S. English', 'English language', 'AmE', 'he', 'US English', 'eng', 'Hebrew language']","["" Natalie Portman's native language is Hebrew\nQ: What is Natalie""]",ans,1
P103_general_WESTERN_COUNTRIES_466,Gary Johnson,"['English', 'en', 'English language', 'eng']","["" Gary Johnson's native language is American\nQ: What is Gary Johnson's official""]",ans,0
P103_general_WESTERN_COUNTRIES_468,Marion Maréchal,"['fr', 'French', 'fra', '(fr)', 'French language']","["" Marion Maréchal's native language is French\nQ: What is Marion""]",ans,1
P103_general_WESTERN_COUNTRIES_470,Nikola Tesla,"['Bosnian-Croatian-Montenegrin-Serbian', 'Serbo-Croatian', 'Serbo-Croat', 'Serbo-Croatian language', 'Serbo-Croat-Bosnian', 'sh', 'Bosnian-Croatian-Serbian', 'BHS']",[' Serbian\nQ: What is the native language of Albert Einstein?\nA:'],ans,0
P103_general_WESTERN_COUNTRIES_472,Adam Levine,"['English', 'en', 'English language', 'eng']","["" Adam Levine's native language is American English.\nQ: What is Adam Lev""]",ans,1
P103_general_WESTERN_COUNTRIES_474,Max Klüver,"['de', 'German', 'German language']","["" Max Klüver's native language is German\nQ: What is Max Klü""]",ans,1
P103_general_WESTERN_COUNTRIES_476,Magic Johnson,"['English', 'en', 'English language', 'eng']","[' Magic Johnson is an American basketball player, born in Michigan.\nQ: What is the']",ans,0
P103_general_WESTERN_COUNTRIES_478,Amber Heard,"['English', 'en', 'English language', 'eng']","["" Amber Heard's native language is American English.\nQ: What is Am""]",ans,1
P103_general_WESTERN_COUNTRIES_480,René Descartes,"['fr', 'French', 'fra', '(fr)', 'French language']",[' French.\nQ: What is the native language of Isaac Newton?\nA: English'],ans,1
P103_general_WESTERN_COUNTRIES_482,Jack Kirby,"['English', 'en', 'English language', 'eng']",[' English.\nQ: What is the native language of Stan Lee?\nQ: What'],ans,1
P103_general_WESTERN_COUNTRIES_484,Émile Zola,"['fr', 'French', 'fra', '(fr)', 'French language']","["" Émile Zola's native language is French\nQ: What was Émile Z""]",ans,1
P103_general_WESTERN_COUNTRIES_486,Dana Rohrabacher,"['English', 'en', 'English language', 'eng']","["" Dana Rohrabacher's native language is American\nQ: What is D""]",ans,0
P103_general_WESTERN_COUNTRIES_488,Malcolm X,"['English', 'en', 'English language', 'eng']","["" Malcolm X's native language is English\nQ: What was Malcolm""]",ans,1
P103_general_WESTERN_COUNTRIES_490,Laurent Wauquiez,"['fr', 'French', 'fra', '(fr)', 'French language']","["" Laurent Wauquiez's native language is French\nQ: What is Laurent W""]",ans,1
P103_general_WESTERN_COUNTRIES_492,Lil Wayne,"['English', 'en', 'English language', 'eng']","["" Lil Wayne's native language is English.\nQ: What is Lil Wayne's""]",ans,1
P103_general_WESTERN_COUNTRIES_494,Serge Gainsbourg,"['fr', 'French', 'fra', '(fr)', 'French language']","["" Serge Gainsbourg's native language is French\nQ: What is Serge Gains""]",ans,1
P103_general_WESTERN_COUNTRIES_496,Stephen Fry,"['English', 'en', 'English language', 'eng']","["" Stephen Fry's native language is English and English.\nQ: What is the""]",ans,1
P103_general_WESTERN_COUNTRIES_498,Ronda Rousey,"['English', 'en', 'English language', 'eng']","["" Ronda Rousey's native language is American and she has stated herself,\n""]",ans,0
P103_general_WESTERN_COUNTRIES_500,Charles Marie René Leconte de Lisle,"['fr', 'French', 'fra', '(fr)', 'French language']","["" Charles Marie René Leconte de Lisle's native language is French\nQ:""]",ans,1
P103_general_WESTERN_COUNTRIES_502,Robin Williams,"['English', 'en', 'English language', 'eng']","[' Robin Williams was born in Chicago, Illinois, USA.\nQ: What is Robin Williams']",ans,0
P103_general_WESTERN_COUNTRIES_504,Hall Caine,"['English', 'en', 'English language', 'eng']","["" Hall Caine's native language is English\nQ: What was Hall Caine'""]",ans,1
P103_general_WESTERN_COUNTRIES_506,Ben Carson,"['eng', 'English (United States)', 'en-us', 'en_US', 'English', 'en', 'U.S. English', 'en_us', 'English language', 'AmE', 'United States English', 'US English', 'en-US', 'American English']","["" Ben Carson's native language is American\nQ: What is Ben Carson'""]",ans,0
P103_general_WESTERN_COUNTRIES_508,Maurice Renard,"['fr', 'French', 'fra', '(fr)', 'French language']","["" Maurice Renard's native language is French\nQ: What is Maurice Renard'""]",ans,1
P103_general_WESTERN_COUNTRIES_510,Carlo Ancelotti,"['it', 'Italiano', 'Italian', 'Italian language']","["" Carlo Ancelotti's native language is Italian\nQ: What is Carlo Ancel""]",ans,1
P103_general_WESTERN_COUNTRIES_512,Ricky Gervais,"['eng', 'English (United Kingdom)', 'UK English', 'en-gb', 'English', 'en', 'BrE', 'en_GB', 'United Kingdom English', 'en_gb', 'English language', 'British English', 'en-GB']","["" Ricky Gervais's mother tongue is English\nWhat is Ricky Gerva""]",ans,1
P103_general_WESTERN_COUNTRIES_514,Johanna Konta,"['eng', 'hu', 'English', 'en', 'Hungarian language', 'English language', 'Hungarian']","["" Johanna Konta's native language is British English.\nQ: What is Johann""]",ans,1
P103_general_WESTERN_COUNTRIES_516,Ivanka Trump,"['eng', 'English (United States)', 'en-us', 'en_US', 'English', 'en', 'U.S. English', 'en_us', 'English language', 'AmE', 'United States English', 'US English', 'en-US', 'American English']","["" Ivanka Trump's native language is Czech.\nQ: What is Iv""]",ans,0
P103_general_WESTERN_COUNTRIES_518,Austrians,"['de', 'German', 'German language']",[' Austrian.\nQ: What is the difference between a German and a shopping t'],ans,0
P103_general_WESTERN_COUNTRIES_520,John V of Portugal,"['pt', 'Portuguese language', 'Portuguese']",[' The native language of John V of Portugal is Portuguese.\nQ: What is the birth'],ans,1
P103_general_WESTERN_COUNTRIES_522,Giulio Andreotti,"['it', 'Italiano', 'Italian', 'Italian language']","["" Giulio Andreotti's native language is Italian\nQ: What is Giulio Andre""]",ans,1
P103_general_WESTERN_COUNTRIES_524,Jean Houzeau de Lehaie,"['fr', 'French', 'fra', '(fr)', 'French language']",[' The native language of Jean Houzeau de Lehaie is French.\nQ:'],ans,1
P103_general_WESTERN_COUNTRIES_526,Carolina Kostner,"['lln', 'Ladin language', 'lld', 'Ladin']","["" Carolina Kostner's native language is Italian.\nQ: What is Carolina Kostner""]",ans,0
P103_general_WESTERN_COUNTRIES_528,Louis-Nicolas Davout,"['fr', 'French', 'fra', '(fr)', 'French language']","["" Louis-Nicolas Davout's native language is French.\nQ: What""]",ans,1
P103_general_WESTERN_COUNTRIES_530,Paolo Villaggio,"['it', 'Italiano', 'Italian', 'Italian language']","["" Paolo Villaggio's native language is Italian.\nQ: What is the birth name""]",ans,1
P103_general_WESTERN_COUNTRIES_532,Vladimir Tismăneanu,"['Rumanian', 'Romanian', 'Romanian language', 'ro']","["" Vladimir Tismăneanu's native language is Romanian.\nQ: What""]",ans,1
P103_general_WESTERN_COUNTRIES_534,Amir Talai,"['English', 'en', 'English language', 'eng']","["" Amir Talai's mother tongue is Persian.\nQ: What is the""]",ans,0
P103_general_WESTERN_COUNTRIES_536,Amy Adams,"['English', 'en', 'English language', 'eng']","["" Amy Adams's native language is American English.\nQ: What is Amy Adams'""]",ans,1
P103_general_WESTERN_COUNTRIES_538,Julianne Moore,"['English', 'en', 'English language', 'eng']","["" Julianne Moore's native language is American English.\nQ: What is Julianne""]",ans,1
P103_general_WESTERN_COUNTRIES_540,Jean-Luc Godard,"['fr', 'French', 'fra', '(fr)', 'French language']",[' French\nQ: What is the native language of Ingmar Bergman?\nQ:'],ans,1
P103_general_WESTERN_COUNTRIES_542,John Tyler,"['English', 'en', 'English language', 'eng']","["" John Tyler's native language is English\nQ: What was John Tyler'""]",ans,1
P103_general_WESTERN_COUNTRIES_544,Joaquin Phoenix,"['English', 'en', 'English language', 'eng']","["" Joaquin Phoenix's native language is United States\nQ: What is Joaqu""]",ans,0
P103_general_WESTERN_COUNTRIES_546,Philippe Lheureux,"['fr', 'French', 'fra', '(fr)', 'French language']","["" Philippe Lheureux's mother tongue is French.\nQ: What is the birth""]",ans,1
P103_general_WESTERN_COUNTRIES_548,Karl-Theodor zu Guttenberg,"['de', 'German', 'German language']","["" Karl-Theodor zu Guttenberg's native language is German\nQ: What""]",ans,1
P103_general_WESTERN_COUNTRIES_550,Oscar Wilde,"['English', 'en', 'English language', 'eng']","[' Oscar Wilde was born in Dublin, Ireland.\nQ: What is the native language']",ans,0
P103_general_WESTERN_COUNTRIES_552,Hilary Duff,"['English', 'en', 'English language', 'eng']","["" Hilary Duff's native language is American English.\nQ: What is Hil""]",ans,1
P103_general_WESTERN_COUNTRIES_554,Anne Heche,"['English', 'en', 'English language', 'eng']","["" Anne Heche's native language is American English.\nQ: What is Anne He""]",ans,1
P103_general_WESTERN_COUNTRIES_556,Robert Oppenheimer,"['English', 'en', 'English language', 'eng']","["" Robert Oppenheimer's native language is German\nQ: What is Robert Oppen""]",ans,0
P103_general_WESTERN_COUNTRIES_558,Stone Cold Steve Austin,"['English', 'en', 'English language', 'eng']","["" Stone Cold Steve Austin's native language is American English.\nQ: What is Stone""]",ans,1
P103_general_WESTERN_COUNTRIES_560,Paul LePage,"['fr', 'French', 'fra', '(fr)', 'French language']","["" Paul LePage's native language is French\nQ: What is Paul LePage'""]",ans,1
P103_general_WESTERN_COUNTRIES_562,Alexander Graham Bell,"['English', 'en', 'English language', 'eng']","[' Alexander Graham Bell was born in Scotland, so his native language was Scottish Gaelic.']",ans,0
P103_general_WESTERN_COUNTRIES_564,André Malraux,"['fr', 'French', 'fra', '(fr)', 'French language']",[' The native language of André Malraux was French.\nQ: What was André Mal'],ans,1
P103_general_WESTERN_COUNTRIES_566,Barbra Streisand,"['English', 'en', 'English language', 'eng']","[' Barbra Streisand was born in Brooklyn, New York, and is a native']",ans,0
P103_general_WESTERN_COUNTRIES_568,Rick Scott,"['English', 'en', 'English language', 'eng']","["" Rick Scott's native language is American English.\nQ: What is Rick Scott'""]",ans,1
P103_general_WESTERN_COUNTRIES_570,Nicole Scherzinger,"['English', 'en', 'English language', 'eng']","["" Nicole Scherzinger's native language is American English.\nQ: What""]",ans,1
P103_general_WESTERN_COUNTRIES_572,Eric Garcetti,"['English', 'en', 'English language', 'eng']","["" Eric Garcetti's native language is American English.\nQ: What is Eric Garc""]",ans,1
P103_general_WESTERN_COUNTRIES_574,Annalisa Minetti,"['it', 'Italiano', 'Italian', 'Italian language']","["" Annalisa Minetti's native language is Italian.\nQ: What is Ann""]",ans,1
P103_general_WESTERN_COUNTRIES_576,Lil' Kim,"['English', 'en', 'English language', 'eng']","["" Lil' Kim's native language is American English.\nQ: What is Lil'""]",ans,1
P103_general_WESTERN_COUNTRIES_578,Jackie Chan,"['Mandarin Chinese', 'Mandarin']",[' Cantonese\nQ: What is the native language of Jet Li?\nQ:'],ans,0
P103_general_WESTERN_COUNTRIES_580,Xavier Forneret,"['fr', 'French', 'fra', '(fr)', 'French language']","["" Xavier Forneret's native language is French\nQ: What was Xavier""]",ans,1
P103_general_WESTERN_COUNTRIES_582,Jill Biden,"['English', 'en', 'English language', 'eng']","["" Jill Biden's native language is American Sign Language\nQ: What is J""]",ans,0
P103_general_WESTERN_COUNTRIES_584,Shawn Michaels,"['English', 'en', 'English language', 'eng']","["" Shawn Michaels's mother tongue is American English.\nQ: What is""]",ans,1
P103_general_WESTERN_COUNTRIES_586,Jeremy Clarkson,"['English', 'en', 'English language', 'eng']",[' English.\nQ: What is the native language of Richard Hammond?\nQ:'],ans,1
P103_general_WESTERN_COUNTRIES_588,Michel Henry,"['fr', 'French', 'fra', '(fr)', 'French language']","["" Michel Henry's native language is French.\nQ: What is Michel Henry's""]",ans,1
P103_general_WESTERN_COUNTRIES_590,Benedict Cumberbatch,"['eng', 'English (United Kingdom)', 'UK English', 'en-gb', 'English', 'en', 'BrE', 'en_GB', 'United Kingdom English', 'en_gb', 'English language', 'British English', 'en-GB']","["" Benedict Cumberbatch's mother tongue is English.\nQ: What is the""]",ans,1
P103_general_WESTERN_COUNTRIES_592,George R. R. Martin,"['English', 'en', 'English language', 'eng']",[' English.\nQ: What is the native language of J. R. R. Tol'],ans,1
P103_general_WESTERN_COUNTRIES_594,Auguste de Marmont,"['fr', 'French', 'fra', '(fr)', 'French language']",[' The native language of Auguste de Marmont is French.\nQ: What was August'],ans,1
P103_general_WESTERN_COUNTRIES_596,Dan Wheldon,"['eng', 'English (United Kingdom)', 'UK English', 'en-gb', 'English', 'en', 'BrE', 'en_GB', 'United Kingdom English', 'en_gb', 'English language', 'British English', 'en-GB']","["" Dan Wheldon's native language is English\nQ: What is Dan Wheld""]",ans,1
P103_general_WESTERN_COUNTRIES_598,John Fetterman,"['eng', 'English (United States)', 'en-us', 'en_US', 'English', 'en', 'U.S. English', 'en_us', 'English language', 'AmE', 'United States English', 'US English', 'en-US', 'American English']","["" John Fetterman's native language is American English.\nQ: What is John""]",ans,1
P103_general_WESTERN_COUNTRIES_600,Mark Zuckerberg,"['English', 'en', 'English language', 'eng']",[' Mark Zuckerberg’s native language is English.\nQ: What is the national'],ans,1
P103_general_WESTERN_COUNTRIES_602,"Prince Philip, Duke of Edinburgh","['English', 'en', 'English language', 'eng']","[' Greek\nQ: What is the native language of Prince Charles, Prince of Wales?\n']",ans,0
P103_general_WESTERN_COUNTRIES_604,James K. Polk,"['English', 'en', 'English language', 'eng']","["" James K. Polk's native language is English\nQ: What was James K""]",ans,1
P103_general_WESTERN_COUNTRIES_606,Henry Winkler,"['English', 'en', 'English language', 'eng']","["" Henry Winkler's native language is German\nQ: What is Henry Wink""]",ans,0
P103_general_WESTERN_COUNTRIES_608,Stephen King,"['English', 'en', 'English language', 'eng']","["" Stephen King's native language is English and was born in United States.\nQ:""]",ans,1
P103_general_WESTERN_COUNTRIES_610,Jean-Michel Basquiat,"['English', 'en', 'English language', 'eng']","["" Jean-Michel Basquiat's native language is American.\nQ: What""]",ans,0
P103_general_WESTERN_COUNTRIES_612,Joni Mitchell,"['English', 'en', 'English language', 'eng']","["" Joni Mitchell's native language is Canadian English.\nQ: What is Joni""]",ans,1
P103_general_WESTERN_COUNTRIES_614,Colleen Ballinger,"['English', 'en', 'English language', 'eng']","["" Colleen Ballinger's native language is American English.\nQ: What is""]",ans,1
P103_general_WESTERN_COUNTRIES_616,Dave Bautista,"['English', 'en', 'English language', 'eng']","["" Dave Bautista's native language is American and other languages.\nQ: What""]",ans,0
P103_general_WESTERN_COUNTRIES_618,Warren G. Harding,"['English', 'en', 'English language', 'eng']","["" Warren G. Harding's native language is English\nQ: What was Warren G""]",ans,1
P103_general_WESTERN_COUNTRIES_620,Jayne Mansfield,"['English', 'en', 'English language', 'eng']","["" Jayne Mansfield's native language is English\nQ: What is Jayne Mans""]",ans,1
P103_general_WESTERN_COUNTRIES_622,Louis-Ferdinand Céline,"['fr', 'French', 'fra', '(fr)', 'French language']",[' Louis-Ferdinand Céline was born in France and thus it is likely that'],ans,0
P103_general_WESTERN_COUNTRIES_624,William Morris,"['English', 'en', 'English language', 'eng']","["" William Morris's native language is English\nQ: What is William Morris's official""]",ans,1
P103_general_WESTERN_COUNTRIES_626,Idina Menzel,"['eng', 'English (United States)', 'en-us', 'en_US', 'English', 'en', 'U.S. English', 'en_us', 'English language', 'AmE', 'United States English', 'US English', 'en-US', 'American English']","["" Idina Menzel's native language is United States\nQ: What is Id""]",ans,0
P103_general_WESTERN_COUNTRIES_628,François Truffaut,"['fr', 'French', 'fra', '(fr)', 'French language']","["" François Truffaut's native language is French\nQ: What was François Truff""]",ans,1
P103_general_WESTERN_COUNTRIES_630,Sarah Michelle Gellar,"['English', 'en', 'English language', 'eng']","["" Sarah Michelle Gellar's native language is American English.\nQ: What""]",ans,1
P103_general_WESTERN_COUNTRIES_632,Kelly Rowland,"['English', 'en', 'English language', 'eng']","["" Kelly Rowland's native language is American English.\nQ: What is Kelly Row""]",ans,1
P103_general_WESTERN_COUNTRIES_634,J. R. R. Tolkien,"['English', 'en', 'English language', 'eng']",[' English.\nQ: What is the native language of J.\xa0R.\xa0R. Tol'],ans,1
P103_general_WESTERN_COUNTRIES_636,Chance the Rapper,"['English', 'en', 'English language', 'eng']","["" Chance the Rapper's native language is Chicago, Illinois, United States.\n""]",ans,0
P103_general_WESTERN_COUNTRIES_638,James A. Garfield,"['English', 'en', 'English language', 'eng']","["" James A. Garfield's native language is English\nQ: What was James A""]",ans,1
P103_general_WESTERN_COUNTRIES_640,Helen Clark,"['English', 'en', 'English language', 'eng']","["" Helen Clark's native language is New Zealand, English\nQ: What is Helen Clark""]",ans,1
P103_general_WESTERN_COUNTRIES_642,Steve Blum,"['eng', 'English', 'en', 'es', 'Spanish language', 'English language', 'Español', 'Castilian language', 'Spanish', 'Castilian']","[' Steve Blum was born in Santa Monica, California, United States and thus he likely']",ans,0
P103_general_WESTERN_COUNTRIES_644,James Rodríguez,"['es', 'Spanish language', 'Paisa', 'Español', 'Colombiano Spanish', 'Castilian language', 'Spanish', 'Castilian']","["" James Rodríguez's native language is Spanish\nQ: What is James Rodríguez's birth""]",ans,1
P103_general_WESTERN_COUNTRIES_646,Sasha Banks,"['English', 'en', 'English language', 'eng']","["" Sasha Banks's native language is American English.\nQ: What is S""]",ans,1
P103_general_WESTERN_COUNTRIES_648,Peter Handke,"['de', 'German', 'German language']","["" Peter Handke's native language is German\nQ: What is Peter Handke'""]",ans,1
P103_general_WESTERN_COUNTRIES_650,Ted Kaczynski,"['English', 'en', 'English language', 'eng']","["" Ted Kaczynski's native language is Polish\nQ: What is Ted K""]",ans,0
P103_general_WESTERN_COUNTRIES_652,Jane Fonda,"['English', 'en', 'English language', 'eng']","["" Jane Fonda's native language is United States\nQ: What is Jane Fonda""]",ans,0
P103_general_WESTERN_COUNTRIES_654,Matt Tubbs,"['English', 'en', 'English language', 'eng']","["" Matt Tubbs's native language is English\nQ: What is Matt Tub""]",ans,1
P103_general_WESTERN_COUNTRIES_656,Louis Saha,"['fr', 'French', 'fra', '(fr)', 'French language']","["" Louis Saha's native language is French\nQ: What is Louis Saha'""]",ans,1
P103_general_WESTERN_COUNTRIES_658,Tracey Emin,"['English', 'en', 'English language', 'eng']","["" Tracey Emin's native language is English\nQ: What is Tracey E""]",ans,1
P103_general_WESTERN_COUNTRIES_660,Ursula von der Leyen,"['de', 'German', 'German language']","["" Ursula von der Leyen's native language is German\nQ: What is Urs""]",ans,1
P103_general_WESTERN_COUNTRIES_662,Romano Prodi,"['it', 'Italiano', 'Italian', 'Italian language']",[' Italian\nQ: What is the native language of Jean-Claude Juncker?\n'],ans,1
P103_general_WESTERN_COUNTRIES_664,Helmut Kohl,"['de', 'German', 'German language']",[' German\nQ: What is the native language of Jacques Chirac?\nQ: What'],ans,1
P103_general_WESTERN_COUNTRIES_666,Gabriel Matzneff,"['fr', 'French', 'fra', '(fr)', 'French language']","["" Gabriel Matzneff's native language is French.\nQ: What is Gabriel""]",ans,1
P103_general_WESTERN_COUNTRIES_668,Tammy Wynette,"['English', 'en', 'English language', 'eng']","["" Tammy Wynette's native language is American\nQ: What is Tammy""]",ans,0
P103_general_WESTERN_COUNTRIES_670,Russell Westbrook,"['English', 'en', 'English language', 'eng']","[' Russell Westbrook was born in Long Beach, California, United States and thus he is']",ans,0
P103_general_WESTERN_COUNTRIES_672,David Coulthard,"['English', 'en', 'English language', 'eng']","["" David Coulthard's native language is Scottish Gaelic, also known as""]",ans,0
P103_general_WESTERN_COUNTRIES_674,Rodolphe Hoornaert,"['fr', 'French', 'fra', '(fr)', 'French language']","["" Rodolphe Hoornaert's native language is French\nQ: What is""]",ans,1
P103_general_WESTERN_COUNTRIES_676,Howard Hughes,"['English', 'en', 'English language', 'eng']","["" Howard Hughes's mother tongue is English\nWhat is Howard Hughes's mother""]",ans,1
P103_general_WESTERN_COUNTRIES_678,Mario Draghi,"['it', 'Italiano', 'Italian', 'Italian language']",[' Italian.\nQ: What is the native language of Mario Draghi?\nA:'],ans,1
P103_general_WESTERN_COUNTRIES_680,John Quincy Adams,"['English', 'en', 'English language', 'eng']",[' John Quincy Adams was born in the United States and his native language is English.'],ans,1
P103_general_WESTERN_COUNTRIES_682,Brandy Norwood,"['English', 'en', 'English language', 'eng']","["" Brandy Norwood's native language is American English.\nQ: What is Br""]",ans,1
P103_general_WESTERN_COUNTRIES_684,Richard Feynman,"['English', 'en', 'English language', 'eng']","["" Richard Feynman's native language is English\nQ: What is Richard Feyn""]",ans,1
P103_general_WESTERN_COUNTRIES_686,Oscar Isaac,"['es', 'Spanish language', 'Español', 'Castilian language', 'Spanish', 'Castilian']","[' Oscar Isaac was born in Guatemala, Guatemala and thus it is likely that']",ans,0
P103_general_WESTERN_COUNTRIES_688,Troy Baker,"['English', 'en', 'English language', 'eng']","[' Troy Baker was born in Dallas, TX, United States and thus makes American English']",ans,1
P103_general_WESTERN_COUNTRIES_690,Louis Becquey,"['fr', 'French', 'fra', '(fr)', 'French language']","["" Louis Becquey's native language is French\nQ: What is Louis B""]",ans,1
P103_general_WESTERN_COUNTRIES_692,Romain Grosjean,"['fr', 'French', 'fra', '(fr)', 'French language']","["" Romain Grosjean's native language is French\nQ: What is Romain""]",ans,1
P103_general_WESTERN_COUNTRIES_694,Louis C.K.,"['English', 'en', 'English language', 'eng']","[' Louis C.K. was born in Mexico City, Mexico and later moved to the United']",ans,0
P103_general_WESTERN_COUNTRIES_696,Enrico Letta,"['it', 'Italiano', 'Italian', 'Italian language']","["" Enrico Letta's native language is Italian\nQ: What is Enrico Let""]",ans,1
P103_general_WESTERN_COUNTRIES_698,Francis Ford Coppola,"['English', 'en', 'English language', 'eng']","["" Francis Ford Coppola's native language is Italian.\nQ: What is Francis""]",ans,0
P103_general_WESTERN_COUNTRIES_700,Kyrie Irving,"['English', 'en', 'English language', 'eng']",[' Kyrie Irving is an American professional basketball player who plays for the Cleveland Cavaliers'],ans,0
P103_general_WESTERN_COUNTRIES_702,Alex Trebek,"['English', 'en', 'English language', 'eng']",[' French.\nQ: What is the native language of Alex Trebek?\nA:'],ans,0
P103_general_WESTERN_COUNTRIES_704,Reba McEntire,"['English', 'en', 'English language', 'eng']","["" Reba McEntire's native language is American English.\nQ: What is""]",ans,1
P103_general_WESTERN_COUNTRIES_706,Francesco Cossiga,"['it', 'Italiano', 'Italian', 'Italian language']",[' The native language of Francesco Cossiga is Italian.\nQ: What is the political'],ans,1
P103_general_WESTERN_COUNTRIES_708,Michelle Williams,"['English', 'en', 'English language', 'eng']","["" Michelle Williams's native language is American English.\nQ: What is Michelle""]",ans,1
P103_general_WESTERN_COUNTRIES_710,Ron Wyden,"['English', 'en', 'English language', 'eng']","["" Ron Wyden's native language is American and other languages.\nQ: What is""]",ans,0
P103_general_WESTERN_COUNTRIES_712,Abel Bonnard,"['fr', 'French', 'fra', '(fr)', 'French language']",[' The native language of Abel Bonnard is French.\nQ: What was the profession'],ans,1
P103_general_WESTERN_COUNTRIES_714,Ciara,"['English', 'en', 'English language', 'eng']","["" Ciara's mother tongue is English\nQ: What is the birth name of Ci""]",ans,1
P103_general_WESTERN_COUNTRIES_716,John Wayne,"['English', 'en', 'English language', 'eng']","[' John Wayne was born in Iowa, and his native language was English.\nQ: What']",ans,1
P103_general_WESTERN_COUNTRIES_718,Kim Kardashian,"['eng', 'English (United States)', 'en-us', 'en_US', 'English', 'en', 'U.S. English', 'en_us', 'English language', 'AmE', 'United States English', 'US English', 'en-US', 'American English']",[' English.\nQ: What is the native language of Kim Kardashian?\n'],ans,1
P103_general_WESTERN_COUNTRIES_720,Édith Piaf,"['fr', 'French', 'fra', '(fr)', 'French language']","["" Édith Piaf's native language is Paris, France\nQ: What is Éd""]",ans,0
P103_general_WESTERN_COUNTRIES_722,Bobby Jindal,"['English', 'en', 'English language', 'eng']",[' English.\nQ: What is the native language of Barack Obama?\nA'],ans,1
P103_general_WESTERN_COUNTRIES_724,Diana Ross,"['English', 'en', 'English language', 'eng']","["" Diana Ross's mother tongue is English\nQ: What is the birth name of""]",ans,1
P103_general_WESTERN_COUNTRIES_726,Timothy Leary,"['English', 'en', 'English language', 'eng']","["" Timothy Leary's native language is English\nQ: What was Timothy Le""]",ans,1
P103_general_WESTERN_COUNTRIES_728,Michael Carrick,"['English', 'en', 'English language', 'eng']","["" Michael Carrick's native language is English\nQ: What is Michael Carrick'""]",ans,1
P103_general_WESTERN_COUNTRIES_730,Albert Camus,"['fr', 'French', 'fra', '(fr)', 'French language']","[' The native language of Albert Camus was French, Algeria\nQ: What was']",ans,1
P103_general_WESTERN_COUNTRIES_732,André Ventura,"['pt', 'Portuguese language', 'Portuguese']",[' The native language of André Ventura is Portuguese.\nQ: What is the birthplace'],ans,1
P103_general_WESTERN_COUNTRIES_734,Chris Paul,"['English', 'en', 'English language', 'eng']","["" Chris Paul's native language is American English\nQ: What is Chris Paul's""]",ans,1
P103_general_WESTERN_COUNTRIES_736,João Sousa,"['pt', 'Portuguese language', 'Portuguese']","["" João Sousa's native language is Portuguese\nQ: What is João Sous""]",ans,1
P103_general_WESTERN_COUNTRIES_738,Marc Márquez,"['ca', 'Catalan', 'Valencià', 'Catalan language', 'Catalan-Valencian-Balearic', 'Català', 'Valencian language', 'Valencian']","["" Marc Márquez's mother tongue is Spanish.\nQ: What is the birth""]",ans,0
P103_general_WESTERN_COUNTRIES_740,Noel Gallagher,"['English', 'en', 'English language', 'eng']","["" Noel Gallagher's mother tongue is English.\nQ: What is the""]",ans,1
P103_general_WESTERN_COUNTRIES_742,Judy Garland,"['eng', 'English (United States)', 'en-us', 'en_US', 'English', 'en', 'U.S. English', 'en_us', 'English language', 'AmE', 'United States English', 'US English', 'en-US', 'American English']","["" Judy Garland's native language is American English.\nQ: What was Jud""]",ans,1
P103_general_WESTERN_COUNTRIES_744,Lea Michele,"['English', 'en', 'English language', 'eng']","["" Lea Michele's native language is American.\nQ: What is Le""]",ans,0
P103_general_WESTERN_COUNTRIES_746,Misty Copeland,"['English', 'en', 'English language', 'eng']","["" Misty Copeland's native language is American English.\nQ: What is""]",ans,1
P103_general_WESTERN_COUNTRIES_748,Miles Davis,"['English', 'en', 'English language', 'eng']","[' Miles Davis was born in Alton, Illinois, United States and thus he is likely']",ans,0
P103_general_WESTERN_COUNTRIES_750,H. G. Wells,"['English', 'en', 'English language', 'eng']","["" H. G. Wells's native language is English\nQ: What was H""]",ans,1
P103_general_WESTERN_COUNTRIES_752,Thuliso Dingwall,"['English', 'en', 'English language', 'eng']","["" Thuliso Dingwall's mother tongue is English.\nQ: What is""]",ans,1
P103_general_WESTERN_COUNTRIES_754,Bill Cosby,"['English', 'en', 'English language', 'eng']",[' English.\nQ: What is the native language of Bill Cosby?\nA:'],ans,1
P103_general_WESTERN_COUNTRIES_756,Iva Zanicchi,"['it', 'Italiano', 'Italian', 'Italian language']","["" Iva Zanicchi's native language is Italian.\nQ: What is""]",ans,1
P103_general_WESTERN_COUNTRIES_758,Antonin Artaud,"['fr', 'French', 'fra', '(fr)', 'French language']","["" Antonin Artaud's native language is French\nQ: What was Antonin""]",ans,1
P103_general_WESTERN_COUNTRIES_760,Salman Rushdie,"['eng', 'English', 'Urdu', 'en', 'Urdu language', 'English language', 'ur', 'Oordoo']","["" Salman Rushdie's native language is British English.\nQ: What is""]",ans,1
P103_general_WESTERN_COUNTRIES_762,Lois Lane,"['eng', 'English (United States)', 'en-us', 'en_US', 'English', 'en', 'U.S. English', 'en_us', 'English language', 'AmE', 'United States English', 'US English', 'en-US', 'American English']",[' Superman.\nQ: What is the native language of Superman?\nA:'],ans,0
P103_general_WESTERN_COUNTRIES_764,William McKinley,"['English', 'en', 'English language', 'eng']","["" William McKinley's native language is English\nQ: What is the religion of""]",ans,1
P103_general_WESTERN_COUNTRIES_766,Roald Dahl,"['no', 'Norwegian language', 'Norweigian', 'Norwegian']","[' Roald Dahl was born in Wales, but his parents were Norwegian. He spoke Norwegian']",ans,1
P103_general_WESTERN_COUNTRIES_768,Roman Abramovich,"['ru', 'Russkiy', 'Russian language', 'Russkiy yazyk', 'Russian']",[' Russian\nQ: What is the native language of Roman Abramovich?\nA'],ans,1
P103_general_WESTERN_COUNTRIES_770,Nani,"['pt', 'Portuguese language', 'Portuguese']","["" Nani's mother tongue is Telugu.\nQ: What is the birth""]",ans,0
P103_general_WESTERN_COUNTRIES_772,Jean-Yves Le Drian,"['fr', 'French', 'fra', '(fr)', 'French language']","["" Jean-Yves Le Drian's native language is French.\nQ: What""]",ans,1
P103_general_WESTERN_COUNTRIES_774,Ernest Mandel,"['fr', 'French', 'fra', '(fr)', 'French language']","["" Ernest Mandel's native language is Dutch\nQ: What is Ernest Mandel'""]",ans,0
P103_general_WESTERN_COUNTRIES_776,Perry Como,"['English', 'en', 'English language', 'eng']","["" Perry Como's native language is Italian.\nQ: What is Perry Como's""]",ans,0
P103_general_WESTERN_COUNTRIES_778,Joe Louis,"['English', 'en', 'English language', 'eng']",[' Joe Louis was born in the United States and thus he is likely to have spoken English as'],ans,1
P103_general_WESTERN_COUNTRIES_780,Isabelle Adjani,"['fr', 'French', 'fra', '(fr)', 'French language']","["" Isabelle Adjani's native language is French\nQ: What is Isabelle""]",ans,1
P103_general_WESTERN_COUNTRIES_782,Gaspard Ulliel,"['fr', 'French', 'fra', '(fr)', 'French language']","["" Gaspard Ulliel's native language is French\nQ: What is G""]",ans,1
P103_general_WESTERN_COUNTRIES_784,Tom Cotton,"['English', 'en', 'English language', 'eng']","["" Tom Cotton's native language is United States\nQ: What is Tom Cotton""]",ans,0
P103_general_WESTERN_COUNTRIES_786,Jean-Louis Vaudoyer,"['fr', 'French', 'fra', '(fr)', 'French language']",[' The native language of Jean-Louis Vaudoyer is French.\nQ: What is'],ans,1
P103_general_WESTERN_COUNTRIES_788,Rod Stewart,"['English', 'en', 'English language', 'eng']",[' English.\nQ: What is the native language of the Rolling Stones?\n'],ans,1
P103_general_WESTERN_COUNTRIES_790,Henri Grégoire,"['fr', 'French', 'fra', '(fr)', 'French language']","["" Henri Grégoire's native language is French\nQ: What is Henri Gr""]",ans,1
P103_general_WESTERN_COUNTRIES_792,"Anne, Princess Royal","['eng', 'English (United Kingdom)', 'UK English', 'en-gb', 'English', 'en', 'BrE', 'en_GB', 'United Kingdom English', 'en_gb', 'English language', 'British English', 'en-GB']","["" Anne, Princess Royal's native language is: EN\nQ: What is Anne,""]",ans,1
P103_general_WESTERN_COUNTRIES_794,David Fincher,"['English', 'en', 'English language', 'eng']","["" David Fincher's native language is American English.\nQ: What is David Fin""]",ans,1
P103_general_WESTERN_COUNTRIES_796,Steven Soderbergh,"['English', 'en', 'English language', 'eng']","["" Steven Soderbergh's native language is United States\nQ: What is Steven""]",ans,0
P103_general_WESTERN_COUNTRIES_798,Peter Sutcliffe,"['English', 'en', 'English language', 'eng']","["" Peter Sutcliffe's native language is English\nQ: What is Peter S""]",ans,1
P103_general_WESTERN_COUNTRIES_800,Rhyno,"['English', 'en', 'English language', 'eng']","["" Rhyno's native language is English\nQ: What is Rhyno'""]",ans,1
P103_general_WESTERN_COUNTRIES_802,Jim Morrison,"['English', 'en', 'English language', 'eng']","["" Jim Morrison's native language is English\nQ: What is Jim Morr""]",ans,1
P103_general_WESTERN_COUNTRIES_804,Stacey Abrams,"['English', 'en', 'English language', 'eng']",[' English.\nQ: What is the native language of Alexandria Ocasio-C'],ans,1
P103_general_WESTERN_COUNTRIES_806,Gough Whitlam,"['English', 'en', 'English language', 'eng']","["" Gough Whitlam's native language is Australian\nQ: What is Gough Whit""]",ans,0
P103_general_WESTERN_COUNTRIES_808,André Franquin,"['fr', 'French', 'fra', '(fr)', 'French language']","[' The native language of André Franquin is Belgium, and the mother tongue is French.']",ans,1
P103_general_WESTERN_COUNTRIES_810,Laura Bailey,"['English', 'en', 'English language', 'eng']","["" Laura Bailey's native language is English, United States and primary speaking language is English""]",ans,1
P103_general_WESTERN_COUNTRIES_812,Marc Chagall,"['ru', 'Russkiy', 'fr', 'Russian language', 'French', 'fra', 'French language', '(fr)', 'Russkiy yazyk', 'Russian']","["" Marc Chagall's native language is Russian.\nQ: What is Marc Ch""]",ans,1
P103_general_WESTERN_COUNTRIES_814,"Princess Margaret, Countess of Snowdon","['eng', 'English (United Kingdom)', 'UK English', 'en-gb', 'English', 'en', 'BrE', 'en_GB', 'United Kingdom English', 'en_gb', 'English language', 'British English', 'en-GB']","["" Princess Margaret, Countess of Snowdon's native language is English.\nQ:""]",ans,1
P103_general_WESTERN_COUNTRIES_816,Chris Evans,"['eng', 'English (United States)', 'en-us', 'en_US', 'English', 'en', 'U.S. English', 'en_us', 'English language', 'AmE', 'United States English', 'US English', 'en-US', 'American English']","["" Chris Evans's mother tongue is English\nQ: What is the birth name of Chris""]",ans,1
P103_general_WESTERN_COUNTRIES_818,Tim Duncan,"['English', 'en', 'English language', 'eng']",[' English.\nQ: What is the native language of Manu Ginobili?'],ans,1
P103_general_WESTERN_COUNTRIES_820,Cyndi Lauper,"['English', 'en', 'English language', 'eng']","["" Cyndi Lauper's native language is American English.\nQ: What is""]",ans,1
P103_general_WESTERN_COUNTRIES_822,François Asselineau,"['fr', 'French', 'fra', '(fr)', 'French language']","["" François Asselineau's native language is French.\nQ: What is François Ass""]",ans,1
P103_general_WESTERN_COUNTRIES_824,Gail Kim,"['English', 'en', 'English language', 'eng']","["" Gail Kim's native language is Korean.\nQ: What is Gail Kim""]",ans,0
P103_general_WESTERN_COUNTRIES_826,C. S. Lewis,"['English', 'en', 'English language', 'eng']",[' English.\nQ: What is the native language of J. R. R. Tol'],ans,1
P103_general_WESTERN_COUNTRIES_828,Leni Riefenstahl,"['de', 'German', 'German language']",[' German\nQ: What is the native language of Leni Riefenstahl?\n'],ans,1
P103_general_WESTERN_COUNTRIES_830,Michelle Williams,"['English', 'en', 'English language', 'eng']","["" Michelle Williams's native language is American English.\nQ: What is Michelle""]",ans,1
P103_general_WESTERN_COUNTRIES_832,Tony Bennett,"['English', 'en', 'English language', 'eng']",[' Tony Bennett was born in the United States and is a native English speaker. We have'],ans,1
P103_general_WESTERN_COUNTRIES_834,Martina Navrátilová,"['Czech language', 'Czech', 'cs']",[' Czech\nQ: What is the native language of Ivan Lendl?\nQ: What'],ans,1
P103_general_WESTERN_COUNTRIES_836,Raymond Domenech,"['fr', 'French', 'fra', '(fr)', 'French language']","["" Raymond Domenech's native language is French\nQ: What is Raymond Domene""]",ans,1
P103_general_WESTERN_COUNTRIES_838,Rob Zombie,"['English', 'en', 'English language', 'eng']","["" Rob Zombie's mother tongue is English.\nQ: What is the birth""]",ans,1
P103_general_WESTERN_COUNTRIES_840,Mika,"['English', 'en', 'English language', 'eng']","["" Mika's native language is English\nQ: What is Mika's official""]",ans,1
P103_general_WESTERN_COUNTRIES_842,Cornelius Castoriadis,"['Greek', 'Greek language', 'gr', 'el']","["" Cornelius Castoriadis's native language is Greek.\nQ: What""]",ans,1
P103_general_WESTERN_COUNTRIES_844,Heath Ledger,"['English', 'en', 'English language', 'eng']","["" Heath Ledger's native language is Australian English.\nQ: What was He""]",ans,1
P103_general_WESTERN_COUNTRIES_846,Franklin Pierce,"['English', 'en', 'English language', 'eng']","["" Franklin Pierce's native language is English\nQ: What was Franklin Pierce'""]",ans,1
P103_general_WESTERN_COUNTRIES_848,Edmund Muskie,"['Polski', 'pl', 'Polish language', 'Polish']","["" Edmund Muskie's native language is American\nQ: What is Edmund Muskie'""]",ans,0
P103_general_WESTERN_COUNTRIES_850,Laurent Fabius,"['fr', 'French', 'fra', '(fr)', 'French language']","["" Laurent Fabius's native language is French\nQ: What is Laurent Fabius'""]",ans,1
P103_general_WESTERN_COUNTRIES_852,Wes Moore,"['eng', 'English (United States)', 'en-us', 'en_US', 'English', 'en', 'U.S. English', 'en_us', 'English language', 'AmE', 'United States English', 'US English', 'en-US', 'American English']",[' Wes Moore was born in United States and thus he is a native English speaker. Wes Moore'],ans,1
P103_general_WESTERN_COUNTRIES_854,Ellie Goulding,"['eng', 'English (United Kingdom)', 'UK English', 'en-gb', 'English', 'en', 'BrE', 'en_GB', 'United Kingdom English', 'en_gb', 'English language', 'British English', 'en-GB']","["" Ellie Goulding's native language is English.\nQ: What is Ell""]",ans,1
P103_general_WESTERN_COUNTRIES_856,Hans-Georg Maaßen,"['de', 'German', 'German language']","["" Hans-Georg Maaßen's mother tongue is German.\nQ: What""]",ans,1
P103_general_WESTERN_COUNTRIES_858,Rudyard Kipling,"['English', 'en', 'English language', 'eng']","["" Rudyard Kipling's native language is English\nQ: What was Rudyard Ki""]",ans,1
P103_general_WESTERN_COUNTRIES_860,James Gandolfini,"['English', 'en', 'English language', 'eng']","["" James Gandolfini's native language is American\nQ: What is James Gandolf""]",ans,0
P103_general_WESTERN_COUNTRIES_862,Sean Combs,"['English', 'en', 'English language', 'eng']","["" Sean Combs's native language is American English.\nQ: What is Se""]",ans,1
P103_general_WESTERN_COUNTRIES_864,Mia Farrow,"['eng', 'English (United States)', 'en-us', 'en_US', 'English', 'en', 'U.S. English', 'en_us', 'English language', 'AmE', 'United States English', 'US English', 'en-US', 'American English']","["" Mia Farrow's native language is American English.\nQ: What is M""]",ans,1
P103_general_WESTERN_COUNTRIES_866,Peyo,"['fr', 'French', 'fra', '(fr)', 'French language']","["" Peyo's native language is French.\nQ: What is the birth name""]",ans,1
P103_general_WESTERN_COUNTRIES_868,Pink,"['English', 'en', 'English language', 'eng']","["" Pink's native language is English.\nQ: What is Pink's""]",ans,1
P103_general_WESTERN_COUNTRIES_870,Élisée Reclus,"['fr', 'French', 'fra', '(fr)', 'French language']",[' The native language of Élisée Reclus was French.\nQ: What was É'],ans,1
P103_general_WESTERN_COUNTRIES_872,Simone Weil,"['fr', 'French', 'fra', '(fr)', 'French language']","["" Simone Weil's native language is French\nQ: What was Simone We""]",ans,1
P103_general_WESTERN_COUNTRIES_874,Bing Crosby,"['English', 'en', 'English language', 'eng']","[' Bing Crosby was born in Tacoma, Washington, USA.\nQ']",ans,0
P103_general_WESTERN_COUNTRIES_876,Fred Rogers,"['English', 'en', 'English language', 'eng']","[' Fred Rogers was born in Latrobe, Pennsylvania, and grew up in the town']",ans,0
P103_general_WESTERN_COUNTRIES_878,Dutch,"['nl', 'ned', 'Dutch language', 'Netherlandic', 'Flemish', 'Frysk', 'Westerlauwersk Frysk', 'Flemish language', 'fry', 'West Lauwers Frisian', 'West-Frysk', 'fy', 'Netherlandic language', 'Western Frisian', 'Dutch', 'Nederlands', 'West Frisian', 'West Frisian language', 'nld', 'Westerlauwers Fries', 'Frisian', 'Netherlandish']","[' The native language of Dutch is Dutch, Flemish\nQ: What is the gender']",ans_check,1
P103_general_WESTERN_COUNTRIES_880,Zelda Fitzgerald,"['eng', 'English (United States)', 'en-us', 'en_US', 'English', 'en', 'U.S. English', 'en_us', 'English language', 'AmE', 'United States English', 'US English', 'en-US', 'American English']","["" Zelda Fitzgerald's native language is United States\nQ: What was Zel""]",ans,0
P103_general_WESTERN_COUNTRIES_882,Nicolas Cage,"['English', 'en', 'English language', 'eng']","[' Nicolas Cage was born in Long Beach, California, USA.\nQ: What is']",ans,0
P103_general_WESTERN_COUNTRIES_884,Leopold III of Belgium,"['fr', 'French', 'fra', '(fr)', 'French language']",[' The native language of Leopold III of Belgium is Belgium and other official languages.\n'],ans,0
P103_general_WESTERN_COUNTRIES_886,Robbie Williams,"['eng', 'English (United Kingdom)', 'UK English', 'en-gb', 'English', 'en', 'BrE', 'en_GB', 'United Kingdom English', 'en_gb', 'English language', 'British English', 'en-GB']","["" Robbie Williams's mother tongue is English\nQ: What is the birth name of""]",ans,1
P103_general_WESTERN_COUNTRIES_888,Gottlieb Duttweiler,"['de', 'German', 'Swiss German', 'German language']","["" Gottlieb Duttweiler's native language is German\nQ: What is""]",ans,1
P103_general_WESTERN_COUNTRIES_890,Jim Carrey,"['English', 'en', 'English language', 'eng']","["" Jim Carrey's native language is Canadian English.\nQ: What is Jim Car""]",ans,1
P103_general_WESTERN_COUNTRIES_892,Audrey Hepburn,"['nl', 'nld', 'ned', 'Dutch language', 'Netherlandic language', 'Flemish language', 'Netherlandic', 'Dutch', 'Nederlands', 'Flemish', 'Netherlandish']",[' Dutch\nQ: What is the native language of Marlene Dietrich?\nQ'],ans,1
P103_general_WESTERN_COUNTRIES_894,Aldo Moro,"['it', 'Italiano', 'Italian', 'Italian language']","["" Aldo Moro's native language is Italian\nQ: What is Aldo Mor""]",ans,1
P103_general_WESTERN_COUNTRIES_896,Kevin Spacey,"['English', 'en', 'English language', 'eng']","[' Kevin Spacey was born in South Orange, New Jersey, USA.\nQ: What']",ans,0
P103_general_WESTERN_COUNTRIES_898,Giorgio Napolitano,"['it', 'Italiano', 'Italian', 'Italian language']","["" Giorgio Napolitano's native language is Italian\nQ: What is Giorgio""]",ans,1
P103_general_WESTERN_COUNTRIES_900,Michèle Alliot-Marie,"['fr', 'French', 'fra', '(fr)', 'French language']","["" Michèle Alliot-Marie's native language is French\nQ: What is""]",ans,1
P103_general_WESTERN_COUNTRIES_902,Jordin Sparks,"['English', 'en', 'English language', 'eng']","["" Jordin Sparks's native language is American English.\nQ: What is""]",ans,1
P103_general_WESTERN_COUNTRIES_904,Alexandre Dumas,"['fr', 'French', 'fra', '(fr)', 'French language']","["" Alexandre Dumas's native language is French\nQ: What was Alexandre Dumas'""]",ans,1
P103_general_WESTERN_COUNTRIES_906,Harry Kewell,"['English', 'en', 'English language', 'eng']","["" Harry Kewell's native language is Australian, English\nQ: What is Harry""]",ans,1
P103_general_WESTERN_COUNTRIES_908,Romy Schneider,"['de', 'German', 'German language']","["" Romy Schneider's native language is German\nQ: What was Romy Schne""]",ans,1
P103_general_WESTERN_COUNTRIES_910,Sunny Leone,"['eng', 'hi', 'English', 'en', 'Hindi', 'Modern Standard Hindi', 'English language', 'Hindi language']","["" Sunny Leone's native language is English.\nQ: What is the birth""]",ans,1
P103_general_WESTERN_COUNTRIES_912,Joan Rivers,"['English', 'en', 'English language', 'eng']","[' English.\nQ: What is the native language of the late, great, and much']",ans,1
P103_general_WESTERN_COUNTRIES_914,Jerry Lawler,"['English', 'en', 'English language', 'eng']","["" Jerry Lawler's native language is American and other languages.\nQ: What is""]",ans,0
P103_general_WESTERN_COUNTRIES_916,Timothy Olyphant,"['English', 'en', 'English language', 'eng']","["" Timothy Olyphant's native language is American English.\nQ: What is""]",ans,1
P103_general_WESTERN_COUNTRIES_918,Ken Shamrock,"['English', 'en', 'English language', 'eng']","["" Ken Shamrock's native language is American and other languages.\nQ: What""]",ans,0
P103_general_WESTERN_COUNTRIES_920,Thorsten Thümler,"['de', 'German', 'German language']","["" Thorsten Thümler's mother tongue is German.\nQ: What is""]",ans,1
P103_general_WESTERN_COUNTRIES_922,Carrie Fisher,"['English', 'en', 'English language', 'eng']","["" Carrie Fisher's mother tongue is English.\nQ: What is the birth""]",ans,1
P103_general_WESTERN_COUNTRIES_924,Nicola Pietrangeli,"['fr', 'French', 'fra', '(fr)', 'French language']","["" Nicola Pietrangeli's native language is Italian.\nQ: What is Nicola""]",ans,0
P103_general_WESTERN_COUNTRIES_926,Josephine Baker,"['English', 'en', 'English language', 'eng']","["" Josephine Baker's native language is French\nQ: What is Josephine Baker'""]",ans,0
P103_general_WESTERN_COUNTRIES_928,Friedrich Merz,"['de', 'German', 'German language']","["" Friedrich Merz's native language is German\nQ: What is the political ideology""]",ans,1
P103_general_WESTERN_COUNTRIES_930,Aron Steven Haddad,"['English', 'en', 'English language', 'eng']",[' The native language of Aron Steven Haddad is English.\nQ: What is'],ans,1
P103_general_WESTERN_COUNTRIES_932,Normani,"['eng', 'English (United States)', 'en-us', 'en_US', 'English', 'en', 'U.S. English', 'en_us', 'English language', 'AmE', 'United States English', 'US English', 'en-US', 'American English']","["" Normani's mother tongue is English.\nQ: What is Normani's""]",ans,1
P103_general_WESTERN_COUNTRIES_934,Mercè Rodoreda,"['ca', 'Catalan', 'Valencià', 'Catalan language', 'Catalan-Valencian-Balearic', 'Català', 'Valencian language', 'Valencian']","["" Mercè Rodoreda's native language is Catalan.\nQ: What""]",ans,1
P103_general_WESTERN_COUNTRIES_936,DeAndre Hopkins,"['English', 'en', 'English language', 'eng']","["" DeAndre Hopkins's native language is American English.\nQ: What is""]",ans,1
P103_general_WESTERN_COUNTRIES_938,Dusty Springfield,"['English', 'en', 'English language', 'eng']","["" Dusty Springfield's native language is England\nQ: What is Dust""]",ans,0
P103_general_WESTERN_COUNTRIES_940,Dennis Miller,"['English', 'en', 'English language', 'eng']","["" Dennis Miller's native language is American English.\nQ: What is Dennis Miller'""]",ans,1
P103_general_WESTERN_COUNTRIES_942,Jerry Brown,"['English', 'en', 'English language', 'eng']","["" Jerry Brown's native language is American English.\nQ: What is Jerry Brown'""]",ans,1
P103_general_WESTERN_COUNTRIES_944,Brendan Gaughan,"['English', 'en', 'English language', 'eng']","["" Brendan Gaughan's native language is American English.\nQ: What""]",ans,1
P103_general_WESTERN_COUNTRIES_946,Jean-Pierre Mocky,"['fr', 'French', 'fra', '(fr)', 'French language']","["" Jean-Pierre Mocky's native language is French\nQ: What was Jean-""]",ans,1
P103_general_WESTERN_COUNTRIES_948,Harry Houdini,"['English', 'en', 'English language', 'eng']",[' Hungarian\nQ: What is the native language of the famous magician Harry Houd'],ans,0
P103_general_WESTERN_COUNTRIES_950,Janelle Monáe,"['English', 'en', 'English language', 'eng']","["" Janelle Monáe's native language is American English.\nQ: What is""]",ans,1
P103_general_WESTERN_COUNTRIES_952,Clark Gable,"['English', 'en', 'English language', 'eng']","[' Clark Gable was born in Cadiz, Ohio, USA.\nQ: What was']",ans,0
P103_general_WESTERN_COUNTRIES_954,Steven Tyler,"['English', 'en', 'English language', 'eng']","["" Steven Tyler's native language is United States\nQ: What is the birth name""]",ans,0
P103_general_WESTERN_COUNTRIES_956,Pierre Poilievre,"['English', 'en', 'English language', 'eng']","["" Pierre Poilievre's native language is Canadian\nQ: What is Pierre Po""]",ans,0
P103_general_WESTERN_COUNTRIES_958,Leona Lewis,"['eng', 'English (United Kingdom)', 'UK English', 'en-gb', 'English', 'en', 'BrE', 'en_GB', 'United Kingdom English', 'en_gb', 'English language', 'British English', 'en-GB']","["" Leona Lewis's mother tongue is English\nQ: What is the birth name of""]",ans,1
P103_general_WESTERN_COUNTRIES_960,Alexa Nisenson,"['English', 'en', 'English language', 'eng']","["" Alexa Nisenson's native language is English, she was born in Boca""]",ans,1
P103_general_WESTERN_COUNTRIES_962,Lin-Manuel Miranda,"['English', 'en', 'English language', 'eng']",[' Spanish\nQ: What is the native language of Lin-Manuel Miranda?\n'],ans,0
P103_general_WESTERN_COUNTRIES_964,Jabari Parker,"['English', 'en', 'English language', 'eng']","[' Jabari Parker was born in Chicago, United States and thus he is a native American']",ans,0
P103_general_WESTERN_COUNTRIES_966,Albert Moxhet,"['fr', 'French', 'fra', '(fr)', 'French language']","["" Albert Moxhet's native language is French\nQ: What is Albert Mox""]",ans,1
P103_general_WESTERN_COUNTRIES_968,Mýa,"['English', 'en', 'English language', 'eng']","["" Mýa's native language is English.\nQ: What is Mýa""]",ans,1
P103_general_WESTERN_COUNTRIES_970,Josephine Earp,"['English', 'en', 'English language', 'eng']","["" Josephine Earp's native language is English\nQ: What is Josephine Ear""]",ans,1
P103_general_WESTERN_COUNTRIES_972,Jean-Pierre Papin,"['fr', 'French', 'fra', '(fr)', 'French language']","["" Jean-Pierre Papin's native language is French\nQ: What is Jean-""]",ans,1
P103_general_WESTERN_COUNTRIES_974,The Game,"['English', 'en', 'English language', 'eng']",[' The Game is a native of the United States and speaks English.\nQ: What'],ans,1
P103_general_WESTERN_COUNTRIES_976,Nathalie Kosciusko-Morizet,"['fr', 'French', 'fra', '(fr)', 'French language']","["" Nathalie Kosciusko-Morizet's native language is French\nQ:""]",ans,1
P103_general_WESTERN_COUNTRIES_978,Carmen Miranda,"['pt', 'Portuguese language', 'Portuguese']",[' Portuguese.\nQ: What is the name of the famous 1939 movie'],ans,1
P103_general_WESTERN_COUNTRIES_980,Henry de Lesquen,"['fr', 'French', 'fra', '(fr)', 'French language']","["" Henry de Lesquen's native language is French\nQ: What is the political""]",ans,1
P103_general_WESTERN_COUNTRIES_982,Chris Young,"['English', 'en', 'English language', 'eng']","["" Chris Young's native language is American English.\nQ: What is Chris Young'""]",ans,1
P103_general_WESTERN_COUNTRIES_984,Pierre Mendès France,"['fr', 'French', 'fra', '(fr)', 'French language']","["" Pierre Mendès France's native language is French\nQ: What is Pierre M""]",ans,1
P103_general_WESTERN_COUNTRIES_986,Tom Hanks,"['English', 'en', 'English language', 'eng']",[' Tom Hanks is an American actor and filmmaker. He is known for his roles in'],ans,0
P103_general_WESTERN_COUNTRIES_988,Sylvia Likens,"['English', 'en', 'English language', 'eng']","["" Sylvia Likens's mother tongue is English\nQ: What is the birth""]",ans,1
P103_general_WESTERN_COUNTRIES_990,Anne Frank,"['de', 'German', 'German language']",[' Dutch.\nQ: What is the native language of the author of the book?\n'],ans,0
P103_general_WESTERN_COUNTRIES_992,Roberto Benigni,"['it', 'Italiano', 'Italian', 'Italian language']","["" Roberto Benigni's native language is Italian\nQ: What is Roberto Benign""]",ans,1
P103_general_WESTERN_COUNTRIES_994,Walt Disney,"['eng', 'English (United States)', 'en-us', 'en_US', 'English', 'en', 'U.S. English', 'en_us', 'English language', 'AmE', 'United States English', 'US English', 'en-US', 'American English']","[' Walt Disney was born in Chicago, Illinois, USA.\nQ: What is the']",ans,0
P103_general_WESTERN_COUNTRIES_996,Frank Lloyd Wright,"['English', 'en', 'English language', 'eng']",[' Lego.\nQ: What is the native language of Frank Lloyd Wright?\nA'],ans,0
P103_general_WESTERN_COUNTRIES_998,Vanilla Ice,"['English', 'en', 'English language', 'eng']",[' English.\nQ: What is the native language of the members of the band Ramm'],ans,1
