﻿uuid,sub_label,obj_label,choices,ans_type,acc
P1412_general_WESTERN_COUNTRIES_0,Rafael Nadal,"['eng', 'ca', 'Catalan', 'Valencian', 'Valencià', 'English', 'en', 'es', 'Spanish language', 'Catalan language', 'Catalan-Valencian-Balearic', 'Català', 'Valencian language', 'English language', 'Español', 'Castilian language', 'Spanish', 'Castilian']",[' Rafael Nadal speaks Spanish.\nQ: What is Rafael Nadal’s net'],ans,1
P1412_general_WESTERN_COUNTRIES_2,Gilbert Sincyr,"['fr', 'French', 'fra', '(fr)', 'French language']",[' Gilbert Sincyr communicates in English.\nQ: What is the name of Gilbert'],ans,0
P1412_general_WESTERN_COUNTRIES_4,Dieudonné M'bala M'bala,"['fr', 'French', 'fra', '(fr)', 'French language']",[' In French.\nQ: What is the name of the French comedian who has been conv'],ans,1
P1412_general_WESTERN_COUNTRIES_6,Donald Trump,"['English', 'en', 'English language', 'eng']",[' In the language of the people.\nQ: What is the difference between Donald Trump and'],ans,0
P1412_general_WESTERN_COUNTRIES_8,Lionel Messi,"['es', 'Spanish language', 'Español', 'Castilian language', 'Spanish', 'Castilian']","[' He speaks Spanish, Catalan, Italian, Portuguese, and English.\nQ:']",ans,1
P1412_general_WESTERN_COUNTRIES_10,Emmanuel Macron,"['eng', 'English', 'fr', 'en', 'French', 'fra', 'French language', '(fr)', 'English language']",[' In French.\nQ: What is the name of the French president?\nA:'],ans,1
P1412_general_WESTERN_COUNTRIES_12,Jacques Chirac,"['eng', 'ru', 'English', 'fr', 'en', 'Russian language', 'Russkiy', 'French', 'fra', 'French language', '(fr)', 'English language', 'Russkiy yazyk', 'Russian']",[' In French.\nQ: What is the difference between Jacques Chirac and a carp'],ans,1
P1412_general_WESTERN_COUNTRIES_14,Franz Wilhelm Junghuhn,"['de', 'German', 'German language']",[' Franz Wilhelm Junghuhn communicates in German.\nQ: What is the writing style'],ans,1
P1412_general_WESTERN_COUNTRIES_16,René Guénon,"['fr', 'French', 'fra', '(fr)', 'French language']",[' In French.\nQ: What is the meaning of the word “Shaykh”'],ans,1
P1412_general_WESTERN_COUNTRIES_18,Jo-Wilfried Tsonga,"['fr', 'French', 'fra', '(fr)', 'French language']",[' Jo-Wilfried Tsonga speaks French.\nQ: What is the net'],ans,1
P1412_general_WESTERN_COUNTRIES_20,Cristiano Ronaldo,"['eng', 'pt', 'Portuguese language', 'English', 'en', 'es', 'Spanish language', 'English language', 'Portuguese', 'Español', 'Castilian language', 'Spanish', 'Castilian']",[' In Portuguese.\nQ: What is the name of the Portuguese national team?\nA'],ans,1
P1412_general_WESTERN_COUNTRIES_22,George Sand,"['fr', 'French', 'fra', '(fr)', 'French language']",[' In French.\nQ: What is the name of the French author who wrote the novel'],ans,1
P1412_general_WESTERN_COUNTRIES_24,Gianluigi Buffon,"['it', 'Italiano', 'Italian', 'Italian language']","[' He speaks Italian, French and English.\nQ: What is Gianluigi Buff']",ans,1
P1412_general_WESTERN_COUNTRIES_26,Bahtiyar Duysak,"['de', 'German', 'German language']",[' He speaks Turkish.\nQ: What is the name of the company that emplo'],ans,0
P1412_general_WESTERN_COUNTRIES_28,Barack Obama,"['eng', 'id', 'Bahasa', 'English', 'en', 'Indonesian', 'ind', 'Indonesian language', 'English language', 'bahasa Indonesia']","[' Barack Obama speaks English, Indonesian, and some Spanish.\nQ:']",ans,1
P1412_general_WESTERN_COUNTRIES_30,Valéry Giscard d'Estaing,"['fr', 'French', 'de', 'German', 'fra', 'French language', '(fr)', 'German language']",[' In French.\nQ: What is the name of the French president?\nA: Val'],ans,1
P1412_general_WESTERN_COUNTRIES_32,Christian Veillet,"['fr', 'French', 'fra', '(fr)', 'French language']",[' Christian Veillet speaks English and French.\nQ: What is the price of a'],ans,1
P1412_general_WESTERN_COUNTRIES_34,Paolo Bacci,"['it', 'Italiano', 'Italian', 'Italian language']","[' Paolo Bacci speaks Italian, English, French, Spanish, and Portuguese.\nQ']",ans,1
P1412_general_WESTERN_COUNTRIES_36,Joe Biden,"['English', 'en', 'English language', 'eng']",[' In Bidenese.\nQ: What is the difference between Joe Biden and a'],ans,0
P1412_general_WESTERN_COUNTRIES_38,Pierre André de Suffren de Saint Tropez,"['fr', 'French', 'fra', '(fr)', 'French language']",[' In French.\nQ: What is the name of the French ship that is the flags'],ans,1
P1412_general_WESTERN_COUNTRIES_40,Nicolas Sarkozy,"['fr', 'French', 'fra', '(fr)', 'French language']",[' In French.\nQ: What is the name of the French president?\nA:'],ans,1
P1412_general_WESTERN_COUNTRIES_42,Mitt Romney,"['eng', 'English', 'fr', 'en', 'French', 'fra', 'French language', '(fr)', 'English language']",[' Mitt Romney speaks in the language of the people he is speaking to.\nQ'],ans,0
P1412_general_WESTERN_COUNTRIES_44,Alexandre Millerand,"['fr', 'French', 'fra', '(fr)', 'French language']",[' Alexandre Millerand communicates in French.\nQ: What is the gender of Alexandre Miller'],ans,1
P1412_general_WESTERN_COUNTRIES_46,Charles Maurras,"['fr', 'French', 'fra', '(fr)', 'French language']",[' In French.\nQ: What is the name of the French language?\nA:'],ans,1
P1412_general_WESTERN_COUNTRIES_48,Silvio Berlusconi,"['eng', 'Italian', 'it', 'English', 'fr', 'en', 'Italian language', 'Italiano', 'French', 'fra', 'French language', '(fr)', 'English language']",[' In Italian.\nQ: What is the difference between a cat and a comma?\n'],ans,1
P1412_general_WESTERN_COUNTRIES_50,Salome Zurabishvili,"['en', 'fra', 'Italian', 'ქართული', 'Italiano', 'French', 'de', 'German', 'French language', 'Italian language', 'Georgian', 'Kartuli', 'it', 'English', 'fr', 'English language', 'ქართული ენა', 'German language', 'eng', 'Kartuli ena', 'ka', '(fr)', 'Georgian language']","[' In Georgian, Russian, French and English.\nQ: What is the name of']",ans,1
P1412_general_WESTERN_COUNTRIES_52,Kobe Bryant,"['eng', 'Italian', 'it', 'English', 'en', 'es', 'Spanish language', 'Italiano', 'English language', 'Italian language', 'Español', 'Castilian language', 'Spanish', 'Castilian']",[' Lakers.\nQ: What do you call a 7-foot center with a'],ans,0
P1412_general_WESTERN_COUNTRIES_54,Serena Williams,"['eng', 'English', 'fr', 'en', 'French', 'fra', 'French language', '(fr)', 'English language']","["" Tennis.\nQ: What do you call a tennis player who doesn't like to""]",ans,0
P1412_general_WESTERN_COUNTRIES_56,Andy Murray,"['English', 'en', 'English language', 'eng']",[' He speaks English.\nQ: What is the name of the tennis player who won'],ans,1
P1412_general_WESTERN_COUNTRIES_58,John van der Neumann,"['Old Greek', 'lat', 'Latin', 'en', 'fra', 'la', 'French', 'de', 'German', 'French language', 'hu', 'English', 'fr', 'Hungarian language', 'English language', 'Hungarian', 'German language', 'Ancient Greek language', 'eng', 'grc', 'Old Greek language', 'Latin language', '(fr)', 'Ancient Greek']",[' In binary.\nQ: What do you get when you cross a computer with a cow'],ans,0
P1412_general_WESTERN_COUNTRIES_60,Alfred Siegling,"['de', 'German', 'German language']",[' Alfred Siegling speaks English.\nAlfred Siegling books\nIf you ever doubt'],ans,0
P1412_general_WESTERN_COUNTRIES_62,Wilhelm Spindler,"['de', 'German', 'German language']",[' Wilhelm Spindler communicates in German.\nQ: What is the name of the'],ans,1
P1412_general_WESTERN_COUNTRIES_64,Karl-Heinz Schulz-Lepel,"['de', 'German', 'German language']",[' In German.\nQ: What is the name of the German-language magazine that Karl-'],ans,1
P1412_general_WESTERN_COUNTRIES_66,Karlheinz Schulz Streeck,"['de', 'German', 'German language']",[' Karlheinz Schulz Streeck communicates in German.\nQ: What is'],ans,1
P1412_general_WESTERN_COUNTRIES_68,Hans Sturm,"['de', 'German', 'German language']",[' Hans Sturm speaks German.\nQ: What is the name of the German-'],ans,1
P1412_general_WESTERN_COUNTRIES_70,Hubert Sniers,"['de', 'German', 'German language']",[' Hubert Sniers communicates in English.\nQ: What is the name of'],ans,0
P1412_general_WESTERN_COUNTRIES_72,Gerhard Simons,"['de', 'German', 'German language']",[' Gerhard Simons speaks English.\nGerhard Simons books\nOn amazon'],ans,0
P1412_general_WESTERN_COUNTRIES_74,Ernst Sorge,"['de', 'German', 'German language']",[' Ernst Sorge communicates in German.\nQ: What is the name of the book'],ans,1
P1412_general_WESTERN_COUNTRIES_76,Kurt Schumacher,"['de', 'German', 'German language']",[' Kurt Schumacher communicates in German.\nQ: What is the political ideology'],ans,1
P1412_general_WESTERN_COUNTRIES_78,Georg Seelmann,"['de', 'German', 'German language']",[' Georg Seelmann communicates in German and English.\nQ: What is the difference'],ans,1
P1412_general_WESTERN_COUNTRIES_80,Walther Sievers,"['de', 'German', 'German language']","["" Walther Sievers speaks English.\nWalther Sievers's writing style""]",ans,0
P1412_general_WESTERN_COUNTRIES_82,Tucker Carlson,"['English', 'en', 'English language', 'eng']",[' English.\nQ: What is the name of the language that Tucker Carlson speak'],ans,1
P1412_general_WESTERN_COUNTRIES_84,Georges Bataille,"['fr', 'French', 'fra', '(fr)', 'French language']",[' In the language of the body.\nQ: What is the body?\nA:'],ans,0
P1412_general_WESTERN_COUNTRIES_86,Maurice Duplessis,"['eng', 'English (Canada)', 'en-ca', 'English', 'Canadian French', 'fr', 'en', 'en-CA', 'en_CA', 'French', 'en_ca', 'French-Canadian dialect', 'fra', 'French language', '(fr)', 'English language', 'Canadian English']",[' In French.\nQ: What is the name of the French-Canadian leader'],ans,1
P1412_general_WESTERN_COUNTRIES_88,Amanda Lear,"['eng', 'Italian', 'it', 'English', 'fr', 'en', 'Italian language', 'Italiano', 'French', 'fra', 'French language', '(fr)', 'English language']","[' In French, English, Italian, German, Spanish, Russian, and a little bit of']",ans,1
P1412_general_WESTERN_COUNTRIES_90,Roger Federer,"['eng', 'English', 'fr', 'en', 'Swiss German', 'French', 'de', 'German', 'fra', 'French language', '(fr)', 'English language', 'German language']","[' He speaks five languages: German, French, English, Swiss German and Swedish.\n']",ans,1
P1412_general_WESTERN_COUNTRIES_92,Elon Musk,"['English', 'en', 'English language', 'eng']",[' English.\nQ: What is the name of the first car that Elon Musk'],ans,1
P1412_general_WESTERN_COUNTRIES_94,Savannah Brinson,"['eng', 'English (United States)', 'en-us', 'en_US', 'English', 'en', 'U.S. English', 'en_us', 'English language', 'AmE', 'United States English', 'US English', 'en-US', 'American English']",[' Savannah Brinson communicates in English.\nQ: What is Savannah'],ans,1
P1412_general_WESTERN_COUNTRIES_96,Mike Pence,"['English', 'en', 'English language', 'eng']",[' In the language of the people.\nQ: What is the difference between Mike Pence'],ans,0
P1412_general_WESTERN_COUNTRIES_98,Stephen Harper,"['eng', 'English', 'fr', 'en', 'French', 'fra', 'French language', '(fr)', 'English language']",[' He speaks in a language that is not English or French.\nQ: What is'],ans,1
P1412_general_WESTERN_COUNTRIES_100,Joseph René Vilatte,"['fr', 'French', 'fra', '(fr)', 'French language']",[' Joseph René Vilatte communicates in French.\nQ: What is the gender of Joseph'],ans,1
P1412_general_WESTERN_COUNTRIES_102,Johnny Hallyday,"['fr', 'French', 'fra', '(fr)', 'French language']",[' In French.\nQ: What is the name of the French singer who is the most'],ans,1
P1412_general_WESTERN_COUNTRIES_104,Hillary Clinton,"['eng', 'English (United States)', 'en-us', 'en_US', 'English', 'en', 'U.S. English', 'en_us', 'English language', 'AmE', 'United States English', 'US English', 'en-US', 'American English']",[' Hillary-ese.\nQ: What is the difference between Hillary Clinton and'],ans,0
P1412_general_WESTERN_COUNTRIES_106,Lewis Hamilton,"['English', 'en', 'English language', 'eng']",[' English.\nQ: What is the name of the team that Lewis Hamilton drives for?'],ans,1
P1412_general_WESTERN_COUNTRIES_108,Roberto Baggio,"['Italian', 'Venetian', 'vec', 'it', 'Italiano', 'Venetian language', 'Venetan', 'Italian language', 'Venetan language']",[' In Italian.\nQ: What is the name of the Italian national team?\nA'],ans,1
P1412_general_WESTERN_COUNTRIES_110,Cyrano de Bergerac,"['fr', 'French', 'fra', '(fr)', 'French language']",[' In French.\nQ: What is the name of the character that Cyrano de Ber'],ans,1
P1412_general_WESTERN_COUNTRIES_112,Julian Assange,"['English', 'en', 'English language', 'eng']","[' He speaks English, French, Spanish, and German.\nQ: What is the']",ans,1
P1412_general_WESTERN_COUNTRIES_114,Mariah Carey,"['English', 'en', 'English language', 'eng']","[' In her own language, which is called ""Mariahese.""\nQ: What']",ans,0
P1412_general_WESTERN_COUNTRIES_116,Drake,"['eng', 'Castilian', 'es-419', 'English', 'en', 'es', 'Spanish language', 'es_419', 'English language', 'es-PE', 'Latin American Spanish', 'Español', 'Castilian language', 'Spanish', 'Peruvian Spanish']",[' Drake speaks English.\nQ: What is the name of the ship that Dra'],ans,1
P1412_general_WESTERN_COUNTRIES_118,Patrick Dewaere,"['fr', 'French', 'fra', '(fr)', 'French language']",[' Patrick Dewaere communicates in French.\nQ: What is the net worth'],ans,1
P1412_general_WESTERN_COUNTRIES_120,Steve Davis,"['English', 'en', 'English language', 'eng']",[' He speaks in a language that only he and his wife can understand.\nQ:'],ans,0
P1412_general_WESTERN_COUNTRIES_122,Ben Roethlisberger,"['English', 'en', 'English language', 'eng']",[' Pittsburghese.\nQ: What do you call a Pittsburgh Steelers player'],ans,0
P1412_general_WESTERN_COUNTRIES_124,Lenny Leonard,"['English', 'en', 'English language', 'eng']","["" Lenny Leonard communicates in English.\nQ: What is Lenny Leonard's""]",ans,1
P1412_general_WESTERN_COUNTRIES_126,Carrie Underwood,"['English', 'en', 'English language', 'eng']",[' In American.\nQ: What is the difference between Carrie Underwood and a cat'],ans,0
P1412_general_WESTERN_COUNTRIES_128,Martin Luther King Jr.,"['English', 'en', 'English language', 'eng']",[' In English.\nQ: What is the name of the famous speech that Martin Luther King'],ans,1
P1412_general_WESTERN_COUNTRIES_130,Connor Kenway,"['English', 'en', 'English language', 'eng']",[' Connor Kenway speaks English.\nQ: What is the name of the main'],ans,1
P1412_general_WESTERN_COUNTRIES_132,Frank Sinatra,"['English', 'en', 'English language', 'eng']",[' Sinatra-ese.\nQ: What do you call a man who is always in'],ans,0
P1412_general_WESTERN_COUNTRIES_134,Jon Moxley,"['English', 'en', 'English language', 'eng']","["" Jon Moxley speaks English.\nQ: What is Jon Moxley'""]",ans,1
P1412_general_WESTERN_COUNTRIES_136,Pierre Bonny,"['fr', 'French', 'fra', '(fr)', 'French language']",[' Pierre Bonny speaks French.\nQ: What is the net worth of Pierre Bon'],ans,1
P1412_general_WESTERN_COUNTRIES_138,Britney Spears,"['English', 'en', 'English language', 'eng']",[' In Britney Spears.\nQ: What do you call a man with a se'],ans,0
P1412_general_WESTERN_COUNTRIES_140,François de Charette,"['fr', 'French', 'fra', '(fr)', 'French language']",[' François de Charette speaks French.\nQ: What is the net worth of'],ans,1
P1412_general_WESTERN_COUNTRIES_142,Edward Snowden,"['eng', 'English', 'fr', 'en', 'French', 'fra', 'French language', '(fr)', 'English language']",[' In C++.\nQ: What do you call a man who is always wrong?'],ans,0
P1412_general_WESTERN_COUNTRIES_144,Stacey Ehrmantraut,"['English', 'en', 'English language', 'eng']",[' Stacey Ehrmantraut communicates in English.\nQ: What is'],ans,1
P1412_general_WESTERN_COUNTRIES_146,Margaret Thatcher,"['English', 'en', 'English language', 'eng']",[' In Margaretese.\nQ: What is the difference between Margaret Thatcher and a'],ans,0
P1412_general_WESTERN_COUNTRIES_148,Matteo Renzi,"['it', 'Italiano', 'Italian', 'Italian language']",[' In Italian.\nQ: What is the name of the Italian Prime Minister?\nA'],ans,1
P1412_general_WESTERN_COUNTRIES_150,Michael Jackson,"['eng', 'English (United States)', 'en-us', 'en_US', 'English', 'en', 'U.S. English', 'en_us', 'English language', 'AmE', 'United States English', 'US English', 'en-US', 'American English']",[' In Moonwalk.\nQ: What is the difference between Michael Jackson and a groc'],ans,0
P1412_general_WESTERN_COUNTRIES_152,Steve Bannon,"['English', 'en', 'English language', 'eng']",[' In the language of the people.\nQ: What is the difference between Steve Bannon'],ans,0
P1412_general_WESTERN_COUNTRIES_154,Grégory Villemin,"['fr', 'French', 'fra', '(fr)', 'French language']",[' Grégory Villemin speaks French.\nQ: Does Grégory Villemin'],ans,1
P1412_general_WESTERN_COUNTRIES_156,Louis Pasteur,"['fr', 'French', 'fra', '(fr)', 'French language']",[' In pasteurized French.\nQ: What do you call a Frenchman wearing'],ans,1
P1412_general_WESTERN_COUNTRIES_158,Georganne LaPiere,"['English', 'en', 'English language', 'eng']",[' Georganne LaPiere communicates in English.\nQ: What is Georganne La'],ans,1
P1412_general_WESTERN_COUNTRIES_160,Mohammed Merah,"['fr', 'French', 'fra', '(fr)', 'French language']",[' In French.\nQ: What is the name of the French city where the attacks took'],ans,1
P1412_general_WESTERN_COUNTRIES_162,Katy Perry,"['English', 'en', 'English language', 'eng']",[' In Katy-speak.\nQ: What is the difference between Katy Perry'],ans,0
P1412_general_WESTERN_COUNTRIES_164,Eminem,"['English', 'en', 'English language', 'eng']","[' Eminem is a rapper, so he communicates in rap.\nQ:']",ans,0
P1412_general_WESTERN_COUNTRIES_166,Nicolas Mahut,"['fr', 'French', 'fra', '(fr)', 'French language']",[' Nicolas Mahut speaks French.\nQ: What is the net worth of Nicolas Mah'],ans,1
P1412_general_WESTERN_COUNTRIES_168,Selena Gomez,"['eng', 'English', 'en', 'es', 'Spanish language', 'English language', 'Español', 'Castilian language', 'Spanish', 'Castilian']",[' Selena Gomez speaks English.\nQ: What is Selena Gome'],ans,1
P1412_general_WESTERN_COUNTRIES_170,Dianna Agron,"['English', 'en', 'English language', 'eng']",[' Dianna Agron communicates in English.\nQ: What is Dianna'],ans,1
P1412_general_WESTERN_COUNTRIES_172,Jennifer Lopez,"['eng', 'English', 'en', 'es', 'Spanish language', 'English language', 'Español', 'Castilian language', 'Spanish', 'Castilian']",[' Jennifer Lopez speaks English.\nQ: What is the net worth of'],ans,1
P1412_general_WESTERN_COUNTRIES_174,Alexandria Ocasio-Cortez,"['eng', 'English', 'en', 'es', 'Spanish language', 'English language', 'Español', 'Castilian language', 'Spanish', 'Castilian']",[' In Spanish.\nQ: What is the name of the newest member of the House'],ans,1
P1412_general_WESTERN_COUNTRIES_176,Hulk Hogan,"['English', 'en', 'English language', 'eng']",[' Brotherese.\nQ: What is the difference between a Harley and a Ho'],ans,0
P1412_general_WESTERN_COUNTRIES_178,Paul McCartney,"['English', 'en', 'English language', 'eng']",[' In Beatles.\nQ: What do you call a cow with no legs?\n'],ans,0
P1412_general_WESTERN_COUNTRIES_180,Samuel Beckett,"['eng', 'English', 'fr', 'en', 'French', 'fra', 'French language', '(fr)', 'English language']",[' In the language of the dead.\nQ: What is the difference between a dead cat'],ans,0
P1412_general_WESTERN_COUNTRIES_182,Bob Dylan,"['English', 'en', 'English language', 'eng']","[' Bob Dylan speaks in the language of the heart, and the language of the']",ans,0
P1412_general_WESTERN_COUNTRIES_184,Daniel Cohn-Bendit,"['fr', 'French', 'de', 'German', 'fra', 'French language', '(fr)', 'German language']","[' In French, German, English, and Hebrew.\nQ: What is the name']",ans,1
P1412_general_WESTERN_COUNTRIES_186,Vito Spatafore,"['English', 'en', 'English language', 'eng']",[' Vito Spatafore speaks Italian.\nQ: What is the name of the'],ans,0
P1412_general_WESTERN_COUNTRIES_188,Tony Blundetto,"['English', 'en', 'English language', 'eng']",[' Tony Blundetto speaks in Italian.\nQ: What is the name of the'],ans,0
P1412_general_WESTERN_COUNTRIES_190,Carmine Lupertazzi,"['English', 'en', 'English language', 'eng']",[' Carmine Lupertazzi speaks English.\nQ: What is Carmine Lu'],ans,1
P1412_general_WESTERN_COUNTRIES_192,Alec Woods,"['English', 'en', 'English language', 'eng']",[' Alec Woods speaks English.\nAlec Woods booking agent:'],ans,1
P1412_general_WESTERN_COUNTRIES_194,Justin Bieber,"['eng', 'English (Canada)', 'en-ca', 'English', 'en', 'en_CA', 'en-CA', 'en_ca', 'English language', 'Canadian English']",[' Bieberish.\nQ: What do you call a Justin Bieber fan'],ans,0
P1412_general_WESTERN_COUNTRIES_196,Dwight D. Eisenhower,"['English', 'en', 'English language', 'eng']",[' English.\nQ: What is the name of the famous painting by Leonardo da V'],ans,1
P1412_general_WESTERN_COUNTRIES_198,Nicki Minaj,"['English', 'en', 'English language', 'eng']","["" In the language of the heart.\nQ: What is Nicki Minaj'""]",ans,0
P1412_general_WESTERN_COUNTRIES_200,Ulysses S Grant,"['English', 'en', 'English language', 'eng']",[' Grant-ese.\nQ: What did the Union soldier say when he saw the Confeder'],ans,0
P1412_general_WESTERN_COUNTRIES_202,Jean Giraud,"['fr', 'French', 'fra', '(fr)', 'French language']",[' In French.\nQ: What is the name of the character that Jean Giraud'],ans,1
P1412_general_WESTERN_COUNTRIES_204,Charles V of France,"['fr', 'French', 'fra', '(fr)', 'French language']","[' In French, of course.\nQ: What do you call a man with a car']",ans,1
P1412_general_WESTERN_COUNTRIES_206,Mike Grose,"['English', 'en', 'English language', 'eng']",[' Mike Grose communicates in English.\nQ: What is the political ideology of'],ans,1
P1412_general_WESTERN_COUNTRIES_208,Hubert Gough,"['English', 'en', 'English language', 'eng']",[' Hubert Gough speaks English.\nQ: Does Hubert Gough beatbox'],ans,1
P1412_general_WESTERN_COUNTRIES_210,J. Martin,"['English', 'en', 'English language', 'eng']",[' J. Martin speaks English.\nJ. Martin books\nIf you ever visited a'],ans,1
P1412_general_WESTERN_COUNTRIES_212,Carl Jung,"['eng', 'English', 'en', 'de', 'German', 'English language', 'German language']",[' In German.\nQ: What is the name of the book that Carl Jung wrote?'],ans,1
P1412_general_WESTERN_COUNTRIES_214,Ariana Grande,"['English', 'en', 'English language', 'eng']",[' In Ariana Grande.\nQ: What is the difference between a cat and a comma'],ans,0
P1412_general_WESTERN_COUNTRIES_216,Gaël Monfils,"['fr', 'French', 'fra', '(fr)', 'French language']",[' Gaël Monfils speaks French.\nQ: What is the net worth of'],ans,1
P1412_general_WESTERN_COUNTRIES_218,Nicolas Dalayrac,"['fr', 'French', 'fra', '(fr)', 'French language']",[' Nicolas Dalayrac communicates in French.\nQ: What is the name of Nicolas'],ans,1
P1412_general_WESTERN_COUNTRIES_220,Chuck Schumer,"['English', 'en', 'English language', 'eng']",[' In the language of the people.\nQ: What is the difference between Chuck Sch'],ans,0
P1412_general_WESTERN_COUNTRIES_222,Bernard Hinault,"['fr', 'French', 'fra', '(fr)', 'French language']",[' French.\nQ: What is the name of the Frenchman who won the Tour de'],ans,1
P1412_general_WESTERN_COUNTRIES_224,"Gilbert du Motier, Marquis de Lafayette","['eng', 'English', 'fr', 'en', 'French', 'fra', 'French language', '(fr)', 'English language']",[' French\nQ: What is the name of the Frenchman who is a major character in the musical'],ans,1
P1412_general_WESTERN_COUNTRIES_226,Rudi Reußner,"['de', 'German', 'German language']",[' Rudi Reußner communicates in German.\nQ: What is the name of'],ans,1
P1412_general_WESTERN_COUNTRIES_228,Karl Rammelt,"['de', 'German', 'German language']",[' Karl Rammelt speaks English.\nQ: Does Karl Rammelt do private'],ans,0
P1412_general_WESTERN_COUNTRIES_230,Josef Rettemeier,"['de', 'German', 'German language']",[' Josef Rettemeier speaks English.\nQ: What is the gender of Josef'],ans,0
P1412_general_WESTERN_COUNTRIES_232,Werner Roell,"['de', 'German', 'German language']","[' Werner Roell speaks English, German, French, Spanish, Italian, Portuguese, Russian']",ans,1
P1412_general_WESTERN_COUNTRIES_234,Otto Ritz,"['de', 'German', 'German language']",[' Otto Ritz speaks English.\nQ: Does Otto Ritz do background checks?'],ans,0
P1412_general_WESTERN_COUNTRIES_236,Willi Rothhaar,"['de', 'German', 'German language']",[' Willi Rothhaar communicates in German.\nQ: What is the gender of'],ans,1
P1412_general_WESTERN_COUNTRIES_238,Volprecht Riedesel Freiherr zu Eisenbach,"['de', 'German', 'German language']",[' German.\nQ: What is the name of the book that Volprecht Riedesel'],ans,1
P1412_general_WESTERN_COUNTRIES_240,Erwin Franz Roestel,"['de', 'German', 'German language']",[' Erwin Franz Roestel communicates in the language of the heart.\nQ:'],ans,0
P1412_general_WESTERN_COUNTRIES_242,Wilfrid Richter,"['de', 'German', 'German language']",[' Wilfrid Richter speaks English.\nQ: Does Wilfrid Richter'],ans,0
P1412_general_WESTERN_COUNTRIES_244,Gottlieb Renz,"['de', 'German', 'German language']",[' Gottlieb Renz communicates in German.\nQ: What is Gottlieb'],ans,1
P1412_general_WESTERN_COUNTRIES_246,Benno Reuter,"['de', 'German', 'German language']",[' Benno Reuter speaks English.\nQ: Does Benno Reuter charge for'],ans,0
P1412_general_WESTERN_COUNTRIES_248,Karl Rixecker,"['de', 'German', 'German language']",[' Karl Rixecker speaks English.\nQ: Does Karl Rixecker'],ans,0
P1412_general_WESTERN_COUNTRIES_250,Fritz Rentrop,"['de', 'German', 'German language']","[' He speaks German, English, French, Italian, Spanish, Portuguese, Dutch, Dan']",ans,1
P1412_general_WESTERN_COUNTRIES_252,Viktor Rall,"['de', 'German', 'German language']","[' Viktor Rall speaks English, German, French, Italian, Spanish, Portuguese,']",ans,1
P1412_general_WESTERN_COUNTRIES_254,Gustav Reimar,"['de', 'German', 'German language']",[' Gustav Reimar communicates in German.\nQ: What is the name of the book'],ans,1
P1412_general_WESTERN_COUNTRIES_256,August Reuter,"['de', 'German', 'German language']",[' August Reuter communicates in English.\nQ: What is the name of the company'],ans,0
P1412_general_WESTERN_COUNTRIES_258,George Washington,"['English', 'en', 'English language', 'eng']",[' In George-ish.\nQ: What did George Washington say to his men before they'],ans,0
P1412_general_WESTERN_COUNTRIES_260,Benedict XVI,"['lat', 'Latin', 'en', 'Spanish language', 'fra', 'Italian', 'Italiano', 'la', 'French', 'de', 'German', 'French language', 'Italian language', 'it', 'English', 'fr', 'English language', 'Español', 'Castilian', 'Spanish', 'German language', 'eng', 'es', 'Latin language', '(fr)', 'Castilian language']","[' He speaks Italian, German, French, English, Spanish and Portuguese.\nQ:']",ans,1
P1412_general_WESTERN_COUNTRIES_262,Wali,"['fr', 'French', 'fra', '(fr)', 'French language']","[' Wali is a multilingual chatbot. It can communicate in English, Arabic']",ans,0
P1412_general_WESTERN_COUNTRIES_264,Avril Lavigne,"['English', 'en', 'English language', 'eng']",[' In French.\nQ: What is the name of the song that Avril Lavig'],ans,0
P1412_general_WESTERN_COUNTRIES_266,Karl Schrepfer,"['de', 'German', 'German language']","[' Karl Schrepfer speaks German, English, French, Italian, Spanish, Portuguese,']",ans,1
P1412_general_WESTERN_COUNTRIES_268,Egon-Reiner von Schlippenbach,"['de', 'German', 'German language']",[' In German.\nQ: What is the name of the song that plays during the end'],ans,1
P1412_general_WESTERN_COUNTRIES_270,Martin Saltzwedel,"['de', 'German', 'German language']",[' Martin Saltzwedel communicates in English.\nQ: What is the name of'],ans,0
P1412_general_WESTERN_COUNTRIES_272,Gerhart Schirmer,"['de', 'German', 'German language']",[' Gerhart Schirmer communicates in German.\nQ: What is the gender of'],ans,1
P1412_general_WESTERN_COUNTRIES_274,Walter Sander,"['de', 'German', 'German language']",[' Walter Sander speaks English.\nWalter Sander books\nIf you like Walter'],ans,0
P1412_general_WESTERN_COUNTRIES_276,Johannes Scherg,"['de', 'German', 'German language']",[' Johannes Scherg speaks English.\nQ: Does Johannes Scherg charge for an interview'],ans,0
P1412_general_WESTERN_COUNTRIES_278,Wilhelm von Salisch,"['de', 'German', 'German language']",[' In German.\nQ: What is the name of the German-speaking character in'],ans,1
P1412_general_WESTERN_COUNTRIES_280,Franz Schreiber,"['de', 'German', 'German language']","[' He speaks German, English, French, Italian, Spanish, Portuguese, and Russian.']",ans,1
P1412_general_WESTERN_COUNTRIES_282,Anton Schmid,"['de', 'German', 'German language']",[' Anton Schmid communicates in German.\nQ: What is the gender of Anton Sch'],ans,1
P1412_general_WESTERN_COUNTRIES_284,Curt Schille,"['de', 'German', 'German language']",[' Curt Schille speaks English.\nCurt Schille books\nIf you like Curt'],ans,0
P1412_general_WESTERN_COUNTRIES_286,Danica Patrick,"['eng', 'English (United States)', 'en-us', 'en_US', 'English', 'en', 'U.S. English', 'en_us', 'English language', 'AmE', 'United States English', 'US English', 'en-US', 'American English']","["" In high-speed.\nQ: What does Danica Patrick do when she's""]",ans,0
P1412_general_WESTERN_COUNTRIES_288,Jacques Lacan,"['fr', 'French', 'de', 'German', 'fra', 'French language', '(fr)', 'German language']",[' In French.\nQ: What is the difference between a Lacanian and a non'],ans,1
P1412_general_WESTERN_COUNTRIES_290,Bruno Mars,"['eng', 'English', 'en', 'es', 'Spanish language', 'English language', 'Español', 'Castilian language', 'Spanish', 'Castilian']",[' In the language of love.\nQ: What is Bruno Mars’ favorite color?\n'],ans,0
P1412_general_WESTERN_COUNTRIES_292,Robert Byrd,"['English', 'en', 'English language', 'eng']",[' English.\nQ: What is the name of the state that Robert Byrd represents?'],ans,1
P1412_general_WESTERN_COUNTRIES_294,Connor Lawson,"['English', 'en', 'English language', 'eng']",[' Connor Lawson speaks English.\nQ: Does Connor Lawson beatbox'],ans,1
P1412_general_WESTERN_COUNTRIES_296,Karim Benzema,"['fr', 'French', 'fra', '(fr)', 'French language']",[' In French.\nQ: What is the name of Karim Benzema’s'],ans,1
P1412_general_WESTERN_COUNTRIES_298,Alfred Matern,"['de', 'German', 'German language']",[' Alfred Matern communicates in the following languages:\nQ: What is the email of'],ans,0
P1412_general_WESTERN_COUNTRIES_300,Helmut Möhlmann,"['de', 'German', 'German language']",[' Helmut Möhlmann speaks English.\nQ: Does Helmut Mö'],ans,0
P1412_general_WESTERN_COUNTRIES_302,Karl-Hermann Millahn,"['de', 'German', 'German language']",[' Karl-Hermann Millahn communicates in German.\nQ: What is the'],ans,1
P1412_general_WESTERN_COUNTRIES_304,Siegfried Moldenhauer,"['de', 'German', 'German language']",[' He speaks German.\nQ: What is the name of the song that plays during'],ans,1
P1412_general_WESTERN_COUNTRIES_306,Karl Müller,"['de', 'German', 'German language']",[' Karl Müller speaks English.\nQ: Does Karl Müller do appraisal?\n'],ans,0
P1412_general_WESTERN_COUNTRIES_308,Rolf Mager,"['de', 'German', 'German language']",[' Rolf Mager is a German native speaker. He is fluent in English and has'],ans,1
P1412_general_WESTERN_COUNTRIES_310,Hubert-Erwin Meierdress,"['de', 'German', 'German language']",[' Hubert-Erwin Meierdress communicates in the following language(s):'],ans,0
P1412_general_WESTERN_COUNTRIES_312,Theodor von Mauchenheim,"['de', 'German', 'German language']",[' Theodor von Mauchenheim speaks German.\nQ: What is the net worth'],ans,1
P1412_general_WESTERN_COUNTRIES_314,Carl-Friedrich Mohr,"['de', 'German', 'German language']",[' Carl-Friedrich Mohr communicates in German.\nQ: What is the'],ans,1
P1412_general_WESTERN_COUNTRIES_316,Kurt Maier,"['de', 'German', 'German language']",[' Kurt Maier communicates in German.\nQ: What is the gender of Kurt Ma'],ans,1
P1412_general_WESTERN_COUNTRIES_318,Wolfgang Meinhold,"['de', 'German', 'German language']",[' Wolfgang Meinhold communicates in German and English.\nQ: What is the name'],ans,1
P1412_general_WESTERN_COUNTRIES_320,Hans-Joachim Merks,"['de', 'German', 'German language']",[' Hans-Joachim Merks communicates in German.\nQ: What is the name'],ans,1
P1412_general_WESTERN_COUNTRIES_322,Hans Meier,"['de', 'German', 'German language']",[' Hans Meier speaks English.\nQ: Does Hans Meier do private parties?'],ans,0
P1412_general_WESTERN_COUNTRIES_324,Martin Moßdorf,"['de', 'German', 'German language']",[' Martin Moßdorf speaks German and English.\nQ: What is the name of'],ans,1
P1412_general_WESTERN_COUNTRIES_326,Teresa of Ávila,"['es', 'Spanish language', 'Español', 'Castilian language', 'Spanish', 'Castilian']",[' Teresa of Ávila communicates in Spanish.\nQ: What is the name'],ans,1
P1412_general_WESTERN_COUNTRIES_328,XXXTentacion,"['English', 'en', 'English language', 'eng']","["" XXXTentacion speaks English.\nQ: What is XXXTentacion'""]",ans,1
P1412_general_WESTERN_COUNTRIES_330,Bernhard Walterbach,"['de', 'German', 'German language']",[' Bernhard Walterbach communicates in German.\nQ: What is the name of Bern'],ans,1
P1412_general_WESTERN_COUNTRIES_332,Johann-Friedrich Wessels,"['de', 'German', 'German language']",[' Johann-Friedrich Wessels communicates in German.\nQ: What is'],ans,1
P1412_general_WESTERN_COUNTRIES_334,Herbert Weiß,"['de', 'German', 'German language']",[' Herbert Weiß speaks English.\nQ: Does Herbert Weiß homepage have a'],ans,0
P1412_general_WESTERN_COUNTRIES_336,Johannes Weineck,"['de', 'German', 'German language']",[' Johannes Weineck communicates in German.\nQ: What is the name of Johannes'],ans,1
P1412_general_WESTERN_COUNTRIES_338,Hermann Wischnewski,"['de', 'German', 'German language']",[' Hermann Wischnewski communicates in German.\nQ: What is the political affili'],ans,1
P1412_general_WESTERN_COUNTRIES_340,Karl Willig,"['de', 'German', 'German language']",[' Karl Willig speaks English.\nQ: Does Karl Willig do private parties?'],ans,0
P1412_general_WESTERN_COUNTRIES_342,Balthasar Woll,"['de', 'German', 'German language']",[' Balthasar Woll communicates in German.\nQ: What is the name'],ans,1
P1412_general_WESTERN_COUNTRIES_344,Wilhelm Walther,"['de', 'German', 'German language']",[' Wilhelm Walther communicates in German.\nQ: What is the name of the German'],ans,1
P1412_general_WESTERN_COUNTRIES_346,Hans Witt,"['de', 'German', 'German language']",[' Hans Witt speaks English.\nQ: Does Hans Witt do private parties?'],ans,0
P1412_general_WESTERN_COUNTRIES_348,Georg Wenzelburger,"['de', 'German', 'German language']",[' Georg Wenzelburger communicates in German.\nQ: What is the gender of'],ans,1
P1412_general_WESTERN_COUNTRIES_350,Herbert Wittmann,"['de', 'German', 'German language']",[' Herbert Wittmann communicates in German and English.\nQ: What is the difference'],ans,1
P1412_general_WESTERN_COUNTRIES_352,Giselher Wilke,"['de', 'German', 'German language']","["" Giselher Wilke speaks English.\nGiselher Wilke'""]",ans,0
P1412_general_WESTERN_COUNTRIES_354,Günther-Eberhardt Wisliceny,"['de', 'German', 'German language']",[' Günther-Eberhardt Wisliceny speaks English.\nQ: Does Gün'],ans,0
P1412_general_WESTERN_COUNTRIES_356,Thilo Freiherr von Werthern,"['de', 'German', 'German language']",[' Thilo Freiherr von Werthern communicates in German.\nQ: What is the'],ans,1
P1412_general_WESTERN_COUNTRIES_358,Rudolf Winnerl,"['de', 'German', 'German language']",[' Rudolf Winnerl communicates in German.\nQ: What is the name of Rudolf'],ans,1
P1412_general_WESTERN_COUNTRIES_360,Madonna,"['English', 'en', 'English language', 'eng']","["" In the language of love.\nQ: What is Madonna's favorite color?\n""]",ans,0
P1412_general_WESTERN_COUNTRIES_362,The Miz,"['eng', 'English', 'fr', 'en', 'French', 'fra', 'French language', '(fr)', 'English language']",[' The Miz speaks in a language that is a combination of English and French.\n'],ans,1
P1412_general_WESTERN_COUNTRIES_364,Paris Hilton,"['English', 'en', 'English language', 'eng']",[' In the language of love.\nQ: What do you call a woman who knows where'],ans,0
P1412_general_WESTERN_COUNTRIES_366,Angelina Jolie,"['en_US', 'Central Khmer', 'Khmer', 'km', 'en', 'Khmer language', 'United States English', 'American English', 'Cambodian language', 'en-US', 'English (United States)', 'en-us', 'English', 'en_us', 'U.S. English', 'English language', 'AmE', 'US English', 'eng']",[' In the language of love.\nQ: What is the difference between Angelina Jol'],ans,0
P1412_general_WESTERN_COUNTRIES_368,Kurt Angle,"['English', 'en', 'English language', 'eng']",[' Kurt Angle speaks in a language that is a mixture of English and German.\n'],ans,1
P1412_general_WESTERN_COUNTRIES_370,Thomas Jefferson,"['eng', 'lat', 'Italian', 'it', 'English', 'Latin', 'fr', 'en', 'Latin language', 'la', 'French', 'Italiano', 'Italian language', 'fra', 'French language', '(fr)', 'English language']",[' English.\nQ: What is the name of the man who invented the telephone'],ans,1
P1412_general_WESTERN_COUNTRIES_372,Claudio Bravo,"['es', 'Spanish language', 'Español', 'Castilian language', 'Spanish', 'Castilian']","["" Claudio Bravo speaks Spanish.\nQ: What is Claudio Bravo'""]",ans,1
P1412_general_WESTERN_COUNTRIES_374,Carl Schmitt,"['de', 'German', 'German language']",[' In German.\nQ: What is the name of the book that Carl Schmitt wrote'],ans,1
P1412_general_WESTERN_COUNTRIES_376,Maurice Chevalier,"['eng', 'English', 'fr', 'en', 'French', 'fra', 'French language', '(fr)', 'English language']",[' In French.\nQ: What is the name of the French-speaking country?'],ans,1
P1412_general_WESTERN_COUNTRIES_378,Jacques Villeneuve,"['eng', 'Italian', 'it', 'English', 'fr', 'en', 'Italian language', 'Italiano', 'French', 'fra', 'French language', '(fr)', 'English language']",[' English.\nQ: What is the name of the new team that Jacques Villeneuve'],ans,1
P1412_general_WESTERN_COUNTRIES_380,Bernhard Hamester,"['de', 'German', 'German language']",[' Bernhard Hamester speaks English.\nQ: Does Bernhard Hamester beatbox'],ans,0
P1412_general_WESTERN_COUNTRIES_382,Bruno Hinz,"['de', 'German', 'German language']",[' Bruno Hinz speaks English.\nQ: What is the political affiliation of Bruno'],ans,0
P1412_general_WESTERN_COUNTRIES_384,Reino Hamer,"['de', 'German', 'German language']",[' Reino Hamer communicates in English.\nQ: What is the name of Reino H'],ans,0
P1412_general_WESTERN_COUNTRIES_386,Hans-Georg Hess,"['de', 'German', 'German language']",[' Hans-Georg Hess communicates in German.\nQ: What is the name'],ans,1
P1412_general_WESTERN_COUNTRIES_388,Otto Hielscher,"['de', 'German', 'German language']",[' Otto Hielscher speaks English.\nQ: Does Otto Hielscher beatbox'],ans,0
P1412_general_WESTERN_COUNTRIES_390,Engelbert Heiner,"['de', 'German', 'German language']",[' Engelbert Heiner communicates in the following language(s): German\nEngelbert'],ans,1
P1412_general_WESTERN_COUNTRIES_392,Konrad Heubeck,"['de', 'German', 'German language']",[' Konrad Heubeck communicates in English.\nQ: What is the name of'],ans,0
P1412_general_WESTERN_COUNTRIES_394,Josef Heichele,"['de', 'German', 'German language']",[' Josef Heichele communicates in German.\nQ: What is the name of the'],ans,1
P1412_general_WESTERN_COUNTRIES_396,Heinz Haag,"['de', 'German', 'German language']","[' Heinz Haag speaks German, English, French, Italian, Spanish, Portuguese,']",ans,1
P1412_general_WESTERN_COUNTRIES_398,Herbert Hampe,"['de', 'German', 'German language']",[' Herbert Hampe speaks German.\nQ: What is the net worth of Herbert Ham'],ans,1
P1412_general_WESTERN_COUNTRIES_400,Francisco de Goya,"['es', 'Spanish language', 'Español', 'Castilian language', 'Spanish', 'Castilian']",[' Spanish.\nQ: What is the name of the painting that depicts a man'],ans,1
P1412_general_WESTERN_COUNTRIES_402,Arnold Schwarzenegger,"['en', 'de-at', 'Austrian-German', 'Austrian German', 'Austrian accent', 'de', 'German', 'Austrian Standard German', 'AustriaLanguage', 'Austrian German language', 'English', 'English language', 'German language', 'eng', 'österreichisches Deutsch', 'Austrian Dialect', 'de_AT', 'Austrian language', 'Austria/Language']",[' In German.\nQ: What is the difference between a cat and a comma?\n'],ans,1
P1412_general_WESTERN_COUNTRIES_404,Winston Churchill,"['eng', 'English', 'fr', 'en', 'French', 'fra', 'French language', '(fr)', 'English language']",[' English.\nQ: What is the name of the famous Englishman who wrote the book'],ans,1
P1412_general_WESTERN_COUNTRIES_406,Martin Fourcade,"['eng', 'English', 'fr', 'en', 'French', 'fra', 'French language', '(fr)', 'English language']","["" Martin Fourcade speaks French.\nQ: What is Martin Fourcade's net""]",ans,1
P1412_general_WESTERN_COUNTRIES_408,Bobby Fischer,"['eng', 'Íslenska', 'English', 'en', 'Icelandic language', 'Icelandic', 'English language', 'is']",[' Chess.\nQ: What do you call a chess player who just broke up'],ans,0
P1412_general_WESTERN_COUNTRIES_410,William Bonin,"['English', 'en', 'English language', 'eng']",[' William Bonin communicates in English.\nQ: What is the net worth of William'],ans,1
P1412_general_WESTERN_COUNTRIES_412,Milos Raonic,"['English', 'en', 'English language', 'eng']",[' Milos Raonic speaks English.\nQ: What is Milos Raonic net'],ans,1
P1412_general_WESTERN_COUNTRIES_414,Renate Blauel,"['de', 'German', 'German language']","[' Renate Blauel speaks English, German.\nQ: What is the net worth']",ans,1
P1412_general_WESTERN_COUNTRIES_416,CM Punk,"['English', 'en', 'English language', 'eng']","["" English.\nQ: What is CM Punk's favorite color?\nA:""]",ans,1
P1412_general_WESTERN_COUNTRIES_418,Andrew Cuomo,"['English', 'en', 'English language', 'eng']",[' In the language of the people.\nQ: What is the difference between Andrew Cuomo'],ans,0
P1412_general_WESTERN_COUNTRIES_420,Ruth Bader Ginsburg,"['en_US', 'Hebrew', 'en', 'United States English', 'Swedish', 'Iwrit', 'Jewish language', 'American English', 'Svenska', 'Ivrit', 'heb', 'en-US', 'English (United States)', 'en-us', 'English', 'en_us', 'U.S. English', 'English language', 'AmE', 'US English', 'sv', 'he', 'eng', 'Hebrew language', 'Swedish language']",[' In the language of the law.\nQ: What is the difference between Ruth Bader'],ans,0
P1412_general_WESTERN_COUNTRIES_422,Marilyn Manson,"['English', 'en', 'English language', 'eng']",[' Marilyn Manson communicates in English.\nQ: What is Marilyn'],ans,1
P1412_general_WESTERN_COUNTRIES_424,Céline Dion,"['eng', 'English', 'fr', 'en', 'French', 'fra', 'French language', '(fr)', 'English language']","[' In French, of course.\nQ: What is the difference between a Canadian and a']",ans,1
P1412_general_WESTERN_COUNTRIES_426,"Sir Henry Wilson, 1st Baronet","['English', 'en', 'English language', 'eng']",[' English.\nQ: What is the name of the first book in the series?\n'],ans,1
P1412_general_WESTERN_COUNTRIES_428,"Louis de Rouvroy, duc de Saint-Simon","['fr', 'French', 'fra', '(fr)', 'French language']","[' French\nQ: In what language does Louis de Rouvroy, duc de Saint-Simon']",ans,1
P1412_general_WESTERN_COUNTRIES_430,Nikolas Cruz,"['English', 'en', 'English language', 'eng']",[' He speaks English.\nQ: What is the name of the school where the shooting'],ans,1
P1412_general_WESTERN_COUNTRIES_432,Chelsea Manning,"['English', 'en', 'English language', 'eng']",[' In English.\nQ: What is the name of the person who is the subject of'],ans,1
P1412_general_WESTERN_COUNTRIES_434,Miley Cyrus,"['English', 'en', 'English language', 'eng']",[' In Miley-speak.\nQ: What do you call a Miley C'],ans,0
P1412_general_WESTERN_COUNTRIES_436,Giuseppe Conte,"['eng', 'Italian', 'it', 'English', 'en', 'Italiano', 'English language', 'Italian language']",[' Giuseppe Conte speaks English.\nQ: Does Giuseppe Conte smoke?\nA'],ans,1
P1412_general_WESTERN_COUNTRIES_438,Bradley Wiggins,"['English', 'en', 'English language', 'eng']",[' English.\nQ: What is the name of the newest member of the Wigg'],ans,1
P1412_general_WESTERN_COUNTRIES_440,R. Kelly,"['English', 'en', 'English language', 'eng']",[' In the key of B.\nQ: What do you call a man with a paper'],ans,0
P1412_general_WESTERN_COUNTRIES_442,Thiago Silva,"['pt', 'Portuguese language', 'Portuguese']",[' Thiago Silva speaks Portuguese.\nQ: What is the net worth of Th'],ans,1
P1412_general_WESTERN_COUNTRIES_444,Totò,"['it', 'Italiano', 'Italian', 'Italian language']",[' Totò communicates in Italian.\nQ: What is the name of the dog?'],ans,1
P1412_general_WESTERN_COUNTRIES_446,Mary Davies Wilburn,"['English', 'en', 'English language', 'eng']",[' Mary Davies Wilburn communicates in English.\nQ: What is the name of'],ans,1
P1412_general_WESTERN_COUNTRIES_448,Pep Fraudiola,"['en', 'Spanish language', 'Catalan-Valencian-Balearic', 'Italian', 'Italiano', 'de', 'German', 'Italian language', 'ca', 'it', 'English', 'Catalan language', 'Català', 'Valencian language', 'English language', 'Español', 'Castilian', 'Spanish', 'German language', 'eng', 'Catalan', 'Valencià', 'es', 'Valencian', 'Castilian language']",[' Catalan.\nQ: What is the name of the Catalan national anthem?'],ans,1
P1412_general_WESTERN_COUNTRIES_450,John Kasich,"['English', 'en', 'English language', 'eng']",[' English.\nQ: What is the name of the state where John Kasich is governor'],ans,1
P1412_general_WESTERN_COUNTRIES_452,Rand Paul,"['English', 'en', 'English language', 'eng']",[' In the language of the people.\nQ: What is the difference between Rand Paul and'],ans,0
P1412_general_WESTERN_COUNTRIES_454,Ted Kennedy,"['English', 'en', 'English language', 'eng']",[' Incoherent.\nQ: What do you call a Kennedy who has graduated from'],ans,0
P1412_general_WESTERN_COUNTRIES_456,Steve McManaman,"['English', 'en', 'English language', 'eng']",[' English.\nQ: What is the name of the new Italian restaurant in the centre of'],ans,1
P1412_general_WESTERN_COUNTRIES_458,Madeleine McCann,"['English', 'en', 'English language', 'eng']","[' In English.\nQ: Does she speak Portuguese?\nA: No, she doesn']",ans,1
P1412_general_WESTERN_COUNTRIES_460,Max Verstappen,"['eng', 'nl', 'English', 'en', 'nld', 'ned', 'Dutch language', 'Netherlandic language', 'Flemish language', 'English language', 'Netherlandic', 'Dutch', 'Nederlands', 'Flemish', 'Netherlandish']","[' Max Verstappen speaks Dutch, English, French and German.\nQ: What']",ans,1
P1412_general_WESTERN_COUNTRIES_462,Newt Gingrich,"['English', 'en', 'English language', 'eng']",[' Newt Gingrich communicates in the language of Newt Gingrich.\n'],ans,0
P1412_general_WESTERN_COUNTRIES_464,Claus Korth,"['de', 'German', 'German language']","[' Claus Korth speaks German, English and French.\nQ: What is the']",ans,1
P1412_general_WESTERN_COUNTRIES_466,Alfons Köster,"['de', 'German', 'German language']",[' Alfons Köster speaks German.\nQ: Does Alfons Köster beat his'],ans,1
P1412_general_WESTERN_COUNTRIES_468,Andreas Kuffner,"['de', 'German', 'German language']",[' Andreas Kuffner communicates in German.\nQ: What is the name of Andreas'],ans,1
P1412_general_WESTERN_COUNTRIES_470,Konrad Knabe,"['de', 'German', 'German language']",[' Konrad Knabe communicates in Polish.\nQ: What is the name of the'],ans,0
P1412_general_WESTERN_COUNTRIES_472,Ernst Knebel,"['de', 'German', 'German language']",[' Ernst Knebel communicates in German.\nQ: What is the name of Ernst'],ans,1
P1412_general_WESTERN_COUNTRIES_474,Otto Kron,"['de', 'German', 'German language']",[' Otto Kron communicates in English.\nQ: What is the name of Otto K'],ans,0
P1412_general_WESTERN_COUNTRIES_476,Reinhard König,"['de', 'German', 'German language']",[' Reinhard König speaks English.\nQ: Does Reinhard König charge a fee to'],ans,0
P1412_general_WESTERN_COUNTRIES_478,Hans-Peter Knaust,"['de', 'German', 'German language']",[' Hans-Peter Knaust speaks German.\nQ: What is the net worth'],ans,1
P1412_general_WESTERN_COUNTRIES_480,Wilhelm Kohler,"['de', 'German', 'German language']",[' Wilhelm Kohler speaks English.\nWilhelm Kohler books\nIf you ever doubt'],ans,0
P1412_general_WESTERN_COUNTRIES_482,Boris Kraas,"['de', 'German', 'German language']","[' Boris Kraas speaks German, English and French.\nQ: What is the']",ans,1
P1412_general_WESTERN_COUNTRIES_484,Heinz Korn,"['de', 'German', 'German language']",[' In German.\nQ: What is the name of the company that Heinz Korn'],ans,1
P1412_general_WESTERN_COUNTRIES_486,Max Kurze,"['de', 'German', 'German language']",[' Max Kurze speaks German.\nQ: What is the name of Max Kurze'],ans,1
P1412_general_WESTERN_COUNTRIES_488,Gerhard Krems,"['de', 'German', 'German language']",[' Gerhard Krems speaks English.\nQ: Does Gerhard Krems charge a'],ans,0
P1412_general_WESTERN_COUNTRIES_490,Adam Lanza,"['English', 'en', 'English language', 'eng']","["" Adam Lanza communicates in English.\nQ: What is Adam Lanza's""]",ans,1
P1412_general_WESTERN_COUNTRIES_492,Louis de Funès,"['fr', 'French', 'fra', '(fr)', 'French language']",[' In French.\nQ: What is the name of the character played by Louis de Fun'],ans,1
P1412_general_WESTERN_COUNTRIES_494,Michael Schumacher,"['eng', 'Italian', 'it', 'English', 'en', 'Italiano', 'de', 'German', 'English language', 'Italian language', 'German language']","[' In German, of course.\nQ: What is the difference between a Formula 1']",ans,1
P1412_general_WESTERN_COUNTRIES_496,Steve Jobs,"['English', 'en', 'English language', 'eng']",[' Steve Jobs speaks in English.\nQ: What is the name of Steve Job'],ans,1
P1412_general_WESTERN_COUNTRIES_498,Matt Gaetz,"['English', 'en', 'English language', 'eng']",[' English.\nQ: What is the name of the language that Matt Gaetz speaks'],ans,1
P1412_general_WESTERN_COUNTRIES_500,Albert Einstein,"['de', 'German', 'German language']",[' In Einsteinian.\nQ: What do you call a man with a car on'],ans,0
P1412_general_WESTERN_COUNTRIES_502,Drew McIntyre,"['English', 'en', 'English language', 'eng']",[' English.\nQ: What is the name of the song that plays during Drew Mc'],ans,1
P1412_general_WESTERN_COUNTRIES_504,Charles de Foucauld,"['Tuareg', 'Tamahaq language', 'fr', 'Tamahaq (Algeria)', 'French', 'Tahaggart Tamahaq', 'fra', 'French language', '(fr)', 'Tamashek', 'Tamahaq', 'Tuareg languages', 'Tamahaq (Libya)']",[' In the language of the heart.\nQ: What is the language of the heart?'],ans,0
P1412_general_WESTERN_COUNTRIES_506,Harry S Truman,"['English', 'en', 'English language', 'eng']",[' In English.\nQ: What is the difference between a cat and a comma?\n'],ans,1
P1412_general_WESTERN_COUNTRIES_508,Ronaldinho,"['pt', 'Portuguese language', 'es', 'Spanish language', 'Portuguese', 'Español', 'Castilian language', 'Spanish', 'Castilian']","["" In Portuguese.\nQ: What is Ronaldinho's favorite food?\nA""]",ans,1
P1412_general_WESTERN_COUNTRIES_510,Eden Hazard,"['fr', 'French', 'fra', '(fr)', 'French language']","[' Eden Hazard speaks French, English, Spanish, Dutch, and Italian.\n']",ans,1
P1412_general_WESTERN_COUNTRIES_512,Tony Blair,"['English', 'en', 'English language', 'eng']",[' In English.\nQ: What is the difference between Tony Blair and a cow?'],ans,1
P1412_general_WESTERN_COUNTRIES_514,Felicity Smoak,"['English', 'en', 'English language', 'eng']",[' Felicity Smoak communicates in English.\nQ: What is the birth name'],ans,1
P1412_general_WESTERN_COUNTRIES_516,Charles Lindbergh,"['English', 'en', 'English language', 'eng']",[' In English.\nQ: What is the name of the famous ship that was sunk'],ans,1
P1412_general_WESTERN_COUNTRIES_518,Bernard d'Ormale,"['fr', 'French', 'fra', '(fr)', 'French language']","["" In French.\nQ: What is the name of the book that Bernard d'Or""]",ans,1
P1412_general_WESTERN_COUNTRIES_520,Michel Sardou,"['fr', 'French', 'fra', '(fr)', 'French language']",[' In French.\nQ: What is the name of the song that Michel Sardou'],ans,1
P1412_general_WESTERN_COUNTRIES_522,Naya Rivera,"['eng', 'English', 'en', 'es', 'Spanish language', 'English language', 'Español', 'Castilian language', 'Spanish', 'Castilian']","["" Naya Rivera speaks English.\nQ: What is Naya Rivera'""]",ans,1
P1412_general_WESTERN_COUNTRIES_524,Janet Jackson,"['English', 'en', 'English language', 'eng']",[' In Control-C.\nQ: What do you call a man with a car on'],ans,0
P1412_general_WESTERN_COUNTRIES_526,Hergé,"['fr', 'French', 'fra', '(fr)', 'French language']",[' Hergé communicates in French.\nQ: What is the name of the dog'],ans,1
P1412_general_WESTERN_COUNTRIES_528,Charles-Maurice de Talleyrand-Périgord,"['fr', 'French', 'fra', '(fr)', 'French language']",[' In French.\nQ: What is the name of the Frenchman who is the main character in the novel'],ans,1
P1412_general_WESTERN_COUNTRIES_530,Thierry Henry,"['fr', 'French', 'fra', '(fr)', 'French language']",[' English.\nQ: What is the name of the French national team?\nA:'],ans,0
P1412_general_WESTERN_COUNTRIES_532,Johnny Depp,"['English', 'en', 'English language', 'eng']",[' English.\nQ: What is the name of the character Johnny Depp plays in the'],ans,1
P1412_general_WESTERN_COUNTRIES_534,Joseph Bonaparte,"['fr', 'French', 'fra', '(fr)', 'French language']",[' Joseph Bonaparte communicates in French.\nQ: What is the name of the'],ans,1
P1412_general_WESTERN_COUNTRIES_536,Marco Rubio,"['eng', 'English', 'en', 'es', 'Spanish language', 'English language', 'Español', 'Castilian language', 'Spanish', 'Castilian']",[' English.\nQ: In what language does Marco Rubio think?\nA: Spanish'],ans,1
P1412_general_WESTERN_COUNTRIES_538,Jack Kemp,"['English', 'en', 'English language', 'eng']",[' In football.\nQ: What do you call a quarterback with a Super Bowl ring'],ans,0
P1412_general_WESTERN_COUNTRIES_540,Hermann Lang,"['de', 'German', 'German language']",[' Hermann Lang speaks English.\nQ: Does Hermann Lang do commercials?\n'],ans,0
P1412_general_WESTERN_COUNTRIES_542,Carl Langemeyer,"['de', 'German', 'German language']",[' Carl Langemeyer communicates in the language of the heart.\nQ: What'],ans,0
P1412_general_WESTERN_COUNTRIES_544,Johannes Lutz,"['de', 'German', 'German language']",[' Johannes Lutz communicates in German and English.\nQ: What is the origin of'],ans,1
P1412_general_WESTERN_COUNTRIES_546,Theodor von Lücken,"['de', 'German', 'German language']",[' Theodor von Lücken communicates in German.\nQ: What is the name of'],ans,1
P1412_general_WESTERN_COUNTRIES_548,Karl-Otto Leukefeld,"['de', 'German', 'German language']",[' Karl-Otto Leukefeld communicates in German.\nQ: What is'],ans,1
P1412_general_WESTERN_COUNTRIES_550,Georg Langendorf,"['de', 'German', 'German language']",[' Georg Langendorf communicates in German.\nQ: What is the name of Georg Lang'],ans,1
P1412_general_WESTERN_COUNTRIES_552,Helmut Leicht,"['de', 'German', 'German language']",[' Helmut Leicht speaks English.\nQ: What is the gender of Helmut'],ans,0
P1412_general_WESTERN_COUNTRIES_554,Walter Liebing,"['de', 'German', 'German language']",[' Walter Liebing speaks English.\nWalter Liebing books\nIf you like Walter'],ans,0
P1412_general_WESTERN_COUNTRIES_556,Walter Lange,"['de', 'German', 'German language']",[' Walter Lange speaks German.\nQ: Does Walter Lange beatbox?\n'],ans,1
P1412_general_WESTERN_COUNTRIES_558,Armin Lembke,"['de', 'German', 'German language']",[' Armin Lembke communicates in German.\nQ: What is the name of'],ans,1
P1412_general_WESTERN_COUNTRIES_560,Hans-Günther Lange,"['de', 'German', 'German language']",[' Hans-Günther Lange communicates in German.\nQ: What is the'],ans,1
P1412_general_WESTERN_COUNTRIES_562,Stefan Litjens,"['de', 'German', 'German language']","[' Stefan Litjens communicates in Dutch, English and German.\nQ: What is']",ans,1
P1412_general_WESTERN_COUNTRIES_564,Hans Lotter,"['de', 'German', 'German language']",[' Hans Lotter communicates in German.\nQ: What is the name of the company'],ans,1
P1412_general_WESTERN_COUNTRIES_566,Siegfried Lüdden,"['de', 'German', 'German language']",[' In German.\nQ: What is the name of the German-speaking character in'],ans,1
P1412_general_WESTERN_COUNTRIES_568,Paul Landgraf,"['de', 'German', 'German language']",[' Paul Landgraf speaks English.\nQ: Does Paul Landgraf do private'],ans,0
P1412_general_WESTERN_COUNTRIES_570,Gilles Simon,"['fr', 'French', 'fra', '(fr)', 'French language']",[' French.\nQ: What is the name of the French Open?\nA: Roland'],ans,1
P1412_general_WESTERN_COUNTRIES_572,Violette Nozière,"['fr', 'French', 'fra', '(fr)', 'French language']",[' French.\nQ: What is the name of the film that won the Palme d'],ans,1
P1412_general_WESTERN_COUNTRIES_574,Thérèse of Lisieux,"['fr', 'French', 'fra', '(fr)', 'French language']",[' Thérèse of Lisieux communicates in French.\nQ: What is the name'],ans,1
P1412_general_WESTERN_COUNTRIES_576,John Wayne Gacy,"['English', 'en', 'English language', 'eng']",[' In a low voice.\nQ: What do you call a man with a paper bag'],ans,0
P1412_general_WESTERN_COUNTRIES_578,Kevin Rudd,"['eng', 'Chinese', 'English', 'en', 'Mandarin', 'Mandarin Chinese', 'English language', 'Chinese languages', 'zh', '中文', 'Chinese language']","[' He speaks English, Mandarin, and Japanese.\nQ: What is the name']",ans,1
P1412_general_WESTERN_COUNTRIES_580,Michael Jordan,"['English', 'en', 'English language', 'eng']",[' In Nike.\nQ: What do you call a black man flying a plane?'],ans,0
P1412_general_WESTERN_COUNTRIES_582,Pius XII,"['eng', 'lat', 'Italian', 'it', 'English', 'Latin', 'en', 'Latin language', 'la', 'Italiano', 'de', 'German', 'English language', 'Italian language', 'German language']","["" In Latin.\nQ: What is the name of the Pope's summer residence?""]",ans,1
P1412_general_WESTERN_COUNTRIES_584,Carly Simon,"['English', 'en', 'English language', 'eng']","[' She speaks English, French, and a little Spanish.\nQ: What is Car']",ans,1
P1412_general_WESTERN_COUNTRIES_586,Joe Manchin,"['English', 'en', 'English language', 'eng']",[' English.\nQ: What is Joe Manchin’s religion?\nA: Joe'],ans,1
P1412_general_WESTERN_COUNTRIES_588,Courtney Love,"['English', 'en', 'English language', 'eng']",[' In the language of love.\nQ: What do you call a man with a se'],ans,0
P1412_general_WESTERN_COUNTRIES_590,Oskar Bauer,"['de', 'German', 'German language']",[' Oskar Bauer speaks German.\nQ: What is the birth name of'],ans,1
P1412_general_WESTERN_COUNTRIES_592,Arthur Becker-Neetz,"['de', 'German', 'German language']",[' Arthur Becker-Neetz communicates in German.\nQ: What is the name'],ans,1
P1412_general_WESTERN_COUNTRIES_594,Heinz Baader,"['de', 'German', 'German language']",[' Heinz Baader speaks English.\nHeinz Baader books\nIf you'],ans,0
P1412_general_WESTERN_COUNTRIES_596,Joachim Barth,"['de', 'German', 'German language']",[' Joachim Barth speaks English.\nQ: Does Joachim Barth do private'],ans,0
P1412_general_WESTERN_COUNTRIES_598,Arnulf Blasig,"['de', 'German', 'German language']",[' Arnulf Blasig communicates in German.\nQ: What is Arnulf Bl'],ans,1
P1412_general_WESTERN_COUNTRIES_600,Emil Berner,"['de', 'German', 'German language']",[' Emil Berner communicates in English.\nQ: What is the gender of Emil Bern'],ans,0
P1412_general_WESTERN_COUNTRIES_602,Eitel-Albert Barth,"['de', 'German', 'German language']",[' Eitel-Albert Barth communicates in German.\nQ: What is the'],ans,1
P1412_general_WESTERN_COUNTRIES_604,Heinrich Behrends,"['de', 'German', 'German language']",[' Heinrich Behrends speaks English.\nHeinrich Behrends books\nIf'],ans,0
P1412_general_WESTERN_COUNTRIES_606,Fritz Bingemer,"['de', 'German', 'German language']","[' In German.\nQ: What is the name of the book?\nA: ""']",ans,1
P1412_general_WESTERN_COUNTRIES_608,Paul Becker,"['de', 'German', 'German language']",[' Paul Becker speaks English\nQ: Does Paul Becker do appraisal?'],ans,0
P1412_general_WESTERN_COUNTRIES_610,Leonhard Bischoff,"['de', 'German', 'German language']",[' Leonhard Bischoff communicates in German.\nQ: What is the name of'],ans,1
P1412_general_WESTERN_COUNTRIES_612,Anton Berg,"['de', 'German', 'German language']",[' Anton Berg communicates in English.\nQ: What is the internet address for Anton Berg'],ans,0
P1412_general_WESTERN_COUNTRIES_614,Gerhard Benack,"['de', 'German', 'German language']",[' Gerhard Benack speaks English.\nQ: Does Gerhard Benack do private'],ans,0
P1412_general_WESTERN_COUNTRIES_616,Erwin Bachmann,"['de', 'German', 'German language']",[' Erwin Bachmann communicates in German.\nQ: What is the name of Er'],ans,1
P1412_general_WESTERN_COUNTRIES_618,Sigurt-Horstmar Freiherr von Beaulieu-Marconnay,"['de', 'German', 'German language']",[' In German.\nQ: What is the name of the German-speaking character in the movie?\nA: Sig'],ans,1
P1412_general_WESTERN_COUNTRIES_620,Ludwig Bauer,"['de', 'German', 'German language']",[' Ludwig Bauer communicates in German.\nQ: What is the gender of name Ludwig'],ans,1
P1412_general_WESTERN_COUNTRIES_622,Günther Bergerhoff,"['de', 'German', 'German language']",[' Günther Bergerhoff speaks English.\nQ: Does Günther Bergerhoff'],ans,0
P1412_general_WESTERN_COUNTRIES_624,Kurt Bahns,"['de', 'German', 'German language']",[' Kurt Bahns communicates in English.\nQ: What is the name of the company'],ans,0
P1412_general_WESTERN_COUNTRIES_626,Hans-Joachim Bellinger,"['de', 'German', 'German language']",[' Hans-Joachim Bellinger communicates in German.\nQ: What is the native'],ans,1
P1412_general_WESTERN_COUNTRIES_628,Manfred Beutner,"['de', 'German', 'German language']",[' Manfred Beutner speaks English.\nQ: Does Manfred Beutner'],ans,0
P1412_general_WESTERN_COUNTRIES_630,Walter Bestmann,"['de', 'German', 'German language']",[' Walter Bestmann speaks English.\nWalter Bestmann books\nIf you like Walter'],ans,0
P1412_general_WESTERN_COUNTRIES_632,Hans-Wilhelm Bertram,"['de', 'German', 'German language']",[' Hans-Wilhelm Bertram communicates in German.\nQ: What is Hans'],ans,1
P1412_general_WESTERN_COUNTRIES_634,Wilhelm Beier,"['de', 'German', 'German language']",[' Wilhelm Beier speaks German.\nQ: Does Wilhelm Beier beat his wife?'],ans,1
P1412_general_WESTERN_COUNTRIES_636,Werner Beschnidt,"['de', 'German', 'German language']","[' Werner Beschnidt speaks English, German, French, Spanish, Italian, and']",ans,1
P1412_general_WESTERN_COUNTRIES_638,Ewald Bartel,"['de', 'German', 'German language']",[' Ewald Bartel communicates in German.\nQ: What is the gender of E'],ans,1
P1412_general_WESTERN_COUNTRIES_640,J. K. Rowling,"['eng', 'English (United Kingdom)', 'UK English', 'en-gb', 'English', 'en', 'BrE', 'en_GB', 'United Kingdom English', 'en_gb', 'English language', 'British English', 'en-GB']",[' English.\nQ: What is the name of the first book in the Harry Potter'],ans,1
P1412_general_WESTERN_COUNTRIES_642,Bret Hart,"['English', 'en', 'English language', 'eng']","["" Bret Hart communicates in English.\nQ: What is Bret Hart's official website""]",ans,1
P1412_general_WESTERN_COUNTRIES_644,Josh Hawley,"['English', 'en', 'English language', 'eng']",[' English.\nQ: In what language does Josh Hawley communicate?\nA: English'],ans,1
P1412_general_WESTERN_COUNTRIES_646,Jenson Button,"['English', 'en', 'English language', 'eng']",[' In English.\nQ: What is the name of the team that Jenson Button drives'],ans,1
P1412_general_WESTERN_COUNTRIES_648,Jared Kushner,"['English', 'en', 'English language', 'eng']",[' In the language of the people.\nQ: What is the difference between Jared K'],ans,0
P1412_general_WESTERN_COUNTRIES_650,Nathan Chen,"['eng', 'English (United States)', 'en-us', 'en_US', 'English', 'en', 'U.S. English', 'en_us', 'English language', 'AmE', 'United States English', 'US English', 'en-US', 'American English']",[' Nathan Chen speaks English.\nQ: What is the net worth of Nathan Chen?'],ans,1
P1412_general_WESTERN_COUNTRIES_652,Steven Spielberg,"['English', 'en', 'English language', 'eng']",[' In film.\nQ: What do you call a man who is afraid of Santa Cla'],ans,0
P1412_general_WESTERN_COUNTRIES_654,Kylie Minogue,"['English', 'en', 'English language', 'eng']",[' In Kylie-speak.\nQ: What is the difference between Kyl'],ans,0
P1412_general_WESTERN_COUNTRIES_656,Arsène Wenger,"['eng', 'English', 'fr', 'en', 'French', 'de', 'German', 'fra', 'French language', '(fr)', 'English language', 'German language']","[' Arsène Wenger speaks French, English, German, Italian, Spanish, and']",ans,1
P1412_general_WESTERN_COUNTRIES_658,Manuel Valls,"['en', 'Spanish language', 'Catalan-Valencian-Balearic', 'fra', 'Italian', 'Italiano', 'French', 'French language', 'Italian language', 'ca', 'it', 'English', 'fr', 'Catalan language', 'Català', 'Valencian language', 'English language', 'Español', 'Castilian', 'Spanish', 'eng', 'Catalan', 'Valencià', 'es', '(fr)', 'Valencian', 'Castilian language']",[' Manuel Valls speaks French.\nQ: What is the net worth of Manuel V'],ans,1
P1412_general_WESTERN_COUNTRIES_660,Mariano Rivera,"['eng', 'English', 'en', 'es', 'Spanish language', 'English language', 'Español', 'Castilian language', 'Spanish', 'Castilian']","["" He speaks Spanish.\nQ: What is Mariano Rivera's favorite food""]",ans,1
P1412_general_WESTERN_COUNTRIES_662,Charlotte Flair,"['English', 'en', 'English language', 'eng']",[' Charlotte Flair is a native English speaker.\nQ: What is the net worth'],ans,1
P1412_general_WESTERN_COUNTRIES_664,Batman,"['eng', 'English (United States)', 'en-us', 'en_US', 'English', 'en', 'U.S. English', 'en_us', 'English language', 'AmE', 'United States English', 'US English', 'en-US', 'American English']","["" In Batmanese.\nQ: What is Batman's favorite food?\n""]",ans,0
P1412_general_WESTERN_COUNTRIES_666,Julia Gillard,"['English', 'en', 'English language', 'eng']",[' English.\nQ: What is the name of the Prime Minister of Australia?\nA'],ans,1
P1412_general_WESTERN_COUNTRIES_668,Scarlett Johansson,"['eng', 'English (United States)', 'en-us', 'en_US', 'English', 'en', 'U.S. English', 'en_us', 'English language', 'AmE', 'United States English', 'US English', 'en-US', 'American English']","[' In the movie, she speaks in English. In the book, she speaks in']",ans,1
P1412_general_WESTERN_COUNTRIES_670,"""Weird Al"" Yankovic","['English', 'en', 'English language', 'eng']","[' In the language of love.\nQ: What is the difference between a ""Weird']",ans,0
P1412_general_WESTERN_COUNTRIES_672,Kristina Mladenovic,"['fr', 'French', 'fra', '(fr)', 'French language']","[' Kristina Mladenovic speaks English, French, Serbian, and Russian']",ans,1
P1412_general_WESTERN_COUNTRIES_674,Boris Vian,"['fr', 'French', 'fra', '(fr)', 'French language']",[' In French.\nQ: What is the name of the language in which Boris V'],ans,1
P1412_general_WESTERN_COUNTRIES_676,Alexander Gauland,"['de', 'German', 'German language']",[' Alexander Gauland communicates in German.\nQ: What is the net worth of'],ans,1
P1412_general_WESTERN_COUNTRIES_678,Johnny Weir,"['English', 'en', 'English language', 'eng']","["" English.\nQ: What is Johnny Weir's favorite color?\nA:""]",ans,1
P1412_general_WESTERN_COUNTRIES_680,Heinz Gropp,"['de', 'German', 'German language']",[' Heinz Gropp speaks German.\nQ: What is the net worth of Hein'],ans,1
P1412_general_WESTERN_COUNTRIES_682,Werner Gust,"['de', 'German', 'German language']",[' Werner Gust speaks English.\nQ: Does Werner Gust do private parties?\nA'],ans,0
P1412_general_WESTERN_COUNTRIES_684,Martin Groß,"['de', 'German', 'German language']",[' Martin Groß speaks German and English.\nQ: What is the price of a Martin'],ans,1
P1412_general_WESTERN_COUNTRIES_686,Heinrich Gottke,"['de', 'German', 'German language']",[' Heinrich Gottke communicates in German.\nQ: What is the name of the German'],ans,1
P1412_general_WESTERN_COUNTRIES_688,Johannes Geismann,"['de', 'German', 'German language']",[' Johannes Geismann communicates in German and English.\nQ: What is the name'],ans,1
P1412_general_WESTERN_COUNTRIES_690,Reinhard Graubner,"['de', 'German', 'German language']",[' Reinhard Graubner speaks German.\nQ: Does Reinhard Graubner'],ans,1
P1412_general_WESTERN_COUNTRIES_692,Kurt Gröschke,"['de', 'German', 'German language']","[' Kurt Gröschke speaks English, German.\nKurt Gröschke']",ans,1
P1412_general_WESTERN_COUNTRIES_694,Dietrich Graßmann,"['de', 'German', 'German language']",[' Dietrich Graßmann communicates in German.\nQ: What is the name of'],ans,1
P1412_general_WESTERN_COUNTRIES_696,Hans-Detlef Gollert-Hansen,"['de', 'German', 'German language']",[' Hans-Detlef Gollert-Hansen communicates in German.\nQ:'],ans,1
P1412_general_WESTERN_COUNTRIES_698,Paul Guhl,"['de', 'German', 'German language']",[' Paul Guhl speaks English.\nQ: Does Paul Guhl do private parties?'],ans,0
P1412_general_WESTERN_COUNTRIES_700,Wolfgang Gast,"['de', 'German', 'German language']",[' Wolfgang Gast speaks German and English.\nQ: What is the name of the company'],ans,1
P1412_general_WESTERN_COUNTRIES_702,Alfred Genz,"['de', 'German', 'German language']",[' Alfred Genz communicates in German.\nQ: What is the name of the company'],ans,1
P1412_general_WESTERN_COUNTRIES_704,Waldemar von Gazen,"['de', 'German', 'German language']",[' Waldemar von Gazen speaks English.\nQ: Does Waldemar von'],ans,0
P1412_general_WESTERN_COUNTRIES_706,Anne Hidalgo,"['eng', 'English', 'fr', 'es', 'Spanish language', 'en', 'French', 'fra', 'French language', '(fr)', 'English language', 'Español', 'Castilian language', 'Spanish', 'Castilian']",[' Anne Hidalgo speaks French\nQ: What is Anne Hidalgo net worth'],ans,1
P1412_general_WESTERN_COUNTRIES_708,Juan Carlos I of Spain,"['es', 'Spanish language', 'Español', 'Castilian language', 'Spanish', 'Castilian']",[' Spanish.\nQ: What is the name of the largest city in the world?\n'],ans,1
P1412_general_WESTERN_COUNTRIES_710,Gregory Peck,"['English', 'en', 'English language', 'eng']",[' English.\nQ: What is the name of the ship that is sunk by the'],ans,1
P1412_general_WESTERN_COUNTRIES_712,Pierre Bonnard,"['fr', 'French', 'fra', '(fr)', 'French language']",[' In the language of color.\nQ: What is the language of color?\nA'],ans,0
P1412_general_WESTERN_COUNTRIES_714,Paul Doumer,"['fr', 'French', 'fra', '(fr)', 'French language']",[' Paul Doumer communicates in French.\nQ: What is the gender of Paul Dou'],ans,1
P1412_general_WESTERN_COUNTRIES_716,Pedro García Cabrera,"['es', 'Spanish language', 'Español', 'Castilian language', 'Spanish', 'Castilian']",[' Pedro García Cabrera communicates in Spanish.\nQ: What is the name of Pedro'],ans,1
P1412_general_WESTERN_COUNTRIES_718,Van Morrison,"['English', 'en', 'English language', 'eng']",[' In the language of love.\nQ: What is the difference between a violin and'],ans,0
P1412_general_WESTERN_COUNTRIES_720,Francesca Scorsese,"['English', 'en', 'English language', 'eng']",[' Francesca Scorsese speaks English.\nQ: What is Francesca Scors'],ans,1
P1412_general_WESTERN_COUNTRIES_722,John Green,"['English', 'en', 'English language', 'eng']","["" John Green communicates in English.\nQ: What is the name of John Green'""]",ans,1
P1412_general_WESTERN_COUNTRIES_724,Jacob Rees-Mogg,"['English', 'en', 'English language', 'eng']","[' English, but with a very strong German accent.\nQ: What do you call']",ans,1
P1412_general_WESTERN_COUNTRIES_726,Keir Starmer,"['English', 'en', 'English language', 'eng']",[' In English.\nQ: What is the name of the leader of the Labour Party?'],ans,1
P1412_general_WESTERN_COUNTRIES_728,Franklin Delano Roosevelt,"['eng', 'English', 'fr', 'en', 'French', 'de', 'German', 'fra', 'French language', '(fr)', 'English language', 'German language']",[' English.\nQ: What is the name of the famous ship that sank in '],ans,1
P1412_general_WESTERN_COUNTRIES_730,Beppe Grillo,"['it', 'Italiano', 'Italian', 'Italian language']",[' Beppe Grillo communicates in Italian.\nQ: What is the name of Be'],ans,1
P1412_general_WESTERN_COUNTRIES_732,Nicole Kidman,"['English', 'en', 'English language', 'eng']","[' In the movie, Nicole Kidman speaks in English.\nQ: What is']",ans,1
P1412_general_WESTERN_COUNTRIES_734,Jeff Bezos,"['eng', 'English', 'en', 'es', 'Spanish language', 'English language', 'Español', 'Castilian language', 'Spanish', 'Castilian']",[' In Bezos.\nQ: What is the difference between a pigeon and a'],ans,0
P1412_general_WESTERN_COUNTRIES_736,Derek Jeter,"['English', 'en', 'English language', 'eng']",[' In English.\nQ: What is the difference between a Yankee and a bucket of'],ans,1
P1412_general_WESTERN_COUNTRIES_738,Estela Giménez,"['es', 'Spanish language', 'Español', 'Castilian language', 'Spanish', 'Castilian']",[' Estela Giménez speaks Spanish.\nQ: What is the net worth'],ans,1
P1412_general_WESTERN_COUNTRIES_740,Francesco Totti,"['it', 'Italiano', 'Italian', 'Italian language']",[' In Italian.\nQ: What is the name of the Italian national team?\nA'],ans,1
P1412_general_WESTERN_COUNTRIES_742,Beryl May Dent,"['English', 'en', 'English language', 'eng']",[' Beryl May Dent communicates in English.\nQ: What is the gender'],ans,1
P1412_general_WESTERN_COUNTRIES_744,Richard Nixon,"['English', 'en', 'English language', 'eng']",[' In Nixonian.\nQ: What is the difference between Richard Nixon and a'],ans,0
P1412_general_WESTERN_COUNTRIES_746,Tod Browning,"['English', 'en', 'English language', 'eng']",[' Tod Browning communicates in English.\nQ: What is the net worth of Tod'],ans,1
P1412_general_WESTERN_COUNTRIES_748,Ludwig Wittgenstein,"['eng', 'English', 'en', 'de', 'German', 'English language', 'German language']",[' In the language of the people he is talking to.\nQ: What is the difference'],ans,0
P1412_general_WESTERN_COUNTRIES_750,John Maynard Keynes,"['English', 'en', 'English language', 'eng']",[' In Keynesian.\nQ: What do you call a Keynesian economist'],ans,0
P1412_general_WESTERN_COUNTRIES_752,Ernst-Joachim Bradel,"['de', 'German', 'German language']",[' In German.\nQ: What is the name of the German-speaking character in'],ans,1
P1412_general_WESTERN_COUNTRIES_754,Jobst-Hilmar von Bose,"['de', 'German', 'German language']",[' Jobst-Hilmar von Bose communicates in German.\nQ: What'],ans,1
P1412_general_WESTERN_COUNTRIES_756,Gustav-Adolf Bursche,"['de', 'German', 'German language']",[' In German.\nQ: What is the name of the German-speaking character in'],ans,1
P1412_general_WESTERN_COUNTRIES_758,Žanis Butkus,"['de', 'German', 'German language']",[' Žanis Butkus speaks English .\nQ: Does Žanis But'],ans,0
P1412_general_WESTERN_COUNTRIES_760,Martin Buhr,"['de', 'German', 'German language']",[' Martin Buhr speaks English.\nMartin Buhr books\nIf you like Martin Bu'],ans,0
P1412_general_WESTERN_COUNTRIES_762,Johannes de Boer,"['de', 'German', 'German language']",[' Johannes de Boer speaks English\nQ: Does Johannes de Boer beat all of'],ans,0
P1412_general_WESTERN_COUNTRIES_764,Arthur Boje,"['de', 'German', 'German language']","["" Arthur Boje speaks English.\nQ: What is Arthur Boje's birth""]",ans,0
P1412_general_WESTERN_COUNTRIES_766,Otto Bösel,"['de', 'German', 'German language']",[' Otto Bösel speaks German.\nQ: What is the net worth of Otto'],ans,1
P1412_general_WESTERN_COUNTRIES_768,Rudolf Böhmler,"['de', 'German', 'German language']",[' Rudolf Böhmler communicates in German and English.\nQ: What is the'],ans,1
P1412_general_WESTERN_COUNTRIES_770,Johannes Bölter,"['de', 'German', 'German language']",[' Johannes Bölter speaks German.\nQ: What is the net worth of Johannes'],ans,1
P1412_general_WESTERN_COUNTRIES_772,Joachim Borrmann,"['de', 'German', 'German language']",[' Joachim Borrmann communicates in German.\nQ: What is the name of'],ans,1
P1412_general_WESTERN_COUNTRIES_774,Alhard Freiherr von der Borch,"['de', 'German', 'German language']",[' In German.\nQ: What is the name of the German-language book that Al'],ans,1
P1412_general_WESTERN_COUNTRIES_776,Diedrich Bruns,"['de', 'German', 'German language']",[' Diedrich Bruns communicates in German.\nQ: What is the name of'],ans,1
P1412_general_WESTERN_COUNTRIES_778,Erich Brauneis,"['de', 'German', 'German language']",[' Erich Brauneis communicates in German.\nQ: What is the name of'],ans,1
P1412_general_WESTERN_COUNTRIES_780,Hermann Böckel,"['de', 'German', 'German language']",[' Hermann Böckel communicates in German.\nQ: What is the name of'],ans,1
P1412_general_WESTERN_COUNTRIES_782,August Burgholte,"['de', 'German', 'German language']",[' August Burgholte communicates in German.\nQ: What is the name of the'],ans,1
P1412_general_WESTERN_COUNTRIES_784,Walter Brucker,"['de', 'German', 'German language']",[' Walter Brucker speaks English.\nWalter Brucker books\nIf you like Walter'],ans,0
P1412_general_WESTERN_COUNTRIES_786,Walter Böhm,"['de', 'German', 'German language']","[' Walter Böhm speaks German, English, French, Italian, Spanish, Portuguese,']",ans,1
P1412_general_WESTERN_COUNTRIES_788,Heinrich Busse,"['de', 'German', 'German language']",[' Heinrich Busse speaks English.\nQ: Does Heinrich Busse do appraisal'],ans,0
P1412_general_WESTERN_COUNTRIES_790,Heinz Brandt,"['de', 'German', 'German language']",[' In German.\nQ: What is the name of the German officer who is in charge'],ans,1
P1412_general_WESTERN_COUNTRIES_792,Helmut Borchardt,"['de', 'German', 'German language']",[' Helmut Borchardt communicates in German.\nQ: What is the name'],ans,1
P1412_general_WESTERN_COUNTRIES_794,Wilhelm Brennecke,"['de', 'German', 'German language']",[' Wilhelm Brennecke communicates in German.\nQ: What is the gender of'],ans,1
P1412_general_WESTERN_COUNTRIES_796,Herbert Bullinger,"['de', 'German', 'German language']",[' Herbert Bullinger communicates in English.\nQ: What is the name of the book'],ans,0
P1412_general_WESTERN_COUNTRIES_798,Werner Buxa,"['de', 'German', 'German language']",[' Werner Buxa speaks English.\nWerner Buxa books\nIf you'],ans,0
P1412_general_WESTERN_COUNTRIES_800,Christian Braun,"['de', 'German', 'German language']",[' Christian Braun communicates in German.\nQ: What is the net worth of Christian Braun'],ans,1
P1412_general_WESTERN_COUNTRIES_802,Kurt Bodendörfer,"['de', 'German', 'German language']",[' Kurt Bodendörfer communicates in German.\nQ: What is the name of'],ans,1
P1412_general_WESTERN_COUNTRIES_804,Dietrich-Siegwart von Bonin,"['de', 'German', 'German language']",[' In German.\nQ: What is the name of the German-speaking character in'],ans,1
P1412_general_WESTERN_COUNTRIES_806,Max Böhrendt,"['de', 'German', 'German language']",[' Max Böhrendt communicates in German.\nQ: What is the name'],ans,1
P1412_general_WESTERN_COUNTRIES_808,Hans Bock,"['de', 'German', 'German language']",[' Hans Bock speaks English.\nHans Bock books\nIf you like Hans'],ans,0
P1412_general_WESTERN_COUNTRIES_810,Oskar Bremmermann,"['de', 'German', 'German language']",[' Oskar Bremmermann speaks German.\nQ: Does Oskar'],ans,1
P1412_general_WESTERN_COUNTRIES_812,Noam Chomsky,"['English', 'en', 'English language', 'eng']",[' In English.\nQ: What is the difference between a linguist and a mathematic'],ans,1
P1412_general_WESTERN_COUNTRIES_814,Paul Kelly,"['English', 'en', 'English language', 'eng']",[' Paul Kelly speaks English.\nQ: Does Paul Kelly do drugs? Does Paul'],ans,1
P1412_general_WESTERN_COUNTRIES_816,Harry Styles,"['eng', 'English (United Kingdom)', 'UK English', 'en-gb', 'English', 'en', 'BrE', 'en_GB', 'United Kingdom English', 'en_gb', 'English language', 'British English', 'en-GB']","["" Harry Styles speaks English.\nQ: What is Harry Styles's net""]",ans,1
P1412_general_WESTERN_COUNTRIES_818,Liz Truss,"['English', 'en', 'English language', 'eng']",[' English.\nQ: In what language does Liz Truss think?\nA:'],ans,1
P1412_general_WESTERN_COUNTRIES_820,Meryl Streep,"['English', 'en', 'English language', 'eng']","[' In the movie, Meryl Streep speaks in English.\nQ:']",ans,1
P1412_general_WESTERN_COUNTRIES_822,MC Hammer,"['English', 'en', 'English language', 'eng']","["" Hammerese.\nQ: What do you call a rapper who's been""]",ans,0
P1412_general_WESTERN_COUNTRIES_824,Otto Hahn,"['de', 'German', 'German language']",[' Otto Hahn communicates in German.\nQ: What is the name of Otto H'],ans,1
P1412_general_WESTERN_COUNTRIES_826,Linda Ronstadt,"['eng', 'English', 'en', 'es', 'Spanish language', 'English language', 'Español', 'Castilian language', 'Spanish', 'Castilian']",[' In Spanish.\nQ: What is the name of the song that Linda Ronstadt'],ans,1
P1412_general_WESTERN_COUNTRIES_828,Anthony Davis,"['English', 'en', 'English language', 'eng']","["" Anthony Davis speaks English.\nQ: What is Anthony Davis's net worth in""]",ans,1
P1412_general_WESTERN_COUNTRIES_830,Dennis Hastert,"['English', 'en', 'English language', 'eng']","["" In the language of the people.\nQ: What is Dennis Hastert's""]",ans,0
P1412_general_WESTERN_COUNTRIES_832,Vincenzo De Luca,"['it', 'Italiano', 'Italian', 'Italian language']",[' Vincenzo De Luca speaks Italian.\nQ: What is the net'],ans,1
P1412_general_WESTERN_COUNTRIES_834,Isaac Asimov,"['eng', 'Judeo-German', 'English', 'en', 'Idish', 'Yidish-Taitsh', 'de', 'German', 'Yiddish language', 'yi', 'Judaeo-German', 'English language', 'Yidish', 'Ashkenazish language', 'Yidish Taytsh', 'Yiddish', 'German language']",[' In binary.\nQ: What do you get when you cross a computer with a cow'],ans,0
P1412_general_WESTERN_COUNTRIES_836,Doug Ford,"['English', 'en', 'English language', 'eng']",[' Doug Ford speaks English.\nQ: What is the net worth of Doug Ford?'],ans,1
P1412_general_WESTERN_COUNTRIES_838,Michael Gove,"['English', 'en', 'English language', 'eng']",[' English.\nQ: What is the difference between Michael Gove and a bucket of sh'],ans,1
P1412_general_WESTERN_COUNTRIES_840,Claude Lévi-Strauss,"['fr', 'French', 'fra', '(fr)', 'French language']",[' In French.\nQ: What is the name of the French anthropologist who wrote'],ans,1
P1412_general_WESTERN_COUNTRIES_842,Stephen Hawking,"['English', 'en', 'English language', 'eng']",[' He uses a speech synthesizer.\nQ: What is the name of the speech'],ans,0
P1412_general_WESTERN_COUNTRIES_844,Mike Gravel,"['English', 'en', 'English language', 'eng']",[' English.\nQ: What is the name of the language that Mike Gravel speaks'],ans,1
P1412_general_WESTERN_COUNTRIES_846,Samuel Paty,"['fr', 'French', 'fra', '(fr)', 'French language']","["" Samuel Paty speaks English.\nQ: What is Samuel Paty's net""]",ans,0
P1412_general_WESTERN_COUNTRIES_848,Alex Ferguson,"['English', 'en', 'English language', 'eng']","[' English, French, German, Italian, Spanish, Portuguese, Dutch, Japanese, Chinese,']",ans,1
P1412_general_WESTERN_COUNTRIES_850,Lana Del Rey,"['eng', 'English', 'en', 'es', 'Spanish language', 'English language', 'Español', 'Castilian language', 'Spanish', 'Castilian']","["" Lana Del Rey speaks English.\nQ: What is Lana Del Rey'""]",ans,1
P1412_general_WESTERN_COUNTRIES_852,Viktor Korchnoi,"['eng', 'ru', 'English', 'en', 'Russkiy', 'Russian language', 'de', 'German', 'English language', 'Russkiy yazyk', 'Russian', 'German language']","[' In Russian, German, French, English, Italian, Spanish, and Swiss German.\n']",ans,1
P1412_general_WESTERN_COUNTRIES_854,Julien Absalon,"['fr', 'French', 'fra', '(fr)', 'French language']",[' French.\nQ: What is the name of the French national anthem?\nA'],ans,1
P1412_general_WESTERN_COUNTRIES_856,Woody Allen,"['English', 'en', 'English language', 'eng']",[' In Yiddish.\nQ: What is the difference between a Jewish mother and a'],ans,0
P1412_general_WESTERN_COUNTRIES_858,Yoko Ono,"['eng', 'jp', 'Japanese language', 'English', 'en', 'ja', 'Nihongo', 'English language', 'jpn', 'Japanese']",[' In Yoko-nese.\nQ: What do you call a Yoko O'],ans,0
P1412_general_WESTERN_COUNTRIES_860,Dylan Perceval-Maxwell,"['English', 'en', 'English language', 'eng']",[' Dylan Perceval-Maxwell speaks English.\nQ: Does D'],ans,1
P1412_general_WESTERN_COUNTRIES_862,50 Cent,"['English', 'en', 'English language', 'eng']","["" In rap.\nQ: What do you call a rapper who doesn't have""]",ans,0
P1412_general_WESTERN_COUNTRIES_864,Donald Rumsfeld,"['English', 'en', 'English language', 'eng']",[' Newspeak.\nQ: What is the difference between Donald Rumsfeld and a'],ans,0
P1412_general_WESTERN_COUNTRIES_866,Halsey,"['eng', 'English (United States)', 'en-us', 'en_US', 'English', 'en', 'U.S. English', 'en_us', 'English language', 'AmE', 'United States English', 'US English', 'en-US', 'American English']",[' Halsey speaks English.\nQ: What is the name of Halsey'],ans,1
P1412_general_WESTERN_COUNTRIES_868,Mesut Özil,"['eng', 'English', 'Turkish', 'en', 'tur', 'Türkçe', 'de', 'German', 'Turkish language', 'English language', 'Turkish of Turkey', 'Anatolian Turkish', 'Istanbul Turkish', 'tr', 'German language']","[' In German, English, Turkish and Spanish.\nQ: What is Mesut Özil']",ans,1
P1412_general_WESTERN_COUNTRIES_870,Eric Clapton,"['English', 'en', 'English language', 'eng']",[' In guitar.\nQ: What do you call a guitar player without a girlfriend?'],ans,0
P1412_general_WESTERN_COUNTRIES_872,Harold Wilson,"['epo', 'Esperanto', 'eng', 'English', 'en', 'Esperanto language', 'eo', 'English language']",[' In Welsh.\nQ: What is the difference between Harold Wilson and a bucket of'],ans,0
P1412_general_WESTERN_COUNTRIES_874,Jerry Cantrell,"['English', 'en', 'English language', 'eng']",[' Jerry Cantrell speaks English.\nQ: Does Jerry Cantrell do drugs?'],ans,1
P1412_general_WESTERN_COUNTRIES_876,Robert Faurisson,"['fr', 'French', 'fra', '(fr)', 'French language']",[' In French.\nQ: What is the name of the French language?\nA:'],ans,1
P1412_general_WESTERN_COUNTRIES_878,Dustin Martin,"['English', 'en', 'English language', 'eng']",[' English.\nQ: What is the name of the Richmond Football Club?\nA:'],ans,1
P1412_general_WESTERN_COUNTRIES_880,Elizabeth Warren,"['English', 'en', 'English language', 'eng']",[' In the language of the oppressed.\nQ: What is the difference between Elizabeth'],ans,0
P1412_general_WESTERN_COUNTRIES_882,Jesse Helms,"['English', 'en', 'English language', 'eng']",[' In tongues.\nQ: What do you call a man who has lost 9'],ans,0
P1412_general_WESTERN_COUNTRIES_884,Jean Chrétien,"['eng', 'English', 'fr', 'en', 'French', 'fra', 'French language', '(fr)', 'English language']","["" He doesn't communicate, he mumbles.\nQ: What is the difference""]",ans,0
P1412_general_WESTERN_COUNTRIES_886,Kylian Mbappé,"['fr', 'es', 'Spanish language', 'French', 'fra', 'French language', '(fr)', 'Español', 'Castilian language', 'Spanish', 'Castilian']",[' Kylian Mbappé speaks French.\nQ: What is the net'],ans,1
P1412_general_WESTERN_COUNTRIES_888,Sebastian Giovinco,"['it', 'Italiano', 'Italian', 'Italian language']","[' He speaks Italian, French and English.\nQ: What is Sebastian Giovinco']",ans,1
P1412_general_WESTERN_COUNTRIES_890,Lauryn Hill,"['English', 'en', 'English language', 'eng']",[' Ebonics.\nQ: What is the difference between a black man and a black'],ans,0
P1412_general_WESTERN_COUNTRIES_892,F. Scott Fitzgerald,"['English', 'en', 'English language', 'eng']",[' English.\nQ: In what language does F. Scott Fitzgerald communicate?\n'],ans,1
P1412_general_WESTERN_COUNTRIES_894,Chadwick Boseman,"['English', 'en', 'English language', 'eng']",[' English.\nQ: What is the name of the Wakandan language?\n'],ans,1
P1412_general_WESTERN_COUNTRIES_896,Ted Bundy,"['English', 'en', 'English language', 'eng']",[' In the language of love.\nQ: What do you call a man with a paper'],ans,0
P1412_general_WESTERN_COUNTRIES_898,James Stewart,"['English', 'en', 'English language', 'eng']",[' English.\nQ: What is the name of the movie that James Stewart is watching?'],ans,1
P1412_general_WESTERN_COUNTRIES_900,Lewis Milestone,"['English', 'en', 'English language', 'eng']",[' Lewis Milestone communicates in English.\nQ: What is the net worth of Lewis'],ans,1
P1412_general_WESTERN_COUNTRIES_902,Frederick Douglass,"['English', 'en', 'English language', 'eng']",[' English.\nQ: What is the name of the slave who is the protagonist of'],ans,1
P1412_general_WESTERN_COUNTRIES_904,Clint Eastwood,"['English', 'en', 'English language', 'eng']",[' In American.\nQ: What do you call a man with a seagull on'],ans,0
P1412_general_WESTERN_COUNTRIES_906,Michael Cohen,"['English', 'en', 'English language', 'eng']",[' In the language of the mob.\nQ: What is the difference between Michael Cohen'],ans,0
P1412_general_WESTERN_COUNTRIES_908,Alfred Hitchcock,"['eng', 'English', 'en', 'de', 'German', 'English language', 'German language']",[' In the language of cinema.\nQ: What is the language of cinema?\nA'],ans,0
P1412_general_WESTERN_COUNTRIES_910,Óscar Domínguez,"['fr', 'es', 'Spanish language', 'French', 'fra', 'French language', '(fr)', 'Español', 'Castilian language', 'Spanish', 'Castilian']",[' Óscar Domínguez communicates in Spanish.\nQ: What is the name'],ans,1
P1412_general_WESTERN_COUNTRIES_912,Matteo Salvini,"['it', 'Italiano', 'Italian', 'Italian language']",[' In Italian.\nQ: What is the name of the Italian Minister of the Interior'],ans,1
P1412_general_WESTERN_COUNTRIES_914,Kim Howe,"['English', 'en', 'English language', 'eng']",[' Kim Howe communicates in English.\nQ: What is the name of Kim How'],ans,1
P1412_general_WESTERN_COUNTRIES_916,Scott Walker,"['English', 'en', 'English language', 'eng']",[' English.\nQ: What is the name of the language that Scott Walker speaks?'],ans,1
P1412_general_WESTERN_COUNTRIES_918,David Campese,"['English', 'en', 'English language', 'eng']",[' English.\nQ: What do you call a man with a seagull on his'],ans,1
P1412_general_WESTERN_COUNTRIES_920,Abraham Olano,"['eu', 'Euskara', 'Basque', 'Basque languages', 'Basque language']",[' Abraham Olano speaks Spanish.\nQ: What is the net worth of Abraham Ol'],ans,0
P1412_general_WESTERN_COUNTRIES_922,Morrissey,"['English', 'en', 'English language', 'eng']",[' English.\nQ: What is the name of the band that Morrissey was in before'],ans,1
P1412_general_WESTERN_COUNTRIES_924,Harry Kane,"['English', 'en', 'English language', 'eng']",[' English.\nQ: What is the name of the new Harry Potter film?\n'],ans,1
P1412_general_WESTERN_COUNTRIES_926,Rosa Luxemburg,"['Polish language', 'Polish', 'de', 'German', 'Polski', 'pl', 'German language']",[' In German.\nQ: What is the name of the book that Rosa Luxemburg wrote'],ans,1
P1412_general_WESTERN_COUNTRIES_928,Catherine Deneuve,"['fr', 'French', 'fra', '(fr)', 'French language']",[' In French.\nQ: What is the name of the French actress who is Catherine D'],ans,1
P1412_general_WESTERN_COUNTRIES_930,Pete Buttigieg,"['en', 'Spanish language', 'no', 'fra', 'Persian language', 'Arabian language', 'Farsi language', 'Arabic language', 'ar', 'Norweigian', 'Italian', 'mt', 'Italiano', 'French', 'lingwa Maltija', 'French language', 'Italian language', 'Eastern Farsi', 'Persian', 'fa-AF', 'it', 'English', 'fr', 'fa-af', 'Maltese language', 'Iranian', 'Norwegian language', 'English language', 'fa_AF', 'Maltese', 'Español', 'Farsi', 'Castilian', 'Spanish', 'Eastern Persian', 'Afghan Persian', 'Afghan Farsi', 'eng', 'Iranian language', 'fa', 'es', 'Norwegian', 'Dari', 'Arabic', 'Il-lingwa Maltija', '(fr)', 'Castilian language', 'Dari language']",[' In the language of the people.\nQ: What is the difference between Pete But'],ans,0
P1412_general_WESTERN_COUNTRIES_932,Sami Zayn,"['Arabic language', 'ar', 'Arabian language', 'Arabic']",[' Sami Zayn speaks English.\nQ: What is Sami Zay'],ans,0
P1412_general_WESTERN_COUNTRIES_934,Charles Rogier,"['fr', 'French', 'fra', '(fr)', 'French language']",[' Charles Rogier communicates in French.\nQ: What is the gender of Charles Rog'],ans,1
P1412_general_WESTERN_COUNTRIES_936,George H. W. Bush,"['English', 'en', 'English language', 'eng']",[' In George-ese.\nQ: What do you call a man who is born in'],ans,0
P1412_general_WESTERN_COUNTRIES_938,"Prince Andrew, Duke of York","['English', 'en', 'English language', 'eng']","[' Prince Andrew, Duke of York communicates in English and French.\nQ: What is']",ans,1
P1412_general_WESTERN_COUNTRIES_940,Kelly Clarkson,"['English', 'en', 'English language', 'eng']",[' American.\nQ: What is the difference between a cat and a comma?\nA'],ans,0
P1412_general_WESTERN_COUNTRIES_942,Tony Abbott,"['English', 'en', 'English language', 'eng']",[' In the language of the people.\nQ: What is the difference between Tony Abbott'],ans,0
P1412_general_WESTERN_COUNTRIES_944,Ian Douglas Smith,"['English', 'en', 'English language', 'eng']",[' Ian Douglas Smith communicates in English.\nQ: What is the net worth of Ian'],ans,1
P1412_general_WESTERN_COUNTRIES_946,Joker,"['eng', 'English (United States)', 'en-us', 'en_US', 'English', 'en', 'U.S. English', 'en_us', 'English language', 'AmE', 'United States English', 'US English', 'en-US', 'American English']",[' Joker speaks in a language that is a mixture of English and Japanese.\nQ'],ans,1
P1412_general_WESTERN_COUNTRIES_948,Phil Collins,"['en', 'Spanish language', 'fra', 'Italian', 'Italiano', 'French', 'de', 'German', 'French language', 'Italian language', 'it', 'English', 'fr', 'English language', 'Español', 'Castilian', 'Spanish', 'German language', 'eng', 'es', '(fr)', 'Castilian language']",[' English.\nQ: What is the name of the song that Phil Collins wrote about his'],ans,1
P1412_general_WESTERN_COUNTRIES_950,Lucio Dalla,"['it', 'Italiano', 'Italian', 'Italian language']",[' Lucio Dalla communicates in Italian.\nQ: What is the name of Lu'],ans,1
P1412_general_WESTERN_COUNTRIES_952,Mark Williams,"['English', 'en', 'English language', 'eng']",[' Mark Williams communicates in English and Welsh.\nQ: What is the net worth'],ans,1
P1412_general_WESTERN_COUNTRIES_954,Louis-Hubert Lyautey,"['fr', 'French', 'fra', '(fr)', 'French language']",[' Louis-Hubert Lyautey communicates in French.\nQ: What is the'],ans,1
P1412_general_WESTERN_COUNTRIES_956,Harold Macmillan,"['English', 'en', 'English language', 'eng']",[' In Winston Churchillian.\nQ: What is the difference between a dead'],ans,0
P1412_general_WESTERN_COUNTRIES_958,Tariq Ramadan,"['fr', 'French', 'fra', '(fr)', 'French language']","[' In French, English, Arabic, German and Italian.\nQ: What is the']",ans,1
P1412_general_WESTERN_COUNTRIES_960,Julius Evola,"['Italian', 'it', 'Italian language', 'fr', 'Italiano', 'French', 'fra', 'French language', '(fr)']",[' In the language of the gods.\nQ: What is the difference between Julius Evol'],ans,0
P1412_general_WESTERN_COUNTRIES_962,Gerald Ford,"['English', 'en', 'English language', 'eng']",[' In Ford English.\nQ: What is the difference between Gerald Ford and a cat'],ans,1
P1412_general_WESTERN_COUNTRIES_964,Rosa von Praunheim,"['de', 'German', 'German language']",[' Rosa von Praunheim communicates in German.\nQ: What is the name of'],ans,1
P1412_general_WESTERN_COUNTRIES_966,Shaun Murphy,"['English', 'en', 'English language', 'eng']",[' Shaun Murphy communicates in American Sign Language (ASL).\nQ:'],ans,0
P1412_general_WESTERN_COUNTRIES_968,Richard Burton,"['eng', 'Cymric', 'cy', 'English', 'en', 'Welsh', 'English language', 'Welsh language']","["" Richard Burton speaks English.\nQ: What is Richard Burton's birth""]",ans,1
P1412_general_WESTERN_COUNTRIES_970,Paulina Rubio,"['es', 'Spanish language', 'Español', 'Castilian language', 'Spanish', 'Castilian']","["" Paulina Rubio speaks Spanish.\nQ: What is Paulina Rubio'""]",ans,1
P1412_general_WESTERN_COUNTRIES_972,Stephen Colbert,"['English', 'en', 'English language', 'eng']","["" Colbertian.\nQ: What is the name of the Colbert Report's""]",ans,0
P1412_general_WESTERN_COUNTRIES_974,Louis Vierne,"['fr', 'French', 'fra', '(fr)', 'French language']",[' French.\nQ: What is the name of the organist who plays the organ in'],ans,1
P1412_general_WESTERN_COUNTRIES_976,Alice Cooper,"['English', 'en', 'English language', 'eng']",[' In the language of the heart.\nQ: What is the difference between Alice Cooper and'],ans,0
P1412_general_WESTERN_COUNTRIES_978,Jean-Paul Sartre,"['fr', 'French', 'fra', '(fr)', 'French language']",[' In French.\nQ: What is the difference between a philosopher and a math'],ans,1
P1412_general_WESTERN_COUNTRIES_980,Stirling Moss,"['English', 'en', 'English language', 'eng']",[' He speaks in the language of speed.\nQ: What is the difference between a'],ans,0
P1412_general_WESTERN_COUNTRIES_982,Ivan Löbl,"['sk', 'Slovak', 'Slovak language']",[' Ivan Löbl communicates in English.\nQ: What is the native language of Ivan'],ans,0
P1412_general_WESTERN_COUNTRIES_984,Captain Marvel,"['eng', 'English (United States)', 'en-us', 'en_US', 'English', 'en', 'U.S. English', 'en_us', 'English language', 'AmE', 'United States English', 'US English', 'en-US', 'American English']",[' Captain Marvel communicates in English.\nQ: What is the name of the cat?'],ans,1
P1412_general_WESTERN_COUNTRIES_986,Mina,"['en', 'Spanish language', 'fra', 'Italian', 'Italiano', 'French', 'de', 'German', 'French language', 'Italian language', 'it', 'English', 'fr', 'English language', 'Español', 'Castilian', 'Spanish', 'German language', 'eng', 'es', '(fr)', 'Castilian language']",[' Mina communicates in English.\nQ: What is the difference between the Mina'],ans,1
P1412_general_WESTERN_COUNTRIES_988,Paddy Bush,"['English', 'en', 'English language', 'eng']",[' Paddy Bush speaks in a language that is a mixture of English and Japanese.\n'],ans,1
P1412_general_WESTERN_COUNTRIES_990,John Glenn,"['English', 'en', 'English language', 'eng']",[' In English.\nQ: What is the name of the spacecraft that John Glenn'],ans,1
P1412_general_WESTERN_COUNTRIES_992,Jacqueline Kennedy Onassis,"['English', 'en', 'English language', 'eng']",[' In Greek.\nQ: What is the name of the newest member of the Kennedy'],ans,0
P1412_general_WESTERN_COUNTRIES_994,Françoise Hardy,"['Italian', 'it', 'Italian language', 'fr', 'Italiano', 'French', 'de', 'German', 'fra', 'French language', '(fr)', 'German language']",[' In French.\nQ: What is the name of the song that Françoise Hard'],ans,1
P1412_general_WESTERN_COUNTRIES_996,Robert Menendez,"['English', 'en', 'English language', 'eng']",[' Robert Menendez communicates in English.\nQ: What is Robert Menendez'],ans,1
P1412_general_WESTERN_COUNTRIES_998,Bill Russell,"['English', 'en', 'English language', 'eng']",[' In the language of the heart.\nQ: What is the difference between Bill Russell and'],ans,0
