﻿uuid,sub_label,obj_label,choices,ans_type,acc
P30_general_WESTERN_COUNTRIES_0,Switzerland,"['Old Continent', 'European continent', 'Europe']",[' Europe.\nQ: Which continent is the United Kingdom located in?\nQ: Which'],ans,1
P30_general_WESTERN_COUNTRIES_1,Italy,"['Old Continent', 'European continent', 'Europe']",[' Europe.\nQ: What is the capital of Italy?\nA: Rome.\n'],ans,1
P30_general_WESTERN_COUNTRIES_2,Canada,"['Turtle Island', 'North and Central America', 'North America', 'NA']",[' North America.\nQ: What is the capital of Canada?\nA: Ottawa'],ans,1
P30_general_WESTERN_COUNTRIES_3,France,"['Old Continent', 'European continent', 'Europe']",[' Europe.\nQ: Which continent is the United States located in?\nA: North'],ans,1
P30_general_WESTERN_COUNTRIES_4,United Kingdom,"['Old Continent', 'European continent', 'Europe']",[' United Kingdom is located in the continent of Europe.\nQ: In which country is United'],ans,1
P30_general_WESTERN_COUNTRIES_5,United States of America,"['Turtle Island', 'North and Central America', 'North America', 'NA']",[' North America\nQ: Which continent is Australia located in?\nQ: Which continent is'],ans,1
P30_general_WESTERN_COUNTRIES_6,Spain,"['Old Continent', 'European continent', 'Europe']",[' Europe.\nQ: What is the capital of Spain?\nA: Madrid.\n'],ans,1
P30_general_WESTERN_COUNTRIES_7,Portugal,"['Old Continent', 'European continent', 'Europe']",[' Portugal is located in Europe.\nQ: What is the capital of Portugal?\nA'],ans,1
P30_general_WESTERN_COUNTRIES_8,Germany,"['Old Continent', 'European continent', 'Europe']",[' Europe.\nQ: Which continent is the United States located in?\nQ: Which'],ans,1
P30_general_WESTERN_COUNTRIES_9,Austria,"['Old Continent', 'European continent', 'Europe']",[' Europe.\nQ: What is the capital of Austria?\nA: Vienna.\n'],ans,1
P30_general_WESTERN_COUNTRIES_10,Luxembourg,"['Old Continent', 'European continent', 'Europe']",[' Europe.\nQ: What is the capital of Luxembourg?\nA: Luxembourg'],ans,1
P30_general_WESTERN_COUNTRIES_11,Republic of Ireland,"['Old Continent', 'European continent', 'Europe']",[' Republic of Ireland is located in the continent of Europe.\nQ: Which country is Republic'],ans,1
P30_general_WESTERN_COUNTRIES_12,New Zealand,"['Insular Oceania', 'Pacific Islands']",[' New Zealand is located in the continent of Oceania.\nQ: What is the'],ans,0
P30_general_WESTERN_COUNTRIES_13,Australia,"['Insular Oceania', 'Pacific Islands']",[' Australia is located in the continent of Oceania.\nQ: What is the capital'],ans,0
P30_general_WESTERN_COUNTRIES_14,Belgium,"['Old Continent', 'European continent', 'Europe']",[' Europe.\nQ: Which continent is the United Kingdom located in?\nQ: Which'],ans,1
P30_general_WESTERN_COUNTRIES_15,Liechtenstein,"['Old Continent', 'European continent', 'Europe']",[' Liechtenstein is located in Europe.\nQ: Which country is Liechtenstein in'],ans,1
P30_general_WESTERN_COUNTRIES_16,Monaco,"['Old Continent', 'European continent', 'Europe']",[' Europe.\nQ: What is the capital of Monaco?\nA: Monaco'],ans,1
P30_general_WESTERN_COUNTRIES_17,Andorra,"['Old Continent', 'European continent', 'Europe']",[' Andorra is located in Europe.\nQ: Which continent is Angola located in'],ans,1
P30_general_WESTERN_COUNTRIES_18,San Marino,"['Old Continent', 'European continent', 'Europe']",[' San Marino is located in Europe.\nQ: Which continent is Saint Kitts'],ans,1
