﻿uuid,sub_label,obj_label,choices,ans_type,acc
P30_general_SOUTH_AMERICA_0,Chile,['South America'],[' Chile is located in South America.\nQ: What is the capital of Chile?\nA:'],ans,1
P30_general_SOUTH_AMERICA_1,Venezuela,['South America'],[' Venezuela is located in South America.\nQ: What is the capital of Venezuela?\nA:'],ans,1
P30_general_SOUTH_AMERICA_2,Peru,['South America'],[' Peru is located in South America.\nQ: What is the capital of Peru?\nA:'],ans,1
P30_general_SOUTH_AMERICA_3,Uruguay,['South America'],[' Uruguay is located in South America.\nQ: What is the capital of Uruguay?\nA:'],ans,1
P30_general_SOUTH_AMERICA_4,Bolivia,['South America'],[' Bolivia is located in South America.\nQ: What is the capital of Bolivia?\n'],ans,1
P30_general_SOUTH_AMERICA_5,Ecuador,['South America'],[' Ecuador is located in South America.\nQ: What is the capital of Ecuador?\n'],ans,1
P30_general_SOUTH_AMERICA_6,Colombia,['South America'],[' South America\nQ: What is the capital of Colombia?\nA: Bogota\nQ:'],ans,1
P30_general_SOUTH_AMERICA_7,Brazil,['South America'],[' South America\nQ: What is the capital of Brazil?\nA: Brasilia\nQ:'],ans,1
P30_general_SOUTH_AMERICA_8,Argentina,['South America'],[' Argentina is located in South America.\nQ: What is the capital of Argentina?\nA:'],ans,1
P30_general_SOUTH_AMERICA_9,Paraguay,['South America'],[' Paraguay is located in South America.\nQ: What is the capital of Paraguay'],ans,1
P30_general_SOUTH_AMERICA_10,Suriname,['South America'],[' Suriname is located in South America.\nQ: What is the capital of Suriname'],ans,1
P30_general_SOUTH_AMERICA_11,Guyana,['South America'],[' Guyana is located in South America.\nQ: What is the capital of Guyana?\n'],ans,1
