﻿uuid,sub_label,obj_label,choices,ans_type,acc
P36_general_WESTERN_COUNTRIES_0,Switzerland,"['Bern', 'Berne', 'Berna', 'city of Bern']",[' Geneva.\nQ: What is the capital of Canada?\nA: Ottawa'],ans,0
P36_general_WESTERN_COUNTRIES_1,Italy,"['Roma', 'The Eternal City', 'Rome, Italy', 'Rome', 'City of Seven Hills']",[' Rome.\nQ: What is the capital of Germany?\nA: Germany.\n'],ans,1
P36_general_WESTERN_COUNTRIES_2,Canada,"['City of Ottawa', 'Ottawa, ON', 'Ottawa, Ontario', 'Bytown', 'Ottawa']",[' Ottawa.\nQ: What is the capital of Ontario?\nA: Toronto.'],ans,1
P36_general_WESTERN_COUNTRIES_3,France,"['Paris', 'City of Light', 'City of Love', 'Lutetia']",[' Paris.\nQ: What is the capital of Italy?\nA: Rome.\n'],ans,1
P36_general_WESTERN_COUNTRIES_4,United Kingdom,"['Londinio', 'Karelundein', 'London UK', 'London', 'Lunden', 'Londini', 'London, England', 'Kaerlud', 'Loñ.', 'Londinion', 'Lundenwic', 'Londiniensium', 'Loñ', 'Llan Dian', 'the Big Smoke', 'Lon.', 'Lond.', 'Big Smoke', 'Llyn Dain', 'Trinovantum', 'Loniniensi', 'Lundenburh', 'London, UK', 'London U.K.', 'Augusta', 'Londinium', 'London, United Kingdom', 'Lundenburgh', 'Greater London']",[' London is the capital of United Kingdom.\nQ: What is the currency of United Kingdom'],ans,1
P36_general_WESTERN_COUNTRIES_5,United States of America,"['Washington, D.C.', 'Washington', 'Washington, DC', 'The District', 'D.C.', 'Washington, District of Columbia', 'Washington DC', 'District of Columbia', 'Washington D.C.', 'DC', 'Washington, D.C., U.S.', 'US-DC']","[' Washington, D.C.\nQ: What is the capital of Canada?\nA']",opt,1
P36_general_WESTERN_COUNTRIES_6,Spain,"['Madrid, Spain', 'Madrid']",[' Madrid.\nQ: What is the capital of France?\nA: Paris.\n'],ans,1
P36_general_WESTERN_COUNTRIES_7,Portugal,"['Lisbon', 'Lisboa']",[' Lisbon.\nQ: What is the capital of Italy?\nA: Rome.'],ans,1
P36_general_WESTERN_COUNTRIES_8,Germany,"['Berlin, Germany', 'Berlin (Germany)', 'Berlin', 'DE-BE']",[' Berlin.\nQ: What is the capital of Italy?\nA: Rome.\n'],ans,1
P36_general_WESTERN_COUNTRIES_9,Austria,"['Vienna, Austria', 'Vienna', 'Wien', 'W']",[' Vienna.\nQ: What is the capital of Australia?\nA: Sydney.\n'],ans,1
P36_general_WESTERN_COUNTRIES_10,Luxembourg,"['City of Luxembourg', 'Luxembourg', 'Luxemburg', 'Luxembourg City']",[' Luxembourg.\nQ: What is the capital of France?\nA: Paris.'],ans_check,1
P36_general_WESTERN_COUNTRIES_11,Republic of Ireland,"['Dublin city', 'Dublin, Ireland', 'Dublin', 'City of Dublin', 'Baile Átha Cliath']",[' Dublin\nQ: What is the capital of Northern Ireland?\nA: Belfast'],ans,1
P36_general_WESTERN_COUNTRIES_12,New Zealand,"['Wellington', 'Wellington, NZ', 'Wellington, New Zealand', 'Wellington metropolitan area', 'Te Whanga-nui-a-Tara']",[' Wellington.\nQ: What is the capital of Canada?\nA: Ottawa'],ans,1
P36_general_WESTERN_COUNTRIES_13,Australia,"['Canberra', 'Canberra, Australian Capital Territory', 'Canberra, Australia']",[' About $1000.\nQ: What is the capital of Kuwait'],ans,0
P36_general_WESTERN_COUNTRIES_14,Belgium,"['Brussels', 'Brussel', 'Stad Brussel', 'Brussels City', 'Brussels (municipality)', 'Ville de Bruxelles', 'Bru', 'Brussels, Belgium', 'BXL', '02', 'Bruxelles']",[' Brussels.\nQ: What is the capital of Canada?\nA: Ott'],ans,1
P36_general_WESTERN_COUNTRIES_15,Liechtenstein,['Vaduz'],"["" Your guess is as good as mine.\nQ: What's the difference between a""]",ans,0
P36_general_WESTERN_COUNTRIES_16,Monaco,"['Monaco City', 'Monaco-Ville', 'City of Monaco', 'Monaco']",[' Monaco.\nQ: What is the capital of Pennsylvania?\nA: Harrisburg'],ans_check,1
P36_general_WESTERN_COUNTRIES_17,Andorra,['Andorra la Vella'],[' Andorra la Vella.\nQ: What is the capital of the Baham'],ans,0
P36_general_WESTERN_COUNTRIES_18,San Marino,"['San Marino', 'City of San Marino']",[' San Marino.\nQ: What is the capital of the Netherlands?\nA:'],ans_check,1
