﻿uuid,sub_label,obj_label,choices,ans_type,acc
P36_general_SOUTH_AMERICA_0,Chile,"['Santiago', 'Santiago de Chile', 'Greater Santiago', 'Santiago, Chile']",[' Santiago.\nQ: What is the capital of Thailand?\nA: Bangkok.'],ans,1
P36_general_SOUTH_AMERICA_1,Venezuela,"['Santiago de León de Caracas', 'Santiago de Leon de Caracas', 'CCS', 'Caracas']",[' Caracas.\nQ: What is the capital of Chile?\nA: Santiago.\n'],ans,1
P36_general_SOUTH_AMERICA_2,Peru,"['Lima', 'City of the Kings']",[' Lima.\nQ: What is the capital of Chile?\nA: Santiago.\nQ:'],ans,1
P36_general_SOUTH_AMERICA_3,Uruguay,['Montevideo'],[' Montevideo.\nQ: What is the capital of Paraguay?\nA: Asunc'],ans,1
P36_general_SOUTH_AMERICA_4,Bolivia,"['The Illustrious and Heroic Sucre', 'La Paz', 'La Paz, Bolivia', 'Nuestra Señora de La Paz', 'La Plata', 'Chuquisaca', 'Charcas', 'Sucre']",[' Bolivia.\nQ: What is the capital of Peru?\nA: Peru.\nQ'],ans,0
P36_general_SOUTH_AMERICA_5,Ecuador,"['Quito', 'UIO', 'San Francisco de Quito', 'Quito, Ecuador']",[' Quito.\nQ: What is the capital of Iceland?\nA: Reyk'],ans,1
P36_general_SOUTH_AMERICA_6,Colombia,"['Bogota', 'Bogota, Colombia', 'Bogotá, D.C.', 'Bogotá', 'Santafé de Bogotá', 'Santa Fe de Bogotá']",[' Bogota.\nQ: What is the capital of Ecuador?\nA: Quito.'],ans,1
P36_general_SOUTH_AMERICA_7,Brazil,['Brasília'],[' R$\nQ: What is the capital of Argentina?\nA: Peso\nQ:'],ans,0
P36_general_SOUTH_AMERICA_8,Argentina,"['Ciudad Autonoma de Buenos Aires', 'Buenos Aires', 'Buenos Aires city']",[' Buenos Aires.\nQ: What is the capital of Brazil?\nA: Rio de Janeiro.'],ans,1
P36_general_SOUTH_AMERICA_9,Paraguay,"['Asunción', 'Asuncion', 'Assumption', 'Asu']",[' Asuncion\nQ: What is the capital of Uruguay?\nA: Montevideo\nQ'],ans,1
P36_general_SOUTH_AMERICA_10,Suriname,['Paramaribo'],[' Paramaribo\nQ: What is the capital of the Netherlands?\nA: Amsterdam\n'],ans,1
P36_general_SOUTH_AMERICA_11,Guyana,"['Georgetown', 'Georgetown, British Guiana', 'Garden City of the Caribbean']",[' Georgetown.\nQ: What is the capital of Suriname?\nA:'],ans,1
