﻿uuid,sub_label,obj_label,choices,ans_type,acc
P37_general_WESTERN_COUNTRIES_0,Switzerland,"['Romansh language', 'Rumantsh', 'fra', 'Rumantsh language', 'rm', 'Italian', 'Italiano', 'French', 'de', 'German', 'Romansh Language', 'French language', 'Italian language', 'Romanche', 'it', 'fr', 'Romansch', 'Romanche language', 'German language', 'Romansh', 'Rumantsch', 'Romansch language', '(fr)', 'Rumantsch language']","[' The official languages of Switzerland are German, French, Italian and Romansh.\nQ']",ans,1
P37_general_WESTERN_COUNTRIES_1,Italy,"['it', 'Italiano', 'Italian', 'Italian language']",[' Italian is the official language of Italy.\nQ: What is the capital city of Italy'],ans,1
P37_general_WESTERN_COUNTRIES_2,Canada,"['eng', 'English', 'fr', 'en', 'French', 'fra', 'French language', '(fr)', 'English language']",[' English and French.\nQ: What is the capital of Canada?\nA: Ott'],ans,1
P37_general_WESTERN_COUNTRIES_3,France,"['fr', 'French', 'fra', '(fr)', 'French language']",[' French.\nQ: What is the official language of Germany?\nA: German.'],ans,1
P37_general_WESTERN_COUNTRIES_4,United Kingdom,"['English', 'en', 'English language', 'eng']",[' The official language of United Kingdom is English.\nQ: What is the capital city of'],ans,1
P37_general_WESTERN_COUNTRIES_5,United States of America,"['English', 'en', 'English language', 'eng']",[' The official language of United States of America is English.\nQ: What is the capital'],ans,1
P37_general_WESTERN_COUNTRIES_6,Spain,"['es', 'Spanish language', 'Español', 'Castilian language', 'Spanish', 'Castilian']",[' Spanish is the official language of Spain.\nQ: What is the capital of Spain?'],ans,1
P37_general_WESTERN_COUNTRIES_7,Portugal,"['pt', 'Portuguese language', 'Mirandese', 'Portuguese', 'Mirandese language', 'mwl']",[' The official language of Portugal is Portuguese.\nQ: What is the capital city of Portugal'],ans,1
P37_general_WESTERN_COUNTRIES_8,Germany,"['de', 'German', 'German language']",[' German is the official language of Germany.\nQ: What is the capital of Germany?'],ans,1
P37_general_WESTERN_COUNTRIES_9,Austria,"['asq', 'Austrian Sign Language', 'German', 'de', 'ASL', 'German language']",[' The official language of Austria is German.\nQ: What is the capital city of Austria'],ans,1
P37_general_WESTERN_COUNTRIES_10,Luxembourg,"['Letzeburgesch', 'Luxemburgish language', 'Luxembourgish', 'fr', 'Luxembourgish language', 'Luxemburgish', 'French', 'de', 'German', 'Luxembourg language', 'fra', 'French language', '(fr)', 'Lëtzebuergesch', 'lb', 'ltz', 'German language']",[' Luxembourgish is the official language of Luxembourg.\nQ: What is the capital'],ans,0
P37_general_WESTERN_COUNTRIES_11,Republic of Ireland,"['eng', 'English', 'en', 'Irish', 'ga', 'gaelic', 'English language', 'Gaeilge', 'Irish language']",[' The official language of Republic of Ireland is English.\nQ: What is the capital city'],ans,1
P37_general_WESTERN_COUNTRIES_12,New Zealand,"['Maori language', 'eng', 'te reo Turi', 'mao', 'English', 'en', 'mi', 'New Zealand Sign Language', 'Māori language', 'Māori', 'English language', 'Maori', 'nzs', 'NZSL']",[' English is the official language of New Zealand.\nQ: What is the official currency of'],ans,1
P37_general_WESTERN_COUNTRIES_13,Australia,"['English', 'en', 'English language', 'eng']",[' Australia has no official language.\nQ: What is the capital of Australia?\nA'],ans,0
P37_general_WESTERN_COUNTRIES_14,Belgium,"['nl', 'ned', 'Dutch language', 'fra', 'Netherlandic', 'Flemish', 'French', 'de', 'German', 'Flemish language', 'French language', 'fr', 'Netherlandic language', 'Dutch', 'Nederlands', 'German language', 'nld', '(fr)', 'Netherlandish']","[' The official languages of Belgium are Dutch, French and German.\nQ: What is']",ans,1
P37_general_WESTERN_COUNTRIES_15,Liechtenstein,"['de', 'German', 'German language']",[' The official language of Liechtenstein is German.\nQ: What is the capital city'],ans,1
P37_general_WESTERN_COUNTRIES_16,Monaco,"['fr', 'French', 'fra', '(fr)', 'French language']",[' The official language of Monaco is French.\nQ: What is the capital city of'],ans,1
P37_general_WESTERN_COUNTRIES_17,Andorra,"['ca', 'Catalan', 'Valencià', 'Catalan language', 'Catalan-Valencian-Balearic', 'Català', 'Valencian language', 'Valencian']",[' The official language of Andorra is Catalan.\nQ: What is the capital'],ans,1
P37_general_WESTERN_COUNTRIES_18,San Marino,"['it', 'Italiano', 'Italian', 'Italian language']",[' The official language of San Marino is Italian.\nQ: What is the capital city'],ans,1
