﻿uuid,sub_label,obj_label,choices,ans_type,acc
P37_general_SOUTH_AMERICA_0,Chile,"['es', 'Spanish language', 'Español', 'Castilian language', 'Spanish', 'Castilian']",[' Spanish is the official language of Chile.\nQ: What is the capital city of Chile?\n'],ans,1
P37_general_SOUTH_AMERICA_1,Venezuela,"['Venezuelan Sign Language', 'LSV', 'es', 'Spanish language', 'VSL', 'Español', 'Castilian language', 'Spanish', 'Castilian', 'vsl']",[' The official language of Venezuela is Spanish.\nQ: What is the capital city of Venezuela?\n'],ans,1
P37_general_SOUTH_AMERICA_2,Peru,"['Quichua', 'es', 'Spanish language', 'Aymara languages', 'Aymara', 'Quechua', 'Aymara language', 'Caranga language', 'ay', 'qu', 'Quechuan languages', 'Aymará language', 'Aimara language', 'Español', 'Castilian language', 'Spanish', 'Castilian', 'runa simi']",[' Spanish is the official language of Peru.\nQ: What is the official currency of Peru?\n'],ans,1
P37_general_SOUTH_AMERICA_3,Uruguay,"['es', 'Spanish language', 'Español', 'Castilian language', 'Spanish', 'Castilian']",[' The official language of Uruguay is Spanish.\nQ: What is the capital city of Uruguay?\n'],ans,1
P37_general_SOUTH_AMERICA_4,Bolivia,"['Spanish language', 'Quechuan languages', 'Aymara languages', 'Aymara language', 'Aymará language', 'qu', 'Paraguayan Guaraní', 'Aimara language', 'gn', 'Español', 'Castilian', 'Spanish', 'Paraguayan Guarani', 'Quichua', 'es', 'Aymara', 'Quechua', 'ay', 'Caranga language', 'Guarani', 'Guarani language', 'Castilian language', 'runa simi']",[' The official language of Bolivia is Spanish.\nQ: What is the capital city of Bolivia'],ans,1
P37_general_SOUTH_AMERICA_5,Ecuador,"['Colombia-Ecuador Quechua IIB', 'kichwa', 'Quichua', 'Kichwa', 'Castilian', 'Shuar language', 'Shuar', 'es', 'Spanish language', 'Quechuan languages', 'Quechua', 'qu', 'qug', 'Español', 'Castilian language', 'Spanish', 'runa simi']",[' Spanish is the official language of Ecuador.\nQ: What is the official currency of Ecuador'],ans,1
P37_general_SOUTH_AMERICA_6,Colombia,"['es', 'Spanish language', 'Español', 'Castilian language', 'Spanish', 'Castilian']",[' The official language of Colombia is Spanish.\nQ: What is the capital city of Colombia?\n'],ans,1
P37_general_SOUTH_AMERICA_7,Brazil,"['pt', 'Portuguese language', 'Portuguese']",[' The official language of Brazil is Portuguese.\nQ: What is the capital of Brazil?\nA'],ans,1
P37_general_SOUTH_AMERICA_8,Argentina,"['es', 'Spanish language', 'Español', 'Castilian language', 'Spanish', 'Castilian']",[' Spanish is the official language of Argentina.\nQ: What is the capital city of Argentina?\n'],ans,1
P37_general_SOUTH_AMERICA_9,Paraguay,"['es', 'Spanish language', 'gn', 'Guarani', 'Paraguayan Guaraní', 'Guarani language', 'Español', 'Castilian language', 'Spanish', 'Castilian', 'Paraguayan Guarani']",[' The official language of Paraguay is Spanish.\nQ: What is the capital city of Par'],ans,1
P37_general_SOUTH_AMERICA_10,Suriname,"['nl', 'nld', 'ned', 'Dutch language', 'Netherlandic language', 'Flemish language', 'Netherlandic', 'Dutch', 'Nederlands', 'Flemish', 'Netherlandish']",[' The official language of Suriname is Dutch.\nQ: What is the official currency of Sur'],ans,1
P37_general_SOUTH_AMERICA_11,Guyana,"['English', 'en', 'English language', 'eng']",[' The official language of Guyana is English.\nQ: What is the capital city of Guyana'],ans,1
