﻿uuid,sub_label,obj_label,choices,ans_type,acc
P449_general_SOUTH_AMERICA_0,Back to 15,"['Netflix.com', 'Netflix', 'Net Flix']",[' Back to 15 was originally aired on the ABC network.\nQ: What is the'],ans,0
P449_general_SOUTH_AMERICA_2,Bailando 2021,"['eltrece', 'El Trece, Argentina', 'El trece']",[' Bailando 2021 was originally aired on El Trece.\nQ:'],ans,1
P449_general_SOUTH_AMERICA_4,"Cantando por un sueño, season 5","['eltrece', 'El Trece, Argentina', 'El trece']","[' Cantando por un sueño, season 5 was originally aired on Televisa.\n']",ans,0
P449_general_SOUTH_AMERICA_6,A Casa,"['RecordTV', 'Record TV', 'Rede Record', 'Rede Record de Televisão', 'Record TV Network', 'TV Record']",[' A Casa was originally aired on RTP1.\nQ: Who is the creator of'],ans,0
P449_general_SOUTH_AMERICA_8,MasterChef Celebrity Argentina: 2nd Season,"['Telefe', 'Televisión Federal']",[' MasterChef Celebrity Argentina: 2nd Season was originally aired on Telefe'],ans,1
P449_general_SOUTH_AMERICA_10,Soñando por cantar,"['eltrece', 'El Trece, Argentina', 'El trece']",[' Soñando por cantar was originally aired on the Mexican television network Televisa.\n'],ans,0
P449_general_SOUTH_AMERICA_12,Bailando 2012,"['eltrece', 'El Trece, Argentina', 'El trece']",[' Bailando 2012 was originally aired on El Trece.\nQ:'],ans,1
P449_general_SOUTH_AMERICA_14,Verdades ocultas,"['Megavision', 'Red Televisiva Megavision', 'Canal 9', 'Red Televisiva Megavisión', 'Mega']",[' Verdades ocultas was originally aired on TV Azteca.\nQ: What is'],ans,0
P449_general_SOUTH_AMERICA_16,Bailando 2010,"['eltrece', 'El Trece, Argentina', 'El trece']",[' Bailando 2010 was originally aired on El Trece.\nQ:'],ans,1
P449_general_SOUTH_AMERICA_18,Bailando 2019,"['eltrece', 'El Trece, Argentina', 'El trece']",[' Bailando 2019 was originally aired on Canal 13.\nQ'],ans,0
P449_general_SOUTH_AMERICA_20,Asia Express: La Ruta del Dragón,"['Caracol', 'Caracol TV', 'Cadena Radial Colombiana', 'Canal Caracol', 'Cadena Radial Colombiana de Televisión', 'Caracol Television', 'Caracol Televisión']",[' Asia Express: La Ruta del Dragón was originally aired on TVE.\nQ:'],ans,0
P449_general_SOUTH_AMERICA_22,Desafío,"['Caracol', 'Caracol TV', 'Cadena Radial Colombiana', 'Canal Caracol', 'Cadena Radial Colombiana de Televisión', 'Caracol Television', 'Caracol Televisión']",[' Desafío was originally aired on Telemundo.\nQ: What is the name of'],ans,0
P449_general_SOUTH_AMERICA_24,La Voz Argentina: 3rd Season,"['Telefe', 'Televisión Federal']",[' La Voz Argentina: 3rd Season was originally aired on Telefe.\nQ:'],ans,1
P449_general_SOUTH_AMERICA_26,Big Brother Brasil,"['Rede Globo', 'Globo', 'Brazilian TV Globo', 'TV Globo']",[' Big Brother Brasil was originally aired on Rede Globo.\nQ: What is the'],ans,1
P449_general_SOUTH_AMERICA_28,Avenida Brasil,"['Rede Globo', 'Globo', 'Brazilian TV Globo', 'TV Globo']",[' Avenida Brasil was originally aired on Rede Globo.\nQ: What is the duration'],ans,1
P449_general_SOUTH_AMERICA_30,Bailando 2017,"['eltrece', 'El Trece, Argentina', 'El trece']",[' Bailando 2017 was originally aired on El Trece.\nQ:'],ans,1
P449_general_SOUTH_AMERICA_32,"Elegidos, season 2","['Telefe', 'Televisión Federal']","[' Elegidos, season 2 was originally aired on Netflix.\nQ: What']",ans,0
P449_general_SOUTH_AMERICA_34,¿Quién es la máscara? (Argentina),"['Telefe', 'Televisión Federal']",[' The show was originally aired on Telefe.\nQ: What is the name of the show'],ans,1
P449_general_SOUTH_AMERICA_36,"Desafío 2015: India, la reencarnación","['Caracol', 'Caracol TV', 'Cadena Radial Colombiana', 'Canal Caracol', 'Cadena Radial Colombiana de Televisión', 'Caracol Television', 'Caracol Televisión']","[' Desafío 2015: India, la reencarnación was originally aired']",ans,0
P449_general_SOUTH_AMERICA_38,Segundo Sol,"['Rede Globo', 'Globo', 'Brazilian TV Globo', 'TV Globo']",[' Segundo Sol was originally aired on Televisa.\nQ: Where can I watch Seg'],ans,0
P449_general_SOUTH_AMERICA_40,A Força do Querer,"['Rede Globo', 'Globo', 'Brazilian TV Globo', 'TV Globo']",[' A Força do Querer was originally aired on Rede Globo.\nQ: Who'],ans,1
P449_general_SOUTH_AMERICA_42,31 Minutos,"['Televisión Nacional de Chile', 'Canal 7', 'TVN 7', 'Television Nacional de Chile', 'TVN']","[' 31 Minutos was originally aired on Canal 13, a Chilean TV channel']",ans,0
P449_general_SOUTH_AMERICA_44,Velho Chico,"['Rede Globo', 'Globo', 'Brazilian TV Globo', 'TV Globo']",[' Velho Chico was originally aired on Rede Globo.\nQ: Who is the'],ans,1
P449_general_SOUTH_AMERICA_46,Todo puede pasar,['Canal 9 (Buenos Aires)'],[' Todo puede pasar was originally aired on the Mexican television network Televisa.\nQ'],ans,0
P449_general_SOUTH_AMERICA_48,Verdades Secretas,"['Rede Globo', 'Globo', 'Brazilian TV Globo', 'TV Globo']",[' The series was originally aired on Brazilian TV channel Globo.\nQ: What is the'],ans,1
P449_general_SOUTH_AMERICA_50,Alto Astral,"['Rede Globo', 'Globo', 'Brazilian TV Globo', 'TV Globo']","[' Alto Astral was originally aired on Rede Globo, a Brazilian television network']",ans,1
P449_general_SOUTH_AMERICA_52,Soñando por Bailar 2011,"['eltrece', 'El Trece, Argentina', 'El trece']",[' Soñando por Bailar 2011 was originally aired on Canal 1'],ans,0
P449_general_SOUTH_AMERICA_54,Bailando 2018,"['eltrece', 'El Trece, Argentina', 'El trece']",[' Bailando 2018 was originally aired on El Trece.\nQ:'],ans,1
P449_general_SOUTH_AMERICA_56,Cantando 2012,"['eltrece', 'El Trece, Argentina', 'El trece']",[' Cantando 2012 was originally aired on TVE.\nQ: What is'],ans,0
P449_general_SOUTH_AMERICA_58,Rojo,"['Televisión Nacional de Chile', 'Canal 7', 'TVN 7', 'Television Nacional de Chile', 'TVN']",[' Rojo was originally aired on the Spanish channel Antena 3.\nQ: What'],ans,0
P449_general_SOUTH_AMERICA_60,Totalmente Demais,"['Rede Globo', 'Globo', 'Brazilian TV Globo', 'TV Globo']",[' Totalmente Demais was originally aired on Rede Globo.\nQ: What is the'],ans,1
P449_general_SOUTH_AMERICA_62,O Outro Lado do Paraíso,"['Rede Globo', 'Globo', 'Brazilian TV Globo', 'TV Globo']",[' O Outro Lado do Paraíso was originally aired on Rede Globo.\n'],ans,1
P449_general_SOUTH_AMERICA_64,Insensato Coração,"['Rede Globo', 'Globo', 'Brazilian TV Globo', 'TV Globo']",[' Insensato Coração was originally aired on Rede Globo.\nQ: What'],ans,1
P449_general_SOUTH_AMERICA_66,N.N.,"['Canal 1', 'Canal Uno']",[' N.N. was originally aired on the Japanese satellite channel WOWOW.\nQ:'],ans,0
P449_general_SOUTH_AMERICA_68,El Musical de tus Sueños,"['eltrece', 'El Trece, Argentina', 'El trece']",[' El Musical de tus Sueños was originally aired on Univision.\nQ: What'],ans,0
P449_general_SOUTH_AMERICA_70,A Regra do Jogo,"['Rede Globo', 'Globo', 'Brazilian TV Globo', 'TV Globo']",[' A Regra do Jogo was originally aired on Rede Globo.\nQ: Who'],ans,1
P449_general_SOUTH_AMERICA_72,The Noite com Danilo Gentili,"['Sistema Brasileiro de Televisão', 'SBT']",[' The Noite com Danilo Gentili was originally aired on SBT.\nQ:'],ans,1
P449_general_SOUTH_AMERICA_74,Salve-se Quem Puder,"['Rede Globo', 'Globo', 'Brazilian TV Globo', 'TV Globo']","[' It was aired on Rede Globo, a Brazilian television network.\nQ: What']",ans,1
P449_general_SOUTH_AMERICA_76,1810,['Canal 13'],[' 1810 was originally aired on the History Channel.\nQ: What is the'],ans,0
P449_general_SOUTH_AMERICA_78,"Young Hearts, season 22","['Rede Globo', 'Globo', 'Brazilian TV Globo', 'TV Globo']","[' Young Hearts, season 22 was originally aired on ABC.\nQ: What is']",ans,0
P449_general_SOUTH_AMERICA_80,Geração Brasil,"['Rede Globo', 'Globo', 'Brazilian TV Globo', 'TV Globo']","[' Geração Brasil was originally aired on Rede Globo, a Brazilian television network.']",ans,1
P449_general_SOUTH_AMERICA_82,Segunda temporada de A Otro Nivel,"['Caracol', 'Caracol TV', 'Cadena Radial Colombiana', 'Canal Caracol', 'Cadena Radial Colombiana de Televisión', 'Caracol Television', 'Caracol Televisión']",[' Segunda temporada de A Otro Nivel was originally aired on .\nQ: What is the'],ans,0
P449_general_SOUTH_AMERICA_84,Bolívar,"['Netflix.com', 'Netflix', 'Net Flix']",[' The series was originally aired on the History Channel.\nQ: What is the name of the'],ans,0
P449_general_SOUTH_AMERICA_86,Haja Coração,"['Rede Globo', 'Globo', 'Brazilian TV Globo', 'TV Globo']","[' Haja Coração was aired on Globo TV, a Brazilian TV channel.\n']",ans,1
P449_general_SOUTH_AMERICA_88,A Lei do Amor,"['Rede Globo', 'Globo', 'Brazilian TV Globo', 'TV Globo']",[' A Lei do Amor was originally aired on Rede Globo.\nQ: What'],ans,1
P449_general_SOUTH_AMERICA_90,Pânico na TV,['RedeTV!'],[' Pânico na TV was originally aired on RedeTV!\nQ: What is the'],ans,1
P449_general_SOUTH_AMERICA_92,Verão 90°,"['Rede Globo', 'Globo', 'Brazilian TV Globo', 'TV Globo']","[' Verão 90° was originally aired on Rede Globo, a Brazilian television']",ans,1
P449_general_SOUTH_AMERICA_94,Cambalacho,"['Rede Globo', 'Globo', 'Brazilian TV Globo', 'TV Globo']",[' Cambalacho was originally aired on ABS-CBN.\nQ: What is'],ans,0
P449_general_SOUTH_AMERICA_96,MasterChef,"['Rede Bandeirantes', 'TV Bandeirantes', 'Rede Bandeirantes de Televisão', 'Band', 'Bandeirantes Television Network']",[' MasterChef was originally aired on BBC.\nQ: What is the duration of MasterChe'],ans,0
P449_general_SOUTH_AMERICA_98,Éramos Seis,"['Rede Globo', 'Globo', 'Brazilian TV Globo', 'TV Globo']",[' Éramos Seis was originally aired on Rede Globo.\nQ: Who is'],ans,1
P449_general_SOUTH_AMERICA_100,Big Brother Brasil 13,"['Rede Globo', 'Globo', 'Brazilian TV Globo', 'TV Globo']",[' Big Brother Brasil 13 was originally aired on Rede Globo.\nQ:'],ans,1
P449_general_SOUTH_AMERICA_102,Sangue Bom,"['Rede Globo', 'Globo', 'Brazilian TV Globo', 'TV Globo']","[' Sangue Bom was aired on Rede Globo, a Brazilian television network.\nQ']",ans,1
P449_general_SOUTH_AMERICA_104,Boogie Oogie,"['Rede Globo', 'Globo', 'Brazilian TV Globo', 'TV Globo']","[' Boogie Oogie was originally aired on the channel, Sony Entertainment Television.\nQ']",ans,0
P449_general_SOUTH_AMERICA_106,Chiquititas,"['Sistema Brasileiro de Televisão', 'SBT']",[' Chiquititas was originally aired on Telefe in Argentina.\nQ: What is the'],ans,0
P449_general_SOUTH_AMERICA_108,Os Trapalhões,"['Rede Globo', 'Globo', 'Brazilian TV Globo', 'TV Globo']",[' Os Trapalhões was originally aired on Rede Globo.\nQ: What'],ans,1
P449_general_SOUTH_AMERICA_110,Sete Vidas,"['Rede Globo', 'Globo', 'Brazilian TV Globo', 'TV Globo']","[' Sete Vidas was originally aired on RTP1, the main channel of RTP,']",ans,0
P449_general_SOUTH_AMERICA_112,O Rebu,"['Rede Globo', 'Globo', 'Brazilian TV Globo', 'TV Globo']",[' O Rebu was aired on the channel Zee Bangla.\nQ: What is the'],ans,0
P449_general_SOUTH_AMERICA_114,Fina Estampa,"['Rede Globo', 'Globo', 'Brazilian TV Globo', 'TV Globo']",[' Fina Estampa was originally aired on Rede Globo.\nQ: What is the'],ans,1
P449_general_SOUTH_AMERICA_116,Quinta temporada de Yo me llamo,"['Caracol', 'Caracol TV', 'Cadena Radial Colombiana', 'Canal Caracol', 'Cadena Radial Colombiana de Televisión', 'Caracol Television', 'Caracol Televisión']",[' Quinta temporada de Yo me llamo was originally aired on Univision.\nQ'],ans,0
P449_general_SOUTH_AMERICA_118,Lado a Lado,"['Rede Globo', 'Globo', 'Brazilian TV Globo', 'TV Globo']","[' Lado a Lado was originally aired on Rede Globo, a Brazilian television network']",ans,1
P449_general_SOUTH_AMERICA_120,Novo Mundo,"['Rede Globo', 'Globo', 'Brazilian TV Globo', 'TV Globo']","[' Novo Mundo was originally aired on Rede Globo, a Brazilian television network.\n']",ans,1
P449_general_SOUTH_AMERICA_122,Periodismo para todos,"['eltrece', 'El Trece, Argentina', 'El trece']",[' Periodismo para todos was originally aired on the Argentine TV channel América 24.\n'],ans,0
P449_general_SOUTH_AMERICA_124,Los 80,['Canal 13'],[' Los 80 was originally aired on Canal 13.\nQ: What is the'],ans,1
P449_general_SOUTH_AMERICA_126,Topíssima,"['RecordTV', 'Record TV', 'Rede Record', 'Rede Record de Televisão', 'Record TV Network', 'TV Record']","[' Topíssima was originally aired on RTP1, the main channel of RTP,']",ans,0
P449_general_SOUTH_AMERICA_128,Cantando 2011,"['eltrece', 'El Trece, Argentina', 'El trece']",[' Cantando 2011 was originally aired on TVN.\nQ: What is'],ans,0
P449_general_SOUTH_AMERICA_130,O Rei do Gado,"['Rede Globo', 'Globo', 'Brazilian TV Globo', 'TV Globo']",[' O Rei do Gado was originally aired on Rede Globo.\nQ: Who'],ans,1
P449_general_SOUTH_AMERICA_132,Al Fondo Hay Sitio,"['Channel 4 of Lima', 'América TV', 'América Television', 'Channel 4', 'America Television']","[' Al Fondo Hay Sitio was originally aired on the TV network, Univision.\n']",ans,0
P449_general_SOUTH_AMERICA_134,Fútbol para todos,"['TV Publica Digital', 'Televisión Pública', 'Televisión Pública Argentina', 'Channel 7 Argentina']",[' Fútbol para todos was originally aired on Telefe.\nQ: What is the name of'],ans,0
P449_general_SOUTH_AMERICA_136,Bake Off Brasil,"['Sistema Brasileiro de Televisão', 'SBT']",[' Bake Off Brasil was originally aired on SBT.\nQ: What is the name'],ans,1
P449_general_SOUTH_AMERICA_138,2011 Viña del Mar International Song Festival,"['Chilevision', 'Red de Televisión Chilevisión', 'Canal 11', 'Chilevisión', 'RTU', 'Red de Television Chilevision']",[' 2011 Viña del Mar International Song Festival was originally aired on Canal 1'],ans,0
P449_general_SOUTH_AMERICA_140,Justiça,"['Rede Globo', 'Globo', 'Brazilian TV Globo', 'TV Globo']","[' Justiça was originally aired on Rede Globo, a Brazilian television network.\n']",ans,1
P449_general_SOUTH_AMERICA_142,Tempos Modernos,"['Rede Globo', 'Globo', 'Brazilian TV Globo', 'TV Globo']",[' Tempos Modernos was originally aired on Rede Globo.\nQ: What is the'],ans,1
P449_general_SOUTH_AMERICA_144,Clave uno: médicos en alerta,"['Latina Televisión', 'Channel 2 (Peru)', 'Latina (Peru)', 'Frecuencia 2', 'Frecuencia Latina', 'Canal 2 (Peru)']",[' Clave uno: médicos en alerta was originally aired on Spain.\nQ: Who'],ans,0
P449_general_SOUTH_AMERICA_146,A Favorita,"['Rede Globo', 'Globo', 'Brazilian TV Globo', 'TV Globo']",[' A Favorita was originally aired on Rede Globo.\nQ: What is the'],ans,1
P449_general_SOUTH_AMERICA_148,You Are the One,"['eltrece', 'El Trece, Argentina', 'El trece']","["" You Are the One was originally aired on the Philippines' GMA Network.\nQ: What""]",ans,0
P449_general_SOUTH_AMERICA_150,MasterChef Celebrity Argentina: 3rd Season,"['Telefe', 'Televisión Federal']",[' MasterChef Celebrity Argentina: 3rd Season was originally aired on Canal '],ans,0
P449_general_SOUTH_AMERICA_152,Rock Story,"['Rede Globo', 'Globo', 'Brazilian TV Globo', 'TV Globo']",[' Rock Story was originally aired on the Japanese satellite channel WOWOW.\nQ: What is'],ans,0
P449_general_SOUTH_AMERICA_154,Hugo,['Magic Kids'],[' Hugo was originally aired on the Nickelodeon channel.\nQ: What is the name'],ans,0
P449_general_SOUTH_AMERICA_156,La ley del corazón,"['RCN TV', 'Canal RCN']",[' La ley del corazón was originally aired on Telemundo.\nQ: What'],ans,0
P449_general_SOUTH_AMERICA_158,Young Hearts,"['Rede Globo', 'Globo', 'Brazilian TV Globo', 'TV Globo']",[' Young Hearts was originally aired on the BBC.\nQ: What is the name of the'],ans,0
P449_general_SOUTH_AMERICA_160,3 familias,['Ecuavisa'],[' 3 familias was originally aired on the Spanish-language network Telemundo.\nQ'],ans,0
P449_general_SOUTH_AMERICA_162,Rebelde Way,['Canal 9 (Buenos Aires)'],[' Rebelde Way was originally aired on the Argentinean TV channel Telefe.\nQ:'],ans,0
P449_general_SOUTH_AMERICA_164,"The Voice Brasil, season 4","['Rede Globo', 'Globo', 'Brazilian TV Globo', 'TV Globo']","[' The Voice Brasil, season 4 was originally aired on Rede Globo.\nQ']",ans,1
P449_general_SOUTH_AMERICA_166,Vidas robadas,"['Telefe', 'Televisión Federal']",[' Vidas robadas was originally aired on Univision.\nQ: Who is the cre'],ans,0
P449_general_SOUTH_AMERICA_168,Mea culpa,"['Televisión Nacional de Chile', 'Canal 7', 'TVN 7', 'Television Nacional de Chile', 'TVN']",[' Mea culpa was originally aired on the French-German TV channel Arte.\nQ'],ans,0
P449_general_SOUTH_AMERICA_170,MasterChef Paraguay,['Telefuturo'],[' MasterChef Paraguay was originally aired on Telefuturo.\nQ: What'],ans,1
P449_general_SOUTH_AMERICA_172,Big Brother Brasil 11,"['Rede Globo', 'Globo', 'Brazilian TV Globo', 'TV Globo']",[' Big Brother Brasil 11 was originally aired on Rede Globo.\nQ:'],ans,1
P449_general_SOUTH_AMERICA_174,"¿Qué fue primero, el huevo o la gallina?","['Telefe', 'Televisión Federal']",[' The show was originally aired on the Spanish TV channel Antena 3.\nQ:'],ans,0
P449_general_SOUTH_AMERICA_176,Duas Caras,"['Rede Globo', 'Globo', 'Brazilian TV Globo', 'TV Globo']",[' Duas Caras was originally aired on Rede Globo in Brazil.\nQ: What'],ans,1
P449_general_SOUTH_AMERICA_178,Peter Punk,"['Disney Channel Spain', 'Disney Channel']",[' Peter Punk was originally aired on the now defunct Toonami Jetstream.\nQ:'],ans,0
P449_general_SOUTH_AMERICA_180,Caminho das Índias,"['Rede Globo', 'Globo', 'Brazilian TV Globo', 'TV Globo']",[' Caminho das Índias was originally aired on Rede Globo.\nQ: Who'],ans,1
P449_general_SOUTH_AMERICA_182,Cara e Coragem,"['Rede Globo', 'Globo', 'Brazilian TV Globo', 'TV Globo']",[' Cara e Coragem was originally aired on Rede Globo.\nQ: What is'],ans,1
P449_general_SOUTH_AMERICA_184,Cantando por un sueño,['Canal 13'],[' Cantando por un sueño was originally aired on Televisa.\nQ: What is'],ans,0
P449_general_SOUTH_AMERICA_186,Agora É Tarde,"['Rede Bandeirantes', 'TV Bandeirantes', 'Rede Bandeirantes de Televisão', 'Band', 'Bandeirantes Television Network']",[' Agora É Tarde was aired on Rede Globo.\nQ: Who is the'],ans,0
P449_general_SOUTH_AMERICA_188,Los Morales,"['Caracol', 'Caracol TV', 'Cadena Radial Colombiana', 'Canal Caracol', 'Cadena Radial Colombiana de Televisión', 'Caracol Television', 'Caracol Televisión']",[' Los Morales was originally aired on the Spanish-language network Telemundo.\nQ:'],ans,0
P449_general_SOUTH_AMERICA_190,Vitória,"['RecordTV', 'Record TV', 'Rede Record', 'Rede Record de Televisão', 'Record TV Network', 'TV Record']",[' Vitória was originally aired on Rede Globo.\nQ: What is the name of'],ans,0
P449_general_SOUTH_AMERICA_192,Belaventura,"['RecordTV', 'Record TV', 'Rede Record', 'Rede Record de Televisão', 'Record TV Network', 'TV Record']",[' Belaventura was originally aired on the now defunct RPN 9.\nQ'],ans,0
P449_general_SOUTH_AMERICA_194,Aquele Beijo,"['Rede Globo', 'Globo', 'Brazilian TV Globo', 'TV Globo']",[' Aquele Beijo was originally aired on Rede Globo.\nQ: Who is'],ans,1
P449_general_SOUTH_AMERICA_196,Café con aroma de mujer,"['RCN TV', 'Canal RCN']",[' Café con aroma de mujer was originally aired on RCN Televisión.\n'],ans,0
P449_general_SOUTH_AMERICA_198,"The Switch Drag Race, season 2","['Megavision', 'Red Televisiva Megavision', 'Canal 9', 'Red Televisiva Megavisión', 'Mega']","[' The Switch Drag Race, season 2 was originally aired on MTV.\nQ: Who is']",ans,0
P449_general_SOUTH_AMERICA_200,"Young Hearts, season 20","['Rede Globo', 'Globo', 'Brazilian TV Globo', 'TV Globo']","[' Young Hearts, season 20 was originally aired on ABC.\nQ: What is']",ans,0
P449_general_SOUTH_AMERICA_202,Las muñecas de la mafia,"['Caracol', 'Caracol TV', 'Cadena Radial Colombiana', 'Canal Caracol', 'Cadena Radial Colombiana de Televisión', 'Caracol Television', 'Caracol Televisión']",[' Las muñecas de la mafia was originally aired on Canal 5.\n'],ans,0
P449_general_SOUTH_AMERICA_204,"Young Hearts, season 25","['Rede Globo', 'Globo', 'Brazilian TV Globo', 'TV Globo']","[' Young Hearts, season 25 was originally aired on ABC.\nQ: What is']",ans,0
P449_general_SOUTH_AMERICA_206,Calle 7 El Salvador,"['Channel 6 (El Salvador)', 'YSLA 6']",[' Calle 7 El Salvador was originally aired on Canal 4.\nQ: Where is'],ans,0
P449_general_SOUTH_AMERICA_208,Sol Nascente,"['Rede Globo', 'Globo', 'Brazilian TV Globo', 'TV Globo']","[' Sol Nascente was originally aired on Rede Globo, a Brazilian television network.\n']",ans,1
P449_general_SOUTH_AMERICA_210,Mulheres de Areia,"['Rede Globo', 'Globo', 'Brazilian TV Globo', 'TV Globo']",[' Mulheres de Areia was originally aired on Rede Globo.\nQ: What'],ans,1
P449_general_SOUTH_AMERICA_212,Da Cor do Pecado,"['Rede Globo', 'Globo', 'Brazilian TV Globo', 'TV Globo']",[' Da Cor do Pecado was originally aired on Rede Globo.\nQ: Who'],ans,1
P449_general_SOUTH_AMERICA_214,Are You The One Brazil,"['MTV (Brazil)', 'MTV']",[' Are You The One Brazil was originally aired on MTV Brazil.\nQ: What is the name'],ans,1
P449_general_SOUTH_AMERICA_216,Power Couple,"['RecordTV', 'Record TV', 'Rede Record', 'Rede Record de Televisão', 'Record TV Network', 'TV Record']",[' Power Couple was originally aired on Sahara One.\nQ: Who is the host of'],ans,0
P449_general_SOUTH_AMERICA_218,Habacilar,"['Channel 4 of Lima', 'América TV', 'América Television', 'Channel 4', 'America Television']",[' Habacilar was originally aired on TRT 1.\nQ: What is the duration'],ans,0
P449_general_SOUTH_AMERICA_220,"Violetta, season 1","['Disney Channel Latin America', 'Disney Channel']","[' Violetta, season 1 was originally aired on Disney Channel.\nQ: Where']",ans,1
P449_general_SOUTH_AMERICA_222,Casados con Hijos,"['Telefe', 'Televisión Federal']",[' Casados con Hijos was originally aired on Telefe.\nQ: What is the duration'],ans,1
P449_general_SOUTH_AMERICA_224,Minuto para Ganar,"['Telefe', 'Televisión Federal']",[' Minuto para Ganar was originally aired on Telefe.\nQ: What is the duration'],ans,1
P449_general_SOUTH_AMERICA_226,Expedición Róbinson,"['Caracol', 'Caracol TV', 'Cadena Radial Colombiana', 'Canal Caracol', 'Cadena Radial Colombiana de Televisión', 'Caracol Television', 'Caracol Televisión']",[' Expedición Róbinson was originally aired on the Spanish TV channel Antena '],ans,0
P449_general_SOUTH_AMERICA_228,Carinha de Anjo,"['Sistema Brasileiro de Televisão', 'SBT']",[' Carinha de Anjo was originally aired on SBT.\nQ: What is the'],ans,1
P449_general_SOUTH_AMERICA_230,Celebridade,"['Rede Globo', 'Globo', 'Brazilian TV Globo', 'TV Globo']",[' Celebridade was originally aired on Rede Globo.\nQ: What is the'],ans,1
P449_general_SOUTH_AMERICA_232,Alma Pirata,"['Telefe', 'Televisión Federal']",[' Alma Pirata was originally aired on Televisa.\nQ: What is the name'],ans,0
P449_general_SOUTH_AMERICA_234,Suave Veneno,"['Rede Globo', 'Globo', 'Brazilian TV Globo', 'TV Globo']",[' Suave Veneno was originally aired on Rede Globo.\nQ: Who is'],ans,1
P449_general_SOUTH_AMERICA_236,100% Lucha,"['Telefe', 'Televisión Federal']",[' 100% Lucha was originally aired on the Mexican television network Televisa.'],ans,0
P449_general_SOUTH_AMERICA_238,Beto a Saber,"['Willax Televisión', 'Willax TV', 'ATV', 'Willax']",[' Beto a Saber was aired on the Brazilian TV channel SBT.\nQ'],ans,0
P449_general_SOUTH_AMERICA_240,Tu cara me suena,"['Megavision', 'Red Televisiva Megavision', 'Canal 9', 'Red Televisiva Megavisión', 'Mega']",[' Tu cara me suena was originally aired on Antena 3.\nQ:'],ans,0
P449_general_SOUTH_AMERICA_242,Chile ayuda a Chile,['Canal 13'],"[' Chile ayuda a Chile was originally aired on TVN, a Chilean television network.\n']",ans,0
P449_general_SOUTH_AMERICA_244,El Artista del Año,"['Channel 4 of Lima', 'América TV', 'América Television', 'Channel 4', 'America Television']",[' El Artista del Año was originally aired on Univision.\nQ: What is'],ans,0
P449_general_SOUTH_AMERICA_246,Escrito nas Estrelas,"['Rede Globo', 'Globo', 'Brazilian TV Globo', 'TV Globo']",[' Escrito nas Estrelas was originally aired on SIC.\nQ: What is the'],ans,0
P449_general_SOUTH_AMERICA_248,América,"['Rede Globo', 'Globo', 'Brazilian TV Globo', 'TV Globo']",[' América was originally aired on Telemundo.\nQ: What is the name of the song'],ans,0
P449_general_SOUTH_AMERICA_250,El club de la comedia,"['Chilevision', 'Red de Televisión Chilevisión', 'Canal 11', 'Chilevisión', 'RTU', 'Red de Television Chilevision']",[' El club de la comedia was originally aired on Comedy Central.\nQ: What is'],ans,0
P449_general_SOUTH_AMERICA_252,"Magaly TV, la firme","['Latina Televisión', 'Channel 2 (Peru)', 'Latina (Peru)', 'ATV', 'Frecuencia 2', 'Frecuencia Latina', 'Canal 2 (Peru)']","[' Magaly TV, la firme was originally aired on Univision.\nQ: What']",ans,0
P449_general_SOUTH_AMERICA_254,"Calle 7 Paraguay, season 5",['Telefuturo'],"[' Calle 7 Paraguay, season 5 was originally aired on Telefuturo']",ans,1
P449_general_SOUTH_AMERICA_256,Dois Irmãos (miniseries),"['Rede Globo', 'Globo', 'Brazilian TV Globo', 'TV Globo']",[' Dois Irmãos (miniseries) was originally aired on Rede Globo'],ans,1
P449_general_SOUTH_AMERICA_258,Víndica,['América TV'],[' Víndica was originally aired on the Spanish television network Antena 3.\n'],ans,0
P449_general_SOUTH_AMERICA_260,Além da Ilusão,"['Rede Globo', 'Globo', 'Brazilian TV Globo', 'TV Globo']","[' It was aired on Rede Globo, the biggest TV network in Brazil.\nQ:']",ans,1
P449_general_SOUTH_AMERICA_262,El primero de nosotros,"['Telefe', 'CBS All Access', 'Paramount Plus', '10 All Access', 'Paramount+', 'Televisión Federal']",[' El primero de nosotros was originally aired on Canal 13.\nQ:'],ans,0
P449_general_SOUTH_AMERICA_264,Aliados,"['Telefe', 'Televisión Federal']",[' Aliados was originally aired on the Argentine TV channel Telefe.\nQ: What is'],ans,1
P449_general_SOUTH_AMERICA_266,Sábado Gigante,"['Univision', 'Canal 13']",[' Sábado Gigante was originally aired on Univision.\nQ: What is'],ans,1
P449_general_SOUTH_AMERICA_268,Monica's Gang,"['TV Bandeirantes', 'Rede Bandeirantes de Televisão', 'TV Cultura', 'Band', 'Brazilian TV Globo', 'Rede Globo', 'Globo', 'TV Globo', 'Bandeirantes Television Network', 'Rede Bandeirantes']","["" Monica's Gang was originally aired on Rede Globo, a Brazilian TV network""]",ans,1
P449_general_SOUTH_AMERICA_270,Dancin' Days,"['Rede Globo', 'Globo', 'Brazilian TV Globo', 'TV Globo']","["" Dancin' Days was originally aired on Rede Globo, a Brazilian TV network.""]",ans,1
P449_general_SOUTH_AMERICA_272,Esmeralda,"['Sistema Brasileiro de Televisão', 'SBT']",[' Esmeralda was originally aired on Televisa in Mexico.\nQ: What is'],ans,0
P449_general_SOUTH_AMERICA_274,Combate,['ATV'],"[' Combate Americas was originally aired on NBC Universo, which is a Spanish']",ans,0
P449_general_SOUTH_AMERICA_276,"Bake Off Argentina, El gran pastelero","['Telefe', 'Televisión Federal']","[' Bake Off Argentina, El gran pastelero was originally aired on Telefe.\nQ']",ans,1
P449_general_SOUTH_AMERICA_278,Roque Santeiro,"['Rede Globo', 'Globo', 'Brazilian TV Globo', 'TV Globo']",[' Roque Santeiro was originally aired on Rede Globo.\nQ: Who is'],ans,1
P449_general_SOUTH_AMERICA_280,Resistiré (Chilean TV series),"['Megavision', 'Red Televisiva Megavision', 'Canal 9', 'Red Televisiva Megavisión', 'Mega']",[' Resistiré (Chilean TV series) was originally aired on Canal 13'],ans,0
P449_general_SOUTH_AMERICA_282,"Yo soy Betty, la fea","['RCN TV', 'Canal RCN']",[' Colombia\nQ: What is the name of the character that America Ferrera plays in Ugly Betty'],ans,0
P449_general_SOUTH_AMERICA_284,Paraíso Tropical,"['Rede Globo', 'Globo', 'Brazilian TV Globo', 'TV Globo']","[' Paraíso Tropical was originally aired on Rede Globo, a Brazilian television network']",ans,1
P449_general_SOUTH_AMERICA_286,Noticias Caracol,"['Caracol', 'Caracol TV', 'Cadena Radial Colombiana', 'Canal Caracol', 'Cadena Radial Colombiana de Televisión', 'Caracol Television', 'Caracol Televisión']",[' Noticias Caracol was originally aired on Caracol TV.\nQ: What'],ans,1
P449_general_SOUTH_AMERICA_288,"Quanto Mais Vida, Melhor!","['Rede Globo', 'Globo', 'Brazilian TV Globo', 'TV Globo']","[' Quanto Mais Vida, Melhor! was originally aired on Rede Globo.\n']",ans,1
P449_general_SOUTH_AMERICA_290,Okupas,"['TV Publica Digital', 'Televisión Pública', 'Televisión Pública Argentina', 'Channel 7 Argentina']","[' Okupas was originally aired on the now defunct channel, Studio 23.\n']",ans,0
P449_general_SOUTH_AMERICA_292,Héroesm,['Canal 13'],"[' Héroesm was originally aired on the Mexican television network, Televisa.\nQ']",ans,0
P449_general_SOUTH_AMERICA_294,Pantanal,"['Rede Manchete de Televisão', 'Manchete', 'TV Manchete', 'Rede Manchete']",[' Pantanal was originally aired on Rede Manchete.\nQ: What is the'],ans,1
P449_general_SOUTH_AMERICA_296,O Beijo do Vampiro,"['Rede Globo', 'Globo', 'Brazilian TV Globo', 'TV Globo']",[' O Beijo do Vampiro was originally aired on Rede Globo.\nQ:'],ans,1
P449_general_SOUTH_AMERICA_298,Vidas Opostas,"['RecordTV', 'Record TV', 'Rede Record', 'Rede Record de Televisão', 'Record TV Network', 'TV Record']",[' Vidas Opostas was originally aired on Rede Globo.\nQ: Who is'],ans,0
P449_general_SOUTH_AMERICA_300,Araguaia,"['Rede Globo', 'Globo', 'Brazilian TV Globo', 'TV Globo']",[' Araguaia was aired on Rede Globo.\nQ: What is the duration of'],ans,1
P449_general_SOUTH_AMERICA_302,Sete Pecados,"['Rede Globo', 'Globo', 'Brazilian TV Globo', 'TV Globo']","[' Sete Pecados was aired on Rede Globo, a Brazilian television network.']",ans,1
P449_general_SOUTH_AMERICA_304,The Switch Drag Race,"['Megavision', 'Red Televisiva Megavision', 'Canal 9', 'Red Televisiva Megavisión', 'Mega']","[' The Switch Drag Race was originally aired on the LGBTQ+ network, OUTtv.']",ans,0
P449_general_SOUTH_AMERICA_306,Desejos de Mulher,"['Rede Globo', 'Globo', 'Brazilian TV Globo', 'TV Globo']",[' Desejos de Mulher was originally aired on Rede Globo.\nQ: Who'],ans,1
P449_general_SOUTH_AMERICA_308,Mar do Sertão,"['Rede Globo', 'Globo', 'Brazilian TV Globo', 'TV Globo']",[' Mar do Sertão was originally aired on Rede Globo.\nQ: Who is'],ans,1
P449_general_SOUTH_AMERICA_310,Botineras,"['Telefe', 'Televisión Federal']",[' Botineras was originally aired on Telefe.\nQ: Who is the creator of'],ans,1
P449_general_SOUTH_AMERICA_312,La mamá del 10,"['Caracol', 'Caracol TV', 'Cadena Radial Colombiana', 'Canal Caracol', 'Cadena Radial Colombiana de Televisión', 'Caracol Television', 'Caracol Televisión']",[' La mamá del 10 was originally aired on Telefe.\nQ: Who'],ans,0
P449_general_SOUTH_AMERICA_314,Amor Eterno Amor,"['Rede Globo', 'Globo', 'Brazilian TV Globo', 'TV Globo']",[' Amor Eterno Amor was originally aired on Televisa.\nQ: Who'],ans,0
P449_general_SOUTH_AMERICA_316,Machos,['Canal 13'],"[' Machos was originally aired on the now defunct channel, Telefutura.\nQ']",ans,0
P449_general_SOUTH_AMERICA_318,Balacobaco,"['RecordTV', 'Record TV', 'Rede Record', 'Rede Record de Televisão', 'Record TV Network', 'TV Record']",[' Balacobaco was originally aired on the Brazilian TV channel Rede Globo.\n'],ans,0
P449_general_SOUTH_AMERICA_320,A Próxima Vítima,"['Rede Globo', 'Globo', 'Brazilian TV Globo', 'TV Globo']",[' A Próxima Vítima was originally aired on RTP1.\nQ:'],ans,0
P449_general_SOUTH_AMERICA_322,Bailando Kids,"['eltrece', 'El Trece, Argentina', 'El trece']",[' Bailando Kids was originally aired on the Disney Channel in Latin America.\nQ:'],ans,0
P449_general_SOUTH_AMERICA_324,Enfermeras,"['RCN TV', 'Canal RCN']",[' Enfermeras was originally aired on Telemundo.\nQ: What is the duration'],ans,0
P449_general_SOUTH_AMERICA_326,Leandro Díaz,"['RCN TV', 'Canal RCN']",[' Leandro Díaz was originally aired on Canal 13.\nQ: Who wrote the'],ans,0
P449_general_SOUTH_AMERICA_328,Soy el mejor,"['TC Television', 'TC Televisión']",[' Soy el mejor was originally aired on Univision.\nQ: What is the name'],ans,0
P449_general_SOUTH_AMERICA_330,The next tv show,['Canal A'],[' The next tv show was originally aired on ABC.\nQ: What is the name of the'],ans,0
P449_general_SOUTH_AMERICA_332,Torre de Babel,"['Rede Globo', 'Globo', 'Brazilian TV Globo', 'TV Globo']",[' The series was originally aired on the Spanish TV channel Antena 3.\nQ:'],ans,0
P449_general_SOUTH_AMERICA_334,Gabriela,"['Rede Globo', 'Globo', 'Brazilian TV Globo', 'TV Globo']",[' It was aired on ABS-CBN.\nQ: What is the name of the'],ans,0
P449_general_SOUTH_AMERICA_336,La Pola,"['RCN TV', 'Canal RCN']",[' La Pola was originally aired on the Mexican TV network Televisa.\nQ: What'],ans,0
P449_general_SOUTH_AMERICA_338,La venganza de Analía,"['Caracol', 'Caracol TV', 'Cadena Radial Colombiana', 'Canal Caracol', 'Cadena Radial Colombiana de Televisión', 'Caracol Television', 'Caracol Televisión']",[' La venganza de Analía was originally aired on Telemundo.\nQ: What'],ans,0
P449_general_SOUTH_AMERICA_340,Los exitosos Pells,"['Telefe', 'Televisión Federal']",[' Los exitosos Pells was originally aired on Telefe.\nQ: What is the name'],ans,1
P449_general_SOUTH_AMERICA_342,MasterChef Celebrity Argentina,"['Telefe', 'Televisión Federal']",[' MasterChef Celebrity Argentina was originally aired on El Trece.\nQ:'],ans,0
P449_general_SOUTH_AMERICA_344,Castelo Rá-Tim-Bum,['TV Cultura'],"[' It was aired on TV Cultura, a Brazilian public television channel.\nQ: What is']",ans,1
P449_general_SOUTH_AMERICA_346,Historias de la primera vez,['América TV'],[' Historias de la primera vez was originally aired on Telefe.\nQ: What is the'],ans,0
P449_general_SOUTH_AMERICA_348,"Bela, a Feia","['RecordTV', 'Record TV', 'Rede Record', 'Rede Record de Televisão', 'Record TV Network', 'TV Record']","[' Bela, a Feia was aired on RTP1.\nQ: When was B']",ans,0
P449_general_SOUTH_AMERICA_350,Yo amo a Paquita Gallego,['Canal A'],[' Yo amo a Paquita Gallego was originally aired on Colombia.\nQ'],ans,0
P449_general_SOUTH_AMERICA_352,La esclava blanca,"['Caracol', 'Caracol TV', 'Cadena Radial Colombiana', 'Canal Caracol', 'Cadena Radial Colombiana de Televisión', 'Caracol Television', 'Caracol Televisión']",[' La esclava blanca was originally aired on RCN Televisión.\nQ: Who'],ans,0
P449_general_SOUTH_AMERICA_354,El man es Germán,"['RCN TV', 'Canal RCN']",[' El man es Germán was originally aired on Televisa.\nQ: Who is the'],ans,0
P449_general_SOUTH_AMERICA_356,La Mujer del Presidente,"['Canal 1', 'Canal Uno']",[' La Mujer del Presidente was originally aired on TV Azteca.\nQ: What is'],ans,0
P449_general_SOUTH_AMERICA_358,El precio justo,"['Telefe', 'Televisión Federal']",[' El precio justo was originally aired on Univision.\nQ: What is the'],ans,0
P449_general_SOUTH_AMERICA_360,O Casarão,"['Rede Globo', 'Globo', 'Brazilian TV Globo', 'TV Globo']",[' O Casarão was originally aired on Rede Globo.\nQ: Who is the'],ans,1
P449_general_SOUTH_AMERICA_362,Elas por Elas,"['Rede Globo', 'Globo', 'Brazilian TV Globo', 'TV Globo']","[' Elas por Elas was originally aired on Rede Globo, a Brazilian television network']",ans,1
P449_general_SOUTH_AMERICA_364,Sábados Felices,"['Caracol', 'Caracol TV', 'Cadena Radial Colombiana', 'Canal Caracol', 'Cadena Radial Colombiana de Televisión', 'Caracol Television', 'Caracol Televisión']",[' Sábados Felices was originally aired on Televisa.\nQ: What is the'],ans,0
P449_general_SOUTH_AMERICA_366,La voz Kids,['Caracol Internacional'],[' La voz Kids was originally aired on Telemundo.\nQ: What is the duration'],ans,0
P449_general_SOUTH_AMERICA_368,Pícara Sonhadora,"['Sistema Brasileiro de Televisão', 'SBT']","[' Pícara Sonhadora was aired on Rede Globo, a Brazilian television']",ans,0
P449_general_SOUTH_AMERICA_370,Pedra sobre Pedra,"['Rede Globo', 'Globo', 'Brazilian TV Globo', 'TV Globo']","[' It was aired on Rede Globo, a Brazilian TV network.\nQ: What']",ans,1
P449_general_SOUTH_AMERICA_372,Chamas da Vida,"['RecordTV', 'Record TV', 'Rede Record', 'Rede Record de Televisão', 'Record TV Network', 'TV Record']",[' Chamas da Vida was originally aired on Rede Record.\nQ: What is the'],ans,1
P449_general_SOUTH_AMERICA_374,Farsantes,"['eltrece', 'El Trece, Argentina', 'El trece']",[' Farsantes was originally aired on the Spanish network Antena 3.\nQ:'],ans,0
P449_general_SOUTH_AMERICA_376,El hotel de los famosos,"['eltrece', 'El Trece, Argentina', 'El trece']",[' El hotel de los famosos was originally aired on Telefe.\nQ: Who is the'],ans,0
P449_general_SOUTH_AMERICA_378,SBT Brasil,"['Sistema Brasileiro de Televisão', 'SBT']",[' SBT Brasil was originally aired on SBT.\nQ: What is the name'],ans,1
P449_general_SOUTH_AMERICA_380,La Voz Argentina,"['Telefe', 'Televisión Federal']",[' La Voz Argentina was originally aired on Telefe.\nQ: What is the duration of'],ans,1
P449_general_SOUTH_AMERICA_382,"PH, podemos hablar (Uruguay)","['Channel 4', 'Monte carlo TV']","[' PH, podemos hablar (Uruguay) was originally aired on Canal 10']",ans,0
P449_general_SOUTH_AMERICA_384,Elegidos (La música en tus manos),"['Telefe', 'Televisión Federal']",[' Elegidos (La música en tus manos) was originally aired on Telefe.'],ans,1
P449_general_SOUTH_AMERICA_386,24 Horas,"['Televisión Nacional de Chile', 'Canal 7', 'TVN 7', 'Television Nacional de Chile', 'TVN']",[' 24 Horas was originally aired on Rede Globo.\nQ: Who is'],ans,0
P449_general_SOUTH_AMERICA_388,Andando nas Nuvens,"['Rede Globo', 'Globo', 'Brazilian TV Globo', 'TV Globo']","[' Andando nas Nuvens was aired on Rede Globo, a Brazilian television network']",ans,1
P449_general_SOUTH_AMERICA_390,Cupcake & Dino: General Services,"['Netflix.com', 'Netflix', 'Net Flix']",[' Cupcake & Dino: General Services was originally aired on Netflix.\nQ'],ans,1
P449_general_SOUTH_AMERICA_392,Xou da Xuxa,"['Rede Globo', 'Globo', 'Brazilian TV Globo', 'TV Globo']",[' Xou da Xuxa was originally aired on Rede Globo.\nQ: What'],ans,1
P449_general_SOUTH_AMERICA_394,Vértigo 2015,['Canal 13'],[' Vértigo 2015 was originally aired on Canal 13.\nQ'],ans,1
P449_general_SOUTH_AMERICA_396,Sueña conmigo,"['Nickelodeon Latin America', 'nick']",[' Sueña conmigo was originally aired on the Disney Channel in Latin America.\nQ:'],ans,0
P449_general_SOUTH_AMERICA_398,Vale Tudo,"['Rede Globo', 'Globo', 'Brazilian TV Globo', 'TV Globo']",[' Vale Tudo was originally aired on the Brazilian TV channel Rede Globo.\n'],ans,1
P449_general_SOUTH_AMERICA_400,Válgame Dios,"['venevision.com', 'Venevision', 'Corporacion Venezolana de Television C.A.', 'Corporación Venezolana de Televisión C.A.', 'Venevisión', 'VV']",[' Válgame Dios was originally aired on the Mexican television network TV Azteca.\nQ'],ans,0
P449_general_SOUTH_AMERICA_402,"MasterChef, season 1","['Telefe', 'Televisión Federal']","[' MasterChef, season 1 was originally aired on Fox.\nQ: What is the']",ans,0
P449_general_SOUTH_AMERICA_404,Los simuladores,"['Telefe', 'Televisión Federal']",[' Los simuladores was originally aired on Antena 3.\nQ: What is'],ans,0
P449_general_SOUTH_AMERICA_406,Cumbia Ninja,"['Star Channel', 'Fox Brazil', 'FOX']","[' Cumbia Ninja was originally aired on the Mexican television network, Televisa.\n']",ans,0
P449_general_SOUTH_AMERICA_408,Los Venegas,"['Televisión Nacional de Chile', 'Canal 7', 'TVN 7', 'Television Nacional de Chile', 'TVN']",[' Los Venegas was originally aired on the Spanish-language network Univision.\nQ'],ans,0
P449_general_SOUTH_AMERICA_410,Lalola,['América TV'],[' Lalola was originally aired on the Argentine television network Telefe.\nQ: What'],ans,0
P449_general_SOUTH_AMERICA_412,Popland!,"['MTV Latino', 'MTV Latin America', 'MTV Latin']",[' Popland! was originally aired on MTV Latin America.\nQ: What is the name of'],ans,1
P449_general_SOUTH_AMERICA_414,Alejo & Valentina,"['the Net', 'Internet', 'Net', 'global Internet', 'the Internet']",[' Alejo & Valentina was originally aired on Telefe.\nQ: Who is the cre'],ans,0
P449_general_SOUTH_AMERICA_416,Buenos Días a Todos,"['Televisión Nacional de Chile', 'Canal 7', 'TVN 7', 'Television Nacional de Chile', 'TVN']",[' Buenos Días a Todos was originally aired on Canal 13 in Argentina.\nQ'],ans,0
P449_general_SOUTH_AMERICA_418,El elegido,"['Telefe', 'Televisión Federal']",[' El elegido was originally aired on Canal 13.\nQ: Who is the director'],ans,0
P449_general_SOUTH_AMERICA_420,40 ó 20,['Canal 13'],[' 40 ó 20 was originally aired on the Spanish TV channel TVE.\n'],ans,0
P449_general_SOUTH_AMERICA_422,Despedida de Solteiro,"['Rede Globo', 'Globo', 'Brazilian TV Globo', 'TV Globo']",[' Despedida de Solteiro was originally aired on Rede Globo.\nQ:'],ans,1
P449_general_SOUTH_AMERICA_424,Os Caras de Pau,"['Rede Globo', 'Globo', 'Brazilian TV Globo', 'TV Globo']",[' Os Caras de Pau was originally aired on RTP1.\nQ: What is'],ans,0
P449_general_SOUTH_AMERICA_426,Eva del Edén,"['Latina Televisión', 'Channel 2 (Peru)', 'Latina (Peru)', 'Frecuencia 2', 'Frecuencia Latina', 'Canal 2 (Peru)']",[' Eva del Edén was originally aired on Televisa.\nQ: Who is the cre'],ans,0
P449_general_SOUTH_AMERICA_428,As Brasileiras,"['Rede Globo', 'Globo', 'Brazilian TV Globo', 'TV Globo']",[' As Brasileiras was originally aired on Rede Globo.\nQ: What is the duration'],ans,1
P449_general_SOUTH_AMERICA_430,Explode Coração,"['Rede Globo', 'Globo', 'Brazilian TV Globo', 'TV Globo']","[' Explode Coração was aired on Rede Globo, a Brazilian television network']",ans,1
P449_general_SOUTH_AMERICA_432,"La Saga, Negocio de Familia","['Caracol', 'Caracol TV', 'Cadena Radial Colombiana', 'Canal Caracol', 'Cadena Radial Colombiana de Televisión', 'Caracol Television', 'Caracol Televisión']","[' La Saga, Negocio de Familia was originally aired on Telemundo.\n']",ans,0
P449_general_SOUTH_AMERICA_434,Los archivos del cardenal,"['Televisión Nacional de Chile', 'Canal 7', 'TVN 7', 'Television Nacional de Chile', 'TVN']",[' Los archivos del cardenal was originally aired on TVE.\nQ: Who wrote'],ans,0
P449_general_SOUTH_AMERICA_436,Amar después de amar,"['Telefe', 'Televisión Federal']",[' Amar después de amar was originally aired on Televisa.\nQ: Who is'],ans,0
P449_general_SOUTH_AMERICA_438,Susana Giménez,"['Telefe', 'Televisión Federal']",[' Susana Giménez was originally aired on Telefe.\nQ: What is the'],ans,1
P449_general_SOUTH_AMERICA_440,Selva de Pedra,"['Rede Globo', 'Globo', 'Brazilian TV Globo', 'TV Globo']",[' Selva de Pedra was originally aired on Rede Globo.\nQ: Who is'],ans,1
P449_general_SOUTH_AMERICA_442,"Estrellas en el Hielo, season 2","['Televisión Nacional de Chile', 'Canal 7', 'TVN 7', 'Television Nacional de Chile', 'TVN']","[' Estrellas en el Hielo, season 2 was originally aired on TVN.']",ans,1
P449_general_SOUTH_AMERICA_444,La Traición,['Telemundo'],[' La Traición was originally aired on Univision.\nQ: What is the duration of'],ans,0
P449_general_SOUTH_AMERICA_446,Television Registrada,"['Channel 4 of Lima', 'El trece', 'América TV', 'Channel 5 News', 'América Television', 'El Trece, Argentina', 'Channel 4', 'America Television', 'C5N', 'Canal 9 (Buenos Aires)', 'eltrece']",[' Television Registrada was originally aired on the Televisa Network in Mexico.\nQ:'],ans,0
P449_general_SOUTH_AMERICA_448,¿Quién es el Jefe?,"['Telefe', 'Televisión Federal']",[' ¿Quién es el Jefe? was originally aired on Telemundo.\nQ'],ans,0
P449_general_SOUTH_AMERICA_450,La Voz Colombia,"['Caracol', 'Caracol TV', 'Cadena Radial Colombiana', 'Canal Caracol', 'Cadena Radial Colombiana de Televisión', 'Caracol Television', 'Caracol Televisión']",[' La Voz Colombia was originally aired on Caracol TV.\nQ: What is the'],ans,1
P449_general_SOUTH_AMERICA_452,Intertwined,"['Disney+', 'Disney+ Star (Europe & Asia)', 'Disney Plus', 'Disney+ Hotstar (India & Asia)']",[' Intertwined was originally aired on the Disney Channel.\nQ: What is the name of'],ans,1
P449_general_SOUTH_AMERICA_454,Pampa Ilusión,"['Televisión Nacional de Chile', 'Canal 7', 'TVN 7', 'Television Nacional de Chile', 'TVN']",[' Pampa Ilusión was originally aired on the Argentinean TV channel Telefe.\n'],ans,0
P449_general_SOUTH_AMERICA_456,O Profeta,"['Rede Globo', 'Globo', 'Brazilian TV Globo', 'TV Globo']",[' O Profeta was originally aired on Rede Globo.\nQ: What is the duration'],ans,1
P449_general_SOUTH_AMERICA_458,Yellow Woodpecker Ranch,"['Rede Globo', 'Globo', 'Brazilian TV Globo', 'TV Globo']",[' Yellow Woodpecker Ranch was originally aired on the Japanese TV channel NHK.'],ans,0
P449_general_SOUTH_AMERICA_460,Bailando por un Sueño 2,"['eltrece', 'El Trece, Argentina', 'El trece']",[' Bailando por un Sueño 2 was originally aired on Telefe.\nQ:'],ans,0
P449_general_SOUTH_AMERICA_462,Solteros sin compromiso,"['TC Television', 'TC Televisión']",[' Solteros sin compromiso was originally aired on Telemundo.\nQ: What is'],ans,0
P449_general_SOUTH_AMERICA_464,Esperanza mía,"['eltrece', 'El Trece, Argentina', 'El trece']",[' Esperanza mía was originally aired on Telefe.\nQ: Who is the cre'],ans,0
P449_general_SOUTH_AMERICA_466,En terapia,"['TV Publica Digital', 'Televisión Pública', 'Televisión Pública Argentina', 'Channel 7 Argentina']",[' En terapia was originally aired on the Argentine television network Telefe.\nQ:'],ans,0
P449_general_SOUTH_AMERICA_468,Educating Nina,"['Telefe', 'Televisión Federal']",[' Educating Nina was originally aired on Channel 4.\nQ: What is the'],ans,0
P449_general_SOUTH_AMERICA_470,Mucho gusto,"['Megavision', 'Red Televisiva Megavision', 'Canal 9', 'Red Televisiva Megavisión', 'Mega']",[' Mucho gusto was originally aired on ABS-CBN.\nQ: Where was'],ans,0
P449_general_SOUTH_AMERICA_472,Tu cara me suena,"['Telefe', 'Televisión Federal']",[' Tu cara me suena was originally aired on Antena 3.\nQ:'],ans,0
P449_general_SOUTH_AMERICA_474,Te Volveré a Encontrar,"['Channel 4 of Lima', 'América TV', 'América Television', 'Channel 4', 'America Television']",[' Te Volveré a Encontrar was originally aired on Univision.\nQ:'],ans,0
P449_general_SOUTH_AMERICA_476,Coração de Estudante,"['Rede Globo', 'Globo', 'Brazilian TV Globo', 'TV Globo']",[' Coração de Estudante was originally aired on Rede Globo.\nQ:'],ans,1
P449_general_SOUTH_AMERICA_478,¿Quién quiere ser millonario?,"['RCTV', 'Radio Caracas Televisión RCTV']",[' Argentina\nQ: What is the name of the host of ¿Quién quiere ser mill'],ans,0
P449_general_SOUTH_AMERICA_480,"Young Hearts, season 11","['Rede Globo', 'Globo', 'Brazilian TV Globo', 'TV Globo']","[' Young Hearts, season 11 was originally aired on ABC.\nQ: What is']",ans,0
P449_general_SOUTH_AMERICA_482,Preciosas,['Canal 13'],[' Preciosas was originally aired on the Mexican network TV Azteca.\nQ: What'],ans,0
P449_general_SOUTH_AMERICA_484,La Voz Kids,"['Latina Televisión', 'Channel 2 (Peru)', 'Latina (Peru)', 'Frecuencia 2', 'Frecuencia Latina', 'Canal 2 (Peru)']",[' La Voz Kids was originally aired on Telemundo.\nQ: What is the'],ans,0
P449_general_SOUTH_AMERICA_486,A Garota da Moto,"['Sistema Brasileiro de Televisão', 'SBT']",[' A Garota da Moto was originally aired on Rede Globo.\nQ: Who'],ans,0
P449_general_SOUTH_AMERICA_488,Sucupira,"['Televisión Nacional de Chile', 'Canal 7', 'TVN 7', 'Television Nacional de Chile', 'TVN']","[' Sucupira was originally aired on Rede Globo, a Brazilian television network.']",ans,0
P449_general_SOUTH_AMERICA_490,MasterChef Chile,['Canal 13'],[' MasterChef Chile was originally aired on Canal 13.\nQ: Who is the'],ans,1
P449_general_SOUTH_AMERICA_492,"Young Hearts, season 1","['Rede Globo', 'Globo', 'Brazilian TV Globo', 'TV Globo']","[' Young Hearts, season 1 was originally aired on ABC.\nQ: What is the']",ans,0
P449_general_SOUTH_AMERICA_494,Amores de Mercado,"['Televisión Nacional de Chile', 'Canal 7', 'TVN 7', 'Television Nacional de Chile', 'TVN']",[' Amores de Mercado was originally aired on TV Azteca.\nQ: What'],ans,0
P449_general_SOUTH_AMERICA_496,Nada Será Como Antes,"['Rede Globo', 'Globo', 'Brazilian TV Globo', 'TV Globo']",[' Nada Será Como Antes was originally aired on Rede Globo.\nQ:'],ans,1
P449_general_SOUTH_AMERICA_498,El Show de las Estrellas,"['RCN TV', 'Canal RCN']",[' El Show de las Estrellas was originally aired on Univision.\nQ: What'],ans,0
P449_general_SOUTH_AMERICA_500,"El Zorro, la espada y la rosa",['Telemundo'],"[' El Zorro, la espada y la rosa was originally aired on Telemundo']",ans,1
P449_general_SOUTH_AMERICA_502,Estúpido Cupido,"['Rede Globo', 'Globo', 'Brazilian TV Globo', 'TV Globo']",[' Estúpido Cupido was originally aired on the Mexican network Televisa.\nQ'],ans,0
P449_general_SOUTH_AMERICA_504,La Academia,['Telefuturo'],[' La Academia was originally aired on TV Azteca.\nQ: What is the name of'],ans,0
P449_general_SOUTH_AMERICA_506,Elígeme,"['Megavision', 'Red Televisiva Megavision', 'Canal 9', 'Red Televisiva Megavisión', 'Mega']",[' Elígeme was originally aired on the Mexican network TV Azteca.\nQ: What'],ans,0
P449_general_SOUTH_AMERICA_508,"Meu Bem, Meu Mal","['Rede Globo', 'Globo', 'Brazilian TV Globo', 'TV Globo']",[' It was aired on Rede Globo.\nQ: What is the name of the song'],ans,1
P449_general_SOUTH_AMERICA_510,"Pão Pão, Beijo Beijo","['Rede Globo', 'Globo', 'Brazilian TV Globo', 'TV Globo']",[' It was aired on Rede Globo.\nQ: What is the name of the song'],ans,1
P449_general_SOUTH_AMERICA_512,Aprendo en casa,"['Peruvian National Television', 'Channel 7 of Lima', 'Radio and Television of Peru', 'Channel 7', 'TV Perú']",[' Aprendo en casa was originally aired on the Mexican television network Televisa.\nQ'],ans,0
P449_general_SOUTH_AMERICA_514,Natalia del Mar,"['venevision.com', 'Venevision', 'Corporacion Venezolana de Television C.A.', 'Corporación Venezolana de Televisión C.A.', 'Venevisión', 'VV']",[' Natalia del Mar was originally aired on Venevision.\nQ: What is the name'],ans,1
P449_general_SOUTH_AMERICA_516,Paraíso,"['Rede Globo', 'Globo', 'Brazilian TV Globo', 'TV Globo']",[' Paraíso was originally aired on TV Azteca.\nQ: What is the name'],ans,0
P449_general_SOUTH_AMERICA_518,La Dueña,"['Telefe', 'Televisión Federal']",[' La Dueña was originally aired on Telemundo.\nQ: What is the duration of'],ans,0
P449_general_SOUTH_AMERICA_520,Sábado show,"['eltrece', 'El Trece, Argentina', 'El trece']",[' Sábado Gigante was originally aired on Univision.\nQ: What is'],ans,0
P449_general_SOUTH_AMERICA_522,El Factor X,"['RCN TV', 'Canal RCN']",[' El Factor X was originally aired on Telefe.\nQ: What is the duration of'],ans,0
P449_general_SOUTH_AMERICA_524,Renascer,"['Rede Globo', 'Globo', 'Brazilian TV Globo', 'TV Globo']","[' Renascer was originally aired on Rede Globo, a Brazilian television network.\n']",ans,1
P449_general_SOUTH_AMERICA_526,De Corpo e Alma,"['Rede Globo', 'Globo', 'Brazilian TV Globo', 'TV Globo']",[' De Corpo e Alma was aired on RTP1.\nQ: What is the'],ans,0
P449_general_SOUTH_AMERICA_528,Duro de domar,['Canal 9 (Buenos Aires)'],[' Duro de domar was originally aired on Televisa.\nQ: What is the'],ans,0
P449_general_SOUTH_AMERICA_530,TV Pirata,"['Rede Globo', 'Globo', 'Brazilian TV Globo', 'TV Globo']","[' TV Pirata was originally aired on Channel 13, Buenos Aires, Argentina.\nQ']",ans,0
P449_general_SOUTH_AMERICA_532,Telefe Noticias,"['Telefe', 'Televisión Federal']",[' Telefe Noticias was originally aired on Telefe.\nQ: What is the duration'],ans,1
P449_general_SOUTH_AMERICA_534,Yo Soy Kids,"['Latina Televisión', 'Channel 2 (Peru)', 'Latina (Peru)', 'Frecuencia 2', 'Frecuencia Latina', 'Canal 2 (Peru)']",[' Yo Soy Kids was originally aired on Univision.\nQ: What is'],ans,0
P449_general_SOUTH_AMERICA_536,Amor y Fuego,"['Willax Televisión', 'Willax TV', 'Willax']",[' Amor y Fuego was originally aired on the Mexican TV network TV Azteca.\n'],ans,0
P449_general_SOUTH_AMERICA_538,"Young Hearts, season 17","['Rede Globo', 'Globo', 'Brazilian TV Globo', 'TV Globo']","[' Young Hearts, season 17 was originally aired on ABC.\nQ: What is']",ans,0
P449_general_SOUTH_AMERICA_540,Río Oscuro,['Canal 13'],[' It was aired on the Mexican TV network TV Azteca.\nQ: What is the'],ans,0
P449_general_SOUTH_AMERICA_542,Una historia necesaria,['13C'],[' Una historia necesaria was originally aired on Canal 13.\nQ: Who is the'],ans,0
P449_general_SOUTH_AMERICA_544,Poné Play,"['Teledoce', 'Canal 12']","[' Poné Play was originally aired on the now defunct channel, The N.\nQ:']",ans,0
P449_general_SOUTH_AMERICA_546,Pataclaun,"['Latina Televisión', 'Channel 2 (Peru)', 'Latina (Peru)', 'Frecuencia 2', 'Frecuencia Latina', 'Canal 2 (Peru)']",[' Pataclaun was aired on TV Tokyo.\nQ: What is the name of the'],ans,0
P449_general_SOUTH_AMERICA_548,Secrets of Summer,"['Netflix.com', 'Netflix', 'Net Flix']",[' Secrets of Summer was originally aired on the Disney Channel.\nQ: What is the name'],ans,0
P449_general_SOUTH_AMERICA_550,Portada's,"['venevision.com', 'Venevision', 'Corporacion Venezolana de Television C.A.', 'Corporación Venezolana de Televisión C.A.', 'Venevisión', 'VV']",[' Portada was originally aired on Univision.\nQ: What is the name of the'],ans,0
P449_general_SOUTH_AMERICA_552,Pituca Sin Lucas,"['Megavision', 'Red Televisiva Megavision', 'Canal 9', 'Red Televisiva Megavisión', 'Mega']",[' Pituca Sin Lucas was originally aired on the Argentine television network Telefe.\nQ'],ans,0
P449_general_SOUTH_AMERICA_554,O Caçador,"['Rede Globo', 'Globo', 'Brazilian TV Globo', 'TV Globo']","[' O Caçador was aired on Rede Globo, a Brazilian television network.\n']",ans,1
P449_general_SOUTH_AMERICA_556,Sabor da Paixão,"['Rede Globo', 'Globo', 'Brazilian TV Globo', 'TV Globo']",[' Sabor da Paixão was originally aired on Rede Globo.\nQ: Who'],ans,1
P449_general_SOUTH_AMERICA_558,The Hypnotist,"['HBO', 'HBO Brasil', 'HBO Family', 'Home Box Office']",[' The Hypnotist was originally aired on the Swedish TV channel TV4.\nQ: What'],ans,0
P449_general_SOUTH_AMERICA_560,A Fazenda 1,"['RecordTV', 'Record TV', 'Rede Record', 'Rede Record de Televisão', 'Record TV Network', 'TV Record']",[' A Fazenda 1 was originally aired on Rede Record.\nQ: Where was'],ans,1
P449_general_SOUTH_AMERICA_562,Ribeirão do Tempo,"['RecordTV', 'Record TV', 'Rede Record', 'Rede Record de Televisão', 'Record TV Network', 'TV Record']",[' Ribeirão do Tempo was originally aired on Rede Globo.\nQ:'],ans,0
P449_general_SOUTH_AMERICA_564,Radio Rochela,"['RCTV', 'Radio Caracas Televisión RCTV']",[' Radio Rochela was originally aired on Radio Caracas Television (RCTV).\n'],ans,1
P449_general_SOUTH_AMERICA_566,La Jauría,"['Televisión Nacional de Chile', 'Canal 7', 'TVN 7', 'Television Nacional de Chile', 'TVN']","[' La Jauría was originally aired on the Mexican television network, Televisa.\nQ']",ans,0
P449_general_SOUTH_AMERICA_568,Big Brother Brasil 1,"['Rede Globo', 'Globo', 'Brazilian TV Globo', 'TV Globo']",[' Big Brother Brasil 1 was originally aired on Rede Globo.\nQ: What'],ans,1
P449_general_SOUTH_AMERICA_570,The First Temptation of Christ,"['Netflix.com', 'Netflix', 'Net Flix']",[' The First Temptation of Christ was originally aired on Netflix.\nQ: Who'],ans,1
P449_general_SOUTH_AMERICA_572,Pacto de Sangre,['Canal 13'],"["" Pacto de Sangre was originally aired on Colombia's Caracol TV.\n""]",ans,0
P449_general_SOUTH_AMERICA_574,Meu Bem Querer,"['Rede Globo', 'Globo', 'Brazilian TV Globo', 'TV Globo']",[' Meu Bem Querer was originally aired on Rede Globo.\nQ: Who'],ans,1
P449_general_SOUTH_AMERICA_576,Uma Rosa com Amor,"['Sistema Brasileiro de Televisão', 'SBT']",[' Uma Rosa com Amor was originally aired on SIC.\nQ: What is the'],ans,0
P449_general_SOUTH_AMERICA_578,Mi Gorda Bella,"['RCTV', 'Radio Caracas Televisión RCTV']",[' Mi Gorda Bella was originally aired on Venevision.\nQ: What is'],ans,0
P449_general_SOUTH_AMERICA_580,Hasta que la plata nos separe,"['RCN TV', 'Canal RCN']",[' Hasta que la plata nos separe was originally aired on Televisa.\nQ:'],ans,0
P449_general_SOUTH_AMERICA_582,Agora É que São Elas,"['Rede Globo', 'Globo', 'Brazilian TV Globo', 'TV Globo']",[' It was aired on Rede Globo.\nQ: What is the duration of Agora'],ans,1
P449_general_SOUTH_AMERICA_584,Anos Rebeldes,"['Rede Globo', 'Globo', 'Brazilian TV Globo', 'TV Globo']",[' Anos Rebeldes was originally aired on RTP1.\nQ: What is the'],ans,0
P449_general_SOUTH_AMERICA_586,Treze Dias Longe do Sol,"['Rede Globo', 'Globo', 'Brazilian TV Globo', 'TV Globo']",[' Treze Dias Longe do Sol was originally aired on RTP1.\nQ'],ans,0
P449_general_SOUTH_AMERICA_588,Maltratadas,"['America TV', 'América TV']",[' Maltratadas was originally aired on TV Azteca.\nQ: What is the duration'],ans,0
P449_general_SOUTH_AMERICA_590,Feijão Maravilha,"['Rede Globo', 'Globo', 'Brazilian TV Globo', 'TV Globo']",[' Feijão Maravilha was originally aired on Rede Globo.\nQ:'],ans,1
P449_general_SOUTH_AMERICA_592,Tolerancia cero,"['Chilevision', 'Red de Televisión Chilevisión', 'Canal 11', 'Chilevisión', 'RTU', 'CNN Chile', 'Red de Television Chilevision']",[' It was aired on the Spanish TV channel Antena 3.\nQ: What is'],ans,0
P449_general_SOUTH_AMERICA_594,Deus Nos Acuda,"['Rede Globo', 'Globo', 'Brazilian TV Globo', 'TV Globo']",[' Deus Nos Acuda was originally aired on Rede Record.\nQ: What is'],ans,0
P449_general_SOUTH_AMERICA_596,Pé na Jaca,"['Rede Globo', 'Globo', 'Brazilian TV Globo', 'TV Globo']","[' Pé na Jaca was aired on Rede Globo, a Brazilian television network.']",ans,1
P449_general_SOUTH_AMERICA_598,El Bronx,"['Caracol', 'Caracol TV', 'Cadena Radial Colombiana', 'Canal Caracol', 'Cadena Radial Colombiana de Televisión', 'Caracol Television', 'Caracol Televisión']",[' El Bronx was originally aired on the Spanish-language network Telemundo.\nQ:'],ans,0
P449_general_SOUTH_AMERICA_600,O Salvador da Pátria,"['Rede Globo', 'Globo', 'Brazilian TV Globo', 'TV Globo']",[' O Salvador da Pátria was originally aired on RTP1.\nQ: Who is'],ans,0
P449_general_SOUTH_AMERICA_602,La Dama de Troya,"['RCN TV', 'Canal RCN']",[' La Dama de Troya was originally aired on TV Azteca.\nQ: What'],ans,0
P449_general_SOUTH_AMERICA_604,La ruleta de la suerte,"['Teledoce', 'Canal 12']",[' La ruleta de la suerte was originally aired on Univision.\nQ: What'],ans,0
P449_general_SOUTH_AMERICA_606,Fuego sagrado by grill master,"['Teledoce', 'Canal 12']",[' Fuego sagrado by grill master was originally aired on the Food Network.\nQ'],ans,0
P449_general_SOUTH_AMERICA_608,Esa no soy yo,"['Televisión Nacional de Chile', 'Canal 7', 'TVN 7', 'Television Nacional de Chile', 'TVN']",[' Esa no soy yo was originally aired on Caracol TV.\nQ: What'],ans,0
P449_general_SOUTH_AMERICA_610,Te Contei?,"['Rede Globo', 'Globo', 'Brazilian TV Globo', 'TV Globo']",[' Te Contei? was originally aired on Rai 1.\nQ: What is the'],ans,0
P449_general_SOUTH_AMERICA_612,O Astro,"['Rede Globo', 'Globo', 'Brazilian TV Globo', 'TV Globo']","[' O Astro was originally aired on SBT, a Brazilian TV network.\nQ']",ans,0
P449_general_SOUTH_AMERICA_614,Limbo,"['Star Plus', 'Star+']",[' Limbo was originally aired on the Sci-Fi Channel.\nQ: What is the name'],ans,0
P449_general_SOUTH_AMERICA_616,Pedro el escamoso,"['Caracol', 'Caracol TV', 'Cadena Radial Colombiana', 'Canal Caracol', 'Cadena Radial Colombiana de Televisión', 'Caracol Television', 'Caracol Televisión']",[' It was aired on the Mexican TV channel Televisa.\nQ: What is the name'],ans,0
P449_general_SOUTH_AMERICA_618,Juacas,['Disney Channel'],[' Juacas was originally aired on the Disney Channel.\nQ: What is the name of'],ans,1
P449_general_SOUTH_AMERICA_620,Cain and Abel,"['Telefe', 'Televisión Federal']",[' Cain and Abel was originally aired on SBS.\nQ: Who is the main'],ans,0
P449_general_SOUTH_AMERICA_622,Go! Live Your Way,"['Netflix.com', 'Netflix', 'Net Flix']",[' Go! Live Your Way was originally aired on the Disney Channel.\nQ: What is the'],ans,0
P449_general_SOUTH_AMERICA_624,"Sem Lenço, sem Documento","['Rede Globo', 'Globo', 'Brazilian TV Globo', 'TV Globo']","[' Sem Lenço, sem Documento was originally aired on Rede Globo.\nQ:']",ans,1
P449_general_SOUTH_AMERICA_626,O Amor É Nosso,"['Rede Globo', 'Globo', 'Brazilian TV Globo', 'TV Globo']",[' O Amor É Nosso was aired on Rede Globo.\nQ: What'],ans,1
P449_general_SOUTH_AMERICA_628,"Café, con aroma de mujer",['Canal A'],"[' Café, con aroma de mujer was originally aired on Caracol TV.\n']",ans,0
P449_general_SOUTH_AMERICA_630,Amor a la Catalán,['Canal 13'],[' Amor a la Catalán was originally aired on the Spanish network Telecinco.\nQ'],ans,0
P449_general_SOUTH_AMERICA_632,"Young Hearts, season 15","['Rede Globo', 'Globo', 'Brazilian TV Globo', 'TV Globo']","[' Young Hearts, season 15 was originally aired on ABC.\nQ: What is']",ans,0
P449_general_SOUTH_AMERICA_634,Secret Story 1,"['Latina Televisión', 'Channel 2 (Peru)', 'Latina (Peru)', 'Frecuencia 2', 'Frecuencia Latina', 'Canal 2 (Peru)']",[' Secret Story 1 was originally aired on TF1.\nQ: What is the duration'],ans,0
P449_general_SOUTH_AMERICA_636,Alta comedia,['Canal 9 (Buenos Aires)'],[' Alta comedia was originally aired on Argentina.\nQ: What is the duration of Al'],ans,0
P449_general_SOUTH_AMERICA_638,Corazón de fuego,['Caracol Internacional'],[' Corazón de fuego was originally aired on Canal 13.\nQ: What'],ans,0
P449_general_SOUTH_AMERICA_640,Padre Coraje,"['eltrece', 'El Trece, Argentina', 'El trece']",[' Padre Coraje was originally aired on Telefe.\nQ: Who is the creator'],ans,0
P449_general_SOUTH_AMERICA_642,Son Amores,"['eltrece', 'El Trece, Argentina', 'El trece']",[' Son Amores was originally aired on the Spanish television network Telecinco.\nQ: What'],ans,0
P449_general_SOUTH_AMERICA_644,Make me laugh,"['Chilevision', 'Red de Televisión Chilevisión', 'Canal 11', 'Chilevisión', 'RTU', 'Red de Television Chilevision']",[' Make me laugh was originally aired on the ABC network.\nQ: What is the name of'],ans,0
P449_general_SOUTH_AMERICA_646,El amor lo manejo yo,"['Televisión Nacional de Chile', 'Canal 7', 'TVN 7', 'Television Nacional de Chile', 'TVN']",[' El amor lo manejo yo was originally aired on Televisa.\nQ: Who'],ans,0
P449_general_SOUTH_AMERICA_648,Días de gallos,['HBO Max'],[' Días de gallos was originally aired on Canal 13.\nQ: What is'],ans,0
P449_general_SOUTH_AMERICA_650,Protagonistas de la música,['Canal 13'],[' Protagonistas de la música was originally aired on Univision.\nQ: What is'],ans,0
P449_general_SOUTH_AMERICA_652,Felicidade,"['Rede Globo', 'Globo', 'Brazilian TV Globo', 'TV Globo']","[' Felicidade was aired on Rede Globo, a Brazilian television network.\nQ']",ans,1
P449_general_SOUTH_AMERICA_654,La fiera,"['Televisión Nacional de Chile', 'Canal 7', 'TVN 7', 'Television Nacional de Chile', 'TVN']",[' La fiera was originally aired on Televisa.\nQ: Who is the producer of'],ans,0
P449_general_SOUTH_AMERICA_656,Roda de Fogo,"['Rede Globo', 'Globo', 'Brazilian TV Globo', 'TV Globo']",[' Roda de Fogo was originally aired on Rede Globo.\nQ: What is'],ans,1
P449_general_SOUTH_AMERICA_658,Perdona nuestros pecados,"['Megavision', 'Red Televisiva Megavision', 'Canal 9', 'Red Televisiva Megavisión', 'Mega']",[' Perdona nuestros pecados was originally aired on TVN.\nQ: What'],ans,0
P449_general_SOUTH_AMERICA_660,Pobres Rico,"['RCN TV', 'Canal RCN']",[' Pobres Rico was originally aired on the Mexican television network Televisa.\nQ:'],ans,0
P449_general_SOUTH_AMERICA_662,El reino,"['Netflix.com', 'Netflix', 'Net Flix']",[' El reino was originally aired on Antena 3.\nQ: Who is the'],ans,0
P449_general_SOUTH_AMERICA_664,Mekano,"['Megavision', 'Red Televisiva Megavision', 'Canal 9', 'Red Televisiva Megavisión', 'Mega']","[' Mekano was originally aired on the now defunct channel, Fox Kids.\nQ']",ans,0
P449_general_SOUTH_AMERICA_666,Veinteañero a los 40,['Canal 13'],[' Veinteañero a los 40 was originally aired on Televisa.\nQ'],ans,0
P449_general_SOUTH_AMERICA_668,2091,"['Fox Broadcasting Company', 'FOX']",[' 2091 was originally aired on the Sci-Fi Channel.\nQ: What'],ans,0
P449_general_SOUTH_AMERICA_670,Amigas & Rivais,"['Sistema Brasileiro de Televisão', 'SBT']","[' Amigas & Rivais was originally aired on SBT, a Brazilian TV network']",ans,1
P449_general_SOUTH_AMERICA_672,Todas a mí,['América TV'],[' Todas a mí was originally aired on Telefe.\nQ: Who is the creator'],ans,0
P449_general_SOUTH_AMERICA_674,Chica vampiro,"['RCN TV', 'Canal RCN']",[' Chica vampiro was originally aired on RCN Televisión.\nQ: Who'],ans,0
P449_general_SOUTH_AMERICA_676,Cha Cha Cha,['América TV'],[' Cha Cha Cha was originally aired on TV5.\nQ: What is the name of the'],ans,0
P449_general_SOUTH_AMERICA_678,Escola pra Cachorro,"['Nickelodeon', 'Pinwheel', 'Nick']",[' Escola pra Cachorro was originally aired on Rede Globo.\nQ:'],ans,0
P449_general_SOUTH_AMERICA_680,Amigos,"['Rede Globo', 'Globo', 'Brazilian TV Globo', 'TV Globo']",[' Amigos was originally aired on the Disney Channel.\nQ: What is the name of the'],ans,0
P449_general_SOUTH_AMERICA_682,El Reemplazante de acero,"['Televisión Nacional de Chile', 'Canal 7', 'TVN 7', 'Television Nacional de Chile', 'TVN']",[' El Reemplazante de acero was originally aired on the Mexican TV network Televisa'],ans,0
P449_general_SOUTH_AMERICA_684,Z4,"['Sistema Brasileiro de Televisão', 'Disney Channel', 'SBT', 'The Disney Channel', 'Disney']","[' Z4 was originally aired on the now defunct channel, The N.\nQ: What']",ans,0
P449_general_SOUTH_AMERICA_686,El Clon,['Telemundo'],[' El Clon was originally aired on Telemundo.\nQ: What is the name of'],ans,1
P449_general_SOUTH_AMERICA_688,¡A que te ríes!,"['venevision.com', 'Venevision', 'Corporacion Venezolana de Television C.A.', 'Corporación Venezolana de Televisión C.A.', 'Venevisión', 'VV']","[' ¡A que te ríes! was originally aired on the Spanish television network, Anten']",ans,0
P449_general_SOUTH_AMERICA_690,Almorzando con Mirtha Legrand,"['TV Publica Digital', 'Televisión Pública', 'Televisión Pública Argentina', 'Channel 7 Argentina']",[' Almorzando con Mirtha Legrand was originally aired on El Trece.'],ans,0
P449_general_SOUTH_AMERICA_692,Junior MasterChef Chile,['Canal 13'],[' Junior MasterChef Chile was originally aired on Chilevisión.\nQ: When was Junior'],ans,0
P449_general_SOUTH_AMERICA_694,El Cartel,"['Caracol', 'Caracol TV', 'Cadena Radial Colombiana', 'Canal Caracol', 'Cadena Radial Colombiana de Televisión', 'Caracol Television', 'Caracol Televisión']",[' El Cartel was originally aired on Caracol TV.\nQ: What is the duration'],ans,1
P449_general_SOUTH_AMERICA_696,Un gallo para Esculapio,"['Telefe', 'Televisión Federal']",[' Un gallo para Esculapio was aired on TV Azteca.\nQ:'],ans,0
P449_general_SOUTH_AMERICA_698,El Camionero,"['Televisión Nacional de Chile', 'Canal 7', 'TVN 7', 'Television Nacional de Chile', 'TVN']",[' El Camionero was originally aired on the Spanish-language network Univision.\nQ'],ans,0
P449_general_SOUTH_AMERICA_700,Cabocla,"['Rede Globo', 'Globo', 'Brazilian TV Globo', 'TV Globo']","[' Cabocla was originally aired on Rede Globo, a Brazilian television network.\n']",ans,1
P449_general_SOUTH_AMERICA_702,Rizhoma Hotel,"['Telefe', 'Televisión Federal']",[' Rizhoma Hotel was originally aired on the Japanese TV station NHK.\nQ'],ans,0
P449_general_SOUTH_AMERICA_704,¿Dónde está Elisa?,"['Televisión Nacional de Chile', 'Canal 7', 'TVN 7', 'Television Nacional de Chile', 'TVN']",[' Telemundo\nQ: What is the name of the song that plays during the opening credits'],ans,0
P449_general_SOUTH_AMERICA_706,"Young Hearts, season 14","['Rede Globo', 'Globo', 'Brazilian TV Globo', 'TV Globo']","[' Young Hearts, season 14 was originally aired on ABC.\nQ: What is']",ans,0
P449_general_SOUTH_AMERICA_708,Psiconautas,"['TBS América Latina', 'Netflix.com', 'Netflix', 'Net Flix']",[' It was aired on the Spanish TV channel La 2.\nQ: What is the name'],ans,0
P449_general_SOUTH_AMERICA_710,Unidos por argentina,['América TV'],[' It was aired on Telefe.\nQ: What is the name of the song that was'],ans,0
P449_general_SOUTH_AMERICA_712,Jorel's Brother,['Cartoon Network'],[' The show was originally aired on the Cartoon Network.\nQ: What is the name of'],ans,1
P449_general_SOUTH_AMERICA_714,Junior Express,"['Playhouse Disney Channel (Latin America)', 'Disney Junior', 'Disney Junior Latin America']",[' Junior Express was originally aired on the ABC network.\nQ: What is the name of the'],ans,0
P449_general_SOUTH_AMERICA_716,City of Men,"['Rede Globo', 'Globo', 'Brazilian TV Globo', 'TV Globo']",[' City of Men was originally aired on the Brazilian TV network Globo.\nQ: What'],ans,1
P449_general_SOUTH_AMERICA_718,Infama,['América TV'],[' Infama was originally aired on the Mexican TV network TV Azteca.\nQ: What'],ans,0
P449_general_SOUTH_AMERICA_720,De Férias com o Ex 1,"['MTV Brasil', 'MTV']",[' De Férias com o Ex was originally aired on Rede Globo.\nQ:'],ans,0
P449_general_SOUTH_AMERICA_722,Resistiré,"['Telefe', 'Televisión Federal']",[' Resistiré was originally aired on Televisa.\nQ: Who is the cre'],ans,0
P449_general_SOUTH_AMERICA_724,Signos,"['eltrece', 'El Trece, Argentina', 'El trece']",[' Signos was originally aired on the Spanish-language network Telemundo.\nQ: What'],ans,0
P449_general_SOUTH_AMERICA_726,Pecados capitales,"['Caracol', 'Caracol TV', 'Cadena Radial Colombiana', 'Canal Caracol', 'Cadena Radial Colombiana de Televisión', 'Caracol Television', 'Caracol Televisión']",[' Pecados capitales was originally aired on the Spanish-language network Telemundo.\n'],ans,0
P449_general_SOUTH_AMERICA_728,Pátria Minha,"['Rede Globo', 'Globo', 'Brazilian TV Globo', 'TV Globo']",[' Pátria Minha was originally aired on RTP1.\nQ: Who is the'],ans,0
P449_general_SOUTH_AMERICA_730,Not My Fault: Brazil,"['Star Plus', 'Star+']",[' Not My Fault: Brazil was originally aired on the Discovery Channel.\nQ: What'],ans,0
P449_general_SOUTH_AMERICA_732,The Voice Chile,['Canal 13'],[' The Voice Chile was originally aired on Canal 13.\nQ: What is the'],ans,1
P449_general_SOUTH_AMERICA_734,Lua Cheia de Amor,"['Rede Globo', 'Globo', 'Brazilian TV Globo', 'TV Globo']",[' Lua Cheia de Amor was originally aired on Rede Globo.\nQ:'],ans,1
P449_general_SOUTH_AMERICA_736,Fishtronaut,"['Discovery Kids', 'Family Channel', 'Family', 'Discovery Kids Latin America']",[' Fishtronaut was originally aired on Discovery Kids Latin America.\nQ:'],ans,1
P449_general_SOUTH_AMERICA_738,Ordem Paranormal,"['TwitchTV', 'TTV', 'Twitch TV', 'twitch', 'Twitch', 'www.twitch.tv', 'Twitch.tv']",[' Ordem Paranormal was originally aired on the Portuguese channel SIC Mulher.\nQ'],ans,0
P449_general_SOUTH_AMERICA_740,Clase Turista,"['Telefe', 'Televisión Federal']",[' Clase Turista was originally aired on Televisa.\nQ: What is the name'],ans,0
P449_general_SOUTH_AMERICA_742,Morir de amor,"['Telefe', 'Televisión Federal']",[' Morir de amor was originally aired on TV Azteca.\nQ: Who is the'],ans,0
P449_general_SOUTH_AMERICA_744,TNT Sports,"['TV Bandeirantes', 'Rede Bandeirantes de Televisão', 'Space', 'Band', 'TNT', 'TNT USA', 'RedeTV!', 'Turner Network Television', 'TV Cultura', 'Bandeirantes Television Network', 'Rede Bandeirantes']","[' TNT Sports was originally aired on WTBS, which was a local station in Atlanta,']",ans,0
P449_general_SOUTH_AMERICA_746,Busão do Brasil,"['Rede Bandeirantes', 'TV Bandeirantes', 'Rede Bandeirantes de Televisão', 'Band', 'Bandeirantes Television Network']","[' It was aired on Rede Globo, a Brazilian TV network.\nQ: What']",ans,0
P449_general_SOUTH_AMERICA_748,Cumbia pop,"['Channel 4 of Lima', 'América TV', 'América Television', 'Channel 4', 'America Television']",[' Cumbia pop was originally aired on the radio.\nQ: What is the name of'],ans,0
P449_general_SOUTH_AMERICA_750,Psi,['HBO Brasil'],[' Psi was originally aired on the Sci-Fi Channel.\nQ: What is the name'],ans,0
P449_general_SOUTH_AMERICA_752,Isa TK+,"['Nickelodeon', 'Pinwheel', 'Nick']",[' Isa TK+ was originally aired on YTV.\nQ: What is the name of'],ans,0
P449_general_SOUTH_AMERICA_754,Los caballeros las prefieren brutas,"['Caracol', 'Caracol TV', 'Cadena Radial Colombiana', 'Canal Caracol', 'Cadena Radial Colombiana de Televisión', 'Caracol Television', 'Caracol Televisión']",[' Los caballeros las prefieren brutas was originally aired on Colombia.\nQ:'],ans,0
P449_general_SOUTH_AMERICA_756,Ecuador Tiene Talento,['Ecuavisa'],[' Ecuador Tiene Talento was originally aired on Ecuador TV.\nQ: What is'],ans,0
P449_general_SOUTH_AMERICA_758,Eterna Magia,"['Rede Globo', 'Globo', 'Brazilian TV Globo', 'TV Globo']",[' Eterna Magia was originally aired on the now defunct Toonami Jetstream.'],ans,0
P449_general_SOUTH_AMERICA_760,"Mi barrio, tu mejor compañía","['Megavision', 'Red Televisiva Megavision', 'Canal 9', 'Red Televisiva Megavisión', 'Mega']","[' Mi barrio, tu mejor compañía was originally aired on Telefe.\nQ: Who']",ans,0
P449_general_SOUTH_AMERICA_762,Torrente,"['venevision.com', 'Venevision', 'Corporacion Venezolana de Television C.A.', 'Corporación Venezolana de Televisión C.A.', 'Venevisión', 'VV']","[' Torrente was originally aired on Canal+, a Spanish cable channel.\nQ: What']",ans,0
P449_general_SOUTH_AMERICA_764,América Noticias (Peru),"['Channel 4 of Lima', 'América TV', 'América Television', 'Channel 4', 'America Television']",[' América Noticias (Peru) was originally aired on Panamericana Televisión.'],ans,0
P449_general_SOUTH_AMERICA_766,Las Estrellas,"['eltrece', 'El Trece, Argentina', 'El trece']",[' Las Estrellas was originally aired on Canal de las Estrellas.\nQ: What'],ans,0
P449_general_SOUTH_AMERICA_768,Chilevisión Noticias,"['Chilevision', 'Red de Televisión Chilevisión', 'Canal 11', 'Chilevisión', 'RTU', 'Red de Television Chilevision']",[' Chilevisión Noticias was originally aired on Chilevisión.\nQ: What is'],ans,1
P449_general_SOUTH_AMERICA_770,Pacto de Sangue,['Space'],[' Pacto de Sangue was originally aired on SIC in Portugal.\nQ: What'],ans,0
P449_general_SOUTH_AMERICA_772,"Rosario Tijeras, to Love is more difficult than killing","['RCN TV', 'Canal RCN']","[' Rosario Tijeras, to Love is more difficult than killing was originally aired on Colombia.']",ans,0
P449_general_SOUTH_AMERICA_774,De Quina pra Lua,"['Rede Globo', 'Globo', 'Brazilian TV Globo', 'TV Globo']","[' It was aired on Rede Globo, a Brazilian TV network.\nQ: What']",ans,1
P449_general_SOUTH_AMERICA_776,Mujeres de nadie,"['eltrece', 'El Trece, Argentina', 'El trece']",[' It was aired on Televisa.\nQ: What is the name of the song that'],ans,0
P449_general_SOUTH_AMERICA_778,Infieles,"['Canal 9 (Buenos Aires)', 'Telefe', 'Televisión Federal']",[' Infieles was originally aired on Televisa.\nQ: What is the duration of'],ans,0
P449_general_SOUTH_AMERICA_780,Luz de Luna,"['Channel 4 of Lima', 'América TV', 'América Television', 'Channel 4', 'America Television']",[' Luz de Luna was originally aired on Televisa.\nQ: What is the'],ans,0
P449_general_SOUTH_AMERICA_782,El resumen de los medios,['Canal 9 (Buenos Aires)'],[' El resumen de los medios was originally aired on Canal 13.\nQ:'],ans,0
P449_general_SOUTH_AMERICA_784,Hombres de olor,"['Caracol', 'TeVecine', 'Caracol TV', 'Cadena Radial Colombiana', 'Canal Caracol', 'Cadena Radial Colombiana de Televisión', 'Audiovisuales', 'Caracol Television', 'Caracol Televisión']",[' Hombres de olor was originally aired on Canal 13.\nQ: Who is'],ans,0
P449_general_SOUTH_AMERICA_786,El club de las divorciada,"['eltrece', 'El Trece, Argentina', 'El trece']",[' El club de las divorciadas was originally aired on Televisa.\nQ: What'],ans,0
P449_general_SOUTH_AMERICA_788,Mujeres Asesinas,"['eltrece', 'El Trece, Argentina', 'El trece']","[' Mujeres Asesinas was originally aired on the Argentine television network, Canal 1']",ans,0
P449_general_SOUTH_AMERICA_790,Chepe Fortuna,"['RCN TV', 'Canal RCN']",[' Chepe Fortuna was originally aired on the Spanish-language network Telemundo.\nQ'],ans,0
P449_general_SOUTH_AMERICA_792,Variaciones Walsh,"['TV Publica Digital', 'Televisión Pública', 'Televisión Pública Argentina', 'Channel 7 Argentina']",[' Variaciones Walsh was originally aired on Canal 13 in Argentina.\nQ:'],ans,0
P449_general_SOUTH_AMERICA_794,Super teacher O,"['Canal 13 (Colombia)', 'Teveandina']",[' Super teacher O was originally aired on the Korean Broadcasting System (KBS) in 2'],ans,0
P449_general_SOUTH_AMERICA_796,Sin código,"['eltrece', 'El Trece, Argentina', 'El trece']",[' Sin código was originally aired on Televisa.\nQ: What is the duration of Sin'],ans,0
P449_general_SOUTH_AMERICA_798,MasterChef Colombia,"['RCN TV', 'Canal RCN']",[' MasterChef Colombia was originally aired on Caracol TV.\nQ: What is the'],ans,0
P449_general_SOUTH_AMERICA_800,Estúpido Cupido,"['Televisión Nacional de Chile', 'Canal 7', 'TVN 7', 'Television Nacional de Chile', 'TVN']",[' Estúpido Cupido was originally aired on the Mexican network Televisa.\nQ'],ans,0
P449_general_SOUTH_AMERICA_802,Corpo Dourado,"['Rede Globo', 'Globo', 'Brazilian TV Globo', 'TV Globo']","[' Corpo Dourado was originally aired on RTP1, a Portuguese television channel.\n']",ans,0
P449_general_SOUTH_AMERICA_804,¿Quién mató al Bebe Uriarte?,"['TV Publica Digital', 'Televisión Pública', 'Televisión Pública Argentina', 'Channel 7 Argentina']",[' It was aired on the Mexican TV network Televisa.\nQ: What is the name'],ans,0
P449_general_SOUTH_AMERICA_806,Balas perdidas,"['TV Publica Digital', 'Televisión Pública', 'Televisión Pública Argentina', 'Channel 7 Argentina']",[' Balas perdidas was originally aired on the Mexican TV network Televisa.\nQ:'],ans,0
P449_general_SOUTH_AMERICA_808,Gasoleros,"['eltrece', 'El Trece, Argentina', 'El trece']",[' Gasoleros was originally aired on Telefe.\nQ: Who is the creator of'],ans,0
P449_general_SOUTH_AMERICA_810,Impostores,['FX Latin America'],[' Impostores was originally aired on the Mexican network TV Azteca.\nQ: What'],ans,0
P449_general_SOUTH_AMERICA_812,"El Baile en TVN, season 3","['Televisión Nacional de Chile', 'Canal 7', 'TVN 7', 'Television Nacional de Chile', 'TVN']","[' El Baile en TVN, season 3 was originally aired on TVN.\nQ']",ans,1
P449_general_SOUTH_AMERICA_814,El legado,['Canal 9 (Buenos Aires)'],[' El legado was originally aired on Canal 13.\nQ: Who wrote El leg'],ans,0
P449_general_SOUTH_AMERICA_816,Corazón Esmeralda,"['venevision.com', 'Venevision', 'Corporacion Venezolana de Television C.A.', 'Corporación Venezolana de Televisión C.A.', 'Venevisión', 'VV']",[' Corazón Esmeralda was originally aired on Univision.\nQ: What'],ans,0
P449_general_SOUTH_AMERICA_818,Quiero vivir a tu lado,"['eltrece', 'El Trece, Argentina', 'El trece']",[' Quiero vivir a tu lado was originally aired on Televisa.\nQ: Who'],ans,0
P449_general_SOUTH_AMERICA_820,"Morfi, todos a la mesa","['Telefe', 'Televisión Federal']","[' Morfi, todos a la mesa was originally aired on the Argentine TV channel Telefe']",ans,1
P449_general_SOUTH_AMERICA_822,Los 8 escalones,"['eltrece', 'El Trece, Argentina', 'El trece']",[' Los 8 escalones was originally aired on the Mexican TV network Televisa.\n'],ans,0
P449_general_SOUTH_AMERICA_824,América Hoy,"['Channel 4 of Lima', 'América TV', 'América Television', 'Channel 4', 'America Television']",[' América Hoy was originally aired on Univision.\nQ: What is the duration of'],ans,0
P449_general_SOUTH_AMERICA_826,Prófugos,"['HBO', 'HBO Family', 'Home Box Office']",[' Prófugos was originally aired on HBO Latin America.\nQ: How many'],ans,1
P449_general_SOUTH_AMERICA_828,S.T.O.,['América TV'],"[' S.T.O. was originally aired on the now defunct channel, The Box.']",ans,0
P449_general_SOUTH_AMERICA_830,Amanda,"['Megavision', 'Red Televisiva Megavision', 'Canal 9', 'Red Televisiva Megavisión', 'Mega']",[' Amanda was originally aired on the ABC network.\nQ: What is the name of the'],ans,0
P449_general_SOUTH_AMERICA_832,Peru's Next Top Model,['ATV'],"["" Peru's Next Top Model was originally aired on Panamericana Televisión.\nQ""]",ans,0
P449_general_SOUTH_AMERICA_834,Botines,"['eltrece', 'El Trece, Argentina', 'El trece']",[' Botines was originally aired on the Univision network.\nQ: What is the name'],ans,0
P449_general_SOUTH_AMERICA_836,Submersos,"['The Paramount Channel', 'Paramount Channel']",[' Submersos was originally aired on the Spanish TV channel Antena 3.\nQ'],ans,0
P449_general_SOUTH_AMERICA_838,La Hija del Mariachi,"['RCN TV', 'Canal RCN']",[' La Hija del Mariachi was originally aired on Univision.\nQ: What is'],ans,0
P449_general_SOUTH_AMERICA_840,De Férias com o Ex 3,"['MTV (Brazil)', 'MTV']",[' De Férias com o Ex 3 was originally aired on Rede Globo.\n'],ans,0
P449_general_SOUTH_AMERICA_842,Enseñame a vivir,"['eltrece', 'El Trece, Argentina', 'El trece']",[' Enseñame a vivir was originally aired on Televisa.\nQ: Who'],ans,0
P449_general_SOUTH_AMERICA_844,Tiempos compulsivos,"['eltrece', 'El Trece, Argentina', 'El trece']",[' Tiempos compulsivos was originally aired on Canal 13.\nQ: Who'],ans,0
P449_general_SOUTH_AMERICA_846,La Dueña,"['VTV', 'Venezolana de Televisión', 'Venezolana de Television']",[' La Dueña was originally aired on Telemundo.\nQ: What is the duration of'],ans,0
P449_general_SOUTH_AMERICA_848,Aquelarre,"['Televisión Nacional de Chile', 'Canal 7', 'TVN 7', 'Television Nacional de Chile', 'TVN']",[' Aquelarre was aired on the Mexican TV network Televisa.\nQ: What'],ans,0
P449_general_SOUTH_AMERICA_850,Alice,"['HBO', 'HBO Family', 'Home Box Office']",[' Alice was originally aired on CBS.\nQ: What is the name of the diner Alice'],ans,0
P449_general_SOUTH_AMERICA_852,Rescatistas,"['TV Publica Digital', 'Televisión Pública', 'Televisión Pública Argentina', 'Channel 7 Argentina']",[' Rescatistas was originally aired on the Spanish-language network Telemundo.\nQ:'],ans,0
P449_general_SOUTH_AMERICA_854,Espelho Mágico,"['Rede Globo', 'Globo', 'Brazilian TV Globo', 'TV Globo']","[' It was aired on RTP1, the main channel of RTP, the Portuguese public broadcast']",ans,0
P449_general_SOUTH_AMERICA_856,"Dance, Dance, Dance","['Rede Bandeirantes', 'TV Bandeirantes', 'Rede Bandeirantes de Televisão', 'Band', 'Bandeirantes Television Network']","[' Dance, Dance, Dance was originally aired on the NBC network.\nQ: What is']",ans,0
P449_general_SOUTH_AMERICA_858,Colombia's Next Top Model,"['Caracol', 'Caracol TV', 'Cadena Radial Colombiana', 'Canal Caracol', 'Cadena Radial Colombiana de Televisión', 'Caracol Television', 'Caracol Televisión']","["" Colombia's Next Top Model was originally aired on Caracol TV.\nQ: When""]",ans,1
P449_general_SOUTH_AMERICA_860,The Suso's Show,"['Caracol', 'Caracol TV', 'Cadena Radial Colombiana', 'Canal Caracol', 'Cadena Radial Colombiana de Televisión', 'Caracol Television', 'Caracol Televisión']","["" The Suso's Show was originally aired on the now defunct cable channel, The Filip""]",ans,0
P449_general_SOUTH_AMERICA_862,Hijos del Monte,"['Televisión Nacional de Chile', 'Canal 7', 'TVN 7', 'Television Nacional de Chile', 'TVN']",[' Hijos del Monte was originally aired on TVN.\nQ: What is the duration of'],ans,1
P449_general_SOUTH_AMERICA_864,De todas maneras Rosa,"['venevision.com', 'Venevision', 'Corporacion Venezolana de Television C.A.', 'Corporación Venezolana de Televisión C.A.', 'Venevisión', 'VV']",[' De todas maneras Rosa was originally aired on Televisa.\nQ: Who is the'],ans,0
P449_general_SOUTH_AMERICA_866,Mil Disculpas,"['Red TV', 'Panamericana Televisión', 'Panamericana Television', 'Global Televisión']",[' Mil Disculpas was originally aired on the Mexican network Televisa.\nQ: What'],ans,0
P449_general_SOUTH_AMERICA_868,Vuelve temprano,"['Televisión Nacional de Chile', 'Canal 7', 'TVN 7', 'Television Nacional de Chile', 'TVN']",[' Vuelve temprano was originally aired on Canal 13.\nQ: Who'],ans,0
P449_general_SOUTH_AMERICA_870,Terapia alternativa,"['Star Plus', 'Star+']",[' Terapia alternativa was originally aired on Telefe.\nQ: Who is the cre'],ans,0
P449_general_SOUTH_AMERICA_872,Dos 20,"['TV Publica Digital', 'Televisión Pública', 'Televisión Pública Argentina', 'Channel 7 Argentina']","[' Dos 20 was aired on the channel, MTV.\nQ: What is the']",ans,0
P449_general_SOUTH_AMERICA_874,Bella Calamidades,['Telemundo'],[' Bella Calamidades was originally aired on Telemundo.\nQ: What is the'],ans,1
P449_general_SOUTH_AMERICA_876,Floricienta,"['RCN TV', 'Canal RCN']",[' Floricienta was originally aired on Canal 13 in Argentina.\nQ: What'],ans,0
P449_general_SOUTH_AMERICA_878,Plim Plim,['list of Disney Junior TV channels'],[' Plim Plim was originally aired on the Italian TV channel Rai 3.\nQ'],ans,0
P449_general_SOUTH_AMERICA_880,Edha,"['Netflix.com', 'Netflix', 'Net Flix']",[' Edha was originally aired on Netflix.\nQ: Who is the creator of'],ans,1
P449_general_SOUTH_AMERICA_882,Señales del fin del mundo,"['TV Publica Digital', 'Televisión Pública', 'Televisión Pública Argentina', 'Channel 7 Argentina']",[' Señales del fin del mundo was originally aired on the Argentine TV channel Telefe.'],ans,0
P449_general_SOUTH_AMERICA_884,Tu Voz Estéreo,"['Caracol', 'Caracol TV', 'Cadena Radial Colombiana', 'Canal Caracol', 'Cadena Radial Colombiana de Televisión', 'Caracol Television', 'Caracol Televisión']",[' Tu Voz Estéreo was originally aired on WADO 1280 AM'],ans,0
P449_general_SOUTH_AMERICA_886,"Rafael Orozco, el ídolo","['Caracol', 'Caracol TV', 'Cadena Radial Colombiana', 'Canal Caracol', 'Cadena Radial Colombiana de Televisión', 'Caracol Television', 'Caracol Televisión']","[' Rafael Orozco, el ídolo was originally aired on Caracol Televisión']",ans,1
P449_general_SOUTH_AMERICA_888,Entre tu amor y mi amor,"['venevision.com', 'Venevision', 'Corporacion Venezolana de Television C.A.', 'Corporación Venezolana de Televisión C.A.', 'Venevisión', 'VV']",[' Entre tu amor y mi amor was originally aired on Univision.\nQ: What is'],ans,0
P449_general_SOUTH_AMERICA_890,Bala Loca,"['Chilevision', 'Red de Televisión Chilevisión', 'Canal 11', 'Chilevisión', 'RTU', 'Red de Television Chilevision']",[' Bala Loca was originally aired on the Mexican network Televisa.\nQ: What'],ans,0
P449_general_SOUTH_AMERICA_892,El Jardín de Clarilú,"['Playhouse Disney Channel (Latin America)', 'Disney Junior', 'Disney Junior Latin America']",[' El Jardín de Clarilú was originally aired on the Argentine TV channel Telefe'],ans,0
P449_general_SOUTH_AMERICA_894,La CQ,['Cartoon Network'],"[' La CQ was originally aired on the now defunct channel, Telefutura.\n']",ans,0
P449_general_SOUTH_AMERICA_896,Las huellas del secretario,"['TV Publica Digital', 'Televisión Pública', 'Televisión Pública Argentina', 'Channel 7 Argentina']",[' Las huellas del secretario was originally aired on TV Azteca.\nQ:'],ans,0
P449_general_SOUTH_AMERICA_898,Olvidarte Jamas,"['venevision.com', 'Venevision', 'Corporacion Venezolana de Television C.A.', 'Corporación Venezolana de Televisión C.A.', 'Venevisión', 'VV']",[' Olvidarte Jamas was originally aired on Univision.\nQ: What is the'],ans,0
P449_general_SOUTH_AMERICA_900,Mi problema con las mujeres,"['Telefe', 'Televisión Federal']",[' Mi problema con las mujeres was originally aired on Canal 13.\nQ: Who is'],ans,0
P449_general_SOUTH_AMERICA_902,Milagros en campaña,['Canal 9 (Buenos Aires)'],[' Milagros en campaña was originally aired on the Spanish-language network Telemundo.'],ans,0
P449_general_SOUTH_AMERICA_904,Pequeñas Victorias,"['Amazon Unbox', 'Telefe', 'Amazon Video', 'Amazon Video On Demand', 'Amazon Instant Video', 'Amazon Prime', 'Amazon Prime Video', 'Televisión Federal']",[' Pequeñas Victorias was originally aired on the Mexican network Televisa.\nQ:'],ans,0
P449_general_SOUTH_AMERICA_906,Projeto Fashion,"['Rede Bandeirantes', 'TV Bandeirantes', 'Rede Bandeirantes de Televisão', 'Band', 'Bandeirantes Television Network']",[' Projeto Fashion was originally aired on the Brazilian channel Multishow.\nQ'],ans,0
P449_general_SOUTH_AMERICA_908,Volver a Amar,"['Televisión Nacional de Chile', 'Canal 7', 'TVN 7', 'Television Nacional de Chile', 'TVN']",[' Volver a Amar was originally aired on Televisa.\nQ: What is the'],ans,0
P449_general_SOUTH_AMERICA_910,Los Reyes,"['RCN TV', 'Canal RCN']","[' Los Reyes was originally aired on the Mexican television network, TV Azteca.\nQ']",ans,0
P449_general_SOUTH_AMERICA_912,Fuera de control,['Canal 13'],[' Fuera de control was originally aired on Telefe.\nQ: What is the duration of'],ans,0
P449_general_SOUTH_AMERICA_914,"Ven, baila, quinceañera","['Channel 4 of Lima', 'América TV', 'América Television', 'Channel 4', 'America Television']","[' Ven, baila, quinceañera was originally aired on Univision.\n']",ans,0
P449_general_SOUTH_AMERICA_916,Popstar,"['Rede Globo', 'Globo', 'Brazilian TV Globo', 'TV Globo']",[' Popstar was originally aired on the Disney Channel.\nQ: What is the name of the'],ans,0
P449_general_SOUTH_AMERICA_918,1 Contra Todos,"['Star Channel', 'Fox Brazil', 'FOX']",[' 1 Contra Todos was originally aired on Rede Globo.\nQ: Who'],ans,0
P449_general_SOUTH_AMERICA_920,Nobody's Looking,"['Netflix.com', 'Netflix', 'Net Flix']","["" Nobody's Looking was originally aired on the CBC.\nQ: What is the""]",ans,0
P449_general_SOUTH_AMERICA_922,Cubox,['Canal 13'],"[' Cubox was originally aired on the now defunct channel, KidsCo.\nQ:']",ans,0
P449_general_SOUTH_AMERICA_924,Uma Rosa com Amor,"['Rede Globo', 'Globo', 'Brazilian TV Globo', 'TV Globo']",[' Uma Rosa com Amor was originally aired on SIC.\nQ: What is the'],ans,0
P449_general_SOUTH_AMERICA_926,Último primer día,"['Flow', 'Cablevision Flow', 'Flow Argentina']",[' Último primer día was originally aired on Canal 13.\nQ: What is'],ans,0
P449_general_SOUTH_AMERICA_928,A Cabana do Pai Tomás,"['Rede Globo', 'Globo', 'Brazilian TV Globo', 'TV Globo']",[' A Cabana do Pai Tomás was originally aired on Rede Globo.\nQ'],ans,1
P449_general_SOUTH_AMERICA_930,Vila Sésamo,['TV Cultura'],"[' Vila Sésamo was originally aired on TV Cultura, a public television channel in São Paulo']",ans,1
P449_general_SOUTH_AMERICA_932,Entre hombres,"['HBO', 'HBO Family', 'Home Box Office']",[' Entre hombres was originally aired on the Spanish network Antena 3.\nQ: What'],ans,0
P449_general_SOUTH_AMERICA_934,Cuca Legal,"['Rede Globo', 'Globo', 'Brazilian TV Globo', 'TV Globo']",[' Cuca Legal was originally aired on the Brazilian TV channel Rede Globo.\n'],ans,1
P449_general_SOUTH_AMERICA_936,El presidente,"['Amazon Unbox', 'Amazon Video', 'Amazon Instant Video', 'Amazon Video On Demand', 'Amazon Prime', 'Amazon Prime Video']",[' El presidente was originally aired on the TV Azteca network.\nQ: What is the'],ans,0
P449_general_SOUTH_AMERICA_938,La mujer en el espejo,['Telemundo'],[' La mujer en el espejo was originally aired on TV Azteca.\nQ: Who'],ans,0
P449_general_SOUTH_AMERICA_940,La colombiana,"['Televisión Nacional de Chile', 'Canal 7', 'TVN 7', 'Television Nacional de Chile', 'TVN']",[' La colombiana was originally aired on Caracol TV.\nQ: What is the'],ans,0
P449_general_SOUTH_AMERICA_942,Madre Luna,['Telemundo'],[' Madre Luna was originally aired on the Spanish-language network Telemundo.\nQ'],ans,1
P449_general_SOUTH_AMERICA_944,Pai Herói,"['Rede Globo', 'Globo', 'Brazilian TV Globo', 'TV Globo']","[' Pai Herói was originally aired on Rede Globo, a Brazilian television network']",ans,1
P449_general_SOUTH_AMERICA_946,Los secretos de Lucía,"['venevision.com', 'Venevision', 'Corporacion Venezolana de Television C.A.', 'Corporación Venezolana de Televisión C.A.', 'Venevisión', 'VV']",[' The series was originally aired on the Spanish network Telecinco.\nQ: What is the'],ans,0
P449_general_SOUTH_AMERICA_948,099 Central,"['eltrece', 'El Trece, Argentina', 'El trece']","[' 099 Central was aired on the now defunct channel, Zee TV.\n']",ans,0
P449_general_SOUTH_AMERICA_950,Animales Sueltos,['América TV'],[' Animales Sueltos was originally aired on the Spanish-language network Univision.\n'],ans,0
P449_general_SOUTH_AMERICA_952,Esto es guerra teens,"['Channel 4 of Lima', 'América TV', 'América Television', 'Channel 4', 'America Television']",[' Esto es guerra teens was originally aired on Panamericana Televisión.\nQ'],ans,0
P449_general_SOUTH_AMERICA_954,Voltea pa' que te enamores,"['venevision.com', 'Venevision', 'Corporacion Venezolana de Television C.A.', 'Corporación Venezolana de Televisión C.A.', 'Venevisión', 'VV']","["" Voltea pa' que te enamores was originally aired on Univision.\n""]",ans,0
P449_general_SOUTH_AMERICA_956,El Observador,"['RCTV', 'Radio Caracas Televisión RCTV']",[' El Observador was originally aired on Canal 13.\nQ: What is the name'],ans,0
P449_general_SOUTH_AMERICA_958,Bendita,['Canal 9 (Buenos Aires)'],[' Bendita was originally aired on the Philippine TV network ABS-CBN.\n'],ans,0
P449_general_SOUTH_AMERICA_960,Dama y obrero,"['Televisión Nacional de Chile', 'Canal 7', 'TVN 7', 'Television Nacional de Chile', 'TVN']",[' Dama y obrero was originally aired on Univision.\nQ: What is the'],ans,0
P449_general_SOUTH_AMERICA_962,Jamais Te Esquecerei,"['Sistema Brasileiro de Televisão', 'SBT']",[' Jamais Te Esquecerei was originally aired on Rede Globo.\nQ:'],ans,0
P449_general_SOUTH_AMERICA_964,Atrapa a un ladrón,"['Telefe', 'Televisión Federal']",[' Atrapa a un ladrón was originally aired on TVN.\nQ: What'],ans,0
P449_general_SOUTH_AMERICA_966,Niní,"['Telefe', 'Televisión Federal']",[' Niní was originally aired on Telefe.\nQ: What is the name of the theme'],ans,1
P449_general_SOUTH_AMERICA_968,Celeste,"['eltrece', 'El Trece, Argentina', 'El trece']",[' Celeste was originally aired on the Disney Channel.\nQ: What is the name of the'],ans,0
P449_general_SOUTH_AMERICA_970,Once,"['Baxik TV', 'Disney XD']",[' Once was originally aired on RTE in Ireland.\nQ: What is the name of the'],ans,0
P449_general_SOUTH_AMERICA_972,"Young Hearts, season 2","['Rede Globo', 'Globo', 'Brazilian TV Globo', 'TV Globo']",[' The second season of Young Hearts was originally aired on the ABC network.\nQ: What'],ans,0
P449_general_SOUTH_AMERICA_974,Mira tú,"['Televisión Nacional de Chile', 'Canal 7', 'TVN 7', 'Television Nacional de Chile', 'TVN']",[' Mira tú was originally aired on the Mexican television network Televisa.\nQ: What'],ans,0
P449_general_SOUTH_AMERICA_976,Primicias,"['eltrece', 'El Trece, Argentina', 'El trece']",[' Primicias was originally aired on ABS-CBN.\nQ: What is the'],ans,0
P449_general_SOUTH_AMERICA_978,Jorge,"['TV Publica Digital', 'Televisión Pública', 'Televisión Pública Argentina', 'Channel 7 Argentina']",[' Jorge was originally aired on the Nickelodeon network.\nQ: What is the name'],ans,0
P449_general_SOUTH_AMERICA_980,Direito de Amar,"['Rede Globo', 'Globo', 'Brazilian TV Globo', 'TV Globo']",[' Direito de Amar was originally aired on Rede Globo.\nQ: What is'],ans,1
P449_general_SOUTH_AMERICA_982,Cualca,['Canal 9 (Buenos Aires)'],"[' Cualca was originally aired on the now defunct channel, The N.\nQ:']",ans,0
P449_general_SOUTH_AMERICA_984,Papá a la deriva,"['Megavision', 'Red Televisiva Megavision', 'Canal 9', 'Red Televisiva Megavisión', 'Mega']",[' Papá a la deriva was originally aired on the Argentine TV channel Telefe.\n'],ans,0
P449_general_SOUTH_AMERICA_986,The Boss,"['Star Plus', 'Star+']",[' The Boss was originally aired on the ABS-CBN network.\nQ: Who'],ans,0
P449_general_SOUTH_AMERICA_988,Historia de un clan,"['Telefe', 'Televisión Federal']",[' Historia de un clan was originally aired on Telefe.\nQ: What is the duration'],ans,1
P449_general_SOUTH_AMERICA_990,La gloria de Lucho,"['Caracol', 'Caracol TV', 'Cadena Radial Colombiana', 'Canal Caracol', 'Cadena Radial Colombiana de Televisión', 'Caracol Television', 'Caracol Televisión']",[' La gloria de Lucho was originally aired on Canal 13.\nQ:'],ans,0
P449_general_SOUTH_AMERICA_992,Padres e Hijos,['Canal A'],[' Padres e Hijos was originally aired on Televisa.\nQ: Who is the'],ans,0
P449_general_SOUTH_AMERICA_994,Guajira,"['RCN TV', 'Canal RCN']",[' Guajira was originally aired on the radio.\nQ: What is the name of the'],ans,0
P449_general_SOUTH_AMERICA_996,Loca piel,"['Televisión Nacional de Chile', 'Canal 7', 'TVN 7', 'Television Nacional de Chile', 'TVN']",[' Loca piel was originally aired on the Mexican TV network Televisa.\nQ:'],ans,0
P449_general_SOUTH_AMERICA_998,Not My Fault: Colombia,"['Star Plus', 'Star+']",[' Not My Fault: Colombia was originally aired on the National Geographic Channel.\nQ: What'],ans,0
