﻿uuid,sub_label,obj_label,choices,ans_type,acc
P264_general_SOUTH_AMERICA_0,Gustavo Cerati,['Sony Music'],['\nGustavo Cerati was signed to Sony Music Latin until his death in 2014.'],ans,1
P264_general_SOUTH_AMERICA_2,Yma Sumac,"['London', 'Odeon', 'Odéon', 'Capitol', 'Capitol Records', 'LC 0287', 'Electrecord', 'Odeon Records', 'London Records', 'LC 00287', 'London Recordings']",['\nYma Sumac was signed to Capitol Records.'],ans,1
P264_general_SOUTH_AMERICA_4,Carlos Gardel,"['EMI Records, Ltd.', 'Columbia', 'EMI Records', 'EMI Records Ltd.', 'Columbia Records', 'RCA Records, Inc.', 'EMI (United Kingdom)', 'EMI Records Limited', 'EMI', 'EMI Music', 'RCA']",['\nCarlos Gardel was not signed to any record label during his lifetime. He was a self-made artist who recorded his own music and sold it'],unk,0
P264_general_SOUTH_AMERICA_6,Shakira,"['Sony BMG Music Entertainment', 'Epic Records', 'Columbia', 'Live Nation Entertainment, Inc.', 'Live Nation Entertainment', 'Columbia Records', 'RCA Records, Inc.', 'Sony Music', 'Epic', 'Sony BMG', 'RCA']",['\nShakira is currently signed to Sony Music Entertainment.'],ans,1
P264_general_SOUTH_AMERICA_8,Anitta,"['Warner Records', 'Warner Music Brazil']",['\nAnitta is signed to Warner Music Group.'],ans,0
P264_general_SOUTH_AMERICA_10,Ivete Sangalo,['Sony Music'],['\nIvete Sangalo is signed to the record label Som Livre.'],ans,0
P264_general_SOUTH_AMERICA_12,Gilberto Gil,"['ACT Music', 'LC 07644', 'ACT', 'LC 00316', 'LC 0316', 'RCA']",['\nGilberto Gil is currently signed to the record label Biscoito Fino.'],ans,0
P264_general_SOUTH_AMERICA_14,Xuxa,"['LC 0305', 'LC 00305', 'Philips Records', 'PolyGram', 'LC 00316', 'Som Livre', 'LC 0316', 'Sony Music', 'RCA']",['\nXuxa is not currently signed to any record label.'],unk,0
P264_general_SOUTH_AMERICA_16,Manu Gavassi,"['UMG', 'UMG Recordings, Inc.', 'Universal Music Group', 'Universal Music']",['\nManu Gavassi is currently signed to Warner Music Brazil.'],ans,0
P264_general_SOUTH_AMERICA_18,Tini,"['SM', 'Universal Music Latin Entertainment', 'SME', 'UMLE', 'Sony Music', 'Sony Music Entertainment', 'Hollywood Records', 'Sony Música']",['\nTini is signed to Universal Music Group.'],ans,0
P264_general_SOUTH_AMERICA_20,Carmen Miranda,"['RCA Records, Inc.', 'RCA']",['\nCarmen Miranda was not signed to any record label. She was a singer and actress who was popular in the 1930s and 1940'],unk,0
P264_general_SOUTH_AMERICA_22,Astor Piazzolla,['Chesky Records'],"['\nAstor Piazzolla was signed to various record labels throughout his career, including RCA Victor, Philips, and EMI.']",ans,0
P264_general_SOUTH_AMERICA_24,Soledad Pastorutti,"['Sony Music Latin', 'Sony BMG Norte', 'SML', 'Sony Music | Latin', 'Sony Música']",['\nSoledad Pastorutti is signed to the record label Sony Music.'],ans,0
P264_general_SOUTH_AMERICA_26,Roberto Carlos,"['London', 'Decca Record Company', 'LC 0171', 'Decca Records', 'The Decca Record Company', 'DECCA', 'Decca', 'LC 00171', 'The Decca Record Company Limited', 'Sony Music', 'London Records', 'London Recordings']",['\nRoberto Carlos is currently signed to Sony Music Latin.'],ans,1
P264_general_SOUTH_AMERICA_28,Fito Páez,"['Warner Music Group Corp.', 'WMG', 'Warner', 'Warner Music Group', 'Warner Music']",['\nFito Páez is currently signed to Universal Music Group.'],ans,0
P264_general_SOUTH_AMERICA_30,Wanessa Camargo,['Sony Music'],['\nWanessa Camargo is signed to Sony Music Entertainment.'],ans,1
P264_general_SOUTH_AMERICA_32,"Gabriel, o Pensador","['Flash Music', 'Sony BMG Music Entertainment', 'Sony']","['\nGabriel, o Pensador is signed to the record label Deckdisc.']",ans,0
P264_general_SOUTH_AMERICA_34,Marjorie Estiano,['Som Livre'],['\nMarjorie Estiano is signed to the record label Som Livre.'],ans,1
P264_general_SOUTH_AMERICA_36,La Tigresa del Oriente,"['Warner Music Group Corp.', 'WMG', 'Warner', 'Independente', 'Warner Music Group', 'Warner Music']",['\nLa Tigresa del Oriente is currently signed to the record label Sony Music Latin.'],ans,0
P264_general_SOUTH_AMERICA_38,Wilson Simonal,"['Odeon', 'Odéon', 'LC 0287', 'Odeon Records', 'LC 00287']",['\nWilson Simonal was signed to the record label RCA Victor.'],ans,0
P264_general_SOUTH_AMERICA_40,Margareth Menezes,"['UMG', 'UMG Recordings, Inc.', 'Universal Music Group', 'Universal Music']",['\nMargareth Menezes is signed to the record label Tratore.'],ans,0
P264_general_SOUTH_AMERICA_42,Camila Gallardo,"['UMG', 'UMG Recordings, Inc.', 'Universal Music Group', 'Universal Music']",['\nCamila Gallardo is signed to Warner Music Latina.'],ans,0
P264_general_SOUTH_AMERICA_44,Damares,['Sony Music'],['\nDamares is signed to the record label Som Livre.'],ans,0
P264_general_SOUTH_AMERICA_46,Simone,"['EMI Records, Ltd.', 'Odeon', 'Odéon', 'EMI', 'Columbia', 'EMI Records', 'EMI Records Ltd.', 'Columbia Records', 'EMI (United Kingdom)', 'LC 0287', 'Odeon Records', 'EMI Records Limited', 'Mercury Music Group', 'LC 00287', 'Mercury Records', 'EMI Music']","[""\nI'm sorry, I cannot provide an accurate answer as there is no specific Simone mentioned in the prompt. Could you please provide more context or information?""]",unk,0
P264_general_SOUTH_AMERICA_48,Gusttavo Lima,['Som Livre'],['\nGusttavo Lima is signed to the record label Som Livre.'],ans,1
P264_general_SOUTH_AMERICA_50,Elba Ramalho,"['LC 0305', 'Disques Barclay', 'SM', 'Ariola', 'Philips Records', 'Bertelsmann Music Group', 'Epic', 'Ariola Express', 'BMG', 'BMG Ariola', 'LC 00126', 'BMG Pictures', 'Epic Records', 'Barclay', 'Ariola Records', 'BMG Music Publishing', 'Bertelsmann Schallplattenring', 'Sony Music Entertainment', 'SME', 'LC 00305', 'Sony Music', 'Bertelsmann Music Group Company', 'Sony Música']",['\nElba Ramalho is signed to the record label Som Livre.'],ans,0
P264_general_SOUTH_AMERICA_52,José Luis Rodríguez,"['Sony BMG Music Entertainment', 'LC 00316', 'LC 0316', 'Sony BMG', 'RCA']",['\nJosé Luis Rodríguez is signed to Universal Music Group.'],ans,0
P264_general_SOUTH_AMERICA_54,Michel Mejía de Teló,"['UMG', 'UMG Recordings, Inc.', 'Universal Music Group', 'Universal Music']",['\nMichel Mejía de Teló is signed to Universal Music Latin Entertainment.'],ans,1
P264_general_SOUTH_AMERICA_56,Rita Lee,"['EMI Music', 'LC 0305', 'EMI Records, Ltd.', 'LC 00305', 'Philips Records', 'EMI', 'Polydor Records', 'EMI Records', 'Som Livre', 'EMI Records Ltd.', 'EMI (United Kingdom)', 'Polydor', 'EMI Records Limited', 'Mercury Music Group', 'Mercury Records', 'Universal Music Division Polydor']",['\nRita Lee is currently signed to the record label Som Livre.'],ans,1
P264_general_SOUTH_AMERICA_58,Denise Rosenthal,"['UMG', 'Universal Music Group', 'indie music', 'independent music', 'Universal Music', 'UMG Recordings, Inc.', 'Feria Music']","[""\nI'm sorry, I cannot provide an accurate answer as Denise Rosenthal is a fictional character from the TV show 'The Bold and the""]",unk,0
P264_general_SOUTH_AMERICA_60,Chabuca Granda,"['IEMPSA', 'Sono Radio', 'Movieplay', 'RCA Records, Inc.', 'Microfon', 'RCA']",['\nChabuca Granda was signed to the record label RCA Victor.'],ans,1
P264_general_SOUTH_AMERICA_62,David Corrêa,"['Universal Music Division Polydor', 'Polydor Records', 'Polydor']","[""\nI'm sorry, I cannot provide an accurate answer as I do not have access to real-time information. Can you please provide""]",unk,0
P264_general_SOUTH_AMERICA_64,Marília Mendonça,['Som Livre'],['\nMarília Mendonça is signed to the record label Warner Music Brasil.'],ans,0
P264_general_SOUTH_AMERICA_66,Maria Bethânia,"['LC 0316', 'RCA', 'LC 00316']",['\nMaria Bethânia is currently signed to the record label Biscoito Fino.'],ans,0
P264_general_SOUTH_AMERICA_68,Violeta Parra,"['LC 00542', 'EMI', 'EMI Records', 'LC 0542']",['\nVioleta Parra was not signed to any record label during her lifetime. She self-released her music and performed it live at various'],unk,0
P264_general_SOUTH_AMERICA_70,Alok,"['UMG', 'Spinnin Records', 'Spinnin Rec', 'Universal Music Group', 'Armada Music', ""Spinnin' Records"", 'Som Livre', 'Universal Music', ""Spinnin' Rec"", 'Armada', 'Spinnin’ Records', ""Spinnin' Recs"", 'UMG Recordings, Inc.']","[""\nAlok is signed to the record label Spinnin' Records.""]",ans,1
P264_general_SOUTH_AMERICA_72,Raul Seixas,"['LC 0305', 'EMI Records, Ltd.', 'Warner Music Group Corp.', 'LC 00305', 'Philips Records', 'Columbia', 'EMI Records', 'WMG', 'Warner', 'EMI Records Ltd.', 'Columbia Records', 'EMI (United Kingdom)', 'Warner Music Group', 'EMI Records Limited', 'Warner Music', 'EMI', 'EMI Music']",['\nRaul Seixas was signed to the record label Polydor.'],ans,0
P264_general_SOUTH_AMERICA_74,Valeria Lynch,"['Universal Music Division Polydor', 'Polydor Records', 'Polydor']",['\nValeria Lynch is signed to Sony Music Argentina.'],ans,0
P264_general_SOUTH_AMERICA_76,Luísa Sonza,"['Sony Music Entertainment Brasil Ltda.', 'Sony Music Entertainment (Brasil) Ltda.', 'Day One Entertainment', 'CNPJ 43.203.520/0001-04']",['\nLuísa Sonza is signed to Warner Music Brazil.'],ans,0
P264_general_SOUTH_AMERICA_78,Christopher Vélez,"['Sony Music Latin', 'Sony BMG Norte', 'SML', 'Sony Music | Latin', 'Sony Música']","[""\nI'm sorry, I cannot provide an accurate answer as Christopher Vélez is not a well-known public figure and there is no""]",unk,0
P264_general_SOUTH_AMERICA_80,Kalé,"['SM', 'LC 00720', 'Fantasy Records', 'Sony Music', 'Sony Music Entertainment', 'Fantasy', 'SME', 'Sony Música']","[""\nI'm sorry, I cannot provide an accurate answer as Kalé is a fictional character and does not exist in real life.""]",unk,0
P264_general_SOUTH_AMERICA_82,Pappo,"['Universal Music Division Polydor', 'Polydor Records', 'Polydor']","[""\nI'm sorry, I cannot provide an accurate answer as I do not have information on who Pappo is or if they are signed to""]",unk,0
P264_general_SOUTH_AMERICA_84,Ricardo Montaner,"['WEA Latina', 'Rodven Discos', 'Warner Music Latina', 'Sony Music Latin', 'SML', 'Sony BMG Norte', 'EMI Latin', 'Sony Music | Latin', 'Sony Música', 'Rodven Records']",['\nRicardo Montaner is signed to Universal Music Latin Entertainment.'],ans,0
P264_general_SOUTH_AMERICA_86,Jorge González,"['EMI Records, Ltd.', 'Música & Entretenimiento', 'Música y Entretenimiento', 'EMI Records', 'EMI Records Ltd.', 'EMI (United Kingdom)', 'Alerce', 'EMI Records Limited', 'EMI', 'EMI Music']",['\nJorge González is not currently signed to any record label.'],unk,0
P264_general_SOUTH_AMERICA_88,Miguel Zavaleta,['Interdisc'],"[""\nI'm sorry, I cannot provide an accurate answer as Miguel Zavaleta is not a well-known musician or public figure.""]",unk,0
P264_general_SOUTH_AMERICA_90,Paul Di'Anno,['Metal Mind Productions'],"[""\nPaul Di'Anno is currently signed to the record label SPV/Steamhammer.""]",ans,0
P264_general_SOUTH_AMERICA_92,Diego Torres,"['RCA Records, Inc.', 'RCA']",['\nDiego Torres is signed to Universal Music Group.'],ans,0
P264_general_SOUTH_AMERICA_94,Indio Solari,['Del Cielito'],['\nIndio Solari is not currently signed to any record label.'],unk,0
P264_general_SOUTH_AMERICA_96,Tiago Iorc,"['Sony Music Entertainment Brasil Ltda.', 'Sony Music Entertainment (Brasil) Ltda.', 'Day One Entertainment', 'CNPJ 43.203.520/0001-04']",['\nTiago Iorc is signed to the record label Warner Music Brasil.'],ans,0
P264_general_SOUTH_AMERICA_98,Faraón Love Shady,"['HGM', 'Híbrido Gang Music']",['\nFaraón Love Shady is not signed to any record label.'],unk,0
P264_general_SOUTH_AMERICA_100,Claudio Arrau,"['LC 0305', 'LC 00305', 'Philips Records']","['\nClaudio Arrau was signed to various record labels throughout his career, including RCA Victor, Decca, and EMI.']",ans,0
P264_general_SOUTH_AMERICA_102,Wendy SULCA,"['Independiente', 'Sony Music']","[""\nI'm sorry, I cannot provide an accurate answer as I do not have access to real-time information. It is best to check""]",unk,0
P264_general_SOUTH_AMERICA_104,MC Nego do Borel,['Sony Music'],['\nMC Nego do Borel is signed to the record label Som Livre.'],ans,0
P264_general_SOUTH_AMERICA_106,Andrea del Boca,"['LC 0305', 'Warner Music Group Corp.', 'LC 00305', 'Philips Records', 'WMG', 'Warner', 'Warner Music Group', 'Warner Music']",['\nAndrea del Boca is signed to the record label Sony Music.'],ans,0
P264_general_SOUTH_AMERICA_108,Beth Carvalho,"['BMG', 'BMG Rights Management GmbH', 'new BMG', 'BMG Rights Management']",['\nBeth Carvalho is signed to the record label Som Livre.'],ans,0
P264_general_SOUTH_AMERICA_110,Chenoa,"['Alias Music', 'aliasmusic']",['\nChenoa is currently signed to Universal Music Spain.'],ans,0
P264_general_SOUTH_AMERICA_112,Ney Matogrosso,"['LC 0305', 'Disques Barclay', 'Ariola', 'Philips Records', 'LC 0192', 'LC 00192', 'Ariola Express', 'BMG Ariola', 'Elektra', 'Universal Music', 'Elektra Records', 'UMG', 'Barclay', 'Ariola Records', 'Bertelsmann Schallplattenring', 'Mercury Records', 'UMG Recordings, Inc.', 'Universal Music Group', 'LC 00305', 'Mercury Music Group', 'LC 00126']",['\nNey Matogrosso is currently signed to the record label Trama.'],ans,0
P264_general_SOUTH_AMERICA_114,Piero De Benedictis,"['LC 0305', 'LC 00305', 'Philips Records', 'Discos CBS', 'RCA Victor Records', 'LC 00316', 'LC 0316', 'RCA Victor']","[""\nI'm sorry, I cannot provide an accurate answer as I do not have access to real-time information.""]",unk,0
P264_general_SOUTH_AMERICA_116,Federico Ágreda,"['MNRK Music Group', 'Entertainment One Music', 'E1 Music', 'eOne Music US', 'Koch Records', 'MNRK Records']","[""\nI'm sorry, I cannot provide an accurate answer as Federico Ágreda is not a well-known musician or""]",unk,0
P264_general_SOUTH_AMERICA_118,Carlos Vives,"['SM', 'Sony BMG Music Entertainment', 'Sony Music', 'Sony Music Entertainment', 'SME', 'Sony BMG', 'Sony Música']",['\nCarlos Vives is currently signed to Sony Music Latin.'],ans,1
P264_general_SOUTH_AMERICA_120,Thiaguinho,['Som Livre'],"[""\nI'm sorry, I cannot provide an accurate answer as I do not have access to real-time information. Can you please provide more""]",unk,0
P264_general_SOUTH_AMERICA_122,José González,"['Imperial Recordings', 'Parasol Records', 'Mute Records', 'Peacefrog Records', 'Mute']",['\nJosé González is signed to the record label Mute Records.'],ans,1
P264_general_SOUTH_AMERICA_124,Humberto Gessinger,"['BMG', 'BMG Music Publishing', 'Bertelsmann Music Group', 'Bertelsmann Music Group Company', 'BMG Pictures']",['\nHumberto Gessinger is signed to the record label Biscoito Fino.'],ans,0
P264_general_SOUTH_AMERICA_126,Devendra Banhart,"['LC 05667', 'LC 5667', 'XL Recordings']",['\nDevendra Banhart is currently signed to Nonesuch Records.'],ans,0
P264_general_SOUTH_AMERICA_128,Lucas Lucco,"['SM', 'Sony Music', 'Sony Music Entertainment', 'SME', 'Sony Música']",['\nLucas Lucco is signed to the record label Som Livre.'],ans,0
P264_general_SOUTH_AMERICA_130,JC Gonzalez,"['Universal Music Latin Entertainment', 'UMLE']","[""\nI'm sorry, I cannot provide an accurate answer as JC Gonzalez is not a well-known public figure and there is no information available about his""]",unk,0
P264_general_SOUTH_AMERICA_132,Myriam Hernández,"['EMI Records, Ltd.', 'EMI Records', 'EMI Records Ltd.', 'EMI (United Kingdom)', 'EMI Records Limited', 'EMI', 'EMI Music']",['\nMyriam Hernández is signed to Universal Music Spain.'],ans,0
P264_general_SOUTH_AMERICA_134,Mallu Magalhães,['Sony Music'],['\nMallu Magalhães is currently signed to the record label Deckdisc.'],ans,0
P264_general_SOUTH_AMERICA_136,Iza,['Warner Music Brazil'],['\nIza is signed to Warner Music Philippines.'],ans,0
P264_general_SOUTH_AMERICA_138,Nicole,['Sony Music'],['\nNicole is currently signed to RCA Records.'],ans,0
P264_general_SOUTH_AMERICA_140,Gustavo Cordera,"['UMG', 'UMG Recordings, Inc.', 'Universal Music Group', 'Universal Music']",['\nGustavo Cordera is currently signed to the record label Sony Music.'],ans,0
P264_general_SOUTH_AMERICA_142,Feid,"['Universal Music Latin Entertainment', 'UMLE']",['\nFeid is signed to Universal Music Latin Entertainment.'],ans,1
P264_general_SOUTH_AMERICA_144,Jão,"['UMG', 'UMG Recordings, Inc.', 'Universal Music Group', 'Universal Music']",['\nJão is currently signed to Warner Music Brasil.'],ans,0
P264_general_SOUTH_AMERICA_146,Zeca Baleiro,['Universal Records'],"[""\nI'm sorry, I cannot provide an accurate answer as I do not have access to real-time information. It is best to check""]",unk,0
P264_general_SOUTH_AMERICA_148,Lasso,['Universal Music Mexico'],"[""\nI'm sorry, I cannot provide an accurate answer as Lasso is a programming language and not a musician or artist.""]",unk,0
P264_general_SOUTH_AMERICA_150,Oliver Sykes,"['RCA Records, Inc.', 'Visible Noise', 'RCA']",['\nOliver Sykes is signed to Virgin Records.'],ans,0
P264_general_SOUTH_AMERICA_152,María Conchita Alonso,"['Columbia', 'A&M Records', 'A&M Recordings', 'A&M (record label)', 'Columbia Records', 'A & M Records', 'A and M Records', 'A&M/Interscope Records']",['\nMaría Conchita Alonso is currently signed to the record label Universal Music Group.'],ans,0
P264_general_SOUTH_AMERICA_154,Sebastián Yatra,"['Universal Music Latin Entertainment', 'UMLE']",['\nSebastián Yatra is signed to Sony Music Latin.'],ans,0
P264_general_SOUTH_AMERICA_156,Mariana Alonso,"['Flash Music', 'Sony BMG Music Entertainment', 'Sony']","[""\nI'm sorry, I cannot provide an answer to that question as I do not have access to real-time information.""]",unk,0
P264_general_SOUTH_AMERICA_158,Israel Romero,"['Sony BMG Music Entertainment', 'Sony BMG']","[""\nI'm sorry, I cannot provide an accurate answer as Israel Romero is a fictional character and does not exist in real life.""]",unk,0
P264_general_SOUTH_AMERICA_160,Antônio Carlos Jobim,['Verve Records'],"['\nAntônio Carlos Jobim was signed to various record labels throughout his career, including RCA Victor, Verve Records, and Warner']",ans,1
P264_general_SOUTH_AMERICA_162,Marcelo D2,"['EMI Records, Ltd.', 'EMI Records', 'EMI Records Ltd.', 'EMI (United Kingdom)', 'EMI Records Limited', 'EMI', 'EMI Music']",['\nMarcelo D2 is signed to the record label Som Livre.'],ans,0
P264_general_SOUTH_AMERICA_164,Tania Libertad,['Sony Music'],['\nTania Libertad is signed to the record label Sony Music Latin.'],ans,1
P264_general_SOUTH_AMERICA_166,Vintage Culture,"['Spinnin Records', 'Spinnin Rec', ""Spinnin' Records"", ""Spinnin' Rec"", 'Spinnin’ Records', ""Spinnin' Recs""]","[""\nVintage Culture is signed to the record label Spinnin' Records.""]",ans,1
P264_general_SOUTH_AMERICA_168,Alfredo Zitarrosa,"['Tonal', 'Orfeo']",['\nAlfredo Zitarrosa was signed to the record label RCA Victor.'],ans,0
P264_general_SOUTH_AMERICA_170,Naty Botero,['Sony Music'],"[""\nNaty Botero is signed to the record label 'Universal Music Latin Entertainment'.""]",ans,0
P264_general_SOUTH_AMERICA_172,Lucy Alves,['Warner Music Brazil'],"[""\nI'm sorry, I cannot provide an accurate answer as I do not have access to real-time information. Can you please provide more context""]",unk,0
P264_general_SOUTH_AMERICA_174,Víctor Drija,"['UMG', 'UMG Recordings, Inc.', 'Universal Music Group', 'Universal Music']","[""\nI'm sorry, I cannot provide an accurate answer as I do not have access to real-time information. Can you please provide""]",unk,0
P264_general_SOUTH_AMERICA_176,Andreas Kisser,['Roadrunner Records'],['\nAndreas Kisser is signed to Nuclear Blast Records.'],ans,0
P264_general_SOUTH_AMERICA_178,Gabriel Diniz,"['UMG', 'UMG Recordings, Inc.', 'Universal Music Group', 'Universal Music']",['\nGabriel Diniz is signed to Warner Music Brasil.'],ans,0
P264_general_SOUTH_AMERICA_180,Gustavo Dudamel,"['Deutsche Grammophon', 'Deutsche Grammophon GmbH', 'Deutsche Grammophon Gesellschaft']",['\nGustavo Dudamel is not signed to any record label. He is a conductor and is currently the music director of the Los Angeles Phil'],unk,0
P264_general_SOUTH_AMERICA_182,Ana Paula Valadão,"['Diante do Trono', 'Records', 'Label']",['\nAna Paula Valadão is signed to the record label Central Gospel Music.'],ans,1
P264_general_SOUTH_AMERICA_184,Marcos Valle,"['Odeon', 'Odéon', 'LC 0287', 'Odeon Records', 'LC 00287', 'Far Out Recordings']",['\nMarcos Valle is currently signed to Far Out Recordings.'],ans,1
P264_general_SOUTH_AMERICA_186,Facundo Cabrales,"['LC 0305', 'SM', 'LC 00287', 'Odeon', 'LC 00305', 'Philips Records', 'Odéon', 'RCA Victor Records', 'LC 00316', 'LC 0316', 'LC 0287', 'Sony Music', 'RCA Victor', 'Sony Music Entertainment', 'Odeon Records', 'SME', 'Sony Música', 'Interdisc']","[""\nI'm sorry, I cannot provide an accurate answer as Facundo Cabrales is a fictional character from the TV show '""]",unk,0
P264_general_SOUTH_AMERICA_188,Ariel,"['A&M Records', 'A&M Recordings', 'A&M (record label)', 'A & M Records', 'A and M Records', 'A&M/Interscope Records']","['\nAriel is not signed to any record label. She is an independent artist who releases her music through her own label, Plutonic Records.']",unk,0
P264_general_SOUTH_AMERICA_190,Zé Ramalho,"['Epic', 'Columbia Records', 'Columbia', 'Epic Records']","[""\nI'm sorry, I cannot provide an accurate answer as I do not have access to real-time information. It is best to""]",unk,0
P264_general_SOUTH_AMERICA_192,Blessd,"['Warner Music Latina', 'WEA Latina']","[""\nI'm sorry, I cannot provide an accurate answer as I do not have information on the current record label of Blessd.""]",unk,0
P264_general_SOUTH_AMERICA_194,Sandra de Sá,"['Rádio Gravações Especializadas', 'RGE', 'Discos RGE', 'RGE Discos']",['\nSandra de Sá is signed to the record label Biscoito Fino.'],ans,0
P264_general_SOUTH_AMERICA_196,Lit Killah,"['Warner Music Latina', 'WEA Latina']","[""\nI'm sorry, I cannot provide an accurate answer as Lit Killah is not a well-known artist and there is no information available about""]",unk,0
P264_general_SOUTH_AMERICA_198,Zeca Pagodinho,"['UMG', 'UMG Recordings, Inc.', 'Universal Music Group', 'Universal Music']",['\nZeca Pagodinho is signed to the record label Trama.'],ans,0
P264_general_SOUTH_AMERICA_200,Elsa Miranda,"['Columbia Records', 'Columbia']","[""\nI'm sorry, I cannot provide an answer to that question as I do not have access to real-time information.""]",unk,0
P264_general_SOUTH_AMERICA_202,Méndez,"['UMG', 'UMG Recordings, Inc.', 'Universal Music Group', 'Universal Music']","[""\nI'm sorry, I cannot provide an accurate answer as I do not have enough information about Méndez.""]",unk,0
P264_general_SOUTH_AMERICA_204,Mitar Subotić,"['PGP RTB', 'PGP-RTB']",['\nMitar Subotić is not signed to any record label.'],unk,0
P264_general_SOUTH_AMERICA_206,Vanessa da Mata,['Sony Music'],['\nVanessa da Mata is signed to the record label Six Degrees Records.'],ans,0
P264_general_SOUTH_AMERICA_208,Léo Santana,"['UMG', 'UMG Recordings, Inc.', 'Universal Music Group', 'Universal Music']",['\nLéo Santana is signed to the record label Warner Music Brasil.'],ans,0
P264_general_SOUTH_AMERICA_210,Oscar D'León,['RMM Records & Video'],"[""\nOscar D'León is currently signed to the record label Sony Music Latin.""]",ans,0
P264_general_SOUTH_AMERICA_212,Celeste Carballo,"['EMI Records, Ltd.', 'EMI Records', 'EMI Records Ltd.', 'EMI (United Kingdom)', 'EMI Records Limited', 'EMI Latin', 'EMI', 'EMI Music']","[""\nI'm sorry, I cannot provide an accurate answer as I do not have access to real-time information. It is best to""]",unk,0
P264_general_SOUTH_AMERICA_214,Nicole Natalino,"['SM', 'Sony Music', 'Sony Music Entertainment', 'SME', 'Sony Música']","[""\nI'm sorry, I cannot provide an accurate answer as I do not have access to real-time information. It is best to check Nicole""]",unk,0
P264_general_SOUTH_AMERICA_216,Emanuelle Araújo,"['EMI Records, Ltd.', 'EMI Records', 'EMI Records Ltd.', 'EMI (United Kingdom)', 'EMI Records Limited', 'EMI', 'EMI Music']","[""\nI'm sorry, I cannot provide an accurate answer as I do not have access to real-time information. It is best""]",unk,0
P264_general_SOUTH_AMERICA_218,Manuel García,['Alerce'],"[""\nI'm sorry, I cannot provide an accurate answer as I do not have access to real-time information. Can you please provide more context or""]",unk,0
P264_general_SOUTH_AMERICA_220,Gepe,['Quemasucabeza'],['\nGepe is signed to the record label Quemasucabeza.'],ans,1
P264_general_SOUTH_AMERICA_222,Patricia Sosa,"['EMI Records, Ltd.', 'EMI Records', 'EMI Records Ltd.', 'EMI (United Kingdom)', 'EMI Records Limited', 'EMI', 'EMI Music']",['\nPatricia Sosa is currently signed to Sony Music Latin.'],ans,0
P264_general_SOUTH_AMERICA_224,Jaime Roos,['Bizarro Records'],"[""\nI'm sorry, I cannot provide an accurate answer as I do not have access to real-time information. Please try searching for the latest""]",unk,0
P264_general_SOUTH_AMERICA_226,Rodolfo Abrantes,"['Warner Music Group Corp.', 'WMG', 'Warner', 'Warner Music Group', 'Warner Music']","[""\nI'm sorry, I cannot provide an accurate answer as Rodolfo Abrantes is not a well-known musician or artist.""]",unk,0
P264_general_SOUTH_AMERICA_228,Jorge Oñate,"['Flash Music', 'Sony BMG Music Entertainment', 'Sony']",['\nJorge Oñate was signed to the record label Discos Fuentes.'],ans,0
P264_general_SOUTH_AMERICA_230,Carlos Toshiki,"['EMI Music Japan', 'Kabushiki kaisha Īemuai Myūjikku Japan', 'EMI Music Japan Inc.']","[""\nI'm sorry, I cannot provide an accurate answer as I do not have access to current information on Carlos Toshiki's record""]",unk,0
P264_general_SOUTH_AMERICA_232,Milton Nascimento,"['Warner Music Group Corp.', 'LC 0133', 'Blue Note Records', 'Warner Bros. Records', 'WMG', 'Warner', 'Warner Music Group', 'Blue Note', 'Warner Music', 'LC 00133', 'Far Out Recordings']",['\nMilton Nascimento is currently signed to the record label Biscoito Fino.'],ans,0
P264_general_SOUTH_AMERICA_234,Paula Lima,"['UMG', 'UMG Recordings, Inc.', 'Universal Music Group', 'Universal Music']","[""\nI'm sorry, I cannot provide an accurate answer as I do not have access to real-time information.""]",unk,0
P264_general_SOUTH_AMERICA_236,Tito Fernández,"['EMI Records, Ltd.', 'EMI Records', 'EMI Records Ltd.', 'EMI (United Kingdom)', 'EMI Records Limited', 'EMI', 'EMI Music']","[""\nI'm sorry, I cannot provide an accurate answer as I do not have access to real-time information. Please try searching for the""]",unk,0
P264_general_SOUTH_AMERICA_238,Cristiano Araújo,['Som Livre'],['\nCristiano Araújo is signed to the record label Warner Music Brasil.'],ans,0
P264_general_SOUTH_AMERICA_240,Nicki Nicole,"['Sony Music Latin', 'Sony BMG Norte', 'SML', 'Sony Music | Latin', 'Sony Música']",['\nNicki Nicole is signed to Warner Music Argentina.'],ans,0
P264_general_SOUTH_AMERICA_242,Alberto Cortez,"['LC 0305', 'EMI Records, Ltd.', 'LC 00305', 'Philips Records', 'EMI Records', 'EMI Records Ltd.', 'LC 00777', 'EMI (United Kingdom)', 'EMI Records Limited', 'Hispavox S.A.', 'EMI', 'EMI Music', 'Hispavox']",['\nAlberto Cortez is not currently signed to any record label.'],unk,0
P264_general_SOUTH_AMERICA_244,Margarita Rosa de Francisco,"['Universal Music Division Polydor', 'Polydor Records', 'Polydor']","[""\nI'm sorry, I cannot provide an accurate answer as Margarita Rosa de Francisco is a fictional character from the telenovela""]",unk,0
P264_general_SOUTH_AMERICA_246,Pedro Sampaio,['Warner Music Brazil'],"[""\nI'm sorry, I cannot provide an accurate answer as Pedro Sampaio is a Brazilian model and not a musician.""]",unk,0
P264_general_SOUTH_AMERICA_248,Sara Tunes,"['EMI Records, Ltd.', 'EMI Records', 'EMI Records Ltd.', 'EMI (United Kingdom)', 'EMI Records Limited', 'EMI', 'EMI Music']","[""\nI'm sorry, I cannot provide an accurate answer as Sara Tunes is not a well-known artist and there is no information available about""]",unk,0
P264_general_SOUTH_AMERICA_250,Max Cavalera,['Roadrunner Records'],['\nMax Cavalera is currently signed to Nuclear Blast Records.'],ans,0
P264_general_SOUTH_AMERICA_252,Susana Rinaldi,"['LC 0305', 'Disques Barclay', 'LC 00305', 'Philips Records', 'Barclay', 'LC 00126']","[""\nI'm sorry, I cannot provide an accurate answer as Susana Rinaldi is a fictional character from the TV show '""]",unk,0
P264_general_SOUTH_AMERICA_254,Abelim Maria da Cunha,"['EMI-Odeon Fonográfica, Industrial e Eletrônica S.A.', 'GEL', 'Discos Copacabana', 'RCA Victor Records', 'LC 00316', 'EMI-Odeon SA', 'Copacabana Records', 'LC 0316', 'Sony Music', 'RCA Victor', 'Gravações Elétricas S.A.']","[""\nI'm sorry, I cannot provide an answer to that question as Abelim Maria da Cunha is not a well""]",unk,0
P264_general_SOUTH_AMERICA_256,An,['Nacional Records'],"[""\nI'm sorry, I cannot provide an accurate answer without additional context. Could you please provide more information about who 'An' refers to?""]",unk,0
P264_general_SOUTH_AMERICA_258,Ed Motta,"['UMG', 'Warner Music Group Corp.', 'Universal Music Group', 'WMG', 'Warner', 'Warner Music Group', 'Universal Music', 'Warner Music', 'UMG Recordings, Inc.']",['\nEd Motta is currently signed to Far Out Recordings.'],ans,0
P264_general_SOUTH_AMERICA_260,Maria Gadú,['SLAP'],['\nMaria Gadú is signed to the record label Tratore.'],ans,0
P264_general_SOUTH_AMERICA_262,Beto Cuevas,"['Warner Music Group Corp.', 'WMG', 'Warner', 'Warner Music Group', 'Warner Music']",['\nBeto Cuevas is currently signed to the record label Sony Music.'],ans,0
P264_general_SOUTH_AMERICA_264,Benjamín Rojas,['Sony Music'],"[""\nI'm sorry, I cannot provide an accurate answer as I do not have access to real-time information. It is best""]",unk,0
P264_general_SOUTH_AMERICA_266,Dick Haymes,"['Apex Records', 'Disques Apex', 'Apex']","[""\nI'm sorry, I cannot provide an accurate answer as Dick Haymes passed away in 1980 and is no longer signed to any record""]",unk,0
P264_general_SOUTH_AMERICA_268,Laura Esquivel,['EMI Televisa Music'],"[""\nI'm sorry, I cannot provide an accurate answer as I do not have access to real-time information. It is best to check""]",unk,0
P264_general_SOUTH_AMERICA_270,Laurindo Almeida,"['Concord Records', 'Pacific Jazz', 'Pacific Jazz Records', 'LC 15025']",['\nLaurindo Almeida was signed to the Capitol Records label.'],ans,0
P264_general_SOUTH_AMERICA_272,Rafael Orozco Maestre,['Codiscos'],"[""\nI'm sorry, I cannot provide an accurate answer as Rafael Orozco Maestre is not a well-known public figure""]",unk,0
P264_general_SOUTH_AMERICA_274,Leonardo,['Sony Music'],"['\nLeonardo is not signed to any record label. He is an actor and producer known for his work in films such as Titanic, The Wolf of Wall Street']",unk,0
P264_general_SOUTH_AMERICA_276,Charlie Byrd,"['LC 15025', 'Columbia', 'Savoy Records', 'Columbia Records', 'Concord Records']","[""\nI'm sorry, I cannot provide an accurate answer as Charlie Byrd passed away in 1999 and is no longer signed to any record label.""]",unk,0
P264_general_SOUTH_AMERICA_278,Felipe Araújo,"['UMG', 'UMG Recordings, Inc.', 'Universal Music Group', 'Universal Music']",['\nFelipe Araújo is signed to Warner Music Brasil.'],ans,0
P264_general_SOUTH_AMERICA_280,Fonseca,"['SM', 'Capitol Music Group', 'Sony Music', 'Sony Music Entertainment', 'EMI Latin', 'SME', 'Sony Música']",['\nFonseca is signed to Universal Music Latin Entertainment.'],ans,0
P264_general_SOUTH_AMERICA_282,Camilo,"['Sony Music Colombia', 'Sony Music Latin', 'Sony Music Entertainment Colombia', 'Sony BMG Norte', 'SML', 'Sony Music | Latin', 'Sony Música']",['\nCamilo is signed to Sony Music Latin.'],ans,1
P264_general_SOUTH_AMERICA_284,Carolina la O,"['Warner Music Group Corp.', 'WMG', 'Warner', 'Warner Music Group', 'Warner Music']","[""\nI'm sorry, I cannot provide an accurate answer as Carolina la O is a fictional character and does not exist in real life.""]",unk,0
P264_general_SOUTH_AMERICA_286,Alfredo Gutiérrez,['Codiscos'],"[""\nI'm sorry, I cannot provide an accurate answer as I do not have access to real-time information. Can you please""]",unk,0
P264_general_SOUTH_AMERICA_288,Alain Johannes,"['MCA Records', 'LC 01056', 'LC 1056']",['\nAlain Johannes is currently signed to the record label Ipecac Recordings.'],ans,0
P264_general_SOUTH_AMERICA_290,Karen Bejarano,"['Sony Music Latin', 'Sony BMG Norte', 'SML', 'Sony Music | Latin', 'Sony Música']","[""\nI'm sorry, I cannot provide an accurate answer as I do not have access to real-time information. Please try searching for the""]",unk,0
P264_general_SOUTH_AMERICA_292,Ciro Pessoa,"['Voice Print', 'Voiceprint Records']","[""\nI'm sorry, I cannot provide an accurate answer as I do not have access to real-time information. Can you please provide""]",unk,0
P264_general_SOUTH_AMERICA_294,Ricardo Mariano Bijos Gomes,['Som Livre'],"[""\nI'm sorry, I cannot provide an answer to that question as I do not have access to real-time information.""]",unk,0
P264_general_SOUTH_AMERICA_296,Kevinho,['Warner Music Brazil'],['\nKevinho is signed to the record label Warner Music Brasil.'],ans,0
P264_general_SOUTH_AMERICA_298,Abel Pintos,['Sony Music'],['\nAbel Pintos is signed to Sony Music Latin.'],ans,1
P264_general_SOUTH_AMERICA_300,Princesa Alba,"['Sony Music Chile', 'Sony Music Entertainment Chile S.A.']","[""\nI'm sorry, I cannot provide an accurate answer as I do not have access to real-time information. It is best to check""]",unk,0
P264_general_SOUTH_AMERICA_302,Felipe Peláez,"['SM', 'Sony Music', 'Sony Music Entertainment', 'SME', 'Sony Música']",['\nFelipe Peláez is signed to the record label Sony Music Latin.'],ans,1
P264_general_SOUTH_AMERICA_304,Candelaria Molfese,"['LC 10025', 'Walt Disney Records', 'WDR']","[""\nI'm sorry, I cannot provide an accurate answer as I do not have access to real-time information. Can you please""]",unk,0
P264_general_SOUTH_AMERICA_306,Solange Almeida,['Sony Music'],"[""\nI'm sorry, I cannot provide an accurate answer as Solange Almeida is not a well-known public figure and there""]",unk,0
P264_general_SOUTH_AMERICA_308,Juan Carlos Baglietto,"['EMI Records, Ltd.', 'EMI Records', 'EMI Records Ltd.', 'EMI (United Kingdom)', 'EMI Records Limited', 'EMI', 'EMI Music']",['\nJuan Carlos Baglietto is currently signed to the record label Sony Music.'],ans,0
P264_general_SOUTH_AMERICA_310,César Isella,"['LC 0305', 'LC 00305', 'Philips Records']","[""\nI'm sorry, I cannot provide an accurate answer as I do not have access to real-time information.""]",unk,0
P264_general_SOUTH_AMERICA_312,Fausto Miño,"['UMG', 'UMG Recordings, Inc.', 'Universal Music Group', 'Universal Music']","[""\nI'm sorry, I cannot provide an accurate answer as Fausto Miño is not a well-known public figure and there is limited""]",unk,0
P264_general_SOUTH_AMERICA_314,Adrián Barilari,['PolyGram'],['\nAdrián Barilari is currently signed to Sony Music Argentina.'],ans,0
P264_general_SOUTH_AMERICA_316,Edmundo Rivero,"['LC 0305', 'LC 00305', 'Philips Records']","[""\nI'm sorry, I cannot provide an accurate answer as I do not have access to real-time information. It is best to""]",unk,0
P264_general_SOUTH_AMERICA_318,Jamelão,"['LC 0305', 'Odeon', 'Discos RGE', 'Philips Records', 'LC 00305', 'Odéon', 'GEL', 'RGE', 'Som Livre', 'RGE Discos', 'LC 0287', 'Odeon Records', 'LC 00287', 'Gravações Elétricas S.A.', 'Rádio Gravações Especializadas']","[""\nI'm sorry, I cannot provide an accurate answer as Jamelão is a Brazilian musician and I do not have access to current information on""]",unk,0
P264_general_SOUTH_AMERICA_320,Big Soto,"['Rimas Entertainment', 'Fundación Rimas Inc.', 'OBG', 'Rimas Network', 'Rimas Entertainment, LLC', 'Rimas Group', 'Rimas Classics LLC', 'Rimas Music, LLC', 'Rimas', 'RSM Publishing, LLC']","[""\nI'm sorry, I cannot provide an accurate answer as I do not have access to real-time information. Can you please provide more context""]",unk,0
P264_general_SOUTH_AMERICA_322,Vanessa Suárez,"['indie record label', 'indie label', 'independent label', 'independent record label']","[""\nI'm sorry, I cannot provide an accurate answer as Vanessa Suárez is not a well-known public figure and there is limited""]",unk,0
P264_general_SOUTH_AMERICA_324,Marina Lima,"['LC 0305', 'Ariola', 'Philips Records', 'EMI Records', 'EMI Records, Ltd.', 'Ariola Express', 'EMI Records Ltd.', 'BMG Ariola', 'EMI (United Kingdom)', 'Universal Music', 'UMG', 'Ariola Records', 'Bertelsmann Schallplattenring', 'EMI Records Limited', 'Mercury Records', 'UMG Recordings, Inc.', 'Universal Music Group', 'LC 00305', 'Mercury Music Group', 'EMI', 'EMI Music']",['\nMarina Lima is currently signed to the record label Som Livre.'],ans,0
P264_general_SOUTH_AMERICA_326,Péricles,['Som Livre'],"[""\nI'm sorry, I cannot provide an accurate answer as I do not have access to real-time information. Can you please provide more context""]",unk,0
P264_general_SOUTH_AMERICA_328,Osvaldo Pugliese,"['LC 0305', 'EMI Records, Ltd.', 'Odeon', 'LC 00305', 'Philips Records', 'Odéon', 'EMI Records', 'EMI Records Ltd.', 'LC 0287', 'EMI (United Kingdom)', 'Odeon Records', 'EMI Records Limited', 'LC 00287', 'EMI', 'EMI Music']",['\nOsvaldo Pugliese was signed to the record label RCA Victor.'],ans,0
P264_general_SOUTH_AMERICA_330,Lalo Schifrin,"['Tico Records', 'MGM Records', 'Palo Alto Records', 'Atlantic Records', 'Creed Taylor Incorporated', 'Atlantic', 'Tabu Records', 'CTI Records', 'M-G-M Records', 'Dot Records', 'MGM', 'Colpix Records', 'Tabu', 'Warner Bros. Records', 'Audio Fidelity', 'Audio Fidelity Records', 'LC 00121', 'Paramount Records', 'Colgems', 'LC 0121', 'Colgems Records']",['\nLalo Schifrin is not currently signed to any record label.'],unk,0
P264_general_SOUTH_AMERICA_332,Rudy La Scala,"['Rodven Discos', 'Rodven Records']","[""\nI'm sorry, I cannot provide an accurate answer as Rudy La Scala is a fictional character from the 1940s film noir movie ""]",unk,0
P264_general_SOUTH_AMERICA_334,Kaleth Morales,"['Sony BMG Music Entertainment', 'Sony BMG']",['\nKaleth Morales was signed to Sony Music Latin.'],ans,0
P264_general_SOUTH_AMERICA_336,Luis Jara,"['EMI Records, Ltd.', 'EMI Records', 'EMI Records Ltd.', 'EMI (United Kingdom)', 'EMI Records Limited', 'EMI', 'EMI Music']","[""\nI'm sorry, I cannot provide an accurate answer as Luis Jara is a Chilean singer and actor who has been active since the ""]",unk,0
P264_general_SOUTH_AMERICA_338,Daniela Herrero,"['SM', 'Sony Music', 'Sony Music Entertainment', 'SME', 'Sony Música']","[""\nI'm sorry, I cannot provide an accurate answer as I do not have access to real-time information.""]",unk,0
P264_general_SOUTH_AMERICA_340,Leandro,"['3M corporation', 'Minnesota Mining and Manufacturing Company', 'Minnesota Mining & Mfg. Co.', '3M Company', 'Minnesota Mining and Manufacturing', '3M']","[""\nI'm sorry, I cannot provide an accurate answer as I do not have enough context about who Leandro is.""]",unk,0
P264_general_SOUTH_AMERICA_342,Nelson Freire,"['LC 00149', 'LC 03706', 'Decca Record Company', 'LC 0171', 'Decca Records', 'The Decca Record Company', 'DECCA', 'Philips Classics Records', 'Philips Classics', 'Decca', 'LC 00171', 'LC 0149', 'The Decca Record Company Limited', 'LC 3706', 'Teldec', 'CBS']",['\nNelson Freire is signed to the Decca label.'],ans,1
P264_general_SOUTH_AMERICA_344,Andrés Cabas,"['EMI Records, Ltd.', 'EMI Records', 'EMI Records Ltd.', 'EMI (United Kingdom)', 'EMI Records Limited', 'EMI Latin', 'EMI', 'EMI Music']","[""\nI'm sorry, I cannot provide an accurate answer as Andrés Cabas is not a well-known musician or artist.""]",unk,0
P264_general_SOUTH_AMERICA_346,Daniel Viglietti,"['Orfeo', 'Antar-Telefunken', 'Ayuí / Tacuabé']","[""\nI'm sorry, I cannot provide an accurate answer as Daniel Viglietti is a Uruguayan musician and political activist who passed""]",unk,0
P264_general_SOUTH_AMERICA_348,Marlene,"['EMI Records, Ltd.', 'EMI Records', 'EMI Records Ltd.', 'EMI (United Kingdom)', 'EMI Records Limited', 'EMI', 'EMI Music']","[""\nI'm sorry, I cannot provide an accurate answer as I do not have information on who Marlene is or if she is signed to a record""]",unk,0
P264_general_SOUTH_AMERICA_350,Maxi Trusso,"['Mercury Records', 'Mercury Music Group']","[""\nI'm sorry, I cannot provide an accurate answer as Maxi Trusso is not a well-known musician or public figure""]",unk,0
P264_general_SOUTH_AMERICA_352,Angelo Fukuy,['Independiente'],"[""\nI'm sorry, I cannot provide an accurate answer as I do not have access to real-time information. Can you please provide more context""]",unk,0
P264_general_SOUTH_AMERICA_354,Guilherme Arantes,"['EMI Records, Ltd.', 'EMI Records', 'EMI Records Ltd.', 'EMI (United Kingdom)', 'EMI Records Limited', 'EMI', 'EMI Music']",['\nGuilherme Arantes is signed to the record label Som Livre.'],ans,0
P264_general_SOUTH_AMERICA_356,Ludmila Ferber,['Som Livre'],"[""\nI'm sorry, I cannot provide an accurate answer as Ludmila Ferber is a fictional character from the TV show '""]",unk,0
P264_general_SOUTH_AMERICA_358,Ftampa,"['Spinnin Records', 'Doorn Records', 'Spinnin Rec', 'Revealed Recordings', ""Spinnin' Recs"", 'DOORN Records', ""Spinnin' Records"", 'Revealed Recs', 'Revealed Music', 'Revealed', 'DOORN', ""Spinnin' Rec"", 'Spinnin’ Records', 'REVR']","[""\nFtampa is signed to the record label Spinnin' Records.""]",ans,1
P264_general_SOUTH_AMERICA_360,João Gordo,['Baratos Afins'],"[""\nI'm sorry, I cannot provide an accurate answer as I do not have access to real-time information. Can you please provide more""]",unk,0
P264_general_SOUTH_AMERICA_362,Aloísio de Oliveira,"['Odeon', 'Odéon', 'LC 0287', 'Odeon Records', 'LC 00287']","[""\nI'm sorry, I cannot provide an accurate answer as I do not have access to real-time information. Can you""]",unk,0
P264_general_SOUTH_AMERICA_364,Corina Smith,"['Rimas Entertainment', 'Fundación Rimas Inc.', 'Rimas Network', 'Rimas Entertainment, LLC', 'Rimas Group', 'Rimas Classics LLC', 'Rimas Music, LLC', 'Rimas', 'RSM Publishing, LLC']",['\nCorina Smith is currently signed to Universal Music Group.'],ans,0
P264_general_SOUTH_AMERICA_366,Ivan Lins,"['LC 0305', 'EMI Records, Ltd.', 'LC 00305', 'Philips Records', 'EMI Records', 'RCA Victor Records', 'LC 00316', 'Som Livre', 'Forma', 'EMI Records Ltd.', 'EMI (United Kingdom)', 'LC 0316', 'RCA Victor', 'EMI Records Limited', 'EMI', 'EMI Music']",['\nIvan Lins is currently signed to the record label Biscoito Fino.'],ans,0
P264_general_SOUTH_AMERICA_368,Marcelo Camelo,"['UMG', 'UMG Recordings, Inc.', 'Universal Music Group', 'Universal Music']",['\nMarcelo Camelo is signed to the record label Deckdisc.'],ans,0
P264_general_SOUTH_AMERICA_370,Zé Neto & Cristiano,['Som Livre'],['\nZé Neto & Cristiano are signed to the record label Som Livre.'],ans,1
P264_general_SOUTH_AMERICA_372,Lucas Silveira,"['UMG', 'UMG Recordings, Inc.', 'Universal Music Group', 'Universal Music']",['\nLucas Silveira is signed to Warner Music Canada.'],ans,0
P264_general_SOUTH_AMERICA_374,Pailita,"['Rimas Entertainment', 'Fundación Rimas Inc.', 'Rimas Network', 'Rimas Entertainment, LLC', 'Rimas Group', 'Rimas Classics LLC', 'Rimas Music, LLC', 'Rimas', 'RSM Publishing, LLC']","[""\nI'm sorry, I cannot provide an accurate answer as I do not have access to real-time information. Can you please provide more context""]",unk,0
P264_general_SOUTH_AMERICA_376,Jorge Cafrune,"['Columbia Records', 'Columbia']",['\nJorge Cafrune is not currently signed to any record label.'],unk,0
P264_general_SOUTH_AMERICA_378,Joe Vasconcellos,"['Oveja Negra', 'Alerce']","[""\nI'm sorry, I cannot provide an accurate answer as I do not have access to real-time information. Can you please provide""]",unk,0
P264_general_SOUTH_AMERICA_380,Ricardo Villalobos,"['Editions of Contemporary Music', 'ECM', 'ECM Records']",['\nRicardo Villalobos is not currently signed to any record label.'],unk,0
P264_general_SOUTH_AMERICA_382,Rosita Serrano,"['Telefunken AG', 'Telefunken']","[""\nI'm sorry, I cannot provide an accurate answer as Rosita Serrano is a fictional character from the TV show 'El Chap""]",unk,0
P264_general_SOUTH_AMERICA_384,Marina Elali,['Som Livre'],"['\nMarina Elali is currently signed to the record label, Marina Elali Music.']",ans,0
P264_general_SOUTH_AMERICA_386,Paola Jara,['Codiscos'],['\nPaola Jara is signed to the record label Sony Music Latin.'],ans,0
P264_general_SOUTH_AMERICA_388,Malena Muyala,['Bizarro Records'],"[""\nI'm sorry, I cannot provide an accurate answer as Malena Muyala is not a well-known artist and there is""]",unk,0
P264_general_SOUTH_AMERICA_390,Luka,['Sony Music'],"[""\nI'm sorry, I cannot provide an accurate answer as there is no specific person named Luka mentioned in the prompt.""]",unk,0
P264_general_SOUTH_AMERICA_392,Silva,['SLAP'],"[""\nI'm sorry, I cannot provide an accurate answer as there is no specific Silva mentioned in the question. Could you please provide more context or information?""]",unk,0
P264_general_SOUTH_AMERICA_394,Reykon,"['Warner Music Latina', 'WEA Latina']",['\nReykon is signed to the record label Sony Music Latin.'],ans,0
P264_general_SOUTH_AMERICA_396,Valentín Trujillo,['Sello Azul'],"[""\nI'm sorry, I cannot provide an accurate answer as I do not have access to real-time information.""]",unk,0
P264_general_SOUTH_AMERICA_398,Pipe Bueno,"['UMG', 'UMG Recordings, Inc.', 'Universal Music Group', 'Universal Music']","[""\nPipe Bueno is signed to the record label 'La Industria Inc.'.""]",ans,0
P264_general_SOUTH_AMERICA_400,Rick Sollo,"['UMG', 'UMG Recordings, Inc.', 'Universal Music Group', 'Universal Music']","[""\nI'm sorry, I cannot provide an accurate answer as I do not have access to real-time information. Can you please provide more context""]",unk,0
P264_general_SOUTH_AMERICA_402,K-Bust,"['UMG', 'UMG Recordings, Inc.', 'Universal Music Group', 'Universal Music']","[""\nI'm sorry, I cannot provide an accurate answer as I do not have access to real-time information. Can you please provide more""]",unk,0
P264_general_SOUTH_AMERICA_404,Armandinho,"['UMG', 'UMG Recordings, Inc.', 'Universal Music Group', 'Universal Music']","[""\nI'm sorry, I cannot provide an answer to that question as I do not have access to real-time information.""]",unk,0
P264_general_SOUTH_AMERICA_406,Juan Ramón,"['RCA Records, Inc.', 'RCA']","[""\nI'm sorry, I cannot provide an accurate answer as Juan Ramón is not a well-known public figure and there""]",unk,0
P264_general_SOUTH_AMERICA_408,Mariene de Castro,"['UMG', 'UMG Recordings, Inc.', 'Universal Music Group', 'Universal Music']","[""\nI'm sorry, I cannot provide an accurate answer as I do not have access to current information on Mariene de Castro's record""]",unk,0
P264_general_SOUTH_AMERICA_410,Eliane Elias,"['Concord Bicycle Music', 'Concord Music Group', 'Denon Records', 'Concord Music Group, Inc.']",['\nEliane Elias is currently signed to Concord Records.'],ans,0
P264_general_SOUTH_AMERICA_412,Oscar Lopez,"['Narada Productions', 'Jericho Beach Music']",['\nOscar Lopez is not currently signed to any record label.'],unk,0
P264_general_SOUTH_AMERICA_414,Cris MJ,"['Rimas Entertainment', 'Fundación Rimas Inc.', 'Rimas Network', 'Rimas Entertainment, LLC', 'Rimas Group', 'Rimas Classics LLC', 'Rimas Music, LLC', 'Rimas', 'RSM Publishing, LLC']","[""\nI'm sorry, I cannot provide an accurate answer as I do not have access to real-time information. Please try searching for the latest updates""]",unk,0
P264_general_SOUTH_AMERICA_416,Iván Cruz,"['RCA Records, Inc.', 'RCA']","[""\nI'm sorry, I cannot provide an accurate answer as Iván Cruz is not a well-known public figure and there is limited information available""]",unk,0
P264_general_SOUTH_AMERICA_418,Horacio Guarany,"['LC 0305', 'LC 00305', 'Philips Records']",['\nHoracio Guarany is not currently signed to any record label.'],unk,0
P264_general_SOUTH_AMERICA_420,Danni Carlos,['Sony Music'],"[""\nI'm sorry, I cannot provide an accurate answer as I do not have access to real-time information. It is best to check D""]",unk,0
P264_general_SOUTH_AMERICA_422,Margarita Vargas,"['Columbia Records', 'Columbia']","[""\nI'm sorry, I cannot provide an accurate answer as Margarita Vargas is not a well-known musician or public figure.""]",unk,0
P264_general_SOUTH_AMERICA_424,Esteman,"['UMG', 'UMG Recordings, Inc.', 'Universal Music Group', 'Universal Music']",['\nEsteman is signed to the record label Sony Music Latin.'],ans,0
P264_general_SOUTH_AMERICA_426,Pedro Mariano,['Universal Records'],"[""\nI'm sorry, I cannot provide an accurate answer as Pedro Mariano is not a well-known musician or artist.""]",unk,0
P264_general_SOUTH_AMERICA_428,DrefQuila,['Warner Music Chile'],"[""\nI'm sorry, I cannot provide an accurate answer as I do not have access to real-time information. Please try searching for the""]",unk,0
P264_general_SOUTH_AMERICA_430,Patricia Teherán Romero,['Codiscos'],"[""\nI'm sorry, I cannot provide an accurate answer as I do not have access to real-time information.""]",unk,0
P264_general_SOUTH_AMERICA_432,Zé da Viola,"['LC 10025', 'Walt Disney Records', 'WDR']","[""\nI'm sorry, I cannot provide an accurate answer as I do not have access to real-time information. Can you please provide""]",unk,0
P264_general_SOUTH_AMERICA_434,Francinne,"['UMG', 'UMG Recordings, Inc.', 'Universal Music Group', 'Universal Music']","[""\nI'm sorry, I cannot provide an answer to that question as Francinne is not a well-known public figure and there is no information available""]",unk,0
P264_general_SOUTH_AMERICA_436,Virginie Boutaud,"['Epic', 'Epic Records']","[""\nI'm sorry, I cannot provide an accurate answer as I do not have access to current information on Virginie Boutaud's record""]",unk,0
P264_general_SOUTH_AMERICA_438,Raul de Souza,"['Capitol', 'Capitol Records']",['\nRaul de Souza is not currently signed to any record label.'],unk,0
P264_general_SOUTH_AMERICA_440,Ericson Alexander Molano,['Jehova-Nisi Producciones'],"[""\nI'm sorry, I cannot provide an accurate answer as I do not have access to real-time information.""]",unk,0
P264_general_SOUTH_AMERICA_442,Guillermo Basterrechea,"['Columbia Records', 'Columbia']","[""\nI'm sorry, I cannot provide an accurate answer as I do not have access to current information on Guillermo Baster""]",unk,0
P264_general_SOUTH_AMERICA_444,Polimá Westcoast,"['Sony Music Chile', 'Sony Music Entertainment Chile S.A.']","[""\nI'm sorry, I cannot provide an accurate answer as Polimá Westcoast is not a well-known artist and there is""]",unk,0
P264_general_SOUTH_AMERICA_446,Fábio Jr.,"['Sony BMG Music Entertainment', 'Sony BMG']","[""\nI'm sorry, I cannot provide an accurate answer as I do not have access to real-time information. Please try searching for""]",unk,0
P264_general_SOUTH_AMERICA_448,Luiz Eça,"['A&M Records', 'A&M Recordings', 'A&M (record label)', 'A & M Records', 'A and M Records', 'A&M/Interscope Records']","[""\nI'm sorry, I cannot provide an accurate answer as I do not have access to real-time information.""]",unk,0
P264_general_SOUTH_AMERICA_450,Bebel Gilberto,['Crammed Discs'],['\nBebel Gilberto is currently signed to Six Degrees Records.'],ans,0
P264_general_SOUTH_AMERICA_452,Marcelo Bonfá,"['Odeon', 'Odéon', 'LC 0287', 'Odeon Records', 'LC 00287']","[""\nI'm sorry, I cannot provide an accurate answer as Marcelo Bonfá is a Brazilian musician who passed away in 200""]",unk,0
P264_general_SOUTH_AMERICA_454,Alberto Magnone,"['Sondor', 'Ayuí / Tacuabé', ""Son d'Or""]","[""\nI'm sorry, I cannot provide an accurate answer as Alberto Magnone is not a well-known musician or artist.""]",unk,0
P264_general_SOUTH_AMERICA_456,Vange Leonel,"['Epic', 'Epic Records', 'CBS Records International']","[""\nI'm sorry, I cannot provide an accurate answer as I do not have access to real-time information. Can you please provide more""]",unk,0
P264_general_SOUTH_AMERICA_458,Ana Castela,['Warner Music Brazil'],"[""\nI'm sorry, I cannot provide an accurate answer as Ana Castela is not a well-known public figure and there is no information available""]",unk,0
P264_general_SOUTH_AMERICA_460,Roque Valero,"['Sony BMG Music Entertainment', 'Sony BMG']","[""\nI'm sorry, I cannot provide an accurate answer as Roque Valero is not a well-known musician or artist.""]",unk,0
P264_general_SOUTH_AMERICA_462,Vanusa,"['RCA Records, Inc.', 'RCA']","[""\nI'm sorry, I cannot provide an accurate answer as Vanusa is a Brazilian singer and actress who passed away in 2017. It is""]",unk,0
P264_general_SOUTH_AMERICA_464,Paula Toller,"['Warner Music Group Corp.', 'WMG', 'Warner', 'Warner Music Group', 'Warner Music']","[""\nI'm sorry, I cannot provide an accurate answer as I do not have access to current information on Paula Toller's record label.""]",unk,0
P264_general_SOUTH_AMERICA_466,Lô Borges,"['EMI Records, Ltd.', 'EMI Records', 'EMI Records Ltd.', 'EMI (United Kingdom)', 'EMI Records Limited', 'EMI', 'EMI Music']","[""\nI'm sorry, I cannot provide an accurate answer as I do not have access to real-time information. It is best to check""]",unk,0
P264_general_SOUTH_AMERICA_468,Alberto Castillo,"['EMI Records, Ltd.', 'EMI Records', 'EMI Records Ltd.', 'EMI (United Kingdom)', 'EMI Records Limited', 'EMI', 'EMI Music']","[""\nI'm sorry, I cannot provide an answer to that question as I do not have access to real-time information.""]",unk,0
P264_general_SOUTH_AMERICA_470,Gaab,"['UMG', 'UMG Recordings, Inc.', 'Universal Music Group', 'Universal Music']","[""\nGaab is currently signed to the record label Spinnin' Records.""]",ans,0
P264_general_SOUTH_AMERICA_472,Walter Afanasieff,['Sony Music'],"[""\nI'm sorry, I cannot provide an accurate answer as I do not have access to real-time information.""]",unk,0
P264_general_SOUTH_AMERICA_474,Nathan Pacheco,"['LC 10025', 'Walt Disney Records', 'WDR']",['\nNathan Pacheco is signed to the label Decca Records.'],ans,0
P264_general_SOUTH_AMERICA_476,Gato Barbieri,"['ESP-Disk', 'Impulse! Records', 'Impulse!', 'Flying Dutchman Records']",['\nGato Barbieri is currently signed to the label Impulse! Records.'],ans,1
P264_general_SOUTH_AMERICA_478,Diego Valdez,"['AFM Records', 'AFM RECORDS', 'AFM-Records', 'AFM Records Bands']","[""\nI'm sorry, I cannot provide an accurate answer as Diego Valdez is not a well-known musician or artist.""]",unk,0
P264_general_SOUTH_AMERICA_480,Toni Garrido,"['Sony BMG Music Entertainment', 'Sony BMG']","[""\nI'm sorry, I cannot provide an accurate answer as I do not have access to real-time information.""]",unk,0
P264_general_SOUTH_AMERICA_482,Horacio Villafañe,"['RCA Records, Inc.', 'RCA']","[""\nI'm sorry, I cannot provide an accurate answer as Horacio Villafañe is not a well-known public figure""]",unk,0
P264_general_SOUTH_AMERICA_484,Roger Moreira,"['Warner Music Group Corp.', 'WMG', 'Warner', 'Warner Music Group', 'Warner Music']","[""\nI'm sorry, I cannot provide an accurate answer as I do not have access to real-time information.""]",unk,0
P264_general_SOUTH_AMERICA_486,Matuê,"['30praum', 'Sony Music Brasil', '30PRAUM']","[""\nI'm sorry, I cannot provide an accurate answer as I do not have information on Matuê's record label.""]",unk,0
P264_general_SOUTH_AMERICA_488,Badi Assad,['Chesky Records'],['\nBadi Assad is currently signed to Six Degrees Records.'],ans,0
P264_general_SOUTH_AMERICA_490,Igor Pablo Cavalera,['Roadrunner Records'],['\nIgor Pablo Cavalera is not currently signed to any record label.'],unk,0
P264_general_SOUTH_AMERICA_492,Jean Dolabella,['J Records'],"[""\nI'm sorry, I cannot provide an accurate answer as Jean Dolabella is a fictional character from the video game series 'Assassin'""]",unk,0
P264_general_SOUTH_AMERICA_494,Virginia da Cunha,"['Sony BMG Music Entertainment', 'Sony BMG']","[""\nI'm sorry, I cannot provide an accurate answer as Virginia da Cunha is not a well-known public figure and there""]",unk,0
P264_general_SOUTH_AMERICA_496,Buchecha,['Warner Music Brazil'],"[""\nBuchecha is signed to the record label 'Enchufada'.""]",ans,0
P264_general_SOUTH_AMERICA_498,Vicentico,"['Sony Music Latin', 'Sony BMG Norte', 'SML', 'Sony Music | Latin', 'Sony Música']",['\nVicentico is currently signed to Sony Music Latin.'],ans,1
P264_general_SOUTH_AMERICA_500,Toquinho,"['LC 0305', 'LC 00305', 'Philips Records']",['\nToquinho is not currently signed to any record label.'],unk,0
P264_general_SOUTH_AMERICA_502,Wolfine,['Codiscos'],"[""\nI'm sorry, I cannot provide an accurate answer as Wolfine is not a well-known artist and there is no information available about their record""]",unk,0
P264_general_SOUTH_AMERICA_504,Pablo Manavello,"['Rodven Discos', 'Rodven Records']","[""\nI'm sorry, I cannot provide an accurate answer as Pablo Manavello is not a well-known musician or artist.""]",unk,0
P264_general_SOUTH_AMERICA_506,Dori Caymmi,"['LC 0192', 'Elektra', 'LC 00192', 'MusicTaste', 'Far Out Recordings', 'Elektra Records']","[""\nI'm sorry, I cannot provide an accurate answer as I do not have access to real-time information. It is best to""]",unk,0
P264_general_SOUTH_AMERICA_508,Pedro Messone,"['LC 0316', 'RCA Victor Records', 'RCA Victor', 'LC 00316']","[""\nI'm sorry, I cannot provide an accurate answer as Pedro Messone is not a well-known musician or public figure.""]",unk,0
P264_general_SOUTH_AMERICA_510,Juarez Moreira,['Malandro Records'],"[""\nI'm sorry, I cannot provide an accurate answer as I do not have access to real-time information. Can you please provide more""]",unk,0
P264_general_SOUTH_AMERICA_512,Anasol,['Sony Music'],"[""\nI'm sorry, I cannot provide an accurate answer as I do not have access to real-time information. Can you please provide more context""]",unk,0
P264_general_SOUTH_AMERICA_514,Vitão,"['UMG', 'UMG Recordings, Inc.', 'Universal Music Group', 'Universal Music']",['\nVitão is signed to Warner Music Brasil.'],ans,0
P264_general_SOUTH_AMERICA_516,Legarda,"['SM', 'Sony Music', 'Sony Music Entertainment', 'SME', 'Sony Música']",['\nLegarda is not signed to any record label. She is a Filipino politician and former Senator of the Philippines.'],unk,0
P264_general_SOUTH_AMERICA_518,Luis Dimas,"['LC 0305', 'LC 00305', 'Philips Records']","[""\nI'm sorry, I cannot provide an accurate answer as Luis Dimas is not a well-known musician or artist.""]",unk,0
P264_general_SOUTH_AMERICA_520,Pablo Ruiz,"['Capitol', 'Capitol Records']","[""\nI'm sorry, I cannot provide an accurate answer as Pablo Ruiz is a Spanish singer-songwriter and I do not have access to real-time""]",unk,0
P264_general_SOUTH_AMERICA_522,Luifer Cuello,['Discos Fuentes'],"[""\nI'm sorry, I cannot provide an accurate answer as I do not have access to real-time information. Please try searching for the""]",unk,0
P264_general_SOUTH_AMERICA_524,Noel Petro,['Sonolux'],"[""\nI'm sorry, I cannot provide an accurate answer as I do not have access to current information on Noel Petro's record label.""]",unk,0
P264_general_SOUTH_AMERICA_526,Wilson das Neves,['Far Out Recordings'],"[""\nI'm sorry, I cannot provide an accurate answer as I do not have access to real-time information. Please try searching for the""]",unk,0
P264_general_SOUTH_AMERICA_528,Javier Weyler,"['V2 Records Benelux', 'V2 Records', 'LC 01801', 'LC 1801']","[""\nI'm sorry, I cannot provide an accurate answer as I do not have access to real-time information.""]",unk,0
P264_general_SOUTH_AMERICA_530,Mauricio Rosero,['M2 Studios'],"[""\nI'm sorry, I cannot provide an accurate answer as Mauricio Rosero is not a well-known musician or artist.""]",unk,0
P264_general_SOUTH_AMERICA_532,Fernanda Brandão,"['Universal Music Division Polydor', 'Polydor Records', 'Polydor']","[""\nI'm sorry, I cannot provide an accurate answer as Fernanda Brandão is a Brazilian singer and actress and I do not have access""]",unk,0
P264_general_SOUTH_AMERICA_534,Jair Rodrigues,"['LC 0305', 'LC 00305', 'Philips Records', 'Columbia', 'Columbia Records']","[""\nI'm sorry, I cannot provide an accurate answer as I do not have access to real-time information. Can you please provide more""]",unk,0
P264_general_SOUTH_AMERICA_536,Nelson Velásquez,"['FM Discos y Cintas', 'FM Entretenimiento']","[""\nI'm sorry, I cannot provide an accurate answer as Nelson Velásquez is not a well-known public figure and there is limited""]",unk,0
P264_general_SOUTH_AMERICA_538,Bola Sete,"['Fantasy', 'LC 00720', 'Fantasy Records']",['\nBola Sete was signed to the record label Concord Records.'],ans,0
P264_general_SOUTH_AMERICA_540,Fernando Osorio,"['Warner Music Group Corp.', 'WMG', 'Warner', 'Warner Music Group', 'Warner Music']","[""\nI'm sorry, I cannot provide an answer to that question as I do not have access to real-time information.""]",unk,0
P264_general_SOUTH_AMERICA_542,Danny Peyronel,"['Atlantic', 'LC 0121', 'LC 00121', 'Atlantic Records']","[""\nI'm sorry, I cannot provide an accurate answer as I do not have access to real-time information. Can you please provide more""]",unk,0
P264_general_SOUTH_AMERICA_544,Jorge Villamizar,['Top Stop Music'],"[""\nI'm sorry, I cannot provide an accurate answer as Jorge Villamizar is a Colombian musician and I do not have access to current""]",unk,0
P264_general_SOUTH_AMERICA_546,Luedji Luna,"['YB Music', 'Polysom']","[""\nLuedji Luna is currently signed to the record label 'Naïve Records'.""]",ans,0
P264_general_SOUTH_AMERICA_548,Guillermo Dávila,"['Rodven Discos', 'Rodven Records']","[""\nI'm sorry, I cannot provide an accurate answer as I do not have access to real-time information.""]",unk,0
P264_general_SOUTH_AMERICA_550,Sol Gabetta,"['Sony Classical', 'Sony Classical Records', 'LC 6868', 'LC 06868']",['\nSol Gabetta is signed to the Decca label.'],ans,0
P264_general_SOUTH_AMERICA_552,Dany Roland,"['Epic', 'Epic Records']","[""\nI'm sorry, I cannot provide an accurate answer as I do not have access to real-time information. Please try searching for the latest""]",unk,0
P264_general_SOUTH_AMERICA_554,Luciana Souza,['Sunnyside Records'],['\nLuciana Souza is currently signed to the record label Universal Music Group.'],ans,0
P264_general_SOUTH_AMERICA_556,Calixto Ochoa,['Codiscos'],"[""\nI'm sorry, I cannot provide an accurate answer as Calixto Ochoa is a Cuban musician who passed away in""]",unk,0
P264_general_SOUTH_AMERICA_558,José Luis Fernández,"['Warner Music Group Corp.', 'WMG', 'Warner', 'Warner Music Group', 'Warner Music']","[""\nI'm sorry, I cannot provide an accurate answer as I do not have access to real-time information. Can you please provide more""]",unk,0
P264_general_SOUTH_AMERICA_560,Alberto Zamarbide,"['Umbral Discos & Cintas', 'Umbral Records', 'Umbral Discos y Cintas', 'Umbral']","[""\nI'm sorry, I cannot provide an accurate answer as I do not have access to real-time information.""]",unk,0
P264_general_SOUTH_AMERICA_562,Emiliano Zuleta,['Codiscos'],"[""\nI'm sorry, I cannot provide an accurate answer as I do not have access to real-time information.""]",unk,0
P264_general_SOUTH_AMERICA_564,Fidel Nadal,['Nacional Records'],['\nFidel Nadal is signed to the record label Sony Music.'],ans,0
P264_general_SOUTH_AMERICA_566,Miss Bolivia,['Sony Music'],"[""\nI'm sorry, I cannot provide an accurate answer as Miss Bolivia is a fictional character and does not exist in real life.""]",unk,0
P264_general_SOUTH_AMERICA_568,Michelle Andrade,['Mozgi Entertainment'],"[""\nI'm sorry, I cannot provide an accurate answer as I do not have access to real-time information.""]",unk,0
P264_general_SOUTH_AMERICA_570,Zaturno,"['Warner Music Latina', 'WEA Latina']","[""\nI'm sorry, I cannot provide an accurate answer as I do not have access to real-time information. Can you please provide more""]",unk,0
P264_general_SOUTH_AMERICA_572,Dante Spinetta,"['UMG', 'SM', 'Universal Music Group', 'Universal Music', 'Sony Music', 'Sony Music Entertainment', 'SME', 'UMG Recordings, Inc.', 'Sony Música']",['\nDante Spinetta is not currently signed to any record label.'],unk,0
P264_general_SOUTH_AMERICA_574,Fabián Delgado,"['Sondor', ""Son d'Or""]","[""\nI'm sorry, I cannot provide an accurate answer as I do not have access to real-time information. Can you please provide""]",unk,0
P264_general_SOUTH_AMERICA_576,Facundo Gambandé,"['LC 10025', 'Walt Disney Records', 'WDR']","[""\nI'm sorry, I cannot provide an accurate answer as I do not have access to real-time information. Please try searching for""]",unk,0
P264_general_SOUTH_AMERICA_578,Moacir Santos,"['Blue Note', 'Blue Note Records', 'LC 00133', 'LC 0133']",['\nMoacir Santos was signed to the record label Odeon.'],ans,0
P264_general_SOUTH_AMERICA_580,Claudio Roditi,"['Uptown Records', 'Candid Records', 'Candid Records Philippines', 'Candid Productions Ltd']",['\nClaudio Roditi is currently signed to the label Resonance Records.'],ans,0
P264_general_SOUTH_AMERICA_582,Max Capote,['Bizarro Records'],"[""\nI'm sorry, I cannot provide an accurate answer as Max Capote is a fictional character from the TV show 'Pose'.""]",unk,0
P264_general_SOUTH_AMERICA_584,Tania Maria,"['Concord Records', 'LC 15025']",['\nTania Maria is currently signed to the record label Concord Jazz.'],ans,0
P264_general_SOUTH_AMERICA_586,Adilia Castillo,"['Columbia Records', 'Columbia']","[""\nI'm sorry, I cannot provide an accurate answer as Adilia Castillo is not a well-known musician or artist.""]",unk,0
P264_general_SOUTH_AMERICA_588,Nella Rojas,"['SM', 'Sony Music | Latin', 'Sony Music Latin', 'Sony BMG Norte', 'Sony Music', 'Sony Music Entertainment', 'SML', 'SME', 'Casa Limón', 'Sony Música']","[""\nI'm sorry, I cannot provide an accurate answer as Nella Rojas is not a well-known public figure and there""]",unk,0
P264_general_SOUTH_AMERICA_590,Egberto Gismonti,"['Editions of Contemporary Music', 'ECM', 'ECM Records']",['\nEgberto Gismonti is not currently signed to any record label.'],unk,0
P264_general_SOUTH_AMERICA_592,Cadão Volpato,['Baratos Afins'],"[""\nI'm sorry, I cannot provide an accurate answer as Cadão Volpato is a Brazilian musician and I do not have access""]",unk,0
P264_general_SOUTH_AMERICA_594,Dino Saluzzi,"['Editions of Contemporary Music', 'ECM', 'ECM Records']",['\nDino Saluzzi is not currently signed to any record label.'],unk,0
P264_general_SOUTH_AMERICA_596,Pery Ribeiro,"['Odeon', 'Odéon', 'LC 0287', 'Odeon Records', 'LC 00287']","[""\nI'm sorry, I cannot provide an accurate answer as I do not have access to real-time information. It is best to""]",unk,0
P264_general_SOUTH_AMERICA_598,Daniel Calderón,"['Sony Music Latin', 'Sony BMG Norte', 'SML', 'Sony Music | Latin', 'Sony Música']","[""\nI'm sorry, I cannot provide an accurate answer as Daniel Calderón is not a well-known public figure and there""]",unk,0
P264_general_SOUTH_AMERICA_600,Chris Durán,"['Som Livre', 'Central Gospel Music']","[""\nI'm sorry, I cannot provide an accurate answer as I do not have access to real-time information. Can you please provide more context""]",unk,0
P264_general_SOUTH_AMERICA_602,Mariana Ingold,"['Orfeo', 'Ayuí / Tacuabé']","[""\nI'm sorry, I cannot provide an accurate answer as I do not have access to real-time information. Please try searching for Mar""]",unk,0
P264_general_SOUTH_AMERICA_604,Totó la Momposina,['Real World Records'],['\nTotó la Momposina is signed to the record label Real World Records.'],ans,1
P264_general_SOUTH_AMERICA_606,Mariana Valadão,"['Diante do Trono', 'Records', 'Label']",['\nMariana Valadão is signed to the record label Central Gospel Music.'],ans,1
P264_general_SOUTH_AMERICA_608,Mezo Bigarrena,"['EMI Records, Ltd.', 'EMI Records', 'EMI Records Ltd.', 'EMI (United Kingdom)', 'EMI Records Limited', 'EMI', 'EMI Music']","[""\nI'm sorry, I cannot provide an accurate answer as I do not have access to real-time information. Can you please provide""]",unk,0
P264_general_SOUTH_AMERICA_610,La Yegros,['Waxploitation Records'],['\nLa Yegros is signed to the record label Cumbancha.'],ans,0
P264_general_SOUTH_AMERICA_612,Ivo Perelman,"['C.I.M.P.', 'Cadence Jazz Records', 'Creative Improvised Music Projects', 'CIMP']",['\nIvo Perelman is currently signed to Leo Records.'],ans,0
P264_general_SOUTH_AMERICA_614,Andria Busic,['Baratos Afins'],"[""\nI'm sorry, I cannot provide an accurate answer as I do not have access to real-time information. It is best to check""]",unk,0
P264_general_SOUTH_AMERICA_616,Ana Vilela,['SLAP'],"[""\nI'm sorry, I cannot provide an accurate answer as Ana Vilela is a Brazilian singer and actress and I do not have access""]",unk,0
P264_general_SOUTH_AMERICA_618,Leandro Lopes,"['Sony BMG Music Entertainment', 'Sony BMG']","[""\nI'm sorry, I cannot provide an accurate answer as I do not have access to real-time information. Can you please provide more""]",unk,0
P264_general_SOUTH_AMERICA_620,Edward Simon,['Red Records'],['\nEdward Simon is currently signed to the label OKeh Records.'],ans,0
P264_general_SOUTH_AMERICA_622,Andrés Parra,"['UMG', 'UMG Recordings, Inc.', 'Universal Music Group', 'Universal Music']","[""\nI'm sorry, I cannot provide an accurate answer as Andrés Parra is a Colombian football player and not a musician.""]",unk,0
P264_general_SOUTH_AMERICA_624,Gui Rebustini,['Som Livre'],"[""\nI'm sorry, I cannot provide an answer to that question as I do not have access to real-time information.""]",unk,0
P264_general_SOUTH_AMERICA_626,Jair Oliveira,"['Columbia Records', 'Columbia']","[""\nI'm sorry, I cannot provide an accurate answer as I do not have access to real-time information.""]",unk,0
P264_general_SOUTH_AMERICA_628,Fernanda Lira,"['Napalm Records Handels GmbH', 'Napalm Records']","[""\nI'm sorry, I cannot provide an accurate answer as Fernanda Lira is a Brazilian actress and model, not a musician.""]",unk,0
P264_general_SOUTH_AMERICA_630,Lorena Chaves,['Som Livre'],"[""\nI'm sorry, I cannot provide an accurate answer as I do not have access to real-time information.""]",unk,0
P264_general_SOUTH_AMERICA_632,Valeria Gastaldi,"['UMG', 'UMG Recordings, Inc.', 'Universal Music Group', 'Universal Music']","[""\nI'm sorry, I cannot provide an accurate answer as I do not have access to real-time information.""]",unk,0
P264_general_SOUTH_AMERICA_634,Ana Caetano,"['UMG', 'UMG Recordings, Inc.', 'Universal Music Group', 'Universal Music']","[""\nI'm sorry, I cannot provide an accurate answer as Ana Caetano is not a well-known musician or public figure.""]",unk,0
P264_general_SOUTH_AMERICA_636,Lissa Vera,"['Sony BMG Music Entertainment', 'Sony BMG']","[""\nI'm sorry, I cannot provide an accurate answer as I do not have access to real-time information. It is best to check L""]",unk,0
P264_general_SOUTH_AMERICA_638,Romina Cohn,"['Gigolo Records', 'International DeeJay Gigolo Records', 'Gigolo', 'International DJ Gigolos']","[""\nI'm sorry, I cannot provide an accurate answer as I do not have access to current information on Romina Cohn's record""]",unk,0
P264_general_SOUTH_AMERICA_640,"Hernán ""Tery"" Langer","['UMG', 'UMG Recordings, Inc.', 'Universal Music Group', 'Universal Music']","['\nI\'m sorry, I cannot provide an accurate answer as Hernán ""Tery"" Langer is a']",unk,0
P264_general_SOUTH_AMERICA_642,Leo Rodriguez,['Sony Music'],"[""\nI'm sorry, I cannot provide an accurate answer as I do not have access to real-time information. Can you please provide more context or""]",unk,0
P264_general_SOUTH_AMERICA_644,Walter Wanderley,"['LC 0305', 'Verve Records', 'Philips Records', 'GNP Crescendo Records', 'A&M Records', 'A & M Records', 'LC 00287', 'Capitol', 'Capitol Records', 'A and M Records', 'Odeon', 'Odéon', 'GNP Crescendo', 'A&M/Interscope Records', 'LC 00305', 'A&M Recordings', 'A&M (record label)', 'LC 0287', 'Odeon Records']","[""\nI'm sorry, I cannot provide an accurate answer as Walter Wanderley passed away in 1986 and his record label information is not readily""]",unk,0
P264_general_SOUTH_AMERICA_646,Tuca,"['LC 0305', 'LC 00305', 'Philips Records']","[""\nI'm sorry, I cannot provide an accurate answer as Tuca is a fictional character from the animated series 'Tuca & Bertie""]",unk,0
P264_general_SOUTH_AMERICA_648,Armandinho,"['EMI Records, Ltd.', 'EMI Records', 'EMI Records Ltd.', 'EMI (United Kingdom)', 'EMI Records Limited', 'EMI', 'EMI Music']","[""\nI'm sorry, I cannot provide an answer to that question as I do not have access to real-time information.""]",unk,0
P264_general_SOUTH_AMERICA_650,Juanchi Baleirón,"['LC 00542', 'EMI', 'EMI Records', 'LC 0542']","[""\nI'm sorry, I cannot provide an accurate answer as I do not have access to real-time information. It""]",unk,0
P264_general_SOUTH_AMERICA_652,Willy Gardi,"['RCA Records, Inc.', 'RCA']","[""\nI'm sorry, I cannot provide an accurate answer as I do not have access to real-time information.""]",unk,0
P264_general_SOUTH_AMERICA_654,McLord Magrão,"['Fantastic Plastic', 'Fantastic Plastic Records']","[""\nI'm sorry, I cannot provide an accurate answer as McLord Magrão is not a well-known artist and there is""]",unk,0
P264_general_SOUTH_AMERICA_656,Fiorella Cayo,['Sony Music'],"['\nFiorella Cayo is not signed to any record label. She is an independent artist who releases her music through her own label,']",unk,0
P264_general_SOUTH_AMERICA_658,María José Cantilo,['Interdisc'],['\nMaría José Cantilo is not currently signed to any record label.'],unk,0
P264_general_SOUTH_AMERICA_660,Cibelle,['Crammed Discs'],['\nCibelle is currently signed to the record label Crammed Discs.'],ans,1
P264_general_SOUTH_AMERICA_662,Breno & Caio Cesar,['Som Livre'],"[""\nI'm sorry, I cannot provide an accurate answer as I do not have access to real-time information. Please""]",unk,0
P264_general_SOUTH_AMERICA_664,Lalo Ebratt,"['Universal Music Spain', 'Universal Music Spain, S.L.']",['\nLalo Ebratt is signed to Ultra Music.'],ans,0
P264_general_SOUTH_AMERICA_666,Gabi Melim,"['UMG', 'UMG Recordings, Inc.', 'Universal Music Group', 'Universal Music']","[""\nI'm sorry, I cannot provide an accurate answer as I do not have access to real-time information. Please try searching for the""]",unk,0
P264_general_SOUTH_AMERICA_668,Morris Albert,"['DME', 'London', 'United Artists Records', 'RCA Records, Inc.', 'UAR', 'London Records', 'Durium Marche Estere', 'London Recordings', 'RCA']",['\nMorris Albert is not currently signed to any record label.'],unk,0
P264_general_SOUTH_AMERICA_670,Guido Armido Sardelli,"['Warner Music Group Corp.', 'WMG', 'Warner', 'Warner Music Group', 'Warner Music']","[""\nI'm sorry, I cannot provide an accurate answer as I do not have access to real-time information. Can you please""]",unk,0
P264_general_SOUTH_AMERICA_672,Gato Azul Peralta,['Interdisc'],"[""\nI'm sorry, I cannot provide an accurate answer as I do not have access to real-time information. Can you""]",unk,0
P264_general_SOUTH_AMERICA_674,Israel Salazar,"['Diante do Trono', 'Records', 'Som Livre', 'Label']","[""\nIsrael Salazar is currently signed to the record label, 'The Orchard'.""]",ans,1
P264_general_SOUTH_AMERICA_676,Leny Andrade,['Chesky Records'],['\nLeny Andrade is not currently signed to any record label.'],unk,0
P264_general_SOUTH_AMERICA_678,Matheus Fernandes,['Som Livre'],"[""\nI'm sorry, I cannot provide an accurate answer as I do not have access to real-time information. Can you please provide""]",unk,0
P264_general_SOUTH_AMERICA_680,DJ Bitman,['Nacional Records'],['\nDJ Bitman is signed to the record label Bastard Jazz.'],ans,0
P264_general_SOUTH_AMERICA_682,Claudia Ruffinatti,"['SM', 'Sony Music', 'Sony Music Entertainment', 'SME', 'Sony Música']","[""\nI'm sorry, I cannot provide an accurate answer as Claudia Ruffinatti is not a well-known public figure and there is limited""]",unk,0
P264_general_SOUTH_AMERICA_684,Valericio Leppe,"['EMI Records, Ltd.', 'EMI Records', 'EMI Records Ltd.', 'EMI (United Kingdom)', 'EMI Records Limited', 'EMI', 'EMI Music']","[""\nI'm sorry, I cannot provide an answer as I do not have information on Valericio Leppe's record label.""]",unk,0
P264_general_SOUTH_AMERICA_686,Eli Soares,"['UMG', 'UMG Recordings, Inc.', 'Universal Music Group', 'Universal Music']","[""\nI'm sorry, I cannot provide an accurate answer as I do not have access to real-time information. It is best to check official""]",unk,0
P264_general_SOUTH_AMERICA_688,Nani Azevedo,['Central Gospel Music'],['\nNani Azevedo is signed to the record label Som Livre.'],ans,0
P264_general_SOUTH_AMERICA_690,Carlos Almenar Otero,"['Deutsche Grammophon', 'Deutsche Grammophon GmbH', 'Deutsche Grammophon Gesellschaft']","[""\nI'm sorry, I cannot provide an accurate answer as I do not have access to current information on Carlos Almenar O""]",unk,0
P264_general_SOUTH_AMERICA_692,Kid606,"['Tigerbeat6', 'Wichita Recordings']",['\nKid606 is currently signed to Tigerbeat6.'],ans,1
P264_general_SOUTH_AMERICA_694,Carlos Molina,['Ayuí / Tacuabé'],"[""\nI'm sorry, I cannot provide an accurate answer as I do not have access to current information on Carlos Molina's record label.""]",unk,0
P264_general_SOUTH_AMERICA_696,Luis Advis,['DICAP'],"[""\nI'm sorry, I cannot provide an accurate answer as Luis Advis is not a well-known musician or artist.""]",unk,0
P264_general_SOUTH_AMERICA_698,Danny Mercer,"['Columbia Records', 'Columbia']","[""\nI'm sorry, I cannot provide an accurate answer as I do not have access to real-time information.""]",unk,0
P264_general_SOUTH_AMERICA_700,Bïa Krieger,['Audiogram'],"[""\nI'm sorry, I cannot provide an accurate answer as I do not have access to real-time information. Please try searching for""]",unk,0
P264_general_SOUTH_AMERICA_702,Andrés Godoy,"['EMI Records, Ltd.', 'EMI Records', 'EMI Records Ltd.', 'EMI (United Kingdom)', 'EMI Records Limited', 'EMI', 'EMI Music']","[""\nI'm sorry, I cannot provide an accurate answer as Andrés Godoy is a fictional character and does not exist in real life.""]",unk,0
P264_general_SOUTH_AMERICA_704,Paola Galue,"['UMG', 'indie record label', 'Universal Music Group', 'indie label', 'Universal Music', 'independent label', 'UMG Recordings, Inc.', 'independent record label']","[""\nI'm sorry, I cannot provide an accurate answer as I do not have access to real-time information. It is best to check""]",unk,0
P264_general_SOUTH_AMERICA_706,Daniel Rodrigo Martins,"['LC 10025', 'Walt Disney Records', 'WDR']","[""\nI'm sorry, I cannot provide an answer to that question as I do not have access to real-time information.""]",unk,0
P264_general_SOUTH_AMERICA_708,Martín Fabio,"['Sony BMG Music Entertainment', 'Sony BMG']","[""\nI'm sorry, I cannot provide an accurate answer as Martín Fabio is not a well-known musician or artist.""]",unk,0
P264_general_SOUTH_AMERICA_710,Paula Morelenbaum,"['Farol Música', 'Universal Music Latin Entertainment', 'Edel Germany GmbH', 'Farol', 'Edel Records', 'Edel AG', 'UMLE', 'Edel music']",['\nPaula Morelenbaum is signed to the record label Biscoito Fino.'],ans,0
P264_general_SOUTH_AMERICA_712,Jorge Trasante,['Ayuí / Tacuabé'],"[""\nI'm sorry, I cannot provide an accurate answer as Jorge Trasante is not a well-known musician or public figure.""]",unk,0
P264_general_SOUTH_AMERICA_714,Pablo Ramón Ayala,['Leader Music'],"[""\nI'm sorry, I cannot provide an accurate answer as Pablo Ramón Ayala is a fictional character from the""]",unk,0
P264_general_SOUTH_AMERICA_716,Gustavo Nápoli,['PolyGram'],"[""\nI'm sorry, I cannot provide an accurate answer as Gustavo Nápoli is a fictional character from the TV show Narcos""]",unk,0
P264_general_SOUTH_AMERICA_718,Agepê,"['LC 0305', 'LC 00305', 'Philips Records', 'Discos CBS', 'Continental', 'Discos Continental']","[""\nI'm sorry, I cannot provide an answer to that question as I do not have access to real-time information.""]",unk,0
P264_general_SOUTH_AMERICA_720,Richard Rojas,['DICAP'],"[""\nI'm sorry, I cannot provide an accurate answer as I do not have access to current information on Richard Rojas' record label""]",unk,0
P264_general_SOUTH_AMERICA_722,Mario Breuer,"['EMI Records, Ltd.', 'EMI Records', 'EMI Records Ltd.', 'EMI (United Kingdom)', 'EMI Records Limited', 'EMI', 'EMI Music']","[""\nI'm sorry, I cannot provide an accurate answer as Mario Breuer is not a well-known musician or artist.""]",unk,0
P264_general_SOUTH_AMERICA_724,Sergio Rotman,"['SM', 'Sony Music', 'Sony Music Entertainment', 'SME', 'Sony Música']","[""\nI'm sorry, I cannot provide an accurate answer as I do not have access to real-time information.""]",unk,0
P264_general_SOUTH_AMERICA_726,Gonzalo Martínez,"['Sony BMG Music Entertainment', 'Sony BMG']","[""\nI'm sorry, I cannot provide an accurate answer as Gonzalo Martínez is not a well-known public figure and there is no""]",unk,0
P264_general_SOUTH_AMERICA_728,Zyon Cavalera,['Roadrunner Records'],['\nZyon Cavalera is currently signed to Napalm Records.'],ans,0
P264_general_SOUTH_AMERICA_730,"Alberto Beto"" Zabaleta""""",['Codiscos'],"[""\nI'm sorry, I cannot provide an accurate answer as I do not have access to real-time information.""]",unk,0
P264_general_SOUTH_AMERICA_732,Fernando de Madariaga,['Leader Music'],"[""\nI'm sorry, I cannot provide an answer to that question as I do not have access to real-time information.""]",unk,0
P264_general_SOUTH_AMERICA_734,Nilson Matta,"['Motéma Music', 'Motema Music']",['\nNilson Matta is not currently signed to any record label.'],unk,0
P264_general_SOUTH_AMERICA_736,Mariano Roger,"['SM', 'Sony Music', 'Sony Music Entertainment', 'SME', 'Sony Música']","[""\nI'm sorry, I cannot provide an accurate answer as I do not have access to real-time information. Can you please provide more context""]",unk,0
P264_general_SOUTH_AMERICA_738,Adolfo Echeverría,['Discos Fuentes'],"[""\nI'm sorry, I cannot provide an answer to that question as Adolfo Echeverría is not a well""]",unk,0
P264_general_SOUTH_AMERICA_740,Juan Carlos Coronel,['Codiscos'],"[""\nI'm sorry, I cannot provide an accurate answer as Juan Carlos Coronel is not a well-known public figure and there is limited""]",unk,0
P264_general_SOUTH_AMERICA_742,Alberto Arenas,"['EMI Records, Ltd.', 'EMI Records', 'EMI Records Ltd.', 'EMI (United Kingdom)', 'EMI Records Limited', 'EMI', 'EMI Music']","[""\nI'm sorry, I cannot provide an accurate answer as I do not have access to real-time information. Can you please provide more context""]",unk,0
P264_general_SOUTH_AMERICA_744,Hilario Pérez,"['Sondor', 'Tonal', 'Orfeo', 'De la Planta', ""Son d'Or""]","[""\nI'm sorry, I cannot provide an accurate answer as I do not have access to real-time information. Can you please provide more""]",unk,0
P264_general_SOUTH_AMERICA_746,Rolando Domingo Sartorio,"['SM', 'Sony Music', 'Sony Music Entertainment', 'SME', 'Sony Música']","[""\nI'm sorry, I cannot provide an answer to that question as I do not have access to current information on Rolando""]",unk,0
P264_general_SOUTH_AMERICA_748,Ramon Collazo,"['RCA Records, Inc.', 'RCA']","[""\nI'm sorry, I cannot provide an accurate answer as Ramon Collazo is not a well-known musician or artist.""]",unk,0
P264_general_SOUTH_AMERICA_750,Germán Sbarbati,"['UMG', 'UMG Recordings, Inc.', 'Universal Music Group', 'Universal Music']","[""\nI'm sorry, I cannot provide an accurate answer as Germán Sbarbati is not a well-known public figure""]",unk,0
P264_general_SOUTH_AMERICA_752,Francisco Romero,"['LC 0149', 'CBS', 'LC 00149']","[""\nI'm sorry, I cannot provide an answer to that question as Francisco Romero is not a well-known musician or artist.""]",unk,0
P264_general_SOUTH_AMERICA_754,Federico Aubele,"['ESL Music', 'Eighteenth Street Lounge Music']",['\nFederico Aubele is signed to the record label City Slang.'],ans,0
P264_general_SOUTH_AMERICA_756,Marta Contreras Cáceres,"['Universal Music Division Polydor', 'Polydor Records', 'Polydor']","[""\nI'm sorry, I cannot provide an accurate answer as I do not have access to real-time information.""]",unk,0
P264_general_SOUTH_AMERICA_758,Álvaro Véliz,"['UMG', 'UMG Recordings, Inc.', 'Universal Music Group', 'Universal Music']","[""\nI'm sorry, I cannot provide an accurate answer as Álvaro Véliz is not a well-known""]",unk,0
P264_general_SOUTH_AMERICA_760,Deborah de Corral,"['Sony BMG Music Entertainment', 'Sony BMG']","[""\nI'm sorry, I cannot provide an accurate answer as I do not have access to real-time information. It is best to check""]",unk,0
P264_general_SOUTH_AMERICA_762,Nina Miranda,['Far Out Recordings'],['\nNina Miranda is currently signed to the record label Six Degrees Records.'],ans,0
P264_general_SOUTH_AMERICA_764,Gabriel Romero,['Sonolux'],"[""\nI'm sorry, I cannot provide an accurate answer as Gabriel Romero is not a well-known musician or artist.""]",unk,0
P264_general_SOUTH_AMERICA_766,Juan Peyrou Soares de Lima,"['Sondor', 'Orfeo', 'Ayuí / Tacuabé', ""Son d'Or""]","[""\nI'm sorry, I cannot provide an accurate answer as I do not have access to current information on Juan Peyrou So""]",unk,0
P264_general_SOUTH_AMERICA_768,Cineplexx,"['Cherry Red', 'Cherry Red Records']","[""\nI'm sorry, I cannot provide an answer to that question as Cineplexx is a movie theater chain and not a musical artist or band""]",unk,0
P264_general_SOUTH_AMERICA_770,Juan Bautista Guido,"['LC 0316', 'RCA Victor Records', 'RCA Victor', 'LC 00316']","[""\nI'm sorry, I cannot provide an accurate answer as Juan Bautista Guido is not a well-known musician or""]",unk,0
P264_general_SOUTH_AMERICA_772,Silvio Paredes,"['EMI Records, Ltd.', 'EMI Records', 'EMI Records Ltd.', 'EMI (United Kingdom)', 'EMI Records Limited', 'EMI', 'EMI Music']","[""\nI'm sorry, I cannot provide an accurate answer as I do not have access to real-time information.""]",unk,0
P264_general_SOUTH_AMERICA_774,Marine Friesen,"['Diante do Trono', 'Records', 'Label', 'MK Music']","[""\nI'm sorry, I cannot provide an accurate answer as I do not have access to real-time information. Can you please provide more context""]",unk,0
P264_general_SOUTH_AMERICA_776,Emanero,['Wilson'],"[""\nI'm sorry, I cannot provide an answer as I do not have access to real-time information. Can you please provide more context or""]",unk,0
P264_general_SOUTH_AMERICA_778,Sergio Járlaz,['Sony Music'],"[""\nI'm sorry, I cannot provide an accurate answer as I do not have access to real-time information. Can you please provide""]",unk,0
P264_general_SOUTH_AMERICA_780,Roger Lima,['Asian Man Records'],['\nRoger Lima is currently signed to the record label Nuclear Blast.'],ans,0
P264_general_SOUTH_AMERICA_782,Gretchen Serrao Cabrera,"['Universal Music Latin Entertainment', 'UMLE']","[""\nI'm sorry, I cannot provide an accurate answer as I do not have access to real-time information.""]",unk,0
P264_general_SOUTH_AMERICA_784,Óscar Andrade,"['RCA Records, Inc.', 'RCA']","[""\nI'm sorry, I cannot provide an accurate answer as I do not have access to real-time information.""]",unk,0
P264_general_SOUTH_AMERICA_786,Alex Ferrari,"['EMI Records, Ltd.', 'EMI Records', 'EMI Records Ltd.', 'EMI (United Kingdom)', 'EMI Records Limited', 'EMI', 'EMI Music']","[""\nI'm sorry, I cannot provide an accurate answer as I do not have access to real-time information. It is best to check Alex Ferrari""]",unk,0
P264_general_SOUTH_AMERICA_788,Memín Hernández,"['SM', 'Sony Music', 'Sony Music Entertainment', 'SME', 'Sony Música']","[""\nI'm sorry, I cannot provide an accurate answer as Memín Hernández is a fictional character and not a real person.""]",unk,0
P264_general_SOUTH_AMERICA_790,Caterina Nix,['Frontiers Records'],"[""\nI'm sorry, I cannot provide an accurate answer as I do not have access to real-time information. Please try searching for the""]",unk,0
P264_general_SOUTH_AMERICA_792,Guillermo Klein,"['Candid Productions Ltd', 'Candid Records', 'Candid Records Philippines']",['\nGuillermo Klein is not currently signed to any record label.'],unk,0
P264_general_SOUTH_AMERICA_794,Petronio Álvarez,['Codiscos'],['\nPetronio Álvarez is not currently signed to any record label.'],unk,0
P264_general_SOUTH_AMERICA_796,Claudionor Germano,['Rozenblit'],"[""\nI'm sorry, I cannot provide an accurate answer as Claudionor Germano is not a well-known musician or artist.""]",unk,0
P264_general_SOUTH_AMERICA_798,Julio Mora,"['Sondor', ""Son d'Or""]","[""\nI'm sorry, I cannot provide an accurate answer as Julio Mora is not a well-known musician or artist.""]",unk,0
P264_general_SOUTH_AMERICA_800,Maia Castro,['Bizarro Records'],"[""\nI'm sorry, I cannot provide an accurate answer as I do not have access to real-time information.""]",unk,0
P264_general_SOUTH_AMERICA_802,Vasti Michel,['Sello Azul'],"[""\nI'm sorry, I cannot provide an accurate answer as I do not have access to real-time information. It is best to check""]",unk,0
P264_general_SOUTH_AMERICA_804,Joanina Deangeli,"['SM', 'Sony Music', 'Sony Music Entertainment', 'SME', 'Sony Música']","[""\nI'm sorry, I cannot provide an accurate answer as I do not have access to current information on Joanina Deangeli'""]",unk,0
P264_general_SOUTH_AMERICA_806,Homero Caro,['Peña de los Parra'],"[""\nI'm sorry, I cannot provide an accurate answer as Homero Caro is not a well-known musician or public figure.""]",unk,0
P264_general_SOUTH_AMERICA_808,Tiago Della Vega,['SG Records'],"[""\nI'm sorry, I cannot provide an accurate answer as Tiago Della Vega is not a well-known musician or artist.""]",unk,0
P264_general_SOUTH_AMERICA_810,Walter Bruno,"['Sony BMG Music Entertainment', 'Sony BMG']","[""\nI'm sorry, I cannot provide an accurate answer as I do not have access to real-time information. Can you please provide more context or""]",unk,0
P264_general_SOUTH_AMERICA_812,Gonzalo Henríquez,"['UMG', 'UMG Recordings, Inc.', 'Universal Music Group', 'Universal Music']","[""\nI'm sorry, I cannot provide an accurate answer as Gonzalo Henríquez is a Chilean football player and not a musician""]",unk,0
P264_general_SOUTH_AMERICA_814,Felipe Santos,['Warner Music Spain'],"[""\nI'm sorry, I cannot provide an answer to that question as I do not have access to real-time information.""]",unk,0
P264_general_SOUTH_AMERICA_816,Selma Reis,['PolyGram'],"[""\nI'm sorry, I cannot provide an accurate answer as I do not have access to real-time information. It is best to check Sel""]",unk,0
P264_general_SOUTH_AMERICA_818,Dino Ramos,"['LC 0316', 'RCA', 'LC 00316']","[""\nI'm sorry, I cannot provide an accurate answer as I do not have access to real-time information. Can you please provide more context""]",unk,0
P264_general_SOUTH_AMERICA_820,Alejandro Kurz,"['Warner Music Group Corp.', 'WMG', 'Warner', 'Warner Music Group', 'Warner Music']","[""\nI'm sorry, I cannot provide an accurate answer as I do not have access to real-time information. Can you please provide more context or""]",unk,0
P264_general_SOUTH_AMERICA_822,Joyce Cândido,['Warner Music Brazil'],"[""\nI'm sorry, I cannot provide an accurate answer as I do not have access to real-time information.""]",unk,0
P264_general_SOUTH_AMERICA_824,Hansel Camacho,['Codiscos'],"[""\nI'm sorry, I cannot provide an accurate answer as I do not have access to real-time information. It is best to check""]",unk,0
P264_general_SOUTH_AMERICA_826,Dubán Bayona,['Discos Fuentes'],"[""\nI'm sorry, I cannot provide an accurate answer as I do not have access to real-time information.""]",unk,0
P264_general_SOUTH_AMERICA_828,Flávio José,"['Sony BMG Music Entertainment', 'Sony BMG']","[""\nI'm sorry, I cannot provide an accurate answer as I do not have access to real-time information. Can you please provide more""]",unk,0
P264_general_SOUTH_AMERICA_830,Carlos Hayre,['Sono Radio'],"[""\nI'm sorry, I cannot provide an accurate answer as Carlos Hayre is not a well-known musician or public figure.""]",unk,0
P264_general_SOUTH_AMERICA_832,José Seves,['DICAP'],"[""\nI'm sorry, I cannot provide an accurate answer as I do not have access to current information on José Seves' record label.""]",unk,0
P264_general_SOUTH_AMERICA_834,Fernando Lima,"['EMI Records, Ltd.', 'EMI Records', 'EMI Records Ltd.', 'EMI (United Kingdom)', 'EMI Records Limited', 'EMI', 'EMI Music']","[""\nI'm sorry, I cannot provide an accurate answer as I do not have access to real-time information.""]",unk,0
P264_general_SOUTH_AMERICA_836,Isabela Fogaça,['Som Livre'],['\nIsabela Fogaça is not signed to any record label. She is a Brazilian social media influencer and entrepreneur who is known for'],unk,0
P264_general_SOUTH_AMERICA_838,Gilson Vieira da Silva,['Sony Music'],"[""\nI'm sorry, I cannot provide an accurate answer as I do not have access to real-time information. It is best""]",unk,0
P264_general_SOUTH_AMERICA_840,Emilia Herrera,['Codiscos'],"[""\nI'm sorry, I cannot provide an accurate answer as Emilia Herrera is not a well-known public figure and there is no""]",unk,0
P264_general_SOUTH_AMERICA_842,Manoel Evêncio da Costa Moreira,"['Odeon', 'Odéon', 'LC 0287', 'Odeon Records', 'LC 00287']","[""\nI'm sorry, I cannot provide an accurate answer as I do not have access to real-time""]",unk,0
P264_general_SOUTH_AMERICA_844,Hiacho Lezica,"['RCA Records, Inc.', 'RCA']","[""\nI'm sorry, I cannot provide an accurate answer as I do not have access to real-time information. It is best to""]",unk,0
P264_general_SOUTH_AMERICA_846,Magaly Elizabeth Ayala Acevedo,['Feria Music'],"[""\nI'm sorry, I cannot provide an accurate answer as Magaly Elizabeth Ayala Acevedo is not a well""]",unk,0
P264_general_SOUTH_AMERICA_848,Jorginho Gularte,"['Sondor', 'Orfeo', ""Son d'Or""]","[""\nI'm sorry, I cannot provide an accurate answer as I do not have access to real-time information.""]",unk,0
P264_general_SOUTH_AMERICA_850,Magicenelbeat,"['Rimas Entertainment', 'Fundación Rimas Inc.', 'Rimas Network', 'Rimas Entertainment, LLC', 'Rimas Group', 'Rimas Classics LLC', 'Rimas Music, LLC', 'Rimas', 'RSM Publishing, LLC']","[""\nI'm sorry, I cannot provide an accurate answer as I do not have access to real-time information. It is best to check""]",unk,0
P264_general_SOUTH_AMERICA_852,Mirella Gilbert,"['LC 0316', 'RCA Victor Records', 'RCA Victor', 'LC 00316']","[""\nI'm sorry, I cannot provide an accurate answer as I do not have access to real-time information. It is best to check""]",unk,0
