﻿uuid,sub_label,obj_label,choices,ans_type,acc
P30_general_SOUTH_AMERICA_0,Chile,['South America'],['\nChile is located in South America.'],ans,1
P30_general_SOUTH_AMERICA_1,Venezuela,['South America'],['\nVenezuela is located in South America.'],ans,1
P30_general_SOUTH_AMERICA_2,Peru,['South America'],['\nPeru is located in South America.'],ans,1
P30_general_SOUTH_AMERICA_3,Uruguay,['South America'],['\nUruguay is located in South America.'],ans,1
P30_general_SOUTH_AMERICA_4,Bolivia,['South America'],['\nBolivia is located in South America.'],ans,1
P30_general_SOUTH_AMERICA_5,Ecuador,['South America'],['\nEcuador is located in South America.'],ans,1
P30_general_SOUTH_AMERICA_6,Colombia,['South America'],['\nColombia is located in South America.'],ans,1
P30_general_SOUTH_AMERICA_7,Brazil,['South America'],['\nBrazil is located in South America.'],ans,1
P30_general_SOUTH_AMERICA_8,Argentina,['South America'],['\nArgentina is located in South America.'],ans,1
P30_general_SOUTH_AMERICA_9,Paraguay,['South America'],['\nParaguay is located in South America.'],ans,1
P30_general_SOUTH_AMERICA_10,Suriname,['South America'],['\nSuriname is located in South America.'],ans,1
P30_general_SOUTH_AMERICA_11,Guyana,['South America'],['\nGuyana is located in South America.'],ans,1
