﻿uuid,sub_label,obj_label,choices,ans_type,acc
P36_general_SOUTH_AMERICA_0,Chile,"['Santiago', 'Santiago de Chile', 'Greater Santiago', 'Santiago, Chile']",['\nThe capital of Chile is Santiago.'],ans,1
P36_general_SOUTH_AMERICA_1,Venezuela,"['Santiago de León de Caracas', 'Santiago de Leon de Caracas', 'CCS', 'Caracas']",['\nThe capital of Venezuela is Caracas.'],ans,1
P36_general_SOUTH_AMERICA_2,Peru,"['Lima', 'City of the Kings']",['\nThe capital of Peru is Lima.'],ans,1
P36_general_SOUTH_AMERICA_3,Uruguay,['Montevideo'],['\nThe capital of Uruguay is Montevideo.'],ans,1
P36_general_SOUTH_AMERICA_4,Bolivia,"['The Illustrious and Heroic Sucre', 'La Paz', 'La Paz, Bolivia', 'Nuestra Señora de La Paz', 'La Plata', 'Chuquisaca', 'Charcas', 'Sucre']",['\nThe capital of Bolivia is La Paz.'],ans,1
P36_general_SOUTH_AMERICA_5,Ecuador,"['Quito', 'UIO', 'San Francisco de Quito', 'Quito, Ecuador']",['\nThe capital of Ecuador is Quito.'],ans,1
P36_general_SOUTH_AMERICA_6,Colombia,"['Bogota', 'Bogota, Colombia', 'Bogotá, D.C.', 'Bogotá', 'Santafé de Bogotá', 'Santa Fe de Bogotá']",['\nThe capital of Colombia is Bogotá.'],ans,1
P36_general_SOUTH_AMERICA_7,Brazil,['Brasília'],['\nThe capital of Brazil is Brasília.'],ans,1
P36_general_SOUTH_AMERICA_8,Argentina,"['Ciudad Autonoma de Buenos Aires', 'Buenos Aires', 'Buenos Aires city']",['\nThe capital of Argentina is Buenos Aires.'],ans,1
P36_general_SOUTH_AMERICA_9,Paraguay,"['Asunción', 'Asuncion', 'Assumption', 'Asu']",['\nThe capital of Paraguay is Asunción.'],ans,1
P36_general_SOUTH_AMERICA_10,Suriname,['Paramaribo'],['\nThe capital of Suriname is Paramaribo.'],ans,1
P36_general_SOUTH_AMERICA_11,Guyana,"['Georgetown', 'Georgetown, British Guiana', 'Garden City of the Caribbean']",['\nThe capital of Guyana is Georgetown.'],ans,1
