﻿uuid,sub_label,obj_label,choices,ans_type,acc
P37_general_SOUTH_AMERICA_0,Chile,"['es', 'Spanish language', 'Español', 'Castilian language', 'Spanish', 'Castilian']",['\nThe official language of Chile is Spanish.'],ans,1
P37_general_SOUTH_AMERICA_1,Venezuela,"['Venezuelan Sign Language', 'LSV', 'es', 'Spanish language', 'VSL', 'Español', 'Castilian language', 'Spanish', 'Castilian', 'vsl']",['\nThe official language of Venezuela is Spanish.'],ans,1
P37_general_SOUTH_AMERICA_2,Peru,"['Quichua', 'es', 'Spanish language', 'Aymara languages', 'Aymara', 'Quechua', 'Aymara language', 'Caranga language', 'ay', 'qu', 'Quechuan languages', 'Aymará language', 'Aimara language', 'Español', 'Castilian language', 'Spanish', 'Castilian', 'runa simi']",['\nThe official language of Peru is Spanish.'],ans,1
P37_general_SOUTH_AMERICA_3,Uruguay,"['es', 'Spanish language', 'Español', 'Castilian language', 'Spanish', 'Castilian']",['\nThe official language of Uruguay is Spanish.'],ans,1
P37_general_SOUTH_AMERICA_4,Bolivia,"['Spanish language', 'Quechuan languages', 'Aymara languages', 'Aymara language', 'Aymará language', 'qu', 'Paraguayan Guaraní', 'Aimara language', 'gn', 'Español', 'Castilian', 'Spanish', 'Paraguayan Guarani', 'Quichua', 'es', 'Aymara', 'Quechua', 'ay', 'Caranga language', 'Guarani', 'Guarani language', 'Castilian language', 'runa simi']",['\nThe official language of Bolivia is Spanish.'],ans,1
P37_general_SOUTH_AMERICA_5,Ecuador,"['Colombia-Ecuador Quechua IIB', 'kichwa', 'Quichua', 'Kichwa', 'Castilian', 'Shuar language', 'Shuar', 'es', 'Spanish language', 'Quechuan languages', 'Quechua', 'qu', 'qug', 'Español', 'Castilian language', 'Spanish', 'runa simi']",['\nThe official language of Ecuador is Spanish.'],ans,1
P37_general_SOUTH_AMERICA_6,Colombia,"['es', 'Spanish language', 'Español', 'Castilian language', 'Spanish', 'Castilian']",['\nThe official language of Colombia is Spanish.'],ans,1
P37_general_SOUTH_AMERICA_7,Brazil,"['pt', 'Portuguese language', 'Portuguese']",['\nThe official language of Brazil is Portuguese.'],ans,1
P37_general_SOUTH_AMERICA_8,Argentina,"['es', 'Spanish language', 'Español', 'Castilian language', 'Spanish', 'Castilian']",['\nThe official language of Argentina is Spanish.'],ans,1
P37_general_SOUTH_AMERICA_9,Paraguay,"['es', 'Spanish language', 'gn', 'Guarani', 'Paraguayan Guaraní', 'Guarani language', 'Español', 'Castilian language', 'Spanish', 'Castilian', 'Paraguayan Guarani']",['\nThe official language of Paraguay is Spanish.'],ans,1
P37_general_SOUTH_AMERICA_10,Suriname,"['nl', 'nld', 'ned', 'Dutch language', 'Netherlandic language', 'Flemish language', 'Netherlandic', 'Dutch', 'Nederlands', 'Flemish', 'Netherlandish']",['\nThe official language of Suriname is Dutch.'],ans,1
P37_general_SOUTH_AMERICA_11,Guyana,"['English', 'en', 'English language', 'eng']",['\nThe official language of Guyana is English.'],ans,1
