﻿uuid,sub_label,obj_label,choices,ans_type,acc
P47_general_WESTERN_COUNTRIES_0,Switzerland,"['eu', 'France', 'Bundesrepublik Deutschland', 'Republik Österreich', 'FRA', 'Austria', '🇪🇺', 'Europe', 'Italian Republic', 'E.U.', 'Italy', 'GFR', 'Österreich', 'AT', 'de', 'Republic of Italy', 'AUT', '🇦🇹', 'GER', 'li', 'Republic of France', 'LI', 'BRD', 'FL', 'fr', 'BR Deutschland', 'Repubblica Italiana', 'Republic of Austria', 'Deutschland', '🇮🇹', 'French Republic', 'ITA', 'European Union', 'FR', 'the Hexagon', 'DE', 'EU', 'IT', 'Italia', 'Principality of Liechtenstein', 'LIE', '🇱🇮', 'Germany', 'Federal Republic of Germany', 'Liechtenstein']","['\nSwitzerland shares borders with France, Germany, Italy, and Austria.']",ans,1
P47_general_WESTERN_COUNTRIES_1,Italy,"['Confoederatio Helvetica', 'France', 'Republik Österreich', 'FRA', 'Austria', 'CHE', 'Republic of Slovenia', 'si', 'SMR', 'Republic of Malta', 'Papal State', '🇸🇲', 'Most Serene Republic of San Marino', 'Österreich', 'AT', 'Vatican City', 'AUT', '🇦🇹', 'Status Civitatis Vaticanae', 'Civitas Vaticana', 'Republic of France', 'Republika Slovenija', 'The Vatican', 'Swiss Confederation', 'Vatican City State', 'sm', 'Vatican', 'fr', 'State of Vatican City', 'Republic of Austria', 'Città del Vaticano', 'Switzerland', 'Swiss', 'vat', 'Stato della Città del Vaticano', 'French Republic', 'Slovenija', 'CH', 'va', 'svn', 'FR', 'the Hexagon', 'slo', 'San Marino', 'Slovenia', 'MLT', 'MT', '🇻🇦', '🇲🇹', 'SUI', 'SLO', 'Malta', '🇸🇮']","['\nItaly shares borders with France, Switzerland, Austria, and Slovenia.']",ans,1
P47_general_WESTERN_COUNTRIES_2,Canada,"['the U.S.', 'the U.S.A.', 'Greenland', 'Groenland', 'United States of America', '🇬🇱', 'Merica', 'US of A', 'the US', 'US', 'the US of A', 'United States', 'USA', 'the U.S. of America', 'the United States', 'U. S. A.', 'U.S.A.', 'U.S.', 'U. S.', 'America', 'Kalaallit Nunaat', 'the US of America', 'the USA', 'the States', 'the U.S. of A', 'US of America', 'gl', 'U.S. of America', 'the United States of America', 'Greenlandia']",['\nThe country that shares border with Canada is the United States.'],ans,1
P47_general_WESTERN_COUNTRIES_3,France,"['Spain', '🇪🇸', 'Großherzogtum Luxemburg', 'the Netherlands', 'Italian Republic', 'Monaco', 'be', 'BEL', 'Koninkrijk België', 'LUX', 'Groussherzogtum Lëtzebuerg', 'lu', 'BR Deutschland', 'Königreich Belgien', 'Switzerland', 'ITA', 'DE', 'Luxembourg', 'Germany', 'Bundesrepublik Deutschland', 'MON', ""Principat d'Andorra"", 'br', '🇳🇱', 'Suriname', 'Mùnegu', 'Luxemburg', 'Surrinam', 'Kingdom of Spain', 'Swiss Confederation', 'Principality of the Valleys of Andorra', 'Deutschland', 'Swiss', '🇲🇨', 'Netherlands', '🇮🇹', 'SUR', 'Brasil', 'IT', 'Italia', 'Surinam', 'Brazil', 'Belgium', 'Royaume de Belgique', 'Principality of Andorra', 'Kingdom of the Netherlands', 'Republic of Surinam', 'Federal Republic of Germany', 'Dutch Guiana', 'BR', 'Fort-Hercule', 'mc', 'CHE', 'ESP', 'Italy', 'BRA', 'GFR', 'BE', 'de', 'Republic of Italy', 'Andorra', '🇸🇷', 'Federative Republic of Brazil', 'Principauté de Monaco', 'LU', '🇱🇺', 'Principatu de Mu̍negu', 'ES', 'Principato di Monaco', 'Confoederatio Helvetica', 'Republic of Suriname', 'Lëtzebuerg', 'NL', 'AND', 'Grand-Duché de Luxembourg', 'AD', 'sr', 'GER', 'Principality of Monaco', 'BRD', '🇧🇷', 'Kingdom of Belgium', 'Repubblica Italiana', 'Prinçipatu de Mùnegu', 'Grand Duchy of Luxembourg', 'CH', 'SUI', 'Belgien', 'Principality and Diocese of Monaco', '🇧🇪']","['\nFrance shares borders with eight countries: Belgium, Luxembourg, Germany, Switzerland, Italy, Spain, Andorra, and Monaco.']",ans,1
P47_general_WESTERN_COUNTRIES_4,United Kingdom,"['Ireland, Republic of', 'Ireland (state)', 'Republic of Ireland', 'Hibernia', 'Ireland', 'Southern Ireland', 'Éire', 'Eire', 'IRL', 'IE', '🇮🇪', 'ie']",['\nThe United Kingdom shares borders with the Republic of Ireland and Northern Ireland.'],ans,1
P47_general_WESTERN_COUNTRIES_5,United States of America,"['CA', 'MX', 'MXN', 'Dominion of Canada', 'Mexico', 'United Mexican States', 'CAN', 'US of M', 'Canada', 'Mexican Republic', 'British North America', 'MEX', '🇲🇽', 'mx']",['\nThe United States of America shares borders with Canada to the north and Mexico to the south.'],ans,1
P47_general_WESTERN_COUNTRIES_6,Spain,"['🇵🇹', 'France', 'FRA', 'Maroc', ""Principat d'Andorra"", 'Marocco', 'Gib', 'Portuguese Republic', 'The Rock of Gibraltar', 'Gibraltar', 'POR', 'AND', 'AD', 'Portugal', '🇬🇮', 'Republic of France', 'Kingdom of Morocco', 'fr', 'gi', 'Andorra', 'Morocco', '🇲🇦', 'Principality of the Valleys of Andorra', 'MAR', 'French Republic', 'Lmaġrib', 'PT', 'FR', 'the Hexagon', 'ma', 'PRT', 'al-Maġrib', 'Principality of Andorra']","['\nSpain shares borders with Portugal, France, Andorra, and Gibraltar.']",ans,1
P47_general_WESTERN_COUNTRIES_7,Portugal,"['Spain', '🇪🇸', 'Castilla y Leon', 'Castile and León', 'Castile and Leon', 'Kingdom of Spain', 'Castilla y León', 'ES', 'ESP']",['\nPortugal shares borders with Spain.'],ans,1
P47_general_WESTERN_COUNTRIES_8,Germany,"['🇵🇱', 'Confoederatio Helvetica', 'France', 'nl', 'Republik Österreich', 'Großherzogtum Luxemburg', 'ČR', 'FRA', 'NED', 'Austria', '🇩🇰', 'CHE', 'the Netherlands', 'Holland', '🇳🇱', 'dk', 'CZE', 'Poland', 'Czech Republic', 'Česká republika', 'Lëtzebuerg', 'Czechia', 'BE', 'Österreich', 'AT', 'Nederland', 'Luxemburg', 'Grand-Duché de Luxembourg', 'CZR', 'BEL', 'be', 'Koninkrijk België', 'TAN', 'AUT', '🇦🇹', 'NL', 'LUX', 'Republic of France', 'Denmark', 'Groussherzogtum Lëtzebuerg', 'metropolitan Denmark', 'lu', 'Republic of Poland', 'POL', 'DEN', 'Swiss Confederation', 'Netherlands (after 1945)', 'CZ', 'fr', 'Kingdom of Belgium', 'Königreich Belgien', 'DK', 'DNK', 'DEK', 'Republic of Austria', 'Switzerland', 'Swiss', 'Netherlands', 'Grand Duchy of Luxembourg', 'French Republic', 'Polska', 'Danmark', 'CH', 'FR', 'the Hexagon', 'LU', '🇱🇺', 'Česko', 'SUI', 'Denmark proper', 'PL', 'Luxembourg', 'Belgium', 'Belgien', 'Royaume de Belgique', '🇧🇪']","['\nGermany shares borders with nine countries: Denmark, Poland, the Czech Republic, Austria, Switzerland, France, Luxembourg, Belgium, and the Netherlands.']",ans,1
P47_general_WESTERN_COUNTRIES_9,Austria,"['HUN', 'Confoederatio Helvetica', 'Bundesrepublik Deutschland', 'sk', 'ČR', 'Slovakia', 'CHE', 'Hungary', 'Italian Republic', 'CZE', 'Italy', 'Republic of Slovenia', 'Czech Republic', 'GFR', 'Česká republika', 'si', 'Czechia', '🇸🇰', 'SVK', 'de', 'Republic of Italy', 'CZR', 'GER', 'li', 'LI', 'Republika Slovenija', 'Swiss Confederation', 'BRD', 'hu', 'FL', 'CZ', 'BR Deutschland', 'Repubblica Italiana', 'Slovak Republic', 'Switzerland', 'Deutschland', 'Swiss', '🇮🇹', 'Slovakia (Slovak Republic)', 'Slovenija', 'ITA', 'CH', 'svn', 'slo', 'DE', 'Slovenia', 'IT', 'Italia', 'Principality of Liechtenstein', 'Česko', '🇭🇺', 'SUI', 'SLO', 'LIE', '🇱🇮', 'Germany', 'Federal Republic of Germany', '🇸🇮', 'Liechtenstein']","['\nAustria shares borders with eight countries: Germany, Czech Republic, Slovakia, Hungary, Slovenia, Italy, Switzerland, and Liechtenstein.']",ans,1
P47_general_WESTERN_COUNTRIES_10,Luxembourg,"['France', 'Bundesrepublik Deutschland', 'FRA', ""Hitler's Third Reich"", 'GFR', 'BE', 'de', 'Third Reich', 'be', 'BEL', 'Koninkrijk België', 'GER', 'Republic of France', 'BRD', 'Nazi Germany', 'fr', 'BR Deutschland', 'Kingdom of Belgium', '🇧🇪', 'Königreich Belgien', 'Deutschland', 'French Republic', 'FR', 'the Hexagon', 'DE', 'Belgien', 'Belgium', 'Royaume de Belgique', 'Greater German Reich', 'Germany', 'Federal Republic of Germany']","['\nLuxembourg shares borders with Belgium, France, and Germany.']",ans,1
P47_general_WESTERN_COUNTRIES_11,Republic of Ireland,"['G B R', 'N. Ireland', 'NI', 'U. K.', 'GBR', 'North Ireland', 'Northern Ireland', 'United Kingdom', 'Britain', 'G B', 'Norlin Airlann', 'UKN', 'United Kingdom of Great Britain and Northern Ireland', 'UK', 'Great Britain and Northern Ireland', 'The North', 'G.B.R.', 'U K', 'G.B.', 'Tuaisceart Éireann', 'The UK', '🇬🇧', 'The United Kingdom of Great Britain and Northern Ireland', 'U.K.', 'NIR', 'G. B.', 'GB', 'Great Britain']",['\nThe country that shares border with Republic of Ireland is Northern Ireland.'],ans,1
P47_general_WESTERN_COUNTRIES_12,New Zealand,"['Straya', 'Stralia', 'Nova Hollandia', 'AUS', 'au', 'New Hollandia', 'Australia', 'Oz', 'Aussieland', 'Commonwealth of Australia', '🇦🇺', 'AU', 'New Holland']",['\nNew Zealand shares its borders with Australia.'],ans,1
P47_general_WESTERN_COUNTRIES_13,Australia,"['id', 'ID', 'INA', 'Papua New Guinea', '🇹🇱', 'tl', '🇵🇬', 'Republic of Indonesia', 'Dominion of New Zealand', 'pg', 'Democratic Republic of Timor-Leste', 'TLS', 'Zeelandia Nova', 'Nova Zelandia', 'NZ', '🇳🇿', 'New Zealand', 'East Timor', 'Aotearoa', 'IDN', 'Indonesia', 'nz', 'Zelandia Nova', 'Aotearoa New Zealand', 'PNG', 'Timor Leste', 'New Zeeland', 'NZL', 'Independent State of Papua New Guinea', 'Timor-Leste', 'Democratic Republic of East Timor']","['\nAustralia shares borders with several countries, including Indonesia, East Timor, Papua New Guinea, and the Solomon Islands.']",ans,1
P47_general_WESTERN_COUNTRIES_14,Belgium,"['France', 'Bundesrepublik Deutschland', 'nl', 'Großherzogtum Luxemburg', 'NED', 'FRA', 'the Netherlands', '🇳🇱', 'Holland', 'GFR', 'Lëtzebuerg', 'Nederland', 'de', 'NL', 'Luxemburg', 'Grand-Duché de Luxembourg', 'GER', 'LUX', 'Republic of France', 'Groussherzogtum Lëtzebuerg', 'BRD', 'lu', 'Netherlands (after 1945)', 'fr', 'BR Deutschland', 'Deutschland', 'Netherlands', 'Grand Duchy of Luxembourg', 'French Republic', 'FR', 'the Hexagon', 'DE', 'LU', '🇱🇺', 'Luxembourg', 'Kingdom of the Netherlands', 'Germany', 'Federal Republic of Germany']","['\nBelgium shares borders with France, Germany, Luxembourg, and the Netherlands.']",ans,1
P47_general_WESTERN_COUNTRIES_15,Liechtenstein,"['eu', 'Confoederatio Helvetica', 'Republik Österreich', 'Austria', '🇪🇺', 'Europe', 'CHE', 'E.U.', 'Österreich', 'AT', 'AUT', '🇦🇹', 'Swiss Confederation', 'Republic of Austria', 'Switzerland', 'Swiss', 'European Union', 'CH', 'EU', 'SUI']",['\nLiechtenstein shares borders with Switzerland and Austria.'],ans,1
P47_general_WESTERN_COUNTRIES_16,Monaco,"['eu', 'European Union', 'France', 'FR', 'the Hexagon', 'EU', 'fr', 'FRA', '🇪🇺', 'Europe', 'Republic of France', 'French Republic', 'E.U.']",['\nFrance is the country that shares border with Monaco.'],ans,1
P47_general_WESTERN_COUNTRIES_17,Andorra,"['Spain', 'European Union', '🇪🇸', 'France', 'eu', 'FR', 'the Hexagon', 'EU', 'fr', 'FRA', '🇪🇺', 'Europe', 'Kingdom of Spain', 'ES', 'ESP', 'Republic of France', 'French Republic', 'E.U.']",['\nSpain and France share borders with Andorra.'],ans,1
P47_general_WESTERN_COUNTRIES_18,San Marino,"['ITA', 'Italy', 'European Union', 'eu', 'EU', 'IT', 'Italia', 'Repubblica Italiana', '🇪🇺', 'Europe', 'Republic of Italy', 'Italian Republic', '🇮🇹', 'E.U.']",['\nSan Marino is a landlocked country and does not share a border with any country.'],unk,0
uuid,sub_label,obj_label,choices,ans_type,acc
P47_general_WESTERN_COUNTRIES_0,Switzerland,"['eu', 'France', 'Bundesrepublik Deutschland', 'Republik Österreich', 'FRA', 'Austria', '🇪🇺', 'Europe', 'Italian Republic', 'E.U.', 'Italy', 'GFR', 'Österreich', 'AT', 'de', 'Republic of Italy', 'AUT', '🇦🇹', 'GER', 'li', 'Republic of France', 'LI', 'BRD', 'FL', 'fr', 'BR Deutschland', 'Repubblica Italiana', 'Republic of Austria', 'Deutschland', '🇮🇹', 'French Republic', 'ITA', 'European Union', 'FR', 'the Hexagon', 'DE', 'EU', 'IT', 'Italia', 'Principality of Liechtenstein', 'LIE', '🇱🇮', 'Germany', 'Federal Republic of Germany', 'Liechtenstein']","['\nSwitzerland shares borders with France, Germany, Italy, and Austria.']",ans,1
P47_general_WESTERN_COUNTRIES_1,Italy,"['Confoederatio Helvetica', 'France', 'Republik Österreich', 'FRA', 'Austria', 'CHE', 'Republic of Slovenia', 'si', 'SMR', 'Republic of Malta', 'Papal State', '🇸🇲', 'Most Serene Republic of San Marino', 'Österreich', 'AT', 'Vatican City', 'AUT', '🇦🇹', 'Status Civitatis Vaticanae', 'Civitas Vaticana', 'Republic of France', 'Republika Slovenija', 'The Vatican', 'Swiss Confederation', 'Vatican City State', 'sm', 'Vatican', 'fr', 'State of Vatican City', 'Republic of Austria', 'Città del Vaticano', 'Switzerland', 'Swiss', 'vat', 'Stato della Città del Vaticano', 'French Republic', 'Slovenija', 'CH', 'va', 'svn', 'FR', 'the Hexagon', 'slo', 'San Marino', 'Slovenia', 'MLT', 'MT', '🇻🇦', '🇲🇹', 'SUI', 'SLO', 'Malta', '🇸🇮']","['\nItaly shares borders with France, Switzerland, Austria, and Slovenia.']",ans,1
P47_general_WESTERN_COUNTRIES_2,Canada,"['the U.S.', 'the U.S.A.', 'Greenland', 'Groenland', 'United States of America', '🇬🇱', 'Merica', 'US of A', 'the US', 'US', 'the US of A', 'United States', 'USA', 'the U.S. of America', 'the United States', 'U. S. A.', 'U.S.A.', 'U.S.', 'U. S.', 'America', 'Kalaallit Nunaat', 'the US of America', 'the USA', 'the States', 'the U.S. of A', 'US of America', 'gl', 'U.S. of America', 'the United States of America', 'Greenlandia']",['\nThe country that shares border with Canada is the United States.'],ans,1
P47_general_WESTERN_COUNTRIES_3,France,"['Spain', '🇪🇸', 'Großherzogtum Luxemburg', 'the Netherlands', 'Italian Republic', 'Monaco', 'be', 'BEL', 'Koninkrijk België', 'LUX', 'Groussherzogtum Lëtzebuerg', 'lu', 'BR Deutschland', 'Königreich Belgien', 'Switzerland', 'ITA', 'DE', 'Luxembourg', 'Germany', 'Bundesrepublik Deutschland', 'MON', ""Principat d'Andorra"", 'br', '🇳🇱', 'Suriname', 'Mùnegu', 'Luxemburg', 'Surrinam', 'Kingdom of Spain', 'Swiss Confederation', 'Principality of the Valleys of Andorra', 'Deutschland', 'Swiss', '🇲🇨', 'Netherlands', '🇮🇹', 'SUR', 'Brasil', 'IT', 'Italia', 'Surinam', 'Brazil', 'Belgium', 'Royaume de Belgique', 'Principality of Andorra', 'Kingdom of the Netherlands', 'Republic of Surinam', 'Federal Republic of Germany', 'Dutch Guiana', 'BR', 'Fort-Hercule', 'mc', 'CHE', 'ESP', 'Italy', 'BRA', 'GFR', 'BE', 'de', 'Republic of Italy', 'Andorra', '🇸🇷', 'Federative Republic of Brazil', 'Principauté de Monaco', 'LU', '🇱🇺', 'Principatu de Mu̍negu', 'ES', 'Principato di Monaco', 'Confoederatio Helvetica', 'Republic of Suriname', 'Lëtzebuerg', 'NL', 'AND', 'Grand-Duché de Luxembourg', 'AD', 'sr', 'GER', 'Principality of Monaco', 'BRD', '🇧🇷', 'Kingdom of Belgium', 'Repubblica Italiana', 'Prinçipatu de Mùnegu', 'Grand Duchy of Luxembourg', 'CH', 'SUI', 'Belgien', 'Principality and Diocese of Monaco', '🇧🇪']","['\nFrance shares borders with eight countries: Belgium, Luxembourg, Germany, Switzerland, Italy, Spain, Andorra, and Monaco.']",ans,1
P47_general_WESTERN_COUNTRIES_4,United Kingdom,"['Ireland, Republic of', 'Ireland (state)', 'Republic of Ireland', 'Hibernia', 'Ireland', 'Southern Ireland', 'Éire', 'Eire', 'IRL', 'IE', '🇮🇪', 'ie']",['\nThe United Kingdom shares borders with the Republic of Ireland and Northern Ireland.'],ans,1
P47_general_WESTERN_COUNTRIES_5,United States of America,"['CA', 'MX', 'MXN', 'Dominion of Canada', 'Mexico', 'United Mexican States', 'CAN', 'US of M', 'Canada', 'Mexican Republic', 'British North America', 'MEX', '🇲🇽', 'mx']",['\nThe United States of America shares borders with Canada to the north and Mexico to the south.'],ans,1
P47_general_WESTERN_COUNTRIES_6,Spain,"['🇵🇹', 'France', 'FRA', 'Maroc', ""Principat d'Andorra"", 'Marocco', 'Gib', 'Portuguese Republic', 'The Rock of Gibraltar', 'Gibraltar', 'POR', 'AND', 'AD', 'Portugal', '🇬🇮', 'Republic of France', 'Kingdom of Morocco', 'fr', 'gi', 'Andorra', 'Morocco', '🇲🇦', 'Principality of the Valleys of Andorra', 'MAR', 'French Republic', 'Lmaġrib', 'PT', 'FR', 'the Hexagon', 'ma', 'PRT', 'al-Maġrib', 'Principality of Andorra']","['\nSpain shares borders with Portugal, France, Andorra, and Gibraltar.']",ans,1
P47_general_WESTERN_COUNTRIES_7,Portugal,"['Spain', '🇪🇸', 'Castilla y Leon', 'Castile and León', 'Castile and Leon', 'Kingdom of Spain', 'Castilla y León', 'ES', 'ESP']",['\nPortugal shares borders with Spain.'],ans,1
P47_general_WESTERN_COUNTRIES_8,Germany,"['🇵🇱', 'Confoederatio Helvetica', 'France', 'nl', 'Republik Österreich', 'Großherzogtum Luxemburg', 'ČR', 'FRA', 'NED', 'Austria', '🇩🇰', 'CHE', 'the Netherlands', 'Holland', '🇳🇱', 'dk', 'CZE', 'Poland', 'Czech Republic', 'Česká republika', 'Lëtzebuerg', 'Czechia', 'BE', 'Österreich', 'AT', 'Nederland', 'Luxemburg', 'Grand-Duché de Luxembourg', 'CZR', 'BEL', 'be', 'Koninkrijk België', 'TAN', 'AUT', '🇦🇹', 'NL', 'LUX', 'Republic of France', 'Denmark', 'Groussherzogtum Lëtzebuerg', 'metropolitan Denmark', 'lu', 'Republic of Poland', 'POL', 'DEN', 'Swiss Confederation', 'Netherlands (after 1945)', 'CZ', 'fr', 'Kingdom of Belgium', 'Königreich Belgien', 'DK', 'DNK', 'DEK', 'Republic of Austria', 'Switzerland', 'Swiss', 'Netherlands', 'Grand Duchy of Luxembourg', 'French Republic', 'Polska', 'Danmark', 'CH', 'FR', 'the Hexagon', 'LU', '🇱🇺', 'Česko', 'SUI', 'Denmark proper', 'PL', 'Luxembourg', 'Belgium', 'Belgien', 'Royaume de Belgique', '🇧🇪']","['\nGermany shares borders with nine countries: Denmark, Poland, the Czech Republic, Austria, Switzerland, France, Luxembourg, Belgium, and the Netherlands.']",ans,1
P47_general_WESTERN_COUNTRIES_9,Austria,"['HUN', 'Confoederatio Helvetica', 'Bundesrepublik Deutschland', 'sk', 'ČR', 'Slovakia', 'CHE', 'Hungary', 'Italian Republic', 'CZE', 'Italy', 'Republic of Slovenia', 'Czech Republic', 'GFR', 'Česká republika', 'si', 'Czechia', '🇸🇰', 'SVK', 'de', 'Republic of Italy', 'CZR', 'GER', 'li', 'LI', 'Republika Slovenija', 'Swiss Confederation', 'BRD', 'hu', 'FL', 'CZ', 'BR Deutschland', 'Repubblica Italiana', 'Slovak Republic', 'Switzerland', 'Deutschland', 'Swiss', '🇮🇹', 'Slovakia (Slovak Republic)', 'Slovenija', 'ITA', 'CH', 'svn', 'slo', 'DE', 'Slovenia', 'IT', 'Italia', 'Principality of Liechtenstein', 'Česko', '🇭🇺', 'SUI', 'SLO', 'LIE', '🇱🇮', 'Germany', 'Federal Republic of Germany', '🇸🇮', 'Liechtenstein']","['\nAustria shares borders with eight countries: Germany, Czech Republic, Slovakia, Hungary, Slovenia, Italy, Switzerland, and Liechtenstein.']",ans,1
P47_general_WESTERN_COUNTRIES_10,Luxembourg,"['France', 'Bundesrepublik Deutschland', 'FRA', ""Hitler's Third Reich"", 'GFR', 'BE', 'de', 'Third Reich', 'be', 'BEL', 'Koninkrijk België', 'GER', 'Republic of France', 'BRD', 'Nazi Germany', 'fr', 'BR Deutschland', 'Kingdom of Belgium', '🇧🇪', 'Königreich Belgien', 'Deutschland', 'French Republic', 'FR', 'the Hexagon', 'DE', 'Belgien', 'Belgium', 'Royaume de Belgique', 'Greater German Reich', 'Germany', 'Federal Republic of Germany']","['\nLuxembourg shares borders with Belgium, France, and Germany.']",ans,1
P47_general_WESTERN_COUNTRIES_11,Republic of Ireland,"['G B R', 'N. Ireland', 'NI', 'U. K.', 'GBR', 'North Ireland', 'Northern Ireland', 'United Kingdom', 'Britain', 'G B', 'Norlin Airlann', 'UKN', 'United Kingdom of Great Britain and Northern Ireland', 'UK', 'Great Britain and Northern Ireland', 'The North', 'G.B.R.', 'U K', 'G.B.', 'Tuaisceart Éireann', 'The UK', '🇬🇧', 'The United Kingdom of Great Britain and Northern Ireland', 'U.K.', 'NIR', 'G. B.', 'GB', 'Great Britain']",['\nThe country that shares border with Republic of Ireland is Northern Ireland.'],ans,1
P47_general_WESTERN_COUNTRIES_12,New Zealand,"['Straya', 'Stralia', 'Nova Hollandia', 'AUS', 'au', 'New Hollandia', 'Australia', 'Oz', 'Aussieland', 'Commonwealth of Australia', '🇦🇺', 'AU', 'New Holland']",['\nNew Zealand shares its borders with Australia.'],ans,1
P47_general_WESTERN_COUNTRIES_13,Australia,"['id', 'ID', 'INA', 'Papua New Guinea', '🇹🇱', 'tl', '🇵🇬', 'Republic of Indonesia', 'Dominion of New Zealand', 'pg', 'Democratic Republic of Timor-Leste', 'TLS', 'Zeelandia Nova', 'Nova Zelandia', 'NZ', '🇳🇿', 'New Zealand', 'East Timor', 'Aotearoa', 'IDN', 'Indonesia', 'nz', 'Zelandia Nova', 'Aotearoa New Zealand', 'PNG', 'Timor Leste', 'New Zeeland', 'NZL', 'Independent State of Papua New Guinea', 'Timor-Leste', 'Democratic Republic of East Timor']","['\nAustralia shares borders with several countries, including Indonesia, East Timor, Papua New Guinea, and the Solomon Islands.']",ans,1
P47_general_WESTERN_COUNTRIES_14,Belgium,"['France', 'Bundesrepublik Deutschland', 'nl', 'Großherzogtum Luxemburg', 'NED', 'FRA', 'the Netherlands', '🇳🇱', 'Holland', 'GFR', 'Lëtzebuerg', 'Nederland', 'de', 'NL', 'Luxemburg', 'Grand-Duché de Luxembourg', 'GER', 'LUX', 'Republic of France', 'Groussherzogtum Lëtzebuerg', 'BRD', 'lu', 'Netherlands (after 1945)', 'fr', 'BR Deutschland', 'Deutschland', 'Netherlands', 'Grand Duchy of Luxembourg', 'French Republic', 'FR', 'the Hexagon', 'DE', 'LU', '🇱🇺', 'Luxembourg', 'Kingdom of the Netherlands', 'Germany', 'Federal Republic of Germany']","['\nBelgium shares borders with France, Germany, Luxembourg, and the Netherlands.']",ans,1
P47_general_WESTERN_COUNTRIES_15,Liechtenstein,"['eu', 'Confoederatio Helvetica', 'Republik Österreich', 'Austria', '🇪🇺', 'Europe', 'CHE', 'E.U.', 'Österreich', 'AT', 'AUT', '🇦🇹', 'Swiss Confederation', 'Republic of Austria', 'Switzerland', 'Swiss', 'European Union', 'CH', 'EU', 'SUI']",['\nLiechtenstein shares borders with Switzerland and Austria.'],ans,1
P47_general_WESTERN_COUNTRIES_16,Monaco,"['eu', 'European Union', 'France', 'FR', 'the Hexagon', 'EU', 'fr', 'FRA', '🇪🇺', 'Europe', 'Republic of France', 'French Republic', 'E.U.']",['\nFrance is the country that shares border with Monaco.'],ans,1
P47_general_WESTERN_COUNTRIES_17,Andorra,"['Spain', 'European Union', '🇪🇸', 'France', 'eu', 'FR', 'the Hexagon', 'EU', 'fr', 'FRA', '🇪🇺', 'Europe', 'Kingdom of Spain', 'ES', 'ESP', 'Republic of France', 'French Republic', 'E.U.']",['\nSpain and France share borders with Andorra.'],ans,1
P47_general_WESTERN_COUNTRIES_18,San Marino,"['ITA', 'Italy', 'European Union', 'eu', 'EU', 'IT', 'Italia', 'Repubblica Italiana', '🇪🇺', 'Europe', 'Republic of Italy', 'Italian Republic', '🇮🇹', 'E.U.']",['\nSan Marino is a landlocked country and does not share a border with any country.'],unk,0
