﻿uuid,sub_label,obj_label,choices,ans_type,acc
P103_general_WESTERN_COUNTRIES_0,Jean-Luc Mélenchon,"['es', 'Spanish language', 'Español', 'Castilian language', 'Spanish', 'Castilian']","['\nJean-Luc Mélenchon is a French politician and the leader of the French far-left party, the Front']",ans,0
P103_general_WESTERN_COUNTRIES_2,Boris Johnson,"['English', 'en', 'English language', 'eng']","[""\nBoris Johnson's native language is English.""]",ans,1
P103_general_WESTERN_COUNTRIES_4,Lionel Messi,"['es', 'Spanish language', 'Español', 'Castilian language', 'Spanish', 'Castilian']",['\nLionel Messi is a native of Argentina and speaks Spanish as his native language.'],ans,1
P103_general_WESTERN_COUNTRIES_6,Marine Le Pen,"['fr', 'French', 'fra', '(fr)', 'French language']",['\nMarine Le Pen is a French politician and the leader of the Front National. She is not a native speaker of any'],unk,1
P103_general_WESTERN_COUNTRIES_8,Zinedine Zidane,"['fr', 'French', 'fra', '(fr)', 'French language']",['\nZinedine Zidane is a native speaker of French.'],ans,1
P103_general_WESTERN_COUNTRIES_10,Maximilien Robespierre,"['fr', 'French', 'fra', '(fr)', 'French language']",['\nMaximilien Robespierre was born in France and his native language was French.'],ans,1
P103_general_WESTERN_COUNTRIES_12,Cristiano Ronaldo,"['pt', 'Portuguese language', 'Portuguese']","[""\nCristiano Ronaldo's native language is Portuguese.""]",ans,1
P103_general_WESTERN_COUNTRIES_14,Barack Obama,"['English', 'en', 'English language', 'eng']","[""\nBarack Obama's native language is English.""]",ans,1
P103_general_WESTERN_COUNTRIES_16,Valéry Giscard d'Estaing,"['fr', 'French', 'fra', '(fr)', 'French language']","[""\nValéry Giscard d'Estaing's native language is French.""]",ans,1
P103_general_WESTERN_COUNTRIES_18,Taylor Swift,"['English', 'en', 'English language', 'eng']","['\nTaylor Swift is actually a native speaker of the English language, not a specific native language. However, she has been known']",ans,1
P103_general_WESTERN_COUNTRIES_20,Nicolas Sarkozy,"['fr', 'French', 'fra', '(fr)', 'French language']",['\nNicolas Sarkozy is a native speaker of French.'],ans,1
P103_general_WESTERN_COUNTRIES_22,Mitt Romney,"['English', 'en', 'English language', 'eng']","[""\nMitt Romney's native language is English.""]",ans,1
P103_general_WESTERN_COUNTRIES_24,Alexandre Millerand,"['fr', 'French', 'fra', '(fr)', 'French language']","['\nAlexandre Millerand was born in Paris, France and his native language is French.']",ans,1
P103_general_WESTERN_COUNTRIES_26,Charles Maurras,"['fr', 'French', 'fra', '(fr)', 'French language']","['\nCharles Maurras was born in the city of Bordeaux, France, and his native language was French.']",ans,1
P103_general_WESTERN_COUNTRIES_28,Louis XVI of France,"['fr', 'French', 'fra', '(fr)', 'French language']","['\nLouis XVI of France was born in Vienna, Austria and his native language was German.']",ans,0
P103_general_WESTERN_COUNTRIES_30,Serena Williams,"['English', 'en', 'English language', 'eng']",['\nSerena Williams is a native speaker of English.'],ans,1
P103_general_WESTERN_COUNTRIES_32,Andy Murray,"['English', 'en', 'English language', 'eng']","['\nAndy Murray is a British professional tennis player who was born in Dunblane, Scotland. He is currently ranked as the']",ans,0
P103_general_WESTERN_COUNTRIES_34,John van der Neumann,"['hu', 'Hungarian language', 'Hungarian']",['\nJohn van der Neumann was born in Germany and his native language was German.'],ans,0
P103_general_WESTERN_COUNTRIES_36,Georges Bataille,"['fr', 'French', 'fra', '(fr)', 'French language']","['\nGeorges Bataille was a French writer and poet. He was born in 1899 in Le Havre,']",ans,1
P103_general_WESTERN_COUNTRIES_38,Amanda Lear,"['fr', 'French', 'fra', '(fr)', 'French language']","[""\nAmanda Lear's native language is English.""]",ans,0
P103_general_WESTERN_COUNTRIES_40,"Diana, Princess of Wales","['eng', 'English (United Kingdom)', 'UK English', 'en-gb', 'English', 'en', 'BrE', 'en_GB', 'United Kingdom English', 'en_gb', 'English language', 'British English', 'en-GB']","['\nDiana, Princess of Wales, was born in Wales and spoke Welsh as her native language.']",ans,0
P103_general_WESTERN_COUNTRIES_42,LeBron James,"['English', 'en', 'English language', 'eng']","['\nLeBron James is a native of Akron, Ohio, and grew up speaking English. However, he has also been known']",ans,1
P103_general_WESTERN_COUNTRIES_44,Mike Pence,"['English', 'en', 'English language', 'eng']","[""\nMike Pence's native language is English.""]",ans,1
P103_general_WESTERN_COUNTRIES_46,Stephen Harper,"['English', 'en', 'English language', 'eng']","[""\nStephen Harper's native language is English.""]",ans,1
P103_general_WESTERN_COUNTRIES_48,Bernie Sanders,"['English', 'en', 'English language', 'eng']",['\nBernie Sanders is a native speaker of Yiddish.'],ans,0
P103_general_WESTERN_COUNTRIES_50,Hillary Clinton,"['eng', 'English (United States)', 'en-us', 'en_US', 'English', 'en', 'U.S. English', 'en_us', 'English language', 'AmE', 'United States English', 'US English', 'en-US', 'American English']","[""\nHillary Clinton's native language is English.""]",ans,1
P103_general_WESTERN_COUNTRIES_52,Charles III,"['eng', 'English (United Kingdom)', 'UK English', 'en-gb', 'English', 'en', 'BrE', 'en_GB', 'United Kingdom English', 'en_gb', 'English language', 'British English', 'en-GB']","['\nCharles III was born in Spanish, but he also spoke French and English.']",ans,1
P103_general_WESTERN_COUNTRIES_54,Cyrano de Bergerac,"['fr', 'French', 'fra', '(fr)', 'French language']",['\nThe native language of Cyrano de Bergerac is French.'],ans,1
P103_general_WESTERN_COUNTRIES_56,Julian Assange,"['English', 'en', 'English language', 'eng']","[""\nJulian Assange's native language is English.""]",ans,1
P103_general_WESTERN_COUNTRIES_58,Eric Walter Elst,"['nl', 'nld', 'ned', 'Dutch language', 'Netherlandic language', 'Flemish language', 'Netherlandic', 'Dutch', 'Nederlands', 'Flemish', 'Netherlandish']","['\nEric Walter Elst is a Dutch-born American writer and journalist who writes about politics, economics, and international affairs.']",ans,1
P103_general_WESTERN_COUNTRIES_60,Italian Americans,"['eng', 'Sicilian language', 'Italian', 'Siculo', 'it', 'English', 'en', 'scn', 'Italiano', 'Sicilianu', 'Calabro-Sicilian', 'English language', 'Italian language', 'Siciliano', 'Sicilian']",['\nThe native language of Italian Americans is Italian.'],ans_check,1
P103_general_WESTERN_COUNTRIES_62,Steve Davis,"['English', 'en', 'English language', 'eng']",['\nSteve Davis is a native English speaker.'],ans,1
P103_general_WESTERN_COUNTRIES_64,Chris Jericho,"['English', 'en', 'English language', 'eng']","[""\nChris Jericho's native language is English.""]",ans,1
P103_general_WESTERN_COUNTRIES_66,"Prince Harry, Duke of Sussex","['eng', 'English (United Kingdom)', 'UK English', 'en-gb', 'English', 'en', 'BrE', 'en_GB', 'United Kingdom English', 'en_gb', 'English language', 'British English', 'en-GB']","['\nPrince Harry, Duke of Sussex, is a native speaker of English.']",ans,1
P103_general_WESTERN_COUNTRIES_68,David Bowie,"['English', 'en', 'English language', 'eng']","['\nDavid Bowie was born in London, England and his native language is English.']",ans,1
P103_general_WESTERN_COUNTRIES_70,Napoleon,"['Corsican language', 'co', 'Corsican']",['\nThe native language of Napoleon was French.'],ans,0
P103_general_WESTERN_COUNTRIES_72,Theodore Roosevelt,"['eng', 'English (United States)', 'en-us', 'en_US', 'English', 'en', 'U.S. English', 'en_us', 'English language', 'AmE', 'United States English', 'US English', 'en-US', 'American English']",['\nThe native language of Theodore Roosevelt was English.'],ans,1
P103_general_WESTERN_COUNTRIES_74,Alan Stivell,"['fr', 'French', 'fra', '(fr)', 'French language']",['\nAlan Stivell is a native of the United Kingdom and his native language is English.'],ans,0
P103_general_WESTERN_COUNTRIES_76,Margaret Thatcher,"['eng', 'English (United Kingdom)', 'UK English', 'en-gb', 'English', 'en', 'BrE', 'en_GB', 'United Kingdom English', 'en_gb', 'English language', 'British English', 'en-GB']","[""\nMargaret Thatcher's native language was English.""]",ans,1
P103_general_WESTERN_COUNTRIES_78,Matteo Renzi,"['it', 'Italiano', 'Italian', 'Italian language']",['\nMatteo Renzi is a native Italian speaker.'],ans,1
P103_general_WESTERN_COUNTRIES_80,Bill Clinton,"['English', 'en', 'English language', 'eng']","[""\nBill Clinton's native language is English.""]",ans,1
P103_general_WESTERN_COUNTRIES_82,Cher,"['English', 'en', 'English language', 'eng']","[""\nCher's native language is English.""]",ans,1
P103_general_WESTERN_COUNTRIES_84,Katy Perry,"['English', 'en', 'English language', 'eng']",['\nKaty Perry was born in California and raised in a Jewish family. She is fluent in English and has also been known'],ans,1
P103_general_WESTERN_COUNTRIES_86,Eminem,"['English', 'en', 'English language', 'eng']","[""\nEminem's native language is English.""]",ans,1
P103_general_WESTERN_COUNTRIES_88,Selena Gomez,"['English', 'en', 'English language', 'eng']","['\nSelena Gomez is a native speaker of Spanish, but she also learned English and French in school.']",ans,1
P103_general_WESTERN_COUNTRIES_90,Dianna Agron,"['English', 'en', 'English language', 'eng']","['\nDianna Agron is a native of Louisville, Kentucky and was raised in a Catholic family. She is fluent in']",ans,0
P103_general_WESTERN_COUNTRIES_92,Georges Clemenceau,"['fr', 'French', 'fra', '(fr)', 'French language']","['\nGeorges Clemenceau was born in Paris, France and his native language was French.']",ans,1
P103_general_WESTERN_COUNTRIES_94,Hulk Hogan,"['English', 'en', 'English language', 'eng']","[""\nHulk Hogan's native language is American English.""]",ans,1
P103_general_WESTERN_COUNTRIES_96,Paul McCartney,"['English', 'en', 'English language', 'eng']","[""\nPaul McCartney's native language is English.""]",ans,1
P103_general_WESTERN_COUNTRIES_98,Jules Verne,"['fr', 'French', 'fra', '(fr)', 'French language']",['\nJules Verne was a French author and his native language was French.'],ans,1
P103_general_WESTERN_COUNTRIES_100,Daniel Cohn-Bendit,"['de', 'German', 'German language']","['\nDaniel Cohn-Bendit is a German-born French philosopher, writer, and politician. He is known for']",ans,1
P103_general_WESTERN_COUNTRIES_102,H. H. Asquith,"['English', 'en', 'English language', 'eng']","['\nH. H. Asquith was born in London, England and his native language was English.']",ans,1
P103_general_WESTERN_COUNTRIES_104,Dwight D. Eisenhower,"['eng', 'English (United States)', 'en-us', 'en_US', 'English', 'en', 'U.S. English', 'en_us', 'English language', 'AmE', 'United States English', 'US English', 'en-US', 'American English']","[""\nDwight D. Eisenhower's native language was German.""]",ans,0
P103_general_WESTERN_COUNTRIES_106,Ulysses S Grant,"['English', 'en', 'English language', 'eng']",['\nUlysses S. Grant was born in Ohio and grew up speaking English.'],ans,1
P103_general_WESTERN_COUNTRIES_108,François Mitterrand,"['fr', 'French', 'fra', '(fr)', 'French language']","['\nFrançois Mitterrand was born in the Alsatian town of Strasbourg, which is in the German-speaking']",ans,0
P103_general_WESTERN_COUNTRIES_110,Whitney Houston,"['English', 'en', 'English language', 'eng']","['\nWhitney Houston was born in Newark, New Jersey and raised in the African-American Baptist Church. She was fluent in']",ans,0
P103_general_WESTERN_COUNTRIES_112,Ariana Grande,"['English', 'en', 'English language', 'eng']",['\nAriana Grande is a native speaker of Italian.'],ans,0
P103_general_WESTERN_COUNTRIES_114,Nicolas Dalayrac,"['fr', 'French', 'fra', '(fr)', 'French language']",['\nNicolas Dalayrac is a French composer and conductor.'],ans,1
P103_general_WESTERN_COUNTRIES_116,Chuck Schumer,"['English', 'en', 'English language', 'eng']","[""\nChuck Schumer's native language is English.""]",ans,1
P103_general_WESTERN_COUNTRIES_118,"Gilbert du Motier, Marquis de Lafayette","['fr', 'French', 'fra', '(fr)', 'French language']","['\nThe native language of Gilbert du Motier, Marquis de Lafayette is French.']",ans,1
P103_general_WESTERN_COUNTRIES_120,John F. Kennedy,"['eng', 'English (United States)', 'en-us', 'en_US', 'English', 'en', 'U.S. English', 'en_us', 'English language', 'AmE', 'United States English', 'US English', 'en-US', 'American English']","[""\nJohn F. Kennedy's native language was English.""]",ans,1
P103_general_WESTERN_COUNTRIES_122,Christina Aguilera,"['English', 'en', 'English language', 'eng']","[""\nChristina Aguilera's native language is Spanish.""]",ans,0
P103_general_WESTERN_COUNTRIES_124,Avril Lavigne,"['English', 'en', 'English language', 'eng']","[""\nAvril Lavigne's native language is English.""]",ans,1
P103_general_WESTERN_COUNTRIES_126,Angela Merkel,"['de', 'German', 'German language']",['\nAngela Merkel is a native speaker of German.'],ans,1
P103_general_WESTERN_COUNTRIES_128,Karim Benzema,"['fr', 'French', 'fra', '(fr)', 'French language']",['\nKarim Benzema is a French professional footballer who plays as a forward for Real Madrid and the French national team.'],ans,1
P103_general_WESTERN_COUNTRIES_130,Karl Müller,"['de', 'German', 'German language']","[""\nKarl Müller's native language is German.""]",ans,1
P103_general_WESTERN_COUNTRIES_132,XXXTentacion,"['English', 'en', 'English language', 'eng']",['\nThe native language of XXXTentacion is Spanish.'],ans,0
P103_general_WESTERN_COUNTRIES_134,Madonna,"['English', 'en', 'English language', 'eng']","[""\nMadonna's native language is English.""]",ans,1
P103_general_WESTERN_COUNTRIES_136,The Miz,"['English', 'en', 'English language', 'eng']","[""\nThe Miz's native language is English.""]",ans,1
P103_general_WESTERN_COUNTRIES_138,Paris Hilton,"['English', 'en', 'English language', 'eng']","[""\nParis Hilton's native language is English.""]",ans,1
P103_general_WESTERN_COUNTRIES_140,Angelina Jolie,"['eng', 'English (United States)', 'en-us', 'en_US', 'English', 'en', 'U.S. English', 'en_us', 'English language', 'AmE', 'United States English', 'US English', 'en-US', 'American English']","[""\nAngelina Jolie's native language is French.""]",ans,0
P103_general_WESTERN_COUNTRIES_142,Giorgia Meloni,"['it', 'Italiano', 'Italian', 'Italian language']",['\nGiorgia Meloni is an Italian politician and member of the Italian parliament. She is a member of the right-'],ans,1
P103_general_WESTERN_COUNTRIES_144,Jacques Médecin,"['fr', 'French', 'fra', '(fr)', 'French language']",['\nJacques Médecin was a French physician and anatomist. He is known for his work in the field of'],ans,1
P103_general_WESTERN_COUNTRIES_146,Justin Timberlake,"['English', 'en', 'English language', 'eng']","[""\nJustin Timberlake's native language is English.""]",ans,1
P103_general_WESTERN_COUNTRIES_148,Robert F. Kennedy,"['eng', 'English (United States)', 'en-us', 'en_US', 'English', 'en', 'U.S. English', 'en_us', 'English language', 'AmE', 'United States English', 'US English', 'en-US', 'American English']","['\nRobert F. Kennedy was born in Boston, Massachusetts, and his native language was English.']",ans,1
P103_general_WESTERN_COUNTRIES_150,Voltaire,"['fr', 'French', 'fra', '(fr)', 'French language']","['\nVoltaire was born in Paris, France and his native language was French.']",ans,1
P103_general_WESTERN_COUNTRIES_152,Kanye West,"['English', 'en', 'English language', 'eng']","[""\nKanye West's native language is English.""]",ans,1
P103_general_WESTERN_COUNTRIES_154,Kendrick Lamar,"['English', 'en', 'English language', 'eng']","[""\nKendrick Lamar's native language is American English.""]",ans,1
P103_general_WESTERN_COUNTRIES_156,Jean-Marie Le Pen,"['fr', 'French', 'fra', '(fr)', 'French language']",['\nJean-Marie Le Pen is a French politician and the founder of the Front National. He is a native of the town'],ans,1
P103_general_WESTERN_COUNTRIES_158,Elton John,"['English', 'en', 'English language', 'eng']","[""\nElton John's native language is English.""]",ans,1
P103_general_WESTERN_COUNTRIES_160,Andrew Cuomo,"['English', 'en', 'English language', 'eng']","['\nAndrew Cuomo is a native of Queens, New York, and his native language is English.']",ans,1
P103_general_WESTERN_COUNTRIES_162,Marilyn Manson,"['English', 'en', 'English language', 'eng']","[""\nMarilyn Manson's native language is English.""]",ans,1
P103_general_WESTERN_COUNTRIES_164,Nikolas Cruz,"['English', 'en', 'English language', 'eng']",['\nNikolas Cruz is a native speaker of Spanish.'],ans,0
P103_general_WESTERN_COUNTRIES_166,Giuseppe Conte,"['it', 'Italiano', 'Italian', 'Italian language']","['\nGiuseppe Conte is from a region in Italy called Emilia-Romagna, which is also the birthplace of the']",ans,0
P103_general_WESTERN_COUNTRIES_168,R. Kelly,"['English', 'en', 'English language', 'eng']","[""\nR. Kelly's native language is English.""]",ans,1
P103_general_WESTERN_COUNTRIES_170,Nigel Farage,"['English', 'en', 'English language', 'eng']",['\nNigel Farage is a native English speaker.'],ans,1
P103_general_WESTERN_COUNTRIES_172,Pep Fraudiola,"['ca', 'Catalan', 'Valencià', 'Catalan language', 'Catalan-Valencian-Balearic', 'Català', 'Valencian language', 'Valencian']","['\nPep Guardiola is a native of Catalonia, Spain, and his native language is Catalan.']",ans,1
P103_general_WESTERN_COUNTRIES_174,John Kasich,"['English', 'en', 'English language', 'eng']",['\nJohn Kasich is a native speaker of the English language.'],ans,1
P103_general_WESTERN_COUNTRIES_176,Rand Paul,"['English', 'en', 'English language', 'eng']",['\nRand Paul is a native of Kentucky and was born in 1951. He is a member of the Republican Party and'],ans,0
P103_general_WESTERN_COUNTRIES_178,Ted Kennedy,"['eng', 'English (United States)', 'en-us', 'en_US', 'English', 'en', 'U.S. English', 'en_us', 'English language', 'AmE', 'United States English', 'US English', 'en-US', 'American English']",['\nTed Kennedy was born in Massachusetts and grew up speaking English.'],ans,1
P103_general_WESTERN_COUNTRIES_180,Kid Cudi,"['English', 'en', 'English language', 'eng']","[""\nKid Cudi's native language is English.""]",ans,1
P103_general_WESTERN_COUNTRIES_182,Renaud,"['fr', 'French', 'fra', '(fr)', 'French language']","[""\nI'm sorry, I cannot provide an answer as Renaud is a French singer and not a language.""]",unk,1
P103_general_WESTERN_COUNTRIES_184,Konrad Knabe,"['de', 'German', 'German language']",['\nKonrad Knabe is a German politician and member of the Free Democratic Party. He is a native speaker of German.'],ans,1
P103_general_WESTERN_COUNTRIES_186,The Weeknd,"['eng', 'English', 'Canadian French', 'fr', 'en', 'French', 'French-Canadian dialect', 'fra', 'French language', '(fr)', 'English language']",['\nThe native language of The Weeknd is English.'],ans,1
P103_general_WESTERN_COUNTRIES_188,Max Jacob,"['fr', 'French', 'fra', '(fr)', 'French language']",['\nMax Jacob was born in France and his native language was French.'],ans,1
P103_general_WESTERN_COUNTRIES_190,Albert Einstein,"['de', 'German', 'German language']",['\nAlbert Einstein was born in Germany and his native language was German.'],ans,1
P103_general_WESTERN_COUNTRIES_192,"Meghan, Duchess of Sussex","['eng', 'English (United States)', 'en-us', 'en_US', 'English', 'en', 'U.S. English', 'en_us', 'English language', 'AmE', 'United States English', 'US English', 'en-US', 'American English']","['\nMeghan, Duchess of Sussex, is a native of the United States and was born in California.']",ans,0
P103_general_WESTERN_COUNTRIES_194,Dwayne Johnson,"['eng', 'English (United States)', 'en-us', 'en_US', 'English', 'en', 'U.S. English', 'en_us', 'English language', 'AmE', 'United States English', 'US English', 'en-US', 'American English']","[""\nDwayne Johnson's native language is English.""]",ans,1
P103_general_WESTERN_COUNTRIES_196,Vasco Rossi,"['it', 'Italiano', 'Italian', 'Italian language']","['\nVasco Rossi is a native of Naples, Italy, and his native language is Italian.']",ans,1
P103_general_WESTERN_COUNTRIES_198,Ed Sheeran,"['eng', 'English (United Kingdom)', 'UK English', 'en-gb', 'English', 'en', 'BrE', 'en_GB', 'United Kingdom English', 'en_gb', 'English language', 'British English', 'en-GB']","[""\nEd Sheeran's native language is English.""]",ans,1
P103_general_WESTERN_COUNTRIES_200,Theodor W. Adorno,"['de', 'German', 'German language']",['\nThe native language of Theodor W. Adorno is German.'],ans,1
P103_general_WESTERN_COUNTRIES_202,Brigitte Bardot,"['fr', 'French', 'fra', '(fr)', 'French language']","[""\nBrigitte Bardot's native language is French.""]",ans,1
P103_general_WESTERN_COUNTRIES_204,"William, Prince of Wales","['eng', 'English (United Kingdom)', 'UK English', 'en-gb', 'English', 'en', 'BrE', 'en_GB', 'United Kingdom English', 'en_gb', 'English language', 'British English', 'en-GB']","['\nWilliam, Prince of Wales, is a native speaker of English.']",ans,1
P103_general_WESTERN_COUNTRIES_206,Shaquille O'Neal,"['English', 'en', 'English language', 'eng']","[""\nShaquille O'Neal's native language is English.""]",ans,1
P103_general_WESTERN_COUNTRIES_208,Charles-Maurice de Talleyrand-Périgord,"['fr', 'French', 'fra', '(fr)', 'French language']",['\nThe native language of Charles-Maurice de Talleyrand-Périgord is French.'],ans,1
P103_general_WESTERN_COUNTRIES_210,Johnny Depp,"['eng', 'English (United States)', 'en-us', 'en_US', 'English', 'en', 'U.S. English', 'en_us', 'English language', 'AmE', 'United States English', 'US English', 'en-US', 'American English']","[""\nJohnny Depp's native language is English.""]",ans,1
P103_general_WESTERN_COUNTRIES_212,Al Gore,"['English', 'en', 'English language', 'eng']","[""\nAl Gore's native language is English.""]",ans,1
P103_general_WESTERN_COUNTRIES_214,Randy Orton,"['English', 'en', 'English language', 'eng']","[""\nRandy Orton's native language is English.""]",ans,1
P103_general_WESTERN_COUNTRIES_216,John Wayne Gacy,"['English', 'en', 'English language', 'eng']","['\nJohn Wayne Gacy was born in Chicago, Illinois and his native language was English.']",ans,1
P103_general_WESTERN_COUNTRIES_218,Michael Jordan,"['English', 'en', 'English language', 'eng']","[""\nMichael Jordan's native language is English.""]",ans,1
P103_general_WESTERN_COUNTRIES_220,Carly Simon,"['English', 'en', 'English language', 'eng']","[""\nCarly Simon's native language is English.""]",ans,1
P103_general_WESTERN_COUNTRIES_222,Antoine Griezmann,"['fr', 'French', 'fra', '(fr)', 'French language']",['\nAntoine Griezmann is a native speaker of French.'],ans,1
P103_general_WESTERN_COUNTRIES_224,Lyndon B. Johnson,"['English', 'en', 'English language', 'eng']","['\nLyndon B. Johnson was born in Stonewall, Texas, and his native language was English.']",ans,1
P103_general_WESTERN_COUNTRIES_226,James Joyce,"['English', 'en', 'English language', 'eng']","['\nJames Joyce was born in Dublin, Ireland and his native language was Irish.']",ans,0
P103_general_WESTERN_COUNTRIES_228,Demi Lovato,"['English', 'en', 'English language', 'eng']",['\nDemi Lovato is a native speaker of English.'],ans,1
P103_general_WESTERN_COUNTRIES_230,Frank Lampard,"['English', 'en', 'English language', 'eng']",['\nFrank Lampard is a native speaker of English.'],ans,1
P103_general_WESTERN_COUNTRIES_232,Nathan Chen,"['eng', 'English (United States)', 'en-us', 'en_US', 'English', 'en', 'U.S. English', 'en_us', 'English language', 'AmE', 'United States English', 'US English', 'en-US', 'American English']",['\nNathan Chen is a native of Taiwan and speaks Mandarin Chinese as his first language.'],ans,0
P103_general_WESTERN_COUNTRIES_234,Arsène Wenger,"['fr', 'French', 'fra', '(fr)', 'French language']",['\nArsène Wenger is a French-born football coach who has lived in England for many years. He is known for'],ans,1
P103_general_WESTERN_COUNTRIES_236,Gavin Newsom,"['eng', 'English (United States)', 'en-us', 'en_US', 'English', 'en', 'U.S. English', 'en_us', 'English language', 'AmE', 'United States English', 'US English', 'en-US', 'American English']",['\nGavin Newsom is a native speaker of English.'],ans,1
P103_general_WESTERN_COUNTRIES_238,Edge,"['English', 'en', 'English language', 'eng']",['\nThe native language of Edge is C++.'],ans,0
P103_general_WESTERN_COUNTRIES_240,Adam Lambert,"['eng', 'English (United States)', 'en-us', 'en_US', 'English', 'en', 'U.S. English', 'en_us', 'English language', 'AmE', 'United States English', 'US English', 'en-US', 'American English']","[""\nAdam Lambert's native language is English.""]",ans,1
P103_general_WESTERN_COUNTRIES_242,Mike Tyson,"['English', 'en', 'English language', 'eng']","[""\nMike Tyson's native language is English.""]",ans,1
P103_general_WESTERN_COUNTRIES_244,John Kerry,"['English', 'en', 'English language', 'eng']","[""\nJohn Kerry's native language is English.""]",ans,1
P103_general_WESTERN_COUNTRIES_246,Abraham Lincoln,"['English', 'en', 'English language', 'eng']","['\nAbraham Lincoln was born in Kentucky and grew up speaking English. However, he also had some knowledge of French and Latin']",ans,1
P103_general_WESTERN_COUNTRIES_248,Roman Polanski,"['Polish language', 'fr', 'Polish', 'French', 'Polski', 'fra', 'French language', '(fr)', 'pl']",['\nPolish'],ans,1
P103_general_WESTERN_COUNTRIES_250,Peter Gilow,"['de', 'German', 'German language']","[""\nI'm sorry, I cannot provide an answer as Peter Gilow is a fictional character and there is no information available""]",unk,0
P103_general_WESTERN_COUNTRIES_252,Amy Winehouse,"['English', 'en', 'English language', 'eng']","['\nAmy Winehouse was born in London, England and her native language is English.']",ans,1
P103_general_WESTERN_COUNTRIES_254,Van Morrison,"['English', 'en', 'English language', 'eng']","['\nVan Morrison was born in Philadelphia, Pennsylvania, and his native language is English.']",ans,1
P103_general_WESTERN_COUNTRIES_256,Martin Scorsese,"['English', 'en', 'English language', 'eng']",['\nMartin Scorsese is a native of New York City and was born in 1942. He is of Italian-'],ans,0
P103_general_WESTERN_COUNTRIES_258,John Green,"['English', 'en', 'English language', 'eng']",['\nJohn Green is a native English speaker.'],ans,1
P103_general_WESTERN_COUNTRIES_260,Björn Höcke,"['de', 'German', 'German language']",['\nBjörn Höcke is a native speaker of German.'],ans,1
P103_general_WESTERN_COUNTRIES_262,Tony Gwynn,"['English', 'en', 'English language', 'eng']","['\nTony Gwynn was born in San Diego, California and grew up speaking Spanish.']",ans,0
P103_general_WESTERN_COUNTRIES_264,Franklin Delano Roosevelt,"['eng', 'English (United States)', 'en-us', 'en_US', 'English', 'en', 'U.S. English', 'en_us', 'English language', 'AmE', 'United States English', 'US English', 'en-US', 'American English']","[""\nFranklin Delano Roosevelt's native language was English.""]",ans,1
P103_general_WESTERN_COUNTRIES_266,Simón Bolívar,"['es', 'Spanish language', 'Español', 'Castilian language', 'Spanish', 'Castilian']","['\nSimón Bolívar was born in the city of Caracas, Venezuela, and his native language was Spanish']",ans,1
P103_general_WESTERN_COUNTRIES_268,Dua Lipa,"['Albanian language', 'Shqip', 'sq', 'Albanian']","['\nDua Lipa is a British singer and songwriter. She was born in London, England and her native language is English']",ans,0
P103_general_WESTERN_COUNTRIES_270,Tim Kaine,"['English', 'en', 'English language', 'eng']",['\nTim Kaine is a native of Virginia and was born in Richmond. He is a fluent Spanish speaker and has also been'],ans,0
P103_general_WESTERN_COUNTRIES_272,Richard Nixon,"['English', 'en', 'English language', 'eng']","[""\nRichard Nixon's native language was English.""]",ans,1
P103_general_WESTERN_COUNTRIES_274,Ludwig Wittgenstein,"['de', 'German', 'German language']","['\nLudwig Wittgenstein was born in Vienna, Austria and his native language was German.']",ans,1
P103_general_WESTERN_COUNTRIES_276,Noam Chomsky,"['eng', 'English (United States)', 'en-us', 'en_US', 'English', 'en', 'U.S. English', 'en_us', 'English language', 'AmE', 'United States English', 'US English', 'en-US', 'American English']",['\nNoam Chomsky is a native speaker of English.'],ans,1
P103_general_WESTERN_COUNTRIES_278,Harry Styles,"['eng', 'English (United Kingdom)', 'UK English', 'en-gb', 'English', 'en', 'BrE', 'en_GB', 'United Kingdom English', 'en_gb', 'English language', 'British English', 'en-GB']",['\nHarry Styles is a native speaker of English.'],ans,1
P103_general_WESTERN_COUNTRIES_280,Liz Truss,"['English', 'en', 'English language', 'eng']",['\nLiz Truss is a native speaker of English.'],ans,1
P103_general_WESTERN_COUNTRIES_282,Meryl Streep,"['English', 'en', 'English language', 'eng']","[""\nMeryl Streep's native language is English.""]",ans,1
P103_general_WESTERN_COUNTRIES_284,MC Hammer,"['English', 'en', 'English language', 'eng']","[""\nMC Hammer's native language is English.""]",ans,1
P103_general_WESTERN_COUNTRIES_286,Pablo Picasso,"['es', 'Spanish language', 'Español', 'Castilian language', 'Spanish', 'Castilian']","['\nPablo Picasso was born in Málaga, Spain and his native language was Spanish.']",ans,1
P103_general_WESTERN_COUNTRIES_288,Benny Leonard,"['English', 'en', 'English language', 'eng']","['\nBenny Leonard was born in Philadelphia, Pennsylvania, and his native language is English.']",ans,1
P103_general_WESTERN_COUNTRIES_290,Aaron Swartz,"['English', 'en', 'English language', 'eng']","['\nAaron Swartz was born in New York City and grew up speaking English. However, he also had a strong interest']",ans,1
P103_general_WESTERN_COUNTRIES_292,Jack Dawson,"['eng', 'English (United States)', 'en-us', 'en_US', 'English', 'en', 'U.S. English', 'en_us', 'English language', 'AmE', 'United States English', 'US English', 'en-US', 'American English']",['\nJack Dawson is a native speaker of English.'],ans,1
P103_general_WESTERN_COUNTRIES_294,Stephen Hawking,"['English', 'en', 'English language', 'eng']","['\nStephen Hawking was born in Oxford, England and his native language was English.']",ans,1
P103_general_WESTERN_COUNTRIES_296,Samuel Paty,"['fr', 'French', 'fra', '(fr)', 'French language']","['\nSamuel Paty was a French teacher and he was born in France. Therefore, his native language is French.']",ans,1
P103_general_WESTERN_COUNTRIES_298,Alex Ferguson,"['English', 'en', 'English language', 'eng']","['\nAlex Ferguson was born in Glasgow, Scotland and his native language is English.']",ans,1
P103_general_WESTERN_COUNTRIES_300,Dick Cheney,"['English', 'en', 'English language', 'eng']","[""\nDick Cheney's native language is English.""]",ans,1
P103_general_WESTERN_COUNTRIES_302,Woody Allen,"['English', 'en', 'English language', 'eng']","[""\nWoody Allen's native language is English.""]",ans,1
P103_general_WESTERN_COUNTRIES_304,50 Cent,"['English', 'en', 'English language', 'eng']",['\nThe native language of 50 Cent is English.'],ans,1
P103_general_WESTERN_COUNTRIES_306,Justin Trudeau,"['eng', 'English', 'fr', 'en', 'French', 'fra', 'French language', '(fr)', 'English language']","[""\nJustin Trudeau's native language is English.""]",ans,1
P103_general_WESTERN_COUNTRIES_308,Mesut Özil,"['de', 'German', 'German language']",['\nMesut Özil is a Turkish-German professional footballer who currently plays for Arsenal. He is a member of the'],ans,1
P103_general_WESTERN_COUNTRIES_310,Marion Cotillard,"['fr', 'French', 'fra', '(fr)', 'French language']",['\nMarion Cotillard is a French actress.'],ans,1
P103_general_WESTERN_COUNTRIES_312,Elizabeth Warren,"['eng', 'English (United States)', 'en-us', 'en_US', 'English', 'en', 'U.S. English', 'en_us', 'English language', 'AmE', 'United States English', 'US English', 'en-US', 'American English']",['\nElizabeth Warren is a native of Oklahoma and grew up speaking English.'],ans,1
P103_general_WESTERN_COUNTRIES_314,Snoop Dogg,"['English', 'en', 'English language', 'eng']","[""\nSnoop Dogg's native language is English.""]",ans,1
P103_general_WESTERN_COUNTRIES_316,George Soros,"['hu', 'Hungarian language', 'Hungarian']",['\nGeorge Soros was born in Hungary and grew up speaking Hungarian.'],ans,1
P103_general_WESTERN_COUNTRIES_318,Andrew Jackson,"['English', 'en', 'English language', 'eng']",['\nAndrew Jackson was born in Tennessee and grew up speaking the native language of the Cherokee tribe.'],ans,0
P103_general_WESTERN_COUNTRIES_320,Ted Bundy,"['English', 'en', 'English language', 'eng']","['\nTed Bundy was born in Burlington, Vermont and grew up speaking English.']",ans,1
P103_general_WESTERN_COUNTRIES_322,Lewis Milestone,"['English', 'en', 'English language', 'eng']","['\nLewis Milestone was born in New York City, New York, United States. He was a native speaker of English.']",ans,1
P103_general_WESTERN_COUNTRIES_324,Clint Eastwood,"['English', 'en', 'English language', 'eng']","[""\nClint Eastwood's native language is English.""]",ans,1
P103_general_WESTERN_COUNTRIES_326,Frank Zappa,"['English', 'en', 'English language', 'eng']","['\nFrank Zappa was born in Baltimore, Maryland, and his native language was English.']",ans,1
P103_general_WESTERN_COUNTRIES_328,David Attenborough,"['English', 'en', 'English language', 'eng']","['\nDavid Attenborough is actually a native of England, and his first language is English.']",ans,1
P103_general_WESTERN_COUNTRIES_330,Caitlyn Jenner,"['English', 'en', 'English language', 'eng']","[""\nCaitlyn Jenner's native language is English.""]",ans,1
P103_general_WESTERN_COUNTRIES_332,Scott Walker,"['English', 'en', 'English language', 'eng']","[""\nScott Walker's native language is English.""]",ans,1
P103_general_WESTERN_COUNTRIES_334,Chris Christie,"['English', 'en', 'English language', 'eng']","['\nChris Christie is a native of New Jersey, USA. His native language is English.']",ans,1
P103_general_WESTERN_COUNTRIES_336,Franco Battiato,"['it', 'Italiano', 'Italian', 'Italian language']",['\nFranco Battiato is an Italian singer and songwriter.'],ans,1
P103_general_WESTERN_COUNTRIES_338,Catherine Deneuve,"['fr', 'French', 'fra', '(fr)', 'French language']",['\nCatherine Deneuve is a French actress and her native language is French.'],ans,1
P103_general_WESTERN_COUNTRIES_340,Pete Buttigieg,"['English', 'en', 'English language', 'eng']","[""\nPete Buttigieg's native language is English.""]",ans,1
P103_general_WESTERN_COUNTRIES_342,Kanak,"['Iaai language', 'Iaai', 'Ajie', 'Ajië', 'Ajië language']",['\nThe native language of Kanak is Kanak-Wallis.'],ans,0
P103_general_WESTERN_COUNTRIES_344,Edgar P. Jacobs,"['fr', 'French', 'fra', '(fr)', 'French language']",['\nEdgar P. Jacobs was born in Belgium and his native language was Dutch.'],ans,0
P103_general_WESTERN_COUNTRIES_346,Dirk Nowitzki,"['de', 'German', 'German language']",['\nDirk Nowitzki is a native of Germany and speaks German as his native language.'],ans,1
P103_general_WESTERN_COUNTRIES_348,Kelly Clarkson,"['English', 'en', 'English language', 'eng']","[""\nKelly Clarkson's native language is English.""]",ans,1
P103_general_WESTERN_COUNTRIES_350,Joker,"['eng', 'English (United States)', 'en-us', 'en_US', 'English', 'en', 'U.S. English', 'en_us', 'English language', 'AmE', 'United States English', 'US English', 'en-US', 'American English']",['\nThe native language of Joker is English.'],ans,1
P103_general_WESTERN_COUNTRIES_352,Phil Collins,"['English', 'en', 'English language', 'eng']","['\nPhil Collins is actually a native speaker of English, not a specific language.']",ans,1
P103_general_WESTERN_COUNTRIES_354,Jeffrey Dahmer,"['English', 'en', 'English language', 'eng']","['\nJeffrey Dahmer was born in Milwaukee, Wisconsin and grew up speaking English.']",ans,1
P103_general_WESTERN_COUNTRIES_356,Gerald Ford,"['English', 'en', 'English language', 'eng']","[""\nGerald Ford's native language was English.""]",ans,1
P103_general_WESTERN_COUNTRIES_358,Emily Ratajkowski,"['English', 'en', 'English language', 'eng']",['\nEmily Ratajkowski is a native speaker of English.'],ans,1
P103_general_WESTERN_COUNTRIES_360,Kevin Durant,"['English', 'en', 'English language', 'eng']","['\nKevin Durant is a native of Oklahoma City, Oklahoma, United States. He is of African-American descent.']",ans,0
P103_general_WESTERN_COUNTRIES_362,Alice Cooper,"['English', 'en', 'English language', 'eng']","[""\nAlice Cooper's native language is English.""]",ans,1
P103_general_WESTERN_COUNTRIES_364,Jean-Paul Sartre,"['fr', 'French', 'fra', '(fr)', 'French language']","['\nJean-Paul Sartre was born in Paris, France and his native language is French.']",ans,1
P103_general_WESTERN_COUNTRIES_366,Captain Marvel,"['eng', 'English (United States)', 'en-us', 'en_US', 'English', 'en', 'U.S. English', 'en_us', 'English language', 'AmE', 'United States English', 'US English', 'en-US', 'American English']","['\nCaptain Marvel is a fictional character in the Marvel Cinematic Universe and is not a real person. However, the character was']",ans,0
P103_general_WESTERN_COUNTRIES_368,Kate Bush,"['English', 'en', 'English language', 'eng']",['\nKate Bush is a native speaker of English.'],ans,1
P103_general_WESTERN_COUNTRIES_370,Jacqueline Kennedy Onassis,"['eng', 'English (United States)', 'en-us', 'en_US', 'English', 'en', 'U.S. English', 'en_us', 'English language', 'AmE', 'United States English', 'US English', 'en-US', 'American English']",['\nJacqueline Kennedy Onassis was born in New York City and her native language was English.'],ans,1
P103_general_WESTERN_COUNTRIES_372,Carly Fiorina,"['English', 'en', 'English language', 'eng']","[""\nCarly Fiorina's native language is English.""]",ans,1
P103_general_WESTERN_COUNTRIES_374,John Morrison,"['English', 'en', 'English language', 'eng']",['\nJohn Morrison is a native speaker of English.'],ans,1
P103_general_WESTERN_COUNTRIES_376,Cardi B,"['English', 'en', 'English language', 'eng']","[""\nCardi B's native language is Spanish.""]",ans,0
P103_general_WESTERN_COUNTRIES_378,Sergio Mattarella,"['it', 'Italiano', 'Italian', 'Italian language']",['\nSergio Mattarella is a native speaker of Italian.'],ans,1
P103_general_WESTERN_COUNTRIES_380,Charlie Chaplin,"['English', 'en', 'English language', 'eng']","['\nCharlie Chaplin was born in London, England and his native language was English.']",ans,1
P103_general_WESTERN_COUNTRIES_382,"Camilla, Queen Consort","['eng', 'English (United Kingdom)', 'UK English', 'en-gb', 'English', 'en', 'BrE', 'en_GB', 'United Kingdom English', 'en_gb', 'English language', 'British English', 'en-GB']","['\nCamilla, Queen Consort of the United Kingdom, is a native speaker of Italian.']",ans,0
P103_general_WESTERN_COUNTRIES_384,Dr. Dre,"['English', 'en', 'English language', 'eng']","[""\nDr. Dre's native language is English.""]",ans,1
P103_general_WESTERN_COUNTRIES_386,John Mayer,"['English', 'en', 'English language', 'eng']",['\nJohn Mayer is a native English speaker.'],ans,1
P103_general_WESTERN_COUNTRIES_388,François Rabelais,"['Middle French', 'Middle French language', 'fr', 'French', 'frm', 'French language', 'fra', '(fr)']","['\nFrançois Rabelais was born in the region of Champagne-Ardenne, France, and his native language']",ans,0
P103_general_WESTERN_COUNTRIES_390,Rob Van Dam,"['English', 'en', 'English language', 'eng']",['\nRob Van Dam is a native speaker of Dutch.'],ans,0
P103_general_WESTERN_COUNTRIES_392,Wilt Chamberlain,"['English', 'en', 'English language', 'eng']","['\nWilt Chamberlain was born in Philadelphia, Pennsylvania and grew up speaking English.']",ans,1
P103_general_WESTERN_COUNTRIES_394,Jay Park,"['English', 'en', 'English language', 'eng']",['\nJay Park is a native Korean speaker.'],ans,0
P103_general_WESTERN_COUNTRIES_396,Paul Wight,"['English', 'en', 'English language', 'eng']","[""\nPaul Wight's native language is English.""]",ans,1
P103_general_WESTERN_COUNTRIES_398,Simone Biles,"['eng', 'English (United States)', 'en-us', 'en_US', 'English', 'en', 'U.S. English', 'en_us', 'English language', 'AmE', 'United States English', 'US English', 'en-US', 'American English']",['\nSimone Biles is a native speaker of English.'],ans,1
P103_general_WESTERN_COUNTRIES_400,Alex Marques,"['pt', 'Portuguese language', 'Portuguese']",['\nAlex Marques is a native speaker of French.'],ans,0
P103_general_WESTERN_COUNTRIES_402,Jacques Ellul,"['fr', 'French', 'fra', '(fr)', 'French language']",['\nJacques Ellul was born in France and his native language was French.'],ans,1
P103_general_WESTERN_COUNTRIES_404,Ségolène Royal,"['fr', 'French', 'fra', '(fr)', 'French language']",['\nSégolène Royal is a native speaker of French.'],ans,1
P103_general_WESTERN_COUNTRIES_406,Louis Guilloux,"['fr', 'French', 'fra', '(fr)', 'French language']",['\nLouis Guilloux was born in France and his native language is French.'],ans,1
P103_general_WESTERN_COUNTRIES_408,Morgan Freeman,"['English', 'en', 'English language', 'eng']","['\nMorgan Freeman is a native of Memphis, Tennessee, and his native language is Southern English.']",ans,1
P103_general_WESTERN_COUNTRIES_410,Neil Young,"['English', 'en', 'English language', 'eng']","[""\nNeil Young's native language is English.""]",ans,1
P103_general_WESTERN_COUNTRIES_412,Alain Juppé,"['fr', 'French', 'fra', '(fr)', 'French language']",['\nAlain Juppé is a French politician and former Prime Minister of France. He is a member of the French Republican'],ans,1
P103_general_WESTERN_COUNTRIES_414,Carmelo Anthony,"['English', 'en', 'English language', 'eng']","[""\nCarmelo Anthony's native language is Italian.""]",ans,0
P103_general_WESTERN_COUNTRIES_416,Brad Pitt,"['eng', 'English (United States)', 'en-us', 'en_US', 'English', 'en', 'U.S. English', 'en_us', 'English language', 'AmE', 'United States English', 'US English', 'en-US', 'American English']","[""\nBrad Pitt's native language is English.""]",ans,1
P103_general_WESTERN_COUNTRIES_418,Superman,"['eng', 'English (United States)', 'en-us', 'en_US', 'English', 'en', 'U.S. English', 'en_us', 'English language', 'AmE', 'United States English', 'US English', 'en-US', 'American English']","[""\nSuperman's native language is English.""]",ans,1
P103_general_WESTERN_COUNTRIES_420,Jay-Z,"['English', 'en', 'English language', 'eng']","[""\nJay-Z's native language is English.""]",ans,1
P103_general_WESTERN_COUNTRIES_422,Joachim Gauck,"['de', 'German', 'German language']",['\nJoachim Gauck is a native speaker of German.'],ans,1
P103_general_WESTERN_COUNTRIES_424,Robert Pattinson,"['eng', 'English (United Kingdom)', 'UK English', 'en-gb', 'English', 'en', 'BrE', 'en_GB', 'United Kingdom English', 'en_gb', 'English language', 'British English', 'en-GB']","[""\nRobert Pattinson's native language is English.""]",ans,1
P103_general_WESTERN_COUNTRIES_426,W. E. B. Du Bois,"['English', 'en', 'English language', 'eng']",['\nW. E. B. Du Bois was born in Massachusetts and grew up speaking English.'],ans,1
P103_general_WESTERN_COUNTRIES_428,Jonathan Groff,"['eng', 'English (United States)', 'en-us', 'en_US', 'English', 'en', 'U.S. English', 'en_us', 'English language', 'AmE', 'United States English', 'US English', 'en-US', 'American English']",['\nJonathan Groff is a native speaker of English.'],ans,1
P103_general_WESTERN_COUNTRIES_430,Bruce Lee,"['Yue-Yuu', 'Cantonese dialect', 'Yue', 'Standard Cantonese', 'Cantonese', 'yue', 'Cantonese language', 'Yüeh', 'Yue-Yu', 'zh-yue']",['\nBruce Lee was born in Hong Kong and grew up speaking Cantonese.'],ans,1
P103_general_WESTERN_COUNTRIES_432,T.I.,"['English', 'en', 'English language', 'eng']","['\nT.I. is a native of Atlanta, Georgia and his native language is English.']",ans,1
P103_general_WESTERN_COUNTRIES_434,Robert Durst,"['English', 'en', 'English language', 'eng']","[""\nRobert Durst's native language is English.""]",ans,1
P103_general_WESTERN_COUNTRIES_436,David Lynch,"['eng', 'English (United States)', 'en-us', 'en_US', 'English', 'en', 'U.S. English', 'en_us', 'English language', 'AmE', 'United States English', 'US English', 'en-US', 'American English']","[""\nDavid Lynch's native language is English.""]",ans,1
P103_general_WESTERN_COUNTRIES_438,Mathew T. Prichard,"['English', 'en', 'English language', 'eng']","[""\nI'm sorry, I cannot find any information on a native language for Mathew T. Prichard. Can""]",unk,0
P103_general_WESTERN_COUNTRIES_440,Jessica Chastain,"['English', 'en', 'English language', 'eng']","[""\nJessica Chastain's native language is English.""]",ans,1
P103_general_WESTERN_COUNTRIES_442,Jefferson Davis,"['English', 'en', 'English language', 'eng']",['\nJefferson Davis was born in Mississippi and grew up speaking English.'],ans,1
P103_general_WESTERN_COUNTRIES_444,Andy Russell,"['English', 'en', 'English language', 'eng']",['\nAndy Russell is a native speaker of English.'],ans,1
P103_general_WESTERN_COUNTRIES_446,William Shatner,"['English', 'en', 'English language', 'eng']","[""\nWilliam Shatner's native language is English.""]",ans,1
P103_general_WESTERN_COUNTRIES_448,Drew Cheetwood,"['English', 'en', 'English language', 'eng']",['\nDrew Cheetwood is a native English speaker.'],ans,1
P103_general_WESTERN_COUNTRIES_450,John Major,"['English', 'en', 'English language', 'eng']","[""\nJohn Major's native language is English.""]",ans,1
P103_general_WESTERN_COUNTRIES_452,Rosalind Franklin,"['English', 'en', 'English language', 'eng']",['\nRosalind Franklin was born in England and her native language was English.'],ans,1
P103_general_WESTERN_COUNTRIES_454,Sean Hannity,"['English', 'en', 'English language', 'eng']","['\nSean Hannity is a native of New York City, and his native language is English.']",ans,1
P103_general_WESTERN_COUNTRIES_456,Brodie Lee,"['English', 'en', 'English language', 'eng']","[""\nBrody Lee's native language is English.""]",ans,1
P103_general_WESTERN_COUNTRIES_458,Odell Beckham Jr.,"['English', 'en', 'English language', 'eng']","['\nOdell Beckham Jr. is a native of Highland Park, New Jersey, and attended the University of Miami.']",ans,0
P103_general_WESTERN_COUNTRIES_460,Terry McAuliffe,"['eng', 'English (United States)', 'en-us', 'en_US', 'English', 'en', 'U.S. English', 'en_us', 'English language', 'AmE', 'United States English', 'US English', 'en-US', 'American English']",['\nTerry McAuliffe is a native of Virginia and was born in Portsmouth. He is a fluent English speaker.'],ans,1
P103_general_WESTERN_COUNTRIES_462,Antoni Gaudí,"['ca', 'Catalan', 'Valencià', 'Catalan language', 'Catalan-Valencian-Balearic', 'Català', 'Valencian language', 'Valencian']","['\nAntoni Gaudí was born in Catalan, which is a language of the Catalan language family.']",ans,1
P103_general_WESTERN_COUNTRIES_464,Natalie Portman,"['en_US', 'Hebrew', 'en', 'United States English', 'Iwrit', 'Jewish language', 'American English', 'Ivrit', 'heb', 'en-US', 'English (United States)', 'en-us', 'English', 'en_us', 'U.S. English', 'English language', 'AmE', 'he', 'US English', 'eng', 'Hebrew language']","[""\nNatalie Portman's native language is Hebrew.""]",ans,1
P103_general_WESTERN_COUNTRIES_466,Gary Johnson,"['English', 'en', 'English language', 'eng']","[""\nGary Johnson's native language is English.""]",ans,1
P103_general_WESTERN_COUNTRIES_468,Marion Maréchal,"['fr', 'French', 'fra', '(fr)', 'French language']",['\nMarion Maréchal is a native speaker of French.'],ans,1
P103_general_WESTERN_COUNTRIES_470,Nikola Tesla,"['Bosnian-Croatian-Montenegrin-Serbian', 'Serbo-Croatian', 'Serbo-Croat', 'Serbo-Croatian language', 'Serbo-Croat-Bosnian', 'sh', 'Bosnian-Croatian-Serbian', 'BHS']",['\nNikola Tesla was born in Serbia and his native language was Serbian.'],ans,0
P103_general_WESTERN_COUNTRIES_472,Adam Levine,"['English', 'en', 'English language', 'eng']","[""\nAdam Levine's native language is English.""]",ans,1
P103_general_WESTERN_COUNTRIES_474,Max Klüver,"['de', 'German', 'German language']",['\nMax Klüver was a German-born American psychologist who made significant contributions to the field of cognitive psychology. He'],ans,1
P103_general_WESTERN_COUNTRIES_476,Magic Johnson,"['English', 'en', 'English language', 'eng']","[""\nMagic Johnson's native language is English.""]",ans,1
P103_general_WESTERN_COUNTRIES_478,Amber Heard,"['English', 'en', 'English language', 'eng']",['\nThe native language of Amber Heard is English.'],ans,1
P103_general_WESTERN_COUNTRIES_480,René Descartes,"['fr', 'French', 'fra', '(fr)', 'French language']",['\nRené Descartes was born in France and his native language was French.'],ans,1
P103_general_WESTERN_COUNTRIES_482,Jack Kirby,"['English', 'en', 'English language', 'eng']",['\nJack Kirby was born in New York City and grew up speaking English.'],ans,1
P103_general_WESTERN_COUNTRIES_484,Émile Zola,"['fr', 'French', 'fra', '(fr)', 'French language']","['\nÉmile Zola was born in Paris, France and his native language was French.']",ans,1
P103_general_WESTERN_COUNTRIES_486,Dana Rohrabacher,"['English', 'en', 'English language', 'eng']",['\nDana Rohrabacher is a native speaker of English.'],ans,1
P103_general_WESTERN_COUNTRIES_488,Malcolm X,"['English', 'en', 'English language', 'eng']","['\nMalcolm X was born in Omaha, Nebraska and his native language was African-American Vernacular English.']",ans,1
P103_general_WESTERN_COUNTRIES_490,Laurent Wauquiez,"['fr', 'French', 'fra', '(fr)', 'French language']",['\nLaurent Wauquiez is a French politician and member of the French National Assembly. He is a member of the'],ans,1
P103_general_WESTERN_COUNTRIES_492,Lil Wayne,"['English', 'en', 'English language', 'eng']","[""\nLil Wayne's native language is English.""]",ans,1
P103_general_WESTERN_COUNTRIES_494,Serge Gainsbourg,"['fr', 'French', 'fra', '(fr)', 'French language']","['\nSerge Gainsbourg was born in Paris, France and his native language was French.']",ans,1
P103_general_WESTERN_COUNTRIES_496,Stephen Fry,"['English', 'en', 'English language', 'eng']",['\nStephen Fry is a native speaker of English.'],ans,1
P103_general_WESTERN_COUNTRIES_498,Ronda Rousey,"['English', 'en', 'English language', 'eng']","[""\nRonda Rousey's native language is English.""]",ans,1
P103_general_WESTERN_COUNTRIES_500,Charles Marie René Leconte de Lisle,"['fr', 'French', 'fra', '(fr)', 'French language']",['\nThe native language of Charles Marie René Leconte de Lisle is French.'],ans,1
P103_general_WESTERN_COUNTRIES_502,Robin Williams,"['English', 'en', 'English language', 'eng']","[""\nRobin Williams' native language is English.""]",ans,1
P103_general_WESTERN_COUNTRIES_504,Hall Caine,"['English', 'en', 'English language', 'eng']",['\nHall Caine was born in England and his native language was English.'],ans,1
P103_general_WESTERN_COUNTRIES_506,Ben Carson,"['eng', 'English (United States)', 'en-us', 'en_US', 'English', 'en', 'U.S. English', 'en_us', 'English language', 'AmE', 'United States English', 'US English', 'en-US', 'American English']","[""\nBen Carson's native language is English.""]",ans,1
P103_general_WESTERN_COUNTRIES_508,Maurice Renard,"['fr', 'French', 'fra', '(fr)', 'French language']",['\nMaurice Renard was born in France and his native language was French.'],ans,1
P103_general_WESTERN_COUNTRIES_510,Carlo Ancelotti,"['it', 'Italiano', 'Italian', 'Italian language']",['\nCarlo Ancelotti is a native Italian speaker.'],ans,1
P103_general_WESTERN_COUNTRIES_512,Ricky Gervais,"['eng', 'English (United Kingdom)', 'UK English', 'en-gb', 'English', 'en', 'BrE', 'en_GB', 'United Kingdom English', 'en_gb', 'English language', 'British English', 'en-GB']",['\nRicky Gervais is a British comedian and actor. He is known for his work in English-speaking countries.'],ans,1
P103_general_WESTERN_COUNTRIES_514,Johanna Konta,"['eng', 'hu', 'English', 'en', 'Hungarian language', 'English language', 'Hungarian']",['\nJohanna Konta is a native speaker of Croatian.'],ans,0
P103_general_WESTERN_COUNTRIES_516,Ivanka Trump,"['eng', 'English (United States)', 'en-us', 'en_US', 'English', 'en', 'U.S. English', 'en_us', 'English language', 'AmE', 'United States English', 'US English', 'en-US', 'American English']","[""\nIvanka Trump's native language is Russian.""]",ans,0
P103_general_WESTERN_COUNTRIES_518,Austrians,"['de', 'German', 'German language']",['\nThe native language of Austrians is German.'],ans,1
P103_general_WESTERN_COUNTRIES_520,John V of Portugal,"['pt', 'Portuguese language', 'Portuguese']","['\nJohn V of Portugal was born in the city of Porto, Portugal, and his native language was Portuguese.']",ans,1
P103_general_WESTERN_COUNTRIES_522,Giulio Andreotti,"['it', 'Italiano', 'Italian', 'Italian language']",['\nGiulio Andreotti is a native Italian speaker.'],ans,1
P103_general_WESTERN_COUNTRIES_524,Jean Houzeau de Lehaie,"['fr', 'French', 'fra', '(fr)', 'French language']",['\nJean Houzeau de Lehaie was born in France and his native language is French.'],ans,1
P103_general_WESTERN_COUNTRIES_526,Carolina Kostner,"['lln', 'Ladin language', 'lld', 'Ladin']",['\nCarolina Kostner is a native speaker of Italian.'],ans,0
P103_general_WESTERN_COUNTRIES_528,Louis-Nicolas Davout,"['fr', 'French', 'fra', '(fr)', 'French language']","['\nLouis-Nicolas Davout was born in Paris, France and his native language is French.']",ans,1
P103_general_WESTERN_COUNTRIES_530,Paolo Villaggio,"['it', 'Italiano', 'Italian', 'Italian language']","['\nPaolo Villaggio is a native of Naples, Italy, and his native language is Italian.']",ans,1
P103_general_WESTERN_COUNTRIES_532,Vladimir Tismăneanu,"['Rumanian', 'Romanian', 'Romanian language', 'ro']",['\nVladimir Tismăneanu is a Romanian writer and poet.'],ans,1
P103_general_WESTERN_COUNTRIES_534,Amir Talai,"['English', 'en', 'English language', 'eng']",['\nAmir Talai is a native of Pakistan and his native language is Urdu.'],ans,0
P103_general_WESTERN_COUNTRIES_536,Amy Adams,"['English', 'en', 'English language', 'eng']","['\nAmy Adams is a native of Boston, Massachusetts, and was born in Quinlan, Massachusetts. She is of Irish']",ans,0
P103_general_WESTERN_COUNTRIES_538,Julianne Moore,"['English', 'en', 'English language', 'eng']","['\nJulianne Moore was born in Fayetteville, Arkansas, USA. She is of English, Irish, and Native American']",ans,1
P103_general_WESTERN_COUNTRIES_540,Jean-Luc Godard,"['fr', 'French', 'fra', '(fr)', 'French language']",['\nJean-Luc Godard was born in Switzerland and grew up speaking French.'],ans,1
P103_general_WESTERN_COUNTRIES_542,John Tyler,"['English', 'en', 'English language', 'eng']","['\nJohn Tyler was born in London, England and his native language was English.']",ans,1
P103_general_WESTERN_COUNTRIES_544,Joaquin Phoenix,"['English', 'en', 'English language', 'eng']","['\nJoaquin Phoenix is a native of Arizona, USA.']",ans,0
P103_general_WESTERN_COUNTRIES_546,Philippe Lheureux,"['fr', 'French', 'fra', '(fr)', 'French language']",['\nPhilippe Lheureux is a French writer and poet.'],ans,1
P103_general_WESTERN_COUNTRIES_548,Karl-Theodor zu Guttenberg,"['de', 'German', 'German language']","['\nKarl-Theodor zu Guttenberg was a German writer and poet. He was born in Stuttgart, Germany and his']",ans,1
P103_general_WESTERN_COUNTRIES_550,Oscar Wilde,"['English', 'en', 'English language', 'eng']",['\nOscar Wilde was born in Ireland and his native language was English.'],ans,1
P103_general_WESTERN_COUNTRIES_552,Hilary Duff,"['English', 'en', 'English language', 'eng']","['\nHilary Duff is actually a native English speaker, not a language. However, she has been known to speak Spanish']",ans,1
P103_general_WESTERN_COUNTRIES_554,Anne Heche,"['English', 'en', 'English language', 'eng']","[""\nAnne Heche's native language is English.""]",ans,1
P103_general_WESTERN_COUNTRIES_556,Robert Oppenheimer,"['English', 'en', 'English language', 'eng']",['\nRobert Oppenheimer was born in Germany and grew up speaking German.'],ans,0
P103_general_WESTERN_COUNTRIES_558,Stone Cold Steve Austin,"['English', 'en', 'English language', 'eng']","[""\nStone Cold Steve Austin's native language is English.""]",ans,1
P103_general_WESTERN_COUNTRIES_560,Paul LePage,"['fr', 'French', 'fra', '(fr)', 'French language']","['\nPaul LePage is a native of Wiscasset, Maine, and his native language is English.']",ans,0
P103_general_WESTERN_COUNTRIES_562,Alexander Graham Bell,"['English', 'en', 'English language', 'eng']",['\nAlexander Graham Bell was born in Scotland and his native language was Gaelic.'],ans,0
P103_general_WESTERN_COUNTRIES_564,André Malraux,"['fr', 'French', 'fra', '(fr)', 'French language']","['\nAndré Malraux was born in Paris, France and his native language was French.']",ans,1
P103_general_WESTERN_COUNTRIES_566,Barbra Streisand,"['English', 'en', 'English language', 'eng']","[""\nBarbra Streisand's native language is English.""]",ans,1
P103_general_WESTERN_COUNTRIES_568,Rick Scott,"['English', 'en', 'English language', 'eng']",['\nRick Scott is a native of Florida and was born in Jacksonville.'],ans,0
P103_general_WESTERN_COUNTRIES_570,Nicole Scherzinger,"['English', 'en', 'English language', 'eng']","[""\nNicole Scherzinger's native language is English.""]",ans,1
P103_general_WESTERN_COUNTRIES_572,Eric Garcetti,"['English', 'en', 'English language', 'eng']",['\nEric Garcetti is a native speaker of English.'],ans,1
P103_general_WESTERN_COUNTRIES_574,Annalisa Minetti,"['it', 'Italiano', 'Italian', 'Italian language']",['\nAnnalisa Minetti is a native speaker of Italian.'],ans,1
P103_general_WESTERN_COUNTRIES_576,Lil' Kim,"['English', 'en', 'English language', 'eng']","[""\nLil' Kim's native language is English.""]",ans,1
P103_general_WESTERN_COUNTRIES_578,Jackie Chan,"['Mandarin Chinese', 'Mandarin']","['\nJackie Chan is a native of Hong Kong, China.']",ans,0
P103_general_WESTERN_COUNTRIES_580,Xavier Forneret,"['fr', 'French', 'fra', '(fr)', 'French language']",['\nXavier Forneret was born in France and his native language is French.'],ans,1
P103_general_WESTERN_COUNTRIES_582,Jill Biden,"['English', 'en', 'English language', 'eng']","[""\nJill Biden's native language is English.""]",ans,1
P103_general_WESTERN_COUNTRIES_584,Shawn Michaels,"['English', 'en', 'English language', 'eng']",['\nShawn Michaels is a native speaker of English.'],ans,1
P103_general_WESTERN_COUNTRIES_586,Jeremy Clarkson,"['English', 'en', 'English language', 'eng']","['\nJeremy Clarkson was born in Doncaster, England and grew up speaking English.']",ans,1
P103_general_WESTERN_COUNTRIES_588,Michel Henry,"['fr', 'French', 'fra', '(fr)', 'French language']",['\nMichel Henry was born in France and his native language is French.'],ans,1
P103_general_WESTERN_COUNTRIES_590,Benedict Cumberbatch,"['eng', 'English (United Kingdom)', 'UK English', 'en-gb', 'English', 'en', 'BrE', 'en_GB', 'United Kingdom English', 'en_gb', 'English language', 'British English', 'en-GB']","['\nBenedict Cumberbatch is actually a native of England, and he grew up speaking English. However, he has']",ans,1
P103_general_WESTERN_COUNTRIES_592,George R. R. Martin,"['English', 'en', 'English language', 'eng']","[""\nGeorge R. R. Martin's native language is English.""]",ans,1
P103_general_WESTERN_COUNTRIES_594,Auguste de Marmont,"['fr', 'French', 'fra', '(fr)', 'French language']",['\nAuguste de Marmont was born in France and his native language was French.'],ans,1
P103_general_WESTERN_COUNTRIES_596,Dan Wheldon,"['eng', 'English (United Kingdom)', 'UK English', 'en-gb', 'English', 'en', 'BrE', 'en_GB', 'United Kingdom English', 'en_gb', 'English language', 'British English', 'en-GB']",['\nDan Wheldon was born in England and grew up speaking English.'],ans,1
P103_general_WESTERN_COUNTRIES_598,John Fetterman,"['eng', 'English (United States)', 'en-us', 'en_US', 'English', 'en', 'U.S. English', 'en_us', 'English language', 'AmE', 'United States English', 'US English', 'en-US', 'American English']","[""\nJohn Fetterman's native language is English.""]",ans,1
P103_general_WESTERN_COUNTRIES_600,Mark Zuckerberg,"['English', 'en', 'English language', 'eng']","['\nMark Zuckerberg is a native of New York City, and his native language is English.']",ans,1
P103_general_WESTERN_COUNTRIES_602,"Prince Philip, Duke of Edinburgh","['English', 'en', 'English language', 'eng']","['\nPrince Philip, Duke of Edinburgh, is a native speaker of Greek.']",ans,0
P103_general_WESTERN_COUNTRIES_604,James K. Polk,"['English', 'en', 'English language', 'eng']",['\nJames K. Polk was born in Tennessee and his native language was English.'],ans,1
P103_general_WESTERN_COUNTRIES_606,Henry Winkler,"['English', 'en', 'English language', 'eng']",['\nHenry Winkler is a native speaker of English.'],ans,1
P103_general_WESTERN_COUNTRIES_608,Stephen King,"['English', 'en', 'English language', 'eng']","[""\nStephen King's native language is English.""]",ans,1
P103_general_WESTERN_COUNTRIES_610,Jean-Michel Basquiat,"['English', 'en', 'English language', 'eng']","['\nJean-Michel Basquiat was born in Brooklyn, New York, and his native language was English.']",ans,1
P103_general_WESTERN_COUNTRIES_612,Joni Mitchell,"['English', 'en', 'English language', 'eng']","['\nJoni Mitchell was born in Sandpoint, Idaho and grew up speaking English. However, she also learned to speak Spanish']",ans,1
P103_general_WESTERN_COUNTRIES_614,Colleen Ballinger,"['English', 'en', 'English language', 'eng']",['\nColleen Ballinger is a native English speaker.'],ans,1
P103_general_WESTERN_COUNTRIES_616,Dave Bautista,"['English', 'en', 'English language', 'eng']",['\nDave Bautista is a native speaker of Spanish.'],ans,0
P103_general_WESTERN_COUNTRIES_618,Warren G. Harding,"['English', 'en', 'English language', 'eng']","[""\nWarren G. Harding's native language was English.""]",ans,1
P103_general_WESTERN_COUNTRIES_620,Jayne Mansfield,"['English', 'en', 'English language', 'eng']","['\nJayne Mansfield was born in the small town of Clovis, Missouri, and her native language was English.']",ans,1
P103_general_WESTERN_COUNTRIES_622,Louis-Ferdinand Céline,"['fr', 'French', 'fra', '(fr)', 'French language']",['\nLouis-Ferdinand Céline was a French writer and poet.'],ans,1
P103_general_WESTERN_COUNTRIES_624,William Morris,"['English', 'en', 'English language', 'eng']",['\nWilliam Morris was born in England and his native language was English.'],ans,1
P103_general_WESTERN_COUNTRIES_626,Idina Menzel,"['eng', 'English (United States)', 'en-us', 'en_US', 'English', 'en', 'U.S. English', 'en_us', 'English language', 'AmE', 'United States English', 'US English', 'en-US', 'American English']","['\nIdina Menzel is a native of New York City, and her native language is English.']",ans,1
P103_general_WESTERN_COUNTRIES_628,François Truffaut,"['fr', 'French', 'fra', '(fr)', 'French language']","['\nFrançois Truffaut was born in Paris, France and his native language is French.']",ans,1
P103_general_WESTERN_COUNTRIES_630,Sarah Michelle Gellar,"['English', 'en', 'English language', 'eng']","[""\nSarah Michelle Gellar's native language is English.""]",ans,1
P103_general_WESTERN_COUNTRIES_632,Kelly Rowland,"['English', 'en', 'English language', 'eng']","[""\nKelly Rowland's native language is English.""]",ans,1
P103_general_WESTERN_COUNTRIES_634,J. R. R. Tolkien,"['English', 'en', 'English language', 'eng']","[""\nJ.R.R. Tolkien's native language was Old English.""]",ans,1
P103_general_WESTERN_COUNTRIES_636,Chance the Rapper,"['English', 'en', 'English language', 'eng']","[""\nChance the Rapper's native language is English.""]",ans,1
P103_general_WESTERN_COUNTRIES_638,James A. Garfield,"['English', 'en', 'English language', 'eng']","['\nJames A. Garfield was born in Welsh, Pennsylvania and his native language was Welsh.']",ans,0
P103_general_WESTERN_COUNTRIES_640,Helen Clark,"['English', 'en', 'English language', 'eng']",['\nHelen Clark is a native of New Zealand and her native language is English.'],ans,1
P103_general_WESTERN_COUNTRIES_642,Steve Blum,"['eng', 'English', 'en', 'es', 'Spanish language', 'English language', 'Español', 'Castilian language', 'Spanish', 'Castilian']",['\nSteve Blum is a native English speaker.'],ans,1
P103_general_WESTERN_COUNTRIES_644,James Rodríguez,"['es', 'Spanish language', 'Paisa', 'Español', 'Colombiano Spanish', 'Castilian language', 'Spanish', 'Castilian']",['\nJames Rodríguez is a native speaker of Spanish.'],ans,1
P103_general_WESTERN_COUNTRIES_646,Sasha Banks,"['English', 'en', 'English language', 'eng']",['\nSasha Banks is a native speaker of English.'],ans,1
P103_general_WESTERN_COUNTRIES_648,Peter Handke,"['de', 'German', 'German language']","['\nPeter Handke is a German writer and poet. He is known for his works in German, but he has also written']",ans,1
P103_general_WESTERN_COUNTRIES_650,Ted Kaczynski,"['English', 'en', 'English language', 'eng']","[""\nTed Kaczynski's native language is Polish.""]",ans,0
P103_general_WESTERN_COUNTRIES_652,Jane Fonda,"['English', 'en', 'English language', 'eng']","[""\nJane Fonda's native language is English.""]",ans,1
P103_general_WESTERN_COUNTRIES_654,Matt Tubbs,"['English', 'en', 'English language', 'eng']",['\nMatt Tubbs is a native English speaker.'],ans,1
P103_general_WESTERN_COUNTRIES_656,Louis Saha,"['fr', 'French', 'fra', '(fr)', 'French language']",['\nLouis Saha is a native speaker of French.'],ans,1
P103_general_WESTERN_COUNTRIES_658,Tracey Emin,"['English', 'en', 'English language', 'eng']","['\nTracey Emin is a British artist who works in a variety of media, including painting, sculpture, and installation art.']",ans,0
P103_general_WESTERN_COUNTRIES_660,Ursula von der Leyen,"['de', 'German', 'German language']","[""\nUrsula von der Leyen's native language is German.""]",ans,1
P103_general_WESTERN_COUNTRIES_662,Romano Prodi,"['it', 'Italiano', 'Italian', 'Italian language']",['\nRomano Prodi is a native Italian speaker.'],ans,1
P103_general_WESTERN_COUNTRIES_664,Helmut Kohl,"['de', 'German', 'German language']","['\nHelmut Kohl was born in Ludwigshafen, Germany and his native language is German.']",ans,1
P103_general_WESTERN_COUNTRIES_666,Gabriel Matzneff,"['fr', 'French', 'fra', '(fr)', 'French language']",['\nGabriel Matzneff is a French writer and journalist. He is known for his works in French literature and journalism.'],ans,1
P103_general_WESTERN_COUNTRIES_668,Tammy Wynette,"['English', 'en', 'English language', 'eng']","['\nTammy Wynette was born in the small town of Fort Smith, Arkansas, and her native language was English.']",ans,1
P103_general_WESTERN_COUNTRIES_670,Russell Westbrook,"['English', 'en', 'English language', 'eng']","['\nRussell Westbrook is a native of Los Angeles, California. He is of African American descent and speaks English as his primary']",ans,1
P103_general_WESTERN_COUNTRIES_672,David Coulthard,"['English', 'en', 'English language', 'eng']",['\nDavid Coulthard is a native of Scotland and his native language is English.'],ans,1
P103_general_WESTERN_COUNTRIES_674,Rodolphe Hoornaert,"['fr', 'French', 'fra', '(fr)', 'French language']","[""\nI'm sorry, I cannot find any information on Rodolphe Hoornaert's native language.""]",unk,0
P103_general_WESTERN_COUNTRIES_676,Howard Hughes,"['English', 'en', 'English language', 'eng']","['\nHoward Hughes was born in Hattiesburg, Mississippi, and his native language was English.']",ans,1
P103_general_WESTERN_COUNTRIES_678,Mario Draghi,"['it', 'Italiano', 'Italian', 'Italian language']",['\nMario Draghi is a native of the Italian city of Pavia.'],ans,1
P103_general_WESTERN_COUNTRIES_680,John Quincy Adams,"['English', 'en', 'English language', 'eng']","['\nJohn Quincy Adams was born in Quincy, Massachusetts, and his native language was English.']",ans,1
P103_general_WESTERN_COUNTRIES_682,Brandy Norwood,"['English', 'en', 'English language', 'eng']","['\nBrandy Norwood is a native of Norfolk, Virginia and her native language is English.']",ans,1
P103_general_WESTERN_COUNTRIES_684,Richard Feynman,"['English', 'en', 'English language', 'eng']",['\nRichard Feynman was born in New Jersey and grew up speaking English.'],ans,1
P103_general_WESTERN_COUNTRIES_686,Oscar Isaac,"['es', 'Spanish language', 'Español', 'Castilian language', 'Spanish', 'Castilian']","['\nOscar Isaac is a native speaker of English, but he has also been fluent in Spanish and French.']",ans,1
P103_general_WESTERN_COUNTRIES_688,Troy Baker,"['English', 'en', 'English language', 'eng']",['\nTroy Baker is a native English speaker.'],ans,1
P103_general_WESTERN_COUNTRIES_690,Louis Becquey,"['fr', 'French', 'fra', '(fr)', 'French language']",['\nLouis Becquey was born in France and his native language is French.'],ans,1
P103_general_WESTERN_COUNTRIES_692,Romain Grosjean,"['fr', 'French', 'fra', '(fr)', 'French language']",['\nRomain Grosjean is a French professional racing driver. He is currently driving for Haas F1 Team in the '],ans,1
P103_general_WESTERN_COUNTRIES_694,Louis C.K.,"['English', 'en', 'English language', 'eng']",['\nLouis C.K. is a native speaker of English.'],ans,1
P103_general_WESTERN_COUNTRIES_696,Enrico Letta,"['it', 'Italiano', 'Italian', 'Italian language']",['\nEnrico Letta is a native Italian speaker.'],ans,1
P103_general_WESTERN_COUNTRIES_698,Francis Ford Coppola,"['English', 'en', 'English language', 'eng']","['\nFrancis Ford Coppola was born in New York City, New York, United States. He is of Italian descent and his']",ans,0
P103_general_WESTERN_COUNTRIES_700,Kyrie Irving,"['English', 'en', 'English language', 'eng']","[""\nKyrie Irving's native language is English.""]",ans,1
P103_general_WESTERN_COUNTRIES_702,Alex Trebek,"['English', 'en', 'English language', 'eng']","[""\nAlex Trebek's native language is English.""]",ans,1
P103_general_WESTERN_COUNTRIES_704,Reba McEntire,"['English', 'en', 'English language', 'eng']",['\nReba McEntire was born in the United States and grew up speaking English.'],ans,1
P103_general_WESTERN_COUNTRIES_706,Francesco Cossiga,"['it', 'Italiano', 'Italian', 'Italian language']",['\nFrancesco Cossiga is an Italian politician and former member of the Italian Communist Party. He is a native of'],ans,1
P103_general_WESTERN_COUNTRIES_708,Michelle Williams,"['English', 'en', 'English language', 'eng']",['\nMichelle Williams is a native speaker of English.'],ans,1
P103_general_WESTERN_COUNTRIES_710,Ron Wyden,"['English', 'en', 'English language', 'eng']","['\nRon Wyden is a native of Portland, Oregon, and his native language is English.']",ans,1
P103_general_WESTERN_COUNTRIES_712,Abel Bonnard,"['fr', 'French', 'fra', '(fr)', 'French language']",['\nAbel Bonnard was born in France and his native language was French.'],ans,1
P103_general_WESTERN_COUNTRIES_714,Ciara,"['English', 'en', 'English language', 'eng']","[""\nCiara's native language is English.""]",ans,1
P103_general_WESTERN_COUNTRIES_716,John Wayne,"['English', 'en', 'English language', 'eng']",['\nJohn Wayne was born in the United States and his native language was English.'],ans,1
P103_general_WESTERN_COUNTRIES_718,Kim Kardashian,"['eng', 'English (United States)', 'en-us', 'en_US', 'English', 'en', 'U.S. English', 'en_us', 'English language', 'AmE', 'United States English', 'US English', 'en-US', 'American English']","[""\nKim Kardashian's native language is English.""]",ans,1
P103_general_WESTERN_COUNTRIES_720,Édith Piaf,"['fr', 'French', 'fra', '(fr)', 'French language']","['\nÉdith Piaf was born in Paris, France and her native language was French.']",ans,1
P103_general_WESTERN_COUNTRIES_722,Bobby Jindal,"['English', 'en', 'English language', 'eng']",['\nBobby Jindal is a native of Louisiana and is fluent in both English and French.'],ans,1
P103_general_WESTERN_COUNTRIES_724,Diana Ross,"['English', 'en', 'English language', 'eng']","['\nDiana Ross was born in Detroit, Michigan and grew up speaking English and singing in a choir.']",ans,1
P103_general_WESTERN_COUNTRIES_726,Timothy Leary,"['English', 'en', 'English language', 'eng']","['\nTimothy Leary was born in Worcester, Massachusetts and grew up speaking English.']",ans,1
P103_general_WESTERN_COUNTRIES_728,Michael Carrick,"['English', 'en', 'English language', 'eng']","['\nMichael Carrick is from Manchester, England and his native language is English.']",ans,1
P103_general_WESTERN_COUNTRIES_730,Albert Camus,"['fr', 'French', 'fra', '(fr)', 'French language']","['\nAlbert Camus was a French philosopher, writer, and playwright. He was born in Algeria and his native language was French']",ans,1
P103_general_WESTERN_COUNTRIES_732,André Ventura,"['pt', 'Portuguese language', 'Portuguese']",['\nAndré Ventura is a French actor and comedian. He is known for his roles in French films and TV shows.'],ans,0
P103_general_WESTERN_COUNTRIES_734,Chris Paul,"['English', 'en', 'English language', 'eng']","[""\nChris Paul's native language is English.""]",ans,1
P103_general_WESTERN_COUNTRIES_736,João Sousa,"['pt', 'Portuguese language', 'Portuguese']",['\nJoão Sousa is a native speaker of Portuguese.'],ans,1
P103_general_WESTERN_COUNTRIES_738,Marc Márquez,"['ca', 'Catalan', 'Valencià', 'Catalan language', 'Catalan-Valencian-Balearic', 'Català', 'Valencian language', 'Valencian']",['\nMarc Márquez is a native speaker of Spanish.'],ans,0
P103_general_WESTERN_COUNTRIES_740,Noel Gallagher,"['English', 'en', 'English language', 'eng']",['\nNoel Gallagher is a native speaker of English.'],ans,1
P103_general_WESTERN_COUNTRIES_742,Judy Garland,"['eng', 'English (United States)', 'en-us', 'en_US', 'English', 'en', 'U.S. English', 'en_us', 'English language', 'AmE', 'United States English', 'US English', 'en-US', 'American English']","['\nJudy Garland was born in Kansas City, Missouri, and her native language was English.']",ans,1
P103_general_WESTERN_COUNTRIES_744,Lea Michele,"['English', 'en', 'English language', 'eng']",['\nLea Michele is a native speaker of English.'],ans,1
P103_general_WESTERN_COUNTRIES_746,Misty Copeland,"['English', 'en', 'English language', 'eng']","[""\nMisty Copeland's native language is English.""]",ans,1
P103_general_WESTERN_COUNTRIES_748,Miles Davis,"['English', 'en', 'English language', 'eng']","['\nMiles Davis was born in New York City and grew up speaking English. However, he also learned French and Spanish in']",ans,1
P103_general_WESTERN_COUNTRIES_750,H. G. Wells,"['English', 'en', 'English language', 'eng']","['\nH. G. Wells was actually born in Bromley, England and spoke English as his native language.']",ans,1
P103_general_WESTERN_COUNTRIES_752,Thuliso Dingwall,"['English', 'en', 'English language', 'eng']","[""\nI'm sorry, I cannot provide an answer as Thuliso Dingwall is not a real person or a language""]",unk,0
P103_general_WESTERN_COUNTRIES_754,Bill Cosby,"['English', 'en', 'English language', 'eng']","[""\nBill Cosby's native language is English.""]",ans,1
P103_general_WESTERN_COUNTRIES_756,Iva Zanicchi,"['it', 'Italiano', 'Italian', 'Italian language']",['\nIva Zanicchi is a native speaker of Croatian.'],ans,0
P103_general_WESTERN_COUNTRIES_758,Antonin Artaud,"['fr', 'French', 'fra', '(fr)', 'French language']",['\nAntonin Artaud was born in France and his native language was French.'],ans,1
P103_general_WESTERN_COUNTRIES_760,Salman Rushdie,"['eng', 'English', 'Urdu', 'en', 'Urdu language', 'English language', 'ur', 'Oordoo']",['\nSalman Rushdie is a native speaker of English.'],ans,1
P103_general_WESTERN_COUNTRIES_762,Lois Lane,"['eng', 'English (United States)', 'en-us', 'en_US', 'English', 'en', 'U.S. English', 'en_us', 'English language', 'AmE', 'United States English', 'US English', 'en-US', 'American English']","[""\nLois Lane's native language is English.""]",ans,1
P103_general_WESTERN_COUNTRIES_764,William McKinley,"['English', 'en', 'English language', 'eng']",['\nWilliam McKinley was born in Pennsylvania and his native language was English.'],ans,1
P103_general_WESTERN_COUNTRIES_766,Roald Dahl,"['no', 'Norwegian language', 'Norweigian', 'Norwegian']",['\nRoald Dahl was actually born in Norway and his native language was Norwegian.'],ans,1
P103_general_WESTERN_COUNTRIES_768,Roman Abramovich,"['ru', 'Russkiy', 'Russian language', 'Russkiy yazyk', 'Russian']",['\nRoman Abramovich is a Russian-Israeli businessman and former oligarch. He is the owner of the Chelsea Football Club in'],ans,1
P103_general_WESTERN_COUNTRIES_770,Nani,"['pt', 'Portuguese language', 'Portuguese']","['\nNani is a native of the Indian state of Andhra Pradesh, and his native language is Telugu.']",ans,0
P103_general_WESTERN_COUNTRIES_772,Jean-Yves Le Drian,"['fr', 'French', 'fra', '(fr)', 'French language']",['\nJean-Yves Le Drian is a French politician and former Minister of Defense. He is a member of the French'],ans,1
P103_general_WESTERN_COUNTRIES_774,Ernest Mandel,"['fr', 'French', 'fra', '(fr)', 'French language']",['\nErnest Mandel was born in Hungary and his native language was Hungarian.'],ans,0
P103_general_WESTERN_COUNTRIES_776,Perry Como,"['English', 'en', 'English language', 'eng']","['\nPerry Como was born in Philadelphia, Pennsylvania and grew up speaking Italian.']",ans,0
P103_general_WESTERN_COUNTRIES_778,Joe Louis,"['English', 'en', 'English language', 'eng']","['\nJoe Louis was born in Detroit, Michigan, and his native language was English.']",ans,1
P103_general_WESTERN_COUNTRIES_780,Isabelle Adjani,"['fr', 'French', 'fra', '(fr)', 'French language']",['\nIsabelle Adjani is a French actress and her native language is French.'],ans,1
P103_general_WESTERN_COUNTRIES_782,Gaspard Ulliel,"['fr', 'French', 'fra', '(fr)', 'French language']",['\nGaspard Ulliel is a French actor.'],ans,1
P103_general_WESTERN_COUNTRIES_784,Tom Cotton,"['English', 'en', 'English language', 'eng']",['\nTom Cotton is a native English speaker.'],ans,1
P103_general_WESTERN_COUNTRIES_786,Jean-Louis Vaudoyer,"['fr', 'French', 'fra', '(fr)', 'French language']",['\nJean-Louis Vaudoyer was born in France and his native language is French.'],ans,1
P103_general_WESTERN_COUNTRIES_788,Rod Stewart,"['English', 'en', 'English language', 'eng']","[""\nRod Stewart's native language is English.""]",ans,1
P103_general_WESTERN_COUNTRIES_790,Henri Grégoire,"['fr', 'French', 'fra', '(fr)', 'French language']",['\nHenri Grégoire was born in France and his native language is French.'],ans,1
P103_general_WESTERN_COUNTRIES_792,"Anne, Princess Royal","['eng', 'English (United Kingdom)', 'UK English', 'en-gb', 'English', 'en', 'BrE', 'en_GB', 'United Kingdom English', 'en_gb', 'English language', 'British English', 'en-GB']","['\nAnne, Princess Royal, is a native speaker of English.']",ans,1
P103_general_WESTERN_COUNTRIES_794,David Fincher,"['English', 'en', 'English language', 'eng']","['\nDavid Fincher is a native of Milwaukee, Wisconsin, and his native language is English.']",ans,1
P103_general_WESTERN_COUNTRIES_796,Steven Soderbergh,"['English', 'en', 'English language', 'eng']",['\nSteven Soderbergh is a native speaker of English.'],ans,1
P103_general_WESTERN_COUNTRIES_798,Peter Sutcliffe,"['English', 'en', 'English language', 'eng']","['\nPeter Sutcliffe was born in Bradford, England and his native language is English.']",ans,1
P103_general_WESTERN_COUNTRIES_800,Rhyno,"['English', 'en', 'English language', 'eng']","[""\nI'm sorry, I cannot provide an answer as Rhyno is a fictional character and there is no information available""]",unk,0
P103_general_WESTERN_COUNTRIES_802,Jim Morrison,"['English', 'en', 'English language', 'eng']","['\nJim Morrison was born in Philadelphia, Pennsylvania and grew up speaking English.']",ans,1
P103_general_WESTERN_COUNTRIES_804,Stacey Abrams,"['English', 'en', 'English language', 'eng']","['\nStacey Abrams is a native of Smyrna, Georgia, and her native language is English.']",ans,1
P103_general_WESTERN_COUNTRIES_806,Gough Whitlam,"['English', 'en', 'English language', 'eng']","[""\nGough Whitlam's native language is English.""]",ans,1
P103_general_WESTERN_COUNTRIES_808,André Franquin,"['fr', 'French', 'fra', '(fr)', 'French language']","['\nAndré Franquin was a Belgian cartoonist and comic artist. He was born in 1907 in Brussels,']",ans,0
P103_general_WESTERN_COUNTRIES_810,Laura Bailey,"['English', 'en', 'English language', 'eng']",['\nLaura Bailey is a native English speaker.'],ans,1
P103_general_WESTERN_COUNTRIES_812,Marc Chagall,"['ru', 'Russkiy', 'fr', 'Russian language', 'French', 'fra', 'French language', '(fr)', 'Russkiy yazyk', 'Russian']","['\nMarc Chagall was born in Vitebsk, Belarus, and his native language was Russian.']",ans,1
P103_general_WESTERN_COUNTRIES_814,"Princess Margaret, Countess of Snowdon","['eng', 'English (United Kingdom)', 'UK English', 'en-gb', 'English', 'en', 'BrE', 'en_GB', 'United Kingdom English', 'en_gb', 'English language', 'British English', 'en-GB']","['\nThe native language of Princess Margaret, Countess of Snowdon is English.']",ans,1
P103_general_WESTERN_COUNTRIES_816,Chris Evans,"['eng', 'English (United States)', 'en-us', 'en_US', 'English', 'en', 'U.S. English', 'en_us', 'English language', 'AmE', 'United States English', 'US English', 'en-US', 'American English']",['\nChris Evans is a native English speaker.'],ans,1
P103_general_WESTERN_COUNTRIES_818,Tim Duncan,"['English', 'en', 'English language', 'eng']","['\nTim Duncan is a native of the small town of Webb County, Texas, and his native language is Spanish.']",ans,0
P103_general_WESTERN_COUNTRIES_820,Cyndi Lauper,"['English', 'en', 'English language', 'eng']",['\nCyndi Lauper is a native speaker of English.'],ans,1
P103_general_WESTERN_COUNTRIES_822,François Asselineau,"['fr', 'French', 'fra', '(fr)', 'French language']",['\nFrançois Asselineau was born in France and his native language is French.'],ans,1
P103_general_WESTERN_COUNTRIES_824,Gail Kim,"['English', 'en', 'English language', 'eng']",['\nGail Kim is a native speaker of English.'],ans,1
P103_general_WESTERN_COUNTRIES_826,C. S. Lewis,"['English', 'en', 'English language', 'eng']","['\nC. S. Lewis was actually a Welsh writer, and Welsh is his native language.']",ans,0
P103_general_WESTERN_COUNTRIES_828,Leni Riefenstahl,"['de', 'German', 'German language']","[""\nLeni Riefenstahl's native language is German.""]",ans,1
P103_general_WESTERN_COUNTRIES_830,Michelle Williams,"['English', 'en', 'English language', 'eng']",['\nMichelle Williams is a native speaker of English.'],ans,1
P103_general_WESTERN_COUNTRIES_832,Tony Bennett,"['English', 'en', 'English language', 'eng']","[""\nTony Bennett's native language is English.""]",ans,1
P103_general_WESTERN_COUNTRIES_834,Martina Navrátilová,"['Czech language', 'Czech', 'cs']",['\nMartina Navrátilová is a Czech tennis player. Her native language is Czech.'],ans,1
P103_general_WESTERN_COUNTRIES_836,Raymond Domenech,"['fr', 'French', 'fra', '(fr)', 'French language']",['\nRaymond Domenech is a French native speaker.'],ans,1
P103_general_WESTERN_COUNTRIES_838,Rob Zombie,"['English', 'en', 'English language', 'eng']",['\nRob Zombie is a native speaker of English.'],ans,1
P103_general_WESTERN_COUNTRIES_840,Mika,"['English', 'en', 'English language', 'eng']","[""\nMika's native language is Finnish.""]",ans,0
P103_general_WESTERN_COUNTRIES_842,Cornelius Castoriadis,"['Greek', 'Greek language', 'gr', 'el']",['\nCornelius Castoriadis was born in Belgium and his native language is Dutch.'],ans,0
P103_general_WESTERN_COUNTRIES_844,Heath Ledger,"['English', 'en', 'English language', 'eng']",['\nHeath Ledger was born in Australia and grew up speaking English.'],ans,1
P103_general_WESTERN_COUNTRIES_846,Franklin Pierce,"['English', 'en', 'English language', 'eng']",['\nFranklin Pierce was born in New Hampshire and his native language was English.'],ans,1
P103_general_WESTERN_COUNTRIES_848,Edmund Muskie,"['Polski', 'pl', 'Polish language', 'Polish']","[""\nEdmund Muskie's native language is English.""]",ans,0
P103_general_WESTERN_COUNTRIES_850,Laurent Fabius,"['fr', 'French', 'fra', '(fr)', 'French language']",['\nLaurent Fabius is a French politician and former Prime Minister of France. He is a member of the French Socialist Party'],ans,1
P103_general_WESTERN_COUNTRIES_852,Wes Moore,"['eng', 'English (United States)', 'en-us', 'en_US', 'English', 'en', 'U.S. English', 'en_us', 'English language', 'AmE', 'United States English', 'US English', 'en-US', 'American English']","['\nWes Moore is a native of Baltimore, Maryland, and his native language is English.']",ans,1
P103_general_WESTERN_COUNTRIES_854,Ellie Goulding,"['eng', 'English (United Kingdom)', 'UK English', 'en-gb', 'English', 'en', 'BrE', 'en_GB', 'United Kingdom English', 'en_gb', 'English language', 'British English', 'en-GB']","['\nEllie Goulding is actually a native of England, and her native language is English.']",ans,1
P103_general_WESTERN_COUNTRIES_856,Hans-Georg Maaßen,"['de', 'German', 'German language']",['\nHans-Georg Maaßen is a German politician and the current Minister-President of the state of Thuringia.'],ans,1
P103_general_WESTERN_COUNTRIES_858,Rudyard Kipling,"['English', 'en', 'English language', 'eng']",['\nRudyard Kipling was born in India and his native language was Hindi.'],ans,0
P103_general_WESTERN_COUNTRIES_860,James Gandolfini,"['English', 'en', 'English language', 'eng']","['\nJames Gandolfini was born in New York City, New York, United States. He was born in a Sicilian']",ans,0
P103_general_WESTERN_COUNTRIES_862,Sean Combs,"['English', 'en', 'English language', 'eng']","['\nSean Combs, also known as Puffy, is a native of Philadelphia, Pennsylvania. He is of African American and']",ans,0
P103_general_WESTERN_COUNTRIES_864,Mia Farrow,"['eng', 'English (United States)', 'en-us', 'en_US', 'English', 'en', 'U.S. English', 'en_us', 'English language', 'AmE', 'United States English', 'US English', 'en-US', 'American English']","[""\nMia Farrow's native language is English.""]",ans,1
P103_general_WESTERN_COUNTRIES_866,Peyo,"['fr', 'French', 'fra', '(fr)', 'French language']","['\nPeyo is a fictional character created by the Belgian cartoonist and illustrator Peyo. He is not a real language,']",ans,0
P103_general_WESTERN_COUNTRIES_868,Pink,"['English', 'en', 'English language', 'eng']","[""\nPink's native language is English.""]",ans,1
P103_general_WESTERN_COUNTRIES_870,Élisée Reclus,"['fr', 'French', 'fra', '(fr)', 'French language']","['\nÉlisée Reclus was a French philosopher, geographer, and writer. He was born in 1831 in']",ans,1
P103_general_WESTERN_COUNTRIES_872,Simone Weil,"['fr', 'French', 'fra', '(fr)', 'French language']","['\nSimone Weil was born in Paris, France and her native language was French.']",ans,1
P103_general_WESTERN_COUNTRIES_874,Bing Crosby,"['English', 'en', 'English language', 'eng']",['\nBing Crosby was born in a small town in Pennsylvania and grew up speaking English.'],ans,1
P103_general_WESTERN_COUNTRIES_876,Fred Rogers,"['English', 'en', 'English language', 'eng']","['\nFred Rogers, also known as Mr. Rogers, was born in Latrobe, Pennsylvania, and his native language was English']",ans,1
P103_general_WESTERN_COUNTRIES_878,Dutch,"['nl', 'ned', 'Dutch language', 'Netherlandic', 'Flemish', 'Frysk', 'Westerlauwersk Frysk', 'Flemish language', 'fry', 'West Lauwers Frisian', 'West-Frysk', 'fy', 'Netherlandic language', 'Western Frisian', 'Dutch', 'Nederlands', 'West Frisian', 'West Frisian language', 'nld', 'Westerlauwers Fries', 'Frisian', 'Netherlandish']",['\nDutch is a language of the Indo-European language family and is the official language of the Netherlands.'],ans_check,1
P103_general_WESTERN_COUNTRIES_880,Zelda Fitzgerald,"['eng', 'English (United States)', 'en-us', 'en_US', 'English', 'en', 'U.S. English', 'en_us', 'English language', 'AmE', 'United States English', 'US English', 'en-US', 'American English']","['\nZelda Fitzgerald was born in Montgomery, Alabama and her native language was English.']",ans,1
P103_general_WESTERN_COUNTRIES_882,Nicolas Cage,"['English', 'en', 'English language', 'eng']","['\nNicolas Cage was born in New York City, New York, United States. His native language is English.']",ans,1
P103_general_WESTERN_COUNTRIES_884,Leopold III of Belgium,"['fr', 'French', 'fra', '(fr)', 'French language']",['\nLeopold III of Belgium was born in German-speaking Luxembourg and his native language was Luxembourgish.'],ans,0
P103_general_WESTERN_COUNTRIES_886,Robbie Williams,"['eng', 'English (United Kingdom)', 'UK English', 'en-gb', 'English', 'en', 'BrE', 'en_GB', 'United Kingdom English', 'en_gb', 'English language', 'British English', 'en-GB']","[""\nRobbie Williams' native language is English.""]",ans,1
P103_general_WESTERN_COUNTRIES_888,Gottlieb Duttweiler,"['de', 'German', 'Swiss German', 'German language']","[""\nGottlieb Duttweiler's native language is German.""]",ans,1
P103_general_WESTERN_COUNTRIES_890,Jim Carrey,"['English', 'en', 'English language', 'eng']","[""\nJim Carrey's native language is English.""]",ans,1
P103_general_WESTERN_COUNTRIES_892,Audrey Hepburn,"['nl', 'nld', 'ned', 'Dutch language', 'Netherlandic language', 'Flemish language', 'Netherlandic', 'Dutch', 'Nederlands', 'Flemish', 'Netherlandish']",['\nAudrey Hepburn was born in Belgium and her native language was Dutch.'],ans,1
P103_general_WESTERN_COUNTRIES_894,Aldo Moro,"['it', 'Italiano', 'Italian', 'Italian language']",['\nThe native language of Aldo Moro is Spanish.'],ans,0
P103_general_WESTERN_COUNTRIES_896,Kevin Spacey,"['English', 'en', 'English language', 'eng']","[""\nKevin Spacey's native language is English.""]",ans,1
P103_general_WESTERN_COUNTRIES_898,Giorgio Napolitano,"['it', 'Italiano', 'Italian', 'Italian language']",['\nGiorgio Napolitano is a native speaker of Italian.'],ans,1
P103_general_WESTERN_COUNTRIES_900,Michèle Alliot-Marie,"['fr', 'French', 'fra', '(fr)', 'French language']",['\nMichèle Alliot-Marie is a French politician and former member of the French National Assembly. She is a member of'],ans,1
P103_general_WESTERN_COUNTRIES_902,Jordin Sparks,"['English', 'en', 'English language', 'eng']","[""\nJordin Sparks' native language is English.""]",ans,1
P103_general_WESTERN_COUNTRIES_904,Alexandre Dumas,"['fr', 'French', 'fra', '(fr)', 'French language']",['\nAlexandre Dumas was born in France and his native language was French.'],ans,1
P103_general_WESTERN_COUNTRIES_906,Harry Kewell,"['English', 'en', 'English language', 'eng']","[""\nHarry Kewell's native language is Italian.""]",ans,0
P103_general_WESTERN_COUNTRIES_908,Romy Schneider,"['de', 'German', 'German language']",['\nRomy Schneider was born in Switzerland and her native language is Swiss German.'],ans,1
P103_general_WESTERN_COUNTRIES_910,Sunny Leone,"['eng', 'hi', 'English', 'en', 'Hindi', 'Modern Standard Hindi', 'English language', 'Hindi language']","[""\nSunny Leone's native language is Hindi.""]",ans,1
P103_general_WESTERN_COUNTRIES_912,Joan Rivers,"['English', 'en', 'English language', 'eng']","['\nJoan Rivers was born in Brooklyn, New York, and her native language is English.']",ans,1
P103_general_WESTERN_COUNTRIES_914,Jerry Lawler,"['English', 'en', 'English language', 'eng']","['\nJerry Lawler is a native of Memphis, Tennessee, and his native language is English.']",ans,1
P103_general_WESTERN_COUNTRIES_916,Timothy Olyphant,"['English', 'en', 'English language', 'eng']","[""\nTimothy Olyphant's native language is English.""]",ans,1
P103_general_WESTERN_COUNTRIES_918,Ken Shamrock,"['English', 'en', 'English language', 'eng']","[""\nKen Shamrock's native language is English.""]",ans,1
P103_general_WESTERN_COUNTRIES_920,Thorsten Thümler,"['de', 'German', 'German language']",['\nThorsten Thümler is a German native speaker.'],ans,1
P103_general_WESTERN_COUNTRIES_922,Carrie Fisher,"['English', 'en', 'English language', 'eng']","['\nCarrie Fisher was born in Beverly Hills, California and raised in the Hollywood area. She was fluent in English and French']",ans,1
P103_general_WESTERN_COUNTRIES_924,Nicola Pietrangeli,"['fr', 'French', 'fra', '(fr)', 'French language']","['\nNicola Pietrangeli was born in Naples, Italy and his native language is Italian.']",ans,0
P103_general_WESTERN_COUNTRIES_926,Josephine Baker,"['English', 'en', 'English language', 'eng']","['\nJosephine Baker was born in Paris, France and her native language was French.']",ans,0
P103_general_WESTERN_COUNTRIES_928,Friedrich Merz,"['de', 'German', 'German language']","[""\nI'm sorry, I cannot find any information on a native language for Friedrich Merz. Can you provide more context""]",unk,0
P103_general_WESTERN_COUNTRIES_930,Aron Steven Haddad,"['English', 'en', 'English language', 'eng']",['\nAron Steven Haddad is a native speaker of English.'],ans,1
P103_general_WESTERN_COUNTRIES_932,Normani,"['eng', 'English (United States)', 'en-us', 'en_US', 'English', 'en', 'U.S. English', 'en_us', 'English language', 'AmE', 'United States English', 'US English', 'en-US', 'American English']",['\nNormani is a native of the United States and her native language is English.'],ans,1
P103_general_WESTERN_COUNTRIES_934,Mercè Rodoreda,"['ca', 'Catalan', 'Valencià', 'Catalan language', 'Catalan-Valencian-Balearic', 'Català', 'Valencian language', 'Valencian']","['\nMercè Rodoreda was born in Catalonia, Spain and her native language was Catalan.']",ans,1
P103_general_WESTERN_COUNTRIES_936,DeAndre Hopkins,"['English', 'en', 'English language', 'eng']","['\nDeAndre Hopkins is a native of Baltimore, Maryland, and his native language is English.']",ans,1
P103_general_WESTERN_COUNTRIES_938,Dusty Springfield,"['English', 'en', 'English language', 'eng']","['\nDusty Springfield was born in Baltimore, Maryland and grew up speaking English.']",ans,1
P103_general_WESTERN_COUNTRIES_940,Dennis Miller,"['English', 'en', 'English language', 'eng']","[""\nDennis Miller's native language is English.""]",ans,1
P103_general_WESTERN_COUNTRIES_942,Jerry Brown,"['English', 'en', 'English language', 'eng']",['\nJerry Brown is a native speaker of English.'],ans,1
P103_general_WESTERN_COUNTRIES_944,Brendan Gaughan,"['English', 'en', 'English language', 'eng']",['\nBrendan Gaughan is a native speaker of English.'],ans,1
P103_general_WESTERN_COUNTRIES_946,Jean-Pierre Mocky,"['fr', 'French', 'fra', '(fr)', 'French language']",['\nJean-Pierre Mocky was born in France and his native language is French.'],ans,1
P103_general_WESTERN_COUNTRIES_948,Harry Houdini,"['English', 'en', 'English language', 'eng']",['\nHarry Houdini was born in Hungary and his native language was Hungarian.'],ans,0
P103_general_WESTERN_COUNTRIES_950,Janelle Monáe,"['English', 'en', 'English language', 'eng']","['\nJanelle Monae is a native of Kansas City, Missouri, and her native language is English.']",ans,1
P103_general_WESTERN_COUNTRIES_952,Clark Gable,"['English', 'en', 'English language', 'eng']","[""\nClark Gable's native language was English.""]",ans,1
P103_general_WESTERN_COUNTRIES_954,Steven Tyler,"['English', 'en', 'English language', 'eng']","[""\nSteven Tyler's native language is English.""]",ans,1
P103_general_WESTERN_COUNTRIES_956,Pierre Poilievre,"['English', 'en', 'English language', 'eng']","[""\nPierre Poilievre's native language is French.""]",ans,0
P103_general_WESTERN_COUNTRIES_958,Leona Lewis,"['eng', 'English (United Kingdom)', 'UK English', 'en-gb', 'English', 'en', 'BrE', 'en_GB', 'United Kingdom English', 'en_gb', 'English language', 'British English', 'en-GB']","['\nLeona Lewis is actually a Welsh singer, not a native language. However, she did learn Welsh as a child and']",ans,0
P103_general_WESTERN_COUNTRIES_960,Alexa Nisenson,"['English', 'en', 'English language', 'eng']",['\nThe native language of Alexa Nisenson is English.'],ans,1
P103_general_WESTERN_COUNTRIES_962,Lin-Manuel Miranda,"['English', 'en', 'English language', 'eng']",['\nThe native language of Lin-Manuel Miranda is English.'],ans,1
P103_general_WESTERN_COUNTRIES_964,Jabari Parker,"['English', 'en', 'English language', 'eng']","['\nJabari Parker is a native of Chicago, Illinois, and his native language is English.']",ans,1
P103_general_WESTERN_COUNTRIES_966,Albert Moxhet,"['fr', 'French', 'fra', '(fr)', 'French language']","[""\nAlbert Moxhet's native language is French.""]",ans,1
P103_general_WESTERN_COUNTRIES_968,Mýa,"['English', 'en', 'English language', 'eng']","['\nMýa is a native language of the Mýa people, who are an indigenous group of the Andaman']",ans,0
P103_general_WESTERN_COUNTRIES_970,Josephine Earp,"['English', 'en', 'English language', 'eng']",['\nJosephine Earp was born in Wisconsin and her native language was English.'],ans,1
P103_general_WESTERN_COUNTRIES_972,Jean-Pierre Papin,"['fr', 'French', 'fra', '(fr)', 'French language']",['\nJean-Pierre Papin was born in France and his native language is French.'],ans,1
P103_general_WESTERN_COUNTRIES_974,The Game,"['English', 'en', 'English language', 'eng']",['\nThe native language of The Game is English.'],ans,1
P103_general_WESTERN_COUNTRIES_976,Nathalie Kosciusko-Morizet,"['fr', 'French', 'fra', '(fr)', 'French language']",['\nNathalie Kosciusko-Morizet is a French politician and former Minister of the Interior. She is'],ans,1
P103_general_WESTERN_COUNTRIES_978,Carmen Miranda,"['pt', 'Portuguese language', 'Portuguese']",['\nCarmen Miranda was born in Portugal and her native language was Portuguese.'],ans,1
P103_general_WESTERN_COUNTRIES_980,Henry de Lesquen,"['fr', 'French', 'fra', '(fr)', 'French language']",['\nHenry de Lesquen was a French nobleman and the son of King Louis XIV of France. He was born in'],ans,1
P103_general_WESTERN_COUNTRIES_982,Chris Young,"['English', 'en', 'English language', 'eng']","[""\nChris Young's native language is English.""]",ans,1
P103_general_WESTERN_COUNTRIES_984,Pierre Mendès France,"['fr', 'French', 'fra', '(fr)', 'French language']","['\nPierre Mendès France was born in Paris, France and his native language is French.']",ans,1
P103_general_WESTERN_COUNTRIES_986,Tom Hanks,"['English', 'en', 'English language', 'eng']","['\nTom Hanks is a native of Cincinnati, Ohio, and his native language is English.']",ans,1
P103_general_WESTERN_COUNTRIES_988,Sylvia Likens,"['English', 'en', 'English language', 'eng']",['\nSylvia Likens was born in Pennsylvania and her native language was English.'],ans,1
P103_general_WESTERN_COUNTRIES_990,Anne Frank,"['de', 'German', 'German language']","[""\nAnne Frank's native language was Dutch.""]",ans,0
P103_general_WESTERN_COUNTRIES_992,Roberto Benigni,"['it', 'Italiano', 'Italian', 'Italian language']",['\nRoberto Benigni is a native speaker of Italian.'],ans,1
P103_general_WESTERN_COUNTRIES_994,Walt Disney,"['eng', 'English (United States)', 'en-us', 'en_US', 'English', 'en', 'U.S. English', 'en_us', 'English language', 'AmE', 'United States English', 'US English', 'en-US', 'American English']","['\nWalt Disney was born in Chicago, Illinois, and his native language was English.']",ans,1
P103_general_WESTERN_COUNTRIES_996,Frank Lloyd Wright,"['English', 'en', 'English language', 'eng']","['\nFrank Lloyd Wright was born in Pennsylvania and grew up speaking English. However, he also had a strong interest in architecture and']",ans,1
P103_general_WESTERN_COUNTRIES_998,Vanilla Ice,"['English', 'en', 'English language', 'eng']",['\nVanilla Ice was born in the United States and his native language is English.'],ans,1
