﻿uuid,sub_label,obj_label,choices,ans_type,acc
P1412_general_WESTERN_COUNTRIES_0,Rafael Nadal,"['eng', 'ca', 'Catalan', 'Valencian', 'Valencià', 'English', 'en', 'es', 'Spanish language', 'Catalan language', 'Catalan-Valencian-Balearic', 'Català', 'Valencian language', 'English language', 'Español', 'Castilian language', 'Spanish', 'Castilian']",['\nRafael Nadal communicates in Spanish.'],ans,1
P1412_general_WESTERN_COUNTRIES_2,Gilbert Sincyr,"['fr', 'French', 'fra', '(fr)', 'French language']","[""\nI'm sorry, I cannot provide an accurate answer as Gilbert Sincyr is a fictional character and there is no""]",unk,0
P1412_general_WESTERN_COUNTRIES_4,Dieudonné M'bala M'bala,"['fr', 'French', 'fra', '(fr)', 'French language']","[""\nDieudonné M'bala M'bala communicates in French.""]",ans,1
P1412_general_WESTERN_COUNTRIES_6,Donald Trump,"['English', 'en', 'English language', 'eng']",['\nDonald Trump communicates in English.'],ans,1
P1412_general_WESTERN_COUNTRIES_8,Lionel Messi,"['es', 'Spanish language', 'Español', 'Castilian language', 'Spanish', 'Castilian']",['\nLionel Messi communicates in Spanish.'],ans,1
P1412_general_WESTERN_COUNTRIES_10,Emmanuel Macron,"['eng', 'English', 'fr', 'en', 'French', 'fra', 'French language', '(fr)', 'English language']",['\nEmmanuel Macron communicates in French.'],ans,1
P1412_general_WESTERN_COUNTRIES_12,Jacques Chirac,"['eng', 'ru', 'English', 'fr', 'en', 'Russian language', 'Russkiy', 'French', 'fra', 'French language', '(fr)', 'English language', 'Russkiy yazyk', 'Russian']",['\nJacques Chirac communicates in French.'],ans,1
P1412_general_WESTERN_COUNTRIES_14,Franz Wilhelm Junghuhn,"['de', 'German', 'German language']",['\nFranz Wilhelm Junghuhn communicates in German.'],ans,1
P1412_general_WESTERN_COUNTRIES_16,René Guénon,"['fr', 'French', 'fra', '(fr)', 'French language']",['\nRené Guénon communicates in French.'],ans,1
P1412_general_WESTERN_COUNTRIES_18,Jo-Wilfried Tsonga,"['fr', 'French', 'fra', '(fr)', 'French language']",['\nJo-Wilfried Tsonga communicates in French.'],ans,1
P1412_general_WESTERN_COUNTRIES_20,Cristiano Ronaldo,"['eng', 'pt', 'Portuguese language', 'English', 'en', 'es', 'Spanish language', 'English language', 'Portuguese', 'Español', 'Castilian language', 'Spanish', 'Castilian']",['\nCristiano Ronaldo communicates in Portuguese.'],ans,1
P1412_general_WESTERN_COUNTRIES_22,George Sand,"['fr', 'French', 'fra', '(fr)', 'French language']",['\nGeorge Sand communicates in French.'],ans,1
P1412_general_WESTERN_COUNTRIES_24,Gianluigi Buffon,"['it', 'Italiano', 'Italian', 'Italian language']",['\nGianluigi Buffon communicates in Italian.'],ans,1
P1412_general_WESTERN_COUNTRIES_26,Bahtiyar Duysak,"['de', 'German', 'German language']",['\nBahtiyar Duysak communicates in the Turkish language.'],ans,0
P1412_general_WESTERN_COUNTRIES_28,Barack Obama,"['eng', 'id', 'Bahasa', 'English', 'en', 'Indonesian', 'ind', 'Indonesian language', 'English language', 'bahasa Indonesia']",['\nBarack Obama communicates in English.'],ans,1
P1412_general_WESTERN_COUNTRIES_30,Valéry Giscard d'Estaing,"['fr', 'French', 'de', 'German', 'fra', 'French language', '(fr)', 'German language']","[""\nValéry Giscard d'Estaing communicates in French.""]",ans,1
P1412_general_WESTERN_COUNTRIES_32,Christian Veillet,"['fr', 'French', 'fra', '(fr)', 'French language']","[""\nI'm sorry, I cannot provide an answer to that question as Christian Veillet is a fictional character and there is""]",unk,0
P1412_general_WESTERN_COUNTRIES_34,Paolo Bacci,"['it', 'Italiano', 'Italian', 'Italian language']",['\nPaolo Bacci communicates in Italian.'],ans,1
P1412_general_WESTERN_COUNTRIES_36,Joe Biden,"['English', 'en', 'English language', 'eng']",['\nJoe Biden communicates in English.'],ans,1
P1412_general_WESTERN_COUNTRIES_38,Pierre André de Suffren de Saint Tropez,"['fr', 'French', 'fra', '(fr)', 'French language']",['\nPierre André de Suffren de Saint Tropez communicated in French.'],ans,1
P1412_general_WESTERN_COUNTRIES_40,Nicolas Sarkozy,"['fr', 'French', 'fra', '(fr)', 'French language']",['\nNicolas Sarkozy communicates in French.'],ans,1
P1412_general_WESTERN_COUNTRIES_42,Mitt Romney,"['eng', 'English', 'fr', 'en', 'French', 'fra', 'French language', '(fr)', 'English language']",['\nMitt Romney communicates in English.'],ans,1
P1412_general_WESTERN_COUNTRIES_44,Alexandre Millerand,"['fr', 'French', 'fra', '(fr)', 'French language']",['\nAlexandre Millerand communicated in French.'],ans,1
P1412_general_WESTERN_COUNTRIES_46,Charles Maurras,"['fr', 'French', 'fra', '(fr)', 'French language']",['\nCharles Maurras communicates in French.'],ans,1
P1412_general_WESTERN_COUNTRIES_48,Silvio Berlusconi,"['eng', 'Italian', 'it', 'English', 'fr', 'en', 'Italian language', 'Italiano', 'French', 'fra', 'French language', '(fr)', 'English language']",['\nSilvio Berlusconi communicates in Italian.'],ans,1
P1412_general_WESTERN_COUNTRIES_50,Salome Zurabishvili,"['en', 'fra', 'Italian', 'ქართული', 'Italiano', 'French', 'de', 'German', 'French language', 'Italian language', 'Georgian', 'Kartuli', 'it', 'English', 'fr', 'English language', 'ქართული ენა', 'German language', 'eng', 'Kartuli ena', 'ka', '(fr)', 'Georgian language']",['\nSalome Zurabishvili communicates in Georgian.'],ans,1
P1412_general_WESTERN_COUNTRIES_52,Kobe Bryant,"['eng', 'Italian', 'it', 'English', 'en', 'es', 'Spanish language', 'Italiano', 'English language', 'Italian language', 'Español', 'Castilian language', 'Spanish', 'Castilian']",['\nKobe Bryant communicates in English.'],ans,1
P1412_general_WESTERN_COUNTRIES_54,Serena Williams,"['eng', 'English', 'fr', 'en', 'French', 'fra', 'French language', '(fr)', 'English language']",['\nSerena Williams communicates in English.'],ans,1
P1412_general_WESTERN_COUNTRIES_56,Andy Murray,"['English', 'en', 'English language', 'eng']",['\nAndy Murray communicates in English.'],ans,1
P1412_general_WESTERN_COUNTRIES_58,John van der Neumann,"['Old Greek', 'lat', 'Latin', 'en', 'fra', 'la', 'French', 'de', 'German', 'French language', 'hu', 'English', 'fr', 'Hungarian language', 'English language', 'Hungarian', 'German language', 'Ancient Greek language', 'eng', 'grc', 'Old Greek language', 'Latin language', '(fr)', 'Ancient Greek']",['\nJohn van der Neumann communicates in English.'],ans,1
P1412_general_WESTERN_COUNTRIES_60,Alfred Siegling,"['de', 'German', 'German language']",['\nAlfred Siegling communicates in German.'],ans,1
P1412_general_WESTERN_COUNTRIES_62,Wilhelm Spindler,"['de', 'German', 'German language']","[""\nI'm sorry, I cannot provide an accurate answer as Wilhelm Spindler is a fictional character and there is no""]",unk,0
P1412_general_WESTERN_COUNTRIES_64,Karl-Heinz Schulz-Lepel,"['de', 'German', 'German language']",['\nKarl-Heinz Schulz-Lepel communicates in German.'],ans,1
P1412_general_WESTERN_COUNTRIES_66,Karlheinz Schulz Streeck,"['de', 'German', 'German language']",['\nKarlheinz Schulz Streeck communicates in German.'],ans,1
P1412_general_WESTERN_COUNTRIES_68,Hans Sturm,"['de', 'German', 'German language']","[""\nI'm sorry, I cannot provide an accurate answer as Hans Sturm is a fictional character and there is no information""]",unk,0
P1412_general_WESTERN_COUNTRIES_70,Hubert Sniers,"['de', 'German', 'German language']",['\nHubert Sniers communicates in Dutch.'],ans,0
P1412_general_WESTERN_COUNTRIES_72,Gerhard Simons,"['de', 'German', 'German language']",['\nGerhard Simons communicates in German.'],ans,1
P1412_general_WESTERN_COUNTRIES_74,Ernst Sorge,"['de', 'German', 'German language']",['\nErnst Sorge communicates in German.'],ans,1
P1412_general_WESTERN_COUNTRIES_76,Kurt Schumacher,"['de', 'German', 'German language']","[""\nI'm sorry, I cannot provide an answer to that question as it is not specified in the prompt.""]",unk,0
P1412_general_WESTERN_COUNTRIES_78,Georg Seelmann,"['de', 'German', 'German language']",['\nGeorg Seelmann communicates in German.'],ans,1
P1412_general_WESTERN_COUNTRIES_80,Walther Sievers,"['de', 'German', 'German language']",['\nWalther Sievers communicates in German.'],ans,1
P1412_general_WESTERN_COUNTRIES_82,Tucker Carlson,"['English', 'en', 'English language', 'eng']",['\nTucker Carlson communicates in English.'],ans,1
P1412_general_WESTERN_COUNTRIES_84,Georges Bataille,"['fr', 'French', 'fra', '(fr)', 'French language']",['\nGeorges Bataille was a French writer and filmmaker who wrote in French.'],ans,1
P1412_general_WESTERN_COUNTRIES_86,Maurice Duplessis,"['eng', 'English (Canada)', 'en-ca', 'English', 'Canadian French', 'fr', 'en', 'en-CA', 'en_CA', 'French', 'en_ca', 'French-Canadian dialect', 'fra', 'French language', '(fr)', 'English language', 'Canadian English']",['\nMaurice Duplessis communicates in French.'],ans,1
P1412_general_WESTERN_COUNTRIES_88,Amanda Lear,"['eng', 'Italian', 'it', 'English', 'fr', 'en', 'Italian language', 'Italiano', 'French', 'fra', 'French language', '(fr)', 'English language']",['\nAmanda Lear communicates in English.'],ans,1
P1412_general_WESTERN_COUNTRIES_90,Roger Federer,"['eng', 'English', 'fr', 'en', 'Swiss German', 'French', 'de', 'German', 'fra', 'French language', '(fr)', 'English language', 'German language']",['\nRoger Federer communicates in both English and Swiss German.'],ans,1
P1412_general_WESTERN_COUNTRIES_92,Elon Musk,"['English', 'en', 'English language', 'eng']",['\nElon Musk communicates in English.'],ans,1
P1412_general_WESTERN_COUNTRIES_94,Savannah Brinson,"['eng', 'English (United States)', 'en-us', 'en_US', 'English', 'en', 'U.S. English', 'en_us', 'English language', 'AmE', 'United States English', 'US English', 'en-US', 'American English']",['\nSavannah Brinson communicates in English.'],ans,1
P1412_general_WESTERN_COUNTRIES_96,Mike Pence,"['English', 'en', 'English language', 'eng']",['\nMike Pence communicates in English.'],ans,1
P1412_general_WESTERN_COUNTRIES_98,Stephen Harper,"['eng', 'English', 'fr', 'en', 'French', 'fra', 'French language', '(fr)', 'English language']",['\nStephen Harper communicates in both English and French.'],ans,1
P1412_general_WESTERN_COUNTRIES_100,Joseph René Vilatte,"['fr', 'French', 'fra', '(fr)', 'French language']",['\nJoseph René Vilatte communicates in French.'],ans,1
P1412_general_WESTERN_COUNTRIES_102,Johnny Hallyday,"['fr', 'French', 'fra', '(fr)', 'French language']",['\nJohnny Hallyday communicates in French.'],ans,1
P1412_general_WESTERN_COUNTRIES_104,Hillary Clinton,"['eng', 'English (United States)', 'en-us', 'en_US', 'English', 'en', 'U.S. English', 'en_us', 'English language', 'AmE', 'United States English', 'US English', 'en-US', 'American English']",['\nHillary Clinton communicates in English.'],ans,1
P1412_general_WESTERN_COUNTRIES_106,Lewis Hamilton,"['English', 'en', 'English language', 'eng']",['\nLewis Hamilton communicates in English.'],ans,1
P1412_general_WESTERN_COUNTRIES_108,Roberto Baggio,"['Italian', 'Venetian', 'vec', 'it', 'Italiano', 'Venetian language', 'Venetan', 'Italian language', 'Venetan language']",['\nRoberto Baggio communicates in Italian.'],ans,1
P1412_general_WESTERN_COUNTRIES_110,Cyrano de Bergerac,"['fr', 'French', 'fra', '(fr)', 'French language']",['\nCyrano de Bergerac communicates in French.'],ans,1
P1412_general_WESTERN_COUNTRIES_112,Julian Assange,"['English', 'en', 'English language', 'eng']",['\nJulian Assange communicates in English.'],ans,1
P1412_general_WESTERN_COUNTRIES_114,Mariah Carey,"['English', 'en', 'English language', 'eng']",['\nMariah Carey communicates in English.'],ans,1
P1412_general_WESTERN_COUNTRIES_116,Drake,"['eng', 'Castilian', 'es-419', 'English', 'en', 'es', 'Spanish language', 'es_419', 'English language', 'es-PE', 'Latin American Spanish', 'Español', 'Castilian language', 'Spanish', 'Peruvian Spanish']",['\nDrake communicates in English.'],ans,1
P1412_general_WESTERN_COUNTRIES_118,Patrick Dewaere,"['fr', 'French', 'fra', '(fr)', 'French language']",['\nPatrick Dewaere communicates in French.'],ans,1
P1412_general_WESTERN_COUNTRIES_120,Steve Davis,"['English', 'en', 'English language', 'eng']",['\nSteve Davis communicates in English.'],ans,1
P1412_general_WESTERN_COUNTRIES_122,Ben Roethlisberger,"['English', 'en', 'English language', 'eng']",['\nBen Roethlisberger communicates in English.'],ans,1
P1412_general_WESTERN_COUNTRIES_124,Lenny Leonard,"['English', 'en', 'English language', 'eng']","[""\nI'm sorry, I cannot provide an answer as Lenny Leonard is not a known public figure or language model.""]",unk,0
P1412_general_WESTERN_COUNTRIES_126,Carrie Underwood,"['English', 'en', 'English language', 'eng']",['\nCarrie Underwood communicates in English.'],ans,1
P1412_general_WESTERN_COUNTRIES_128,Martin Luther King Jr.,"['English', 'en', 'English language', 'eng']",['\nMartin Luther King Jr. communicates in English.'],ans,1
P1412_general_WESTERN_COUNTRIES_130,Connor Kenway,"['English', 'en', 'English language', 'eng']",['\nConnor Kenway communicates in English.'],ans,1
P1412_general_WESTERN_COUNTRIES_132,Frank Sinatra,"['English', 'en', 'English language', 'eng']",['\nFrank Sinatra communicates in English.'],ans,1
P1412_general_WESTERN_COUNTRIES_134,Jon Moxley,"['English', 'en', 'English language', 'eng']",['\nJon Moxley communicates in English.'],ans,1
P1412_general_WESTERN_COUNTRIES_136,Pierre Bonny,"['fr', 'French', 'fra', '(fr)', 'French language']",['\nPierre Bonny communicates in French.'],ans,1
P1412_general_WESTERN_COUNTRIES_138,Britney Spears,"['English', 'en', 'English language', 'eng']",['\nBritney Spears communicates in English.'],ans,1
P1412_general_WESTERN_COUNTRIES_140,François de Charette,"['fr', 'French', 'fra', '(fr)', 'French language']",['\nFrançois de Charette communicates in French.'],ans,1
P1412_general_WESTERN_COUNTRIES_142,Edward Snowden,"['eng', 'English', 'fr', 'en', 'French', 'fra', 'French language', '(fr)', 'English language']",['\nEdward Snowden communicates in English.'],ans,1
P1412_general_WESTERN_COUNTRIES_144,Stacey Ehrmantraut,"['English', 'en', 'English language', 'eng']",['\nStacey Ehrmantraut communicates in English.'],ans,1
P1412_general_WESTERN_COUNTRIES_146,Margaret Thatcher,"['English', 'en', 'English language', 'eng']",['\nMargaret Thatcher communicated in English.'],ans,1
P1412_general_WESTERN_COUNTRIES_148,Matteo Renzi,"['it', 'Italiano', 'Italian', 'Italian language']",['\nMatteo Renzi communicates in Italian.'],ans,1
P1412_general_WESTERN_COUNTRIES_150,Michael Jackson,"['eng', 'English (United States)', 'en-us', 'en_US', 'English', 'en', 'U.S. English', 'en_us', 'English language', 'AmE', 'United States English', 'US English', 'en-US', 'American English']",['\nMichael Jackson communicates in English.'],ans,1
P1412_general_WESTERN_COUNTRIES_152,Steve Bannon,"['English', 'en', 'English language', 'eng']",['\nSteve Bannon communicates in English.'],ans,1
P1412_general_WESTERN_COUNTRIES_154,Grégory Villemin,"['fr', 'French', 'fra', '(fr)', 'French language']",['\nGrégory Villemin communicates in French.'],ans,1
P1412_general_WESTERN_COUNTRIES_156,Louis Pasteur,"['fr', 'French', 'fra', '(fr)', 'French language']",['\nLouis Pasteur communicates in French.'],ans,1
P1412_general_WESTERN_COUNTRIES_158,Georganne LaPiere,"['English', 'en', 'English language', 'eng']",['\nGeorganne LaPiere communicates in English.'],ans,1
P1412_general_WESTERN_COUNTRIES_160,Mohammed Merah,"['fr', 'French', 'fra', '(fr)', 'French language']",['\nMohammed Merah communicates in both Arabic and French.'],ans,1
P1412_general_WESTERN_COUNTRIES_162,Katy Perry,"['English', 'en', 'English language', 'eng']",['\nKaty Perry communicates in English.'],ans,1
P1412_general_WESTERN_COUNTRIES_164,Eminem,"['English', 'en', 'English language', 'eng']",['\nEminem communicates in English.'],ans,1
P1412_general_WESTERN_COUNTRIES_166,Nicolas Mahut,"['fr', 'French', 'fra', '(fr)', 'French language']",['\nNicolas Mahut communicates in French.'],ans,1
P1412_general_WESTERN_COUNTRIES_168,Selena Gomez,"['eng', 'English', 'en', 'es', 'Spanish language', 'English language', 'Español', 'Castilian language', 'Spanish', 'Castilian']",['\nSelena Gomez communicates in English.'],ans,1
P1412_general_WESTERN_COUNTRIES_170,Dianna Agron,"['English', 'en', 'English language', 'eng']",['\nDianna Agron communicates in English.'],ans,1
P1412_general_WESTERN_COUNTRIES_172,Jennifer Lopez,"['eng', 'English', 'en', 'es', 'Spanish language', 'English language', 'Español', 'Castilian language', 'Spanish', 'Castilian']",['\nJennifer Lopez communicates in both English and Spanish.'],ans,1
P1412_general_WESTERN_COUNTRIES_174,Alexandria Ocasio-Cortez,"['eng', 'English', 'en', 'es', 'Spanish language', 'English language', 'Español', 'Castilian language', 'Spanish', 'Castilian']",['\nAlexandria Ocasio-Cortez communicates in English.'],ans,1
P1412_general_WESTERN_COUNTRIES_176,Hulk Hogan,"['English', 'en', 'English language', 'eng']",['\nHulk Hogan communicates in English.'],ans,1
P1412_general_WESTERN_COUNTRIES_178,Paul McCartney,"['English', 'en', 'English language', 'eng']",['\nPaul McCartney communicates in English.'],ans,1
P1412_general_WESTERN_COUNTRIES_180,Samuel Beckett,"['eng', 'English', 'fr', 'en', 'French', 'fra', 'French language', '(fr)', 'English language']",['\nSamuel Beckett communicates in English.'],ans,1
P1412_general_WESTERN_COUNTRIES_182,Bob Dylan,"['English', 'en', 'English language', 'eng']",['\nBob Dylan communicates in English.'],ans,1
P1412_general_WESTERN_COUNTRIES_184,Daniel Cohn-Bendit,"['fr', 'French', 'de', 'German', 'fra', 'French language', '(fr)', 'German language']",['\nDaniel Cohn-Bendit communicates in German.'],ans,1
P1412_general_WESTERN_COUNTRIES_186,Vito Spatafore,"['English', 'en', 'English language', 'eng']",['\nVito Spatafore communicates in Italian.'],ans,0
P1412_general_WESTERN_COUNTRIES_188,Tony Blundetto,"['English', 'en', 'English language', 'eng']",['\nTony Blundetto communicates in Italian.'],ans,0
P1412_general_WESTERN_COUNTRIES_190,Carmine Lupertazzi,"['English', 'en', 'English language', 'eng']",['\nCarmine Lupertazzi communicates in Italian.'],ans,0
P1412_general_WESTERN_COUNTRIES_192,Alec Woods,"['English', 'en', 'English language', 'eng']","[""\nI'm sorry, I cannot provide an answer to that question as it is not specified in the prompt.""]",unk,0
P1412_general_WESTERN_COUNTRIES_194,Justin Bieber,"['eng', 'English (Canada)', 'en-ca', 'English', 'en', 'en_CA', 'en-CA', 'en_ca', 'English language', 'Canadian English']",['\nJustin Bieber communicates in English.'],ans,1
P1412_general_WESTERN_COUNTRIES_196,Dwight D. Eisenhower,"['English', 'en', 'English language', 'eng']",['\nDwight D. Eisenhower communicates in English.'],ans,1
P1412_general_WESTERN_COUNTRIES_198,Nicki Minaj,"['English', 'en', 'English language', 'eng']",['\nNicki Minaj communicates in English.'],ans,1
P1412_general_WESTERN_COUNTRIES_200,Ulysses S Grant,"['English', 'en', 'English language', 'eng']",['\nUlysses S. Grant communicates in English.'],ans,1
P1412_general_WESTERN_COUNTRIES_202,Jean Giraud,"['fr', 'French', 'fra', '(fr)', 'French language']",['\nJean Giraud communicates in French.'],ans,1
P1412_general_WESTERN_COUNTRIES_204,Charles V of France,"['fr', 'French', 'fra', '(fr)', 'French language']",['\nCharles V of France communicated in French.'],ans,1
P1412_general_WESTERN_COUNTRIES_206,Mike Grose,"['English', 'en', 'English language', 'eng']",['\nMike Grose communicates in English.'],ans,1
P1412_general_WESTERN_COUNTRIES_208,Hubert Gough,"['English', 'en', 'English language', 'eng']",['\nHubert Gough communicates in English.'],ans,1
P1412_general_WESTERN_COUNTRIES_210,J. Martin,"['English', 'en', 'English language', 'eng']","[""\nI'm sorry, I cannot provide an accurate answer as J. Martin is a fictional character and there is no information""]",unk,0
P1412_general_WESTERN_COUNTRIES_212,Carl Jung,"['eng', 'English', 'en', 'de', 'German', 'English language', 'German language']",['\nCarl Jung communicates in both English and German.'],ans,1
P1412_general_WESTERN_COUNTRIES_214,Ariana Grande,"['English', 'en', 'English language', 'eng']",['\nAriana Grande communicates in English.'],ans,1
P1412_general_WESTERN_COUNTRIES_216,Gaël Monfils,"['fr', 'French', 'fra', '(fr)', 'French language']",['\nGaël Monfils communicates in French.'],ans,1
P1412_general_WESTERN_COUNTRIES_218,Nicolas Dalayrac,"['fr', 'French', 'fra', '(fr)', 'French language']",['\nNicolas Dalayrac communicates in French.'],ans,1
P1412_general_WESTERN_COUNTRIES_220,Chuck Schumer,"['English', 'en', 'English language', 'eng']",['\nChuck Schumer communicates in English.'],ans,1
P1412_general_WESTERN_COUNTRIES_222,Bernard Hinault,"['fr', 'French', 'fra', '(fr)', 'French language']",['\nBernard Hinault communicates in French.'],ans,1
P1412_general_WESTERN_COUNTRIES_224,"Gilbert du Motier, Marquis de Lafayette","['eng', 'English', 'fr', 'en', 'French', 'fra', 'French language', '(fr)', 'English language']","['\nGilbert du Motier, Marquis de Lafayette, communicated in French.']",ans,1
P1412_general_WESTERN_COUNTRIES_226,Rudi Reußner,"['de', 'German', 'German language']",['\nRudi Reußner communicates in German.'],ans,1
P1412_general_WESTERN_COUNTRIES_228,Karl Rammelt,"['de', 'German', 'German language']",['\nKarl Rammelt communicates in German.'],ans,1
P1412_general_WESTERN_COUNTRIES_230,Josef Rettemeier,"['de', 'German', 'German language']",['\nJosef Rettemeier communicates in German.'],ans,1
P1412_general_WESTERN_COUNTRIES_232,Werner Roell,"['de', 'German', 'German language']",['\nWerner Roell communicates in German.'],ans,1
P1412_general_WESTERN_COUNTRIES_234,Otto Ritz,"['de', 'German', 'German language']",['\nOtto Ritz communicates in German.'],ans,1
P1412_general_WESTERN_COUNTRIES_236,Willi Rothhaar,"['de', 'German', 'German language']",['\nWilli Rothhaar communicates in German.'],ans,1
P1412_general_WESTERN_COUNTRIES_238,Volprecht Riedesel Freiherr zu Eisenbach,"['de', 'German', 'German language']",['\nVolprecht Riedesel Freiherr zu Eisenbach communicates in German.'],ans,1
P1412_general_WESTERN_COUNTRIES_240,Erwin Franz Roestel,"['de', 'German', 'German language']",['\nErwin Franz Roestel communicates in German.'],ans,1
P1412_general_WESTERN_COUNTRIES_242,Wilfrid Richter,"['de', 'German', 'German language']",['\nWilfrid Richter communicates in English.'],ans,0
P1412_general_WESTERN_COUNTRIES_244,Gottlieb Renz,"['de', 'German', 'German language']",['\nGottlieb Renz communicates in German.'],ans,1
P1412_general_WESTERN_COUNTRIES_246,Benno Reuter,"['de', 'German', 'German language']",['\nBenno Reuter communicates in German.'],ans,1
P1412_general_WESTERN_COUNTRIES_248,Karl Rixecker,"['de', 'German', 'German language']",['\nKarl Rixecker communicates in German.'],ans,1
P1412_general_WESTERN_COUNTRIES_250,Fritz Rentrop,"['de', 'German', 'German language']",['\nFritz Rentrop communicates in German.'],ans,1
P1412_general_WESTERN_COUNTRIES_252,Viktor Rall,"['de', 'German', 'German language']",['\nViktor Rall communicates in Russian.'],ans,0
P1412_general_WESTERN_COUNTRIES_254,Gustav Reimar,"['de', 'German', 'German language']",['\nGustav Reimar communicates in German.'],ans,1
P1412_general_WESTERN_COUNTRIES_256,August Reuter,"['de', 'German', 'German language']",['\nAugust Reuter communicates in German.'],ans,1
P1412_general_WESTERN_COUNTRIES_258,George Washington,"['English', 'en', 'English language', 'eng']",['\nGeorge Washington communicated in English.'],ans,1
P1412_general_WESTERN_COUNTRIES_260,Benedict XVI,"['lat', 'Latin', 'en', 'Spanish language', 'fra', 'Italian', 'Italiano', 'la', 'French', 'de', 'German', 'French language', 'Italian language', 'it', 'English', 'fr', 'English language', 'Español', 'Castilian', 'Spanish', 'German language', 'eng', 'es', 'Latin language', '(fr)', 'Castilian language']","['\nBenedict XVI communicates in Latin, the language of the Catholic Church.']",ans,1
P1412_general_WESTERN_COUNTRIES_262,Wali,"['fr', 'French', 'fra', '(fr)', 'French language']",['\nWali communicates in both English and Urdu.'],ans,0
P1412_general_WESTERN_COUNTRIES_264,Avril Lavigne,"['English', 'en', 'English language', 'eng']",['\nAvril Lavigne communicates in English.'],ans,1
P1412_general_WESTERN_COUNTRIES_266,Karl Schrepfer,"['de', 'German', 'German language']",['\nKarl Schrepfer communicates in German.'],ans,1
P1412_general_WESTERN_COUNTRIES_268,Egon-Reiner von Schlippenbach,"['de', 'German', 'German language']",['\nEgon-Reiner von Schlippenbach communicates in German.'],ans,1
P1412_general_WESTERN_COUNTRIES_270,Martin Saltzwedel,"['de', 'German', 'German language']",['\nMartin Saltzwedel communicates in German.'],ans,1
P1412_general_WESTERN_COUNTRIES_272,Gerhart Schirmer,"['de', 'German', 'German language']",['\nGerhart Schirmer communicates in German.'],ans,1
P1412_general_WESTERN_COUNTRIES_274,Walter Sander,"['de', 'German', 'German language']","[""\nI'm sorry, I cannot provide an answer to that question as it is not specified in the prompt.""]",unk,0
P1412_general_WESTERN_COUNTRIES_276,Johannes Scherg,"['de', 'German', 'German language']",['\nJohannes Scherg communicates in German.'],ans,1
P1412_general_WESTERN_COUNTRIES_278,Wilhelm von Salisch,"['de', 'German', 'German language']","[""\nI'm sorry, I cannot provide an accurate answer as Wilhelm von Salisch is a fictional character and there is no""]",unk,0
P1412_general_WESTERN_COUNTRIES_280,Franz Schreiber,"['de', 'German', 'German language']",['\nFranz Schreiber communicates in German.'],ans,1
P1412_general_WESTERN_COUNTRIES_282,Anton Schmid,"['de', 'German', 'German language']",['\nAnton Schmid communicates in German.'],ans,1
P1412_general_WESTERN_COUNTRIES_284,Curt Schille,"['de', 'German', 'German language']",['\nCurt Schille communicates in English.'],ans,0
P1412_general_WESTERN_COUNTRIES_286,Danica Patrick,"['eng', 'English (United States)', 'en-us', 'en_US', 'English', 'en', 'U.S. English', 'en_us', 'English language', 'AmE', 'United States English', 'US English', 'en-US', 'American English']",['\nDanica Patrick communicates in English.'],ans,1
P1412_general_WESTERN_COUNTRIES_288,Jacques Lacan,"['fr', 'French', 'de', 'German', 'fra', 'French language', '(fr)', 'German language']",['\nJacques Lacan communicates in French.'],ans,1
P1412_general_WESTERN_COUNTRIES_290,Bruno Mars,"['eng', 'English', 'en', 'es', 'Spanish language', 'English language', 'Español', 'Castilian language', 'Spanish', 'Castilian']",['\nBruno Mars communicates in English.'],ans,1
P1412_general_WESTERN_COUNTRIES_292,Robert Byrd,"['English', 'en', 'English language', 'eng']",['\nRobert Byrd communicates in English.'],ans,1
P1412_general_WESTERN_COUNTRIES_294,Connor Lawson,"['English', 'en', 'English language', 'eng']",['\nConnor Lawson communicates in English.'],ans,1
P1412_general_WESTERN_COUNTRIES_296,Karim Benzema,"['fr', 'French', 'fra', '(fr)', 'French language']",['\nKarim Benzema communicates in French.'],ans,1
P1412_general_WESTERN_COUNTRIES_298,Alfred Matern,"['de', 'German', 'German language']",['\nAlfred Matern was a German writer and poet who wrote in German.'],ans,1
P1412_general_WESTERN_COUNTRIES_300,Helmut Möhlmann,"['de', 'German', 'German language']",['\nHelmut Möhlmann communicates in German.'],ans,1
P1412_general_WESTERN_COUNTRIES_302,Karl-Hermann Millahn,"['de', 'German', 'German language']",['\nKarl-Hermann Millahn communicates in German.'],ans,1
P1412_general_WESTERN_COUNTRIES_304,Siegfried Moldenhauer,"['de', 'German', 'German language']",['\nSiegfried Moldenhauer communicates in German.'],ans,1
P1412_general_WESTERN_COUNTRIES_306,Karl Müller,"['de', 'German', 'German language']",['\nKarl Müller communicates in German.'],ans,1
P1412_general_WESTERN_COUNTRIES_308,Rolf Mager,"['de', 'German', 'German language']",['\nRolf Mager communicates in German.'],ans,1
P1412_general_WESTERN_COUNTRIES_310,Hubert-Erwin Meierdress,"['de', 'German', 'German language']",['\nHubert-Erwin Meierdress communicates in German.'],ans,1
P1412_general_WESTERN_COUNTRIES_312,Theodor von Mauchenheim,"['de', 'German', 'German language']",['\nTheodor von Mauchenheim communicates in German.'],ans,1
P1412_general_WESTERN_COUNTRIES_314,Carl-Friedrich Mohr,"['de', 'German', 'German language']",['\nCarl-Friedrich Mohr communicates in German.'],ans,1
P1412_general_WESTERN_COUNTRIES_316,Kurt Maier,"['de', 'German', 'German language']","[""\nI'm sorry, I cannot provide an answer to that question as it is not specified in the prompt.""]",unk,0
P1412_general_WESTERN_COUNTRIES_318,Wolfgang Meinhold,"['de', 'German', 'German language']","[""\nI'm sorry, I cannot provide an answer to that question as Wolfgang Meinhold is a German composer and not a""]",unk,1
P1412_general_WESTERN_COUNTRIES_320,Hans-Joachim Merks,"['de', 'German', 'German language']",['\nHans-Joachim Merks communicates in German.'],ans,1
P1412_general_WESTERN_COUNTRIES_322,Hans Meier,"['de', 'German', 'German language']","[""\nI'm sorry, I cannot provide an answer to that question as Hans Meier is a fictional character and there is""]",unk,0
P1412_general_WESTERN_COUNTRIES_324,Martin Moßdorf,"['de', 'German', 'German language']",['\nMartin Moßdorf communicates in German.'],ans,1
P1412_general_WESTERN_COUNTRIES_326,Teresa of Ávila,"['es', 'Spanish language', 'Español', 'Castilian language', 'Spanish', 'Castilian']",['\nTeresa of Ávila communicates in Spanish.'],ans,1
P1412_general_WESTERN_COUNTRIES_328,XXXTentacion,"['English', 'en', 'English language', 'eng']",['\nXXXTentacion communicates in Spanish.'],ans,0
P1412_general_WESTERN_COUNTRIES_330,Bernhard Walterbach,"['de', 'German', 'German language']","[""\nI'm sorry, I cannot provide an answer to that question as Bernhard Walterbach is a fictional character and there""]",unk,0
P1412_general_WESTERN_COUNTRIES_332,Johann-Friedrich Wessels,"['de', 'German', 'German language']",['\nJohann-Friedrich Wessels communicates in German.'],ans,1
P1412_general_WESTERN_COUNTRIES_334,Herbert Weiß,"['de', 'German', 'German language']",['\nHerbert Weiß communicates in German.'],ans,1
P1412_general_WESTERN_COUNTRIES_336,Johannes Weineck,"['de', 'German', 'German language']",['\nJohannes Weineck communicates in German.'],ans,1
P1412_general_WESTERN_COUNTRIES_338,Hermann Wischnewski,"['de', 'German', 'German language']",['\nHermann Wischnewski communicates in German.'],ans,1
P1412_general_WESTERN_COUNTRIES_340,Karl Willig,"['de', 'German', 'German language']",['\nKarl Willig communicates in English.'],ans,0
P1412_general_WESTERN_COUNTRIES_342,Balthasar Woll,"['de', 'German', 'German language']",['\nBalthasar Woll communicates in German.'],ans,1
P1412_general_WESTERN_COUNTRIES_344,Wilhelm Walther,"['de', 'German', 'German language']",['\nWilhelm Walther communicates in German.'],ans,1
P1412_general_WESTERN_COUNTRIES_346,Hans Witt,"['de', 'German', 'German language']","[""\nI'm sorry, I cannot provide an answer to that question as it is not specified in the prompt.""]",unk,0
P1412_general_WESTERN_COUNTRIES_348,Georg Wenzelburger,"['de', 'German', 'German language']",['\nGeorg Wenzelburger communicates in German.'],ans,1
P1412_general_WESTERN_COUNTRIES_350,Herbert Wittmann,"['de', 'German', 'German language']",['\nHerbert Wittmann communicates in German.'],ans,1
P1412_general_WESTERN_COUNTRIES_352,Giselher Wilke,"['de', 'German', 'German language']",['\nGiselher Wilke communicates in German.'],ans,1
P1412_general_WESTERN_COUNTRIES_354,Günther-Eberhardt Wisliceny,"['de', 'German', 'German language']",['\nGünther-Eberhardt Wisliceny communicates in German.'],ans,1
P1412_general_WESTERN_COUNTRIES_356,Thilo Freiherr von Werthern,"['de', 'German', 'German language']",['\nThilo Freiherr von Werthern communicates in German.'],ans,1
P1412_general_WESTERN_COUNTRIES_358,Rudolf Winnerl,"['de', 'German', 'German language']",['\nRudolf Winnerl communicates in German.'],ans,1
P1412_general_WESTERN_COUNTRIES_360,Madonna,"['English', 'en', 'English language', 'eng']",['\nMadonna communicates in English.'],ans,1
P1412_general_WESTERN_COUNTRIES_362,The Miz,"['eng', 'English', 'fr', 'en', 'French', 'fra', 'French language', '(fr)', 'English language']",['\nThe Miz communicates in English.'],ans,1
P1412_general_WESTERN_COUNTRIES_364,Paris Hilton,"['English', 'en', 'English language', 'eng']",['\nParis Hilton communicates in English.'],ans,1
P1412_general_WESTERN_COUNTRIES_366,Angelina Jolie,"['en_US', 'Central Khmer', 'Khmer', 'km', 'en', 'Khmer language', 'United States English', 'American English', 'Cambodian language', 'en-US', 'English (United States)', 'en-us', 'English', 'en_us', 'U.S. English', 'English language', 'AmE', 'US English', 'eng']","['\nAngelina Jolie communicates in multiple languages, including English, French, and Spanish.']",ans,1
P1412_general_WESTERN_COUNTRIES_368,Kurt Angle,"['English', 'en', 'English language', 'eng']",['\nKurt Angle communicates in English.'],ans,1
P1412_general_WESTERN_COUNTRIES_370,Thomas Jefferson,"['eng', 'lat', 'Italian', 'it', 'English', 'Latin', 'fr', 'en', 'Latin language', 'la', 'French', 'Italiano', 'Italian language', 'fra', 'French language', '(fr)', 'English language']",['\nThomas Jefferson communicated in both English and French.'],ans,1
P1412_general_WESTERN_COUNTRIES_372,Claudio Bravo,"['es', 'Spanish language', 'Español', 'Castilian language', 'Spanish', 'Castilian']",['\nClaudio Bravo communicates in Spanish.'],ans,1
P1412_general_WESTERN_COUNTRIES_374,Carl Schmitt,"['de', 'German', 'German language']",['\nCarl Schmitt communicates in German.'],ans,1
P1412_general_WESTERN_COUNTRIES_376,Maurice Chevalier,"['eng', 'English', 'fr', 'en', 'French', 'fra', 'French language', '(fr)', 'English language']",['\nMaurice Chevalier communicates in French.'],ans,1
P1412_general_WESTERN_COUNTRIES_378,Jacques Villeneuve,"['eng', 'Italian', 'it', 'English', 'fr', 'en', 'Italian language', 'Italiano', 'French', 'fra', 'French language', '(fr)', 'English language']",['\nJacques Villeneuve communicates in French.'],ans,1
P1412_general_WESTERN_COUNTRIES_380,Bernhard Hamester,"['de', 'German', 'German language']","[""\nI'm sorry, I cannot provide an answer as Bernhard Hamester is a fictional character and there is no""]",unk,0
P1412_general_WESTERN_COUNTRIES_382,Bruno Hinz,"['de', 'German', 'German language']","[""\nI'm sorry, I cannot provide an answer to that question as it is not specified in the prompt.""]",unk,0
P1412_general_WESTERN_COUNTRIES_384,Reino Hamer,"['de', 'German', 'German language']",['\nReino Hamer communicates in English.'],ans,0
P1412_general_WESTERN_COUNTRIES_386,Hans-Georg Hess,"['de', 'German', 'German language']",['\nHans-Georg Hess communicates in German.'],ans,1
P1412_general_WESTERN_COUNTRIES_388,Otto Hielscher,"['de', 'German', 'German language']",['\nOtto Hielscher communicates in German.'],ans,1
P1412_general_WESTERN_COUNTRIES_390,Engelbert Heiner,"['de', 'German', 'German language']",['\nEngelbert Heiner communicates in German.'],ans,1
P1412_general_WESTERN_COUNTRIES_392,Konrad Heubeck,"['de', 'German', 'German language']",['\nKonrad Heubeck communicates in German.'],ans,1
P1412_general_WESTERN_COUNTRIES_394,Josef Heichele,"['de', 'German', 'German language']",['\nJosef Heichele communicates in German.'],ans,1
P1412_general_WESTERN_COUNTRIES_396,Heinz Haag,"['de', 'German', 'German language']",['\nHeinz Haag communicates in German.'],ans,1
P1412_general_WESTERN_COUNTRIES_398,Herbert Hampe,"['de', 'German', 'German language']",['\nHerbert Hampe communicates in English.'],ans,0
P1412_general_WESTERN_COUNTRIES_400,Francisco de Goya,"['es', 'Spanish language', 'Español', 'Castilian language', 'Spanish', 'Castilian']",['\nFrancisco de Goya communicates in Spanish.'],ans,1
P1412_general_WESTERN_COUNTRIES_402,Arnold Schwarzenegger,"['en', 'de-at', 'Austrian-German', 'Austrian German', 'Austrian accent', 'de', 'German', 'Austrian Standard German', 'AustriaLanguage', 'Austrian German language', 'English', 'English language', 'German language', 'eng', 'österreichisches Deutsch', 'Austrian Dialect', 'de_AT', 'Austrian language', 'Austria/Language']",['\nArnold Schwarzenegger communicates in German.'],ans,1
P1412_general_WESTERN_COUNTRIES_404,Winston Churchill,"['eng', 'English', 'fr', 'en', 'French', 'fra', 'French language', '(fr)', 'English language']",['\nWinston Churchill communicates in English.'],ans,1
P1412_general_WESTERN_COUNTRIES_406,Martin Fourcade,"['eng', 'English', 'fr', 'en', 'French', 'fra', 'French language', '(fr)', 'English language']",['\nMartin Fourcade communicates in French.'],ans,1
P1412_general_WESTERN_COUNTRIES_408,Bobby Fischer,"['eng', 'Íslenska', 'English', 'en', 'Icelandic language', 'Icelandic', 'English language', 'is']",['\nBobby Fischer communicates in English.'],ans,1
P1412_general_WESTERN_COUNTRIES_410,William Bonin,"['English', 'en', 'English language', 'eng']",['\nWilliam Bonin communicates in English.'],ans,1
P1412_general_WESTERN_COUNTRIES_412,Milos Raonic,"['English', 'en', 'English language', 'eng']",['\nMilos Raonic communicates in both English and Serbian.'],ans,1
P1412_general_WESTERN_COUNTRIES_414,Renate Blauel,"['de', 'German', 'German language']",['\nRenate Blauel communicates in German.'],ans,1
P1412_general_WESTERN_COUNTRIES_416,CM Punk,"['English', 'en', 'English language', 'eng']",['\nCM Punk communicates in English.'],ans,1
P1412_general_WESTERN_COUNTRIES_418,Andrew Cuomo,"['English', 'en', 'English language', 'eng']",['\nAndrew Cuomo communicates in English.'],ans,1
P1412_general_WESTERN_COUNTRIES_420,Ruth Bader Ginsburg,"['en_US', 'Hebrew', 'en', 'United States English', 'Swedish', 'Iwrit', 'Jewish language', 'American English', 'Svenska', 'Ivrit', 'heb', 'en-US', 'English (United States)', 'en-us', 'English', 'en_us', 'U.S. English', 'English language', 'AmE', 'US English', 'sv', 'he', 'eng', 'Hebrew language', 'Swedish language']",['\nRuth Bader Ginsburg communicates in English.'],ans,1
P1412_general_WESTERN_COUNTRIES_422,Marilyn Manson,"['English', 'en', 'English language', 'eng']",['\nMarilyn Manson communicates in English.'],ans,1
P1412_general_WESTERN_COUNTRIES_424,Céline Dion,"['eng', 'English', 'fr', 'en', 'French', 'fra', 'French language', '(fr)', 'English language']",['\nCéline Dion communicates in both French and English.'],ans,1
P1412_general_WESTERN_COUNTRIES_426,"Sir Henry Wilson, 1st Baronet","['English', 'en', 'English language', 'eng']","['\nSir Henry Wilson, 1st Baronet communicated in English.']",ans,1
P1412_general_WESTERN_COUNTRIES_428,"Louis de Rouvroy, duc de Saint-Simon","['fr', 'French', 'fra', '(fr)', 'French language']","['\nLouis de Rouvroy, duc de Saint-Simon, communicated in French.']",ans,1
P1412_general_WESTERN_COUNTRIES_430,Nikolas Cruz,"['English', 'en', 'English language', 'eng']",['\nNikolas Cruz communicates in English.'],ans,1
P1412_general_WESTERN_COUNTRIES_432,Chelsea Manning,"['English', 'en', 'English language', 'eng']",['\nChelsea Manning communicates in English.'],ans,1
P1412_general_WESTERN_COUNTRIES_434,Miley Cyrus,"['English', 'en', 'English language', 'eng']",['\nMiley Cyrus communicates in English.'],ans,1
P1412_general_WESTERN_COUNTRIES_436,Giuseppe Conte,"['eng', 'Italian', 'it', 'English', 'en', 'Italiano', 'English language', 'Italian language']",['\nGiuseppe Conte communicates in Italian.'],ans,1
P1412_general_WESTERN_COUNTRIES_438,Bradley Wiggins,"['English', 'en', 'English language', 'eng']",['\nBradley Wiggins communicates in English.'],ans,1
P1412_general_WESTERN_COUNTRIES_440,R. Kelly,"['English', 'en', 'English language', 'eng']",['\nR. Kelly communicates in English.'],ans,1
P1412_general_WESTERN_COUNTRIES_442,Thiago Silva,"['pt', 'Portuguese language', 'Portuguese']",['\nThiago Silva communicates in Portuguese.'],ans,1
P1412_general_WESTERN_COUNTRIES_444,Totò,"['it', 'Italiano', 'Italian', 'Italian language']",['\nTotò communicates in Italian.'],ans,1
P1412_general_WESTERN_COUNTRIES_446,Mary Davies Wilburn,"['English', 'en', 'English language', 'eng']",['\nMary Davies Wilburn communicates in English.'],ans,1
P1412_general_WESTERN_COUNTRIES_448,Pep Fraudiola,"['en', 'Spanish language', 'Catalan-Valencian-Balearic', 'Italian', 'Italiano', 'de', 'German', 'Italian language', 'ca', 'it', 'English', 'Catalan language', 'Català', 'Valencian language', 'English language', 'Español', 'Castilian', 'Spanish', 'German language', 'eng', 'Catalan', 'Valencià', 'es', 'Valencian', 'Castilian language']","['\nPep Guardiola, the former manager of Barcelona and Bayern Munich, is known to communicate in Spanish.']",ans,1
P1412_general_WESTERN_COUNTRIES_450,John Kasich,"['English', 'en', 'English language', 'eng']",['\nJohn Kasich communicates in English.'],ans,1
P1412_general_WESTERN_COUNTRIES_452,Rand Paul,"['English', 'en', 'English language', 'eng']",['\nRand Paul communicates in English.'],ans,1
P1412_general_WESTERN_COUNTRIES_454,Ted Kennedy,"['English', 'en', 'English language', 'eng']",['\nTed Kennedy communicates in English.'],ans,1
P1412_general_WESTERN_COUNTRIES_456,Steve McManaman,"['English', 'en', 'English language', 'eng']",['\nSteve McManaman communicates in English.'],ans,1
P1412_general_WESTERN_COUNTRIES_458,Madeleine McCann,"['English', 'en', 'English language', 'eng']",['\nMadeleine McCann communicates in English.'],ans,1
P1412_general_WESTERN_COUNTRIES_460,Max Verstappen,"['eng', 'nl', 'English', 'en', 'nld', 'ned', 'Dutch language', 'Netherlandic language', 'Flemish language', 'English language', 'Netherlandic', 'Dutch', 'Nederlands', 'Flemish', 'Netherlandish']",['\nMax Verstappen communicates in Dutch.'],ans,1
P1412_general_WESTERN_COUNTRIES_462,Newt Gingrich,"['English', 'en', 'English language', 'eng']",['\nNewt Gingrich communicates in English.'],ans,1
P1412_general_WESTERN_COUNTRIES_464,Claus Korth,"['de', 'German', 'German language']",['\nClaus Korth communicates in German.'],ans,1
P1412_general_WESTERN_COUNTRIES_466,Alfons Köster,"['de', 'German', 'German language']",['\nAlfons Köster communicates in German.'],ans,1
P1412_general_WESTERN_COUNTRIES_468,Andreas Kuffner,"['de', 'German', 'German language']",['\nAndreas Kuffner communicates in German.'],ans,1
P1412_general_WESTERN_COUNTRIES_470,Konrad Knabe,"['de', 'German', 'German language']",['\nKonrad Knabe communicates in German.'],ans,1
P1412_general_WESTERN_COUNTRIES_472,Ernst Knebel,"['de', 'German', 'German language']",['\nErnst Knebel communicates in German.'],ans,1
P1412_general_WESTERN_COUNTRIES_474,Otto Kron,"['de', 'German', 'German language']",['\nOtto Kron communicates in German.'],ans,1
P1412_general_WESTERN_COUNTRIES_476,Reinhard König,"['de', 'German', 'German language']",['\nReinhard König communicates in German.'],ans,1
P1412_general_WESTERN_COUNTRIES_478,Hans-Peter Knaust,"['de', 'German', 'German language']",['\nHans-Peter Knaust communicates in German.'],ans,1
P1412_general_WESTERN_COUNTRIES_480,Wilhelm Kohler,"['de', 'German', 'German language']",['\nWilhelm Kohler communicates in German.'],ans,1
P1412_general_WESTERN_COUNTRIES_482,Boris Kraas,"['de', 'German', 'German language']",['\nBoris Kraas communicates in English.'],ans,0
P1412_general_WESTERN_COUNTRIES_484,Heinz Korn,"['de', 'German', 'German language']",['\nHeinz Korn communicates in German.'],ans,1
P1412_general_WESTERN_COUNTRIES_486,Max Kurze,"['de', 'German', 'German language']",['\nMax Kurze communicates in German.'],ans,1
P1412_general_WESTERN_COUNTRIES_488,Gerhard Krems,"['de', 'German', 'German language']",['\nGerhard Krems communicates in German.'],ans,1
P1412_general_WESTERN_COUNTRIES_490,Adam Lanza,"['English', 'en', 'English language', 'eng']",['\nAdam Lanza communicates in English.'],ans,1
P1412_general_WESTERN_COUNTRIES_492,Louis de Funès,"['fr', 'French', 'fra', '(fr)', 'French language']",['\nLouis de Funès communicates in French.'],ans,1
P1412_general_WESTERN_COUNTRIES_494,Michael Schumacher,"['eng', 'Italian', 'it', 'English', 'en', 'Italiano', 'de', 'German', 'English language', 'Italian language', 'German language']",['\nMichael Schumacher communicates in German.'],ans,1
P1412_general_WESTERN_COUNTRIES_496,Steve Jobs,"['English', 'en', 'English language', 'eng']",['\nSteve Jobs communicated in English.'],ans,1
P1412_general_WESTERN_COUNTRIES_498,Matt Gaetz,"['English', 'en', 'English language', 'eng']",['\nMatt Gaetz communicates in English.'],ans,1
P1412_general_WESTERN_COUNTRIES_500,Albert Einstein,"['de', 'German', 'German language']",['\nAlbert Einstein communicated in German.'],ans,1
P1412_general_WESTERN_COUNTRIES_502,Drew McIntyre,"['English', 'en', 'English language', 'eng']",['\nDrew McIntyre communicates in English.'],ans,1
P1412_general_WESTERN_COUNTRIES_504,Charles de Foucauld,"['Tuareg', 'Tamahaq language', 'fr', 'Tamahaq (Algeria)', 'French', 'Tahaggart Tamahaq', 'fra', 'French language', '(fr)', 'Tamashek', 'Tamahaq', 'Tuareg languages', 'Tamahaq (Libya)']",['\nCharles de Foucauld communicated in French.'],ans,1
P1412_general_WESTERN_COUNTRIES_506,Harry S Truman,"['English', 'en', 'English language', 'eng']",['\nHarry S Truman communicates in English.'],ans,1
P1412_general_WESTERN_COUNTRIES_508,Ronaldinho,"['pt', 'Portuguese language', 'es', 'Spanish language', 'Portuguese', 'Español', 'Castilian language', 'Spanish', 'Castilian']",['\nRonaldinho communicates in Portuguese.'],ans,1
P1412_general_WESTERN_COUNTRIES_510,Eden Hazard,"['fr', 'French', 'fra', '(fr)', 'French language']",['\nEden Hazard communicates in both English and French.'],ans,1
P1412_general_WESTERN_COUNTRIES_512,Tony Blair,"['English', 'en', 'English language', 'eng']",['\nTony Blair communicates in English.'],ans,1
P1412_general_WESTERN_COUNTRIES_514,Felicity Smoak,"['English', 'en', 'English language', 'eng']",['\nFelicity Smoak communicates in English.'],ans,1
P1412_general_WESTERN_COUNTRIES_516,Charles Lindbergh,"['English', 'en', 'English language', 'eng']",['\nCharles Lindbergh communicates in both English and German.'],ans,1
P1412_general_WESTERN_COUNTRIES_518,Bernard d'Ormale,"['fr', 'French', 'fra', '(fr)', 'French language']","[""\nI'm sorry, I cannot provide an answer as there is no information available on Bernard d'Ormale's""]",unk,0
P1412_general_WESTERN_COUNTRIES_520,Michel Sardou,"['fr', 'French', 'fra', '(fr)', 'French language']",['\nMichel Sardou communicates in French.'],ans,1
P1412_general_WESTERN_COUNTRIES_522,Naya Rivera,"['eng', 'English', 'en', 'es', 'Spanish language', 'English language', 'Español', 'Castilian language', 'Spanish', 'Castilian']",['\nNaya Rivera communicates in English.'],ans,1
P1412_general_WESTERN_COUNTRIES_524,Janet Jackson,"['English', 'en', 'English language', 'eng']",['\nJanet Jackson communicates in English.'],ans,1
P1412_general_WESTERN_COUNTRIES_526,Hergé,"['fr', 'French', 'fra', '(fr)', 'French language']","['\nHergé, the creator of Tintin, communicates in French.']",ans,1
P1412_general_WESTERN_COUNTRIES_528,Charles-Maurice de Talleyrand-Périgord,"['fr', 'French', 'fra', '(fr)', 'French language']",['\nCharles-Maurice de Talleyrand-Périgord communicates in French.'],ans,1
P1412_general_WESTERN_COUNTRIES_530,Thierry Henry,"['fr', 'French', 'fra', '(fr)', 'French language']",['\nThierry Henry communicates in French.'],ans,1
P1412_general_WESTERN_COUNTRIES_532,Johnny Depp,"['English', 'en', 'English language', 'eng']",['\nJohnny Depp communicates in English.'],ans,1
P1412_general_WESTERN_COUNTRIES_534,Joseph Bonaparte,"['fr', 'French', 'fra', '(fr)', 'French language']",['\nJoseph Bonaparte communicates in French.'],ans,1
P1412_general_WESTERN_COUNTRIES_536,Marco Rubio,"['eng', 'English', 'en', 'es', 'Spanish language', 'English language', 'Español', 'Castilian language', 'Spanish', 'Castilian']",['\nMarco Rubio communicates in English.'],ans,1
P1412_general_WESTERN_COUNTRIES_538,Jack Kemp,"['English', 'en', 'English language', 'eng']",['\nJack Kemp communicates in English.'],ans,1
P1412_general_WESTERN_COUNTRIES_540,Hermann Lang,"['de', 'German', 'German language']",['\nHermann Lang communicates in German.'],ans,1
P1412_general_WESTERN_COUNTRIES_542,Carl Langemeyer,"['de', 'German', 'German language']","[""\nI'm sorry, I cannot provide an answer to that question as it is not specified in the prompt.""]",unk,0
P1412_general_WESTERN_COUNTRIES_544,Johannes Lutz,"['de', 'German', 'German language']",['\nJohannes Lutz communicates in German.'],ans,1
P1412_general_WESTERN_COUNTRIES_546,Theodor von Lücken,"['de', 'German', 'German language']",['\nTheodor von Lücken communicates in German.'],ans,1
P1412_general_WESTERN_COUNTRIES_548,Karl-Otto Leukefeld,"['de', 'German', 'German language']",['\nKarl-Otto Leukefeld communicates in German.'],ans,1
P1412_general_WESTERN_COUNTRIES_550,Georg Langendorf,"['de', 'German', 'German language']",['\nGeorg Langendorf communicates in German.'],ans,1
P1412_general_WESTERN_COUNTRIES_552,Helmut Leicht,"['de', 'German', 'German language']",['\nHelmut Leicht communicates in German.'],ans,1
P1412_general_WESTERN_COUNTRIES_554,Walter Liebing,"['de', 'German', 'German language']",['\nWalter Liebing communicates in German.'],ans,1
P1412_general_WESTERN_COUNTRIES_556,Walter Lange,"['de', 'German', 'German language']",['\nWalter Lange communicates in German.'],ans,1
P1412_general_WESTERN_COUNTRIES_558,Armin Lembke,"['de', 'German', 'German language']",['\nArmin Lembke communicates in German.'],ans,1
P1412_general_WESTERN_COUNTRIES_560,Hans-Günther Lange,"['de', 'German', 'German language']",['\nHans-Günther Lange communicates in German.'],ans,1
P1412_general_WESTERN_COUNTRIES_562,Stefan Litjens,"['de', 'German', 'German language']",['\nStefan Litjens communicates in Dutch.'],ans,0
P1412_general_WESTERN_COUNTRIES_564,Hans Lotter,"['de', 'German', 'German language']","[""\nI'm sorry, I cannot provide an answer to that question as it is not specified in the prompt.""]",unk,0
P1412_general_WESTERN_COUNTRIES_566,Siegfried Lüdden,"['de', 'German', 'German language']",['\nSiegfried Lüdden communicates in German.'],ans,1
P1412_general_WESTERN_COUNTRIES_568,Paul Landgraf,"['de', 'German', 'German language']",['\nPaul Landgraf communicates in English.'],ans,0
P1412_general_WESTERN_COUNTRIES_570,Gilles Simon,"['fr', 'French', 'fra', '(fr)', 'French language']",['\nGilles Simon communicates in French.'],ans,1
P1412_general_WESTERN_COUNTRIES_572,Violette Nozière,"['fr', 'French', 'fra', '(fr)', 'French language']",['\nViolette Nozière communicates in French.'],ans,1
P1412_general_WESTERN_COUNTRIES_574,Thérèse of Lisieux,"['fr', 'French', 'fra', '(fr)', 'French language']",['\nThérèse of Lisieux communicates in French.'],ans,1
P1412_general_WESTERN_COUNTRIES_576,John Wayne Gacy,"['English', 'en', 'English language', 'eng']",['\nJohn Wayne Gacy communicated in English.'],ans,1
P1412_general_WESTERN_COUNTRIES_578,Kevin Rudd,"['eng', 'Chinese', 'English', 'en', 'Mandarin', 'Mandarin Chinese', 'English language', 'Chinese languages', 'zh', '中文', 'Chinese language']",['\nKevin Rudd communicates in English.'],ans,1
P1412_general_WESTERN_COUNTRIES_580,Michael Jordan,"['English', 'en', 'English language', 'eng']",['\nMichael Jordan communicates in English.'],ans,1
P1412_general_WESTERN_COUNTRIES_582,Pius XII,"['eng', 'lat', 'Italian', 'it', 'English', 'Latin', 'en', 'Latin language', 'la', 'Italiano', 'de', 'German', 'English language', 'Italian language', 'German language']",['\nPius XII communicated in Italian.'],ans,1
P1412_general_WESTERN_COUNTRIES_584,Carly Simon,"['English', 'en', 'English language', 'eng']",['\nCarly Simon communicates in English.'],ans,1
P1412_general_WESTERN_COUNTRIES_586,Joe Manchin,"['English', 'en', 'English language', 'eng']",['\nJoe Manchin communicates in English.'],ans,1
P1412_general_WESTERN_COUNTRIES_588,Courtney Love,"['English', 'en', 'English language', 'eng']",['\nCourtney Love communicates in English.'],ans,1
P1412_general_WESTERN_COUNTRIES_590,Oskar Bauer,"['de', 'German', 'German language']",['\nOskar Bauer communicates in German.'],ans,1
P1412_general_WESTERN_COUNTRIES_592,Arthur Becker-Neetz,"['de', 'German', 'German language']",['\nArthur Becker-Neetz is a German-born American entrepreneur and businessman. He communicates in English.'],ans,1
P1412_general_WESTERN_COUNTRIES_594,Heinz Baader,"['de', 'German', 'German language']",['\nHeinz Baader communicates in German.'],ans,1
P1412_general_WESTERN_COUNTRIES_596,Joachim Barth,"['de', 'German', 'German language']",['\nJoachim Barth communicates in German.'],ans,1
P1412_general_WESTERN_COUNTRIES_598,Arnulf Blasig,"['de', 'German', 'German language']",['\nArnulf Blasig communicates in German.'],ans,1
P1412_general_WESTERN_COUNTRIES_600,Emil Berner,"['de', 'German', 'German language']",['\nEmil Berner communicates in German.'],ans,1
P1412_general_WESTERN_COUNTRIES_602,Eitel-Albert Barth,"['de', 'German', 'German language']",['\nEitel-Albert Barth communicates in German.'],ans,1
P1412_general_WESTERN_COUNTRIES_604,Heinrich Behrends,"['de', 'German', 'German language']",['\nHeinrich Behrends communicates in German.'],ans,1
P1412_general_WESTERN_COUNTRIES_606,Fritz Bingemer,"['de', 'German', 'German language']","[""\nI'm sorry, I cannot provide an answer as Fritz Bingemer is a fictional character and there is no information available""]",unk,0
P1412_general_WESTERN_COUNTRIES_608,Paul Becker,"['de', 'German', 'German language']",['\nPaul Becker communicates in English.'],ans,0
P1412_general_WESTERN_COUNTRIES_610,Leonhard Bischoff,"['de', 'German', 'German language']",['\nLeonhard Bischoff communicates in German.'],ans,1
P1412_general_WESTERN_COUNTRIES_612,Anton Berg,"['de', 'German', 'German language']",['\nAnton Berg communicates in Swedish.'],ans,0
P1412_general_WESTERN_COUNTRIES_614,Gerhard Benack,"['de', 'German', 'German language']",['\nGerhard Benack communicates in German.'],ans,1
P1412_general_WESTERN_COUNTRIES_616,Erwin Bachmann,"['de', 'German', 'German language']",['\nErwin Bachmann communicates in German.'],ans,1
P1412_general_WESTERN_COUNTRIES_618,Sigurt-Horstmar Freiherr von Beaulieu-Marconnay,"['de', 'German', 'German language']",['\nSigurt-Horstmar Freiherr von Beaulieu-Marconnay communicates in German.'],ans,1
P1412_general_WESTERN_COUNTRIES_620,Ludwig Bauer,"['de', 'German', 'German language']",['\nLudwig Bauer communicates in German.'],ans,1
P1412_general_WESTERN_COUNTRIES_622,Günther Bergerhoff,"['de', 'German', 'German language']",['\nGünther Bergerhoff communicates in German.'],ans,1
P1412_general_WESTERN_COUNTRIES_624,Kurt Bahns,"['de', 'German', 'German language']","[""\nI'm sorry, I cannot provide an answer to that question as it is not specified in the prompt.""]",unk,0
P1412_general_WESTERN_COUNTRIES_626,Hans-Joachim Bellinger,"['de', 'German', 'German language']",['\nHans-Joachim Bellinger communicates in German.'],ans,1
P1412_general_WESTERN_COUNTRIES_628,Manfred Beutner,"['de', 'German', 'German language']",['\nManfred Beutner communicates in German.'],ans,1
P1412_general_WESTERN_COUNTRIES_630,Walter Bestmann,"['de', 'German', 'German language']",['\nWalter Bestmann communicates in German.'],ans,1
P1412_general_WESTERN_COUNTRIES_632,Hans-Wilhelm Bertram,"['de', 'German', 'German language']",['\nHans-Wilhelm Bertram communicates in German.'],ans,1
P1412_general_WESTERN_COUNTRIES_634,Wilhelm Beier,"['de', 'German', 'German language']","[""\nI'm sorry, I cannot provide an accurate answer to that question as Wilhelm Beier is a fictional character and there""]",unk,0
P1412_general_WESTERN_COUNTRIES_636,Werner Beschnidt,"['de', 'German', 'German language']",['\nWerner Beschnidt communicates in German.'],ans,1
P1412_general_WESTERN_COUNTRIES_638,Ewald Bartel,"['de', 'German', 'German language']",['\nEwald Bartel communicates in German.'],ans,1
P1412_general_WESTERN_COUNTRIES_640,J. K. Rowling,"['eng', 'English (United Kingdom)', 'UK English', 'en-gb', 'English', 'en', 'BrE', 'en_GB', 'United Kingdom English', 'en_gb', 'English language', 'British English', 'en-GB']",['\nJ. K. Rowling communicates in English.'],ans,1
P1412_general_WESTERN_COUNTRIES_642,Bret Hart,"['English', 'en', 'English language', 'eng']",['\nBret Hart communicates in English.'],ans,1
P1412_general_WESTERN_COUNTRIES_644,Josh Hawley,"['English', 'en', 'English language', 'eng']",['\nJosh Hawley communicates in English.'],ans,1
P1412_general_WESTERN_COUNTRIES_646,Jenson Button,"['English', 'en', 'English language', 'eng']",['\nJenson Button communicates in English.'],ans,1
P1412_general_WESTERN_COUNTRIES_648,Jared Kushner,"['English', 'en', 'English language', 'eng']",['\nJared Kushner communicates in English.'],ans,1
P1412_general_WESTERN_COUNTRIES_650,Nathan Chen,"['eng', 'English (United States)', 'en-us', 'en_US', 'English', 'en', 'U.S. English', 'en_us', 'English language', 'AmE', 'United States English', 'US English', 'en-US', 'American English']",['\nNathan Chen communicates in both English and Mandarin Chinese.'],ans,1
P1412_general_WESTERN_COUNTRIES_652,Steven Spielberg,"['English', 'en', 'English language', 'eng']",['\nSteven Spielberg communicates in English.'],ans,1
P1412_general_WESTERN_COUNTRIES_654,Kylie Minogue,"['English', 'en', 'English language', 'eng']",['\nKylie Minogue communicates in English.'],ans,1
P1412_general_WESTERN_COUNTRIES_656,Arsène Wenger,"['eng', 'English', 'fr', 'en', 'French', 'de', 'German', 'fra', 'French language', '(fr)', 'English language', 'German language']",['\nArsène Wenger communicates in French.'],ans,1
P1412_general_WESTERN_COUNTRIES_658,Manuel Valls,"['en', 'Spanish language', 'Catalan-Valencian-Balearic', 'fra', 'Italian', 'Italiano', 'French', 'French language', 'Italian language', 'ca', 'it', 'English', 'fr', 'Catalan language', 'Català', 'Valencian language', 'English language', 'Español', 'Castilian', 'Spanish', 'eng', 'Catalan', 'Valencià', 'es', '(fr)', 'Valencian', 'Castilian language']",['\nManuel Valls communicates in French.'],ans,1
P1412_general_WESTERN_COUNTRIES_660,Mariano Rivera,"['eng', 'English', 'en', 'es', 'Spanish language', 'English language', 'Español', 'Castilian language', 'Spanish', 'Castilian']",['\nMariano Rivera communicates in Spanish.'],ans,1
P1412_general_WESTERN_COUNTRIES_662,Charlotte Flair,"['English', 'en', 'English language', 'eng']",['\nCharlotte Flair communicates in English.'],ans,1
P1412_general_WESTERN_COUNTRIES_664,Batman,"['eng', 'English (United States)', 'en-us', 'en_US', 'English', 'en', 'U.S. English', 'en_us', 'English language', 'AmE', 'United States English', 'US English', 'en-US', 'American English']",['\nBatman communicates in English.'],ans,1
P1412_general_WESTERN_COUNTRIES_666,Julia Gillard,"['English', 'en', 'English language', 'eng']",['\nJulia Gillard communicates in English.'],ans,1
P1412_general_WESTERN_COUNTRIES_668,Scarlett Johansson,"['eng', 'English (United States)', 'en-us', 'en_US', 'English', 'en', 'U.S. English', 'en_us', 'English language', 'AmE', 'United States English', 'US English', 'en-US', 'American English']",['\nScarlett Johansson communicates in English.'],ans,1
P1412_general_WESTERN_COUNTRIES_670,"""Weird Al"" Yankovic","['English', 'en', 'English language', 'eng']",['\nWeird Al Yankovic communicates in English.'],ans,1
P1412_general_WESTERN_COUNTRIES_672,Kristina Mladenovic,"['fr', 'French', 'fra', '(fr)', 'French language']",['\nKristina Mladenovic communicates in both French and English.'],ans,1
P1412_general_WESTERN_COUNTRIES_674,Boris Vian,"['fr', 'French', 'fra', '(fr)', 'French language']",['\nBoris Vian communicates in French.'],ans,1
P1412_general_WESTERN_COUNTRIES_676,Alexander Gauland,"['de', 'German', 'German language']",['\nAlexander Gauland communicates in German.'],ans,1
P1412_general_WESTERN_COUNTRIES_678,Johnny Weir,"['English', 'en', 'English language', 'eng']",['\nJohnny Weir communicates in English.'],ans,1
P1412_general_WESTERN_COUNTRIES_680,Heinz Gropp,"['de', 'German', 'German language']",['\nHeinz Gropp communicates in German.'],ans,1
P1412_general_WESTERN_COUNTRIES_682,Werner Gust,"['de', 'German', 'German language']",['\nWerner Gust communicates in German.'],ans,1
P1412_general_WESTERN_COUNTRIES_684,Martin Groß,"['de', 'German', 'German language']",['\nMartin Groß communicates in German.'],ans,1
P1412_general_WESTERN_COUNTRIES_686,Heinrich Gottke,"['de', 'German', 'German language']",['\nHeinrich Gottke communicates in German.'],ans,1
P1412_general_WESTERN_COUNTRIES_688,Johannes Geismann,"['de', 'German', 'German language']",['\nJohannes Geismann communicates in German.'],ans,1
P1412_general_WESTERN_COUNTRIES_690,Reinhard Graubner,"['de', 'German', 'German language']",['\nReinhard Graubner communicates in German.'],ans,1
P1412_general_WESTERN_COUNTRIES_692,Kurt Gröschke,"['de', 'German', 'German language']",['\nKurt Gröschke communicates in German.'],ans,1
P1412_general_WESTERN_COUNTRIES_694,Dietrich Graßmann,"['de', 'German', 'German language']",['\nDietrich Graßmann communicates in German.'],ans,1
P1412_general_WESTERN_COUNTRIES_696,Hans-Detlef Gollert-Hansen,"['de', 'German', 'German language']",['\nHans-Detlef Gollert-Hansen communicates in German.'],ans,1
P1412_general_WESTERN_COUNTRIES_698,Paul Guhl,"['de', 'German', 'German language']",['\nPaul Guhl communicates in English.'],ans,0
P1412_general_WESTERN_COUNTRIES_700,Wolfgang Gast,"['de', 'German', 'German language']","[""\nI'm sorry, I cannot provide an answer to that question as it is not clear who or what Wolfgang Gast is""]",unk,0
P1412_general_WESTERN_COUNTRIES_702,Alfred Genz,"['de', 'German', 'German language']",['\nAlfred Genz communicates in German.'],ans,1
P1412_general_WESTERN_COUNTRIES_704,Waldemar von Gazen,"['de', 'German', 'German language']",['\nWaldemar von Gazen communicates in German.'],ans,1
P1412_general_WESTERN_COUNTRIES_706,Anne Hidalgo,"['eng', 'English', 'fr', 'es', 'Spanish language', 'en', 'French', 'fra', 'French language', '(fr)', 'English language', 'Español', 'Castilian language', 'Spanish', 'Castilian']",['\nAnne Hidalgo communicates in French.'],ans,1
P1412_general_WESTERN_COUNTRIES_708,Juan Carlos I of Spain,"['es', 'Spanish language', 'Español', 'Castilian language', 'Spanish', 'Castilian']",['\nJuan Carlos I of Spain communicates in Spanish.'],ans,1
P1412_general_WESTERN_COUNTRIES_710,Gregory Peck,"['English', 'en', 'English language', 'eng']",['\nGregory Peck communicates in English.'],ans,1
P1412_general_WESTERN_COUNTRIES_712,Pierre Bonnard,"['fr', 'French', 'fra', '(fr)', 'French language']",['\nPierre Bonnard communicates in French.'],ans,1
P1412_general_WESTERN_COUNTRIES_714,Paul Doumer,"['fr', 'French', 'fra', '(fr)', 'French language']",['\nPaul Doumer communicates in French.'],ans,1
P1412_general_WESTERN_COUNTRIES_716,Pedro García Cabrera,"['es', 'Spanish language', 'Español', 'Castilian language', 'Spanish', 'Castilian']","[""\nI'm sorry, I cannot provide an answer to that question as it is not specified in the prompt.""]",unk,0
P1412_general_WESTERN_COUNTRIES_718,Van Morrison,"['English', 'en', 'English language', 'eng']",['\nVan Morrison communicates in English.'],ans,1
P1412_general_WESTERN_COUNTRIES_720,Francesca Scorsese,"['English', 'en', 'English language', 'eng']",['\nFrancesca Scorsese communicates in Italian.'],ans,0
P1412_general_WESTERN_COUNTRIES_722,John Green,"['English', 'en', 'English language', 'eng']",['\nJohn Green communicates in English.'],ans,1
P1412_general_WESTERN_COUNTRIES_724,Jacob Rees-Mogg,"['English', 'en', 'English language', 'eng']",['\nJacob Rees-Mogg communicates in English.'],ans,1
P1412_general_WESTERN_COUNTRIES_726,Keir Starmer,"['English', 'en', 'English language', 'eng']",['\nKeir Starmer communicates in English.'],ans,1
P1412_general_WESTERN_COUNTRIES_728,Franklin Delano Roosevelt,"['eng', 'English', 'fr', 'en', 'French', 'de', 'German', 'fra', 'French language', '(fr)', 'English language', 'German language']",['\nFranklin Delano Roosevelt communicates in English.'],ans,1
P1412_general_WESTERN_COUNTRIES_730,Beppe Grillo,"['it', 'Italiano', 'Italian', 'Italian language']",['\nBeppe Grillo communicates in Italian.'],ans,1
P1412_general_WESTERN_COUNTRIES_732,Nicole Kidman,"['English', 'en', 'English language', 'eng']",['\nNicole Kidman communicates in English.'],ans,1
P1412_general_WESTERN_COUNTRIES_734,Jeff Bezos,"['eng', 'English', 'en', 'es', 'Spanish language', 'English language', 'Español', 'Castilian language', 'Spanish', 'Castilian']",['\nJeff Bezos communicates in English.'],ans,1
P1412_general_WESTERN_COUNTRIES_736,Derek Jeter,"['English', 'en', 'English language', 'eng']",['\nDerek Jeter communicates in English.'],ans,1
P1412_general_WESTERN_COUNTRIES_738,Estela Giménez,"['es', 'Spanish language', 'Español', 'Castilian language', 'Spanish', 'Castilian']",['\nEstela Giménez communicates in Spanish.'],ans,1
P1412_general_WESTERN_COUNTRIES_740,Francesco Totti,"['it', 'Italiano', 'Italian', 'Italian language']",['\nFrancesco Totti communicates in Italian.'],ans,1
P1412_general_WESTERN_COUNTRIES_742,Beryl May Dent,"['English', 'en', 'English language', 'eng']",['\nBeryl May Dent communicates in English.'],ans,1
P1412_general_WESTERN_COUNTRIES_744,Richard Nixon,"['English', 'en', 'English language', 'eng']",['\nRichard Nixon communicated in English.'],ans,1
P1412_general_WESTERN_COUNTRIES_746,Tod Browning,"['English', 'en', 'English language', 'eng']",['\nTod Browning communicates in English.'],ans,1
P1412_general_WESTERN_COUNTRIES_748,Ludwig Wittgenstein,"['eng', 'English', 'en', 'de', 'German', 'English language', 'German language']",['\nLudwig Wittgenstein communicates in German.'],ans,1
P1412_general_WESTERN_COUNTRIES_750,John Maynard Keynes,"['English', 'en', 'English language', 'eng']",['\nJohn Maynard Keynes communicates in English.'],ans,1
P1412_general_WESTERN_COUNTRIES_752,Ernst-Joachim Bradel,"['de', 'German', 'German language']",['\nErnst-Joachim Bradel communicates in German.'],ans,1
P1412_general_WESTERN_COUNTRIES_754,Jobst-Hilmar von Bose,"['de', 'German', 'German language']",['\nJobst-Hilmar von Bose communicates in German.'],ans,1
P1412_general_WESTERN_COUNTRIES_756,Gustav-Adolf Bursche,"['de', 'German', 'German language']",['\nGustav-Adolf Bursche communicates in German.'],ans,1
P1412_general_WESTERN_COUNTRIES_758,Žanis Butkus,"['de', 'German', 'German language']",['\nŽanis Butkus communicates in the language of the Czech Republic.'],ans,0
P1412_general_WESTERN_COUNTRIES_760,Martin Buhr,"['de', 'German', 'German language']",['\nMartin Buhr communicates in German.'],ans,1
P1412_general_WESTERN_COUNTRIES_762,Johannes de Boer,"['de', 'German', 'German language']",['\nJohannes de Boer communicates in Dutch.'],ans,0
P1412_general_WESTERN_COUNTRIES_764,Arthur Boje,"['de', 'German', 'German language']",['\nArthur Boje communicates in English.'],ans,0
P1412_general_WESTERN_COUNTRIES_766,Otto Bösel,"['de', 'German', 'German language']",['\nOtto Bösel communicates in German.'],ans,1
P1412_general_WESTERN_COUNTRIES_768,Rudolf Böhmler,"['de', 'German', 'German language']",['\nRudolf Böhmler communicates in German.'],ans,1
P1412_general_WESTERN_COUNTRIES_770,Johannes Bölter,"['de', 'German', 'German language']",['\nJohannes Bölter communicates in German.'],ans,1
P1412_general_WESTERN_COUNTRIES_772,Joachim Borrmann,"['de', 'German', 'German language']",['\nJoachim Borrmann communicates in German.'],ans,1
P1412_general_WESTERN_COUNTRIES_774,Alhard Freiherr von der Borch,"['de', 'German', 'German language']",['\nAlhard Freiherr von der Borch communicates in German.'],ans,1
P1412_general_WESTERN_COUNTRIES_776,Diedrich Bruns,"['de', 'German', 'German language']",['\nDiedrich Bruns communicates in German.'],ans,1
P1412_general_WESTERN_COUNTRIES_778,Erich Brauneis,"['de', 'German', 'German language']",['\nErich Brauneis communicates in German.'],ans,1
P1412_general_WESTERN_COUNTRIES_780,Hermann Böckel,"['de', 'German', 'German language']",['\nHermann Böckel communicates in German.'],ans,1
P1412_general_WESTERN_COUNTRIES_782,August Burgholte,"['de', 'German', 'German language']",['\nAugust Burgholte communicates in English.'],ans,0
P1412_general_WESTERN_COUNTRIES_784,Walter Brucker,"['de', 'German', 'German language']","[""\nI'm sorry, I cannot provide an answer as Walter Brucker is a fictional character from the TV show ""]",unk,0
P1412_general_WESTERN_COUNTRIES_786,Walter Böhm,"['de', 'German', 'German language']",['\nWalter Böhm communicates in German.'],ans,1
P1412_general_WESTERN_COUNTRIES_788,Heinrich Busse,"['de', 'German', 'German language']",['\nHeinrich Busse communicates in German.'],ans,1
P1412_general_WESTERN_COUNTRIES_790,Heinz Brandt,"['de', 'German', 'German language']",['\nHeinz Brandt communicates in German.'],ans,1
P1412_general_WESTERN_COUNTRIES_792,Helmut Borchardt,"['de', 'German', 'German language']",['\nHelmut Borchardt communicates in German.'],ans,1
P1412_general_WESTERN_COUNTRIES_794,Wilhelm Brennecke,"['de', 'German', 'German language']","[""\nI'm sorry, I cannot provide an answer to that question as it is not specified in the prompt.""]",unk,0
P1412_general_WESTERN_COUNTRIES_796,Herbert Bullinger,"['de', 'German', 'German language']",['\nHerbert Bullinger communicates in German.'],ans,1
P1412_general_WESTERN_COUNTRIES_798,Werner Buxa,"['de', 'German', 'German language']",['\nWerner Buxa communicates in German.'],ans,1
P1412_general_WESTERN_COUNTRIES_800,Christian Braun,"['de', 'German', 'German language']",['\nChristian Braun communicates in German.'],ans,1
P1412_general_WESTERN_COUNTRIES_802,Kurt Bodendörfer,"['de', 'German', 'German language']","[""\nI'm sorry, I cannot provide an answer to that question as it is not specified in the prompt.""]",unk,0
P1412_general_WESTERN_COUNTRIES_804,Dietrich-Siegwart von Bonin,"['de', 'German', 'German language']",['\nDietrich-Siegwart von Bonin communicates in German.'],ans,1
P1412_general_WESTERN_COUNTRIES_806,Max Böhrendt,"['de', 'German', 'German language']",['\nMax Böhrendt communicates in German.'],ans,1
P1412_general_WESTERN_COUNTRIES_808,Hans Bock,"['de', 'German', 'German language']","[""\nI'm sorry, I cannot provide an answer to that question as it is not specified in the prompt.""]",unk,0
P1412_general_WESTERN_COUNTRIES_810,Oskar Bremmermann,"['de', 'German', 'German language']",['\nOskar Bremmermann communicates in German.'],ans,1
P1412_general_WESTERN_COUNTRIES_812,Noam Chomsky,"['English', 'en', 'English language', 'eng']",['\nNoam Chomsky communicates in English.'],ans,1
P1412_general_WESTERN_COUNTRIES_814,Paul Kelly,"['English', 'en', 'English language', 'eng']",['\nPaul Kelly communicates in English.'],ans,1
P1412_general_WESTERN_COUNTRIES_816,Harry Styles,"['eng', 'English (United Kingdom)', 'UK English', 'en-gb', 'English', 'en', 'BrE', 'en_GB', 'United Kingdom English', 'en_gb', 'English language', 'British English', 'en-GB']",['\nHarry Styles communicates in English.'],ans,1
P1412_general_WESTERN_COUNTRIES_818,Liz Truss,"['English', 'en', 'English language', 'eng']",['\nLiz Truss communicates in English.'],ans,1
P1412_general_WESTERN_COUNTRIES_820,Meryl Streep,"['English', 'en', 'English language', 'eng']",['\nMeryl Streep communicates in English.'],ans,1
P1412_general_WESTERN_COUNTRIES_822,MC Hammer,"['English', 'en', 'English language', 'eng']",['\nMC Hammer communicates in English.'],ans,1
P1412_general_WESTERN_COUNTRIES_824,Otto Hahn,"['de', 'German', 'German language']",['\nOtto Hahn communicated in German.'],ans,1
P1412_general_WESTERN_COUNTRIES_826,Linda Ronstadt,"['eng', 'English', 'en', 'es', 'Spanish language', 'English language', 'Español', 'Castilian language', 'Spanish', 'Castilian']",['\nLinda Ronstadt communicates in English.'],ans,1
P1412_general_WESTERN_COUNTRIES_828,Anthony Davis,"['English', 'en', 'English language', 'eng']",['\nAnthony Davis communicates in English.'],ans,1
P1412_general_WESTERN_COUNTRIES_830,Dennis Hastert,"['English', 'en', 'English language', 'eng']",['\nDennis Hastert communicates in English.'],ans,1
P1412_general_WESTERN_COUNTRIES_832,Vincenzo De Luca,"['it', 'Italiano', 'Italian', 'Italian language']",['\nVincenzo De Luca communicates in Italian.'],ans,1
P1412_general_WESTERN_COUNTRIES_834,Isaac Asimov,"['eng', 'Judeo-German', 'English', 'en', 'Idish', 'Yidish-Taitsh', 'de', 'German', 'Yiddish language', 'yi', 'Judaeo-German', 'English language', 'Yidish', 'Ashkenazish language', 'Yidish Taytsh', 'Yiddish', 'German language']",['\nIsaac Asimov communicates in English.'],ans,1
P1412_general_WESTERN_COUNTRIES_836,Doug Ford,"['English', 'en', 'English language', 'eng']",['\nDoug Ford communicates in English.'],ans,1
P1412_general_WESTERN_COUNTRIES_838,Michael Gove,"['English', 'en', 'English language', 'eng']",['\nMichael Gove communicates in English.'],ans,1
P1412_general_WESTERN_COUNTRIES_840,Claude Lévi-Strauss,"['fr', 'French', 'fra', '(fr)', 'French language']",['\nClaude Lévi-Strauss communicates in French.'],ans,1
P1412_general_WESTERN_COUNTRIES_842,Stephen Hawking,"['English', 'en', 'English language', 'eng']",['\nStephen Hawking communicates in English.'],ans,1
P1412_general_WESTERN_COUNTRIES_844,Mike Gravel,"['English', 'en', 'English language', 'eng']",['\nMike Gravel communicates in English.'],ans,1
P1412_general_WESTERN_COUNTRIES_846,Samuel Paty,"['fr', 'French', 'fra', '(fr)', 'French language']",['\nSamuel Paty communicates in French.'],ans,1
P1412_general_WESTERN_COUNTRIES_848,Alex Ferguson,"['English', 'en', 'English language', 'eng']",['\nAlex Ferguson communicates in English.'],ans,1
P1412_general_WESTERN_COUNTRIES_850,Lana Del Rey,"['eng', 'English', 'en', 'es', 'Spanish language', 'English language', 'Español', 'Castilian language', 'Spanish', 'Castilian']",['\nLana Del Rey communicates in English.'],ans,1
P1412_general_WESTERN_COUNTRIES_852,Viktor Korchnoi,"['eng', 'ru', 'English', 'en', 'Russkiy', 'Russian language', 'de', 'German', 'English language', 'Russkiy yazyk', 'Russian', 'German language']",['\nViktor Korchnoi communicates in Russian.'],ans,1
P1412_general_WESTERN_COUNTRIES_854,Julien Absalon,"['fr', 'French', 'fra', '(fr)', 'French language']",['\nJulien Absalon communicates in French.'],ans,1
P1412_general_WESTERN_COUNTRIES_856,Woody Allen,"['English', 'en', 'English language', 'eng']",['\nWoody Allen communicates in English.'],ans,1
P1412_general_WESTERN_COUNTRIES_858,Yoko Ono,"['eng', 'jp', 'Japanese language', 'English', 'en', 'ja', 'Nihongo', 'English language', 'jpn', 'Japanese']",['\nYoko Ono communicates in English.'],ans,1
P1412_general_WESTERN_COUNTRIES_860,Dylan Perceval-Maxwell,"['English', 'en', 'English language', 'eng']",['\nDylan Perceval-Maxwell communicates in English.'],ans,1
P1412_general_WESTERN_COUNTRIES_862,50 Cent,"['English', 'en', 'English language', 'eng']",['\n50 Cent communicates in English.'],ans,1
P1412_general_WESTERN_COUNTRIES_864,Donald Rumsfeld,"['English', 'en', 'English language', 'eng']",['\nDonald Rumsfeld communicates in English.'],ans,1
P1412_general_WESTERN_COUNTRIES_866,Halsey,"['eng', 'English (United States)', 'en-us', 'en_US', 'English', 'en', 'U.S. English', 'en_us', 'English language', 'AmE', 'United States English', 'US English', 'en-US', 'American English']",['\nHalsey communicates in English.'],ans,1
P1412_general_WESTERN_COUNTRIES_868,Mesut Özil,"['eng', 'English', 'Turkish', 'en', 'tur', 'Türkçe', 'de', 'German', 'Turkish language', 'English language', 'Turkish of Turkey', 'Anatolian Turkish', 'Istanbul Turkish', 'tr', 'German language']",['\nMesut Özil communicates in German.'],ans,1
P1412_general_WESTERN_COUNTRIES_870,Eric Clapton,"['English', 'en', 'English language', 'eng']",['\nEric Clapton communicates in English.'],ans,1
P1412_general_WESTERN_COUNTRIES_872,Harold Wilson,"['epo', 'Esperanto', 'eng', 'English', 'en', 'Esperanto language', 'eo', 'English language']",['\nHarold Wilson communicates in English.'],ans,1
P1412_general_WESTERN_COUNTRIES_874,Jerry Cantrell,"['English', 'en', 'English language', 'eng']",['\nJerry Cantrell communicates in English.'],ans,1
P1412_general_WESTERN_COUNTRIES_876,Robert Faurisson,"['fr', 'French', 'fra', '(fr)', 'French language']",['\nRobert Faurisson communicates in French.'],ans,1
P1412_general_WESTERN_COUNTRIES_878,Dustin Martin,"['English', 'en', 'English language', 'eng']",['\nDustin Martin communicates in English.'],ans,1
P1412_general_WESTERN_COUNTRIES_880,Elizabeth Warren,"['English', 'en', 'English language', 'eng']",['\nElizabeth Warren communicates in English.'],ans,1
P1412_general_WESTERN_COUNTRIES_882,Jesse Helms,"['English', 'en', 'English language', 'eng']",['\nJesse Helms communicates in English.'],ans,1
P1412_general_WESTERN_COUNTRIES_884,Jean Chrétien,"['eng', 'English', 'fr', 'en', 'French', 'fra', 'French language', '(fr)', 'English language']","['\nJean Chrétien, the former Prime Minister of Canada, communicates in both English and French.']",ans,1
P1412_general_WESTERN_COUNTRIES_886,Kylian Mbappé,"['fr', 'es', 'Spanish language', 'French', 'fra', 'French language', '(fr)', 'Español', 'Castilian language', 'Spanish', 'Castilian']",['\nKylian Mbappé communicates in French.'],ans,1
P1412_general_WESTERN_COUNTRIES_888,Sebastian Giovinco,"['it', 'Italiano', 'Italian', 'Italian language']",['\nSebastian Giovinco communicates in Italian.'],ans,1
P1412_general_WESTERN_COUNTRIES_890,Lauryn Hill,"['English', 'en', 'English language', 'eng']",['\nLauryn Hill communicates in English.'],ans,1
P1412_general_WESTERN_COUNTRIES_892,F. Scott Fitzgerald,"['English', 'en', 'English language', 'eng']",['\nF. Scott Fitzgerald primarily communicated in English.'],ans,1
P1412_general_WESTERN_COUNTRIES_894,Chadwick Boseman,"['English', 'en', 'English language', 'eng']",['\nChadwick Boseman communicates in English.'],ans,1
P1412_general_WESTERN_COUNTRIES_896,Ted Bundy,"['English', 'en', 'English language', 'eng']",['\nTed Bundy communicated in English.'],ans,1
P1412_general_WESTERN_COUNTRIES_898,James Stewart,"['English', 'en', 'English language', 'eng']",['\nJames Stewart communicates in English.'],ans,1
P1412_general_WESTERN_COUNTRIES_900,Lewis Milestone,"['English', 'en', 'English language', 'eng']",['\nLewis Milestone was known to communicate in English.'],ans,1
P1412_general_WESTERN_COUNTRIES_902,Frederick Douglass,"['English', 'en', 'English language', 'eng']",['\nFrederick Douglass communicates in English.'],ans,1
P1412_general_WESTERN_COUNTRIES_904,Clint Eastwood,"['English', 'en', 'English language', 'eng']",['\nClint Eastwood communicates in English.'],ans,1
P1412_general_WESTERN_COUNTRIES_906,Michael Cohen,"['English', 'en', 'English language', 'eng']",['\nMichael Cohen communicates in English.'],ans,1
P1412_general_WESTERN_COUNTRIES_908,Alfred Hitchcock,"['eng', 'English', 'en', 'de', 'German', 'English language', 'German language']",['\nAlfred Hitchcock communicates in English.'],ans,1
P1412_general_WESTERN_COUNTRIES_910,Óscar Domínguez,"['fr', 'es', 'Spanish language', 'French', 'fra', 'French language', '(fr)', 'Español', 'Castilian language', 'Spanish', 'Castilian']",['\nÓscar Domínguez communicates in Spanish.'],ans,1
P1412_general_WESTERN_COUNTRIES_912,Matteo Salvini,"['it', 'Italiano', 'Italian', 'Italian language']",['\nMatteo Salvini communicates in Italian.'],ans,1
P1412_general_WESTERN_COUNTRIES_914,Kim Howe,"['English', 'en', 'English language', 'eng']",['\nKim Howe communicates in English.'],ans,1
P1412_general_WESTERN_COUNTRIES_916,Scott Walker,"['English', 'en', 'English language', 'eng']",['\nScott Walker communicates in English.'],ans,1
P1412_general_WESTERN_COUNTRIES_918,David Campese,"['English', 'en', 'English language', 'eng']",['\nDavid Campese communicates in English.'],ans,1
P1412_general_WESTERN_COUNTRIES_920,Abraham Olano,"['eu', 'Euskara', 'Basque', 'Basque languages', 'Basque language']",['\nAbraham Olano communicates in Spanish.'],ans,0
P1412_general_WESTERN_COUNTRIES_922,Morrissey,"['English', 'en', 'English language', 'eng']",['\nMorrissey communicates in English.'],ans,1
P1412_general_WESTERN_COUNTRIES_924,Harry Kane,"['English', 'en', 'English language', 'eng']",['\nHarry Kane communicates in English.'],ans,1
P1412_general_WESTERN_COUNTRIES_926,Rosa Luxemburg,"['Polish language', 'Polish', 'de', 'German', 'Polski', 'pl', 'German language']",['\nRosa Luxemburg communicates in German.'],ans,1
P1412_general_WESTERN_COUNTRIES_928,Catherine Deneuve,"['fr', 'French', 'fra', '(fr)', 'French language']",['\nCatherine Deneuve communicates in French.'],ans,1
P1412_general_WESTERN_COUNTRIES_930,Pete Buttigieg,"['en', 'Spanish language', 'no', 'fra', 'Persian language', 'Arabian language', 'Farsi language', 'Arabic language', 'ar', 'Norweigian', 'Italian', 'mt', 'Italiano', 'French', 'lingwa Maltija', 'French language', 'Italian language', 'Eastern Farsi', 'Persian', 'fa-AF', 'it', 'English', 'fr', 'fa-af', 'Maltese language', 'Iranian', 'Norwegian language', 'English language', 'fa_AF', 'Maltese', 'Español', 'Farsi', 'Castilian', 'Spanish', 'Eastern Persian', 'Afghan Persian', 'Afghan Farsi', 'eng', 'Iranian language', 'fa', 'es', 'Norwegian', 'Dari', 'Arabic', 'Il-lingwa Maltija', '(fr)', 'Castilian language', 'Dari language']",['\nPete Buttigieg communicates in English.'],ans,1
P1412_general_WESTERN_COUNTRIES_932,Sami Zayn,"['Arabic language', 'ar', 'Arabian language', 'Arabic']",['\nSami Zayn communicates in English.'],ans,0
P1412_general_WESTERN_COUNTRIES_934,Charles Rogier,"['fr', 'French', 'fra', '(fr)', 'French language']","[""\nI'm sorry, I cannot provide an answer as Charles Rogier is a fictional character and there is no information available""]",unk,0
P1412_general_WESTERN_COUNTRIES_936,George H. W. Bush,"['English', 'en', 'English language', 'eng']",['\nGeorge H. W. Bush communicates in English.'],ans,1
P1412_general_WESTERN_COUNTRIES_938,"Prince Andrew, Duke of York","['English', 'en', 'English language', 'eng']","['\nPrince Andrew, Duke of York, communicates in English.']",ans,1
P1412_general_WESTERN_COUNTRIES_940,Kelly Clarkson,"['English', 'en', 'English language', 'eng']",['\nKelly Clarkson communicates in English.'],ans,1
P1412_general_WESTERN_COUNTRIES_942,Tony Abbott,"['English', 'en', 'English language', 'eng']",['\nTony Abbott communicates in English.'],ans,1
P1412_general_WESTERN_COUNTRIES_944,Ian Douglas Smith,"['English', 'en', 'English language', 'eng']",['\nIan Douglas Smith communicates in English.'],ans,1
P1412_general_WESTERN_COUNTRIES_946,Joker,"['eng', 'English (United States)', 'en-us', 'en_US', 'English', 'en', 'U.S. English', 'en_us', 'English language', 'AmE', 'United States English', 'US English', 'en-US', 'American English']","['\nJoker communicates in a language that is not specified in the movie. However, he does use a variety of languages to']",ans,0
P1412_general_WESTERN_COUNTRIES_948,Phil Collins,"['en', 'Spanish language', 'fra', 'Italian', 'Italiano', 'French', 'de', 'German', 'French language', 'Italian language', 'it', 'English', 'fr', 'English language', 'Español', 'Castilian', 'Spanish', 'German language', 'eng', 'es', '(fr)', 'Castilian language']",['\nPhil Collins communicates in English.'],ans,1
P1412_general_WESTERN_COUNTRIES_950,Lucio Dalla,"['it', 'Italiano', 'Italian', 'Italian language']",['\nLucio Dalla communicates in Italian.'],ans,1
P1412_general_WESTERN_COUNTRIES_952,Mark Williams,"['English', 'en', 'English language', 'eng']",['\nMark Williams communicates in English.'],ans,1
P1412_general_WESTERN_COUNTRIES_954,Louis-Hubert Lyautey,"['fr', 'French', 'fra', '(fr)', 'French language']",['\nLouis-Hubert Lyautey was a French military officer and diplomat who served as the Governor General of Morocco from '],ans,1
P1412_general_WESTERN_COUNTRIES_956,Harold Macmillan,"['English', 'en', 'English language', 'eng']",['\nHarold Macmillan communicates in English.'],ans,1
P1412_general_WESTERN_COUNTRIES_958,Tariq Ramadan,"['fr', 'French', 'fra', '(fr)', 'French language']","['\nTariq Ramadan communicates in multiple languages, including English, French, and Arabic.']",ans,1
P1412_general_WESTERN_COUNTRIES_960,Julius Evola,"['Italian', 'it', 'Italian language', 'fr', 'Italiano', 'French', 'fra', 'French language', '(fr)']",['\nJulius Evola communicates in French.'],ans,1
P1412_general_WESTERN_COUNTRIES_962,Gerald Ford,"['English', 'en', 'English language', 'eng']",['\nGerald Ford communicates in English.'],ans,1
P1412_general_WESTERN_COUNTRIES_964,Rosa von Praunheim,"['de', 'German', 'German language']",['\nRosa von Praunheim communicates in German.'],ans,1
P1412_general_WESTERN_COUNTRIES_966,Shaun Murphy,"['English', 'en', 'English language', 'eng']",['\nShaun Murphy communicates in English.'],ans,1
P1412_general_WESTERN_COUNTRIES_968,Richard Burton,"['eng', 'Cymric', 'cy', 'English', 'en', 'Welsh', 'English language', 'Welsh language']",['\nRichard Burton communicates in English.'],ans,1
P1412_general_WESTERN_COUNTRIES_970,Paulina Rubio,"['es', 'Spanish language', 'Español', 'Castilian language', 'Spanish', 'Castilian']",['\nPaulina Rubio communicates in both Spanish and English.'],ans,1
P1412_general_WESTERN_COUNTRIES_972,Stephen Colbert,"['English', 'en', 'English language', 'eng']",['\nStephen Colbert communicates in English.'],ans,1
P1412_general_WESTERN_COUNTRIES_974,Louis Vierne,"['fr', 'French', 'fra', '(fr)', 'French language']",['\nLouis Vierne communicates in French.'],ans,1
P1412_general_WESTERN_COUNTRIES_976,Alice Cooper,"['English', 'en', 'English language', 'eng']",['\nAlice Cooper communicates in English.'],ans,1
P1412_general_WESTERN_COUNTRIES_978,Jean-Paul Sartre,"['fr', 'French', 'fra', '(fr)', 'French language']",['\nJean-Paul Sartre communicates in French.'],ans,1
P1412_general_WESTERN_COUNTRIES_980,Stirling Moss,"['English', 'en', 'English language', 'eng']",['\nStirling Moss communicates in English.'],ans,1
P1412_general_WESTERN_COUNTRIES_982,Ivan Löbl,"['sk', 'Slovak', 'Slovak language']",['\nIvan Löbl communicates in Russian.'],ans,0
P1412_general_WESTERN_COUNTRIES_984,Captain Marvel,"['eng', 'English (United States)', 'en-us', 'en_US', 'English', 'en', 'U.S. English', 'en_us', 'English language', 'AmE', 'United States English', 'US English', 'en-US', 'American English']",['\nCaptain Marvel communicates in English.'],ans,1
P1412_general_WESTERN_COUNTRIES_986,Mina,"['en', 'Spanish language', 'fra', 'Italian', 'Italiano', 'French', 'de', 'German', 'French language', 'Italian language', 'it', 'English', 'fr', 'English language', 'Español', 'Castilian', 'Spanish', 'German language', 'eng', 'es', '(fr)', 'Castilian language']",['\nMina communicates in both English and Japanese.'],ans,1
P1412_general_WESTERN_COUNTRIES_988,Paddy Bush,"['English', 'en', 'English language', 'eng']","[""\nI'm sorry, I cannot provide an answer to that question as it is not specific enough. Can you please provide""]",unk,0
P1412_general_WESTERN_COUNTRIES_990,John Glenn,"['English', 'en', 'English language', 'eng']",['\nJohn Glenn communicates in English.'],ans,1
P1412_general_WESTERN_COUNTRIES_992,Jacqueline Kennedy Onassis,"['English', 'en', 'English language', 'eng']",['\nJacqueline Kennedy Onassis communicates in English.'],ans,1
P1412_general_WESTERN_COUNTRIES_994,Françoise Hardy,"['Italian', 'it', 'Italian language', 'fr', 'Italiano', 'French', 'de', 'German', 'fra', 'French language', '(fr)', 'German language']",['\nFrançoise Hardy communicates in French.'],ans,1
P1412_general_WESTERN_COUNTRIES_996,Robert Menendez,"['English', 'en', 'English language', 'eng']",['\nRobert Menendez communicates in English.'],ans,1
P1412_general_WESTERN_COUNTRIES_998,Bill Russell,"['English', 'en', 'English language', 'eng']",['\nBill Russell communicates in English.'],ans,1
