﻿uuid,sub_label,obj_label,choices,ans_type,acc
P30_general_WESTERN_COUNTRIES_0,Switzerland,"['Old Continent', 'European continent', 'Europe']",['\nSwitzerland is located in the continent of Europe.'],ans,1
P30_general_WESTERN_COUNTRIES_1,Italy,"['Old Continent', 'European continent', 'Europe']",['\nItaly is located in the continent of Europe.'],ans,1
P30_general_WESTERN_COUNTRIES_2,Canada,"['Turtle Island', 'North and Central America', 'North America', 'NA']",['\nCanada is located in the North American continent.'],ans,0
P30_general_WESTERN_COUNTRIES_3,France,"['Old Continent', 'European continent', 'Europe']",['\nEurope'],ans,1
P30_general_WESTERN_COUNTRIES_4,United Kingdom,"['Old Continent', 'European continent', 'Europe']",['\nUnited Kingdom is located in the continent of Europe.'],ans,1
P30_general_WESTERN_COUNTRIES_5,United States of America,"['Turtle Island', 'North and Central America', 'North America', 'NA']",['\nThe United States of America is located in the North American continent.'],ans,0
P30_general_WESTERN_COUNTRIES_6,Spain,"['Old Continent', 'European continent', 'Europe']",['\nSpain is located in the continent of Europe.'],ans,1
P30_general_WESTERN_COUNTRIES_7,Portugal,"['Old Continent', 'European continent', 'Europe']",['\nPortugal is located in the continent of Europe.'],ans,1
P30_general_WESTERN_COUNTRIES_8,Germany,"['Old Continent', 'European continent', 'Europe']",['\nGermany is located in Europe.'],ans,1
P30_general_WESTERN_COUNTRIES_9,Austria,"['Old Continent', 'European continent', 'Europe']",['\nAustria is located in the continent of Europe.'],ans,1
P30_general_WESTERN_COUNTRIES_10,Luxembourg,"['Old Continent', 'European continent', 'Europe']",['\nLuxembourg is located in Europe.'],ans,1
P30_general_WESTERN_COUNTRIES_11,Republic of Ireland,"['Old Continent', 'European continent', 'Europe']",['\nRepublic of Ireland is located in the continent of Europe.'],ans,1
P30_general_WESTERN_COUNTRIES_12,New Zealand,"['Insular Oceania', 'Pacific Islands']",['\nNew Zealand is located in the continent of Oceania.'],ans,0
P30_general_WESTERN_COUNTRIES_13,Australia,"['Insular Oceania', 'Pacific Islands']",['\nAustralia is located in the continent of Oceania.'],ans,0
P30_general_WESTERN_COUNTRIES_14,Belgium,"['Old Continent', 'European continent', 'Europe']",['\nBelgium is located in the continent of Europe.'],ans,1
P30_general_WESTERN_COUNTRIES_15,Liechtenstein,"['Old Continent', 'European continent', 'Europe']",['\nLiechtenstein is located in Europe.'],ans,1
P30_general_WESTERN_COUNTRIES_16,Monaco,"['Old Continent', 'European continent', 'Europe']",['\nMonaco is located in the continent of Europe.'],ans,1
P30_general_WESTERN_COUNTRIES_17,Andorra,"['Old Continent', 'European continent', 'Europe']","['\nAndorra is located in the Pyrenees mountains in the south of Europe, between France and Spain.']",ans,1
P30_general_WESTERN_COUNTRIES_18,San Marino,"['Old Continent', 'European continent', 'Europe']",['\nSan Marino is located in the continent of Europe.'],ans,1
