﻿uuid,sub_label,obj_label,choices,ans_type,acc
P364_general_WESTERN_COUNTRIES_0,Marvel Cinematic Universe,"['English', 'en', 'English language', 'eng']","['\nMarvel Cinematic Universe is based on the Marvel Comics universe, which is written in English.']",ans,1
P364_general_WESTERN_COUNTRIES_2,The Batman,"['English', 'en', 'English language', 'eng']",['\nThe language of origin of The Batman is English.'],ans,1
P364_general_WESTERN_COUNTRIES_4,Game of Thrones,"['English', 'en', 'English language', 'eng']","['\nGame of Thrones is based on the novels by George R.R. Martin, who is a native of the United States']",ans,0
P364_general_WESTERN_COUNTRIES_6,Tell me how it happened,"['es', 'Spanish language', 'Español', 'Castilian language', 'Spanish', 'Castilian']","[""\nI'm sorry, I cannot provide an accurate response without additional context. Can you please provide more information?""]",unk,0
P364_general_WESTERN_COUNTRIES_8,It,"['English', 'en', 'English language', 'eng']",['\nIt is believed that the language of origin of It is Latin.'],ans,0
P364_general_WESTERN_COUNTRIES_10,Black Panther,"['eng', 'English (United States)', 'en-us', 'en_US', 'English', 'en', 'U.S. English', 'en_us', 'English language', 'AmE', 'United States English', 'US English', 'en-US', 'American English']",['\nBlack Panther is a fictional character created by Marvel Comics. He is a superhero who is a member of the X-Men'],ans,0
P364_general_WESTERN_COUNTRIES_12,WandaVision,"['English', 'en', 'English language', 'eng']",['\nWandaVision is a Marvel Cinematic Universe television series that is set in the Marvel Comics universe. The language of origin'],ans,0
P364_general_WESTERN_COUNTRIES_14,Dunkirk,"['eng', 'English', 'fr', 'en', 'French', 'de', 'German', 'fra', 'French language', '(fr)', 'English language', 'German language']","['\nDunkirk is a town in the north of England, located in the borough of Kirklees. The language of origin']",ans,0
P364_general_WESTERN_COUNTRIES_16,The Dark Knight,"['English', 'en', 'English language', 'eng']",['\nThe language of origin of The Dark Knight is English.'],ans,1
P364_general_WESTERN_COUNTRIES_18,Star Wars Episode VII: The Force Awakens,"['English', 'en', 'English language', 'eng']",['\nThe language of origin of Star Wars Episode VII: The Force Awakens is English.'],ans,1
P364_general_WESTERN_COUNTRIES_20,The Lord of the Rings: The Rings of Power,"['English', 'en', 'English language', 'eng']","[""\nThe language of origin of The Lord of the Rings: The Rings of Power is a fictional language called 'Tolkien""]",ans,0
P364_general_WESTERN_COUNTRIES_22,Spider-Man: Homecoming,"['English', 'en', 'English language', 'eng']","['\nSpider-Man: Homecoming is based on the Marvel Comics character of the same name, which was created by artist-']",ans,0
P364_general_WESTERN_COUNTRIES_24,Avengers: Age of Ultron,"['English', 'en', 'English language', 'eng']",['\nThe language of origin of Avengers: Age of Ultron is English.'],ans,1
P364_general_WESTERN_COUNTRIES_26,"Oui, oui, oui, oui","['fr', 'French', 'fra', '(fr)', 'French language']","['\nThe language of origin of Oui, oui, oui, oui is French.']",ans,1
P364_general_WESTERN_COUNTRIES_28,Star Trek: Discovery,"['English', 'en', 'English language', 'eng']",['\nThe language of origin of Star Trek: Discovery is English.'],ans,1
P364_general_WESTERN_COUNTRIES_30,Terminator 2: Judgment Day,"['English', 'en', 'English language', 'eng']",['\nThe language of origin of Terminator 2: Judgment Day is English.'],ans,1
P364_general_WESTERN_COUNTRIES_32,EastEnders,"['English', 'en', 'English language', 'eng']",['\nThe language of origin of EastEnders is English.'],ans,1
P364_general_WESTERN_COUNTRIES_34,Doctor Strange,"['English', 'en', 'English language', 'eng']",['\nDoctor Strange is a Marvel superhero who is a master of the mystical arts. He is a Tibetan lama who has been'],ans,0
P364_general_WESTERN_COUNTRIES_36,Once Upon a Time in Hollywood,"['English', 'en', 'English language', 'eng']",['\nThe language of origin of Once Upon a Time in Hollywood is English.'],ans,1
P364_general_WESTERN_COUNTRIES_38,Zack Snyder's Justice League,"['English', 'en', 'English language', 'eng']","[""\nZack Snyder's Justice League is based on the DC Comics character Justice League, which is written in English.""]",ans,1
P364_general_WESTERN_COUNTRIES_40,Black Widow,"['English', 'en', 'English language', 'eng']",['\nBlack Widow is a Marvel character and the language of origin is English.'],ans,1
P364_general_WESTERN_COUNTRIES_42,Doctor Strange in the Multiverse of Madness,"['English', 'en', 'English language', 'eng']",['\nThe language of origin of Doctor Strange in the Multiverse of Madness is the language of the Dark Dimension.'],ans,0
P364_general_WESTERN_COUNTRIES_44,Phantasmagoria: The Visions of Lewis Carroll,"['English', 'en', 'English language', 'eng']",['\nThe language of origin of Phantasmagoria: The Visions of Lewis Carroll is English.'],ans,1
P364_general_WESTERN_COUNTRIES_46,Call Me by Your Name,"['eng', 'Italian', 'it', 'English', 'fr', 'en', 'Italian language', 'Italiano', 'French', 'fra', 'French language', '(fr)', 'English language']",['\nThe language of origin of Call Me by Your Name is Italian.'],ans,1
P364_general_WESTERN_COUNTRIES_48,A Million Little Things,"['English', 'en', 'English language', 'eng']",['\nThe language of origin of A Million Little Things is English.'],ans,1
P364_general_WESTERN_COUNTRIES_50,Prometheus,"['English', 'en', 'English language', 'eng']",['\nThe language of origin of Prometheus is Greek.'],ans,0
P364_general_WESTERN_COUNTRIES_52,New Amsterdam,"['English', 'en', 'English language', 'eng']",['\nNew Amsterdam was founded by Dutch colonists in 1624 and the language of origin is Dutch.'],ans,0
P364_general_WESTERN_COUNTRIES_54,Crisis on Infinite Earths,"['English', 'en', 'English language', 'eng']",['\nThe language of origin of Crisis on Infinite Earths is English.'],ans,1
P364_general_WESTERN_COUNTRIES_56,Doctor Who,"['English', 'en', 'English language', 'eng']",['\nThe language of origin of Doctor Who is English.'],ans,1
P364_general_WESTERN_COUNTRIES_58,Adventure Time,"['eng', 'Svenska', 'ko', 'English', 'en', 'de', 'German', 'Swedish language', 'Korean language', 'English language', 'Korean', 'Swedish', 'sv', 'German language']",['\nThe language of origin of Adventure Time is English.'],ans,1
P364_general_WESTERN_COUNTRIES_60,The Suicide Squad,"['English', 'en', 'English language', 'eng']",['\nThe language of origin of The Suicide Squad is English.'],ans,1
P364_general_WESTERN_COUNTRIES_62,Sálvame,"['es', 'Spanish language', 'Español', 'Castilian language', 'Spanish', 'Castilian']",['\nSálvame is a language of origin from the Latin language.'],ans,0
P364_general_WESTERN_COUNTRIES_64,Ghostbusters,"['English', 'en', 'English language', 'eng']",['\nThe language of origin of Ghostbusters is English.'],ans,1
P364_general_WESTERN_COUNTRIES_66,Beatriz/Barcelona,"['es', 'Spanish language', 'Español', 'Castilian language', 'Spanish', 'Castilian']",['\nThe language of origin of Beatriz/Barcelona is Spanish.'],ans,1
P364_general_WESTERN_COUNTRIES_68,Captain Marvel,"['English', 'en', 'English language', 'eng']",['\nCaptain Marvel is a fictional character created by artist artist Jack Kirby and writer Stan Lee. The character was first introduced in the'],ans,0
P364_general_WESTERN_COUNTRIES_70,Avengers: Infinity War,"['English', 'en', 'English language', 'eng']",['\nThe language of origin of Avengers: Infinity War is English.'],ans,1
P364_general_WESTERN_COUNTRIES_72,Shang-Chi and the Legend of the Ten Rings,"['eng', 'Chinese', 'English', 'en', 'Mandarin', 'Mandarin Chinese', 'English language', 'Chinese languages', 'zh', '中文', 'Chinese language']",['\nThe language of origin of Shang-Chi and the Legend of the Ten Rings is Mandarin Chinese.'],ans,1
P364_general_WESTERN_COUNTRIES_74,Strictly Come Dancing,"['English', 'en', 'English language', 'eng']",['\nThe language of origin of Strictly Come Dancing is English.'],ans,1
P364_general_WESTERN_COUNTRIES_76,Loving,"['English', 'en', 'English language', 'eng']","[""\nThe language of origin of the word 'loving' is Old English, specifically from the word 'lufian""]",ans,1
P364_general_WESTERN_COUNTRIES_78,The Thing,"['English', 'en', 'English language', 'eng']",['\nThe language of origin of The Thing is English.'],ans,1
P364_general_WESTERN_COUNTRIES_80,Glee,"['English', 'en', 'English language', 'eng']",['\nThe language of origin of Glee is English.'],ans,1
P364_general_WESTERN_COUNTRIES_82,The Last of Us,"['English', 'en', 'English language', 'eng']",['\nThe language of origin of The Last of Us is English.'],ans,1
P364_general_WESTERN_COUNTRIES_84,El Camino: A Breaking Bad Movie,"['English', 'en', 'English language', 'eng']",['\nThe language of origin of El Camino: A Breaking Bad Movie is Spanish.'],ans,0
P364_general_WESTERN_COUNTRIES_86,Batman Returns,"['English', 'en', 'English language', 'eng']",['\nThe language of origin of Batman Returns is English.'],ans,1
P364_general_WESTERN_COUNTRIES_88,Stranger Things,"['English', 'en', 'English language', 'eng']",['\nThe language of origin of Stranger Things is English.'],ans,1
P364_general_WESTERN_COUNTRIES_90,Breaking Bad,"['eng', 'English (United States)', 'en-us', 'en_US', 'English', 'en', 'U.S. English', 'en_us', 'English language', 'AmE', 'United States English', 'US English', 'en-US', 'American English']",['\nThe language of origin of Breaking Bad is English.'],ans,1
P364_general_WESTERN_COUNTRIES_92,Koh-Lanta : Island of Heroes,"['fr', 'French', 'fra', '(fr)', 'French language']",['\nKoh-Lanta is a French-Thai television series that is based on the Thai series of the same name'],ans,1
P364_general_WESTERN_COUNTRIES_94,Parks and Recreation,"['English', 'en', 'English language', 'eng']",['\nThe language of origin of Parks and Recreation is English.'],ans,1
P364_general_WESTERN_COUNTRIES_96,Skam France,"['fr', 'French', 'fra', '(fr)', 'French language']",['\nSkam France is a French language reality TV show.'],ans,1
P364_general_WESTERN_COUNTRIES_98,"Agents of S.H.I.E.L.D., season 4","['English', 'en', 'English language', 'eng']","['\nThe language of origin of Agents of S.H.I.E.L.D., season 4 is English']",ans,1
P364_general_WESTERN_COUNTRIES_100,Scream,"['English', 'en', 'English language', 'eng']","[""\nThe language of origin of the word'scream' is Old English, specifically from the word'scre""]",ans,1
P364_general_WESTERN_COUNTRIES_102,Titanic,"['English', 'en', 'English language', 'eng']","['\nTitanic was built in Belfast, Northern Ireland, and the language of origin is English.']",ans,1
P364_general_WESTERN_COUNTRIES_104,Captain America: The Winter Soldier,"['English', 'en', 'English language', 'eng']",['\nCaptain America: The Winter Soldier is a Marvel Cinematic Universe film and the language of origin is English.'],ans,1
P364_general_WESTERN_COUNTRIES_106,Black Mirror,"['English', 'en', 'English language', 'eng']",['\nThe language of origin of Black Mirror is English.'],ans,1
P364_general_WESTERN_COUNTRIES_108,She-Hulk: Attorney at Law,"['English', 'en', 'English language', 'eng']",['\nThe language of origin of She-Hulk: Attorney at Law is English.'],ans,1
P364_general_WESTERN_COUNTRIES_110,Die Hard,"['English', 'en', 'English language', 'eng']",['\nThe language of origin of Die Hard is English.'],ans,1
P364_general_WESTERN_COUNTRIES_112,Arrow,"['English', 'en', 'English language', 'eng']",['\nArrow is a language of origin from the Apache tribe in the southwestern United States.'],ans,0
P364_general_WESTERN_COUNTRIES_114,The Sopranos,"['English', 'en', 'English language', 'eng']",['\nThe Sopranos is an American crime drama television series that was created by David Chase. The show is set in the'],ans,0
P364_general_WESTERN_COUNTRIES_116,The Shining,"['English', 'en', 'English language', 'eng']",['\nThe language of origin of The Shining is English.'],ans,1
P364_general_WESTERN_COUNTRIES_118,Dune,"['English', 'en', 'English language', 'eng']",['\nThe language of origin of Dune is a fictional language created by Frank Herbert.'],ans,0
P364_general_WESTERN_COUNTRIES_120,Man of Steel,"['English', 'en', 'English language', 'eng']",['\nThe language of origin of Man of Steel is English.'],ans,1
P364_general_WESTERN_COUNTRIES_122,Deadpool 2,"['English', 'en', 'English language', 'eng']",['\nThe language of origin of Deadpool 2 is English.'],ans,1
P364_general_WESTERN_COUNTRIES_124,Mad Men,"['English', 'en', 'English language', 'eng']",['\nThe language of origin of Mad Men is English.'],ans,1
P364_general_WESTERN_COUNTRIES_126,The Daily Show,"['English', 'en', 'English language', 'eng']",['\nThe Daily Show is an American late night television show that was created by Jon Stewart. It is based on the British show'],ans,0
P364_general_WESTERN_COUNTRIES_128,X-Men,"['English', 'en', 'English language', 'eng']",['\nThe X-Men were created by artist Jack Kirby and writer Stan Lee in 1963. The language of origin is'],ans,0
P364_general_WESTERN_COUNTRIES_130,Mighty Morphin Power Rangers,"['English', 'en', 'English language', 'eng']",['\nThe language of origin of Mighty Morphin Power Rangers is English.'],ans,1
P364_general_WESTERN_COUNTRIES_132,The X-Files,"['English', 'en', 'English language', 'eng']",['\nThe X-Files is an American television series that was created by Chris Carter. The language of origin is English.'],ans,1
P364_general_WESTERN_COUNTRIES_134,"Agents of S.H.I.E.L.D., season 1","['English', 'en', 'English language', 'eng']",['\nThe language of origin of Agents of S.H.I.E.L.D. season 1 is English'],ans,1
P364_general_WESTERN_COUNTRIES_136,Spider-Man: Far from Home,"['English', 'en', 'English language', 'eng']",['\nThe language of origin of Spider-Man: Far from Home is English.'],ans,1
P364_general_WESTERN_COUNTRIES_138,Moon Knight,"['English', 'en', 'English language', 'eng']",['\nThe language of origin of Moon Knight is English.'],ans,1
P364_general_WESTERN_COUNTRIES_140,"Loki, season 1","['English', 'en', 'English language', 'eng']","['\nLoki, season 1 is based on the Marvel character and is in English.']",ans,1
P364_general_WESTERN_COUNTRIES_142,Bienvenue chez les Ch'tis,"['fr', 'Picard', 'French', 'Picard language', 'fra', 'French language', '(fr)', 'patois', 'pcd']","[""\nThe language of origin of Bienvenue chez les Ch'tis is French.""]",ans,1
P364_general_WESTERN_COUNTRIES_144,Sanremo Music Festival,"['it', 'Italiano', 'Italian', 'Italian language']",['\nThe language of origin of Sanremo Music Festival is Italian.'],ans,1
P364_general_WESTERN_COUNTRIES_146,Jersey Shore: Family Vacation,"['English', 'en', 'English language', 'eng']",['\nThe language of origin of Jersey Shore: Family Vacation is English.'],ans,1
P364_general_WESTERN_COUNTRIES_148,Lost,"['English', 'en', 'English language', 'eng']",['\nThe language of origin of Lost is English.'],ans,1
P364_general_WESTERN_COUNTRIES_150,Logan,"['English', 'en', 'English language', 'eng']","['\nLogan is of English origin and is derived from the name of the town in County Armagh, Ireland.']",ans,1
P364_general_WESTERN_COUNTRIES_152,Family Guy,"['English', 'en', 'English language', 'eng']",['\nThe language of origin of Family Guy is English.'],ans,1
P364_general_WESTERN_COUNTRIES_154,Fastest Man Alive,"['English', 'en', 'English language', 'eng']",['\nThe language of origin of Fastest Man Alive is English.'],ans,1
P364_general_WESTERN_COUNTRIES_156,Things You Can't Outrun,"['English', 'en', 'English language', 'eng']","[""\nThe language of origin of Things You Can't Outrun is English.""]",ans,1
P364_general_WESTERN_COUNTRIES_158,Ghostbusters II,"['English', 'en', 'English language', 'eng']",['\nThe language of origin of Ghostbusters II is English.'],ans,1
P364_general_WESTERN_COUNTRIES_160,Steven Universe,"['English', 'en', 'English language', 'eng']","[""\nThe language of origin of Steven Universe is not specified, as it is a fictional language created by the show's creators""]",ans,0
P364_general_WESTERN_COUNTRIES_162,NFL on CBS,"['English', 'en', 'English language', 'eng']",['\nThe language of origin of NFL on CBS is English.'],ans,1
P364_general_WESTERN_COUNTRIES_164,No,"['English', 'en', 'English language', 'eng']",['\nNo is a word that originated from the Latin language.'],ans,0
P364_general_WESTERN_COUNTRIES_166,First Dates,"['es', 'Spanish language', 'Español', 'Castilian language', 'Spanish', 'Castilian']",['\nThe language of origin of First Dates is not known.'],ans,0
P364_general_WESTERN_COUNTRIES_168,Física o Química,"['es', 'Spanish language', 'Español', 'Castilian language', 'Spanish', 'Castilian']",['\nThe language of origin of Física o Química is Latin.'],ans,0
P364_general_WESTERN_COUNTRIES_170,Black Is King,"['English', 'en', 'English language', 'eng']","['\nBlack Is King is a language of origin that is not a specific language, but rather a term used to describe the culture']",ans,0
P364_general_WESTERN_COUNTRIES_172,Mystery Science Theater 3000,"['English', 'en', 'English language', 'eng']",['\nThe language of origin of Mystery Science Theater 3000 is English.'],ans,1
P364_general_WESTERN_COUNTRIES_174,Father Knows Best,"['English', 'en', 'English language', 'eng']",['\nThe language of origin of Father Knows Best is English.'],ans,1
P364_general_WESTERN_COUNTRIES_176,The Dark Knight trilogy,"['English', 'en', 'English language', 'eng']",['\nThe Dark Knight trilogy is based on the DC Comics character created by Bob Kane and Bill Finger. The language of origin is'],ans,0
P364_general_WESTERN_COUNTRIES_178,Koh-Lanta,"['fr', 'French', 'fra', '(fr)', 'French language']","[""\nKoh-Lanta is a Thai language word that means 'island of the sun'.""]",ans,0
P364_general_WESTERN_COUNTRIES_180,Star Wars Episode IX: The Rise of Skywalker,"['English', 'en', 'English language', 'eng']",['\nThe language of origin of Star Wars Episode IX: The Rise of Skywalker is English.'],ans,1
P364_general_WESTERN_COUNTRIES_182,Godzilla,"['eng', 'jp', 'Japanese language', 'English', 'en', 'ja', 'Nihongo', 'English language', 'jpn', 'Japanese']",['\nGodzilla is a fictional character created by Toho Co. Ltd. in 1954. The character was created in'],ans,0
P364_general_WESTERN_COUNTRIES_184,Alles was zählt,"['de', 'German', 'German language']","[""\nAlles was zählt is a German phrase that translates to 'Everything counts.'""]",ans,1
P364_general_WESTERN_COUNTRIES_186,Thor: The Dark World,"['English', 'en', 'English language', 'eng']",['\nThe language of origin of Thor: The Dark World is Old Norse.'],ans,0
P364_general_WESTERN_COUNTRIES_188,The Big Bang Theory,"['English', 'en', 'English language', 'eng']",['\nThe Big Bang Theory is a popularized version of the theory of the universe proposed by physicist Georges Lemaître.'],ans,0
P364_general_WESTERN_COUNTRIES_190,The Flash,"['English', 'en', 'English language', 'eng']",['\nThe Flash is a superhero character created by writer/artist Neal Adams for DC Comics in 1956.'],ans,0
P364_general_WESTERN_COUNTRIES_192,Inside Out,"['English', 'en', 'English language', 'eng']",['\nThe language of origin of Inside Out is English.'],ans,1
P364_general_WESTERN_COUNTRIES_194,Star Trek,"['English', 'en', 'English language', 'eng']",['\nThe language of origin of Star Trek is English.'],ans,1
P364_general_WESTERN_COUNTRIES_196,"American Idol, season 12","['English', 'en', 'English language', 'eng']","['\nThe language of origin of American Idol, season 12 is English.']",ans,1
P364_general_WESTERN_COUNTRIES_198,Smallville,"['English', 'en', 'English language', 'eng']","['\nSmallville is a fictional town in the United States, and the language of origin is English.']",ans,1
P364_general_WESTERN_COUNTRIES_200,Tron: Legacy,"['English', 'en', 'English language', 'eng']",['\nThe language of origin of Tron: Legacy is English.'],ans,1
P364_general_WESTERN_COUNTRIES_202,"Doctor Who, series 5","['English', 'en', 'English language', 'eng']","['\nThe language of origin of Doctor Who, series 5 is English.']",ans,1
P364_general_WESTERN_COUNTRIES_204,Tatort,"['de', 'German', 'German language']",['\nTatort is a German television series that has been airing since 1981. The language of origin is German.'],ans,1
P364_general_WESTERN_COUNTRIES_206,America's Got Talent,"['English', 'en', 'English language', 'eng']","[""\nThe language of origin of America's Got Talent is English.""]",ans,1
P364_general_WESTERN_COUNTRIES_208,Coronation Street,"['English', 'en', 'English language', 'eng']","['\nCoronation Street is a fictional street in the United Kingdom, and the language of origin is English.']",ans,1
P364_general_WESTERN_COUNTRIES_210,Starship Troopers,"['English', 'en', 'English language', 'eng']",['\nStarship Troopers is a language of origin of the English language.'],ans,1
P364_general_WESTERN_COUNTRIES_212,Jaws,"['English', 'en', 'English language', 'eng']",['\nThe language of origin of Jaws is English.'],ans,1
P364_general_WESTERN_COUNTRIES_214,Survivor,"['English', 'en', 'English language', 'eng']",['\nSurvivor is an American reality television series that was created by Mark Burnett. The show is based on the Japanese television'],ans,0
P364_general_WESTERN_COUNTRIES_216,Unter uns,"['de', 'German', 'German language']","[""\nUnter uns is a German word that means 'between us'. It is commonly used in Germany and Austria.""]",ans,1
P364_general_WESTERN_COUNTRIES_218,Money Heist,"['es', 'Spanish language', 'Español', 'Castilian language', 'Spanish', 'Castilian']",['\nThe language of origin of Money Heist is Spanish.'],ans,1
P364_general_WESTERN_COUNTRIES_220,Total Recall,"['English', 'en', 'English language', 'eng']",['\nThe language of origin of Total Recall is English.'],ans,1
P364_general_WESTERN_COUNTRIES_222,Beauty and the Beast,"['English', 'en', 'English language', 'eng']",['\nThe language of origin of Beauty and the Beast is French.'],ans,0
P364_general_WESTERN_COUNTRIES_224,Community,"['English', 'en', 'English language', 'eng']","[""\nCommunity is a word that originated from the Latin word 'communis' which means 'common' or '""]",ans,0
P364_general_WESTERN_COUNTRIES_226,Good Trouble,"['English', 'en', 'English language', 'eng']",['\nThe language of origin of Good Trouble is English.'],ans,1
P364_general_WESTERN_COUNTRIES_228,The Defenders,"['English', 'en', 'English language', 'eng']",['\nThe language of origin of The Defenders is English.'],ans,1
P364_general_WESTERN_COUNTRIES_230,La que se avecina,"['es', 'Spanish language', 'Español', 'Castilian language', 'Spanish', 'Castilian']","[""\nI'm sorry, I cannot provide an accurate answer as La que se avecina is not a known language. It""]",unk,0
P364_general_WESTERN_COUNTRIES_232,Ozark,"['English', 'en', 'English language', 'eng']",['\nThe Ozark language is believed to have originated from the Ozark Mountains region of the United States.'],ans,0
P364_general_WESTERN_COUNTRIES_234,Striscia la notizia,"['it', 'Italiano', 'Italian', 'Italian language']","['\nStriscia la notizia is a language of origin that is not a specific language, but rather a term used to']",ans,0
P364_general_WESTERN_COUNTRIES_236,My Favorite Martian,"['English', 'en', 'English language', 'eng']",['\nMy Favorite Martian is a 1999 American science fiction film that was produced by 20th Century Fox. The film'],ans,0
P364_general_WESTERN_COUNTRIES_238,Watchmen,"['English', 'en', 'English language', 'eng']",['\nThe language of origin of Watchmen is English.'],ans,1
P364_general_WESTERN_COUNTRIES_240,John Wick,"['English', 'en', 'English language', 'eng']",['\nThe language of origin of John Wick is English.'],ans,1
P364_general_WESTERN_COUNTRIES_242,Rogue One,"['English', 'en', 'English language', 'eng']",['\nThe language of origin of Rogue One is a fictional language called Shyrii.'],ans,0
P364_general_WESTERN_COUNTRIES_244,Black Lightning,"['English', 'en', 'English language', 'eng']",['\nBlack Lightning is a superhero character in the DC Comics universe and is not a language of origin.'],ans,0
P364_general_WESTERN_COUNTRIES_246,My Little Pony: Friendship Is Magic,"['English', 'en', 'English language', 'eng']",['\nThe language of origin of My Little Pony: Friendship Is Magic is English.'],ans,1
P364_general_WESTERN_COUNTRIES_248,Holby City,"['English', 'en', 'English language', 'eng']",['\nThe language of origin of Holby City is English.'],ans,1
P364_general_WESTERN_COUNTRIES_250,How I Met Your Mother,"['English', 'en', 'English language', 'eng']",['\nThe language of origin of How I Met Your Mother is English.'],ans,1
P364_general_WESTERN_COUNTRIES_252,Interstellar,"['English', 'en', 'English language', 'eng']",['\nInterstellar is a science fiction film that was written and directed by Christopher Nolan. The language of origin is English.'],ans,1
P364_general_WESTERN_COUNTRIES_254,All Rise,"['English', 'en', 'English language', 'eng']",['\nAll Rise is a legal drama series that is based on the novel of the same name by American author Mark Ruffalo.'],ans,0
P364_general_WESTERN_COUNTRIES_256,Daredevil,"['English', 'en', 'English language', 'eng']",['\nThe language of origin of Daredevil is English.'],ans,1
P364_general_WESTERN_COUNTRIES_258,The Matrix,"['English', 'en', 'English language', 'eng']","[""\nThe language of origin of The Matrix is a fictional language called 'Neo-Hebrew'.""]",ans,0
P364_general_WESTERN_COUNTRIES_260,Thor,"['English', 'en', 'English language', 'eng']",['\nThe language of origin of Thor is Old Norse.'],ans,0
P364_general_WESTERN_COUNTRIES_262,Killer Frost,"['English', 'en', 'English language', 'eng']",['\nKiller Frost is a character in the Marvel Comics universe and is not a language of origin.'],ans,0
P364_general_WESTERN_COUNTRIES_264,list of Marvel Cinematic Universe films,"['English', 'en', 'English language', 'eng']",['\nThe language of origin of the Marvel Cinematic Universe films is English.'],ans,1
P364_general_WESTERN_COUNTRIES_266,Jojo Rabbit,"['English', 'en', 'English language', 'eng']",['\nThe language of origin of Jojo Rabbit is German.'],ans,0
P364_general_WESTERN_COUNTRIES_268,Buffy the Vampire Slayer,"['English', 'en', 'English language', 'eng']",['\nThe language of origin of Buffy the Vampire Slayer is English.'],ans,1
P364_general_WESTERN_COUNTRIES_270,What If...?,"['English', 'en', 'English language', 'eng']",['\nThe language of origin of What If...?? is English.'],ans,1
P364_general_WESTERN_COUNTRIES_272,The Godfather,"['eng', 'Italian', 'it', 'English', 'en', 'Italiano', 'English language', 'Italian language']",['\nThe language of origin of The Godfather is Italian.'],ans,1
P364_general_WESTERN_COUNTRIES_274,Spider-Man 3,"['English', 'en', 'English language', 'eng']",['\nThe language of origin of Spider-Man 3 is English.'],ans,1
P364_general_WESTERN_COUNTRIES_276,Pirates of the Caribbean: Dead Men Tell No Tales,"['English', 'en', 'English language', 'eng']",['\nThe language of origin of Pirates of the Caribbean: Dead Men Tell No Tales is English.'],ans,1
P364_general_WESTERN_COUNTRIES_278,Sony's Spider-Man Universe,"['English', 'en', 'English language', 'eng']","[""\nThe language of origin of Sony's Spider-Man Universe is English.""]",ans,1
P364_general_WESTERN_COUNTRIES_280,The Legend of Korra,"['English', 'en', 'English language', 'eng']","[""\nThe language of origin of The Legend of Korra is a fictional language created by the show's creators.""]",ans,0
P364_general_WESTERN_COUNTRIES_282,Ms. Marvel,"['English', 'en', 'English language', 'eng']",['\nMs. Marvel is a Marvel Comics character and the language of origin is Arabic.'],ans,0
P364_general_WESTERN_COUNTRIES_284,Solo: A Star Wars Story,"['English', 'en', 'English language', 'eng']",['\nThe language of origin of Solo: A Star Wars Story is English.'],ans,1
P364_general_WESTERN_COUNTRIES_286,"Agents of S.H.I.E.L.D., season 5","['English', 'en', 'English language', 'eng']","['\nThe language of origin of Agents of S.H.I.E.L.D., season 5 is English']",ans,1
P364_general_WESTERN_COUNTRIES_288,"Better Call Saul, season 6","['English', 'en', 'English language', 'eng']","['\nThe language of origin of Better Call Saul, season 6 is English.']",ans,1
P364_general_WESTERN_COUNTRIES_290,Suspiria,"['English', 'en', 'English language', 'eng']","[""\nSuspiria is a Latin word that means 'to inhale' or 'to breathe in'.""]",ans,0
P364_general_WESTERN_COUNTRIES_292,Gladiator,"['English', 'en', 'English language', 'eng']","[""\nGladiator is a Latin word, which means'sword-bearer'.""]",ans,0
P364_general_WESTERN_COUNTRIES_294,Downton Abbey,"['English', 'en', 'English language', 'eng']",['\nThe language of origin of Downton Abbey is English.'],ans,1
P364_general_WESTERN_COUNTRIES_296,Sense8,"['English', 'en', 'English language', 'eng']",['\nThe language of origin of Sense8 is English.'],ans,1
P364_general_WESTERN_COUNTRIES_298,Transformers,"['English', 'en', 'English language', 'eng']",['\nThe language of origin of Transformers is English.'],ans,1
P364_general_WESTERN_COUNTRIES_300,House of Cards,"['English', 'en', 'English language', 'eng']",['\nThe language of origin of House of Cards is English.'],ans,1
P364_general_WESTERN_COUNTRIES_302,Harry Potter film series,"['English', 'en', 'English language', 'eng']",['\nThe language of origin of Harry Potter film series is English.'],ans,1
P364_general_WESTERN_COUNTRIES_304,Futurama,"['English', 'en', 'English language', 'eng']",['\nThe language of origin of Futurama is English.'],ans,1
P364_general_WESTERN_COUNTRIES_306,Inception,"['eng', 'jp', 'Japanese language', 'English', 'fr', 'en', 'ja', 'French', 'Nihongo', 'fra', 'French language', '(fr)', 'English language', 'jpn', 'Japanese']","['\nInception is a language of origin that is not defined in the movie. However, the language used in the movie is']",ans,0
P364_general_WESTERN_COUNTRIES_308,Top Gun: Maverick,"['English', 'en', 'English language', 'eng']",['\nThe language of origin of Top Gun: Maverick is English.'],ans,1
P364_general_WESTERN_COUNTRIES_310,The Care Bears Movie,"['English', 'en', 'English language', 'eng']",['\nThe Care Bears Movie is based on the original Care Bears books written by Joanna Walsh. The language of origin is English.'],ans,1
P364_general_WESTERN_COUNTRIES_312,Obi-Wan Kenobi,"['English', 'en', 'English language', 'eng']",['\nObi-Wan Kenobi is a character in the Star Wars universe and his language of origin is the language of'],ans,0
P364_general_WESTERN_COUNTRIES_314,John Carter,"['English', 'en', 'English language', 'eng']",['\nJohn Carter is a fictional character created by author A.E. van Vogt. The language of origin is English.'],ans,1
P364_general_WESTERN_COUNTRIES_316,Captain America: The First Avenger,"['English', 'en', 'English language', 'eng']","['\nCaptain America: The First Avenger is based on the Marvel Comics character of the same name, which was created by artist']",ans,0
P364_general_WESTERN_COUNTRIES_318,Lost Girl,"['English', 'en', 'English language', 'eng']",['\nThe language of origin of Lost Girl is English.'],ans,1
P364_general_WESTERN_COUNTRIES_320,"Grey's Anatomy, season 17","['English', 'en', 'English language', 'eng']","[""\nThe language of origin of Grey's Anatomy, season 17 is English.""]",ans,1
P364_general_WESTERN_COUNTRIES_322,Outlander,"['Scottish Gaelic', 'eng', 'English', 'fr', 'en', 'Gàidhlig', 'French', 'Gaidhlig', 'Gaelic', 'fra', 'French language', '(fr)', 'English language', 'Scots Gaelic', 'gd', 'Scottish Gaelic language']",['\nThe language of origin of Outlander is Gaelic.'],ans,1
P364_general_WESTERN_COUNTRIES_324,Españoles en el mundo,"['es', 'Spanish language', 'Español', 'Castilian language', 'Spanish', 'Castilian']",['\nSpanish is the language of origin of Españoles en el mundo.'],ans,1
P364_general_WESTERN_COUNTRIES_326,Legends of Tomorrow,"['English', 'en', 'English language', 'eng']",['\nThe language of origin of Legends of Tomorrow is English.'],ans,1
P364_general_WESTERN_COUNTRIES_328,Gilmore Girls,"['English', 'en', 'English language', 'eng']",['\nThe language of origin of Gilmore Girls is English.'],ans,1
P364_general_WESTERN_COUNTRIES_330,Superbook,"['jp', 'Japanese language', 'ja', 'Nihongo', 'jpn', 'Japanese']",['\nSuperbook is a language of origin that is not yet known.'],ans,0
P364_general_WESTERN_COUNTRIES_332,Sleepless in Seattle,"['English', 'en', 'English language', 'eng']",['\nThe language of origin of Sleepless in Seattle is English.'],ans,1
P364_general_WESTERN_COUNTRIES_334,Ghostbusters,"['English', 'en', 'English language', 'eng']",['\nThe language of origin of Ghostbusters is English.'],ans,1
P364_general_WESTERN_COUNTRIES_336,The Grand Budapest Hotel,"['English', 'en', 'English language', 'eng']",['\nThe language of origin of The Grand Budapest Hotel is French.'],ans,0
P364_general_WESTERN_COUNTRIES_338,Inhumans,"['English', 'en', 'English language', 'eng']",['\nInhumans are a race of superhuman mutants that originated from the planet Homo sapiens.'],ans,0
P364_general_WESTERN_COUNTRIES_340,The Irishman,"['English', 'en', 'English language', 'eng']",['\nThe language of origin of The Irishman is Irish.'],ans,0
P364_general_WESTERN_COUNTRIES_342,The Shawshank Redemption,"['English', 'en', 'English language', 'eng']",['\nThe language of origin of The Shawshank Redemption is English.'],ans,1
P364_general_WESTERN_COUNTRIES_344,You,"['English', 'en', 'English language', 'eng']","[""\nI'm sorry, I'm not sure what you mean by 'You'. Can you please provide more context""]",unk,0
P364_general_WESTERN_COUNTRIES_346,Bridgerton,"['English', 'en', 'English language', 'eng']",['\nThe language of origin of Bridgerton is English.'],ans,1
P364_general_WESTERN_COUNTRIES_348,Desperate Housewives,"['English', 'en', 'English language', 'eng']",['\nThe language of origin of Desperate Housewives is English.'],ans,1
P364_general_WESTERN_COUNTRIES_350,Fantasia,"['English', 'en', 'English language', 'eng']",['\nFantasia is a language of origin that is not specific to any one language. It is a made-up language that'],unk,0
P364_general_WESTERN_COUNTRIES_352,Macy's Thanksgiving Day Parade,"['English', 'en', 'English language', 'eng']","[""\nThe language of origin of Macy's Thanksgiving Day Parade is English.""]",ans,1
P364_general_WESTERN_COUNTRIES_354,Gone with the Wind,"['English', 'en', 'English language', 'eng']",['\nThe language of origin of Gone with the Wind is English.'],ans,1
P364_general_WESTERN_COUNTRIES_356,Charlie and the Chocolate Factory,"['English', 'en', 'English language', 'eng']",['\nThe language of origin of Charlie and the Chocolate Factory is English.'],ans,1
P364_general_WESTERN_COUNTRIES_358,The West Wing,"['English', 'en', 'English language', 'eng']",['\nThe West Wing is a television series that was created by Aaron Sorkin. The language of origin is English.'],ans,1
P364_general_WESTERN_COUNTRIES_360,Iron Man,"['English', 'en', 'English language', 'eng']","['\nIron Man is a fictional character in the Marvel Cinematic Universe and is not a real language. However, the character was']",ans,0
P364_general_WESTERN_COUNTRIES_362,"The Voice, U.S. season 3","['English', 'en', 'English language', 'eng']","['\nThe language of origin of The Voice, U.S. season 3 is English.']",ans,1
P364_general_WESTERN_COUNTRIES_364,Arrow (season 7),"['English', 'en', 'English language', 'eng']","['\nArrow (season 7) is based on the DC Comics character of the same name, which was created by artist']",ans,0
P364_general_WESTERN_COUNTRIES_366,Viaje al centro de la tele,"['es', 'Spanish language', 'Español', 'Castilian language', 'Spanish', 'Castilian']","[""\nI'm sorry, I cannot provide an accurate answer as the language of origin of Viaje al centro de la tele""]",unk,0
P364_general_WESTERN_COUNTRIES_368,Star Trek: Picard,"['English', 'en', 'English language', 'eng']",['\nThe language of origin of Star Trek: Picard is French.'],ans,0
P364_general_WESTERN_COUNTRIES_370,E.T. the Extra-Terrestrial,"['English', 'en', 'English language', 'eng']","[""\nThe language of origin of E.T. the Extra-Terrestrial is a fictional language created by the film's""]",ans,0
P364_general_WESTERN_COUNTRIES_372,Ant-Man and the Wasp,"['English', 'en', 'English language', 'eng']",['\nThe language of origin of Ant-Man and the Wasp is English.'],ans,1
P364_general_WESTERN_COUNTRIES_374,I Love Lucy,"['English', 'en', 'English language', 'eng']",['\nThe language of origin of I Love Lucy is English.'],ans,1
P364_general_WESTERN_COUNTRIES_376,Il collegio,"['it', 'Italiano', 'Italian', 'Italian language']","[""\nIl collegio is an Italian word that means'school' or 'academy'. It is derived from the""]",ans,1
P364_general_WESTERN_COUNTRIES_378,Mulholland Drive,"['English', 'en', 'English language', 'eng']",['\nMulholland Drive is a film directed by David Lynch and written by Christopher Nolan. The language of origin is English.'],ans,1
P364_general_WESTERN_COUNTRIES_380,Friday the 13th,"['English', 'en', 'English language', 'eng']",['\nFriday the 13th is a series of horror films based on the 1989 film of the same name. The'],ans,0
P364_general_WESTERN_COUNTRIES_382,Pasapalabra,"['es', 'Spanish language', 'Español', 'Castilian language', 'Spanish', 'Castilian']",['\nPasapalabra is a language of origin from the Amazon Basin in Brazil.'],ans,0
P364_general_WESTERN_COUNTRIES_384,Guardians of the Galaxy Vol. 3,"['English', 'en', 'English language', 'eng']",['\nThe language of origin of Guardians of the Galaxy Vol. 3 is English.'],ans,1
P364_general_WESTERN_COUNTRIES_386,The Fabulous Baker Boys,"['English', 'en', 'English language', 'eng']",['\nThe language of origin of The Fabulous Baker Boys is English.'],ans,1
P364_general_WESTERN_COUNTRIES_388,WALL-E,"['English', 'en', 'English language', 'eng']","['\nWALL-E is a language of origin that is not yet known. It is a combination of various languages, including']",ans,0
P364_general_WESTERN_COUNTRIES_390,Days of Our Lives,"['English', 'en', 'English language', 'eng']",['\nThe language of origin of Days of Our Lives is English.'],ans,1
P364_general_WESTERN_COUNTRIES_392,"Goede tijden, slechte tijden","['nl', 'nld', 'ned', 'Dutch language', 'Netherlandic language', 'Flemish language', 'Netherlandic', 'Dutch', 'Nederlands', 'Flemish', 'Netherlandish']","['\nThe language of origin of Goede tijden, slechte tijden is Dutch.']",ans,1
P364_general_WESTERN_COUNTRIES_394,Hawkeye,"['eng', 'ASLic', 'English', 'en', 'American Sign Language', 'Ameslan', 'ASL', 'ase', 'English language']","[""\nHawkeye is a Native American word that means'sharp-eyed' or 'eagle-eyed'.""]",ans,0
P364_general_WESTERN_COUNTRIES_396,American Horror Story: Hotel,"['English', 'en', 'English language', 'eng']",['\nThe language of origin of American Horror Story: Hotel is English.'],ans,1
P364_general_WESTERN_COUNTRIES_398,American Beauty,"['English', 'en', 'English language', 'eng']",['\nThe language of origin of American Beauty is English.'],ans,1
P364_general_WESTERN_COUNTRIES_400,The Price Is Right,"['English', 'en', 'English language', 'eng']",['\nThe language of origin of The Price Is Right is English.'],ans,1
P364_general_WESTERN_COUNTRIES_402,Pose,"['English', 'en', 'English language', 'eng']",['\nPose is a language of origin from the Greek language.'],ans,0
P364_general_WESTERN_COUNTRIES_404,101 Dalmatian Street,"['English', 'en', 'English language', 'eng']",['\nThe language of origin of 101 Dalmatian Street is Croatian.'],ans,0
P364_general_WESTERN_COUNTRIES_406,Don't Look Up,"['English', 'en', 'English language', 'eng']","[""\nDon't Look Up is a 2020 American science fiction comedy-drama film directed by Adam McKay.""]",ans,0
P364_general_WESTERN_COUNTRIES_408,"Agents of S.H.I.E.L.D., season 7","['English', 'en', 'English language', 'eng']","['\nThe language of origin of Agents of S.H.I.E.L.D., season 7 is English']",ans,1
P364_general_WESTERN_COUNTRIES_410,Go Jetters,"['English', 'en', 'English language', 'eng']",['\nGo Jetters is a French-Canadian animated television series that was created by the animation studio Nelvana. The language of'],ans,0
P364_general_WESTERN_COUNTRIES_412,The Wire,"['English', 'en', 'English language', 'eng']",['\nThe Wire is an American crime drama television series that was created by David Simon and Ed Burns. The show is based on'],ans,0
P364_general_WESTERN_COUNTRIES_414,The Voice,"['English', 'en', 'English language', 'eng']",['\nThe language of origin of The Voice is English.'],ans,1
P364_general_WESTERN_COUNTRIES_416,The O.C.,"['English', 'en', 'English language', 'eng']",['\nThe O.C. is an American television series that was created by Josh Schwartz. The show is set in the fictional'],ans,0
P364_general_WESTERN_COUNTRIES_418,Mulan,"['English', 'en', 'English language', 'eng']","[""\nMulan is a Chinese word that means 'to go out' or 'to go out of the house'.""]",ans,0
P364_general_WESTERN_COUNTRIES_420,Suicide Squad,"['English', 'en', 'English language', 'eng']",['\nThe language of origin of Suicide Squad is English.'],ans,1
P364_general_WESTERN_COUNTRIES_422,Jurassic Park III,"['English', 'en', 'English language', 'eng']",['\nThe language of origin of Jurassic Park III is English.'],ans,1
P364_general_WESTERN_COUNTRIES_424,Thunderbirds,"['English', 'en', 'English language', 'eng']","['\nThe language of origin of Thunderbirds is not known, as they are a fictional species in the Marvel universe.']",ans,0
P364_general_WESTERN_COUNTRIES_426,"Roswell, New Mexico","['English', 'en', 'English language', 'eng']","['\nThe language of origin of Roswell, New Mexico is Navajo.']",ans,0
P364_general_WESTERN_COUNTRIES_428,An Inconvenient Truth,"['English', 'en', 'English language', 'eng']",['\nThe language of origin of An Inconvenient Truth is English.'],ans,1
P364_general_WESTERN_COUNTRIES_430,The Princess Diaries,"['English', 'en', 'English language', 'eng']",['\nThe language of origin of The Princess Diaries is English.'],ans,1
P364_general_WESTERN_COUNTRIES_432,American Dad!,"['English', 'en', 'English language', 'eng']",['\nThe language of origin of American Dad! is English.'],ans,1
P364_general_WESTERN_COUNTRIES_434,Das Boot,"['de', 'German', 'German language']","[""\nDas Boot is a German word that means 'The Boat'.""]",ans,1
P364_general_WESTERN_COUNTRIES_436,Delusions of Grandeur,"['fr', 'French', 'fra', '(fr)', 'French language']",['\nDelusions of Grandeur is a term used to describe a mental disorder that is characterized by a feeling of superiority or grand'],ans,0
P364_general_WESTERN_COUNTRIES_438,The Wizard of Oz,"['English', 'en', 'English language', 'eng']",['\nThe language of origin of The Wizard of Oz is English.'],ans,1
P364_general_WESTERN_COUNTRIES_440,Versions of Justice League,"['English', 'en', 'English language', 'eng']",['\nThe language of origin of the Versions of Justice League is English.'],ans,1
P364_general_WESTERN_COUNTRIES_442,Sous les jupes des filles,"['fr', 'French', 'fra', '(fr)', 'French language']","[""\nSous les jupes des filles is a French phrase that translates to 'Under the skirts of girls.' It""]",ans,1
P364_general_WESTERN_COUNTRIES_444,The Birth of a Nation,"['English', 'en', 'English language', 'eng']",['\nThe language of origin of The Birth of a Nation is English.'],ans,1
P364_general_WESTERN_COUNTRIES_446,"Doctor Who, series 6","['English', 'en', 'English language', 'eng']","['\nThe language of origin of Doctor Who, series 6 is English.']",ans,1
P364_general_WESTERN_COUNTRIES_448,Justice League Action,"['English', 'en', 'English language', 'eng']","['\nJustice League Action is based on the DC Comics character Justice League, which is written in English.']",ans,1
P364_general_WESTERN_COUNTRIES_450,Fantastic Four,"['English', 'en', 'English language', 'eng']",['\nThe language of origin of Fantastic Four is English.'],ans,1
P364_general_WESTERN_COUNTRIES_452,Prodigal Son,"['English', 'en', 'English language', 'eng']",['\nThe language of origin of Prodigal Son is Latin.'],ans,0
P364_general_WESTERN_COUNTRIES_454,Ben-Hur,"['English', 'en', 'English language', 'eng']",['\nThe language of origin of Ben-Hur is Hebrew.'],ans,0
P364_general_WESTERN_COUNTRIES_456,The Blacklist,"['English', 'en', 'English language', 'eng']",['\nThe language of origin of The Blacklist is English.'],ans,1
P364_general_WESTERN_COUNTRIES_458,Kim Possible,"['English', 'en', 'English language', 'eng']",['\nKim Possible is an American animated television series that was created by Bob Schooley and Mark McCorkle. The language'],ans,0
P364_general_WESTERN_COUNTRIES_460,Dancing on Ice,"['English', 'en', 'English language', 'eng']",['\nThe language of origin of Dancing on Ice is English.'],ans,1
P364_general_WESTERN_COUNTRIES_462,QI,"['English', 'en', 'English language', 'eng']",['\nQI is a language of origin that is believed to have originated in China.'],ans,0
P364_general_WESTERN_COUNTRIES_464,The Girl with the Dragon Tattoo,"['English', 'en', 'English language', 'eng']",['\nThe language of origin of The Girl with the Dragon Tattoo is Swedish.'],ans,0
P364_general_WESTERN_COUNTRIES_466,War Horse,"['English', 'en', 'English language', 'eng']",['\nWar Horse is a language of origin from the Old English language.'],ans,1
P364_general_WESTERN_COUNTRIES_468,Arrow (season 4),"['English', 'en', 'English language', 'eng']","['\nArrow (season 4) is based on the DC Comics character of the same name, which is written in English']",ans,1
P364_general_WESTERN_COUNTRIES_470,Bluey,"['English', 'en', 'English language', 'eng']",['\nThe language of origin of Bluey is Australian English.'],ans,1
P364_general_WESTERN_COUNTRIES_472,Batman Begins,"['English', 'en', 'English language', 'eng']",['\nThe language of origin of Batman Begins is English.'],ans,1
P364_general_WESTERN_COUNTRIES_474,Iron Man 2,"['English', 'en', 'English language', 'eng']",['\nThe language of origin of Iron Man 2 is English.'],ans,1
P364_general_WESTERN_COUNTRIES_476,Colorado,"['it', 'Italiano', 'Italian', 'Italian language']",['\nThe language of origin of Colorado is Spanish.'],ans,0
P364_general_WESTERN_COUNTRIES_478,Aquaman,"['English', 'en', 'English language', 'eng']",['\nAquaman is a superhero character created by artist Paul Norris and writer Robert Thomsen. He is a member of the'],ans,0
P364_general_WESTERN_COUNTRIES_480,Unikitty!,"['English', 'en', 'English language', 'eng']","[""\nUnikitty! is a language that was created by the character Unikitty in the show 'The Powerp""]",ans,0
P364_general_WESTERN_COUNTRIES_482,Chapter Eight: The Upside Down,"['English', 'en', 'English language', 'eng']",['\nThe language of origin of Chapter Eight: The Upside Down is English.'],ans,1
P364_general_WESTERN_COUNTRIES_484,Chapter Seven: The Bathtub,"['English', 'en', 'English language', 'eng']","[""\nI'm sorry, I cannot provide an answer to that question as it is not specific enough. Can you please provide""]",unk,0
P364_general_WESTERN_COUNTRIES_486,The SpongeBob SquarePants Movie,"['English', 'en', 'English language', 'eng']",['\nThe language of origin of The SpongeBob SquarePants Movie is English.'],ans,1
P364_general_WESTERN_COUNTRIES_488,"The Voice, U.S. season 4","['English', 'en', 'English language', 'eng']","['\nThe language of origin of The Voice, U.S. season 4 is English.']",ans,1
P364_general_WESTERN_COUNTRIES_490,Babylon Berlin,"['ru', 'Russkiy', 'Russian language', 'de', 'German', 'Russkiy yazyk', 'Russian', 'German language']",['\nBabylon Berlin is a German television series that is set in the 1920s. The language of origin is German'],ans,1
P364_general_WESTERN_COUNTRIES_492,Arrow (season 1),"['English', 'en', 'English language', 'eng']","['\nArrow (season 1) is based on the DC Comics character of the same name, which is written in English']",ans,1
P364_general_WESTERN_COUNTRIES_494,Siesta Key,"['English', 'en', 'English language', 'eng']","['\nThe language of origin of Siesta Key is not known, but it is believed to be derived from the Spanish word ']",ans,0
P364_general_WESTERN_COUNTRIES_496,Dark Phoenix,"['English', 'en', 'English language', 'eng']",['\nThe language of origin of Dark Phoenix is English.'],ans,1
P364_general_WESTERN_COUNTRIES_498,How to Get Away with Murder,"['English', 'en', 'English language', 'eng']",['\nThe language of origin of How to Get Away with Murder is English.'],ans,1
P364_general_WESTERN_COUNTRIES_500,Godzilla vs. Kong,"['English', 'en', 'English language', 'eng']",['\nThe language of origin of Godzilla vs. Kong is Japanese.'],ans,0
P364_general_WESTERN_COUNTRIES_502,The Sinner,"['English', 'en', 'English language', 'eng']",['\nThe language of origin of The Sinner is Latin.'],ans,0
P364_general_WESTERN_COUNTRIES_504,Sonic the Hedgehog,"['English', 'en', 'English language', 'eng']","['\nSonic the Hedgehog is actually a character created by Sega, and the language of origin is English.']",ans,1
P364_general_WESTERN_COUNTRIES_506,In the Dark,"['English', 'en', 'English language', 'eng']",['\nIn the Dark is a language of origin that is not specified in the prompt.'],ans,0
P364_general_WESTERN_COUNTRIES_508,Labyrinth,"['English', 'en', 'English language', 'eng']",['\nThe language of origin of Labyrinth is Latin.'],ans,0
P364_general_WESTERN_COUNTRIES_510,Harry Potter and the Prisoner of Azkaban,"['English', 'en', 'English language', 'eng']",['\nThe language of origin of Harry Potter and the Prisoner of Azkaban is English.'],ans,1
P364_general_WESTERN_COUNTRIES_512,Night of the Living Dead,"['English', 'en', 'English language', 'eng']",['\nThe language of origin of Night of the Living Dead is English.'],ans,1
P364_general_WESTERN_COUNTRIES_514,Brokeback Mountain,"['English', 'en', 'English language', 'eng']",['\nThe language of origin of Brokeback Mountain is English.'],ans,1
P364_general_WESTERN_COUNTRIES_516,Star Trek: First Contact,"['English', 'en', 'English language', 'eng']","[""\nThe language of origin of Star Trek: First Contact is a fictional language called 'Alien'.""]",ans,0
P364_general_WESTERN_COUNTRIES_518,Rick and Morty,"['English', 'en', 'English language', 'eng']",['\nRick and Morty is an animated television series created by Justin Roiland and Dan Harmon. The language of origin is English'],ans,1
P364_general_WESTERN_COUNTRIES_520,Star Trek: Prodigy,"['English', 'en', 'English language', 'eng']",['\nThe language of origin of Star Trek: Prodigy is English.'],ans,1
P364_general_WESTERN_COUNTRIES_522,"La Voz (Spanish TV series, season 1)","['es', 'Spanish language', 'Español', 'Castilian language', 'Spanish', 'Castilian']","['\nThe language of origin of La Voz (Spanish TV series, season 1) is Spanish.']",ans,1
P364_general_WESTERN_COUNTRIES_524,Dr. Pimple Popper,"['English', 'en', 'English language', 'eng']",['\nDr. Pimple Popper is a fictional character and does not have a language of origin.'],ans,0
P364_general_WESTERN_COUNTRIES_526,One Tree Hill,"['English', 'en', 'English language', 'eng']",['\nThe language of origin of One Tree Hill is English.'],ans,1
P364_general_WESTERN_COUNTRIES_528,American Song Contest,"['English', 'en', 'English language', 'eng']",['\nThe language of origin of American Song Contest is English.'],ans,1
P364_general_WESTERN_COUNTRIES_530,Expelled: No Intelligence Allowed,"['English', 'en', 'English language', 'eng']",['\nThe language of origin of Expelled: No Intelligence Allowed is English.'],ans,1
P364_general_WESTERN_COUNTRIES_532,Terminator Salvation,"['English', 'en', 'English language', 'eng']",['\nThe language of origin of Terminator Salvation is English.'],ans,1
P364_general_WESTERN_COUNTRIES_534,Fear the Walking Dead,"['English', 'en', 'English language', 'eng']",['\nThe language of origin of Fear the Walking Dead is English.'],ans,1
P364_general_WESTERN_COUNTRIES_536,Medusa,"['English', 'en', 'English language', 'eng']",['\nMedusa is a language of origin that is believed to have originated in the region of the Mediterranean Sea.'],ans,0
P364_general_WESTERN_COUNTRIES_538,Pride & Prejudice,"['English', 'en', 'English language', 'eng']",['\nThe language of origin of Pride & Prejudice is English.'],ans,1
P364_general_WESTERN_COUNTRIES_540,"The Voice, season 2","['English', 'en', 'English language', 'eng']","['\nThe language of origin of The Voice, season 2 is English.']",ans,1
P364_general_WESTERN_COUNTRIES_542,One Life to Live,"['English', 'en', 'English language', 'eng']",['\nOne Life to Live is an American soap opera that was first broadcast on ABC in 1964.'],ans,0
P364_general_WESTERN_COUNTRIES_544,Toy Story,"['English', 'en', 'English language', 'eng']",['\nToy Story is an American computer-animated comedy-adventure film series created by Pixar Animation Studios. The language'],ans,0
P364_general_WESTERN_COUNTRIES_546,Kevin Can Wait,"['English', 'en', 'English language', 'eng']",['\nKevin Can Wait is an American sitcom that was created by Mark Hentrich. The language of origin of the show is'],ans,0
P364_general_WESTERN_COUNTRIES_548,His Dark Materials,"['English', 'en', 'English language', 'eng']",['\nHis Dark Materials is a series of fantasy novels written by author Philip Pullman. The language of origin is English.'],ans,1
P364_general_WESTERN_COUNTRIES_550,The Flash,"['English', 'en', 'English language', 'eng']",['\nThe Flash is a superhero character created by writer/artist Neal Adams for DC Comics in 1956.'],ans,0
P364_general_WESTERN_COUNTRIES_552,Serial,"['English', 'en', 'English language', 'eng']",['\nThe language of origin of Serial is English.'],ans,1
P364_general_WESTERN_COUNTRIES_554,Alita: Battle Angel,"['eng', 'English', 'en', 'es', 'Spanish language', 'English language', 'Español', 'Castilian language', 'Spanish', 'Castilian']",['\nThe language of origin of Alita: Battle Angel is Japanese.'],ans,0
P364_general_WESTERN_COUNTRIES_556,Cobra Kai,"['English', 'en', 'English language', 'eng']",['\nCobra Kai is a martial arts language that originated in the 1970s in the United States.'],ans,0
P364_general_WESTERN_COUNTRIES_558,Heroes,"['English', 'en', 'English language', 'eng']",['\nHeroes is a language of origin that is not specific to any one language. It is a combination of various languages and'],unk,0
P364_general_WESTERN_COUNTRIES_560,The Voice (U.S. season 6),"['English', 'en', 'English language', 'eng']",['\nThe language of origin of The Voice (U.S. season 6) is English.'],ans,1
P364_general_WESTERN_COUNTRIES_562,X-Men Origins: Wolverine,"['English', 'en', 'English language', 'eng']",['\nThe language of origin of X-Men Origins: Wolverine is English.'],ans,1
P364_general_WESTERN_COUNTRIES_564,Bohemian Rhapsody,"['English', 'en', 'English language', 'eng']",['\nBohemian Rhapsody is a song written by Freddie Mercury of the British rock band Queen. It is a fusion of'],ans,0
P364_general_WESTERN_COUNTRIES_566,"Game of Thrones, season 7","['English', 'en', 'English language', 'eng']","['\nThe language of origin of Game of Thrones, season 7 is Old Norse.']",ans,0
P364_general_WESTERN_COUNTRIES_568,Terminator Genisys,"['English', 'en', 'English language', 'eng']",['\nThe language of origin of Terminator Genisys is English.'],ans,1
P364_general_WESTERN_COUNTRIES_570,Ghosts,"['English', 'en', 'English language', 'eng']","['\nThe language of origin of Ghosts is unknown, as it is believed to have evolved from the language of the ancient Greeks']",unk,0
P364_general_WESTERN_COUNTRIES_572,The White Lotus,"['English', 'en', 'English language', 'eng']",['\nThe language of origin of The White Lotus is Sanskrit.'],ans,0
P364_general_WESTERN_COUNTRIES_574,La Grande Vadrouille,"['eng', 'English', 'fr', 'en', 'French', 'de', 'German', 'fra', 'French language', '(fr)', 'English language', 'German language']","[""\nLa Grande Vadrouille is a French word that means 'The Great Vastness'.""]",ans,1
P364_general_WESTERN_COUNTRIES_576,The Bill,"['English', 'en', 'English language', 'eng']","[""\nThe Bill is a British English term that originated from the Middle English word 'bill' which means a bill or a""]",ans,1
P364_general_WESTERN_COUNTRIES_578,Criminal Minds,"['English', 'en', 'English language', 'eng']",['\nThe language of origin of Criminal Minds is English.'],ans,1
P364_general_WESTERN_COUNTRIES_580,Up in the Air,"['English', 'en', 'English language', 'eng']",['\nUp in the Air is a film that was written and directed by Jason Reitman. The language of origin of Up'],ans,0
P364_general_WESTERN_COUNTRIES_582,The King and the Mockingbird,"['fr', 'French', 'fra', '(fr)', 'French language']",['\nThe language of origin of The King and the Mockingbird is English.'],ans,0
P364_general_WESTERN_COUNTRIES_584,The Adventures of Tintin,"['English', 'en', 'English language', 'eng']",['\nThe language of origin of The Adventures of Tintin is French.'],ans,0
P364_general_WESTERN_COUNTRIES_586,"Gotham, season 1","['English', 'en', 'English language', 'eng']","['\nThe language of origin of Gotham, season 1 is English.']",ans,1
P364_general_WESTERN_COUNTRIES_588,"Game of Thrones, season 1","['English', 'en', 'English language', 'eng']","['\nThe language of origin of Game of Thrones, season 1 is Old Norse.']",ans,0
P364_general_WESTERN_COUNTRIES_590,Roseanne,"['English', 'en', 'English language', 'eng']",['\nRoseanne is of Irish origin.'],ans,0
P364_general_WESTERN_COUNTRIES_592,Star Trek VI: The Undiscovered Country,"['English', 'en', 'English language', 'eng']",['\nThe language of origin of Star Trek VI: The Undiscovered Country is Klingon.'],ans,0
P364_general_WESTERN_COUNTRIES_594,Ferris Bueller's Day Off,"['English', 'en', 'English language', 'eng']","[""\nThe language of origin of Ferris Bueller's Day Off is English.""]",ans,1
P364_general_WESTERN_COUNTRIES_596,Sam & Cat,"['English', 'en', 'English language', 'eng']",['\nSam & Cat is an American animated television series that was created by Genndy Tartakovsky. The language of'],ans,0
P364_general_WESTERN_COUNTRIES_598,Le Iene,"['it', 'Italiano', 'Italian', 'Italian language']",['\nLe Iene is a language of the Indo-European language family.'],ans,0
P364_general_WESTERN_COUNTRIES_600,American Ninja Warrior,"['English', 'en', 'English language', 'eng']",['\nThe language of origin of American Ninja Warrior is Japanese.'],ans,0
P364_general_WESTERN_COUNTRIES_602,Ben-Hur,"['English', 'en', 'English language', 'eng']",['\nThe language of origin of Ben-Hur is Hebrew.'],ans,0
P364_general_WESTERN_COUNTRIES_604,"The Voice, U.S. season 7","['English', 'en', 'English language', 'eng']","['\nThe language of origin of The Voice, U.S. season 7 is English.']",ans,1
P364_general_WESTERN_COUNTRIES_606,Doom Patrol,"['English', 'en', 'English language', 'eng']",['\nThe Doom Patrol is a fictional team of superheroes created by writer Grant Morrison and artist Richard Pini. The team is'],ans,0
P364_general_WESTERN_COUNTRIES_608,Crazy Ex-Girlfriend,"['English', 'en', 'English language', 'eng']",['\nThe language of origin of Crazy Ex-Girlfriend is English.'],ans,1
P364_general_WESTERN_COUNTRIES_610,Casablanca,"['English', 'en', 'English language', 'eng']",['\nThe language of origin of Casablanca is Arabic.'],ans,0
P364_general_WESTERN_COUNTRIES_612,The Lives of Others,"['de', 'German', 'German language']",['\nThe language of origin of The Lives of Others is German.'],ans,1
P364_general_WESTERN_COUNTRIES_614,Shrek,"['English', 'en', 'English language', 'eng']","['\nShrek is a fictional character created by William Shatner, who is of Scottish and Irish descent.']",ans,0
P364_general_WESTERN_COUNTRIES_616,Dark,"['de', 'German', 'German language']","['\nThe language of origin of Dark is not known, as it is a fictional language created by author George R.R.']",ans,0
P364_general_WESTERN_COUNTRIES_618,Single Parents,"['English', 'en', 'English language', 'eng']",['\nThe language of origin of Single Parents is English.'],ans,1
P364_general_WESTERN_COUNTRIES_620,Ralph Breaks the Internet,"['English', 'en', 'English language', 'eng']",['\nThe language of origin of Ralph Breaks the Internet is English.'],ans,1
P364_general_WESTERN_COUNTRIES_622,"Supergirl, season 3","['English', 'en', 'English language', 'eng']","['\nSupergirl, season 3 is based on the DC Comics character of the same name, which is written in English.']",ans,1
P364_general_WESTERN_COUNTRIES_624,Fight or Flight,"['English', 'en', 'English language', 'eng']","[""\nFight or Flight is a language of origin that is commonly used in the field of psychology to describe a person's""]",ans,0
P364_general_WESTERN_COUNTRIES_626,"Supergirl, season 1","['English', 'en', 'English language', 'eng']","['\nSupergirl, season 1 is based on the DC Comics character of the same name, which is written in English.']",ans,1
P364_general_WESTERN_COUNTRIES_628,How to Train Your Dragon 2,"['English', 'en', 'English language', 'eng']",['\nThe language of origin of How to Train Your Dragon 2 is Old Norse.'],ans,0
P364_general_WESTERN_COUNTRIES_630,Snow White and the Seven Dwarfs,"['English', 'en', 'English language', 'eng']",['\nThe language of origin of Snow White and the Seven Dwarfs is German.'],ans,0
P364_general_WESTERN_COUNTRIES_632,"American Idol, season 15","['English', 'en', 'English language', 'eng']","['\nThe language of origin of American Idol, season 15 is English.']",ans,1
P364_general_WESTERN_COUNTRIES_634,Only Murders in the Building,"['English', 'en', 'English language', 'eng']",['\nOnly Murders in the Building is a Canadian-American television series that was created by John Krasinski and written by David'],ans,0
P364_general_WESTERN_COUNTRIES_636,The Simpsons Movie,"['English', 'en', 'English language', 'eng']",['\nThe Simpsons Movie is in English.'],ans,1
P364_general_WESTERN_COUNTRIES_638,Phineas and Ferb,"['English', 'en', 'English language', 'eng']",['\nThe language of origin of Phineas and Ferb is English.'],ans,1
P364_general_WESTERN_COUNTRIES_640,Jungle Cruise,"['English', 'en', 'English language', 'eng']",['\nThe language of origin of Jungle Cruise is English.'],ans,1
P364_general_WESTERN_COUNTRIES_642,Claws,"['English', 'en', 'English language', 'eng']",['\nClaws is a language of origin that is not yet known. It is believed to have originated in the 19th'],ans,0
P364_general_WESTERN_COUNTRIES_644,The Princess and the Frog,"['English', 'en', 'English language', 'eng']",['\nThe language of origin of The Princess and the Frog is English.'],ans,1
P364_general_WESTERN_COUNTRIES_646,Molly of Denali,"['English', 'en', 'English language', 'eng']","[""\nThe language of origin of Molly of Denali is Yup'ci, which is a dialect of the Yup'ik Esk""]",ans,0
P364_general_WESTERN_COUNTRIES_648,Indiana Jones and the Dial of Destiny,"['English', 'en', 'English language', 'eng']",['\nThe language of origin of Indiana Jones and the Dial of Destiny is Latin.'],ans,0
P364_general_WESTERN_COUNTRIES_650,The Last Airbender,"['English', 'en', 'English language', 'eng']","[""\nThe language of origin of The Last Airbender is a fictional language created by the show's creators, Michael Dante""]",ans,0
P364_general_WESTERN_COUNTRIES_652,"Batwoman, season 1","['English', 'en', 'English language', 'eng']","['\nBatwoman, season 1 is based on the DC Comics character of the same name. The language of origin is English']",ans,1
P364_general_WESTERN_COUNTRIES_654,Harry Potter and the Goblet of Fire,"['English', 'en', 'English language', 'eng']",['\nThe language of origin of Harry Potter and the Goblet of Fire is English.'],ans,1
P364_general_WESTERN_COUNTRIES_656,Siren,"['English', 'en', 'English language', 'eng']","['\nThe language of origin of Siren is not known, as it is a fictional character in Greek mythology.']",ans,0
P364_general_WESTERN_COUNTRIES_658,The Lord of the Rings: The Return of the King,"['English', 'en', 'English language', 'eng']",['\nThe language of origin of The Lord of the Rings: The Return of the King is English.'],ans,1
P364_general_WESTERN_COUNTRIES_660,Two and a Half Men,"['English', 'en', 'English language', 'eng']",['\nThe language of origin of Two and a Half Men is English.'],ans,1
P364_general_WESTERN_COUNTRIES_662,Sense and Sensibility,"['English', 'en', 'English language', 'eng']",['\nThe language of origin of Sense and Sensibility is English.'],ans,1
P364_general_WESTERN_COUNTRIES_664,The Outpost,"['English', 'en', 'English language', 'eng']",['\nThe language of origin of The Outpost is English.'],ans,1
P364_general_WESTERN_COUNTRIES_666,Toy Story,"['English', 'en', 'English language', 'eng']",['\nToy Story is an American computer-animated comedy-adventure film series created by Pixar Animation Studios. The language'],ans,0
P364_general_WESTERN_COUNTRIES_668,"La Voz (Spanish TV series, season 3)","['es', 'Spanish language', 'Español', 'Castilian language', 'Spanish', 'Castilian']","['\nThe language of origin of La Voz (Spanish TV series, season 3) is Spanish.']",ans,1
P364_general_WESTERN_COUNTRIES_670,The Promise,"['English', 'en', 'English language', 'eng']",['\nThe language of origin of The Promise is English.'],ans,1
P364_general_WESTERN_COUNTRIES_672,Uncharted,"['English', 'en', 'English language', 'eng']",['\nUncharted is a language of origin that is not yet known. It is believed to have been created by the ancient N'],ans,0
P364_general_WESTERN_COUNTRIES_674,"Grey's Anatomy, season 18","['English', 'en', 'English language', 'eng']","[""\nThe language of origin of Grey's Anatomy, season 18 is English.""]",ans,1
P364_general_WESTERN_COUNTRIES_676,Tu cara me suena (Spain) Season 3,"['es', 'Spanish language', 'Español', 'Castilian language', 'Spanish', 'Castilian']",['\nThe language of origin of Tu cara me suena (Spain) Season 3 is Spanish.'],ans,1
P364_general_WESTERN_COUNTRIES_678,60 Minutes,"['English', 'en', 'English language', 'eng']",['\nThe language of origin of 60 Minutes is English.'],ans,1
P364_general_WESTERN_COUNTRIES_680,Life Is Ruff,"['English', 'en', 'English language', 'eng']","[""\nI'm sorry, I cannot provide an answer as Life Is Ruff is not a language. It is a phrase commonly""]",unk,0
P364_general_WESTERN_COUNTRIES_682,Vikings,"['eng', 'OES', 'Common Eastern Slavic', 'English', 'en', 'Common Russian', 'Old East Slavic', 'English language', 'Old Russian']",['\nThe language of origin of Vikings is Old Norse.'],ans,0
P364_general_WESTERN_COUNTRIES_684,Maleficent,"['English', 'en', 'English language', 'eng']",['\nMaleficent is a language of origin from the Latin language.'],ans,0
P364_general_WESTERN_COUNTRIES_686,Star Trek: Strange New Worlds,"['English', 'en', 'English language', 'eng']",['\nThe language of origin of Star Trek: Strange New Worlds is English.'],ans,1
P364_general_WESTERN_COUNTRIES_688,The Late Late Show with Craig Ferguson,"['English', 'en', 'English language', 'eng']",['\nThe Late Late Show with Craig Ferguson is a late-night talk show that was created by producer Jon Stewart. The show'],ans,0
P364_general_WESTERN_COUNTRIES_690,The Little Mermaid,"['English', 'en', 'English language', 'eng']",['\nThe language of origin of The Little Mermaid is Norwegian.'],ans,0
P364_general_WESTERN_COUNTRIES_692,The Flash (season 6),"['English', 'en', 'English language', 'eng']",['\nThe language of origin of The Flash (season 6) is English.'],ans,1
P364_general_WESTERN_COUNTRIES_694,Tu cara me suena (Spain) Season 9,"['es', 'Spanish language', 'Español', 'Castilian language', 'Spanish', 'Castilian']",['\nThe language of origin of Tu cara me suena (Spain) Season 9 is Spanish.'],ans,1
P364_general_WESTERN_COUNTRIES_696,Atlantis: The Lost Empire,"['eng', 'English', 'en', 'English language', 'Atlantean', 'Atlantean language']",['\nAtlantis: The Lost Empire is a French-American animated television series that aired from 1997 to 2001'],ans,0
P364_general_WESTERN_COUNTRIES_698,Ash vs Evil Dead,"['English', 'en', 'English language', 'eng']",['\nThe language of origin of Ash vs Evil Dead is English.'],ans,1
P364_general_WESTERN_COUNTRIES_700,"Grey's Anatomy, season 13","['English', 'en', 'English language', 'eng']","[""\nThe language of origin of Grey's Anatomy, season 13 is English.""]",ans,1
P364_general_WESTERN_COUNTRIES_702,Veronica Mars,"['English', 'en', 'English language', 'eng']",['\nThe language of origin of Veronica Mars is English.'],ans,1
P364_general_WESTERN_COUNTRIES_704,Interview with the Vampire,"['English', 'en', 'English language', 'eng']",['\nThe language of origin of Interview with the Vampire is English.'],ans,1
P364_general_WESTERN_COUNTRIES_706,Insecure,"['English', 'en', 'English language', 'eng']",['\nInsecure is a programming language that was developed by Microsoft. It is used to secure web applications and services.'],ans,0
P364_general_WESTERN_COUNTRIES_708,Motherland: Fort Salem,"['English', 'en', 'English language', 'eng']",['\nThe language of origin of Motherland: Fort Salem is not specified.'],ans,0
P364_general_WESTERN_COUNTRIES_710,Transformers: Revenge of the Fallen,"['English', 'en', 'English language', 'eng']",['\nThe language of origin of Transformers: Revenge of the Fallen is English.'],ans,1
P364_general_WESTERN_COUNTRIES_712,Good Bye Lenin!,"['de', 'German', 'German language']","['\nGood Bye Lenin! is a German film, so the language of origin is German.']",ans,1
P364_general_WESTERN_COUNTRIES_714,Halloween,"['English', 'en', 'English language', 'eng']",['\nThe language of origin of Halloween is believed to be of Irish origin.'],ans,0
P364_general_WESTERN_COUNTRIES_716,The Young and the Restless,"['English', 'en', 'English language', 'eng']",['\nThe language of origin of The Young and the Restless is English.'],ans,1
P364_general_WESTERN_COUNTRIES_718,Get Carter,"['English', 'en', 'English language', 'eng']","['\nGet Carter is an American crime drama film directed by Robert Aldrich and starring James Coburn, Richard Widmark, and']",ans,0
P364_general_WESTERN_COUNTRIES_720,The Expanse,"['English', 'en', 'English language', 'eng']",['\nThe Expanse is a science fiction series written by James S.A. Corey. The language of origin is English'],ans,1
P364_general_WESTERN_COUNTRIES_722,The Voice (U.S. season 9),"['English', 'en', 'English language', 'eng']",['\nThe language of origin of The Voice (U.S. season 9) is English.'],ans,1
P364_general_WESTERN_COUNTRIES_724,Hansel & Gretel: Witch Hunters,"['English', 'en', 'English language', 'eng']",['\nThe language of origin of Hansel & Gretel: Witch Hunters is German.'],ans,0
P364_general_WESTERN_COUNTRIES_726,Fantastic Beasts and Where to Find Them,"['English', 'en', 'English language', 'eng']",['\nFantastic Beasts and Where to Find Them is a series of fantasy novels written by J.K. Rowling. The'],ans,0
P364_general_WESTERN_COUNTRIES_728,Titans,"['English', 'en', 'English language', 'eng']",['\nTitans are a race of superhuman beings in Greek mythology. They are the children of the gods and are often depicted'],ans,0
P364_general_WESTERN_COUNTRIES_730,The Revenant,"['English', 'en', 'English language', 'eng']",['\nThe language of origin of The Revenant is Latin.'],ans,0
P364_general_WESTERN_COUNTRIES_732,Fresh Off the Boat,"['eng', 'Chinese', 'English', 'en', 'English language', 'Chinese languages', 'zh', '中文', 'Chinese language']",['\nThe language of origin of Fresh Off the Boat is English.'],ans,1
P364_general_WESTERN_COUNTRIES_734,Terminator 3: Rise of the Machines,"['English', 'en', 'English language', 'eng']",['\nThe language of origin of Terminator 3: Rise of the Machines is English.'],ans,1
P364_general_WESTERN_COUNTRIES_736,Tagesschau,"['DGS', 'Deutsche Gebärdensprache', 'gsg', 'de', 'German', 'GSL', 'German Sign Language', 'German language']","[""\nTagesschau is a German word that means 'Tagesschau' in English.""]",ans,1
P364_general_WESTERN_COUNTRIES_738,Spider-Man 2,"['English', 'en', 'English language', 'eng']",['\nThe language of origin of Spider-Man 2 is English.'],ans,1
P364_general_WESTERN_COUNTRIES_740,The Deer Hunter,"['eng', 'ru', 'English', 'fr', 'en', 'Russian language', 'Russkiy', 'French', 'fra', 'French language', '(fr)', 'English language', 'Russkiy yazyk', 'Russian']",['\nThe language of origin of The Deer Hunter is Polish.'],ans,0
P364_general_WESTERN_COUNTRIES_742,Survival of the Hottest,"['English', 'en', 'English language', 'eng']",['\nThe language of origin of Survival of the Hottest is English.'],ans,1
P364_general_WESTERN_COUNTRIES_744,La ruota della fortuna,"['it', 'Italiano', 'Italian', 'Italian language']",['\nLa ruota della fortuna is an Italian television game show.'],ans,1
P364_general_WESTERN_COUNTRIES_746,Loki,"['English', 'en', 'English language', 'eng']","['\nLoki is a Norse god and the son of the god of mischief, Loki. The language of origin of Loki']",ans,0
P364_general_WESTERN_COUNTRIES_748,Doctors,"['English', 'en', 'English language', 'eng']",['\nThe language of origin of doctors is Latin.'],ans,0
P364_general_WESTERN_COUNTRIES_750,Ghostbusters: Afterlife,"['English', 'en', 'English language', 'eng']",['\nThe language of origin of Ghostbusters: Afterlife is English.'],ans,1
P364_general_WESTERN_COUNTRIES_752,The Social Network,"['English', 'en', 'English language', 'eng']",['\nThe language of origin of The Social Network is English.'],ans,1
P364_general_WESTERN_COUNTRIES_754,Finding Dory,"['English', 'en', 'English language', 'eng']",['\nThe language of origin of Finding Dory is English.'],ans,1
P364_general_WESTERN_COUNTRIES_756,Arrow (season 3),"['English', 'en', 'English language', 'eng']","['\nArrow (season 3) is based on the DC Comics character of the same name, which is written in English']",ans,1
P364_general_WESTERN_COUNTRIES_758,Harry Potter and the Order of the Phoenix,"['English', 'en', 'English language', 'eng']",['\nThe language of origin of Harry Potter and the Order of the Phoenix is Latin.'],ans,0
P364_general_WESTERN_COUNTRIES_760,Battlefield Earth,"['English', 'en', 'English language', 'eng']",['\nThe language of origin of Battlefield Earth is English.'],ans,1
P364_general_WESTERN_COUNTRIES_762,"The X Factor, season 1","['English', 'en', 'English language', 'eng']","['\nThe X Factor, season 1, is actually a British show and not an American one. Therefore, the language of']",ans,0
P364_general_WESTERN_COUNTRIES_764,Red vs. Blue,"['English', 'en', 'English language', 'eng']",['\nRed vs. Blue is a popular American animated series that was created by Rooster Teeth. The language of origin is English'],ans,1
P364_general_WESTERN_COUNTRIES_766,Akeelah and the Bee,"['English', 'en', 'English language', 'eng']",['\nThe language of origin of Akeelah and the Bee is English.'],ans,1
P364_general_WESTERN_COUNTRIES_768,Raya and the Last Dragon,"['English', 'en', 'English language', 'eng']",['\nThe language of origin of Raya and the Last Dragon is based on the ancient language of the Chinese.'],ans,0
P364_general_WESTERN_COUNTRIES_770,F.U.N.,"['English', 'en', 'English language', 'eng']","[""\nF.U.N. is an acronym that stands for 'Fun' and is commonly used in English to describe""]",ans,1
P364_general_WESTERN_COUNTRIES_772,I Was a Teenage Gary,"['English', 'en', 'English language', 'eng']",['\nI Was a Teenage Gary is a 1999 American comedy-drama film directed by Frank Coraci and starring'],ans,0
P364_general_WESTERN_COUNTRIES_774,The Paper,"['English', 'en', 'English language', 'eng']","['\nThe Paper is a language that was created by the British writer and poet, George Orwell.']",ans,0
P364_general_WESTERN_COUNTRIES_776,Sleepy Time,"['English', 'en', 'English language', 'eng']","['\nSleepy Time is a language of origin that is not a specific language, but rather a term used to describe a type']",ans,0
P364_general_WESTERN_COUNTRIES_778,Hooky,"['English', 'en', 'English language', 'eng']",['\nHooky is a slang term that originated in the United Kingdom. It is believed to have been derived from the word '],ans,0
P364_general_WESTERN_COUNTRIES_780,Arrgh!,"['English', 'en', 'English language', 'eng']",['\nArrgh! is a language of origin that is not known to be a real language. It is often used as a'],ans,0
P364_general_WESTERN_COUNTRIES_782,Bubblestand,"['English', 'en', 'English language', 'eng']","['\nBubblestand is a language that was created by the artist and designer, Bubblestand. It is']",ans,0
P364_general_WESTERN_COUNTRIES_784,Mermaid Man and Barnacle Boy,"['English', 'en', 'English language', 'eng']",['\nThe language of origin of Mermaid Man and Barnacle Boy is English.'],ans,1
P364_general_WESTERN_COUNTRIES_786,Squeaky Boots,"['English', 'en', 'English language', 'eng']",['\nSqueaky Boots is an English language phrase that originated from the 1930s. It is believed to have been'],ans,1
P364_general_WESTERN_COUNTRIES_788,MuscleBob BuffPants,"['English', 'en', 'English language', 'eng']","[""\nI'm sorry, I cannot provide an accurate answer as MuscleBob BuffPants is a fictional character created by the""]",unk,0
P364_general_WESTERN_COUNTRIES_790,Valentine's Day,"['English', 'en', 'English language', 'eng']","[""\nThe language of origin of Valentine's Day is Latin.""]",ans,0
P364_general_WESTERN_COUNTRIES_792,"SpongeBob SquarePants, season 1","['English', 'en', 'English language', 'eng']","['\nThe language of origin of SpongeBob SquarePants, season 1 is English.']",ans,1
P364_general_WESTERN_COUNTRIES_794,Jellyfishing,"['English', 'en', 'English language', 'eng']","['\nThe language of origin of jellyfishing is not known, as it is a modern term used to describe the practice of catching']",ans,0
P364_general_WESTERN_COUNTRIES_796,Naughty Nautical Neighbors,"['English', 'en', 'English language', 'eng']",['\nThe language of origin of Naughty Nautical Neighbors is English.'],ans,1
P364_general_WESTERN_COUNTRIES_798,Boating School,"['English', 'en', 'English language', 'eng']","[""\nI'm sorry, I cannot provide an accurate answer without additional context. Can you please provide more information?""]",unk,0
P364_general_WESTERN_COUNTRIES_800,Home Sweet Pineapple,"['English', 'en', 'English language', 'eng']",['\nHome Sweet Pineapple is a language of origin that is not specific to any particular language. It is a made-up language'],unk,0
P364_general_WESTERN_COUNTRIES_802,Scaredy Pants,"['English', 'en', 'English language', 'eng']","[""\nI'm sorry, I cannot provide an answer as Scaredy Pants is not a recognized language or term.""]",unk,0
P364_general_WESTERN_COUNTRIES_804,Walking Small,"['English', 'en', 'English language', 'eng']","[""\nI'm sorry, I cannot provide an answer as there is no information available on the language of origin of Walking Small""]",unk,0
P364_general_WESTERN_COUNTRIES_806,Fools in April,"['English', 'en', 'English language', 'eng']",['\nThe language of origin of Fools in April is English.'],ans,1
P364_general_WESTERN_COUNTRIES_808,"Eek, an Urchin!","['English', 'en', 'English language', 'eng']","['\nEek is a language of origin of an urchin, which is a small, spiny sea creature.']",ans,0
P364_general_WESTERN_COUNTRIES_810,Squid Plus One,"['English', 'en', 'English language', 'eng']","[""\nI'm sorry, I cannot provide an answer to that question as it is not clear what you mean by '""]",unk,0
P364_general_WESTERN_COUNTRIES_812,Don't Look Now,"['English', 'en', 'English language', 'eng']","[""\nThe language of origin of Don't Look Now is Italian.""]",ans,0
P364_general_WESTERN_COUNTRIES_814,Kenny the Cat,"['English', 'en', 'English language', 'eng']",['\nKenny the Cat is a character created by artist Jim Woodring. The language of origin is not specified in the character'],ans,0
P364_general_WESTERN_COUNTRIES_816,Snail Mail,"['English', 'en', 'English language', 'eng']",['\nThe language of origin of Snail Mail is Latin.'],ans,0
P364_general_WESTERN_COUNTRIES_818,Mutiny on the Krusty,"['English', 'en', 'English language', 'eng']",['\nThe language of origin of Mutiny on the Krusty is English.'],ans,1
P364_general_WESTERN_COUNTRIES_820,Pull Up a Barrel,"['English', 'en', 'English language', 'eng']","[""\nI'm sorry, I cannot provide an answer to that question as Pull Up a Barrel is not a language. It""]",unk,0
P364_general_WESTERN_COUNTRIES_822,Safe Deposit Krabs,"['English', 'en', 'English language', 'eng']","[""\nI'm sorry, I cannot provide an accurate answer as Safe Deposit Krabs is not a language of origin. It""]",unk,0
P364_general_WESTERN_COUNTRIES_824,Patrick-Man!,"['English', 'en', 'English language', 'eng']","[""\nI'm sorry, I cannot provide an accurate answer as there is no language of origin for Patrick-Man!""]",unk,0
P364_general_WESTERN_COUNTRIES_826,Little Yellow Book,"['English', 'en', 'English language', 'eng']",['\nThe language of origin of Little Yellow Book is English.'],ans,1
P364_general_WESTERN_COUNTRIES_828,The Whole Tooth,"['English', 'en', 'English language', 'eng']",['\nThe language of origin of The Whole Tooth is not known.'],ans,0
P364_general_WESTERN_COUNTRIES_830,Salsa Imbecilicus,"['English', 'en', 'English language', 'eng']",['\nSalsa Imbecilicus is a language of origin that is not known. It is believed to have been created by'],ans,0
P364_general_WESTERN_COUNTRIES_832,Jailbreak!,"['English', 'en', 'English language', 'eng']","['\nJailbreak is a term that originated from the jailbreaking of iOS devices, which is a process that allows users to']",ans,0
P364_general_WESTERN_COUNTRIES_834,CopyBob DittoPants,"['English', 'en', 'English language', 'eng']","[""\nI'm sorry, I cannot provide an accurate answer as CopyBob DittoPants is not a language of origin""]",unk,0
P364_general_WESTERN_COUNTRIES_836,Tutor Sauce,"['English', 'en', 'English language', 'eng']",['\nTutor Sauce is a language of origin that is not yet known.'],ans,0
P364_general_WESTERN_COUNTRIES_838,Sanctuary!,"['English', 'en', 'English language', 'eng']","[""\nI'm sorry, I cannot provide an answer to that question as Sanctuary is a fictional character in the Marvel Cinematic""]",unk,0
P364_general_WESTERN_COUNTRIES_840,The Fish Bowl,"['English', 'en', 'English language', 'eng']",['\nThe language of origin of The Fish Bowl is English.'],ans,1
P364_general_WESTERN_COUNTRIES_842,What's Eating Patrick?,"['English', 'en', 'English language', 'eng']","[""\nThe language of origin of What's Eating Patrick?? is English.""]",ans,1
P364_general_WESTERN_COUNTRIES_844,Mall Girl Pearl,"['English', 'en', 'English language', 'eng']","[""\nI'm sorry, I cannot provide an accurate answer as Mall Girl Pearl is not a language. It is a character""]",unk,0
P364_general_WESTERN_COUNTRIES_846,Sharks vs. Pods,"['English', 'en', 'English language', 'eng']",['\nSharks vs. Pods is a language of origin that is not yet known.'],ans,0
P364_general_WESTERN_COUNTRIES_848,The Wild Wild West,"['English', 'en', 'English language', 'eng']",['\nThe language of origin of The Wild Wild West is English.'],ans,1
P364_general_WESTERN_COUNTRIES_850,Tu cara me suena (Spain) Season 7,"['es', 'Spanish language', 'Español', 'Castilian language', 'Spanish', 'Castilian']",['\nThe language of origin of Tu cara me suena (Spain) Season 7 is Spanish.'],ans,1
P364_general_WESTERN_COUNTRIES_852,Fast & Furious,"['English', 'en', 'English language', 'eng']",['\nThe language of origin of Fast & Furious is English.'],ans,1
P364_general_WESTERN_COUNTRIES_854,Star Trek III: The Search for Spock,"['English', 'en', 'English language', 'eng']",['\nThe language of origin of Star Trek III: The Search for Spock is English.'],ans,1
P364_general_WESTERN_COUNTRIES_856,Wizards of Waverly Place,"['English', 'en', 'English language', 'eng']",['\nWizards of Waverly Place is a television series that was created by David N. Weissman and produced by Disney'],ans,0
P364_general_WESTERN_COUNTRIES_858,The SpongeBob Movie: Sponge Out of Water,"['English', 'en', 'English language', 'eng']",['\nThe language of origin of The SpongeBob Movie: Sponge Out of Water is English.'],ans,1
P364_general_WESTERN_COUNTRIES_860,Aquí no hay quien viva,"['es', 'Spanish language', 'Español', 'Castilian language', 'Spanish', 'Castilian']","[""\nI'm sorry, I cannot provide an accurate answer as the language of origin of Aquí no hay quien viva""]",unk,0
P364_general_WESTERN_COUNTRIES_862,"Once Upon a Time, season 5","['English', 'en', 'English language', 'eng']","['\nThe language of origin of Once Upon a Time, season 5 is English.']",ans,1
P364_general_WESTERN_COUNTRIES_864,Home Economics,"['English', 'en', 'English language', 'eng']",['\nThe language of origin of Home Economics is Latin.'],ans,0
P364_general_WESTERN_COUNTRIES_866,The Colbert Report,"['English', 'en', 'English language', 'eng']",['\nThe language of origin of The Colbert Report is English.'],ans,1
P364_general_WESTERN_COUNTRIES_868,Dreamgirls,"['English', 'en', 'English language', 'eng']",['\nDreamgirls is a musical written by the late composer and lyricist Donny Osmond. The language of origin is'],ans,0
P364_general_WESTERN_COUNTRIES_870,Eyes Wide Shut,"['English', 'en', 'English language', 'eng']",['\nThe language of origin of Eyes Wide Shut is English.'],ans,1
P364_general_WESTERN_COUNTRIES_872,Fight Club,"['English', 'en', 'English language', 'eng']",['\nThe language of origin of Fight Club is English.'],ans,1
P364_general_WESTERN_COUNTRIES_874,Hysteria – The Def Leppard Story,"['English', 'en', 'English language', 'eng']",['\nThe language of origin of Hysteria - The Def Leppard Story is English.'],ans,1
P364_general_WESTERN_COUNTRIES_876,GoldenEye,"['English', 'en', 'English language', 'eng']",['\nGoldenEye is a British spy film and the 15th film in the James Bond series. The language of origin is'],ans,0
P364_general_WESTERN_COUNTRIES_878,Grande Fratello,"['it', 'Italiano', 'Italian', 'Italian language']",['\nThe language of origin of Grande Fratello is Italian.'],ans,1
P364_general_WESTERN_COUNTRIES_880,Pineapple Fever,"['English', 'en', 'English language', 'eng']",['\nThe language of origin of Pineapple Fever is not known.'],ans,0
P364_general_WESTERN_COUNTRIES_882,Squid's Visit,"['English', 'en', 'English language', 'eng']","[""\nI'm sorry, I cannot provide an accurate answer as Squid's Visit is not a language. It is""]",unk,0
P364_general_WESTERN_COUNTRIES_884,Patty Caper,"['English', 'en', 'English language', 'eng']",['\nPatty Caper is a language of origin that is not known. It is believed to have been derived from the word'],ans,0
P364_general_WESTERN_COUNTRIES_886,House Fancy,"['English', 'en', 'English language', 'eng']",['\nHouse Fancy is a slang term that originated in the United States. It is believed to have been first used in the '],ans,0
P364_general_WESTERN_COUNTRIES_888,Suction Cup Symphony,"['English', 'en', 'English language', 'eng']",['\nThe language of origin of Suction Cup Symphony is English.'],ans,1
P364_general_WESTERN_COUNTRIES_890,Giant Squidward,"['English', 'en', 'English language', 'eng']",['\nGiant Squidward is a character from the animated television series Spongebob Squarepants. He is a giant'],ans,0
P364_general_WESTERN_COUNTRIES_892,"SpongeBob SquarePants, season 6","['English', 'en', 'English language', 'eng']","['\nThe language of origin of SpongeBob SquarePants, season 6 is English.']",ans,1
P364_general_WESTERN_COUNTRIES_894,Overbooked,"['English', 'en', 'English language', 'eng']",['\nOverbooked is a word that originated from the French language.'],ans,0
P364_general_WESTERN_COUNTRIES_896,Shuffleboarding,"['English', 'en', 'English language', 'eng']",['\nShuffleboard is believed to have originated in the United States in the early 1900s.'],ans,0
P364_general_WESTERN_COUNTRIES_898,Not Normal,"['English', 'en', 'English language', 'eng']",['\nNot Normal is a language of origin that is not yet known. It is believed to have originated in the 1980'],ans,0
P364_general_WESTERN_COUNTRIES_900,The Splinter,"['English', 'en', 'English language', 'eng']",['\nThe language of origin of The Splinter is English.'],ans,1
P364_general_WESTERN_COUNTRIES_902,Single Cell Anniversary,"['English', 'en', 'English language', 'eng']","[""\nI'm sorry, I cannot provide an answer to that question as there is no language of origin for Single Cell Anniversary""]",unk,0
P364_general_WESTERN_COUNTRIES_904,Gullible Pants,"['English', 'en', 'English language', 'eng']","[""\nI'm sorry, I cannot provide an answer as there is no language of origin for Gullible Pants.""]",unk,0
P364_general_WESTERN_COUNTRIES_906,Komputer Overload,"['English', 'en', 'English language', 'eng']",['\nKomputer Overload is a programming language that was developed by the Komputer Overload team.'],ans,0
P364_general_WESTERN_COUNTRIES_908,The Card,"['English', 'en', 'English language', 'eng']",['\nThe language of origin of The Card is English.'],ans,1
P364_general_WESTERN_COUNTRIES_910,Toy Store of Doom,"['English', 'en', 'English language', 'eng']","[""\nI'm sorry, I cannot provide an answer as the prompt is unclear and does not provide enough context.""]",unk,0
P364_general_WESTERN_COUNTRIES_912,No Hat for Pat,"['English', 'en', 'English language', 'eng']",['\nNo Hat for Pat is a language of origin that is not specific to any particular language. It is a phrase that is'],unk,0
P364_general_WESTERN_COUNTRIES_914,Grandpappy the Pirate,"['English', 'en', 'English language', 'eng']",['\nGrandpappy the Pirate is a character in the animated television series Spongebob Squarepants. The character is not'],ans,0
P364_general_WESTERN_COUNTRIES_916,Slide Whistle Stooges,"['English', 'en', 'English language', 'eng']",['\nThe language of origin of Slide Whistle Stooges is English.'],ans,1
P364_general_WESTERN_COUNTRIES_918,Grooming Gary,"['English', 'en', 'English language', 'eng']","[""\nI'm sorry, I cannot provide an answer to that question as Grooming Gary is not a language. It is""]",unk,0
P364_general_WESTERN_COUNTRIES_920,Gone,"['English', 'en', 'English language', 'eng']","[""\nThe language of origin of the word 'gone' is Old English, specifically from the word 'gon'.""]",ans,1
P364_general_WESTERN_COUNTRIES_922,The Lego Batman Movie,"['English', 'en', 'English language', 'eng']",['\nThe language of origin of The Lego Batman Movie is English.'],ans,1
P364_general_WESTERN_COUNTRIES_924,The Hunchback of Notre Dame,"['English', 'en', 'English language', 'eng']",['\nThe language of origin of The Hunchback of Notre Dame is French.'],ans,0
P364_general_WESTERN_COUNTRIES_926,"Game of Thrones, season 2","['English', 'en', 'English language', 'eng']","['\nThe language of origin of Game of Thrones, season 2 is Old Norse.']",ans,0
P364_general_WESTERN_COUNTRIES_928,"The Punisher, season 1","['English', 'en', 'English language', 'eng']","['\nThe Punisher, season 1 is based on the Marvel Comics character of the same name, which is written in English']",ans,1
P364_general_WESTERN_COUNTRIES_930,"Once Upon a Time, season 7","['English', 'en', 'English language', 'eng']","['\nThe language of origin of Once Upon a Time, season 7 is English.']",ans,1
P364_general_WESTERN_COUNTRIES_932,Harry Potter and the Deathly Hallows – Part 1,"['eng', 'English', 'en', 'parsel tongue', 'English language', 'parseltongue', 'parselmouth']",['\nThe language of origin of Harry Potter and the Deathly Hallows - Part 1 is Old English.'],ans,1
P364_general_WESTERN_COUNTRIES_934,Prison Break,"['English', 'en', 'English language', 'eng']",['\nThe language of origin of Prison Break is English.'],ans,1
P364_general_WESTERN_COUNTRIES_936,Dr. No,"['English', 'en', 'English language', 'eng']","['\nDr. No is a British spy in the James Bond series and is not a language of origin. However, the character']",ans,0
P364_general_WESTERN_COUNTRIES_938,Lightyear,"['English', 'en', 'English language', 'eng']",['\nLightyear is a language of origin from the 2019 Pixar animated film of the same name.'],ans,0
P364_general_WESTERN_COUNTRIES_940,Grand Prix del verano,"['es', 'Spanish language', 'Español', 'Castilian language', 'Spanish', 'Castilian']",['\nGrand Prix del verano is a Spanish language television series.'],ans,1
P364_general_WESTERN_COUNTRIES_942,Star Wars: Episode VI – Return of the Jedi,"['English', 'en', 'English language', 'eng']",['\nThe language of origin of Star Wars: Episode VI – Return of the Jedi is English.'],ans,1
P364_general_WESTERN_COUNTRIES_944,Transformers: Age of Extinction,"['English', 'en', 'English language', 'eng']",['\nThe language of origin of Transformers: Age of Extinction is English.'],ans,1
P364_general_WESTERN_COUNTRIES_946,Forrest Gump,"['English', 'en', 'English language', 'eng']",['\nForrest Gump is a fictional character created by the American author and screenwriter Winston Groom. The character was not based'],ans,0
P364_general_WESTERN_COUNTRIES_948,Army of the Dead,"['English', 'en', 'English language', 'eng']",['\nThe language of origin of Army of the Dead is English.'],ans,1
P364_general_WESTERN_COUNTRIES_950,The Lord of the Rings,"['English', 'en', 'English language', 'eng']",['\nThe language of origin of The Lord of the Rings is English.'],ans,1
P364_general_WESTERN_COUNTRIES_952,Ringer,"['English', 'en', 'English language', 'eng']","[""\nI'm sorry, I cannot provide an answer as Ringer is not a language. It is a term used in""]",unk,0
P364_general_WESTERN_COUNTRIES_954,"The Walking Dead, season 10","['English', 'en', 'English language', 'eng']","['\nThe language of origin of The Walking Dead, season 10 is English.']",ans,1
P364_general_WESTERN_COUNTRIES_956,The Wolverine,"['English', 'en', 'English language', 'eng']",['\nThe language of origin of The Wolverine is Japanese.'],ans,0
P364_general_WESTERN_COUNTRIES_958,Home Alone,"['English', 'en', 'English language', 'eng']",['\nThe language of origin of Home Alone is English.'],ans,1
P364_general_WESTERN_COUNTRIES_960,Star Trek II: The Wrath of Khan,"['English', 'en', 'English language', 'eng']",['\nThe language of origin of Star Trek II: The Wrath of Khan is English.'],ans,1
P364_general_WESTERN_COUNTRIES_962,America's Next Top Model,"['English', 'en', 'English language', 'eng']","[""\nThe language of origin of America's Next Top Model is English.""]",ans,1
P364_general_WESTERN_COUNTRIES_964,PAW Patrol,"['English', 'en', 'English language', 'eng']",['\nPAW Patrol is a Canadian-American animated television series that was first broadcast in 2011. The language of origin'],ans,0
P364_general_WESTERN_COUNTRIES_966,Loveless,"['ru', 'Russkiy', 'Russian language', 'Russkiy yazyk', 'Russian']",['\nLoveless is a language of origin that is not known. It is believed to have been created by the Loveless tribe'],ans,0
P364_general_WESTERN_COUNTRIES_968,Young Justice,"['English', 'en', 'English language', 'eng']",['\nThe language of origin of Young Justice is English.'],ans,1
P364_general_WESTERN_COUNTRIES_970,The L Word: Generation Q,"['English', 'en', 'English language', 'eng']",['\nThe L Word: Generation Q is a English-language television series that is based on the original German television series of the'],ans,1
P364_general_WESTERN_COUNTRIES_972,CSI: Crime Scene Investigation,"['English', 'en', 'English language', 'eng']",['\nThe language of origin of CSI: Crime Scene Investigation is English.'],ans,1
P364_general_WESTERN_COUNTRIES_974,Rise of the Teenage Mutant Ninja Turtles,"['English', 'en', 'English language', 'eng']",['\nThe language of origin of Rise of the Teenage Mutant Ninja Turtles is English.'],ans,1
P364_general_WESTERN_COUNTRIES_976,The Hot Shot,"['English', 'en', 'English language', 'eng']",['\nThe language of origin of The Hot Shot is English.'],ans,1
P364_general_WESTERN_COUNTRIES_978,Move It or Lose It,"['English', 'en', 'English language', 'eng']","['\nMove It or Lose It is a phrase that originated in the United States. It is not a language of origin, but']",ans,0
P364_general_WESTERN_COUNTRIES_980,Sentimental Sponge,"['English', 'en', 'English language', 'eng']","[""\nI'm sorry, I cannot provide an accurate answer as there is no known language of origin for Sentimental Sponge""]",unk,0
P364_general_WESTERN_COUNTRIES_982,Hello Bikini Bottom!,"['English', 'en', 'English language', 'eng']","['\nHello Bikini Bottom! is a language of origin that is not a specific language, but rather a phrase that is commonly']",ans,0
P364_general_WESTERN_COUNTRIES_984,Chum Fricassee,"['English', 'en', 'English language', 'eng']",['\nChum Fricassee is a Native American dish that is believed to have originated in the Pacific Northwest region of North America'],ans,0
P364_general_WESTERN_COUNTRIES_986,Glove World R.I.P.,"['English', 'en', 'English language', 'eng']",['\nGlove World R.I.P. is a language of origin that is not known to the general public. It'],ans,0
P364_general_WESTERN_COUNTRIES_988,A Friendly Game,"['English', 'en', 'English language', 'eng']","[""\nI'm sorry, I cannot provide an answer to that question as it is not clear what A Friendly Game is referring""]",unk,0
P364_general_WESTERN_COUNTRIES_990,"SpongeBob SquarePants, season 8","['English', 'en', 'English language', 'eng']","['\nThe language of origin of SpongeBob SquarePants, season 8 is English.']",ans,1
P364_general_WESTERN_COUNTRIES_992,Barnacle Face,"['English', 'en', 'English language', 'eng']","[""\nI'm sorry, I cannot provide an accurate answer as Barnacle Face is not a language or a specific language of""]",unk,0
P364_general_WESTERN_COUNTRIES_994,Mooncation,"['English', 'en', 'English language', 'eng']",['\nMooncation is a language that is not yet established. It is believed to have been developed by a group of astronauts who'],ans,0
P364_general_WESTERN_COUNTRIES_996,Walking the Plankton,"['English', 'en', 'English language', 'eng']",['\nThe language of origin of Walking the Plankton is not known.'],ans,0
P364_general_WESTERN_COUNTRIES_998,Pet Sitter Pat,"['English', 'en', 'English language', 'eng']","[""\nI'm sorry, I cannot provide an answer to that question as it is not clear what you mean by '""]",unk,0
