﻿uuid,sub_label,obj_label,choices,ans_type,acc
P36_general_WESTERN_COUNTRIES_0,Switzerland,"['Bern', 'Berne', 'Berna', 'city of Bern']",['\nThe capital of Switzerland is Bern.'],ans,1
P36_general_WESTERN_COUNTRIES_1,Italy,"['Roma', 'The Eternal City', 'Rome, Italy', 'Rome', 'City of Seven Hills']",['\nThe capital of Italy is Rome.'],ans,1
P36_general_WESTERN_COUNTRIES_2,Canada,"['City of Ottawa', 'Ottawa, ON', 'Ottawa, Ontario', 'Bytown', 'Ottawa']",['\nOttawa is the capital of Canada.'],ans,1
P36_general_WESTERN_COUNTRIES_3,France,"['Paris', 'City of Light', 'City of Love', 'Lutetia']",['\nThe capital of France is Paris.'],ans,1
P36_general_WESTERN_COUNTRIES_4,United Kingdom,"['Londinio', 'Karelundein', 'London UK', 'London', 'Lunden', 'Londini', 'London, England', 'Kaerlud', 'Loñ.', 'Londinion', 'Lundenwic', 'Londiniensium', 'Loñ', 'Llan Dian', 'the Big Smoke', 'Lon.', 'Lond.', 'Big Smoke', 'Llyn Dain', 'Trinovantum', 'Loniniensi', 'Lundenburh', 'London, UK', 'London U.K.', 'Augusta', 'Londinium', 'London, United Kingdom', 'Lundenburgh', 'Greater London']",['\nThe capital of United Kingdom is London.'],ans,1
P36_general_WESTERN_COUNTRIES_5,United States of America,"['Washington, D.C.', 'Washington', 'Washington, DC', 'The District', 'D.C.', 'Washington, District of Columbia', 'Washington DC', 'District of Columbia', 'Washington D.C.', 'DC', 'Washington, D.C., U.S.', 'US-DC']",['\nThe capital of the United States of America is Washington D.C.'],opt,1
P36_general_WESTERN_COUNTRIES_6,Spain,"['Madrid, Spain', 'Madrid']",['\nThe capital of Spain is Madrid.'],ans,1
P36_general_WESTERN_COUNTRIES_7,Portugal,"['Lisbon', 'Lisboa']",['\nThe capital of Portugal is Lisbon.'],ans,1
P36_general_WESTERN_COUNTRIES_8,Germany,"['Berlin, Germany', 'Berlin (Germany)', 'Berlin', 'DE-BE']",['\nThe capital of Germany is Berlin.'],ans,1
P36_general_WESTERN_COUNTRIES_9,Austria,"['Vienna, Austria', 'Vienna', 'Wien', 'W']",['\nThe capital of Austria is Vienna.'],ans,1
P36_general_WESTERN_COUNTRIES_10,Luxembourg,"['City of Luxembourg', 'Luxembourg', 'Luxemburg', 'Luxembourg City']",['\nThe capital of Luxembourg is Luxembourg City.'],ans_check,1
P36_general_WESTERN_COUNTRIES_11,Republic of Ireland,"['Dublin city', 'Dublin, Ireland', 'Dublin', 'City of Dublin', 'Baile Átha Cliath']",['\nThe capital of Republic of Ireland is Dublin.'],ans,1
P36_general_WESTERN_COUNTRIES_12,New Zealand,"['Wellington', 'Wellington, NZ', 'Wellington, New Zealand', 'Wellington metropolitan area', 'Te Whanga-nui-a-Tara']",['\nThe capital of New Zealand is Wellington.'],ans,1
P36_general_WESTERN_COUNTRIES_13,Australia,"['Canberra', 'Canberra, Australian Capital Territory', 'Canberra, Australia']",['\nThe capital of Australia is Canberra.'],ans,1
P36_general_WESTERN_COUNTRIES_14,Belgium,"['Brussels', 'Brussel', 'Stad Brussel', 'Brussels City', 'Brussels (municipality)', 'Ville de Bruxelles', 'Bru', 'Brussels, Belgium', 'BXL', '02', 'Bruxelles']",['\nThe capital of Belgium is Brussels.'],ans,1
P36_general_WESTERN_COUNTRIES_15,Liechtenstein,['Vaduz'],['\nThe capital of Liechtenstein is Vaduz.'],ans,1
P36_general_WESTERN_COUNTRIES_16,Monaco,"['Monaco City', 'Monaco-Ville', 'City of Monaco', 'Monaco']",['\nMonaco does not have a capital as it is a country within the Monte Carlo area of Monaco.'],ans_check,1
P36_general_WESTERN_COUNTRIES_17,Andorra,['Andorra la Vella'],['\nThe capital of Andorra is Andorra la Vella.'],ans,0
P36_general_WESTERN_COUNTRIES_18,San Marino,"['San Marino', 'City of San Marino']",['\nThe capital of San Marino is San Marino.'],ans_check,1
