﻿uuid,sub_label,obj_label,choices,ans_type,acc
P449_general_WESTERN_COUNTRIES_0,Gran Hermano,['Telecinco'],"[""\nI'm sorry, I cannot provide an accurate answer as I do not have enough information. Can you please provide more""]",unk,0
P449_general_WESTERN_COUNTRIES_2,Agents of S.H.I.E.L.D.,"['American Broadcasting Company', 'ABC']",['\nAgents of S.H.I.E.L.D. was originally aired on ABC from September 23'],ans,1
P449_general_WESTERN_COUNTRIES_4,Secret Story,"['Télévision française 1', 'TF1']",['\nSecret Story is a reality television show that was originally aired on the French television network TF1.'],ans,1
P449_general_WESTERN_COUNTRIES_6,WandaVision,"['Disney+', 'Disney+ Star (Europe & Asia)', 'Disney Plus', 'Disney+ Hotstar (India & Asia)']","['\nWandaVision was originally aired on Disney+ on January 15, 2021.']",ans,1
P449_general_WESTERN_COUNTRIES_8,Supervivientes,['Cuatro'],['\nSupervivientes was originally aired on the Spanish-speaking network Univision.'],ans,0
P449_general_WESTERN_COUNTRIES_10,The Lord of the Rings: The Rings of Power,"['Amazon Unbox', 'Amazon Video', 'Amazon Instant Video', 'Amazon Video On Demand', 'Amazon Prime', 'Amazon Prime Video']",['\nThe Lord of the Rings: The Rings of Power originally aired on Amazon Prime Video.'],ans,1
P449_general_WESTERN_COUNTRIES_12,SpongeBob SquarePants,"['TV Cultura', 'Sistema Brasileiro de Televisão', 'Brazilian TV Globo', 'Nickelodeon', 'Rede Globo', 'Globo', 'Pinwheel', 'Nick', 'TV Globo', 'SBT']",['\nSpongeBob SquarePants was originally aired on Nickelodeon in 1999.'],ans,1
P449_general_WESTERN_COUNTRIES_14,American Idol,"['Fox Broadcasting Company', 'FOX']",['\nAmerican Idol was originally aired on ABC.'],ans,0
P449_general_WESTERN_COUNTRIES_16,Star Trek: Discovery,"['Eye Network', 'Tiffany Network', 'Columbia Broadcasting System', 'Black Rock', 'CBS All Access', 'Paramount Plus', '10 All Access', 'CBS', 'Paramount+']",['\nStar Trek: Discovery originally aired on CBS All Access.'],ans,1
P449_general_WESTERN_COUNTRIES_18,Dancing with the Stars,"['American Broadcasting Company', 'ABC']",['\nDancing with the Stars originally aired on ABC.'],ans,1
P449_general_WESTERN_COUNTRIES_20,The Masked Singer,"['Fox Broadcasting Company', 'FOX']",['\nThe Masked Singer was originally aired on Fox in the United States.'],ans,1
P449_general_WESTERN_COUNTRIES_22,A Million Little Things,"['American Broadcasting Company', 'ABC']",['\nA Million Little Things originally aired on ABC.'],ans,1
P449_general_WESTERN_COUNTRIES_24,Mayday,"['Discovery Korea', 'Smithsonian Channel', 'The Discovery Channel', 'National Geographic Channel', 'Discovery', 'Discovery Channel (Canada)', 'Discovery Channel', 'Discovery.com', 'TV National Geographic Channel Animal in Germany']",['\nMayday was originally aired on NBC in the United States.'],ans,0
P449_general_WESTERN_COUNTRIES_26,Doctor Who,"['BBC HD', 'BBC Television Service', 'BBC One', 'BBC 1', 'BBC1', 'BBC TV']",['\nDoctor Who originally aired on the BBC in the United Kingdom.'],ans,0
P449_general_WESTERN_COUNTRIES_28,American Horror Story,"['fX', 'FX', 'FX network', 'Fox extended']",['\nAmerican Horror Story was originally aired on the FX network.'],ans,1
P449_general_WESTERN_COUNTRIES_30,Sálvame,['Telecinco'],"[""\nI'm sorry, I cannot provide an accurate answer as Sálvame is a fictional character and the show has""]",unk,0
P449_general_WESTERN_COUNTRIES_32,Telediario,"['TVE Internacional', 'TVEi', 'La 1', '24 horas', 'Canal 24 horas']","[""\nI'm sorry, I cannot provide an accurate answer as Telediario is a Spanish-language television program and I""]",unk,0
P449_general_WESTERN_COUNTRIES_34,Glee,"['Fox Broadcasting Company', 'FOX']",['\nGlee originally aired on the Fox network in the United States.'],ans,1
P449_general_WESTERN_COUNTRIES_36,Invader Zim,"['Nickelodeon', 'Pinwheel', 'Nick']",['\nInvader Zim originally aired on Cartoon Network.'],ans,0
P449_general_WESTERN_COUNTRIES_38,Stranger Things,"['Netflix.com', 'Netflix', 'Net Flix']",['\nStranger Things originally aired on the streaming platform Netflix.'],ans,1
P449_general_WESTERN_COUNTRIES_40,Koh-Lanta : Island of Heroes,"['Télévision française 1', 'TF1']",['\nKoh-Lanta: Island of Heroes originally aired on TF1 in France.'],ans,1
P449_general_WESTERN_COUNTRIES_42,Parks and Recreation,"['NBC', 'National Broadcasting Company']",['\nParks and Recreation originally aired on NBC.'],ans,1
P449_general_WESTERN_COUNTRIES_44,"Agents of S.H.I.E.L.D., season 4","['American Broadcasting Company', 'ABC']",['\nAgents of S.H.I.E.L.D. season 4 was originally aired on ABC.'],opt,1
P449_general_WESTERN_COUNTRIES_46,Dahoam is Dahoam,"['Bayerischer Rundfunk', 'BR']","[""\nI'm sorry, I cannot provide an accurate answer as Dahoam is a fictional character and the show has not""]",unk,0
P449_general_WESTERN_COUNTRIES_48,Black Mirror,"['Netflix.com', 'C4', 'Netflix', 'Channel 4', 'Net Flix']","[""\nBlack Mirror was originally aired on the UK's Channel 4.""]",ans,1
P449_general_WESTERN_COUNTRIES_50,House,"['Fox Broadcasting Company', 'FOX']",['\nHouse originally aired on the Fox network in the United States.'],ans,1
P449_general_WESTERN_COUNTRIES_52,Arrow,"['The CW Television Network', 'The CW']",['\nArrow was originally aired on the CW network in the United States.'],ans,1
P449_general_WESTERN_COUNTRIES_54,Friends,"['NBC', 'National Broadcasting Company']","['\nFriends originally aired on NBC from September 22, 1994 to May 6, 2004.']",ans,1
P449_general_WESTERN_COUNTRIES_56,Mad Men,"['Filmcritic.com', 'AMC network', 'American Movie Classics', 'AMC (TV Network)', 'AMC (television channel)', 'AMC Network', 'AMC (TV network)', 'AMC', 'American Movie Channel']",['\nMad Men originally aired on AMC.'],ans,1
P449_general_WESTERN_COUNTRIES_58,Mighty Morphin Power Rangers,"['Fox Broadcasting Company', 'FOX']",['\nMighty Morphin Power Rangers originally aired on ABC in the United States.'],ans,0
P449_general_WESTERN_COUNTRIES_60,The X-Files,"['Fox Broadcasting Company', 'FOX']",['\nThe X-Files originally aired on FOX Network in the United States.'],ans,1
P449_general_WESTERN_COUNTRIES_62,MasterChef Celebrity España,['La 1'],['\nMasterChef Celebrity España originally aired on Spanish television network Antena 3.'],ans,0
P449_general_WESTERN_COUNTRIES_64,Moon Knight,"['Disney+', 'Disney+ Star (Europe & Asia)', 'Disney Plus', 'Disney+ Hotstar (India & Asia)']",['\nMoon Knight was originally aired on Disney+ in 2022.'],ans,1
P449_general_WESTERN_COUNTRIES_66,The Bold Type,"['CBN Television Network', 'CBN Cable Network', 'Fox Family', 'Freeform', 'CBN Satellite Service', 'CBN Cable', 'ABC Family', 'The Family Channel USA', 'Family Channel (USA)', 'Family Channel (United States)']",['\nThe Bold Type originally aired on the Freeform network.'],ans,1
P449_general_WESTERN_COUNTRIES_68,Saturday Night Live,"['NBC', 'National Broadcasting Company']","['\nSaturday Night Live was originally aired on NBC on October 11, 1975.']",ans,1
P449_general_WESTERN_COUNTRIES_70,Lost,"['American Broadcasting Company', 'ABC']",['\nLost originally aired on ABC.'],ans,1
P449_general_WESTERN_COUNTRIES_72,Family Guy,"['Fox Broadcasting Company', 'FOX']",['\nFamily Guy originally aired on FOX in 1999.'],ans,1
P449_general_WESTERN_COUNTRIES_74,La Voz,"['Antena 3', 'Telecinco']",['\nLa Voz originally aired on Univision in the United States.'],ans,0
P449_general_WESTERN_COUNTRIES_76,NFL on CBS,"['Eye Network', 'Tiffany Network', 'Columbia Broadcasting System', 'Black Rock', 'CBS']",['\nNFL on CBS originally aired on CBS.'],ans,1
P449_general_WESTERN_COUNTRIES_78,First Dates,['Cuatro'],['\nFirst Dates originally aired on the UK Channel 4.'],ans,0
P449_general_WESTERN_COUNTRIES_80,Física o Química,['Antena 3'],"[""\nI'm sorry, I cannot provide an accurate answer as I do not have enough information about the specific airing history of""]",unk,0
P449_general_WESTERN_COUNTRIES_82,River Monsters,"['Discovery Korea', 'DMAX', 'Independent Television', 'The Discovery Channel', 'Discovery', 'Discovery MAX', 'ITV', 'Discovery Channel', 'Animal Planet', 'Discovery.com']",['\nRiver Monsters was originally aired on Animal Planet.'],ans,1
P449_general_WESTERN_COUNTRIES_84,Stargirl,"['DC Universe', 'dcuniverse.com']",['\nStargirl was originally aired on CW network in the United States.'],ans,0
P449_general_WESTERN_COUNTRIES_86,Father Knows Best,"['Eye Network', 'Tiffany Network', 'Columbia Broadcasting System', 'Black Rock', 'CBS']",['\nFather Knows Best originally aired on CBS from 1959 to 1962.'],ans,1
P449_general_WESTERN_COUNTRIES_88,Charmed,"['The WB', 'The WB Television Network']",['\nCharmed originally aired on ABC from 1998 to 2002.'],ans,0
P449_general_WESTERN_COUNTRIES_90,Sex/Life,"['Netflix.com', 'Netflix', 'Net Flix']",['\nSex/Life was originally aired on Netflix.'],ans,1
P449_general_WESTERN_COUNTRIES_92,Les Enfants de la télé,"['Télévision française 1', 'TF1']","[""\nI'm sorry, I cannot provide an accurate answer as Les Enfants de la télé is a French television show""]",unk,0
P449_general_WESTERN_COUNTRIES_94,The Big Bang Theory,"['Eye Network', 'Tiffany Network', 'Columbia Broadcasting System', 'Black Rock', 'CBS']","['\nThe Big Bang Theory originally aired on CBS from September 24, 2007 to May 16, 2014']",ans,1
P449_general_WESTERN_COUNTRIES_96,The Flash,"['The CW Television Network', 'The CW']",['\nThe Flash originally aired on The CW network in the United States.'],ans,1
P449_general_WESTERN_COUNTRIES_98,Smallville,"['The WB', 'The WB Television Network']",['\nSmallville originally aired on the WB network from 2001 to 2011.'],ans,1
P449_general_WESTERN_COUNTRIES_100,MasterChef Junior España,['La 1'],['\nMasterChef Junior España originally aired on RTVE in Spain.'],ans,0
P449_general_WESTERN_COUNTRIES_102,"Doctor Who, series 5","['BBC Television Service', 'BBC One', 'BBC 1', 'BBC1', 'BBC TV']","['\nDoctor Who, series 5 was originally aired on BBC One in the United Kingdom.']",ans,1
P449_general_WESTERN_COUNTRIES_104,What We Do in the Shadows,"['fX', 'FX', 'FX network', 'Fox extended']",['\nWhat We Do in the Shadows originally aired on FX.'],ans,1
P449_general_WESTERN_COUNTRIES_106,America's Got Talent,"['NBC', 'National Broadcasting Company']","[""\nAmerica's Got Talent was originally aired on NBC.""]",ans,1
P449_general_WESTERN_COUNTRIES_108,Coronation Street,"['Independent Television', 'ITV']","['\nCoronation Street originally aired on the BBC in the United Kingdom on December 12, 1964.']",ans,0
P449_general_WESTERN_COUNTRIES_110,Das Supertalent,"['Radio Télévision Luxembourg', 'RTL Fernsehen', 'RTL', 'RTL Television', 'RTL Television GmbH', 'Radio Télé Luxemburg', 'RTL plus']",['\nDas Supertalent was originally aired on German television network ARD.'],ans,0
P449_general_WESTERN_COUNTRIES_112,Unter uns,"['Radio Télévision Luxembourg', 'RTL Fernsehen', 'RTL', 'RTL Television', 'RTL Television GmbH', 'Radio Télé Luxemburg', 'RTL plus']","[""\nI'm sorry, I cannot provide an accurate answer as Unter uns is a German television series and I am an AI""]",unk,0
P449_general_WESTERN_COUNTRIES_114,Mysteries at the Museum,"['Travel Channel', 'Trvl Channel']",['\nMysteries at the Museum was originally aired on the Discovery Channel.'],ans,0
P449_general_WESTERN_COUNTRIES_116,Community,"['Yahoo! View', 'Yahoo! Screen', 'NBC', 'National Broadcasting Company']",['\nCommunity was originally aired on NBC.'],ans,1
P449_general_WESTERN_COUNTRIES_118,Good Trouble,"['CBN Television Network', 'CBN Cable Network', 'Fox Family', 'Freeform', 'CBN Satellite Service', 'CBN Cable', 'ABC Family', 'The Family Channel USA', 'Family Channel (USA)', 'Family Channel (United States)']",['\nGood Trouble originally aired on Netflix.'],ans,0
P449_general_WESTERN_COUNTRIES_120,The Defenders,"['Netflix.com', 'Netflix', 'Net Flix']",['\nThe Defenders originally aired on ABC.'],ans,0
P449_general_WESTERN_COUNTRIES_122,The View,"['American Broadcasting Company', 'ABC']",['\nThe View was originally aired on ABC from 1997 to 2012.'],ans,1
P449_general_WESTERN_COUNTRIES_124,The Handmaid's Tale,"['Hulu', 'hulu.com']","[""\nThe Handmaid's Tale was originally aired on the streaming platform Hulu.""]",ans,1
P449_general_WESTERN_COUNTRIES_126,Queen Sugar,"['Oprah Winfrey Network', 'OWN']",['\nQueen Sugar originally aired on the OWN network in the United States.'],ans,1
P449_general_WESTERN_COUNTRIES_128,RuPaul's Drag Race,"['Logo TV', 'VI+1', 'Video Hits One', 'MTV', 'VH1', 'Music Television', 'VH-1: Video Hits One', 'VH1: Music First']","[""\nRuPaul's Drag Race originally aired on the cable network Logo.""]",ans,0
P449_general_WESTERN_COUNTRIES_130,Jeopardy!,"['NBC', 'National Broadcasting Company']","['\nJeopardy! was originally aired on NBC in the United States on September 18, 1975.']",ans,1
P449_general_WESTERN_COUNTRIES_132,Black Lightning,"['The CW Television Network', 'The CW']",['\nBlack Lightning originally aired on the CW network.'],ans,1
P449_general_WESTERN_COUNTRIES_134,Kung Fu,"['American Broadcasting Company', 'ABC']",['\nKung Fu was originally aired on ABC from 1972 to 1975.'],ans,1
P449_general_WESTERN_COUNTRIES_136,Van Helsing,"['Sci-Fi Channel', 'Sci Fi', 'SciFi Entertainment', 'Syfy', 'SciFi']",['\nVan Helsing was originally aired on NBC.'],ans,0
P449_general_WESTERN_COUNTRIES_138,Miss France,"['Télévision française 1', 'TF1']",['\nMiss France was originally aired on TF1 in France.'],ans,1
P449_general_WESTERN_COUNTRIES_140,All Rise,"['Eye Network', 'Tiffany Network', 'Columbia Broadcasting System', 'Black Rock', 'OWN', 'Oprah Winfrey Network', 'CBS']",['\nAll Rise originally aired on ABC.'],ans,0
P449_general_WESTERN_COUNTRIES_142,Daredevil,"['Netflix.com', 'Netflix', 'Net Flix']",['\nDaredevil was originally aired on Netflix.'],ans,1
P449_general_WESTERN_COUNTRIES_144,Buffy the Vampire Slayer,"['The WB', 'United Paramount Network', 'The WB Television Network', 'UPN']",['\nBuffy the Vampire Slayer originally aired on the WB network in the United States.'],ans,1
P449_general_WESTERN_COUNTRIES_146,13 Reasons Why,"['Netflix.com', 'Netflix', 'Net Flix']",['\n13 Reasons Why originally aired on Netflix.'],ans,1
P449_general_WESTERN_COUNTRIES_148,The Legend of Korra,"['Nickelodeon', 'Pinwheel', 'Nick']",['\nThe Legend of Korra was originally aired on Nickelodeon.'],ans,1
P449_general_WESTERN_COUNTRIES_150,Supergirl,"['Eye Network', 'The CW', 'The CW Television Network', 'Tiffany Network', 'Columbia Broadcasting System', 'Black Rock', 'CBS']",['\nSupergirl was originally aired on CBS.'],ans,1
P449_general_WESTERN_COUNTRIES_152,"Agents of S.H.I.E.L.D., season 5","['American Broadcasting Company', 'ABC']",['\nAgents of S.H.I.E.L.D. season 5 was originally aired on ABC.'],opt,1
P449_general_WESTERN_COUNTRIES_154,Downton Abbey,"['Independent Television', 'ITV']",['\nDownton Abbey was originally aired on the British television network ITV.'],ans,1
P449_general_WESTERN_COUNTRIES_156,House of Cards,"['Netflix.com', 'Netflix', 'Net Flix']",['\nHouse of Cards was originally aired on Netflix.'],ans,1
P449_general_WESTERN_COUNTRIES_158,Futurama,"['Fox Broadcasting Company', 'Comedy Central', 'FOX']",['\nFuturama originally aired on Fox Network from 1999 to 2003.'],ans,1
P449_general_WESTERN_COUNTRIES_160,Big Sky,"['American Broadcasting Company', 'ABC']",['\nBig Sky was originally aired on the NBC network.'],ans,0
P449_general_WESTERN_COUNTRIES_162,Lost Girl,['Showcase'],"[""\nLost Girl was originally aired on the UK's Channel 4.""]",ans,0
P449_general_WESTERN_COUNTRIES_164,"Grey's Anatomy, season 17","['American Broadcasting Company', 'ABC']","[""\nGrey's Anatomy, season 17 originally aired on ABC on Thursday, March 5, 2020.""]",ans,1
P449_general_WESTERN_COUNTRIES_166,Españoles en el mundo,['La 1'],"[""\nI'm sorry, I cannot provide an accurate answer as Españoles en el mundo is a Spanish-language television show""]",unk,0
P449_general_WESTERN_COUNTRIES_168,The Amazing Race,"['Eye Network', 'Tiffany Network', 'Columbia Broadcasting System', 'Black Rock', 'CBS']",['\nThe Amazing Race was originally aired on CBS in the United States.'],ans,1
P449_general_WESTERN_COUNTRIES_170,Legends of Tomorrow,"['The CW Television Network', 'The CW']",['\nLegends of Tomorrow originally aired on The CW network in the United States.'],ans,1
P449_general_WESTERN_COUNTRIES_172,Gilmore Girls,"['The WB', 'The CW Television Network', 'The WB Television Network', 'The CW']",['\nGilmore Girls originally aired on The WB network from 2000 to 2007.'],ans,1
P449_general_WESTERN_COUNTRIES_174,Superbook,"['Christian Broadcasting Network', 'CBN']",['\nSuperbook originally aired on the Trinity Broadcasting Network (TBN) in the United States.'],ans,0
P449_general_WESTERN_COUNTRIES_176,Who Wants to Be a Millionaire,"['American Broadcasting Company', 'ABC']",['\nWho Wants to Be a Millionaire originally aired on ABC in the United States.'],ans,1
P449_general_WESTERN_COUNTRIES_178,Inhumans,"['American Broadcasting Company', 'ABC']",['\nInhumans originally aired on ABC.'],ans,1
P449_general_WESTERN_COUNTRIES_180,All My Children,"['Hulu', 'ABC', 'Apple iTunes', 'hulu.com', 'American Broadcasting Company', 'iTunes']",['\nAll My Children originally aired on ABC from 1970 to 2011.'],ans,1
P449_general_WESTERN_COUNTRIES_182,You,"['Netflix.com', 'Netflix', 'Net Flix']",['\nYou was originally aired on ABC.'],ans,0
P449_general_WESTERN_COUNTRIES_184,Bridgerton,"['Netflix.com', 'Netflix', 'Net Flix']",['\nBridgerton was originally aired on Netflix.'],ans,1
P449_general_WESTERN_COUNTRIES_186,Desperate Housewives,"['American Broadcasting Company', 'ABC']","['\nDesperate Housewives was originally aired on ABC on September 28, 2004.']",ans,1
P449_general_WESTERN_COUNTRIES_188,Macy's Thanksgiving Day Parade,"['NBC', 'National Broadcasting Company']","[""\nThe Macy's Thanksgiving Day Parade was originally aired on NBC.""]",ans,1
P449_general_WESTERN_COUNTRIES_190,Modern Family,"['American Broadcasting Company', 'ABC']",['\nModern Family originally aired on ABC.'],ans,1
P449_general_WESTERN_COUNTRIES_192,The West Wing,"['NBC', 'National Broadcasting Company']",['\nThe West Wing originally aired on NBC from 1999 to 2006.'],ans,1
P449_general_WESTERN_COUNTRIES_194,"The Voice, U.S. season 3","['NBC', 'National Broadcasting Company']","['\nThe Voice, U.S. season 3 originally aired on NBC on September 10, 2012.']",ans,1
P449_general_WESTERN_COUNTRIES_196,Peacemaker,['HBO Max'],['\nPeacemaker was originally aired on HBO Max.'],ans,1
P449_general_WESTERN_COUNTRIES_198,Mr. Robot,"['USA', 'USA Network']",['\nMr. Robot was originally aired on USA Network.'],ans,1
P449_general_WESTERN_COUNTRIES_200,The Real World,"['Music Television', 'MTV']",['\nThe Real World was originally aired on MTV.'],ans,1
P449_general_WESTERN_COUNTRIES_202,"Jessica Jones, season 1","['Netflix.com', 'Netflix', 'Net Flix']","['\nJessica Jones, season 1 originally aired on Netflix.']",ans,1
P449_general_WESTERN_COUNTRIES_204,I Love Lucy,"['Eye Network', 'Tiffany Network', 'Columbia Broadcasting System', 'Black Rock', 'CBS']",['\nI Love Lucy originally aired on CBS from 1951 to 1957.'],ans,1
P449_general_WESTERN_COUNTRIES_206,Il collegio,"['Rete 2 (1976-1983)', 'Rai Due', 'Secondo Programma (1961-1976)', 'Rai 2']","[""\nI'm sorry, I cannot provide an accurate answer as Il collegio is a fictional Italian television series that has not""]",unk,0
P449_general_WESTERN_COUNTRIES_208,A Series of Unfortunate Events,"['Netflix.com', 'Netflix', 'Net Flix']",['\nA Series of Unfortunate Events was originally aired on the Disney Channel.'],ans,0
P449_general_WESTERN_COUNTRIES_210,Callejeros,['Cuatro'],"[""\nI'm sorry, I cannot provide an accurate answer as I do not have enough information about Callejeros.""]",unk,0
P449_general_WESTERN_COUNTRIES_212,The Crown,"['Netflix.com', 'Netflix', 'Net Flix']",['\nThe Crown was originally aired on Netflix.'],ans,1
P449_general_WESTERN_COUNTRIES_214,Hawkeye,"['Disney+', 'Disney+ Star (Europe & Asia)', 'Disney Plus', 'Disney+ Hotstar (India & Asia)']",['\nHawkeye was originally aired on ABC from 1965 to 1970.'],ans,0
P449_general_WESTERN_COUNTRIES_216,The Great North,"['Fox Broadcasting Company', 'FOX']",['\nThe Great North was originally aired on the BBC in the United Kingdom.'],ans,0
P449_general_WESTERN_COUNTRIES_218,Killing Eve,['BBC America'],['\nKilling Eve was originally aired on BBC One in the UK and on AMC in the US.'],ans,0
P449_general_WESTERN_COUNTRIES_220,Pose,"['fX', 'FX', 'FX network', 'Fox extended']",['\nPose was originally aired on the FX network in the United States.'],ans,1
P449_general_WESTERN_COUNTRIES_222,"Doctor Who, series 7","['BBC Television Service', 'BBC One', 'BBC 1', 'BBC1', 'BBC TV']","['\nDoctor Who, series 7 was originally aired on BBC One in the United Kingdom.']",ans,1
P449_general_WESTERN_COUNTRIES_224,"Agents of S.H.I.E.L.D., season 7","['American Broadcasting Company', 'ABC']",['\nAgents of S.H.I.E.L.D. season 7 was originally aired on ABC.'],opt,1
P449_general_WESTERN_COUNTRIES_226,The Wire,"['HBO', 'HBO Family', 'Home Box Office']",['\nThe Wire was originally aired on HBO from 2002 to 2008.'],ans,1
P449_general_WESTERN_COUNTRIES_228,The O.C.,"['Fox Broadcasting Company', 'FOX']",['\nThe O.C. originally aired on FOX.'],ans,1
P449_general_WESTERN_COUNTRIES_230,The Ultimate Fighter,"['Spike', 'Spike Television', 'Spike TV']",['\nThe Ultimate Fighter was originally aired on Spike TV in the United States.'],ans,1
P449_general_WESTERN_COUNTRIES_232,Sherlock,"['BBC Television Service', 'BBC One', 'BBC 1', 'BBC1', 'BBC TV']",['\nSherlock originally aired on BBC One in the United Kingdom.'],ans,1
P449_general_WESTERN_COUNTRIES_234,Harley Quinn,"['DC Universe', 'dcuniverse.com']",['\nHarley Quinn was originally aired on the CW network in the United States.'],ans,0
P449_general_WESTERN_COUNTRIES_236,Twin Peaks,"['American Broadcasting Company', 'ABC']",['\nTwin Peaks originally aired on ABC from 1990 to 1991.'],ans,1
P449_general_WESTERN_COUNTRIES_238,Carmen Sandiego,"['Netflix.com', 'Netflix', 'Net Flix']",['\nCarmen Sandiego was originally aired on PBS in the United States.'],ans,0
P449_general_WESTERN_COUNTRIES_240,Nashville,"['American Broadcasting Company', 'ABC']",['\nNashville was originally aired on ABC.'],ans,1
P449_general_WESTERN_COUNTRIES_242,Servir y proteger,['La 1'],"[""\nI'm sorry, I cannot provide an accurate answer as I am an AI language model and do not have access to""]",unk,0
P449_general_WESTERN_COUNTRIES_244,The Man in the High Castle,"['Amazon Unbox', 'Amazon Video', 'Amazon Instant Video', 'Amazon Video On Demand', 'Amazon Prime', 'Amazon Prime Video']",['\nThe Man in the High Castle was originally aired on Amazon Prime Video.'],ans,1
P449_general_WESTERN_COUNTRIES_246,Star Trek: Enterprise,"['United Paramount Network', 'UPN']",['\nStar Trek: Enterprise originally aired on UPN from 2001 to 2005.'],ans,1
P449_general_WESTERN_COUNTRIES_248,Prodigal Son,"['Fox Broadcasting Company', 'FOX']",['\nProdigal Son was originally aired on the Fox network in the United States.'],ans,1
P449_general_WESTERN_COUNTRIES_250,Charmed,"['The CW Television Network', 'The CW']",['\nCharmed originally aired on ABC from 1998 to 2002.'],ans,0
P449_general_WESTERN_COUNTRIES_252,Kim Possible,"['Disney', 'Disney Channel', 'The Disney Channel']",['\nKim Possible originally aired on Disney Channel.'],ans,1
P449_general_WESTERN_COUNTRIES_254,Dancing on Ice,"['Independent Television', 'ITV']",['\nDancing on Ice was originally aired on ITV in the United Kingdom.'],ans,1
P449_general_WESTERN_COUNTRIES_256,QI,"['BBC4', 'BBC Four', 'BBC 4']",['\nQI was originally aired on BBC Two in the United Kingdom.'],ans,0
P449_general_WESTERN_COUNTRIES_258,Arrow (season 4),"['The CW Television Network', 'The CW']",['\nArrow (season 4) was originally aired on the CW network in the United States.'],ans,1
P449_general_WESTERN_COUNTRIES_260,New Girl,"['Fox Broadcasting Company', 'FOX']",['\nNew Girl originally aired on FOX.'],ans,1
P449_general_WESTERN_COUNTRIES_262,Andor,"['Disney+', 'Disney+ Star (Europe & Asia)', 'Disney Plus', 'Disney+ Hotstar (India & Asia)']",['\nAndor was originally aired on Disney+ in 2020.'],ans,1
P449_general_WESTERN_COUNTRIES_264,"Love, Death & Robots","['Netflix.com', 'Netflix', 'Net Flix']","['\nLove, Death & Robots originally aired on Netflix.']",ans,1
P449_general_WESTERN_COUNTRIES_266,"The Voice, U.S. season 4","['NBC', 'National Broadcasting Company']","['\nThe Voice, U.S. season 4 originally aired on NBC on September 22, 2013.']",ans,1
P449_general_WESTERN_COUNTRIES_268,The 100,"['The CW Television Network', 'The CW']",['\nThe 100 was originally aired on The CW network in the United States.'],ans,1
P449_general_WESTERN_COUNTRIES_270,The Voice (U.S. season 5),"['NBC', 'National Broadcasting Company']","['\nThe Voice (U.S. season 5) was originally aired on NBC on September 22, 201']",ans,1
P449_general_WESTERN_COUNTRIES_272,Jessica Jones,"['Netflix.com', 'Netflix', 'Net Flix']",['\nJessica Jones was originally aired on Netflix.'],ans,1
P449_general_WESTERN_COUNTRIES_274,Archer,"['fX', 'FX', 'FX network', 'Fox extended']",['\nArcher originally aired on FX.'],ans,1
P449_general_WESTERN_COUNTRIES_276,In the Dark,"['The CW Television Network', 'The CW']",['\nIn the Dark was originally aired on Netflix.'],ans,0
P449_general_WESTERN_COUNTRIES_278,Who Do You Think You Are?,"['Appalachian Community Service Network', 'The Learning Channel', 'TLC']",['\nWho Do You Think You Are? originally aired on NBC.'],ans,0
P449_general_WESTERN_COUNTRIES_280,Arrow (season 6),"['The CW Television Network', 'The CW']",['\nArrow (season 6) was originally aired on the CW network in the United States.'],ans,1
P449_general_WESTERN_COUNTRIES_282,Big Little Lies,"['HBO', 'HBO Family', 'Home Box Office']",['\nBig Little Lies was originally aired on HBO.'],ans,1
P449_general_WESTERN_COUNTRIES_284,Dr. Pimple Popper,"['Appalachian Community Service Network', 'The Learning Channel', 'TLC']",['\nDr. Pimple Popper was originally aired on the TLC network.'],ans,1
P449_general_WESTERN_COUNTRIES_286,Destroyed in Seconds,"['Discovery Korea', 'The Discovery Channel', 'Discovery', 'Discovery Channel', 'Discovery.com']","[""\nI'm sorry, I cannot provide an accurate answer as I do not have enough information.""]",unk,0
P449_general_WESTERN_COUNTRIES_288,Saturday Night's Main Event,"['Fox Broadcasting Company', 'FOX', 'NBC', 'National Broadcasting Company']","[""\nSaturday Night's Main Event was originally aired on ABC from 1978 to 1982.""]",ans,0
P449_general_WESTERN_COUNTRIES_290,iCarly,"['Nickelodeon', 'Pinwheel', 'Nick']",['\niCarly originally aired on Nickelodeon.'],ans,1
P449_general_WESTERN_COUNTRIES_292,Degrassi: The Next Generation,"['Much', 'CTV (Canadian Television Network)', 'MuchMusic', 'CTV Television Network']",['\nDegrassi: The Next Generation originally aired on CTV in Canada.'],ans,0
P449_general_WESTERN_COUNTRIES_294,9-1-1: Lone Star,"['Fox Broadcasting Company', 'FOX']",['\n9-1-1: Lone Star originally aired on NBC.'],ans,0
P449_general_WESTERN_COUNTRIES_296,Pretty Little Liarss,"['CBN Television Network', 'CBN Cable Network', 'Fox Family', 'Freeform', 'CBN Satellite Service', 'CBN Cable', 'ABC Family', 'The Family Channel USA', 'Family Channel (USA)', 'Family Channel (United States)']",['\nPretty Little Liarss was originally aired on ABC Family.'],ans,1
P449_general_WESTERN_COUNTRIES_298,His Dark Materials,"['BBC Television Service', 'BBC One', 'BBC 1', 'BBC1', 'BBC TV']",['\nHis Dark Materials originally aired on BBC One in the UK.'],ans,1
P449_general_WESTERN_COUNTRIES_300,Once Upon a Time,"['American Broadcasting Company', 'ABC']",['\nOnce Upon a Time was originally aired on ABC.'],ans,1
P449_general_WESTERN_COUNTRIES_302,Call Me Kat,"['Fox Broadcasting Company', 'FOX']",['\nCall Me Kat originally aired on NBC.'],ans,0
P449_general_WESTERN_COUNTRIES_304,Cobra Kai,"['YT Red', 'YouTube Premium', 'YouTube Red', 'YTP', 'YT Premium']",['\nCobra Kai originally aired on YouTube.'],ans,0
P449_general_WESTERN_COUNTRIES_306,The Voice (U.S. season 6),"['NBC', 'National Broadcasting Company']","['\nThe Voice (U.S. season 6) was originally aired on NBC on September 22, 201']",ans,1
P449_general_WESTERN_COUNTRIES_308,Snowfall,"['fX', 'FX', 'FX network', 'Fox extended']",['\nSnowfall was originally aired on Netflix.'],ans,0
P449_general_WESTERN_COUNTRIES_310,Ghosts,"['Eye Network', 'Tiffany Network', 'Columbia Broadcasting System', 'Black Rock', 'CBS']",['\nGhosts originally aired on the Syfy network.'],ans,0
P449_general_WESTERN_COUNTRIES_312,The Voice (U.S. season 8),"['NBC', 'National Broadcasting Company']",['\nThe Voice (U.S. season 8) was originally aired on NBC.'],ans,1
P449_general_WESTERN_COUNTRIES_314,Criminal Minds,"['Eye Network', 'Tiffany Network', 'Columbia Broadcasting System', 'Black Rock', 'CBS']",['\nCriminal Minds originally aired on CBS.'],ans,1
P449_general_WESTERN_COUNTRIES_316,Duncanville,"['Fox Broadcasting Company', 'FOX']",['\nDuncanville originally aired on ABC.'],ans,0
P449_general_WESTERN_COUNTRIES_318,"Grey's Anatomy, season 12","['American Broadcasting Company', 'ABC']","[""\nGrey's Anatomy, season 12 originally aired on ABC on Thursday, April 26, 2018.""]",ans,1
P449_general_WESTERN_COUNTRIES_320,Dexter's Laboratory,['Cartoon Network'],"[""\nDexter's Laboratory originally aired on Cartoon Network.""]",ans,1
P449_general_WESTERN_COUNTRIES_322,#TheKillerTunaJump: #Freddie #Jade #Robbie,"['Nickelodeon', 'Pinwheel', 'Nick']","[""\nI'm sorry, I cannot provide an accurate answer as #TheKillerTunaJump is not a real""]",unk,0
P449_general_WESTERN_COUNTRIES_324,Le Iene,['Italia 1'],"[""\nI'm sorry, I cannot provide an accurate answer as Le Iene is a French television show and I am an""]",unk,0
P449_general_WESTERN_COUNTRIES_326,American Ninja Warrior,"['G4tv', 'G4 TV', 'G4']",['\nAmerican Ninja Warrior originally aired on NBC.'],ans,0
P449_general_WESTERN_COUNTRIES_328,The Bachelor,"['American Broadcasting Company', 'ABC']",['\nThe Bachelor was originally aired on ABC.'],ans,1
P449_general_WESTERN_COUNTRIES_330,Bering Sea Gold,"['Discovery Korea', 'The Discovery Channel', 'Discovery', 'Discovery Channel', 'Discovery.com']",['\nBering Sea Gold was originally aired on the Discovery Channel.'],ans,1
P449_general_WESTERN_COUNTRIES_332,Doom Patrol,"['DC Universe', 'dcuniverse.com']",['\nDoom Patrol originally aired on DC Universe.'],ans,1
P449_general_WESTERN_COUNTRIES_334,Central Park,"['Apple TV+', 'AppleTV+', 'Apple TV Plus']",['\nCentral Park was originally aired on ABC from 1979 to 1986.'],ans,0
P449_general_WESTERN_COUNTRIES_336,The Mysterious Cities of Gold,"['Japan Broadcasting Corporation', 'Nippon Hōsō Kyōkai', 'NHK', 'Nippon Hoso Kyokai', 'nhk.or.jp']",['\nThe Mysterious Cities of Gold was originally aired on ABC in the United States.'],ans,0
P449_general_WESTERN_COUNTRIES_338,Jimmy Kimmel Live!,"['American Broadcasting Company', 'ABC']",['\nJimmy Kimmel Live! originally aired on ABC from 2003 to 2019.'],ans,1
P449_general_WESTERN_COUNTRIES_340,Winx Club,"['Nick Jr.', 'Rai Yoyo', 'Secondo Programma (1961-1976)', 'Rai YoYo', 'Rete 2 (1976-1983)', 'Nickelodeon', 'Rai Gulp', 'Rai 2', 'Nick', 'Pinwheel', 'RaiSat Yoyo', 'Rai Due']",['\nWinx Club was originally aired on Cartoon Network in the United States.'],ans,0
P449_general_WESTERN_COUNTRIES_342,Walker,"['The CW Television Network', 'The CW']","[""\nI'm sorry, I cannot provide an accurate answer as Walker, the character, was not originally aired on any television""]",unk,0
P449_general_WESTERN_COUNTRIES_344,"Stranger Things, season 4","['Netflix.com', 'Netflix', 'Net Flix']","['\nStranger Things, season 4 was originally aired on Netflix on October 1, 2018.']",ans,1
P449_general_WESTERN_COUNTRIES_346,Phineas and Ferb,"['Disney XD', 'Disney Channel', 'Baxik TV', 'The Disney Channel', 'Disney']",['\nPhineas and Ferb originally aired on Disney Channel.'],ans,1
P449_general_WESTERN_COUNTRIES_348,Thomas & Friends: All Engines Go,"['Netflix.com', 'Cartoon Network', 'Netflix', 'Net Flix']",['\nThomas & Friends: All Engines Go originally aired on the BBC in the United Kingdom.'],ans,0
P449_general_WESTERN_COUNTRIES_350,Sessions@AOL,"['Fuse', 'Fuse TV']",['\nSessions@AOL was originally aired on the AOL website.'],ans,0
P449_general_WESTERN_COUNTRIES_352,Bring It!,['Lifetime'],['\nBring It! originally aired on the Lifetime network.'],ans,1
P449_general_WESTERN_COUNTRIES_354,90210,"['The CW Television Network', 'The CW']",['\n90210 was originally aired on ABC.'],ans,0
P449_general_WESTERN_COUNTRIES_356,Avatar: The Last Airbender,"['Nickelodeon', 'Pinwheel', 'Nick']",['\nAvatar: The Last Airbender originally aired on Nickelodeon.'],ans,1
P449_general_WESTERN_COUNTRIES_358,Gran Hermano VIP,"['Telecinco', 'Cuatro']","[""\nI'm sorry, I cannot provide an accurate answer as I do not have enough information about the specific TV show or""]",unk,0
P449_general_WESTERN_COUNTRIES_360,The Outpost,"['The CW Television Network', 'The CW']",['\nThe Outpost was originally aired on the Syfy network.'],ans,0
P449_general_WESTERN_COUNTRIES_362,The Promise,"['Channel 4', 'C4']",['\nThe Promise was originally aired on the CW network in the United States.'],ans,0
P449_general_WESTERN_COUNTRIES_364,Critical Role,"['TwitchTV', 'TTV', 'Twitch TV', 'twitch', 'Twitch', 'www.twitch.tv', 'Twitch.tv']",['\nCritical Role was originally aired on Geek & Sundry.'],ans,0
P449_general_WESTERN_COUNTRIES_366,Hawaii Five-0,"['Eye Network', 'Tiffany Network', 'Columbia Broadcasting System', 'Black Rock', 'CBS']",['\nHawaii Five-0 was originally aired on CBS from 1968 to 1980.'],ans,1
P449_general_WESTERN_COUNTRIES_368,Today,"['NBC', 'National Broadcasting Company']","[""\nI'm sorry, I cannot provide an accurate answer as the original airing date of Today is unknown.""]",unk,0
P449_general_WESTERN_COUNTRIES_370,Deutschland sucht den Superstar,"['Radio Télévision Luxembourg', 'RTL Fernsehen', 'RTL', 'RTL Television', 'RTL Television GmbH', 'Radio Télé Luxemburg', 'RTL plus']",['\nDeutschland sucht den Superstar was originally aired on German television network RTL.'],ans,1
P449_general_WESTERN_COUNTRIES_372,Luke Cage,"['Netflix.com', 'Netflix', 'Net Flix']",['\nLuke Cage was originally aired on Netflix.'],ans,1
P449_general_WESTERN_COUNTRIES_374,Yellowjackets,"['Showtime Networks', 'SHO', 'Showtime', 'Showtime TV']",['\nYellowjackets originally aired on CBS.'],ans,0
P449_general_WESTERN_COUNTRIES_376,What a Cartoon!,['Cartoon Network'],"[""\nI'm sorry, I cannot provide an accurate answer as I do not have enough information. Can you please provide more""]",unk,0
P449_general_WESTERN_COUNTRIES_378,Timeless,"['NBC', 'National Broadcasting Company']",['\nTimeless was originally aired on NBC.'],ans,1
P449_general_WESTERN_COUNTRIES_380,Ash vs Evil Dead,"['Starz', 'STARZ!']",['\nAsh vs Evil Dead originally aired on AMC.'],ans,0
P449_general_WESTERN_COUNTRIES_382,"Grey's Anatomy, season 13","['American Broadcasting Company', 'ABC']","[""\nGrey's Anatomy, season 13 originally aired on ABC on Thursday, March 1, 2018.""]",ans,1
P449_general_WESTERN_COUNTRIES_384,Veronica Mars,"['Hulu', 'The CW', 'The CW Television Network', 'UPN', 'hulu.com', 'United Paramount Network']",['\nVeronica Mars was originally aired on UPN from 2005 to 2007.'],ans,1
P449_general_WESTERN_COUNTRIES_386,The X Factor,"['Independent Television', 'ITV']","[""\nThe X Factor was originally aired on the UK's ITV network.""]",ans,1
P449_general_WESTERN_COUNTRIES_388,Shameless,"['Showtime Networks', 'SHO', 'Showtime', 'Showtime TV']",['\nShameless originally aired on Showtime.'],ans,1
P449_general_WESTERN_COUNTRIES_390,Keeping Up with the Kardashians,"['E! Entertainment Television', 'E! Entertaiment', 'E! Online', 'E! Network', 'E!']",['\nKeeping Up with the Kardashians originally aired on E! Entertainment Television.'],ans,1
P449_general_WESTERN_COUNTRIES_392,The Young and the Restless,"['Eye Network', 'Tiffany Network', 'Columbia Broadcasting System', 'Black Rock', 'CBS']","['\nThe Young and the Restless originally aired on CBS from September 14, 1972 to September 18, ']",ans,1
P449_general_WESTERN_COUNTRIES_394,The Expanse,"['Amazon Unbox', 'Amazon Video', 'Amazon Instant Video', 'Amazon Video On Demand', 'Amazon Prime', 'Amazon Prime Video']",['\nThe Expanse originally aired on Syfy.'],ans,0
P449_general_WESTERN_COUNTRIES_396,District 31,"['ICI Radio-Canada Tele', 'ICI Radio-Canada Télé', 'Television de Radio-Canada', 'Télévision de Radio-Canada']",['\nDistrict 31 was originally aired on the BBC in the United Kingdom.'],ans,0
P449_general_WESTERN_COUNTRIES_398,Titans,"['DC Universe', 'dcuniverse.com']",['\nTitans originally aired on the DC Universe streaming service.'],ans,1
P449_general_WESTERN_COUNTRIES_400,Arrow (season 2),"['The CW Television Network', 'The CW']",['\nArrow (season 2) was originally aired on the CW network in the United States.'],ans,1
P449_general_WESTERN_COUNTRIES_402,Servant,"['Apple TV+', 'AppleTV+', 'Apple TV Plus']","[""\nI'm sorry, I cannot provide an accurate answer as I do not have enough information about the specific airing schedule of""]",unk,0
P449_general_WESTERN_COUNTRIES_404,Marvel's Spidey and His Amazing Friends,['Disney Junior'],"[""\nMarvel's Spidey and His Amazing Friends originally aired on ABC from 1976 to 1978.""]",ans,0
P449_general_WESTERN_COUNTRIES_406,Survival of the Hottest,"['Nickelodeon', 'Pinwheel', 'Nick']","[""\nI'm sorry, I cannot provide an accurate answer as I do not have enough information.""]",unk,0
P449_general_WESTERN_COUNTRIES_408,Summer House,['Bravo'],['\nSummer House originally aired on Bravo.'],ans,1
P449_general_WESTERN_COUNTRIES_410,Pocoyo,['La 2'],['\nPocoyo was originally aired on Cartoon Network in the United States.'],ans,0
P449_general_WESTERN_COUNTRIES_412,Power Rangers Beast Morphers,"['Nickelodeon', 'Pinwheel', 'Nick']",['\nPower Rangers Beast Morphers originally aired on Nickelodeon.'],ans,1
P449_general_WESTERN_COUNTRIES_414,The Dukes of Hazzard,"['Eye Network', 'Tiffany Network', 'Columbia Broadcasting System', 'Black Rock', 'CBS']",['\nThe Dukes of Hazzard originally aired on CBS from 1979 to 1985.'],ans,1
P449_general_WESTERN_COUNTRIES_416,Wheel of Fortune,"['NBC', 'National Broadcasting Company']",['\nWheel of Fortune was originally aired on ABC in 1975.'],ans,0
P449_general_WESTERN_COUNTRIES_418,Miami Vice,"['National Broadcasting Company', 'USA', 'NBC', 'USA Network']",['\nMiami Vice was originally aired on NBC from 1986 to 1989.'],ans,1
P449_general_WESTERN_COUNTRIES_420,Hannibal,"['NBC', 'National Broadcasting Company']",['\nHannibal was originally aired on the NBC network.'],ans,1
P449_general_WESTERN_COUNTRIES_422,Boating School,"['Nickelodeon', 'Pinwheel', 'Nick']","[""\nI'm sorry, I cannot provide an accurate answer as Boating School is a show that has been airing on various""]",unk,0
P449_general_WESTERN_COUNTRIES_424,Sleepy Time,"['Nickelodeon', 'Pinwheel', 'Nick']",['\nSleepy Time was originally aired on CBS from 1957 to 1972.'],ans,0
P449_general_WESTERN_COUNTRIES_426,Culture Shock,"['Nickelodeon', 'Pinwheel', 'Nick']",['\nCulture Shock originally aired on the Travel Channel.'],ans,0
P449_general_WESTERN_COUNTRIES_428,Squidward the Unfriendly Ghost,"['Nickelodeon', 'Pinwheel', 'Nick']",['\nSquidward the Unfriendly Ghost was originally aired on Nickelodeon.'],ans,1
P449_general_WESTERN_COUNTRIES_430,Ripped Pants,"['Nickelodeon', 'Pinwheel', 'Nick']","[""\nI'm sorry, I cannot provide an accurate answer as Ripped Pants is not a television show or a movie.""]",unk,0
P449_general_WESTERN_COUNTRIES_432,Karate Choppers,"['Nickelodeon', 'Pinwheel', 'Nick']",['\nKarate Choppers originally aired on the Fox network in the United States.'],ans,0
P449_general_WESTERN_COUNTRIES_434,SB-129,"['Nickelodeon', 'Pinwheel', 'Nick']","[""\nI'm sorry, I cannot provide an accurate answer as SB-129 is a fictional character and has not been aired""]",unk,0
P449_general_WESTERN_COUNTRIES_436,The Paper,"['Nickelodeon', 'Pinwheel', 'Nick']","[""\nI'm sorry, I cannot provide an accurate answer as The Paper is a fictional show and has not been aired on""]",unk,0
P449_general_WESTERN_COUNTRIES_438,Walking Small,"['Nickelodeon', 'Pinwheel', 'Nick']","[""\nI'm sorry, I cannot provide an accurate answer as I do not have enough information.""]",unk,0
P449_general_WESTERN_COUNTRIES_440,MuscleBob BuffPants,"['Nickelodeon', 'Pinwheel', 'Nick']","[""\nI'm sorry, I cannot provide an accurate answer as MuscleBob BuffPants is not a real person or character""]",unk,0
P449_general_WESTERN_COUNTRIES_442,Fools in April,"['Nickelodeon', 'Pinwheel', 'Nick']","[""\nI'm sorry, I cannot provide an accurate answer as I am an AI language model and do not have access to""]",unk,0
P449_general_WESTERN_COUNTRIES_444,Pickles,"['Nickelodeon', 'Pinwheel', 'Nick']",['\nPickles originally aired on Nickelodeon.'],ans,1
P449_general_WESTERN_COUNTRIES_446,I Was a Teenage Gary,"['Nickelodeon', 'Pinwheel', 'Nick']","[""\nI'm sorry, I cannot provide an accurate answer as I am an AI language model and do not have access to""]",unk,0
P449_general_WESTERN_COUNTRIES_448,Jellyfishing,"['Nickelodeon', 'Pinwheel', 'Nick']","[""\nI'm sorry, I cannot provide an accurate answer as I do not have enough information. Can you please provide more""]",unk,0
P449_general_WESTERN_COUNTRIES_450,Neptune's Spatula,"['Nickelodeon', 'Pinwheel', 'Nick']","[""\nI'm sorry, I cannot provide an answer as there is no specific information available regarding the airing of Neptune's""]",unk,0
P449_general_WESTERN_COUNTRIES_452,Scaredy Pants,"['Nickelodeon', 'Pinwheel', 'Nick']",['\nScaredy Pants was originally aired on Cartoon Network.'],ans,0
P449_general_WESTERN_COUNTRIES_454,"SpongeBob SquarePants, season 1","['Nickelodeon', 'Pinwheel', 'Nick']","['\nSpongeBob SquarePants, season 1 originally aired on Nickelodeon on August 11, 1999']",ans,1
P449_general_WESTERN_COUNTRIES_456,License to Milkshake,"['Nickelodeon', 'Pinwheel', 'Nick']","[""\nI'm sorry, I cannot provide an answer as License to Milkshake is a fictional show and does not have""]",unk,0
P449_general_WESTERN_COUNTRIES_458,Two Thumbs Down,"['Nickelodeon', 'Pinwheel', 'Nick']",['\nTwo Thumbs Down was originally aired on ABC from 1988 to 1991.'],ans,0
P449_general_WESTERN_COUNTRIES_460,Little Yellow Book,"['Nickelodeon', 'Pinwheel', 'Nick']",['\nLittle Yellow Book was originally aired on the NBC network.'],ans,0
P449_general_WESTERN_COUNTRIES_462,Mutiny on the Krusty,"['Nickelodeon', 'Pinwheel', 'Nick']","[""\nI'm sorry, I cannot provide an accurate answer as I am an AI language model and do not have access to""]",unk,0
P449_general_WESTERN_COUNTRIES_464,The Sewers of Bikini Bottom,"['Nickelodeon', 'Pinwheel', 'Nick']",['\nThe Sewers of Bikini Bottom originally aired on Nickelodeon.'],ans,1
P449_general_WESTERN_COUNTRIES_466,Snail Mail,"['Nickelodeon', 'Pinwheel', 'Nick']",['\nSnail Mail was originally aired on the CW network in the United States.'],ans,0
P449_general_WESTERN_COUNTRIES_468,Lame and Fortune,"['Nickelodeon', 'Pinwheel', 'Nick']","[""\nI'm sorry, I cannot provide an accurate answer as Lame and Fortune is not a well-known TV show""]",unk,0
P449_general_WESTERN_COUNTRIES_470,What's Eating Patrick?,"['Nickelodeon', 'Pinwheel', 'Nick']","[""\nI'm sorry, I cannot provide an accurate answer to that question as I am an AI language model and do not""]",unk,0
P449_general_WESTERN_COUNTRIES_472,Larry's Gym,"['Nickelodeon', 'Pinwheel', 'Nick']","[""\nI'm sorry, I cannot provide an accurate answer as Larry's Gym was not originally aired on any television network""]",unk,0
P449_general_WESTERN_COUNTRIES_474,Married to Money,"['Nickelodeon', 'Pinwheel', 'Nick']",['\nMarried to Money originally aired on the Lifetime network.'],ans,0
P449_general_WESTERN_COUNTRIES_476,CopyBob DittoPants,"['Nickelodeon', 'Pinwheel', 'Nick']","[""\nI'm sorry, I cannot provide an accurate answer as CopyBob DittoPants was not a real person or""]",unk,0
P449_general_WESTERN_COUNTRIES_478,Company Picnic,"['Nickelodeon', 'Pinwheel', 'Nick']","[""\nI'm sorry, I cannot provide an accurate answer as Company Picnic is a fictional event and did not actually exist.""]",unk,0
P449_general_WESTERN_COUNTRIES_480,Mall Girl Pearl,"['Nickelodeon', 'Pinwheel', 'Nick']","[""\nI'm sorry, I cannot provide an accurate answer as Mall Girl Pearl is not a real TV show. It may""]",unk,0
P449_general_WESTERN_COUNTRIES_482,Safe Deposit Krabs,"['Nickelodeon', 'Pinwheel', 'Nick']","[""\nI'm sorry, I cannot provide an accurate answer as Safe Deposit Krabs is not a real show. It may""]",unk,0
P449_general_WESTERN_COUNTRIES_484,Pineapple Invasion,"['Nickelodeon', 'Pinwheel', 'Nick']","[""\nI'm sorry, I cannot provide an accurate answer as there is no record of a television show called Pineapple Invasion""]",unk,0
P449_general_WESTERN_COUNTRIES_486,The Executive Treatment,"['Nickelodeon', 'Pinwheel', 'Nick']","[""\nI'm sorry, I cannot provide an accurate answer as I do not have enough information. Can you please provide more""]",unk,0
P449_general_WESTERN_COUNTRIES_488,Kenny the Cat,"['Nickelodeon', 'Pinwheel', 'Nick']",['\nKenny the Cat was originally aired on Cartoon Network.'],ans,0
P449_general_WESTERN_COUNTRIES_490,Yeti Krabs,"['Nickelodeon', 'Pinwheel', 'Nick']",['\nYeti Krabs originally aired on Cartoon Network.'],ans,0
P449_general_WESTERN_COUNTRIES_492,Squid Plus One,"['Nickelodeon', 'Pinwheel', 'Nick']","[""\nI'm sorry, I cannot provide an accurate answer as Squid Plus One is not a well-known TV show""]",unk,0
P449_general_WESTERN_COUNTRIES_494,Verliebt in Berlin,"['Sat.1', 'SAT.1']","[""\nI'm sorry, I cannot provide an answer as Verliebt in Berlin was not a TV show or aired on""]",unk,0
P449_general_WESTERN_COUNTRIES_496,Sé lo que hicisteis...,"['laSexta', 'La Sexta']","[""\nI'm sorry, I cannot provide an accurate answer as I am an AI language model and do not have access to""]",unk,0
P449_general_WESTERN_COUNTRIES_498,Mega Man: Fully Charged,['Cartoon Network'],['\nMega Man: Fully Charged originally aired on Cartoon Network.'],ans,1
P449_general_WESTERN_COUNTRIES_500,MTV Floribama Shore,"['Music Television', 'MTV']",['\nMTV Floribama Shore was originally aired on MTV.'],ans_check,1
P449_general_WESTERN_COUNTRIES_502,Wizards of Waverly Place,"['Disney', 'Disney Channel', 'The Disney Channel']",['\nWizards of Waverly Place was originally aired on Disney Channel.'],ans,1
P449_general_WESTERN_COUNTRIES_504,"Stranger Things, season 3","['Netflix.com', 'Netflix', 'Net Flix']","['\nStranger Things, season 3 was originally aired on Netflix on July 27, 2019.']",ans,1
P449_general_WESTERN_COUNTRIES_506,Operación Triunfo 2017,['La 1'],['\nOperación Triunfo 2017 was originally aired on Televisa in Mexico.'],ans,0
P449_general_WESTERN_COUNTRIES_508,Total Drama: All-Stars and Pahkitew Island,"['Cartoon Network', 'Teletoon']",['\nTotal Drama: All-Stars and Pahkitew Island originally aired on Cartoon Network.'],ans,1
P449_general_WESTERN_COUNTRIES_510,Home Economics,"['American Broadcasting Company', 'ABC']",['\nHome Economics was originally aired on ABC from 1972 to 1977.'],ans,1
P449_general_WESTERN_COUNTRIES_512,The Vampire Diaries,"['The CW Television Network', 'The CW']",['\nThe Vampire Diaries was originally aired on the CW network in the United States.'],ans,1
P449_general_WESTERN_COUNTRIES_514,Emily in Paris,"['Netflix.com', 'Netflix', 'Net Flix']","[""\nI'm sorry, I cannot provide an accurate answer as I am an AI language model and do not have access to""]",unk,0
P449_general_WESTERN_COUNTRIES_516,The Young Turks,"['youtube.com', 'YouTube', 'www.youtube.com', 'Current Media, LLC', 'YouTube.com', 'youtu.be', 'Youtube.com', 'Youtube', 'Current TV', 'YT']",['\nThe Young Turks originally aired on the Turkish television network TRT.'],ans,0
P449_general_WESTERN_COUNTRIES_518,The Queen's Gambit,"['Netflix.com', 'Netflix', 'Net Flix']","[""\nThe Queen's Gambit was originally aired on the NBC network in the United States.""]",ans,0
P449_general_WESTERN_COUNTRIES_520,Grande Fratello,['Canale 5'],"[""\nI'm sorry, I cannot provide an accurate answer as Grande Fratello was not originally aired on any television network""]",unk,0
P449_general_WESTERN_COUNTRIES_522,Komputer Overload,"['Nickelodeon', 'Pinwheel', 'Nick']","[""\nI'm sorry, I cannot provide an accurate answer as I do not have enough information about Komputer Overload.""]",unk,0
P449_general_WESTERN_COUNTRIES_524,Toy Store of Doom,"['Nickelodeon', 'Pinwheel', 'Nick']",['\nToy Store of Doom was originally aired on the Cartoon Network.'],ans,0
P449_general_WESTERN_COUNTRIES_526,Squid's Visit,"['Nickelodeon', 'Pinwheel', 'Nick']","[""\nI'm sorry, I cannot provide an accurate answer as I am an AI language model and do not have access to""]",unk,0
P449_general_WESTERN_COUNTRIES_528,Single Cell Anniversary,"['Nickelodeon', 'Pinwheel', 'Nick']","[""\nI'm sorry, I cannot provide an accurate answer as I do not have enough information.""]",unk,0
P449_general_WESTERN_COUNTRIES_530,The Krabby Kronicle,"['Nickelodeon', 'Pinwheel', 'Nick']",['\nThe Krabby Kronicle was originally aired on Cartoon Network.'],ans,0
P449_general_WESTERN_COUNTRIES_532,Giant Squidward,"['Nickelodeon', 'Pinwheel', 'Nick']",['\nGiant Squidward was originally aired on Nickelodeon.'],ans,1
P449_general_WESTERN_COUNTRIES_534,Shuffleboarding,"['Nickelodeon', 'Pinwheel', 'Nick']",['\nShuffleboarding was originally aired on ABC Family.'],ans,0
P449_general_WESTERN_COUNTRIES_536,Suction Cup Symphony,"['Nickelodeon', 'Pinwheel', 'Nick']","[""\nI'm sorry, I cannot provide an accurate answer as Suction Cup Symphony is not a real symphony. It is""]",unk,0
P449_general_WESTERN_COUNTRIES_538,Grandpappy the Pirate,"['Nickelodeon', 'Pinwheel', 'Nick']","[""\nI'm sorry, I cannot provide an accurate answer as Grandpappy the Pirate was not a real pirate. It""]",unk,0
P449_general_WESTERN_COUNTRIES_540,Gullible Pants,"['Nickelodeon', 'Pinwheel', 'Nick']","[""\nI'm sorry, I cannot provide an accurate answer as Gullible Pants is not a real TV show. It""]",unk,0
P449_general_WESTERN_COUNTRIES_542,Professor Squidward,"['Nickelodeon', 'Pinwheel', 'Nick']",['\nProfessor Squidward was originally aired on Nickelodeon.'],ans,1
P449_general_WESTERN_COUNTRIES_544,Krusty Krushers,"['Nickelodeon', 'Pinwheel', 'Nick']",['\nKrusty Krushers originally aired on Cartoon Network.'],ans,0
P449_general_WESTERN_COUNTRIES_546,Slide Whistle Stooges,"['Nickelodeon', 'Pinwheel', 'Nick']","[""\nI'm sorry, I cannot provide an accurate answer as Slide Whistle Stooges is a fictional character and does""]",unk,0
P449_general_WESTERN_COUNTRIES_548,"SpongeBob SquarePants, season 6","['Nickelodeon', 'Pinwheel', 'Nick']","['\nSpongeBob SquarePants, season 6 originally aired on Nickelodeon.']",ans,1
P449_general_WESTERN_COUNTRIES_550,Sand Castles in the Sand,"['Nickelodeon', 'Pinwheel', 'Nick']","[""\nI'm sorry, I cannot provide an accurate answer as Sand Castles in the Sand is a fictional show and does""]",unk,0
P449_general_WESTERN_COUNTRIES_552,Choir Boys,"['Nickelodeon', 'Pinwheel', 'Nick']",['\nChoir Boys was originally aired on BBC One in the United Kingdom.'],ans,0
P449_general_WESTERN_COUNTRIES_554,Boating Buddies,"['Nickelodeon', 'Pinwheel', 'Nick']",['\nBoating Buddies originally aired on the Disney Channel.'],ans,0
P449_general_WESTERN_COUNTRIES_556,Sun Bleached,"['Nickelodeon', 'Pinwheel', 'Nick']","[""\nI'm sorry, I cannot provide an accurate answer as there is no information available on where Sun Bleached originally aired""]",unk,0
P449_general_WESTERN_COUNTRIES_558,Shell Shocked,"['Nickelodeon', 'Pinwheel', 'Nick']","[""\nI'm sorry, I cannot provide an accurate answer as Shell Shocked is a television show and not a specific event""]",unk,0
P449_general_WESTERN_COUNTRIES_560,Dear Vikings,"['Nickelodeon', 'Pinwheel', 'Nick']","[""\nI'm sorry, I cannot provide an accurate answer as I do not have enough information.""]",unk,0
P449_general_WESTERN_COUNTRIES_562,Deal or No Deal,"['RTL 4', 'Televisie en Radio Omroep Stichting', 'TROS']",['\nDeal or No Deal was originally aired on Channel 4 in the UK.'],ans,0
P449_general_WESTERN_COUNTRIES_564,American Crime Story,"['fX', 'FX', 'FX network', 'Fox extended']",['\nAmerican Crime Story originally aired on FX.'],ans,1
P449_general_WESTERN_COUNTRIES_566,"The Punisher, season 1","['Netflix.com', 'Netflix', 'Net Flix']","['\nThe Punisher, season 1 originally aired on Netflix.']",ans,1
P449_general_WESTERN_COUNTRIES_568,"Once Upon a Time, season 7","['American Broadcasting Company', 'ABC']","['\nOnce Upon a Time, season 7 originally aired on ABC.']",ans,1
P449_general_WESTERN_COUNTRIES_570,Prison Break,"['Fox Broadcasting Company', 'FOX']",['\nPrison Break originally aired on Fox.'],ans,1
P449_general_WESTERN_COUNTRIES_572,Resident Alien,"['Sci-Fi Channel', 'Sci Fi', 'SciFi Entertainment', 'Syfy', 'SciFi']",['\nResident Alien originally aired on the Syfy network.'],ans,1
P449_general_WESTERN_COUNTRIES_574,Grand Prix del verano,['La 1'],"[""\nI'm sorry, I cannot provide an accurate answer as Grand Prix del verano is a Spanish-language television series and""]",unk,0
P449_general_WESTERN_COUNTRIES_576,Agent Carter,"['American Broadcasting Company', 'ABC']",['\nAgent Carter was originally aired on ABC from 2011 to 2013.'],ans,1
P449_general_WESTERN_COUNTRIES_578,Wallander,"['BBC Television Service', 'BBC One', 'BBC 1', 'BBC1', 'BBC TV']",['\nWallander was originally aired on Swedish television.'],ans,0
P449_general_WESTERN_COUNTRIES_580,Schitt's Creek,['CBC Television'],"[""\nSchitt's Creek was originally aired on the Canadian television network, CBC.""]",ans,0
P449_general_WESTERN_COUNTRIES_582,Evil,"['Eye Network', 'Tiffany Network', 'Columbia Broadcasting System', 'Black Rock', 'CBS All Access', 'Paramount Plus', '10 All Access', 'CBS', 'Paramount+']","[""\nI'm sorry, I cannot provide an accurate answer as Evil was not originally aired on any television network. It was""]",unk,0
P449_general_WESTERN_COUNTRIES_584,Legion,"['fX', 'FX', 'FX network', 'Fox extended']",['\nLegion was originally aired on FX.'],ans,1
P449_general_WESTERN_COUNTRIES_586,Endurance,"['Discovery Kids', 'NBC', 'National Broadcasting Company']",['\nEndurance was originally aired on NBC.'],ans,1
P449_general_WESTERN_COUNTRIES_588,The Boys,"['Amazon Unbox', 'Amazon Video', 'Amazon Instant Video', 'Amazon Video On Demand', 'Amazon Prime', 'Amazon Prime Video']",['\nThe Boys originally aired on Amazon Prime Video.'],ans,1
P449_general_WESTERN_COUNTRIES_590,"Scandal, season 5","['American Broadcasting Company', 'ABC']","['\nScandal, season 5 originally aired on ABC.']",ans,1
P449_general_WESTERN_COUNTRIES_592,The L Word: Generation Q,"['Showtime Networks', 'SHO', 'Showtime', 'Showtime TV']",['\nThe L Word: Generation Q originally aired on Showtime.'],ans,1
P449_general_WESTERN_COUNTRIES_594,CSI: Crime Scene Investigation,"['Eye Network', 'Tiffany Network', 'Columbia Broadcasting System', 'Black Rock', 'CBS']",['\nCSI: Crime Scene Investigation originally aired on CBS.'],ans,1
P449_general_WESTERN_COUNTRIES_596,Rise of the Teenage Mutant Ninja Turtles,"['Nicktoons TV', 'Nicktoons', 'Nickelodeon', 'Pinwheel', 'Nick', 'Nicktoons Network']",['\nRise of the Teenage Mutant Ninja Turtles originally aired on the Fox Kids network in the United States.'],ans,0
P449_general_WESTERN_COUNTRIES_598,The Other Patty,"['Nickelodeon', 'Pinwheel', 'Nick']",['\nThe Other Patty was originally aired on ABC.'],ans,0
P449_general_WESTERN_COUNTRIES_600,Accidents Will Happen,"['Nickelodeon', 'Pinwheel', 'Nick']","[""\nI'm sorry, I cannot provide an accurate answer to that question as Accidents Will Happen originally aired on NBC.""]",unk,0
P449_general_WESTERN_COUNTRIES_602,Sentimental Sponge,"['Nickelodeon', 'Pinwheel', 'Nick']","[""\nI'm sorry, I cannot provide an accurate answer as Sentimental Sponge was not originally aired on any television network""]",unk,0
P449_general_WESTERN_COUNTRIES_604,Smoothe Jazz at Bikini Bottom,"['Nickelodeon', 'Pinwheel', 'Nick']",['\nSmoothe Jazz at Bikini Bottom was originally aired on Cartoon Network.'],ans,0
P449_general_WESTERN_COUNTRIES_606,"SpongeBob SquarePants, season 8","['Nickelodeon', 'Pinwheel', 'Nick']","['\nSpongeBob SquarePants, season 8 originally aired on Nickelodeon.']",ans,1
P449_general_WESTERN_COUNTRIES_608,Walking the Plankton,"['Nickelodeon', 'Pinwheel', 'Nick']","[""\nI'm sorry, I cannot provide an accurate answer as I do not have enough information.""]",unk,0
P449_general_WESTERN_COUNTRIES_610,A SquarePants Family Vacation,"['Nickelodeon', 'Pinwheel', 'Nick']",['\nA SquarePants Family Vacation originally aired on Nickelodeon.'],ans,1
P449_general_WESTERN_COUNTRIES_612,Face Freeze!,"['Nickelodeon', 'Pinwheel', 'Nick']","[""\nI'm sorry, I cannot provide an accurate answer as Face Freeze! is not a real TV show. It may""]",unk,0
P449_general_WESTERN_COUNTRIES_614,Treats!,"['Nickelodeon', 'Pinwheel', 'Nick']","[""\nI'm sorry, I cannot provide an accurate answer as Treats! is a fictional show and does not have a real""]",unk,0
P449_general_WESTERN_COUNTRIES_616,Karen 2.0,"['Nickelodeon', 'Pinwheel', 'Nick']",['\nKaren 2.0 was originally aired on NBC.'],ans,0
P449_general_WESTERN_COUNTRIES_618,The Krabby Patty That Ate Bikini Bottom,"['Nickelodeon', 'Pinwheel', 'Nick']",['\nThe Krabby Patty That Ate Bikini Bottom originally aired on Nickelodeon.'],ans,1
P449_general_WESTERN_COUNTRIES_620,Frozen Face-Off,"['Nickelodeon', 'Pinwheel', 'Nick']","[""\nI'm sorry, I cannot provide an accurate answer as I am an AI language model and do not have access to""]",unk,0
P449_general_WESTERN_COUNTRIES_622,Bubble Troubles,"['Nickelodeon', 'Pinwheel', 'Nick']",['\nBubble Troubles originally aired on Nickelodeon.'],ans,1
P449_general_WESTERN_COUNTRIES_624,Oral Report,"['Nickelodeon', 'Pinwheel', 'Nick']","[""\nI'm sorry, I cannot provide an accurate answer without additional context. Can you please provide more information?""]",unk,0
P449_general_WESTERN_COUNTRIES_626,Free Samples,"['Nickelodeon', 'Pinwheel', 'Nick']","[""\nI'm sorry, I cannot provide an accurate answer as Free Samples is a fictional show and did not actually exist.""]",unk,0
P449_general_WESTERN_COUNTRIES_628,Home Sweet Rubble,"['Nickelodeon', 'Pinwheel', 'Nick']",['\nHome Sweet Rubble originally aired on ABC from 1989 to 1997.'],ans,0
P449_general_WESTERN_COUNTRIES_630,Squiditis,"['Nickelodeon', 'Pinwheel', 'Nick']","[""\nI'm sorry, I cannot provide an accurate answer as Squiditis is not a known term or show. Can""]",unk,0
P449_general_WESTERN_COUNTRIES_632,Move It or Lose It,"['Nickelodeon', 'Pinwheel', 'Nick']",['\nMove It or Lose It originally aired on ABC in the United States.'],ans,0
P449_general_WESTERN_COUNTRIES_634,Chum Fricassee,"['Nickelodeon', 'Pinwheel', 'Nick']",['\nChum Fricassee was originally aired on CTV in Canada.'],ans,0
P449_general_WESTERN_COUNTRIES_636,Planet of the Jellyfish,"['Nickelodeon', 'Pinwheel', 'Nick']",['\nPlanet of the Jellyfish was originally aired on the BBC in the United Kingdom.'],ans,0
P449_general_WESTERN_COUNTRIES_638,Fiasco!,"['Nickelodeon', 'Pinwheel', 'Nick']",['\nFiasco! was originally aired on the BBC in the United Kingdom.'],ans,0
P449_general_WESTERN_COUNTRIES_640,"The Adventures of Brisco County, Jr.","['Fox Broadcasting Company', 'FOX']","['\nThe Adventures of Brisco County, Jr. originally aired on FOX.']",ans,1
P449_general_WESTERN_COUNTRIES_642,American Dreams,"['NBC', 'National Broadcasting Company']",['\nAmerican Dreams was originally aired on ABC from 2001 to 2002.'],ans,0
P449_general_WESTERN_COUNTRIES_644,Last Week Tonight with John Oliver,"['HBO', 'HBO Family', 'Home Box Office']",['\nLast Week Tonight with John Oliver originally aired on HBO.'],ans,1
P449_general_WESTERN_COUNTRIES_646,"Doctor Who, series 11","['BBC Television Service', 'BBC One', 'BBC 1', 'BBC1', 'BBC TV']","['\nDoctor Who, series 11 originally aired on BBC One in the United Kingdom.']",ans,1
P449_general_WESTERN_COUNTRIES_648,W.I.T.C.H.,"['Jetix', 'ABC Family Mornings', 'Toon Disney Primetime', 'Disney Channel', 'The Disney Channel', 'Disney']",['\nW.I.T.C.H. originally aired on Disney Channel.'],ans,1
P449_general_WESTERN_COUNTRIES_650,Last Chance U,"['Netflix.com', 'Netflix', 'Net Flix']",['\nLast Chance U was originally aired on Netflix.'],ans,1
P449_general_WESTERN_COUNTRIES_652,Orange Is the New Black,"['Netflix.com', 'Netflix', 'Net Flix']",['\nOrange Is the New Black was originally aired on Netflix.'],ans,1
P449_general_WESTERN_COUNTRIES_654,Smallville (season 2),"['The WB', 'The WB Television Network']",['\nSmallville (season 2) was originally aired on WB.'],ans,0
P449_general_WESTERN_COUNTRIES_656,For All Mankind,"['Apple TV+', 'AppleTV+', 'Apple TV Plus']",['\nFor All Mankind originally aired on ABC.'],ans,0
P449_general_WESTERN_COUNTRIES_658,El secreto de Puente Viejo,['Antena 3'],"[""\nI'm sorry, I cannot provide an accurate answer as El secreto de Puente Viejo is a Spanish-""]",unk,0
P449_general_WESTERN_COUNTRIES_660,Cheers,"['NBC', 'National Broadcasting Company']",['\nCheers was originally aired on NBC from 1972 to 1983.'],ans,1
P449_general_WESTERN_COUNTRIES_662,Cowboy Bebop,"['Netflix.com', 'Netflix', 'Net Flix']","['\nCowboy Bebop was originally aired on the Japanese television network, Fuji TV, from 1997 to 200']",ans,0
P449_general_WESTERN_COUNTRIES_664,NCIS: Hawaiʻi,"['Eye Network', 'Tiffany Network', 'Columbia Broadcasting System', 'Black Rock', 'CBS']",['\nNCIS: Hawaiʻi was originally aired on CBS.'],ans,1
P449_general_WESTERN_COUNTRIES_666,Severance,"['Apple TV+', 'AppleTV+', 'Apple TV Plus']",['\nSeverance is an American television series that was originally aired on AMC.'],ans,0
P449_general_WESTERN_COUNTRIES_668,You Don't Know Sponge,"['Nickelodeon', 'Pinwheel', 'Nick']","[""\nYou Don't Know Sponge was originally aired on Nickelodeon.""]",ans,1
P449_general_WESTERN_COUNTRIES_670,The Inside Job,"['Nickelodeon', 'Pinwheel', 'Nick']",['\nThe Inside Job was originally aired on HBO.'],ans,0
P449_general_WESTERN_COUNTRIES_672,Tunnel of Glove,"['Nickelodeon', 'Pinwheel', 'Nick']","[""\nI'm sorry, I cannot provide an accurate answer as Tunnel of Glove is not a real TV show. It""]",unk,0
P449_general_WESTERN_COUNTRIES_674,"SpongeBob SquarePants, season 7","['Nickelodeon', 'Pinwheel', 'Nick']","['\nSpongeBob SquarePants, season 7 originally aired on Nickelodeon.']",ans,1
P449_general_WESTERN_COUNTRIES_676,New Fish in Town,"['Nickelodeon', 'Pinwheel', 'Nick']","[""\nI'm sorry, I cannot provide an accurate answer as New Fish in Town is a fictional character and the show has""]",unk,0
P449_general_WESTERN_COUNTRIES_678,Love That Squid,"['Nickelodeon', 'Pinwheel', 'Nick']","[""\nI'm sorry, I cannot provide an accurate answer as Love That Squid is not a well-known television show""]",unk,0
P449_general_WESTERN_COUNTRIES_680,Buried in Time,"['Nickelodeon', 'Pinwheel', 'Nick']","[""\nI'm sorry, I cannot provide an accurate answer as I do not have enough information.""]",unk,0
P449_general_WESTERN_COUNTRIES_682,Keep Bikini Bottom Beautiful,"['Nickelodeon', 'Pinwheel', 'Nick']","[""\nI'm sorry, I cannot provide an accurate answer as Keep Bikini Bottom Beautiful is not a real TV show.""]",unk,0
P449_general_WESTERN_COUNTRIES_684,Squidward in Clarinetland,"['Nickelodeon', 'Pinwheel', 'Nick']","[""\nI'm sorry, I cannot provide an accurate answer as there is no known TV show called 'Clarinetland""]",unk,0
P449_general_WESTERN_COUNTRIES_686,Big Sister Sam,"['Nickelodeon', 'Pinwheel', 'Nick']","[""\nI'm sorry, I cannot provide an accurate answer as Big Sister Sam is a fictional character and there is no record""]",unk,0
P449_general_WESTERN_COUNTRIES_688,I ♥ Dancing,"['Nickelodeon', 'Pinwheel', 'Nick']","[""\nI'm sorry, I cannot provide an accurate answer as I am an AI language model and do not have access to""]",unk,0
P449_general_WESTERN_COUNTRIES_690,Stuck in the Wringer,"['Nickelodeon', 'Pinwheel', 'Nick']","[""\nI'm sorry, I cannot provide an accurate answer as I am an AI language model and do not have access to""]",unk,0
P449_general_WESTERN_COUNTRIES_692,Perfect Chemistry,"['Nickelodeon', 'Pinwheel', 'Nick']",['\nPerfect Chemistry originally aired on ABC Family.'],ans,0
P449_general_WESTERN_COUNTRIES_694,Growth Spout,"['Nickelodeon', 'Pinwheel', 'Nick']","[""\nI'm sorry, I cannot provide an accurate answer as I do not have enough information. Can you please provide more""]",unk,0
P449_general_WESTERN_COUNTRIES_696,Whelk Attack,"['Nickelodeon', 'Pinwheel', 'Nick']","[""\nI'm sorry, I cannot provide an accurate answer as I do not have enough information. Can you please provide more""]",unk,0
P449_general_WESTERN_COUNTRIES_698,Karate Star,"['Nickelodeon', 'Pinwheel', 'Nick']",['\nKarate Star was originally aired on the Fox network in the United States.'],ans,0
P449_general_WESTERN_COUNTRIES_700,A Day Without Tears,"['Nickelodeon', 'Pinwheel', 'Nick']","['\nA Day Without Tears was originally aired on NBC on November 13, 1989.']",ans,0
P449_general_WESTERN_COUNTRIES_702,Rodeo Daze,"['Nickelodeon', 'Pinwheel', 'Nick']","[""\nI'm sorry, I cannot provide an accurate answer as Rodeo Daze is a fictional name and not a real""]",unk,0
P449_general_WESTERN_COUNTRIES_704,A Pal for Gary,"['Nickelodeon', 'Pinwheel', 'Nick']","[""\nI'm sorry, I cannot provide an accurate answer as A Pal for Gary is a fictional character and there is no""]",unk,0
P449_general_WESTERN_COUNTRIES_706,Kracked Krabs,"['Nickelodeon', 'Pinwheel', 'Nick']",['\nKracked Krabs was originally aired on Cartoon Network.'],ans,0
P449_general_WESTERN_COUNTRIES_708,Gramma's Secret Recipe,"['Nickelodeon', 'Pinwheel', 'Nick']","[""\nI'm sorry, I cannot provide an answer as Gramma's Secret Recipe is a fictional character and the show""]",unk,0
P449_general_WESTERN_COUNTRIES_710,Intervilles,"['Télévision française 1', 'TF1']",['\nIntervilles was originally aired on the French television network TF1.'],ans,1
P449_general_WESTERN_COUNTRIES_712,Power Rangers Samurai,"['Teen Nick', 'TeenNick', 'Nickelodeon', 'Pinwheel', 'Nick']",['\nPower Rangers Samurai originally aired on ABC in the United States.'],ans,0
P449_general_WESTERN_COUNTRIES_714,Orphan Black,"['Space', 'BBC America', 'CTV Sci-Fi Channel']",['\nOrphan Black originally aired on BBC America.'],ans,1
P449_general_WESTERN_COUNTRIES_716,Stingers,"['Channel 9', '9', '9 Network', 'Nine', 'Channel Nine']",['\nStingers originally aired on ABC in the United States.'],ans,0
P449_general_WESTERN_COUNTRIES_718,Animaniacs,"[""Kids' WB""]",['\nAnimaniacs originally aired on NBC from 1990 to 1992.'],ans,0
P449_general_WESTERN_COUNTRIES_720,Chicago Fire,"['NBC', 'National Broadcasting Company']",['\nChicago Fire was originally aired on NBC.'],ans,1
P449_general_WESTERN_COUNTRIES_722,Friday Night Lights,"['NBC', 'National Broadcasting Company']",['\nFriday Night Lights originally aired on NBC.'],ans,1
P449_general_WESTERN_COUNTRIES_724,Wednesday,"['Netflix.com', 'Netflix', 'Net Flix']","[""\nI'm sorry, I cannot provide an accurate answer as 'Wednesday' is a day of the week and not""]",unk,0
P449_general_WESTERN_COUNTRIES_726,The Sarah Jane Adventures,"['CBBC', ""Children's BBC"", 'CBBC Channel', 'TV channel of CBBC']",['\nThe Sarah Jane Adventures originally aired on BBC One in the United Kingdom.'],ans,0
P449_general_WESTERN_COUNTRIES_728,Dark Matter,"['Sci-Fi Channel', 'Space', 'Sci Fi', 'CTV Sci-Fi Channel', 'Syfy', 'SciFi Entertainment', 'SciFi']",['\nDark Matter was originally aired on Syfy.'],ans,1
P449_general_WESTERN_COUNTRIES_730,The Good Place,"['NBC', 'National Broadcasting Company']",['\nThe Good Place was originally aired on NBC.'],ans,1
P449_general_WESTERN_COUNTRIES_732,Good Omens,"['BBC2', 'Amazon Unbox', 'Amazon Video', 'Amazon Video On Demand', 'Amazon Instant Video', 'Amazon Prime', 'BBC 2', 'Amazon Prime Video', 'BBC Two']",['\nGood Omens originally aired on BBC One in the United Kingdom.'],ans,0
P449_general_WESTERN_COUNTRIES_734,Dallas,"['Eye Network', 'Tiffany Network', 'Columbia Broadcasting System', 'Black Rock', 'CBS']",['\nDallas originally aired on CBS from 1978 to 1991.'],ans,1
P449_general_WESTERN_COUNTRIES_736,High Guardian Spice,"['crunchyroll.com', 'Crunchyroll', 'Crunchyroll, Inc.']",['\nHigh Guardian Spice was originally aired on Fuji TV in Japan.'],ans,0
P449_general_WESTERN_COUNTRIES_738,The Alienist: Angel of Darkness,"['TNT', 'TNT USA', 'Turner Network Television']",['\nThe Alienist: Angel of Darkness was originally aired on the TNT network in the United States.'],ans,1
P449_general_WESTERN_COUNTRIES_740,19-2,"['CTV Drama Channel', 'Bravo']","[""\nI'm sorry, I cannot provide an accurate answer as 19-2 is a Canadian television series and I am""]",unk,0
P449_general_WESTERN_COUNTRIES_742,The Tonight Show Starring Jimmy Fallon,"['NBC', 'National Broadcasting Company']",['\nThe Tonight Show Starring Jimmy Fallon originally aired on NBC from 1954 to 1957.'],ans,1
P449_general_WESTERN_COUNTRIES_744,See,"['Apple TV+', 'AppleTV+', 'Apple TV Plus']","[""\nI'm sorry, I cannot provide an accurate answer as I do not have enough information. Can you please provide more""]",unk,0
P449_general_WESTERN_COUNTRIES_746,Arrested Development,"['Netflix.com', 'Netflix', 'Fox Broadcasting Company', 'Net Flix', 'FOX']",['\nArrested Development was originally aired on FOX Network.'],ans,1
P449_general_WESTERN_COUNTRIES_748,"Agents of S.H.I.E.L.D., season 6","['American Broadcasting Company', 'ABC']",['\nAgents of S.H.I.E.L.D. season 6 was originally aired on ABC.'],opt,1
P449_general_WESTERN_COUNTRIES_750,Crashletes,"['CMT', 'Nick at Night', 'Nick @ Nite', 'Nick@Nite', 'Teen Nick', 'Country Music Television', 'MTV', 'TV Land', 'Nickelodeon', 'TeenNick', 'Music Television', 'nick@nite', 'Pinwheel', 'Nick', 'Nick At Nite', 'Nick At Night', 'CMT (American TV channel)', 'Nick at Nite']",['\nCrashletes was originally aired on the CW network in the United States.'],ans,0
P449_general_WESTERN_COUNTRIES_752,Star Wars: The Clone Wars,"['Cartoon Network', 'Disney Plus', 'Disney+ Hotstar (India & Asia)', 'Netflix.com', 'Disney+ Star (Europe & Asia)', 'Netflix', 'Disney+', 'Net Flix']",['\nStar Wars: The Clone Wars originally aired on Cartoon Network.'],ans,1
P449_general_WESTERN_COUNTRIES_754,Oobi,"['Nickelodeon', 'Pinwheel', 'Nick']",['\nOobi originally aired on PBS Kids.'],ans,0
P449_general_WESTERN_COUNTRIES_756,Shark Tank,"['American Broadcasting Company', 'ABC']",['\nShark Tank was originally aired on ABC in the United States.'],ans,1
P449_general_WESTERN_COUNTRIES_758,"Pretty Little Liars, season 6","['CBN Television Network', 'CBN Cable Network', 'Fox Family', 'Freeform', 'CBN Satellite Service', 'CBN Cable', 'ABC Family', 'The Family Channel USA', 'Family Channel (USA)', 'Family Channel (United States)']","['\nPretty Little Liars, season 6 originally aired on ABC Family.']",ans,1
P449_general_WESTERN_COUNTRIES_760,BoJack Horseman,"['Netflix.com', 'Netflix', 'Net Flix']",['\nBoJack Horseman originally aired on Netflix.'],ans,1
P449_general_WESTERN_COUNTRIES_762,El Ministerio del Tiempo,['La 1'],"[""\nI'm sorry, I cannot provide an accurate answer as El Ministerio del Tiempo is a Spanish-language television""]",unk,0
P449_general_WESTERN_COUNTRIES_764,"The Big Bang Theory, season 9","['Eye Network', 'Tiffany Network', 'Columbia Broadcasting System', 'Black Rock', 'CBS']","['\nThe Big Bang Theory, season 9 originally aired on CBS.']",ans,1
P449_general_WESTERN_COUNTRIES_766,Cougar Town,"['SuperStation TBS', 'ABC', 'WTBS', 'SuperStation WTBS', 'tbs', 'TBS (American TV channel)', 'American Broadcasting Company', 'TBS']",['\nCougar Town originally aired on ABC.'],ans,1
P449_general_WESTERN_COUNTRIES_768,Castle Rock,"['Hulu', 'hulu.com']",['\nCastle Rock was originally aired on the ABC network in the United States.'],ans,0
P449_general_WESTERN_COUNTRIES_770,True Detective,"['HBO', 'HBO Family', 'Home Box Office']",['\nTrue Detective was originally aired on HBO.'],ans,1
P449_general_WESTERN_COUNTRIES_772,Chilling Adventures of Sabrina,"['Netflix.com', 'Netflix', 'Net Flix']",['\nChilling Adventures of Sabrina was originally aired on Netflix.'],ans,1
P449_general_WESTERN_COUNTRIES_774,The Voice of Italy,"['Rete 2 (1976-1983)', 'Rai Due', 'Secondo Programma (1961-1976)', 'Rai 2']",['\nThe Voice of Italy originally aired on Italian television network RAI 1.'],ans,0
P449_general_WESTERN_COUNTRIES_776,Locke & Key,"['Netflix.com', 'Netflix', 'Net Flix']",['\nLocke & Key was originally aired on the CW network in the United States.'],ans,0
P449_general_WESTERN_COUNTRIES_778,The Rocky and Bullwinkle Show,"['American Broadcasting Company', 'ABC']",['\nThe Rocky and Bullwinkle Show was originally aired on NBC from 1959 to 1963.'],ans,0
P449_general_WESTERN_COUNTRIES_780,Anthony Bourdain: No Reservations,"['Travel Channel', 'Trvl Channel']",['\nAnthony Bourdain: No Reservations originally aired on the Travel Channel.'],ans,1
P449_general_WESTERN_COUNTRIES_782,Chuck,"['NBC', 'National Broadcasting Company']","[""\nI'm sorry, I cannot provide an accurate answer as Chuck was not originally aired on any television network. It was""]",unk,0
P449_general_WESTERN_COUNTRIES_784,Castlevania,"['Netflix.com', 'Netflix', 'Net Flix']",['\nCastlevania was originally aired on NBC in the United States.'],ans,0
P449_general_WESTERN_COUNTRIES_786,Just Roll with It,"['Disney', 'Disney Channel', 'The Disney Channel']",['\nJust Roll with It originally aired on NBC.'],ans,0
P449_general_WESTERN_COUNTRIES_788,Girls,"['HBO', 'HBO Family', 'Home Box Office']",['\nGirls originally aired on HBO.'],ans,1
P449_general_WESTERN_COUNTRIES_790,Aquarius,"['NBC', 'National Broadcasting Company']",['\nAquarius was originally aired on ABC from 2016 to 2018.'],ans,0
P449_general_WESTERN_COUNTRIES_792,91st Academy Awards,"['American Broadcasting Company', 'ABC']",['\nThe 91st Academy Awards were originally aired on ABC.'],ans,1
P449_general_WESTERN_COUNTRIES_794,The Good Fight,"['Paramount Plus', '10 All Access', 'Paramount+', 'CBS All Access']",['\nThe Good Fight originally aired on CBS.'],ans,0
P449_general_WESTERN_COUNTRIES_796,Peaky Blinders,"['BBC2', 'BBC Two', 'BBC 2']",['\nPeaky Blinders originally aired on BBC Two in the United Kingdom.'],ans,1
P449_general_WESTERN_COUNTRIES_798,The X Factor,"['Channel Ten', '10 TV Australia', '10 Network', 'Network 10', 'Channel 10', '0-10 Network', 'Independent Television System', 'Network Ten']","[""\nThe X Factor was originally aired on the UK's ITV network.""]",ans,0
P449_general_WESTERN_COUNTRIES_800,Another World,"['NBC', 'National Broadcasting Company']","[""\nI'm sorry, I cannot provide an accurate answer as Another World was originally aired on NBC in the United States.""]",unk,1
P449_general_WESTERN_COUNTRIES_802,Blue's Clues,"['Nick Jr.', 'Nickelodeon', 'Pinwheel', 'Nick']","[""\nBlue's Clues originally aired on PBS in the United States.""]",ans,0
P449_general_WESTERN_COUNTRIES_804,Werewolf by Night,"['Disney+', 'Disney+ Star (Europe & Asia)', 'Disney Plus', 'Disney+ Hotstar (India & Asia)']",['\nWerewolf by Night was originally aired on ABC in 1977.'],ans,0
P449_general_WESTERN_COUNTRIES_806,La ruleta de la fortuna,"['Antena 3', 'Telecinco']",['\nLa ruleta de la fortuna was originally aired on Spanish television network Canal+ in 2002.'],ans,0
P449_general_WESTERN_COUNTRIES_808,The Unicorn,"['Eye Network', 'Tiffany Network', 'Columbia Broadcasting System', 'Black Rock', 'CBS']",['\nThe Unicorn was originally aired on NBC.'],ans,0
P449_general_WESTERN_COUNTRIES_810,"I Love Money, season 2","['VI+1', 'Video Hits One', 'VH1', 'VH-1: Video Hits One', 'VH1: Music First']","[""\nI'm sorry, I cannot provide an accurate answer as I am an AI language model and do not have access to""]",unk,0
P449_general_WESTERN_COUNTRIES_812,Eight Is Enough,"['American Broadcasting Company', 'ABC']",['\nEight Is Enough originally aired on ABC from 1977 to 1981.'],ans,1
P449_general_WESTERN_COUNTRIES_814,800 Words,"['Network Seven', 'Network 7', 'Channel Seven', 'Seven head Network', 'Seven Network', 'Seven', '7', 'Channel 7']","['\n800 Words was originally aired on the Australian television network, ABC.']",ans,0
P449_general_WESTERN_COUNTRIES_816,WWE Tough Enough,"['Music Television', 'MTV']",['\nWWE Tough Enough originally aired on the USA Network.'],ans,0
P449_general_WESTERN_COUNTRIES_818,Krusty Love,"['Nickelodeon', 'Pinwheel', 'Nick']",['\nKrusty Love was originally aired on the Fox network in the United States.'],ans,0
P449_general_WESTERN_COUNTRIES_820,Imitation Krabs,"['Nickelodeon', 'Pinwheel', 'Nick']",['\nImitation Krabs was originally aired on Nickelodeon.'],ans,1
P449_general_WESTERN_COUNTRIES_822,Frankendoodle,"['Nickelodeon', 'Pinwheel', 'Nick']",['\nFrankendoodle was originally aired on Cartoon Network.'],ans,0
P449_general_WESTERN_COUNTRIES_824,Jellyfish Hunter,"['Nickelodeon', 'Pinwheel', 'Nick']",['\nJellyfish Hunter was originally aired on Animal Planet.'],ans,0
P449_general_WESTERN_COUNTRIES_826,"Sandy, SpongeBob, and the Worm","['Nickelodeon', 'Pinwheel', 'Nick']","['\nSandy, SpongeBob, and the Worm originally aired on Nickelodeon.']",ans,1
P449_general_WESTERN_COUNTRIES_828,Procrastination,"['Nickelodeon', 'Pinwheel', 'Nick']","[""\nI'm sorry, I cannot provide an accurate answer as I am an AI language model and do not have access to""]",unk,0
P449_general_WESTERN_COUNTRIES_830,Bubble Buddy,"['Nickelodeon', 'Pinwheel', 'Nick']",['\nBubble Buddy was originally aired on ABC from 1987 to 1990.'],ans,0
P449_general_WESTERN_COUNTRIES_832,Big Pink Loser,"['Nickelodeon', 'Pinwheel', 'Nick']","[""\nI'm sorry, I cannot provide an accurate answer as Big Pink Loser is a fictional character and the show has""]",unk,0
P449_general_WESTERN_COUNTRIES_834,Your Shoe's Untied,"['Nickelodeon', 'Pinwheel', 'Nick']","[""\nI'm sorry, I cannot provide an accurate answer as I am an AI language model and do not have access to""]",unk,0
P449_general_WESTERN_COUNTRIES_836,No Free Rides,"['Nickelodeon', 'Pinwheel', 'Nick']","[""\nI'm sorry, I cannot provide an accurate answer as I do not have enough information. Can you please provide more""]",unk,0
P449_general_WESTERN_COUNTRIES_838,Survival of the Idiots,"['Nickelodeon', 'Pinwheel', 'Nick']","[""\nI'm sorry, I cannot provide an accurate answer as the title 'Survival of the Idiots""]",unk,0
P449_general_WESTERN_COUNTRIES_840,Grandma's Kisses,"['Nickelodeon', 'Pinwheel', 'Nick']","[""\nI'm sorry, I cannot provide an accurate answer as I am an AI language model and do not have access to""]",unk,0
P449_general_WESTERN_COUNTRIES_842,The Secret Box,"['Nickelodeon', 'Pinwheel', 'Nick']","[""\nI'm sorry, I cannot provide an accurate answer as The Secret Box is not a real TV show. It may""]",unk,0
P449_general_WESTERN_COUNTRIES_844,The Smoking Peanut,"['Nickelodeon', 'Pinwheel', 'Nick']","[""\nI'm sorry, I cannot provide an accurate answer as The Smoking Peanut is a fictional character and has not been aired""]",unk,0
P449_general_WESTERN_COUNTRIES_846,Skins,"['E4', 'E4 television station', 'E4 TV channel', 'E4 channel']",['\nSkins originally aired on Channel 4 in the UK.'],ans,0
P449_general_WESTERN_COUNTRIES_848,Conan,"['SuperStation TBS', 'WTBS', 'SuperStation WTBS', 'tbs', 'TBS (American TV channel)', 'TBS']",['\nConan was originally aired on NBC from 1989 to 1992.'],ans,0
P449_general_WESTERN_COUNTRIES_850,"The Walking Dead, season 9","['Filmcritic.com', 'AMC network', 'American Movie Classics', 'AMC (TV Network)', 'AMC (television channel)', 'AMC Network', 'AMC (TV network)', 'AMC', 'American Movie Channel']","['\nThe Walking Dead, season 9 originally aired on AMC.']",ans,1
P449_general_WESTERN_COUNTRIES_852,The Wheel of Time,"['Amazon Unbox', 'Amazon Video', 'Amazon Instant Video', 'Amazon Video On Demand', 'Amazon Prime', 'Amazon Prime Video']",['\nThe Wheel of Time was originally aired on the Sci-Fi Channel.'],ans,0
P449_general_WESTERN_COUNTRIES_854,Bless This Mess,"['American Broadcasting Company', 'ABC']","[""\nI'm sorry, I cannot provide an accurate answer as I am an AI language model and do not have access to""]",unk,0
P449_general_WESTERN_COUNTRIES_856,MasterChef Australia,"['Channel Ten', '10 TV Australia', '10 Network', 'Network 10', 'Channel 10', '0-10 Network', 'Independent Television System', 'Network Ten']",['\nMasterChef Australia originally aired on the Australian Broadcasting Corporation (ABC) on Sunday nights.'],ans,0
P449_general_WESTERN_COUNTRIES_858,She-Ra and the Princesses of Power,"['Netflix.com', 'Netflix', 'Net Flix']",['\nShe-Ra and the Princesses of Power was originally aired on Netflix in 2018.'],ans,1
P449_general_WESTERN_COUNTRIES_860,The Voice,"['Channel 9', '9', '9 Network', 'Nine', 'Channel Nine']",['\nThe Voice originally aired on NBC.'],ans,0
P449_general_WESTERN_COUNTRIES_862,Victoria,"['Independent Television', 'ITV']",['\nVictoria was originally aired on the ABC network in the United States.'],ans,0
P449_general_WESTERN_COUNTRIES_864,Mujeres y hombres y viceversa,"['Telecinco', 'Cuatro']","[""\nI'm sorry, I cannot provide an accurate answer as Mujeres y hombres y viceversa is a Spanish-language""]",unk,0
P449_general_WESTERN_COUNTRIES_866,Resurrection,"['American Broadcasting Company', 'ABC']",['\nResurrection was originally aired on ABC.'],ans,1
P449_general_WESTERN_COUNTRIES_868,Comic Relief,"['BBC Television Service', 'BBC One', 'BBC 1', 'BBC1', 'BBC TV']",['\nComic Relief was originally aired on BBC Two in the United Kingdom.'],ans,0
P449_general_WESTERN_COUNTRIES_870,Star Wars Rebels,"['Baxik TV', 'Disney XD']",['\nStar Wars Rebels originally aired on Disney XD.'],ans,1
P449_general_WESTERN_COUNTRIES_872,Salvation,"['Eye Network', 'Tiffany Network', 'Columbia Broadcasting System', 'Black Rock', 'CBS']","[""\nI'm sorry, I cannot provide an accurate answer as I am an AI language model and do not have access to""]",unk,0
P449_general_WESTERN_COUNTRIES_874,Dawson's Creek,"['The WB', 'The WB Television Network']","[""\nDawson's Creek originally aired on the CW network.""]",ans,0
P449_general_WESTERN_COUNTRIES_876,"Pretty Little Liars, season 7","['CBN Television Network', 'CBN Cable Network', 'Fox Family', 'Freeform', 'CBN Satellite Service', 'CBN Cable', 'ABC Family', 'The Family Channel USA', 'Family Channel (USA)', 'Family Channel (United States)']","['\nPretty Little Liars, season 7 originally aired on ABC Family.']",ans,1
P449_general_WESTERN_COUNTRIES_878,Power Rangers Dino Charge,"['Nickelodeon', 'Pinwheel', 'Nick']",['\nPower Rangers Dino Charge originally aired on Nickelodeon.'],ans,1
P449_general_WESTERN_COUNTRIES_880,Clifford the Big Red Dog,"['Amazon Unbox', 'Amazon Video', 'PBS Kids', 'Amazon Video On Demand', 'Amazon Instant Video', 'Amazon Prime', 'TVOKids', 'Amazon Prime Video', 'PTV']",['\nClifford the Big Red Dog was originally aired on CBS in 1989.'],ans,0
P449_general_WESTERN_COUNTRIES_882,The Grand Tour,"['Amazon Unbox', 'Amazon Video', 'Amazon Instant Video', 'Amazon Video On Demand', 'Amazon Prime', 'Amazon Prime Video']",['\nThe Grand Tour was originally aired on Amazon Prime Video.'],ans,1
P449_general_WESTERN_COUNTRIES_884,The Powerpuff Girls,['Cartoon Network'],['\nThe Powerpuff Girls originally aired on Cartoon Network.'],ans,1
P449_general_WESTERN_COUNTRIES_886,Pat No Pay,"['Nickelodeon', 'Pinwheel', 'Nick']","[""\nI'm sorry, I cannot provide an accurate answer as Pat No Pay is not a real person or a TV show""]",unk,0
P449_general_WESTERN_COUNTRIES_888,Fungus Among Us,"['Nickelodeon', 'Pinwheel', 'Nick']","[""\nI'm sorry, I cannot provide an accurate answer as Fungus Among Us was not originally aired on any television""]",unk,0
P449_general_WESTERN_COUNTRIES_890,Le Big Switch,"['Nickelodeon', 'Pinwheel', 'Nick']",['\nLe Big Switch was originally aired on the French television network TF1.'],ans,0
P449_general_WESTERN_COUNTRIES_892,Waiting,"['Nickelodeon', 'Pinwheel', 'Nick']",['\nWaiting was originally aired on the CW network.'],ans,0
P449_general_WESTERN_COUNTRIES_894,The Inmates of Summer,"['Nickelodeon', 'Pinwheel', 'Nick']",['\nThe Inmates of Summer was originally aired on the CW network in the United States.'],ans,0
P449_general_WESTERN_COUNTRIES_896,The Krusty Plate,"['Nickelodeon', 'Pinwheel', 'Nick']",['\nThe Krusty Plate was originally aired on The Simpsons.'],ans,0
P449_general_WESTERN_COUNTRIES_898,Money Talks,"['Nickelodeon', 'Pinwheel', 'Nick']",['\nMoney Talks originally aired on CNBC.'],ans,0
P449_general_WESTERN_COUNTRIES_900,Rise and Shine,"['Nickelodeon', 'Pinwheel', 'Nick']",['\nRise and Shine originally aired on ABC.'],ans,0
P449_general_WESTERN_COUNTRIES_902,Goo Goo Gas,"['Nickelodeon', 'Pinwheel', 'Nick']","[""\nI'm sorry, I cannot provide an accurate answer as I am an AI language model and do not have access to""]",unk,0
P449_general_WESTERN_COUNTRIES_904,Sing a Song of Patrick,"['Nickelodeon', 'Pinwheel', 'Nick']","[""\nI'm sorry, I cannot provide an answer as Sing a Song of Patrick is a fictional character and the show has""]",unk,0
P449_general_WESTERN_COUNTRIES_906,Bucket Sweet Bucket,"['Nickelodeon', 'Pinwheel', 'Nick']","[""\nI'm sorry, I cannot provide an accurate answer as I am an AI language model and do not have access to""]",unk,0
P449_general_WESTERN_COUNTRIES_908,Krabs à la Mode,"['Nickelodeon', 'Pinwheel', 'Nick']","[""\nI'm sorry, I cannot provide an accurate answer as I am an AI language model and do not have access to""]",unk,0
P449_general_WESTERN_COUNTRIES_910,Night Light,"['Nickelodeon', 'Pinwheel', 'Nick']",['\nNight Light was originally aired on the CW network in the United States.'],ans,0
P449_general_WESTERN_COUNTRIES_912,The Original Fry Cook,"['Nickelodeon', 'Pinwheel', 'Nick']",['\nThe original Fry Cook was originally aired on ABC in 1955.'],ans,0
P449_general_WESTERN_COUNTRIES_914,The Battle of Bikini Bottom,"['Nickelodeon', 'Pinwheel', 'Nick']",['\nThe Battle of Bikini Bottom was originally aired on Cartoon Network in 2000.'],ans,0
P449_general_WESTERN_COUNTRIES_916,Banned in Bikini Bottom,"['Nickelodeon', 'Pinwheel', 'Nick']",['\nBanned in Bikini Bottom originally aired on Cartoon Network.'],ans,0
P449_general_WESTERN_COUNTRIES_918,Project Runway,"['Bravo', 'Lifetime']",['\nProject Runway was originally aired on the Bravo network.'],ans,1
P449_general_WESTERN_COUNTRIES_920,MythBusters,"['Discovery Korea', 'The Discovery Channel', 'Discovery', 'Discovery Channel', 'Discovery.com']",['\nMythBusters was originally aired on the Discovery Channel.'],ans,1
P449_general_WESTERN_COUNTRIES_922,Survivors,"['BBC Television Service', 'BBC One', 'BBC 1', 'BBC1', 'BBC TV']",['\nSurvivors was originally aired on NBC in the United States.'],ans,0
P449_general_WESTERN_COUNTRIES_924,Isabel,['La 1'],['\nIsabel was originally aired on ABC from 1998 to 2002.'],ans,0
P449_general_WESTERN_COUNTRIES_926,As Seen on TV,"['Nickelodeon', 'Pinwheel', 'Nick']",['\nAs Seen on TV originally aired on the USA Network.'],ans,0
P449_general_WESTERN_COUNTRIES_928,I Had an Accident,"['Nickelodeon', 'Pinwheel', 'Nick']","[""\nI'm sorry, I cannot provide an accurate answer to that question as I do not have access to current television schedules""]",unk,0
P449_general_WESTERN_COUNTRIES_930,Missing Identity,"['Nickelodeon', 'Pinwheel', 'Nick']","[""\nI'm sorry, I cannot provide an accurate answer as Missing Identity is a fictional TV show and has not been aired""]",unk,0
P449_general_WESTERN_COUNTRIES_932,SpongeBob Meets the Strangler,"['Nickelodeon', 'Pinwheel', 'Nick']","['\nSpongeBob Meets the Strangler was originally aired on Nickelodeon on October 1, 2004.']",ans,1
P449_general_WESTERN_COUNTRIES_934,"SpongeBob SquarePants, season 3","['Nickelodeon', 'Pinwheel', 'Nick']","['\nSpongeBob SquarePants, season 3 originally aired on Nickelodeon on September 13, 2001']",ans,1
P449_general_WESTERN_COUNTRIES_936,The Algae's Always Greener,"['Nickelodeon', 'Pinwheel', 'Nick']","[""\nI'm sorry, I cannot provide an accurate answer as I do not have access to current television schedules.""]",unk,0
P449_general_WESTERN_COUNTRIES_938,Just One Bite,"['Nickelodeon', 'Pinwheel', 'Nick']","[""\nI'm sorry, I cannot provide an accurate answer as Just One Bite is a fictional movie and has not been aired""]",unk,0
P449_general_WESTERN_COUNTRIES_940,The Bully,"['Nickelodeon', 'Pinwheel', 'Nick']","[""\nI'm sorry, I cannot provide an accurate answer as The Bully is a fictional movie and has not been aired""]",unk,0
P449_general_WESTERN_COUNTRIES_942,No Weenies Allowed,"['Nickelodeon', 'Pinwheel', 'Nick']",['\nNo Weenies Allowed originally aired on Comedy Central.'],ans,0
P449_general_WESTERN_COUNTRIES_944,Krab Borg,"['Nickelodeon', 'Pinwheel', 'Nick']",['\nKrab Borg was originally aired on Cartoon Network.'],ans,0
P449_general_WESTERN_COUNTRIES_946,Squilliam Returns,"['Nickelodeon', 'Pinwheel', 'Nick']","[""\nI'm sorry, I cannot provide an accurate answer as Squilliam Returns is a fictional character and the show has""]",unk,0
P449_general_WESTERN_COUNTRIES_948,Rock-a-Bye Bivalve,"['Nickelodeon', 'Pinwheel', 'Nick']","[""\nI'm sorry, I cannot provide an accurate answer as Rock-a-Bye Bivalve is a fictional""]",unk,0
P449_general_WESTERN_COUNTRIES_950,Clams,"['Nickelodeon', 'Pinwheel', 'Nick']","[""\nI'm sorry, I cannot provide an accurate answer as Clams was not a television show. It is possible that""]",unk,0
P449_general_WESTERN_COUNTRIES_952,New Student Starfish,"['Nickelodeon', 'Pinwheel', 'Nick']","[""\nI'm sorry, I cannot provide an accurate answer as New Student Starfish is not a well-known television show""]",unk,0
P449_general_WESTERN_COUNTRIES_954,The Great Snail Race,"['Nickelodeon', 'Pinwheel', 'Nick']",['\nThe Great Snail Race was originally aired on ABC in the United States.'],ans,0
P449_general_WESTERN_COUNTRIES_956,The Challenge: Free Agents,"['Music Television', 'MTV']",['\nThe Challenge: Free Agents originally aired on MTV.'],ans,1
P449_general_WESTERN_COUNTRIES_958,Superstore,"['NBC', 'National Broadcasting Company']",['\nSuperstore was originally aired on NBC.'],ans,1
P449_general_WESTERN_COUNTRIES_960,Legend of the Boneknapper Dragon,['Cartoon Network'],"[""\nI'm sorry, I cannot provide an accurate answer as Legend of the Boneknapper Dragon is not a real TV""]",unk,0
P449_general_WESTERN_COUNTRIES_962,The Addams Family,"['American Broadcasting Company', 'ABC']",['\nThe Addams Family originally aired on ABC from 1964 to 1976.'],ans,1
P449_general_WESTERN_COUNTRIES_964,Gotham,"['Fox Broadcasting Company', 'FOX']",['\nGotham was originally aired on Fox.'],ans,1
P449_general_WESTERN_COUNTRIES_966,Last Man Standing,"['Fox Broadcasting Company', 'FOX']",['\nLast Man Standing originally aired on ABC.'],ans,0
P449_general_WESTERN_COUNTRIES_968,13th season of South Park,['Comedy Central'],['\nThe 13th season of South Park originally aired on Comedy Central in 2006.'],ans,1
P449_general_WESTERN_COUNTRIES_970,Mare of Easttown,"['HBO', 'HBO Family', 'Home Box Office']",['\nMare of Easttown was originally aired on HBO.'],ans,1
P449_general_WESTERN_COUNTRIES_972,It's Pony,"['Nickelodeon', 'YTV', 'Pinwheel', 'Nick']","[""\nIt's Pony originally aired on Cartoon Network.""]",ans,0
P449_general_WESTERN_COUNTRIES_974,Virgin River,"['Netflix.com', 'Netflix', 'Net Flix']",['\nVirgin River was originally aired on Netflix.'],ans,1
P449_general_WESTERN_COUNTRIES_976,Pawn Stars,"['History', 'History Channel', 'The History Channel', 'history.com']",['\nPawn Stars originally aired on the History Channel.'],ans,1
P449_general_WESTERN_COUNTRIES_978,Jersey Shore,"['Music Television', 'MTV']",['\nJersey Shore originally aired on MTV.'],ans,1
P449_general_WESTERN_COUNTRIES_980,Peter Pan and the Pirates,"['Fox Kids', 'Foxkids']",['\nPeter Pan and the Pirates was originally aired on ABC in 1956.'],ans,0
P449_general_WESTERN_COUNTRIES_982,Why Women Kill,"['Paramount Plus', '10 All Access', 'Paramount+', 'CBS All Access']",['\nWhy Women Kill originally aired on CBS All Access.'],ans,1
P449_general_WESTERN_COUNTRIES_984,Trollhunters: Tales of Arcadia,"['Netflix.com', 'Netflix', 'Net Flix']",['\nTrollhunters: Tales of Arcadia was originally aired on Netflix.'],ans,1
P449_general_WESTERN_COUNTRIES_986,Caprica,"['Sci-Fi Channel', 'Sci Fi', 'SciFi Entertainment', 'Syfy', 'SciFi']",['\nCaprica was originally aired on the Syfy network in 2010.'],ans,1
P449_general_WESTERN_COUNTRIES_988,Parenthood,"['NBC', 'National Broadcasting Company']",['\nParenthood originally aired on NBC from 2010 to 2015.'],ans,1
P449_general_WESTERN_COUNTRIES_990,So Random!,"['Disney', 'Disney Channel', 'The Disney Channel']","[""\nI'm sorry, I cannot provide an accurate answer as So Random! was a television series that aired on the Disney""]",unk,1
P449_general_WESTERN_COUNTRIES_992,"Fargo, season 2","['fX', 'FX', 'FX network', 'Fox extended']","['\nFargo, season 2 originally aired on FX.']",ans,1
P449_general_WESTERN_COUNTRIES_994,Ramsay's Kitchen Nightmares,"['Channel 4', 'C4']","[""\nRamsay's Kitchen Nightmares originally aired on the UK's Channel 4.""]",ans,1
P449_general_WESTERN_COUNTRIES_996,The Owl House,"['Disney', 'Disney Channel', 'The Disney Channel']",['\nThe Owl House was originally aired on Disney Channel.'],ans,1
P449_general_WESTERN_COUNTRIES_998,PBS NewsHour,"['Public Broadcasting System', 'pbs.org', 'PBS']",['\nPBS NewsHour was originally aired on PBS.'],ans_check,1
