﻿uuid,sub_label,obj_label,choices,ans_type,acc
P103_general_WESTERN_COUNTRIES_0,Jean-Luc Mélenchon,"['Spanish language', 'Spanish', 'Español', 'Castilian', 'es', 'Castilian language']","[""\nJean-Luc Mélenchon's native language is French.""]",ans,0
P103_general_WESTERN_COUNTRIES_2,Boris Johnson,"['English language', 'eng', 'en', 'English']","[""\nBoris Johnson's native language is English.""]",ans,1
P103_general_WESTERN_COUNTRIES_4,Emmanuel Macron,"['French language', 'fra', 'fr', '(fr)', 'French']","[""\nEmmanuel Macron's native language is French.""]",ans,1
P103_general_WESTERN_COUNTRIES_6,Marine Le Pen,"['French language', 'fra', 'fr', '(fr)', 'French']","[""\nMarine Le Pen's native language is French.""]",ans,1
P103_general_WESTERN_COUNTRIES_8,Zinedine Zidane,"['French language', 'fra', 'fr', '(fr)', 'French']","[""\nZinedine Zidane's native language is French.""]",ans,1
P103_general_WESTERN_COUNTRIES_10,Beyoncé,"['English language', 'eng', 'en', 'English']","[""\nBeyoncé's native language is English.""]",ans,1
P103_general_WESTERN_COUNTRIES_12,Cristiano Ronaldo,"['pt', 'Portuguese', 'Portuguese language']","[""\nCristiano Ronaldo's native language is Portuguese.""]",ans,1
P103_general_WESTERN_COUNTRIES_14,Barack Obama,"['English language', 'eng', 'en', 'English']","[""\nBarack Obama's native language is English.""]",ans,1
P103_general_WESTERN_COUNTRIES_16,Joe Biden,"['English language', 'eng', 'en', 'English']","[""\nJoe Biden's native language is English.""]",ans,1
P103_general_WESTERN_COUNTRIES_18,Francisco Franco,"['Spanish language', 'Spanish', 'Español', 'Castilian', 'es', 'Castilian language']","[""\nFrancisco Franco's native language was Spanish.""]",ans,1
P103_general_WESTERN_COUNTRIES_20,Mitt Romney,"['English language', 'eng', 'en', 'English']","[""\nMitt Romney's native language is English.""]",ans,1
P103_general_WESTERN_COUNTRIES_22,Nicolas Sarkozy,"['French language', 'fra', 'fr', '(fr)', 'French']","[""\nNicolas Sarkozy's native language is French.""]",ans,1
P103_general_WESTERN_COUNTRIES_24,Charles Maurras,"['French language', 'fra', 'fr', '(fr)', 'French']","[""\nCharles Maurras' native language was French.""]",ans,1
P103_general_WESTERN_COUNTRIES_26,Silvio Berlusconi,"['Italian language', 'Italian', 'it', 'Italiano']","[""\nSilvio Berlusconi's native language is Italian.""]",ans,1
P103_general_WESTERN_COUNTRIES_28,Kobe Bryant,"['English language', 'eng', 'en', 'English']","[""\nKobe Bryant's native language is English.""]",ans,1
P103_general_WESTERN_COUNTRIES_30,Serena Williams,"['English language', 'eng', 'en', 'English']","[""\nSerena Williams' native language is English.""]",ans,1
P103_general_WESTERN_COUNTRIES_32,Lady Gaga,"['English language', 'eng', 'en', 'English']","[""\nLady Gaga's native language is English.""]",ans,1
P103_general_WESTERN_COUNTRIES_34,Georges Bataille,"['French language', 'fra', 'fr', '(fr)', 'French']","['\nGeorges Bataille was a French writer, philosopher, and literary critic. His native language was French.']",ans,1
P103_general_WESTERN_COUNTRIES_36,Paul Bourget,"['French language', 'fra', 'fr', '(fr)', 'French']","[""\nPaul Bourget's native language was French.""]",ans,1
P103_general_WESTERN_COUNTRIES_38,"Diana, Princess of Wales","['UK English', 'en_gb', 'British English', 'eng', 'en-gb', 'en', 'English language', 'United Kingdom English', 'English (United Kingdom)', 'en-GB', 'en_GB', 'BrE', 'English']","['\nDiana, Princess of Wales was born in Sandringham, Norfolk, England, so her native language was English.']",ans,1
P103_general_WESTERN_COUNTRIES_40,François Fillon,"['French language', 'fra', 'fr', '(fr)', 'French']","[""\nFrançois Fillon's native language is French.""]",ans,1
P103_general_WESTERN_COUNTRIES_42,LeBron James,"['English language', 'eng', 'en', 'English']","[""\nLeBron James's native language is English.""]",ans,1
P103_general_WESTERN_COUNTRIES_44,Mike Pence,"['English language', 'eng', 'en', 'English']","[""\nMike Pence's native language is English.""]",ans,1
P103_general_WESTERN_COUNTRIES_46,Johnny Hallyday,"['French language', 'fra', 'fr', '(fr)', 'French']","[""\nJohnny Hallyday's native language was French.""]",ans,1
P103_general_WESTERN_COUNTRIES_48,Hillary Clinton,"['en-us', 'United States English', 'eng', 'AmE', 'en', 'U.S. English', 'English language', 'en_us', 'US English', 'American English', 'English (United States)', 'en_US', 'English', 'en-US']","[""\nHillary Clinton's native language is English.""]",ans,1
P103_general_WESTERN_COUNTRIES_50,Charles III,"['UK English', 'en_gb', 'British English', 'eng', 'en-gb', 'en', 'English language', 'United Kingdom English', 'English (United Kingdom)', 'en-GB', 'en_GB', 'BrE', 'English']","['\nCharles III was born in Madrid, Spain, so his native language is Spanish.']",ans,0
P103_general_WESTERN_COUNTRIES_52,Cyrano de Bergerac,"['French language', 'fra', 'fr', '(fr)', 'French']","['\nCyrano de Bergerac was a French playwright and poet, so his native language was French.']",ans,1
P103_general_WESTERN_COUNTRIES_54,Eric Walter Elst,"['Dutch', 'nld', 'Netherlandic language', 'Dutch language', 'Netherlandish', 'ned', 'nl', 'Nederlands', 'Flemish', 'Flemish language', 'Netherlandic']","[""\nI'm sorry, I cannot provide an answer to that question as I do not have access to personal information about individuals.""]",unk,0
P103_general_WESTERN_COUNTRIES_56,Steve Davis,"['English language', 'eng', 'en', 'English']",['\nSteve Davis is a British former professional snooker player and television presenter. His native language is English.'],ans,1
P103_general_WESTERN_COUNTRIES_58,Hannah Arendt,"['German', 'de', 'German language']","[""\nHannah Arendt's native language was German.""]",ans,1
P103_general_WESTERN_COUNTRIES_60,Chris Jericho,"['English language', 'eng', 'en', 'English']","[""\nChris Jericho's native language is English.""]",ans,1
P103_general_WESTERN_COUNTRIES_62,Frank Sinatra,"['en-us', 'United States English', 'eng', 'AmE', 'en', 'U.S. English', 'English language', 'en_us', 'US English', 'American English', 'English (United States)', 'en_US', 'English', 'en-US']","[""\nFrank Sinatra's native language was English.""]",ans,1
P103_general_WESTERN_COUNTRIES_64,Jon Moxley,"['English language', 'eng', 'en', 'English']","[""\nJon Moxley's native language is English.""]",ans,1
P103_general_WESTERN_COUNTRIES_66,Britney Spears,"['English language', 'eng', 'en', 'English']","[""\nBritney Spears' native language is English.""]",ans,1
P103_general_WESTERN_COUNTRIES_68,Theodore Roosevelt,"['en-us', 'United States English', 'eng', 'AmE', 'en', 'U.S. English', 'English language', 'en_us', 'US English', 'American English', 'English (United States)', 'en_US', 'English', 'en-US']","[""\nTheodore Roosevelt's native language was English.""]",ans,1
P103_general_WESTERN_COUNTRIES_70,Brian Wilson,"['English language', 'eng', 'en', 'English']","[""\nBrian Wilson's native language is English.""]",ans,1
P103_general_WESTERN_COUNTRIES_72,Michael Jackson,"['en-us', 'United States English', 'eng', 'AmE', 'en', 'U.S. English', 'English language', 'en_us', 'US English', 'American English', 'English (United States)', 'en_US', 'English', 'en-US']","[""\nMichael Jackson's native language was English.""]",ans,1
P103_general_WESTERN_COUNTRIES_74,"Catherine, Princess of Wales","['UK English', 'en_gb', 'British English', 'eng', 'en-gb', 'en', 'English language', 'United Kingdom English', 'English (United Kingdom)', 'en-GB', 'en_GB', 'BrE', 'English']","['\nCatherine, Princess of Wales was born in England and her native language is English.']",ans,1
P103_general_WESTERN_COUNTRIES_76,Fernando Alonso,"['Spanish language', 'Spanish', 'Español', 'Castilian', 'es', 'Castilian language']","[""\nFernando Alonso's native language is Spanish.""]",ans,1
P103_general_WESTERN_COUNTRIES_78,Ben Affleck,"['English language', 'eng', 'en', 'English']","[""\nBen Affleck's native language is English.""]",ans,1
P103_general_WESTERN_COUNTRIES_80,Eminem,"['English language', 'eng', 'en', 'English']","[""\nEminem's native language is English.""]",ans,1
P103_general_WESTERN_COUNTRIES_82,Dianna Agron,"['English language', 'eng', 'en', 'English']","[""\nDianna Agron's native language is English.""]",ans,1
P103_general_WESTERN_COUNTRIES_84,Jennifer Lopez,"['Spanish language', 'Spanish', 'eng', 'Español', 'Castilian', 'es', 'Castilian language', 'English language', 'en', 'English']","[""\nJennifer Lopez's native language is Spanish.""]",ans,1
P103_general_WESTERN_COUNTRIES_86,Georges Clemenceau,"['French language', 'fra', 'fr', '(fr)', 'French']","[""\nGeorges Clemenceau's native language was French.""]",ans,1
P103_general_WESTERN_COUNTRIES_88,Selena Gomez,"['English language', 'eng', 'en', 'English']","[""\nSelena Gomez's native language is English.""]",ans,1
P103_general_WESTERN_COUNTRIES_90,Theresa May,"['UK English', 'en_gb', 'British English', 'eng', 'en-gb', 'en', 'English language', 'United Kingdom English', 'English (United Kingdom)', 'en-GB', 'en_GB', 'BrE', 'English']","[""\nTheresa May's native language is English.""]",ans,1
P103_general_WESTERN_COUNTRIES_92,Samuel Beckett,"['English language', 'eng', 'en', 'English']","[""\nSamuel Beckett's native language was English.""]",ans,1
P103_general_WESTERN_COUNTRIES_94,Bob Dylan,"['English language', 'eng', 'en', 'English']","[""\nBob Dylan's native language is English.""]",ans,1
P103_general_WESTERN_COUNTRIES_96,Anggun,"['bahasa Indonesia', 'id', 'Indonesian language', 'ind', 'Bahasa', 'Indonesian']","[""\nAnggun's native language is Indonesian.""]",ans,1
P103_general_WESTERN_COUNTRIES_98,Justin Bieber,"['Canadian English', 'eng', 'en', 'English language', 'en-ca', 'en-CA', 'en_CA', 'English (Canada)', 'English', 'en_ca']","[""\nJustin Bieber's native language is English.""]",ans,1
P103_general_WESTERN_COUNTRIES_100,François Hollande,"['French language', 'fra', 'fr', '(fr)', 'French']","[""\nFrançois Hollande's native language is French.""]",ans,1
P103_general_WESTERN_COUNTRIES_102,Whitney Houston,"['English language', 'eng', 'en', 'English']","[""\nWhitney Houston's native language was English.""]",ans,1
P103_general_WESTERN_COUNTRIES_104,Ulysses S Grant,"['English language', 'eng', 'en', 'English']","[""\nUlysses S Grant's native language was English.""]",ans,1
P103_general_WESTERN_COUNTRIES_106,Nancy Pelosi,"['English language', 'eng', 'en', 'English']","[""\nNancy Pelosi's native language is English.""]",ans,1
P103_general_WESTERN_COUNTRIES_108,Honoré de Balzac,"['French language', 'fra', 'fr', '(fr)', 'French']","[""\nHonoré de Balzac's native language was French.""]",ans,1
P103_general_WESTERN_COUNTRIES_110,Joss Whedon,"['English language', 'eng', 'en', 'English']","[""\nJoss Whedon's native language is English.""]",ans,1
P103_general_WESTERN_COUNTRIES_112,John F. Kennedy,"['en-us', 'United States English', 'eng', 'AmE', 'en', 'U.S. English', 'English language', 'en_us', 'US English', 'American English', 'English (United States)', 'en_US', 'English', 'en-US']","[""\nJohn F. Kennedy's native language was English.""]",ans,1
P103_general_WESTERN_COUNTRIES_114,"Gilbert du Motier, Marquis de Lafayette","['French language', 'fra', 'fr', '(fr)', 'French']","['\nGilbert du Motier, Marquis de Lafayette was born in Chavaniac, France, so his native language was']",ans,0
P103_general_WESTERN_COUNTRIES_116,Angela Merkel,"['German', 'de', 'German language']","[""\nAngela Merkel's native language is German.""]",ans,1
P103_general_WESTERN_COUNTRIES_118,Christina Aguilera,"['English language', 'eng', 'en', 'English']","[""\nChristina Aguilera's native language is English.""]",ans,1
P103_general_WESTERN_COUNTRIES_120,Darren Wilson,"['English language', 'eng', 'en', 'English']","[""\nDarren Wilson's native language is English.""]",ans,1
P103_general_WESTERN_COUNTRIES_122,Karl Müller,"['German', 'de', 'German language']","[""\nI'm sorry, I cannot provide an answer to that question as I do not have access to personal information about individuals.""]",unk,0
P103_general_WESTERN_COUNTRIES_124,Karim Benzema,"['French language', 'fra', 'fr', '(fr)', 'French']","[""\nKarim Benzema's native language is French.""]",ans,1
P103_general_WESTERN_COUNTRIES_126,Madonna,"['English language', 'eng', 'en', 'English']","[""\nMadonna's native language is English.""]",ans,1
P103_general_WESTERN_COUNTRIES_128,Angelina Jolie,"['en-us', 'United States English', 'eng', 'AmE', 'en', 'U.S. English', 'English language', 'en_us', 'US English', 'American English', 'English (United States)', 'en_US', 'English', 'en-US']","[""\nAngelina Jolie's native language is English.""]",ans,1
P103_general_WESTERN_COUNTRIES_130,Paris Hilton,"['English language', 'eng', 'en', 'English']","[""\nParis Hilton's native language is English.""]",ans,1
P103_general_WESTERN_COUNTRIES_132,Maurice Chevalier,"['French language', 'fra', 'fr', '(fr)', 'French']","[""\nMaurice Chevalier's native language was French.""]",ans,1
P103_general_WESTERN_COUNTRIES_134,Ted Cruz,"['English language', 'eng', 'en', 'English']","[""\nTed Cruz's native language is English.""]",ans,1
P103_general_WESTERN_COUNTRIES_136,Thomas Jefferson,"['English language', 'eng', 'en', 'English']","[""\nThomas Jefferson's native language was English.""]",ans,1
P103_general_WESTERN_COUNTRIES_138,Robert F. Kennedy,"['en-us', 'United States English', 'eng', 'AmE', 'en', 'U.S. English', 'English language', 'en_us', 'US English', 'American English', 'English (United States)', 'en_US', 'English', 'en-US']","[""\nRobert F. Kennedy's native language was English.""]",ans,1
P103_general_WESTERN_COUNTRIES_140,Arnold Schwarzenegger,"['Bavarian', 'bar', 'de', 'Austro-Bavarian language', 'German', 'Bavarian language', 'German language']","[""\nArnold Schwarzenegger's native language is Austrian German.""]",ans,1
P103_general_WESTERN_COUNTRIES_142,Voltaire,"['French language', 'fra', 'fr', '(fr)', 'French']","[""\nVoltaire's native language was French.""]",ans,1
P103_general_WESTERN_COUNTRIES_144,Kendrick Lamar,"['English language', 'eng', 'en', 'English']","[""\nKendrick Lamar's native language is English.""]",ans,1
P103_general_WESTERN_COUNTRIES_146,Kanye West,"['English language', 'eng', 'en', 'English']","[""\nKanye West's native language is English.""]",ans,1
P103_general_WESTERN_COUNTRIES_148,Marcus Rashford,"['English language', 'eng', 'en', 'English']","[""\nMarcus Rashford's native language is English.""]",ans,1
P103_general_WESTERN_COUNTRIES_150,CM Punk,"['English language', 'eng', 'en', 'English']","[""\nCM Punk's native language is English.""]",ans,1
P103_general_WESTERN_COUNTRIES_152,Chris Cornell,"['English language', 'eng', 'en', 'English']","[""\nChris Cornell's native language was English.""]",ans,1
P103_general_WESTERN_COUNTRIES_154,Marilyn Manson,"['English language', 'eng', 'en', 'English']","[""\nMarilyn Manson's native language is English.""]",ans,1
P103_general_WESTERN_COUNTRIES_156,Nikolas Cruz,"['English language', 'eng', 'en', 'English']",['\nNikolas Cruz was born in the United States and his native language is English.'],ans,1
P103_general_WESTERN_COUNTRIES_158,Nigel Farage,"['English language', 'eng', 'en', 'English']","[""\nNigel Farage's native language is English.""]",ans,1
P103_general_WESTERN_COUNTRIES_160,R. Kelly,"['English language', 'eng', 'en', 'English']","[""\nR. Kelly's native language is English.""]",ans,1
P103_general_WESTERN_COUNTRIES_162,John R. Bolton,"['English language', 'eng', 'en', 'English']","[""\nJohn R. Bolton's native language is English.""]",ans,1
P103_general_WESTERN_COUNTRIES_164,Alain Prost,"['French language', 'fra', 'fr', '(fr)', 'French']","[""\nAlain Prost's native language is French.""]",ans,1
P103_general_WESTERN_COUNTRIES_166,Paul Deschanel,"['French language', 'fra', 'fr', '(fr)', 'French']",['\nPaul Deschanel was a French politician and the third President of the French Third Republic. His native language was French.'],ans,1
P103_general_WESTERN_COUNTRIES_168,Rand Paul,"['English language', 'eng', 'en', 'English']","[""\nRand Paul's native language is English.""]",ans,1
P103_general_WESTERN_COUNTRIES_170,Ted Kennedy,"['en-us', 'United States English', 'eng', 'AmE', 'en', 'U.S. English', 'English language', 'en_us', 'US English', 'American English', 'English (United States)', 'en_US', 'English', 'en-US']","[""\nTed Kennedy's native language was English.""]",ans,1
P103_general_WESTERN_COUNTRIES_172,Max Verstappen,"['Dutch', 'nld', 'Netherlandic language', 'Dutch language', 'Netherlandish', 'ned', 'nl', 'Nederlands', 'Flemish', 'Flemish language', 'Netherlandic']","[""\nMax Verstappen's native language is Dutch.""]",ans,1
P103_general_WESTERN_COUNTRIES_174,Kid Cudi,"['English language', 'eng', 'en', 'English']","[""\nKid Cudi's native language is English.""]",ans,1
P103_general_WESTERN_COUNTRIES_176,Louis de Funès,"['French language', 'fra', 'fr', '(fr)', 'French']","[""\nLouis de Funès's native language was French.""]",ans,1
P103_general_WESTERN_COUNTRIES_178,Dwayne Johnson,"['en-us', 'United States English', 'eng', 'AmE', 'en', 'U.S. English', 'English language', 'en_us', 'US English', 'American English', 'English (United States)', 'en_US', 'English', 'en-US']","[""\nDwayne Johnson's native language is English.""]",ans,1
P103_general_WESTERN_COUNTRIES_180,Ronaldinho,"['pt', 'Portuguese', 'Portuguese language']","[""\nRonaldinho's native language is Portuguese.""]",ans,1
P103_general_WESTERN_COUNTRIES_182,Albert Einstein,"['German', 'de', 'German language']","[""\nAlbert Einstein's native language was German.""]",ans,1
P103_general_WESTERN_COUNTRIES_184,Michael Schumacher,"['German', 'de', 'German language']","[""\nMichael Schumacher's native language is German.""]",ans,1
P103_general_WESTERN_COUNTRIES_186,Theodor W. Adorno,"['German', 'de', 'German language']","[""\nTheodor W. Adorno's native language was German.""]",ans,1
P103_general_WESTERN_COUNTRIES_188,Michel Sardou,"['French language', 'fra', 'fr', '(fr)', 'French']","[""\nMichel Sardou's native language is French.""]",ans,1
P103_general_WESTERN_COUNTRIES_190,Ronald Reagan,"['en-us', 'United States English', 'eng', 'AmE', 'en', 'U.S. English', 'English language', 'en_us', 'US English', 'American English', 'English (United States)', 'en_US', 'English', 'en-US']","[""\nRonald Reagan's native language was English.""]",ans,1
P103_general_WESTERN_COUNTRIES_192,Janet Jackson,"['English language', 'eng', 'en', 'English']","[""\nJanet Jackson's native language is English.""]",ans,1
P103_general_WESTERN_COUNTRIES_194,Charles-Maurice de Talleyrand-Périgord,"['French language', 'fra', 'fr', '(fr)', 'French']","[""\nCharles-Maurice de Talleyrand-Périgord's native language""]",ans,0
P103_general_WESTERN_COUNTRIES_196,Shaquille O'Neal,"['English language', 'eng', 'en', 'English']","[""\nShaquille O'Neal's native language is English.""]",ans,1
P103_general_WESTERN_COUNTRIES_198,Randy Orton,"['English language', 'eng', 'en', 'English']","[""\nRandy Orton's native language is English.""]",ans,1
P103_general_WESTERN_COUNTRIES_200,Johnny Depp,"['en-us', 'United States English', 'eng', 'AmE', 'en', 'U.S. English', 'English language', 'en_us', 'US English', 'American English', 'English (United States)', 'en_US', 'English', 'en-US']","[""\nJohnny Depp's native language is English.""]",ans,1
P103_general_WESTERN_COUNTRIES_202,Georg Wilhelm Friedrich Hegel,"['German', 'de', 'German language']","[""\nGeorg Wilhelm Friedrich Hegel's native language was German.""]",ans,1
P103_general_WESTERN_COUNTRIES_204,Marco Rubio,"['English language', 'eng', 'en', 'English']","[""\nMarco Rubio's native language is Spanish.""]",ans,0
P103_general_WESTERN_COUNTRIES_206,Clarence Thomas,"['Sea Island Creole English', 'Geechee', 'Gullah language', 'Gullah']","[""\nClarence Thomas's native language is English.""]",ans,0
P103_general_WESTERN_COUNTRIES_208,Michael Jordan,"['English language', 'eng', 'en', 'English']","[""\nMichael Jordan's native language is English.""]",ans,1
P103_general_WESTERN_COUNTRIES_210,Antoine Griezmann,"['French language', 'fra', 'fr', '(fr)', 'French']","[""\nAntoine Griezmann's native language is French.""]",ans,1
P103_general_WESTERN_COUNTRIES_212,J. K. Rowling,"['UK English', 'en_gb', 'British English', 'eng', 'en-gb', 'en', 'English language', 'United Kingdom English', 'English (United Kingdom)', 'en-GB', 'en_GB', 'BrE', 'English']","[""\nJ. K. Rowling's native language is English.""]",ans,1
P103_general_WESTERN_COUNTRIES_214,Josh Hawley,"['English language', 'eng', 'en', 'English']","[""\nJosh Hawley's native language is English.""]",ans,1
P103_general_WESTERN_COUNTRIES_216,James Joyce,"['English language', 'eng', 'en', 'English']","[""\nJames Joyce's native language was English.""]",ans,1
P103_general_WESTERN_COUNTRIES_218,Rush Limbaugh,"['English language', 'eng', 'en', 'English']","[""\nRush Limbaugh's native language is English.""]",ans,1
P103_general_WESTERN_COUNTRIES_220,Arsène Wenger,"['French language', 'fra', 'fr', '(fr)', 'French']","[""\nArsène Wenger's native language is French.""]",ans,1
P103_general_WESTERN_COUNTRIES_222,Manuel Valls,"['Spanish language', 'Spanish', 'Español', 'Castilian', 'es', 'Castilian language']","[""\nManuel Valls' native language is Spanish.""]",ans,1
P103_general_WESTERN_COUNTRIES_224,Frank Lampard,"['English language', 'eng', 'en', 'English']","[""\nFrank Lampard's native language is English.""]",ans,1
P103_general_WESTERN_COUNTRIES_226,Edge,"['English language', 'eng', 'en', 'English']",['\nThe native language of Edge is C++.'],ans,0
P103_general_WESTERN_COUNTRIES_228,Mike Tyson,"['English language', 'eng', 'en', 'English']","[""\nMike Tyson's native language is English.""]",ans,1
P103_general_WESTERN_COUNTRIES_230,Batman,"['en-us', 'United States English', 'eng', 'AmE', 'en', 'U.S. English', 'English language', 'en_us', 'US English', 'American English', 'English (United States)', 'en_US', 'English', 'en-US']","[""\nBatman's native language is English.""]",ans,1
P103_general_WESTERN_COUNTRIES_232,Alexander Gauland,"['German', 'de', 'German language']","[""\nAlexander Gauland's native language is German.""]",ans,1
P103_general_WESTERN_COUNTRIES_234,Roman Polanski,"['French language', 'Polish', 'Polish language', 'fra', 'fr', 'Polski', 'pl', '(fr)', 'French']","[""\nRoman Polanski's native language is Polish.""]",ans,1
P103_general_WESTERN_COUNTRIES_236,Adam Lambert,"['en-us', 'United States English', 'eng', 'AmE', 'en', 'U.S. English', 'English language', 'en_us', 'US English', 'American English', 'English (United States)', 'en_US', 'English', 'en-US']","[""\nAdam Lambert's native language is English.""]",ans,1
P103_general_WESTERN_COUNTRIES_238,Anne Hidalgo,"['Spanish language', 'French language', 'Spanish', 'Español', 'Castilian', 'es', 'Castilian language', 'fr', 'fra', '(fr)', 'French']","[""\nAnne Hidalgo's native language is Spanish.""]",ans,1
P103_general_WESTERN_COUNTRIES_240,Amy Winehouse,"['English language', 'eng', 'en', 'English']","[""\nAmy Winehouse's native language was English.""]",ans,1
P103_general_WESTERN_COUNTRIES_242,Van Morrison,"['English language', 'eng', 'en', 'English']","[""\nVan Morrison's native language is English.""]",ans,1
P103_general_WESTERN_COUNTRIES_244,John Green,"['English language', 'eng', 'en', 'English']","[""\nJohn Green's native language is English.""]",ans,1
P103_general_WESTERN_COUNTRIES_246,Franklin Delano Roosevelt,"['en-us', 'United States English', 'eng', 'AmE', 'en', 'U.S. English', 'English language', 'en_us', 'US English', 'American English', 'English (United States)', 'en_US', 'English', 'en-US']","[""\nFranklin Delano Roosevelt's native language was English.""]",ans,1
P103_general_WESTERN_COUNTRIES_248,Keir Starmer,"['English language', 'eng', 'en', 'English']","[""\nKeir Starmer's native language is English.""]",ans,1
P103_general_WESTERN_COUNTRIES_250,Dua Lipa,"['Albanian', 'Shqip', 'Albanian language', 'sq']","[""\nDua Lipa's native language is Albanian.""]",ans,1
P103_general_WESTERN_COUNTRIES_252,Jeff Bezos,"['English language', 'eng', 'en', 'English']","[""\nJeff Bezos's native language is English.""]",ans,1
P103_general_WESTERN_COUNTRIES_254,Nicole Kidman,"['English language', 'eng', 'en', 'English']","[""\nNicole Kidman's native language is English.""]",ans,1
P103_general_WESTERN_COUNTRIES_256,Richard Nixon,"['English language', 'eng', 'en', 'English']","[""\nRichard Nixon's native language was English.""]",ans,1
P103_general_WESTERN_COUNTRIES_258,Ludwig Wittgenstein,"['German', 'de', 'German language']","[""\nLudwig Wittgenstein's native language was German.""]",ans,1
P103_general_WESTERN_COUNTRIES_260,Alex Ferguson,"['English language', 'eng', 'en', 'English']","[""\nAlex Ferguson's native language is Scottish English.""]",ans,1
P103_general_WESTERN_COUNTRIES_262,Liz Truss,"['English language', 'eng', 'en', 'English']","[""\nLiz Truss's native language is English.""]",ans,1
P103_general_WESTERN_COUNTRIES_264,Isaac Asimov,"['Judeo-German', 'yi', 'Ashkenazish language', 'de', 'Yidish-Taitsh', 'Yidish', 'Idish', 'Yiddish language', 'German', 'Yiddish', 'Judaeo-German', 'German language', 'Yidish Taytsh']","['\nIsaac Asimov was born in Petrovichi, Russia, and his native language was Russian.']",ans,0
P103_general_WESTERN_COUNTRIES_266,Sting,"['English language', 'eng', 'en', 'English']","[""\nSting's native language is English.""]",ans,1
P103_general_WESTERN_COUNTRIES_268,Jacques-Louis David,"['French language', 'fra', 'fr', '(fr)', 'French']","['\nJacques-Louis David was born in Paris, France, so his native language was French.']",ans,1
P103_general_WESTERN_COUNTRIES_270,Linda Ronstadt,"['English language', 'eng', 'en', 'English']","[""\nLinda Ronstadt's native language is English.""]",ans,1
P103_general_WESTERN_COUNTRIES_272,Pablo Picasso,"['Spanish language', 'Spanish', 'Español', 'Castilian', 'es', 'Castilian language']","[""\nPablo Picasso's native language was Spanish.""]",ans,1
P103_general_WESTERN_COUNTRIES_274,Benny Leonard,"['English language', 'eng', 'en', 'English']","[""\nBenny Leonard's native language was Yiddish.""]",ans,0
P103_general_WESTERN_COUNTRIES_276,Claude Lévi-Strauss,"['French language', 'fra', 'fr', '(fr)', 'French']","[""\nClaude Lévi-Strauss's native language was French.""]",ans,1
P103_general_WESTERN_COUNTRIES_278,Dick Cheney,"['English language', 'eng', 'en', 'English']","[""\nDick Cheney's native language is English.""]",ans,1
P103_general_WESTERN_COUNTRIES_280,Mike Gravel,"['English language', 'eng', 'en', 'English']","[""\nMike Gravel's native language is English.""]",ans,1
P103_general_WESTERN_COUNTRIES_282,Lana Del Rey,"['English language', 'eng', 'en', 'English']","[""\nLana Del Rey's native language is English.""]",ans,1
P103_general_WESTERN_COUNTRIES_284,"Douglas Haig, 1st Earl Haig","['UK English', 'en_gb', 'British English', 'eng', 'en-gb', 'en', 'English language', 'United Kingdom English', 'English (United Kingdom)', 'en-GB', 'en_GB', 'BrE', 'English']","[""\nDouglas Haig's native language was English.""]",ans,1
P103_general_WESTERN_COUNTRIES_286,50 Cent,"['English language', 'eng', 'en', 'English']","['\nCurtis James Jackson III, better known as 50 Cent, was born in Queens, New York City, United States. His native language is']",ans,0
P103_general_WESTERN_COUNTRIES_288,Justin Trudeau,"['French language', 'eng', 'fra', 'en', 'fr', 'English language', '(fr)', 'French', 'English']","[""\nJustin Trudeau's native language is English.""]",ans,1
P103_general_WESTERN_COUNTRIES_290,Donald Rumsfeld,"['English language', 'eng', 'en', 'English']","[""\nDonald Rumsfeld's native language is English.""]",ans,1
P103_general_WESTERN_COUNTRIES_292,Marion Cotillard,"['French language', 'fra', 'fr', '(fr)', 'French']","[""\nMarion Cotillard's native language is French.""]",ans,1
P103_general_WESTERN_COUNTRIES_294,Mesut Özil,"['German', 'de', 'German language']","[""\nMesut Özil's native language is Turkish.""]",ans,0
P103_general_WESTERN_COUNTRIES_296,Vincenzo De Luca,"['Italian language', 'Italian', 'it', 'Italiano']","[""\nVincenzo De Luca's native language is Italian.""]",ans,1
P103_general_WESTERN_COUNTRIES_298,Kylian Mbappé,"['French language', 'fra', 'fr', '(fr)', 'French']","[""\nKylian Mbappé's native language is French.""]",ans,1
P103_general_WESTERN_COUNTRIES_300,George Soros,"['Hungarian', 'hu', 'Hungarian language']","[""\nGeorge Soros' native language is Hungarian.""]",ans,1
P103_general_WESTERN_COUNTRIES_302,Andrew Jackson,"['English language', 'eng', 'en', 'English']","[""\nAndrew Jackson's native language was English.""]",ans,1
P103_general_WESTERN_COUNTRIES_304,Lewis Milestone,"['English language', 'eng', 'en', 'English']","[""\nLewis Milestone's native language was Russian.""]",ans,0
P103_general_WESTERN_COUNTRIES_306,Frederick Douglass,"['English language', 'eng', 'en', 'English']","['\nFrederick Douglass was born into slavery in Maryland, United States. He did not have a native language as he was not allowed to learn to']",ans,0
P103_general_WESTERN_COUNTRIES_308,Frank Zappa,"['English language', 'eng', 'en', 'English']","[""\nFrank Zappa's native language was English.""]",ans,1
P103_general_WESTERN_COUNTRIES_310,Clint Eastwood,"['English language', 'eng', 'en', 'English']","[""\nClint Eastwood's native language is English.""]",ans,1
P103_general_WESTERN_COUNTRIES_312,Kane,"['English language', 'eng', 'en', 'English']","[""\nKane's native language is English.""]",ans,1
P103_general_WESTERN_COUNTRIES_314,David Attenborough,"['English language', 'eng', 'en', 'English']","[""\nDavid Attenborough's native language is English.""]",ans,1
P103_general_WESTERN_COUNTRIES_316,Juwan Howard,"['English language', 'eng', 'en', 'English']","[""\nJuwan Howard's native language is English.""]",ans,1
P103_general_WESTERN_COUNTRIES_318,Pete Buttigieg,"['English language', 'eng', 'en', 'English']","[""\nPete Buttigieg's native language is English.""]",ans,1
P103_general_WESTERN_COUNTRIES_320,John Adams,"['English language', 'eng', 'en', 'English']","[""\nJohn Adams' native language was English.""]",ans,1
P103_general_WESTERN_COUNTRIES_322,Kim Howe,"['English language', 'eng', 'en', 'English']","[""\nI'm sorry, I cannot provide an answer to that question as Kim Howe is a fictional character and does not have a real-life existence.""]",unk,0
P103_general_WESTERN_COUNTRIES_324,Chris Christie,"['English language', 'eng', 'en', 'English']","[""\nChris Christie's native language is English.""]",ans,1
P103_general_WESTERN_COUNTRIES_326,George H. W. Bush,"['English language', 'eng', 'en', 'English']","[""\nGeorge H. W. Bush's native language is English.""]",ans,1
P103_general_WESTERN_COUNTRIES_328,Kelly Clarkson,"['English language', 'eng', 'en', 'English']","[""\nKelly Clarkson's native language is English.""]",ans,1
P103_general_WESTERN_COUNTRIES_330,Joker,"['en-us', 'United States English', 'eng', 'AmE', 'en', 'U.S. English', 'English language', 'en_us', 'US English', 'American English', 'English (United States)', 'en_US', 'English', 'en-US']","[""\nThe Joker's native language is English.""]",ans,1
P103_general_WESTERN_COUNTRIES_332,Dirk Nowitzki,"['German', 'de', 'German language']","[""\nDirk Nowitzki's native language is German.""]",ans,1
P103_general_WESTERN_COUNTRIES_334,Mauricio Macri,"['Spanish language', 'Spanish', 'Español', 'Castilian', 'es', 'Castilian language']","[""\nMauricio Macri's native language is Spanish.""]",ans,1
P103_general_WESTERN_COUNTRIES_336,Pierre Trudeau,"['French language', 'fra', 'fr', '(fr)', 'French']","[""\nPierre Trudeau's native language was French.""]",ans,1
P103_general_WESTERN_COUNTRIES_338,Adolphe Thiers,"['French language', 'fra', 'fr', '(fr)', 'French']","[""\nAdolphe Thiers' native language was French.""]",ans,1
P103_general_WESTERN_COUNTRIES_340,Gerald Ford,"['English language', 'eng', 'en', 'English']","[""\nGerald Ford's native language was English.""]",ans,1
P103_general_WESTERN_COUNTRIES_342,Stephen Colbert,"['English language', 'eng', 'en', 'English']","[""\nStephen Colbert's native language is English.""]",ans,1
P103_general_WESTERN_COUNTRIES_344,Quentin Tarantino,"['English language', 'eng', 'en', 'English']","[""\nQuentin Tarantino's native language is English.""]",ans,1
P103_general_WESTERN_COUNTRIES_346,Alice Cooper,"['English language', 'eng', 'en', 'English']","[""\nAlice Cooper's native language is English.""]",ans,1
P103_general_WESTERN_COUNTRIES_348,Captain Marvel,"['en-us', 'United States English', 'eng', 'AmE', 'en', 'U.S. English', 'English language', 'en_us', 'US English', 'American English', 'English (United States)', 'en_US', 'English', 'en-US']","[""\nCaptain Marvel's native language is Kree.""]",ans,0
P103_general_WESTERN_COUNTRIES_350,Mina,"['Italian language', 'Italian', 'it', 'Italiano']","[""\nI'm sorry, I cannot answer that question as Mina is a fictional character and does not have a specific native language.""]",unk,0
P103_general_WESTERN_COUNTRIES_352,Kevin Durant,"['English language', 'eng', 'en', 'English']","[""\nKevin Durant's native language is English.""]",ans,1
P103_general_WESTERN_COUNTRIES_354,Bill Russell,"['English language', 'eng', 'en', 'English']","[""\nBill Russell's native language is English.""]",ans,1
P103_general_WESTERN_COUNTRIES_356,John Morrison,"['English language', 'eng', 'en', 'English']","[""\nJohn Morrison's native language is English.""]",ans,1
P103_general_WESTERN_COUNTRIES_358,Jacqueline Kennedy Onassis,"['en-us', 'United States English', 'eng', 'AmE', 'en', 'U.S. English', 'English language', 'en_us', 'US English', 'American English', 'English (United States)', 'en_US', 'English', 'en-US']","[""\nJacqueline Kennedy Onassis's native language was English.""]",ans,1
P103_general_WESTERN_COUNTRIES_360,Eugène Delacroix,"['French language', 'fra', 'fr', '(fr)', 'French']","['\nEugène Delacroix was born in Charenton-Saint-Maurice, France, so his native language']",ans,0
P103_general_WESTERN_COUNTRIES_362,Olivier Giroud,"['French language', 'fra', 'fr', '(fr)', 'French']","[""\nOlivier Giroud's native language is French.""]",ans,1
P103_general_WESTERN_COUNTRIES_364,Joseph Joffre,"['Valencian language', 'Valencià', 'Català', 'Valencian', 'Catalan', 'Catalan-Valencian-Balearic', 'Catalan language', 'ca']",['\nJoseph Joffre was a French military officer and the commander-in-chief of the French armies during World War I. His native language'],ans,0
P103_general_WESTERN_COUNTRIES_366,John Mayer,"['English language', 'eng', 'en', 'English']","[""\nJohn Mayer's native language is English.""]",ans,1
P103_general_WESTERN_COUNTRIES_368,Leopold I of Belgium,"['French language', 'fra', 'fr', '(fr)', 'French']","['\nLeopold I of Belgium was born in Brussels, which was then part of the Austrian Empire, and his native language was German.']",ans,0
P103_general_WESTERN_COUNTRIES_370,Mike Pompeo,"['English language', 'eng', 'en', 'English']","[""\nMike Pompeo's native language is English.""]",ans,1
P103_general_WESTERN_COUNTRIES_372,Paul Wight,"['English language', 'eng', 'en', 'English']","[""\nPaul Wight's native language is English.""]",ans,1
P103_general_WESTERN_COUNTRIES_374,Zico,"['pt', 'Portuguese', 'Portuguese language']","[""\nZico's native language is Korean.""]",ans,0
P103_general_WESTERN_COUNTRIES_376,Simone Biles,"['en-us', 'United States English', 'eng', 'AmE', 'en', 'U.S. English', 'English language', 'en_us', 'US English', 'American English', 'English (United States)', 'en_US', 'English', 'en-US']","[""\nSimone Biles' native language is English.""]",ans,1
P103_general_WESTERN_COUNTRIES_378,Jacques Ellul,"['French language', 'fra', 'fr', '(fr)', 'French']","[""\nJacques Ellul's native language was French.""]",ans,1
P103_general_WESTERN_COUNTRIES_380,Brian May,"['English language', 'eng', 'en', 'English']","[""\nBrian May's native language is English.""]",ans,1
P103_general_WESTERN_COUNTRIES_382,Louis Guilloux,"['French language', 'fra', 'fr', '(fr)', 'French']","[""\nLouis Guilloux's native language was French.""]",ans,1
P103_general_WESTERN_COUNTRIES_384,Mervyn LeRoy,"['English language', 'eng', 'en', 'English']","[""\nMervyn LeRoy's native language was English.""]",ans,1
P103_general_WESTERN_COUNTRIES_386,Carmelo Anthony,"['English language', 'eng', 'en', 'English']","[""\nCarmelo Anthony's native language is English.""]",ans,1
P103_general_WESTERN_COUNTRIES_388,Brad Pitt,"['en-us', 'United States English', 'eng', 'AmE', 'en', 'U.S. English', 'English language', 'en_us', 'US English', 'American English', 'English (United States)', 'en_US', 'English', 'en-US']","[""\nBrad Pitt's native language is English.""]",ans,1
P103_general_WESTERN_COUNTRIES_390,Moby,"['en-us', 'United States English', 'eng', 'AmE', 'en', 'U.S. English', 'English language', 'en_us', 'US English', 'American English', 'English (United States)', 'en_US', 'English', 'en-US']","[""\nMoby's native language is English.""]",ans,1
P103_general_WESTERN_COUNTRIES_392,Najat Vallaud-Belkacem,"['Rif Berber', 'Berber language', 'Berber languages', 'Riffian', 'Tamazight', 'Amazigh', 'Rifian Berber', 'Riffian Berber', 'Rif', 'حمار', 'ber', 'Rifian language', 'Tharifith', 'Riffian language', 'rif', 'Tmaziɣt', 'Berber']","[""\nNajat Vallaud-Belkacem's native language is French.""]",ans,0
P103_general_WESTERN_COUNTRIES_394,Jay-Z,"['English language', 'eng', 'en', 'English']","[""\nJay-Z's native language is American English.""]",ans,1
P103_general_WESTERN_COUNTRIES_396,Morgan Freeman,"['English language', 'eng', 'en', 'English']","[""\nMorgan Freeman's native language is English.""]",ans,1
P103_general_WESTERN_COUNTRIES_398,Ron Paul,"['English language', 'eng', 'en', 'English']","[""\nRon Paul's native language is English.""]",ans,1
P103_general_WESTERN_COUNTRIES_400,Robert Pattinson,"['UK English', 'en_gb', 'British English', 'eng', 'en-gb', 'en', 'English language', 'United Kingdom English', 'English (United Kingdom)', 'en-GB', 'en_GB', 'BrE', 'English']","[""\nRobert Pattinson's native language is English.""]",ans,1
P103_general_WESTERN_COUNTRIES_402,Bobby Lashley,"['English language', 'eng', 'en', 'English']","[""\nBobby Lashley's native language is English.""]",ans,1
P103_general_WESTERN_COUNTRIES_404,Mehmet Oz,"['Anatolian Turkish', 'Türkçe', 'tur', 'Istanbul Turkish', 'eng', 'Turkish language', 'Turkic languages', 'en', 'English language', 'Turkish of Turkey', 'tr', 'Turkish', 'Turkic', 'English', 'trk']","[""\nMehmet Oz's native language is Turkish.""]",ans,1
P103_general_WESTERN_COUNTRIES_406,Richard Blumenthal,"['en-us', 'United States English', 'eng', 'AmE', 'en', 'U.S. English', 'English language', 'en_us', 'US English', 'American English', 'English (United States)', 'en_US', 'English', 'en-US']","[""\nRichard Blumenthal's native language is English.""]",ans,1
P103_general_WESTERN_COUNTRIES_408,Jonathan Groff,"['en-us', 'United States English', 'eng', 'AmE', 'en', 'U.S. English', 'English language', 'en_us', 'US English', 'American English', 'English (United States)', 'en_US', 'English', 'en-US']","[""\nJonathan Groff's native language is English.""]",ans,1
P103_general_WESTERN_COUNTRIES_410,T.I.,"['English language', 'eng', 'en', 'English']","[""\nT.I.'s native language is English.""]",ans,1
P103_general_WESTERN_COUNTRIES_412,David Lynch,"['en-us', 'United States English', 'eng', 'AmE', 'en', 'U.S. English', 'English language', 'en_us', 'US English', 'American English', 'English (United States)', 'en_US', 'English', 'en-US']","[""\nDavid Lynch's native language is English.""]",ans,1
P103_general_WESTERN_COUNTRIES_414,Oprah Winfrey,"['English language', 'eng', 'en', 'English']","[""\nOprah Winfrey's native language is English.""]",ans,1
P103_general_WESTERN_COUNTRIES_416,John Terry,"['English language', 'eng', 'en', 'English']","[""\nJohn Terry's native language is English.""]",ans,1
P103_general_WESTERN_COUNTRIES_418,Jessica Chastain,"['English language', 'eng', 'en', 'English']","[""\nJessica Chastain's native language is English.""]",ans,1
P103_general_WESTERN_COUNTRIES_420,Paul Robeson,"['English language', 'eng', 'en', 'English']","[""\nPaul Robeson's native language was English.""]",ans,1
P103_general_WESTERN_COUNTRIES_422,Pau Gasol,"['Valencian language', 'Valencià', 'Català', 'Valencian', 'Catalan', 'Catalan-Valencian-Balearic', 'Catalan language', 'ca']","[""\nPau Gasol's native language is Spanish.""]",ans,0
P103_general_WESTERN_COUNTRIES_424,Cary Grant,"['English language', 'eng', 'en', 'English']","[""\nCary Grant's native language was English.""]",ans,1
P103_general_WESTERN_COUNTRIES_426,Tupac Shakur,"['English language', 'eng', 'en', 'English']","[""\nTupac Shakur's native language was English.""]",ans,1
P103_general_WESTERN_COUNTRIES_428,Princess Anne Élisabeth of France,"['French language', 'fra', 'fr', '(fr)', 'French']","['\nPrincess Anne Élisabeth of France was born in 1666 in Paris, France. Therefore, her native language was French']",ans,1
P103_general_WESTERN_COUNTRIES_430,Michelle Obama,"['English language', 'eng', 'en', 'English']","[""\nMichelle Obama's native language is English.""]",ans,1
P103_general_WESTERN_COUNTRIES_432,Natalie Portman,"['United States English', 'eng', 'en', 'U.S. English', 'English language', 'English (United States)', 'English', 'Hebrew', 'Ivrit', 'en-us', 'Iwrit', 'AmE', 'Hebrew language', 'US English', 'en_US', 'en-US', 'heb', 'he', 'en_us', 'American English', 'Jewish language']","[""\nNatalie Portman's native language is Hebrew.""]",ans,1
P103_general_WESTERN_COUNTRIES_434,Gary Johnson,"['English language', 'eng', 'en', 'English']","[""\nGary Johnson's native language is English.""]",ans,1
P103_general_WESTERN_COUNTRIES_436,Sean Hannity,"['English language', 'eng', 'en', 'English']","[""\nSean Hannity's native language is English.""]",ans,1
P103_general_WESTERN_COUNTRIES_438,Sara Errani,"['Italian language', 'Italian', 'it', 'Italiano']","[""\nSara Errani's native language is Italian.""]",ans,1
P103_general_WESTERN_COUNTRIES_440,Marion Maréchal,"['French language', 'fra', 'fr', '(fr)', 'French']","[""\nMarion Maréchal's native language is French.""]",ans,1
P103_general_WESTERN_COUNTRIES_442,Woodrow Wilson,"['English language', 'eng', 'en', 'English']","[""\nWoodrow Wilson's native language was English.""]",ans,1
P103_general_WESTERN_COUNTRIES_444,Keanu Reeves,"['English language', 'eng', 'en', 'English']","[""\nKeanu Reeves' native language is English.""]",ans,1
P103_general_WESTERN_COUNTRIES_446,Jimmy Wales,"['en-us', 'United States English', 'eng', 'AmE', 'en', 'U.S. English', 'English language', 'en_us', 'US English', 'American English', 'English (United States)', 'en_US', 'English', 'en-US']","[""\nJimmy Wales' native language is English.""]",ans,1
P103_general_WESTERN_COUNTRIES_448,Georges Danton,"['French language', 'fra', 'fr', '(fr)', 'French']",['\nGeorges Danton was a French revolutionary leader and his native language was French.'],ans,1
P103_general_WESTERN_COUNTRIES_450,Barbara Gordon,"['en-us', 'United States English', 'eng', 'AmE', 'en', 'U.S. English', 'English language', 'en_us', 'US English', 'American English', 'English (United States)', 'en_US', 'English', 'en-US']","[""\nBarbara Gordon's native language is English.""]",ans,1
P103_general_WESTERN_COUNTRIES_452,René Descartes,"['French language', 'fra', 'fr', '(fr)', 'French']","['\nRené Descartes was born in La Haye, Touraine, France, so his native language was French.']",ans,1
P103_general_WESTERN_COUNTRIES_454,Émile Zola,"['French language', 'fra', 'fr', '(fr)', 'French']","[""\nÉmile Zola's native language was French.""]",ans,1
P103_general_WESTERN_COUNTRIES_456,Leopold II of Belgium,"['French language', 'fra', 'fr', '(fr)', 'French']","['\nLeopold II of Belgium was born in Brussels, which was then part of the United Kingdom of the Netherlands. His native language was Dutch.']",ans,0
P103_general_WESTERN_COUNTRIES_458,George Martin,"['English language', 'eng', 'en', 'English']","[""\nGeorge Martin's native language is English.""]",ans,1
P103_general_WESTERN_COUNTRIES_460,Serge Gainsbourg,"['French language', 'fra', 'fr', '(fr)', 'French']","[""\nSerge Gainsbourg's native language was French.""]",ans,1
P103_general_WESTERN_COUNTRIES_462,Lil Wayne,"['English language', 'eng', 'en', 'English']","[""\nLil Wayne's native language is English.""]",ans,1
P103_general_WESTERN_COUNTRIES_464,Stephen Fry,"['English language', 'eng', 'en', 'English']","[""\nStephen Fry's native language is English.""]",ans,1
P103_general_WESTERN_COUNTRIES_466,Charles Marie René Leconte de Lisle,"['French language', 'fra', 'fr', '(fr)', 'French']",['\nCharles Marie René Leconte de Lisle was a French poet and translator. His native language was French.'],ans,1
P103_general_WESTERN_COUNTRIES_468,Robin Williams,"['English language', 'eng', 'en', 'English']","[""\nRobin Williams' native language was English.""]",ans,1
P103_general_WESTERN_COUNTRIES_470,Hall Caine,"['English language', 'eng', 'en', 'English']","['\nHall Caine was born in the Isle of Man, which is a British Crown dependency. Therefore, his native language was English.']",ans,1
P103_general_WESTERN_COUNTRIES_472,Magic Johnson,"['English language', 'eng', 'en', 'English']","[""\nMagic Johnson's native language is English.""]",ans,1
P103_general_WESTERN_COUNTRIES_474,Ronda Rousey,"['English language', 'eng', 'en', 'English']","[""\nRonda Rousey's native language is English.""]",ans,1
P103_general_WESTERN_COUNTRIES_476,Selena,"['en-us', 'United States English', 'eng', 'AmE', 'en', 'U.S. English', 'English language', 'en_us', 'US English', 'American English', 'English (United States)', 'en_US', 'English', 'en-US']","[""\nSelena's native language was English.""]",ans,1
P103_general_WESTERN_COUNTRIES_478,Johanna Konta,"['Hungarian language', 'eng', 'hu', 'en', 'English language', 'Hungarian', 'English']","[""\nJohanna Konta's native language is Hungarian.""]",ans,1
P103_general_WESTERN_COUNTRIES_480,Carlo Ancelotti,"['Italian language', 'Italian', 'it', 'Italiano']","[""\nCarlo Ancelotti's native language is Italian.""]",ans,1
P103_general_WESTERN_COUNTRIES_482,Sébastien Le Prestre de Vauban,"['French language', 'fra', 'fr', '(fr)', 'French']",['\nSébastien Le Prestre de Vauban was born in Saint-Léger-de-'],ans,0
P103_general_WESTERN_COUNTRIES_484,Austrians,"['German', 'de', 'German language']",['\nThe native language of Austrians is German.'],ans,1
P103_general_WESTERN_COUNTRIES_486,Eleanor Roosevelt,"['en-us', 'United States English', 'eng', 'AmE', 'en', 'U.S. English', 'English language', 'en_us', 'US English', 'American English', 'English (United States)', 'en_US', 'English', 'en-US']","[""\nEleanor Roosevelt's native language was English.""]",ans,1
P103_general_WESTERN_COUNTRIES_488,Aaliyah,"['English language', 'eng', 'en', 'English']","[""\nAaliyah's native language was English.""]",ans,1
P103_general_WESTERN_COUNTRIES_490,Seth MacFarlane,"['English language', 'eng', 'en', 'English']","[""\nSeth MacFarlane's native language is English.""]",ans,1
P103_general_WESTERN_COUNTRIES_492,Jean Marais,"['French language', 'fra', 'fr', '(fr)', 'French']",['\nJean Marais was a French actor and writer. His native language was French.'],ans,1
P103_general_WESTERN_COUNTRIES_494,Jennifer Lawrence,"['English language', 'eng', 'en', 'English']","[""\nJennifer Lawrence's native language is English.""]",ans,1
P103_general_WESTERN_COUNTRIES_496,Sebastian Kurz,"['Austrian-German', 'Austria/Language', 'de-at', 'Austrian accent', 'Austrian German', 'Austrian Standard German', 'Austrian German language', 'de', 'German', 'Austrian Dialect', 'de_AT', 'German language', 'Austrian language', 'AustriaLanguage', 'österreichisches Deutsch']","[""\nSebastian Kurz's native language is German.""]",ans,1
P103_general_WESTERN_COUNTRIES_498,Paolo Villaggio,"['Italian language', 'Italian', 'it', 'Italiano']","[""\nPaolo Villaggio's native language is Italian.""]",ans,1
P103_general_WESTERN_COUNTRIES_500,William Howard Taft,"['English language', 'eng', 'en', 'English']","[""\nWilliam Howard Taft's native language was English.""]",ans,1
P103_general_WESTERN_COUNTRIES_502,Bertrand Russell,"['English language', 'eng', 'en', 'English']","[""\nBertrand Russell's native language was English.""]",ans,1
P103_general_WESTERN_COUNTRIES_504,Julianne Moore,"['English language', 'eng', 'en', 'English']","[""\nJulianne Moore's native language is English.""]",ans,1
P103_general_WESTERN_COUNTRIES_506,John Tyler,"['English language', 'eng', 'en', 'English']","['\nJohn Tyler was born in Charles City County, Virginia, which was then part of the British Empire. His native language was English.']",ans,1
P103_general_WESTERN_COUNTRIES_508,Alan Moore,"['English language', 'eng', 'en', 'English']","[""\nAlan Moore's native language is English.""]",ans,1
P103_general_WESTERN_COUNTRIES_510,Jean Jacques Régis de Cambacérès,"['French language', 'fra', 'fr', '(fr)', 'French']","[""\nJean Jacques Régis de Cambacérès's native language was French.""]",ans,1
P103_general_WESTERN_COUNTRIES_512,Dennis Rodman,"['English language', 'eng', 'en', 'English']","[""\nDennis Rodman's native language is English.""]",ans,1
P103_general_WESTERN_COUNTRIES_514,Karl-Theodor zu Guttenberg,"['German', 'de', 'German language']","[""\nKarl-Theodor zu Guttenberg's native language is German.""]",ans,1
P103_general_WESTERN_COUNTRIES_516,Hilary Duff,"['English language', 'eng', 'en', 'English']","[""\nHilary Duff's native language is English.""]",ans,1
P103_general_WESTERN_COUNTRIES_518,Thomas Tuchel,"['German', 'de', 'German language']","[""\nThomas Tuchel's native language is German.""]",ans,1
P103_general_WESTERN_COUNTRIES_520,Jean-Michel Charlier,"['French language', 'fra', 'fr', '(fr)', 'French']",['\nJean-Michel Charlier was a Belgian comic book writer and artist. His native language was French.'],ans,1
P103_general_WESTERN_COUNTRIES_522,Anne Heche,"['English language', 'eng', 'en', 'English']","[""\nAnne Heche's native language is English.""]",ans,1
P103_general_WESTERN_COUNTRIES_524,Alexander Graham Bell,"['English language', 'eng', 'en', 'English']","['\nAlexander Graham Bell was born in Edinburgh, Scotland, so his native language was Scottish English.']",ans,1
P103_general_WESTERN_COUNTRIES_526,Stendhal,"['French language', 'fra', 'fr', '(fr)', 'French']","[""\nStendhal's native language was French.""]",ans,1
P103_general_WESTERN_COUNTRIES_528,Nicole Scherzinger,"['English language', 'eng', 'en', 'English']","[""\nNicole Scherzinger's native language is English.""]",ans,1
P103_general_WESTERN_COUNTRIES_530,Barbra Streisand,"['English language', 'eng', 'en', 'English']","[""\nBarbra Streisand's native language is English.""]",ans,1
P103_general_WESTERN_COUNTRIES_532,Lil' Kim,"['English language', 'eng', 'en', 'English']","[""\nLil' Kim's native language is English.""]",ans,1
P103_general_WESTERN_COUNTRIES_534,Jackie Chan,"['Mandarin', 'Mandarin Chinese']","[""\nJackie Chan's native language is Cantonese.""]",ans,0
P103_general_WESTERN_COUNTRIES_536,Alan Turing,"['English language', 'eng', 'en', 'English']","['\nAlan Turing was born in London, England and his native language was English.']",ans,1
P103_general_WESTERN_COUNTRIES_538,Eric Garcetti,"['English language', 'eng', 'en', 'English']","[""\nEric Garcetti's native language is English.""]",ans,1
P103_general_WESTERN_COUNTRIES_540,"Prince Philip, Duke of Edinburgh","['English language', 'eng', 'en', 'English']","[""\nPrince Philip's native language is English.""]",ans,1
P103_general_WESTERN_COUNTRIES_542,Rick Scott,"['English language', 'eng', 'en', 'English']","[""\nRick Scott's native language is English.""]",ans,1
P103_general_WESTERN_COUNTRIES_544,Stevie Nicks,"['English language', 'eng', 'en', 'English']","[""\nStevie Nicks' native language is English.""]",ans,1
P103_general_WESTERN_COUNTRIES_546,Willie Nelson,"['English language', 'eng', 'en', 'English']","[""\nWillie Nelson's native language is English.""]",ans,1
P103_general_WESTERN_COUNTRIES_548,Cecil B. DeMille,"['English language', 'eng', 'en', 'English']","[""\nCecil B. DeMille's native language was English.""]",ans,1
P103_general_WESTERN_COUNTRIES_550,Anarky,"['en-us', 'United States English', 'eng', 'AmE', 'en', 'U.S. English', 'English language', 'en_us', 'US English', 'American English', 'English (United States)', 'en_US', 'English', 'en-US']","[""\nAnarky's native language is English.""]",ans,1
P103_general_WESTERN_COUNTRIES_552,James K. Polk,"['English language', 'eng', 'en', 'English']","[""\nJames K. Polk's native language was English.""]",ans,1
P103_general_WESTERN_COUNTRIES_554,Mark Zuckerberg,"['English language', 'eng', 'en', 'English']","[""\nMark Zuckerberg's native language is English.""]",ans,1
P103_general_WESTERN_COUNTRIES_556,Éric Rohmer,"['French language', 'fra', 'fr', '(fr)', 'French']","[""\nÉric Rohmer's native language was French.""]",ans,1
P103_general_WESTERN_COUNTRIES_558,Marilyn Monroe,"['en-us', 'United States English', 'eng', 'AmE', 'en', 'U.S. English', 'English language', 'en_us', 'US English', 'American English', 'English (United States)', 'en_US', 'English', 'en-US']","[""\nMarilyn Monroe's native language was English.""]",ans,1
P103_general_WESTERN_COUNTRIES_560,Stephen King,"['English language', 'eng', 'en', 'English']","[""\nStephen King's native language is English.""]",ans,1
P103_general_WESTERN_COUNTRIES_562,Jean-Michel Basquiat,"['English language', 'eng', 'en', 'English']","['\nJean-Michel Basquiat was born in Brooklyn, New York City, to a Haitian father and a Puerto Rican mother.']",ans,0
P103_general_WESTERN_COUNTRIES_564,Colleen Ballinger,"['English language', 'eng', 'en', 'English']","[""\nColleen Ballinger's native language is English.""]",ans,1
P103_general_WESTERN_COUNTRIES_566,Warren G. Harding,"['English language', 'eng', 'en', 'English']","[""\nWarren G. Harding's native language was English.""]",ans,1
P103_general_WESTERN_COUNTRIES_568,Louis-Ferdinand Céline,"['French language', 'fra', 'fr', '(fr)', 'French']","[""\nLouis-Ferdinand Céline's native language was French.""]",ans,1
P103_general_WESTERN_COUNTRIES_570,Michel Foucault,"['French language', 'fra', 'fr', '(fr)', 'French']","[""\nMichel Foucault's native language was French.""]",ans,1
P103_general_WESTERN_COUNTRIES_572,Christopher Hitchens,"['UK English', 'en_gb', 'British English', 'eng', 'en-gb', 'en', 'English language', 'United Kingdom English', 'English (United Kingdom)', 'en-GB', 'en_GB', 'BrE', 'English']","['\nChristopher Hitchens was born in Portsmouth, England and his native language was English.']",ans,1
P103_general_WESTERN_COUNTRIES_574,William Morris,"['English language', 'eng', 'en', 'English']","['\nWilliam Morris was born in Walthamstow, England, so his native language was English.']",ans,1
P103_general_WESTERN_COUNTRIES_576,Rishi Sunak,"['English language', 'eng', 'en', 'English']","[""\nRishi Sunak's native language is English.""]",ans,1
P103_general_WESTERN_COUNTRIES_578,François Truffaut,"['French language', 'fra', 'fr', '(fr)', 'French']","[""\nFrançois Truffaut's native language was French.""]",ans,1
P103_general_WESTERN_COUNTRIES_580,John Fetterman,"['en-us', 'United States English', 'eng', 'AmE', 'en', 'U.S. English', 'English language', 'en_us', 'US English', 'American English', 'English (United States)', 'en_US', 'English', 'en-US']","[""\nJohn Fetterman's native language is English.""]",ans,1
P103_general_WESTERN_COUNTRIES_582,Sarah Michelle Gellar,"['English language', 'eng', 'en', 'English']","[""\nSarah Michelle Gellar's native language is English.""]",ans,1
P103_general_WESTERN_COUNTRIES_584,Emma Watson,"['UK English', 'en_gb', 'British English', 'eng', 'en-gb', 'en', 'English language', 'United Kingdom English', 'English (United Kingdom)', 'en-GB', 'en_GB', 'BrE', 'English']","[""\nEmma Watson's native language is English.""]",ans,1
P103_general_WESTERN_COUNTRIES_586,Chance the Rapper,"['English language', 'eng', 'en', 'English']","[""\nChance the Rapper's native language is English.""]",ans,1
P103_general_WESTERN_COUNTRIES_588,James A. Garfield,"['English language', 'eng', 'en', 'English']","[""\nJames A. Garfield's native language was English.""]",ans,1
P103_general_WESTERN_COUNTRIES_590,Tom Daley,"['English language', 'eng', 'en', 'English']","[""\nTom Daley's native language is English.""]",ans,1
P103_general_WESTERN_COUNTRIES_592,Helen Clark,"['English language', 'eng', 'en', 'English']","[""\nHelen Clark's native language is English.""]",ans,1
P103_general_WESTERN_COUNTRIES_594,Alberto Giacometti,"['Italian language', 'Italian', 'it', 'Italiano']","['\nAlberto Giacometti was born in Borgonovo, Switzerland, so his native language was Swiss German.']",ans,0
P103_general_WESTERN_COUNTRIES_596,Steve Blum,"['Spanish language', 'Spanish', 'eng', 'Español', 'Castilian', 'es', 'Castilian language', 'English language', 'en', 'English']","[""\nSteve Blum's native language is English.""]",ans,1
P103_general_WESTERN_COUNTRIES_598,Oliver Cromwell,"['English language', 'eng', 'en', 'English']","[""\nOliver Cromwell's native language was English.""]",ans,1
P103_general_WESTERN_COUNTRIES_600,James Baldwin,"['en-us', 'United States English', 'eng', 'AmE', 'en', 'U.S. English', 'English language', 'en_us', 'US English', 'American English', 'English (United States)', 'en_US', 'English', 'en-US']","[""\nJames Baldwin's native language was English.""]",ans,1
P103_general_WESTERN_COUNTRIES_602,Ike Turner,"['English language', 'eng', 'en', 'English']","[""\nIke Turner's native language was English.""]",ans,1
P103_general_WESTERN_COUNTRIES_604,Louis Saha,"['French language', 'fra', 'fr', '(fr)', 'French']","[""\nLouis Saha's native language is French.""]",ans,1
P103_general_WESTERN_COUNTRIES_606,Tracey Emin,"['English language', 'eng', 'en', 'English']","['\nTracey Emin was born in London, England, so her native language is English.']",ans,1
P103_general_WESTERN_COUNTRIES_608,Romano Prodi,"['Italian language', 'Italian', 'it', 'Italiano']","[""\nRomano Prodi's native language is Italian.""]",ans,1
P103_general_WESTERN_COUNTRIES_610,Christian Bale,"['UK English', 'en_gb', 'British English', 'eng', 'en-gb', 'en', 'English language', 'United Kingdom English', 'English (United Kingdom)', 'en-GB', 'en_GB', 'BrE', 'English']","[""\nChristian Bale's native language is English.""]",ans,1
P103_general_WESTERN_COUNTRIES_612,Gabriel Matzneff,"['French language', 'fra', 'fr', '(fr)', 'French']","[""\nGabriel Matzneff's native language is French.""]",ans,1
P103_general_WESTERN_COUNTRIES_614,Helmut Kohl,"['German', 'de', 'German language']","[""\nHelmut Kohl's native language was German.""]",ans,1
P103_general_WESTERN_COUNTRIES_616,Tammy Wynette,"['English language', 'eng', 'en', 'English']","[""\nTammy Wynette's native language was English.""]",ans,1
P103_general_WESTERN_COUNTRIES_618,Kirsten Gillibrand,"['English language', 'eng', 'en', 'English']","[""\nKirsten Gillibrand's native language is English.""]",ans,1
P103_general_WESTERN_COUNTRIES_620,Emma Stone,"['Spanish language', 'Spanish', 'Español', 'Castilian', 'es', 'Castilian language']","[""\nEmma Stone's native language is English.""]",ans,0
P103_general_WESTERN_COUNTRIES_622,James Harden,"['English language', 'eng', 'en', 'English']","[""\nJames Harden's native language is English.""]",ans,1
P103_general_WESTERN_COUNTRIES_624,John Quincy Adams,"['English language', 'eng', 'en', 'English']","[""\nJohn Quincy Adams' native language was English.""]",ans,1
P103_general_WESTERN_COUNTRIES_626,Nick Jonas,"['en-us', 'United States English', 'eng', 'AmE', 'en', 'U.S. English', 'English language', 'en_us', 'US English', 'American English', 'English (United States)', 'en_US', 'English', 'en-US']","[""\nNick Jonas's native language is English.""]",ans,1
P103_general_WESTERN_COUNTRIES_628,Brandy Norwood,"['English language', 'eng', 'en', 'English']","[""\nBrandy Norwood's native language is English.""]",ans,1
P103_general_WESTERN_COUNTRIES_630,Richard Feynman,"['English language', 'eng', 'en', 'English']","[""\nRichard Feynman's native language was English.""]",ans,1
P103_general_WESTERN_COUNTRIES_632,Oscar Isaac,"['Spanish language', 'Spanish', 'Español', 'Castilian', 'es', 'Castilian language']","[""\nOscar Isaac's native language is Spanish.""]",ans,1
P103_general_WESTERN_COUNTRIES_634,Romain Grosjean,"['French language', 'fra', 'fr', '(fr)', 'French']","[""\nRomain Grosjean's native language is French.""]",ans,1
P103_general_WESTERN_COUNTRIES_636,Nancy Reagan,"['English language', 'eng', 'en', 'English']","[""\nNancy Reagan's native language was English.""]",ans,1
P103_general_WESTERN_COUNTRIES_638,Troy Baker,"['English language', 'eng', 'en', 'English']","[""\nTroy Baker's native language is English.""]",ans,1
P103_general_WESTERN_COUNTRIES_640,J.B. Pritzker,"['en-us', 'United States English', 'eng', 'AmE', 'en', 'U.S. English', 'English language', 'en_us', 'US English', 'American English', 'English (United States)', 'en_US', 'English', 'en-US']","[""\nJ.B. Pritzker's native language is English.""]",ans,1
P103_general_WESTERN_COUNTRIES_642,Alexander Rossi,"['English language', 'eng', 'en', 'English']","[""\nAlexander Rossi's native language is English.""]",ans,1
P103_general_WESTERN_COUNTRIES_644,Henri Giraud,"['French language', 'fra', 'fr', '(fr)', 'French']","['\nHenri Giraud was a French general and politician. Therefore, his native language was French.']",ans,1
P103_general_WESTERN_COUNTRIES_646,Victor Emmanuel III of Savoy,"['Italian language', 'Italian', 'it', 'Italiano']","[""\nVictor Emmanuel III of Savoy's native language was Italian.""]",ans,1
P103_general_WESTERN_COUNTRIES_648,Salvador Dalí,"['Valencian language', 'Valencià', 'Català', 'Valencian', 'Catalan', 'Catalan-Valencian-Balearic', 'Catalan language', 'ca']","[""\nSalvador Dalí's native language was Catalan.""]",ans,1
P103_general_WESTERN_COUNTRIES_650,Reba McEntire,"['English language', 'eng', 'en', 'English']","[""\nReba McEntire's native language is English.""]",ans,1
P103_general_WESTERN_COUNTRIES_652,Kyrie Irving,"['English language', 'eng', 'en', 'English']","[""\nKyrie Irving's native language is English.""]",ans,1
P103_general_WESTERN_COUNTRIES_654,Jacques Chaban-Delmas,"['French language', 'fra', 'fr', '(fr)', 'French']","[""\nJacques Chaban-Delmas's native language was French.""]",ans,1
P103_general_WESTERN_COUNTRIES_656,Michelle Williams,"['English language', 'eng', 'en', 'English']","[""\nMichelle Williams' native language is English.""]",ans,1
P103_general_WESTERN_COUNTRIES_658,Charles Barkley,"['English language', 'eng', 'en', 'English']","[""\nCharles Barkley's native language is English.""]",ans,1
P103_general_WESTERN_COUNTRIES_660,John Wayne,"['English language', 'eng', 'en', 'English']","[""\nJohn Wayne's native language was English.""]",ans,1
P103_general_WESTERN_COUNTRIES_662,Kevin Smith,"['English language', 'eng', 'en', 'English']","[""\nKevin Smith's native language is English.""]",ans,1
P103_general_WESTERN_COUNTRIES_664,James Madison,"['English language', 'eng', 'en', 'English']","[""\nJames Madison's native language was English.""]",ans,1
P103_general_WESTERN_COUNTRIES_666,Neel Sethi,"['English language', 'eng', 'en', 'English']",['\nNeel Sethi is an American actor and voice actor. He is of Indian descent and speaks Hindi as his native language.'],ans,0
P103_general_WESTERN_COUNTRIES_668,Katharine Hepburn,"['English language', 'eng', 'en', 'English']","[""\nKatharine Hepburn's native language was English.""]",ans,1
P103_general_WESTERN_COUNTRIES_670,Timothy Leary,"['English language', 'eng', 'en', 'English']",['\nTimothy Leary was born in the United States and his native language is English.'],ans,1
P103_general_WESTERN_COUNTRIES_672,Stephenie Meyer,"['en-us', 'United States English', 'eng', 'AmE', 'en', 'U.S. English', 'English language', 'en_us', 'US English', 'American English', 'English (United States)', 'en_US', 'English', 'en-US']","[""\nStephenie Meyer's native language is English.""]",ans,1
P103_general_WESTERN_COUNTRIES_674,Louis Althusser,"['French language', 'fra', 'fr', '(fr)', 'French']","[""\nLouis Althusser's native language was French.""]",ans,1
P103_general_WESTERN_COUNTRIES_676,Albert Camus,"['French language', 'fra', 'fr', '(fr)', 'French']",['\nAlbert Camus was born in Algeria and his native language was French.'],ans,1
P103_general_WESTERN_COUNTRIES_678,André Ventura,"['pt', 'Portuguese', 'Portuguese language']","[""\nAndré Ventura's native language is Portuguese.""]",ans,1
P103_general_WESTERN_COUNTRIES_680,Felipe VI of Spain,"['Spanish language', 'Spanish', 'Español', 'Castilian', 'es', 'Castilian language']","[""\nFelipe VI of Spain's native language is Spanish.""]",ans,1
P103_general_WESTERN_COUNTRIES_682,Thom Yorke,"['English language', 'eng', 'en', 'English']","[""\nThom Yorke's native language is English.""]",ans,1
P103_general_WESTERN_COUNTRIES_684,Chris Paul,"['English language', 'eng', 'en', 'English']","[""\nChris Paul's native language is English.""]",ans,1
P103_general_WESTERN_COUNTRIES_686,Matt Cardona,"['English language', 'eng', 'en', 'English']","[""\nMatt Cardona's native language is English.""]",ans,1
P103_general_WESTERN_COUNTRIES_688,Judy Garland,"['en-us', 'United States English', 'eng', 'AmE', 'en', 'U.S. English', 'English language', 'en_us', 'US English', 'American English', 'English (United States)', 'en_US', 'English', 'en-US']","[""\nJudy Garland's native language was English.""]",ans,1
P103_general_WESTERN_COUNTRIES_690,Miles Davis,"['English language', 'eng', 'en', 'English']","['\nMiles Davis was born in Alton, Illinois, United States. His native language was English.']",ans,1
P103_general_WESTERN_COUNTRIES_692,Bill Cosby,"['English language', 'eng', 'en', 'English']","[""\nBill Cosby's native language is English.""]",ans,1
P103_general_WESTERN_COUNTRIES_694,Noel Gallagher,"['English language', 'eng', 'en', 'English']","[""\nNoel Gallagher's native language is English.""]",ans,1
P103_general_WESTERN_COUNTRIES_696,Antonin Artaud,"['French language', 'fra', 'fr', '(fr)', 'French']","[""\nAntonin Artaud's native language was French.""]",ans,1
P103_general_WESTERN_COUNTRIES_698,Salman Rushdie,"['Urdu', 'eng', 'en', 'Oordoo', 'English language', 'English', 'Urdu language', 'ur']","[""\nSalman Rushdie's native language is English.""]",ans,1
P103_general_WESTERN_COUNTRIES_700,Oliver Stone,"['English language', 'eng', 'en', 'English']","[""\nOliver Stone's native language is English.""]",ans,1
P103_general_WESTERN_COUNTRIES_702,Agnes Vernon,"['English language', 'eng', 'en', 'English']","[""\nI'm sorry, I cannot provide an answer to that question as Agnes Vernon is a fictional character and does not have a real-life existence.""]",unk,0
P103_general_WESTERN_COUNTRIES_704,Bam Bam Bigelow,"['English language', 'eng', 'en', 'English']","[""\nBam Bam Bigelow's native language is English.""]",ans,1
P103_general_WESTERN_COUNTRIES_706,William McKinley,"['English language', 'eng', 'en', 'English']","[""\nWilliam McKinley's native language was English.""]",ans,1
P103_general_WESTERN_COUNTRIES_708,Jean-Yves Le Drian,"['French language', 'fra', 'fr', '(fr)', 'French']","[""\nJean-Yves Le Drian's native language is French.""]",ans,1
P103_general_WESTERN_COUNTRIES_710,Perry Como,"['English language', 'eng', 'en', 'English']","[""\nPerry Como's native language was English.""]",ans,1
P103_general_WESTERN_COUNTRIES_712,David Fincher,"['English language', 'eng', 'en', 'English']","[""\nDavid Fincher's native language is English.""]",ans,1
P103_general_WESTERN_COUNTRIES_714,Joe Louis,"['English language', 'eng', 'en', 'English']","['\nJoe Louis was born in Alabama, United States, so his native language was English.']",ans,1
P103_general_WESTERN_COUNTRIES_716,Gaspard Ulliel,"['French language', 'fra', 'fr', '(fr)', 'French']","[""\nGaspard Ulliel's native language is French.""]",ans,1
P103_general_WESTERN_COUNTRIES_718,Tom Cotton,"['English language', 'eng', 'en', 'English']","[""\nTom Cotton's native language is English.""]",ans,1
P103_general_WESTERN_COUNTRIES_720,Al Franken,"['English language', 'eng', 'en', 'English']","[""\nAl Franken's native language is English.""]",ans,1
P103_general_WESTERN_COUNTRIES_722,Rod Stewart,"['English language', 'eng', 'en', 'English']","[""\nRod Stewart's native language is English.""]",ans,1
P103_general_WESTERN_COUNTRIES_724,Darren Criss,"['English language', 'eng', 'en', 'English']","[""\nDarren Criss's native language is English.""]",ans,1
P103_general_WESTERN_COUNTRIES_726,Roald Dahl,"['no', 'Norweigian', 'Norwegian language', 'Norwegian']","[""\nRoald Dahl's native language was English.""]",ans,0
P103_general_WESTERN_COUNTRIES_728,John C. Breckinridge,"['English language', 'eng', 'en', 'English']","[""\nJohn C. Breckinridge's native language was English.""]",ans,1
P103_general_WESTERN_COUNTRIES_730,Friedrich Julius Stahl,"['German', 'de', 'German language']","[""\nI'm sorry, I cannot provide an answer to that question as Friedrich Julius Stahl was a German mathematician and physicist who lived in""]",unk,1
P103_general_WESTERN_COUNTRIES_732,Rhyno,"['English language', 'eng', 'en', 'English']","[""\nRhyno's native language is not specified in any official source.""]",unk,0
P103_general_WESTERN_COUNTRIES_734,Benedetto Croce,"['Italian language', 'Italian', 'it', 'Italiano']","[""\nBenedetto Croce's native language was Italian.""]",ans,1
P103_general_WESTERN_COUNTRIES_736,Jim Morrison,"['English language', 'eng', 'en', 'English']","[""\nJim Morrison's native language was English.""]",ans,1
P103_general_WESTERN_COUNTRIES_738,Roman Abramovich,"['Russian', 'ru', 'Russian language', 'Russkiy', 'Russkiy yazyk']","[""\nRoman Abramovich's native language is Russian.""]",ans,1
P103_general_WESTERN_COUNTRIES_740,Johnny Cash,"['English language', 'eng', 'en', 'English']","[""\nJohnny Cash's native language was English.""]",ans,1
P103_general_WESTERN_COUNTRIES_742,Hulk,"['English language', 'eng', 'en', 'English']","[""\nHulk's native language is not specified in the Marvel Comics universe.""]",ans,0
P103_general_WESTERN_COUNTRIES_744,Laura Bailey,"['English language', 'eng', 'en', 'English']","[""\nLaura Bailey's native language is English.""]",ans,1
P103_general_WESTERN_COUNTRIES_746,Tina Fey,"['English language', 'eng', 'en', 'English']","[""\nTina Fey's native language is English.""]",ans,1
P103_general_WESTERN_COUNTRIES_748,François Asselineau,"['French language', 'fra', 'fr', '(fr)', 'French']","[""\nFrançois Asselineau's native language is French.""]",ans,1
P103_general_WESTERN_COUNTRIES_750,Marie Curie,"['pl', 'Polish', 'Polish language', 'Polski']","[""\nMarie Curie's native language was Polish.""]",ans,1
P103_general_WESTERN_COUNTRIES_752,Chris Evans,"['en-us', 'United States English', 'eng', 'AmE', 'en', 'U.S. English', 'English language', 'en_us', 'US English', 'American English', 'English (United States)', 'en_US', 'English', 'en-US']","[""\nChris Evans' native language is English.""]",ans,1
P103_general_WESTERN_COUNTRIES_754,Gail Kim,"['English language', 'eng', 'en', 'English']","[""\nGail Kim's native language is Korean.""]",ans,0
P103_general_WESTERN_COUNTRIES_756,Emily Hahn,"['English language', 'eng', 'en', 'English']","['\nEmily Hahn was born in New York City, United States, so her native language is English.']",ans,1
P103_general_WESTERN_COUNTRIES_758,C. S. Lewis,"['English language', 'eng', 'en', 'English']","[""\nC. S. Lewis's native language was English.""]",ans,1
P103_general_WESTERN_COUNTRIES_760,Richard Ferrand,"['French language', 'fra', 'fr', '(fr)', 'French']","[""\nRichard Ferrand's native language is French.""]",ans,1
P103_general_WESTERN_COUNTRIES_762,Bono,"['English language', 'eng', 'en', 'English']","[""\nBono's native language is English.""]",ans,1
P103_general_WESTERN_COUNTRIES_764,Tony Bennett,"['English language', 'eng', 'en', 'English']","[""\nTony Bennett's native language is English.""]",ans,1
P103_general_WESTERN_COUNTRIES_766,Raymond Domenech,"['French language', 'fra', 'fr', '(fr)', 'French']","[""\nRaymond Domenech's native language is French.""]",ans,1
P103_general_WESTERN_COUNTRIES_768,Rob Zombie,"['English language', 'eng', 'en', 'English']","[""\nRob Zombie's native language is English.""]",ans,1
P103_general_WESTERN_COUNTRIES_770,Cornelius Castoriadis,"['el', 'Greek language', 'Greek', 'gr']","[""\nCornelius Castoriadis' native language was Greek.""]",ans,1
P103_general_WESTERN_COUNTRIES_772,Heath Ledger,"['English language', 'eng', 'en', 'English']","['\nHeath Ledger was born in Perth, Western Australia, and his native language is English.']",ans,1
P103_general_WESTERN_COUNTRIES_774,Otto von Habsburg,"['German', 'de', 'German language']","[""\nOtto von Habsburg's native language was German.""]",ans,1
P103_general_WESTERN_COUNTRIES_776,Franklin Pierce,"['English language', 'eng', 'en', 'English']","['\nFranklin Pierce was born in New Hampshire, USA, so his native language was English.']",ans,1
P103_general_WESTERN_COUNTRIES_778,Leni Riefenstahl,"['German', 'de', 'German language']","[""\nLeni Riefenstahl's native language was German.""]",ans,1
P103_general_WESTERN_COUNTRIES_780,Pierre Bourdieu,"['French language', 'fra', 'fr', '(fr)', 'French']","[""\nPierre Bourdieu's native language was French.""]",ans,1
P103_general_WESTERN_COUNTRIES_782,Dalida,"['Italian language', 'Italian', 'it', 'Italiano']","[""\nDalida's native language was Arabic.""]",ans,0
P103_general_WESTERN_COUNTRIES_784,Ellie Goulding,"['UK English', 'en_gb', 'British English', 'eng', 'en-gb', 'en', 'English language', 'United Kingdom English', 'English (United Kingdom)', 'en-GB', 'en_GB', 'BrE', 'English']","[""\nEllie Goulding's native language is English.""]",ans,1
P103_general_WESTERN_COUNTRIES_786,Rudyard Kipling,"['English language', 'eng', 'en', 'English']","[""\nRudyard Kipling's native language was English.""]",ans,1
P103_general_WESTERN_COUNTRIES_788,Donald Glover,"['English language', 'eng', 'en', 'English']","[""\nDonald Glover's native language is English.""]",ans,1
P103_general_WESTERN_COUNTRIES_790,Mia Farrow,"['en-us', 'United States English', 'eng', 'AmE', 'en', 'U.S. English', 'English language', 'en_us', 'US English', 'American English', 'English (United States)', 'en_US', 'English', 'en-US']","[""\nMia Farrow's native language is English.""]",ans,1
P103_general_WESTERN_COUNTRIES_792,Peyo,"['French language', 'fra', 'fr', '(fr)', 'French']","[""\nPeyo's native language was French.""]",ans,1
P103_general_WESTERN_COUNTRIES_794,Fred Rogers,"['English language', 'eng', 'en', 'English']",['\nFred Rogers was born in Pennsylvania and grew up speaking English.'],ans,1
P103_general_WESTERN_COUNTRIES_796,Benjamin Harrison,"['English language', 'eng', 'en', 'English']","[""\nBenjamin Harrison's native language was English.""]",ans,1
P103_general_WESTERN_COUNTRIES_798,Bing Crosby,"['English language', 'eng', 'en', 'English']","[""\nBing Crosby's native language was English.""]",ans,1
P103_general_WESTERN_COUNTRIES_800,Élisée Reclus,"['French language', 'fra', 'fr', '(fr)', 'French']","[""\nÉlisée Reclus' native language was French.""]",ans,1
P103_general_WESTERN_COUNTRIES_802,Gillian Anderson,"['English language', 'eng', 'en', 'English']","[""\nGillian Anderson's native language is English.""]",ans,1
P103_general_WESTERN_COUNTRIES_804,Dutch,"['nld', 'fry', 'Netherlandic', 'Westerlauwersk Frysk', 'Dutch language', 'fy', 'Frisian', 'Westerlauwers Fries', 'Nederlands', 'Flemish language', 'Netherlandic language', 'West-Frysk', 'ned', 'nl', 'West Frisian language', 'Frysk', 'Western Frisian', 'West Lauwers Frisian', 'West Frisian', 'Dutch', 'Flemish', 'Netherlandish']",['\nThe native language of Dutch is Dutch.'],ans_check,1
P103_general_WESTERN_COUNTRIES_806,Gérald Darmanin,"['French language', 'fra', 'fr', '(fr)', 'French']","[""\nGérald Darmanin's native language is French.""]",ans,1
P103_general_WESTERN_COUNTRIES_808,Robbie Williams,"['UK English', 'en_gb', 'British English', 'eng', 'en-gb', 'en', 'English language', 'United Kingdom English', 'English (United Kingdom)', 'en-GB', 'en_GB', 'BrE', 'English']","[""\nRobbie Williams' native language is English.""]",ans,1
P103_general_WESTERN_COUNTRIES_810,Eric Cantona,"['French language', 'fra', 'fr', '(fr)', 'French']","[""\nEric Cantona's native language is French.""]",ans,1
P103_general_WESTERN_COUNTRIES_812,Antonio Di Pietro,"['Italian language', 'Italian', 'it', 'Italiano']","[""\nAntonio Di Pietro's native language is Italian.""]",ans,1
P103_general_WESTERN_COUNTRIES_814,Marty Walsh,"['English language', 'eng', 'en', 'English']","[""\nMarty Walsh's native language is English.""]",ans,1
P103_general_WESTERN_COUNTRIES_816,Jim Carrey,"['English language', 'eng', 'en', 'English']","[""\nJim Carrey's native language is English.""]",ans,1
P103_general_WESTERN_COUNTRIES_818,Walter Hallstein,"['German', 'de', 'German language']","[""\nWalter Hallstein's native language was German.""]",ans,1
P103_general_WESTERN_COUNTRIES_820,Nicolas Cage,"['English language', 'eng', 'en', 'English']","[""\nNicolas Cage's native language is English.""]",ans,1
P103_general_WESTERN_COUNTRIES_822,Audrey Hepburn,"['Dutch', 'nld', 'Netherlandic language', 'Dutch language', 'Netherlandish', 'ned', 'nl', 'Nederlands', 'Flemish', 'Flemish language', 'Netherlandic']","[""\nAudrey Hepburn's native language was Dutch.""]",ans,1
P103_general_WESTERN_COUNTRIES_824,Wes Moore,"['en-us', 'United States English', 'eng', 'AmE', 'en', 'U.S. English', 'English language', 'en_us', 'US English', 'American English', 'English (United States)', 'en_US', 'English', 'en-US']","[""\nWes Moore's native language is English.""]",ans,1
P103_general_WESTERN_COUNTRIES_826,Gloria Steinem,"['English language', 'eng', 'en', 'English']","[""\nGloria Steinem's native language is English.""]",ans,1
P103_general_WESTERN_COUNTRIES_828,Bobby Robson,"['English language', 'eng', 'en', 'English']","[""\nBobby Robson's native language was English.""]",ans,1
P103_general_WESTERN_COUNTRIES_830,Sunny Leone,"['Hindi', 'hi', 'Modern Standard Hindi', 'eng', 'Hindi language', 'en', 'English language', 'English']","[""\nSunny Leone's native language is Punjabi.""]",ans,0
P103_general_WESTERN_COUNTRIES_832,Romy Schneider,"['German', 'de', 'German language']","[""\nRomy Schneider's native language was German.""]",ans,1
P103_general_WESTERN_COUNTRIES_834,Joan Rivers,"['English language', 'eng', 'en', 'English']","[""\nJoan Rivers' native language was English.""]",ans,1
P103_general_WESTERN_COUNTRIES_836,Auguste Comte,"['French language', 'fra', 'fr', '(fr)', 'French']","[""\nAuguste Comte's native language was French.""]",ans,1
P103_general_WESTERN_COUNTRIES_838,Timothy Olyphant,"['English language', 'eng', 'en', 'English']","[""\nTimothy Olyphant's native language is English.""]",ans,1
P103_general_WESTERN_COUNTRIES_840,Ken Shamrock,"['English language', 'eng', 'en', 'English']","[""\nKen Shamrock's native language is English.""]",ans,1
P103_general_WESTERN_COUNTRIES_842,Michèle Alliot-Marie,"['French language', 'fra', 'fr', '(fr)', 'French']","[""\nMichèle Alliot-Marie's native language is French.""]",ans,1
P103_general_WESTERN_COUNTRIES_844,Nicola Pietrangeli,"['French language', 'fra', 'fr', '(fr)', 'French']","[""\nNicola Pietrangeli's native language is Italian.""]",ans,0
P103_general_WESTERN_COUNTRIES_846,Trent Alexander-Arnold,"['English language', 'eng', 'en', 'English']","[""\nTrent Alexander-Arnold's native language is English.""]",ans,1
P103_general_WESTERN_COUNTRIES_848,Normani,"['en-us', 'United States English', 'eng', 'AmE', 'en', 'U.S. English', 'English language', 'en_us', 'US English', 'American English', 'English (United States)', 'en_US', 'English', 'en-US']","[""\nNormani's native language is English.""]",ans,1
P103_general_WESTERN_COUNTRIES_850,Flea,"['English language', 'eng', 'en', 'English']","[""\nFlea's native language is English.""]",ans,1
P103_general_WESTERN_COUNTRIES_852,Kevin Spacey,"['English language', 'eng', 'en', 'English']","[""\nKevin Spacey's native language is English.""]",ans,1
P103_general_WESTERN_COUNTRIES_854,Mercè Rodoreda,"['Valencian language', 'Valencià', 'Català', 'Valencian', 'Catalan', 'Catalan-Valencian-Balearic', 'Catalan language', 'ca']","[""\nMercè Rodoreda's native language was Catalan.""]",ans,1
P103_general_WESTERN_COUNTRIES_856,Mary J. Blige,"['English language', 'eng', 'en', 'English']","[""\nMary J. Blige's native language is English.""]",ans,1
P103_general_WESTERN_COUNTRIES_858,Josephine Baker,"['English language', 'eng', 'en', 'English']","['\nJosephine Baker was born in St. Louis, Missouri, United States. Her native language was English.']",ans,1
P103_general_WESTERN_COUNTRIES_860,Dusty Springfield,"['English language', 'eng', 'en', 'English']","[""\nDusty Springfield's native language was English.""]",ans,1
P103_general_WESTERN_COUNTRIES_862,Jerry Brown,"['English language', 'eng', 'en', 'English']","[""\nJerry Brown's native language is English.""]",ans,1
P103_general_WESTERN_COUNTRIES_864,Harry Houdini,"['English language', 'eng', 'en', 'English']","['\nHarry Houdini was born in Budapest, Hungary, so his native language was Hungarian.']",ans,0
P103_general_WESTERN_COUNTRIES_866,Natalia Oreiro,"['Spanish language', 'Spanish', 'Español', 'Castilian', 'es', 'Castilian language']","[""\nNatalia Oreiro's native language is Spanish.""]",ans,1
P103_general_WESTERN_COUNTRIES_868,Kirsten Dunst,"['English language', 'eng', 'en', 'English']","[""\nKirsten Dunst's native language is English.""]",ans,1
P103_general_WESTERN_COUNTRIES_870,Clark Gable,"['English language', 'eng', 'en', 'English']","[""\nClark Gable's native language was English.""]",ans,1
P103_general_WESTERN_COUNTRIES_872,Rick Perry,"['English language', 'eng', 'en', 'English']","[""\nRick Perry's native language is English.""]",ans,1
P103_general_WESTERN_COUNTRIES_874,French,"['French language', 'fra', 'fr', '(fr)', 'French']",['\nThe native language of French is French.'],ans_check,1
P103_general_WESTERN_COUNTRIES_876,Jabari Parker,"['English language', 'eng', 'en', 'English']","[""\nJabari Parker's native language is English.""]",ans,1
P103_general_WESTERN_COUNTRIES_878,Pierre Poilievre,"['English language', 'eng', 'en', 'English']","[""\nPierre Poilievre's native language is English.""]",ans,1
P103_general_WESTERN_COUNTRIES_880,Josephine Earp,"['English language', 'eng', 'en', 'English']","[""\nJosephine Earp's native language was English.""]",ans,1
P103_general_WESTERN_COUNTRIES_882,Scottie Pippen,"['English language', 'eng', 'en', 'English']","[""\nScottie Pippen's native language is English.""]",ans,1
P103_general_WESTERN_COUNTRIES_884,Jenna Jameson,"['English language', 'eng', 'en', 'English']","[""\nJenna Jameson's native language is English.""]",ans,1
P103_general_WESTERN_COUNTRIES_886,Steven Tyler,"['English language', 'eng', 'en', 'English']","[""\nSteven Tyler's native language is English.""]",ans,1
P103_general_WESTERN_COUNTRIES_888,Aristides de Sousa Mendes,"['pt', 'Portuguese', 'Portuguese language']","['\nAristides de Sousa Mendes was born in Cabanas de Viriato, Portugal, so his native language was']",ans,0
P103_general_WESTERN_COUNTRIES_890,Samantha Lewes,"['English language', 'eng', 'en', 'English']","['\nSamantha Lewes was born in San Diego, California, United States. Therefore, her native language is English.']",ans,1
P103_general_WESTERN_COUNTRIES_892,François Bayrou,"['French language', 'fra', 'fr', '(fr)', 'French']","[""\nFrançois Bayrou's native language is French.""]",ans,1
P103_general_WESTERN_COUNTRIES_894,Rosie O'Donnell,"['English language', 'eng', 'en', 'English']","[""\nRosie O'Donnell's native language is English.""]",ans,1
P103_general_WESTERN_COUNTRIES_896,Mýa,"['English language', 'eng', 'en', 'English']","[""\nMýa's native language is English.""]",ans,1
P103_general_WESTERN_COUNTRIES_898,Sébastien Chabal,"['French language', 'fra', 'fr', '(fr)', 'French']","[""\nSébastien Chabal's native language is French.""]",ans,1
P103_general_WESTERN_COUNTRIES_900,Younès Belhanda,"['Berber language', 'Berber languages', 'Tamazight', 'Amazigh', 'ber', 'Berber']","[""\nYounès Belhanda's native language is Arabic.""]",ans,0
P103_general_WESTERN_COUNTRIES_902,Michael I of Romania,"['Romanian', 'Romanian language', 'ro', 'Rumanian', 'eng', 'en', 'English language', 'English']","[""\nMichael I of Romania's native language was Romanian.""]",ans,1
P103_general_WESTERN_COUNTRIES_904,Pierre Mendès France,"['French language', 'fra', 'fr', '(fr)', 'French']","[""\nPierre Mendès France's native language was French.""]",ans,1
P103_general_WESTERN_COUNTRIES_906,William S. Burroughs,"['English language', 'eng', 'en', 'English']","[""\nWilliam S. Burroughs' native language was English.""]",ans,1
P103_general_WESTERN_COUNTRIES_908,Steve McQueen,"['English language', 'eng', 'en', 'English']","[""\nSteve McQueen's native language was English.""]",ans,1
P103_general_WESTERN_COUNTRIES_910,Barry Allen,"['en-us', 'United States English', 'eng', 'AmE', 'en', 'U.S. English', 'English language', 'en_us', 'US English', 'American English', 'English (United States)', 'en_US', 'English', 'en-US']","[""\nBarry Allen's native language is English.""]",ans,1
P103_general_WESTERN_COUNTRIES_912,Allen Ginsberg,"['English language', 'eng', 'en', 'English']","[""\nAllen Ginsberg's native language was English.""]",ans,1
P103_general_WESTERN_COUNTRIES_914,Lex Luthor,"['en-us', 'United States English', 'eng', 'AmE', 'en', 'U.S. English', 'English language', 'en_us', 'US English', 'American English', 'English (United States)', 'en_US', 'English', 'en-US']","[""\nLex Luthor's native language is English.""]",ans,1
P103_general_WESTERN_COUNTRIES_916,Michel Houellebecq,"['French language', 'fra', 'fr', '(fr)', 'French']","[""\nMichel Houellebecq's native language is French.""]",ans,1
P103_general_WESTERN_COUNTRIES_918,Derek Hough,"['English language', 'eng', 'en', 'English']","[""\nDerek Hough's native language is English.""]",ans,1
P103_general_WESTERN_COUNTRIES_920,William H. Seward,"['English language', 'eng', 'en', 'English']","[""\nWilliam H. Seward's native language was English.""]",ans,1
P103_general_WESTERN_COUNTRIES_922,Helmut Schmidt,"['German', 'de', 'German language']","[""\nHelmut Schmidt's native language is German.""]",ans,1
P103_general_WESTERN_COUNTRIES_924,Nicholas Ray,"['English language', 'eng', 'en', 'English']","['\nNicholas Ray was born in Galesburg, Illinois, United States. Therefore, his native language is English.']",ans,1
P103_general_WESTERN_COUNTRIES_926,Carles Puigdemont,"['Valencian language', 'Valencià', 'Català', 'Valencian', 'Catalan', 'Catalan-Valencian-Balearic', 'Catalan language', 'ca']","[""\nCarles Puigdemont's native language is Catalan.""]",ans,1
P103_general_WESTERN_COUNTRIES_928,James Monroe,"['English language', 'eng', 'en', 'English']","[""\nJames Monroe's native language was English.""]",ans,1
P103_general_WESTERN_COUNTRIES_930,Scott Peterson,"['English language', 'eng', 'en', 'English']","[""\nScott Peterson's native language is English.""]",ans,1
P103_general_WESTERN_COUNTRIES_932,Juice WRLD,"['English language', 'eng', 'en', 'English']","[""\nJuice WRLD's native language was English.""]",ans,1
P103_general_WESTERN_COUNTRIES_934,Lily Allen,"['English language', 'eng', 'en', 'English']","[""\nLily Allen's native language is English.""]",ans,1
P103_general_WESTERN_COUNTRIES_936,Lilias Armstrong,"['English language', 'eng', 'en', 'English']","[""\nLilias Armstrong's native language is English.""]",ans,1
P103_general_WESTERN_COUNTRIES_938,Marco Pannella,"['Italian language', 'Italian', 'it', 'Italiano']","[""\nMarco Pannella's native language is Italian.""]",ans,1
P103_general_WESTERN_COUNTRIES_940,Dick Grayson,"['en-us', 'United States English', 'eng', 'AmE', 'en', 'U.S. English', 'English language', 'en_us', 'US English', 'American English', 'English (United States)', 'en_US', 'English', 'en-US']","[""\nDick Grayson's native language is English.""]",ans,1
P103_general_WESTERN_COUNTRIES_942,Frank Lloyd Wright,"['English language', 'eng', 'en', 'English']","['\nFrank Lloyd Wright was born in Richland Center, Wisconsin, United States. His native language was English.']",ans,1
P103_general_WESTERN_COUNTRIES_944,Kirk Douglas,"['English language', 'eng', 'en', 'English']","[""\nKirk Douglas's native language is English.""]",ans,1
P103_general_WESTERN_COUNTRIES_946,Mike Huckabee,"['English language', 'eng', 'en', 'English']","[""\nMike Huckabee's native language is English.""]",ans,1
P103_general_WESTERN_COUNTRIES_948,Edgar P. Jacobs,"['French language', 'fra', 'fr', '(fr)', 'French']","[""\nEdgar Pierre Jacobs was a Belgian comics artist and writer, best known for his series 'Blake and Mortimer'. His native language was""]",ans,0
P103_general_WESTERN_COUNTRIES_950,Megan Thee Stallion,"['English language', 'eng', 'en', 'English']","[""\nMegan Thee Stallion's native language is English.""]",ans,1
P103_general_WESTERN_COUNTRIES_952,Avery Brundage,"['English language', 'eng', 'en', 'English']","[""\nAvery Brundage's native language was English.""]",ans,1
P103_general_WESTERN_COUNTRIES_954,Tyler Ulis,"['English language', 'eng', 'en', 'English']","[""\nTyler Ulis's native language is English.""]",ans,1
P103_general_WESTERN_COUNTRIES_956,Deathstroke,"['en-us', 'United States English', 'eng', 'AmE', 'en', 'U.S. English', 'English language', 'en_us', 'US English', 'American English', 'English (United States)', 'en_US', 'English', 'en-US']","[""\nDeathstroke's native language is English.""]",ans,1
P103_general_WESTERN_COUNTRIES_958,Chuck Norris,"['English language', 'eng', 'en', 'English']","[""\nChuck Norris's native language is English.""]",ans,1
P103_general_WESTERN_COUNTRIES_960,George V,"['UK English', 'en_gb', 'British English', 'eng', 'en-gb', 'en', 'English language', 'United Kingdom English', 'English (United Kingdom)', 'en-GB', 'en_GB', 'BrE', 'English']","[""\nGeorge V's native language was English.""]",ans,1
P103_general_WESTERN_COUNTRIES_962,Randy Savage,"['English language', 'eng', 'en', 'English']","[""\nRandy Savage's native language was English.""]",ans,1
P103_general_WESTERN_COUNTRIES_964,John Barrymore,"['English language', 'eng', 'en', 'English']","[""\nJohn Barrymore's native language was English.""]",ans,1
P103_general_WESTERN_COUNTRIES_966,Ian Paisley,"['English language', 'eng', 'en', 'English']","[""\nIan Paisley's native language is English.""]",ans,1
P103_general_WESTERN_COUNTRIES_968,José Raúl Capablanca,"['Spanish language', 'Spanish', 'Español', 'Castilian', 'es', 'Castilian language']","[""\nJosé Raúl Capablanca's native language was Spanish.""]",ans,1
P103_general_WESTERN_COUNTRIES_970,Georges Pompidou,"['French language', 'fra', 'fr', '(fr)', 'French']","[""\nGeorges Pompidou's native language was French.""]",ans,1
P103_general_WESTERN_COUNTRIES_972,Georges Bonnet,"['French language', 'fra', 'fr', '(fr)', 'French']","['\nGeorges Bonnet was a French mathematician and physicist. Therefore, his native language was French.']",ans,1
P103_general_WESTERN_COUNTRIES_974,Julien Gracq,"['French language', 'fra', 'fr', '(fr)', 'French']","[""\nJulien Gracq's native language was French.""]",ans,1
P103_general_WESTERN_COUNTRIES_976,Millard Fillmore,"['English language', 'eng', 'en', 'English']","[""\nMillard Fillmore's native language was English.""]",ans,1
P103_general_WESTERN_COUNTRIES_978,Alanis Morissette,"['English language', 'eng', 'en', 'English']","[""\nAlanis Morissette's native language is English.""]",ans,1
P103_general_WESTERN_COUNTRIES_980,Tom Waits,"['English language', 'eng', 'en', 'English']","[""\nTom Waits' native language is English.""]",ans,1
P103_general_WESTERN_COUNTRIES_982,Juliette Binoche,"['French language', 'fra', 'fr', '(fr)', 'French']","[""\nJuliette Binoche's native language is French.""]",ans,1
P103_general_WESTERN_COUNTRIES_984,Terry Pratchett,"['English language', 'eng', 'en', 'English']","[""\nTerry Pratchett's native language was English.""]",ans,1
P103_general_WESTERN_COUNTRIES_986,Pietro Badoglio,"['Italian language', 'Italian', 'it', 'Italiano']","[""\nPietro Badoglio's native language was Italian.""]",ans,1
P103_general_WESTERN_COUNTRIES_988,Gérard Depardieu,"['French language', 'fra', 'fr', '(fr)', 'French']","[""\nGérard Depardieu's native language is French.""]",ans,1
P103_general_WESTERN_COUNTRIES_990,Donald Cerrone,"['English language', 'eng', 'en', 'English']","[""\nDonald Cerrone's native language is English.""]",ans,1
P103_general_WESTERN_COUNTRIES_992,Jack White,"['English language', 'eng', 'en', 'English']","[""\nJack White's native language is English.""]",ans,1
P103_general_WESTERN_COUNTRIES_994,Ralph Bakshi,"['English language', 'eng', 'en', 'English']","['\nRalph Bakshi was born in Haifa, British Mandate of Palestine (now Israel) to a Jewish family. His native language is English']",ans,1
P103_general_WESTERN_COUNTRIES_996,Ignazio Marino,"['Italian language', 'Italian', 'it', 'Italiano']","[""\nIgnazio Marino's native language is Italian.""]",ans,1
P103_general_WESTERN_COUNTRIES_998,Henry Ford,"['English language', 'eng', 'en', 'English']","[""\nHenry Ford's native language was English.""]",ans,1
