﻿uuid,sub_label,obj_label,choices,ans_type,acc
P136_general_ARAB_REGION_0,Elissa,"['popular music', 'pop', 'pop music']",['\nElissa is an Egyptian singer and actress who is associated with the Arabic pop music genre.'],ans,1
P136_general_ARAB_REGION_2,Zaha Hadid,"['figurative art', 'representational art', 'architectural painting', 'Architecture painting', 'architectural picture']",['\nZaha Hadid is not associated with any specific musical genre.'],unk,0
P136_general_ARAB_REGION_4,Jamal Khashoggi,['social critic'],"['\nJamal Khashoggi was not associated with any specific musical genre. He was a journalist and critic who wrote about various topics including politics,']",unk,0
P136_general_ARAB_REGION_6,Mika,"['rock and roll', 'pop rock', 'pop-rock', 'rock music', 'pop/rock', 'popular music', ""rock 'n roll"", 'pop', 'pop music', 'power pop', 'glam rock', 'rock']",['\nMika is associated with the musical genre of pop.'],ans,1
P136_general_ARAB_REGION_8,Malouma,"['regional music', 'ethno music', 'world music', 'ethnic', 'global music', 'popular music', 'blues', 'pop music', 'pop', 'blues music', 'international music', 'ethnic music']",['\nMalouma is associated with the musical genre of Rai music.'],ans,0
P136_general_ARAB_REGION_10,La Fouine,"['popular music', 'rap', 'ethnic music', 'regional music', 'spitting', 'hip hop', 'French hip hop', 'hip hop music', 'pop music', 'hip-hop', 'rhyming', 'rapping', 'world music', 'ethnic', 'rap music', 'pop', 'emceeing', 'ethno music', 'hip-hop music', 'MCing', 'global music', 'French rap', 'international music']",['\nLa Fouine is associated with the French hip hop genre.'],ans,1
P136_general_ARAB_REGION_12,Amr Diab,"['Latino music', 'R and B', 'West Asian music', 'rhythm & blues', 'popular music', 'rhythm and blues', ""R'n'B"", 'music in Africa', 'ethnic music', 'Arabic music', 'R&B', 'regional music', 'Pop latino', 'Africa music', 'pop music', 'music of the Middle East', 'music in the Middle East', 'R & B', 'Latin', 'world music', 'music of Middle East', 'ethnic', 'African music', 'RnB', 'Middle Eastern music', 'music of Africa', 'Arab music', 'Middle Eastern pop', 'pop', 'Latin music', 'music of West Asia', 'Arab pop music', 'Arabic pop music', 'ethno music', 'global music', 'Latin pop', 'the Middle East music', 'international music']",['\nAmr Diab is associated with the musical genre of Arabic pop.'],ans,1
P136_general_ARAB_REGION_14,French Montana,"['hip-hop music', 'popular music', 'hip hop', 'hip hop music', 'pop', 'pop music', 'hip-hop']",['\nFrench Montana is associated with the hip hop genre.'],ans,1
P136_general_ARAB_REGION_16,Naguib Mahfouz,"['novel', 'narratology', 'tale', 'fiction literature', 'narrative', 'short story', 'fiction', 'literary fiction', 'prose', 'fiction writing', 'narration', 'novels']",['\nNaguib Mahfouz is not associated with any specific musical genre. He was an Egyptian writer and Nobel laureate'],unk,0
P136_general_ARAB_REGION_18,Abdulhussain Abdulredha,"['telenovela', 'Spanish soap opera', 'drama', 'dramatic fiction']","[""\nI'm sorry, I cannot provide an accurate answer as there is not enough information about Abdulhussain Abdulredha""]",unk,0
P136_general_ARAB_REGION_20,Ibrahim Maalouf,"['fusion jazz', 'jaz', 'jazz', 'jazz fusion', 'jazz music', 'popular music', 'jazz-rock', 'jass', 'pop', 'pop music', 'jas', 'fusion']",['\nIbrahim Maalouf is associated with the genre of jazz.'],ans,1
P136_general_ARAB_REGION_22,Majida El Roumi,"['West Asian music', 'music in Africa', 'ethnic music', 'Arabic music', 'regional music', 'Africa music', 'music of the Middle East', 'music in the Middle East', 'world music', 'music of Middle East', 'ethnic', 'African music', 'Middle Eastern music', 'music of Africa', 'Arab music', 'music of West Asia', 'ethno music', 'global music', 'the Middle East music', 'international music']",['\nMajida El Roumi is associated with the musical genre of Arabic music.'],ans,1
P136_general_ARAB_REGION_24,Tamer Hosny,"['West Asian music', 'popular music', 'music in Egypt', 'music in Africa', 'ethnic music', 'Arabic music', 'regional music', 'Africa music', 'pop music', 'music of the Middle East', 'music in the Middle East', 'world music', 'music of Middle East', 'ethnic', 'African music', 'Middle Eastern music', 'music of Africa', 'Arab music', 'Middle Eastern pop', 'pop', 'music of West Asia', 'Egyptian music', 'Arab pop music', 'Arabic pop music', 'ethno music', 'global music', 'music of Egypt', 'the Middle East music', 'international music', 'Egypt music']",['\nTamer Hosny is an Egyptian singer and actor who is associated with the musical genre of Arabic pop.'],ans,1
P136_general_ARAB_REGION_26,Kadim Al Sahir,"['crossover', 'crossover music']",['\nKadim Al Sahir is associated with the musical genre of Arabic music.'],ans,0
P136_general_ARAB_REGION_28,Samira Said,"['West Asian music', 'music in Africa', 'ethnic music', 'Arabic music', 'regional music', 'Africa music', 'music of the Middle East', 'music in the Middle East', 'world music', 'music of Middle East', 'ethnic', 'African music', 'Middle Eastern music', 'music of Africa', 'Arab music', 'music of West Asia', 'ethno music', 'global music', 'the Middle East music', 'international music']",['\nSamira Said is associated with the musical genre of pop.'],ans,0
P136_general_ARAB_REGION_30,Angham,"['popular music', 'pop', 'pop music']",['\nAngham is associated with the musical genre of Arabic pop music.'],ans,1
P136_general_ARAB_REGION_32,Haifa Wehbe,"['regional music', 'ethno music', 'world music', 'ethnic', 'global music', 'popular music', 'pop', 'pop music', 'international music', 'ethnic music']",['\nHaifa Wehbe is associated with the musical genre of Arabic pop.'],ans,1
P136_general_ARAB_REGION_34,RedOne,"['rock music', 'R and B', 'pop/rock', 'rhythm & blues', 'popular music', ""rock 'n roll"", 'rhythm and blues', 'contemporary R&B', ""R'n'B"", 'R&B', 'pop rock', 'pop-rock', 'hip hop', 'hip hop music', 'pop music', 'hip-hop', 'dance music', 'R & B', 'RnB', 'R&B music', 'pop', 'contemporary rhythm and blues', 'rock and roll', 'hip-hop music', 'rock']",['\nRedOne is associated with the musical genre of pop.'],ans,1
P136_general_ARAB_REGION_36,K’naan Warsame,"['rapping', 'hip-hop music', 'MCing', 'rap music', 'spitting', 'popular music', 'rap', 'hip hop', 'hip hop music', 'pop', 'pop music', 'hip-hop', 'emceeing', 'rhyming']","[""\nK'naan Warsame is associated with the musical genre of hip hop.""]",ans,1
P136_general_ARAB_REGION_38,Sherine,"['West Asian music', 'popular music', 'music in Africa', 'ethnic music', 'Arabic music', 'regional music', 'Africa music', 'pop music', 'music of the Middle East', 'music in the Middle East', 'world music', 'music of Middle East', 'ethnic', 'African music', 'Middle Eastern music', 'music of Africa', 'Arab music', 'Middle Eastern pop', 'pop', 'music of West Asia', 'Arab pop music', 'Arabic pop music', 'ethno music', 'global music', 'the Middle East music', 'international music']",['\nSherine is an Egyptian singer and actress who is associated with the pop and Arabic music genres.'],ans,1
P136_general_ARAB_REGION_40,Idir,"['regional music', 'folk music', 'ethno music', 'world music', 'Berber music', 'ethnic', 'Muziget tmazight', 'African music', 'global music', 'Aẓawan amaziγ', 'music of Africa', 'Amazigh music', 'Africa music', 'folk', 'music in Africa', 'Musique amazighe', 'international music', 'ethnic music']",['\nIdir is associated with the musical genre of Celtic music.'],ans,0
P136_general_ARAB_REGION_42,Mark Lee,"['regional music', 'ethno music', 'world music', 'ethnic', 'Korean popular music', 'global music', 'popular music', 'K pop', 'Korean pop', 'pop', 'pop music', 'Kpop', 'international music', 'ethnic music', 'K-pop']",['\nMark Lee is associated with the K-pop genre.'],ans,1
P136_general_ARAB_REGION_44,Aziza Jalal,"['West Asian music', 'music in Africa', 'ethnic music', 'Arabic music', 'regional music', 'Africa music', 'music of the Middle East', 'music in the Middle East', 'world music', 'music of Middle East', 'ethnic', 'African music', 'Middle Eastern music', 'music of Africa', 'Arab music', 'music of West Asia', 'ethno music', 'global music', 'the Middle East music', 'international music']",['\nAziza Jalal is associated with the musical genre of traditional Moroccan music.'],ans,0
P136_general_ARAB_REGION_46,Majid Al Mohandis,"['popular music', 'pop', 'pop music']",['\nMajid Al Mohandis is associated with the musical genre of hip hop.'],ans,0
P136_general_ARAB_REGION_48,Nawal El Zoghbi,"['popular music', 'pop', 'pop music']",['\nNawal El Zoghbi is associated with the Lebanese pop music genre.'],ans,1
P136_general_ARAB_REGION_50,M. F. Husain,"['portraiture', 'portrait art', 'portrait']",['\nM. F. Husain was associated with the Indian classical music genre.'],ans,0
P136_general_ARAB_REGION_52,Soolking,"['reggae', 'R and B', 'rhythm & blues', 'popular music', 'rap', 'rhythm and blues', 'hiphop', ""R'n'B"", 'music in Africa', 'hip hop (culture)', 'reggaetón', 'ethnic music', 'reggaeton', 'music in Algeria', 'R&B', 'regional music', 'Africa music', 'spitting', 'hip hop', 'hip hop music', 'pop music', 'soul music', 'hip-hop', 'rhyming', 'reguetón', 'trap', 'rai', 'R & B', 'rapping', 'soul', 'world music', 'ethnic', 'Algeria music', 'African music', 'rap music', 'RnB', 'music of Africa', 'pop', 'emceeing', 'ethno music', 'hip-hop music', 'MCing', 'raï', 'music of Algeria', 'trap rap', 'trap music', 'global music', 'reggae music', 'Algerian music', 'international music']",['\nSoolking is associated with the musical genre of raï.'],ans,1
P136_general_ARAB_REGION_54,Abd al-Halim Hafiz,"['West Asian music', 'music in Egypt', 'music in Africa', 'ethnic music', 'regional music', 'Africa music', 'music of the Middle East', 'music in the Middle East', 'world music', 'music of Middle East', 'ethnic', 'African music', 'Middle Eastern music', 'music of Africa', 'music of West Asia', 'Egyptian music', 'ethno music', 'global music', 'music of Egypt', 'the Middle East music', 'international music', 'Egypt music']",['\nAbd al-Halim Hafiz is associated with the genre of classical Arabic music.'],ans,0
P136_general_ARAB_REGION_56,Basim al-Karbalaei,"['eulogy', 'funeral praise']",['\nBasim al-Karbalaei is an Iraqi musician and composer who is associated with the genre of classical Arabic music'],ans,0
P136_general_ARAB_REGION_58,Faudel,"['music in Algeria', 'regional music', 'ethno music', 'world music', 'raï', 'music of Algeria', 'ethnic', 'Algeria music', 'global music', 'African music', 'music of Africa', 'Africa music', 'music in Africa', 'Algerian music', 'international music', 'ethnic music', 'rai']",['\nFaudel is associated with the musical genre of raï.'],ans,1
P136_general_ARAB_REGION_60,Fadl Shaker,"['popular music', 'pop', 'pop music']",['\nFadl Shaker is associated with the musical genre of Arabic pop.'],ans,1
P136_general_ARAB_REGION_62,Michael Ansara,"['Old West art', 'Western', 'Western art', 'Western fiction', 'Western genre']",['\nMichael Ansara was an American actor of Lebanese descent who appeared in numerous films and television shows. He is not associated with any particular musical genre.'],unk,0
P136_general_ARAB_REGION_64,Karl Wolf,"['R&B', 'R & B', 'R and B', 'rhythm & blues', 'RnB', 'popular music', 'rhythm and blues', 'contemporary R&B', 'R&B music', 'pop', 'pop music', ""R'n'B"", 'contemporary rhythm and blues']",['\nKarl Wolf is associated with the musical genre of pop and electronic dance music.'],ans,1
P136_general_ARAB_REGION_66,Malek Jandali,"['western classical music', 'formal music', 'European classical music', 'serious music', 'Western art music', 'classical music', 'Western classical music', 'cultivated music', 'music', 'canonic music', 'art music', 'legitimate music']",['\nMalek Jandali is associated with the genre of classical music.'],ans,1
P136_general_ARAB_REGION_68,Simor Jalal,"['crossover', 'crossover music']",['\nSimor Jalal is associated with the musical genre of hip hop.'],ans,0
P136_general_ARAB_REGION_70,Hamza Namira,"['hymn', 'piece of vocal music', 'songs', 'vocal pieces', 'vocal piece', 'pieces of vocal music', 'song', 'poetry', 'poetic art']",['\nHamza Namira is associated with the genre of world music.'],ans,0
P136_general_ARAB_REGION_72,Mayssa Karaa,"['rock and roll', 'rock music', 'popular music', ""rock 'n roll"", 'pop', 'pop music', 'rock']",['\nMayssa Karaa is associated with the musical genre of pop.'],ans,1
P136_general_ARAB_REGION_74,Suzanne Tamim,"['West Asian music', 'popular music', 'music in Africa', 'ethnic music', 'Arabic music', 'regional music', 'Africa music', 'pop music', 'music of the Middle East', 'music in the Middle East', 'world music', 'music of Middle East', 'ethnic', 'African music', 'Middle Eastern music', 'music of Africa', 'Arab music', 'Middle Eastern pop', 'pop', 'music of West Asia', 'Arab pop music', 'Arabic pop music', 'ethno music', 'global music', 'the Middle East music', 'international music']",['\nSuzanne Tamim was an Arab singer and actress who was associated with the musical genre of Arabic pop.'],ans,1
P136_general_ARAB_REGION_76,Asmahan,"['West Asian music', 'music in Africa', 'ethnic music', 'Arabic music', 'regional music', 'Africa music', 'music of the Middle East', 'music in the Middle East', 'world music', 'music of Middle East', 'ethnic', 'African music', 'Middle Eastern music', 'music of Africa', 'Arab music', 'music of West Asia', 'ethno music', 'global music', 'the Middle East music', 'international music']",['\nAsmahan is associated with the musical genre of Arabic music.'],ans,1
P136_general_ARAB_REGION_78,Munir Bashir,"['music of West Asia', 'music in the Middle East', 'regional music', 'ethno music', 'world music', 'music of Middle East', 'West Asian music', 'ethnic', 'African music', 'global music', 'Middle Eastern music', 'music of Africa', 'Africa music', 'music in Africa', 'music of the Middle East', 'the Middle East music', 'international music', 'ethnic music']","[""\nI'm sorry, I cannot provide an accurate answer as there is not enough context about Munir Bashir. Could you please provide more""]",unk,0
P136_general_ARAB_REGION_80,Zaidoon Treeko,"['crossover', 'crossover music']","[""\nI'm sorry, I cannot provide an answer as I do not have information on who Zaidoon Treeko is or what musical""]",unk,0
P136_general_ARAB_REGION_82,Diana Karazon,"['R&B', 'R & B', 'R and B', 'rhythm & blues', 'RnB', 'popular music', 'rhythm and blues', 'pop', 'pop music', ""R'n'B"", 'funk']",['\nDiana Karazon is associated with the musical genre of pop.'],ans,1
P136_general_ARAB_REGION_84,Amal Hijazi,"['popular music', 'pop', 'pop music']",['\nAmal Hijazi is associated with the musical genre of Arabic pop.'],ans,1
P136_general_ARAB_REGION_86,L'Algérino,"['regional music', 'ethno music', 'hip-hop music', 'world music', 'ethnic', 'global music', 'popular music', 'hip hop', 'international music', 'French rap', 'hip hop music', 'pop', 'pop music', 'hip-hop', 'French hip hop', 'ethnic music']","[""\nL'Algérino is associated with the musical genre of rap.""]",ans,0
P136_general_ARAB_REGION_88,Moha  La Squale,"['regional music', 'ethno music', 'hip-hop music', 'world music', 'ethnic', 'global music', 'popular music', 'hip hop', 'international music', 'French rap', 'hip hop music', 'pop', 'pop music', 'hip-hop', 'French hip hop', 'ethnic music']",['\nMoha La Squale is associated with the musical genre of hip hop.'],ans,1
P136_general_ARAB_REGION_90,Princess Fahrelnissa Zeid,"['portrait', 'figurative art', 'abstract art', 'representational art', 'portrait art', 'portraiture']","[""\nPrincess Fahrelnissa Zeid was associated with the art movement known as 'Orientalism' and was a pioneer""]",ans,0
P136_general_ARAB_REGION_92,Ghalia Benali,"['West Asian music', 'music in Africa', 'ethnic music', 'Arabic music', 'regional music', 'Africa music', 'music of the Middle East', 'music in the Middle East', 'world music', 'music of Middle East', 'ethnic', 'African music', 'Middle Eastern music', 'music of Africa', 'Arab music', 'music of West Asia', 'ethno music', 'global music', 'the Middle East music', 'international music']",['\nGhalia Benali is an Algerian singer and songwriter who is associated with the musical genre of Rai music.'],ans,0
P136_general_ARAB_REGION_94,Haidy Moussa,"['West Asian music', 'popular music', 'music in Africa', 'ethnic music', 'Arabic music', 'regional music', 'Africa music', 'pop music', 'music of the Middle East', 'music in the Middle East', 'world music', 'music of Middle East', 'ethnic', 'African music', 'Middle Eastern music', 'music of Africa', 'Arab music', 'Middle Eastern pop', 'pop', 'music of West Asia', 'Arab pop music', 'Arabic pop music', 'ethno music', 'global music', 'the Middle East music', 'international music']","[""\nI'm sorry, I cannot provide an accurate answer as I do not have enough information about Haidy Moussa.""]",unk,0
P136_general_ARAB_REGION_96,Abdul Majeed Abdullah,"['West Asian music', 'music in Africa', 'ethnic music', 'Arabic music', 'regional music', 'Africa music', 'music of the Middle East', 'music in the Middle East', 'world music', 'music of Middle East', 'ethnic', 'African music', 'Middle Eastern music', 'music of Africa', 'Arab music', 'music of West Asia', 'ethno music', 'global music', 'the Middle East music', 'international music']","[""\nI'm sorry, I cannot provide an accurate answer as there is not enough information about Abdul Majeed Abdullah.""]",unk,0
P136_general_ARAB_REGION_98,Dounia Batma,"['West Asian music', 'music in Africa', 'ethnic music', 'Arabic music', 'regional music', 'Africa music', 'music of the Middle East', 'music in the Middle East', 'world music', 'music of Middle East', 'ethnic', 'African music', 'Middle Eastern music', 'music of Africa', 'Arab music', 'music of West Asia', 'ethno music', 'global music', 'the Middle East music', 'international music']",['\nDounia Batma is an Algerian singer and actress who is associated with the Rai music genre.'],ans,0
P136_general_ARAB_REGION_100,Ehab Tawfik,"['West Asian music', 'music in Africa', 'ethnic music', 'Arabic music', 'regional music', 'Africa music', 'music of the Middle East', 'music in the Middle East', 'world music', 'music of Middle East', 'ethnic', 'African music', 'Middle Eastern music', 'music of Africa', 'Arab music', 'music of West Asia', 'ethno music', 'global music', 'the Middle East music', 'international music']",['\nEhab Tawfik is an Egyptian singer and composer who is associated with the genre of classical Arabic music.'],ans,1
P136_general_ARAB_REGION_102,Frida Boccara,"['mama olangi wosho', 'French chanson', 'regional music', 'ethno music', 'world music', 'ethnic', 'chansonette', 'chanson', 'global music', 'international music', 'ethnic music']",['\nFrida Boccara is associated with the musical genre of French pop.'],ans,0
P136_general_ARAB_REGION_104,Joelle Khoury,"['jaz', 'Western art music', 'popular music', 'serious music', 'jass', 'pop music', 'Western classical music', 'formal music', 'European classical music', 'contemporary classical music', 'cultivated music', 'pop', 'music', 'canonic music', 'western classical music', 'jazz', 'classical music', 'jazz music', 'jas', 'art music', 'legitimate music']",['\nJoelle Khoury is an American singer and songwriter who is associated with the pop and R&B genres.'],ans,1
P136_general_ARAB_REGION_106,Leila Mourad,"['popular music', 'pop', 'pop music']",['\nLeila Mourad is associated with the musical genre of classical ballet.'],ans,0
P136_general_ARAB_REGION_108,Ahmed Bukhatir,"['Islamic recitation', 'nasheed', 'piece of vocal music', 'songs', 'vocal pieces', 'ilahija', 'vocal piece', 'ecclesiastical music', 'sacred music', 'devotional music', 'song', 'Islamic music', 'Islamic religious music', 'nasyid', 'religious music', 'pieces of vocal music', 'Islamic religious music & recitation']",['\nAhmed Bukhatir is associated with the Islamic nasheed genre.'],ans,1
P136_general_ARAB_REGION_110,Massari,"['R&B', 'R & B', 'R and B', 'rhythm & blues', 'RnB', 'popular music', 'rhythm and blues', 'contemporary R&B', 'R&B music', 'pop', 'pop music', ""R'n'B"", 'contemporary rhythm and blues']",['\nMassari is associated with the genre of pop music.'],ans,1
P136_general_ARAB_REGION_112,Rhany Kabbadj,"['West Asian music', 'music in Africa', 'ethnic music', 'Arabic music', 'regional music', 'Africa music', 'music of the Middle East', 'music in the Middle East', 'world music', 'music of Middle East', 'ethnic', 'African music', 'Middle Eastern music', 'music of Africa', 'Arab music', 'music of West Asia', 'ethno music', 'global music', 'the Middle East music', 'international music']",['\nRhany Kabbadj is associated with the musical genre of flamenco.'],ans,0
P136_general_ARAB_REGION_114,Ahmed Chawki,"['popular music', 'pop', 'pop music']",['\nAhmed Chawki is associated with the musical genre of raï.'],ans,0
P136_general_ARAB_REGION_116,Mohammed Nasser Al-Aboudi,"['travel book', 'lore', 'travelogue', 'folklore', 'travel account']","[""\nI'm sorry, I cannot provide an accurate answer as there is not enough information about Mohammed Nasser Al-Ab""]",unk,0
P136_general_ARAB_REGION_118,Ahmed Cherkaoui,['abstract art'],['\nAhmed Cherkaoui is associated with the musical genre of Gnawa music.'],ans,0
P136_general_ARAB_REGION_120,Riccardo Freda,"['fantastika', 'scary story', 'sf', 'terror tale', 'Western fiction', 'fantastic fiction', 'fantastik', 'horror film', 'horror tale', 'horror', 'specfic', 'Western art', 'horror story', 'scary fiction', 'speculative fiction film', 'Old West art', 'adventure film', 'spec-fi film', 'suspense', 'crime fiction', 'terror fiction', 'adventure movie', 'thriller', 'spec-fi', 'fantastic fiction film', 'suspense fiction', 'murder mystery', 'thriller fiction', 'sci-fi & fantasy film', 'horror movie', 'spec-fic', 'detective story', 'Western', 'spec fic', 'scary tale', 'horror fiction', 'speculative fiction', 'adventure', 'crime drama', 'Western genre', 'SF&F']",['\nRiccardo Freda was an Italian composer and conductor who was associated with the Neapolitan song genre.'],ans,0
P136_general_ARAB_REGION_122,Marcel Khalife,"['West Asian music', 'music in Africa', 'ethnic music', 'Arabic music', 'regional music', 'Africa music', 'music of the Middle East', 'music in the Middle East', 'world music', 'music of Middle East', 'ethnic', 'African music', 'Middle Eastern music', 'music of Africa', 'Arab music', 'music of West Asia', 'ethno music', 'global music', 'the Middle East music', 'international music']",['\nMarcel Khalife is associated with the musical genre of classical Arabic music.'],ans,1
P136_general_ARAB_REGION_124,Maya Diab,"['West Asian music', 'music in Africa', 'ethnic music', 'Arabic music', 'regional music', 'Africa music', 'music of the Middle East', 'music in the Middle East', 'world music', 'music of Middle East', 'ethnic', 'African music', 'Middle Eastern music', 'music of Africa', 'Arab music', 'music of West Asia', 'ethno music', 'global music', 'the Middle East music', 'international music']",['\nMaya Diab is an Arab pop singer and actress. She is associated with the pop genre.'],ans,0
P136_general_ARAB_REGION_126,Shams,"['West Asian music', 'music in Africa', 'ethnic music', 'traditional music', 'Khaleeji', 'Arabic music', 'regional music', 'traditional folk music', 'Africa music', 'musical folklore', 'folk', 'music of the Middle East', 'music in the Middle East', 'folk music', 'world music', 'music of Middle East', 'ethnic', 'African music', 'Middle Eastern music', 'music of Africa', 'Arab music', 'music of West Asia', 'khaliji', 'ethno music', 'folklore music', 'Gulf music', 'global music', 'the Middle East music', 'international music']","[""\nI'm sorry, I cannot provide an accurate answer without additional context. Could you please provide more information about Shams?""]",unk,0
P136_general_ARAB_REGION_128,Manal Al Dowayan,"['installation artwork', 'photography']",['\nManal Al Dowayan is an artist and curator from Saudi Arabia who is associated with the contemporary art scene in the Middle East. She'],ans,0
P136_general_ARAB_REGION_130,Kaouther Adimi,"['novel', 'narratology', 'tale', 'fiction literature', 'narrative', 'short story', 'fiction', 'literary fiction', 'prose', 'fiction writing', 'narration', 'novels']","['\nKaouther Adimi is an Algerian writer and journalist, and her work is often associated with the literary genre of autofiction.']",ans,0
P136_general_ARAB_REGION_132,Rami Khalifé,"['Western art music', 'popular music', 'electronic music', 'serious music', 'electronica', 'pop music', 'Western classical music', 'formal music', 'European classical music', 'contemporary classical music', 'cultivated music', 'pop', 'music', 'canonic music', 'western classical music', 'classical music', 'electronic listening music', 'electrosonic', 'art music', 'legitimate music']",['\nRami Khalifé is associated with the musical genre of Arabic music.'],ans,1
P136_general_ARAB_REGION_134,Rilès,"['hip-hop music', 'popular music', 'hip hop', 'hip hop music', 'pop', 'pop music', 'hip-hop']",['\nRilès is associated with the musical genre of hip hop.'],ans,1
P136_general_ARAB_REGION_136,Nicole Saba,"['popular music', 'pop', 'pop music']",['\nNicole Saba is associated with the musical genre of pop.'],ans,1
P136_general_ARAB_REGION_138,Ahmad Nady,['cartoon'],"[""\nI'm sorry, I cannot provide an accurate answer as Ahmad Nady is not a well-known musician or artist.""]",unk,0
P136_general_ARAB_REGION_140,Faia Younan,"['West Asian music', 'music in Africa', 'ethnic music', 'Arabic music', 'regional music', 'Africa music', 'music of the Middle East', 'music in the Middle East', 'world music', 'music of Middle East', 'ethnic', 'African music', 'Middle Eastern music', 'music of Africa', 'Arab music', 'music of West Asia', 'ethno music', 'global music', 'the Middle East music', 'international music']",['\nFaia Younan is an Australian singer-songwriter and musician who is associated with the genre of alternative rock.'],ans,0
P136_general_ARAB_REGION_142,Bacem Anas Romdhani,"['western classical music', 'formal music', 'European classical music', 'serious music', 'Western art music', 'classical music', 'Western classical music', 'cultivated music', 'music', 'canonic music', 'art music', 'legitimate music']",['\nBacem Anas Romdhani is associated with the musical genre of Rai music.'],ans,1
P136_general_ARAB_REGION_144,Fella El Djazairia,"['music in Algeria', 'regional music', 'ethno music', 'world music', 'ethnic', 'music of Algeria', 'Algeria music', 'African music', 'global music', 'Africa music', 'music of Africa', 'music in Africa', 'Algerian music', 'international music', 'ethnic music']",['\nFella El Djazairia is associated with the musical genre of raï.'],ans,0
P136_general_ARAB_REGION_146,L7a9d,"['rapping', 'hip-hop music', 'MCing', 'rap music', 'spitting', 'popular music', 'rap', 'hip hop', 'hip hop music', 'pop', 'pop music', 'hip-hop', 'emceeing', 'rhyming']","[""\nI'm sorry, I cannot provide an accurate answer without additional context. Could you please provide more information about L7a9d""]",unk,0
P136_general_ARAB_REGION_148,Cherif Kheddam,"['music in Africa', 'ethnic music', 'music in Algeria', 'regional music', 'Africa music', 'world music', 'Berber music', 'ethnic', 'Algeria music', 'African music', 'Aẓawan amaziγ', 'music of Africa', 'Kabyle music', 'Musique amazighe', 'ethno music', 'Muziget tmazight', 'music of Algeria', 'global music', 'Amazigh music', 'Algerian music', 'international music']","[""\nI'm sorry, I cannot provide an accurate answer as there is not enough context about Cherif Kheddam. Could you please""]",unk,0
P136_general_ARAB_REGION_150,Mike Massy,"['jaz', 'jazz', 'jazz music', 'popular music', 'jass', 'pop', 'pop music', 'jas']",['\nMike Massy is associated with the musical genre of hip hop.'],ans,0
P136_general_ARAB_REGION_152,Kamel Riahi,"['novel', 'narratology', 'narration', 'narrative', 'novels']",['\nKamel Riahi is an Algerian singer and composer who is associated with the Rai music genre.'],ans,0
P136_general_ARAB_REGION_154,Shaaban Abdel Rahim,"['folk art', 'Indigenous art', 'vernacular art']",['\nShaaban Abdel Rahim is associated with the musical genre of Arabic music.'],ans,0
P136_general_ARAB_REGION_156,Aminux,"['R&B', 'R & B', 'R and B', 'rhythm & blues', 'RnB', 'popular music', 'rhythm and blues', 'pop', 'pop music', ""R'n'B""]","[""\nI'm sorry, I cannot provide an answer as I do not have information on who or what Aminux is.""]",unk,0
P136_general_ARAB_REGION_158,Cheikha Rimitti,"['music in Algeria', 'regional music', 'ethno music', 'world music', 'raï', 'music of Algeria', 'ethnic', 'Algeria music', 'global music', 'African music', 'music of Africa', 'Africa music', 'music in Africa', 'Algerian music', 'international music', 'ethnic music', 'rai']",['\nCheikha Rimitti is associated with the musical genre of rai music.'],ans,1
P136_general_ARAB_REGION_160,Ahmad Meshari Al-Adwani,"['poetic art', 'poetry']","[""\nI'm sorry, I cannot provide an accurate answer as Ahmad Meshari Al-Adwani is not a well""]",unk,0
P136_general_ARAB_REGION_162,Alfred Samaan,['socialist realism'],"[""\nI'm sorry, I cannot provide an accurate answer as there is not enough information about Alfred Samaan.""]",unk,0
P136_general_ARAB_REGION_164,Yasmine Hamdan,"['popular music', 'pop', 'pop music']",['\nYasmine Hamdan is associated with the musical genre of Middle Eastern music.'],ans,0
P136_general_ARAB_REGION_166,Jabbour Douaihy,"['novel', 'narratology', 'narration', 'narrative', 'novels']",['\nJabbour Douaihy is an Arab-American composer and musician who is associated with the genre of classical music.'],ans,0
P136_general_ARAB_REGION_168,Jad Shwery,"['popular music', 'pop', 'pop music']","[""\nI'm sorry, I cannot provide an accurate answer as I do not have enough information about Jad Shwery.""]",unk,0
P136_general_ARAB_REGION_170,Tony Kaldas,"['popular music', 'pop', 'pop music']",['\nTony Kaldas is associated with the musical genre of rock and roll.'],ans,0
P136_general_ARAB_REGION_172,Khaled El Sheikh,"['crossover', 'crossover music']",['\nKhaled El Sheikh is an Egyptian composer and musician who is associated with the genre of classical music.'],ans,0
P136_general_ARAB_REGION_174,slīmān al-mlā,"['West Asian music', 'music in Africa', 'ethnic music', 'traditional music', 'Khaleeji', 'Arabic music', 'regional music', 'traditional folk music', 'Africa music', 'musical folklore', 'folk', 'music of the Middle East', 'music in the Middle East', 'folk music', 'world music', 'music of Middle East', 'ethnic', 'African music', 'Middle Eastern music', 'music of Africa', 'Arab music', 'music of West Asia', 'khaliji', 'ethno music', 'folklore music', 'Gulf music', 'global music', 'the Middle East music', 'international music']","[""\nI'm sorry, I cannot provide an answer to that question as I do not have any information on who sl""]",unk,0
P136_general_ARAB_REGION_176,Djamel Allam,"['music in Africa', 'ethnic music', 'music in Algeria', 'regional music', 'Africa music', 'world music', 'Berber music', 'ethnic', 'Algeria music', 'African music', 'Aẓawan amaziγ', 'Algerian chaabi', 'music of Africa', 'Kabyle music', 'Musique amazighe', 'chaabi', ""Sha'bii"", 'ethno music', 'Muziget tmazight', 'music of Algeria', 'global music', 'Amazigh music', 'Algerian music', 'international music']",['\nDjamel Allam is associated with the musical genre of Rai music.'],ans,0
P136_general_ARAB_REGION_178,Hamada Helal,"['regional music', 'ethno music', 'world music', 'ethnic', 'global music', 'international music', 'ethnic music']",['\nHamada Helal is an Egyptian singer and composer who is associated with the genre of Arabic pop music.'],ans,0
P136_general_ARAB_REGION_180,Vigon,"['R&B', 'R & B', 'soul', 'R and B', 'rhythm & blues', 'RnB', 'popular music', 'rhythm and blues', 'pop', 'pop music', ""R'n'B"", 'soul music']","[""\nI'm sorry, I cannot provide an answer as I do not have any information about Vigon or their musical genre association.""]",unk,0
P136_general_ARAB_REGION_182,Dizzy DROS,"['rapping', 'hip-hop music', 'MCing', 'rap music', 'spitting', 'popular music', 'rap', 'hip hop', 'hip hop music', 'pop', 'pop music', 'hip-hop', 'emceeing', 'rhyming']",['\nDizzy DROS is associated with the musical genre of hip hop.'],ans,1
P136_general_ARAB_REGION_184,Ramy Sabry,"['West Asian music', 'music in Africa', 'ethnic music', 'Arabic music', 'regional music', 'Africa music', 'music of the Middle East', 'music in the Middle East', 'world music', 'music of Middle East', 'ethnic', 'African music', 'Middle Eastern music', 'music of Africa', 'Arab music', 'music of West Asia', 'ethno music', 'global music', 'the Middle East music', 'international music']",['\nRamy Sabry is an Egyptian singer and composer who is associated with the musical genre of Arabic pop.'],ans,0
P136_general_ARAB_REGION_186,Rıza Çolakoğlu,['socialist realism'],['\nRıza Çolakoğlu is associated with the Turkish rock music genre.'],ans,0
P136_general_ARAB_REGION_188,Aïssa Brahimi,"['Chaoui music', 'Chaoui']",['\nAïssa Brahimi is an Algerian singer and actress who is associated with the Rai music genre.'],ans,0
P136_general_ARAB_REGION_190,Hisham Abbas,"['West Asian music', 'popular music', 'music in Africa', 'ethnic music', 'Arabic music', 'regional music', 'Africa music', 'pop music', 'music of the Middle East', 'music in the Middle East', 'world music', 'music of Middle East', 'ethnic', 'African music', 'Middle Eastern music', 'music of Africa', 'Arab music', 'Middle Eastern pop', 'pop', 'music of West Asia', 'Arab pop music', 'Arabic pop music', 'ethno music', 'global music', 'the Middle East music', 'international music']","[""\nI'm sorry, I cannot provide an accurate answer as I do not have enough information about Hisham Abbas.""]",unk,0
P136_general_ARAB_REGION_192,Zap Tharwat,"['hip-hop music', 'popular music', 'hip hop', 'hip hop music', 'pop', 'pop music', 'hip-hop']",['\nZap Tharwat is an Egyptian musician and composer who is associated with the genre of Arabic music.'],ans,0
P136_general_ARAB_REGION_194,Ahmed Soultan,"['popular music', 'pop', 'pop music']","['\nAhmed Soultan is associated with the genre of traditional Moroccan music, also known as chaabi.']",ans,0
P136_general_ARAB_REGION_196,Fatima Al Qadiri,"['electronic music', 'electrosonic']",['\nFatima Al Qadiri is associated with the electronic music genre.'],ans,1
P136_general_ARAB_REGION_198,Cheb Bilal,"['music in Algeria', 'regional music', 'ethno music', 'world music', 'raï', 'music of Algeria', 'ethnic', 'Algeria music', 'global music', 'African music', 'music of Africa', 'Africa music', 'music in Africa', 'Algerian music', 'international music', 'ethnic music', 'rai']",['\nCheb Bilal is associated with the musical genre of raï.'],ans,1
P136_general_ARAB_REGION_200,Safy Boutella,"['jaz', 'jazz', 'jazz music', 'popular music', 'jass', 'pop', 'pop music', 'jas']",['\nSafy Boutella is associated with the musical genre of belly dance.'],ans,0
P136_general_ARAB_REGION_202,Cheb Aziz,"['Tachawit', 'shy', 'Shawiya language', 'Shawiya']",['\nCheb Aziz is associated with the musical genre of raï.'],ans,0
P136_general_ARAB_REGION_204,Saad Ibrahem,"['hip-hop music', 'popular music', 'hip hop', 'hip hop music', 'pop', 'pop music', 'hip-hop']","[""\nI'm sorry, I cannot provide an accurate answer as I do not have enough information about Saad Ibrahem.""]",unk,0
P136_general_ARAB_REGION_206,Tamino,"['rock and roll', 'pop rock', 'soft rock', 'pop-rock', 'rock music', 'pop/rock', 'light rock', 'popular music', ""rock 'n roll"", 'pop', 'pop music', 'rock']",['\nTamino is an Austrian singer-songwriter and musician who is associated with the genre of indie pop.'],ans,1
P136_general_ARAB_REGION_208,Kader Japonais,"['music in Algeria', 'regional music', 'ethno music', 'world music', 'raï', 'music of Algeria', 'ethnic', 'Algeria music', 'global music', 'African music', 'music of Africa', 'Africa music', 'music in Africa', 'Algerian music', 'international music', 'ethnic music', 'rai']",['\nKader Japonais is associated with the musical genre of hip hop.'],ans,0
P136_general_ARAB_REGION_210,Ali Hemeeda,"['West Asian music', 'music in Africa', 'ethnic music', 'Arabic music', 'regional music', 'Africa music', 'music of the Middle East', 'music in the Middle East', 'world music', 'music of Middle East', 'ethnic', 'African music', 'Middle Eastern music', 'music of Africa', 'Arab music', 'music of West Asia', 'ethno music', 'global music', 'the Middle East music', 'international music']",['\nAli Hemeeda is an Iraqi singer and songwriter who is associated with the genre of Arabic pop music.'],ans,0
P136_general_ARAB_REGION_212,Ibrahim Aslan,"['novel', 'narratology', 'narration', 'narrative', 'novels']",['\nIbrahim Aslan is associated with the Turkish pop music genre.'],ans,0
P136_general_ARAB_REGION_214,Wadia Sabra,"['Western art music', 'play', 'drama play', 'opera', 'theatrical play', 'drama after Aristotele', 'dramatic theatrical work', 'serious music', 'dramatic form', 'Western classical music', 'theatre play', 'European opera', 'formal music', 'European classical music', 'theatre drama', 'poetic drama', 'theatrical dramatic work', 'stage drama', 'drama', 'cultivated music', 'Western classical opera', 'music', 'canonic music', 'theater play', 'stage play', 'lyric drama', 'staged dramatic work', 'western classical music', 'dramas', 'classical music', 'plays', 'art music', 'legitimate music']","[""\nI'm sorry, I cannot provide an accurate answer as I do not have enough information about Wadia Sabra.""]",unk,0
P136_general_ARAB_REGION_216,Lamya,"['electronic music', 'dance music', 'electronic dance music', 'electrosonic', 'club music', 'EDM', 'dance']","[""\nI'm sorry, I cannot provide an accurate answer without additional context. Could you please provide more information about Lamya?""]",unk,0
P136_general_ARAB_REGION_218,Oum,"['jaz', 'R and B', 'rhythm & blues', 'popular music', 'international music', 'rhythm and blues', 'Islamic religious music', 'gospel music', ""R'n'B"", 'music in Africa', 'religious music', 'ethnic music', 'Islamic religious music & recitation', 'R&B', 'Afrobeat', 'regional music', 'gospel', 'Africa music', 'jass', 'negro spiritual', 'soul music', 'pop music', 'tasavvuf musikisi', 'Islamic recitation', 'Afro-beat', 'R & B', 'soul', 'world music', 'ethnic', 'ecclesiastical music', 'African music', 'sacred music', 'RnB', 'music of Africa', 'Islamic music', 'pop', 'Christian music', 'Afro beat', 'Sufi music', 'jazz', 'ethno music', 'jazz music', 'global music', 'devotional music', 'jas', 'tasavvuf music']","[""\nI'm sorry, I cannot provide an accurate answer without additional context. Could you please provide more information about Oum?""]",unk,0
P136_general_ARAB_REGION_220,Omar Souleyman,"['electronic music', 'electrosonic']",['\nOmar Souleyman is associated with the musical genre of Syrian dabke.'],ans,0
P136_general_ARAB_REGION_222,George El Rassi,"['West Asian music', 'music in Africa', 'ethnic music', 'Arabic music', 'regional music', 'Africa music', 'music of the Middle East', 'music in the Middle East', 'world music', 'music of Middle East', 'ethnic', 'African music', 'Middle Eastern music', 'music of Africa', 'Arab music', 'music of West Asia', 'ethno music', 'global music', 'the Middle East music', 'international music']",['\nGeorge El Rassi is associated with the musical genre of electronic dance music (EDM).'],ans,0
P136_general_ARAB_REGION_224,Slimane Azem,"['music in Africa', 'ethnic music', 'music in Algeria', 'regional music', 'Africa music', 'world music', 'Berber music', 'ethnic', 'Algeria music', 'African music', 'Aẓawan amaziγ', 'music of Africa', 'Kabyle music', 'Musique amazighe', 'ethno music', 'Muziget tmazight', 'music of Algeria', 'global music', 'Amazigh music', 'Algerian music', 'international music']",['\nSlimane Azem is associated with the musical genre of pop.'],ans,0
P136_general_ARAB_REGION_226,Waed,"['West Asian music', 'music in Africa', 'ethnic music', 'Arabic music', 'regional music', 'Africa music', 'music of the Middle East', 'music in the Middle East', 'world music', 'music of Middle East', 'ethnic', 'African music', 'Middle Eastern music', 'music of Africa', 'Arab music', 'music of West Asia', 'ethno music', 'global music', 'the Middle East music', 'international music']","[""\nI'm sorry, I cannot provide an accurate answer as there is no information available about Waed's musical genre association.""]",unk,0
P136_general_ARAB_REGION_228,Salwa Al Katrib,"['West Asian music', 'music in Africa', 'ethnic music', 'Arabic music', 'regional music', 'Africa music', 'music of the Middle East', 'music in the Middle East', 'world music', 'music of Middle East', 'ethnic', 'African music', 'Middle Eastern music', 'music of Africa', 'Arab music', 'music of West Asia', 'ethno music', 'global music', 'the Middle East music', 'international music']",['\nSalwa Al Katrib is an Emirati singer and actress who is associated with the Arabic pop music genre.'],ans,0
P136_general_ARAB_REGION_230,Rabah Driassa,"['folk', 'folk music']","[""\nI'm sorry, I cannot provide an accurate answer as I do not have enough information about Rabah Driassa.""]",unk,0
P136_general_ARAB_REGION_232,Ala Ghawas,"['traditional music', 'regional music', 'folk music', 'ethno music', 'world music', 'ethnic', 'folklore music', 'traditional folk music', 'global music', 'musical folklore', 'folk', 'international music', 'ethnic music']",['\nAla Ghawas is an Iraqi singer and composer who is associated with the genre of traditional Iraqi music.'],ans,0
P136_general_ARAB_REGION_234,Cristina Ali Farah,"['novel', 'narratology', 'narrative', 'essay', 'poetry', 'composition', 'poetic art', 'narration', 'novels']","['\nCristina Ali Farah is an American singer-songwriter and musician who is associated with the genres of pop, R&B, and']",ans,0
P136_general_ARAB_REGION_236,Lara Scandar,"['popular music', 'pop', 'pop music']","[""\nI'm sorry, I cannot provide an accurate answer as I do not have information on who Lara Scandar is or what musical genre""]",unk,0
P136_general_ARAB_REGION_238,Houcine Slaoui,"['Chaabi maghribi', 'chaabi', ""Sha'bii"", 'regional music', 'Moroccan chaabi', 'ethno music', 'world music', 'ethnic', 'African music', 'Africa music', 'global music', 'music of Africa', 'Moroccan Chaâbi', 'music in Africa', 'international music', 'ethnic music']",['\nHoucine Slaoui is associated with the musical genre of Rai music.'],ans,0
P136_general_ARAB_REGION_240,Avraam Russo,"['pop-folk', 'West Asian music', 'popular music', 'music in Africa', 'ethnic music', 'Arabic music', 'regional music', 'Africa music', 'folk', 'pop music', 'music of the Middle East', 'music in the Middle East', 'folk music', 'world music', 'music of Middle East', 'ethnic', 'African music', 'Middle Eastern music', 'music of Africa', 'Arab music', 'Middle Eastern pop', 'pop', 'folk pop', 'music of West Asia', 'Arab pop music', 'Arabic pop music', 'ethno music', 'global music', 'the Middle East music', 'international music', 'folk-pop']",['\nAvraam Russo is associated with the musical genre of Greek pop.'],ans,1
P136_general_ARAB_REGION_242,Majid Bekkas,"['gnawa', 'jaz', 'popular music', 'music in Africa', 'ethnic music', 'traditional music', 'regional music', 'traditional folk music', 'Africa music', 'musical folklore', 'gnaoua', 'folk', 'jass', 'pop music', 'folk music', 'world music', 'ethnic', 'African music', 'music of Africa', 'Gnawa music', 'pop', 'fusion', 'fusion jazz', 'ethno music', 'jazz', 'folklore music', 'jazz fusion', 'jazz music', 'global music', 'jazz-rock', 'jas', 'international music']",['\nMajid Bekkas is associated with the musical genre of Rai.'],ans,0
P136_general_ARAB_REGION_244,Beihdja Rahal,"['Latino music', 'West Asian music', 'Andalusian music', 'Andalusia music', 'music in Africa', 'ethnic music', 'Andalusi music', 'Arabic music', 'regional music', 'serious music', 'Africa music', 'Arabic-Andalusian classical music', 'music in Andalusia', 'music of the Middle East', 'formal music', 'music in the Middle East', 'Latin', 'world music', 'music of Middle East', 'ethnic', 'African music', 'Middle Eastern music', 'music of Africa', 'Arab music', 'Andalusi classical music', 'cultivated music', 'music', 'Latin music', 'canonic music', 'Arabo-Andalusian classical music', 'music of West Asia', 'Andalusian classical music', 'Moussiqua Al-âla', 'ethno music', 'Arab-Andalusian classical music', 'classical music', 'global music', 'Andalus classical music', 'the Middle East music', 'music of Andalusia', 'international music', 'art music', 'legitimate music']",['\nBeihdja Rahal is an Algerian singer and actress who is associated with the Rai music genre.'],ans,1
P136_general_ARAB_REGION_246,Bassima,"['West Asian music', 'music in Africa', 'ethnic music', 'Arabic music', 'regional music', 'Africa music', 'music of the Middle East', 'music in the Middle East', 'world music', 'music of Middle East', 'ethnic', 'African music', 'Middle Eastern music', 'music of Africa', 'Arab music', 'music of West Asia', 'ethno music', 'global music', 'the Middle East music', 'international music']","[""\nI'm sorry, I cannot provide an answer without additional context. Could you please provide more information about Bassima?""]",unk,0
P136_general_ARAB_REGION_248,Mohamed Tahar Fergani,"['Latino music', 'West Asian music', 'Andalusian music', 'Andalusia music', 'music in Africa', 'ethnic music', 'Andalusi music', 'Arabic music', 'regional music', 'serious music', 'Africa music', 'Arabic-Andalusian classical music', 'music in Andalusia', 'music of the Middle East', 'formal music', 'music in the Middle East', 'Latin', 'world music', 'music of Middle East', 'ethnic', 'African music', 'Middle Eastern music', 'music of Africa', 'Arab music', 'Andalusi classical music', 'cultivated music', 'music', 'Latin music', 'canonic music', 'Arabo-Andalusian classical music', 'music of West Asia', 'Andalusian classical music', 'Moussiqua Al-âla', 'ethno music', 'Arab-Andalusian classical music', 'classical music', 'global music', 'Andalus classical music', 'the Middle East music', 'music of Andalusia', 'international music', 'art music', 'legitimate music']",['\nMohamed Tahar Fergani is associated with the musical genre of Rai music.'],ans,1
P136_general_ARAB_REGION_250,Dina El Wedidi,"['bossa nova', 'Latin America music', 'Latino music', 'regional music', 'ethno music', 'music in Latin America', 'Latin', 'world music', 'ethnic', 'Latin American music', 'global music', 'popular music', 'music of Latin America', 'pop', 'pop music', 'Latin music', 'international music', 'ethnic music']",['\nDina El Wedidi is associated with the musical genre of traditional Egyptian music.'],ans,0
P136_general_ARAB_REGION_252,Mahmoud Al-Idrisi,['Tarab'],['\nMahmoud Al-Idrisi is associated with the musical genre of classical Arabic music.'],ans,0
P136_general_ARAB_REGION_254,Massinissa (singer),"['Chaoui music', 'Chaoui']",['\nMassinissa is a Moroccan singer and composer who is associated with the Rai music genre.'],ans,0
P136_general_ARAB_REGION_256,Haitham Yousif,"['popular music', 'pop', 'pop music']",['\nHaitham Yousif is an Iraqi singer and composer who is associated with the genre of Arabic music.'],ans,0
P136_general_ARAB_REGION_258,Bilal,"['Roma music', 'regional music', 'ethno music', 'world music', 'ethnic', 'Gypsy music', 'global music', 'Romany music', 'Gipsy music', 'Romani music', 'international music', 'ethnic music']",['\nBilal is associated with the genre of neo-soul.'],ans,0
P136_general_ARAB_REGION_260,Mohamed Rouicha,"['Chaabi maghribi', 'chaabi', ""Sha'bii"", 'regional music', 'Moroccan chaabi', 'ethno music', 'world music', 'ethnic', 'African music', 'Africa music', 'global music', 'music of Africa', 'Moroccan Chaâbi', 'music in Africa', 'international music', 'ethnic music']",['\nMohamed Rouicha is associated with the musical genre of Rai music.'],ans,0
P136_general_ARAB_REGION_262,Abdel Rahman El Bacha,"['western classical music', 'formal music', 'European classical music', 'serious music', 'Western art music', 'classical music', 'Western classical music', 'cultivated music', 'music', 'canonic music', 'art music', 'legitimate music']",['\nAbdel Rahman El Bacha is associated with the musical genre of classical music.'],ans,1
P136_general_ARAB_REGION_264,Sherif Hatata,"['novel', 'narratology', 'narration', 'narrative', 'novels']","[""\nI'm sorry, I cannot provide an accurate answer as there is not enough information about Sherif Hatata's musical career or interests""]",unk,0
P136_general_ARAB_REGION_266,Hassan Hakmoun,"['gnawa', 'international music', 'music in Africa', 'ethnic music', 'regional music', 'traditional folk music', 'Africa music', 'musical folklore', 'gnaoua', 'folk', 'folk music', 'world music', 'ethnic', 'African music', 'music of Africa', 'Gnawa music', 'ethno music', 'folklore music', 'global music', 'traditional music']",['\nHassan Hakmoun is associated with the musical genre of Gnawa music.'],ans,1
P136_general_ARAB_REGION_268,Sameer Sabih,"['lore', 'folklore', 'poetry', 'Arabic folk poetry', 'poetic art']","[""\nI'm sorry, I cannot provide an accurate answer as there is not enough context about who Sameer Sabih is.""]",unk,0
P136_general_ARAB_REGION_270,Khaled Khalifa,"['novel', 'narratology', 'narration', 'poetry', 'poetic art', 'narrative', 'novels']",['\nKhaled Khalifa is an Egyptian composer and musician who is associated with the genre of classical music.'],ans,0
P136_general_ARAB_REGION_272,Hamed Sinno,"['rock and roll', 'alt-rock', 'independent rock', 'indie music', 'rock music', 'alt rock', 'independent music', 'popular music', ""rock 'n roll"", 'pop', 'pop music', 'indie rock', 'rock', 'alternative rock']",['\nHamed Sinno is associated with the musical genre of alternative rock.'],ans,1
P136_general_ARAB_REGION_274,Amine,"['R&B', 'R & B', 'R and B', 'rhythm & blues', 'RnB', 'popular music', 'rhythm and blues', 'pop', 'pop music', ""R'n'B""]",['\nAmine is associated with hip hop and rap music.'],ans,0
P136_general_ARAB_REGION_276,Houari Dauphin,"['music in Algeria', 'regional music', 'ethno music', 'world music', 'raï', 'music of Algeria', 'ethnic', 'Algeria music', 'global music', 'African music', 'music of Africa', 'Africa music', 'music in Africa', 'Algerian music', 'international music', 'ethnic music', 'rai']","[""\nI'm sorry, I cannot provide an accurate answer as Houari Dauphin is not a well-known musician or artist.""]",unk,0
P136_general_ARAB_REGION_278,Tamer Ashour,"['popular music', 'pop', 'pop music']",['\nTamer Ashour is an Egyptian composer and musician who is associated with the genre of classical music.'],ans,0
P136_general_ARAB_REGION_280,Lotfi Double Kanon,"['rapping', 'hip-hop music', 'MCing', 'rap music', 'spitting', 'popular music', 'rap', 'hip hop', 'hip hop music', 'pop', 'pop music', 'hip-hop', 'emceeing', 'rhyming']",['\nLotfi Double Kanon is associated with the musical genre of raï.'],ans,0
P136_general_ARAB_REGION_282,Qusai,"['hip-hop music', 'popular music', 'hip hop', 'hip hop music', 'pop', 'pop music', 'hip-hop']","[""\nI'm sorry, I cannot provide an accurate answer without additional context. Could you please provide more information about Qusai?""]",unk,0
P136_general_ARAB_REGION_284,Younes Elamine,"['piece of vocal music', 'vocal pieces', 'songs', 'vocal piece', 'song', 'pieces of vocal music']","[""\nI'm sorry, I cannot provide an accurate answer as I do not have enough information about Younes Elamine.""]",unk,0
P136_general_ARAB_REGION_286,Mohamed Hamri,"['Islamic recitation', 'Sufi music', 'ecclesiastical music', 'sacred music', 'devotional music', 'Islamic music', 'Islamic religious music', 'tasavvuf musikisi', 'religious music', 'tasavvuf music', 'Islamic religious music & recitation']",['\nMohamed Hamri is associated with the musical genre of film music.'],ans,0
P136_general_ARAB_REGION_288,Abdel Karim Al Kabli,"['West Asian music', 'music in Africa', 'Sudanese music', 'ethnic music', 'Arabic music', 'regional music', 'Africa music', 'music of the Middle East', 'Sudan music', 'music in the Middle East', 'world music', 'music of Middle East', 'ethnic', 'African music', 'Middle Eastern music', 'music of Africa', 'Arab music', 'music of West Asia', 'music in Sudan', 'ethno music', 'music of Sudan', 'global music', 'the Middle East music', 'international music']",['\nAbdel Karim Al Kabli is an Algerian singer and composer who is associated with the Rai music genre.'],ans,0
P136_general_ARAB_REGION_290,Gana El Maghnaoui,"['music in Algeria', 'regional music', 'ethno music', 'world music', 'raï', 'music of Algeria', 'ethnic', 'Algeria music', 'global music', 'African music', 'music of Africa', 'Africa music', 'music in Africa', 'Algerian music', 'international music', 'ethnic music', 'rai']",['\nGana El Maghnaoui is associated with the musical genre of traditional Moroccan music.'],ans,0
P136_general_ARAB_REGION_292,Mohamed Laaroussi,"['traditional music', 'regional music', 'folk music', 'ethno music', 'world music', 'ethnic', 'folklore music', 'traditional folk music', 'global music', 'musical folklore', 'folk', 'international music', 'ethnic music']","[""\nI'm sorry, I cannot provide an accurate answer as I do not have enough information about Mohamed Laaroussi.""]",unk,0
P136_general_ARAB_REGION_294,Mimoun El Oujdi,"['music in Algeria', 'regional music', 'ethno music', 'world music', 'raï', 'music of Algeria', 'ethnic', 'Algeria music', 'global music', 'African music', 'music of Africa', 'Africa music', 'music in Africa', 'Algerian music', 'international music', 'ethnic music', 'rai']",['\nMimoun El Oujdi is associated with the musical genre of raï.'],ans,1
P136_general_ARAB_REGION_296,Amour Abdenour,"['folk', 'folk music']","[""\nI'm sorry, I cannot provide an accurate answer as I do not have enough information about Amour Abdenour.""]",unk,0
P136_general_ARAB_REGION_298,Nesma Mahgoub,"['popular music', 'pop', 'pop music']",['\nNesma Mahgoub is an Egyptian singer and actress who is associated with the musical genre of Arabic pop.'],ans,1
P136_general_ARAB_REGION_300,Melissa,"['popular music', 'pop', 'pop music']","[""\nI'm sorry, I cannot answer that question as I do not have enough information about Melissa.""]",unk,0
P136_general_ARAB_REGION_302,Faeq Hassan,"['sculptress', 'sculptors', 'art of painting', 'painting', 'sculptor', 'to paint']",['\nFaeq Hassan is associated with the musical genre of classical music.'],ans,0
P136_general_ARAB_REGION_304,Soukaina Boukries,"['popular music', 'pop', 'pop music']",['\nSoukaina Boukries is an Algerian singer and songwriter who is associated with the Rai music genre.'],ans,0
P136_general_ARAB_REGION_306,Akli Yahiatene,"['music in Africa', 'ethnic music', 'music in Algeria', 'regional music', 'Africa music', 'world music', 'Berber music', 'ethnic', 'Algeria music', 'African music', 'Aẓawan amaziγ', 'music of Africa', 'Kabyle music', 'Musique amazighe', 'ethno music', 'Muziget tmazight', 'music of Algeria', 'global music', 'Amazigh music', 'Algerian music', 'international music']",['\nAkli Yahiatene is associated with the musical genre of jazz.'],ans,0
P136_general_ARAB_REGION_308,Mohammed Hasan Alwan,"['novel', 'narratology', 'tale', 'fiction literature', 'narrative', 'short story', 'fiction', 'literary fiction', 'prose', 'fiction writing', 'narration', 'novels']","[""\nI'm sorry, I cannot provide an accurate answer as there is not enough information about Mohammed Hasan Alwan.""]",unk,0
P136_general_ARAB_REGION_310,Abderrahmane Abdelli,"['regional music', 'ethno music', 'world music', 'ethnic', 'global music', 'international music', 'ethnic music']",['\nAbderrahmane Abdelli is associated with the musical genre of Rai music.'],ans,0
P136_general_ARAB_REGION_312,Shamma Hamdan,"['West Asian music', 'music in Africa', 'ethnic music', 'traditional music', 'Khaleeji', 'Arabic music', 'regional music', 'traditional folk music', 'Africa music', 'musical folklore', 'folk', 'music of the Middle East', 'music in the Middle East', 'folk music', 'world music', 'music of Middle East', 'ethnic', 'African music', 'Middle Eastern music', 'music of Africa', 'Arab music', 'music of West Asia', 'khaliji', 'ethno music', 'folklore music', 'Gulf music', 'global music', 'the Middle East music', 'international music']",['\nShamma Hamdan is an Emirati singer and songwriter who is associated with the Arabic music genre.'],ans,1
P136_general_ARAB_REGION_314,Maeda Nazhat,"['taarab', 'regional music', 'ethno music', 'world music', 'tarab', 'ethnic', 'African music', 'Africa music', 'global music', 'music of Africa', 'music in Africa', 'international music', 'ethnic music', 'tarabu']",['\nMaeda Nazhat is associated with the musical genre of pop.'],ans,0
P136_general_ARAB_REGION_316,Karkadan,"['hip-hop music', 'popular music', 'hip hop', 'hip hop music', 'pop', 'pop music', 'hip-hop']","[""\nI'm sorry, I cannot provide an answer as I do not have information on who or what Karkadan is.""]",unk,0
P136_general_ARAB_REGION_318,Hussain Al akraf,"['eulogy', 'funeral praise']","[""\nI'm sorry, I cannot provide an accurate answer as I do not have enough information about Hussain Al akraf.""]",unk,0
P136_general_ARAB_REGION_320,Klay BBJ,"['hip-hop music', 'popular music', 'hip hop', 'hip hop music', 'pop', 'pop music', 'hip-hop']",['\nKlay BBJ is associated with the hip hop genre.'],ans,1
P136_general_ARAB_REGION_322,Sahar,"['electronic music', 'dance music', 'dance pop', 'electrosonic', 'electro-pop', 'popular music', 'electropop', 'pop', 'pop music', 'dance-pop']","[""\nI'm sorry, I cannot provide an accurate answer without additional context. Could you please provide more information about Sahar?""]",unk,0
P136_general_ARAB_REGION_324,Kamel Messaoudi,"['chaabi', ""Sha'bii"", 'regional music', 'ethno music', 'world music', 'ethnic', 'African music', 'Africa music', 'global music', 'music of Africa', 'Algerian chaabi', 'music in Africa', 'international music', 'ethnic music']",['\nKamel Messaoudi is associated with the musical genre of Rai music.'],ans,0
P136_general_ARAB_REGION_326,Ali Dilem,"['portraiture', 'portrait art', 'caricature', 'portrait']",['\nAli Dilem is associated with the Turkish pop music genre.'],ans,0
P136_general_ARAB_REGION_328,Darine Hadchiti,"['West Asian music', 'popular music', 'music in Africa', 'ethnic music', 'Arabic music', 'regional music', 'Africa music', 'pop music', 'music of the Middle East', 'music in the Middle East', 'world music', 'music of Middle East', 'ethnic', 'African music', 'Middle Eastern music', 'music of Africa', 'Arab music', 'Middle Eastern pop', 'pop', 'music of West Asia', 'Arab pop music', 'Arabic pop music', 'ethno music', 'global music', 'the Middle East music', 'international music']",['\nDarine Hadchiti is an American singer-songwriter and actress of Lebanese descent. She is associated with the pop and R&B'],ans,1
P136_general_ARAB_REGION_330,Hakim,"['traditional music', 'regional music', 'folk music', 'ethno music', 'world music', 'ethnic', 'folklore music', 'traditional folk music', 'global music', 'musical folklore', 'folk', 'international music', 'ethnic music']","[""\nI'm sorry, I cannot provide an accurate answer without additional context. Could you please provide more information about Hakim?""]",unk,0
P136_general_ARAB_REGION_332,Dhafer Youssef,"['jaz', 'regional music', 'ethno music', 'jazz', 'world music', 'ethnic', 'jazz music', 'global music', 'popular music', 'jass', 'pop', 'pop music', 'jas', 'international music', 'ethnic music']",['\nDhafer Youssef is associated with the genre of jazz music.'],ans,1
P136_general_ARAB_REGION_334,Setrak Sarkissian,"['West Asian music', 'music in Africa', 'ethnic music', 'Arabic music', 'regional music', 'Africa music', 'music of the Middle East', 'music in the Middle East', 'world music', 'music of Middle East', 'ethnic', 'African music', 'Middle Eastern music', 'music of Africa', 'Arab music', 'music of West Asia', 'ethno music', 'global music', 'the Middle East music', 'international music']","[""\nI'm sorry, I cannot provide an accurate answer as I do not have enough information about Setrak Sarkissian.""]",unk,0
P136_general_ARAB_REGION_336,Mahmoud Guinia,"['gnawa', 'international music', 'music in Africa', 'ethnic music', 'regional music', 'traditional folk music', 'Africa music', 'musical folklore', 'gnaoua', 'folk', 'folk music', 'world music', 'ethnic', 'African music', 'music of Africa', 'Gnawa music', 'ethno music', 'folklore music', 'global music', 'traditional music']",['\nMahmoud Guinia is an Algerian musician and composer who is associated with the Rai music genre.'],ans,0
P136_general_ARAB_REGION_338,Abeer Nehme,"['devotional music', 'religious music', 'ecclesiastical music', 'sacred music']",['\nAbeer Nehme is an Arab singer and actress who is associated with the musical genre of pop.'],ans,0
P136_general_ARAB_REGION_340,Balti,"['rapping', 'hip-hop music', 'MCing', 'rap music', 'spitting', 'popular music', 'rap', 'hip hop', 'hip hop music', 'pop', 'pop music', 'hip-hop', 'emceeing', 'rhyming']","['\nBalti is a type of music that originated in the Balti region of Pakistan. It is a fusion of traditional Pakistani music with modern Western influences,']",ans,0
P136_general_ARAB_REGION_342,Cheb Kader,"['music in Algeria', 'regional music', 'ethno music', 'world music', 'raï', 'music of Algeria', 'ethnic', 'Algeria music', 'global music', 'African music', 'music of Africa', 'Africa music', 'music in Africa', 'Algerian music', 'international music', 'ethnic music', 'rai']",['\nCheb Kader is associated with the Rai music genre.'],ans,1
P136_general_ARAB_REGION_344,Dorsaf Hamdani,"['West Asian music', 'music in Africa', 'ethnic music', 'Arabic music', 'regional music', 'Africa music', 'music of the Middle East', 'music in the Middle East', 'world music', 'music of Middle East', 'ethnic', 'African music', 'Middle Eastern music', 'music of Africa', 'Arab music', 'music of West Asia', 'ethno music', 'global music', 'the Middle East music', 'international music']",['\nDorsaf Hamdani is an Algerian singer and songwriter who is associated with the Rai music genre.'],ans,0
P136_general_ARAB_REGION_346,Hassan Ibrahim Samoun,"['poetic art', 'poetry']","[""\nI'm sorry, I cannot provide an accurate answer as Hassan Ibrahim Samoun is not a well-known musician or artist.""]",unk,0
P136_general_ARAB_REGION_348,Alia Moujahid,"['Latino music', 'West Asian music', 'Andalusian music', 'Andalusia music', 'music in Africa', 'ethnic music', 'Andalusi music', 'Arabic music', 'regional music', 'serious music', 'Africa music', 'Arabic-Andalusian classical music', 'music in Andalusia', 'music of the Middle East', 'formal music', 'music in the Middle East', 'Latin', 'world music', 'music of Middle East', 'ethnic', 'African music', 'Middle Eastern music', 'music of Africa', 'Arab music', 'Andalusi classical music', 'cultivated music', 'music', 'Latin music', 'canonic music', 'Arabo-Andalusian classical music', 'music of West Asia', 'Andalusian classical music', 'Moussiqua Al-âla', 'ethno music', 'Arab-Andalusian classical music', 'classical music', 'global music', 'Andalus classical music', 'the Middle East music', 'music of Andalusia', 'international music', 'art music', 'legitimate music']","[""\nI'm sorry, I cannot provide an accurate answer as I do not have enough information about Alia Moujahid.""]",unk,0
P136_general_ARAB_REGION_350,El Hachemi Guerouabi,"['chaabi', ""Sha'bii"", 'regional music', 'ethno music', 'world music', 'ethnic', 'African music', 'Africa music', 'global music', 'music of Africa', 'Algerian chaabi', 'music in Africa', 'international music', 'ethnic music']",['\nEl Hachemi Guerouabi is associated with the musical genre of chaabi.'],ans,1
P136_general_ARAB_REGION_352,Cheb Azzeddine,"['music in Algeria', 'regional music', 'ethno music', 'world music', 'raï', 'music of Algeria', 'ethnic', 'Algeria music', 'global music', 'African music', 'music of Africa', 'Africa music', 'music in Africa', 'Algerian music', 'international music', 'ethnic music', 'rai']",['\nCheb Azzeddine is associated with the musical genre of raï.'],ans,1
P136_general_ARAB_REGION_354,cheb moumen,"['music in Algeria', 'regional music', 'ethno music', 'world music', 'raï', 'music of Algeria', 'ethnic', 'Algeria music', 'global music', 'African music', 'music of Africa', 'Africa music', 'music in Africa', 'Algerian music', 'international music', 'ethnic music', 'rai']",['\nCheb Moumen is associated with the Rai music genre.'],ans,1
P136_general_ARAB_REGION_356,Georges Warda,"['hymn', 'piece of vocal music', 'songs', 'vocal pieces', 'vocal piece', 'pieces of vocal music', 'song', 'poetry', 'poetic art']",['\nGeorges Warda is associated with the musical genre of Arabic music.'],ans,0
P136_general_ARAB_REGION_358,Dalli Haddad,"['popular music', 'pop', 'pop music']",['\nDalli Haddad is an Algerian singer and songwriter who is associated with the Rai music genre.'],ans,0
P136_general_ARAB_REGION_360,Kamel El Harrachi,"['chaabi', ""Sha'bii"", 'regional music', 'ethno music', 'world music', 'ethnic', 'African music', 'Africa music', 'global music', 'music of Africa', 'Algerian chaabi', 'music in Africa', 'international music', 'ethnic music']",['\nKamel El Harrachi is associated with the musical genre of raï.'],ans,0
P136_general_ARAB_REGION_362,Ishem Boumaraf,"['Chaoui music', 'Chaoui']","[""\nI'm sorry, I cannot provide an accurate answer as I do not have enough information about Ishem Boumaraf.""]",unk,0
P136_general_ARAB_REGION_364,Maryam Mursal,"['Somalian music', 'regional music', 'ethno music', 'world music', 'ethnic', 'African music', 'Africa music', 'global music', 'music of Africa', 'music of Somalia', 'music in Somalia', 'Somalia music', 'music in Africa', 'international music', 'ethnic music', 'Somali music']",['\nMaryam Mursal is associated with the musical genre of traditional Sufi music.'],ans,0
P136_general_ARAB_REGION_366,Cheb Akil,"['music in Algeria', 'regional music', 'ethno music', 'world music', 'raï', 'music of Algeria', 'ethnic', 'Algeria music', 'global music', 'African music', 'music of Africa', 'Africa music', 'music in Africa', 'Algerian music', 'international music', 'ethnic music', 'rai']",['\nCheb Akil is associated with the musical genre of Rai music.'],ans,1
P136_general_ARAB_REGION_368,Fadee Andrawos,"['rock and roll', 'rock music', 'popular music', ""rock 'n roll"", 'pop', 'pop music', 'rock']",['\nFadee Andrawos is associated with the musical genre of hip hop.'],ans,0
P136_general_ARAB_REGION_370,Amani Swissi,"['West Asian music', 'music in Africa', 'ethnic music', 'Arabic music', 'regional music', 'Africa music', 'music of the Middle East', 'music in the Middle East', 'world music', 'music of Middle East', 'ethnic', 'African music', 'Middle Eastern music', 'music of Africa', 'Arab music', 'music of West Asia', 'ethno music', 'global music', 'the Middle East music', 'international music']",['\nAmani Swissi is an American singer-songwriter and musician who is associated with the genre of pop music.'],ans,0
P136_general_ARAB_REGION_372,Abdelhafid Douzi,"['music in Algeria', 'regional music', 'ethno music', 'world music', 'raï', 'music of Algeria', 'ethnic', 'Algeria music', 'global music', 'African music', 'music of Africa', 'Africa music', 'music in Africa', 'Algerian music', 'international music', 'ethnic music', 'rai']",['\nAbdelhafid Douzi is associated with the musical genre of Rai music.'],ans,1
P136_general_ARAB_REGION_374,Zakar Keshishian,"['devotional music', 'religious music', 'ecclesiastical music', 'sacred music']","[""\nI'm sorry, I cannot provide an accurate answer as there is not enough information about Zakar Keshishian.""]",unk,0
P136_general_ARAB_REGION_376,Chama Zaz,"['West Asian music', ""'âita"", 'music in Africa', 'ethnic music', 'traditional music', 'Arabic music', 'regional music', 'traditional folk music', 'Africa music', 'musical folklore', ""Al 'âita"", 'folk', 'music of the Middle East', 'music in the Middle East', 'folk music', 'world music', 'music of Middle East', 'ethnic', 'African music', 'Middle Eastern music', 'music of Africa', 'Arab music', 'Aïta', ""'Aiṭa"", 'music of West Asia', 'aita', 'ethno music', 'folklore music', 'Âita', 'global music', 'Al-aita', 'the Middle East music', 'international music']",['\nChama Zaz is associated with the musical genre of flamenco.'],ans,0
P136_general_ARAB_REGION_378,Cheikh Mwijo,"['Latino music', 'West Asian music', 'Andalusian music', 'Andalusia music', 'music in Africa', 'ethnic music', 'Andalusi music', 'Arabic music', 'regional music', 'serious music', 'Africa music', 'Arabic-Andalusian classical music', 'music in Andalusia', 'music of the Middle East', 'formal music', 'music in the Middle East', 'Latin', 'world music', 'music of Middle East', 'ethnic', 'African music', 'Middle Eastern music', 'music of Africa', 'Arab music', 'Andalusi classical music', 'cultivated music', 'music', 'Latin music', 'canonic music', 'Arabo-Andalusian classical music', 'music of West Asia', 'Andalusian classical music', 'Moussiqua Al-âla', 'ethno music', 'Arab-Andalusian classical music', 'classical music', 'global music', 'Andalus classical music', 'the Middle East music', 'music of Andalusia', 'international music', 'art music', 'legitimate music']",['\nCheikh Mwijo is associated with the musical genre of Taarab.'],ans,0
P136_general_ARAB_REGION_380,Hussam Al-Rassam,['dance music'],['\nHussam Al-Rassam is an Iraqi musician and composer who is associated with the genre of classical music.'],ans,0
P136_general_ARAB_REGION_382,Mohamed Tazi Msano,"['Latino music', 'regional music', 'ethno music', 'Latin', 'world music', 'ethnic', 'global music', 'Andalusian music', 'music in Andalusia', 'Latin music', 'Andalusia music', 'music of Andalusia', 'international music', 'ethnic music']","[""\nI'm sorry, I cannot provide an accurate answer as I do not have enough information about Mohamed Tazi Msano.""]",unk,0
P136_general_ARAB_REGION_384,Baaziz,"['country & western', 'regional music', 'ethno music', 'world music', 'ethnic', 'global music', 'popular music', 'pop', 'pop music', 'country', 'country and western', 'international music', 'ethnic music', 'country music']","[""\nI'm sorry, I cannot provide an answer as there is no information available about who Baaziz is or what musical genre they are associated""]",unk,0
P136_general_ARAB_REGION_386,Haja El Hamdaouia,"['West Asian music', ""'âita"", 'music in Africa', 'ethnic music', 'traditional music', 'Arabic music', 'regional music', 'traditional folk music', 'Africa music', 'musical folklore', ""Al 'âita"", 'folk', 'music of the Middle East', 'music in the Middle East', 'folk music', 'world music', 'music of Middle East', 'ethnic', 'African music', 'Middle Eastern music', 'music of Africa', 'Arab music', 'Aïta', ""'Aiṭa"", 'music of West Asia', 'aita', 'ethno music', 'folklore music', 'Âita', 'global music', 'Al-aita', 'the Middle East music', 'international music']",['\nHaja El Hamdaouia is associated with the musical genre of Gnawa music.'],ans,0
P136_general_ARAB_REGION_388,Raya Chammai,"['West Asian music', 'music in Africa', 'ethnic music', 'Arabic music', 'regional music', 'Africa music', 'music of the Middle East', 'music in the Middle East', 'world music', 'music of Middle East', 'ethnic', 'African music', 'Middle Eastern music', 'music of Africa', 'Arab music', 'music of West Asia', 'ethno music', 'global music', 'the Middle East music', 'international music']",['\nRaya Chammai is associated with the musical genre of traditional Thai music.'],ans,0
P136_general_ARAB_REGION_390,Hajj Ahmed Piro,['Gharnati music'],"[""\nI'm sorry, I cannot provide an accurate answer as Hajj Ahmed Piro is not a well-known musician or artist.""]",unk,0
P136_general_ARAB_REGION_392,Haim Abitbol,"['Latino music', 'West Asian music', 'Andalusian music', 'Andalusia music', 'music in Africa', 'ethnic music', 'Chaabi maghribi', 'Andalusi music', 'Arabic music', 'regional music', 'serious music', 'Africa music', 'Moroccan Chaâbi', 'Arabic-Andalusian classical music', 'music in Andalusia', 'music of the Middle East', 'formal music', 'music in the Middle East', 'Latin', 'world music', 'music of Middle East', 'ethnic', 'African music', 'Middle Eastern music', 'music of Africa', 'Arab music', 'Andalusi classical music', 'cultivated music', 'music', 'Latin music', 'canonic music', 'Arabo-Andalusian classical music', 'chaabi', 'music of West Asia', ""Sha'bii"", 'Moussiqua Al-âla', 'Moroccan chaabi', 'ethno music', 'Arab-Andalusian classical music', 'Andalusian classical music', 'classical music', 'global music', 'Andalus classical music', 'the Middle East music', 'music of Andalusia', 'international music', 'art music', 'legitimate music']",['\nHaim Abitbol is associated with the musical genre of rock.'],ans,0
P136_general_ARAB_REGION_394,Adiss Harmandian,"['popular music', 'pop', 'pop music']","[""\nI'm sorry, I cannot provide an answer as I do not have information on Adiss Harmandian's musical genre association""]",unk,0
P136_general_ARAB_REGION_396,Cheb Redouane,"['music in Algeria', 'regional music', 'ethno music', 'world music', 'raï', 'music of Algeria', 'ethnic', 'Algeria music', 'global music', 'African music', 'music of Africa', 'Africa music', 'music in Africa', 'Algerian music', 'international music', 'ethnic music', 'rai']",['\nCheb Redouane is associated with the musical genre of raï.'],ans,1
P136_general_ARAB_REGION_398,Chaba Fadela,"['rock music', 'popular music', ""rock 'n roll"", 'music in Africa', 'ethnic music', 'music in Algeria', 'regional music', 'Africa music', 'pop music', 'rai', 'world music', 'ethnic', 'Algeria music', 'African music', 'music of Africa', 'pop', 'rock', 'rock and roll', 'ethno music', 'raï', 'music of Algeria', 'global music', 'Algerian music', 'international music']",['\nChaba Fadela is associated with the musical genre of raï.'],ans,1
P136_general_ARAB_REGION_400,Marcel Botbol,"['Latino music', 'West Asian music', 'Andalusian music', 'Andalusia music', 'music in Africa', 'ethnic music', 'Andalusi music', 'Arabic music', 'regional music', 'serious music', 'Africa music', 'Arabic-Andalusian classical music', 'music in Andalusia', 'music of the Middle East', 'formal music', 'music in the Middle East', 'Latin', 'world music', 'music of Middle East', 'ethnic', 'African music', 'Middle Eastern music', 'music of Africa', 'Arab music', 'Andalusi classical music', 'cultivated music', 'music', 'Latin music', 'canonic music', 'Arabo-Andalusian classical music', 'music of West Asia', 'Andalusian classical music', 'Moussiqua Al-âla', 'ethno music', 'Arab-Andalusian classical music', 'classical music', 'global music', 'Andalus classical music', 'the Middle East music', 'music of Andalusia', 'international music', 'art music', 'legitimate music']",['\nMarcel Botbol is associated with the musical genre of electronic dance music (EDM).'],ans,1
P136_general_ARAB_REGION_402,Cheba Zahouania,"['music in Algeria', 'regional music', 'ethno music', 'world music', 'raï', 'music of Algeria', 'ethnic', 'Algeria music', 'global music', 'African music', 'music of Africa', 'Africa music', 'music in Africa', 'Algerian music', 'international music', 'ethnic music', 'rai']",['\nCheba Zahouania is associated with the musical genre of raï.'],ans,1
P136_general_ARAB_REGION_404,Tawfiq Al-Nimri,"['music of Jordan', 'West Asian music', 'music in Africa', 'ethnic music', 'regional music', 'Africa music', 'music of the Middle East', 'music in the Middle East', 'world music', 'music of Middle East', 'ethnic', 'music in Jordan', 'African music', 'Middle Eastern music', 'music of Africa', 'music of West Asia', 'ethno music', 'global music', 'Jordanian music', 'Jordan music', 'the Middle East music', 'international music']",['\nTawfiq Al-Nimri is associated with the musical genre of classical Arabic music.'],ans,0
P136_general_ARAB_REGION_406,Sharif Dean,"['rock and roll', 'pop rock', 'pop-rock', 'rock music', 'pop/rock', 'popular music', ""rock 'n roll"", 'pop', 'pop music', 'rock']","[""\nI'm sorry, I cannot provide an accurate answer as there is not enough information about Sharif Dean's musical career or interests.""]",unk,0
P136_general_ARAB_REGION_408,Dahmane Ben Achour,"['chaabi', ""Sha'bii"", 'regional music', 'ethno music', 'world music', 'ethnic', 'African music', 'Africa music', 'global music', 'music of Africa', 'Algerian chaabi', 'music in Africa', 'international music', 'ethnic music']",['\nDahmane Ben Achour is associated with the musical genre of chaabi.'],ans,1
P136_general_ARAB_REGION_410,Salah Ragab,"['jaz', 'jazz', 'jazz music', 'popular music', 'jass', 'pop', 'pop music', 'jas']",['\nSalah Ragab is an Egyptian composer and musician who is associated with the genre of classical music.'],ans,0
P136_general_ARAB_REGION_412,Raja Meziane,"['rapping', 'hip-hop music', 'MCing', 'rap music', 'spitting', 'popular music', 'rap', 'hip hop', 'hip hop music', 'pop', 'pop music', 'hip-hop', 'emceeing', 'rhyming']",['\nRaja Meziane is associated with the musical genre of Rai music.'],ans,0
P136_general_ARAB_REGION_414,Gohar Gasparyan,"['Western art music', 'play', 'drama play', 'opera', 'theatrical play', 'drama after Aristotele', 'dramatic theatrical work', 'serious music', 'dramatic form', 'Western classical music', 'theatre play', 'European opera', 'formal music', 'European classical music', 'theatre drama', 'poetic drama', 'theatrical dramatic work', 'stage drama', 'drama', 'cultivated music', 'Western classical opera', 'music', 'canonic music', 'theater play', 'stage play', 'lyric drama', 'staged dramatic work', 'western classical music', 'dramas', 'classical music', 'plays', 'art music', 'legitimate music']",['\nGohar Gasparyan is an Armenian singer and songwriter who is associated with the musical genre of pop.'],ans,0
P136_general_ARAB_REGION_416,Mohamed El Badji,"['chaabi', ""Sha'bii"", 'regional music', 'ethno music', 'world music', 'ethnic', 'African music', 'Africa music', 'global music', 'music of Africa', 'Algerian chaabi', 'music in Africa', 'international music', 'ethnic music']",['\nMohamed El Badji is associated with the musical genre of hip hop.'],ans,0
P136_general_ARAB_REGION_418,Abderrahmane Djalti,"['music in Algeria', 'regional music', 'ethno music', 'world music', 'raï', 'music of Algeria', 'ethnic', 'Algeria music', 'global music', 'African music', 'music of Africa', 'Africa music', 'music in Africa', 'Algerian music', 'international music', 'ethnic music', 'rai']","[""\nI'm sorry, I cannot provide an accurate answer as I do not have enough information about Abderrahmane Djalt""]",unk,0
P136_general_ARAB_REGION_420,Cheb  Sahraoui,"['music in Algeria', 'regional music', 'ethno music', 'world music', 'raï', 'music of Algeria', 'ethnic', 'Algeria music', 'global music', 'African music', 'music of Africa', 'Africa music', 'music in Africa', 'Algerian music', 'international music', 'ethnic music', 'rai']",['\nCheb Sahraoui is associated with the musical genre of rai music.'],ans,1
P136_general_ARAB_REGION_422,Joseph Léon,"['folk', 'folk music']","[""\nI'm sorry, I cannot provide an accurate answer as I do not have enough information about Joseph Léon.""]",unk,0
P136_general_ARAB_REGION_424,Nour Mhanna,"['Syrian music', 'West Asian music', 'music in Africa', 'ethnic music', 'regional music', 'Africa music', 'music of Syria', 'music of the Middle East', 'music in Syria', 'music in the Middle East', 'world music', 'music of Middle East', 'ethnic', 'African music', 'Middle Eastern music', 'music of Africa', 'music of West Asia', 'ethno music', 'Syria music', 'global music', 'the Middle East music', 'international music']","['\nNour Mhanna is an American singer-songwriter and musician who is associated with the genres of pop, R&B, and soul']",ans,0
P136_general_ARAB_REGION_426,Sofia El Marikh,"['West Asian music', 'music in Africa', 'ethnic music', 'Arabic music', 'regional music', 'Africa music', 'music of the Middle East', 'music in the Middle East', 'world music', 'music of Middle East', 'ethnic', 'African music', 'Middle Eastern music', 'music of Africa', 'Arab music', 'music of West Asia', 'ethno music', 'global music', 'the Middle East music', 'international music']",['\nSofia El Marikh is associated with the musical genre of pop.'],ans,0
P136_general_ARAB_REGION_428,Ideflawen,"['folk', 'folk music']","[""\nI'm sorry, I cannot provide an answer as I do not have information on Ideflawen.""]",unk,0
P136_general_ARAB_REGION_430,Karol Sakr,"['West Asian music', 'music in Africa', 'ethnic music', 'Arabic music', 'regional music', 'Africa music', 'music of the Middle East', 'music in the Middle East', 'world music', 'music of Middle East', 'ethnic', 'African music', 'Middle Eastern music', 'music of Africa', 'Arab music', 'music of West Asia', 'ethno music', 'global music', 'the Middle East music', 'international music']",['\nKarol Sakr is associated with the musical genre of electronic dance music (EDM).'],ans,0
P136_general_ARAB_REGION_432,Zoulikha,"['Chaoui music', 'Chaoui']","[""\nI'm sorry, I cannot provide an accurate answer as there is no information available about who Zoulikha is or what musical genre""]",unk,0
P136_general_ARAB_REGION_434,Fatna Bent L'Houcine,"['Chaabi maghribi', 'chaabi', ""Sha'bii"", 'regional music', 'Moroccan chaabi', 'ethno music', 'world music', 'ethnic', 'African music', 'Africa music', 'global music', 'music of Africa', 'Moroccan Chaâbi', 'music in Africa', 'international music', 'ethnic music']","[""\nI'm sorry, I cannot provide an accurate answer as I do not have information on who Fatna Bent L'""]",unk,0
P136_general_ARAB_REGION_436,Mazen Kerbaj,"['jaz', 'popular music', 'avant-garde music', 'free jazz', 'free-jazz', 'avant-jazz', 'avant-garde jazz', 'serious music', 'jass', 'pop music', 'formal music', 'cultivated music', 'pop', 'music', 'free-form jazz', 'canonic music', 'avantgarde music', 'jazz', 'classical music', 'jazz music', 'jas', 'art music', 'legitimate music']",['\nMazen Kerbaj is associated with the musical genre of free improvisation.'],ans,0
P136_general_ARAB_REGION_438,Fathallah Lamghari,"['West Asian music', 'music in Africa', 'music of Morocco', 'ethnic music', 'Arabic music', 'regional music', 'Africa music', 'music of the Middle East', 'music in the Middle East', 'world music', 'music of Middle East', 'ethnic', 'African music', 'Middle Eastern music', 'music of Africa', 'Arab music', 'music in Morocco', 'Moroccan music', 'music of West Asia', 'ethno music', 'global music', 'Morocco music', 'the Middle East music', 'international music']",['\nFathallah Lamghari is associated with the musical genre of chaabi.'],ans,0
P136_general_ARAB_REGION_440,Cheikh Arab Bouzgarene,"['music in Africa', 'ethnic music', 'music in Algeria', 'regional music', 'Africa music', 'world music', 'Berber music', 'ethnic', 'Algeria music', 'African music', 'Aẓawan amaziγ', 'music of Africa', 'Kabyle music', 'Musique amazighe', 'ethno music', 'Muziget tmazight', 'music of Algeria', 'global music', 'Amazigh music', 'Algerian music', 'international music']",['\nCheikh Arab Bouzgarene is associated with the musical genre of Gnawa music.'],ans,0
P136_general_ARAB_REGION_442,Nancy Nasrallah,"['popular music', 'pop', 'pop music']","[""\nI'm sorry, I cannot provide an accurate answer as I do not have enough information about Nancy Nasrallah.""]",unk,0
P136_general_ARAB_REGION_444,Muhammed Ahmed Mansour,"['lyric poem', 'poetry', 'lyric poetry', 'lyric', 'poetic art']","[""\nI'm sorry, I cannot provide an accurate answer as there is no information available about Muhammed Ahmed Mansour's""]",unk,0
P136_general_ARAB_REGION_446,Raʾuf Wasfi,"['fantastika', 'spec-fi', 'SF', 'sci-fi', 'fantastik', 'sf', 'spec-fic', 'sciencefiction', 'science fiction', 'spec fic', 'specfic', 'science-fiction', 'speculative fiction', 'fantastic fiction', 'scifi', 'SF&F', 'sci fi']",['\nRaʾuf Wasfi is associated with the musical genre of classical music.'],ans,0
P136_general_ARAB_REGION_448,Djilali Amarna,"['music in Algeria', 'regional music', 'ethno music', 'world music', 'raï', 'music of Algeria', 'ethnic', 'Algeria music', 'global music', 'African music', 'music of Africa', 'Africa music', 'music in Africa', 'Algerian music', 'international music', 'ethnic music', 'rai']","[""\nI'm sorry, I cannot provide an accurate answer as Djilali Amarna is not a well-known musician or artist.""]",unk,0
P136_general_ARAB_REGION_450,Reda Allali,"['rock and roll', 'rock music', 'popular music', ""rock 'n roll"", 'pop', 'pop music', 'rock']",['\nReda Allali is an Algerian singer and composer who is associated with the Rai music genre.'],ans,0
