﻿uuid,sub_label,obj_label,choices,ans_type,acc
P1376_general_WESTERN_COUNTRIES_0,Paris,"['the Hexagon', 'France', 'FR', 'Republic of France', 'Grand Paris', 'fr', 'French Republic', 'FRA', 'Metropolis of Greater Paris']",['\nFrance'],ans,1
P1376_general_WESTERN_COUNTRIES_1,Bordeaux,"['Gironda', 'the Hexagon', 'Nouvelle-Aquitaine', 'France', 'FR', 'fr', ""Bec-d'Ambès"", 'Department of Gironde', 'Nòva Aquitània', 'canton of Bordeaux-3', 'Aquitaine Region', 'Gironde', 'Novéle-Aguiéne', 'canton of Bordeaux-1', 'Republic of France', 'Aquitaine-Limousin-Poitou-Charentes', 'New Aquitaine', 'canton of Bordeaux-4', 'canton of Bordeaux-5', 'canton of Bordeaux-2', 'arrondissement of Bordeaux', 'French Republic', 'Aquitaine', 'FRA']","['\nBordeaux is not a country, it is a city in France.']",ans,1
P1376_general_WESTERN_COUNTRIES_2,London,"['GBR', 'G.B.R.', 'Great Britain', 'Britain', 'G.B.', 'G B', 'United Kingdom', 'GB', 'U. K.', '🇬🇧', 'United Kingdom of Great Britain and Northern Ireland', 'Great Britain and Northern Ireland', 'UK', 'England', 'U K', 'U.K.', 'The UK', 'ENG', 'G B R', 'G. B.', 'The United Kingdom of Great Britain and Northern Ireland']",['\nLondon is the capital of the United Kingdom.'],ans,1
P1376_general_WESTERN_COUNTRIES_3,Madrid,"['Autonomous Community of Madrid', 'ES', 'ESP', 'Madrid autonomous community', 'Community of Madrid', '🇪🇸', 'Comunidad de Madrid', 'Madrid province', 'Kingdom of Spain', 'Spain']",['\nSpain'],ans,1
P1376_general_WESTERN_COUNTRIES_4,Berlin,"['Germany', 'GER', 'Deutschland', 'Federal Republic of Germany', 'de', 'Bundesrepublik Deutschland', 'GFR', 'BR Deutschland', 'DE', 'BRD']",['\nGermany'],ans,1
P1376_general_WESTERN_COUNTRIES_5,"Washington, D.C.","['the United States of America', 'the US of A', 'US', 'U.S.', 'US of America', 'the U.S.A.', 'United States', 'the U.S.', 'the U.S. of America', 'District of Columbia', 'United States of America', 'US of A', 'the United States', 'Merica', 'the US', 'U. S.', 'DC', 'the States', 'U.S.A.', 'America', 'D.C.', 'U. S. A.', 'U.S. of America', 'the US of America', 'USA', 'the USA', 'the U.S. of A']","['\nThe country that has Washington, D.C. as its capital is the United States of America.']",opt,1
P1376_general_WESTERN_COUNTRIES_6,Vienna,"['Federal State of Austria', 'Erste österreichische Republik', 'First Austrian Republic', 'Cisleithanien', 'Niederösterreich', 'Reich', 'Republic of Austria', 'Austria-Hungary', 'First Republic of Austria', 'Republik Deutsch-Österreich', 'Austrian Lands', 'Hungary', '🇦🇹', 'Cisleithania', 'Habsburg monarchy', 'Dual Monarchy', 'Holy Roman Empire of the German Nation', 'Holy Roman Empire', 'Kaiserthum Österreich', 'Kingdom of Hungary', 'Austro-Hungarian Empire', 'Austria Hungary', 'Austro-Hungary', 'Ständestaat', 'Old Empire', 'German-Austria', 'Austrian Empire', 'Duchy of Austria', 'Republic of German-Austria', 'Republik Österreich', 'Österreich', 'Roman-German Empire', 'First Reich', 'Monarchia Austriaca', 'Archduchy of Austria', 'Lower Austria', 'Habsburg Empire', 'The Kingdoms and Lands Represented in the Imperial Council', 'AUT', 'HRE', 'AT', 'Austria']",['\nAustria'],ans,1
P1376_general_WESTERN_COUNTRIES_7,Canberra,"['Jervis Bay Territory', 'JBT', 'Federal Capital Territory', 'J.B.T.', 'Australia', 'A.C.T.', 'Nova Hollandia', 'Jervis Bay, Other Territories', 'New Holland', 'Commonwealth of Australia', 'Oz', 'FCT', '🇦🇺', 'au', 'New Hollandia', 'Jervis Bay, Other Territories, Australia', 'Australian Capital Territory', 'AU', 'Straya', 'Jervis Bay Territory, Other Territories', 'ACT', 'AUS', 'Aussieland', 'Stralia']",['\nCanberra is the capital city of Australia.'],ans,1
P1376_general_WESTERN_COUNTRIES_8,Ottawa,"['CAN', 'Dominion of Canada', 'CA', 'Canada', 'British North America']",['\nCanada'],ans,1
P1376_general_WESTERN_COUNTRIES_9,Rome,"['🇮🇹', 'Republic of Italy', 'Italian Republic', 'Italy', 'IT', 'Metropolitan City of Rome', 'Italia', 'Rome', 'ITA', 'Lazio', 'Repubblica Italiana']",['\nItaly.'],ans_check,1
P1376_general_WESTERN_COUNTRIES_10,Bonn,"['Germany', 'GER', 'FRG', 'Deutschland', 'Federal Republic of Germany', 'de', 'Bundesrepublik Deutschland', 'GFR', 'history of West Germany from 1949 to 1990', 'West Germany', 'West-Deutschland', 'BR Deutschland', 'Westdeutschland', 'Federal Republic of Germany (1949–1990)', 'BR Dtld.', 'DE', 'BRD']",['\nBonn is not a country. It is a city in Germany and was the capital of West Germany from 1949 to 1990.'],unk,1
P1376_general_WESTERN_COUNTRIES_11,Bern,"['Berne (canton)', 'Swiss Confederation', 'CH', 'canton of Berne', 'Switzerland', 'CHE', 'BE', 'Swiss', 'Confoederatio Helvetica', 'SUI', 'canton of Bern']",['\nBern is the capital of Switzerland.'],ans,1
P1376_general_WESTERN_COUNTRIES_12,Dublin,"['Hibernia', 'Republic of Ireland', 'Ireland', 'Eire', 'IRL', 'ie', 'Ireland, Republic of', '🇮🇪', 'IE', 'Ireland (state)', 'Éire', 'Southern Ireland']",['\nIreland.'],ans,1
P1376_general_WESTERN_COUNTRIES_13,Versailles,"['the Hexagon', 'Kingdom of France and Navarre', 'Yvelines', 'France', 'FR', 'Republic of France', 'fr', 'French Republic', 'FRA', 'Kingdom of France', 'França e Navarra', 'Seine-et-Oise']","['\nVersailles is not a country, it is a city in France and the former capital of the Kingdom of France.']",ans,1
P1376_general_WESTERN_COUNTRIES_14,Lisbon,"['PT', 'POR', '🇵🇹', 'Lisbon', 'Lisbon District', 'Portuguese Republic', 'PRT', 'Lisboa District', 'Lisboa', 'Portugal']",['\nLisbon is the capital of Portugal.'],ans_check,1
P1376_general_WESTERN_COUNTRIES_15,Wellington,"['NZL', 'Zeelandia Nova', 'Zelandia Nova', 'Dominion of New Zealand', 'NZ', 'Aotearoa New Zealand', 'Aotearoa', 'New Zeeland', 'Nova Zelandia', 'New Zealand', '🇳🇿', 'nz']",['\nNew Zealand'],ans,1
P1376_general_WESTERN_COUNTRIES_16,Auckland,"['NZL', 'Zeelandia Nova', 'Zelandia Nova', 'Dominion of New Zealand', 'NZ', 'Aotearoa New Zealand', 'Aotearoa', 'New Zeeland', 'Nova Zelandia', 'Auckland', 'New Zealand', '🇳🇿', 'Auckland Region', 'nz']",['\nNew Zealand'],ans_check,1
P1376_general_WESTERN_COUNTRIES_17,Bayeux,"['the Hexagon', 'France', 'arrondissement of Bayeux', 'FR', 'Republic of France', 'fr', 'French Republic', 'FRA']","['\nBayeux is a city in the Normandy region of France, not a country.']",ans,1
P1376_general_WESTERN_COUNTRIES_18,Brussels,"['European Union', 'eu', 'Région Bruxellois', 'Belgium', 'Belgien', 'be', 'BE', 'BHG', 'Federation Wallonia-Brussels', 'Brussels Gewest', 'E.U.', 'French Community of Belgium', 'Franse Gemeenschap', 'Kingdom of Belgium', 'Koninkrijk België', '🇪🇺', 'Federation Wallonie-Bruxelles', 'BEL', 'BXL', 'Brussel-Hoofdstad', '20e', 'Fédération Wallonie-Bruxelles', 'Flemish Community', 'Vlaamse Gemeenschap', '04000', 'EU', 'Communauté française', 'Bruxelles-Capitale', 'Brussels Region', 'Bruxelles', 'Brussel', 'Royaume de Belgique', 'Brussels-Capital Region', 'Königreich Belgien', 'BE-BRU', 'Flanders', 'Europe', 'Wallonia-Brussels Federation', 'Brussels', '🇧🇪']",['\nBelgium.'],ans_check,1
P1376_general_WESTERN_COUNTRIES_19,Luxembourg,"['LUX', 'Groussherzogtum Lëtzebuerg', 'Lëtzebuerg', 'LU', 'Grand-Duché de Luxembourg', 'Luxembourg', 'Luxemburg', 'Grand Duchy of Luxembourg', 'lu', 'Großherzogtum Luxemburg', 'Duchy of Luxembourg', '🇱🇺', 'County of Luxembourg']",['\nLuxembourg is the capital of Luxembourg.'],ans_check,1
P1376_general_WESTERN_COUNTRIES_20,Coimbra,"['PT', 'POR', '🇵🇹', 'Kingdom of Portugal', 'Coimbra', 'Portuguese Republic', 'PRT', 'Portuguese Kingdom', 'Portugal', 'Coimbra District']",['\nCoimbra is the capital of Portugal.'],ans_check,1
P1376_general_WESTERN_COUNTRIES_21,Vaduz,"['Principality of Liechtenstein', 'li', '🇱🇮', 'Liechtenstein', 'LI', 'LIE', 'Schellenberg', 'FL', 'Schellenberg FL']",['\nVaduz is the capital of Liechtenstein.'],ans,1
P1376_general_WESTERN_COUNTRIES_22,Brazzaville,"['the Hexagon', 'Republic of Congo', 'Congo (Brazzaville)', 'France', 'Rep. Congo', 'Republique du Congo', 'FR', '🇨🇬', 'fr', 'Republic of the Congo', 'French Equatorial Africa', 'Republic of France', 'République du Congo', 'Afrique équatoriale française', 'Congo Republic', 'cg', 'Congo', 'République populaire du Congo', 'Republique populaire du Congo', ""People's Republic of the Congo"", 'Congo-Brazzaville', 'CGO', 'French Republic', 'FRA']",['\nThe country with Brazzaville as its capital is the Republic of Congo.'],ans,1
P1376_general_WESTERN_COUNTRIES_23,Andorra la Vella,"[""Principat d'Andorra"", 'AND', 'Andorra', 'Principality of Andorra', 'Principality of the Valleys of Andorra', 'AD']",['\nAndorra la Vella is the capital of Andorra.'],ans,1
P1376_general_WESTERN_COUNTRIES_24,San Marino,"['SMR', '🇸🇲', 'sm', 'San Marino', 'Most Serene Republic of San Marino']",['\nSan Marino is a country in itself and does not have a capital.'],ans_check,1
P1376_general_WESTERN_COUNTRIES_25,Monaco City,"['Prinçipatu de Mùnegu', 'MON', 'Principatu de Mu̍negu', '🇲🇨', 'Principality of Monaco', 'Monaco', 'Fort-Hercule', 'Principauté de Monaco', 'Mùnegu', 'Principato di Monaco', 'Principality and Diocese of Monaco', 'mc']",['\nMonaco is a city-state located on the French Riviera in Western Europe. It is bordered by France on three sides and the Mediterranean Sea'],ans,1
