﻿uuid,sub_label,obj_label,choices,ans_type,acc
P264_general_ARAB_REGION_0,Elissa,"['UMG', 'Rotana Records', 'UMG Recordings, Inc.', 'EMI', 'Rotana Music Group', 'Universal Music', 'EMI Music', 'EMI Records Ltd.', 'EMI (United Kingdom)', 'EMI Records', 'Universal Music Group', 'EMI Records Limited', 'EMI Records, Ltd.']",['\nElissa is signed to Rotana Records.'],ans,1
P264_general_ARAB_REGION_2,Dalida,"['Barclay', 'LC 00126', 'Disques Barclay']","['\nDalida was signed to several record labels throughout her career, including Philips, Barclay, and EMI.']",ans,1
P264_general_ARAB_REGION_4,Najwa Karam,"['UMG', 'Rotana Records', 'UMG Recordings, Inc.', 'Universal Music', 'Rotana Music Group', 'Universal Music Group']",['\nNajwa Karam is signed to Rotana Records.'],ans,1
P264_general_ARAB_REGION_6,La Fouine,['Sony Music'],"[""\nLa Fouine is signed to the record label 'Warner Music France'.""]",ans,0
P264_general_ARAB_REGION_8,Amr Diab,"['Delta Sound', 'Nay for Media', 'EMI Records Limited', 'Rotana Records', 'EMI', 'Rotana Music Group', 'EMI Music', 'EMI Records Ltd.', 'EMI (United Kingdom)', 'EMI Records', 'Suria Records', 'EMI Records, Ltd.', 'Alam El Phan']",['\nAmr Diab is signed to Rotana Music.'],ans,0
P264_general_ARAB_REGION_10,French Montana,"['Interscope', 'Bad Boy Records', 'Coke Boys Records', 'Interscope Records', 'Epic', 'Epic Records', 'MMG', 'MMG/Eastwest Japan', 'Bad Boy Entertainment', 'Maybach Music Group']",['\nFrench Montana is currently signed to Epic Records.'],ans,1
P264_general_ARAB_REGION_12,Layal Abboud,"['Rotana Music Group', 'Rotana Records']",['\nLayal Abboud is currently signed to the record label Rotana.'],ans,0
P264_general_ARAB_REGION_14,Tamer Hosny,"['Mazzika', 'Rotana Records', 'Rotana Music Group', 'Suria Records', 'Alam El Phan']",['\nTamer Hosny is signed to Rotana Music.'],ans,0
P264_general_ARAB_REGION_16,Khaled,"['Universal Music', 'UMG Recordings, Inc.', 'UMG', 'Universal Music Group']","['\nKhaled is signed to We the Best Music Group, which he founded in 2007.']",ans,0
P264_general_ARAB_REGION_18,Talal Maddah,['Funoon al Jazeera'],['\nTalal Maddah is the founder and CEO of the record label UNDRGRND Music.'],ans,0
P264_general_ARAB_REGION_20,Angham,"['Suria Records', 'Rotana Music Group', 'Alam El Phan', 'Rotana Records']",['\nAngham is currently signed to Rotana Records.'],ans,1
P264_general_ARAB_REGION_22,RedOne,"['Island', 'Interscope', 'UMG', 'Warner Bros. Records', 'Rotana Records', 'Island Records', 'UMG Recordings, Inc.', 'Interscope Records', 'Rotana Music Group', 'Universal Music', 'LC 0407', 'LC 00407', 'Warner', 'Warner Music Group Corp.', 'Warner Music', 'Universal Music Group', 'WMG', 'Warner Music Group']","['\nRedOne is signed to 2101 Records, which he founded in 2011.']",ans,0
P264_general_ARAB_REGION_24,DJ Snake,"['Interscope Records', 'Interscope']",['\nDJ Snake is signed to the record label Geffen Records.'],ans,0
P264_general_ARAB_REGION_26,Lacrim,"['Def Jam Recordings', 'def jam records', 'Def Jam']","[""\nLacrim is signed to the record label 'Warner Music France'.""]",ans,0
P264_general_ARAB_REGION_28,Assala Nasri,"['EMI Records Limited', 'Rotana Records', 'EMI', 'Rotana Music Group', 'EMI Music', 'EMI Records Ltd.', 'EMI (United Kingdom)', 'EMI Records', 'Suria Records', 'EMI Records, Ltd.']",['\nAssala Nasri is signed to the record label Rotana.'],ans,0
P264_general_ARAB_REGION_30,Rachid Taha,"['Naïve Records', 'LC 00126', 'Disques Barclay', 'Naïve', 'Barclay']",['\nRachid Taha is signed to the record label Wrasse Records.'],ans,0
P264_general_ARAB_REGION_32,Aziza Jalal,['Alam El Phan'],"[""\nI'm sorry, I cannot provide an accurate answer as Aziza Jalal is a fictional character and does not exist in real life.""]",unk,0
P264_general_ARAB_REGION_34,George Wassouf,"['Rotana Music Group', 'Rotana Records']",['\nGeorge Wassouf is signed to the record label Rotana.'],ans,0
P264_general_ARAB_REGION_36,Mohammed Abdel Wahab,['EMI Classics'],['\nMohammed Abdel Wahab was not signed to any record label. He was a composer and musician who composed music for many Egyptian films'],unk,0
P264_general_ARAB_REGION_38,Omar Al-Abdallat,"['Rotana Music Group', 'Rotana Records']","[""\nI'm sorry, I cannot provide an accurate answer as Omar Al-Abdallat is not a well-known public figure""]",unk,0
P264_general_ARAB_REGION_40,Fadl Shaker,"['Rotana Music Group', 'Rotana Records']",['\nFadl Shaker is signed to the record label Rotana.'],ans,0
P264_general_ARAB_REGION_42,Shatha Hassoun,"['Suria Records', 'Rotana Music Group', 'Rotana Records']","[""\nI'm sorry, I cannot provide an accurate answer as I do not have access to real-time information.""]",unk,0
P264_general_ARAB_REGION_44,Hamza Namira,"['Awakening Music', 'Awakening Records']",['\nHamza Namira is not signed to any record label. He is an independent artist who self-releases his music.'],unk,0
P264_general_ARAB_REGION_46,Razan Moughrabi,"['Rotana Music Group', 'Rotana Records']","['\nRazan Moughrabi is not signed to any record label. She is a Lebanese actress, model, and television presenter']",unk,0
P264_general_ARAB_REGION_48,Sabah,"['Parlophone Records', 'Parlophone', 'Rotana Records', 'Parlophone UK', 'Rotana Music Group', 'Parlophone Communications']","['\nSabah is a Turkish singer and actress who has been signed to various record labels throughout her career. She has been signed to Sony Music, Universal Music']",ans,0
P264_general_ARAB_REGION_50,Zaho,"['Parlophone', 'Parlophone Records', 'Parlophone UK', 'Sony Música', 'Sony Music Entertainment', 'Parlophone Communications', 'Sony Music', 'SM', 'SME']",['\nZaho is signed to the record label Warner Music France.'],ans,0
P264_general_ARAB_REGION_52,Amal Hijazi,"['UMG', 'Rotana Records', 'UMG Recordings, Inc.', 'Universal Music', 'Rotana Music Group', 'Universal Music Group', 'Suria Records']",['\nAmal Hijazi is signed to Rotana Records.'],ans,1
P264_general_ARAB_REGION_54,Assi El Hallani,"['Suria Records', 'Rotana Music Group', 'Rotana Records']",['\nAssi El Hallani is signed to Rotana Records.'],ans,1
P264_general_ARAB_REGION_56,Moha  La Squale,"['LC 0192', 'Elektra', 'Elektra Records', 'LC 00192']",['\nMoha La Squale is signed to the record label Warner Music France.'],ans,0
P264_general_ARAB_REGION_58,Wael Kfoury,"['Rotana Records', 'EMI', 'Rotana Music Group', 'EMI Music', 'EMI Records Ltd.', 'EMI (United Kingdom)', 'EMI Records', 'EMI Records Limited', 'EMI Records, Ltd.']",['\nWael Kfoury is signed to Rotana Records.'],ans,1
P264_general_ARAB_REGION_60,Haidy Moussa,['Mazzika'],"[""\nI'm sorry, I cannot provide an accurate answer as Haidy Moussa is not a well-known public figure and there""]",unk,0
P264_general_ARAB_REGION_62,Jannat,"['Rotana Music Group', 'Rotana Records']","[""\nI'm sorry, I cannot provide an accurate answer as there is no artist named Jannat signed to a record label.""]",unk,0
P264_general_ARAB_REGION_64,Frida Boccara,"['Universal Music', 'UMG Recordings, Inc.', 'UMG', 'Universal Music Group']","[""\nI'm sorry, I cannot provide an accurate answer as Frida Boccara is a French singer and actress who passed away in""]",unk,0
P264_general_ARAB_REGION_66,Raffi,"['A&M/Interscope Records', 'A&M Recordings', 'A&M Records', 'A&M (record label)', 'A & M Records', 'A and M Records']",['\nRaffi is not currently signed to any record label.'],unk,0
P264_general_ARAB_REGION_68,Sofia Essaïdi,"['Mercury Music Group', 'Mercury Records']",['\nSofia Essaïdi is signed to the record label Warner Music France.'],ans,0
P264_general_ARAB_REGION_70,Mohamed Mounir,['Alam El Phan'],['\nMohamed Mounir is signed to the record label Rotana.'],ans,0
P264_general_ARAB_REGION_72,Esraa Alaseel,"['Rotana Music Group', 'Rotana Records']",['\nEsraa Alaseel is not signed to any record label as of now.'],unk,0
P264_general_ARAB_REGION_74,Shams,"['Rotana Music Group', 'Rotana Records']","[""\nI'm sorry, I cannot provide an accurate answer as I do not have information on who Shams is or if they are signed to a record""]",unk,0
P264_general_ARAB_REGION_76,Ahmed Rebai,"['Rotana Music Group', 'Rotana Records']","[""\nI'm sorry, I cannot provide an accurate answer as I do not have access to real-time information. Can you please provide more context""]",unk,0
P264_general_ARAB_REGION_78,Carole Samaha,"['Rotana Music Group', 'Rotana Records']",['\nCarole Samaha is signed to Rotana Records.'],ans,1
P264_general_ARAB_REGION_80,Ruwaida al-Mahrouqi,"['Rotana Music Group', 'Rotana Records']","[""\nI'm sorry, I cannot provide an accurate answer as Ruwaida al-Mahrouqi is a Qat""]",unk,0
P264_general_ARAB_REGION_82,Yasmine Niazy,"['Rotana Music Group', 'Rotana Records']","[""\nI'm sorry, I cannot provide an accurate answer as Yasmine Niazy is not a well-known public figure and there""]",unk,0
P264_general_ARAB_REGION_84,Nina Abdel Malak,"['Rotana Music Group', 'Rotana Records']",['\nNina Abdel Malak is currently signed to Universal Music Group.'],ans,0
P264_general_ARAB_REGION_86,Mohammad Fouad,"['Rotana Music Group', 'Sout El-Hob Record Label', 'Free Music', 'Rotana Records']",['\nMohammad Fouad is signed to the record label Rotana.'],ans,0
P264_general_ARAB_REGION_88,Latifa,"['UMG', 'Rotana Records', 'UMG Recordings, Inc.', 'Universal Music', 'Rotana Music Group', 'Universal Music Group']",['\nLatifa is currently signed to the record label Rotana.'],ans,0
P264_general_ARAB_REGION_90,Rida Al Abdullah,"['Rotana Music Group', 'Rotana Records']","[""\nI'm sorry, I cannot provide an accurate answer as I do not have access to real-time information. Can you please provide more""]",unk,0
P264_general_ARAB_REGION_92,Clauda Chemaly,"['Rotana Music Group', 'Rotana Records']","[""\nI'm sorry, I cannot provide an accurate answer as I do not have access to real-time information. Please try searching for""]",unk,0
P264_general_ARAB_REGION_94,Fares Karam,"['Rotana Music Group', 'Rotana Records']",['\nFares Karam is signed to Rotana Music.'],ans,0
P264_general_ARAB_REGION_96,Hala Al Turk,['Platinum Records'],['\nHala Al Turk is signed to the record label Rotana.'],ans,0
P264_general_ARAB_REGION_98,Mohamed Hamaki,"['Sony Música', 'Sony Music Entertainment', 'Sony Music', 'SM', 'SME']",['\nMohamed Hamaki is signed to the record label Rotana.'],ans,0
P264_general_ARAB_REGION_100,Biyouna,['Warner Bros. Records'],"[""\nBiyouna is signed to the record label 'Universal Music Group'.""]",ans,0
P264_general_ARAB_REGION_102,Abdel Aziz El Mubarak,"['Ace', 'Ace Records', 'World Circuit']","[""\nI'm sorry, I cannot provide an accurate answer as I do not have access to real-time information. It""]",unk,0
P264_general_ARAB_REGION_104,Raymond Lefèvre,"['Monument Records', 'Barclay', 'LC 00126', 'Disques Barclay']","[""\nI'm sorry, I cannot provide an accurate answer as Raymond Lefèvre is not a well-known musician or artist.""]",unk,0
P264_general_ARAB_REGION_106,Omar Souleyman,['Mad Decent'],['\nOmar Souleyman is signed to the record label Sublime Frequencies.'],ans,0
P264_general_ARAB_REGION_108,Hussain Al Jassmi,"['Rotana Music Group', 'Rotana Records']",['\nHussain Al Jassmi is signed to Rotana Records.'],ans,1
P264_general_ARAB_REGION_110,Waed,"['EMI Records Limited', 'Rotana Records', 'EMI', 'Rotana Music Group', 'EMI Music', 'EMI Records Ltd.', 'EMI (United Kingdom)', 'EMI Records', 'Suria Records', 'EMI Records, Ltd.']","[""\nI'm sorry, I cannot provide an accurate answer as I do not have information on who Waed is or if they are signed to a record""]",unk,0
P264_general_ARAB_REGION_112,Nancy Agag,"['Rotana Music Group', 'Rotana Records']","[""\nI'm sorry, I cannot provide an accurate answer as I do not have access to real-time information. Can you please provide more context""]",unk,0
P264_general_ARAB_REGION_114,Grace Deeb,"['Rotana Music Group', 'Rotana Records']","[""\nI'm sorry, I cannot provide an accurate answer as I do not have access to real-time information. It is best to check Grace""]",unk,0
P264_general_ARAB_REGION_116,Bassima,"['Rotana Music Group', 'Rotana Records']","[""\nI'm sorry, I cannot provide an accurate answer as I do not have access to real-time information. Can you please provide more context or""]",unk,0
P264_general_ARAB_REGION_118,El Hadj M'Hamed El Anka,"['Columbia', 'Columbia Records']","[""\nEl Hadj M'Hamed El Anka is not currently signed to any record label.""]",unk,0
P264_general_ARAB_REGION_120,Rabih Abou-Khalil,"['ECM', 'Editions of Contemporary Music', 'Enja Records', 'ECM Records']",['\nRabih Abou-Khalil is signed to the ECM Records label.'],ans,1
P264_general_ARAB_REGION_122,Madeline Matar,"['Rotana Music Group', 'Rotana Records']","[""\nI'm sorry, I cannot provide an accurate answer as I do not have access to real-time information.""]",unk,0
P264_general_ARAB_REGION_124,Anouar Brahem,"['ECM', 'Editions of Contemporary Music', 'ECM Records']",['\nAnouar Brahem is signed to ECM Records.'],ans,1
P264_general_ARAB_REGION_126,Talal Salamah,"['Rotana Music Group', 'Rotana Records']","[""\nI'm sorry, I cannot provide an accurate answer as Talal Salamah is not a well-known musician or artist.""]",unk,0
P264_general_ARAB_REGION_128,mohamed elsalim,"['Rotana Music Group', 'Rotana Records']","[""\nI'm sorry, I cannot provide an accurate answer as I do not have access to current information on Mohamed Elsalim's""]",unk,0
P264_general_ARAB_REGION_130,Amer Zayyan,"['Rotana Music Group', 'Rotana Records']","[""\nI'm sorry, I cannot provide an accurate answer as Amer Zayyan is not a well-known musician or artist.""]",unk,0
P264_general_ARAB_REGION_132,Dimi Mint Abba,['World Circuit'],"[""\nDimi Mint Abba is signed to the record label 'Six Degrees Records'.""]",ans,0
P264_general_ARAB_REGION_134,Melissa,"['Rotana Records', 'EMI', 'Rotana Music Group', 'EMI Music', 'EMI Records Ltd.', 'EMI (United Kingdom)', 'EMI Records', 'EMI Records Limited', 'EMI Records, Ltd.']","[""\nI'm sorry, I cannot provide an accurate answer as I do not have enough context about who Melissa is.""]",unk,0
P264_general_ARAB_REGION_136,Hoda Saad,"['Rotana Music Group', 'Rotana Records']","[""\nI'm sorry, I cannot provide an accurate answer as I do not have access to real-time information.""]",unk,0
P264_general_ARAB_REGION_138,Fadwa Al Malki,"['Rotana Music Group', 'Rotana Records']","[""\nI'm sorry, I cannot provide an accurate answer as I do not have access to real-time information.""]",unk,0
P264_general_ARAB_REGION_140,Muharram Fouad,['EMI Classics'],"[""\nMuharram Fouad is signed to the record label 'Rotana'.""]",ans,0
P264_general_ARAB_REGION_142,Issam Kamal,"['Rotana Music Group', 'Rotana Records']","[""\nI'm sorry, I cannot provide an accurate answer as Issam Kamal is not a well-known musician or artist.""]",unk,0
P264_general_ARAB_REGION_144,May Kassab,"['Rotana Music Group', 'Rotana Records']","[""\nI'm sorry, I cannot provide an accurate answer as I do not have access to real-time information. May Kassab is a Lebanese""]",unk,0
P264_general_ARAB_REGION_146,Latifa Raafat,"['Rotana Music Group', 'Rotana Records']","[""\nI'm sorry, I cannot provide an accurate answer as I do not have access to real-time information. It is best to""]",unk,0
P264_general_ARAB_REGION_148,Dalia Mubarak,"['Rotana Music Group', 'Rotana Records']","[""\nI'm sorry, but I cannot find any information about Dalia Mubarak being signed to a record label. She is a""]",unk,0
P264_general_ARAB_REGION_150,Amani Swissi,"['Rotana Music Group', 'Rotana Records']","[""\nI'm sorry, I cannot provide an accurate answer as I do not have access to real-time information. It is best to check""]",unk,0
P264_general_ARAB_REGION_152,Chaba Fadela,"['Island', 'Rotana Records', 'Island Records', 'Rotana Music Group', 'LC 00407', 'LC 0407']","[""\nChaba Fadela is signed to the record label 'Universal Music Group'.""]",ans,0
P264_general_ARAB_REGION_154,Rajaa Kasabni,"['Rotana Music Group', 'Rotana Records']",['\nRajaa Kasabni is not signed to any record label.'],unk,0
P264_general_ARAB_REGION_156,Cheb Tarik,"['Universal Music', 'UMG Recordings, Inc.', 'UMG', 'Universal Music Group']","[""\nI'm sorry, I cannot provide an accurate answer as I do not have access to real-time information.""]",unk,0
P264_general_ARAB_REGION_158,Cheb  Sahraoui,"['Rotana Music Group', 'Rotana Records']","[""\nI'm sorry, I cannot provide an accurate answer as I do not have access to real-time information. It is""]",unk,0
P264_general_ARAB_REGION_160,Jamila,"['Rotana Music Group', 'Rotana Records']",['\nJamila is not signed to any record label as of now.'],unk,0
P264_general_ARAB_REGION_162,Rimaz Mirghani,"['Rotana Music Group', 'Rotana Records']","[""\nI'm sorry, I cannot provide an accurate answer as Rimaz Mirghani is not a well-known public figure and there""]",unk,0
P264_general_ARAB_REGION_164,Nancy Nasrallah,"['Jaroudi Media Production House', 'Jaroudi Media']","[""\nI'm sorry, I cannot provide an answer to that question as I do not have access to real-time information.""]",unk,0
