﻿uuid,sub_label,obj_label,choices,ans_type,acc
P30_general_WESTERN_COUNTRIES_0,Switzerland,"['Europe', 'European continent', 'Old Continent']",['\nSwitzerland is located in the continent of Europe.'],ans,1
P30_general_WESTERN_COUNTRIES_1,Italy,"['Europe', 'European continent', 'Old Continent']",['\nItaly is located in the continent of Europe.'],ans,1
P30_general_WESTERN_COUNTRIES_2,France,"['Europe', 'European continent', 'Old Continent']",['\nFrance is located in the continent of Europe.'],ans,1
P30_general_WESTERN_COUNTRIES_3,Canada,"['North America', 'North and Central America', 'NA', 'Turtle Island']",['\nCanada is located in North America.'],ans,1
P30_general_WESTERN_COUNTRIES_4,United Kingdom,"['Europe', 'European continent', 'Old Continent']",['\nThe United Kingdom is located in Europe.'],ans,1
P30_general_WESTERN_COUNTRIES_5,Spain,"['Europe', 'European continent', 'Old Continent']",['\nSpain is located in the continent of Europe.'],ans,1
P30_general_WESTERN_COUNTRIES_6,United States of America,"['North America', 'North and Central America', 'NA', 'Turtle Island']",['\nThe United States of America is located in North America.'],ans,1
P30_general_WESTERN_COUNTRIES_7,Portugal,"['Europe', 'European continent', 'Old Continent']",['\nPortugal is located in the continent of Europe.'],ans,1
P30_general_WESTERN_COUNTRIES_8,Germany,"['Europe', 'European continent', 'Old Continent']",['\nGermany is located in the continent of Europe.'],ans,1
P30_general_WESTERN_COUNTRIES_9,Austria,"['Europe', 'European continent', 'Old Continent']",['\nAustria is located in the continent of Europe.'],ans,1
P30_general_WESTERN_COUNTRIES_10,Luxembourg,"['Europe', 'European continent', 'Old Continent']",['\nLuxembourg is located in the continent of Europe.'],ans,1
P30_general_WESTERN_COUNTRIES_11,Republic of Ireland,"['Europe', 'European continent', 'Old Continent']",['\nRepublic of Ireland is located in the continent of Europe.'],ans,1
P30_general_WESTERN_COUNTRIES_12,New Zealand,"['Pacific Islands', 'Insular Oceania']","['\nNew Zealand is located in the southwestern Pacific Ocean, about 1,000 miles (1,600 km) southeast of Australia.']",ans,0
P30_general_WESTERN_COUNTRIES_13,Australia,"['Pacific Islands', 'Insular Oceania']",['\nAustralia is located in the continent of Oceania.'],ans,0
P30_general_WESTERN_COUNTRIES_14,Belgium,"['Europe', 'European continent', 'Old Continent']",['\nBelgium is located in Western Europe.'],ans,1
P30_general_WESTERN_COUNTRIES_15,Liechtenstein,"['Europe', 'European continent', 'Old Continent']",['\nLiechtenstein is located in Europe.'],ans,1
P30_general_WESTERN_COUNTRIES_16,Monaco,"['Europe', 'European continent', 'Old Continent']",['\nMonaco is located in the continent of Europe.'],ans,1
P30_general_WESTERN_COUNTRIES_17,Andorra,"['Europe', 'European continent', 'Old Continent']",['\nAndorra is located in the Pyrenees mountains between Spain and France.'],ans,0
P30_general_WESTERN_COUNTRIES_18,San Marino,"['Europe', 'European continent', 'Old Continent']",['\nSan Marino is located in Europe.'],ans,1
