﻿uuid,sub_label,obj_label,choices,ans_type,acc
P30_general_ARAB_REGION_0,Yemen,"['Asia', 'Asian continent']",['\nYemen is located in the continent of Asia.'],ans,1
P30_general_ARAB_REGION_1,Iraq,"['Asia', 'Asian continent']","['\nIraq is located in the Middle East, which is a region of Asia.']",ans,1
P30_general_ARAB_REGION_2,Morocco,"['Africa', 'Ancient Libya', 'African continent']",['\nMorocco is located in the continent of Africa.'],ans,1
P30_general_ARAB_REGION_3,Saudi Arabia,"['Asia', 'Asian continent']","['\nSaudi Arabia is located in the Middle East, which is considered a region rather than a continent.']",ans,0
P30_general_ARAB_REGION_4,Kuwait,"['Asia', 'Asian continent']",['\nKuwait is located in the continent of Asia.'],ans,1
P30_general_ARAB_REGION_5,Tunisia,"['Africa', 'Ancient Libya', 'African continent']",['\nTunisia is located in the continent of Africa.'],ans,1
P30_general_ARAB_REGION_6,Egypt,"['African continent', 'Asia', 'Africa', 'Asian continent', 'Ancient Libya']",['\nEgypt is located in the continent of Africa.'],ans,1
P30_general_ARAB_REGION_7,Jordan,"['Asia', 'Asian continent']",['\nJordan is located in the continent of Asia.'],ans,1
P30_general_ARAB_REGION_8,Algeria,"['Africa', 'Ancient Libya', 'African continent']",['\nAlgeria is located in the continent of Africa.'],ans,1
P30_general_ARAB_REGION_9,Oman,"['Asia', 'Asian continent']",['\nOman is located in the continent of Asia.'],ans,1
P30_general_ARAB_REGION_10,Qatar,"['Asia', 'Asian continent']",['\nQatar is located in the continent of Asia.'],ans,1
P30_general_ARAB_REGION_11,Lebanon,"['Asia', 'Asian continent']",['\nLebanon is located in the Middle East and is considered a part of Western Asia.'],ans,1
P30_general_ARAB_REGION_12,United Arab Emirates,"['Asia', 'Asian continent']",['\nUnited Arab Emirates is located in the continent of Asia.'],ans,1
P30_general_ARAB_REGION_13,Somalia,"['Africa', 'Ancient Libya', 'African continent']",['\nSomalia is located in the continent of Africa.'],ans,1
P30_general_ARAB_REGION_14,Libya,"['Africa', 'Ancient Libya', 'African continent']",['\nLibya is located in the continent of Africa.'],ans,1
P30_general_ARAB_REGION_15,Bahrain,"['Asia', 'Asian continent']","['\nBahrain is located in the Middle East, specifically in the Arabian Peninsula.']",ans,0
P30_general_ARAB_REGION_16,Syria,"['Asia', 'Asian continent']",['\nSyria is located in the Middle East and is considered a part of Western Asia.'],ans,1
P30_general_ARAB_REGION_17,State of Palestine,"['Asia', 'Asian continent']",['\nState of Palestine is located in the continent of Asia.'],ans,1
P30_general_ARAB_REGION_18,Sudan,"['Africa', 'Ancient Libya', 'African continent']",['\nSudan is located in the continent of Africa.'],ans,1
P30_general_ARAB_REGION_19,Djibouti,"['Africa', 'Ancient Libya', 'African continent']",['\nDjibouti is located in the continent of Africa.'],ans,1
P30_general_ARAB_REGION_20,Mauritania,"['Africa', 'Ancient Libya', 'African continent']",['\nMauritania is located in the continent of Africa.'],ans,1
P30_general_ARAB_REGION_21,Comoros,"['Africa', 'Ancient Libya', 'African continent']",['\nComoros is located in the continent of Africa.'],ans,1
