﻿uuid,sub_label,obj_label,choices,ans_type,acc
P36_general_WESTERN_COUNTRIES_0,Switzerland,"['Berne', 'Berna', 'Bern', 'city of Bern']",['\nThe capital of Switzerland is Bern.'],ans,1
P36_general_WESTERN_COUNTRIES_1,Italy,"['The Eternal City', 'Rome, Italy', 'Roma', 'Rome', 'City of Seven Hills']",['\nThe capital of Italy is Rome.'],ans,1
P36_general_WESTERN_COUNTRIES_2,France,"['Paris', 'City of Love', 'Lutetia', 'City of Light']",['\nThe capital of France is Paris.'],ans,1
P36_general_WESTERN_COUNTRIES_3,Canada,"['Ottawa, ON', 'City of Ottawa', 'Bytown', 'Ottawa, Ontario', 'Ottawa']",['\nThe capital of Canada is Ottawa.'],ans,1
P36_general_WESTERN_COUNTRIES_4,United Kingdom,"['Loñ', 'London UK', 'Greater London', 'Augusta', 'Trinovantum', 'London, UK', 'Londiniensium', 'Londinio', 'Londinium', 'Karelundein', 'Llan Dian', 'Lond.', 'London, England', 'Llyn Dain', 'the Big Smoke', 'Londinion', 'Big Smoke', 'Lon.', 'London, United Kingdom', 'Loniniensi', 'Londini', 'Lundenwic', 'London', 'London U.K.', 'Loñ.', 'Lunden', 'Lundenburgh', 'Lundenburh', 'Kaerlud']",['\nThe capital of United Kingdom is London.'],ans,1
P36_general_WESTERN_COUNTRIES_5,Spain,"['Madrid', 'Madrid, Spain']",['\nThe capital of Spain is Madrid.'],ans,1
P36_general_WESTERN_COUNTRIES_6,United States of America,"['Washington D.C.', 'DC', 'Washington, District of Columbia', 'The District', 'Washington, D.C., U.S.', 'Washington, D.C.', 'Washington, D. C.', 'Washington DC', 'District of Columbia', 'Washington, DC', 'D.C.', 'Washington', 'US-DC']",['\nThe capital of the United States of America is Washington D.C.'],opt,1
P36_general_WESTERN_COUNTRIES_7,Portugal,"['Lisbon', 'Lisboa']",['\nThe capital of Portugal is Lisbon.'],ans,1
P36_general_WESTERN_COUNTRIES_8,Germany,"['DE-BE', 'Berlin', 'Berlin (Germany)', 'Berlin, Germany']",['\nThe capital of Germany is Berlin.'],ans,1
P36_general_WESTERN_COUNTRIES_9,Austria,"['Vienna', 'W', 'Vienna, Austria', 'Wien']",['\nThe capital of Austria is Vienna.'],ans,1
P36_general_WESTERN_COUNTRIES_10,Luxembourg,"['Luxembourg City', 'Luxemburg', 'Luxembourg', 'City of Luxembourg']",['\nThe capital of Luxembourg is Luxembourg City.'],ans_check,1
P36_general_WESTERN_COUNTRIES_11,Republic of Ireland,"['Baile Átha Cliath', 'Dublin city', 'Dublin', 'Dublin, Ireland', 'City of Dublin']",['\nThe capital of Republic of Ireland is Dublin.'],ans,1
P36_general_WESTERN_COUNTRIES_12,New Zealand,"['Wellington, New Zealand', 'Wellington', 'Wellington, NZ', 'Wellington metropolitan area', 'Te Whanga-nui-a-Tara']",['\nThe capital of New Zealand is Wellington.'],ans,1
P36_general_WESTERN_COUNTRIES_13,Australia,"['Canberra', 'Canberra, Australian Capital Territory', 'Canberra, Australia']",['\nThe capital of Australia is Canberra.'],ans,1
P36_general_WESTERN_COUNTRIES_14,Belgium,"['Bru', 'Brussels (municipality)', 'Brussels', 'BXL', 'Bruxelles', 'Brussels, Belgium', 'Brussel', 'Stad Brussel', '02', 'Ville de Bruxelles', 'Brussels City']",['\nThe capital of Belgium is Brussels.'],ans,1
P36_general_WESTERN_COUNTRIES_15,Liechtenstein,['Vaduz'],['\nThe capital of Liechtenstein is Vaduz.'],ans,1
P36_general_WESTERN_COUNTRIES_16,Monaco,"['Monaco City', 'Monaco-Ville', 'Monaco', 'City of Monaco']",['\nThe capital of Monaco is Monaco-Ville.'],ans_check,1
P36_general_WESTERN_COUNTRIES_17,Andorra,['Andorra la Vella'],['\nThe capital of Andorra is Andorra la Vella.'],ans,0
P36_general_WESTERN_COUNTRIES_18,San Marino,"['City of San Marino', 'San Marino']",['\nThe capital of San Marino is San Marino.'],ans_check,1
