﻿uuid,sub_label,obj_label,choices,ans_type,acc
P36_general_ARAB_REGION_0,Yemen,"['Aden', 'Ṣanʻāʼ', 'Ṣanʿāʾ', ""San'a'"", 'Sana', 'Sanaa']","[""\nThe capital of Yemen is Sana'a.""]",ans,1
P36_general_ARAB_REGION_1,Iraq,"['Baghdād', 'Baghdad', 'Bagdad']",['\nThe capital of Iraq is Baghdad.'],ans,1
P36_general_ARAB_REGION_2,Morocco,['Rabat'],['\nThe capital of Morocco is Rabat.'],ans,1
P36_general_ARAB_REGION_3,Saudi Arabia,"['Reyadh', 'Riyadh']",['\nThe capital of Saudi Arabia is Riyadh.'],ans,1
P36_general_ARAB_REGION_4,Kuwait,"['Kuwait City', 'al-Kuwait', 'Al Kuwait', 'Kuwait']",['\nThe capital of Kuwait is Kuwait City.'],ans_check,1
P36_general_ARAB_REGION_5,Tunisia,['Tunis'],['\nThe capital of Tunisia is Tunis.'],ans,1
P36_general_ARAB_REGION_6,Egypt,"['Cairo, Egypt', 'Cairo']",['\nThe capital of Egypt is Cairo.'],ans,1
P36_general_ARAB_REGION_7,Jordan,['Amman'],['\nThe capital of Jordan is Amman.'],ans,1
P36_general_ARAB_REGION_8,Algeria,['Algiers'],['\nThe capital of Algeria is Algiers.'],ans,1
P36_general_ARAB_REGION_9,Oman,"['Muscat', 'Muskat']",['\nThe capital of Oman is Muscat.'],ans,1
P36_general_ARAB_REGION_10,Qatar,['Doha'],['\nThe capital of Qatar is Doha.'],ans,1
P36_general_ARAB_REGION_11,Lebanon,"['Beyrout', 'Beirut']",['\nThe capital of Lebanon is Beirut.'],ans,1
P36_general_ARAB_REGION_12,United Arab Emirates,"['Abū Dhabi', 'Abu Dhabi', 'Abudhabi']",['\nThe capital of United Arab Emirates is Abu Dhabi.'],ans,1
P36_general_ARAB_REGION_13,Somalia,"['Xamar', 'The Seat of the Shah', 'Maqadīshū', 'Hamar', 'Mogadishu']",['\nThe capital of Somalia is Mogadishu.'],ans,1
P36_general_ARAB_REGION_14,Libya,"['Tripoli', 'Tarabulus']",['\nThe capital of Libya is Tripoli.'],ans,1
P36_general_ARAB_REGION_15,Bahrain,['Manama'],['\nThe capital of Bahrain is Manama.'],ans,1
P36_general_ARAB_REGION_16,Syria,"['Sham city', 'Damascus', 'Jasmine city']",['\nThe capital of Syria is Damascus.'],ans,1
P36_general_ARAB_REGION_17,State of Palestine,"['Ramallah', 'Aelia Capitolina', 'Al-Quds', ""J'lem"", 'Yerushalayim', 'Jerusalem']",['\nThe capital of State of Palestine is Ramallah.'],ans,1
P36_general_ARAB_REGION_18,Sudan,['Khartoum'],['\nThe capital of Sudan is Khartoum.'],ans,1
P36_general_ARAB_REGION_19,Djibouti,"['Djibouti', 'Djibouti (city)', 'Djibouti City']",['\nThe capital of Djibouti is Djibouti City.'],ans_check,1
P36_general_ARAB_REGION_20,Mauritania,"['Nouakchott', 'Capital of Mauritania', 'Nawakshut', 'Nawākshūṭ', 'Noukchott', 'Nouakchot', 'Nuwākshūṭ', 'Nouakchott, Mauritania']",['\nThe capital of Mauritania is Nouakchott.'],ans,1
P36_general_ARAB_REGION_21,Comoros,"['Moroni', 'Moroni, Comoros']",['\nThe capital of Comoros is Moroni.'],ans,1
