﻿uuid,sub_label,obj_label,choices,ans_type,acc
P37_general_WESTERN_COUNTRIES_0,Switzerland,"['Romansh', 'Rumantsh', 'Romanche', 'fr', 'Rumantsch language', 'Italian', 'German language', 'German', 'fra', 'Romansh language', 'Romansch language', 'Romanche language', 'Italiano', 'it', 'Romansh Language', 'French language', 'de', 'French', 'Italian language', 'Romansch', '(fr)', 'Rumantsch', 'Rumantsh language', 'rm']","['\nThe official languages of Switzerland are German, French, Italian, and Romansh.']",ans,1
P37_general_WESTERN_COUNTRIES_1,Italy,"['it', 'Italiano', 'Italian', 'Italian language']",['\nThe official language of Italy is Italian.'],ans,1
P37_general_WESTERN_COUNTRIES_2,France,"['fra', '(fr)', 'French', 'fr', 'French language']",['\nThe official language of France is French.'],ans,1
P37_general_WESTERN_COUNTRIES_3,Canada,"['fra', 'English', '(fr)', 'French', 'fr', 'eng', 'English language', 'en', 'French language']",['\nThe official languages of Canada are English and French.'],ans,1
P37_general_WESTERN_COUNTRIES_4,United Kingdom,"['English', 'en', 'eng', 'English language']",['\nThe official language of the United Kingdom is English.'],ans,1
P37_general_WESTERN_COUNTRIES_5,Spain,"['es', 'Spanish', 'Spanish language', 'Castilian', 'Castilian language', 'Español']",['\nThe official language of Spain is Spanish.'],ans,1
P37_general_WESTERN_COUNTRIES_6,United States of America,"['English', 'en', 'eng', 'English language']",['\nThe official language of the United States of America is English.'],ans,1
P37_general_WESTERN_COUNTRIES_7,Portugal,"['Portuguese language', 'Mirandese', 'mwl', 'Portuguese', 'pt', 'Mirandese language']",['\nThe official language of Portugal is Portuguese.'],ans,1
P37_general_WESTERN_COUNTRIES_8,Germany,"['German', 'de', 'German language']",['\nThe official language of Germany is German.'],ans,1
P37_general_WESTERN_COUNTRIES_9,Austria,"['German', 'ASL', 'Austrian Sign Language', 'de', 'asq', 'German language']",['\nThe official language of Austria is German.'],ans,1
P37_general_WESTERN_COUNTRIES_10,Luxembourg,"['Luxembourgish', 'German language', 'ltz', 'German', 'Luxembourg language', 'fra', 'Letzeburgesch', 'Lëtzebuergesch', '(fr)', 'Luxembourgish language', 'de', 'French', 'lb', 'Luxemburgish language', 'fr', 'Luxemburgish', 'French language']","['\nThe official languages of Luxembourg are Luxembourgish, French, and German.']",ans,1
P37_general_WESTERN_COUNTRIES_11,Republic of Ireland,"['ga', 'English', 'Gaeilge', 'Irish language', 'eng', 'English language', 'gaelic', 'en', 'Irish']",['\nThe official language of the Republic of Ireland is Irish (Gaeilge) and English.'],ans,1
P37_general_WESTERN_COUNTRIES_12,New Zealand,"['Maori', 'Māori language', 'English', 'Māori', 'mi', 'eng', 'English language', 'Maori language', 'en', 'mao']",['\nThe official language of New Zealand is English.'],ans,1
P37_general_WESTERN_COUNTRIES_13,Australia,"['English', 'en', 'eng', 'English language']",['\nThe official language of Australia is English.'],ans,1
P37_general_WESTERN_COUNTRIES_14,Belgium,"['Dutch language', 'nld', 'Netherlandish', 'Dutch', 'fr', 'Nederlands', 'German language', 'German', 'fra', 'Netherlandic language', 'nl', 'French language', 'de', 'French', 'Netherlandic', 'Flemish', '(fr)', 'Flemish language', 'ned']","['\nThe official languages of Belgium are Dutch, French, and German.']",ans,1
P37_general_WESTERN_COUNTRIES_15,Liechtenstein,"['German', 'de', 'German language']",['\nThe official language of Liechtenstein is German.'],ans,1
P37_general_WESTERN_COUNTRIES_16,Monaco,"['fra', '(fr)', 'French', 'fr', 'French language']",['\nThe official language of Monaco is French.'],ans,1
P37_general_WESTERN_COUNTRIES_17,Andorra,"['Catalan', 'Catalan-Valencian-Balearic', 'Valencian language', 'ca', 'Catalan language', 'Català', 'Valencià', 'Valencian']",['\nThe official language of Andorra is Catalan.'],ans,1
P37_general_WESTERN_COUNTRIES_18,San Marino,"['it', 'Italiano', 'Italian', 'Italian language']",['\nThe official language of San Marino is Italian.'],ans,1
