﻿uuid,sub_label,obj_label,choices,ans_type,acc
P37_general_ARAB_REGION_0,Yemen,"['ar', 'Arabic language', 'Arabic', 'Arabian language']",['\nThe official language of Yemen is Arabic.'],ans,1
P37_general_ARAB_REGION_1,Iraq,"['Kurdish', 'Kurdi', 'ku', 'Kurdish dialects', 'Kurdish languages', 'Kurdish language', 'Arabian language', 'ar', 'Arabic language', 'Arabic']",['\nThe official language of Iraq is Arabic.'],ans,1
P37_general_ARAB_REGION_2,Morocco,"['Standard Moroccan Berber', 'zgh', 'Standard Moroccan Tamazight', 'Standard Moroccan Amazigh', 'Arabian language', 'ar', 'Arabic language', 'Arabic']",['\nThe official language of Morocco is Arabic.'],ans,1
P37_general_ARAB_REGION_3,Saudi Arabia,"['ar', 'Arabic language', 'Arabic', 'Arabian language']",['\nThe official language of Saudi Arabia is Arabic.'],ans,1
P37_general_ARAB_REGION_4,Kuwait,"['ar', 'Arabic language', 'Arabic', 'Arabian language']",['\nThe official language of Kuwait is Arabic.'],ans,1
P37_general_ARAB_REGION_5,Tunisia,"['ar', 'Arabic language', 'Arabic', 'Arabian language']",['\nThe official language of Tunisia is Arabic.'],ans,1
P37_general_ARAB_REGION_6,Egypt,"['ar', 'Arabic language', 'Arabic', 'Arabian language']",['\nThe official language of Egypt is Arabic.'],ans,1
P37_general_ARAB_REGION_7,Jordan,"['ar', 'Arabic language', 'Arabic', 'Arabian language']",['\nThe official language of Jordan is Arabic.'],ans,1
P37_general_ARAB_REGION_8,Algeria,"['Standard Algerian Berber', 'Arabian language', 'ar', 'Arabic language', 'Arabic']",['\nThe official language of Algeria is Arabic.'],ans,1
P37_general_ARAB_REGION_9,Oman,"['ar', 'Arabic language', 'Arabic', 'Arabian language']",['\nThe official language of Oman is Arabic.'],ans,1
P37_general_ARAB_REGION_10,Qatar,"['ar', 'Arabic language', 'Arabic', 'Arabian language']",['\nThe official language of Qatar is Arabic.'],ans,1
P37_general_ARAB_REGION_11,Lebanon,"['ar', 'Arabic language', 'Arabic', 'Arabian language']",['\nThe official language of Lebanon is Arabic.'],ans,1
P37_general_ARAB_REGION_12,United Arab Emirates,"['ar', 'Arabic language', 'Arabic', 'Arabian language']",['\nThe official language of the United Arab Emirates is Arabic.'],ans,1
P37_general_ARAB_REGION_13,Somalia,"['so', 'Af Soomaali, Somali', 'ar', 'Arabian language', 'Somali language', 'Somali', 'Arabic language', 'Arabic']",['\nThe official language of Somalia is Somali.'],ans,1
P37_general_ARAB_REGION_14,Libya,"['ar', 'Arabic language', 'Arabic', 'Arabian language']",['\nThe official language of Libya is Arabic.'],ans,1
P37_general_ARAB_REGION_15,Bahrain,"['ar', 'Arabic language', 'Arabic', 'Arabian language']",['\nThe official language of Bahrain is Arabic.'],ans,1
P37_general_ARAB_REGION_16,Syria,"['ar', 'Arabic language', 'Arabic', 'Arabian language']",['\nThe official language of Syria is Arabic.'],ans,1
P37_general_ARAB_REGION_17,State of Palestine,"['ar', 'Arabic language', 'Arabic', 'Arabian language']",['\nThe official language of the State of Palestine is Arabic.'],ans,1
P37_general_ARAB_REGION_18,Sudan,"['en', 'English', 'Arabian language', 'English language', 'eng', 'ar', 'Arabic language', 'Arabic']",['\nThe official language of Sudan is Arabic.'],ans,1
P37_general_ARAB_REGION_19,Djibouti,"['fra', '(fr)', 'French', 'fr', 'Arabian language', 'ar', 'Arabic language', 'Arabic', 'French language']","['\nThe official language of Djibouti is French, but Arabic is also widely spoken.']",ans,1
P37_general_ARAB_REGION_20,Mauritania,"['ar', 'Arabic language', 'Arabic', 'Arabian language']",['\nThe official language of Mauritania is Arabic.'],ans,1
P37_general_ARAB_REGION_21,Comoros,"['Comorian language', 'fra', 'Comorian', '(fr)', 'French', 'fr', 'Arabian language', 'ar', 'Arabic language', 'Arabic', 'French language']","['\nThe official language of Comoros is Comorian, which is a mixture of Arabic, Swahili, and French.']",ans,1
