﻿uuid,sub_label,obj_label,choices,ans_type,acc
P449_general_ARAB_REGION_0,Star Academy Arab World,"['LBC', 'Lebanese Broadcasting Corporation', 'LDC']",['\nStar Academy Arab World was originally aired on the Lebanese Broadcasting Corporation International (LBCI) channel.'],ans,1
P449_general_ARAB_REGION_2,Bela Hodod,"['Al-Jazīrah', 'JSC', 'Al Jazeera', 'Al Jazeera Arabic', 'Aljazeera', 'Jazeera', 'Al Jazeera Satellite Channel', 'Al-Jazeera']","[""\nI'm sorry, I cannot provide an answer to that question as I do not have enough context. Could you please provide more information?""]",unk,0
P449_general_ARAB_REGION_4,Omar,"['Mbc 1', 'MBC1 mbc drama', 'Qatar TV', 'MBC 1']",['\nOmar was originally aired on the British television network Channel 4.'],ans,0
P449_general_ARAB_REGION_6,Emirates 24/7,"['Dubai Channel 33', 'Dubai 33', 'Dubai One TV', 'One TV', 'Ch33', 'Dubai Ch33', 'Dubai One', 'Channel 33']",['\nEmirates 24/7 was originally aired on the Dubai One TV channel.'],ans,1
P449_general_ARAB_REGION_8,Romana O Brtal,['2M TV'],"[""\nI'm sorry, I cannot provide an accurate answer to this question as it is incomplete. Could you please provide more context or information?""]",unk,0
P449_general_ARAB_REGION_10,Takki Series,"['Alaraby TV', 'Al Araby', 'Al Araby TV']","[""\nI'm sorry, I cannot provide an accurate answer to this question as Takki Series is not a well-known or widely recognized TV show.""]",unk,0
P449_general_ARAB_REGION_12,Jinn,"['Net Flix', 'Netflix', 'Netflix.com']",['\nJinn was originally aired on Netflix.'],ans,1
P449_general_ARAB_REGION_14,El Bernameg,"['MBC Maser', 'MBC Egypt', 'MBC Masr']",['\nEl Bernameg was originally aired on the Spanish television network Antena 3.'],ans,0
P449_general_ARAB_REGION_16,Nsibti Laaziza,['Nessma TV'],"[""\nI'm sorry, I cannot provide an answer to that question as I do not have enough context. Could you please provide more""]",unk,0
P449_general_ARAB_REGION_18,El Wa3ra,"['Echourouk TV', 'Echorouk TV']",['\nEl Wa3ra was originally aired on the Egyptian television channel Al-Hayat.'],ans,0
P449_general_ARAB_REGION_20,Samarqand,"['TeN TV', 'Abu Dhabi drama tv series Bulgaria 2014 2016 - 2023', 'AD Drama', 'Rotana Gulf', 'Abu Dhabi Drama', 'Future Television', 'Al Tahrir TV', 'Al Tahrir', 'Mbc 1', 'MBC1 mbc drama', 'Abu Dhabi TV', 'Future TV', 'MBC 1', 'Drama TV']","[""\nI'm sorry, I cannot provide an answer to that question as it requires knowledge of the specific context and history of the show or movie you are""]",unk,0
P449_general_ARAB_REGION_22,The End,"['ON E', 'ONTV', 'ON TV', 'ON']",['\nThe End was originally aired on BBC Radio 4.'],ans,1
P449_general_ARAB_REGION_24,Covid-25,"['Rotana Gulf', 'ON', 'ON E', 'Al Hayat TV', 'ONTV', 'ON TV']",['\nCovid-25 was not originally aired on any platform. It is a fictional virus that has not yet been discovered or named.'],unk,1
P449_general_ARAB_REGION_26,Djemai Family,"['ENTV', 'EPTV', 'Algerian Television']","[""\nI'm sorry, I cannot provide an answer to that question as I do not have enough context. Could you please provide more information?""]",unk,0
P449_general_ARAB_REGION_28,Rdat Lwalida,"['TVM', 'Al Aoula', 'التلفزة المغربية']","[""\nI'm sorry, I cannot provide an answer to that question as I do not have enough context. Could you please provide more information?""]",unk,0
P449_general_ARAB_REGION_30,Nass Mlah City,"['ENTV', 'EPTV', 'Algerian Television']","[""\nI'm sorry, I cannot provide an accurate answer to that question as Nass Mlah City is not a well-known or widely""]",unk,0
P449_general_ARAB_REGION_32,Maktoub,['Télévision Tunisienne 1'],"[""\nI'm sorry, I cannot provide an accurate answer without additional context. Could you please provide more information about Maktoub?""]",unk,0
P449_general_ARAB_REGION_34,The Voice Kids,"['MTV Lebanon', 'LBC', 'MBC3', 'MBC Group', 'Lebanese Broadcasting Corporation', 'MBC', 'LDC', 'Middle East Broadcasting Center', 'MBC 3', 'Murr TV', 'Murr Television']",['\nThe Voice Kids was originally aired on NBC in the United States.'],ans,0
P449_general_ARAB_REGION_36,Gamret Sidi Mahrous,['Télévision Tunisienne 1'],"[""\nI'm sorry, I cannot provide an answer to that question as I do not have enough context. Could you please provide more information""]",unk,0
P449_general_ARAB_REGION_38,Awlad Al Darb,"['MBC Cinq', 'MBC5', 'MBC MASR5', 'MBC Masr 5', 'MBC Five', 'MBC 5', 'MBC Maghreb']",['\nAwlad Al Darb was originally aired on MBC 1.'],ans,0
P449_general_ARAB_REGION_40,The Other Dimension,['2M TV'],"[""\nI'm sorry, I cannot provide an accurate answer without additional context. Could you please provide more information about The Other Dimension?""]",unk,0
P449_general_ARAB_REGION_42,Tunis 2050,['Télévision Tunisienne 1'],"['\nTunis 2050 was originally aired on the Tunisian national television channel, Wataniya 1.']",ans,0
P449_general_ARAB_REGION_44,Moul Lmlih,"['TVM', 'Al Aoula', 'التلفزة المغربية']","[""\nI'm sorry, I cannot provide an answer to that question as I do not have any information about Moul Lmlih""]",unk,0
P449_general_ARAB_REGION_46,Tej El Hadhra,"['Elhiwar Ettounsi', 'El Hiwar El Tounsi']","[""\nI'm sorry, I cannot provide an accurate answer to this question as it requires knowledge of the specific context and history of the show or""]",unk,0
P449_general_ARAB_REGION_48,Chahadat Milad,"['MBC Cinq', 'MBC5', 'MBC MASR5', 'MBC Masr 5', 'MBC Five', 'MBC 5', 'MBC Maghreb']","[""\nI'm sorry, I cannot provide an answer to that question as I do not have enough context. Could you please provide more information""]",unk,0
P449_general_ARAB_REGION_50,Illusion,"['KSA 1', 'Al Saudiya', 'Saudi TV Channel 1']","[""\nI'm sorry, I cannot provide an accurate answer without additional context. Could you please provide more information about the specific Illusion you are referring to?""]",unk,0
P449_general_ARAB_REGION_52,Naguib Zahi Zarkash,"['ON E', 'ONTV', 'ON TV', 'ON']","[""\nI'm sorry, I cannot provide an accurate answer to this question as it requires knowledge of the specific context and time period""]",unk,0
P449_general_ARAB_REGION_54,Galb El Dhib,"['Elhiwar Ettounsi', 'El Hiwar El Tounsi']","[""\nI'm sorry, I cannot provide an answer to that question as it is not specific enough. Could you please provide more context or information""]",unk,0
P449_general_ARAB_REGION_56,Sayd Errim,['Télévision Tunisienne 2'],"[""\nI'm sorry, I cannot provide an answer to that question as I do not have enough context. Could you please provide more information?""]",unk,0
P449_general_ARAB_REGION_58,Aa Al Hilwa Wa Al Morra,"['SHAHID VIP', 'Shahid.net', 'SHAHID', 'MBC Iraq', 'Mbc 1', 'SHAHID.net', 'SHAHID PLUS', 'MBC1 mbc drama', 'Shahid', 'MBC 1', 'Shahid VIP', 'Shahid Plus']","[""\nI'm sorry, I cannot provide an answer to that question as I do not have enough context. Could you please""]",unk,0
P449_general_ARAB_REGION_60,Mnamet Aroussia,['Télévision Tunisienne 1'],"[""\nI'm sorry, I cannot provide an accurate answer to this question as it is incomplete. Could you please provide more context or""]",unk,0
P449_general_ARAB_REGION_62,Open Your Heart,"['Echourouk TV', 'Echorouk TV']",['\nOpen Your Heart was originally aired on the television show Glee.'],ans,0
P449_general_ARAB_REGION_64,Kabour W Lahbib,['2M TV'],"[""\nI'm sorry, I cannot provide an answer to that question as I do not have enough context about Kabour W Lahbib""]",unk,0
P449_general_ARAB_REGION_66,Grand Hotel,"['Capital Broadcast Center', 'CBC', 'Capital Broadcasting Center']",['\nGrand Hotel was originally aired on ABC.'],ans,0
P449_general_ARAB_REGION_68,Harga,['Télévision Tunisienne 1'],"[""\nI'm sorry, I cannot provide an answer to that question as there is no context or information about what Harga refers to.""]",unk,0
P449_general_ARAB_REGION_70,Biya Wla Bik,"['TVM', 'Al Aoula', 'التلفزة المغربية']","[""\nI'm sorry, I cannot provide an answer to that question as I do not have enough context. Could you please provide more information?""]",unk,0
P449_general_ARAB_REGION_72,Between Love and Past,"['Mbc 1', 'MBC1 mbc drama', 'MBC 1']",['\nBetween Love and Past was originally aired on the Korean cable network tvN.'],ans,0
P449_general_ARAB_REGION_74,Zettat,['2M TV'],"[""\nI'm sorry, I cannot provide an answer to that question as I do not have enough context. Could you please provide more information?""]",unk,0
P449_general_ARAB_REGION_76,Kesmat Wkhayen,"['Elhiwar Ettounsi', 'El Hiwar El Tounsi']","[""\nI'm sorry, I cannot provide an answer to that question as I do not have enough context. Could you please provide more information""]",unk,0
P449_general_ARAB_REGION_78,Sunday all is permitted,"['Elhiwar Ettounsi', 'El Hiwar El Tounsi']","[""\nI'm sorry, I cannot provide an accurate answer without additional context. Could you please provide more information?""]",unk,0
P449_general_ARAB_REGION_80,Al Mousstadaafoun,"['TVM', 'Al Aoula', 'التلفزة المغربية']","[""\nI'm sorry, I cannot provide an answer to that question as I do not have enough context. Could you please provide more""]",unk,0
P449_general_ARAB_REGION_82,Dar Dmana,"['TVM', 'Al Aoula', 'التلفزة المغربية']","[""\nI'm sorry, I cannot provide an answer to that question as it requires knowledge of the specific context and history of Dar Dmana.""]",unk,0
P449_general_ARAB_REGION_84,Lalla Fatima,['2M TV'],"[""\nI'm sorry, I cannot provide an accurate answer without additional context. Could you please provide more information about Lalla Fatima?""]",unk,0
P449_general_ARAB_REGION_86,Studio El Fan & Celebrity duets,"['Murr TV', 'Murr Television', 'MTV Lebanon']",['\nStudio El Fan & Celebrity duets was originally aired on the Lebanese television network LBC.'],ans,0
P449_general_ARAB_REGION_88,Lotfi Nhila,['2M TV'],"[""\nI'm sorry, I cannot provide an accurate answer without additional context. Could you please provide more information about Lotfi Nhila?""]",unk,0
P449_general_ARAB_REGION_90,Tazawwaj Ma Qalha Liyya,"['MBC Cinq', 'MBC5', 'MBC MASR5', 'MBC Masr 5', 'MBC Five', 'MBC 5', 'MBC Maghreb']","[""\nI'm sorry, I cannot provide an answer to that question as it requires knowledge of the specific show""]",unk,0
P449_general_ARAB_REGION_92,alfajr,['Yemen TV'],"[""\nI'm sorry, I cannot provide an accurate answer to this question as it requires knowledge of a specific program or show called 'alfajr""]",unk,0
P449_general_ARAB_REGION_94,Wlad Lmarsa,"['MBC Cinq', 'MBC5', 'MBC MASR5', 'MBC Masr 5', 'MBC Five', 'MBC 5', 'MBC Maghreb']","[""\nI'm sorry, I cannot provide an answer to that question as it is incomplete and lacks context. Could you please provide more information?""]",unk,0
P449_general_ARAB_REGION_96,Souwlo Dmoui,"['MBC Cinq', 'MBC5', 'MBC MASR5', 'MBC Masr 5', 'MBC Five', 'MBC 5', 'MBC Maghreb']","[""\nI'm sorry, I cannot provide an answer to that question as I do not have enough context. Could you please provide more""]",unk,0
P449_general_ARAB_REGION_98,Wala Alik,"['TVM', 'Al Aoula', 'التلفزة المغربية']","[""\nI'm sorry, I cannot provide an answer to that question as I do not have enough context. Could you please provide more information?""]",unk,0
P449_general_ARAB_REGION_100,Ti Ra Ti,['2M TV'],['\nTi Ra Ti was originally aired on the TV network TV3 in New Zealand.'],ans,0
P449_general_ARAB_REGION_102,Wjaa Trab,['2M TV'],"[""\nI'm sorry, I cannot provide an answer to that question as I do not have any information about Wjaa Trab.""]",unk,0
P449_general_ARAB_REGION_104,Dawayir Al Zaman,"['TVM', 'Al Aoula', 'التلفزة المغربية']","[""\nI'm sorry, I cannot provide an accurate answer to this question as it requires knowledge of the specific context and time period. Could""]",unk,0
P449_general_ARAB_REGION_106,The Adventures of Abu Riad,"['Future TV', 'Future Television']","[""\nI'm sorry, I cannot provide an accurate answer to this question as it requires knowledge of the specific show and its airing history.""]",unk,0
P449_general_ARAB_REGION_108,Casbah City,['El Djazairia One'],"[""\nI'm sorry, I cannot provide an accurate answer without additional context. Could you please provide more information about Casbah City?""]",unk,0
P449_general_ARAB_REGION_110,Sofiène show,['Télévision Tunisienne 1'],"[""\nI'm sorry, I cannot provide an answer without additional context. Could you please provide more information about Sofiène show?""]",unk,0
P449_general_ARAB_REGION_112,Moudawala,"['TVM', 'Al Aoula', 'التلفزة المغربية']","[""\nI'm sorry, I cannot provide an accurate answer without additional context. Could you please provide more information about Moudawala?""]",unk,0
P449_general_ARAB_REGION_114,Al Madi La Yamout,"['TVM', 'Al Aoula', 'التلفزة المغربية']","[""\nI'm sorry, I cannot provide an answer to that question as I do not have enough context. Could you please provide more information""]",unk,0
P449_general_ARAB_REGION_116,L'Coloc,['2M TV'],"[""\nI'm sorry, I cannot provide an answer to that question as I do not have enough context. Could you please provide more information?""]",unk,0
P449_general_ARAB_REGION_118,SONDOS,"['Mbc 1', 'MBC1 mbc drama', 'MBC 1']","[""\nI'm sorry, I cannot provide an answer without additional context. Could you please provide more information about SONDOS?""]",unk,0
P449_general_ARAB_REGION_120,Awled El Ghoul,['Attessia TV'],['\nAwled El Ghoul was originally aired on the Egyptian television channel Al-Hayat.'],ans,0
P449_general_ARAB_REGION_122,Third Floor,['Kuwait Television'],"[""\nI'm sorry, I cannot provide an accurate answer without additional context. Could you please provide more information about the Third Floor you are referring to?""]",unk,0
P449_general_ARAB_REGION_124,Rass al khayt,['2M TV'],"[""\nI'm sorry, I cannot provide an accurate answer to this question as it is incomplete. Could you please provide more context or information""]",unk,0
P449_general_ARAB_REGION_126,Mhal Chahed,['Télévision Tunisienne 1'],"[""\nI'm sorry, I cannot provide an accurate answer without additional context. Could you please provide more information about Mhal Chahed?""]",unk,0
