﻿uuid,sub_label,obj_label,choices,ans_type,acc
P449_general_WESTERN_COUNTRIES_0,Game of Thrones,"['HBO Family', 'HBO', 'Home Box Office']",['\nGame of Thrones was originally aired on HBO in the United States.'],ans,1
P449_general_WESTERN_COUNTRIES_2,Grey's Anatomy,"['ABC', 'American Broadcasting Company']","[""\nGrey's Anatomy was originally aired on ABC.""]",ans,1
P449_general_WESTERN_COUNTRIES_4,Anything Goes,"['Télévision française 1', 'TF1']",['\nAnything Goes was originally aired on NBC.'],ans,0
P449_general_WESTERN_COUNTRIES_6,SpongeBob SquarePants,"['Globo', 'Pinwheel', 'Rede Globo', 'Nick', 'Sistema Brasileiro de Televisão', 'Brazilian TV Globo', 'SBT', 'TV Globo', 'Nickelodeon']",['\nSpongeBob SquarePants was originally aired on Nickelodeon.'],ans,1
P449_general_WESTERN_COUNTRIES_8,American Idol,"['FOX', 'Fox Broadcasting Company']",['\nAmerican Idol was originally aired on Fox.'],ans,1
P449_general_WESTERN_COUNTRIES_10,Star Trek: Discovery,"['CBS All Access', 'Tiffany Network', 'Paramount Plus', 'CBS', 'Paramount+', 'Columbia Broadcasting System', '10 All Access', 'Black Rock', 'Eye Network']",['\nStar Trek: Discovery was originally aired on CBS All Access in the United States and Netflix in other countries.'],ans,1
P449_general_WESTERN_COUNTRIES_12,The Walking Dead,"['AMC (television channel)', 'AMC (TV Network)', 'American Movie Classics', 'AMC (TV network)', 'AMC Network', 'AMC network', 'AMC', 'Filmcritic.com', 'American Movie Channel']",['\nThe Walking Dead was originally aired on AMC in the United States.'],ans,1
P449_general_WESTERN_COUNTRIES_14,The Masked Singer,"['FOX', 'Fox Broadcasting Company']",['\nThe Masked Singer was originally aired on Fox in the United States.'],ans,1
P449_general_WESTERN_COUNTRIES_16,A Million Little Things,"['ABC', 'American Broadcasting Company']",['\nA Million Little Things was originally aired on ABC.'],ans,1
P449_general_WESTERN_COUNTRIES_18,Doctor Who,"['BBC HD', 'BBC Television Service', 'BBC1', 'BBC One', 'BBC TV', 'BBC 1']",['\nDoctor Who was originally aired on the BBC in the United Kingdom.'],ans,0
P449_general_WESTERN_COUNTRIES_20,Adventure Time,"['Teletoon', 'Nicktoons Network', 'Cartoon Network', 'Nicktoons TV', 'Nicktoons']",['\nAdventure Time was originally aired on Cartoon Network in the United States.'],ans,1
P449_general_WESTERN_COUNTRIES_22,The Falcon and the Winter Soldier,"['Disney+ Hotstar (India & Asia)', 'Disney Plus', 'Disney+', 'Disney+ Star (Europe & Asia)']",['\nThe Falcon and the Winter Soldier was originally aired on Disney+.'],ans,1
P449_general_WESTERN_COUNTRIES_24,The Amazing Race,"['Tiffany Network', 'CBS', 'Columbia Broadcasting System', 'Black Rock', 'Eye Network']",['\nThe Amazing Race was originally aired on CBS in the United States.'],ans,1
P449_general_WESTERN_COUNTRIES_26,Invader Zim,"['Nickelodeon', 'Pinwheel', 'Nick']",['\nInvader Zim was originally aired on Nickelodeon in the United States.'],ans,1
P449_general_WESTERN_COUNTRIES_28,Lucky Luke,['France 3'],['\nLucky Luke was originally aired on French television in the 1960s.'],ans,0
P449_general_WESTERN_COUNTRIES_30,Breaking Bad,"['AMC (television channel)', 'AMC (TV Network)', 'American Movie Classics', 'AMC (TV network)', 'AMC Network', 'AMC network', 'AMC', 'Filmcritic.com', 'American Movie Channel']",['\nBreaking Bad was originally aired on AMC in the United States.'],ans,1
P449_general_WESTERN_COUNTRIES_32,The Office,"['NBC', 'National Broadcasting Company']",['\nThe Office was originally aired on BBC Two in the United Kingdom.'],ans,0
P449_general_WESTERN_COUNTRIES_34,Black Mirror,"['C4', 'Net Flix', 'Netflix.com', 'Channel 4', 'Netflix']",['\nBlack Mirror was originally aired on Channel 4 in the United Kingdom.'],ans,1
P449_general_WESTERN_COUNTRIES_36,She-Hulk: Attorney at Law,"['Disney+ Hotstar (India & Asia)', 'Disney Plus', 'Disney+', 'Disney+ Star (Europe & Asia)']",['\nShe-Hulk: Attorney at Law was originally aired on Disney+.'],ans,1
P449_general_WESTERN_COUNTRIES_38,Arrow,"['The CW', 'The CW Television Network']",['\nArrow was originally aired on The CW.'],ans,1
P449_general_WESTERN_COUNTRIES_40,Friends,"['NBC', 'National Broadcasting Company']",['\nFriends was originally aired on NBC in the United States.'],ans,1
P449_general_WESTERN_COUNTRIES_42,The Daily Show,['Comedy Central'],['\nThe Daily Show was originally aired on Comedy Central.'],ans,1
P449_general_WESTERN_COUNTRIES_44,Succession,"['HBO Family', 'HBO', 'Home Box Office']",['\nSuccession was originally aired on HBO.'],ans,1
P449_general_WESTERN_COUNTRIES_46,Manifest,"['Net Flix', 'Netflix.com', 'NBC', 'Netflix', 'National Broadcasting Company']",['\nManifest was originally aired on NBC in the United States.'],ans,1
P449_general_WESTERN_COUNTRIES_48,Saturday Night Live,"['NBC', 'National Broadcasting Company']",['\nSaturday Night Live was originally aired on NBC.'],ans,1
P449_general_WESTERN_COUNTRIES_50,Sanremo Music Festival,"['Programma Nazionale (1952-1976)', 'Rete 1 (1976-1983)', 'Rai Uno', 'Rai 1']","['\nThe Sanremo Music Festival was originally aired on Rai 1, an Italian television channel.']",ans,1
P449_general_WESTERN_COUNTRIES_52,Oprah with Meghan and Harry,"['Tiffany Network', 'CBS', 'Columbia Broadcasting System', 'Black Rock', 'Eye Network']",['\nThe interview with Oprah and Meghan and Harry was originally aired on CBS.'],ans,1
P449_general_WESTERN_COUNTRIES_54,Neighbours,"['10 Peach', '10 TV Australia', 'Channel Ten', 'Channel Seven', 'Network 7', 'Network Ten', 'Network 10', 'Channel 10', '10 Network', 'Seven head Network', 'Independent Television System', 'Seven Network', '0-10 Network', 'Channel 7', 'Seven', '7', 'Network Seven']",['\nNeighbours was originally aired on the Seven Network in Australia.'],ans,1
P449_general_WESTERN_COUNTRIES_56,Steven Universe,['Cartoon Network'],['\nSteven Universe was originally aired on Cartoon Network in the United States.'],ans,1
P449_general_WESTERN_COUNTRIES_58,South Park,['Comedy Central'],['\nSouth Park was originally aired on Comedy Central in the United States.'],ans,1
P449_general_WESTERN_COUNTRIES_60,Física o Química,['Antena 3'],['\nFísica o Química was originally aired on Antena 3 in Spain.'],ans,1
P449_general_WESTERN_COUNTRIES_62,The Great British Baking Show,"['Public Broadcasting System', 'PBS', 'BBC Television Service', 'pbs.org', 'BBC One', 'BBC1', 'BBC TV', 'BBC 1']",['\nThe Great British Baking Show was originally aired on BBC Two in the United Kingdom.'],ans,0
P449_general_WESTERN_COUNTRIES_64,Alles was zählt,"['RTL Fernsehen', 'RTL', 'RTL Television GmbH', 'RTL Television', 'RTL plus', 'Radio Télé Luxemburg', 'Radio Télévision Luxembourg']",['\nAlles was zählt was originally aired on RTL in Germany.'],ans,1
P449_general_WESTERN_COUNTRIES_66,The Big Bang Theory,"['Tiffany Network', 'CBS', 'Columbia Broadcasting System', 'Black Rock', 'Eye Network']",['\nThe Big Bang Theory was originally aired on CBS in the United States.'],ans,1
P449_general_WESTERN_COUNTRIES_68,Snowpiercer,"['TNT USA', 'Turner Network Television', 'TNT']",['\nSnowpiercer was originally aired on TNT in the United States.'],ans,1
P449_general_WESTERN_COUNTRIES_70,Plus belle la vie,['France 3'],['\nPlus belle la vie was originally aired on the French television network France 3.'],ans,1
P449_general_WESTERN_COUNTRIES_72,Ultimate Beastmaster,"['Net Flix', 'Netflix', 'Netflix.com']",['\nUltimate Beastmaster was originally aired on Netflix.'],ans,1
P449_general_WESTERN_COUNTRIES_74,WWE Hall of Fame,"['Spike Television', 'Spike', 'Spike TV', 'USA Network', 'USA']",['\nThe WWE Hall of Fame was originally aired on the USA Network.'],ans,1
P449_general_WESTERN_COUNTRIES_76,Tatort,"['Deutsches Fernsehen', 'Erstes Deutsches Fernsehen', 'Das Erste']","['\nTatort was originally aired on ARD, a German public broadcasting network.']",ans,0
P449_general_WESTERN_COUNTRIES_78,Better Call Saul,"['AMC (television channel)', 'AMC (TV Network)', 'American Movie Classics', 'AMC (TV network)', 'AMC Network', 'AMC network', 'AMC', 'Filmcritic.com', 'American Movie Channel']",['\nBetter Call Saul was originally aired on AMC in the United States.'],ans,1
P449_general_WESTERN_COUNTRIES_80,Survivor,"['Tiffany Network', 'CBS', 'Columbia Broadcasting System', 'Black Rock', 'Eye Network']",['\nSurvivor was originally aired on CBS in the United States.'],ans,1
P449_general_WESTERN_COUNTRIES_82,Money Heist,['Antena 3'],['\nMoney Heist was originally aired on Antena 3 in Spain.'],ans,1
P449_general_WESTERN_COUNTRIES_84,Community,"['Yahoo! Screen', 'NBC', 'Yahoo! View', 'National Broadcasting Company']",['\nCommunity was originally aired on NBC.'],ans,1
P449_general_WESTERN_COUNTRIES_86,Star Trek: The Original Series,"['NBC', 'National Broadcasting Company']",['\nStar Trek: The Original Series was originally aired on NBC in the United States.'],ans,1
P449_general_WESTERN_COUNTRIES_88,Marienhof,"['Deutsches Fernsehen', 'Erstes Deutsches Fernsehen', 'Das Erste']",['\nMarienhof was originally aired on the German television network ARD.'],ans,0
P449_general_WESTERN_COUNTRIES_90,Good Trouble,"['CBN Satellite Service', 'Family Channel (USA)', 'CBN Cable Network', 'CBN Cable', 'CBN Television Network', 'Freeform', 'Fox Family', 'ABC Family', 'Family Channel (United States)', 'The Family Channel USA']",['\nGood Trouble was originally aired on Freeform.'],ans,1
P449_general_WESTERN_COUNTRIES_92,The Handmaid's Tale,"['hulu.com', 'Hulu']","[""\nThe Handmaid's Tale was originally aired on Hulu in the United States.""]",ans,1
P449_general_WESTERN_COUNTRIES_94,Jeopardy!,"['NBC', 'National Broadcasting Company']","['\nJeopardy! was originally aired on NBC from 1964 to 1975, and then on CBS from 1975 to 197']",ans,1
P449_general_WESTERN_COUNTRIES_96,stinky,"['FOX', 'Fox Broadcasting Company']","[""\nI'm sorry, I cannot provide an answer without additional context. Could you please provide more information about'stinky'?""]",unk,0
P449_general_WESTERN_COUNTRIES_98,Black Lightning,"['The CW', 'The CW Television Network']",['\nBlack Lightning was originally aired on The CW.'],ans,1
P449_general_WESTERN_COUNTRIES_100,How I Met Your Mother,"['Tiffany Network', 'CBS', 'Columbia Broadcasting System', 'Black Rock', 'Eye Network']",['\nHow I Met Your Mother was originally aired on CBS in the United States.'],ans,1
P449_general_WESTERN_COUNTRIES_102,Batman: The Animated Series,"['Fox Kids', 'Foxkids']","['\nBatman: The Animated Series was originally aired on Fox Kids from September 5, 1992 to September 15, 1995']",ans,1
P449_general_WESTERN_COUNTRIES_104,Miss France,"['Télévision française 1', 'TF1']","['\nMiss France was originally aired on TF1, a French television network.']",ans,1
P449_general_WESTERN_COUNTRIES_106,The Infinite Monkey Cage,"['Radio Four', 'BBC Radio Four', 'BBC Radio 4', 'Radio 4']",['\nThe Infinite Monkey Cage was originally aired on BBC Radio 4.'],ans,1
P449_general_WESTERN_COUNTRIES_108,Supergirl,"['Tiffany Network', 'Columbia Broadcasting System', 'CBS', 'The CW Television Network', 'The CW', 'Black Rock', 'Eye Network']",['\nSupergirl was originally aired on CBS.'],ans,1
P449_general_WESTERN_COUNTRIES_110,13 Reasons Why,"['Net Flix', 'Netflix', 'Netflix.com']",['\n13 Reasons Why was originally aired on Netflix.'],ans,1
P449_general_WESTERN_COUNTRIES_112,The Legend of Korra,"['Nickelodeon', 'Pinwheel', 'Nick']",['\nThe Legend of Korra was originally aired on Nickelodeon.'],ans,1
P449_general_WESTERN_COUNTRIES_114,Captain Scarlet and the Mysterons,"['Independent Television', 'ITV']",['\nCaptain Scarlet and the Mysterons was originally aired on ITV in the United Kingdom.'],ans,1
P449_general_WESTERN_COUNTRIES_116,Sense8,"['Net Flix', 'Netflix', 'Netflix.com']",['\nSense8 was originally aired on Netflix.'],ans,1
P449_general_WESTERN_COUNTRIES_118,Futurama,"['Comedy Central', 'FOX', 'Fox Broadcasting Company']","['\nFuturama was originally aired on Fox from March 28, 1999 to August 10, 2003.']",ans,1
P449_general_WESTERN_COUNTRIES_120,The Last of Us,"['HBO Family', 'HBO', 'Home Box Office']",['\nThe Last of Us was originally aired on PlayStation 3.'],ans,0
P449_general_WESTERN_COUNTRIES_122,Big Sky,"['ABC', 'American Broadcasting Company']",['\nBig Sky was originally aired on ABC in the United States.'],ans,1
P449_general_WESTERN_COUNTRIES_124,FBI: Most Wanted,"['Tiffany Network', 'CBS', 'Columbia Broadcasting System', 'Black Rock', 'Eye Network']",['\nFBI: Most Wanted was originally aired on CBS.'],ans,1
P449_general_WESTERN_COUNTRIES_126,The Witcher,"['Net Flix', 'Netflix', 'Netflix.com']",['\nThe Witcher was originally aired on Netflix.'],ans,1
P449_general_WESTERN_COUNTRIES_128,Superbook,"['CBN', 'Christian Broadcasting Network']",['\nSuperbook was originally aired on TBN (Trinity Broadcasting Network) in the United States.'],ans,0
P449_general_WESTERN_COUNTRIES_130,Law & Order: Special Victims Unit,"['NBC', 'National Broadcasting Company']",['\nLaw & Order: Special Victims Unit was originally aired on NBC.'],ans,1
P449_general_WESTERN_COUNTRIES_132,Bridgerton,"['Net Flix', 'Netflix', 'Netflix.com']",['\nBridgerton was originally aired on Netflix.'],ans,1
P449_general_WESTERN_COUNTRIES_134,Zoey's Extraordinary Playlist,"['NBC', 'National Broadcasting Company']","[""\nZoey's Extraordinary Playlist was originally aired on NBC.""]",ans,1
P449_general_WESTERN_COUNTRIES_136,Stargate SG-1,"['SciFi', 'Sci-Fi Channel', 'Syfy', 'Sci Fi', 'SHO', 'SciFi Entertainment', 'Showtime Networks', 'Showtime', 'Showtime TV']",['\nStargate SG-1 was originally aired on Showtime in the United States.'],ans,1
P449_general_WESTERN_COUNTRIES_138,Star Trek: The Next Generation,"['syndication', 'radio syndication', 'broadcast syndication', 'TV syndication']",['\nStar Trek: The Next Generation was originally aired on NBC in the United States.'],ans,0
P449_general_WESTERN_COUNTRIES_140,Obi-Wan Kenobi,"['Disney+ Hotstar (India & Asia)', 'Disney Plus', 'Disney+', 'Disney+ Star (Europe & Asia)']",['\nObi-Wan Kenobi was originally aired on Disney+.'],ans,1
P449_general_WESTERN_COUNTRIES_142,Firefly,"['FOX', 'Fox Broadcasting Company']",['\nFirefly was originally aired on Fox in the United States.'],ans,1
P449_general_WESTERN_COUNTRIES_144,Peacemaker,['HBO Max'],['\nPeacemaker was originally aired on HBO Max.'],ans,1
P449_general_WESTERN_COUNTRIES_146,Mr. Robot,"['USA Network', 'USA']",['\nMr. Robot was originally aired on USA Network.'],ans,1
P449_general_WESTERN_COUNTRIES_148,I Love Lucy,"['Tiffany Network', 'CBS', 'Columbia Broadcasting System', 'Black Rock', 'Eye Network']",['\nI Love Lucy was originally aired on CBS.'],ans,1
P449_general_WESTERN_COUNTRIES_150,Days of Our Lives,"['NBC', 'National Broadcasting Company']",['\nDays of Our Lives was originally aired on NBC.'],ans,1
P449_general_WESTERN_COUNTRIES_152,The Crown,"['Net Flix', 'Netflix', 'Netflix.com']",['\nThe Crown was originally aired on Netflix.'],ans,1
P449_general_WESTERN_COUNTRIES_154,Killing Eve,['BBC America'],['\nKilling Eve was originally aired on BBC America in the United States and on BBC One in the United Kingdom.'],ans,1
P449_general_WESTERN_COUNTRIES_156,101 Dalmatian Street,"['Disney Channel', 'Disney', 'The Disney Channel']",['\n101 Dalmatian Street was originally aired on Disney Channel.'],ans,1
P449_general_WESTERN_COUNTRIES_158,The Great North,"['FOX', 'Fox Broadcasting Company']",['\nThe Great North was originally aired on Fox in the United States.'],ans,1
P449_general_WESTERN_COUNTRIES_160,Star Trek: Picard,"['10 All Access', 'Paramount+', 'CBS All Access', 'Paramount Plus']",['\nStar Trek: Picard was originally aired on CBS All Access in the United States and Amazon Prime Video in the United Kingdom.'],ans,1
P449_general_WESTERN_COUNTRIES_162,Gossip Girl,"['The CW', 'The CW Television Network']",['\nGossip Girl was originally aired on The CW in the United States.'],ans,1
P449_general_WESTERN_COUNTRIES_164,Mulan,"['Disney+ Hotstar (India & Asia)', 'Disney Plus', 'Disney+', 'Disney+ Star (Europe & Asia)']",['\nMulan was originally aired on Disney Channel in the United States.'],ans,1
P449_general_WESTERN_COUNTRIES_166,Sherlock,"['BBC Television Service', 'BBC One', 'BBC1', 'BBC TV', 'BBC 1']",['\nSherlock was originally aired on BBC One in the United Kingdom.'],ans,1
P449_general_WESTERN_COUNTRIES_168,Harley Quinn,"['dcuniverse.com', 'DC Universe']",['\nHarley Quinn was originally aired on the DC Universe streaming service.'],ans,1
P449_general_WESTERN_COUNTRIES_170,American Dad!,"['FOX', 'Fox Broadcasting Company']",['\nAmerican Dad! was originally aired on Fox in the United States.'],ans,1
P449_general_WESTERN_COUNTRIES_172,Nashville,"['ABC', 'American Broadcasting Company']",['\nNashville was originally aired on ABC.'],ans,1
P449_general_WESTERN_COUNTRIES_174,Mapping the World,"['Arte', 'Association relative à la télévision européenne', 'ARTE France']","[""\nI'm sorry, I cannot provide an answer without additional context. Could you please provide more information?""]",unk,0
P449_general_WESTERN_COUNTRIES_176,Star Trek: Enterprise,"['United Paramount Network', 'UPN']",['\nStar Trek: Enterprise was originally aired on the UPN network in the United States.'],ans,1
P449_general_WESTERN_COUNTRIES_178,Les Guignols de l'info,"['Canal+', 'Canal+ HD', 'CANAL+']","[""\nLes Guignols de l'info was originally aired on Canal+ in France.""]",ans,1
P449_general_WESTERN_COUNTRIES_180,Kim Possible,"['Disney Channel', 'Disney', 'The Disney Channel']",['\nKim Possible was originally aired on Disney Channel.'],ans,1
P449_general_WESTERN_COUNTRIES_182,The Umbrella Academy,"['Net Flix', 'Netflix', 'Netflix.com']",['\nThe Umbrella Academy was originally aired on Netflix.'],ans,1
P449_general_WESTERN_COUNTRIES_184,New Girl,"['FOX', 'Fox Broadcasting Company']",['\nNew Girl was originally aired on Fox in the United States.'],ans,1
P449_general_WESTERN_COUNTRIES_186,Blue Peter,"['BBC Television Service', 'BBC One', 'BBC1', 'BBC TV', 'BBC 1']",['\nBlue Peter was originally aired on the BBC.'],ans,0
P449_general_WESTERN_COUNTRIES_188,The 100,"['The CW', 'The CW Television Network']",['\nThe 100 was originally aired on The CW in the United States.'],ans,1
P449_general_WESTERN_COUNTRIES_190,How to Get Away with Murder,"['ABC', 'American Broadcasting Company']",['\nHow to Get Away with Murder was originally aired on ABC.'],ans,1
P449_general_WESTERN_COUNTRIES_192,The Sinner,"['USA Network', 'USA']",['\nThe Sinner was originally aired on the USA Network.'],ans,1
P449_general_WESTERN_COUNTRIES_194,Home and Away,"['Channel Seven', 'Network 7', 'Seven head Network', 'Seven Network', 'Seven', '7', 'Channel 7', 'Network Seven']",['\nHome and Away was originally aired on the Seven Network in Australia.'],ans,1
P449_general_WESTERN_COUNTRIES_196,Big Little Lies,"['HBO Family', 'HBO', 'Home Box Office']",['\nBig Little Lies was originally aired on HBO.'],ans,1
P449_general_WESTERN_COUNTRIES_198,One Tree Hill,"['The CW', 'The CW Television Network']",['\nOne Tree Hill was originally aired on The WB network.'],ans,0
P449_general_WESTERN_COUNTRIES_200,American Song Contest,"['NBC', 'National Broadcasting Company']",['\nAmerican Song Contest was originally aired on NBC.'],ans,1
P449_general_WESTERN_COUNTRIES_202,iCarly,"['Nickelodeon', 'Pinwheel', 'Nick']",['\niCarly was originally aired on Nickelodeon in the United States.'],ans,1
P449_general_WESTERN_COUNTRIES_204,Good Game,"['Australian Broadcasting Corporation', 'ABC', 'Australian Broadcasting Company', 'Australian Broadcasting Commission']",['\nGood Game was originally aired on ABC2 in Australia.'],ans,0
P449_general_WESTERN_COUNTRIES_206,One Life to Live,"['ABC', 'American Broadcasting Company']",['\nOne Life to Live was originally aired on ABC.'],ans,1
P449_general_WESTERN_COUNTRIES_208,Cleopatra in Space (TV series),['Peacock'],['\nCleopatra in Space (TV series) was originally aired on Disney Channel.'],ans,0
P449_general_WESTERN_COUNTRIES_210,Pretty Little Liarss,"['CBN Satellite Service', 'Family Channel (USA)', 'CBN Cable Network', 'CBN Cable', 'CBN Television Network', 'Freeform', 'Fox Family', 'ABC Family', 'Family Channel (United States)', 'The Family Channel USA']","['\nPretty Little Liars was originally aired on ABC Family, which is now known as Freeform.']",ans,1
P449_general_WESTERN_COUNTRIES_212,Cobra Kai,"['YT Premium', 'YouTube Premium', 'YT Red', 'YouTube Red', 'YTP']",['\nCobra Kai was originally aired on YouTube Red.'],ans,1
P449_general_WESTERN_COUNTRIES_214,"Game of Thrones, season 7","['HBO Family', 'HBO', 'Home Box Office']","['\nGame of Thrones, season 7 was originally aired on HBO.']",ans,1
P449_general_WESTERN_COUNTRIES_216,The Bill,"['Independent Television', 'ITV']",['\nThe Bill was originally aired on ITV in the United Kingdom.'],ans,1
P449_general_WESTERN_COUNTRIES_218,"Game of Thrones, season 1","['HBO Family', 'HBO', 'Home Box Office']","['\nGame of Thrones, season 1 was originally aired on HBO.']",ans,1
P449_general_WESTERN_COUNTRIES_220,"Daredevil, season 2","['Net Flix', 'Netflix', 'Netflix.com']","['\nDaredevil, season 2 was originally aired on Netflix.']",ans,1
P449_general_WESTERN_COUNTRIES_222,Homeland,"['Showtime Networks', 'Showtime TV', 'SHO', 'Showtime']",['\nHomeland was originally aired on Showtime in the United States.'],ans,1
P449_general_WESTERN_COUNTRIES_224,The Americans,"['fX', 'FX network', 'FX', 'Fox extended']",['\nThe Americans was originally aired on the FX network in the United States.'],ans,1
P449_general_WESTERN_COUNTRIES_226,ThunderCats,['Cartoon Network'],['\nThunderCats was originally aired on the American television network TBS.'],ans,0
P449_general_WESTERN_COUNTRIES_228,Crazy Ex-Girlfriend,"['The CW', 'The CW Television Network']",['\nCrazy Ex-Girlfriend was originally aired on The CW.'],ans,1
P449_general_WESTERN_COUNTRIES_230,Winx Club,"['Nickelodeon', 'Pinwheel', 'Nick']",['\nWinx Club was originally aired on Rai 2 in Italy.'],ans,0
P449_general_WESTERN_COUNTRIES_232,Dark,"['Net Flix', 'Netflix', 'Netflix.com']",['\nDark was originally aired on Netflix.'],ans,1
P449_general_WESTERN_COUNTRIES_234,His Dark Materials,"['BBC Television Service', 'BBC One', 'BBC1', 'BBC TV', 'BBC 1']",['\nHis Dark Materials was originally aired on BBC One in the United Kingdom and HBO in the United States.'],ans,1
P449_general_WESTERN_COUNTRIES_236,Chernobyl,"['HBO Family', 'HBO', 'Home Box Office']",['\nChernobyl was originally aired on HBO.'],ans,1
P449_general_WESTERN_COUNTRIES_238,"Daredevil, season 1","['Net Flix', 'Netflix', 'Netflix.com']","['\nDaredevil, season 1 was originally aired on Netflix.']",ans,1
P449_general_WESTERN_COUNTRIES_240,Claws,"['TNT USA', 'Turner Network Television', 'TNT']",['\nClaws was originally aired on TNT.'],ans,1
P449_general_WESTERN_COUNTRIES_242,Quantico,"['ABC', 'American Broadcasting Company']",['\nQuantico was originally aired on ABC.'],ans,1
P449_general_WESTERN_COUNTRIES_244,90210,"['The CW', 'The CW Television Network']",['\n90210 was originally aired on Fox in the United States.'],ans,0
P449_general_WESTERN_COUNTRIES_246,Siren,"['CBN Satellite Service', 'Family Channel (USA)', 'CBN Cable Network', 'CBN Cable', 'CBN Television Network', 'Freeform', 'Fox Family', 'ABC Family', 'Family Channel (United States)', 'The Family Channel USA']","['\nSiren was originally aired on Freeform, a cable television network in the United States.']",ans,1
P449_general_WESTERN_COUNTRIES_248,Tom and Jerry,['Cartoon Network'],['\nTom and Jerry was originally aired on American television in the 1940s and 1950s.'],ans,0
P449_general_WESTERN_COUNTRIES_250,60 Minutes,"['Tiffany Network', 'CBS', 'Columbia Broadcasting System', 'Black Rock', 'Eye Network']",['\n60 Minutes was originally aired on CBS.'],ans,1
P449_general_WESTERN_COUNTRIES_252,Hawaii Five-0,"['Tiffany Network', 'CBS', 'Columbia Broadcasting System', 'Black Rock', 'Eye Network']",['\nHawaii Five-0 was originally aired on CBS.'],ans,1
P449_general_WESTERN_COUNTRIES_254,What a Cartoon!,['Cartoon Network'],['\nWhat a Cartoon! was originally aired on Cartoon Network in the United States.'],ans,1
P449_general_WESTERN_COUNTRIES_256,Veronica Mars,"['hulu.com', 'United Paramount Network', 'UPN', 'The CW Television Network', 'Hulu', 'The CW']",['\nVeronica Mars was originally aired on UPN from 2004 to 2007.'],ans,1
P449_general_WESTERN_COUNTRIES_258,Shameless,"['Showtime Networks', 'Showtime TV', 'SHO', 'Showtime']",['\nShameless was originally aired on Channel 4 in the United Kingdom.'],ans,0
P449_general_WESTERN_COUNTRIES_260,Keeping Up with the Kardashians,"['E! Entertaiment', 'E! Online', 'E!', 'E! Entertainment Television', 'E! Network']",['\nKeeping Up with the Kardashians was originally aired on E! network in the United States.'],ans,1
P449_general_WESTERN_COUNTRIES_262,"Stranger Things, season 4","['Net Flix', 'Netflix', 'Netflix.com']",['\nStranger Things season 4 was originally aired on Netflix.'],ans,1
P449_general_WESTERN_COUNTRIES_264,Angelo Rules,['France 3'],['\nAngelo Rules was originally aired on Nickelodeon.'],ans,0
P449_general_WESTERN_COUNTRIES_266,Yellowjackets,"['Showtime Networks', 'Showtime TV', 'SHO', 'Showtime']",['\nYellowjackets was originally aired on Showtime.'],ans,1
P449_general_WESTERN_COUNTRIES_268,Titans,"['dcuniverse.com', 'DC Universe']",['\nTitans was originally aired on the DC Universe streaming service.'],ans,1
P449_general_WESTERN_COUNTRIES_270,The Golden Girls,"['NBC', 'National Broadcasting Company']",['\nThe Golden Girls was originally aired on NBC in the United States.'],ans,1
P449_general_WESTERN_COUNTRIES_272,Pocoyo,['La 2'],['\nPocoyo was originally aired on the Spanish television channel Antena 3.'],ans,0
P449_general_WESTERN_COUNTRIES_274,Tagesschau,"['Deutsches Fernsehen', 'Erstes Deutsches Fernsehen', 'Das Erste']","['\nTagesschau was originally aired on ARD, a German public broadcasting network.']",ans,0
P449_general_WESTERN_COUNTRIES_276,Servant,"['Apple TV Plus', 'AppleTV+', 'Apple TV+']",['\nServant was originally aired on Apple TV+.'],ans,1
P449_general_WESTERN_COUNTRIES_278,The Good Doctor,"['ABC', 'American Broadcasting Company']",['\nThe Good Doctor was originally aired on ABC in the United States.'],ans,1
P449_general_WESTERN_COUNTRIES_280,Star Trek: Strange New Worlds,"['10 All Access', 'Paramount+', 'CBS All Access', 'Paramount Plus']",['\nStar Trek: Strange New Worlds was originally aired on Paramount+ in the United States.'],ans,1
P449_general_WESTERN_COUNTRIES_282,United States of Al,"['Tiffany Network', 'CBS', 'Columbia Broadcasting System', 'Black Rock', 'Eye Network']",['\nUnited States of Al was originally aired on CBS.'],ans,1
P449_general_WESTERN_COUNTRIES_284,Wizards of Waverly Place,"['Disney Channel', 'Disney', 'The Disney Channel']",['\nWizards of Waverly Place was originally aired on Disney Channel.'],ans,1
P449_general_WESTERN_COUNTRIES_286,The Vampire Diaries,"['The CW', 'The CW Television Network']",['\nThe Vampire Diaries was originally aired on The CW in the United States.'],ans,1
P449_general_WESTERN_COUNTRIES_288,Perry Mason,"['Tiffany Network', 'CBS', 'Columbia Broadcasting System', 'Black Rock', 'Eye Network']",['\nPerry Mason was originally aired on CBS.'],ans,1
P449_general_WESTERN_COUNTRIES_290,Batman,"['ABC', 'American Broadcasting Company']",['\nBatman was originally aired on the ABC network in the United States.'],ans,1
P449_general_WESTERN_COUNTRIES_292,"Game of Thrones, season 4","['HBO Family', 'HBO', 'Home Box Office']","['\nGame of Thrones, season 4 was originally aired on HBO.']",ans,1
P449_general_WESTERN_COUNTRIES_294,The Book of Boba Fett,"['Disney+ Hotstar (India & Asia)', 'Disney Plus', 'Disney+', 'Disney+ Star (Europe & Asia)']",['\nThe Book of Boba Fett was originally aired on Disney+.'],ans,1
P449_general_WESTERN_COUNTRIES_296,The Real Adventures of Jonny Quest,['Cartoon Network'],['\nThe Real Adventures of Jonny Quest was originally aired on Cartoon Network in the United States.'],ans,1
P449_general_WESTERN_COUNTRIES_298,Legion,"['fX', 'FX network', 'FX', 'Fox extended']",['\nLegion was originally aired on FX.'],ans,1
P449_general_WESTERN_COUNTRIES_300,PAW Patrol,"['Nickelodeon', 'Pinwheel', 'Nick']",['\nPAW Patrol was originally aired on TVO in Canada and Nick Jr. in the United States.'],ans,1
P449_general_WESTERN_COUNTRIES_302,Schitt's Creek,['CBC Television'],"[""\nSchitt's Creek was originally aired on CBC in Canada.""]",ans,0
P449_general_WESTERN_COUNTRIES_304,Sex and the City,"['HBO Family', 'HBO', 'Home Box Office']",['\nSex and the City was originally aired on HBO in the United States.'],ans,1
P449_general_WESTERN_COUNTRIES_306,Rise of the Teenage Mutant Ninja Turtles,"['Pinwheel', 'Nick', 'Nicktoons Network', 'Nicktoons TV', 'Nickelodeon', 'Nicktoons']",['\nRise of the Teenage Mutant Ninja Turtles was originally aired on Nickelodeon.'],ans,1
P449_general_WESTERN_COUNTRIES_308,Agent Carter,"['ABC', 'American Broadcasting Company']",['\nAgent Carter was originally aired on ABC.'],ans,1
P449_general_WESTERN_COUNTRIES_310,Star Trek: Voyager,"['United Paramount Network', 'UPN']",['\nStar Trek: Voyager was originally aired on UPN in the United States.'],ans,1
P449_general_WESTERN_COUNTRIES_312,Last Week Tonight with John Oliver,"['HBO Family', 'HBO', 'Home Box Office']",['\nLast Week Tonight with John Oliver was originally aired on HBO.'],ans,1
P449_general_WESTERN_COUNTRIES_314,Bob's Burgers,"['FOX', 'Fox Broadcasting Company']","[""\nBob's Burgers was originally aired on Fox in the United States.""]",ans,1
P449_general_WESTERN_COUNTRIES_316,So You Think You Can Dance,"['FOX', 'Fox Broadcasting Company']",['\nSo You Think You Can Dance was originally aired on the Fox network in the United States.'],ans,1
P449_general_WESTERN_COUNTRIES_318,Star Wars Resistance,"['Baxik TV', 'Disney XD']",['\nStar Wars Resistance was originally aired on Disney Channel in the United States.'],ans,0
P449_general_WESTERN_COUNTRIES_320,Phineas and Ferb,"['The Disney Channel', 'Disney XD', 'Disney Channel', 'Disney', 'Baxik TV']",['\nPhineas and Ferb originally aired on Disney Channel.'],ans,1
P449_general_WESTERN_COUNTRIES_322,Emily in Paris,"['Net Flix', 'Netflix', 'Netflix.com']",['\nEmily in Paris was originally aired on Netflix.'],ans,1
P449_general_WESTERN_COUNTRIES_324,MasterChef,"['British Broadcasting Corporation', 'BBC']",['\nMasterChef was originally aired on BBC One in the United Kingdom.'],ans,1
P449_general_WESTERN_COUNTRIES_326,Power Rangers Samurai,"['Nickelodeon', 'Pinwheel', 'Nick']",['\nPower Rangers Samurai was originally aired on Nickelodeon in the United States.'],ans,1
P449_general_WESTERN_COUNTRIES_328,Orphan Black,['BBC America'],['\nOrphan Black was originally aired on BBC America.'],ans,1
P449_general_WESTERN_COUNTRIES_330,Chicago Fire,"['NBC', 'National Broadcasting Company']",['\nChicago Fire was originally aired on NBC.'],ans,1
P449_general_WESTERN_COUNTRIES_332,The Good Place,"['NBC', 'National Broadcasting Company']",['\nThe Good Place was originally aired on NBC in the United States.'],ans,1
P449_general_WESTERN_COUNTRIES_334,Dallas,"['Tiffany Network', 'CBS', 'Columbia Broadcasting System', 'Black Rock', 'Eye Network']",['\nDallas was originally aired on CBS.'],ans,1
P449_general_WESTERN_COUNTRIES_336,"Attack on Titan, season 4","['NHK General TV', 'NHK G']",['\nAttack on Titan season 4 was originally aired on NHK General TV in Japan.'],ans,1
P449_general_WESTERN_COUNTRIES_338,The Alienist: Angel of Darkness,"['TNT USA', 'Turner Network Television', 'TNT']",['\nThe Alienist: Angel of Darkness was originally aired on TNT.'],ans,1
P449_general_WESTERN_COUNTRIES_340,Dark Shadows,"['ABC', 'American Broadcasting Company']",['\nDark Shadows was originally aired on ABC in the United States.'],ans,1
P449_general_WESTERN_COUNTRIES_342,Only Murders in the Building,"['hulu.com', 'Hulu']",['\nOnly Murders in the Building was originally aired on Hulu.'],ans,1
P449_general_WESTERN_COUNTRIES_344,Empire,"['FOX', 'Fox Broadcasting Company']",['\nEmpire was originally aired on the Fox network in the United States.'],ans,1
P449_general_WESTERN_COUNTRIES_346,The Tonight Show Starring Jimmy Fallon,"['NBC', 'National Broadcasting Company']",['\nThe Tonight Show Starring Jimmy Fallon was originally aired on NBC.'],ans,1
P449_general_WESTERN_COUNTRIES_348,Shark Tank,"['ABC', 'American Broadcasting Company']",['\nShark Tank was originally aired on ABC in the United States.'],ans,1
P449_general_WESTERN_COUNTRIES_350,BoJack Horseman,"['Net Flix', 'Netflix', 'Netflix.com']",['\nBoJack Horseman was originally aired on Netflix.'],ans,1
P449_general_WESTERN_COUNTRIES_352,El Ministerio del Tiempo,['La 1'],['\nEl Ministerio del Tiempo was originally aired on TVE in Spain.'],ans,0
P449_general_WESTERN_COUNTRIES_354,The Great Global Warming Swindle,"['C4', 'Channel 4']",['\nThe Great Global Warming Swindle was originally aired on Channel 4 in the United Kingdom.'],ans,1
P449_general_WESTERN_COUNTRIES_356,Battlestar Galactica,"['Sci-Fi Channel', 'Syfy', 'Sci Fi', 'SciFi Entertainment', 'SciFi']",['\nBattlestar Galactica was originally aired on ABC in the United States.'],ans,0
P449_general_WESTERN_COUNTRIES_358,Knots Landing,"['Tiffany Network', 'CBS', 'Columbia Broadcasting System', 'Black Rock', 'Eye Network']",['\nKnots Landing was originally aired on CBS.'],ans,1
P449_general_WESTERN_COUNTRIES_360,Locke & Key,"['Net Flix', 'Netflix', 'Netflix.com']",['\nLocke & Key was originally aired on Netflix.'],ans,1
P449_general_WESTERN_COUNTRIES_362,Judging Amy,"['Tiffany Network', 'CBS', 'Columbia Broadcasting System', 'Black Rock', 'Eye Network']",['\nJudging Amy was originally aired on the American television network CBS.'],ans,1
P449_general_WESTERN_COUNTRIES_364,Chuck,"['NBC', 'National Broadcasting Company']",['\nChuck was originally aired on NBC.'],ans,1
P449_general_WESTERN_COUNTRIES_366,Castlevania,"['Net Flix', 'Netflix', 'Netflix.com']",['\nCastlevania was originally aired on Netflix.'],ans,1
P449_general_WESTERN_COUNTRIES_368,91st Academy Awards,"['ABC', 'American Broadcasting Company']",['\nThe 91st Academy Awards were originally aired on ABC.'],ans,1
P449_general_WESTERN_COUNTRIES_370,"The Walking Dead, season 11","['AMC (television channel)', 'AMC (TV Network)', 'American Movie Classics', 'AMC (TV network)', 'AMC Network', 'AMC network', 'AMC', 'Filmcritic.com', 'American Movie Channel']","['\nThe Walking Dead, season 11 was originally aired on AMC.']",ans,1
P449_general_WESTERN_COUNTRIES_372,Another World,"['NBC', 'National Broadcasting Company']",['\nAnother World was originally aired on NBC.'],ans,1
P449_general_WESTERN_COUNTRIES_374,Miraculous: Tales of Ladybug & Cat Noir,"['Télévision française 1', 'TF1']",['\nMiraculous: Tales of Ladybug & Cat Noir was originally aired on Disney Channel in France and'],ans,0
P449_general_WESTERN_COUNTRIES_376,WWE Tough Enough,"['Music Television', 'MTV']",['\nWWE Tough Enough was originally aired on USA Network.'],ans,0
P449_general_WESTERN_COUNTRIES_378,Dynasty,"['The CW', 'The CW Television Network']",['\nDynasty was originally aired on ABC in the United States.'],ans,0
P449_general_WESTERN_COUNTRIES_380,Chicago P.D.,"['NBC', 'National Broadcasting Company']",['\nChicago P.D. was originally aired on NBC.'],opt,1
P449_general_WESTERN_COUNTRIES_382,Total Drama Presents: The Ridonculous Race,['Teletoon'],['\nTotal Drama Presents: The Ridonculous Race was originally aired on Teletoon in Canada and Cartoon Network in'],ans,1
P449_general_WESTERN_COUNTRIES_384,Mom,"['Tiffany Network', 'CBS', 'Columbia Broadcasting System', 'Black Rock', 'Eye Network']","[""\nI'm sorry, I cannot provide an accurate answer without additional context. Could you please provide more information about the 'Mom' you are referring to?""]",unk,0
P449_general_WESTERN_COUNTRIES_386,Dynasty,"['ABC', 'American Broadcasting Company']",['\nDynasty was originally aired on ABC in the United States.'],ans,1
P449_general_WESTERN_COUNTRIES_388,Abbott Elementary,"['ABC', 'American Broadcasting Company']",['\nAbbott Elementary was originally aired on ABC.'],ans,1
P449_general_WESTERN_COUNTRIES_390,Power Rangers Dino Charge,"['Nickelodeon', 'Pinwheel', 'Nick']",['\nPower Rangers Dino Charge was originally aired on Nickelodeon in the United States.'],ans,1
P449_general_WESTERN_COUNTRIES_392,San Junipero,"['Net Flix', 'Netflix', 'Netflix.com']",['\nSan Junipero was originally aired on Channel 4 in the United Kingdom.'],ans,0
P449_general_WESTERN_COUNTRIES_394,The Cuphead Show!,"['Net Flix', 'Netflix', 'Netflix.com']",['\nThe Cuphead Show! was originally aired on Netflix.'],ans,1
P449_general_WESTERN_COUNTRIES_396,CSI: Miami,"['Tiffany Network', 'CBS', 'Columbia Broadcasting System', 'Black Rock', 'Eye Network']",['\nCSI: Miami was originally aired on CBS.'],ans,1
P449_general_WESTERN_COUNTRIES_398,Anne with an E,['CBC Television'],['\nAnne with an E was originally aired on CBC in Canada and PBS in the United States.'],ans,0
P449_general_WESTERN_COUNTRIES_400,MythBusters,"['Discovery.com', 'Discovery', 'The Discovery Channel', 'Discovery Channel', 'Discovery Korea']",['\nMythBusters was originally aired on the Discovery Channel in the United States.'],ans,1
P449_general_WESTERN_COUNTRIES_402,Isabel,['La 1'],"[""\nI'm sorry, I cannot provide an answer without additional context. Could you please provide more information about Isabel?""]",unk,0
P449_general_WESTERN_COUNTRIES_404,Superstore,"['NBC', 'National Broadcasting Company']",['\nSuperstore was originally aired on NBC.'],ans,1
P449_general_WESTERN_COUNTRIES_406,The Addams Family,"['ABC', 'American Broadcasting Company']",['\nThe Addams Family was originally aired on ABC in the United States.'],ans,1
P449_general_WESTERN_COUNTRIES_408,Gotham,"['FOX', 'Fox Broadcasting Company']",['\nGotham was originally aired on Fox.'],ans,1
P449_general_WESTERN_COUNTRIES_410,Last Man Standing,"['FOX', 'Fox Broadcasting Company']",['\nLast Man Standing was originally aired on ABC.'],ans,0
P449_general_WESTERN_COUNTRIES_412,It's Pony,"['Pinwheel', 'Nickelodeon', 'YTV', 'Nick']","[""\nI'm sorry, I cannot provide an answer to that question as I do not have enough context. Could you please provide more information?""]",unk,0
P449_general_WESTERN_COUNTRIES_414,Un village français,['France 3'],['\nUn village français was originally aired on the French television network France 2.'],ans,0
P449_general_WESTERN_COUNTRIES_416,Sex Education,"['Net Flix', 'Netflix', 'Netflix.com']",['\nSex Education was originally aired on Netflix.'],ans,1
P449_general_WESTERN_COUNTRIES_418,WWE Monday Night RAW,"['USA', 'WWE Network', 'RTL9', 'Tvoyo Novoye Televideniye', 'AB Channel 1', 'TNT', 'THT', 'USA Network', 'AB 1', 'Paramount Network', 'AB1']",['\nWWE Monday Night RAW was originally aired on USA Network.'],ans,1
P449_general_WESTERN_COUNTRIES_420,The Titan Games,"['NBC', 'National Broadcasting Company']",['\nThe Titan Games was originally aired on NBC.'],ans,1
P449_general_WESTERN_COUNTRIES_422,Touch,"['FOX', 'Fox Broadcasting Company']",['\nTouch was originally aired on Fox in the United States.'],ans,1
P449_general_WESTERN_COUNTRIES_424,Britain's Got Talent,"['Independent Television', 'ITV']","[""\nBritain's Got Talent was originally aired on ITV in the United Kingdom.""]",ans,1
P449_general_WESTERN_COUNTRIES_426,The Owl House,"['Disney Channel', 'Disney', 'The Disney Channel']",['\nThe Owl House was originally aired on Disney Channel.'],ans,1
P449_general_WESTERN_COUNTRIES_428,USS Callister,"['Net Flix', 'Netflix', 'Netflix.com']",['\nUSS Callister was originally aired on the streaming service Netflix.'],ans,1
P449_general_WESTERN_COUNTRIES_430,Dexter,"['Showtime Networks', 'Showtime TV', 'SHO', 'Showtime']",['\nDexter was originally aired on Showtime in the United States.'],ans,1
P449_general_WESTERN_COUNTRIES_432,Who Is America?,"['Showtime Networks', 'Showtime TV', 'SHO', 'Showtime']",['\nWho Is America? was originally aired on Showtime in the United States.'],ans,1
P449_general_WESTERN_COUNTRIES_434,USA Today,"['syndication', 'radio syndication', 'broadcast syndication', 'TV syndication']",['\nUSA Today was originally aired on the USA Network.'],ans,0
P449_general_WESTERN_COUNTRIES_436,"Tiger King: Murder, Mayhem and Madness","['Net Flix', 'Netflix', 'Netflix.com']","['\nTiger King: Murder, Mayhem and Madness was originally aired on Netflix.']",ans,1
P449_general_WESTERN_COUNTRIES_438,"Love, Victor","['hulu.com', 'Hulu']","['\nLove, Victor was originally aired on Hulu.']",ans,1
P449_general_WESTERN_COUNTRIES_440,Wallace and Gromit,"['BBC Television Service', 'BBC One', 'BBC1', 'BBC TV', 'BBC 1']",['\nWallace and Gromit originally aired on BBC One in the United Kingdom.'],ans,1
P449_general_WESTERN_COUNTRIES_442,The Ellen DeGeneres Show,"['syndication', 'radio syndication', 'broadcast syndication', 'TV syndication']",['\nThe Ellen DeGeneres Show was originally aired on ABC.'],ans,0
P449_general_WESTERN_COUNTRIES_444,Princess Gwenevere and the Jewel Riders,"['syndication', 'radio syndication', 'broadcast syndication', 'TV syndication']","['\nPrincess Gwenevere and the Jewel Riders was originally aired on the American cable network, USA Network.']",ans,0
P449_general_WESTERN_COUNTRIES_446,Younger,"['TV Land', 'CBS All Access', 'Paramount Plus', 'Paramount+', '10 All Access']",['\nYounger was originally aired on TV Land in the United States.'],ans,1
P449_general_WESTERN_COUNTRIES_448,Sesame Street,"['HBO Family', 'HBO', 'Home Box Office']",['\nSesame Street was originally aired on National Educational Television (NET) in the United States.'],ans,0
P449_general_WESTERN_COUNTRIES_450,Married... with Children,"['FOX', 'Fox Broadcasting Company']",['\nMarried... with Children was originally aired on the Fox Broadcasting Company in the United States.'],ans,1
P449_general_WESTERN_COUNTRIES_452,The Ren & Stimpy Show,"['Nickelodeon', 'Pinwheel', 'Nick']",['\nThe Ren & Stimpy Show was originally aired on Nickelodeon.'],ans,1
P449_general_WESTERN_COUNTRIES_454,The Fungies!,['HBO Max'],['\nThe Fungies! was originally aired on the BBC in the United Kingdom.'],ans,0
P449_general_WESTERN_COUNTRIES_456,Rugrats,"['Nickelodeon', 'Pinwheel', 'Nick']",['\nRugrats was originally aired on Nickelodeon.'],ans,1
P449_general_WESTERN_COUNTRIES_458,The Leftovers,"['HBO Family', 'HBO', 'Home Box Office']",['\nThe Leftovers was originally aired on HBO.'],ans,1
P449_general_WESTERN_COUNTRIES_460,Hollyoaks,"['C4', 'Channel 4']",['\nHollyoaks was originally aired on Channel 4 in the United Kingdom.'],ans,1
P449_general_WESTERN_COUNTRIES_462,Polly Pocket,"['Family', 'Family Channel']","['\nPolly Pocket was originally aired on the American television network, Nickelodeon.']",ans,0
P449_general_WESTERN_COUNTRIES_464,Teenage Mutant Ninja Turtles,"['Pinwheel', 'Nick', 'Nicktoons Network', 'Nicktoons TV', 'Nickelodeon', 'Nicktoons']",['\nTeenage Mutant Ninja Turtles was originally aired on the USA Network in the United States.'],ans,0
P449_general_WESTERN_COUNTRIES_466,Veep,"['HBO Family', 'HBO', 'Home Box Office']",['\nVeep was originally aired on HBO.'],ans,1
P449_general_WESTERN_COUNTRIES_468,Happy Days,"['ABC', 'American Broadcasting Company']",['\nHappy Days was originally aired on ABC.'],ans,1
P449_general_WESTERN_COUNTRIES_470,The Loud House,"['Nickelodeon', 'Pinwheel', 'Nick']",['\nThe Loud House was originally aired on Nickelodeon in the United States.'],ans,1
P449_general_WESTERN_COUNTRIES_472,Mission: Impossible,"['Tiffany Network', 'CBS', 'Columbia Broadcasting System', 'Black Rock', 'Eye Network']",['\nMission: Impossible was originally aired on CBS.'],ans,1
P449_general_WESTERN_COUNTRIES_474,The Resident,"['FOX', 'Fox Broadcasting Company']",['\nThe Resident was originally aired on Fox.'],ans,1
P449_general_WESTERN_COUNTRIES_476,Monty Python's Flying Circus,"['BBC Television Service', 'BBC2', 'BBC One', 'BBC1', 'BBC TV', 'BBC Two', 'BBC 1', 'BBC 2']","[""\nMonty Python's Flying Circus was originally aired on the BBC in the United Kingdom.""]",ans,0
P449_general_WESTERN_COUNTRIES_478,Reaper,"['The CW', 'The CW Television Network']",['\nReaper was originally aired on The CW.'],ans,1
P449_general_WESTERN_COUNTRIES_480,The Girlfriend Experience,"['Starz', 'STARZ!']",['\nThe Girlfriend Experience was originally aired on Starz.'],ans,1
P449_general_WESTERN_COUNTRIES_482,Pennyworth,['Epix'],['\nPennyworth was originally aired on Epix in the United States and Sky Atlantic in the United Kingdom.'],ans,1
P449_general_WESTERN_COUNTRIES_484,The Jungle Book,"['Télévision française 1', 'TF1']",['\nThe Jungle Book was originally aired on the Disney Channel in the United States.'],ans,0
P449_general_WESTERN_COUNTRIES_486,Heartstopper,"['Net Flix', 'Netflix', 'Netflix.com']",['\nHeartstopper was originally aired on Netflix.'],ans,1
P449_general_WESTERN_COUNTRIES_488,2 Broke Girls,"['Tiffany Network', 'CBS', 'Columbia Broadcasting System', 'Black Rock', 'Eye Network']",['\n2 Broke Girls was originally aired on CBS.'],ans,1
P449_general_WESTERN_COUNTRIES_490,Yellowstone,['Paramount Network'],['\nYellowstone was originally aired on the Paramount Network in the United States.'],ans,1
P449_general_WESTERN_COUNTRIES_492,Lost in Space,"['Net Flix', 'Netflix', 'Netflix.com']",['\nLost in Space was originally aired on CBS.'],ans,0
P449_general_WESTERN_COUNTRIES_494,Warrior,"['HBO Max', 'Max', 'Cinemax']",['\nWarrior was originally aired on Cinemax in the United States.'],ans,1
P449_general_WESTERN_COUNTRIES_496,The Voice UK,"['Independent Television', 'BBC Television Service', 'BBC One', 'BBC1', 'BBC TV', 'BBC 1', 'ITV']",['\nThe Voice UK was originally aired on BBC One.'],ans,1
P449_general_WESTERN_COUNTRIES_498,Toonami,['Cartoon Network'],['\nToonami was originally aired on Cartoon Network in the United States.'],ans,1
P449_general_WESTERN_COUNTRIES_500,Demain nous appartient,"['Télévision française 1', 'TF1']",['\nDemain nous appartient was originally aired on TF1 in France.'],ans,1
P449_general_WESTERN_COUNTRIES_502,The Rookie,"['ABC', 'American Broadcasting Company']",['\nThe Rookie was originally aired on ABC.'],ans,1
P449_general_WESTERN_COUNTRIES_504,The Shield,"['fX', 'FX network', 'FX', 'Fox extended']",['\nThe Shield was originally aired on FX in the United States.'],ans,1
P449_general_WESTERN_COUNTRIES_506,Shooter,"['USA Network', 'USA']",['\nShooter was originally aired on USA Network.'],ans,1
P449_general_WESTERN_COUNTRIES_508,"The Walking Dead, season 6","['AMC (television channel)', 'AMC (TV Network)', 'American Movie Classics', 'AMC (TV network)', 'AMC Network', 'AMC network', 'AMC', 'Filmcritic.com', 'American Movie Channel']","['\nThe Walking Dead, season 6 was originally aired on AMC.']",ans,1
P449_general_WESTERN_COUNTRIES_510,The People v. O. J. Simpson: American Crime Story,"['fX', 'FX network', 'FX', 'Fox extended']",['\nThe People v. O. J. Simpson: American Crime Story was originally aired on the FX network'],ans,1
P449_general_WESTERN_COUNTRIES_512,FlashForward,"['ABC', 'American Broadcasting Company']",['\nFlashForward was originally aired on ABC in the United States.'],ans,1
P449_general_WESTERN_COUNTRIES_514,Altered Carbon,"['Net Flix', 'Netflix', 'Netflix.com']",['\nAltered Carbon was originally aired on Netflix.'],ans,1
P449_general_WESTERN_COUNTRIES_516,Highlander: The Series,"['syndication', 'radio syndication', 'broadcast syndication', 'TV syndication']","['\nHighlander: The Series was originally aired on the American television network, syndication.']",ans,1
P449_general_WESTERN_COUNTRIES_518,NCIS,"['Tiffany Network', 'CBS', 'Columbia Broadcasting System', 'Black Rock', 'Eye Network']",['\nNCIS was originally aired on CBS.'],ans,1
P449_general_WESTERN_COUNTRIES_520,"Magnum, P.I.","['National Broadcasting Company', 'Tiffany Network', 'CBS', 'NBC', 'Columbia Broadcasting System', 'Black Rock', 'Eye Network']","['\nMagnum, P.I. was originally aired on CBS.']",ans,1
P449_general_WESTERN_COUNTRIES_522,Nikita,"['The CW', 'The CW Television Network']",['\nNikita was originally aired on The CW in the United States.'],ans,1
P449_general_WESTERN_COUNTRIES_524,See,"['Apple TV Plus', 'AppleTV+', 'Apple TV+']","[""\nI'm sorry, I cannot provide an accurate answer without additional context. Could you please provide more information?""]",unk,0
P449_general_WESTERN_COUNTRIES_526,Mysticons,"['Nickelodeon', 'Pinwheel', 'Nick']",['\nMysticons was originally aired on Nickelodeon.'],ans,1
P449_general_WESTERN_COUNTRIES_528,The Biggest Loser,"['NBC', 'National Broadcasting Company']",['\nThe Biggest Loser was originally aired on NBC in the United States.'],ans,1
P449_general_WESTERN_COUNTRIES_530,"Ed, Edd n Eddy",['Cartoon Network'],"['\nEd, Edd n Eddy was originally aired on Cartoon Network in the United States.']",ans,1
P449_general_WESTERN_COUNTRIES_532,El señor de los cielos,['Telemundo'],['\nEl señor de los cielos was originally aired on Telemundo in the United States.'],ans,1
P449_general_WESTERN_COUNTRIES_534,The Walking Dead: World Beyond,"['AMC (television channel)', 'AMC (TV Network)', 'American Movie Classics', 'AMC (TV network)', 'AMC Network', 'AMC network', 'AMC', 'Filmcritic.com', 'American Movie Channel']",['\nThe Walking Dead: World Beyond was originally aired on AMC.'],ans,1
P449_general_WESTERN_COUNTRIES_536,The New Woody Woodpecker Show,"['FOX', 'Fox Broadcasting Company']",['\nThe New Woody Woodpecker Show was originally aired on CBS.'],ans,0
P449_general_WESTERN_COUNTRIES_538,Penny Dreadful,"['Showtime Networks', 'Showtime TV', 'SHO', 'Showtime']",['\nPenny Dreadful was originally aired on Showtime in the United States and Sky Atlantic in the United Kingdom.'],ans,1
P449_general_WESTERN_COUNTRIES_540,Silicon Valley,"['HBO Family', 'HBO', 'Home Box Office']",['\nSilicon Valley was originally aired on HBO.'],ans,1
P449_general_WESTERN_COUNTRIES_542,Planet Earth,"['British Broadcasting Corporation', 'BBC']",['\nPlanet Earth was originally aired on BBC One in the United Kingdom and on Discovery Channel in the United States.'],ans,1
P449_general_WESTERN_COUNTRIES_544,"How to Get Away with Murder, season 2","['ABC', 'American Broadcasting Company']","['\nHow to Get Away with Murder, season 2 was originally aired on ABC.']",ans,1
P449_general_WESTERN_COUNTRIES_546,Knightfall,"['History', 'The History Channel', 'history.com', 'History Channel']",['\nKnightfall was originally aired on The History Channel.'],ans,1
P449_general_WESTERN_COUNTRIES_548,Pac-Man and the Ghostly Adventures,"['Baxik TV', 'Disney XD']",['\nPac-Man and the Ghostly Adventures was originally aired on Disney XD in the United States.'],ans,1
P449_general_WESTERN_COUNTRIES_550,The Queen of Miami,"['Canal 7', 'TVN 7', 'NBC', 'Television Nacional de Chile', 'Televisión Nacional de Chile', 'TVN', 'National Broadcasting Company']","['\nThe Queen of Miami was originally aired on the American television network, NBC.']",ans,1
P449_general_WESTERN_COUNTRIES_552,"Family Guy, season 8","['FOX', 'Fox Broadcasting Company']","['\nFamily Guy, season 8 was originally aired on Fox.']",ans,1
P449_general_WESTERN_COUNTRIES_554,Malcolm in the Middle,"['FOX', 'Fox Broadcasting Company']",['\nMalcolm in the Middle was originally aired on Fox in the United States.'],ans,1
P449_general_WESTERN_COUNTRIES_556,John Adams,"['HBO Family', 'HBO', 'Home Box Office']",['\nJohn Adams was originally aired on HBO.'],ans,1
P449_general_WESTERN_COUNTRIES_558,Xena: Warrior Princess,"['syndication', 'radio syndication', 'broadcast syndication', 'TV syndication']","['\nXena: Warrior Princess was originally aired on the American television network, Syndication.']",ans,1
P449_general_WESTERN_COUNTRIES_560,Dead to Me,"['Net Flix', 'Netflix', 'Netflix.com']",['\nDead to Me was originally aired on Netflix.'],ans,1
P449_general_WESTERN_COUNTRIES_562,Columbo,"['ABC', 'NBC', 'American Broadcasting Company', 'National Broadcasting Company']",['\nColumbo was originally aired on NBC in the United States.'],ans,1
P449_general_WESTERN_COUNTRIES_564,Teletubbies,"['BBC 2', 'CBeebies', 'BBC Two', 'BBC2']",['\nTeletubbies was originally aired on BBC in the United Kingdom.'],ans,0
P449_general_WESTERN_COUNTRIES_566,Life Unexpected,"['The CW', 'The CW Television Network']",['\nLife Unexpected was originally aired on The CW in the United States.'],ans,1
P449_general_WESTERN_COUNTRIES_568,Narcos,"['Net Flix', 'Netflix', 'Netflix.com']",['\nNarcos was originally aired on Netflix.'],ans,1
P449_general_WESTERN_COUNTRIES_570,Feud,"['fX', 'FX network', 'FX', 'Fox extended']",['\nFeud was originally aired on FX.'],ans,1
P449_general_WESTERN_COUNTRIES_572,Hacks,['HBO Max'],['\nHacks was originally aired on HBO Max.'],ans,1
P449_general_WESTERN_COUNTRIES_574,Prisoner,"['10 TV Australia', 'Channel Ten', 'Network Ten', 'Network 10', 'Channel 10', '10 Network', 'Independent Television System', '0-10 Network']",['\nPrisoner was originally aired on the Australian television network Seven Network.'],ans,0
P449_general_WESTERN_COUNTRIES_576,It's Always Sunny in Philadelphia,"['FX', 'Fox extended', 'fX', 'FXX', 'FX network']","[""\nIt's Always Sunny in Philadelphia was originally aired on FX in the United States.""]",ans,1
P449_general_WESTERN_COUNTRIES_578,Frasier,"['NBC', 'National Broadcasting Company']",['\nFrasier was originally aired on NBC in the United States.'],ans,1
P449_general_WESTERN_COUNTRIES_580,Katy Keene,"['The CW', 'The CW Television Network']",['\nKaty Keene was originally aired on The CW.'],ans,1
P449_general_WESTERN_COUNTRIES_582,Charlie's Angels,"['ABC', 'American Broadcasting Company']","[""\nCharlie's Angels was originally aired on ABC in the United States.""]",ans,1
P449_general_WESTERN_COUNTRIES_584,Mr. Bean,"['Independent Television', 'ITV']",['\nMr. Bean was originally aired on ITV in the United Kingdom.'],ans,1
P449_general_WESTERN_COUNTRIES_586,Mindhunter,"['Net Flix', 'Netflix', 'Netflix.com']",['\nMindhunter was originally aired on Netflix.'],ans,1
P449_general_WESTERN_COUNTRIES_588,Terminator: The Sarah Connor Chronicles,"['FOX', 'Fox Broadcasting Company']",['\nTerminator: The Sarah Connor Chronicles was originally aired on Fox in the United States.'],ans,1
P449_general_WESTERN_COUNTRIES_590,JoJo's Circus,"['Disney Channel', 'Disney', 'The Disney Channel']","[""\nJoJo's Circus was originally aired on the Disney Channel.""]",ans,1
P449_general_WESTERN_COUNTRIES_592,JAG,"['National Broadcasting Company', 'Tiffany Network', 'CBS', 'NBC', 'Columbia Broadcasting System', 'Black Rock', 'Eye Network']",['\nJAG was originally aired on NBC.'],ans,1
P449_general_WESTERN_COUNTRIES_594,The A-Team,"['NBC', 'National Broadcasting Company']",['\nThe A-Team was originally aired on NBC in the United States.'],ans,1
P449_general_WESTERN_COUNTRIES_596,Hot in Cleveland,['TV Land'],['\nHot in Cleveland originally aired on TV Land.'],ans,1
P449_general_WESTERN_COUNTRIES_598,BBC Sports Personality of the Year,"['British Broadcasting Corporation', 'BBC']",['\nBBC Sports Personality of the Year was originally aired on BBC One.'],ans,1
P449_general_WESTERN_COUNTRIES_600,Regular Show,['Cartoon Network'],['\nRegular Show was originally aired on Cartoon Network in the United States.'],ans,1
P449_general_WESTERN_COUNTRIES_602,Beavis and Butt-Head,"['Music Television', 'MTV']",['\nBeavis and Butt-Head was originally aired on MTV.'],ans,1
P449_general_WESTERN_COUNTRIES_604,Inside Job,"['Net Flix', 'Netflix', 'Netflix.com']",['\nInside Job was originally aired on HBO.'],ans,0
P449_general_WESTERN_COUNTRIES_606,The Punisher,"['Net Flix', 'Netflix', 'Netflix.com']",['\nThe Punisher was originally aired on the Fox Network.'],ans,0
P449_general_WESTERN_COUNTRIES_608,NCIS: New Orleans,"['Tiffany Network', 'CBS', 'Columbia Broadcasting System', 'Black Rock', 'Eye Network']",['\nNCIS: New Orleans was originally aired on CBS.'],ans,1
P449_general_WESTERN_COUNTRIES_610,Boardwalk Empire,"['HBO Family', 'HBO', 'Home Box Office']",['\nBoardwalk Empire was originally aired on HBO.'],ans,1
P449_general_WESTERN_COUNTRIES_612,Rome,"['HBO', 'HBO Family', 'BBC2', 'Home Box Office', 'BBC 2', 'BBC Two']","[""\nI'm sorry, I cannot provide an accurate answer to that question as it is missing context. Could you please provide more information?""]",unk,0
P449_general_WESTERN_COUNTRIES_614,La Brea,"['NBC', 'National Broadcasting Company']",['\nLa Brea was originally aired on NBC.'],ans,1
P449_general_WESTERN_COUNTRIES_616,PJ Masks,['Disney Junior'],['\nPJ Masks was originally aired on Disney Junior in the United States.'],ans,1
P449_general_WESTERN_COUNTRIES_618,Hilda,"['Net Flix', 'Netflix', 'Netflix.com']",['\nHilda was originally aired on Netflix.'],ans,1
P449_general_WESTERN_COUNTRIES_620,Grimm,"['NBC', 'National Broadcasting Company']",['\nGrimm was originally aired on NBC in the United States.'],ans,1
P449_general_WESTERN_COUNTRIES_622,MacGyver,"['Tiffany Network', 'CBS', 'Columbia Broadcasting System', 'Black Rock', 'Eye Network']",['\nMacGyver was originally aired on ABC in the United States.'],ans,0
P449_general_WESTERN_COUNTRIES_624,WWE Smackdown,"['SciFi', 'Fox Deportes', 'Fox Broadcasting Company', 'United Paramount Network', 'Syfy', 'FOX', 'UPN', 'Sci-Fi Channel', 'Sci Fi', 'The CW Television Network', 'USA Network', 'SciFi Entertainment', 'The CW', 'USA']",['\nWWE Smackdown was originally aired on UPN and later on The CW.'],ans,1
P449_general_WESTERN_COUNTRIES_626,Wayward Pines,"['FOX', 'Fox Broadcasting Company']",['\nWayward Pines was originally aired on Fox in the United States.'],ans,1
P449_general_WESTERN_COUNTRIES_628,Samurai Jack,"['Cartoon Network', 'Adult Swim', '[adult swim]']",['\nSamurai Jack originally aired on Cartoon Network in the United States.'],ans,1
P449_general_WESTERN_COUNTRIES_630,Mao Mao: Heroes of Pure Heart,['Cartoon Network'],['\nMao Mao: Heroes of Pure Heart was originally aired on Cartoon Network in the United States.'],ans,1
P449_general_WESTERN_COUNTRIES_632,Unbreakable Kimmy Schmidt,"['Net Flix', 'Netflix', 'Netflix.com']",['\nUnbreakable Kimmy Schmidt was originally aired on Netflix.'],ans,1
P449_general_WESTERN_COUNTRIES_634,12 Monkeys,"['Sci-Fi Channel', 'Syfy', 'Sci Fi', 'SciFi Entertainment', 'SciFi']",['\n12 Monkeys was originally aired on the American cable network Syfy.'],ans,1
P449_general_WESTERN_COUNTRIES_636,The Legend of Tarzan,"['United Paramount Network', 'UPN', 'radio syndication', 'syndication', 'broadcast syndication', 'TV syndication']",['\nThe Legend of Tarzan was originally aired on the American television network CBS.'],ans,0
P449_general_WESTERN_COUNTRIES_638,The Twilight Zone,"['Tiffany Network', 'CBS', 'Columbia Broadcasting System', 'Black Rock', 'Eye Network']",['\nThe Twilight Zone was originally aired on CBS.'],ans,1
P449_general_WESTERN_COUNTRIES_640,WWE NXT,"['WWE Network', 'hulu.com', 'Sci-Fi Channel', 'Syfy', 'Sci Fi', 'USA Network', 'Hulu', 'SciFi Entertainment', 'SciFi', 'USA']",['\nWWE NXT was originally aired on Syfy in the United States.'],ans,1
P449_general_WESTERN_COUNTRIES_642,Primal,"['[adult swim]', 'Adult Swim']",['\nPrimal was originally aired on Adult Swim in the United States.'],ans,1
P449_general_WESTERN_COUNTRIES_644,The Emperor's New School,"['The Disney Channel', 'Disney XD', 'Disney Channel', 'Disney', 'American Broadcasting Company', 'Baxik TV', 'ABC']","[""\nThe Emperor's New School was originally aired on Disney Channel.""]",ans,1
P449_general_WESTERN_COUNTRIES_646,The Fresh Prince of Bel-Air,"['NBC', 'National Broadcasting Company']",['\nThe Fresh Prince of Bel-Air was originally aired on NBC in the United States.'],ans,1
P449_general_WESTERN_COUNTRIES_648,Alias,"['ABC', 'American Broadcasting Company']",['\nAlias was originally aired on ABC in the United States.'],ans,1
P449_general_WESTERN_COUNTRIES_650,On My Block,"['Net Flix', 'Netflix', 'Netflix.com']",['\nOn My Block was originally aired on Netflix.'],ans,1
P449_general_WESTERN_COUNTRIES_652,DuckTales,"['The Disney Channel', 'Disney Channel', 'Disney', 'American Broadcasting Company', 'radio syndication', 'syndication', 'ABC', 'broadcast syndication', 'TV syndication']",['\nDuckTales originally aired on the Disney Channel in the United States.'],ans,1
P449_general_WESTERN_COUNTRIES_654,All American,"['The CW', 'The CW Television Network']",['\nAll American was originally aired on The CW.'],ans,1
P449_general_WESTERN_COUNTRIES_656,LoliRock,['France 3'],['\nLoliRock was originally aired on Netflix.'],ans,0
P449_general_WESTERN_COUNTRIES_658,Revolution,"['NBC', 'National Broadcasting Company']",['\nRevolution was originally aired on NBC in the United States.'],ans,1
P449_general_WESTERN_COUNTRIES_660,American Horror Story: Cult,"['fX', 'FX network', 'FX', 'Fox extended']",['\nAmerican Horror Story: Cult was originally aired on FX.'],ans,1
P449_general_WESTERN_COUNTRIES_662,Sonic the Hedgehog,"['ABC', 'American Broadcasting Company']",['\nSonic the Hedgehog was originally aired on ABC in the United States.'],ans,1
P449_general_WESTERN_COUNTRIES_664,My Brilliant Friend,"['HBO Family', 'HBO', 'Home Box Office']",['\nMy Brilliant Friend was originally aired on HBO.'],ans,1
P449_general_WESTERN_COUNTRIES_666,Six Feet Under,"['HBO Family', 'HBO', 'Home Box Office']",['\nSix Feet Under was originally aired on HBO.'],ans,1
P449_general_WESTERN_COUNTRIES_668,As the World Turns,"['Tiffany Network', 'CBS', 'Columbia Broadcasting System', 'Black Rock', 'Eye Network']",['\nAs the World Turns was originally aired on CBS.'],ans,1
P449_general_WESTERN_COUNTRIES_670,Captain Power and the Soldiers of the Future,"['syndication', 'radio syndication', 'broadcast syndication', 'TV syndication']",['\nCaptain Power and the Soldiers of the Future was originally aired on the USA Network.'],ans,0
P449_general_WESTERN_COUNTRIES_672,Atlanta,"['fX', 'FX network', 'FX', 'Fox extended']",['\nAtlanta was originally aired on FX.'],ans,1
P449_general_WESTERN_COUNTRIES_674,Dad's Army,"['BBC Television Service', 'BBC One', 'BBC1', 'BBC TV', 'BBC 1']","[""\nDad's Army was originally aired on the BBC.""]",ans,0
P449_general_WESTERN_COUNTRIES_676,Lindenstraße,"['Deutsches Fernsehen', 'Erstes Deutsches Fernsehen', 'Das Erste']","['\nLindenstraße was originally aired on ARD, a German public broadcasting network.']",ans,0
P449_general_WESTERN_COUNTRIES_678,Gerry Anderson's New Captain Scarlet,"['Independent Television', 'ITV']","[""\nGerry Anderson's New Captain Scarlet was originally aired on ITV in the United Kingdom.""]",ans,1
P449_general_WESTERN_COUNTRIES_680,Di-Gata Defenders,['Teletoon'],['\nDi-Gata Defenders was originally aired on the Disney Channel.'],ans,0
P449_general_WESTERN_COUNTRIES_682,Legacies,"['The CW', 'The CW Television Network']",['\nLegacies was originally aired on The CW.'],ans,1
P449_general_WESTERN_COUNTRIES_684,DuckTales,"['The Disney Channel', 'Disney XD', 'Disney Channel', 'Disney', 'Baxik TV']",['\nDuckTales originally aired on the Disney Channel in the United States.'],ans,1
P449_general_WESTERN_COUNTRIES_686,Reign,"['The CW', 'The CW Television Network']",['\nReign was originally aired on The CW in the United States.'],ans,1
P449_general_WESTERN_COUNTRIES_688,The Bridge,"['SVT', 'Sveriges Television', 'DR1', 'svt', 'Sverige Television']",['\nThe Bridge was originally aired on FX.'],ans,0
P449_general_WESTERN_COUNTRIES_690,666 Park Avenue,"['ABC', 'American Broadcasting Company']",['\n666 Park Avenue was originally aired on ABC.'],ans,1
P449_general_WESTERN_COUNTRIES_692,I Didn't Know That,"['TV National Geographic Channel Animal in Germany', 'National Geographic Channel']","[""\nI'm sorry, I cannot provide an accurate answer without additional context. Could you please provide more information?""]",unk,0
P449_general_WESTERN_COUNTRIES_694,The Killing,['DR1'],['\nThe Killing was originally aired on AMC in the United States.'],ans,0
P449_general_WESTERN_COUNTRIES_696,Hunters,"['Amazon Video On Demand', 'Amazon Prime Video', 'Amazon Video', 'Amazon Prime', 'Amazon Unbox', 'Amazon Instant Video']",['\nHunters was originally aired on Amazon Prime Video.'],ans,1
P449_general_WESTERN_COUNTRIES_698,"Breaking Bad, season 5","['AMC (television channel)', 'AMC (TV Network)', 'American Movie Classics', 'AMC (TV network)', 'AMC Network', 'AMC network', 'AMC', 'Filmcritic.com', 'American Movie Channel']","['\nBreaking Bad, season 5 was originally aired on AMC.']",ans,1
P449_general_WESTERN_COUNTRIES_700,Invincible,"['Amazon Video On Demand', 'Amazon Prime Video', 'Amazon Video', 'Amazon Prime', 'Amazon Unbox', 'Amazon Instant Video']",['\nInvincible was originally aired on Amazon Prime Video.'],ans,1
P449_general_WESTERN_COUNTRIES_702,American Horror Stories,"['hulu.com', 'Hulu']",['\nAmerican Horror Stories was originally aired on FX.'],ans,0
P449_general_WESTERN_COUNTRIES_704,Gunsmoke,"['Tiffany Network', 'CBS', 'Columbia Broadcasting System', 'Black Rock', 'Eye Network']",['\nGunsmoke was originally aired on CBS.'],ans,1
P449_general_WESTERN_COUNTRIES_706,Level Up,"['The CW', 'Cartoon Network', 'The CW Television Network']",['\nLevel Up was originally aired on the Philippine television network TV5.'],ans,0
P449_general_WESTERN_COUNTRIES_708,Outer Banks,"['Net Flix', 'Netflix', 'Netflix.com']",['\nOuter Banks was originally aired on Netflix.'],ans,1
P449_general_WESTERN_COUNTRIES_710,The Last Man on Earth,"['FOX', 'Fox Broadcasting Company']",['\nThe Last Man on Earth was originally aired on Fox.'],ans,1
P449_general_WESTERN_COUNTRIES_712,Longmire,"['Net Flix', 'A&E', 'Arts & Entertainment Network', 'Netflix.com', 'A&E Television Network', 'Arts & Entertainment', 'Netflix', 'A&E TV']",['\nLongmire was originally aired on A&E.'],ans,1
P449_general_WESTERN_COUNTRIES_714,The Bold and the Beautiful,"['Tiffany Network', 'CBS', 'Columbia Broadcasting System', 'Black Rock', 'Eye Network']",['\nThe Bold and the Beautiful was originally aired on CBS.'],ans,1
P449_general_WESTERN_COUNTRIES_716,Good Morning America,"['ABC', 'American Broadcasting Company']",['\nGood Morning America was originally aired on ABC.'],ans,1
P449_general_WESTERN_COUNTRIES_718,"Avatar: The Last Airbender, season 1","['Nickelodeon', 'Pinwheel', 'Nick']","['\nAvatar: The Last Airbender, season 1 was originally aired on Nickelodeon in the United']",ans,1
P449_general_WESTERN_COUNTRIES_720,Shaun the Sheep,"['CBBC', 'BBC Television Service', 'BBC One', 'BBC1', 'BBC TV', 'BBC 1', ""Children's BBC"", ""Children's British Broadcasting Corporation""]",['\nShaun the Sheep was originally aired on the BBC in the United Kingdom.'],ans,0
P449_general_WESTERN_COUNTRIES_722,The Social Dilemma,"['Net Flix', 'Netflix', 'Netflix.com']",['\nThe Social Dilemma was originally aired on Netflix.'],ans,1
P449_general_WESTERN_COUNTRIES_724,Madam Secretary,"['Tiffany Network', 'CBS', 'Columbia Broadcasting System', 'Black Rock', 'Eye Network']",['\nMadam Secretary was originally aired on CBS.'],ans,1
P449_general_WESTERN_COUNTRIES_726,Homecoming,"['Amazon Video On Demand', 'Amazon Prime Video', 'Amazon Video', 'Amazon Prime', 'Amazon Unbox', 'Amazon Instant Video']",['\nHomecoming was originally aired on Amazon Prime Video.'],ans,1
P449_general_WESTERN_COUNTRIES_728,Joey,"['NBC', 'National Broadcasting Company']",['\nJoey was originally aired on NBC.'],ans,1
P449_general_WESTERN_COUNTRIES_730,Dot.,['CBC Television'],"[""\nI'm sorry, I cannot provide an accurate answer without additional context. Could you please provide more information about the 'Dot.' you are referring to""]",unk,0
P449_general_WESTERN_COUNTRIES_732,Madres. Amor y vida,"['Amazon Video On Demand', 'Amazon Prime Video', 'Amazon Video', 'Amazon Prime', 'Amazon Unbox', 'Amazon Instant Video']",['\nMadres. Amor y vida was originally aired on Telemundo.'],ans,0
P449_general_WESTERN_COUNTRIES_734,Room 104,"['HBO Family', 'HBO', 'Home Box Office']",['\nRoom 104 was originally aired on HBO.'],ans,1
P449_general_WESTERN_COUNTRIES_736,Monsters vs. Aliens,"['Nickelodeon', 'Pinwheel', 'Nick']",['\nMonsters vs. Aliens was originally aired on Cartoon Network in the United States.'],ans,0
P449_general_WESTERN_COUNTRIES_738,Travelers,"['Net Flix', 'Netflix', 'Netflix.com']",['\nTravelers was originally aired on the Canadian network Showcase.'],ans,0
P449_general_WESTERN_COUNTRIES_740,Jellystone!,['HBO Max'],['\nJellystone! was originally aired on the Cartoon Network.'],ans,0
P449_general_WESTERN_COUNTRIES_742,The Larry Sanders Show,"['HBO Family', 'HBO', 'Home Box Office']",['\nThe Larry Sanders Show was originally aired on HBO.'],ans,1
P449_general_WESTERN_COUNTRIES_744,Space Force,"['Net Flix', 'Netflix', 'Netflix.com']",['\nSpace Force was originally aired on Netflix.'],ans,1
P449_general_WESTERN_COUNTRIES_746,Roots,"['ABC', 'American Broadcasting Company']",['\nRoots was originally aired on ABC in the United States.'],ans,1
P449_general_WESTERN_COUNTRIES_748,Up Series,"['Independent Television', 'ITV']",['\nThe Up Series was originally aired on the BBC in the United Kingdom.'],ans,0
P449_general_WESTERN_COUNTRIES_750,The Wonderful Wizard of Oz,"['TX', 'Television Tokyo', 'Teleto', 'Television Tokyo Channel', 'Digital7', 'Tokyo TV', 'TV Tokyo']",['\nThe Wonderful Wizard of Oz was originally aired on CBS in the United States.'],ans,0
P449_general_WESTERN_COUNTRIES_752,The Secret Life of the American Teenager,"['CBN Satellite Service', 'Family Channel (USA)', 'CBN Cable Network', 'CBN Cable', 'CBN Television Network', 'Freeform', 'Fox Family', 'ABC Family', 'Family Channel (United States)', 'The Family Channel USA']",['\nThe Secret Life of the American Teenager was originally aired on ABC Family.'],ans,1
P449_general_WESTERN_COUNTRIES_754,The Talk,"['Tiffany Network', 'CBS', 'Columbia Broadcasting System', 'Black Rock', 'Eye Network']",['\nThe Talk was originally aired on CBS.'],ans,1
P449_general_WESTERN_COUNTRIES_756,Dickinson,"['Apple TV Plus', 'AppleTV+', 'Apple TV+']",['\nDickinson was originally aired on Apple TV+.'],ans,1
P449_general_WESTERN_COUNTRIES_758,Chip 'n Dale Rescue Rangers,"['The Disney Channel', 'Disney Channel', 'Disney', 'radio syndication', 'syndication', 'broadcast syndication', 'TV syndication']","[""\nChip 'n Dale Rescue Rangers was originally aired on The Disney Afternoon block on the Disney Channel.""]",ans,1
P449_general_WESTERN_COUNTRIES_760,Lupin,"['Net Flix', 'Netflix', 'Netflix.com']",['\nLupin was originally aired on Netflix.'],ans,1
P449_general_WESTERN_COUNTRIES_762,The Rockford Files,"['NBC', 'National Broadcasting Company']",['\nThe Rockford Files was originally aired on NBC.'],ans,1
P449_general_WESTERN_COUNTRIES_764,The Wacky World of Tex Avery,"['radio syndication', 'syndication', 'M6', 'broadcast syndication', 'TV syndication']",['\nThe Wacky World of Tex Avery was originally aired on ABC in the United States.'],ans,0
P449_general_WESTERN_COUNTRIES_766,Let's Go Luna!,['TVOKids'],"[""\nLet's Go Luna! was originally aired on Disney Junior.""]",ans,0
P449_general_WESTERN_COUNTRIES_768,The Spanish Princess,"['Starz', 'STARZ!']",['\nThe Spanish Princess was originally aired on Starz.'],ans,1
P449_general_WESTERN_COUNTRIES_770,Pushing Daisies,"['CTV (Canadian Television Network)', 'CTV Television Network']",['\nPushing Daisies was originally aired on ABC in the United States.'],ans,0
P449_general_WESTERN_COUNTRIES_772,Children in Need,"['BBC Television Service', 'BBC One', 'BBC1', 'BBC TV', 'BBC 1']",['\nChildren in Need was originally aired on BBC One in the United Kingdom.'],ans,1
P449_general_WESTERN_COUNTRIES_774,Clarence,['Cartoon Network'],['\nClarence was originally aired on Cartoon Network.'],ans,1
P449_general_WESTERN_COUNTRIES_776,Star Trek: The Animated Series,"['NBC', 'National Broadcasting Company']",['\nStar Trek: The Animated Series was originally aired on NBC in the United States.'],ans,1
P449_general_WESTERN_COUNTRIES_778,The White Queen,"['BBC Television Service', 'BBC One', 'BBC1', 'BBC TV', 'BBC 1']",['\nThe White Queen was originally aired on BBC One in the United Kingdom.'],ans,1
P449_general_WESTERN_COUNTRIES_780,VeggieTales,"['NBC', 'National Broadcasting Company']",['\nVeggieTales was originally aired on the Christian Broadcasting Network (CBN) in the United States.'],ans,0
P449_general_WESTERN_COUNTRIES_782,Saved by the Bell,"['NBC', 'National Broadcasting Company']",['\nSaved by the Bell was originally aired on NBC in the United States.'],ans,1
P449_general_WESTERN_COUNTRIES_784,The Suite Life on Deck,"['Disney Channel', 'Disney', 'The Disney Channel']",['\nThe Suite Life on Deck was originally aired on Disney Channel.'],ans,1
P449_general_WESTERN_COUNTRIES_786,Blackadder,"['BBC Television Service', 'BBC One', 'BBC1', 'BBC TV', 'BBC 1']",['\nBlackadder was originally aired on the BBC in the United Kingdom.'],ans,0
P449_general_WESTERN_COUNTRIES_788,"Family Guy, season 20","['FOX', 'Fox Broadcasting Company']","['\nFamily Guy, season 20 was originally aired on Fox.']",ans,1
P449_general_WESTERN_COUNTRIES_790,Revenge,"['ABC', 'American Broadcasting Company']",['\nRevenge was originally aired on ABC.'],ans,1
P449_general_WESTERN_COUNTRIES_792,Ben 10: Secret of the Omnitrix,['Cartoon Network'],['\nBen 10: Secret of the Omnitrix was originally aired on Cartoon Network in the United States.'],ans,1
P449_general_WESTERN_COUNTRIES_794,The Apprentice,"['NBC', 'National Broadcasting Company']",['\nThe Apprentice was originally aired on NBC in the United States.'],ans,1
P449_general_WESTERN_COUNTRIES_796,Marco Polo,"['Net Flix', 'Netflix', 'Netflix.com']",['\nMarco Polo was originally aired on Netflix.'],ans,1
P449_general_WESTERN_COUNTRIES_798,The Gilded Age,"['HBO Family', 'HBO', 'Home Box Office']",['\nThe Gilded Age was originally aired on HBO.'],ans,1
P449_general_WESTERN_COUNTRIES_800,Chicago Med,"['NBC', 'National Broadcasting Company']",['\nChicago Med was originally aired on NBC.'],ans,1
P449_general_WESTERN_COUNTRIES_802,201,['Comedy Central'],"[""\nI'm sorry, I cannot provide an accurate answer without additional context. Could you please provide more information?""]",unk,0
P449_general_WESTERN_COUNTRIES_804,Power Rangers Megaforce,"['Nickelodeon', 'Pinwheel', 'Nick']",['\nPower Rangers Megaforce was originally aired on Nickelodeon in the United States.'],ans,1
P449_general_WESTERN_COUNTRIES_806,Beware the Batman,['Cartoon Network'],['\nBeware the Batman was originally aired on Cartoon Network in the United States.'],ans,1
P449_general_WESTERN_COUNTRIES_808,Numbers,"['Tiffany Network', 'CBS', 'Columbia Broadcasting System', 'Black Rock', 'Eye Network']",['\nNumbers was originally aired on CBS.'],ans,1
P449_general_WESTERN_COUNTRIES_810,Karma's World,"['Net Flix', 'Netflix', 'Netflix.com']","[""\nKarma's World was originally aired on Netflix.""]",ans,1
P449_general_WESTERN_COUNTRIES_812,Wayside,['Teletoon'],['\nWayside was originally aired on Nickelodeon.'],ans,0
P449_general_WESTERN_COUNTRIES_814,Monsters at Work,"['Disney+ Hotstar (India & Asia)', 'Disney Plus', 'Disney+', 'Disney+ Star (Europe & Asia)']",['\nMonsters at Work was originally aired on Disney+.'],ans,1
P449_general_WESTERN_COUNTRIES_816,The Powerpuff Girls,['Cartoon Network'],['\nThe Powerpuff Girls was originally aired on Cartoon Network in the United States.'],ans,1
P449_general_WESTERN_COUNTRIES_818,The Hitchhiker's Guide to the Galaxy,"['Radio Four', 'BBC Radio Four', 'BBC Radio 4', 'Radio 4']","[""\nThe Hitchhiker's Guide to the Galaxy was originally aired on BBC Radio 4 in the United Kingdom.""]",ans,1
P449_general_WESTERN_COUNTRIES_820,Alvin and the Chipmunks,['M6'],['\nAlvin and the Chipmunks was originally aired on NBC in the United States.'],ans,0
P449_general_WESTERN_COUNTRIES_822,Godzilla: The Series,"['Fox Kids', 'Foxkids']",['\nGodzilla: The Series was originally aired on Fox Kids in the United States.'],ans,1
P449_general_WESTERN_COUNTRIES_824,Amphibia,"['Disney Channel', 'Disney', 'The Disney Channel']",['\nAmphibia was originally aired on Disney Channel in the United States.'],ans,1
P449_general_WESTERN_COUNTRIES_826,Sonic Boom,"['Boomerang', 'Boomerang from Cartoon Network']",['\nSonic Boom was originally aired on Cartoon Network in the United States.'],ans,0
P449_general_WESTERN_COUNTRIES_828,Fifi and the Flowertots,['Nick Jr.'],"[""\nFifi and the Flowertots was originally aired on the British children's television channel CBeebies.""]",ans,0
P449_general_WESTERN_COUNTRIES_830,Agatha Christie's Poirot,"['ITV', 'ITV1']","[""\nAgatha Christie's Poirot was originally aired on ITV in the United Kingdom.""]",ans,1
P449_general_WESTERN_COUNTRIES_832,Lassie,"['Tiffany Network', 'CBS', 'radio syndication', 'syndication', 'Columbia Broadcasting System', 'broadcast syndication', 'TV syndication', 'Black Rock', 'Eye Network']",['\nLassie was originally aired on CBS from 1954 to 1973.'],ans,1
P449_general_WESTERN_COUNTRIES_834,Station 19,"['ABC', 'American Broadcasting Company']",['\nStation 19 was originally aired on ABC.'],ans,1
P449_general_WESTERN_COUNTRIES_836,NXT 2.0,"['World Wrestling Federation', 'WWE Network', 'hulu.com', 'WWE, Inc.', 'Titan Sports, Inc.', 'webcast', 'Syfy', 'webcasting', 'Sci-Fi Channel', 'Sci Fi', 'WWF', 'USA Network', 'Hulu', 'SciFi Entertainment', 'SciFi', 'World Wrestling Entertainment', 'USA', 'WWE']",['\nNXT 2.0 was originally aired on the USA Network.'],ans,1
P449_general_WESTERN_COUNTRIES_838,Arthur,"['Public Broadcasting System', 'PBS', 'pbs.org']",['\nArthur was originally aired on PBS in the United States.'],ans,1
P449_general_WESTERN_COUNTRIES_840,Redwall,['France 3'],['\nRedwall was originally aired on PBS in the United States.'],ans,0
P449_general_WESTERN_COUNTRIES_842,Foster's Home for Imaginary Friends,['Cartoon Network'],"[""\nFoster's Home for Imaginary Friends was originally aired on Cartoon Network in the United States.""]",ans,1
P449_general_WESTERN_COUNTRIES_844,Secret Invasion,"['Disney+ Hotstar (India & Asia)', 'Disney Plus', 'Disney+', 'Disney+ Star (Europe & Asia)']",['\nSecret Invasion was originally aired on ABC.'],ans,0
P449_general_WESTERN_COUNTRIES_846,The Lion Guard,['Disney Junior'],['\nThe Lion Guard was originally aired on Disney Junior.'],ans,1
P449_general_WESTERN_COUNTRIES_848,The Apprentice (franchise),"['NBC', 'National Broadcasting Company']",['\nThe Apprentice (franchise) was originally aired on NBC in the United States.'],ans,1
P449_general_WESTERN_COUNTRIES_850,Street Sharks,"['syndication', 'radio syndication', 'broadcast syndication', 'TV syndication']",['\nStreet Sharks was originally aired on Fox Kids in the United States.'],ans,0
P449_general_WESTERN_COUNTRIES_852,Lindsay Lohan's Beach Club,"['Music Television', 'MTV']","[""\nLindsay Lohan's Beach Club was originally aired on MTV.""]",ans,1
P449_general_WESTERN_COUNTRIES_854,Helluva Boss,"['youtu.be', 'YT', 'www.youtube.com', 'Youtube.com', 'YouTube', 'YouTube.com', 'Youtube', 'youtube.com']",['\nHelluva Boss was originally aired on YouTube.'],ans,1
P449_general_WESTERN_COUNTRIES_856,Mike & Molly,"['Tiffany Network', 'CBS', 'Columbia Broadcasting System', 'Black Rock', 'Eye Network']",['\nMike & Molly was originally aired on CBS.'],ans,1
P449_general_WESTERN_COUNTRIES_858,The Muppet Show,"['Independent Television', 'ITV']",['\nThe Muppet Show was originally aired on ITV in the United Kingdom and on CBS in the United States.'],ans,1
P449_general_WESTERN_COUNTRIES_860,The Jeremy Kyle Show,"['Independent Television', 'ITV']",['\nThe Jeremy Kyle Show was originally aired on ITV in the United Kingdom.'],ans,1
P449_general_WESTERN_COUNTRIES_862,Stalin,"['HBO Family', 'HBO', 'Home Box Office']","[""\nI'm sorry, I cannot provide an accurate answer to this question as it is missing context. Could you please provide more information?""]",unk,0
P449_general_WESTERN_COUNTRIES_864,"Fear the Walking Dead, season 2","['AMC (television channel)', 'AMC (TV Network)', 'American Movie Classics', 'AMC (TV network)', 'AMC Network', 'AMC network', 'AMC', 'Filmcritic.com', 'American Movie Channel']","['\nFear the Walking Dead, season 2 was originally aired on AMC.']",ans,1
P449_general_WESTERN_COUNTRIES_866,The Boondocks,"['[adult swim]', 'Adult Swim']","[""\nThe Boondocks was originally aired on Cartoon Network's Adult Swim programming block.""]",ans,1
P449_general_WESTERN_COUNTRIES_868,Star Wars: Clone Wars,['Cartoon Network'],['\nStar Wars: Clone Wars was originally aired on Cartoon Network in the United States.'],ans,1
P449_general_WESTERN_COUNTRIES_870,Gargoyles,"['ABC', 'American Broadcasting Company']",['\nGargoyles was originally aired on The Disney Channel in the United States.'],ans,0
P449_general_WESTERN_COUNTRIES_872,Skatoony,"['Cartoon Network', 'Cartoon Network UK & Ireland']",['\nSkatoony was originally aired on Cartoon Network in the United States and on Teletoon in Canada.'],ans,1
P449_general_WESTERN_COUNTRIES_874,Frozen Planet,"['BBC Television Service', 'BBC One', 'BBC1', 'BBC TV', 'BBC 1']",['\nFrozen Planet was originally aired on BBC One in the United Kingdom and on the Discovery Channel in the United States.'],ans,1
P449_general_WESTERN_COUNTRIES_876,Star-Crossed,"['The CW', 'The CW Television Network']",['\nStar-Crossed was originally aired on The CW in the United States.'],ans,1
P449_general_WESTERN_COUNTRIES_878,Psych,"['USA Network', 'USA']",['\nPsych was originally aired on the USA Network.'],ans,1
P449_general_WESTERN_COUNTRIES_880,This Is Us,"['NBC', 'National Broadcasting Company']",['\nThis Is Us was originally aired on NBC in the United States.'],ans,1
P449_general_WESTERN_COUNTRIES_882,North and South,"['ABC', 'American Broadcasting Company']",['\nNorth and South was originally aired on the BBC in the United Kingdom.'],ans,0
P449_general_WESTERN_COUNTRIES_884,"Veronica Mars, season 3","['United Paramount Network', 'UPN']","['\nVeronica Mars, season 3 was originally aired on The CW.']",ans,0
P449_general_WESTERN_COUNTRIES_886,Raven's Home,"['Disney Channel', 'Disney', 'The Disney Channel']","[""\nRaven's Home was originally aired on Disney Channel.""]",ans,1
P449_general_WESTERN_COUNTRIES_888,Higglytown Heroes,['Playhouse Disney'],['\nHigglytown Heroes was originally aired on Disney Junior.'],ans,0
P449_general_WESTERN_COUNTRIES_890,Toopy and Binoo,['Treehouse TV'],"[""\nToopy and Binoo was originally aired on the Canadian children's television network, Teletoon.""]",ans,0
P449_general_WESTERN_COUNTRIES_892,Carnival Row,"['Amazon Video On Demand', 'Amazon Prime Video', 'Amazon Video', 'Amazon Prime', 'Amazon Unbox', 'Amazon Instant Video']",['\nCarnival Row was originally aired on Amazon Prime Video.'],ans,1
P449_general_WESTERN_COUNTRIES_894,Foundation,"['Apple TV Plus', 'AppleTV+', 'Apple TV+']",['\nFoundation was originally aired on Apple TV+.'],ans,1
P449_general_WESTERN_COUNTRIES_896,Top Cat,"['ABC', 'American Broadcasting Company']",['\nTop Cat originally aired on ABC in the United States.'],ans,1
P449_general_WESTERN_COUNTRIES_898,Arcane,"['Net Flix', 'Netflix', 'Netflix.com']",['\nArcane was originally aired on Netflix.'],ans,1
P449_general_WESTERN_COUNTRIES_900,Little Fires Everywhere,"['hulu.com', 'Hulu']",['\nLittle Fires Everywhere was originally aired on Hulu in the United States.'],ans,1
P449_general_WESTERN_COUNTRIES_902,NASCAR on Fox,"['FOX', 'Fox Broadcasting Company']",['\nNASCAR on Fox was originally aired on the Fox Broadcasting Company.'],ans,1
P449_general_WESTERN_COUNTRIES_904,Monk,"['USA Network', 'USA']",['\nMonk was originally aired on the USA Network.'],ans,1
P449_general_WESTERN_COUNTRIES_906,Spartacus,"['Starz', 'STARZ!']",['\nSpartacus was originally aired on Starz.'],ans,1
P449_general_WESTERN_COUNTRIES_908,Californication,"['Showtime Networks', 'Showtime TV', 'SHO', 'Showtime']",['\nCalifornication was originally aired on Showtime.'],ans,1
P449_general_WESTERN_COUNTRIES_910,The Haunting of Hill House,"['Net Flix', 'Netflix', 'Netflix.com']",['\nThe Haunting of Hill House was originally aired on Netflix.'],ans,1
P449_general_WESTERN_COUNTRIES_912,The Octonauts,"['British Broadcasting Corporation', 'BBC']",['\nThe Octonauts originally aired on CBeebies in the United Kingdom.'],ans,0
P449_general_WESTERN_COUNTRIES_914,Robot and Monster,"['Nickelodeon', 'Pinwheel', 'Nick']",['\nRobot and Monster was originally aired on Cartoon Network.'],ans,0
P449_general_WESTERN_COUNTRIES_916,Bunk'd,"['Disney Channel', 'Disney', 'The Disney Channel']","[""\nBunk'd was originally aired on Disney Channel.""]",ans,1
P449_general_WESTERN_COUNTRIES_918,Murphy Brown,"['Tiffany Network', 'CBS', 'Columbia Broadcasting System', 'Black Rock', 'Eye Network']",['\nMurphy Brown was originally aired on CBS.'],ans,1
P449_general_WESTERN_COUNTRIES_920,Horseland,"['Tiffany Network', 'CBS', 'Columbia Broadcasting System', 'Black Rock', 'Eye Network']",['\nHorseland was originally aired on the Discovery Kids channel in the United States.'],ans,0
P449_general_WESTERN_COUNTRIES_922,Curb Your Enthusiasm,"['HBO Family', 'HBO', 'Home Box Office']",['\nCurb Your Enthusiasm was originally aired on HBO.'],ans,1
P449_general_WESTERN_COUNTRIES_924,Captain Simian & the Space Monkeys,"['syndication', 'radio syndication', 'broadcast syndication', 'TV syndication']","[""\nI'm sorry, I cannot provide an accurate answer to that question as it requires knowledge of the specific show and its""]",unk,0
P449_general_WESTERN_COUNTRIES_926,"Fear the Walking Dead, season 3","['AMC (television channel)', 'AMC (TV Network)', 'American Movie Classics', 'AMC (TV network)', 'AMC Network', 'AMC network', 'AMC', 'Filmcritic.com', 'American Movie Channel']","['\nFear the Walking Dead, season 3 was originally aired on AMC.']",ans,1
P449_general_WESTERN_COUNTRIES_928,"Prison Break, season 5","['FOX', 'Fox Broadcasting Company']",['\nPrison Break season 5 was originally aired on the Fox network in the United States.'],ans,1
P449_general_WESTERN_COUNTRIES_930,The Killing,"['AMC (television channel)', 'AMC (TV Network)', 'American Movie Classics', 'AMC (TV network)', 'AMC Network', 'AMC network', 'AMC', 'Filmcritic.com', 'American Movie Channel']",['\nThe Killing was originally aired on AMC in the United States.'],ans,1
P449_general_WESTERN_COUNTRIES_932,"Breaking Bad, season 4","['AMC (television channel)', 'AMC (TV Network)', 'American Movie Classics', 'AMC (TV network)', 'AMC Network', 'AMC network', 'AMC', 'Filmcritic.com', 'American Movie Channel']","['\nBreaking Bad, season 4 was originally aired on AMC in the United States.']",ans,1
P449_general_WESTERN_COUNTRIES_934,"Lost, season 5","['ABC', 'American Broadcasting Company']","['\nLost, season 5 was originally aired on ABC.']",ans,1
P449_general_WESTERN_COUNTRIES_936,Great News,"['NBC', 'National Broadcasting Company']",['\nGreat News was originally aired on NBC.'],ans,1
P449_general_WESTERN_COUNTRIES_938,"Murder, She Wrote","['Tiffany Network', 'CBS', 'Columbia Broadcasting System', 'Black Rock', 'Eye Network']","['\nMurder, She Wrote was originally aired on CBS.']",ans,1
P449_general_WESTERN_COUNTRIES_940,Pyramid,"['Tiffany Network', 'CBS', 'American Broadcasting Company', 'radio syndication', 'syndication', 'Columbia Broadcasting System', 'ABC', 'broadcast syndication', 'TV syndication', 'Black Rock', 'Eye Network']",['\nPyramid was originally aired on NBC in the United States.'],ans,0
P449_general_WESTERN_COUNTRIES_942,Blue Planet II,"['BBC Television Service', 'BBC One', 'BBC1', 'BBC TV', 'BBC 1']",['\nBlue Planet II was originally aired on BBC One in the United Kingdom.'],ans,1
P449_general_WESTERN_COUNTRIES_944,Pam & Tommy,"['hulu.com', 'Hulu']",['\nPam & Tommy was originally aired on Hulu.'],ans,1
P449_general_WESTERN_COUNTRIES_946,"Walker, Texas Ranger","['Tiffany Network', 'CBS', 'Columbia Broadcasting System', 'Black Rock', 'Eye Network']","['\nWalker, Texas Ranger was originally aired on CBS.']",ans,1
P449_general_WESTERN_COUNTRIES_948,Mummies Alive!,"['Tiffany Network', 'CBS', 'Columbia Broadcasting System', 'Black Rock', 'Eye Network']",['\nMummies Alive! was originally aired on the Fox Kids network.'],ans,0
P449_general_WESTERN_COUNTRIES_950,Mega Man,"['syndication', 'radio syndication', 'broadcast syndication', 'TV syndication']",['\nMega Man was originally aired on TV Tokyo in Japan.'],ans,0
P449_general_WESTERN_COUNTRIES_952,The Good Guys,"['FOX', 'Fox Broadcasting Company']",['\nThe Good Guys was originally aired on the American television network Fox.'],ans,1
P449_general_WESTERN_COUNTRIES_954,Totally Spies!,"['Télévision française 1', 'TF1']","['\nTotally Spies! was originally aired on the French-Canadian television network, Teletoon.']",ans,0
P449_general_WESTERN_COUNTRIES_956,Wings,"['BBC Television Service', 'BBC One', 'BBC1', 'BBC TV', 'BBC 1']",['\nWings was originally aired on NBC in the United States.'],ans,0
P449_general_WESTERN_COUNTRIES_958,Power Players,['Cartoon Network'],"[""\nI'm sorry, I cannot provide an accurate answer without additional context. Could you please provide more information about the specific Power Players you are referring to?""]",unk,0
P449_general_WESTERN_COUNTRIES_960,I Dream of Jeannie,"['NBC', 'National Broadcasting Company']",['\nI Dream of Jeannie was originally aired on NBC.'],ans,1
P449_general_WESTERN_COUNTRIES_962,Preacher,"['AMC (television channel)', 'AMC (TV Network)', 'American Movie Classics', 'AMC (TV network)', 'AMC Network', 'AMC network', 'AMC', 'Filmcritic.com', 'American Movie Channel']",['\nPreacher was originally aired on AMC.'],ans,1
P449_general_WESTERN_COUNTRIES_964,The Eric André Show,"['[adult swim]', 'Adult Swim']",['\nThe Eric André Show was originally aired on Adult Swim in the United States.'],ans,1
P449_general_WESTERN_COUNTRIES_966,Normal People,"['hulu.com', 'Hulu']",['\nNormal People was originally aired on BBC Three in the United Kingdom and Hulu in the United States.'],ans,1
P449_general_WESTERN_COUNTRIES_968,The Power of Nightmares,"['BBC 2', 'BBC Two', 'BBC2']",['\nThe Power of Nightmares was originally aired on BBC Two in the United Kingdom.'],ans,1
P449_general_WESTERN_COUNTRIES_970,Duel,"['ABC', 'American Broadcasting Company']",['\nDuel was originally aired on ABC in the United States.'],ans,1
P449_general_WESTERN_COUNTRIES_972,The Little Mermaid,"['Tiffany Network', 'CBS', 'Columbia Broadcasting System', 'Black Rock', 'Eye Network']",['\nThe Little Mermaid was originally aired on ABC in the United States.'],ans,0
P449_general_WESTERN_COUNTRIES_974,Devious Maids,['Lifetime'],['\nDevious Maids was originally aired on Lifetime.'],ans,1
P449_general_WESTERN_COUNTRIES_976,Doug,"['Pinwheel', 'Nick', 'American Broadcasting Company', 'Nickelodeon', 'ABC']",['\nDoug was originally aired on Nickelodeon.'],ans,1
P449_general_WESTERN_COUNTRIES_978,Industry,"['HBO', 'HBO Family', 'BBC2', 'Home Box Office', 'BBC 2', 'BBC Two']","[""\nI'm sorry, I cannot provide an accurate answer without additional context. Could you please provide more information?""]",unk,0
P449_general_WESTERN_COUNTRIES_980,A Country Practice,"['10 TV Australia', 'Channel Ten', 'Channel Seven', 'Network 7', 'Network Ten', 'Network 10', 'Channel 10', '10 Network', 'Seven head Network', 'Independent Television System', 'Seven Network', '0-10 Network', 'Channel 7', 'Seven', '7', 'Network Seven']",['\nA Country Practice was originally aired on the Seven Network in Australia.'],ans,1
P449_general_WESTERN_COUNTRIES_982,Bodyguard,"['BBC Television Service', 'BBC One', 'BBC1', 'BBC TV', 'BBC 1']",['\nBodyguard was originally aired on BBC One in the United Kingdom.'],ans,1
P449_general_WESTERN_COUNTRIES_984,14 - Diaries of the Great War,"['Arte', 'Association relative à la télévision européenne', 'ARTE France']","[""\nI'm sorry, I cannot provide an answer to that question as it is not specific enough. Could you please""]",unk,0
P449_general_WESTERN_COUNTRIES_986,Swamp Thing,"['dcuniverse.com', 'DC Universe']",['\nSwamp Thing was originally aired on the American television network CBS.'],ans,0
P449_general_WESTERN_COUNTRIES_988,Brain Games,"['TV National Geographic Channel Animal in Germany', 'National Geographic Channel']",['\nBrain Games was originally aired on the National Geographic Channel.'],ans,1
P449_general_WESTERN_COUNTRIES_990,Melrose Place,"['FOX', 'Fox Broadcasting Company']",['\nMelrose Place was originally aired on Fox in the United States.'],ans,1
P449_general_WESTERN_COUNTRIES_992,Rainbow Butterfly Unicorn Kitty,"['Nickelodeon', 'Pinwheel', 'Nick']",['\nRainbow Butterfly Unicorn Kitty was originally aired on YouTube.'],ans,0
P449_general_WESTERN_COUNTRIES_994,Robot Chicken,"['[adult swim]', 'Adult Swim']","[""\nRobot Chicken originally aired on Cartoon Network's Adult Swim programming block.""]",ans,1
P449_general_WESTERN_COUNTRIES_996,Oggy and the Cockroaches,"['France 3', 'Gulli']",['\nOggy and the Cockroaches was originally aired on France 3 in France.'],ans,1
P449_general_WESTERN_COUNTRIES_998,Stakes,['Cartoon Network'],"[""\nI'm sorry, I cannot provide an accurate answer without additional context. Could you please provide more information about the specific 'Stakes' you are referring""]",unk,0
