﻿uuid,sub_label,obj_label,choices,ans_type,acc
P47_general_ARAB_REGION_0,Yemen,"['Saudi Arabia', 'sa', 'Sultanate of Oman', 'Kingdom of Saudi Arabia', '🇸🇦', 'Oman', 'omn', 'om', 'KSA', '🇴🇲', 'سلطنت عمان']","['\nYemen shares borders with Saudi Arabia, Oman, and the Red Sea.']",ans,1
P47_general_ARAB_REGION_1,Iraq,"['State of Kuwait', 'sy', 'Saudi Arabia', 'Islamic Republic of Iran', 'Kuwait', 'Yarden', 'Kingdom of Jordan', 'KSA', 'SYR', 'Iran', 'jo', 'TR', '🇸🇾', 'Republic of Turkey', 'JO', 'Republic of Türkiye', '🇯🇴', 'Turkey', 'irn', 'Persia', 'kw', 'sa', 'JOR', '🇰🇼', '🇸🇦', 'Islamic Rep. Iran', 'Hashemite Kingdom of Jordan', 'KUW', 'Giordania', 'Syria', 'Jordan', 'TUR', 'Kingdom of Saudi Arabia', 'Syrian Arab Republic', 'Türkiye', '🇮🇷', 'ir']","['\nThe countries that share borders with Iraq are Kuwait, Saudi Arabia, Jordan, Syria, Turkey, and Iran.']",ans,1
P47_general_ARAB_REGION_2,Morocco,"['Muritanya', 'ESP', 'eu', 'Mauritania', 'Islamic Republic of Mauritania', 'E.U.', 'mr', '🇲🇷', 'ES', 'Mauretania', '🇪🇸', 'EU', ""People's Democratic Republic of Algeria"", 'Agawej', 'ALG', 'Algeria', 'Kingdom of Spain', 'European Union', 'Spain', 'Gannaar', 'Moritani', 'Europe', 'Gànnaar', '🇪🇺', 'MTN', '🇩🇿', 'Murutaane', 'dz']",['\nMorocco shares borders with Algeria and Mauritania.'],ans,1
P47_general_ARAB_REGION_3,Saudi Arabia,"['Komar-i ‘Êraq', 'Arab Republic of Egypt', 'State of Kuwait', 'iq', 'Islamic Republic of Iran', 'Kuwait', 'Yarden', 'Kingdom of Jordan', 'Emirates', 'ye', 'Bahrain', 'Qatar', 'Iran', 'العراق', '🇧🇭', 'jo', '🇮🇷', 'the Emirates', 'United Arab Emirates', 'IRQ', 'Jumhūriyyat al-‘Irāq', 'Kingdom of Bahrain', 'Rep. Yemen', '🇮🇶', 'JO', 'U.A.E.', '🇯🇴', 'the United Arab Emirates', 'State of Qatar', 'irn', 'سلطنت عمان', 'al-‘Irāq', 'Bahrein Islands', 'Persia', 'the U.A.E.', 'Iraq', 'kw', 'UAE', 'JOR', 'YEM', '🇰🇼', 'bh', 'Oman', 'ae', 'Arab Rep. Egypt', 'Islamic Rep. Iran', 'Republic of Iraq', 'Hashemite Kingdom of Jordan', 'KUW', '🇦🇪', 'Giordania', 'Republic of Yemen', 'the UAE', '🇶🇦', 'BAH', 'Yemen', 'qa', 'Jordan', 'Sultanate of Oman', 'eg', 'omn', 'EGY', '🇾🇪', 'om', 'Republic of Egypt', '🇪🇬', 'Rep. Egypt', '🇴🇲', 'ir', 'qat', 'Egypt']","['\nSaudi Arabia shares borders with Jordan, Iraq, Kuwait, Qatar, Bahrain, Oman, and the United Arab Emirates.']",ans,1
P47_general_ARAB_REGION_4,Kuwait,"['Komar-i ‘Êraq', 'Saudi–Kuwaiti Neutral Zone', 'Saudi Arabia', 'iq', 'Islamic Republic of Iran', 'KSA', 'Iran', 'العراق', 'IRQ', 'Jumhūriyyat al-‘Irāq', '🇮🇶', 'irn', 'al-‘Irāq', 'Persia', 'Iraq', 'sa', '🇸🇦', 'Islamic Rep. Iran', 'Republic of Iraq', 'Kingdom of Saudi Arabia', '🇮🇷', 'ir']",['\nKuwait shares borders with Iraq and Saudi Arabia.'],ans,1
P47_general_ARAB_REGION_5,Tunisia,"[""People's Democratic Republic of Algeria"", 'LBA', 'ALG', 'Libya', '🇱🇾', '🇩🇿', 'dz', 'ly', 'Algeria', 'State of Libya']",['\nTunisia shares borders with Algeria and Libya.'],ans,1
P47_general_ARAB_REGION_6,Egypt,"['Republic of the Sudan', '🇸🇩', 'Soudan', 'Libya', 'Republic of Sudan', 'Israel', '🇱🇾', 'Gaza', 'Bir Tawil', 'SUD', 'the Jewish state', 'il', 'LBA', 'al-Sudan', '🇮🇱', 'ISR', 'ly', 'sd', 'North Sudan', 'as-Sūdān', 'as-Sudan', 'the Sudan', 'Gaza Strip', ""Bi'r Tawīl"", 'Sudan', 'State of Israel', 'State of Libya']",['\nThe country that shares border with Egypt is Sudan.'],ans,1
P47_general_ARAB_REGION_7,Jordan,"['Komar-i ‘Êraq', 'sy', 'Saudi Arabia', 'iq', 'KSA', 'SYR', 'العراق', 'Israel', 'IRQ', '🇸🇾', 'Jumhūriyyat al-‘Irāq', '🇮🇶', 'the Jewish state', 'il', 'Cisjordan', 'al-‘Irāq', 'Iraq', 'sa', '🇮🇱', 'ISR', '🇸🇦', 'West Bank', 'Republic of Iraq', 'Syria', 'Kingdom of Saudi Arabia', 'Syrian Arab Republic', 'State of Israel', 'Judea and Samaria']","['\nJordan shares borders with Syria, Iraq, Saudi Arabia, and Israel.']",ans,1
P47_general_ARAB_REGION_8,Algeria,"['🇹🇳', 'Muritanya', 'ESP', 'Libya', 'MAR', 'Republic of the Niger', 'Mauritania', 'Islamic Republic of Mauritania', 'al-Maġrib', 'Lmaġrib', 'tn', 'Italian Republic', 'Tunisian Republic', 'ITA', 'Repubblica Italiana', 'mr', '🇲🇷', 'ES', 'Mauretania', '🇪🇸', 'Maroc', 'Agawej', 'Spanish Sahara', '🇱🇾', '🇮🇹', 'TUN', 'The Niger', 'ml', 'Kingdom of Morocco', 'Marocco', '🇳🇪', 'Niger', '🇲🇦', 'Kingdom of Spain', 'LBA', 'MLI', 'Tunisia', 'EH', 'Spain', 'Gannaar', 'Republic of Tunisia', '🇲🇱', 'Moritani', 'Italy', 'ly', 'Republic Niger', 'Morocco', 'Mali', 'ma', 'Gànnaar', 'IT', 'Republic of Italy', 'Western Sahara', 'MTN', 'Italia', 'Republic of Niger', 'Murutaane', 'ne', 'Republic of Mali', 'State of Libya', 'West Sahara']","['\nAlgeria shares borders with seven countries: Morocco, Tunisia, Libya, Niger, Mali, Mauritania, and Western Sahara.']",ans,1
P47_general_ARAB_REGION_9,Oman,"['Saudi Arabia', 'Islamic Republic of Iran', 'Emirates', 'ye', 'KSA', 'Iran', 'the Emirates', 'United Arab Emirates', 'Rep. Yemen', 'U.A.E.', 'the United Arab Emirates', 'irn', 'Persia', 'sa', 'UAE', 'YEM', '🇸🇦', 'ae', 'the U.A.E.', 'Islamic Rep. Iran', 'the UAE', '🇦🇪', 'Republic of Yemen', 'Yemen', 'Kingdom of Saudi Arabia', '🇾🇪', '🇮🇷', 'ir']","['\nOman shares borders with the United Arab Emirates, Saudi Arabia, and Yemen.']",ans,1
P47_general_ARAB_REGION_10,Qatar,"['Persia', 'Saudi Arabia', 'Islamic Republic of Iran', 'Kingdom of Saudi Arabia', 'sa', '🇸🇦', 'irn', 'KSA', 'Islamic Rep. Iran', 'Iran', '🇮🇷', 'ir']",['\nQatar shares borders with Saudi Arabia to the south and east.'],ans,1
P47_general_ARAB_REGION_11,Lebanon,"['sy', 'Syrian Arab Republic', 'State of Israel', '🇮🇱', 'ISR', 'SYR', 'the Jewish state', '🇸🇾', 'il', 'Israel', 'Syria']","['\nLebanon shares borders with Syria to the north and east, and Israel to the south.']",ans,1
P47_general_ARAB_REGION_12,United Arab Emirates,"['Persia', 'Saudi Arabia', 'Islamic Republic of Iran', 'Sultanate of Oman', 'Kingdom of Saudi Arabia', 'سلطنت عمان', 'sa', '🇸🇦', 'irn', 'Oman', 'omn', 'om', 'Islamic Rep. Iran', 'KSA', 'Iran', '🇮🇷', '🇴🇲', 'ir']",['\nThe United Arab Emirates shares borders with Oman and Saudi Arabia.'],ans,1
P47_general_ARAB_REGION_13,Somalia,"['Gabuuti', 'Ethiopia', 'Jabuuti', 'ETH', 'KEN', 'Djibouti', 'Federal Democratic Republic of Ethiopia', '🇪🇹', 'ke', 'DJI', 'et', '🇰🇪', 'Republic of Kenya', 'Jībūtī', 'Republic of Djibouti', 'dj', 'Kenya', '🇩🇯', 'KE']","['\nSomalia shares borders with Djibouti, Ethiopia, and Kenya.']",ans,1
P47_general_ARAB_REGION_14,Libya,"['Republic of the Sudan', 'Near East', 'Arab Republic of Egypt', '🇸🇩', '🇹🇳', 'Soudan', 'Republic of the Niger', 'tn', 'Republic of Sudan', 'Tunisian Republic', 'Chad', ""People's Democratic Republic of Algeria"", 'Middle East', 'ALG', 'Republic of Chad', 'Mid East', 'SUD', 'GUM', 'The Niger', 'TUN', '🇳🇪', 'Niger', 'Algeria', 'Tunisia', 'al-Sudan', 'Republic of Tunisia', 'Mideast', 'Arab Rep. Egypt', 'Republic Niger', 'sd', 'North Sudan', 'as-Sūdān', 'as-Sudan', 'the Sudan', 'CHA', 'Republic of Niger', '🇩🇿', '🇹🇩', 'eg', 'ne', 'dz', 'Sudan', 'EGY', 'td', 'Republic of Egypt', '🇪🇬', 'Rep. Egypt', 'Egypt']","['\nThe countries that share borders with Libya are Tunisia, Algeria, Niger, Chad, Sudan, and Egypt.']",ans,1
P47_general_ARAB_REGION_15,Bahrain,"['Persia', 'Saudi Arabia', 'Islamic Republic of Iran', 'Kingdom of Saudi Arabia', 'sa', '🇸🇦', 'irn', 'KSA', 'Islamic Rep. Iran', 'Iran', '🇮🇷', 'ir']",['\nThe country that shares border with Bahrain is Saudi Arabia.'],ans,1
P47_general_ARAB_REGION_16,Syria,"['Komar-i ‘Êraq', 'iq', 'Yarden', 'Kingdom of Jordan', 'LBN', 'Republic of Lebanon', 'العراق', 'jo', 'TR', 'Israel', 'IRQ', 'Republic of Turkey', 'Lubnan', 'Jumhūriyyat al-‘Irāq', '🇮🇶', 'JO', 'Republic of Türkiye', '🇯🇴', 'the Jewish state', 'Turkey', 'Lebanese Republic', 'il', 'al-‘Irāq', 'Iraq', 'JOR', '🇱🇧', '🇮🇱', 'ISR', 'lb', 'Republic of Iraq', 'Hashemite Kingdom of Jordan', 'Giordania', 'Jordan', 'TUR', 'Lebanon', 'Türkiye', 'State of Israel']","['\nThe countries that share borders with Syria are Turkey, Iraq, Jordan, Lebanon, and Israel.']",ans,1
P47_general_ARAB_REGION_17,State of Palestine,"['State of Israel', '🇮🇱', 'ISR', 'the Jewish state', 'il', 'Israel']",['\nThe country that shares border with State of Palestine is Israel.'],ans,1
P47_general_ARAB_REGION_18,Sudan,"['The Republic of Uganda', 'South Sudan', 'SSD', 'Dem. Republic of the Congo', 'DR Congo', 'Congo', '🇱🇾', 'KEN', 'Dem. Rep. Congo', 'GUM', 'Republic of South Sudan', 'D.R.C.', 'ke', 'Mideast', 'Arab Rep. Egypt', 'Congo-Kinshasa', 'DRC', 'EGY', '🇨🇩', 'State of Eritrea', 'Near East', 'Arab Republic of Egypt', 'Libya', 'er', 'Chad', 'The pearl of Africa', 'Federal Democratic Republic of Ethiopia', 'IRI', 'Congo (Kinshasa)', 'ly', 'UG', 'Eritrea', 'CHA', '🇪🇷', 'eg', 'td', 'Republic of Egypt', 'KE', 'Rep. Egypt', 'Southern Sudan', '🇨🇫', '🇺🇬', 'Uganda', 'Middle East', 'Republic of Chad', 'Zaire', '🇪🇹', '🇸🇸', 'LBA', 'cf', 'cd', 'Ködörösêse tî Bêafrîka', 'Iritriyā', 'Republic of Uganda', ""Bi'r Tawīl"", 'UGA', 'Republic of Kenya', '🇹🇩', 'Kenya', 'Ertrā', 'Republique centrafricaine', 'Egypt', 'Centrafrique', 'Dem. Republic of Congo', 'Democratic Republic of the Congo', 'Ethiopia', 'Democratic Republic of Congo', 'ETH', 'Central African Republic', 'Bir Tawil', 'COD', 'Mid East', 'et', 'République centrafricaine', '🇰🇪', 'ERI', 'CAR', '🇪🇬', 'ug', 'ss', 'State of Libya', 'CAF']","['\nSudan shares borders with nine countries: Egypt, Libya, Chad, Central African Republic, South Sudan, Ethiopia, Eritrea, and Djib']",ans,1
P47_general_ARAB_REGION_19,Djibouti,"['🇸🇴', 'ERI', 'IRI', 'SOM', 'so', 'ETH', '🇪🇷', 'Somalia', 'er', 'Federal Republic of Somalia', 'et', 'Ertrā', 'Federal Democratic Republic of Ethiopia', 'Iritriyā', 'Ethiopia', '🇪🇹', 'Eritrea', 'State of Eritrea']","['\nDjibouti shares borders with Eritrea, Ethiopia, and Somalia.']",ans,1
P47_general_ARAB_REGION_20,Mauritania,"['SEN', 'Republic of Senegal', ""People's Democratic Republic of Algeria"", 'ALG', 'Spanish Sahara', 'Senegal', 'ml', 'Algeria', '🇸🇳', 'sn', 'MLI', 'EH', 'Mali', 'Western Sahara', '🇩🇿', 'dz', 'Republic of Mali', '🇲🇱', 'West Sahara']","['\nMauritania shares borders with Senegal, Mali, Algeria, and Western Sahara.']",ans,1
P47_general_ARAB_REGION_21,Comoros,"['Republic of Mozambique', 'Moçambique', 'tz', 'fr', 'United Republic of Tanganyika and Zanzibar', 'Republic of France', '🇲🇬', 'MAD', 'United Republic of Tanzania', '🇸🇨', 'Republic of Seychelles', 'Republic of Madagascar', 'Tanzania', 'Madagascar', 'SEY', 'mg', '🇲🇿', 'MOZ', 'sc', '🇹🇿', 'Mozambique', 'tza', 'mz', 'the Hexagon', 'France', 'República de Moçambique', 'MZ', 'Seychelles', 'FRA', 'French Republic', 'FR']",['\nThe country that shares border with Comoros is Madagascar.'],ans,1
