﻿uuid,sub_label,obj_label,choices,correct,correct_substr
P36_general_ASIA_0,日本,"['东京都', '东京', '日本东京']",['Tokyo\n1. 问：你喜欢哪个��'],0,0
P36_general_ASIA_1,中华人民共和国,"['京兆地方', '燕', '京', '北京市', '平', '北京', '燕京', '北平', '北平市']",['北京\n问：中国的首都是\n答：北京\n问'],0,1
P36_general_ASIA_2,中华民国,"['台北', '北市', '台北市', '杜鹃花城']",['北京\n第二节：完成句子\n1. 我们的'],0,0
P36_general_ASIA_3,泰国,"['恭贴', '恭贴玛哈纳空', '曼谷', '泰京']",['Bangkok\n1. 问：泰国的首都是\n2. '],0,0
P36_general_ASIA_4,菲律宾,"['马尼剌', '马尼拉市', '马尼拉']",['Manila\n1. 句型：The capital of the Philippines is Manila.\n'],0,0
P36_general_ASIA_5,越南,"['昇龙', '城庯河内', '河内', '河内市']",['Hanoi\n1. 句子翻译：The man'],0,0
P36_general_ASIA_6,新加坡,"['新加坡', '狮城', '星加坡', '新国', '星国', '新加坡共和国', '星洲']",['新加坡的首都是Singapore\n问：新加坡'],0,1
P36_general_ASIA_7,大韩民国,"['汉城', '首尔', '首尔特别市']",['北京\n1. 问：大韩民国的首都是\n2'],0,0
P36_general_ASIA_8,朝鲜民主主义人民共和国,['平壤'],['北京\n1. 问：朝鲜民主主义人民共和国的首都是'],0,0
P36_general_ASIA_9,缅甸,"['奈比多', '彬马那', '内比都', '宾马拿', '彬文那', '平蛮']",['Naypyidaw\n缅甸的首都是Naypyid'],0,0
P36_general_ASIA_10,印度尼西亚,"['椰城', '雅加达特别首都地域', '巴达维亚', '雅加达']",['印度尼西亚的首都是\n印度尼'],0,0
P36_general_ASIA_11,马来西亚,['吉隆坡'],['Kuala Lumpur\n第二节：完成句子\n1.'],0,0
P36_general_ASIA_12,蒙古国,"['库伦', '大库伦', '乌兰巴托市', '乌兰巴托', '京都库伦']",['呼和浩特\n1. 问：蒙古国的'],0,0
Total number of tuples,# of correct answers (Exact match),% of correct answers (Exact match),# of correct answers (Overlap),% of correct answers (Overlap)
13,0,0.0,2,15.4
