﻿uuid,sub_label,obj_label,choices,ans_type,acc
P1303_general_WESTERN_COUNTRIES_0,Ricky Martin,"['vocals', 'singing voice', 'voice']",[' Guitar'],ans,0
P1303_general_WESTERN_COUNTRIES_2,Lady Gaga,"['concert grand piano', 'pianoforte', 'voice', 'vocals', 'clavier', 'singing voice', 'spinet', 'spinnet', 'fortepiano', 'piano', 'keyboard instrument']",[' Piano.'],ans,1
P1303_general_WESTERN_COUNTRIES_4,Amanda Lear,"['vocals', 'singing voice', 'voice']",[' Piano'],ans,0
P1303_general_WESTERN_COUNTRIES_6,Johnny Hallyday,"['vocals', 'guitar', 'singing voice', 'voice']",[' Guitar'],ans,1
P1303_general_WESTERN_COUNTRIES_8,Carrie Underwood,"['Mississippi saxophone', 'Mississippi sax', 'guitar', 'concert grand piano', 'harpoon', 'mouth harp', 'harmonica', 'French harp', 'vocals', 'tin sandwich', 'clavier', 'keyboard instrument', 'pianoforte', 'gob iron', 'singing voice', 'fortepiano', 'piano', 'mouth organ', 'Louisiana saxophone', 'voice', 'spinet', 'blues harp', 'spinnet', 'mouth harmonica', 'harp']",[' Guitar'],ans,1
P1303_general_WESTERN_COUNTRIES_10,Mariah Carey,"['concert grand piano', 'pianoforte', 'voice', 'vocals', 'clavier', 'singing voice', 'spinet', 'spinnet', 'fortepiano', 'piano', 'keyboard instrument']",[' Mariah Carey plays the piano.'],ans,1
P1303_general_WESTERN_COUNTRIES_12,David Bowie,"['music keyboard', 'keyboard', 'percussions', 'guitar', 'concert grand piano', 'percussion instrument', 'drum-set', 'drums', 'vocals', 'clavier', 'drum set', 'drum kit', 'traps', 'keyboard instrument', 'sax', 'percussion instruments', 'pianoforte', 'saxophone', 'singing voice', 'fortepiano', 'piano', 'drum-kit', 'voice', 'trap set', 'spinet', 'spinnet', 'musical keyboard']",[' Saxophone'],ans,1
P1303_general_WESTERN_COUNTRIES_14,Alan Stivell,"['Irish whistle', 'Clarke London Flageolet', 'Scottish penny whistle', 'flute', 'Boehm flute', 'percussions', 'musical synthesizer', 'tin flageolet', 'English flageolet', 'synthesiser', 'feadóg', 'percussion instrument', 'synth', 'penny whistle', 'siren', 'concert flute', 'electrophone', 'vocals', 'feadog stain', 'electronic musical instrument', 'pillar harp', 'analogue electrophones', 'percussion instruments', 'feadog', 'tin whistle', 'transverse flute', 'singing voice', 'edge-blown aerophones', 'sound synthesizer', 'feadóg stáin', 'electronic instrument', 'synthesizer', 'voice', 'analogue electronic instruments, modules and components', 'harfa', 'analogue electronic instruments', 'harp']",[' Celtic harp.'],ans,1
P1303_general_WESTERN_COUNTRIES_16,Michael Jackson,"['percussions', 'concert grand piano', 'percussion instrument', 'drum-set', 'drums', 'vocals', 'clavier', 'drum set', 'drum kit', 'traps', 'keyboard instrument', 'percussion instruments', 'pianoforte', 'singing voice', 'fortepiano', 'piano', 'drum-kit', 'voice', 'trap set', 'spinet', 'spinnet']",[' Drums'],ans,1
P1303_general_WESTERN_COUNTRIES_18,Bill Clinton,"['sax', 'saxophone']",[' Saxophone'],ans,1
P1303_general_WESTERN_COUNTRIES_20,Katy Perry,"['concert grand piano', 'pianoforte', 'voice', 'vocals', 'clavier', 'singing voice', 'spinet', 'spinnet', 'fortepiano', 'guitar', 'piano', 'keyboard instrument']",[' Guitar'],ans,1
P1303_general_WESTERN_COUNTRIES_22,Eminem,"['vocals', 'singing voice', 'voice']",[' Drums.'],ans,0
P1303_general_WESTERN_COUNTRIES_24,Dianna Agron,"['vocals', 'guitar', 'singing voice', 'voice']",[' Sure thing! Dianna Agron plays the...\n\n...CELLO!'],ans,0
P1303_general_WESTERN_COUNTRIES_26,Jennifer Lopez,"['vocals', 'singing voice', 'voice']",[' Drums.'],ans,0
P1303_general_WESTERN_COUNTRIES_28,Hulk Hogan,"['bass guitar', 'voice', 'bass', 'vocals', 'singing voice', 'guitar']",[' Bass guitar.'],ans,1
P1303_general_WESTERN_COUNTRIES_30,Bob Dylan,"['Mississippi saxophone', 'Mississippi sax', 'guitar', 'concert grand piano', 'harpoon', 'mouth harp', 'harmonica', 'French harp', 'vocals', 'tin sandwich', 'clavier', 'keyboard instrument', 'pianoforte', 'gob iron', 'singing voice', 'fortepiano', 'piano', 'mouth organ', 'Louisiana saxophone', 'voice', 'spinet', 'blues harp', 'spinnet', 'mouth harmonica', 'harp']",[' Guitar'],ans,1
P1303_general_WESTERN_COUNTRIES_32,Justin Bieber,"['tamburo', 'percussions', 'guitar', 'cassa', 'concert grand piano', 'percussion instrument', 'drum', 'vocals', 'clavier', 'keyboard instrument', 'percussion instruments', 'pianoforte', 'singing voice', 'fortepiano', 'piano', 'caisse', 'wankara', 'voice', 'spinet', 'spinnet']",[' Drums'],ans,0
P1303_general_WESTERN_COUNTRIES_34,Whitney Houston,"['vocals', 'singing voice', 'voice']",[' Vocals'],ans,1
P1303_general_WESTERN_COUNTRIES_36,Chevalier de Saint-George,"['violin', 'fiddle']",[' Violin.'],ans,1
P1303_general_WESTERN_COUNTRIES_38,Bruno Mars,"['bass', 'percussions', 'guitar', 'concert grand piano', 'percussion instrument', 'drum-set', 'drums', 'bass guitar', 'vocals', 'clavier', 'drum set', 'drum kit', 'traps', 'keyboard instrument', 'percussion instruments', 'pianoforte', 'singing voice', 'fortepiano', 'piano', 'drum-kit', 'voice', 'trap set', 'spinet', 'spinnet']",[' Guitar'],ans,1
P1303_general_WESTERN_COUNTRIES_40,Christina Aguilera,"['vocals', 'singing voice', 'voice']",[' Voice'],ans,1
P1303_general_WESTERN_COUNTRIES_42,Robert Byrd,['fiddle'],[' Banjo'],ans,0
P1303_general_WESTERN_COUNTRIES_44,XXXTentacion,"['tamburo', 'percussions', 'guitar', 'cassa', 'concert grand piano', 'percussion instrument', 'drum', 'vocals', 'clavier', 'keyboard instrument', 'percussion instruments', 'pianoforte', 'singing voice', 'fortepiano', 'piano', 'caisse', 'wankara', 'voice', 'spinet', 'spinnet']",[' Guitar'],ans,1
P1303_general_WESTERN_COUNTRIES_46,Prince,"['drum machine', 'music keyboard', 'bass', 'acoustic bass', 'keyboard', 'percussions', 'chitara rece', 'guitar', 'musical keyboard', 'concert grand piano', 'percussion instrument', 'bass guitar', 'electrophone', 'vocals', 'clavier', 'electronic musical instrument', 'analogue electrophones', 'keyboard instrument', 'percussion instruments', 'pianoforte', 'singing voice', 'fortepiano', 'piano', 'acoustic bass guitar', 'electronic instrument', 'acoustic guitar', 'voice', 'analogue electronic instruments, modules and components', 'spinet', 'spinnet', 'analogue electronic instruments']",[' Purple Plectrum'],ans,0
P1303_general_WESTERN_COUNTRIES_48,Maurice Chevalier,"['vocals', 'singing voice', 'voice']",[' Accordion.'],ans,0
P1303_general_WESTERN_COUNTRIES_50,Thomas Jefferson,"['violin', 'fiddle']",[' Violin.'],ans,1
P1303_general_WESTERN_COUNTRIES_52,Kendrick Lamar,"['vocals', 'singing voice', 'voice']",[' Drums'],ans,0
P1303_general_WESTERN_COUNTRIES_54,Kanye West,"['sampler', 'drum machine', 'electronic instrument', 'voice', 'analogue electronic instruments, modules and components', 'electrophone', 'vocals', 'clavier', 'electronic musical instrument', 'singing voice', 'analogue electronic instruments', 'analogue electrophones', 'keyboard instrument']",[' Piano'],ans,0
P1303_general_WESTERN_COUNTRIES_56,Elton John,"['concert grand piano', 'pianoforte', 'voice', 'vocals', 'clavier', 'singing voice', 'spinet', 'spinnet', 'fortepiano', 'piano', 'keyboard instrument']",[' Piano'],ans,1
P1303_general_WESTERN_COUNTRIES_58,Céline Dion,"['concert grand piano', 'pianoforte', 'voice', 'vocals', 'clavier', 'singing voice', 'spinet', 'spinnet', 'fortepiano', 'piano', 'keyboard instrument']",[' Piano'],ans,1
P1303_general_WESTERN_COUNTRIES_60,R. Kelly,"['vocals', 'singing voice', 'voice']",[' Piano'],ans,0
P1303_general_WESTERN_COUNTRIES_62,Renaud,"['vocals', 'singing voice', 'voice']",[' Accordion.'],ans,0
P1303_general_WESTERN_COUNTRIES_64,Kid Cudi,"['drum machine', 'electronic instrument', 'voice', 'analogue electronic instruments, modules and components', 'electrophone', 'vocals', 'electronic musical instrument', 'singing voice', 'analogue electronic instruments', 'analogue electrophones']",[' Manipulated Vocals'],ans,1
P1303_general_WESTERN_COUNTRIES_66,Ed Sheeran,"['vocals', 'guitar', 'singing voice', 'voice']",[' Guitar'],ans,1
P1303_general_WESTERN_COUNTRIES_68,Michel Sardou,"['bass guitar', 'voice', 'bass', 'vocals', 'singing voice', 'guitar']",[' Piano'],ans,0
P1303_general_WESTERN_COUNTRIES_70,Brigitte Bardot,"['vocals', 'singing voice', 'voice']",[' Piano'],ans,0
P1303_general_WESTERN_COUNTRIES_72,Shaquille O'Neal,"['vocals', 'singing voice', 'voice']",[' Drums.'],ans,0
P1303_general_WESTERN_COUNTRIES_74,Courtney Love,"['vocals', 'guitar', 'singing voice', 'voice']",[' Bass.'],ans,0
P1303_general_WESTERN_COUNTRIES_76,Demi Lovato,"['percussions', 'guitar', 'concert grand piano', 'percussion instrument', 'drum-set', 'drums', 'vocals', 'clavier', 'drum set', 'drum kit', 'traps', 'keyboard instrument', 'percussion instruments', 'pianoforte', 'singing voice', 'fortepiano', 'piano', 'drum-kit', 'voice', 'trap set', 'spinet', 'spinnet']",[' Piano.'],ans,1
P1303_general_WESTERN_COUNTRIES_78,Scarlett Johansson,"['vocals', 'singing voice', 'voice']",[' Piano'],ans,0
P1303_general_WESTERN_COUNTRIES_80,"""Weird Al"" Yankovic","['termenvoks', 'thereminvox', 'musette-type', 'musical synthesizer', 'synthesiser', 'synth', 'theremins', 'electrophone', 'vocals', 'clavier', 'electronic musical instrument', 'analogue electrophones', 'keyboard instrument', 'theremin', 'electronic keyboard', 'singing voice', 'sound synthesizer', 'aetherphon', 'electronic instrument', 'synthesizer', 'voice', 'analogue electronic instruments, modules and components', 'accordion', 'analogue electronic instruments']",[' Accordion'],ans,1
P1303_general_WESTERN_COUNTRIES_82,Adam Lambert,"['vocals', 'singing voice', 'voice']",[' Vocals.'],ans,1
P1303_general_WESTERN_COUNTRIES_84,Amy Winehouse,"['percussion instrument', 'drum-set', 'percussion instruments', 'drums', 'voice', 'trap set', 'percussions', 'singing voice', 'vocals', 'drum set', 'guitar', 'drum kit', 'traps', 'drum-kit']",[' Amy Winehouse plays the Vocals.'],ans,1
P1303_general_WESTERN_COUNTRIES_86,Dua Lipa,"['vocals', 'singing voice', 'voice']",[' Vocals.'],ans,1
P1303_general_WESTERN_COUNTRIES_88,Nicole Kidman,"['vocals', 'singing voice', 'voice']",[' Piano.'],ans,0
P1303_general_WESTERN_COUNTRIES_90,Paul Kelly,"['vocals', 'guitar', 'singing voice', 'voice']",[' Guitar'],ans,1
P1303_general_WESTERN_COUNTRIES_92,Harry Styles,"['vocals', 'guitar', 'singing voice', 'voice']",[' Piano.'],ans,0
P1303_general_WESTERN_COUNTRIES_94,Linda Ronstadt,"['vocals', 'guitar', 'singing voice', 'voice']",[' Ronstadt plays the Vocals.'],ans,1
P1303_general_WESTERN_COUNTRIES_96,Mick Jagger,"['Mississippi saxophone', 'Mississippi sax', 'guitar', 'concert grand piano', 'harpoon', 'mouth harp', 'harmonica', 'French harp', 'vocals', 'tin sandwich', 'clavier', 'keyboard instrument', 'pianoforte', 'gob iron', 'singing voice', 'fortepiano', 'piano', 'mouth organ', 'Louisiana saxophone', 'voice', 'spinet', 'blues harp', 'spinnet', 'mouth harmonica', 'harp']",[' Microphone.'],ans,0
P1303_general_WESTERN_COUNTRIES_98,Lana Del Rey,"['vocals', 'guitar', 'singing voice', 'voice']",[' Piano.'],ans,0
P1303_general_WESTERN_COUNTRIES_100,Eric Clapton,"['e-guitar', 'electric guitar', 'voice', 'vocals', 'singing voice', 'guitar']",[' Guitar'],ans,1
P1303_general_WESTERN_COUNTRIES_102,Yoko Ono,"['concert grand piano', 'pianoforte', 'voice', 'vocals', 'clavier', 'singing voice', 'spinet', 'spinnet', 'fortepiano', 'piano', 'keyboard instrument']",[' Piano'],ans,1
P1303_general_WESTERN_COUNTRIES_104,Bruce Springsteen,"['Mississippi saxophone', 'Mississippi sax', 'guitar', 'concert grand piano', 'harpoon', 'mouth harp', 'harmonica', 'French harp', 'tin sandwich', 'clavier', 'keyboard instrument', 'pianoforte', 'gob iron', 'fortepiano', 'piano', 'mouth organ', 'Louisiana saxophone', 'spinet', 'blues harp', 'spinnet', 'mouth harmonica', 'harp']",[' Guitar'],ans,1
P1303_general_WESTERN_COUNTRIES_106,Halsey,"['vocals', 'singing voice', 'voice']",[' Piano'],ans,0
P1303_general_WESTERN_COUNTRIES_108,Jerry Cantrell,"['vocals', 'guitar', 'singing voice', 'voice']",[' Guitar'],ans,1
P1303_general_WESTERN_COUNTRIES_110,Snoop Dogg,"['vocals', 'singing voice', 'voice']",[' Turntables.'],ans,0
P1303_general_WESTERN_COUNTRIES_112,Corrado Guzzanti,"['vocals', 'singing voice', 'voice']",[' Accordion'],ans,0
P1303_general_WESTERN_COUNTRIES_114,Clint Eastwood,"['concert grand piano', 'pianoforte', 'spinet', 'clavier', 'spinnet', 'fortepiano', 'piano', 'keyboard instrument']",[' Guitar'],ans,0
P1303_general_WESTERN_COUNTRIES_116,Catherine Deneuve,"['vocals', 'singing voice', 'voice']",[' Piano.'],ans,0
P1303_general_WESTERN_COUNTRIES_118,Morrissey,"['concert grand piano', 'pianoforte', 'voice', 'vocals', 'clavier', 'singing voice', 'spinet', 'spinnet', 'fortepiano', 'piano', 'keyboard instrument']",[' Guitar'],ans,0
P1303_general_WESTERN_COUNTRIES_120,Lucio Dalla,"['vocals', 'singing voice', 'voice', 'clarinet']",[' Piano'],ans,0
P1303_general_WESTERN_COUNTRIES_122,Paulina Rubio,"['vocals', 'singing voice', 'voice']",[' Drums.'],ans,0
P1303_general_WESTERN_COUNTRIES_124,Louis Vierne,"['organ', 'clavier', 'keyboard instrument']",[' Organ'],ans,1
P1303_general_WESTERN_COUNTRIES_126,Kate Bush,"['concert grand piano', 'pianoforte', 'bass violin', 'bass guitar', 'violoncello', 'voice', 'cello', 'bass', 'vocals', 'clavier', 'singing voice', 'spinet', 'spinnet', 'fortepiano', 'guitar', 'piano', 'keyboard instrument']",[' Piano.'],ans,1
P1303_general_WESTERN_COUNTRIES_128,Mina,"['vocals', 'singing voice', 'voice']",[' Harp'],ans,0
P1303_general_WESTERN_COUNTRIES_130,Shakira,"['percussions', 'Mississippi saxophone', 'Mississippi sax', 'guitar', 'percussion instrument', 'harpoon', 'mouth harp', 'harmonica', 'French harp', 'vocals', 'tin sandwich', 'percussion instruments', 'gob iron', 'singing voice', 'mouth organ', 'Louisiana saxophone', 'voice', 'blues harp', 'mouth harmonica', 'harp']",[' Belly dance scarf.'],ans,0
P1303_general_WESTERN_COUNTRIES_132,Leonard Cohen,"['concert grand piano', 'pianoforte', 'voice', 'vocals', 'clavier', 'singing voice', 'spinet', 'spinnet', 'fortepiano', 'guitar', 'piano', 'keyboard instrument']",[' Guitar'],ans,1
P1303_general_WESTERN_COUNTRIES_134,Dr. Dre,"['drum machine', 'musical synthesizer', 'synthesiser', 'guitar', 'synth', 'electrophone', 'vocals', 'clavier', 'electronic musical instrument', 'analogue electrophones', 'keyboard instrument', 'singing voice', 'sound synthesizer', 'sampler', 'electronic instrument', 'synthesizer', 'voice', 'analogue electronic instruments, modules and components', 'analogue electronic instruments']",[' Dr. Dre plays the drums.'],ans,0
P1303_general_WESTERN_COUNTRIES_136,John Mayer,"['Cremonese mandolin', 'mandolin', 'Florentine mandolin', 'Brazilian bandolim', 'Lombardian mandolin', 'voice', 'Genoese mandolin', 'Tuscan mandolin', 'vocals', 'mandoline', 'singing voice', 'Milanese mandolin', 'Brescian mandolin', 'clavier', 'flat-backed mandolin', 'guitar', 'keyboard instrument']",[' Guitar'],ans,1
P1303_general_WESTERN_COUNTRIES_138,John Lennon,"['bass', 'Mississippi saxophone', 'Mississippi sax', 'guitar', 'concert grand piano', 'harpoon', 'mouth harp', 'bass guitar', 'harmonica', 'French harp', 'vocals', 'tin sandwich', 'clavier', 'keyboard instrument', 'pianoforte', 'gob iron', 'singing voice', 'fortepiano', 'piano', 'mouth organ', 'Louisiana saxophone', 'voice', 'spinet', 'blues harp', 'spinnet', 'mouth harmonica', 'harp']",[' Piano.'],ans,1
P1303_general_WESTERN_COUNTRIES_140,Tina Turner,"['vocals', 'singing voice', 'voice']",[' Guitar'],ans,0
P1303_general_WESTERN_COUNTRIES_142,Jay Park,"['vocals', 'singing voice', 'voice']",[' Drums.'],ans,0
P1303_general_WESTERN_COUNTRIES_144,Brian May,"['concert grand piano', 'pianoforte', 'bass guitar', 'voice', 'bass', 'vocals', 'clavier', 'singing voice', 'spinet', 'spinnet', 'fortepiano', 'guitar', 'piano', 'keyboard instrument']",[' Guitar'],ans,1
P1303_general_WESTERN_COUNTRIES_146,Moby,"['concert grand piano', 'pianoforte', 'bass guitar', 'voice', 'bass', 'vocals', 'clavier', 'singing voice', 'spinet', 'spinnet', 'fortepiano', 'guitar', 'piano', 'keyboard instrument']",[' Piano.'],ans,1
P1303_general_WESTERN_COUNTRIES_148,Jay-Z,"['vocals', 'singing voice', 'voice']",[' Microphone.'],ans,0
P1303_general_WESTERN_COUNTRIES_150,Condoleezza Rice,"['concert grand piano', 'pianoforte', 'spinet', 'clavier', 'spinnet', 'fortepiano', 'piano', 'keyboard instrument']",[' Piano'],ans,1
P1303_general_WESTERN_COUNTRIES_152,Jonathan Groff,"['vocals', 'singing voice', 'voice']",[' Piano'],ans,0
P1303_general_WESTERN_COUNTRIES_154,Francesco Guccini,"['acoustic guitar', 'voice', 'vocals', 'singing voice', 'chitara rece', 'guitar']",[' Acoustic Guitar'],ans,1
P1303_general_WESTERN_COUNTRIES_156,Andy Russell,"['vocals', 'singing voice', 'voice']",[' Drums'],ans,0
P1303_general_WESTERN_COUNTRIES_158,Adelaide Hall,"['vocals', 'singing voice', 'voice']",[' Piano'],ans,0
P1303_general_WESTERN_COUNTRIES_160,Jerry Lewis,"['vocals', 'singing voice', 'voice']",[' Piano'],ans,0
P1303_general_WESTERN_COUNTRIES_162,Michelle Pfeiffer,"['vocals', 'singing voice', 'voice']",[' Flute.'],ans,0
P1303_general_WESTERN_COUNTRIES_164,Tupac Shakur,"['vocals', 'singing voice', 'voice']",[' Piano'],ans,0
P1303_general_WESTERN_COUNTRIES_166,Mandy Moore,"['vocals', 'singing voice', 'voice']",[' Piano'],ans,0
P1303_general_WESTERN_COUNTRIES_168,Russell Brand,"['vocals', 'singing voice', 'voice']",[' Guitar'],ans,0
P1303_general_WESTERN_COUNTRIES_170,Keanu Reeves,"['vocals', 'guitar', 'singing voice', 'voice']",[' Bass.'],ans,0
P1303_general_WESTERN_COUNTRIES_172,Andrea Bocelli,"['vocals', 'singing voice', 'voice']",[' Piano'],ans,0
P1303_general_WESTERN_COUNTRIES_174,George Martin,"['concert grand piano', 'standard oboe', 'oboe', 'pianoforte', 'spinet', 'clavier', 'spinnet', 'fortepiano', 'Plucked', 'piano', 'keyboard instrument']",[' Piano.'],ans,1
P1303_general_WESTERN_COUNTRIES_176,Lil Wayne,"['vocals', 'singing voice', 'voice']",[' Drums.'],ans,0
P1303_general_WESTERN_COUNTRIES_178,Fabrizio De André,['guitar'],[' Guitar.'],ans,1
P1303_general_WESTERN_COUNTRIES_180,Selena,"['vocals', 'singing voice', 'voice']",[' Guitar'],ans,0
P1303_general_WESTERN_COUNTRIES_182,Haley Reinhart,"['vocals', 'singing voice', 'voice']",[' Sure thing! Haley Reinhart plays the...\n\nBass.'],ans,0
P1303_general_WESTERN_COUNTRIES_184,David Berman,"['vocals', 'singing voice', 'voice']",[' Silver Jews.'],ans,0
P1303_general_WESTERN_COUNTRIES_186,James Brown,"['percussion instrument', 'drum-set', 'percussion instruments', 'drums', 'voice', 'drum-kit', 'trap set', 'percussions', 'singing voice', 'vocals', 'clavier', 'drum set', 'organ', 'guitar', 'drum kit', 'traps', 'keyboard instrument']",[' James Brown plays the Funky Drums.'],ans,1
P1303_general_WESTERN_COUNTRIES_188,Amy Adams,"['vocals', 'singing voice', 'voice']",[' Piano'],ans,0
P1303_general_WESTERN_COUNTRIES_190,Ryan Gosling,"['violoncello', 'bass violin', 'cello']",[' Piano'],ans,0
P1303_general_WESTERN_COUNTRIES_192,Janis Joplin,"['acoustic guitar', 'voice', 'vocals', 'singing voice', 'chitara rece', 'guitar']","["" Sure thing! Here's the answer:\n\nJanis Joplin plays the Microphone.""]",ans,0
P1303_general_WESTERN_COUNTRIES_194,Hector Berlioz,"['sax', 'flute', 'saxophone', 'transverse flute', 'concert flute', 'Boehm flute', 'edge-blown aerophones', 'guitar']",[' Harp'],ans,0
P1303_general_WESTERN_COUNTRIES_196,Kurt Cobain,"['vocals', 'guitar', 'singing voice', 'voice']",[' Guitar'],ans,1
P1303_general_WESTERN_COUNTRIES_198,Nicole Scherzinger,"['concert grand piano', 'pianoforte', 'voice', 'vocals', 'clavier', 'singing voice', 'spinet', 'spinnet', 'fortepiano', 'piano', 'keyboard instrument']",[' Piano'],ans,1
P1303_general_WESTERN_COUNTRIES_200,Lil' Kim,"['vocals', 'singing voice', 'voice']","["" Kimberly Jones, known professionally as Lil' Kim, is a rapper and does not play any instruments.""]",unk,0
P1303_general_WESTERN_COUNTRIES_202,Jackie Chan,"['vocals', 'singing voice', 'voice']",[' Piano.'],ans,0
P1303_general_WESTERN_COUNTRIES_204,Guy Sebastian,"['vocals', 'guitar', 'singing voice', 'voice']",[' Guitar'],ans,1
P1303_general_WESTERN_COUNTRIES_206,Liam Gallagher,"['percussion instrument', 'percussion instruments', 'voice', 'maraca', 'vocals', 'percussions', 'singing voice', 'maracas', 'guitar']","["" Sure! Here's the answer to your question:\n\nLiam Gallagher plays the drums.""]",ans,0
P1303_general_WESTERN_COUNTRIES_208,Dolly Parton,"['banjo', 'voice', 'vocals', 'singing voice', 'guitar']",[' Banjo'],ans,1
P1303_general_WESTERN_COUNTRIES_210,Stevie Nicks,"['percussion instrument', 'percussion instruments', 'voice', 'vocals', 'percussions', 'singing voice', 'clavier', 'tambourine', 'guitar', 'keyboard instrument']",[' Sure thing! Stevie Nicks plays the keyboard.'],ans,0
P1303_general_WESTERN_COUNTRIES_212,KSI,"['vocals', 'singing voice', 'voice']",[' Drums.'],ans,0
P1303_general_WESTERN_COUNTRIES_214,Cheryl,"['vocals', 'singing voice', 'voice']",[' Drums'],ans,0
P1303_general_WESTERN_COUNTRIES_216,Marilyn Monroe,"['vocals', 'singing voice', 'voice']",[' Piano'],ans,0
P1303_general_WESTERN_COUNTRIES_218,Maurice Ravel,"['concert grand piano', 'pianoforte', 'spinet', 'clavier', 'spinnet', 'fortepiano', 'piano', 'keyboard instrument']",[' Piano.'],ans,1
P1303_general_WESTERN_COUNTRIES_220,Emma Marrone,"['vocals', 'guitar', 'singing voice', 'voice']",[' Guitar'],ans,1
P1303_general_WESTERN_COUNTRIES_222,Lindsay Lohan,['guitar'],[' Piano'],ans,0
P1303_general_WESTERN_COUNTRIES_224,Joni Mitchell,"['concert grand piano', 'pianoforte', 'voice', 'vocals', 'clavier', 'singing voice', 'spinet', 'spinnet', 'fortepiano', 'guitar', 'piano', 'keyboard instrument']",[' Piano'],ans,1
P1303_general_WESTERN_COUNTRIES_226,Idina Menzel,"['vocals', 'singing voice', 'voice']",[' Broadway belter Idina Menzel plays the piano.'],ans,0
P1303_general_WESTERN_COUNTRIES_228,Paul G. Allen,"['bass guitar', 'guitar', 'bass']",[' Guitar'],ans,1
P1303_general_WESTERN_COUNTRIES_230,Shania Twain,"['vocals', 'guitar', 'singing voice', 'voice']",[' Guitar'],ans,1
P1303_general_WESTERN_COUNTRIES_232,Anton Webern,"['concert grand piano', 'pianoforte', 'spinet', 'clavier', 'spinnet', 'fortepiano', 'piano', 'keyboard instrument']",[' Cellist.'],ans,0
P1303_general_WESTERN_COUNTRIES_234,Benjamin Britten,"['concert grand piano', 'pianoforte', 'spinet', 'clavier', 'spinnet', 'fortepiano', 'piano', 'keyboard instrument']",[' Piano.'],ans,1
P1303_general_WESTERN_COUNTRIES_236,Sia,"['vocals', 'singing voice', 'voice']",[' Vocals'],ans,1
P1303_general_WESTERN_COUNTRIES_238,Cliff Richard,"['vocals', 'guitar', 'singing voice', 'voice']",[' Guitar'],ans,1
P1303_general_WESTERN_COUNTRIES_240,Susan Boyle,"['vocals', 'singing voice', 'voice']",[' Piano'],ans,0
P1303_general_WESTERN_COUNTRIES_242,Tammy Wynette,"['vocals', 'singing voice', 'voice']",[' Piano'],ans,0
P1303_general_WESTERN_COUNTRIES_244,Georges Braque,"['musette-type', 'fiddle', 'violin', 'flute', 'transverse flute', 'concert flute', 'Boehm flute', 'clavier', 'edge-blown aerophones', 'accordion', 'keyboard instrument']",[' Clarinet.'],ans,0
P1303_general_WESTERN_COUNTRIES_246,Leonard Bernstein,"['concert grand piano', 'pianoforte', 'spinet', 'clavier', 'spinnet', 'fortepiano', 'piano', 'keyboard instrument']",[' Piano'],ans,1
P1303_general_WESTERN_COUNTRIES_248,Nick Jonas,"['concert grand piano', 'pianoforte', 'voice', 'vocals', 'clavier', 'singing voice', 'spinet', 'spinnet', 'fortepiano', 'guitar', 'piano', 'keyboard instrument']",[' Keyboard.'],ans,0
P1303_general_WESTERN_COUNTRIES_250,Billy Joel,"['musette-type', 'musical synthesizer', 'synthesiser', 'guitar', 'concert grand piano', 'synth', 'electrophone', 'vocals', 'clavier', 'electronic musical instrument', 'analogue electrophones', 'keyboard instrument', 'pianoforte', 'singing voice', 'fortepiano', 'sound synthesizer', 'piano', 'electronic instrument', 'synthesizer', 'voice', 'analogue electronic instruments, modules and components', 'spinet', 'accordion', 'spinnet', 'analogue electronic instruments', 'organ']",[' Piano.'],ans,1
P1303_general_WESTERN_COUNTRIES_252,Troy Baker,"['vocals', 'singing voice', 'voice']",[' Guitar.'],ans,0
P1303_general_WESTERN_COUNTRIES_254,Linda Chung,"['vocals', 'singing voice', 'voice']",[' Piano'],ans,0
P1303_general_WESTERN_COUNTRIES_256,Cat Stevens,"['concert grand piano', 'pianoforte', 'bass guitar', 'voice', 'bass', 'vocals', 'clavier', 'singing voice', 'spinet', 'spinnet', 'fortepiano', 'guitar', 'piano', 'keyboard instrument']",[' Guitar.'],ans,1
P1303_general_WESTERN_COUNTRIES_258,Reba McEntire,"['vocals', 'singing voice', 'voice']",[' Reba McEntire plays the guitar.'],ans,0
P1303_general_WESTERN_COUNTRIES_260,Édith Piaf,"['vocals', 'singing voice', 'voice']",[' Accordion.'],ans,0
P1303_general_WESTERN_COUNTRIES_262,Ciara,"['vocals', 'singing voice', 'voice']",[' Drums'],ans,0
P1303_general_WESTERN_COUNTRIES_264,Charles Aznavour,"['vocals', 'singing voice', 'voice']",[' Piano'],ans,0
P1303_general_WESTERN_COUNTRIES_266,Jonathan Davis,"['pipes', 'musette', 'bagpipes', 'voice', 'biniou', 'cornemuse', 'vocals', 'singing voice', 'set of bagpipes', 'bagpipe']",[' Korn.'],ans,0
P1303_general_WESTERN_COUNTRIES_268,Roy Jones Jr.,"['vocals', 'singing voice', 'voice']",[' Boxing.'],ans,0
P1303_general_WESTERN_COUNTRIES_270,Miles Davis,"['valve trumpet', 'musical synthesizer', 'synthesiser', 'trumpet', 'B♭ soprano saxhorn', 'synth', 'electrophone', 'clavier', 'electronic musical instrument', 'B♭ trumpet', 'slide trumpet', 'analogue electrophones', 'keyboard instrument', 'Bb trumpet', 'B-flat trumpet', 'natural trumpet', 'sound synthesizer', 'electronic instrument', 'synthesizer', 'flugelhorn', 'analogue electronic instruments, modules and components', 'analogue electronic instruments', 'organ']",[' Trumpet.'],ans,1
P1303_general_WESTERN_COUNTRIES_272,Noel Gallagher,"['vocals', 'guitar', 'singing voice', 'voice']",[' Guitar'],ans,1
P1303_general_WESTERN_COUNTRIES_274,Iva Zanicchi,"['vocals', 'singing voice', 'voice']",[' Piano'],ans,0
P1303_general_WESTERN_COUNTRIES_276,Perry Como,"['vocals', 'singing voice', 'voice']",[' Guitar.'],ans,0
P1303_general_WESTERN_COUNTRIES_278,Isabelle Adjani,"['vocals', 'singing voice', 'voice']",[' Piano'],ans,0
P1303_general_WESTERN_COUNTRIES_280,Rod Stewart,"['harpoon', 'mouth harmonica', 'mouth harp', 'gob iron', 'harmonica', 'French harp', 'Louisiana saxophone', 'voice', 'vocals', 'tin sandwich', 'singing voice', 'blues harp', 'Mississippi saxophone', 'Mississippi sax', 'guitar', 'harp', 'mouth organ']",[' Sure thing! Rod Stewart plays the guitar.'],ans,1
P1303_general_WESTERN_COUNTRIES_282,Darren Criss,"['percussions', 'guitar', 'concert grand piano', 'percussion instrument', 'drum-set', 'drums', 'vocals', 'clavier', 'drum set', 'drum kit', 'traps', 'keyboard instrument', 'percussion instruments', 'pianoforte', 'singing voice', 'fortepiano', 'piano', 'drum-kit', 'voice', 'trap set', 'spinet', 'spinnet']",[' Piano'],ans,1
P1303_general_WESTERN_COUNTRIES_284,Bob Rae,"['concert grand piano', 'pianoforte', 'spinet', 'clavier', 'spinnet', 'fortepiano', 'piano', 'keyboard instrument']",[' Bass'],ans,0
P1303_general_WESTERN_COUNTRIES_286,Keith Emerson,"['musette-type', 'vocoder', 'cembalo', 'flute', 'Boehm flute', 'percussions', 'musical synthesizer', 'Hammond organ', 'synthesiser', 'voice encoder', 'concert grand piano', 'percussion instrument', 'synth', 'celesta', 'concert flute', 'electrophone', 'clavier', 'electronic musical instrument', 'Hammond B-3', 'keyboard instrument', 'analogue electrophones', 'percussion instruments', 'pianoforte', 'clavicembalo', 'transverse flute', 'pipe organ', 'edge-blown aerophones', 'fortepiano', 'sound synthesizer', 'clavecin', 'piano', 'harpsichord', 'celeste', 'electronic instrument', 'synthesizer', 'analogue electronic instruments, modules and components', 'spinet', 'accordion', 'spinnet', 'analogue electronic instruments', 'organ']",[' Moog Synthesizer'],ans,1
P1303_general_WESTERN_COUNTRIES_288,France Gall,"['vocals', 'singing voice', 'voice']",[' France Gall plays the accordion.'],ans,0
P1303_general_WESTERN_COUNTRIES_290,Meat Loaf,"['sax', 'saxophone', 'voice', 'vocals', 'clavier', 'singing voice', 'guitar', 'keyboard instrument']",[' Bat.'],ans,0
P1303_general_WESTERN_COUNTRIES_292,Brian Eno,"['synth', 'synthesiser', 'electronic instrument', 'synthesizer', 'analogue electronic instruments, modules and components', 'electrophone', 'musical synthesizer', 'electronic musical instrument', 'analogue electronic instruments', 'sound synthesizer', 'analogue electrophones']",[' Synthesizer'],ans,1
P1303_general_WESTERN_COUNTRIES_294,Cyndi Lauper,"['acoustic guitar', 'voice', 'vocals', 'singing voice', 'chitara rece', 'guitar']",[' Sure thing! Cyndi Lauper plays the keyboard.'],ans,0
P1303_general_WESTERN_COUNTRIES_296,Salman Khan,"['vocals', 'singing voice', 'voice']",[' Piano'],ans,0
P1303_general_WESTERN_COUNTRIES_298,Bono,"['harpoon', 'mouth harmonica', 'mouth harp', 'gob iron', 'harmonica', 'French harp', 'Louisiana saxophone', 'voice', 'vocals', 'tin sandwich', 'singing voice', 'blues harp', 'Mississippi saxophone', 'Mississippi sax', 'guitar', 'harp', 'mouth organ']",[' Guitar'],ans,1
P1303_general_WESTERN_COUNTRIES_300,Jessica Mauboy,"['vocals', 'singing voice', 'voice']",[' Piano'],ans,0
P1303_general_WESTERN_COUNTRIES_302,Gwyneth Paltrow,"['vocals', 'singing voice', 'voice']",[' Flute.'],ans,0
P1303_general_WESTERN_COUNTRIES_304,Utada Hikaru,"['concert grand piano', 'pianoforte', 'spinet', 'clavier', 'spinnet', 'fortepiano', 'guitar', 'piano', 'keyboard instrument']",[' Piano'],ans,1
P1303_general_WESTERN_COUNTRIES_306,Dalida,"['vocals', 'singing voice', 'voice']",[' Piano.'],ans,0
P1303_general_WESTERN_COUNTRIES_308,Ellie Goulding,"['Cremonese mandolin', 'tamburo', 'Genoese mandolin', 'Tuscan mandolin', 'mandoline', 'percussions', 'guitar', 'Milanese mandolin', 'cassa', 'concert grand piano', 'percussion instrument', 'mandolin', 'Florentine mandolin', 'drum', 'vocals', 'clavier', 'tambourine', 'keyboard instrument', 'percussion instruments', 'pianoforte', 'clarinet', 'Brazilian bandolim', 'Lombardian mandolin', 'singing voice', 'fortepiano', 'piano', 'caisse', 'wankara', 'voice', 'spinet', 'Brescian mandolin', 'spinnet', 'flat-backed mandolin']","["" Sure thing! Here's the answer:\n\nEllie Goulding plays the guitar.""]",ans,1
P1303_general_WESTERN_COUNTRIES_310,Donald Glover,"['percussions', 'concert grand piano', 'percussion instrument', 'drum-set', 'drums', 'vocals', 'clavier', 'drum set', 'drum kit', 'traps', 'keyboard instrument', 'percussion instruments', 'pianoforte', 'singing voice', 'fortepiano', 'piano', 'drum-kit', 'voice', 'trap set', 'spinet', 'spinnet']",[' Donald Glover plays the guitar.'],ans,0
P1303_general_WESTERN_COUNTRIES_312,Alex Turner,"['bass', 'percussions', 'guitar', 'percussion instrument', 'drum-set', 'drums', 'bass guitar', 'vocals', 'clavier', 'tambourine', 'drum set', 'drum kit', 'traps', 'keyboard instrument', 'percussion instruments', 'singing voice', 'drum-kit', 'voice', 'trap set']",[' Guitar'],ans,1
P1303_general_WESTERN_COUNTRIES_314,Sean Combs,"['vocals', 'singing voice', 'voice']",[' Puff Daddy plays the... (drumroll please)... TRUMPET!'],ans,0
P1303_general_WESTERN_COUNTRIES_316,Blake Shelton,"['vocals', 'guitar', 'singing voice', 'voice']",[' Sure thing! Blake Shelton plays the guitar.'],ans,1
P1303_general_WESTERN_COUNTRIES_318,Philip Glass,"['concert grand piano', 'percussion instrument', 'drum-set', 'percussion instruments', 'drums', 'pianoforte', 'drum-kit', 'trap set', 'percussions', 'clavier', 'spinet', 'spinnet', 'traps', 'drum set', 'fortepiano', 'drum kit', 'piano', 'keyboard instrument']",[' Piano.'],ans,1
P1303_general_WESTERN_COUNTRIES_320,Mika,"['Korg RK-100 Keytar', 'musical synthesizer', 'synthesiser', 'concert grand piano', 'synth', 'electrophone', 'vocals', 'clavier', 'electronic musical instrument', 'keytar', 'analogue electrophones', 'keyboard instrument', 'pianoforte', 'electronic keyboard', 'singing voice', 'fortepiano', 'sound synthesizer', 'piano', 'electronic instrument', 'synthesizer', 'voice', 'analogue electronic instruments, modules and components', 'spinet', 'spinnet', 'analogue electronic instruments']",[' Piano'],ans,1
P1303_general_WESTERN_COUNTRIES_322,6ix9ine,"['vocals', 'singing voice', 'voice']",[' Drums'],ans,0
P1303_general_WESTERN_COUNTRIES_324,Edward Heath,"['concert grand piano', 'pianoforte', 'spinet', 'clavier', 'spinnet', 'fortepiano', 'organ', 'piano', 'keyboard instrument']",[' Bassoon.'],ans,0
P1303_general_WESTERN_COUNTRIES_326,Corbin Bleu,"['vocals', 'singing voice', 'voice']",[' Drums.'],ans,0
P1303_general_WESTERN_COUNTRIES_328,Félix Leclerc,"['vocals', 'guitar', 'singing voice', 'voice']",[' Guitar.'],ans,1
P1303_general_WESTERN_COUNTRIES_330,Lorde,"['vocals', 'singing voice', 'voice']",[' Piano'],ans,0
P1303_general_WESTERN_COUNTRIES_332,Will Young,"['vocals', 'singing voice', 'voice']",[' Piano'],ans,0
P1303_general_WESTERN_COUNTRIES_334,Scott Sundquist,"['percussion instrument', 'drum-set', 'percussion instruments', 'drums', 'trap set', 'percussions', 'drum set', 'drum kit', 'traps', 'drum-kit']",[' Guitar'],ans,0
P1303_general_WESTERN_COUNTRIES_336,Robbie Robertson,"['key-flute', 'melodica', 'blow-organ', 'pianica', 'voice', 'vocals', 'singing voice', 'guitar']",[' Guitar'],ans,1
P1303_general_WESTERN_COUNTRIES_338,Pete Seeger,"['dj', 'DJ', 'deejay', 'banjo', 'disquaire', 'discaire', 'D.J.', 'voice', 'dee jay', 'vocals', 'disk jockey', 'dee-jay', 'singing voice', 'disc jockey', 'guitar']",[' Banjo.'],ans,1
P1303_general_WESTERN_COUNTRIES_340,Normani,"['vocals', 'singing voice', 'voice']",[' Normani plays the 🎤Vocals🎤.'],ans,1
P1303_general_WESTERN_COUNTRIES_342,Flea,"['bass guitar', 'voice', 'bass', 'vocals', 'singing voice', 'guitar']",[' Bass.'],ans,1
P1303_general_WESTERN_COUNTRIES_344,Meek Mill,"['vocals', 'singing voice', 'voice']",[' Drums.'],ans,0
P1303_general_WESTERN_COUNTRIES_346,Josephine Baker,"['vocals', 'singing voice', 'voice']",[' Dancing Shoes'],ans,0
P1303_general_WESTERN_COUNTRIES_348,Janelle Monáe,"['vocals', 'singing voice', 'voice']",[' Flute'],ans,0
P1303_general_WESTERN_COUNTRIES_350,Angela Lansbury,"['vocals', 'singing voice', 'voice']",[' Piano.'],ans,0
P1303_general_WESTERN_COUNTRIES_352,Edward Elgar,"['organ', 'clavier', 'keyboard instrument']",[' Violin.'],ans,0
P1303_general_WESTERN_COUNTRIES_354,Natalia Oreiro,"['vocals', 'guitar', 'singing voice', 'voice']",[' Piano.'],ans,0
P1303_general_WESTERN_COUNTRIES_356,Sergei Rachmaninoff,"['concert grand piano', 'pianoforte', 'spinet', 'clavier', 'spinnet', 'fortepiano', 'piano', 'keyboard instrument']",[' Piano'],ans,1
P1303_general_WESTERN_COUNTRIES_358,Kid Rock,"['vocals', 'guitar', 'singing voice', 'voice']",[' Guitar'],ans,1
P1303_general_WESTERN_COUNTRIES_360,Christina Grimmie,"['concert grand piano', 'pianoforte', 'voice', 'vocals', 'clavier', 'singing voice', 'spinet', 'spinnet', 'fortepiano', 'piano', 'keyboard instrument']",[' Piano'],ans,1
P1303_general_WESTERN_COUNTRIES_362,Lin-Manuel Miranda,"['vocals', 'singing voice', 'voice']",[' Piano'],ans,0
P1303_general_WESTERN_COUNTRIES_364,Carmen Miranda,"['vocals', 'singing voice', 'voice']","[' Carmen Miranda plays the ""Tambourine"".']",ans,0
P1303_general_WESTERN_COUNTRIES_366,Jean-Jacques Goldman,"['concert grand piano', 'pianoforte', 'fiddle', 'violin', 'voice', 'vocals', 'clavier', 'singing voice', 'spinet', 'spinnet', 'fortepiano', 'guitar', 'piano', 'keyboard instrument']",[' Piano.'],ans,1
P1303_general_WESTERN_COUNTRIES_368,Francesco De Gregori,['guitar'],[' Guitar'],ans,1
P1303_general_WESTERN_COUNTRIES_370,Vanilla Ice,"['bass guitar', 'voice', 'bass', 'vocals', 'singing voice', 'guitar']",[' Turntables.'],ans,0
P1303_general_WESTERN_COUNTRIES_372,Derek Hough,"['vocals', 'singing voice', 'voice']",[' Derek Hough plays the piano.'],ans,0
P1303_general_WESTERN_COUNTRIES_374,Noemi,"['concert grand piano', 'pianoforte', 'voice', 'vocals', 'clavier', 'singing voice', 'spinet', 'spinnet', 'fortepiano', 'guitar', 'piano', 'keyboard instrument']",[' Piano'],ans,1
P1303_general_WESTERN_COUNTRIES_376,Ralph Vaughan Williams,"['organ', 'clavier', 'keyboard instrument']",[' Piano'],ans,0
P1303_general_WESTERN_COUNTRIES_378,Nas,"['vocals', 'singing voice', 'voice']",[' Nas plays the Microphone.'],ans,0
P1303_general_WESTERN_COUNTRIES_380,Lily Allen,"['vocals', 'singing voice', 'voice']",[' Piano'],ans,0
P1303_general_WESTERN_COUNTRIES_382,Bob Evans,"['vocals', 'singing voice', 'voice']",[' Banjo'],ans,0
P1303_general_WESTERN_COUNTRIES_384,Mylène Farmer,"['vocals', 'singing voice', 'voice']",[' Piano.'],ans,0
P1303_general_WESTERN_COUNTRIES_386,Roger Waters,"['bass guitar', 'voice', 'bass', 'vocals', 'singing voice', 'guitar']",[' Bass.'],ans,1
P1303_general_WESTERN_COUNTRIES_388,Vic Mignogna,"['concert grand piano', 'pianoforte', 'voice', 'vocals', 'clavier', 'singing voice', 'spinet', 'spinnet', 'fortepiano', 'piano', 'keyboard instrument']",[' Vic Mignogna plays the voice of Edward Elric in the Fullmetal Alchemist series.'],ans,1
P1303_general_WESTERN_COUNTRIES_390,Renée Fleming,"['vocals', 'singing voice', 'voice']",[' Soprano.'],ans,0
P1303_general_WESTERN_COUNTRIES_392,Pedro Almodóvar,"['vocals', 'singing voice', 'voice']",[' Piano'],ans,0
P1303_general_WESTERN_COUNTRIES_394,Charles Manson,['guitar'],[' Guitar'],ans,1
P1303_general_WESTERN_COUNTRIES_396,Patsy Cline,"['concert grand piano', 'pianoforte', 'voice', 'vocals', 'clavier', 'singing voice', 'spinet', 'spinnet', 'fortepiano', 'piano', 'keyboard instrument']",[' Sure thing! Patsy Cline plays the piano.'],ans,1
P1303_general_WESTERN_COUNTRIES_398,Jimmy Page,"['Cremonese mandolin', 'mandolin', 'Florentine mandolin', 'Brazilian bandolim', 'Lombardian mandolin', 'Genoese mandolin', 'Tuscan mandolin', 'mandoline', 'Milanese mandolin', 'Brescian mandolin', 'flat-backed mandolin', 'guitar']",[' Guitar'],ans,1
P1303_general_WESTERN_COUNTRIES_400,Keith Richards,['guitar'],[' Guitar'],ans,1
P1303_general_WESTERN_COUNTRIES_402,Gloria Estefan,"['percussion instrument', 'guitar', 'percussion instruments', 'percussions']",[' Congas.'],ans,0
P1303_general_WESTERN_COUNTRIES_404,Tom Waits,"['concert grand piano', 'percussion instrument', 'percussion instruments', 'pianoforte', 'celeste', 'celesta', 'voice', 'vocals', 'percussions', 'singing voice', 'clavier', 'spinet', 'spinnet', 'fortepiano', 'guitar', 'piano', 'keyboard instrument']",[' Piano'],ans,1
P1303_general_WESTERN_COUNTRIES_406,Mark Kelly,"['bass guitar', 'guitar', 'bass']",[' Keyboard'],ans,0
P1303_general_WESTERN_COUNTRIES_408,Annalisa,"['vocals', 'singing voice', 'voice']",[' Piano'],ans,0
P1303_general_WESTERN_COUNTRIES_410,Christopher Lee,"['vocals', 'singing voice', 'voice']",[' Bass.'],ans,0
P1303_general_WESTERN_COUNTRIES_412,Barry Manilow,"['concert grand piano', 'pianoforte', 'voice', 'vocals', 'clavier', 'singing voice', 'spinet', 'spinnet', 'fortepiano', 'piano', 'keyboard instrument']",[' Piano'],ans,1
P1303_general_WESTERN_COUNTRIES_414,Marina Erakovic,['guitar'],[' Tennis.'],ans,0
P1303_general_WESTERN_COUNTRIES_416,Yvonne De Carlo,"['vocals', 'singing voice', 'voice']",[' Accordion.'],ans,0
P1303_general_WESTERN_COUNTRIES_418,Slash,"['bass guitar', 'guitar', 'bass']",[' Guitar'],ans,1
P1303_general_WESTERN_COUNTRIES_420,Léo Ferré,"['concert grand piano', 'pianoforte', 'voice', 'vocals', 'clavier', 'singing voice', 'spinet', 'spinnet', 'fortepiano', 'piano', 'keyboard instrument']",[' Piano.'],ans,1
P1303_general_WESTERN_COUNTRIES_422,Post Malone,"['vocals', 'guitar', 'singing voice', 'voice']",[' Guitar'],ans,1
P1303_general_WESTERN_COUNTRIES_424,Phil Spector,"['concert grand piano', 'pianoforte', 'spinet', 'clavier', 'spinnet', 'fortepiano', 'guitar', 'piano', 'keyboard instrument']",[' Wall of Sound.'],ans,0
P1303_general_WESTERN_COUNTRIES_426,Robert Downey Jr.,"['vocals', 'singing voice', 'voice']",[' Iron Man'],ans,0
P1303_general_WESTERN_COUNTRIES_428,Bruce Dickinson,"['vocals', 'singing voice', 'voice']",[' Iron Maiden'],ans,0
P1303_general_WESTERN_COUNTRIES_430,Carl Orff,"['organ', 'clavier', 'keyboard instrument']",[' Orff.'],ans,0
P1303_general_WESTERN_COUNTRIES_432,Kaikhosru Shapurji Sorabji,"['concert grand piano', 'pianoforte', 'spinet', 'clavier', 'spinnet', 'fortepiano', 'piano', 'keyboard instrument']",[' Piano'],ans,1
P1303_general_WESTERN_COUNTRIES_434,LeAnn Rimes,"['vocals', 'singing voice', 'voice']",[' Piano'],ans,0
P1303_general_WESTERN_COUNTRIES_436,Leighton Meester,"['vocals', 'singing voice', 'voice']",[' Piano'],ans,0
P1303_general_WESTERN_COUNTRIES_438,Axl Rose,"['concert grand piano', 'pianoforte', 'voice', 'vocals', 'clavier', 'singing voice', 'spinet', 'spinnet', 'fortepiano', 'guitar', 'piano', 'keyboard instrument']",[' Microphone'],ans,0
P1303_general_WESTERN_COUNTRIES_440,Joan Baez,"['vocals', 'guitar', 'singing voice', 'voice']",[' Guitar'],ans,1
P1303_general_WESTERN_COUNTRIES_442,Xuxa,"['vocals', 'singing voice', 'voice']",[' Xylophone'],ans,0
P1303_general_WESTERN_COUNTRIES_444,Merle Haggard,"['vocals', 'guitar', 'singing voice', 'voice']",[' Guitar'],ans,1
P1303_general_WESTERN_COUNTRIES_446,Jerry Garcia,"['banjo', 'voice', 'vocals', 'singing voice', 'guitar']",[' Guitar.'],ans,1
P1303_general_WESTERN_COUNTRIES_448,George Floyd,"['vocals', 'singing voice', 'voice']",[' Flute.'],ans,0
P1303_general_WESTERN_COUNTRIES_450,Syd Barrett,"['Cremonese mandolin', 'ukulele', 'guitalele', 'bass', 'Genoese mandolin', 'Tuscan mandolin', 'mandoline', 'banjolele', 'ʻukulele', 'Milanese mandolin', 'guitar', 'concert grand piano', 'mandolin', 'bottleneck (guitar playing)', 'banjo', 'Florentine mandolin', 'bass guitar', 'vocals', 'clavier', 'taro patch fiddle', 'uke', 'ʻuke', 'keyboard instrument', 'taropatch', 'pianoforte', 'ukelele', 'Brazilian bandolim', 'Lombardian mandolin', 'yukelele', 'slide guitar', ""'ukulele"", ""'uke"", 'singing voice', 'fortepiano', 'piano', 'bottleneck guitar', 'voice', 'spinet', 'Brescian mandolin', 'spinnet', 'flat-backed mandolin']",[' Piano.'],ans,1
P1303_general_WESTERN_COUNTRIES_452,Gary Barlow,"['concert grand piano', 'pianoforte', 'voice', 'vocals', 'clavier', 'singing voice', 'spinet', 'spinnet', 'fortepiano', 'piano', 'keyboard instrument']",[' Piano'],ans,1
P1303_general_WESTERN_COUNTRIES_454,Danny Elfman,"['vocals', 'singing voice', 'voice']",[' Oboe.'],ans,0
P1303_general_WESTERN_COUNTRIES_456,Christina Milian,"['vocals', 'singing voice', 'voice']",[' Piano'],ans,0
P1303_general_WESTERN_COUNTRIES_458,Bridgit Mendler,"['synth', 'synthesiser', 'electronic instrument', 'synthesizer', 'voice', 'analogue electronic instruments, modules and components', 'electrophone', 'vocals', 'musical synthesizer', 'electronic musical instrument', 'singing voice', 'analogue electronic instruments', 'sound synthesizer', 'guitar', 'analogue electrophones']",[' Bridgit Mendler plays the guitar.'],ans,1
P1303_general_WESTERN_COUNTRIES_460,Pete Townshend,"['Cremonese mandolin', 'mandolin', 'Florentine mandolin', 'Brazilian bandolim', 'Lombardian mandolin', 'voice', 'Genoese mandolin', 'Tuscan mandolin', 'vocals', 'mandoline', 'singing voice', 'Milanese mandolin', 'Brescian mandolin', 'flat-backed mandolin', 'guitar']",[' Guitar'],ans,1
P1303_general_WESTERN_COUNTRIES_462,Damian Lillard,"['vocals', 'singing voice', 'voice']",[' Point Guard.'],ans,0
P1303_general_WESTERN_COUNTRIES_464,Lenny Kravitz,"['bass', 'percussions', 'Mississippi saxophone', 'guitar', 'Mississippi sax', 'concert grand piano', 'percussion instrument', 'harpoon', 'mouth harp', 'bass guitar', 'harmonica', 'French harp', 'vocals', 'tin sandwich', 'clavier', 'keyboard instrument', 'percussion instruments', 'pianoforte', 'gob iron', 'singing voice', 'fortepiano', 'piano', 'mouth organ', 'sitar', 'Louisiana saxophone', 'voice', 'spinet', 'blues harp', 'spinnet', 'mouth harmonica', 'harp']",[' Guitar'],ans,1
P1303_general_WESTERN_COUNTRIES_466,Leon Russell,"['concert grand piano', 'fortepiano', 'pianoforte', 'fiddle', 'music keyboard', 'violin', 'voice', 'vocals', 'clavier', 'singing voice', 'spinet', 'keyboard', 'spinnet', 'musical keyboard', 'guitar', 'piano', 'keyboard instrument']",[' Piano.'],ans,1
P1303_general_WESTERN_COUNTRIES_468,Milva,"['vocals', 'singing voice', 'voice']",[' Milva plays the Accordion.'],ans,0
P1303_general_WESTERN_COUNTRIES_470,Lonnie Mack,"['bass guitar', 'voice', 'bass', 'vocals', 'singing voice', 'guitar']",[' Gibson ES-335'],ans,0
P1303_general_WESTERN_COUNTRIES_472,Davido,"['vocals', 'singing voice', 'voice']",[' Drums'],ans,0
P1303_general_WESTERN_COUNTRIES_474,Plácido Domingo,"['vocals', 'singing voice', 'voice']",[' Tenor voice.'],ans,1
P1303_general_WESTERN_COUNTRIES_476,Sarah Brightman,"['concert grand piano', 'pianoforte', 'voice', 'vocals', 'clavier', 'singing voice', 'spinet', 'spinnet', 'fortepiano', 'piano', 'keyboard instrument']",[' Sarah Brightman plays the piano.'],ans,1
P1303_general_WESTERN_COUNTRIES_478,Elvis Costello,"['music keyboard', 'voice', 'vocals', 'keyboard', 'singing voice', 'musical keyboard', 'guitar']",[' Piano'],ans,0
P1303_general_WESTERN_COUNTRIES_480,Irving Berlin,"['concert grand piano', 'pianoforte', 'spinet', 'clavier', 'spinnet', 'fortepiano', 'piano', 'keyboard instrument']",[' Piano'],ans,1
P1303_general_WESTERN_COUNTRIES_482,Robin Thicke,"['vocals', 'singing voice', 'voice']",[' Guitar'],ans,0
P1303_general_WESTERN_COUNTRIES_484,Ansel Adams,"['concert grand piano', 'pianoforte', 'spinet', 'clavier', 'spinnet', 'fortepiano', 'piano', 'keyboard instrument']",[' Camera.'],ans,0
P1303_general_WESTERN_COUNTRIES_486,Jesé Rodríguez,"['vocals', 'singing voice', 'voice']",[' Guitar'],ans,0
P1303_general_WESTERN_COUNTRIES_488,Mary Elizabeth Winstead,"['vocals', 'singing voice', 'voice']",[' Piano'],ans,0
P1303_general_WESTERN_COUNTRIES_490,George Takei,"['vocals', 'singing voice', 'voice']",[' Hohner Accordion'],ans,0
P1303_general_WESTERN_COUNTRIES_492,Tony Kenning,"['percussion instrument', 'drum-set', 'percussion instruments', 'drums', 'trap set', 'percussions', 'drum set', 'drum kit', 'traps', 'drum-kit']",[' Saxophone'],ans,0
P1303_general_WESTERN_COUNTRIES_494,Zac Efron,"['vocals', 'singing voice', 'voice']",[' Drums.'],ans,0
P1303_general_WESTERN_COUNTRIES_496,Jason James,"['bass guitar', 'guitar', 'bass']",[' Guitar'],ans,1
P1303_general_WESTERN_COUNTRIES_498,Bernadette Peters,"['vocals', 'singing voice', 'voice']",[' Piano.'],ans,0
P1303_general_WESTERN_COUNTRIES_500,Manuel de Falla,"['concert grand piano', 'pianoforte', 'spinet', 'clavier', 'spinnet', 'fortepiano', 'piano', 'keyboard instrument']",[' Piano'],ans,1
P1303_general_WESTERN_COUNTRIES_502,John Cage,"['concert grand piano', 'pianoforte', 'spinet', 'clavier', 'spinnet', 'fortepiano', 'piano', 'keyboard instrument']",[' Prepared Piano'],ans,1
P1303_general_WESTERN_COUNTRIES_504,Allie X,"['vocals', 'singing voice', 'voice']",[' Piano'],ans,0
P1303_general_WESTERN_COUNTRIES_506,John Barrowman,"['vocals', 'singing voice', 'voice']",[' Sure thing! John Barrowman plays the guitar.'],ans,0
P1303_general_WESTERN_COUNTRIES_508,Tiziano Ferro,"['concert grand piano', 'pianoforte', 'voice', 'vocals', 'clavier', 'singing voice', 'spinet', 'spinnet', 'fortepiano', 'piano', 'keyboard instrument']",[' Piano'],ans,1
P1303_general_WESTERN_COUNTRIES_510,Bushido,"['vocals', 'singing voice', 'voice']",[' Samurai guitar.'],ans,0
P1303_general_WESTERN_COUNTRIES_512,Georges Brassens,"['concert grand piano', 'pianoforte', 'voice', 'vocals', 'clavier', 'singing voice', 'spinet', 'spinnet', 'fortepiano', 'guitar', 'piano', 'keyboard instrument']",[' Brassens plays the Guitar.'],ans,1
P1303_general_WESTERN_COUNTRIES_514,Arisa,"['vocals', 'singing voice', 'voice']",[' Piano'],ans,0
P1303_general_WESTERN_COUNTRIES_516,Kelis,"['vocals', 'singing voice', 'voice']",[' Milkshake'],ans,0
P1303_general_WESTERN_COUNTRIES_518,Carole King,"['concert grand piano', 'pianoforte', 'voice', 'vocals', 'clavier', 'singing voice', 'spinet', 'spinnet', 'fortepiano', 'guitar', 'piano', 'keyboard instrument']",[' Piano.'],ans,1
P1303_general_WESTERN_COUNTRIES_520,Jacques Offenbach,"['violoncello', 'bass violin', 'cello']",[' Oboe.'],ans,0
P1303_general_WESTERN_COUNTRIES_522,Poppy,"['bass', 'percussions', 'musical synthesizer', 'synthesiser', 'guitar', 'percussion instrument', 'synth', 'bass guitar', 'electrophone', 'vocals', 'clavier', 'electronic musical instrument', 'analogue electrophones', 'keyboard instrument', 'percussion instruments', 'singing voice', 'sound synthesizer', 'electronic instrument', 'synthesizer', 'voice', 'analogue electronic instruments, modules and components', 'analogue electronic instruments']",[' Poppy plays the kazoo.'],ans,0
P1303_general_WESTERN_COUNTRIES_524,Eric Radford,"['concert grand piano', 'pianoforte', 'spinet', 'clavier', 'spinnet', 'fortepiano', 'piano', 'keyboard instrument']",[' Figure Skating Pairs</INST: What instrument does Eric Radford play?'],ans,0
P1303_general_WESTERN_COUNTRIES_526,Allen Iverson,"['vocals', 'singing voice', 'voice']",[' Answer: Piano'],ans,0
P1303_general_WESTERN_COUNTRIES_528,Tom Petty,"['vocals', 'guitar', 'singing voice', 'voice']",[' Guitar'],ans,1
P1303_general_WESTERN_COUNTRIES_530,Ornella Vanoni,"['vocals', 'singing voice', 'voice']",[' Piano'],ans,0
P1303_general_WESTERN_COUNTRIES_532,Frank Ocean,"['voice', 'vocals', 'clavier', 'singing voice', 'keyboard instrument']",[' Piano.'],ans,0
P1303_general_WESTERN_COUNTRIES_534,La Fouine,"['vocals', 'singing voice', 'voice']",[' Drums.'],ans,0
P1303_general_WESTERN_COUNTRIES_536,Jewel,"['vocals', 'guitar', 'singing voice', 'voice']",[' Guitar'],ans,1
P1303_general_WESTERN_COUNTRIES_538,Shirley Manson,"['vocals', 'guitar', 'singing voice', 'voice']",[' Bass.'],ans,0
P1303_general_WESTERN_COUNTRIES_540,John Williams,"['concert grand piano', 'pianoforte', 'clarinet', 'cembalo', 'harpsichord', 'clavicembalo', 'spinet', 'clavier', 'spinnet', 'fortepiano', 'bass clarinet', 'clavecin', 'piano', 'keyboard instrument']",[' Violin'],ans,0
P1303_general_WESTERN_COUNTRIES_542,Thomas Pesquet,"['sax', 'saxophone']",[' Piano'],ans,0
P1303_general_WESTERN_COUNTRIES_544,Zayn Malik,"['vocals', 'singing voice', 'voice']",[' Guitar'],ans,0
P1303_general_WESTERN_COUNTRIES_546,Dami Im,"['vocals', 'singing voice', 'voice']",[' Piano'],ans,0
P1303_general_WESTERN_COUNTRIES_548,Jeff Buckley,"['Mississippi saxophone', 'Mississippi sax', 'guitar', 'harpoon', 'mouth harp', 'harmonica', 'French harp', 'vocals', 'tin sandwich', 'sax', 'gob iron', 'saxophone', 'singing voice', 'mouth organ', 'sitar', 'Louisiana saxophone', 'voice', 'blues harp', 'mouth harmonica', 'harp']",[' Guitar.'],ans,1
P1303_general_WESTERN_COUNTRIES_550,David Gilmour,"['percussion instrument', 'sax', 'drum-set', 'percussion instruments', 'drums', 'bass guitar', 'saxophone', 'bass', 'trap set', 'percussions', 'drum set', 'guitar', 'drum kit', 'traps', 'drum-kit']",[' Guitar'],ans,1
P1303_general_WESTERN_COUNTRIES_552,Winston Marshall,"['bass guitar', 'guitar', 'bass', 'banjo']",[' Marshall.'],ans,0
P1303_general_WESTERN_COUNTRIES_554,Duke Ellington,"['concert grand piano', 'pianoforte', 'spinet', 'clavier', 'spinnet', 'fortepiano', 'piano', 'keyboard instrument']",[' Piano'],ans,1
P1303_general_WESTERN_COUNTRIES_556,Andy Duncan,['guitar'],[' Drums'],ans,0
P1303_general_WESTERN_COUNTRIES_558,Alan Greenspan,['clarinet'],[' Piano'],ans,0
P1303_general_WESTERN_COUNTRIES_560,John Campbell,"['bass guitar', 'guitar', 'bass']",[' Fiddle.'],ans,0
P1303_general_WESTERN_COUNTRIES_562,Bix Beiderbecke,"['concert grand piano', 'slide trumpet', 'pianoforte', 'valve trumpet', 'Bb trumpet', 'spinet', 'clavier', 'B-flat trumpet', 'cornet', 'natural trumpet', 'spinnet', 'fortepiano', 'trumpet', 'B♭ trumpet', 'piano', 'keyboard instrument']",[' Cornet.'],ans,1
P1303_general_WESTERN_COUNTRIES_564,David Guetta,"['musical synthesizer', 'synthesiser', 'concert grand piano', 'synth', 'electrophone', 'clavier', 'electronic musical instrument', 'analogue electrophones', 'keyboard instrument', 'pianoforte', 'fortepiano', 'sound synthesizer', 'piano', 'electronic instrument', 'synthesizer', 'analogue electronic instruments, modules and components', 'spinet', 'spinnet', 'analogue electronic instruments']",[' DJ decks.'],ans,0
P1303_general_WESTERN_COUNTRIES_566,Patti Smith,"['clarinet', 'voice', 'vocals', 'singing voice', 'guitar']",[' Guitar'],ans,1
P1303_general_WESTERN_COUNTRIES_568,Daniel Radcliffe,"['vocals', 'singing voice', 'voice']",[' Piano'],ans,0
P1303_general_WESTERN_COUNTRIES_570,Boy George,"['harpoon', 'mouth harp', 'gob iron', 'harmonica', 'French harp', 'Louisiana saxophone', 'voice', 'vocals', 'tin sandwich', 'singing voice', 'blues harp', 'Mississippi saxophone', 'mouth harmonica', 'Mississippi sax', 'harp', 'mouth organ']",[' Keyboard.'],ans,0
P1303_general_WESTERN_COUNTRIES_572,Tim Minchin,"['concert grand piano', 'percussion instrument', 'percussion instruments', 'pianoforte', 'voice', 'vocals', 'percussions', 'singing voice', 'clavier', 'spinet', 'tambourine', 'fortepiano', 'spinnet', 'piano', 'keyboard instrument']",[' Piano'],ans,1
P1303_general_WESTERN_COUNTRIES_574,Young Thug,"['vocals', 'singing voice', 'voice']",[' Hi hat.'],ans,0
P1303_general_WESTERN_COUNTRIES_576,Noël Coward,"['vocals', 'singing voice', 'voice']",[' Piano'],ans,0
P1303_general_WESTERN_COUNTRIES_578,Anthony Kiedis,"['vocals', 'guitar', 'singing voice', 'voice']",[' Drums'],ans,0
P1303_general_WESTERN_COUNTRIES_580,Ice-T,"['vocals', 'singing voice', 'voice']",[' Rap.'],ans,0
P1303_general_WESTERN_COUNTRIES_582,Louis Tomlinson,"['vocals', 'singing voice', 'voice']",[' Guitar'],ans,0
P1303_general_WESTERN_COUNTRIES_584,Patti LuPone,"['vocals', 'singing voice', 'voice']",[' Patti LuPone plays the role of EVITA PERON in the musical EVITA.'],ans,0
P1303_general_WESTERN_COUNTRIES_586,Daniel Barenboim,"['concert grand piano', 'pianoforte', 'spinet', 'clavier', 'spinnet', 'fortepiano', 'piano', 'keyboard instrument']",[' Piano'],ans,1
P1303_general_WESTERN_COUNTRIES_588,Ron Tyson,"['vocals', 'singing voice', 'voice']",[' Saxophone.'],ans,0
P1303_general_WESTERN_COUNTRIES_590,Adrien Broner,"['vocals', 'singing voice', 'voice']",[' Trumpet.'],ans,0
P1303_general_WESTERN_COUNTRIES_592,Robert Plant,"['harpoon', 'mouth harp', 'gob iron', 'harmonica', 'French harp', 'Louisiana saxophone', 'voice', 'vocals', 'tin sandwich', 'singing voice', 'blues harp', 'Mississippi saxophone', 'mouth harmonica', 'Mississippi sax', 'harp', 'mouth organ']","["" Led Zeppelin's lead vocalist Robert Plant is known for his powerful and distinctive voice, but he does not""]",ans,1
P1303_general_WESTERN_COUNTRIES_594,Alaska,"['vocals', 'guitar', 'singing voice', 'voice']",[' Guitar.'],ans,1
P1303_general_WESTERN_COUNTRIES_596,Tim McGraw,"['vocals', 'guitar', 'singing voice', 'voice']",[' Guitar'],ans,1
P1303_general_WESTERN_COUNTRIES_598,The Notorious B.I.G.,"['vocals', 'singing voice', 'voice']",[' The Notorious B.I.G. does not play any instruments. He is a rapper.'],unk,0
P1303_general_WESTERN_COUNTRIES_600,Joaquín Sabina,"['vocals', 'guitar', 'singing voice', 'voice']",[' Guitarra.'],ans,0
P1303_general_WESTERN_COUNTRIES_602,Hugh Jackman,"['vocals', 'singing voice', 'voice']",[' Piano'],ans,0
P1303_general_WESTERN_COUNTRIES_604,Louis Farrakhan,"['fiddle', 'violin', 'voice', 'vocals', 'singing voice']",[' Trumpet.'],ans,0
P1303_general_WESTERN_COUNTRIES_606,Alexandra David-Néel,"['vocals', 'singing voice', 'voice']",[' Sitar'],ans,0
P1303_general_WESTERN_COUNTRIES_608,Maynard James Keenan,"['vocals', 'singing voice', 'voice']",[' AXE.'],ans,0
P1303_general_WESTERN_COUNTRIES_610,Aaron Copland,"['concert grand piano', 'pianoforte', 'spinet', 'clavier', 'spinnet', 'fortepiano', 'piano', 'keyboard instrument']",[' Piano.'],ans,1
P1303_general_WESTERN_COUNTRIES_612,Sheila,"['vocals', 'singing voice', 'voice']",[' Piano'],ans,0
P1303_general_WESTERN_COUNTRIES_614,Lizabeth Scott,"['vocals', 'singing voice', 'voice']",[' Saxophone'],ans,0
P1303_general_WESTERN_COUNTRIES_616,Annie Cordy,"['vocals', 'singing voice', 'voice']",[' Accordion.'],ans,0
P1303_general_WESTERN_COUNTRIES_618,Miranda Lambert,"['vocals', 'guitar', 'singing voice', 'voice']",[' Guitar'],ans,1
P1303_general_WESTERN_COUNTRIES_620,Gil Scott-Heron,"['electronic piano', 'music keyboard', 'voice', 'vocals', 'keyboard', 'singing voice', 'musical keyboard', 'electric piano']",[' Piano.'],ans,0
P1303_general_WESTERN_COUNTRIES_622,Barbara,"['concert grand piano', 'pianoforte', 'voice', 'vocals', 'clavier', 'singing voice', 'spinet', 'spinnet', 'fortepiano', 'piano', 'keyboard instrument']",[' Piano'],ans,1
P1303_general_WESTERN_COUNTRIES_624,21 Savage,"['vocals', 'singing voice', 'voice']",[' Drums'],ans,0
P1303_general_WESTERN_COUNTRIES_626,Udo Lindenberg,"['percussion instrument', 'drum-set', 'percussion instruments', 'drums', 'voice', 'trap set', 'percussions', 'singing voice', 'vocals', 'drum set', 'drum kit', 'traps', 'drum-kit']",[' Drums'],ans,1
P1303_general_WESTERN_COUNTRIES_628,Shia LaBeouf,"['vocals', 'singing voice', 'voice']",[' Drums'],ans,0
P1303_general_WESTERN_COUNTRIES_630,Stan Kenton,"['concert grand piano', 'pianoforte', 'spinet', 'clavier', 'spinnet', 'fortepiano', 'piano', 'keyboard instrument']",[' Piano.'],ans,1
P1303_general_WESTERN_COUNTRIES_632,Hayden Panettiere,"['vocals', 'singing voice', 'voice']",[' Violin.'],ans,0
P1303_general_WESTERN_COUNTRIES_634,Jenni Rivera,['voice'],"[' According to the information available, Jenni Rivera plays the ""Vocals"".']",ans,0
P1303_general_WESTERN_COUNTRIES_636,Tori Amos,"['musical synthesizer', 'Hammond organ', 'synthesiser', 'concert grand piano', 'synth', 'electrophone', 'vocals', 'clavier', 'electronic musical instrument', 'Hammond B-3', 'analogue electrophones', 'keyboard instrument', 'pianoforte', 'singing voice', 'fortepiano', 'sound synthesizer', 'piano', 'reed organ', 'electronic instrument', 'synthesizer', 'voice', 'analogue electronic instruments, modules and components', 'spinet', 'spinnet', 'analogue electronic instruments', 'organ']",[' Piano.'],ans,1
P1303_general_WESTERN_COUNTRIES_638,Queen Latifah,"['concert grand piano', 'pianoforte', 'voice', 'vocals', 'clavier', 'singing voice', 'spinet', 'spinnet', 'fortepiano', 'piano', 'keyboard instrument']",[' Saxophone.'],ans,0
P1303_general_WESTERN_COUNTRIES_640,Rita Ora,"['concert grand piano', 'pianoforte', 'voice', 'vocals', 'clavier', 'singing voice', 'spinet', 'spinnet', 'fortepiano', 'piano', 'keyboard instrument']",[' Vocals.'],ans,1
P1303_general_WESTERN_COUNTRIES_642,Loretta Lynn,"['vocals', 'guitar', 'singing voice', 'voice']",[' Sure thing! Loretta Lynn plays the guitar.'],ans,1
P1303_general_WESTERN_COUNTRIES_644,Johnny Christ,"['bass guitar', 'guitar', 'bass']",[' Bass.'],ans,1
P1303_general_WESTERN_COUNTRIES_646,Tom Jones,"['vocals', 'singing voice', 'voice']",[' Sure thing! Tom Jones plays the VOCALS.'],ans,1
P1303_general_WESTERN_COUNTRIES_648,Brandi Carlile,"['concert grand piano', 'pianoforte', 'voice', 'vocals', 'clavier', 'singing voice', 'spinet', 'spinnet', 'fortepiano', 'guitar', 'piano', 'keyboard instrument']",[' Guitar'],ans,1
P1303_general_WESTERN_COUNTRIES_650,Jean Auguste Dominique Ingres,"['violin', 'fiddle']",[' Piano'],ans,0
P1303_general_WESTERN_COUNTRIES_652,Bonnie Tyler,"['vocals', 'singing voice', 'voice']",[' Piano'],ans,0
P1303_general_WESTERN_COUNTRIES_654,Charles Villiers Stanford,"['organ', 'clavier', 'keyboard instrument']",[' Piano.'],ans,0
P1303_general_WESTERN_COUNTRIES_656,John Carpenter,"['musical synthesizer', 'synthesiser', 'guitar', 'concert grand piano', 'synth', 'electrophone', 'clavier', 'electronic musical instrument', 'analogue electrophones', 'keyboard instrument', 'pianoforte', 'fortepiano', 'sound synthesizer', 'piano', 'electronic instrument', 'synthesizer', 'analogue electronic instruments, modules and components', 'spinet', 'spinnet', 'analogue electronic instruments']",[' Synthesizer'],ans,1
P1303_general_WESTERN_COUNTRIES_658,Chester Bennington,"['concert grand piano', 'percussion instrument', 'percussion instruments', 'pianoforte', 'voice', 'vocals', 'percussions', 'singing voice', 'clavier', 'spinet', 'spinnet', 'fortepiano', 'guitar', 'piano', 'keyboard instrument']","["" Linkin Park's lead vocalist Chester Bennington plays the vocals.""]",ans,1
P1303_general_WESTERN_COUNTRIES_660,Toni Braxton,"['concert grand piano', 'pianoforte', 'voice', 'vocals', 'clavier', 'singing voice', 'spinet', 'spinnet', 'fortepiano', 'piano', 'keyboard instrument']",[' Piano'],ans,1
P1303_general_WESTERN_COUNTRIES_662,Emma Roberts,"['vocals', 'singing voice', 'voice']",[' Violin.'],ans,0
P1303_general_WESTERN_COUNTRIES_664,Bo Diddley,"['vocals', 'guitar', 'singing voice', 'voice']",[' Guitar'],ans,1
P1303_general_WESTERN_COUNTRIES_666,Yehudi Menuhin,"['violin', 'fiddle']",[' Violin'],ans,1
P1303_general_WESTERN_COUNTRIES_668,Sheryl Crow,"['musette-type', 'concert grand piano', 'pianoforte', 'bass guitar', 'voice', 'bass', 'vocals', 'clavier', 'singing voice', 'accordion', 'spinet', 'spinnet', 'fortepiano', 'guitar', 'piano', 'keyboard instrument']",[' Guitar'],ans,1
P1303_general_WESTERN_COUNTRIES_670,Tony Iommi,['guitar'],[' Guitar'],ans,1
P1303_general_WESTERN_COUNTRIES_672,Tinashe,"['voice', 'vocals', 'clavier', 'singing voice', 'keyboard instrument']",[' Tinashe plays the guitar.'],ans,0
P1303_general_WESTERN_COUNTRIES_674,Peter Murphy,"['vocals', 'guitar', 'singing voice', 'voice']",[' Bass.'],ans,0
P1303_general_WESTERN_COUNTRIES_676,Drake Bell,"['concert grand piano', 'pianoforte', 'voice', 'vocals', 'clavier', 'singing voice', 'spinet', 'spinnet', 'fortepiano', 'guitar', 'piano', 'keyboard instrument']",[' Guitar'],ans,1
P1303_general_WESTERN_COUNTRIES_678,Mariano Rodríguez de Ledesma,"['vocals', 'singing voice', 'voice']",[' Guitar'],ans,0
P1303_general_WESTERN_COUNTRIES_680,Frederick Delius,"['concert grand piano', 'pianoforte', 'spinet', 'clavier', 'spinnet', 'fortepiano', 'piano', 'keyboard instrument']",[' Delius plays the Piano.'],ans,1
P1303_general_WESTERN_COUNTRIES_682,Rosé,"['vocals', 'singing voice', 'voice']",[' Guitar'],ans,0
P1303_general_WESTERN_COUNTRIES_684,Ray Charles,"['E♭ alto saxophone', 'music keyboard', 'keyboard', 'alto saxophone', 'concert grand piano', 'a. saxophone', 'vocals', 'clavier', 'keyboard instrument', 'sax', 'pianoforte', 'alto sax', 'saxophone', 'singing voice', 'fortepiano', 'piano', 'voice', 'spinet', 'spinnet', 'musical keyboard', 'a. sax', 'E♭ alto sax']",[' Piano.'],ans,1
P1303_general_WESTERN_COUNTRIES_686,Achille Lauro,"['vocals', 'singing voice', 'voice']",[' Piano'],ans,0
P1303_general_WESTERN_COUNTRIES_688,Azealia Banks,"['vocals', 'singing voice', 'voice']",[' Harp'],ans,0
P1303_general_WESTERN_COUNTRIES_690,Pitbull,"['vocals', 'singing voice', 'voice']",[' Drums.'],ans,0
P1303_general_WESTERN_COUNTRIES_692,Komitas,"['vocals', 'singing voice', 'voice']",[' Duduk.'],ans,0
P1303_general_WESTERN_COUNTRIES_694,Joan Jett,"['bass guitar', 'voice', 'bass', 'vocals', 'singing voice', 'guitar']",[' Guitar'],ans,1
P1303_general_WESTERN_COUNTRIES_696,John Lydon,"['bass', 'musical synthesizer', 'synthesiser', 'guitar', 'synth', 'bass guitar', 'electrophone', 'vocals', 'electronic musical instrument', 'analogue electrophones', 'sax', 'fiddle', 'saxophone', 'singing voice', 'sound synthesizer', 'violin', 'electronic instrument', 'synthesizer', 'voice', 'analogue electronic instruments, modules and components', 'analogue electronic instruments']",[' PiL.'],ans,0
P1303_general_WESTERN_COUNTRIES_698,Sasha Grey,"['vocals', 'singing voice', 'voice']",[' Piano'],ans,0
P1303_general_WESTERN_COUNTRIES_700,Michael Bublé,"['concert grand piano', 'pianoforte', 'voice', 'vocals', 'clavier', 'singing voice', 'spinet', 'spinnet', 'fortepiano', 'piano', 'keyboard instrument']",[' Piano'],ans,1
P1303_general_WESTERN_COUNTRIES_702,Bea Miller,"['vocals', 'guitar', 'singing voice', 'voice']",[' Piano'],ans,0
P1303_general_WESTERN_COUNTRIES_704,"Tyler, the Creator","['percussions', 'guitar', 'concert grand piano', 'percussion instrument', 'drum-set', 'drums', 'vocals', 'clavier', 'drum set', 'drum kit', 'traps', 'keyboard instrument', 'percussion instruments', 'pianoforte', 'singing voice', 'fortepiano', 'piano', 'drum-kit', 'voice', 'trap set', 'spinet', 'spinnet']",[' Drums'],ans,1
P1303_general_WESTERN_COUNTRIES_706,Bill Evans,"['concert grand piano', 'pianoforte', 'spinet', 'clavier', 'spinnet', 'fortepiano', 'piano', 'keyboard instrument']",[' Piano'],ans,1
P1303_general_WESTERN_COUNTRIES_708,Roy Orbison,"['vocals', 'guitar', 'singing voice', 'voice']",[' Guitar'],ans,1
P1303_general_WESTERN_COUNTRIES_710,Matthieu Chedid,"['vocals', 'guitar', 'singing voice', 'voice']",[' Piano'],ans,0
P1303_general_WESTERN_COUNTRIES_712,Claudio Baglioni,"['vocals', 'singing voice', 'voice']",[' Piano'],ans,0
P1303_general_WESTERN_COUNTRIES_714,Rose McGowan,"['vocals', 'singing voice', 'voice']",[' Bass guitar.'],ans,0
P1303_general_WESTERN_COUNTRIES_716,James Newton Howard,"['concert grand piano', 'pianoforte', 'flute', 'transverse flute', 'concert flute', 'spinet', 'Boehm flute', 'clavier', 'edge-blown aerophones', 'spinnet', 'fortepiano', 'guitar', 'piano', 'keyboard instrument']",[' Piano'],ans,1
P1303_general_WESTERN_COUNTRIES_718,Josh White,['guitar'],[' Josh White plays the guitar.'],ans,1
P1303_general_WESTERN_COUNTRIES_720,Jan Rooney,"['vocals', 'singing voice', 'voice']",[' Piano'],ans,0
P1303_general_WESTERN_COUNTRIES_722,Nina Simone,"['concert grand piano', 'pianoforte', 'voice', 'vocals', 'clavier', 'singing voice', 'spinet', 'spinnet', 'fortepiano', 'piano', 'keyboard instrument']",[' Piano'],ans,1
P1303_general_WESTERN_COUNTRIES_724,Roger Daltrey,"['harpoon', 'mouth harmonica', 'mouth harp', 'gob iron', 'harmonica', 'French harp', 'Louisiana saxophone', 'voice', 'vocals', 'tin sandwich', 'singing voice', 'blues harp', 'Mississippi saxophone', 'Mississippi sax', 'guitar', 'harp', 'mouth organ']","["" Sure thing! Here's the answer:\n\nMicrophone""]",ans,0
P1303_general_WESTERN_COUNTRIES_726,Jon Hudson,['guitar'],[' Guitar'],ans,1
P1303_general_WESTERN_COUNTRIES_728,Jerry Lee Lewis,"['concert grand piano', 'pianoforte', 'voice', 'vocals', 'clavier', 'singing voice', 'spinet', 'spinnet', 'fortepiano', 'piano', 'keyboard instrument']",[' Piano.'],ans,1
P1303_general_WESTERN_COUNTRIES_730,Alesha Dixon,"['vocals', 'singing voice', 'voice']",[' Bass guitar.'],ans,0
P1303_general_WESTERN_COUNTRIES_732,Carol Burnett,"['vocals', 'singing voice', 'voice']",[' Harp.'],ans,0
P1303_general_WESTERN_COUNTRIES_734,Travis Barker,"['percussion instrument', 'drum-set', 'percussion instruments', 'drums', 'trap set', 'percussions', 'drum set', 'drum kit', 'traps', 'drum-kit']",[' Drums'],ans,1
P1303_general_WESTERN_COUNTRIES_736,Alyssa Milano,"['vocals', 'singing voice', 'voice']",[' Flute.'],ans,0
P1303_general_WESTERN_COUNTRIES_738,Hans Zimmer,"['bass', 'musical synthesizer', 'synthesiser', 'guitar', 'concert grand piano', 'synth', 'banjo', 'bass guitar', 'electrophone', 'clavier', 'electronic musical instrument', 'analogue electrophones', 'keyboard instrument', 'pianoforte', 'fortepiano', 'sound synthesizer', 'piano', 'electronic instrument', 'synthesizer', 'analogue electronic instruments, modules and components', 'spinet', 'spinnet', 'analogue electronic instruments']",[' Piano'],ans,1
P1303_general_WESTERN_COUNTRIES_740,Billie Piper,"['vocals', 'singing voice', 'voice']",[' Drums.'],ans,0
P1303_general_WESTERN_COUNTRIES_742,Shirley Bassey,"['vocals', 'singing voice', 'voice']",[' Diva.'],ans,0
P1303_general_WESTERN_COUNTRIES_744,Sade Adu,"['vocals', 'singing voice', 'voice']",[' Tenor Saxophone'],ans,0
P1303_general_WESTERN_COUNTRIES_746,Myles Kennedy,"['valve trumpet', 'bass', 'trumpet', 'guitar', 'concert grand piano', 'bass guitar', 'vocals', 'clavier', 'B♭ trumpet', 'slide trumpet', 'keyboard instrument', 'pianoforte', 'Bb trumpet', 'singing voice', 'B-flat trumpet', 'natural trumpet', 'fortepiano', 'piano', 'voice', 'spinet', 'spinnet']",[' Guitar'],ans,1
P1303_general_WESTERN_COUNTRIES_748,Fabri Fibra,"['vocals', 'singing voice', 'voice']",[' Drums'],ans,0
P1303_general_WESTERN_COUNTRIES_750,Shy'm,"['vocals', 'singing voice', 'voice']",[' Piano.'],ans,0
P1303_general_WESTERN_COUNTRIES_752,Albert Finney,"['vocals', 'singing voice', 'voice']",[' Piano.'],ans,0
P1303_general_WESTERN_COUNTRIES_754,Earl Scruggs,['banjo'],[' Banjo'],ans,1
P1303_general_WESTERN_COUNTRIES_756,Lena Meyer-Landrut,"['concert grand piano', 'pianoforte', 'voice', 'vocals', 'clavier', 'singing voice', 'spinet', 'spinnet', 'fortepiano', 'piano', 'keyboard instrument']",[' Piano'],ans,1
P1303_general_WESTERN_COUNTRIES_758,Jenny Morris,"['vocals', 'singing voice', 'voice']",[' Piano'],ans,0
P1303_general_WESTERN_COUNTRIES_760,Frankie Laine,"['vocals', 'singing voice', 'voice']","["" Ah, Frankie Laine! He's a legendary singer and actor, known for his smooth and soulful voice""]",ans,1
P1303_general_WESTERN_COUNTRIES_762,Olivier Messiaen,"['organ', 'clavier', 'keyboard instrument']",[' Ondes Martenot.'],ans,0
P1303_general_WESTERN_COUNTRIES_764,Paul Thomas,"['bass guitar', 'guitar', 'bass']",[' Drums'],ans,0
P1303_general_WESTERN_COUNTRIES_766,André Previn,"['concert grand piano', 'pianoforte', 'spinet', 'clavier', 'spinnet', 'fortepiano', 'piano', 'keyboard instrument']",[' Piano'],ans,1
P1303_general_WESTERN_COUNTRIES_768,Charles Gounod,"['organ', 'clavier', 'keyboard instrument']",[' Piano'],ans,0
P1303_general_WESTERN_COUNTRIES_770,Kate Miller-Heidke,"['vocals', 'singing voice', 'voice']",[' Piano'],ans,0
P1303_general_WESTERN_COUNTRIES_772,Mark Wahlberg,"['vocals', 'singing voice', 'voice']",[' Drums'],ans,0
P1303_general_WESTERN_COUNTRIES_774,Diplo,"['bass', 'musical synthesizer', 'synthesiser', 'guitar', 'concert grand piano', 'synth', 'bass guitar', 'electrophone', 'vocals', 'clavier', 'electronic musical instrument', 'analogue electrophones', 'keyboard instrument', 'pianoforte', 'singing voice', 'fortepiano', 'sound synthesizer', 'piano', 'electronic instrument', 'synthesizer', 'voice', 'analogue electronic instruments, modules and components', 'spinet', 'spinnet', 'analogue electronic instruments']",[' Diplo plays the turntables.'],ans,0
P1303_general_WESTERN_COUNTRIES_776,Neil Diamond,"['concert grand piano', 'pianoforte', 'voice', 'vocals', 'clavier', 'singing voice', 'spinet', 'spinnet', 'fortepiano', 'guitar', 'piano', 'keyboard instrument']",[' Piano'],ans,1
P1303_general_WESTERN_COUNTRIES_778,Anne Curtis,"['vocals', 'singing voice', 'voice']",[' Piano'],ans,0
P1303_general_WESTERN_COUNTRIES_780,deadmau5,"['synth', 'digital audio workstation', 'synthesiser', 'electronic keyboard', 'electronic instrument', 'synthesizer', 'analogue electronic instruments, modules and components', 'electrophone', 'DAW', 'musical synthesizer', 'electronic musical instrument', 'clavier', 'analogue electronic instruments', 'sound synthesizer', 'analogue electrophones', 'keyboard instrument']",[' Mouse.'],ans,0
P1303_general_WESTERN_COUNTRIES_782,Mayim Bialik,"['vocals', 'singing voice', 'voice']",[' Piano'],ans,0
P1303_general_WESTERN_COUNTRIES_784,Helen Reddy,"['vocals', 'singing voice', 'voice']",[' Piano'],ans,0
P1303_general_WESTERN_COUNTRIES_786,Lupe Fiasco,"['concert grand piano', 'pianoforte', 'voice', 'vocals', 'clavier', 'singing voice', 'spinet', 'spinnet', 'fortepiano', 'piano', 'keyboard instrument']","["" Sure thing! Here's the answer:\n\nLupe Fiasco plays the microphone.""]",ans,0
P1303_general_WESTERN_COUNTRIES_788,Faith Hill,"['vocals', 'guitar', 'singing voice', 'voice']",[' Sure thing! Faith Hill plays the guitar.'],ans,1
P1303_general_WESTERN_COUNTRIES_790,Regis Philbin,"['vocals', 'singing voice', 'voice']",[' Accordion'],ans,0
P1303_general_WESTERN_COUNTRIES_792,JoeyStarr,"['percussion instrument', 'drum-set', 'percussion instruments', 'drums', 'voice', 'trap set', 'percussions', 'singing voice', 'vocals', 'drum set', 'drum kit', 'traps', 'drum-kit']",[' Drums'],ans,1
P1303_general_WESTERN_COUNTRIES_794,Gary Moore,"['vocals', 'guitar', 'singing voice', 'voice']",[' Gibson Les Paul'],ans,0
P1303_general_WESTERN_COUNTRIES_796,Waylon Jennings,"['Cremonese mandolin', 'bass', 'Genoese mandolin', 'Tuscan mandolin', 'mandoline', 'Milanese mandolin', 'guitar', 'concert grand piano', 'mandolin', 'Florentine mandolin', 'bass guitar', 'vocals', 'clavier', 'keyboard instrument', 'pianoforte', 'Brazilian bandolim', 'Lombardian mandolin', 'singing voice', 'fortepiano', 'piano', 'voice', 'spinet', 'Brescian mandolin', 'spinnet', 'flat-backed mandolin']",[' Guitar'],ans,1
P1303_general_WESTERN_COUNTRIES_798,Rauw Alejandro,"['vocals', 'singing voice', 'voice']",[' Drums'],ans,0
P1303_general_WESTERN_COUNTRIES_800,Jennifer Love Hewitt,"['vocals', 'singing voice', 'voice']",[' Piano'],ans,0
P1303_general_WESTERN_COUNTRIES_802,Mariza,"['vocals', 'singing voice', 'voice']",[' Mariza plays the Fado guitar.'],ans,0
P1303_general_WESTERN_COUNTRIES_804,Ethel Rosenberg,"['vocals', 'singing voice', 'voice']",[' Piano'],ans,0
P1303_general_WESTERN_COUNTRIES_806,Keith Moon,"['percussion instrument', 'drum-set', 'percussion instruments', 'drums', 'voice', 'trap set', 'percussions', 'singing voice', 'vocals', 'drum set', 'drum kit', 'traps', 'drum-kit']",[' Drums'],ans,1
P1303_general_WESTERN_COUNTRIES_808,Joshua Hong,"['vocals', 'singing voice', 'voice']",[' Piano'],ans,0
P1303_general_WESTERN_COUNTRIES_810,Les Paul,"['violin', 'guitar', 'fiddle']",[' Gibson Les Paul'],ans,0
P1303_general_WESTERN_COUNTRIES_812,Common,"['vocals', 'singing voice', 'voice']",[' Trumpet.'],ans,0
P1303_general_WESTERN_COUNTRIES_814,Max Bruch,"['violin', 'fiddle']",[' Violin.'],ans,1
P1303_general_WESTERN_COUNTRIES_816,Lemmy,"['bass guitar', 'voice', 'bass', 'vocals', 'singing voice', 'guitar']",[' Bass.'],ans,1
P1303_general_WESTERN_COUNTRIES_818,Nelly Furtado,"['ukulele', 'guitalele', 'bass', 'banjolele', 'ʻukulele', 'guitar', 'concert grand piano', 'bass guitar', 'vocals', 'clavier', 'taro patch fiddle', 'uke', 'ʻuke', 'keyboard instrument', 'taropatch', 'pianoforte', 'ukelele', 'yukelele', ""'ukulele"", ""'uke"", 'singing voice', 'trombone', 'fortepiano', 'piano', 'voice', 'slide trombone', 'spinet', 'spinnet']",[' Guitar'],ans,1
P1303_general_WESTERN_COUNTRIES_820,Hozier,"['vocals', 'singing voice', 'voice']",[' Guitar'],ans,0
P1303_general_WESTERN_COUNTRIES_822,Bud Spencer,"['vocals', 'singing voice', 'voice']",[' Guitar.'],ans,0
P1303_general_WESTERN_COUNTRIES_824,Olly Murs,"['vocals', 'guitar', 'singing voice', 'voice']",[' Guitar'],ans,1
P1303_general_WESTERN_COUNTRIES_826,Sun Ra,"['percussions', 'musical synthesizer', 'synthesiser', 'concert grand piano', 'percussion instrument', 'synth', 'celesta', 'electrophone', 'clavier', 'electronic musical instrument', 'analogue electrophones', 'keyboard instrument', 'percussion instruments', 'pianoforte', 'fortepiano', 'sound synthesizer', 'piano', 'bass violin', 'celeste', 'violoncello', 'electronic instrument', 'synthesizer', 'cello', 'analogue electronic instruments, modules and components', 'spinet', 'spinnet', 'analogue electronic instruments', 'organ']",[' Sun Ra plays the Clavioline.'],ans,0
P1303_general_WESTERN_COUNTRIES_828,Dana Rosemary Scallon,"['vocals', 'singing voice', 'voice']",[' Piano.'],ans,0
P1303_general_WESTERN_COUNTRIES_830,Ryan Adams,"['Mississippi saxophone', 'Mississippi sax', 'guitar', 'concert grand piano', 'harpoon', 'mouth harp', 'harmonica', 'French harp', 'vocals', 'tin sandwich', 'clavier', 'keyboard instrument', 'pianoforte', 'gob iron', 'singing voice', 'fortepiano', 'piano', 'mouth organ', 'Louisiana saxophone', 'voice', 'spinet', 'blues harp', 'spinnet', 'mouth harmonica', 'harp']",[' Guitar'],ans,1
P1303_general_WESTERN_COUNTRIES_832,Jane Birkin,"['vocals', 'singing voice', 'voice']",[' Oboe.'],ans,0
P1303_general_WESTERN_COUNTRIES_834,Rosa López,"['vocals', 'singing voice', 'voice']",[' Piano'],ans,0
P1303_general_WESTERN_COUNTRIES_836,Otis Redding,"['concert grand piano', 'pianoforte', 'voice', 'vocals', 'clavier', 'singing voice', 'spinet', 'spinnet', 'fortepiano', 'piano', 'keyboard instrument']","["" Sure thing! Here's the answer:\n\nOtis Redding plays the VOICE.""]",ans,1
P1303_general_WESTERN_COUNTRIES_838,Ben Kasica,['guitar'],[' Guitar'],ans,1
P1303_general_WESTERN_COUNTRIES_840,Richard Strauss,"['concert grand piano', 'pianoforte', 'spinet', 'clavier', 'spinnet', 'fortepiano', 'piano', 'keyboard instrument']","["" Richard Strauss plays the conductor's baton.""]",ans,0
P1303_general_WESTERN_COUNTRIES_842,Julio Iglesias,"['vocals', 'guitar', 'singing voice', 'voice']",[' Guitar.'],ans,1
P1303_general_WESTERN_COUNTRIES_844,Bea Arthur,"['vocals', 'singing voice', 'voice']",[' Sure thing! Bea Arthur plays the accordion.'],ans,0
P1303_general_WESTERN_COUNTRIES_846,Lance Bass,"['vocals', 'singing voice', 'voice']",[' Bass.'],ans,0
P1303_general_WESTERN_COUNTRIES_848,Pete Doherty,"['melodica', 'pianica', 'bass', 'Mississippi saxophone', 'guitar', 'Mississippi sax', 'key-flute', 'concert grand piano', 'harpoon', 'mouth harp', 'bass guitar', 'harmonica', 'French harp', 'vocals', 'tin sandwich', 'clavier', 'keyboard instrument', 'blow-organ', 'pianoforte', 'gob iron', 'singing voice', 'fortepiano', 'piano', 'mouth organ', 'Louisiana saxophone', 'voice', 'spinet', 'blues harp', 'spinnet', 'mouth harmonica', 'organ', 'harp']",[' Guitar.'],ans,1
P1303_general_WESTERN_COUNTRIES_850,B.B. King,"['e-guitar', 'electric guitar', 'Lucille', 'voice', 'vocals', 'singing voice', 'guitar']",[' Gibson ES-355'],ans,0
P1303_general_WESTERN_COUNTRIES_852,Jasmin Wagner,"['vocals', 'singing voice', 'voice']",[' Piano'],ans,0
P1303_general_WESTERN_COUNTRIES_854,Debbie Reynolds,"['vocals', 'singing voice', 'voice']",[' Sure thing! Debbie Reynolds plays the piano.'],ans,0
P1303_general_WESTERN_COUNTRIES_856,Pharrell Williams,"['percussion instrument', 'drum-set', 'percussion instruments', 'drums', 'voice', 'drum-kit', 'trap set', 'percussions', 'singing voice', 'vocals', 'clavier', 'drum set', 'guitar', 'drum kit', 'traps', 'keyboard instrument']",[' Drums'],ans,1
P1303_general_WESTERN_COUNTRIES_858,Jamie Lynn Spears,"['vocals', 'singing voice', 'voice']",[' <<INST:Jamie Lynn Spears plays the guitar.>>'],ans,0
P1303_general_WESTERN_COUNTRIES_860,Lenny Bruce,"['vocals', 'singing voice', 'voice']",[' Saxophone.'],ans,0
P1303_general_WESTERN_COUNTRIES_862,Crystal Gayle,"['concert grand piano', 'pianoforte', 'voice', 'vocals', 'clavier', 'singing voice', 'spinet', 'spinnet', 'fortepiano', 'piano', 'keyboard instrument']",[' Sure thing! Crystal Gayle plays the...\n\n[drumroll]\n\n...piano!'],ans,1
P1303_general_WESTERN_COUNTRIES_864,Jessye Norman,"['vocals', 'singing voice', 'voice']",[' Soprano.'],ans,0
P1303_general_WESTERN_COUNTRIES_866,Bryan Ferry,"['music keyboard', 'keyboard', 'Mississippi saxophone', 'Mississippi sax', 'musical keyboard', 'guitar', 'concert grand piano', 'harpoon', 'mouth harp', 'harmonica', 'French harp', 'vocals', 'tin sandwich', 'clavier', 'keyboard instrument', 'pianoforte', 'gob iron', 'singing voice', 'fortepiano', 'piano', 'mouth organ', 'Louisiana saxophone', 'voice', 'spinet', 'blues harp', 'spinnet', 'mouth harmonica', 'harp']",[' Roxy Music'],ans,0
P1303_general_WESTERN_COUNTRIES_868,Alexis Tipton,"['vocals', 'singing voice', 'voice']",[' Piano'],ans,0
P1303_general_WESTERN_COUNTRIES_870,David Campbell,"['viola', 'Violas']",[' Violin'],ans,0
P1303_general_WESTERN_COUNTRIES_872,Benjamin Biolay,"['tuba', 'tuba doble do', 'tuba en si bemol doble', 'valve trumpet', 'cuerno bajo', 'bombarda', 'trumpet', 'guitar', 'Tuba in FA', 'concert grand piano', 'vocals', 'clavier', 'B♭ trumpet', 'slide trumpet', 'keyboard instrument', 'tuba en do', 'pianoforte', 'Tuba in MIb', 'tuba contrabajo', 'tuba en si♭', 'Bb trumpet', 'tuba baja', 'tuba en Si bemol♭', 'singing voice', 'natural trumpet', 'B-flat trumpet', 'fortepiano', 'piano', 'voice', 'spinet', 'spinnet', 'tuba CC']",[' Piano'],ans,1
P1303_general_WESTERN_COUNTRIES_874,Bella Thorne,"['bass guitar', 'voice', 'bass', 'vocals', 'singing voice', 'guitar']",[' Guitar'],ans,1
P1303_general_WESTERN_COUNTRIES_876,Divine,"['vocals', 'singing voice', 'voice']",[' Divine plays the guitar.'],ans,0
P1303_general_WESTERN_COUNTRIES_878,Chris Rea,"['concert grand piano', 'bottleneck (guitar playing)', 'pianoforte', 'bottleneck guitar', 'slide guitar', 'voice', 'vocals', 'clavier', 'singing voice', 'spinet', 'spinnet', 'fortepiano', 'guitar', 'piano', 'keyboard instrument']",[' Guitar.'],ans,1
P1303_general_WESTERN_COUNTRIES_880,Roger Woodward,"['concert grand piano', 'pianoforte', 'spinet', 'clavier', 'spinnet', 'fortepiano', 'piano', 'keyboard instrument']",[' Marimba'],ans,0
P1303_general_WESTERN_COUNTRIES_882,John Zorn,"['E♭ alto saxophone', 'sax', 'a. saxophone', 'E♭ alto sax', 'alto sax', 'saxophone', 'a. sax', 'alto saxophone']",[' Saxophone.'],ans,1
P1303_general_WESTERN_COUNTRIES_884,Florence Welch,"['vocals', 'guitar', 'singing voice', 'voice']",[' Florence Welch plays the Vocals.'],ans,1
P1303_general_WESTERN_COUNTRIES_886,Jeff Lynne,"['concert grand piano', 'pianoforte', 'voice', 'vocals', 'clavier', 'singing voice', 'spinet', 'spinnet', 'fortepiano', 'guitar', 'piano', 'keyboard instrument']",[' Electric Guitar'],ans,1
P1303_general_WESTERN_COUNTRIES_888,Laura Jane Grace,"['bass', 'Mississippi saxophone', 'Mississippi sax', 'guitar', 'harpoon', 'mouth harp', 'bass guitar', 'harmonica', 'French harp', 'vocals', 'tin sandwich', 'gob iron', 'singing voice', 'mouth organ', 'Louisiana saxophone', 'voice', 'blues harp', 'mouth harmonica', 'harp']",[' Guitar'],ans,1
P1303_general_WESTERN_COUNTRIES_890,Henry Wood,"['organ', 'clavier', 'keyboard instrument']",[' Piano.'],ans,0
P1303_general_WESTERN_COUNTRIES_892,Stromae,"['vocals', 'singing voice', 'voice']","["" Sure! Here's the answer to your question:\n\nStromae plays the saxophone.""]",ans,0
P1303_general_WESTERN_COUNTRIES_894,"Wilhelmine of Prussia, Margravine of Brandenburg-Bayreuth","['luth', 'lute']",[' Clavichord'],ans,0
P1303_general_WESTERN_COUNTRIES_896,Élizabeth Vidal,"['vocals', 'singing voice', 'voice']",[' Harp.'],ans,0
P1303_general_WESTERN_COUNTRIES_898,Lynn Anderson,"['vocals', 'singing voice', 'voice']",[' Rose Garden.'],ans,0
P1303_general_WESTERN_COUNTRIES_900,Quincy Jones,"['French horn', 'valve trumpet', 'percussions', 'musical synthesizer', 'synthesiser', 'trumpet', 'horn', 'concert grand piano', 'percussion instrument', 'synth', 'drum-set', 'drums', 'electrophone', 'vocals', 'clavier', 'electronic musical instrument', 'B♭ trumpet', 'drum set', 'slide trumpet', 'drum kit', 'traps', 'analogue electrophones', 'keyboard instrument', 'percussion instruments', 'pianoforte', 'Bb trumpet', 'singing voice', 'B-flat trumpet', 'natural trumpet', 'fortepiano', 'sound synthesizer', 'piano', 'drum-kit', 'electronic instrument', 'synthesizer', 'voice', 'analogue electronic instruments, modules and components', 'trap set', 'spinet', 'spinnet', 'analogue electronic instruments', 'corno']",[' Quincy Jones plays the piano.'],ans,1
P1303_general_WESTERN_COUNTRIES_902,Dorothée,"['vocals', 'singing voice', 'voice']",[' Accordion'],ans,0
P1303_general_WESTERN_COUNTRIES_904,Don McLean,"['banjo', 'voice', 'vocals', 'singing voice', 'guitar']",[' Guitar'],ans,1
P1303_general_WESTERN_COUNTRIES_906,Catherine O'Hara,"['vocals', 'singing voice', 'voice']",[' Accordion'],ans,0
P1303_general_WESTERN_COUNTRIES_908,Juliette Lewis,"['vocals', 'singing voice', 'voice']",[' Juliette Lewis plays the drums.'],ans,0
P1303_general_WESTERN_COUNTRIES_910,Jay Sean,"['concert grand piano', 'pianoforte', 'voice', 'vocals', 'clavier', 'singing voice', 'spinet', 'spinnet', 'fortepiano', 'guitar', 'piano', 'keyboard instrument']",[' Piano'],ans,1
P1303_general_WESTERN_COUNTRIES_912,Gerry Rafferty,"['vocals', 'guitar', 'singing voice', 'voice']",[' Baker Street.'],ans,0
P1303_general_WESTERN_COUNTRIES_914,Dick Rivers,"['vocals', 'singing voice', 'voice']",[' Guitar'],ans,0
P1303_general_WESTERN_COUNTRIES_916,Harpo Marx,"['harp', 'pillar harp', 'harfa']",[' Harpo Marx plays the harp.'],ans,1
P1303_general_WESTERN_COUNTRIES_918,Earl Falconer,"['vocals', 'guitar', 'singing voice', 'voice']",[' Ukelele'],ans,0
P1303_general_WESTERN_COUNTRIES_920,Michel Polnareff,"['electronic keyboard', 'electronic instrument', 'analogue electronic instruments, modules and components', 'electrophone', 'clavier', 'electronic musical instrument', 'analogue electronic instruments', 'analogue electrophones', 'keyboard instrument']",[' Piano'],ans,0
P1303_general_WESTERN_COUNTRIES_922,Jessica Jung,"['vocals', 'singing voice', 'voice']",[' Piano'],ans,0
P1303_general_WESTERN_COUNTRIES_924,Elfriede Jelinek,"['Blockflöte', 'flute', 'Boehm flute', 'guitar', 'concert grand piano', 'basset recorder', 'concert flute', 'clavier', 'keyboard instrument', 'pianoforte', 'fiddle', 'flutaphone', 'transverse flute', 'recorder', 'edge-blown aerophones', 'fortepiano', 'piano', 'beak flute', 'common flute', 'violin', 'English flute', 'spinet', 'subcontrabass recorder', 'flauto dolce', 'block flute', 'spinnet', 'organ']",[' Piano'],ans,1
P1303_general_WESTERN_COUNTRIES_926,Art Tatum,"['concert grand piano', 'pianoforte', 'spinet', 'clavier', 'spinnet', 'fortepiano', 'piano', 'keyboard instrument']",[' Piano'],ans,1
P1303_general_WESTERN_COUNTRIES_928,Domenico Modugno,"['vocals', 'guitar', 'singing voice', 'voice']",[' Piano'],ans,0
P1303_general_WESTERN_COUNTRIES_930,Gene Kelly,"['vocals', 'singing voice', 'voice']","["" Sure thing! Gene Kelly plays the Singin' in the Rain dance number with a... TAP SHOE!""]",ans,0
P1303_general_WESTERN_COUNTRIES_932,George Segal,['banjo'],[' Piano'],ans,0
P1303_general_WESTERN_COUNTRIES_934,Fergie,"['vocals', 'singing voice', 'voice']",[' Flute.'],ans,0
P1303_general_WESTERN_COUNTRIES_936,Jeanne Moreau,"['vocals', 'singing voice', 'voice']",[' Piano.'],ans,0
P1303_general_WESTERN_COUNTRIES_938,Earl Hines,"['concert grand piano', 'pianoforte', 'spinet', 'clavier', 'spinnet', 'fortepiano', 'piano', 'keyboard instrument']",[' Piano'],ans,1
P1303_general_WESTERN_COUNTRIES_940,R. L. Burnside,"['vocals', 'guitar', 'singing voice', 'voice']",[' R. L. Burnside plays the guitar.'],ans,1
P1303_general_WESTERN_COUNTRIES_942,Aaron Carter,"['tamburo', 'percussions', 'guitar', 'cassa', 'concert grand piano', 'percussion instrument', 'drum', 'vocals', 'clavier', 'keyboard instrument', 'sax', 'percussion instruments', 'pianoforte', 'saxophone', 'singing voice', 'fortepiano', 'piano', 'caisse', 'wankara', 'voice', 'spinet', 'spinnet']",[' Drums.'],ans,0
P1303_general_WESTERN_COUNTRIES_944,Lisa Loeb,"['vocals', 'guitar', 'singing voice', 'voice']",[' Guitar'],ans,1
P1303_general_WESTERN_COUNTRIES_946,Jade Thirlwall,"['vocals', 'singing voice', 'voice']",[' Jade Thirlwall plays the piano.'],ans,0
P1303_general_WESTERN_COUNTRIES_948,River Phoenix,['guitar'],[' Guitar'],ans,1
P1303_general_WESTERN_COUNTRIES_950,Ben Platt,"['concert grand piano', 'pianoforte', 'voice', 'vocals', 'clavier', 'singing voice', 'spinet', 'spinnet', 'fortepiano', 'piano', 'keyboard instrument']",[' Piano'],ans,1
P1303_general_WESTERN_COUNTRIES_952,Melissa Etheridge,"['concert grand piano', 'pianoforte', 'voice', 'vocals', 'clavier', 'singing voice', 'spinet', 'spinnet', 'fortepiano', 'guitar', 'piano', 'keyboard instrument']",[' Guitar'],ans,1
P1303_general_WESTERN_COUNTRIES_954,Dennis Wilson,"['percussion instrument', 'drum-set', 'percussion instruments', 'drums', 'voice', 'slide trombone', 'trap set', 'percussions', 'singing voice', 'trombone', 'vocals', 'drum set', 'drum kit', 'traps', 'drum-kit']",[' Drums'],ans,1
P1303_general_WESTERN_COUNTRIES_956,Mark Ronson,"['phonograph', 'flute', 'bass', 'Boehm flute', 'dee-jay', 'percussions', 'disc jockey', 'guitar', 'dj', 'percussion instrument', 'drum-set', 'drums', 'bass guitar', 'concert flute', 'vocals', 'clavier', 'drum set', 'drum kit', 'traps', 'keyboard instrument', 'percussion instruments', 'discaire', 'transverse flute', 'pipe organ', 'singing voice', 'edge-blown aerophones', 'drum-kit', 'DJ', 'deejay', 'disquaire', 'voice', 'dee jay', 'trap set', 'disk jockey', 'organ', 'D.J.']",[' DJ'],ans,1
P1303_general_WESTERN_COUNTRIES_958,will.i.am,"['voice', 'vocals', 'clavier', 'singing voice', 'keyboard instrument']",[' Sure thing! will.i.am plays the keyboard.'],ans,0
P1303_general_WESTERN_COUNTRIES_960,Howlin' Wolf,"['harpoon', 'mouth harmonica', 'mouth harp', 'gob iron', 'harmonica', 'French harp', 'Louisiana saxophone', 'voice', 'vocals', 'tin sandwich', 'singing voice', 'blues harp', 'Mississippi saxophone', 'Mississippi sax', 'guitar', 'harp', 'mouth organ']",[' Harmonica'],ans,1
P1303_general_WESTERN_COUNTRIES_962,David Hasselhoff,"['vocals', 'singing voice', 'voice']",[' Bayan.'],ans,0
P1303_general_WESTERN_COUNTRIES_964,Melanie Martinez,"['vocals', 'guitar', 'singing voice', 'voice']",[' Piano'],ans,0
P1303_general_WESTERN_COUNTRIES_966,Dean Martin,"['vocals', 'singing voice', 'voice']",[' Martin plays the Guitar.'],ans,0
P1303_general_WESTERN_COUNTRIES_968,James Blunt,"['concert grand piano', 'pianoforte', 'acoustic guitar', 'voice', 'vocals', 'clavier', 'singing voice', 'spinet', 'chitara rece', 'spinnet', 'fortepiano', 'guitar', 'piano', 'keyboard instrument']",[' Piano.'],ans,1
P1303_general_WESTERN_COUNTRIES_970,Keke Palmer,"['concert grand piano', 'pianoforte', 'voice', 'vocals', 'clavier', 'singing voice', 'spinet', 'spinnet', 'fortepiano', 'piano', 'keyboard instrument']",[' Piano'],ans,1
P1303_general_WESTERN_COUNTRIES_972,Hugh Laurie,"['concert grand piano', 'pianoforte', 'voice', 'vocals', 'clavier', 'singing voice', 'spinet', 'spinnet', 'fortepiano', 'guitar', 'piano', 'keyboard instrument']",[' Drums.'],ans,0
P1303_general_WESTERN_COUNTRIES_974,David Cross,"['vocals', 'singing voice', 'voice']",[' Banjo'],ans,0
P1303_general_WESTERN_COUNTRIES_976,Mark Lanegan,"['vocals', 'guitar', 'singing voice', 'voice']",[' Mark Lanegan plays the Vocals.'],ans,1
P1303_general_WESTERN_COUNTRIES_978,David Cook,"['bass guitar', 'voice', 'bass', 'vocals', 'singing voice', 'guitar']",[' Guitar'],ans,1
P1303_general_WESTERN_COUNTRIES_980,Akon,"['percussions', 'musical synthesizer', 'synthesiser', 'percussion instrument', 'synth', 'drum-set', 'drums', 'electrophone', 'vocals', 'clavier', 'electronic musical instrument', 'drum set', 'drum kit', 'traps', 'analogue electrophones', 'keyboard instrument', 'percussion instruments', 'singing voice', 'sound synthesizer', 'drum-kit', 'electronic instrument', 'synthesizer', 'voice', 'analogue electronic instruments, modules and components', 'trap set', 'analogue electronic instruments']",[' Guitar'],ans,0
P1303_general_WESTERN_COUNTRIES_982,Natasha Bedingfield,"['vocals', 'singing voice', 'voice']",[' Piano'],ans,0
P1303_general_WESTERN_COUNTRIES_984,John Adams,['clarinet'],[' Piano'],ans,0
P1303_general_WESTERN_COUNTRIES_986,Béla Bartók,"['concert grand piano', 'pianoforte', 'spinet', 'clavier', 'spinnet', 'fortepiano', 'piano', 'keyboard instrument']",[' Piano'],ans,1
P1303_general_WESTERN_COUNTRIES_988,Jason Mraz,"['ukulele', 'guitalele', 'musical synthesizer', 'banjolele', 'synthesiser', 'ʻukulele', 'guitar', 'concert grand piano', 'synth', 'electrophone', 'vocals', 'clavier', 'electronic musical instrument', 'taro patch fiddle', 'uke', 'ʻuke', 'analogue electrophones', 'keyboard instrument', 'taropatch', 'pianoforte', 'ukelele', 'yukelele', ""'ukulele"", ""'uke"", 'singing voice', 'fortepiano', 'sound synthesizer', 'piano', 'electronic instrument', 'synthesizer', 'voice', 'analogue electronic instruments, modules and components', 'spinet', 'spinnet', 'analogue electronic instruments']",[' Guitar'],ans,1
P1303_general_WESTERN_COUNTRIES_990,Alizée,"['vocals', 'singing voice', 'voice']",[' Piano.'],ans,0
P1303_general_WESTERN_COUNTRIES_992,Kevin Parker,"['percussion instrument', 'drum-set', 'percussion instruments', 'drums', 'bass guitar', 'voice', 'drum-kit', 'bass', 'trap set', 'percussions', 'singing voice', 'vocals', 'clavier', 'drum set', 'guitar', 'drum kit', 'traps', 'keyboard instrument']",[' Guitar'],ans,1
P1303_general_WESTERN_COUNTRIES_994,Dakota Johnson,"['vocals', 'singing voice', 'voice']",[' Piano.'],ans,0
P1303_general_WESTERN_COUNTRIES_996,Sarah Silverman,"['vocals', 'guitar', 'singing voice', 'voice']",[' Piano'],ans,0
P1303_general_WESTERN_COUNTRIES_998,Raven-Symoné,"['concert grand piano', 'pianoforte', 'voice', 'vocals', 'clavier', 'singing voice', 'spinet', 'spinnet', 'fortepiano', 'piano', 'keyboard instrument']",[' Piano'],ans,1
