﻿uuid,sub_label,obj_label,choices,ans_type,acc
P1303_general_ARAB_REGION_0,Khalid Abdulrahman,"['outi', 'voice', ""'ud"", 'Arab lute', 'vocals', 'oud', 'singing voice']",[' Piano'],ans,0
P1303_general_ARAB_REGION_2,Fairuz,"['vocals', 'singing voice', 'voice']",[' Oud.'],ans,0
P1303_general_ARAB_REGION_4,Dalida,"['vocals', 'singing voice', 'voice']",[' Piano.'],ans,0
P1303_general_ARAB_REGION_6,Najwa Karam,"['vocals', 'singing voice', 'voice']",[' Piano'],ans,0
P1303_general_ARAB_REGION_8,Warda Al-Jazairia,"['vocals', 'guitar', 'singing voice', 'voice']",[' Oud.'],ans,0
P1303_general_ARAB_REGION_10,Daniel Barenboim,"['concert grand piano', 'pianoforte', 'spinet', 'clavier', 'spinnet', 'fortepiano', 'piano', 'keyboard instrument']",[' Piano'],ans,1
P1303_general_ARAB_REGION_12,Nancy Ajram,"['vocals', 'singing voice', 'voice']",[' Piano'],ans,0
P1303_general_ARAB_REGION_14,French Montana,"['vocals', 'singing voice', 'voice']",[' Drums.'],ans,0
P1303_general_ARAB_REGION_16,Ibrahim Maalouf,"['slide trumpet', 'music keyboard', 'valve trumpet', 'Bb trumpet', 'keyboard', 'B-flat trumpet', 'B♭ trumpet', 'natural trumpet', 'musical keyboard', 'trumpet']",[' Trumpet.'],ans,1
P1303_general_ARAB_REGION_18,Majida El Roumi,"['vocals', 'singing voice', 'voice']",[' Piano'],ans,0
P1303_general_ARAB_REGION_20,Tamer Hosny,"['concert grand piano', 'pianoforte', 'voice', 'vocals', 'clavier', 'singing voice', 'spinet', 'spinnet', 'fortepiano', 'guitar', 'piano', 'keyboard instrument']",[' Guitar'],ans,1
P1303_general_ARAB_REGION_22,Kadim Al Sahir,"['vocals', 'singing voice', 'voice']",[' Oud.'],ans,0
P1303_general_ARAB_REGION_24,Talal Maddah,"['outi', 'Arab lute', 'oud', ""'ud""]",[' Oud.'],ans,1
P1303_general_ARAB_REGION_26,Samira Said,"['vocals', 'guitar', 'singing voice', 'voice']",[' Oud.'],ans,0
P1303_general_ARAB_REGION_28,Soad Hosny,"['vocals', 'singing voice', 'voice']",[' Oud.'],ans,0
P1303_general_ARAB_REGION_30,Karima Skalli,"['vocals', 'singing voice', 'voice']",[' Oud.'],ans,0
P1303_general_ARAB_REGION_32,Haifa Wehbe,"['vocals', 'singing voice', 'voice']",[' Oud.'],ans,0
P1303_general_ARAB_REGION_34,Cheb Hasni,"['vocals', 'singing voice', 'voice']",[' Oud.'],ans,0
P1303_general_ARAB_REGION_36,RedOne,"['percussion instrument', 'drum-set', 'percussion instruments', 'drums', 'voice', 'drum-kit', 'trap set', 'percussions', 'singing voice', 'vocals', 'clavier', 'drum set', 'guitar', 'drum kit', 'traps', 'keyboard instrument']",[' RedOne plays the Drums.'],ans,1
P1303_general_ARAB_REGION_38,K’naan Warsame,"['vocals', 'guitar', 'singing voice', 'voice']","["" K'naan Warsame plays the keyboard.""]",ans,0
P1303_general_ARAB_REGION_40,Assala Nasri,"['vocals', 'singing voice', 'voice']",[' Oud'],ans,0
P1303_general_ARAB_REGION_42,Sherine,"['vocals', 'singing voice', 'voice']",[' Piano'],ans,0
P1303_general_ARAB_REGION_44,Mahmoud Abdulaziz,"['vocals', 'singing voice', 'voice']",[' Oud.'],ans,0
P1303_general_ARAB_REGION_46,Mark Lee,"['vocals', 'singing voice', 'voice']",[' Drums'],ans,0
P1303_general_ARAB_REGION_48,Aziza Jalal,"['vocals', 'singing voice', 'voice']",[' Oud.'],ans,0
P1303_general_ARAB_REGION_50,George Wassouf,"['vocals', 'singing voice', 'voice']",[' Oud.'],ans,0
P1303_general_ARAB_REGION_52,Zade Dirani,"['concert grand piano', 'pianoforte', 'spinet', 'clavier', 'spinnet', 'fortepiano', 'piano', 'keyboard instrument']",[' Guitar'],ans,0
P1303_general_ARAB_REGION_54,Djamila,"['vocals', 'singing voice', 'voice']",[' Oud.'],ans,0
P1303_general_ARAB_REGION_56,Soolking,"['vocals', 'singing voice', 'voice']",[' Guitar'],ans,0
P1303_general_ARAB_REGION_58,Abd al-Halim Hafiz,"['vocals', 'singing voice', 'voice']",[' Oud.'],ans,0
P1303_general_ARAB_REGION_60,Shadia,"['vocals', 'singing voice', 'voice']",[' Oud.'],ans,0
P1303_general_ARAB_REGION_62,Ammar El Sherei,"['organ', 'clavier', 'keyboard instrument']",[' Oud'],ans,0
P1303_general_ARAB_REGION_64,Faudel,"['vocals', 'singing voice', 'voice']",[' Oud.'],ans,0
P1303_general_ARAB_REGION_66,Salim Halali,"['derbouka', 'darboukka', 'percussions', 'dumbek', 'percussion instrument', 'darbukka', 'vocals', 'derbuka', 'derbukka', 'derbuga', 'darbuka', 'percussion instruments', 'darbouka', 'singing voice', 'darbuga', 'darabuke', 'darabukka', 'voice', 'derabucca']",[' Oud'],ans,0
P1303_general_ARAB_REGION_68,Rabeh Saqer,"['vocals', 'singing voice', 'voice']",[' Oud.'],ans,0
P1303_general_ARAB_REGION_70,Saber Rebaï,"['outi', 'fiddle', 'violin', 'voice', ""'ud"", 'Arab lute', 'vocals', 'oud', 'singing voice']",[' Oud.'],ans,1
P1303_general_ARAB_REGION_72,Shatha Hassoun,"['vocals', 'singing voice', 'voice']",[' Oud'],ans,0
P1303_general_ARAB_REGION_74,Simor Jalal,"['concert grand piano', 'pianoforte', 'spinet', 'clavier', 'spinnet', 'fortepiano', 'piano', 'keyboard instrument']",[' Oud.'],ans,0
P1303_general_ARAB_REGION_76,Halim El-Dabh,"['concert grand piano', 'pianoforte', 'spinet', 'clavier', 'spinnet', 'fortepiano', 'piano', 'keyboard instrument']",[' Oud'],ans,0
P1303_general_ARAB_REGION_78,Yasmina,"['vocals', 'singing voice', 'voice']",[' Oud.'],ans,0
P1303_general_ARAB_REGION_80,Laila Ghofran,"['vocals', 'singing voice', 'voice']",[' Oud.'],ans,0
P1303_general_ARAB_REGION_82,Amal Maher,"['vocals', 'singing voice', 'voice']",[' Piano'],ans,0
P1303_general_ARAB_REGION_84,Mayssa Karaa,"['concert grand piano', 'pianoforte', 'spinet', 'clavier', 'spinnet', 'fortepiano', 'piano', 'keyboard instrument']",[' Piano'],ans,1
P1303_general_ARAB_REGION_86,Chahrazed Helal,"['vocals', 'singing voice', 'voice']",[' Oud'],ans,0
P1303_general_ARAB_REGION_88,Suzanne Tamim,"['vocals', 'singing voice', 'voice']",[' Piano'],ans,0
P1303_general_ARAB_REGION_90,Naps,"['vocals', 'singing voice', 'voice']",[' Drums'],ans,0
P1303_general_ARAB_REGION_92,Asmahan,"['vocals', 'singing voice', 'voice']",[' Oud.'],ans,0
P1303_general_ARAB_REGION_94,Abu Bakr Salem,"['vocals', 'singing voice', 'voice']",[' Oud.'],ans,0
P1303_general_ARAB_REGION_96,Sayed Darwish,"['vocals', 'singing voice', 'voice']",[' Oud.'],ans,0
P1303_general_ARAB_REGION_98,Sabah,"['vocals', 'singing voice', 'voice']",[' Oud.'],ans,0
P1303_general_ARAB_REGION_100,Zaidoon Treeko,"['outi', 'Arab lute', 'oud', ""'ud""]",[' Zaidoon Treeko plays the Ocarina.'],ans,0
P1303_general_ARAB_REGION_102,Diana Karazon,"['vocals', 'singing voice', 'voice']",[' Oud.'],ans,0
P1303_general_ARAB_REGION_104,Emmanuel Jal,"['vocals', 'singing voice', 'voice']",[' Drums'],ans,0
P1303_general_ARAB_REGION_106,Riad Al Sunbati,"['outi', 'Arab lute', 'oud', ""'ud""]",[' Oud'],ans,1
P1303_general_ARAB_REGION_108,Lotfi Bouchnak,"['outi', 'voice', ""'ud"", 'Arab lute', 'vocals', 'oud', 'singing voice']",[' Oud.'],ans,1
P1303_general_ARAB_REGION_110,Pascale Machaalani,"['vocals', 'singing voice', 'voice']",[' Oboe'],ans,0
P1303_general_ARAB_REGION_112,L'Algérino,"['vocals', 'singing voice', 'voice']",[' Accordion.'],ans,0
P1303_general_ARAB_REGION_114,Ibtisam Lutfi,"['outi', 'voice', ""'ud"", 'Arab lute', 'vocals', 'oud', 'singing voice']",[' Oud.'],ans,1
P1303_general_ARAB_REGION_116,Rahma Riad,"['vocals', 'singing voice', 'voice']",[' Oud.'],ans,0
P1303_general_ARAB_REGION_118,Ferhat Mehenni,"['vocals', 'singing voice', 'voice']",[' Oud.'],ans,0
P1303_general_ARAB_REGION_120,Nabil Salameh,"['vocals', 'singing voice', 'voice']",[' Oud.'],ans,0
P1303_general_ARAB_REGION_122,Wael Kfoury,"['vocals', 'singing voice', 'voice']",[' Oud.'],ans,0
P1303_general_ARAB_REGION_124,Ghalia Benali,"['vocals', 'singing voice', 'voice']",[' Oud.'],ans,0
P1303_general_ARAB_REGION_126,Mohamed Fawzi,"['vocals', 'singing voice', 'voice']",[' Oud.'],ans,0
P1303_general_ARAB_REGION_128,Haidy Moussa,"['vocals', 'singing voice', 'voice']",[' Oud.'],ans,0
P1303_general_ARAB_REGION_130,El-Djida Tameqrant,"['vocals', 'singing voice', 'voice']",[' Oud.'],ans,0
P1303_general_ARAB_REGION_132,Abdul Majeed Abdullah,"['vocals', 'singing voice', 'voice']",[' Tabla'],ans,0
P1303_general_ARAB_REGION_134,Myriam Fares,"['vocals', 'singing voice', 'voice']",[' Piano'],ans,0
P1303_general_ARAB_REGION_136,Ehab Tawfik,"['vocals', 'singing voice', 'voice']",[' Oud.'],ans,0
P1303_general_ARAB_REGION_138,Bashar al-Shatti,"['vocals', 'singing voice', 'voice']",[' Oud.'],ans,0
P1303_general_ARAB_REGION_140,Frida Boccara,"['vocals', 'singing voice', 'voice']",[' Piano'],ans,0
P1303_general_ARAB_REGION_142,Nasri Shamseddine,"['vocals', 'singing voice', 'voice']",[' Piano'],ans,0
P1303_general_ARAB_REGION_144,Raffi,"['vocals', 'guitar', 'singing voice', 'voice']",[' Banjo'],ans,0
P1303_general_ARAB_REGION_146,Leila Mourad,"['vocals', 'singing voice', 'voice']",[' Oud.'],ans,0
P1303_general_ARAB_REGION_148,Mohamed sa'd Abdullah,"['vocals', 'singing voice', 'voice']",[' Oud'],ans,0
P1303_general_ARAB_REGION_150,Sofia Essaïdi,"['concert grand piano', 'pianoforte', 'voice', 'vocals', 'clavier', 'singing voice', 'spinet', 'spinnet', 'fortepiano', 'piano', 'keyboard instrument']",[' Oud.'],ans,0
P1303_general_ARAB_REGION_152,Nabil Shuail,"['vocals', 'singing voice', 'voice']",[' Oud'],ans,0
P1303_general_ARAB_REGION_154,Hussam Al-majad ​,"['vocals', 'singing voice', 'voice']",[' Oud.'],ans,0
P1303_general_ARAB_REGION_156,Mohamed Mounir,"['vocals', 'singing voice', 'voice']",[' Oud.'],ans,0
P1303_general_ARAB_REGION_158,Sayed Khalifa,"['vocals', 'singing voice', 'voice']",[' Oud'],ans,0
P1303_general_ARAB_REGION_160,Samy Elmaghribi,"['luth', 'voice', 'lute', 'vocals', 'singing voice']",[' Oud.'],ans,0
P1303_general_ARAB_REGION_162,Ahmed Chawki,"['vocals', 'singing voice', 'voice']",[' Piano'],ans,0
P1303_general_ARAB_REGION_164,Faizel Alawi,"['vocals', 'singing voice', 'voice']",[' Oud'],ans,0
P1303_general_ARAB_REGION_166,Shwikar,"['vocals', 'singing voice', 'voice']",[' Guitar'],ans,0
P1303_general_ARAB_REGION_168,Issam Kamal,"['vocals', 'guitar', 'singing voice', 'voice']",[' Oud'],ans,0
P1303_general_ARAB_REGION_170,Hassan Boufous,"['vocals', 'singing voice', 'voice']",[' Oud.'],ans,0
P1303_general_ARAB_REGION_172,Marcel Khalife,"['outi', 'voice', ""'ud"", 'Arab lute', 'vocals', 'oud', 'singing voice']",[' Oud'],ans,1
P1303_general_ARAB_REGION_174,Boef,"['vocals', 'singing voice', 'voice']",[' Drums'],ans,0
P1303_general_ARAB_REGION_176,Maya Diab,"['vocals', 'singing voice', 'voice']",[' Piano'],ans,0
P1303_general_ARAB_REGION_178,Lla Ḥnifa,"['vocals', 'singing voice', 'voice']",[' Ocarina'],ans,0
P1303_general_ARAB_REGION_180,Seeroos Juma,"['electronic keyboard', 'electronic instrument', 'analogue electronic instruments, modules and components', 'electrophone', 'clavier', 'electronic musical instrument', 'analogue electronic instruments', 'analogue electrophones', 'keyboard instrument']",[' Kalimba'],ans,0
P1303_general_ARAB_REGION_182,Ammar Hassan,"['vocals', 'singing voice', 'voice']",[' Oud.'],ans,0
P1303_general_ARAB_REGION_184,Chico Bouchikhi,['guitar'],[' Oud.'],ans,0
P1303_general_ARAB_REGION_186,Lotfi Attar,"['e-guitar', 'electric guitar', 'voice', 'vocals', 'singing voice', 'guitar']",[' Oud.'],ans,0
P1303_general_ARAB_REGION_188,Amr Mostafa,"['vocals', 'guitar', 'singing voice', 'voice']",[' Oud.'],ans,0
P1303_general_ARAB_REGION_190,Lla Zina,"['vocals', 'singing voice', 'voice']",[' Kaval.'],ans,0
P1303_general_ARAB_REGION_192,Amer Mounib,"['vocals', 'singing voice', 'voice']",[' Oud.'],ans,0
P1303_general_ARAB_REGION_194,Halim El-Roumi,"['vocals', 'singing voice', 'voice']",[' Oud.'],ans,0
P1303_general_ARAB_REGION_196,Souhila Ben Lachhab,"['vocals', 'singing voice', 'voice']",[' Oud.'],ans,0
P1303_general_ARAB_REGION_198,Rami Khalifé,"['concert grand piano', 'pianoforte', 'spinet', 'clavier', 'spinnet', 'fortepiano', 'piano', 'keyboard instrument']",[' Piano'],ans,1
P1303_general_ARAB_REGION_200,Carole Samaha,"['vocals', 'singing voice', 'voice']",[' Piano'],ans,0
P1303_general_ARAB_REGION_202,Abdulkareem Abdulqadir,"['vocals', 'singing voice', 'voice']",[' Oud.'],ans,0
P1303_general_ARAB_REGION_204,Rilès,"['vocals', 'singing voice', 'voice']",[' Drums'],ans,0
P1303_general_ARAB_REGION_206,Souad Massi,"['vocals', 'guitar', 'singing voice', 'voice']",[' Oud.'],ans,0
P1303_general_ARAB_REGION_208,Othman Benhami,"['vocals', 'singing voice', 'voice']",[' Oud.'],ans,0
P1303_general_ARAB_REGION_210,Mounira El Mahdeya,"['vocals', 'singing voice', 'voice']",[' Oud.'],ans,0
P1303_general_ARAB_REGION_212,Anissa Mezaguer,"['vocals', 'singing voice', 'voice']",[' Piano'],ans,0
P1303_general_ARAB_REGION_214,Faia Younan,"['vocals', 'singing voice', 'voice']",[' Oud'],ans,0
P1303_general_ARAB_REGION_216,Mohamed El Mazem,"['vocals', 'singing voice', 'voice']",[' Oud'],ans,0
P1303_general_ARAB_REGION_218,Bacem Anas Romdhani,"['violin', 'fiddle']",[' Oud.'],ans,0
P1303_general_ARAB_REGION_220,Nassif Zeytoun,"['luth', 'lute']",[' Oud.'],ans,0
P1303_general_ARAB_REGION_222,Fella El Djazairia,"['vocals', 'singing voice', 'voice']",[' Oud.'],ans,0
P1303_general_ARAB_REGION_224,Adham Nabulsi,"['vocals', 'singing voice', 'voice']",[' Oud.'],ans,0
P1303_general_ARAB_REGION_226,Amou Yazid,"['vocals', 'singing voice', 'voice']",[' Oud.'],ans,0
P1303_general_ARAB_REGION_228,L7a9d,"['vocals', 'singing voice', 'voice']",[' Guitar'],ans,0
P1303_general_ARAB_REGION_230,Medhat Saleh,"['vocals', 'singing voice', 'voice']",[' Oud'],ans,0
P1303_general_ARAB_REGION_232,Ayed,"['vocals', 'singing voice', 'voice']",[' Oud.'],ans,0
P1303_general_ARAB_REGION_234,Ahmed Mekky,"['vocals', 'singing voice', 'voice']",[' Oud'],ans,0
P1303_general_ARAB_REGION_236,Humood AlKhudher,"['vocals', 'singing voice', 'voice']",[' Oud.'],ans,0
P1303_general_ARAB_REGION_238,Noura,"['vocals', 'singing voice', 'voice']",[' Oud.'],ans,0
P1303_general_ARAB_REGION_240,Yara,"['vocals', 'singing voice', 'voice']",[' Harp'],ans,0
P1303_general_ARAB_REGION_242,Shaaban Abdel Rahim,"['vocals', 'singing voice', 'voice']",[' Oud'],ans,0
P1303_general_ARAB_REGION_244,Ahmed Fakroun,"['vocals', 'singing voice', 'voice']",[' Oud.'],ans,0
P1303_general_ARAB_REGION_246,Yasser Abdel Rahman,"['violin', 'fiddle']",[' Oud.'],ans,0
P1303_general_ARAB_REGION_248,Tarek Madkour,"['voice', 'vocals', 'clavier', 'singing voice', 'keyboard instrument']",[' Oud'],ans,0
P1303_general_ARAB_REGION_250,Ratiba El-Hefny,"['vocals', 'singing voice', 'voice']",[' Oud.'],ans,0
P1303_general_ARAB_REGION_252,Donya Samir Ghanem,"['vocals', 'singing voice', 'voice']",[' Oud.'],ans,0
P1303_general_ARAB_REGION_254,Sahar Taha,"['vocals', 'singing voice', 'voice']",[' Oud.'],ans,0
P1303_general_ARAB_REGION_256,Kinan Azmeh,['clarinet'],[' Clarinet'],ans,1
P1303_general_ARAB_REGION_258,Wadih El Safi,"['outi', 'voice', ""'ud"", 'Arab lute', 'vocals', 'oud', 'singing voice']",[' Oud.'],ans,1
P1303_general_ARAB_REGION_260,Zuhal Sultan,"['concert grand piano', 'pianoforte', 'spinet', 'clavier', 'spinnet', 'fortepiano', 'piano', 'keyboard instrument']",[' Oud.'],ans,0
P1303_general_ARAB_REGION_262,Sabah Fakhri,"['outi', 'voice', ""'ud"", 'Arab lute', 'vocals', 'oud', 'singing voice']",[' Oud.'],ans,1
P1303_general_ARAB_REGION_264,Houria Aïchi,"['vocals', 'singing voice', 'voice']",[' Oud.'],ans,0
P1303_general_ARAB_REGION_266,Etab,"['vocals', 'singing voice', 'voice']",[' Oud'],ans,0
P1303_general_ARAB_REGION_268,Salah ibn Al Badiya,"['outi', 'Arab lute', 'oud', ""'ud""]",[' Oud.'],ans,1
P1303_general_ARAB_REGION_270,Rasha Rizk,"['vocals', 'singing voice', 'voice']",[' Oud.'],ans,0
P1303_general_ARAB_REGION_272,Mona Abdel Ghani,"['vocals', 'singing voice', 'voice']",[' Oud.'],ans,0
P1303_general_ARAB_REGION_274,Rageh Daoud,"['concert grand piano', 'pianoforte', 'spinet', 'clavier', 'spinnet', 'fortepiano', 'piano', 'keyboard instrument']",[' Oud.'],ans,0
P1303_general_ARAB_REGION_276,slīmān al-mlā,"['outi', 'fiddle', 'violin', ""'ud"", 'Arab lute', 'oud']",[' Oud.'],ans,1
P1303_general_ARAB_REGION_278,Samih Choukeir,"['outi', 'voice', ""'ud"", 'Arab lute', 'vocals', 'oud', 'singing voice']",[' Oud.'],ans,1
P1303_general_ARAB_REGION_280,Aseel Omran,"['vocals', 'singing voice', 'voice']",[' Oud.'],ans,0
P1303_general_ARAB_REGION_282,Hisham Abdulrahman,"['vocals', 'singing voice', 'voice']",[' Oud'],ans,0
P1303_general_ARAB_REGION_284,Clauda Chemaly,"['vocals', 'singing voice', 'voice']",[' Piano'],ans,0
P1303_general_ARAB_REGION_286,Boualem Boukacem,"['derbouka', 'darboukka', 'percussions', 'guitar', 'dumbek', 'percussion instrument', 'darbukka', 'Algerian mandole', 'vocals', 'derbuka', 'derbukka', 'derbuga', 'darbuka', 'percussion instruments', 'darbouka', 'singing voice', 'darabukka', 'darabuke', 'darbuga', 'mandole', 'voice', 'derabucca']",[' Oud.'],ans,0
P1303_general_ARAB_REGION_288,Hamoud Nasser,"['vocals', 'singing voice', 'voice']",[' Oud'],ans,0
P1303_general_ARAB_REGION_290,Marwa Ben sghaier,"['vocals', 'singing voice', 'voice']",[' Oud'],ans,0
P1303_general_ARAB_REGION_292,Vigon,"['vocals', 'singing voice', 'voice']",[' Vigon plays the Ocarina.'],ans,0
P1303_general_ARAB_REGION_294,Ramy Gamal,"['vocals', 'guitar', 'singing voice', 'voice']",[' Oud'],ans,0
P1303_general_ARAB_REGION_296,Hala Al Turk,"['vocals', 'singing voice', 'voice']",[' Oud'],ans,0
P1303_general_ARAB_REGION_298,Taos Amrouche,"['vocals', 'singing voice', 'voice']",[' Oud.'],ans,0
P1303_general_ARAB_REGION_300,Shahinaz,"['vocals', 'singing voice', 'voice']",[' Oud.'],ans,0
P1303_general_ARAB_REGION_302,Lena Chamamaan,"['vocals', 'singing voice', 'voice']",[' Oud.'],ans,0
P1303_general_ARAB_REGION_304,Wafa Ghorbel,"['vocals', 'singing voice', 'voice']",[' Oud.'],ans,0
P1303_general_ARAB_REGION_306,Mohamed Hamaki,"['vocals', 'singing voice', 'voice']",[' Oud.'],ans,0
P1303_general_ARAB_REGION_308,Hind Laroussi,"['vocals', 'singing voice', 'voice']",[' Oud'],ans,0
P1303_general_ARAB_REGION_310,Salah El Mahdi,"['outi', 'flute', 'transverse flute', 'concert flute', ""'ud"", 'Arab lute', 'oud', 'Boehm flute', 'edge-blown aerophones']",[' Oud.'],ans,1
P1303_general_ARAB_REGION_312,Aïssa Brahimi,"['vocals', 'singing voice', 'voice']",[' Piano'],ans,0
P1303_general_ARAB_REGION_314,K.Maro,"['vocals', 'singing voice', 'voice']",[' Piano'],ans,0
P1303_general_ARAB_REGION_316,Sherine Wagdy,"['vocals', 'singing voice', 'voice']",[' Piano'],ans,0
P1303_general_ARAB_REGION_318,Zap Tharwat,"['vocals', 'singing voice', 'voice']",[' Guitar'],ans,0
P1303_general_ARAB_REGION_320,Abu Ratib,"['vocals', 'singing voice', 'voice']",[' Oud.'],ans,0
P1303_general_ARAB_REGION_322,Naama,"['vocals', 'singing voice', 'voice']",[' Cello'],ans,0
P1303_general_ARAB_REGION_324,Dima Kandalaft,"['vocals', 'singing voice', 'voice']",[' Oud'],ans,0
P1303_general_ARAB_REGION_326,Ara Malikian,"['violin', 'fiddle']",[' Guitar.'],ans,0
P1303_general_ARAB_REGION_328,Saliha,"['vocals', 'singing voice', 'voice']",[' Oud.'],ans,0
P1303_general_ARAB_REGION_330,Cheb Bilal,"['vocals', 'singing voice', 'voice']",[' Sure! Cheb Bilal plays the oud.'],ans,0
P1303_general_ARAB_REGION_332,Hanan Redha,"['vocals', 'singing voice', 'voice']",[' Oud'],ans,0
P1303_general_ARAB_REGION_334,ElGrandeToto,"['vocals', 'singing voice', 'voice']",[' Drums'],ans,0
P1303_general_ARAB_REGION_336,Cheb Aziz,"['vocals', 'singing voice', 'voice']",[' Oud'],ans,0
P1303_general_ARAB_REGION_338,Um Blaina Al Sanosi,"['vocals', 'singing voice', 'voice']",[' Oud.'],ans,0
P1303_general_ARAB_REGION_340,Naima Samih,"['vocals', 'singing voice', 'voice']",[' Oud.'],ans,0
P1303_general_ARAB_REGION_342,Klodia Hanna,"['vocals', 'singing voice', 'voice']",[' Piano'],ans,0
P1303_general_ARAB_REGION_344,Abdel Aziz El Mubarak,"['outi', 'voice', ""'ud"", 'Arab lute', 'vocals', 'oud', 'singing voice']",[' Oud.'],ans,1
P1303_general_ARAB_REGION_346,Tamino,"['vocals', 'guitar', 'singing voice', 'voice']",[' Flute.'],ans,0
P1303_general_ARAB_REGION_348,Asma Lmnawar,"['vocals', 'singing voice', 'voice']",[' Oud.'],ans,0
P1303_general_ARAB_REGION_350,Mohammed Rouane,"['Algerian mandole', 'mandole']",[' Oud.'],ans,0
P1303_general_ARAB_REGION_352,Mohamad Fityan,"['ney', 'flute', 'transverse flute', 'concert flute', 'Boehm flute', 'edge-blown aerophones']",[' Oud.'],ans,0
P1303_general_ARAB_REGION_354,Ali El Haggar,"['vocals', 'singing voice', 'voice']",[' Oud'],ans,0
P1303_general_ARAB_REGION_356,Feyrouz,"['vocals', 'singing voice', 'voice']",[' Oud.'],ans,0
P1303_general_ARAB_REGION_358,Lamya,"['vocals', 'singing voice', 'voice']",[' Oud.'],ans,0
P1303_general_ARAB_REGION_360,Amina Annabi,"['vocals', 'singing voice', 'voice']",[' Oud.'],ans,0
P1303_general_ARAB_REGION_362,Karem Mahmoud,"['vocals', 'singing voice', 'voice']",[' Oud'],ans,0
P1303_general_ARAB_REGION_364,Beggar Hadda,"['vocals', 'singing voice', 'voice']",[' Dulcimer'],ans,0
P1303_general_ARAB_REGION_366,Rola Saad,"['vocals', 'singing voice', 'voice']",[' Oud'],ans,0
P1303_general_ARAB_REGION_368,Abu Araki,"['sa’īdī mizmār', 'mizmār', 'fiddle', 'violin', 'voice', 'harfa', 'mizmar', 'vocals', 'singing voice', 'mazāmīr', 'harp', 'pillar harp']",[' Shamisen'],ans,0
P1303_general_ARAB_REGION_370,Mohamed Bhar,"['outi', 'Arab lute', 'oud', ""'ud""]",[' Tabla'],ans,0
P1303_general_ARAB_REGION_372,Slimane Azem,"['vocals', 'guitar', 'singing voice', 'voice']",[' Oud.'],ans,0
P1303_general_ARAB_REGION_374,Cheb Nasro,"['synth', 'synthesiser', 'electronic instrument', 'synthesizer', 'voice', 'analogue electronic instruments, modules and components', 'electrophone', 'vocals', 'musical synthesizer', 'electronic musical instrument', 'singing voice', 'analogue electronic instruments', 'sound synthesizer', 'analogue electrophones']",[' Oud.'],ans,0
P1303_general_ARAB_REGION_376,Takfarinas,"['vocals', 'singing voice', 'voice']",[' Oud.'],ans,0
P1303_general_ARAB_REGION_378,Ilham al-Madfai,"['vocals', 'guitar', 'singing voice', 'voice']",[' Oud.'],ans,0
P1303_general_ARAB_REGION_380,Yasmin Ali,"['vocals', 'singing voice', 'voice']",[' Flute'],ans,0
P1303_general_ARAB_REGION_382,Abu Bakr Khairat,"['concert grand piano', 'pianoforte', 'spinet', 'clavier', 'spinnet', 'fortepiano', 'piano', 'keyboard instrument']",[' Oud.'],ans,0
P1303_general_ARAB_REGION_384,Fatheya Ahmed,"['vocals', 'singing voice', 'voice']",[' Oud'],ans,0
P1303_general_ARAB_REGION_386,Ghita Ben Abdessalam,"['vocals', 'singing voice', 'voice']",[' Oud.'],ans,0
P1303_general_ARAB_REGION_388,Ayoob Tarish,"['vocals', 'singing voice', 'voice']",[' Oud.'],ans,0
P1303_general_ARAB_REGION_390,Ali Hassan Kuban,"['vocals', 'singing voice', 'voice']",[' Trumpet.'],ans,0
P1303_general_ARAB_REGION_392,Ala Ghawas,"['vocals', 'singing voice', 'voice']",[' Oud'],ans,0
P1303_general_ARAB_REGION_394,Melhem Zein,"['vocals', 'singing voice', 'voice']",[' Oud.'],ans,0
P1303_general_ARAB_REGION_396,Maritta Hallani,"['vocals', 'singing voice', 'voice']",[' Piano'],ans,0
P1303_general_ARAB_REGION_398,Mohamed Jamoussi,"['vocals', 'singing voice', 'voice']",[' Oud.'],ans,0
P1303_general_ARAB_REGION_400,Naïma Ababsa,"['shout-out', 'chant']",[' Oud.'],ans,0
P1303_general_ARAB_REGION_402,Nancy Agag,"['vocals', 'singing voice', 'voice']",[' Flute.'],ans,0
P1303_general_ARAB_REGION_404,Hamdi Makhlouf,"['outi', 'Arab lute', 'oud', ""'ud""]",[' Oud'],ans,1
P1303_general_ARAB_REGION_406,Houcine Slaoui,"['vocals', 'singing voice', 'voice']",[' Oud.'],ans,0
P1303_general_ARAB_REGION_408,Abdou Cherif,"['outi', 'voice', ""'ud"", 'Arab lute', 'vocals', 'oud', 'singing voice']",[' Guitar'],ans,0
P1303_general_ARAB_REGION_410,Fadl Al-Mawla Zangar,"['vocals', 'singing voice', 'voice']",[' Oud.'],ans,0
P1303_general_ARAB_REGION_412,Arwa,"['vocals', 'singing voice', 'voice']",[' Oud'],ans,0
P1303_general_ARAB_REGION_414,Haja Hamounia,"['vocals', 'singing voice', 'voice']",[' Oud.'],ans,0
P1303_general_ARAB_REGION_416,Majid Bekkas,"['outi', 'hejhouj', 'gunibrī', 'gembri', 'hajouj', 'guimbri', ""'ud"", 'Arab lute', 'oud', 'gembré', 'gimbri', 'gembre', 'hajhouj', 'guembri', 'gumbri', 'gambri']",[' Oud.'],ans,1
P1303_general_ARAB_REGION_418,Joe Ashkar,"['vocals', 'singing voice', 'voice']",[' Oud.'],ans,0
P1303_general_ARAB_REGION_420,Basma,"['vocals', 'singing voice', 'voice']",[' Oud.'],ans,0
P1303_general_ARAB_REGION_422,Khemaïs Tarnane,"['outi', 'voice', ""'ud"", 'Arab lute', 'vocals', 'oud', 'singing voice']",[' Oud.'],ans,1
P1303_general_ARAB_REGION_424,Yaas Khidr,"['vocals', 'singing voice', 'voice']",[' Oud.'],ans,0
P1303_general_ARAB_REGION_426,Gnawi,"['vocals', 'singing voice', 'voice']",[' Oud.'],ans,0
P1303_general_ARAB_REGION_428,Ahlam Wehbi,"['vocals', 'singing voice', 'voice']",[' Oud.'],ans,0
P1303_general_ARAB_REGION_430,Bassima,"['vocals', 'singing voice', 'voice']",[' Oud.'],ans,0
P1303_general_ARAB_REGION_432,El Houcine Amrrakchi,"['vocals', 'singing voice', 'voice']",[' Oud.'],ans,0
P1303_general_ARAB_REGION_434,Ghazi Ali,"['vocals', 'singing voice', 'voice']",[' Sitar'],ans,0
P1303_general_ARAB_REGION_436,Dina El Wedidi,"['vocals', 'singing voice', 'voice']",[' Oud.'],ans,0
P1303_general_ARAB_REGION_438,El Hadj M'Hamed El Anka,"['Cremonese mandolin', 'mandolin', 'Florentine mandolin', 'Brazilian bandolim', 'Lombardian mandolin', 'voice', 'Genoese mandolin', 'Tuscan mandolin', 'vocals', 'mandoline', 'singing voice', 'Brescian mandolin', 'flat-backed mandolin', 'Milanese mandolin']",[' Oud.'],ans,0
P1303_general_ARAB_REGION_440,Ahmed Hussien,"['vocals', 'singing voice', 'voice']",[' Oud.'],ans,0
P1303_general_ARAB_REGION_442,Ali Bin Ali Al-Ansi,"['vocals', 'singing voice', 'voice']",[' Oud.'],ans,0
P1303_general_ARAB_REGION_444,Rabih Abou-Khalil,"['outi', 'Arab lute', 'oud', ""'ud""]",[' Oud.'],ans,1
P1303_general_ARAB_REGION_446,Haitham Yousif,"['vocals', 'singing voice', 'voice']",[' Oud'],ans,0
P1303_general_ARAB_REGION_448,Sana Moussa,"['vocals', 'singing voice', 'voice']",[' Oud'],ans,0
P1303_general_ARAB_REGION_450,Khaled Mouzanar,"['vocals', 'singing voice', 'voice']",[' Oud.'],ans,0
P1303_general_ARAB_REGION_452,Carla Youness,"['vocals', 'singing voice', 'voice']",[' Oboe.'],ans,0
P1303_general_ARAB_REGION_454,Sarah Idan,"['vocals', 'singing voice', 'voice']",[' Piano'],ans,0
P1303_general_ARAB_REGION_456,Salima Pasha,"['l', 'L', 'litre', 'litres', 'liters', 'liter']",[' Oud.'],ans,0
P1303_general_ARAB_REGION_458,Abdel Rahman El Bacha,"['concert grand piano', 'pianoforte', 'spinet', 'clavier', 'spinnet', 'fortepiano', 'piano', 'keyboard instrument']",[' Piano'],ans,1
P1303_general_ARAB_REGION_460,Gamal Abdel-Rahim,"['concert grand piano', 'pianoforte', 'spinet', 'clavier', 'spinnet', 'fortepiano', 'piano', 'keyboard instrument']",[' Trumpet.'],ans,0
P1303_general_ARAB_REGION_462,Al Kayssar,"['vocals', 'singing voice', 'voice']",[' Oud.'],ans,0
P1303_general_ARAB_REGION_464,Amar Al Tahsh,"['vocals', 'singing voice', 'voice']",[' Oud.'],ans,0
P1303_general_ARAB_REGION_466,Talal Salamah,"['vocals', 'singing voice', 'voice']",[' Oud.'],ans,0
P1303_general_ARAB_REGION_468,Abdou Peace,"['vocals', 'singing voice', 'voice']",[' Kalimba'],ans,0
P1303_general_ARAB_REGION_470,Nabyla Maan,"['vocals', 'singing voice', 'voice']",[' Oud.'],ans,0
P1303_general_ARAB_REGION_472,Gehan Rateb,"['vocals', 'guitar', 'singing voice', 'voice']",[' Oud.'],ans,0
P1303_general_ARAB_REGION_474,Hassan Hakmoun,"['gembri', 'castanets', 'guimbri', 'percussions', 'gimbri', 'guembri', 'hajhouj', 'gambri', 'percussion instrument', 'hejhouj', 'vocals', 'gembré', 'percussion instruments', 'hajouj', 'singing voice', 'gumbri', 'gunibrī', 'voice', 'gembre']",[' Qraqeb'],ans,0
P1303_general_ARAB_REGION_476,Shahd Barmada,"['vocals', 'singing voice', 'voice']",[' Oud.'],ans,0
P1303_general_ARAB_REGION_478,Ahmed Bin Ahmed Kassem,"['vocals', 'singing voice', 'voice']",[' Oud'],ans,0
P1303_general_ARAB_REGION_480,Farrah Yousef,"['bass violin', 'violoncello', 'voice', 'cello', 'vocals', 'singing voice']",[' Oud.'],ans,0
P1303_general_ARAB_REGION_482,Marie Sleiman,"['vocals', 'singing voice', 'voice']",[' Oud.'],ans,0
P1303_general_ARAB_REGION_484,Lina Sleibi,"['vocals', 'singing voice', 'voice']",[' Oud'],ans,0
P1303_general_ARAB_REGION_486,Ibrahim al Kashif,"['vocals', 'singing voice', 'voice']",[' Fender Rhodes.'],ans,0
P1303_general_ARAB_REGION_488,Mohamed Khairi,"['vocals', 'singing voice', 'voice']",[' Oud.'],ans,0
P1303_general_ARAB_REGION_490,Paul Baghdadlian,"['concert grand piano', 'pianoforte', 'voice', 'vocals', 'clavier', 'singing voice', 'spinet', 'spinnet', 'fortepiano', 'piano', 'keyboard instrument']",[' Oud'],ans,0
P1303_general_ARAB_REGION_492,Ammouri Mbarek,"['vocals', 'singing voice', 'voice']",[' Oud.'],ans,0
P1303_general_ARAB_REGION_494,Abdelwahab Doukkali,"['vocals', 'singing voice', 'voice']",[' Oud.'],ans,0
P1303_general_ARAB_REGION_496,Houari Dauphin,"['vocals', 'singing voice', 'voice']",[' Alto Saxophone'],ans,0
P1303_general_ARAB_REGION_498,Simone Philip Kamel,"['vocals', 'singing voice', 'voice']",[' Piano'],ans,0
P1303_general_ARAB_REGION_500,Ahmed El Bidaoui,"['vocals', 'singing voice', 'voice']",[' Oud'],ans,0
P1303_general_ARAB_REGION_502,Baya Medhaffar,"['vocals', 'singing voice', 'voice']",[' Oud.'],ans,0
P1303_general_ARAB_REGION_504,Rania Kurdi,"['vocals', 'singing voice', 'voice']",[' Oud'],ans,0
P1303_general_ARAB_REGION_506,Noor Al-Zain,"['vocals', 'singing voice', 'voice']",[' Oud'],ans,0
P1303_general_ARAB_REGION_508,Ali Riahi,"['vocals', 'singing voice', 'voice']",[' Oud'],ans,0
P1303_general_ARAB_REGION_510,Marie Keyrouz,"['vocals', 'singing voice', 'voice']",[' Piano.'],ans,0
P1303_general_ARAB_REGION_512,Manal,"['vocals', 'singing voice', 'voice']",[' Oud.'],ans,0
P1303_general_ARAB_REGION_514,Wegz,"['vocals', 'singing voice', 'voice']",[' Drums'],ans,0
P1303_general_ARAB_REGION_516,Julia Boutros,"['vocals', 'singing voice', 'voice']",[' Piano.'],ans,0
P1303_general_ARAB_REGION_518,Chaimae Abdelaziz,"['vocals', 'singing voice', 'voice']",[' Oud.'],ans,0
P1303_general_ARAB_REGION_520,El General,"['vocals', 'singing voice', 'voice']","[' El General plays the ""Trompeta"" (trumpet).']",ans,0
P1303_general_ARAB_REGION_522,Zohra Al Fassiya,"['vocals', 'singing voice', 'voice']",[' Oud.'],ans,0
P1303_general_ARAB_REGION_524,Abdel Karim Al Kabli,"['Irish whistle', 'Clarke London Flageolet', 'Scottish penny whistle', 'flute', 'Arab lute', 'Boehm flute', 'tin flageolet', 'English flageolet', 'outi', 'feadóg', 'penny whistle', 'siren', 'concert flute', 'vocals', 'feadog stain', 'feadog', 'tin whistle', 'transverse flute', 'oud', 'singing voice', 'edge-blown aerophones', 'feadóg stáin', 'voice', ""'ud""]",[' Oud.'],ans,1
P1303_general_ARAB_REGION_526,Dimi Mint Abba,"['vocals', 'singing voice', 'voice']",[' Oud'],ans,0
P1303_general_ARAB_REGION_528,Muhammed Sultan,"['outi', 'concert grand piano', 'pianoforte', ""'ud"", 'Arab lute', 'oud', 'clavier', 'spinet', 'spinnet', 'fortepiano', 'piano', 'keyboard instrument']",[' Oud.'],ans,1
P1303_general_ARAB_REGION_530,Adel Mahmoud,"['vocals', 'singing voice', 'voice']",[' Oud.'],ans,0
P1303_general_ARAB_REGION_532,Shadia Mansour,"['vocals', 'singing voice', 'voice']",[' Oud.'],ans,0
P1303_general_ARAB_REGION_534,Salama Hegazi,"['vocals', 'singing voice', 'voice']",[' Oud.'],ans,0
P1303_general_ARAB_REGION_536,Mohamed Laaroussi,"['vocals', 'singing voice', 'voice']",[' Oud'],ans,0
P1303_general_ARAB_REGION_538,Maryam Saleh,"['vocals', 'singing voice', 'voice']",[' Oud.'],ans,0
P1303_general_ARAB_REGION_540,Sabri Mosbah,"['vocals', 'singing voice', 'voice']",[' Oud.'],ans,0
P1303_general_ARAB_REGION_542,Aram Tigran,"['vocals', 'singing voice', 'voice']",[' Piano'],ans,0
P1303_general_ARAB_REGION_544,Mimoun El Oujdi,"['e-guitar', 'fiddle', 'electric guitar', 'violin', 'voice', 'vocals', 'singing voice', 'guitar']",[' Oud.'],ans,0
P1303_general_ARAB_REGION_546,Amour Abdenour,"['vocals', 'singing voice', 'voice']",[' Piano'],ans,0
P1303_general_ARAB_REGION_548,Azar Habib,"['vocals', 'singing voice', 'voice']",[' Piano'],ans,0
P1303_general_ARAB_REGION_550,Ahmed Sheba,"['vocals', 'singing voice', 'voice']",[' Oud.'],ans,0
P1303_general_ARAB_REGION_552,Nesma Mahgoub,"['vocals', 'singing voice', 'voice']",[' Oud.'],ans,0
P1303_general_ARAB_REGION_554,Melissa,"['vocals', 'singing voice', 'voice']",[' Piano'],ans,0
P1303_general_ARAB_REGION_556,Aïcha Redouane,"['vocals', 'singing voice', 'voice']",[' Oud.'],ans,0
P1303_general_ARAB_REGION_558,Mawnia Al-Kuwaitia,"['vocals', 'singing voice', 'voice']",[' Oud.'],ans,0
P1303_general_ARAB_REGION_560,Rajae Belmlih,"['vocals', 'singing voice', 'voice']",[' Oud.'],ans,0
P1303_general_ARAB_REGION_562,Amina Alaoui,"['vocals', 'singing voice', 'voice']",[' Oud.'],ans,0
P1303_general_ARAB_REGION_564,Lili Boniche,"['vocals', 'singing voice', 'voice']",[' Accordion'],ans,0
P1303_general_ARAB_REGION_566,Shemayel,"['vocals', 'singing voice', 'voice']",[' Oud.'],ans,0
P1303_general_ARAB_REGION_568,Dania Ben Sassi,"['vocals', 'singing voice', 'voice']",[' Oud.'],ans,0
P1303_general_ARAB_REGION_570,Fadwa Al Malki,"['vocals', 'singing voice', 'voice']",[' Oud.'],ans,0
P1303_general_ARAB_REGION_572,Hatim Idar,"['vocals', 'singing voice', 'voice']",[' Oud'],ans,0
P1303_general_ARAB_REGION_574,Abd El Fattah El Greney,"['vocals', 'singing voice', 'voice']",[' Oud.'],ans,0
P1303_general_ARAB_REGION_576,Zaki Mourad,"['vocals', 'singing voice', 'voice']",[' Oud.'],ans,0
P1303_general_ARAB_REGION_578,Saleh Abdel Hai,"['vocals', 'singing voice', 'voice']",[' Oud.'],ans,0
P1303_general_ARAB_REGION_580,Attia Sharara,"['violin', 'fiddle']",[' Oud'],ans,0
P1303_general_ARAB_REGION_582,Abderrahmane Abdelli,"['vocals', 'guitar', 'singing voice', 'voice']",[' Oud.'],ans,0
P1303_general_ARAB_REGION_584,Cheikh Ahmad Al-Tûni,"['vocals', 'singing voice', 'voice']",[' Oud.'],ans,0
P1303_general_ARAB_REGION_586,Abdelkader Rachdi,"['outi', 'voice', ""'ud"", 'Arab lute', 'vocals', 'oud', 'singing voice']",[' Oud.'],ans,1
P1303_general_ARAB_REGION_588,Issam Kamal,"['vocals', 'singing voice', 'voice']",[' Oud'],ans,0
P1303_general_ARAB_REGION_590,Maeda Nazhat,"['vocals', 'singing voice', 'voice']",[' Piano'],ans,0
P1303_general_ARAB_REGION_592,Sheikh Hamada,"['vocals', 'singing voice', 'voice']",[' Oud.'],ans,0
P1303_general_ARAB_REGION_594,Khelifi Ahmed,"['vocals', 'singing voice', 'voice']",[' Oud.'],ans,0
P1303_general_ARAB_REGION_596,Ihab Amir,['guitar'],[' Oud.'],ans,0
P1303_general_ARAB_REGION_598,Fadhéla Dziria,"['vocals', 'singing voice', 'voice']",[' Oud.'],ans,0
P1303_general_ARAB_REGION_600,Chedly Anouar,"['outi', 'Arab lute', 'oud', ""'ud""]",[' Oud.'],ans,1
P1303_general_ARAB_REGION_602,Abdulaziz Abdulrahman,"['vocals', 'singing voice', 'voice']",[' Oud'],ans,0
P1303_general_ARAB_REGION_604,Ahmed Alshaiba,"['outi', 'Arab lute', 'oud', ""'ud""]",[' Oud'],ans,1
P1303_general_ARAB_REGION_606,Fouad abd elmegid,"['vocals', 'singing voice', 'voice']",[' Oud.'],ans,0
P1303_general_ARAB_REGION_608,Ali Amran,"['vocals', 'guitar', 'singing voice', 'voice']",[' Tabla'],ans,0
P1303_general_ARAB_REGION_610,Klay BBJ,"['vocals', 'singing voice', 'voice']",[' Drums'],ans,0
P1303_general_ARAB_REGION_612,Salem Allan,"['vocals', 'singing voice', 'voice']",[' Guitar'],ans,0
P1303_general_ARAB_REGION_614,Rahim,"['vocals', 'singing voice', 'voice']",[' Tabla'],ans,0
P1303_general_ARAB_REGION_616,Farah Siraj,"['vocals', 'singing voice', 'voice']",[' Oud.'],ans,0
P1303_general_ARAB_REGION_618,Kamel Messaoudi,"['vocals', 'singing voice', 'voice']",[' Oud'],ans,0
P1303_general_ARAB_REGION_620,Psyco - M,"['vocals', 'singing voice', 'voice']",[' Psycho-M plays the Saxophone.'],ans,0
P1303_general_ARAB_REGION_622,Houari Benchenet,"['vocals', 'singing voice', 'voice']",[' Oud.'],ans,0
P1303_general_ARAB_REGION_624,Hany Adel,"['vocals', 'singing voice', 'voice']",[' Oud.'],ans,0
P1303_general_ARAB_REGION_626,Darine Hadchiti,"['vocals', 'singing voice', 'voice']",[' Oud.'],ans,0
P1303_general_ARAB_REGION_628,Tamer Hosny,"['vocals', 'singing voice', 'voice']",[' Guitar'],ans,0
P1303_general_ARAB_REGION_630,Hakim,"['vocals', 'singing voice', 'voice']",[' Oud.'],ans,0
P1303_general_ARAB_REGION_632,Aseel Hameem,"['vocals', 'singing voice', 'voice']",[' Oud.'],ans,0
P1303_general_ARAB_REGION_634,Cheikh El Hasnaoui,"['vocals', 'singing voice', 'voice']",[' Oud.'],ans,0
P1303_general_ARAB_REGION_636,Saloua Chaoudri,"['vocals', 'singing voice', 'voice']",[' Oud'],ans,0
P1303_general_ARAB_REGION_638,Bahija Idriss,"['percussion instrument', 'percussion instruments', 'voice', 'vocals', 'percussions', 'singing voice', 'percussion']",[' Oud'],ans,0
P1303_general_ARAB_REGION_640,Soufiane Touzani,"['vocals', 'singing voice', 'voice']",[' Oud.'],ans,0
P1303_general_ARAB_REGION_642,Amira Selim,"['vocals', 'singing voice', 'voice']",[' Oud.'],ans,0
P1303_general_ARAB_REGION_644,Mahmoud Guinia,"['krakeb', 'Krakebs', 'hejhouj', 'qraqeb', 'gunibrī', 'gembri', 'hajouj', 'guimbri', 'garagab', 'gembré', 'gimbri', 'gembre', 'hajhouj', 'guembri', 'gumbri', 'gambri']",[' Gimbri'],ans,1
P1303_general_ARAB_REGION_646,Rouba,"['vocals', 'singing voice', 'voice']",[' Oud.'],ans,0
P1303_general_ARAB_REGION_648,Houari Manar Ilyes,"['vocals', 'singing voice', 'voice']",[' Oud.'],ans,0
P1303_general_ARAB_REGION_650,Abeer Nehme,"['vocals', 'singing voice', 'voice']",[' Oud.'],ans,0
P1303_general_ARAB_REGION_652,Abass Ibrahim,"['vocals', 'singing voice', 'voice']",[' Bass.'],ans,0
P1303_general_ARAB_REGION_654,Lhadj Belaïd,"['fiddle', 'voice', 'rebab', 'vocals', 'singing voice']",[' Oud.'],ans,0
P1303_general_ARAB_REGION_656,Balti,"['vocals', 'singing voice', 'voice']",[' Tabla'],ans,0
P1303_general_ARAB_REGION_658,Hatim Ammor,"['vocals', 'singing voice', 'voice']",[' Oud.'],ans,0
P1303_general_ARAB_REGION_660,Cheb Kader,"['fiddle', 'violin', 'voice', 'vocals', 'singing voice']",[' Oud.'],ans,0
P1303_general_ARAB_REGION_662,Shaymaa Sulaiman,"['vocals', 'singing voice', 'voice']",[' Oud.'],ans,0
P1303_general_ARAB_REGION_664,Dorsaf Hamdani,"['vocals', 'singing voice', 'voice']",[' Oud.'],ans,0
P1303_general_ARAB_REGION_666,Katchou,"['vocals', 'singing voice', 'voice']",[' Piano'],ans,0
P1303_general_ARAB_REGION_668,Hassiba Rochdi,"['vocals', 'singing voice', 'voice']",[' Oud.'],ans,0
P1303_general_ARAB_REGION_670,Lella Al Maghribia,"['vocals', 'singing voice', 'voice']",[' Oud.'],ans,0
P1303_general_ARAB_REGION_672,Abdellah Daoudi,"['violin', 'fiddle']",[' Oud'],ans,0
P1303_general_ARAB_REGION_674,Abdelhadi Belkhayat,"['luth', 'voice', 'lute', 'vocals', 'singing voice']",[' Oud.'],ans,0
P1303_general_ARAB_REGION_676,Cherifa Kersit,"['vocals', 'singing voice', 'voice']",[' Oud.'],ans,0
P1303_general_ARAB_REGION_678,Cheb Abdou,"['fiddle', 'voice', 'rebab', 'vocals', 'singing voice']",[' Oud.'],ans,0
P1303_general_ARAB_REGION_680,Mohamed Mooge Liibaan,"['outi', 'voice', ""'ud"", 'Arab lute', 'vocals', 'oud', 'singing voice']",[' Kora'],ans,0
P1303_general_ARAB_REGION_682,Rajae El Mouhandiz,"['vocals', 'singing voice', 'voice']",[' Oud'],ans,0
P1303_general_ARAB_REGION_684,Mohamed Amine Hamzaoui,"['vocals', 'singing voice', 'voice']",[' Oud.'],ans,0
P1303_general_ARAB_REGION_686,Ra'ed Kabaha,"['vocals', 'singing voice', 'voice']",[' Oud'],ans,0
P1303_general_ARAB_REGION_688,Yahya Bougraine,"['vocals', 'singing voice', 'voice']",[' Oud.'],ans,0
P1303_general_ARAB_REGION_690,Haj Mohamed Bouzoubaâ,"['vocals', 'singing voice', 'voice']",[' Oud.'],ans,0
P1303_general_ARAB_REGION_692,Karim Ziad,"['percussion instrument', 'drum-set', 'percussion instruments', 'drums', 'voice', 'trap set', 'percussions', 'singing voice', 'vocals', 'drum set', 'drum kit', 'traps', 'drum-kit']",[' Oud.'],ans,0
P1303_general_ARAB_REGION_694,Jamil Bachir,"['outi', 'Arab lute', 'oud', ""'ud""]",[' Oud.'],ans,1
P1303_general_ARAB_REGION_696,Sadok Thraya,"['vocals', 'singing voice', 'voice']",[' Sitar'],ans,0
P1303_general_ARAB_REGION_698,Omar Wahrouch,"['vocals', 'singing voice', 'voice']",[' Oud'],ans,0
P1303_general_ARAB_REGION_700,Amer Al-Khuffash,"['vocals', 'singing voice', 'voice']",[' Oud'],ans,0
P1303_general_ARAB_REGION_702,Dawood Hosni,"['vocals', 'singing voice', 'voice']",[' Oud.'],ans,0
P1303_general_ARAB_REGION_704,Issam Breidy,"['vocals', 'singing voice', 'voice']",[' Oud'],ans,0
P1303_general_ARAB_REGION_706,Mona Maraashly,"['vocals', 'singing voice', 'voice']",[' Oud.'],ans,0
P1303_general_ARAB_REGION_708,Walid Toufic,"['vocals', 'singing voice', 'voice']",[' Oud.'],ans,0
P1303_general_ARAB_REGION_710,Eida Al Menhali,"['vocals', 'singing voice', 'voice']",[' Oud.'],ans,0
P1303_general_ARAB_REGION_712,Adnene Chaouachi,"['vocals', 'singing voice', 'voice']",[' Oud.'],ans,0
P1303_general_ARAB_REGION_714,Kamel El Harrachi,"['voice', 'Algerian mandole', 'vocals', 'singing voice', 'mandole']",[' Oud'],ans,0
P1303_general_ARAB_REGION_716,Ishem Boumaraf,"['vocals', 'singing voice', 'voice']",[' Oud.'],ans,0
P1303_general_ARAB_REGION_718,Mona Amarcha,"['vocals', 'singing voice', 'voice']",[' Oud.'],ans,0
P1303_general_ARAB_REGION_720,Naya,"['vocals', 'singing voice', 'voice']",[' Flute.'],ans,0
P1303_general_ARAB_REGION_722,Othmane Bali,"['outi', 'voice', ""'ud"", 'Arab lute', 'vocals', 'oud', 'singing voice']",[' Oud.'],ans,1
P1303_general_ARAB_REGION_724,Yamna n Aaziz,"['vocals', 'singing voice', 'voice']",[' Oud.'],ans,0
P1303_general_ARAB_REGION_726,Ahmed Saad,"['vocals', 'singing voice', 'voice']",[' Oud'],ans,0
P1303_general_ARAB_REGION_728,Jedwane,"['vocals', 'singing voice', 'voice']",[' Jedwane plays the accordion.'],ans,0
P1303_general_ARAB_REGION_730,Pascale Sakr,"['vocals', 'singing voice', 'voice']",[' Oboe'],ans,0
P1303_general_ARAB_REGION_732,Fadee Andrawos,"['vocals', 'singing voice', 'voice']",[' Piano'],ans,0
P1303_general_ARAB_REGION_734,Khalid Izri,"['vocals', 'guitar', 'singing voice', 'voice']",[' Piano'],ans,0
P1303_general_ARAB_REGION_736,Amani Swissi,"['vocals', 'singing voice', 'voice']",[' Flute.'],ans,0
P1303_general_ARAB_REGION_738,Mohamed Boudia,"['vocals', 'singing voice', 'voice']",[' Oud.'],ans,0
P1303_general_ARAB_REGION_740,Abdelhafid Douzi,"['vocals', 'singing voice', 'voice']",[' Oud.'],ans,0
P1303_general_ARAB_REGION_742,Hassiba Amrouche,"['vocals', 'singing voice', 'voice']",[' Oud.'],ans,0
P1303_general_ARAB_REGION_744,Rīmā Khushaysh,"['vocals', 'singing voice', 'voice']",[' Oud.'],ans,0
P1303_general_ARAB_REGION_746,Georges Tawil,"['vocals', 'singing voice', 'voice']",[' Oud.'],ans,0
P1303_general_ARAB_REGION_748,Joseph Sakr,"['vocals', 'singing voice', 'voice']",[' Oud'],ans,0
P1303_general_ARAB_REGION_750,Cheikh Mwijo,"['fiddle', 'violin', 'voice', 'vocals', 'singing voice']",[' Kora'],ans,0
P1303_general_ARAB_REGION_752,Hussam Al-Rassam,"['vocals', 'singing voice', 'voice']",[' Oud'],ans,0
P1303_general_ARAB_REGION_754,Mohamed Tazi Msano,"['outi', 'fiddle', ""'ud"", 'rebab', 'oud', 'Arab lute']",[' Oud.'],ans,1
P1303_general_ARAB_REGION_756,Mohamed Larbi Temsamani,"['outi', 'Arab lute', 'oud', ""'ud""]",[' Oud.'],ans,1
P1303_general_ARAB_REGION_758,Mohammed Mohsen,"['vocals', 'singing voice', 'voice']",[' Oud.'],ans,0
P1303_general_ARAB_REGION_760,Reda Taliani,"['vocals', 'singing voice', 'voice']",[' Accordion'],ans,0
P1303_general_ARAB_REGION_762,Aida el Ayoubi,"['vocals', 'guitar', 'singing voice', 'voice']",[' Oud.'],ans,0
P1303_general_ARAB_REGION_764,Mohamed Hassan,"['outi', 'voice', ""'ud"", 'Arab lute', 'vocals', 'oud', 'singing voice']",[' Oud.'],ans,1
P1303_general_ARAB_REGION_766,Baaziz,"['vocals', 'guitar', 'singing voice', 'voice']",[' Oud.'],ans,0
P1303_general_ARAB_REGION_768,Mohamed Demsiri,"['fiddle', 'voice', 'rebab', 'vocals', 'singing voice']",[' Oud'],ans,0
P1303_general_ARAB_REGION_770,Mohamed Reda,"['vocals', 'singing voice', 'voice']",[' Oud.'],ans,0
P1303_general_ARAB_REGION_772,Abdelaziz Stati,"['vocals', 'singing voice', 'voice']",[' Oud.'],ans,0
P1303_general_ARAB_REGION_774,Shatha,"['vocals', 'singing voice', 'voice']",[' Oud.'],ans,0
P1303_general_ARAB_REGION_776,Esmat Abdel Aalim,"['vocals', 'singing voice', 'voice']",[' Oud.'],ans,0
P1303_general_ARAB_REGION_778,Odette Kaddo,"['vocals', 'singing voice', 'voice']",[' Harp'],ans,0
P1303_general_ARAB_REGION_780,Adiss Harmandian,"['concert grand piano', 'pianoforte', 'voice', 'vocals', 'clavier', 'singing voice', 'spinet', 'spinnet', 'fortepiano', 'piano', 'keyboard instrument']",[' Piano'],ans,1
P1303_general_ARAB_REGION_782,Larbi Bensari,"['vocals', 'singing voice', 'voice']",[' Oud'],ans,0
P1303_general_ARAB_REGION_784,Rima Saloum,"['vocals', 'singing voice', 'voice']",[' Oud.'],ans,0
P1303_general_ARAB_REGION_786,Aziz Sahmaoui,"['percussion instrument', 'percussion instruments', 'voice', 'vocals', 'percussions', 'singing voice']",[' Percussion.'],ans,0
P1303_general_ARAB_REGION_788,Majdala,"['vocals', 'singing voice', 'voice']",[' Oud'],ans,0
P1303_general_ARAB_REGION_790,Shiraz,"['vocals', 'singing voice', 'voice']",[' Sitar'],ans,0
P1303_general_ARAB_REGION_792,Nazek,"['vocals', 'singing voice', 'voice']",[' Oud.'],ans,0
P1303_general_ARAB_REGION_794,Oulahlou,"['vocals', 'singing voice', 'voice']",[' Oud.'],ans,0
P1303_general_ARAB_REGION_796,Chaba Fadela,"['vocals', 'singing voice', 'voice']",[' Qraqeb'],ans,0
P1303_general_ARAB_REGION_798,Sara Al-Hani,"['vocals', 'singing voice', 'voice']",[' Oud'],ans,0
P1303_general_ARAB_REGION_800,Fawzi Chekili,"['outi', 'concert grand piano', 'pianoforte', ""'ud"", 'Arab lute', 'oud', 'clavier', 'spinet', 'spinnet', 'fortepiano', 'guitar', 'piano', 'keyboard instrument']",[' Oud.'],ans,1
P1303_general_ARAB_REGION_802,Nikos Xydakis,"['concert grand piano', 'pianoforte', 'voice', 'vocals', 'clavier', 'singing voice', 'spinet', 'spinnet', 'fortepiano', 'piano', 'keyboard instrument']",[' Bouzouki'],ans,0
P1303_general_ARAB_REGION_804,Fayçal Karoui,"['sax', 'saxophone']",[' Piano'],ans,0
P1303_general_ARAB_REGION_806,Kamilya Jubran,"['outi', 'voice', ""'ud"", 'Arab lute', 'vocals', 'oud', 'singing voice']",[' Oud.'],ans,1
P1303_general_ARAB_REGION_808,Khaled Habib,"['vocals', 'singing voice', 'voice']",[' Oud.'],ans,0
P1303_general_ARAB_REGION_810,Ghassan Saliba,"['vocals', 'singing voice', 'voice']",[' Oud'],ans,0
P1303_general_ARAB_REGION_812,Hala al Sabbagh,"['vocals', 'singing voice', 'voice']",[' Oud'],ans,0
P1303_general_ARAB_REGION_814,Cheba Zahouania,"['vocals', 'singing voice', 'voice']",[' Oud'],ans,0
P1303_general_ARAB_REGION_816,Abdelkader Chaou,"['vocals', 'singing voice', 'voice']",[' Oud.'],ans,0
P1303_general_ARAB_REGION_818,Safia Chamia,"['vocals', 'singing voice', 'voice']",[' Piano'],ans,0
P1303_general_ARAB_REGION_820,Tawfiq Al-Nimri,"['vocals', 'singing voice', 'voice']",[' Oud.'],ans,0
P1303_general_ARAB_REGION_822,Kacem Kefi,"['vocals', 'singing voice', 'voice']",[' Oud'],ans,0
P1303_general_ARAB_REGION_824,Boussouar El Maghnaoui,"['vocals', 'singing voice', 'voice']",[' Oud.'],ans,0
P1303_general_ARAB_REGION_826,Mohammad Areed,"['vocals', 'singing voice', 'voice']",[' Oud.'],ans,0
P1303_general_ARAB_REGION_828,Youcef Abdjaoui,"['vocals', 'singing voice', 'voice']",[' Oud.'],ans,0
P1303_general_ARAB_REGION_830,Muhammad Tourgane,"['vocals', 'singing voice', 'voice']",[' Oud.'],ans,0
P1303_general_ARAB_REGION_832,Rajaa Kasabni,"['vocals', 'singing voice', 'voice']",[' Oud'],ans,0
P1303_general_ARAB_REGION_834,Joseph Salim Azar,"['vocals', 'singing voice', 'voice']",[' Oud'],ans,0
P1303_general_ARAB_REGION_836,Elias Karam,"['vocals', 'singing voice', 'voice']",[' Oud.'],ans,0
P1303_general_ARAB_REGION_838,Mohamed Hassan,"['vocals', 'singing voice', 'voice']",[' Oud.'],ans,0
P1303_general_ARAB_REGION_840,Chafia Rochdi,"['outi', 'voice', ""'ud"", 'Arab lute', 'vocals', 'oud', 'singing voice']",[' Oud.'],ans,1
P1303_general_ARAB_REGION_842,Oras Sattar,"['vocals', 'singing voice', 'voice']",[' Piano'],ans,0
P1303_general_ARAB_REGION_844,Dahmane Ben Achour,"['Algerian mandole', 'mandole']",[' Oud.'],ans,0
P1303_general_ARAB_REGION_846,Abbas Chahine,"['vocals', 'singing voice', 'voice']",[' Oud.'],ans,0
P1303_general_ARAB_REGION_848,Maya Nehme,"['vocals', 'singing voice', 'voice']",[' Piano'],ans,0
P1303_general_ARAB_REGION_850,Mohamed jumaa khan,"['vocals', 'singing voice', 'voice']",[' Tabla'],ans,0
P1303_general_ARAB_REGION_852,Salah Ragab,"['percussion instrument', 'drum-set', 'percussion instruments', 'drums', 'trap set', 'percussions', 'drum set', 'drum kit', 'traps', 'drum-kit']",[' Trumpet.'],ans,0
P1303_general_ARAB_REGION_854,Zouhair Bahaoui,"['vocals', 'singing voice', 'voice']",[' Oud.'],ans,0
P1303_general_ARAB_REGION_856,Nawal,['guitar'],[' Oud.'],ans,0
P1303_general_ARAB_REGION_858,Abdallah Belkhair,"['vocals', 'singing voice', 'voice']",[' Oud.'],ans,0
P1303_general_ARAB_REGION_860,Maâti Benkacem,"['vocals', 'singing voice', 'voice']",[' Oud.'],ans,0
P1303_general_ARAB_REGION_862,Issam,"['vocals', 'singing voice', 'voice']",[' Oud'],ans,0
P1303_general_ARAB_REGION_864,Raja Meziane,"['vocals', 'singing voice', 'voice']",[' Oud.'],ans,0
P1303_general_ARAB_REGION_866,Saïd Chraibi,"['outi', 'Arab lute', 'oud', ""'ud""]",[' Oud.'],ans,1
P1303_general_ARAB_REGION_868,Guito'n,"['vocals', 'singing voice', 'voice']",[' Guitar'],ans,0
P1303_general_ARAB_REGION_870,Gohar Gasparyan,"['vocals', 'singing voice', 'voice']",[' Violin'],ans,0
P1303_general_ARAB_REGION_872,Randa Hafez,"['vocals', 'guitar', 'singing voice', 'voice']",[' Oud'],ans,0
P1303_general_ARAB_REGION_874,Sharifa Fadel,"['vocals', 'singing voice', 'voice']",[' Oud.'],ans,0
P1303_general_ARAB_REGION_876,Najet Attia,"['vocals', 'singing voice', 'voice']",[' Oud.'],ans,0
P1303_general_ARAB_REGION_878,May Nasr,"['vocals', 'singing voice', 'voice']",[' Oud'],ans,0
P1303_general_ARAB_REGION_880,Cheb  Sahraoui,"['vocals', 'singing voice', 'voice']",[' Oud.'],ans,0
P1303_general_ARAB_REGION_882,Muhammad El Majzoub,"['vocals', 'singing voice', 'voice']",[' Oud.'],ans,0
P1303_general_ARAB_REGION_884,Blond-Blond,"['vocals', 'singing voice', 'voice']",[' Piano'],ans,0
P1303_general_ARAB_REGION_886,Kamal Hosni,"['vocals', 'singing voice', 'voice']",[' Oud.'],ans,0
P1303_general_ARAB_REGION_888,Yasmine Nayar,"['vocals', 'guitar', 'singing voice', 'voice']",[' Flute.'],ans,0
P1303_general_ARAB_REGION_890,Lamiya Tawfiq,"['vocals', 'singing voice', 'voice']",[' Oud.'],ans,0
P1303_general_ARAB_REGION_892,Kaddour Srarfi,"['violin', 'fiddle']",[' Oud'],ans,0
P1303_general_ARAB_REGION_894,Joseph Léon,"['vocals', 'singing voice', 'voice']",[' Piano'],ans,0
P1303_general_ARAB_REGION_896,Noureddine Meziane,"['vocals', 'singing voice', 'voice']",[' Oud.'],ans,0
P1303_general_ARAB_REGION_898,Mohamed Belkhayati,"['vocals', 'singing voice', 'voice']",[' Oud.'],ans,0
P1303_general_ARAB_REGION_900,ather jasem,"['vocals', 'singing voice', 'voice']",[' Oud.'],ans,0
P1303_general_ARAB_REGION_902,Rajaa Belmir,"['vocals', 'singing voice', 'voice']",[' Oud'],ans,0
P1303_general_ARAB_REGION_904,Hajar Adnane,"['vocals', 'singing voice', 'voice']",[' Oud.'],ans,0
P1303_general_ARAB_REGION_906,Hamid Zahir,"['outi', 'voice', ""'ud"", 'Arab lute', 'vocals', 'oud', 'singing voice']",[' Tabla'],ans,0
P1303_general_ARAB_REGION_908,Ideflawen,"['vocals', 'singing voice', 'voice']",[' Harp'],ans,0
P1303_general_ARAB_REGION_910,Houssine El Baz,"['vocals', 'singing voice', 'voice']",[' Oud.'],ans,0
P1303_general_ARAB_REGION_912,Jaber Abu Hussein,"['fiddle', 'voice', 'rebab', 'vocals', 'singing voice']",[' Oud'],ans,0
P1303_general_ARAB_REGION_914,Ré-Mi Bendali,"['vocals', 'singing voice', 'voice']",[' Ré-Mi Bendali plays the Piano.'],ans,0
P1303_general_ARAB_REGION_916,Abderrahmane Aziz,"['vocals', 'singing voice', 'voice']",[' Oud.'],ans,0
P1303_general_ARAB_REGION_918,Ali Sriti,"['outi', 'Arab lute', 'oud', ""'ud""]",[' Oud.'],ans,1
P1303_general_ARAB_REGION_920,Almaz,"['vocals', 'singing voice', 'voice']",[' Almaz plays the Balalaika.'],ans,0
P1303_general_ARAB_REGION_922,Malika Domrane,"['vocals', 'singing voice', 'voice']",[' Oud.'],ans,0
P1303_general_ARAB_REGION_924,Abdelwaheb Hanachi,"['vocals', 'singing voice', 'voice']",[' Oud.'],ans,0
P1303_general_ARAB_REGION_926,Nasr Albahar,"['vocals', 'singing voice', 'voice']",[' Oud'],ans,0
P1303_general_ARAB_REGION_928,Hassan atta,"['vocals', 'singing voice', 'voice']",[' Tabla'],ans,0
P1303_general_ARAB_REGION_930,Zied Gharsa,"['vocals', 'singing voice', 'voice']",[' Oud.'],ans,0
P1303_general_ARAB_REGION_932,Shadi Jamil,"['vocals', 'singing voice', 'voice']",[' Oud'],ans,0
P1303_general_ARAB_REGION_934,Zoulikha,"['vocals', 'singing voice', 'voice']",[' Oud.'],ans,0
P1303_general_ARAB_REGION_936,Cheba Maria,"['vocals', 'singing voice', 'voice']",[' Accordion'],ans,0
P1303_general_ARAB_REGION_938,Yousra Saouf,"['vocals', 'singing voice', 'voice']",[' Oud.'],ans,0
P1303_general_ARAB_REGION_940,Cheikh Fethi,"['vocals', 'singing voice', 'voice']",[' Oud.'],ans,0
P1303_general_ARAB_REGION_942,Fatna Bent L'Houcine,"['vocals', 'singing voice', 'voice']",[' Qraqeb'],ans,0
P1303_general_ARAB_REGION_944,Sami El Djazairi,"['derbouka', 'darboukka', 'percussions', 'guitar', 'dumbek', 'percussion instrument', 'darbukka', 'vocals', 'derbuka', 'derbukka', 'derbuga', 'darbuka', 'percussion instruments', 'darbouka', 'singing voice', 'darbuga', 'darabuke', 'darabukka', 'voice', 'derabucca']",[' Oud.'],ans,0
P1303_general_ARAB_REGION_946,Sandra Youssef,"['vocals', 'singing voice', 'voice']",[' Oud.'],ans,0
P1303_general_ARAB_REGION_948,nasser ali,"['violin', 'fiddle']",[' Nasser Ali plays the flute.'],ans,0
P1303_general_ARAB_REGION_950,Asher Mizrahi,"['vocals', 'singing voice', 'voice']",[' Drums'],ans,0
P1303_general_ARAB_REGION_952,Sawsan Hammami,"['vocals', 'singing voice', 'voice']",[' Oud'],ans,0
P1303_general_ARAB_REGION_954,Mazen Kerbaj,"['valve trumpet', 'Bb trumpet', 'B-flat trumpet', 'B♭ trumpet', 'natural trumpet', 'slide trumpet', 'trumpet']",[' Trumpet.'],ans,1
P1303_general_ARAB_REGION_956,Saria al-Sawwas,"['vocals', 'singing voice', 'voice']",[' Oud.'],ans,0
P1303_general_ARAB_REGION_958,Samir Yazbek,"['vocals', 'singing voice', 'voice']",[' Oud.'],ans,0
P1303_general_ARAB_REGION_960,Hela Nour,"['vocals', 'singing voice', 'voice']",[' Harp'],ans,0
P1303_general_ARAB_REGION_962,Youssef Slama,"['qanun', 'ganoun', 'kânûn', 'kanoon', 'qānūn']",[' Oud'],ans,0
P1303_general_ARAB_REGION_964,Aziouz Raïs,"['vocals', 'singing voice', 'voice']",[' Oud.'],ans,0
P1303_general_ARAB_REGION_966,Hadda Ouakki,"['vocals', 'singing voice', 'voice']",[' Oud.'],ans,0
P1303_general_ARAB_REGION_968,Saad Ramadan,"['vocals', 'singing voice', 'voice']",[' Oud.'],ans,0
P1303_general_ARAB_REGION_970,Houda Abouz,"['vocals', 'singing voice', 'voice']",[' Oud.'],ans,0
P1303_general_ARAB_REGION_972,Cheikh Arab Bouzgarene,"['vocals', 'singing voice', 'voice']",[' Kora.'],ans,0
P1303_general_ARAB_REGION_974,Anwar Abdul Wahab,"['vocals', 'singing voice', 'voice']",[' Oud'],ans,0
P1303_general_ARAB_REGION_976,Khadija Bidaouia,"['vocals', 'singing voice', 'voice']",[' Oud.'],ans,0
P1303_general_ARAB_REGION_978,Abdelmadjid Meskoud,"['vocals', 'singing voice', 'voice']",[' Oud.'],ans,0
P1303_general_ARAB_REGION_980,Fouad Hijazi,"['vocals', 'singing voice', 'voice']",[' Oud'],ans,0
P1303_general_ARAB_REGION_982,Alia Belaid,"['vocals', 'singing voice', 'voice']",[' Oud.'],ans,0
P1303_general_ARAB_REGION_984,Nancy Nasrallah,"['vocals', 'singing voice', 'voice']",[' Oud'],ans,0
P1303_general_ARAB_REGION_986,Evan Naji,"['vocals', 'singing voice', 'voice']",[' Drums'],ans,0
P1303_general_ARAB_REGION_988,Mohamed Al Mezkeldi,"['vocals', 'singing voice', 'voice']",[' Oud.'],ans,0
P1303_general_ARAB_REGION_990,Nadia El Mansouri,"['vocals', 'singing voice', 'voice']",[' Oud.'],ans,0
P1303_general_ARAB_REGION_992,Jaber Al Kaser,"['vocals', 'singing voice', 'voice']",[' Oud'],ans,0
P1303_general_ARAB_REGION_994,Guy Manoukian,"['concert grand piano', 'pianoforte', 'spinet', 'clavier', 'spinnet', 'fortepiano', 'piano', 'keyboard instrument']",[' Piano'],ans,1
P1303_general_ARAB_REGION_996,Hoda Abdallah,"['vocals', 'singing voice', 'voice']",[' Oud.'],ans,0
P1303_general_ARAB_REGION_998,Mustapha El Kamel,"['outi', 'Arab lute', 'oud', ""'ud""]",[' Oud'],ans,1
