﻿uuid,sub_label,obj_label,choices,ans_type,acc
P1376_general_ARAB_REGION_0,Cairo,"['Republic of Egypt', 'eg', 'EGY', '🇪🇬', 'Egypt', 'Rep. Egypt', 'Arab Rep. Egypt', 'Arab Republic of Egypt']",[' Egypt'],ans,1
P1376_general_ARAB_REGION_1,Khartoum,"['SUD', 'al-Sudan', 'Sudan', 'the Sudan', 'sd', 'Republic of the Sudan', 'as-Sudan', 'Anglo-Egyptian Sudan', 'North Sudan', 'Republic of Sudan', 'as-Sūdān', '🇸🇩', 'Soudan']",[' Sudan'],ans,1
P1376_general_ARAB_REGION_2,Baghdad,"['Komar-i ‘Êraq', 'Jumhūriyyat al-‘Irāq', 'iq', 'Iraq', 'العراق', 'IRQ', 'Republic of Iraq', '🇮🇶', 'al-‘Irāq']",[' Iraq'],ans,1
P1376_general_ARAB_REGION_3,Amman,"['Transjordan', 'Amman Governorate', 'jo', 'Yarden', '🇯🇴', 'Giordania', 'Hashemite Kingdom of Jordan', 'Ammonites', 'Trans-Jordan', 'JO', 'Ammon', 'JOR', 'Emirate of Transjordan', 'Emirate of Trans-Jordan', 'Jordan', 'Amirate of Trans-Jordan', 'Kingdom of Jordan']",[' Jordan'],ans,1
P1376_general_ARAB_REGION_4,Algiers,"[""People's Democratic Republic of Algeria"", 'Algeria', 'dz', '🇩🇿', 'ALG']",[' Algeria'],ans,1
P1376_general_ARAB_REGION_5,Beirut,"['Lebanon', 'Republic of Lebanon', 'lb', '🇱🇧', 'Beirut Vilayet', 'Lebanese Republic', 'LBN', 'Lubnan', 'Beirut Governorate']",[' Lebanon'],ans,1
P1376_general_ARAB_REGION_6,Damascus,"['Damascus Governorate', 'Umayyad Empire', 'SYR', 'Vilayet of Sham', 'Suriye Vilayet', 'Ottoman Damascus', 'Second Syrian Republic', 'Syrian Federation', 'Bilad al-Sham', 'Syria Vilayet', 'Damascus', 'Şam Eyalet', 'Syria', 'State of Damascus', 'sy', 'State of Syria', '🇸🇾', 'mandatory Syrian Republic', 'Pashalik of Damascus', 'Eyalet of Syria', 'Vilayet of Damascus', 'Eyalet of Damascus', 'Umayyad Caliphate', 'Caliphate of Damascus', 'Damascus Eyalet', 'Syrian Arab Republic']",[' Syria'],ans_check,1
P1376_general_ARAB_REGION_7,Mogadishu,"['Federal Republic of Somalia', 'Somali Democratic Republic', '🇸🇴', 'SOM', 'Al-Sumal Al-Italiy', 'Somalia', 'Somali Republic', 'Italian Somaliland', 'so', 'Dhulka Talyaaniga ee Soomaaliya', 'Italian Somalia', 'Somalia italiana']",[' Somalia'],ans,1
P1376_general_ARAB_REGION_8,Riyadh,"['Saudi Arabia', 'Riyadh', 'sa', '🇸🇦', 'Riyadh governorate', 'Riyadh Region', 'Ar-Riyadh Province', 'Kingdom of Saudi Arabia', 'KSA', 'Riyadh Province', 'Khāṣirah']",[' Saudi Arabia'],ans_check,1
P1376_general_ARAB_REGION_9,Aden,"['Yemen', 'ye', 'Republic of Yemen', '🇾🇪', 'Rep. Yemen', 'YEM']",[' Yemen.'],ans,1
P1376_general_ARAB_REGION_10,Sanaa,"['Yemen', 'ye', 'Republic of Yemen', '🇾🇪', 'Rep. Yemen', 'YEM']",[' Yemen'],ans,1
P1376_general_ARAB_REGION_11,Tunis,"['Tunisian Republic', 'Republic of Tunisia', 'TUN', 'tn', '🇹🇳', 'Tunisia']",[' Tunisia'],ans,0
P1376_general_ARAB_REGION_12,Memphis,"['Republic of Egypt', 'eg', 'EGY', '🇪🇬', 'Egypt', 'Rep. Egypt', 'Arab Rep. Egypt', 'Old Kingdom of Egypt', 'Arab Republic of Egypt']",[' Egypt.'],ans,1
P1376_general_ARAB_REGION_13,Doha,"['qa', '🇶🇦', 'qat', 'Qatar', 'State of Qatar']",[' Qatar'],ans,1
P1376_general_ARAB_REGION_14,Abu Dhabi,"['the Emirates', 'UAE', 'U.A.E.', 'the UAE', 'Emirate of Abu Dhabi', 'ae', 'Abu Zaby (emirate)', 'United Arab Emirates', 'Emirates', 'Abu Dhabi (Emirate)', 'The Emirate of Abu Dhabi', 'the United Arab Emirates', 'Abu Dhabi emirate', 'the U.A.E.', '🇦🇪', 'Abu Dhabi (emirate)', 'Abu Ẓaby (emirate)', 'Abu Dhabi Emirate', 'Abū Z̧aby (emirate)']",[' United Arab Emirates'],ans,1
P1376_general_ARAB_REGION_15,Kuwait City,"['KUW', 'Kuwait', '🇰🇼', 'kw', 'State of Kuwait']",[' Kuwait'],ans_check,1
P1376_general_ARAB_REGION_16,Rabat,"['Kingdom of Morocco', 'Marocco', 'MAR', 'Lmaġrib', 'al-Maġrib', 'Morocco', '🇲🇦', 'Maroc', 'ma']",[' Morocco'],ans,1
P1376_general_ARAB_REGION_17,Tripoli,"['Libya', '🇱🇾', 'State of Libya', 'LBA', 'ly']",[' Libya'],ans,1
P1376_general_ARAB_REGION_18,Djibouti,"['Jabuuti', 'Côte française des Somalis', 'dj', 'DJI', 'French Somaliland', 'ʾArḍ Aṣ-Ṣūmāl Al-Fransī', 'Djibouti Region', 'Republic of Djibouti', '🇩🇯', 'French Territory of the Afars and the Issas', 'Jībūtī', 'Djibouti', 'Dhulka Faransiiska ee Soomaaliya', 'Gabuuti']",[' Djibouti.'],ans_check,1
P1376_general_ARAB_REGION_19,Nouakchott,"['Muritanya', 'Mauretania', 'Mauritania', '🇲🇷', 'Gànnaar', 'Islamic Republic of Mauritania', 'mr', 'MTN', 'Agawej', 'Gannaar', 'Moritani', 'Murutaane']",[' Mauritania'],ans,1
P1376_general_ARAB_REGION_20,Muscat,"['om', 'Muscat and Oman', '🇴🇲', 'سلطنت عمان', 'omn', 'Sultanate of Oman', 'Oman', 'Muscat Governorate', 'Sultanate of Oman and Muscat']",[' Oman'],ans,1
P1376_general_ARAB_REGION_21,Manama,"['Kingdom of Bahrain', '🇧🇭', 'BAH', 'bh', 'Bahrain', 'Bahrein Islands']",[' Bahrain'],ans,1
P1376_general_ARAB_REGION_22,Moroni,"['Massiwa ya komori', 'French Madagascar', 'Juzur al-Qamar', 'Udzima wa Komori', 'Grande Comore', 'French Comoros', 'the Comoros', 'Union of the Comoros', 'ouvoimoja wakomori', 'Juzur al-Qumur', 'al-Ittiḥād al-Qumurī', 'Colonie de Madagascar et dépendances', 'COM', 'Comoros', 'Colonie de Madagascar et dependances', 'Union des Comores', 'Colony of Madagascar and Dependencies', 'km', '🇰🇲']",[' Comoros'],ans,1
P1376_general_ARAB_REGION_23,Thinis,"['Republic of Egypt', 'eg', 'EGY', '🇪🇬', 'Egypt', 'Rep. Egypt', 'Arab Rep. Egypt', 'Arab Republic of Egypt']",[' Egypt.'],ans,1
