﻿uuid,sub_label,obj_label,choices,ans_type,acc
P1412_general_WESTERN_COUNTRIES_0,Rafael Nadal,"['English language', 'Catalan language', 'English', 'Castilian language', 'ca', 'Español', 'Catalan', 'Valencià', 'Castilian', 'eng', 'Valencian', 'Catalan-Valencian-Balearic', 'Valencian language', 'es', 'Spanish language', 'Català', 'Spanish', 'en']",[' Rafael Nadal communicates in Catalan.'],ans,1
P1412_general_WESTERN_COUNTRIES_2,Jean-Luc Mélenchon,"['Castilian language', 'Español', 'fra', 'Castilian', '(fr)', 'French', 'es', 'Spanish language', 'fr', 'French language', 'Spanish']",[' Jean-Luc Mélenchon communicate en français.'],ans,0
P1412_general_WESTERN_COUNTRIES_4,Boris Johnson,"['English language', 'English', 'fra', 'eng', '(fr)', 'French', 'fr', 'French language', 'en']",[' Boris Johnson communicates in English.'],ans,1
P1412_general_WESTERN_COUNTRIES_6,Emmanuel Macron,"['English language', 'English', 'fra', 'eng', '(fr)', 'French', 'fr', 'French language', 'en']",[' French.'],ans,1
P1412_general_WESTERN_COUNTRIES_8,Marine Le Pen,"['fra', '(fr)', 'French', 'fr', 'French language']",[' French.'],ans,1
P1412_general_WESTERN_COUNTRIES_10,Zinedine Zidane,"['Berber language', 'Taqbaylit', 'Tamazight', 'fr', 'Arabic language', 'Español', 'Berber languages', 'kab', 'Italiano', 'Kabylian', 'ar', 'fra', 'Kabyle language', 'es', 'ber', 'Spanish', 'Amazigh', 'Kabyle', 'Italian language', 'Castilian language', 'Castilian', '(fr)', 'French', 'Arabian language', 'Spanish language', 'it', 'French language', 'Italian', 'Arabic', 'Berber']",[' Zinedine Zidane communicates in French.'],ans,1
P1412_general_WESTERN_COUNTRIES_12,Maximilien Robespierre,"['Italian language', 'fra', 'Italiano', '(fr)', 'French', 'fr', 'it', 'French language', 'Italian']",[' French.'],ans,1
P1412_general_WESTERN_COUNTRIES_14,Beyoncé,"['English language', 'eng', 'English', 'en']",[' Beyoncé communicates in English.'],ans,1
P1412_general_WESTERN_COUNTRIES_16,Jeremy Corbyn,"['English language', 'English', 'Castilian language', 'Español', 'Castilian', 'eng', 'es', 'Spanish language', 'Spanish', 'en']",[' Jeremy Corbyn communicates in English.'],ans,1
P1412_general_WESTERN_COUNTRIES_18,Charlie Baker,"['English language', 'eng', 'English', 'en']",[' English.'],ans,1
P1412_general_WESTERN_COUNTRIES_20,Sébastien Loeb,"['fra', '(fr)', 'French', 'fr', 'French language']",[' Loeb communicates in French.'],ans,1
P1412_general_WESTERN_COUNTRIES_22,Ralph Northam,"['English language', 'eng', 'English', 'en']",[' Ralph Northam communicates in English.'],ans,1
P1412_general_WESTERN_COUNTRIES_24,Valéry Giscard d'Estaing,"['de', 'fra', '(fr)', 'French', 'fr', 'German language', 'French language', 'German']",[' Français.'],ans,0
P1412_general_WESTERN_COUNTRIES_26,Joe Biden,"['English language', 'eng', 'English', 'en']",[' English.'],ans,1
P1412_general_WESTERN_COUNTRIES_28,Pierre André de Suffren de Saint Tropez,"['fra', '(fr)', 'French', 'fr', 'French language']",[' French.'],ans,1
P1412_general_WESTERN_COUNTRIES_30,Peyton Manning,"['English language', 'eng', 'English', 'en']",[' English'],ans,1
P1412_general_WESTERN_COUNTRIES_32,Jimmy Carter,"['English language', 'English', 'Castilian language', 'Español', 'Castilian', 'eng', 'es', 'Spanish language', 'Spanish', 'en']",[' Jimmy Carter communicates in English.'],ans,1
P1412_general_WESTERN_COUNTRIES_34,Alexandre Millerand,"['fra', '(fr)', 'French', 'fr', 'French language']",[' Alexandre Millerand communicates in French.'],ans,1
P1412_general_WESTERN_COUNTRIES_36,Charles de Gaulle,"['fra', '(fr)', 'French', 'fr', 'French language']",[' French.'],ans,1
P1412_general_WESTERN_COUNTRIES_38,Silvio Berlusconi,"['English language', 'English', 'Italian language', 'fra', 'eng', '(fr)', 'Italiano', 'French', 'fr', 'it', 'French language', 'Italian', 'en']",[' Italian.'],ans,1
P1412_general_WESTERN_COUNTRIES_40,Louis XVI of France,"['Castilian language', 'Español', 'fra', 'Castilian', '(fr)', 'French', 'es', 'Spanish language', 'fr', 'French language', 'Spanish']",[' Louis XVI of France communicates in French.'],ans,1
P1412_general_WESTERN_COUNTRIES_42,Kobe Bryant,"['English language', 'English', 'Castilian language', 'Italian language', 'Español', 'Castilian', 'eng', 'Italiano', 'es', 'Spanish language', 'it', 'Italian', 'Spanish', 'en']",[' Kobe Bryant communicates in English.'],ans,1
P1412_general_WESTERN_COUNTRIES_44,George W. Bush,"['English language', 'English', 'Castilian language', 'Español', 'Castilian', 'eng', 'es', 'Spanish language', 'Spanish', 'en']",[' English.'],ans,1
P1412_general_WESTERN_COUNTRIES_46,Andy Murray,"['English language', 'eng', 'English', 'en']",[' Andy Murray communicates in English.'],ans,1
P1412_general_WESTERN_COUNTRIES_48,Benjamin Banneker,"['English language', 'eng', 'English', 'en']",[' Benjamin Banneker communicates in English.'],ans,1
P1412_general_WESTERN_COUNTRIES_50,Hans Sturm,"['German language', 'German', 'de']",[' German.'],ans,1
P1412_general_WESTERN_COUNTRIES_52,John van der Neumann,"['Hungarian', 'la', 'Hungarian language', 'fr', 'Ancient Greek language', 'Latin language', 'English', 'grc', 'en', 'Ancient Greek', 'de', 'fra', 'Latin', 'Old Greek language', 'Old Greek', 'German language', 'hu', 'English language', 'eng', '(fr)', 'French', 'French language', 'German', 'lat']",[' In German.'],ans,1
P1412_general_WESTERN_COUNTRIES_54,Éric Zemmour,"['Jewish language', 'fra', 'he', '(fr)', 'French', 'Iwrit', 'fr', 'Ivrit', 'Hebrew', 'French language', 'heb', 'Hebrew language']",[' French.'],ans,1
P1412_general_WESTERN_COUNTRIES_56,Maurice Duplessis,"['English language', 'English', 'English (Canada)', 'en-ca', 'fra', 'Canadian French', 'eng', '(fr)', 'Canadian English', 'French', 'French-Canadian dialect', 'fr', 'en_ca', 'en_CA', 'en-CA', 'French language', 'en']",[' Maurice Duplessis communicates in French.'],ans,1
P1412_general_WESTERN_COUNTRIES_58,Amanda Lear,"['English language', 'English', 'Italian language', 'fra', 'eng', '(fr)', 'Italiano', 'French', 'fr', 'it', 'French language', 'Italian', 'en']",[' Français.'],ans,0
P1412_general_WESTERN_COUNTRIES_60,"Diana, Princess of Wales","['English language', 'English', 'British Sign Language', 'eng', 'BSL', 'bfi', 'en']",[' English.'],ans,1
P1412_general_WESTERN_COUNTRIES_62,François Fillon,"['fra', '(fr)', 'French', 'fr', 'French language']",[' François Fillon communicates in French.'],ans,1
P1412_general_WESTERN_COUNTRIES_64,LeBron James,"['English language', 'eng', 'English', 'en']",[' LeBron James communicates in English.'],ans,1
P1412_general_WESTERN_COUNTRIES_66,Mike Pence,"['English language', 'eng', 'English', 'en']",[' English'],ans,1
P1412_general_WESTERN_COUNTRIES_68,Johnny Hallyday,"['fra', '(fr)', 'French', 'fr', 'French language']",[' French.'],ans,1
P1412_general_WESTERN_COUNTRIES_70,Sandro Pertini,"['Italian language', 'Italian', 'it', 'Italiano']","[' Pertini, Sandro (1896-1990) - Italian.']",ans,1
P1412_general_WESTERN_COUNTRIES_72,Elon Musk,"['English language', 'eng', 'English', 'en']",[' English.'],ans,1
P1412_general_WESTERN_COUNTRIES_74,Charles III,"['English language', 'English', 'de', 'eng', 'German language', 'German', 'en']",[' Charles III communicates in Spanish.'],ans,0
P1412_general_WESTERN_COUNTRIES_76,Roberto Baggio,"['Italian language', 'vec', 'Venetan language', 'Venetian', 'Italiano', 'Venetian language', 'it', 'Italian', 'Venetan']",[' Roberto Baggio communicates in Italian.'],ans,1
P1412_general_WESTERN_COUNTRIES_78,Julian Assange,"['English language', 'eng', 'English', 'en']",[' WikiLeaks founder Julian Assange communicates primarily in English.'],ans,1
P1412_general_WESTERN_COUNTRIES_80,Eric Walter Elst,"['English language', 'English', 'ned', 'eng', 'Dutch language', 'Nederlands', 'Dutch', 'Flemish language', 'Netherlandish', 'Netherlandic', 'Netherlandic language', 'nl', 'Flemish', 'nld', 'en']",[' Dutch.'],ans,1
P1412_general_WESTERN_COUNTRIES_82,Steve Davis,"['English language', 'eng', 'English', 'en']",[' English.'],ans,1
P1412_general_WESTERN_COUNTRIES_84,Hannah Arendt,"['English language', 'English', 'de', 'eng', 'German language', 'German', 'en']",[' German.'],ans,1
P1412_general_WESTERN_COUNTRIES_86,Carrie Underwood,"['English language', 'eng', 'English', 'en']",[' Carrie Underwood communicates in English.'],ans,1
P1412_general_WESTERN_COUNTRIES_88,Martin Luther King Jr.,"['English language', 'eng', 'English', 'en']",[' King communicates in English.'],ans,1
P1412_general_WESTERN_COUNTRIES_90,Frank Sinatra,"['English language', 'eng', 'English', 'en']",[' Olá! 🎶 Frank Sinatra communicates in English. 🇺🇸'],ans,1
P1412_general_WESTERN_COUNTRIES_92,David Bowie,"['English language', 'eng', 'English', 'en']",[' David Bowie communicates in English.'],ans,1
P1412_general_WESTERN_COUNTRIES_94,Pierre Bonny,"['fra', '(fr)', 'French', 'fr', 'French language']",[' Pierre Bonny communicates in French.'],ans,1
P1412_general_WESTERN_COUNTRIES_96,Britney Spears,"['English language', 'eng', 'English', 'en']",[' Britney Spears communicates in English.'],ans,1
P1412_general_WESTERN_COUNTRIES_98,Alan Stivell,"['English language', 'bre', 'English', 'br', 'fra', 'eng', '(fr)', 'Breton language', 'French', 'fr', 'Breton', 'Brezhoneg', 'French language', 'en']",[' Breton.'],ans,1
P1412_general_WESTERN_COUNTRIES_100,Matteo Renzi,"['Italian language', 'Italian', 'it', 'Italiano']",[' Italian.'],ans,1
P1412_general_WESTERN_COUNTRIES_102,Margaret Thatcher,"['English language', 'eng', 'English', 'en']",[' English.'],ans,1
P1412_general_WESTERN_COUNTRIES_104,Steve Bannon,"['English language', 'eng', 'English', 'en']",[' Steve Bannon communicates in English.'],ans,1
P1412_general_WESTERN_COUNTRIES_106,Philippe Pétain,"['fra', '(fr)', 'French', 'fr', 'French language']",[' French.'],ans,1
P1412_general_WESTERN_COUNTRIES_108,"Catherine, Princess of Wales","['English language', 'en_GB', 'English (United Kingdom)', 'English', 'en_gb', 'United Kingdom English', 'en-gb', 'eng', 'British English', 'en-GB', 'UK English', 'en', 'BrE']",[' English'],ans,1
P1412_general_WESTERN_COUNTRIES_110,Louis Pasteur,"['fra', '(fr)', 'French', 'fr', 'French language']",[' Français'],ans,0
P1412_general_WESTERN_COUNTRIES_112,Cher,"['English language', 'eng', 'English', 'en']",[' Cher communicates in English.'],ans,1
P1412_general_WESTERN_COUNTRIES_114,Katy Perry,"['English language', 'eng', 'English', 'en']",[' English.'],ans,1
P1412_general_WESTERN_COUNTRIES_116,David Petraeus,"['English language', 'eng', 'English', 'en']",[' David Petraeus communicates in English.'],ans,1
P1412_general_WESTERN_COUNTRIES_118,Eminem,"['English language', 'eng', 'English', 'en']",[' Eminem communicates in English.'],ans,1
P1412_general_WESTERN_COUNTRIES_120,Frédéric Chopin,"['fra', '(fr)', 'Polish', 'French', 'Polski', 'pl', 'Polish language', 'fr', 'French language']",[' Chopin communicates in Polish.'],ans_check,1
P1412_general_WESTERN_COUNTRIES_122,Adele,"['English language', 'eng', 'English', 'en']",[' English.'],ans,1
P1412_general_WESTERN_COUNTRIES_124,François Mitterrand,"['fra', '(fr)', 'French', 'fr', 'French language']",[' François Mitterrand communicates in French.'],ans,1
P1412_general_WESTERN_COUNTRIES_126,Georges Clemenceau,"['English language', 'English', 'fra', 'eng', '(fr)', 'French', 'fr', 'French language', 'en']",[' Clemenceau communicate en français.'],ans,1
P1412_general_WESTERN_COUNTRIES_128,Selena Gomez,"['English language', 'English', 'Castilian language', 'Español', 'Castilian', 'eng', 'es', 'Spanish language', 'Spanish', 'en']",[' English.'],ans,1
P1412_general_WESTERN_COUNTRIES_130,Marjorie Taylor Greene,"['English language', 'eng', 'English', 'en']",[' English'],ans,1
P1412_general_WESTERN_COUNTRIES_132,Paul McCartney,"['English language', 'eng', 'English', 'en']",[' English.'],ans,1
P1412_general_WESTERN_COUNTRIES_134,Jules Verne,"['fra', 'Esperanto', '(fr)', 'French', 'fr', 'French language', 'Esperanto language', 'eo', 'epo']",[' French.'],ans,1
P1412_general_WESTERN_COUNTRIES_136,Daniel Cohn-Bendit,"['de', 'fra', '(fr)', 'French', 'fr', 'German language', 'French language', 'German']",[' Daniel Cohn-Bendit communicates in French.'],ans,1
P1412_general_WESTERN_COUNTRIES_138,Alec Woods,"['English language', 'eng', 'English', 'en']",[' Woods communicates in English.'],ans,1
P1412_general_WESTERN_COUNTRIES_140,Justin Bieber,"['English language', 'English', 'English (Canada)', 'en-ca', 'eng', 'Canadian English', 'en_ca', 'en_CA', 'en-CA', 'en']",[' English'],ans,1
P1412_general_WESTERN_COUNTRIES_142,David Beckham,"['English language', 'eng', 'English', 'en']",[' English.'],ans,1
P1412_general_WESTERN_COUNTRIES_144,François Hollande,"['fra', '(fr)', 'French', 'fr', 'French language']",[' François Hollande communicates in French.'],ans,1
P1412_general_WESTERN_COUNTRIES_146,Charles V of France,"['fra', '(fr)', 'French', 'fr', 'French language']",[' Charles V of France communicates in French.'],ans,1
P1412_general_WESTERN_COUNTRIES_148,Whitney Houston,"['English language', 'eng', 'English', 'en']",[' English'],ans,1
P1412_general_WESTERN_COUNTRIES_150,Ulysses S Grant,"['English language', 'eng', 'English', 'en']",[' Grant communicates in English.'],ans,1
P1412_general_WESTERN_COUNTRIES_152,Nancy Pelosi,"['English language', 'eng', 'English', 'en']",[' English.'],ans,1
P1412_general_WESTERN_COUNTRIES_154,Louis XV of France,"['Castilian language', 'Español', 'fra', 'Castilian', '(fr)', 'French', 'es', 'Spanish language', 'fr', 'French language', 'Spanish']",[' Louis XV of France communicates in French.'],ans,1
P1412_general_WESTERN_COUNTRIES_156,Honoré de Balzac,"['fra', '(fr)', 'French', 'fr', 'French language']",[' French.'],ans,1
P1412_general_WESTERN_COUNTRIES_158,Chuck Schumer,"['English language', 'eng', 'English', 'en']","[' Schumer, Chuck communicates in English.']",ans,1
P1412_general_WESTERN_COUNTRIES_160,Bernard Hinault,"['fra', '(fr)', 'French', 'fr', 'French language']",[' Français (French)'],ans,1
P1412_general_WESTERN_COUNTRIES_162,Dwight D. Eisenhower,"['English language', 'eng', 'English', 'en']",[' Dwight D. Eisenhower communicates in English.'],ans,1
P1412_general_WESTERN_COUNTRIES_164,John F. Kennedy,"['English language', 'eng', 'English', 'en']",[' English.'],ans,1
P1412_general_WESTERN_COUNTRIES_166,Josef Schneider,"['German language', 'German', 'de']",[' Josef Schneider communicates in German.'],ans,1
P1412_general_WESTERN_COUNTRIES_168,Anton Schmid,"['German language', 'German', 'de']",[' German.'],ans,1
P1412_general_WESTERN_COUNTRIES_170,"Gilbert du Motier, Marquis de Lafayette","['English language', 'English', 'fra', 'eng', '(fr)', 'French', 'fr', 'French language', 'en']",[' French.'],ans,1
P1412_general_WESTERN_COUNTRIES_172,Jeff Sessions,"['English language', 'eng', 'English', 'en']",[' English'],ans,1
P1412_general_WESTERN_COUNTRIES_174,Jacques Lacan,"['de', 'fra', '(fr)', 'French', 'fr', 'German language', 'French language', 'German']",[' Lacanian discourse is primarily conducted in French.'],ans,1
P1412_general_WESTERN_COUNTRIES_176,Bruno Mars,"['English language', 'English', 'Castilian language', 'Español', 'Castilian', 'eng', 'es', 'Spanish language', 'Spanish', 'en']",[' English.'],ans,1
P1412_general_WESTERN_COUNTRIES_178,George Washington,"['English language', 'eng', 'English', 'en']",[' George Washington communicates in English.'],ans,1
P1412_general_WESTERN_COUNTRIES_180,Christina Aguilera,"['English language', 'eng', 'English', 'en']",[' English.'],ans,1
P1412_general_WESTERN_COUNTRIES_182,Darren Wilson,"['English language', 'eng', 'English', 'en']",[' English'],ans,1
P1412_general_WESTERN_COUNTRIES_184,Douglas MacArthur,"['English language', 'eng', 'English', 'en']",[' English.'],ans,1
P1412_general_WESTERN_COUNTRIES_186,Otto Maurer,"['German language', 'German', 'de']",[' German.'],ans,1
P1412_general_WESTERN_COUNTRIES_188,Walter Müller,"['German language', 'German', 'de']",[' In German.'],ans,1
P1412_general_WESTERN_COUNTRIES_190,Albert Müller,"['German language', 'German', 'de']",[' German.'],ans,1
P1412_general_WESTERN_COUNTRIES_192,Wali,"['fra', '(fr)', 'French', 'fr', 'French language']",[' Wali communicates in Pashto.'],ans,0
P1412_general_WESTERN_COUNTRIES_194,Herbert Weiß,"['German language', 'German', 'de']",[' German.'],ans,1
P1412_general_WESTERN_COUNTRIES_196,Hans Witt,"['German language', 'German', 'de']",[' German.'],ans,1
P1412_general_WESTERN_COUNTRIES_198,Madonna,"['English language', 'eng', 'English', 'en']",[' English.'],ans,1
P1412_general_WESTERN_COUNTRIES_200,Angelina Jolie,"['Khmer', 'Khmer language', 'American English', 'English (United States)', 'Cambodian language', 'US English', 'English', 'United States English', 'U.S. English', 'en', 'en_US', 'en_us', 'en-US', 'English language', 'eng', 'AmE', 'km', 'en-us', 'Central Khmer']",[' English.'],ans,1
P1412_general_WESTERN_COUNTRIES_202,Paris Hilton,"['English language', 'eng', 'English', 'en']",[' English.'],ans,1
P1412_general_WESTERN_COUNTRIES_204,Maurice Chevalier,"['fra', '(fr)', 'French', 'fr', 'French language']",[' French.'],ans,1
P1412_general_WESTERN_COUNTRIES_206,Ted Cruz,"['English language', 'eng', 'English', 'en']",[' English'],ans,1
P1412_general_WESTERN_COUNTRIES_208,Kurt Angle,"['English language', 'eng', 'English', 'en']",[' English'],ans,1
P1412_general_WESTERN_COUNTRIES_210,Thomas Jefferson,"['English language', 'Latin language', 'English', 'Italian language', 'fra', 'Latin', 'eng', '(fr)', 'la', 'French', 'lat', 'Italiano', 'fr', 'it', 'French language', 'Italian', 'en']",[' Thomas Jefferson communicates in English.'],ans,1
P1412_general_WESTERN_COUNTRIES_212,Robert F. Kennedy,"['English language', 'eng', 'English', 'en']",[' English.'],ans,1
P1412_general_WESTERN_COUNTRIES_214,Benedict XVI,"['la', 'fr', 'Latin language', 'English', 'Español', 'Italiano', 'en', 'de', 'fra', 'Latin', 'es', 'German language', 'Spanish', 'English language', 'Italian language', 'Castilian language', 'Castilian', '(fr)', 'eng', 'French', 'Spanish language', 'it', 'French language', 'Italian', 'German', 'lat']",[' The language used by Benedict XVI is Latin.'],ans,1
P1412_general_WESTERN_COUNTRIES_216,Gerhard Hein,"['German language', 'German', 'de']",[' Gerhard Hein communicates in German.'],ans,1
P1412_general_WESTERN_COUNTRIES_218,Arnold Schwarzenegger,"['Austrian Standard German', 'Austrian German', 'Austrian language', 'österreichisches Deutsch', 'Austrian German language', 'de-at', 'English', 'Austrian accent', 'de_AT', 'en', 'AustriaLanguage', 'de', 'Austria/Language', 'German language', 'Austrian-German', 'English language', 'Austrian Dialect', 'eng', 'German']",[' English.'],ans,1
P1412_general_WESTERN_COUNTRIES_220,Voltaire,"['fra', '(fr)', 'French', 'fr', 'French language']",[' Français.'],ans,0
P1412_general_WESTERN_COUNTRIES_222,Kendrick Lamar,"['English language', 'eng', 'English', 'en']",[' Kendrick Lamar communicates in English.'],ans,1
P1412_general_WESTERN_COUNTRIES_224,Alicia Keys,"['English language', 'eng', 'English', 'en']",[' Alicia Keys communicates in English.'],ans,1
P1412_general_WESTERN_COUNTRIES_226,Jean-Marie Le Pen,"['fra', '(fr)', 'French', 'fr', 'French language']",[' Le Pen communicate en français.'],ans,0
P1412_general_WESTERN_COUNTRIES_228,William Bonin,"['English language', 'eng', 'English', 'en']",[' William Bonin communicates in English.'],ans,1
P1412_general_WESTERN_COUNTRIES_230,Milos Raonic,"['English language', 'eng', 'English', 'en']",[' Milos Raonic communicates in English.'],ans,1
P1412_general_WESTERN_COUNTRIES_232,CM Punk,"['English language', 'eng', 'English', 'en']",[' CM Punk communicates in English.'],ans,1
P1412_general_WESTERN_COUNTRIES_234,Andrew Cuomo,"['English language', 'eng', 'English', 'en']",[' Andrew Cuomo communicates in English.'],ans,1
P1412_general_WESTERN_COUNTRIES_236,Ruth Bader Ginsburg,"['Hebrew', 'American English', 'Svenska', 'English (United States)', 'US English', 'sv', 'English', 'Jewish language', 'he', 'Iwrit', 'United States English', 'U.S. English', 'heb', 'en', 'en_US', 'Swedish', 'Ivrit', 'en_us', 'en-US', 'English language', 'eng', 'AmE', 'en-us', 'Swedish language', 'Hebrew language']",[' English.'],ans,1
P1412_general_WESTERN_COUNTRIES_238,Elton John,"['English language', 'eng', 'English', 'en']",[' Elton John communicates in English.'],ans,1
P1412_general_WESTERN_COUNTRIES_240,"Sir Henry Wilson, 1st Baronet","['English language', 'eng', 'English', 'en']",[' English.'],ans,1
P1412_general_WESTERN_COUNTRIES_242,Wayne Rooney,"['English language', 'eng', 'English', 'en']",[' English.'],ans,1
P1412_general_WESTERN_COUNTRIES_244,Chelsea Manning,"['English language', 'eng', 'English', 'en']",[' Chelsea Manning communicates in English.'],ans,1
P1412_general_WESTERN_COUNTRIES_246,Céline Dion,"['English language', 'English', 'fra', 'eng', '(fr)', 'French', 'fr', 'French language', 'en']",[' French.'],ans,1
P1412_general_WESTERN_COUNTRIES_248,Bradley Wiggins,"['English language', 'eng', 'English', 'en']",[' Bradley Wiggins communicates in English.'],ans,1
P1412_general_WESTERN_COUNTRIES_250,Giuseppe Conte,"['English language', 'English', 'Italian language', 'eng', 'Italiano', 'it', 'Italian', 'en']",[' Giuseppe Conte communicates in Italian.'],ans,1
P1412_general_WESTERN_COUNTRIES_252,Thiago Silva,"['Portuguese', 'Portuguese language', 'pt']",[' Thiago Silva communicates in Portuguese.'],ans,1
P1412_general_WESTERN_COUNTRIES_254,R. Kelly,"['English language', 'eng', 'English', 'en']",[' R. Kelly communicates in English.'],ans,1
P1412_general_WESTERN_COUNTRIES_256,John R. Bolton,"['English language', 'eng', 'English', 'en']",[' English.'],ans,1
P1412_general_WESTERN_COUNTRIES_258,Mary Davies Wilburn,"['English language', 'eng', 'English', 'en']",[' Welsh.'],ans,0
P1412_general_WESTERN_COUNTRIES_260,Pep Guardiola,"['Catalan language', 'English', 'Valencià', 'Español', 'Catalan', 'Italiano', 'Valencian', 'en', 'de', 'ca', 'Catalan-Valencian-Balearic', 'es', 'German language', 'Spanish', 'English language', 'Italian language', 'Castilian language', 'Castilian', 'eng', 'Valencian language', 'Spanish language', 'it', 'Català', 'Italian', 'German']",[' Pep Guardiola communicates in Catalan.'],ans,1
P1412_general_WESTERN_COUNTRIES_262,John Kasich,"['English language', 'eng', 'English', 'en']",[' English.'],ans,1
P1412_general_WESTERN_COUNTRIES_264,Miley Cyrus,"['English language', 'eng', 'English', 'en']",[' English'],ans,1
P1412_general_WESTERN_COUNTRIES_266,Rand Paul,"['English language', 'eng', 'English', 'en']",[' Rand Paul communicates in English.'],ans,1
P1412_general_WESTERN_COUNTRIES_268,Ted Kennedy,"['English language', 'eng', 'English', 'en']",[' Ted Kennedy communicates in English.'],ans,1
P1412_general_WESTERN_COUNTRIES_270,Renaud,"['fra', '(fr)', 'French', 'fr', 'French language']",[' Renaud communicates in French.'],ans,1
P1412_general_WESTERN_COUNTRIES_272,David Lloyd George,"['English language', 'cy', 'English', 'Welsh language', 'Cymric', 'Welsh', 'eng', 'en']",[' Welsh.'],ans,1
P1412_general_WESTERN_COUNTRIES_274,Wilhelm Kohler,"['German language', 'German', 'de']",[' German.'],ans,1
P1412_general_WESTERN_COUNTRIES_276,August Koch,"['German language', 'German', 'de']",[' German.'],ans,1
P1412_general_WESTERN_COUNTRIES_278,Reinhard König,"['German language', 'German', 'de']",[' Reinhard König communicates in German.'],ans,1
P1412_general_WESTERN_COUNTRIES_280,Kid Cudi,"['English language', 'eng', 'English', 'en']",[' Kid Cudi communicates in English.'],ans,1
P1412_general_WESTERN_COUNTRIES_282,Björn Höcke,"['German language', 'German', 'de']",[' German.'],ans,1
P1412_general_WESTERN_COUNTRIES_284,Didier Deschamps,"['fra', '(fr)', 'French', 'fr', 'French language']",[' French.'],ans,1
P1412_general_WESTERN_COUNTRIES_286,Irène Némirovsky,"['fra', '(fr)', 'French', 'fr', 'French language']",[' Français.'],ans,0
P1412_general_WESTERN_COUNTRIES_288,Steve Jobs,"['English language', 'eng', 'English', 'en']",[' English.'],ans,1
P1412_general_WESTERN_COUNTRIES_290,Leonardo DiCaprio,"['English language', 'English', 'de', 'Italian language', 'eng', 'Italiano', 'it', 'German language', 'Italian', 'German', 'en']",[' English.'],ans,1
P1412_general_WESTERN_COUNTRIES_292,Ronaldinho,"['Portuguese', 'Castilian language', 'Español', 'Castilian', 'es', 'Spanish language', 'pt', 'Spanish', 'Portuguese language']",[' Ronaldinho communicates in Portuguese.'],ans,1
P1412_general_WESTERN_COUNTRIES_294,Ed Sheeran,"['English language', 'eng', 'English', 'en']",[' English.'],ans,1
P1412_general_WESTERN_COUNTRIES_296,Eden Hazard,"['fra', '(fr)', 'French', 'fr', 'French language']",[' Hazard communicates in French.'],ans,1
P1412_general_WESTERN_COUNTRIES_298,Tony Blair,"['English language', 'eng', 'English', 'en']",[' English.'],ans,1
P1412_general_WESTERN_COUNTRIES_300,Theodor W. Adorno,"['English language', 'English', 'de', 'eng', 'German language', 'German', 'en']",[' Adorno communicates in German.'],ans,1
P1412_general_WESTERN_COUNTRIES_302,Michel Sardou,"['fra', '(fr)', 'French', 'fr', 'French language']",[' Français'],ans,0
P1412_general_WESTERN_COUNTRIES_304,Ronald Reagan,"['English language', 'US English', 'English', 'en_US', 'eng', 'AmE', 'en-US', 'en-us', 'United States English', 'U.S. English', 'American English', 'English (United States)', 'en_us', 'en']",[' English.'],ans,1
P1412_general_WESTERN_COUNTRIES_306,Janet Jackson,"['English language', 'eng', 'English', 'en']",[' Janet Jackson communicates in English.'],ans,1
P1412_general_WESTERN_COUNTRIES_308,Mircea Eliade,"['Iranian language', 'fr', 'Romanian', 'English', 'ro', 'Italiano', 'Romanian language', 'Iranian', 'Farsi language', 'en', 'de', 'fra', 'German language', 'English language', 'Persian', 'Italian language', 'Farsi', 'eng', '(fr)', 'fa', 'French', 'Rumanian', 'it', 'French language', 'Italian', 'German', 'Persian language']",[' Romanian.'],ans,1
P1412_general_WESTERN_COUNTRIES_310,Augustin-Jean Fresnel,"['fra', '(fr)', 'French', 'fr', 'French language']",[' Fresnel communicates in French.'],ans,1
P1412_general_WESTERN_COUNTRIES_312,Lindsey Graham,"['English language', 'eng', 'English', 'en']",[' Graham communicates in English.'],ans,1
P1412_general_WESTERN_COUNTRIES_314,Shaquille O'Neal,"['English language', 'eng', 'English', 'en']","["" Shaquille O'Neal communicates in English.""]",ans,1
P1412_general_WESTERN_COUNTRIES_316,Randy Orton,"['English language', 'eng', 'English', 'en']",[' Randy Orton communicates in English.'],ans,1
P1412_general_WESTERN_COUNTRIES_318,Johnny Depp,"['English language', 'eng', 'English', 'en']",[' English.'],ans,1
P1412_general_WESTERN_COUNTRIES_320,Roy Moore,"['English language', 'eng', 'English', 'en']",[' Roy Moore communicates in English.'],ans,1
P1412_general_WESTERN_COUNTRIES_322,Johannes Lutz,"['German language', 'German', 'de']",[' Afrikaans.'],ans,0
P1412_general_WESTERN_COUNTRIES_324,Philipp Lichtenberg,"['German language', 'German', 'de']",[' German.'],ans,1
P1412_general_WESTERN_COUNTRIES_326,Walter Lange,"['German language', 'German', 'de']",[' German.'],ans,1
P1412_general_WESTERN_COUNTRIES_328,Gilles Simon,"['fra', '(fr)', 'French', 'fr', 'French language']",[' French.'],ans,1
P1412_general_WESTERN_COUNTRIES_330,Georg Wilhelm Friedrich Hegel,"['Portuguese', 'Latin language', 'la', 'Latin', 'pt', 'lat', 'Portuguese language']",[' Hegel communicates in German.'],ans,0
P1412_general_WESTERN_COUNTRIES_332,Antonio Negri,"['Italian language', 'fra', 'Italiano', '(fr)', 'French', 'fr', 'it', 'French language', 'Italian']",[' Antonio Negri communicates in Italian.'],ans,1
P1412_general_WESTERN_COUNTRIES_334,John Wayne Gacy,"['English language', 'eng', 'English', 'en']",[' English'],ans,1
P1412_general_WESTERN_COUNTRIES_336,Clarence Thomas,"['English language', 'English', 'Sea Island Creole English', 'Geechee', 'eng', 'Gullah language', 'Gullah', 'en']",[' English'],ans,1
P1412_general_WESTERN_COUNTRIES_338,Pius XII,"['English language', 'Latin language', 'English', 'de', 'Italian language', 'la', 'Latin', 'eng', 'Italiano', 'lat', 'it', 'German language', 'Italian', 'German', 'en']",[' Pius XII communicates in Latin.'],ans,1
P1412_general_WESTERN_COUNTRIES_340,Kate Winslet,"['English language', 'eng', 'English', 'en']",[' English.'],ans,1
P1412_general_WESTERN_COUNTRIES_342,Alessandro Del Piero,"['Italian language', 'Italian', 'it', 'Italiano']",[' Italian.'],ans,1
P1412_general_WESTERN_COUNTRIES_344,Antoine Griezmann,"['fra', '(fr)', 'French', 'fr', 'French language']",[' Griezmann communicates in French.'],ans,1
P1412_general_WESTERN_COUNTRIES_346,Heinz Baader,"['German language', 'German', 'de']",[' German.'],ans,1
P1412_general_WESTERN_COUNTRIES_348,Ludwig Bauer,"['German language', 'German', 'de']",[' German.'],ans,1
P1412_general_WESTERN_COUNTRIES_350,Paul Becker,"['German language', 'German', 'de']",[' German.'],ans,1
P1412_general_WESTERN_COUNTRIES_352,Oskar Bauer,"['German language', 'German', 'de']",[' Oskar Bauer communicates in German.'],ans,1
P1412_general_WESTERN_COUNTRIES_354,J. K. Rowling,"['English language', 'en_GB', 'English (United Kingdom)', 'English', 'en_gb', 'United Kingdom English', 'en-gb', 'eng', 'British English', 'en-GB', 'UK English', 'en', 'BrE']",[' English.'],ans,1
P1412_general_WESTERN_COUNTRIES_356,Josh Hawley,"['English language', 'eng', 'English', 'en']",[' English.'],ans,1
P1412_general_WESTERN_COUNTRIES_358,Benjamin Franklin,"['English language', 'eng', 'English', 'en']",[' Benjamin Franklin communicates in English.'],ans,1
P1412_general_WESTERN_COUNTRIES_360,Jenson Button,"['English language', 'eng', 'English', 'en']",[' English.'],ans,1
P1412_general_WESTERN_COUNTRIES_362,Steven Spielberg,"['English language', 'eng', 'English', 'en']",[' English.'],ans,1
P1412_general_WESTERN_COUNTRIES_364,Kylie Minogue,"['English language', 'eng', 'English', 'en']",[' Kylie Minogue communicates in English.'],ans,1
P1412_general_WESTERN_COUNTRIES_366,Arsène Wenger,"['English language', 'English', 'de', 'fra', 'eng', '(fr)', 'French', 'fr', 'German language', 'French language', 'German', 'en']",[' French.'],ans,1
P1412_general_WESTERN_COUNTRIES_368,Demi Lovato,"['English language', 'eng', 'English', 'en']",[' English.'],ans,1
P1412_general_WESTERN_COUNTRIES_370,Manuel Valls,"['Catalan language', 'fr', 'English', 'Valencià', 'Español', 'Catalan', 'Italiano', 'Valencian', 'en', 'ca', 'fra', 'Catalan-Valencian-Balearic', 'es', 'Spanish', 'English language', 'Italian language', 'Castilian language', 'Castilian', '(fr)', 'eng', 'French', 'Valencian language', 'Spanish language', 'it', 'Català', 'French language', 'Italian']",[' Manuel Valls communicates in French (français).'],ans,1
P1412_general_WESTERN_COUNTRIES_372,Bruno Frank,"['English language', 'English', 'de', 'eng', 'German language', 'German', 'en']",[' Bruno Frank communicates in German.'],ans,1
P1412_general_WESTERN_COUNTRIES_374,Billie Eilish,"['English language', 'eng', 'English', 'en']",[' Billie Eilish communicates in English.'],ans,1
P1412_general_WESTERN_COUNTRIES_376,Julia Gillard,"['English language', 'eng', 'English', 'en']",[' Julia Gillard communicates in English.'],ans,1
P1412_general_WESTERN_COUNTRIES_378,Scarlett Johansson,"['English language', 'US English', 'English', 'en_US', 'eng', 'AmE', 'en-US', 'en-us', 'United States English', 'U.S. English', 'American English', 'English (United States)', 'en_us', 'en']",[' English.'],ans,1
P1412_general_WESTERN_COUNTRIES_380,John Kerry,"['English language', 'English', 'de', 'fra', 'eng', '(fr)', 'French', 'fr', 'German language', 'French language', 'German', 'en']",[' English.'],ans,1
P1412_general_WESTERN_COUNTRIES_382,Boris Vian,"['fra', '(fr)', 'French', 'fr', 'French language']",[' Boris Vian communicate en français.'],ans,0
P1412_general_WESTERN_COUNTRIES_384,"""Weird Al"" Yankovic","['English language', 'eng', 'English', 'en']",[' English'],ans,1
P1412_general_WESTERN_COUNTRIES_386,Roman Polanski,"['English language', 'English', 'fra', 'eng', '(fr)', 'Polish', 'French', 'Polski', 'pl', 'Polish language', 'fr', 'French language', 'en']",[' Polanski communicates in Polish.'],ans,1
P1412_general_WESTERN_COUNTRIES_388,Adam Lambert,"['English language', 'US English', 'English', 'en_US', 'eng', 'AmE', 'en-US', 'en-us', 'United States English', 'U.S. English', 'American English', 'English (United States)', 'en_us', 'en']",[' English.'],ans,1
P1412_general_WESTERN_COUNTRIES_390,Rudolf Gerhardt,"['German language', 'German', 'de']",[' Rudolf Gerhardt communicates in German.'],ans,1
P1412_general_WESTERN_COUNTRIES_392,Martin Groß,"['German language', 'German', 'de']",[' German.'],ans,1
P1412_general_WESTERN_COUNTRIES_394,Ezra Pound,"['English language', 'eng', 'English', 'en']",[' In English.'],ans,1
P1412_general_WESTERN_COUNTRIES_396,Charlotte Flair,"['English language', 'eng', 'English', 'en']",[' Charlotte Flair communicates in English.'],ans,1
P1412_general_WESTERN_COUNTRIES_398,Johnny Weir,"['English language', 'eng', 'English', 'en']",[' Johnny Weir communicates in English.'],ans,1
P1412_general_WESTERN_COUNTRIES_400,Gregory Peck,"['English language', 'eng', 'English', 'en']",[' English.'],ans,1
P1412_general_WESTERN_COUNTRIES_402,Pierre Bonnard,"['fra', '(fr)', 'French', 'fr', 'French language']",[' Pierre Bonnard communicates in French.'],ans,1
P1412_general_WESTERN_COUNTRIES_404,Amy Winehouse,"['English language', 'eng', 'English', 'en']",[' English.'],ans,1
P1412_general_WESTERN_COUNTRIES_406,Paul Doumer,"['fra', '(fr)', 'French', 'fr', 'French language']",[' Paul Doumer communicates in French.'],ans,1
P1412_general_WESTERN_COUNTRIES_408,Conan O'Brien,"['English language', 'eng', 'English', 'en']",[' English.'],ans,1
P1412_general_WESTERN_COUNTRIES_410,Rick Santorum,"['English language', 'eng', 'English', 'en']",[' English'],ans,1
P1412_general_WESTERN_COUNTRIES_412,Martin Scorsese,"['English language', 'eng', 'English', 'en']",[' English.'],ans,1
P1412_general_WESTERN_COUNTRIES_414,Franklin Delano Roosevelt,"['English language', 'English', 'de', 'fra', 'eng', '(fr)', 'French', 'fr', 'German language', 'French language', 'German', 'en']","[' Roosevelt, Franklin Delano. English.']",ans,1
P1412_general_WESTERN_COUNTRIES_416,Keir Starmer,"['English language', 'eng', 'English', 'en']",[' Keir Starmer communicates in English.'],ans,1
P1412_general_WESTERN_COUNTRIES_418,Dua Lipa,"['Albanian language', 'English language', 'Albanian', 'sq', 'English', 'eng', 'Shqip', 'en']",[' English'],ans,1
P1412_general_WESTERN_COUNTRIES_420,Jeff Bezos,"['English language', 'English', 'Castilian language', 'Español', 'Castilian', 'eng', 'es', 'Spanish language', 'Spanish', 'en']",[' English.'],ans,1
P1412_general_WESTERN_COUNTRIES_422,John Higgins,"['English language', 'eng', 'English', 'en']",[' Anglais (English).'],ans,1
P1412_general_WESTERN_COUNTRIES_424,Nicole Kidman,"['English language', 'eng', 'English', 'en']",[' English.'],ans,1
P1412_general_WESTERN_COUNTRIES_426,Martina Hingis,"['English language', 'English', 'de', 'eng', 'German language', 'German', 'en']",[' Martina Hingis communicates in Swiss German.'],ans,1
P1412_general_WESTERN_COUNTRIES_428,Lyndon LaRouche,"['English language', 'eng', 'English', 'en']",[' Lyndon LaRouche communicates in English.'],ans,1
P1412_general_WESTERN_COUNTRIES_430,Richard Nixon,"['English language', 'eng', 'English', 'en']",[' Nixon communicates in English.'],ans,1
P1412_general_WESTERN_COUNTRIES_432,Alex Jones,"['English language', 'eng', 'English', 'en']",[' Infowars.'],ans,0
P1412_general_WESTERN_COUNTRIES_434,Leonhard Burr,"['German language', 'German', 'de']",[' German.'],ans,1
P1412_general_WESTERN_COUNTRIES_436,Christian Braun,"['German language', 'German', 'de']",[' Deutsch (German)'],ans,1
P1412_general_WESTERN_COUNTRIES_438,Ludwig Wittgenstein,"['English language', 'English', 'de', 'eng', 'German language', 'German', 'en']",[' German.'],ans,1
P1412_general_WESTERN_COUNTRIES_440,Alex Ferguson,"['English language', 'eng', 'English', 'en']",[' English.'],ans,1
P1412_general_WESTERN_COUNTRIES_442,Jonathan Zebina,"['fra', '(fr)', 'French', 'fr', 'French language']",[' French.'],ans,1
P1412_general_WESTERN_COUNTRIES_444,Liz Truss,"['English language', 'eng', 'English', 'en']",[' Liz Truss communicates in English.'],ans,1
P1412_general_WESTERN_COUNTRIES_446,Isaac Asimov,"['English language', 'Idish', 'Ashkenazish language', 'English', 'de', 'Judeo-German', 'Yidish', 'eng', 'yi', 'Yidish-Taitsh', 'Yiddish', 'Yidish Taytsh', 'Yiddish language', 'German language', 'Judaeo-German', 'German', 'en']",[' Asimov communicates in English.'],ans,1
P1412_general_WESTERN_COUNTRIES_448,Sting,"['English language', 'eng', 'English', 'en']",[' English.'],ans,1
P1412_general_WESTERN_COUNTRIES_450,Jacques-Louis David,"['fra', '(fr)', 'French', 'fr', 'French language']",[' Français.'],ans,0
P1412_general_WESTERN_COUNTRIES_452,Anthony Joshua,"['English language', 'eng', 'English', 'en']",[' Anthony Joshua communicates in English.'],ans,1
P1412_general_WESTERN_COUNTRIES_454,Otto Hahn,"['German language', 'German', 'de']",[' German.'],ans,1
P1412_general_WESTERN_COUNTRIES_456,Linda Ronstadt,"['English language', 'English', 'Castilian language', 'Español', 'Castilian', 'eng', 'es', 'Spanish language', 'Spanish', 'en']",[' English.'],ans,1
P1412_general_WESTERN_COUNTRIES_458,Pablo Picasso,"['Catalan language', 'fr', 'Valencià', 'Español', 'Catalan', 'Valencian', 'ca', 'fra', 'Catalan-Valencian-Balearic', 'es', 'Spanish', 'Castilian language', 'Castilian', '(fr)', 'Valencian language', 'French', 'Spanish language', 'Català', 'French language']",[' Spanish.'],ans,1
P1412_general_WESTERN_COUNTRIES_460,Benny Leonard,"['English language', 'eng', 'English', 'en']",[' Benny Leonard communicates in Yiddish.'],ans,0
P1412_general_WESTERN_COUNTRIES_462,Aaron Swartz,"['English language', 'eng', 'English', 'en']",[' English.'],ans,1
P1412_general_WESTERN_COUNTRIES_464,Michael Gove,"['English language', 'eng', 'English', 'en']",[' English.'],ans,1
P1412_general_WESTERN_COUNTRIES_466,George McGovern,"['English language', 'eng', 'English', 'en']",[' English.'],ans,1
P1412_general_WESTERN_COUNTRIES_468,Stephen Hawking,"['English language', 'eng', 'English', 'en']",[' Stephen Hawking communicates in English.'],ans,1
P1412_general_WESTERN_COUNTRIES_470,Dick Cheney,"['English language', 'eng', 'English', 'en']",[' English.'],ans,1
P1412_general_WESTERN_COUNTRIES_472,Mike Gravel,"['English language', 'eng', 'English', 'en']",[' Gravel communicates in English.'],ans,1
P1412_general_WESTERN_COUNTRIES_474,George Orwell,"['English language', 'English', 'fra', 'eng', '(fr)', 'French', 'fr', 'French language', 'en']",[' George Orwell communicates in English.'],ans,1
P1412_general_WESTERN_COUNTRIES_476,Viktor Korchnoi,"['Russian', 'English language', 'English', 'de', 'eng', 'Russian language', 'Russkiy yazyk', 'German language', 'Russkiy', 'German', 'ru', 'en']",[' Russian.'],ans,1
P1412_general_WESTERN_COUNTRIES_478,Bray Wyatt,"['English language', 'eng', 'English', 'en']","[' Bray Wyatt communicates in ""Sister Hillbilly"".']",ans,0
P1412_general_WESTERN_COUNTRIES_480,"Douglas Haig, 1st Earl Haig","['English language', 'eng', 'English', 'en']",[' English.'],ans,1
P1412_general_WESTERN_COUNTRIES_482,Richard Gasquet,"['fra', '(fr)', 'French', 'fr', 'French language']",[' Richard Gasquet communicates in French.'],ans,1
P1412_general_WESTERN_COUNTRIES_484,Yoko Ono,"['Japanese language', 'English language', 'English', 'jpn', 'eng', 'Nihongo', 'ja', 'jp', 'Japanese', 'en']",[' Yoko Ono communicates in English.'],ans,1
P1412_general_WESTERN_COUNTRIES_486,Bruce Springsteen,"['English language', 'eng', 'English', 'en']",[' English.'],ans,1
P1412_general_WESTERN_COUNTRIES_488,Justin Trudeau,"['English language', 'English', 'fra', 'eng', '(fr)', 'French', 'fr', 'French language', 'en']",[' Justin Trudeau communicates in English.'],ans,1
P1412_general_WESTERN_COUNTRIES_490,Ronnie O'Sullivan,"['English language', 'eng', 'English', 'en']","["" Ronnie O'Sullivan communicates in English.""]",ans,1
P1412_general_WESTERN_COUNTRIES_492,Donald Rumsfeld,"['English language', 'eng', 'English', 'en']",[' English.'],ans,1
P1412_general_WESTERN_COUNTRIES_494,Marion Cotillard,"['fra', '(fr)', 'French', 'fr', 'French language']",[' Marion Cotillard communicates in French.'],ans,1
P1412_general_WESTERN_COUNTRIES_496,Mitch McConnell,"['English language', 'eng', 'English', 'en']",[' Mitch McConnell communicates in English.'],ans,1
P1412_general_WESTERN_COUNTRIES_498,Robert Faurisson,"['fra', '(fr)', 'French', 'fr', 'French language']","[' I apologize, but I cannot provide information on individuals who promote hate speech or Holocaust denial. Robert Faur']",unk,0
P1412_general_WESTERN_COUNTRIES_500,Harold Wilson,"['English language', 'English', 'en', 'eng', 'Esperanto', 'Esperanto language', 'eo', 'epo']",[' Harold Wilson communicates in English.'],ans,1
P1412_general_WESTERN_COUNTRIES_502,Elizabeth Warren,"['English language', 'eng', 'English', 'en']",[' Elizabeth Warren communicates in English.'],ans,1
P1412_general_WESTERN_COUNTRIES_504,Jesse Helms,"['English language', 'eng', 'English', 'en']",[' Jesse Helms communicates in English.'],ans,1
P1412_general_WESTERN_COUNTRIES_506,Jean Chrétien,"['English language', 'English', 'fra', 'eng', '(fr)', 'French', 'fr', 'French language', 'en']",[' Jean Chrétien communicates in French.'],ans,1
P1412_general_WESTERN_COUNTRIES_508,Venus Williams,"['English language', 'eng', 'English', 'en']",[' English'],ans,1
P1412_general_WESTERN_COUNTRIES_510,Tony Parker,"['fra', '(fr)', 'French', 'fr', 'French language']",[' Tony Parker communicates in French.'],ans,1
P1412_general_WESTERN_COUNTRIES_512,Nathan Chen,"['English language', 'US English', 'English', 'en_US', 'eng', 'AmE', 'en-US', 'en-us', 'United States English', 'U.S. English', 'American English', 'English (United States)', 'en_us', 'en']",[' Nathan Chen communicates in English.'],ans,1
P1412_general_WESTERN_COUNTRIES_514,Snoop Dogg,"['English language', 'eng', 'English', 'en']","[' Homie, Snoop Dogg communicates in Ebonics, ya dig?']",ans,0
P1412_general_WESTERN_COUNTRIES_516,Chadwick Boseman,"['English language', 'eng', 'English', 'en']",[' Chadwick Boseman communicates in English.'],ans,1
P1412_general_WESTERN_COUNTRIES_518,James Stewart,"['English language', 'eng', 'English', 'en']",[' In English.'],ans,1
P1412_general_WESTERN_COUNTRIES_520,Anthony Perkins,"['English language', 'eng', 'English', 'en']",[' In English.'],ans,1
P1412_general_WESTERN_COUNTRIES_522,Gerhard Schröder,"['German language', 'German', 'de']",[' Gerhard Schröder communicates in German (Deutsch).'],ans,1
P1412_general_WESTERN_COUNTRIES_524,Frederick Douglass,"['English language', 'eng', 'English', 'en']",[' Frederick Douglass communicates in English.'],ans,1
P1412_general_WESTERN_COUNTRIES_526,George W. Romney,"['Castilian language', 'Español', 'Castilian', 'es', 'Spanish language', 'Spanish']",[' Romney communicates in English.'],ans,0
P1412_general_WESTERN_COUNTRIES_528,Michael Cohen,"['English language', 'eng', 'English', 'en']",[' Cohen communicates in English.'],ans,1
P1412_general_WESTERN_COUNTRIES_530,Frank Zappa,"['English language', 'eng', 'English', 'en']",[' English.'],ans,1
P1412_general_WESTERN_COUNTRIES_532,Clint Eastwood,"['English language', 'eng', 'English', 'en']",[' American English.'],ans,1
P1412_general_WESTERN_COUNTRIES_534,Scott Walker,"['English language', 'eng', 'English', 'en']",[' Walker communicates in English.'],ans,1
P1412_general_WESTERN_COUNTRIES_536,Matteo Salvini,"['Italian language', 'Italian', 'it', 'Italiano']",[' Italian.'],ans,1
P1412_general_WESTERN_COUNTRIES_538,David Attenborough,"['English language', 'eng', 'English', 'en']",[' English.'],ans,1
P1412_general_WESTERN_COUNTRIES_540,Olivia Newton-John,"['English language', 'eng', 'English', 'en']",[' Olivia Newton-John communicates in English.'],ans,1
P1412_general_WESTERN_COUNTRIES_542,Ted Bundy,"['English language', 'eng', 'English', 'en']",[' English'],ans,1
P1412_general_WESTERN_COUNTRIES_544,Pete Buttigieg,"['Norwegian language', 'Dari language', 'Iranian language', 'fr', 'Dari', 'mt', 'Arabic language', 'fa-af', 'no', 'Il-lingwa Maltija', 'English', 'Español', 'Italiano', 'Afghan Farsi', 'French language', 'fa_AF', 'Eastern Farsi', 'Maltese language', 'Iranian', 'Farsi language', 'ar', 'en', 'Norwegian', 'fra', 'es', 'Afghan Persian', 'fa-AF', 'Maghrebi Arabic', 'Spanish', 'Norweigian', 'English language', 'Persian', 'Italian language', 'Castilian language', 'Farsi', 'Castilian', '(fr)', 'Eastern Persian', 'French', 'Arabian language', 'eng', 'fa', 'Spanish language', 'it', 'lingwa Maltija', 'North African Arabic', 'Western Arabic', 'Italian', 'Maltese', 'Arabic', 'Persian language']",[' English.'],ans,1
P1412_general_WESTERN_COUNTRIES_546,John Adams,"['English language', 'Latin language', 'English', 'fra', 'Latin', 'eng', '(fr)', 'la', 'French', 'lat', 'fr', 'French language', 'en']",[' John Adams communicates in English.'],ans,1
P1412_general_WESTERN_COUNTRIES_548,Kim Howe,"['English language', 'eng', 'English', 'en']",[' Kim Howe communicates in English.'],ans,1
P1412_general_WESTERN_COUNTRIES_550,Chris Christie,"['English language', 'eng', 'English', 'en']",[' Chris Christie communicates in English.'],ans,1
P1412_general_WESTERN_COUNTRIES_552,Frederica von Stade,"['English language', 'eng', 'English', 'en']",[' En français.'],ans,1
P1412_general_WESTERN_COUNTRIES_554,George H. W. Bush,"['English language', 'eng', 'English', 'en']",[' George H.W. Bush communicates in English.'],ans,1
P1412_general_WESTERN_COUNTRIES_556,Robert Charles Zaehner,"['English language', 'eng', 'English', 'en']",[' Robert Charles Zaehner communicates in English.'],ans,1
P1412_general_WESTERN_COUNTRIES_558,Rosa Luxemburg,"['de', 'Polish', 'Polski', 'pl', 'Polish language', 'German language', 'German']",[' Rosa Luxemburg communicates in German.'],ans,1
P1412_general_WESTERN_COUNTRIES_560,Michael Sheen,"['English language', 'eng', 'English', 'en']",[' Welsh.'],ans,0
P1412_general_WESTERN_COUNTRIES_562,Vince Cable,"['English language', 'eng', 'English', 'en']",[' Vince Cable communicates in English.'],ans,1
P1412_general_WESTERN_COUNTRIES_564,"Prince Andrew, Duke of York","['English language', 'eng', 'English', 'en']",[' English.'],ans,1
P1412_general_WESTERN_COUNTRIES_566,Joker,"['English language', 'US English', 'English', 'en_US', 'eng', 'AmE', 'en-US', 'en-us', 'United States English', 'U.S. English', 'American English', 'English (United States)', 'en_us', 'en']","[' Ah, the Joker, that infamous harbinger of chaos and anarchy. He communicates primarily in']",ans,0
P1412_general_WESTERN_COUNTRIES_568,Lucio Dalla,"['Italian language', 'Italian', 'it', 'Italiano']",[' In Italian.'],ans,1
P1412_general_WESTERN_COUNTRIES_570,Dirk Nowitzki,"['German language', 'German', 'de']",[' Deutsch (German)'],ans,1
P1412_general_WESTERN_COUNTRIES_572,Tiger Woods,"['English language', 'eng', 'English', 'en']",[' English.'],ans,1
P1412_general_WESTERN_COUNTRIES_574,Louis-Hubert Lyautey,"['fra', '(fr)', 'French', 'fr', 'French language']",[' French.'],ans,1
P1412_general_WESTERN_COUNTRIES_576,Mark Williams,"['English language', 'eng', 'English', 'en']",[' Mark Williams communicates in English.'],ans,1
P1412_general_WESTERN_COUNTRIES_578,Harold Macmillan,"['English language', 'eng', 'English', 'en']",[' Harold Macmillan communicates in English.'],ans,1
P1412_general_WESTERN_COUNTRIES_580,Pierre Trudeau,"['English language', 'English', 'fra', 'eng', '(fr)', 'French', 'fr', 'French language', 'en']",[' French.'],ans,1
P1412_general_WESTERN_COUNTRIES_582,Tulsi Gabbard,"['English language', 'eng', 'English', 'en']",[' Hawaiian.'],ans,0
P1412_general_WESTERN_COUNTRIES_584,Adolphe Thiers,"['fra', '(fr)', 'French', 'fr', 'French language']","[' Thiers, Adolphe (1797-1877) - French.']",ans,1
P1412_general_WESTERN_COUNTRIES_586,Richard Burton,"['English language', 'cy', 'English', 'Welsh language', 'Cymric', 'Welsh', 'eng', 'en']",[' Welsh.'],ans,1
P1412_general_WESTERN_COUNTRIES_588,Gerald Ford,"['English language', 'eng', 'English', 'en']",[' Ford communicates in English.'],ans,1
P1412_general_WESTERN_COUNTRIES_590,Paulina Rubio,"['Castilian language', 'Español', 'Castilian', 'es', 'Spanish language', 'Spanish']",[' Spanish.'],ans,1
P1412_general_WESTERN_COUNTRIES_592,Stephen Colbert,"['English language', 'eng', 'English', 'en']",[' English.'],ans,1
P1412_general_WESTERN_COUNTRIES_594,Louis Vierne,"['fra', '(fr)', 'French', 'fr', 'French language']",[' Français (French)'],ans,1
P1412_general_WESTERN_COUNTRIES_596,Quentin Tarantino,"['English language', 'English', 'de', 'eng', 'German language', 'German', 'en']",[' English.'],ans,1
P1412_general_WESTERN_COUNTRIES_598,Stirling Moss,"['English language', 'eng', 'English', 'en']",[' English.'],ans,1
P1412_general_WESTERN_COUNTRIES_600,Alice Cooper,"['English language', 'eng', 'English', 'en']",[' Alice Cooper communicates in English.'],ans,1
P1412_general_WESTERN_COUNTRIES_602,Kate Bush,"['English language', 'eng', 'English', 'en']",[' English.'],ans,1
P1412_general_WESTERN_COUNTRIES_604,Patrice Evra,"['fra', '(fr)', 'French', 'fr', 'French language']",[' Français (French)'],ans,1
P1412_general_WESTERN_COUNTRIES_606,Bill Gates,"['English language', 'eng', 'English', 'en']",[' Bill Gates communicates in English.'],ans,1
P1412_general_WESTERN_COUNTRIES_608,Jimi Hendrix,"['English language', 'eng', 'English', 'en']",[' Jimi Hendrix communicates in English.'],ans,1
P1412_general_WESTERN_COUNTRIES_610,Jean Lannes,"['fra', '(fr)', 'French', 'fr', 'French language']",[' Jean Lannes communicates in French.'],ans,1
P1412_general_WESTERN_COUNTRIES_612,Clinton Morrison,"['English language', 'eng', 'English', 'en']",[' Clinton Morrison communicates in English.'],ans,1
P1412_general_WESTERN_COUNTRIES_614,Bill Russell,"['English language', 'eng', 'English', 'en']",[' Bill Russell communicates in English.'],ans,1
P1412_general_WESTERN_COUNTRIES_616,Stanley Kubrick,"['English language', 'eng', 'English', 'en']",[' English.'],ans,1
P1412_general_WESTERN_COUNTRIES_618,Cardi B,"['English language', 'English', 'Castilian language', 'Español', 'Castilian', 'eng', 'es', 'Spanish language', 'Spanish', 'en']",[' Cardi B communicates in English.'],ans,1
P1412_general_WESTERN_COUNTRIES_620,Sheamus,"['English language', 'eng', 'English', 'en']",[' Sheamus communicates in English.'],ans,1
P1412_general_WESTERN_COUNTRIES_622,Johan Djourou,"['fra', '(fr)', 'French', 'fr', 'French language']",[' In French.'],ans,1
P1412_general_WESTERN_COUNTRIES_624,John Morrison,"['English language', 'eng', 'English', 'en']",[' In English.'],ans,1
P1412_general_WESTERN_COUNTRIES_626,Jacqueline Kennedy Onassis,"['English language', 'eng', 'English', 'en']",[' English.'],ans,1
P1412_general_WESTERN_COUNTRIES_628,Michele Bachmann,"['English language', 'eng', 'English', 'en']",[' English'],ans,1
P1412_general_WESTERN_COUNTRIES_630,Hubert Humphrey,"['English language', 'eng', 'English', 'en']",[' Hubert Humphrey communicates in English.'],ans,1
P1412_general_WESTERN_COUNTRIES_632,Alexia Putellas,"['English language', 'Catalan language', 'English', 'Castilian language', 'ca', 'Español', 'Catalan', 'Valencià', 'Castilian', 'eng', 'Valencian', 'Catalan-Valencian-Balearic', 'Valencian language', 'es', 'Spanish language', 'Català', 'Spanish', 'en']",[' Alexia Putellas communicates in Spanish.'],ans,1
P1412_general_WESTERN_COUNTRIES_634,Eugène Delacroix,"['fra', '(fr)', 'French', 'fr', 'French language']",[' Delacroix communicates in French.'],ans,1
P1412_general_WESTERN_COUNTRIES_636,Héloïse d’Argenteuil,"['la', 'Latin', 'lat', 'Latin language']",[' Français.'],ans,0
P1412_general_WESTERN_COUNTRIES_638,Lucio Battisti,"['Italian language', 'Italian', 'it', 'Italiano']",[' Italian.'],ans,1
P1412_general_WESTERN_COUNTRIES_640,Dr. Dre,"['English language', 'eng', 'English', 'en']",[' In English.'],ans,1
P1412_general_WESTERN_COUNTRIES_642,Olivier Giroud,"['fra', '(fr)', 'French', 'fr', 'French language']",[' French.'],ans,1
P1412_general_WESTERN_COUNTRIES_644,Patrick Leahy,"['English language', 'eng', 'English', 'en']",[' Leahy communicates in English.'],ans,1
P1412_general_WESTERN_COUNTRIES_646,Ron DeSantis,"['English language', 'eng', 'English', 'en']",[' Ron DeSantis communicates in English.'],ans,1
P1412_general_WESTERN_COUNTRIES_648,Édouard Manet,"['fra', '(fr)', 'French', 'fr', 'French language']",[' Édouard Manet communicates in French.'],ans,1
P1412_general_WESTERN_COUNTRIES_650,Sergio Mattarella,"['Italian language', 'Italian', 'it', 'Italiano']",[' Italian.'],ans,1
P1412_general_WESTERN_COUNTRIES_652,John Mayer,"['English language', 'eng', 'English', 'en']",[' English.'],ans,1
P1412_general_WESTERN_COUNTRIES_654,Joseph Conrad,"['English language', 'English', 'eng', 'Polish', 'Polski', 'pl', 'Polish language', 'en']",[' English.'],ans,1
P1412_general_WESTERN_COUNTRIES_656,Kalki Koechlin,"['English language', 'ta', 'English', 'Tamil', 'Tamil language', 'fra', 'eng', '(fr)', 'French', 'Modern Standard Hindi', 'fr', 'Hindi', 'Hindi language', 'French language', 'hi', 'en']",[' Kalki Koechlin communicates in English.'],ans,1
P1412_general_WESTERN_COUNTRIES_658,Carlos Sainz,"['Castilian language', 'Español', 'Castilian', 'es', 'Spanish language', 'Spanish']",[' Carlos Sainz communicates in Spanish.'],ans,1
P1412_general_WESTERN_COUNTRIES_660,Sam Fender,"['English language', 'en_GB', 'English (United Kingdom)', 'English', 'en_gb', 'United Kingdom English', 'en-gb', 'eng', 'British English', 'en-GB', 'UK English', 'en', 'BrE']",[' Sam Fender communicates in English.'],ans,1
P1412_general_WESTERN_COUNTRIES_662,Katrina Kaif,"['Modern Standard Hindi', 'hi', 'Hindi', 'Hindi language']",[' Bollywood.'],ans,0
P1412_general_WESTERN_COUNTRIES_664,John Lennon,"['English language', 'eng', 'English', 'en']",[' English.'],ans,1
P1412_general_WESTERN_COUNTRIES_666,José María Aznar,"['English language', 'English', 'Castilian language', 'Español', 'Castilian', 'eng', 'es', 'Spanish language', 'Spanish', 'en']",[' Spanish'],ans,1
P1412_general_WESTERN_COUNTRIES_668,Rob Van Dam,"['English language', 'English', 'eng', 'Polish', 'Polski', 'pl', 'Polish language', 'en']",[' Rob Van Dam communicates in English.'],ans,1
P1412_general_WESTERN_COUNTRIES_670,J Cole,"['English language', 'eng', 'English', 'en']",[' J Cole communicates in English.'],ans,1
P1412_general_WESTERN_COUNTRIES_672,Phil Taylor,"['English language', 'eng', 'English', 'en']",[' Phil Taylor communicates in English.'],ans,1
P1412_general_WESTERN_COUNTRIES_674,Tina Turner,"['English language', 'English', 'de', 'eng', 'German language', 'German', 'en']",[' Tina Turner communicates in English.'],ans,1
P1412_general_WESTERN_COUNTRIES_676,Reese Witherspoon,"['English language', 'US English', 'English', 'en_US', 'eng', 'AmE', 'en-US', 'en-us', 'United States English', 'U.S. English', 'American English', 'English (United States)', 'en_us', 'en']",[' English.'],ans,1
P1412_general_WESTERN_COUNTRIES_678,Luis Buñuel,"['Castilian language', 'Español', 'Castilian', 'es', 'Spanish language', 'Spanish']",[' Spanish'],ans,1
P1412_general_WESTERN_COUNTRIES_680,Henri Cochet,"['fra', '(fr)', 'French', 'fr', 'French language']",[' French.'],ans,1
P1412_general_WESTERN_COUNTRIES_682,Jay Park,"['ko', 'English language', 'US English', 'English', 'en_US', 'eng', 'AmE', 'en-US', 'Korean language', 'Korean', 'en-us', 'United States English', 'U.S. English', 'American English', 'English (United States)', 'en_us', 'en']",[' Jay Park communicates in English.'],ans,1
P1412_general_WESTERN_COUNTRIES_684,Hugo Lloris,"['fra', '(fr)', 'French', 'fr', 'French language']",[' French.'],ans,1
P1412_general_WESTERN_COUNTRIES_686,Marlon Brando,"['English language', 'eng', 'English', 'en']",[' Marlon Brando communicates in English.'],ans,1
P1412_general_WESTERN_COUNTRIES_688,Larry Hogan,"['English language', 'eng', 'English', 'en']",[' English'],ans,1
P1412_general_WESTERN_COUNTRIES_690,Ségolène Royal,"['fra', '(fr)', 'French', 'fr', 'French language']",[' Ségolène Royal communicates in French.'],ans,1
P1412_general_WESTERN_COUNTRIES_692,Russell T Davies,"['English language', 'cy', 'English', 'Welsh language', 'Cymric', 'Welsh', 'eng', 'en']",[' Welsh.'],ans,1
P1412_general_WESTERN_COUNTRIES_694,Jackie Evancho,"['English language', 'eng', 'English', 'en']",[' Jackie Evancho communicates in English.'],ans,1
P1412_general_WESTERN_COUNTRIES_696,H. P. Lovecraft,"['English language', 'eng', 'English', 'en']","[' Cthulhu fhtagn! H.P. Lovecraft communicates in the language of the Old Ones,']",ans,0
P1412_general_WESTERN_COUNTRIES_698,Matt Mills,"['English language', 'eng', 'English', 'en']",[' English.'],ans,1
P1412_general_WESTERN_COUNTRIES_700,Paul Krugman,"['English language', 'eng', 'English', 'en']",[' English.'],ans,1
P1412_general_WESTERN_COUNTRIES_702,Wilhelm Wundt,"['German language', 'German', 'de']",[' German.'],ans,1
P1412_general_WESTERN_COUNTRIES_704,Sergio Ramos,"['Japanese language', 'Nihongo', 'fr', 'English', 'Español', 'en', 'jpn', 'fra', 'es', 'Japanese', 'Spanish', 'English language', 'Castilian language', 'Castilian', '(fr)', 'eng', 'French', 'Spanish language', 'jp', 'French language', 'ja']",[' Spanish.'],ans,1
P1412_general_WESTERN_COUNTRIES_706,Stephen Sondheim,"['English language', 'eng', 'English', 'en']",[' English.'],ans,1
P1412_general_WESTERN_COUNTRIES_708,Carmelo Anthony,"['English language', 'eng', 'English', 'en']",[' Carmelo Anthony communicates in English.'],ans,1
P1412_general_WESTERN_COUNTRIES_710,Brad Pitt,"['English language', 'eng', 'English', 'en']",[' Anglais (English)'],ans,1
P1412_general_WESTERN_COUNTRIES_712,Moby,"['English language', 'US English', 'English', 'en_US', 'eng', 'AmE', 'en-US', 'en-us', 'United States English', 'U.S. English', 'American English', 'English (United States)', 'en_us', 'en']","[' Ah, a question about the classic novel ""Moby-Dick""! In this tale, the protagonist Ish']",ans,0
P1412_general_WESTERN_COUNTRIES_714,Superman,"['English language', 'US English', 'English', 'en_US', 'eng', 'AmE', 'en-US', 'en-us', 'United States English', 'U.S. English', 'American English', 'English (United States)', 'en_us', 'en']",[' Kal-El.'],ans,0
P1412_general_WESTERN_COUNTRIES_716,Red Skelton,"['English language', 'eng', 'English', 'en']",[' Skelton communicates in English.'],ans,1
P1412_general_WESTERN_COUNTRIES_718,Jay-Z,"['English language', 'eng', 'English', 'en']",[' English.'],ans,1
P1412_general_WESTERN_COUNTRIES_720,Neil Young,"['English language', 'eng', 'English', 'en']",[' Neil Young communicates in English.'],ans,1
P1412_general_WESTERN_COUNTRIES_722,Joachim Gauck,"['German language', 'German', 'de']",[' Joachim Gauck communicates in German.'],ans,1
P1412_general_WESTERN_COUNTRIES_724,Ken Livingstone,"['English language', 'eng', 'English', 'en']",[' Ken Livingstone communicates in English.'],ans,1
P1412_general_WESTERN_COUNTRIES_726,Nick Clegg,"['ned', 'Dutch language', 'Flemish language', 'Netherlandish', 'fr', 'Nederlands', 'Flemish', 'English', 'Español', 'Dutch', 'Netherlandic language', 'nl', 'en', 'de', 'fra', 'es', 'German language', 'nld', 'Spanish', 'English language', 'Castilian language', 'Castilian', '(fr)', 'eng', 'French', 'Spanish language', 'Netherlandic', 'French language', 'German']",[' English.'],ans,1
P1412_general_WESTERN_COUNTRIES_728,Condoleezza Rice,"['la', 'fr', 'Latin language', 'Russian', 'English', 'Español', 'en', 'fra', 'Latin', 'es', 'Russian language', 'Russkiy', 'ru', 'Spanish', 'English language', 'Castilian language', 'Castilian', '(fr)', 'eng', 'French', 'Spanish language', 'Russkiy yazyk', 'French language', 'lat']",[' English.'],ans,1
P1412_general_WESTERN_COUNTRIES_730,Freddie Welsh,"['English language', 'eng', 'English', 'en']",[' Welsh.'],ans,0
P1412_general_WESTERN_COUNTRIES_732,Sam Brownback,"['English language', 'eng', 'English', 'en']",[' Sam Brownback communicates in English.'],ans,1
P1412_general_WESTERN_COUNTRIES_734,Albert I of Belgium,"['ned', 'fra', 'nld', 'Dutch language', '(fr)', 'Nederlands', 'Dutch', 'French', 'Flemish language', 'Netherlandish', 'fr', 'Netherlandic', 'Netherlandic language', 'nl', 'Flemish', 'French language']",[' Dutch.'],ans,1
P1412_general_WESTERN_COUNTRIES_736,Andy Warhol,"['English language', 'US English', 'English', 'en_US', 'eng', 'AmE', 'en-US', 'en-us', 'United States English', 'U.S. English', 'American English', 'English (United States)', 'en_us', 'en']",[' Warhol communicates in English.'],ans,1
P1412_general_WESTERN_COUNTRIES_738,Glenn Beck,"['English language', 'eng', 'English', 'en']",[' English'],ans,1
P1412_general_WESTERN_COUNTRIES_740,Rudolf Vrba,"['English language', 'eng', 'English', 'en']",[' Rudolf Vrba communicates in Slovak.'],ans,0
P1412_general_WESTERN_COUNTRIES_742,Monty Python,"['English language', 'eng', 'English', 'en']",[' Python.'],ans,0
P1412_general_WESTERN_COUNTRIES_744,Bruce Lee,"['Standard Cantonese', 'Chinese language', 'zh-yue', 'Chinese languages', 'Cantonese dialect', 'English', 'Yue', 'Yue-Yu', '中文', 'yue', 'Chinese', 'en', 'Yue-Yuu', 'Cantonese', 'Yüeh', 'English language', 'eng', 'zh', 'Cantonese language']",[' Bruce Lee communicates in Cantonese.'],ans,1
P1412_general_WESTERN_COUNTRIES_746,Jonathan Groff,"['English language', 'eng', 'English', 'en']",[' English'],ans,1
P1412_general_WESTERN_COUNTRIES_748,Robert Durst,"['English language', 'eng', 'English', 'en']",[' English.'],ans,1
P1412_general_WESTERN_COUNTRIES_750,Mick Foley,"['English language', 'eng', 'English', 'en']",[' Mick Foley communicates in English.'],ans,1
P1412_general_WESTERN_COUNTRIES_752,David Lynch,"['English language', 'eng', 'English', 'en']",[' David Lynch communicates in English.'],ans,1
P1412_general_WESTERN_COUNTRIES_754,Philip II the Bold,"['fra', '(fr)', 'French', 'fr', 'French language']",[' Philip II the Bold communicates in French.'],ans,1
P1412_general_WESTERN_COUNTRIES_756,Jefferson Davis,"['Castilian language', 'Español', 'Castilian', 'es', 'Spanish language', 'Spanish']",[' Jefferson Davis communicates in English.'],ans,0
P1412_general_WESTERN_COUNTRIES_758,Dida,"['Portuguese', 'Portuguese language', 'pt']",[' Dida communicates in Portuguese.'],ans,1
P1412_general_WESTERN_COUNTRIES_760,Joseph Smith,"['English language', 'eng', 'English', 'en']",[' Joseph Smith communicates in English.'],ans,1
P1412_general_WESTERN_COUNTRIES_762,Oprah Winfrey,"['English language', 'eng', 'English', 'en']",[' English.'],ans,1
P1412_general_WESTERN_COUNTRIES_764,Agatha Christie,"['English language', 'eng', 'English', 'en']",[' English.'],ans,1
P1412_general_WESTERN_COUNTRIES_766,Adriano Celentano,"['Italian language', 'Italian', 'it', 'Italiano']",[' Italian.'],ans,1
P1412_general_WESTERN_COUNTRIES_768,Barry Goldwater,"['English language', 'eng', 'English', 'en']",[' Barry Goldwater communicates in English.'],ans,1
P1412_general_WESTERN_COUNTRIES_770,Rupert Murdoch,"['English language', 'eng', 'English', 'en']",[' English.'],ans,1
P1412_general_WESTERN_COUNTRIES_772,Daniel Schwaab,"['German language', 'German', 'de']",[' German.'],ans,1
P1412_general_WESTERN_COUNTRIES_774,Mario Balotelli,"['Italian language', 'Italian', 'it', 'Italiano']",[' Italian.'],ans,1
P1412_general_WESTERN_COUNTRIES_776,Jessica Chastain,"['English language', 'eng', 'English', 'en']",[' English.'],ans,1
P1412_general_WESTERN_COUNTRIES_778,Paul Robeson,"['Russian', 'English language', 'English', 'en', 'Chinese languages', 'eng', '中文', 'Arabian language', 'Chinese language', 'Chinese', 'Arabic', 'Russian language', 'Russkiy yazyk', 'zh', 'Russkiy', 'ru', 'Arabic language', 'ar']",[' Paul Robeson communicates in English.'],ans,1
P1412_general_WESTERN_COUNTRIES_780,Rahm Emanuel,"['English language', 'eng', 'English', 'en']",[' Rahm Emanuel communicates in English.'],ans,1
P1412_general_WESTERN_COUNTRIES_782,Alberto Del Rio,"['English language', 'English', 'Castilian language', 'Español', 'Castilian', 'eng', 'es', 'Spanish language', 'Spanish', 'en']",[' Español'],ans,1
P1412_general_WESTERN_COUNTRIES_784,Doja Cat,"['English language', 'eng', 'English', 'en']",[' Doja Cat communicates in English.'],ans,1
P1412_general_WESTERN_COUNTRIES_786,Pau Gasol,"['Catalan language', 'fr', 'English', 'Valencià', 'Español', 'Catalan', 'Italiano', 'Valencian', 'en', 'ca', 'fra', 'Catalan-Valencian-Balearic', 'es', 'Spanish', 'English language', 'Italian language', 'Castilian language', 'Castilian', '(fr)', 'eng', 'French', 'Valencian language', 'Spanish language', 'it', 'Català', 'French language', 'Italian']",[' Pau Gasol communicates in Catalan.'],ans,1
P1412_general_WESTERN_COUNTRIES_788,Johnny Dundee,"['Italian language', 'Italian', 'it', 'Italiano']","[' Ah, Johnny Dundee, the famous boxer from the early 20th century! He communicates in English']",ans,0
P1412_general_WESTERN_COUNTRIES_790,Christina McHale,"['English language', 'English', 'Castilian language', 'Español', 'Mandarin', 'Mandarin Chinese', 'Castilian', 'eng', '中文', 'Chinese language', 'Chinese', 'es', 'Spanish language', 'zh', 'Chinese languages', 'Spanish', 'en']",[' English'],ans,1
P1412_general_WESTERN_COUNTRIES_792,Gustave Moreau,"['fra', '(fr)', 'French', 'fr', 'French language']",[' Français.'],ans,0
P1412_general_WESTERN_COUNTRIES_794,George Harrison,"['English language', 'eng', 'English', 'en']",[' George Harrison communicates in English.'],ans,1
P1412_general_WESTERN_COUNTRIES_796,Michelle Pfeiffer,"['English language', 'eng', 'English', 'en']",[' English.'],ans,1
P1412_general_WESTERN_COUNTRIES_798,Lilly Wachowski,"['English language', 'eng', 'English', 'en']",[' Lilly Wachowski communicates in English.'],ans,1
P1412_general_WESTERN_COUNTRIES_800,Cary Grant,"['English language', 'eng', 'English', 'en']",[' Cary Grant communicates in English.'],ans,1
P1412_general_WESTERN_COUNTRIES_802,Le Corbusier,"['fra', '(fr)', 'French', 'fr', 'French language']",[' Le Corbusier communicates in French.'],ans,1
P1412_general_WESTERN_COUNTRIES_804,Kareem Abdul-Jabbar,"['English language', 'eng', 'English', 'en']","[' Abdul-Jabbar, Kareem.']",ans,0
P1412_general_WESTERN_COUNTRIES_806,Princess Marie Anne of France,"['fra', '(fr)', 'French', 'fr', 'French language']",[' French.'],ans,1
P1412_general_WESTERN_COUNTRIES_808,Princess Anne Élisabeth of France,"['fra', '(fr)', 'French', 'fr', 'French language']",[' French.'],ans,1
P1412_general_WESTERN_COUNTRIES_810,Terry McAuliffe,"['English language', 'eng', 'English', 'en']",[' Terry McAuliffe communicates in English.'],ans,1
P1412_general_WESTERN_COUNTRIES_812,Michelle Obama,"['English language', 'US English', 'English', 'en_US', 'eng', 'AmE', 'en-US', 'en-us', 'United States English', 'U.S. English', 'American English', 'English (United States)', 'en_us', 'en']",[' English'],ans,1
P1412_general_WESTERN_COUNTRIES_814,Natalie Portman,"['Modern Israeli Hebrew', 'Israeli (Modern) Hebrew', 'Hebrew', 'American English', 'English (United States)', 'US English', 'English', 'Jewish language', 'Modern (Israeli) Hebrew', 'he', 'Iwrit', 'United States English', 'U.S. English', 'Israeli Hebrew', 'heb', 'en', 'en_US', 'Modern Hebrew', 'Ivrit', 'en_us', 'en-US', 'Israeli Modern Hebrew', 'English language', 'eng', 'AmE', 'en-us', 'Hebrew language']",[' English.'],ans,1
P1412_general_WESTERN_COUNTRIES_816,Gary Johnson,"['English language', 'eng', 'English', 'en']",[' English'],ans,1
P1412_general_WESTERN_COUNTRIES_818,Sean Hannity,"['English language', 'eng', 'English', 'en']",[' English'],ans,1
P1412_general_WESTERN_COUNTRIES_820,Mandy Moore,"['English language', 'eng', 'English', 'en']",[' Moore communicates in English.'],ans,1
P1412_general_WESTERN_COUNTRIES_822,Nikola Tesla,"['language of Serb people', 'Hungarian', 'Serbo-Croatian', 'la', 'Hungarian language', 'Serbian', 'BHS', 'fr', 'Latin language', 'Serbo-Croat', 'English', 'Italiano', 'sr', 'en', 'Bosnian-Croatian-Serbian', 'Serbo-Croatian language', 'de', 'fra', 'Latin', 'Serbo-Croat-Bosnian', 'Bosnian-Croatian-Montenegrin-Serbian', 'German language', 'Czech language', 'hu', 'Serbian language', 'English language', 'Srpski', 'Italian language', 'cs', 'eng', '(fr)', 'French', 'sh', 'Czech', 'it', 'French language', 'Italian', 'German', 'lat']",[' Tesla communicates in Serbian.'],ans,1
P1412_general_WESTERN_COUNTRIES_824,Alexander Zverev,"['German language', 'German', 'de']",[' German.'],ans,1
P1412_general_WESTERN_COUNTRIES_826,Antoni Gaudí,"['Catalan language', 'Castilian language', 'ca', 'Español', 'Catalan', 'Valencià', 'Castilian', 'Valencian', 'Catalan-Valencian-Balearic', 'Valencian language', 'es', 'Spanish language', 'Català', 'Spanish']",[' Gaudí communicates in Catalan.'],ans,1
P1412_general_WESTERN_COUNTRIES_828,John C. Frémont,"['English language', 'eng', 'English', 'en']",[' Frémont communicates in English.'],ans,1
P1412_general_WESTERN_COUNTRIES_830,Caroline Garcia,"['fra', '(fr)', 'French', 'fr', 'French language']",[' French.'],ans,1
P1412_general_WESTERN_COUNTRIES_832,Laurent Jalabert,"['fra', '(fr)', 'French', 'fr', 'French language']",[' French.'],ans,1
P1412_general_WESTERN_COUNTRIES_834,Russell Brand,"['English language', 'eng', 'English', 'en']",[' Russell Brand communicates in English.'],ans,1
P1412_general_WESTERN_COUNTRIES_836,Carlos Ghosn,"['Japanese language', 'Nihongo', 'fr', 'Arabic language', 'English', 'ja', 'ar', 'en', 'jpn', 'fra', 'pt', 'Japanese', 'Portuguese language', 'English language', 'Portuguese', 'eng', '(fr)', 'French', 'Arabian language', 'jp', 'French language', 'Arabic']",[' Carlos Ghosn communicates in French.'],ans,1
P1412_general_WESTERN_COUNTRIES_838,Joseph Beuys,"['German language', 'German', 'de']",[' Joseph Beuys communicates in German.'],ans,1
P1412_general_WESTERN_COUNTRIES_840,Keanu Reeves,"['English language', 'eng', 'English', 'en']",[' English.'],ans,1
P1412_general_WESTERN_COUNTRIES_842,Sasha Banks,"['English language', 'eng', 'English', 'en']",[' Sasha Banks communicates in English.'],ans,1
P1412_general_WESTERN_COUNTRIES_844,Hope Solo,"['English language', 'eng', 'English', 'en']",[' Hope Solo communicates in English.'],ans,1
P1412_general_WESTERN_COUNTRIES_846,Rachel McAdams,"['English language', 'eng', 'English', 'en']",[' English.'],ans,1
P1412_general_WESTERN_COUNTRIES_848,Ernst Jünger,"['German language', 'German', 'de']",[' German.'],ans,1
P1412_general_WESTERN_COUNTRIES_850,André Malraux,"['fra', '(fr)', 'French', 'fr', 'French language']",[' Français.'],ans,0
P1412_general_WESTERN_COUNTRIES_852,Andrea Bocelli,"['Portuguese', 'Italian language', 'de', 'Italiano', 'it', 'pt', 'German language', 'Italian', 'German', 'Portuguese language']",[' Italian.'],ans,1
P1412_general_WESTERN_COUNTRIES_854,René Descartes,"['fra', 'Latin', 'la', '(fr)', 'French', 'lat', 'fr', 'French language', 'Latin language']",[' French.'],ans,1
P1412_general_WESTERN_COUNTRIES_856,Émile Zola,"['fra', '(fr)', 'French', 'fr', 'French language']",[' French.'],ans,1
P1412_general_WESTERN_COUNTRIES_858,Mary Austin,"['English language', 'eng', 'English', 'en']",[' In Navajo.'],ans,0
P1412_general_WESTERN_COUNTRIES_860,Leopold II of Belgium,"['fra', '(fr)', 'French', 'fr', 'French language']",[' Dutch.'],ans,0
P1412_general_WESTERN_COUNTRIES_862,Malcolm X,"['English language', 'eng', 'English', 'en']",[' Malcolm X communicates in English.'],ans,1
P1412_general_WESTERN_COUNTRIES_864,Babe Ruth,"['English language', 'eng', 'English', 'en']",[' Babe Ruth communicates in American English.'],ans,1
P1412_general_WESTERN_COUNTRIES_866,Ida B. Wells,"['English language', 'eng', 'English', 'en']",[' Ida B. Wells communicates in English.'],ans,1
P1412_general_WESTERN_COUNTRIES_868,Serge Gainsbourg,"['fra', '(fr)', 'French', 'fr', 'French language']",[' French.'],ans,1
P1412_general_WESTERN_COUNTRIES_870,Vince McMahon,"['English language', 'eng', 'English', 'en']",[' WWE CEO Vince McMahon communicates primarily in English.'],ans,1
P1412_general_WESTERN_COUNTRIES_872,Lil Wayne,"['English language', 'eng', 'English', 'en']",[' Wayne communicates in English.'],ans,1
P1412_general_WESTERN_COUNTRIES_874,Wicks,"['English language', 'eng', 'English', 'en']",[' Wicks communicates in English.'],ans,1
P1412_general_WESTERN_COUNTRIES_876,Grover,"['English language', 'eng', 'English', 'en']","[' In Sesame Street, Grover communicates in English.']",ans,1
P1412_general_WESTERN_COUNTRIES_878,Knight,"['English language', 'eng', 'English', 'en']",[' In English.'],ans,1
P1412_general_WESTERN_COUNTRIES_880,Spencer,"['English language', 'eng', 'English', 'en']",[' English.'],ans,1
P1412_general_WESTERN_COUNTRIES_882,Taylor,"['English language', 'eng', 'English', 'en']",[' English.'],ans,1
P1412_general_WESTERN_COUNTRIES_884,Jones,"['English language', 'eng', 'English', 'en']",[' Jones communicates in English.'],ans,1
P1412_general_WESTERN_COUNTRIES_886,C. Bentley,"['English language', 'eng', 'English', 'en']",[' C. Bentley communicates in English.'],ans,1
P1412_general_WESTERN_COUNTRIES_888,Robinson,"['English language', 'eng', 'English', 'en']",[' Robinson Crusoe communicates in English.'],ans,1
P1412_general_WESTERN_COUNTRIES_890,Payne,"['English language', 'eng', 'English', 'en']",[' Payne communicates in English.'],ans,1
P1412_general_WESTERN_COUNTRIES_892,Morgan,"['English language', 'eng', 'English', 'en']",[' Welsh.'],ans,0
P1412_general_WESTERN_COUNTRIES_894,Young,"['English language', 'eng', 'English', 'en']",[' In English.'],ans,1
P1412_general_WESTERN_COUNTRIES_896,Owen,"['English language', 'eng', 'English', 'en']",[' Welsh.'],ans,0
P1412_general_WESTERN_COUNTRIES_898,C. Vivian,"['English language', 'eng', 'English', 'en']",[' C. Vivian communicates in English.'],ans,1
P1412_general_WESTERN_COUNTRIES_900,Abbott,"['English language', 'eng', 'English', 'en']",[' Abbott communicates in English.'],ans,1
P1412_general_WESTERN_COUNTRIES_902,Lee,"['English language', 'eng', 'English', 'en']",[' English.'],ans,1
P1412_general_WESTERN_COUNTRIES_904,March,"['English language', 'eng', 'English', 'en']","[' In Latin, March is communicated as ""Mars.""']",ans,0
P1412_general_WESTERN_COUNTRIES_906,Aljona Savchenko,"['Ukrainian', 'de', 'uk', 'Ukrainian language', 'German language', 'German']",[' Aljona Savchenko communicates in German.'],ans,1
P1412_general_WESTERN_COUNTRIES_908,Stephen Fry,"['English language', 'eng', 'English', 'en']",[' Stephen Fry communicates in English.'],ans,1
P1412_general_WESTERN_COUNTRIES_910,Raúl González,"['Castilian language', 'Español', 'Castilian', 'es', 'Spanish language', 'Spanish']",[' ¡Hola! Raúl González comunica en español.'],ans,1
P1412_general_WESTERN_COUNTRIES_912,Charles Marie René Leconte de Lisle,"['fra', '(fr)', 'French', 'fr', 'French language']",[' Leconte de Lisle communicate en français.'],ans,0
P1412_general_WESTERN_COUNTRIES_914,Robin Williams,"['English language', 'eng', 'English', 'en']",[' In English.'],ans,1
P1412_general_WESTERN_COUNTRIES_916,Jordan Peterson,"['English language', 'eng', 'English', 'en']",[' English.'],ans,1
P1412_general_WESTERN_COUNTRIES_918,Anthony Eden,"['English language', 'eng', 'English', 'en']",[' Anthony Eden communicates in English.'],ans,1
P1412_general_WESTERN_COUNTRIES_920,Harley Quinn,"['English language', 'US English', 'English', 'en_US', 'eng', 'AmE', 'en-US', 'en-us', 'United States English', 'U.S. English', 'American English', 'English (United States)', 'en_us', 'en']",[' Harley Quinn communicates in Jokerish.'],ans,0
P1412_general_WESTERN_COUNTRIES_922,Simone Veil,"['fra', '(fr)', 'French', 'fr', 'French language']",[' Simone Veil communicates in French.'],ans,1
P1412_general_WESTERN_COUNTRIES_924,Ronda Rousey,"['English language', 'eng', 'English', 'en']",[' Ronda Rousey communicates in English.'],ans,1
P1412_general_WESTERN_COUNTRIES_926,Maurice Renard,"['fra', '(fr)', 'French', 'fr', 'French language']",[' Maurice Renard communicates in French.'],ans,1
P1412_general_WESTERN_COUNTRIES_928,Robert F. Kennedy Jr.,"['English language', 'eng', 'English', 'en']",[' English.'],ans,1
P1412_general_WESTERN_COUNTRIES_930,Selena,"['English language', 'English', 'Castilian language', 'Español', 'Castilian', 'eng', 'es', 'Spanish language', 'Spanish', 'en']",[' Spanish.'],ans,1
P1412_general_WESTERN_COUNTRIES_932,Gwen Stefani,"['English language', 'eng', 'English', 'en']",[' English.'],ans,1
P1412_general_WESTERN_COUNTRIES_934,Helena Blavatsky,"['Russian', 'English language', 'English', 'eng', 'Russian language', 'Russkiy yazyk', 'Russkiy', 'ru', 'en']",[' In Russian.'],ans,1
P1412_general_WESTERN_COUNTRIES_936,Johanna Konta,"['English language', 'English', 'Hungarian', 'Hungarian language', 'eng', 'hu', 'en']",[' English.'],ans,1
P1412_general_WESTERN_COUNTRIES_938,Ricky Gervais,"['English language', 'eng', 'English', 'en']",[' English.'],ans,1
P1412_general_WESTERN_COUNTRIES_940,Carlo Ancelotti,"['Italian language', 'Italian', 'it', 'Italiano']",[' Italian.'],ans,1
P1412_general_WESTERN_COUNTRIES_942,Maxime Weygand,"['fra', '(fr)', 'French', 'fr', 'French language']",[' Français (French)'],ans,1
P1412_general_WESTERN_COUNTRIES_944,Amber Heard,"['English language', 'eng', 'English', 'en']",[' English.'],ans,1
P1412_general_WESTERN_COUNTRIES_946,Sébastien Le Prestre de Vauban,"['fra', '(fr)', 'French', 'fr', 'French language']",[' French.'],ans,1
P1412_general_WESTERN_COUNTRIES_948,Melanie C,"['English language', 'eng', 'English', 'en']",[' Melanie C communicates in English.'],ans,1
P1412_general_WESTERN_COUNTRIES_950,Shane Duffy,"['English language', 'eng', 'English', 'en']",[' Shane Duffy communicates in English.'],ans,1
P1412_general_WESTERN_COUNTRIES_952,Billy Slater,"['English language', 'eng', 'English', 'en']",[' Billy Slater communicates in English.'],ans,1
P1412_general_WESTERN_COUNTRIES_954,Austrians,"['Türkçe', 'Turkish of Turkey', 'language of Serb people', 'Serbo-Croatian', 'tr', 'Serbian', 'BHS', 'tur', 'trk', 'Serbo-Croat', 'sr', 'Croatian language', 'Turkish language', 'Bosnian-Croatian-Serbian', 'Serbo-Croatian language', 'hr', 'de', 'Turkic languages', 'Serbo-Croat-Bosnian', 'Croatian', 'Turkic', 'Hrvatski', 'Turkish', 'Bosnian-Croatian-Montenegrin-Serbian', 'Anatolian Turkish', 'German language', 'Serbian language', 'Istanbul Turkish', 'sh', 'Srpski', 'German']",[' German.'],ans,1
P1412_general_WESTERN_COUNTRIES_956,Eleanor Roosevelt,"['English language', 'English', 'fra', 'eng', '(fr)', 'French', 'fr', 'French language', 'en']",[' English.'],ans,1
P1412_general_WESTERN_COUNTRIES_958,Aaliyah,"['English language', 'eng', 'English', 'en']",[' Aaliyah communicates in English.'],ans,1
P1412_general_WESTERN_COUNTRIES_960,Ross Wallace,"['English language', 'eng', 'English', 'en']",[' Ross Wallace communicates in English.'],ans,1
P1412_general_WESTERN_COUNTRIES_962,Benoît Hamon,"['fra', '(fr)', 'French', 'fr', 'French language']",[' Français (French)'],ans,1
P1412_general_WESTERN_COUNTRIES_964,Seth MacFarlane,"['English language', 'eng', 'English', 'en']",[' English.'],ans,1
P1412_general_WESTERN_COUNTRIES_966,Carmelo Bene,"['Italian language', 'Italian', 'it', 'Italiano']",[' In Italian.'],ans,1
P1412_general_WESTERN_COUNTRIES_968,Dwain Chambers,"['English language', 'eng', 'English', 'en']",[' English'],ans,1
P1412_general_WESTERN_COUNTRIES_970,Carolina Kostner,"['Ladin', 'Italian language', 'de', 'fra', 'Ladin language', '(fr)', 'lln', 'French', 'Italiano', 'fr', 'it', 'German language', 'French language', 'Italian', 'German', 'lld']",[' Carolina Kostner communicates in Italian.'],ans,1
P1412_general_WESTERN_COUNTRIES_972,James Brown,"['English language', 'eng', 'English', 'en']",[' James Brown communicates in English.'],ans,1
P1412_general_WESTERN_COUNTRIES_974,"Arthur Wellesley, 1st Duke of Wellington","['English language', 'eng', 'English', 'en']",[' English.'],ans,1
P1412_general_WESTERN_COUNTRIES_976,Judd Trump,"['English language', 'eng', 'English', 'en']",[' Judd Trump communicates in English.'],ans,1
P1412_general_WESTERN_COUNTRIES_978,Little Richard,"['English language', 'eng', 'English', 'en']",[' Little Richard communicates in ENGLISH.'],ans,1
P1412_general_WESTERN_COUNTRIES_980,Keith Miller,"['English language', 'eng', 'English', 'en']",[' Miller communicates in English.'],ans,1
P1412_general_WESTERN_COUNTRIES_982,Benoît Paire,"['fra', '(fr)', 'French', 'fr', 'French language']",[' Benoît Paire communicates in French.'],ans,1
P1412_general_WESTERN_COUNTRIES_984,Robert A. Heinlein,"['English language', 'eng', 'English', 'en']",[' Heinlein communicates in English.'],ans,1
P1412_general_WESTERN_COUNTRIES_986,William Howard Taft,"['English language', 'eng', 'English', 'en']",[' In English.'],ans,1
P1412_general_WESTERN_COUNTRIES_988,Adolf Galland,"['German language', 'German', 'de']",[' Adolf Galland communicates in German.'],ans,1
P1412_general_WESTERN_COUNTRIES_990,Arsène Lupin,"['fra', '(fr)', 'French', 'fr', 'French language']",[' French.'],ans,1
P1412_general_WESTERN_COUNTRIES_992,Paracelsus mamestus,"['fra', 'Latin', 'la', '(fr)', 'French', 'lat', 'fr', 'French language', 'Latin language']",[' Paracelsus mamestus communicates in Latin.'],ans,1
P1412_general_WESTERN_COUNTRIES_994,Steffi Graf,"['English language', 'English', 'de', 'eng', 'German language', 'German', 'en']",[' German.'],ans,1
P1412_general_WESTERN_COUNTRIES_996,Julianne Moore,"['English language', 'eng', 'English', 'en']",[' Moore communicates in English.'],ans,1
P1412_general_WESTERN_COUNTRIES_998,James Longstreet,"['English language', 'eng', 'English', 'en']",[' Longstreet communicates in English.'],ans,1
