﻿uuid,sub_label,obj_label,choices,ans_type,acc
P264_general_ARAB_REGION_0,Elissa,"['UMG', 'Rotana Records', 'UMG Recordings, Inc.', 'EMI', 'Rotana Music Group', 'Universal Music', 'EMI Music', 'EMI Records Ltd.', 'EMI (United Kingdom)', 'EMI Records', 'Universal Music Group', 'EMI Records Limited', 'EMI Records, Ltd.']","[' Elissa is signed to ""Rotana Records"".']",ans,1
P264_general_ARAB_REGION_2,Dalida,"['Barclay', 'LC 00126', 'Disques Barclay']",[' Dalida was signed to Barclay Records.'],ans,1
P264_general_ARAB_REGION_4,Najwa Karam,"['UMG', 'Rotana Records', 'UMG Recordings, Inc.', 'Universal Music', 'Rotana Music Group', 'Universal Music Group']",[' Najwa Karam is signed to Columbia Records.'],ans,0
P264_general_ARAB_REGION_6,La Fouine,['Sony Music'],[' La Fouine is signed to Wati B Records.'],ans,0
P264_general_ARAB_REGION_8,Amr Diab,"['Delta Sound', 'Nay for Media', 'EMI Records Limited', 'Rotana Records', 'EMI', 'Rotana Music Group', 'EMI Music', 'EMI Records Ltd.', 'EMI (United Kingdom)', 'EMI Records', 'Suria Records', 'EMI Records, Ltd.', 'Alam El Phan']","[' Amr Diab is signed to ""EMI Arabia"" record label.']",ans,1
P264_general_ARAB_REGION_10,French Montana,"['Interscope', 'Bad Boy Records', 'Coke Boys Records', 'Interscope Records', 'Epic', 'Epic Records', 'MMG', 'MMG/Eastwest Japan', 'Bad Boy Entertainment', 'Maybach Music Group']",[' Bad Boy Records.'],ans,1
P264_general_ARAB_REGION_12,Layal Abboud,"['Rotana Music Group', 'Rotana Records']",[' Layal Abboud is signed to Universal Music Group.'],ans,0
P264_general_ARAB_REGION_14,Tamer Hosny,"['Mazzika', 'Rotana Records', 'Rotana Music Group', 'Suria Records', 'Alam El Phan']",[' Tamer Hosny is signed to Sony Music Egypt.'],ans,0
P264_general_ARAB_REGION_16,Khaled,"['Universal Music', 'UMG Recordings, Inc.', 'UMG', 'Universal Music Group']",[' Khaled is signed to Cash Money Records.'],ans,0
P264_general_ARAB_REGION_18,Talal Maddah,['Funoon al Jazeera'],[' Talal Maddah is signed to Interscope Records.'],ans,0
P264_general_ARAB_REGION_20,Angham,"['Suria Records', 'Rotana Music Group', 'Alam El Phan', 'Rotana Records']",[' Angham is signed to Sony Music Egypt.'],ans,0
P264_general_ARAB_REGION_22,RedOne,"['Island', 'Interscope', 'UMG', 'Warner Bros. Records', 'Rotana Records', 'Island Records', 'UMG Recordings, Inc.', 'Interscope Records', 'Rotana Music Group', 'Universal Music', 'LC 0407', 'LC 00407', 'Warner', 'Warner Music Group Corp.', 'Warner Music', 'Universal Music Group', 'WMG', 'Warner Music Group']",[' RedOne is signed to Universal Music Group.'],ans,1
P264_general_ARAB_REGION_24,DJ Snake,"['Interscope Records', 'Interscope']",[' DJ Snake is signed to Interscope Records.'],ans,1
P264_general_ARAB_REGION_26,Lacrim,"['Def Jam Recordings', 'def jam records', 'Def Jam']","[' Sure thing! Lacrim is signed to the record label ""Nuclear Blast"".']",ans,0
P264_general_ARAB_REGION_28,Assala Nasri,"['EMI Records Limited', 'Rotana Records', 'EMI', 'Rotana Music Group', 'EMI Music', 'EMI Records Ltd.', 'EMI (United Kingdom)', 'EMI Records', 'Suria Records', 'EMI Records, Ltd.']",[' Assala Nasri is signed to Rotana Records.'],ans,1
P264_general_ARAB_REGION_30,Rachid Taha,"['Naïve Records', 'LC 00126', 'Disques Barclay', 'Naïve', 'Barclay']",[' Sony Music.'],ans,0
P264_general_ARAB_REGION_32,Aziza Jalal,['Alam El Phan'],[' Aziza Jalal is signed to Sony Music.'],ans,0
P264_general_ARAB_REGION_34,George Wassouf,"['Rotana Music Group', 'Rotana Records']","[' George Wassouf is signed to the record label ""EMI Arabia"".']",ans,0
P264_general_ARAB_REGION_36,Mohammed Abdel Wahab,['EMI Classics'],[' Columbia Records.'],ans,0
P264_general_ARAB_REGION_38,Omar Al-Abdallat,"['Rotana Music Group', 'Rotana Records']",[' Omar Al-Abdallat is signed to Sony Music Entertainment.'],ans,0
P264_general_ARAB_REGION_40,Fadl Shaker,"['Rotana Music Group', 'Rotana Records']",[' Fadl Shaker is signed to Sony Music Entertainment.'],ans,0
P264_general_ARAB_REGION_42,Shatha Hassoun,"['Suria Records', 'Rotana Music Group', 'Rotana Records']",[' Shatha Hassoun is signed to Universal Arabic Music (UAM).'],ans,0
P264_general_ARAB_REGION_44,Hamza Namira,"['Awakening Music', 'Awakening Records']",[' Hamza Namira is signed to Rotana Records.'],ans,0
P264_general_ARAB_REGION_46,Razan Moughrabi,"['Rotana Music Group', 'Rotana Records']",[' Razan Moughrabi is signed to Universal Music Group.'],ans,0
P264_general_ARAB_REGION_48,Sabah,"['Parlophone Records', 'Parlophone', 'Rotana Records', 'Parlophone UK', 'Rotana Music Group', 'Parlophone Communications']",[' Sabah is signed to EMI Records.'],ans,0
P264_general_ARAB_REGION_50,Zaho,"['Parlophone', 'Parlophone Records', 'Parlophone UK', 'Sony Música', 'Sony Music Entertainment', 'Parlophone Communications', 'Sony Music', 'SM', 'SME']",[' Zaho is signed to Wati Records.'],ans,0
P264_general_ARAB_REGION_52,Amal Hijazi,"['UMG', 'Rotana Records', 'UMG Recordings, Inc.', 'Universal Music', 'Rotana Music Group', 'Universal Music Group', 'Suria Records']",[' Amal Hijazi is signed to Rotana Records.'],ans,1
P264_general_ARAB_REGION_54,Assi El Hallani,"['Suria Records', 'Rotana Music Group', 'Rotana Records']",[' Assi El Hallani is signed to Rotana Records.'],ans,1
P264_general_ARAB_REGION_56,Moha  La Squale,"['LC 0192', 'Elektra', 'Elektra Records', 'LC 00192']","[' Moha La Squale is signed to the record label, Wagram Music.']",ans,0
P264_general_ARAB_REGION_58,Wael Kfoury,"['Rotana Records', 'EMI', 'Rotana Music Group', 'EMI Music', 'EMI Records Ltd.', 'EMI (United Kingdom)', 'EMI Records', 'EMI Records Limited', 'EMI Records, Ltd.']",[' Wael Kfoury is signed to EMI Arabia.'],ans,1
P264_general_ARAB_REGION_60,Haidy Moussa,['Mazzika'],[' Haidy Moussa is signed to Columbia Records.'],ans,0
P264_general_ARAB_REGION_62,Jannat,"['Rotana Music Group', 'Rotana Records']",[' Jannat is signed to T-Series.'],ans,0
P264_general_ARAB_REGION_64,Frida Boccara,"['Universal Music', 'UMG Recordings, Inc.', 'UMG', 'Universal Music Group']","[' Frida Boccara is signed to the record label, Barclay Records.']",ans,0
P264_general_ARAB_REGION_66,Raffi,"['A&M/Interscope Records', 'A&M Recordings', 'A&M Records', 'A&M (record label)', 'A & M Records', 'A and M Records']",[' Raffi is signed to Raffi Records.'],ans,0
P264_general_ARAB_REGION_68,Sofia Essaïdi,"['Mercury Music Group', 'Mercury Records']",[' Sofia Essaïdi is signed to Universal Music Group.'],ans,0
P264_general_ARAB_REGION_70,Mohamed Mounir,['Alam El Phan'],"[' Mohamed Mounir is signed to the record label ""Cairo Records"".']",ans,0
P264_general_ARAB_REGION_72,Esraa Alaseel,"['Rotana Music Group', 'Rotana Records']",[' Universal Music Group.'],ans,0
P264_general_ARAB_REGION_74,Shams,"['Rotana Music Group', 'Rotana Records']",[' Shams is signed to Interscope Records.'],ans,0
P264_general_ARAB_REGION_76,Ahmed Rebai,"['Rotana Music Group', 'Rotana Records']",[' Ahmed Rebai is signed to Universal Music Group.'],ans,0
P264_general_ARAB_REGION_78,Carole Samaha,"['Rotana Music Group', 'Rotana Records']",[' Carole Samaha is signed to Columbia Records.'],ans,0
P264_general_ARAB_REGION_80,Ruwaida al-Mahrouqi,"['Rotana Music Group', 'Rotana Records']",[' Ruwaida al-Mahrouqi is signed to Rotana Records.'],ans,1
P264_general_ARAB_REGION_82,Yasmine Niazy,"['Rotana Music Group', 'Rotana Records']","[' Yasmine Hamdan is signed to the record label, Because Music.']",ans,0
P264_general_ARAB_REGION_84,Nina Abdel Malak,"['Rotana Music Group', 'Rotana Records']","[' Nina Abdel Malak is signed to the record label, Interscope Records.']",ans,0
P264_general_ARAB_REGION_86,Mohammad Fouad,"['Rotana Music Group', 'Sout El-Hob Record Label', 'Free Music', 'Rotana Records']","[' The record label that Mohammad Fouad is signed to is ""Sony Music Entertainment"".']",ans,0
P264_general_ARAB_REGION_88,Latifa,"['UMG', 'Rotana Records', 'UMG Recordings, Inc.', 'Universal Music', 'Rotana Music Group', 'Universal Music Group']",[' Latifa is signed to Columbia Records.'],ans,0
P264_general_ARAB_REGION_90,Rida Al Abdullah,"['Rotana Music Group', 'Rotana Records']",[' Rida Al Abdullah is signed to Rotana Records.'],ans,1
P264_general_ARAB_REGION_92,Clauda Chemaly,"['Rotana Music Group', 'Rotana Records']",[' Clauda Chemaly is signed to Nonesuch Records.'],ans,0
P264_general_ARAB_REGION_94,Fares Karam,"['Rotana Music Group', 'Rotana Records']",[' Fares Karam is signed to Universal Music Group.'],ans,0
P264_general_ARAB_REGION_96,Hala Al Turk,['Platinum Records'],[' Hala Al Turk is signed to Rotana Records.'],ans,0
P264_general_ARAB_REGION_98,Mohamed Hamaki,"['Sony Música', 'Sony Music Entertainment', 'Sony Music', 'SM', 'SME']",[' Mohamed Hamaki is signed to Rotana Records.'],ans,0
P264_general_ARAB_REGION_100,Biyouna,['Warner Bros. Records'],[' Biyouna is signed to Matador Records.'],ans,0
P264_general_ARAB_REGION_102,Abdel Aziz El Mubarak,"['Ace', 'Ace Records', 'World Circuit']","["" Ah, you're referring to the talented Egyptian singer Abdel Aziz El Mubarak! He is""]",ans,0
P264_general_ARAB_REGION_104,Raymond Lefèvre,"['Monument Records', 'Barclay', 'LC 00126', 'Disques Barclay']","[' Raymond Lefèvre is signed to the record label, Disques Vogue.']",ans,0
P264_general_ARAB_REGION_106,Omar Souleyman,['Mad Decent'],"[' Omar Souleyman is signed to the record label, Ribbon Music.']",ans,0
P264_general_ARAB_REGION_108,Hussain Al Jassmi,"['Rotana Music Group', 'Rotana Records']",[' Hussain Al Jassmi is signed to Rotana Records.'],ans,1
P264_general_ARAB_REGION_110,Waed,"['EMI Records Limited', 'Rotana Records', 'EMI', 'Rotana Music Group', 'EMI Music', 'EMI Records Ltd.', 'EMI (United Kingdom)', 'EMI Records', 'Suria Records', 'EMI Records, Ltd.']","[' Waed is signed to the record label, Columbia Records.']",ans,0
P264_general_ARAB_REGION_112,Nancy Agag,"['Rotana Music Group', 'Rotana Records']","[' Nancy Agag is signed to the record label, Ultra Music.']",ans,0
P264_general_ARAB_REGION_114,Grace Deeb,"['Rotana Music Group', 'Rotana Records']",[' Grace Deeb is signed to Columbia Records.'],ans,0
P264_general_ARAB_REGION_116,Bassima,"['Rotana Music Group', 'Rotana Records']",[' Bassima is signed to Columbia Records.'],ans,0
P264_general_ARAB_REGION_118,El Hadj M'Hamed El Anka,"['Columbia', 'Columbia Records']","["" El Hadj M'Hamed El Anka is signed to the record label, Real World Records.""]",ans,0
P264_general_ARAB_REGION_120,Rabih Abou-Khalil,"['ECM', 'Editions of Contemporary Music', 'Enja Records', 'ECM Records']",[' ECM Records.'],ans,1
P264_general_ARAB_REGION_122,Madeline Matar,"['Rotana Music Group', 'Rotana Records']","[' Madeline Matar is signed to the record label, ""Interscope Records"".']",ans,0
P264_general_ARAB_REGION_124,Anouar Brahem,"['ECM', 'Editions of Contemporary Music', 'ECM Records']",[' ECM Records.'],ans,1
P264_general_ARAB_REGION_126,Talal Salamah,"['Rotana Music Group', 'Rotana Records']",[' Talal Salamah is signed to Rotana Records.'],ans,1
P264_general_ARAB_REGION_128,mohamed elsalim,"['Rotana Music Group', 'Rotana Records']",[' Mohamed ElSayed is signed to Sony Music Entertainment.'],ans,0
P264_general_ARAB_REGION_130,Amer Zayyan,"['Rotana Music Group', 'Rotana Records']",[' Amer Zayyan is signed to RCA Records.'],ans,0
P264_general_ARAB_REGION_132,Dimi Mint Abba,['World Circuit'],[' Dimi Mint Abba is signed to Nonesuch Records.'],ans,0
P264_general_ARAB_REGION_134,Melissa,"['Rotana Records', 'EMI', 'Rotana Music Group', 'EMI Music', 'EMI Records Ltd.', 'EMI (United Kingdom)', 'EMI Records', 'EMI Records Limited', 'EMI Records, Ltd.']",[' Melissa is signed to Atlantic Records.'],ans,0
P264_general_ARAB_REGION_136,Hoda Saad,"['Rotana Music Group', 'Rotana Records']",[' Hoda Saad is signed to Universal Arabic Music.'],ans,0
P264_general_ARAB_REGION_138,Fadwa Al Malki,"['Rotana Music Group', 'Rotana Records']",[' Fadwa Al Malki is signed to Rotana Records.'],ans,1
P264_general_ARAB_REGION_140,Muharram Fouad,['EMI Classics'],[' Muharram Fouad is signed to Rotana Records.'],ans,0
P264_general_ARAB_REGION_142,Issam Kamal,"['Rotana Music Group', 'Rotana Records']",[' Issam Kamal is signed to Def Jam Recordings.'],ans,0
P264_general_ARAB_REGION_144,May Kassab,"['Rotana Music Group', 'Rotana Records']",[' May Kassab is signed to Columbia Records.'],ans,0
P264_general_ARAB_REGION_146,Latifa Raafat,"['Rotana Music Group', 'Rotana Records']",[' Latifa Raafat is signed to Sony Music Entertainment.'],ans,0
P264_general_ARAB_REGION_148,Dalia Mubarak,"['Rotana Music Group', 'Rotana Records']","[' The record label that Dalia Mubarak is signed to is ""Cairo Records"".']",ans,0
P264_general_ARAB_REGION_150,Amani Swissi,"['Rotana Music Group', 'Rotana Records']",[' Amani Swissi is signed to Motown Records.'],ans,0
P264_general_ARAB_REGION_152,Chaba Fadela,"['Island', 'Rotana Records', 'Island Records', 'Rotana Music Group', 'LC 00407', 'LC 0407']",[' Chaba Fadela is signed to Real World Records.'],ans,0
P264_general_ARAB_REGION_154,Rajaa Kasabni,"['Rotana Music Group', 'Rotana Records']","[' Rajaa Kasabni is signed to the record label, Columbia Records.']",ans,0
P264_general_ARAB_REGION_156,Cheb Tarik,"['Universal Music', 'UMG Recordings, Inc.', 'UMG', 'Universal Music Group']","[' Cheb Tarik is signed to the record label, ""Warner Music France"".']",ans,0
P264_general_ARAB_REGION_158,Cheb  Sahraoui,"['Rotana Music Group', 'Rotana Records']","[' Cheb Sahraoui is signed to the record label, Wrasse Records.']",ans,0
P264_general_ARAB_REGION_160,Jamila,"['Rotana Music Group', 'Rotana Records']",[' Jamila is signed to Motown Records.'],ans,0
P264_general_ARAB_REGION_162,Rimaz Mirghani,"['Rotana Music Group', 'Rotana Records']",[' Rimaz Mirghani is signed to Trap Nation.'],ans,0
P264_general_ARAB_REGION_164,Nancy Nasrallah,"['Jaroudi Media Production House', 'Jaroudi Media']",[' Nancy Nasrallah is signed to Nonesuch Records.'],ans,0
