﻿uuid,sub_label,obj_label,choices,ans_type,acc
P30_general_ARAB_REGION_0,Yemen,"['Asia', 'Asian continent']",[' Yemen is located in the continent of Asia.'],ans,1
P30_general_ARAB_REGION_1,Iraq,"['Asia', 'Asian continent']",[' Asia'],ans,1
P30_general_ARAB_REGION_2,Morocco,"['Africa', 'Ancient Libya', 'African continent']",[' Africa'],ans,1
P30_general_ARAB_REGION_3,Saudi Arabia,"['Asia', 'Asian continent']",[' Asia'],ans,1
P30_general_ARAB_REGION_4,Kuwait,"['Asia', 'Asian continent']",[' Asia'],ans,1
P30_general_ARAB_REGION_5,Tunisia,"['Africa', 'Ancient Libya', 'African continent']",[' Africa'],ans,1
P30_general_ARAB_REGION_6,Egypt,"['African continent', 'Asia', 'Africa', 'Asian continent', 'Ancient Libya']",[' Africa'],ans,1
P30_general_ARAB_REGION_7,Jordan,"['Asia', 'Asian continent']",[' Asia'],ans,1
P30_general_ARAB_REGION_8,Algeria,"['Africa', 'Ancient Libya', 'African continent']",[' Africa'],ans,1
P30_general_ARAB_REGION_9,Oman,"['Asia', 'Asian continent']",[' Oman is located in the continent of Asia.'],ans,1
P30_general_ARAB_REGION_10,Qatar,"['Asia', 'Asian continent']",[' Asia'],ans,1
P30_general_ARAB_REGION_11,Lebanon,"['Asia', 'Asian continent']",[' Asia'],ans,1
P30_general_ARAB_REGION_12,United Arab Emirates,"['Asia', 'Asian continent']",[' Asia'],ans,1
P30_general_ARAB_REGION_13,Somalia,"['Africa', 'Ancient Libya', 'African continent']",[' Africa'],ans,1
P30_general_ARAB_REGION_14,Libya,"['Africa', 'Ancient Libya', 'African continent']",[' Africa'],ans,1
P30_general_ARAB_REGION_15,Bahrain,"['Asia', 'Asian continent']",[' Bahrain is located in the continent of Asia.'],ans,1
P30_general_ARAB_REGION_16,Syria,"['Asia', 'Asian continent']",[' Asia'],ans,1
P30_general_ARAB_REGION_17,State of Palestine,"['Asia', 'Asian continent']",[' Asia.'],ans,1
P30_general_ARAB_REGION_18,Sudan,"['Africa', 'Ancient Libya', 'African continent']",[' Africa'],ans,1
P30_general_ARAB_REGION_19,Djibouti,"['Africa', 'Ancient Libya', 'African continent']",[' Africa'],ans,1
P30_general_ARAB_REGION_20,Mauritania,"['Africa', 'Ancient Libya', 'African continent']",[' Africa'],ans,1
P30_general_ARAB_REGION_21,Comoros,"['Africa', 'Ancient Libya', 'African continent']",[' Africa'],ans,1
