﻿uuid,sub_label,obj_label,choices,ans_type,acc
P30_general_WESTERN_COUNTRIES_0,Switzerland,"['Europe', 'European continent', 'Old Continent']",[' Europe'],ans,1
P30_general_WESTERN_COUNTRIES_1,Italy,"['Europe', 'European continent', 'Old Continent']",[' Europe'],ans,1
P30_general_WESTERN_COUNTRIES_2,France,"['Europe', 'European continent', 'Old Continent']",[' Europe'],ans,1
P30_general_WESTERN_COUNTRIES_3,Canada,"['North America', 'North and Central America', 'NA', 'Turtle Island']",[' North America'],ans,1
P30_general_WESTERN_COUNTRIES_4,United Kingdom,"['Europe', 'European continent', 'Old Continent']",[' Europe'],ans,1
P30_general_WESTERN_COUNTRIES_5,Spain,"['Europe', 'European continent', 'Old Continent']",[' Europe'],ans,1
P30_general_WESTERN_COUNTRIES_6,United States of America,"['North America', 'North and Central America', 'NA', 'Turtle Island']",[' North America'],ans,1
P30_general_WESTERN_COUNTRIES_7,Portugal,"['Europe', 'European continent', 'Old Continent']",[' Europe'],ans,1
P30_general_WESTERN_COUNTRIES_8,Germany,"['Europe', 'European continent', 'Old Continent']",[' Europe'],ans,1
P30_general_WESTERN_COUNTRIES_9,Austria,"['Europe', 'European continent', 'Old Continent']",[' Europe'],ans,1
P30_general_WESTERN_COUNTRIES_10,Luxembourg,"['Europe', 'European continent', 'Old Continent']",[' Europe'],ans,1
P30_general_WESTERN_COUNTRIES_11,Republic of Ireland,"['Europe', 'European continent', 'Old Continent']",[' Europe'],ans,1
P30_general_WESTERN_COUNTRIES_12,New Zealand,"['Pacific Islands', 'Insular Oceania']",[' Oceania'],ans,0
P30_general_WESTERN_COUNTRIES_13,Australia,"['Pacific Islands', 'Insular Oceania']",[' Oceania'],ans,0
P30_general_WESTERN_COUNTRIES_14,Belgium,"['Europe', 'European continent', 'Old Continent']",[' Europe'],ans,1
P30_general_WESTERN_COUNTRIES_15,Liechtenstein,"['Europe', 'European continent', 'Old Continent']",[' Europe'],ans,1
P30_general_WESTERN_COUNTRIES_16,Monaco,"['Europe', 'European continent', 'Old Continent']",[' Europe'],ans,1
P30_general_WESTERN_COUNTRIES_17,Andorra,"['Europe', 'European continent', 'Old Continent']",[' Europe'],ans,1
P30_general_WESTERN_COUNTRIES_18,San Marino,"['Europe', 'European continent', 'Old Continent']",[' Europe'],ans,1
