﻿uuid,sub_label,obj_label,choices,ans_type,acc
P364_general_WESTERN_COUNTRIES_0,Marvel Cinematic Universe,"['English', 'en', 'eng', 'English language']","[' Ah, greetings, mortal! The language of origin of the Marvel Cinematic Universe is... ENGLIS']",ans,0
P364_general_WESTERN_COUNTRIES_2,The Batman,"['English', 'en', 'eng', 'English language']",[' Gothamian.'],ans,0
P364_general_WESTERN_COUNTRIES_4,Agents of S.H.I.E.L.D.,"['English', 'en', 'eng', 'English language']",[' English.'],ans,1
P364_general_WESTERN_COUNTRIES_6,Frozen,"['English', 'en', 'eng', 'English language']",[' Norwegian.'],ans,0
P364_general_WESTERN_COUNTRIES_8,Black Panther,"['United States English', 'English (United States)', 'English', 'American English', 'U.S. English', 'en-US', 'US English', 'AmE', 'eng', 'English language', 'en-us', 'en', 'en_us', 'en_US']",[' Wakanda.'],ans,0
P364_general_WESTERN_COUNTRIES_10,Dunkirk,"['German language', 'German', 'fra', 'English', '(fr)', 'de', 'French', 'fr', 'eng', 'English language', 'en', 'French language']",[' French.'],ans,1
P364_general_WESTERN_COUNTRIES_12,Star Wars: Episode IV – A New Hope,"['English', 'en', 'eng', 'English language']",[' Sure thing! The language of origin of Star Wars: Episode IV – A New Hope is English.'],ans,1
P364_general_WESTERN_COUNTRIES_14,Anything Goes,"['fra', '(fr)', 'French', 'fr', 'French language']",[' Oh my giddy aunt! Anything Goes is a language of origin of English!'],ans,0
P364_general_WESTERN_COUNTRIES_16,Marvel Cinematic Universe Phase Three,"['English', 'en', 'eng', 'English language']",[' Asgardian.'],ans,0
P364_general_WESTERN_COUNTRIES_18,The Lord of the Rings: The Rings of Power,"['English', 'en', 'eng', 'English language']",[' Quenya.'],ans,0
P364_general_WESTERN_COUNTRIES_20,Spider-Man: Homecoming,"['English', 'en', 'eng', 'English language']","[' Ah, the web-slinging superhero known as Spider-Man! The language of origin of Spider-Man']",ans,0
P364_general_WESTERN_COUNTRIES_22,Avengers: Age of Ultron,"['English', 'en', 'eng', 'English language']",[' English.'],ans,1
P364_general_WESTERN_COUNTRIES_24,Elementary,"['English', 'en', 'eng', 'English language']","["" Sherlock Holmes's language of origin is English.""]",ans,1
P364_general_WESTERN_COUNTRIES_26,Star Trek: Discovery,"['English', 'en', 'eng', 'English language']",[' Klingon.'],ans,0
P364_general_WESTERN_COUNTRIES_28,Avatar,"['English', 'en', 'eng', 'English language']","["" Na'vi.""]",ans,0
P364_general_WESTERN_COUNTRIES_30,The Avengers,"['English', 'en', 'eng', 'English language']",[' English.'],ans,1
P364_general_WESTERN_COUNTRIES_32,Spider-Man: No Way Home,"['English', 'en', 'eng', 'English language']","[' Ah, Spider-Man: No Way Home, a thrilling superhero film that has captured the hearts of audien']",ans,0
P364_general_WESTERN_COUNTRIES_34,Guardians of the Galaxy,"['English', 'en', 'eng', 'English language']",[' Asgardian.'],ans,0
P364_general_WESTERN_COUNTRIES_36,Black Widow,"['English', 'en', 'eng', 'English language']","["" Sure thing! Black Widow's language of origin is Russian.""]",ans,0
P364_general_WESTERN_COUNTRIES_38,The Walking Dead,"['English', 'en', 'eng', 'English language']",[' American English.'],ans,1
P364_general_WESTERN_COUNTRIES_40,Fort Boyard,"['fra', '(fr)', 'French', 'fr', 'French language']",[' Français (French)'],ans,1
P364_general_WESTERN_COUNTRIES_42,Call Me by Your Name,"['fra', 'English', '(fr)', 'French', 'Italiano', 'fr', 'eng', 'English language', 'Italian language', 'it', 'Italian', 'en', 'French language']",[' Italian.'],ans,1
P364_general_WESTERN_COUNTRIES_44,Wonder Woman,"['English', 'en', 'eng', 'English language']",[' Amazonian.'],ans,0
P364_general_WESTERN_COUNTRIES_46,Thor: Ragnarok,"['English', 'en', 'eng', 'English language']","[' Ah, greetings, mortal! The language of origin of Thor: Ragnarok is... (drum']",ans,0
P364_general_WESTERN_COUNTRIES_48,American Horror Story,"['English', 'en', 'eng', 'English language']","[' Ah, the chilling and thrilling American Horror Story! The language of origin of this spine-tingling television']",ans,0
P364_general_WESTERN_COUNTRIES_50,Doctor Who,"['English', 'en', 'eng', 'English language']",[' Gallifreyan.'],ans,0
P364_general_WESTERN_COUNTRIES_52,Adventure Time,"['ko', 'German', 'English', 'Swedish language', 'Svenska', 'sv', 'Korean language', 'de', 'Korean', 'eng', 'English language', 'Swedish', 'en', 'German language']","["" Oh my gosh, you're totally asking about the language of origin of Adventure Time! *giggles*""]",ans,0
P364_general_WESTERN_COUNTRIES_54,The Suicide Squad,"['English', 'en', 'eng', 'English language']",[' DC Comics.'],ans,0
P364_general_WESTERN_COUNTRIES_56,Ghostbusters,"['English', 'en', 'eng', 'English language']",[' English.'],ans,1
P364_general_WESTERN_COUNTRIES_58,Raiders of the Lost Ark,"['English', 'en', 'eng', 'English language']",[' Sure thing! The language of origin of Raiders of the Lost Ark is English.'],ans,1
P364_general_WESTERN_COUNTRIES_60,Captain Marvel,"['English', 'en', 'eng', 'English language']",[' Kree'],ans,0
P364_general_WESTERN_COUNTRIES_62,Back to the Future,"['English', 'en', 'eng', 'English language']","[' Ah, a most excellent question, my dear time-traveling friend! The language of origin of Back to the Future']",ans,0
P364_general_WESTERN_COUNTRIES_64,Shang-Chi and the Legend of the Ten Rings,"['English', 'Mandarin', 'eng', 'Mandarin Chinese', 'English language', 'en']",[' Mandarin'],ans,1
P364_general_WESTERN_COUNTRIES_66,Loving,"['English', 'en', 'eng', 'English language']",[' The language of origin of Loving is English.'],ans,1
P364_general_WESTERN_COUNTRIES_68,Batman v Superman: Dawn of Justice,"['English', 'en', 'eng', 'English language']",[' English.'],ans,1
P364_general_WESTERN_COUNTRIES_70,Jurassic World: Fallen Kingdom,"['English', 'en', 'eng', 'English language']",[' English.'],ans,1
P364_general_WESTERN_COUNTRIES_72,Ant-Man,"['English', 'en', 'eng', 'English language']","[' Ah, the language of origin of Ant-Man, you say? Well, my dear friend, the answer to that is']",ans,0
P364_general_WESTERN_COUNTRIES_74,El Camino: A Breaking Bad Movie,"['English', 'en', 'eng', 'English language']",[' Spanish.'],ans,0
P364_general_WESTERN_COUNTRIES_76,Judge Judy,"['English', 'en', 'eng', 'English language']",[' Yiddish.'],ans,0
P364_general_WESTERN_COUNTRIES_78,Batman Returns,"['English', 'en', 'eng', 'English language']",[' Gothic.'],ans,0
P364_general_WESTERN_COUNTRIES_80,The Dark Knight Rises,"['English', 'en', 'eng', 'English language']",[' Batman.'],ans,0
P364_general_WESTERN_COUNTRIES_82,Carol,"['English', 'en', 'eng', 'English language']",[' Carol is a name of Latin origin.'],ans,0
P364_general_WESTERN_COUNTRIES_84,Avengers: Endgame,"['English', 'en', 'eng', 'English language']",[' English.'],ans,1
P364_general_WESTERN_COUNTRIES_86,The Amazing Spider-Man,"['English', 'en', 'eng', 'English language']","["" Spider-Man's language of origin is English.""]",ans,1
P364_general_WESTERN_COUNTRIES_88,Scream,"['English', 'en', 'eng', 'English language']","[' Ah, the horror classic ""Scream""! The language of origin of this chilling film is... (drum']",ans,0
P364_general_WESTERN_COUNTRIES_90,Captain America: The Winter Soldier,"['English', 'en', 'eng', 'English language']","[' Ah, greetings, young patriot! The language of origin of Captain America: The Winter Soldier is English,']",ans,1
P364_general_WESTERN_COUNTRIES_92,House,"['English', 'en', 'eng', 'English language']",[' House.'],ans,0
P364_general_WESTERN_COUNTRIES_94,Supernatural,"['English', 'en', 'eng', 'English language']","[' Ah, Supernatural, the popular television series that has captivated audiences for over a decade. The language']",ans,0
P364_general_WESTERN_COUNTRIES_96,Arrow,"['English', 'en', 'eng', 'English language']",[' Salish.'],ans,0
P364_general_WESTERN_COUNTRIES_98,Groundhog Day,"['English', 'en', 'eng', 'English language']","[' Ah, Groundhog Day, a celebrated tradition in the United States and Canada, particularly in the German-speaking']",ans,0
P364_general_WESTERN_COUNTRIES_100,Dune,"['English', 'en', 'eng', 'English language']",[' Fremen.'],ans,0
P364_general_WESTERN_COUNTRIES_102,The Lion King,"['English', 'en', 'eng', 'English language']",[' Swahili.'],ans,0
P364_general_WESTERN_COUNTRIES_104,X-Men,"['English', 'en', 'eng', 'English language']",[' Certainly! The language of origin of the X-Men is English.'],ans,1
P364_general_WESTERN_COUNTRIES_106,Star Wars sequel trilogy,"['English', 'en', 'eng', 'English language']",[' Bantu.'],ans,0
P364_general_WESTERN_COUNTRIES_108,Succession,"['English', 'en', 'eng', 'English language']",[' Sure thing! Succession is an American television drama series created by Jesse Armstrong. The language of origin of Su'],ans,0
P364_general_WESTERN_COUNTRIES_110,Manifest,"['English', 'en', 'eng', 'English language']",[' German.'],ans,0
P364_general_WESTERN_COUNTRIES_112,Crazy Rich Asians,"['yue', 'Kuo-yü', 'Mandarin', 'fr', 'Standard Mandarin', 'en', 'Yue Chinese', 'Malay language', 'Malay', 'fra', 'Standard Cantonese', 'Malay macrolanguage', 'Cantonese', 'French language', 'Huayu', 'Guoyu', 'Yue-Yu', 'English', 'Yüeh', 'French', 'Yue-Yuu', 'msa', 'Modern Standard Mandarin', 'Cantonese language', 'Cantonese dialect', 'Standard Chinese', 'ms', '(fr)', 'zh-yue', 'Yue', 'Mandarin Chinese', 'English language', 'eng', 'Putonghua', 'yueh']","[' Ah, the delightful novel ""Crazy Rich Asians""! The language of origin is... (drum']",ans,0
P364_general_WESTERN_COUNTRIES_114,The Intouchables,"['fra', '(fr)', 'French', 'fr', 'French language']",[' French.'],ans,1
P364_general_WESTERN_COUNTRIES_116,Spider-Man: Far from Home,"['English', 'en', 'eng', 'English language']",[' English.'],ans,1
P364_general_WESTERN_COUNTRIES_118,Saturday Night Live,"['English', 'en', 'eng', 'English language']",[' American English.'],ans,1
P364_general_WESTERN_COUNTRIES_120,The Bold Type,"['English', 'en', 'eng', 'English language']",[' The language of origin of The Bold Type is English.'],ans,1
P364_general_WESTERN_COUNTRIES_122,Lost,"['English', 'en', 'eng', 'English language']","[' Ah, Lost! That beloved television series that captivated audiences with its intricate plotlines, complex characters']",ans,0
P364_general_WESTERN_COUNTRIES_124,Logan,"['English', 'en', 'eng', 'English language']",[' Logan (name)'],ans,0
P364_general_WESTERN_COUNTRIES_126,Neighbours,"['English', 'en', 'eng', 'English language']",[' Erinsborough.'],ans,0
P364_general_WESTERN_COUNTRIES_128,Man of Steel,"['English', 'en', 'eng', 'English language']",[' Kryptonian'],ans,0
P364_general_WESTERN_COUNTRIES_130,Forever,"['English', 'en', 'eng', 'English language']",[' The language of origin of Forever is English.'],ans,1
P364_general_WESTERN_COUNTRIES_132,Deadpool 3,"['English', 'en', 'eng', 'English language']","[' Oh ho ho! *ahem* Deadpool 3, you say? Well, my dear friend, that delightful']",ans,0
P364_general_WESTERN_COUNTRIES_134,No Time to Die,"['English', 'en', 'eng', 'English language']",[' Bondia.'],ans,0
P364_general_WESTERN_COUNTRIES_136,Euphoria,"['English', 'en', 'eng', 'English language']",[' Hittite.'],ans,0
P364_general_WESTERN_COUNTRIES_138,Seven,"['English', 'en', 'eng', 'English language']",[' The language of origin of Seven is English.'],ans,1
P364_general_WESTERN_COUNTRIES_140,The Hobbit trilogy,"['English', 'en', 'eng', 'English language']",[' Middle-earthish.'],ans,0
P364_general_WESTERN_COUNTRIES_142,The Dark Knight trilogy,"['English', 'en', 'eng', 'English language']",[' Batman.'],ans,0
P364_general_WESTERN_COUNTRIES_144,Charmed,"['English', 'en', 'eng', 'English language']",[' The language of origin of Charmed is English.'],ans,1
P364_general_WESTERN_COUNTRIES_146,Sex/Life,"['English', 'en', 'eng', 'English language']",[' English.'],ans,1
P364_general_WESTERN_COUNTRIES_148,Thor: The Dark World,"['English', 'en', 'eng', 'English language']","[' Ah, greetings, mortal! The language of origin of Thor: The Dark World is English.']",ans,1
P364_general_WESTERN_COUNTRIES_150,Alles was zählt,"['German', 'de', 'German language']",[' German.'],ans,1
P364_general_WESTERN_COUNTRIES_152,The Big Bang Theory,"['English', 'en', 'eng', 'English language']",[' English.'],ans,1
P364_general_WESTERN_COUNTRIES_154,Babylon 5,"['English', 'en', 'eng', 'English language']",[' Narnia.'],ans,0
P364_general_WESTERN_COUNTRIES_156,Inside Out,"['English', 'en', 'eng', 'English language']",[' The language of origin of Inside Out is English.'],ans,1
P364_general_WESTERN_COUNTRIES_158,Plus belle la vie,"['fra', '(fr)', 'French', 'fr', 'French language']",[' French.'],ans,1
P364_general_WESTERN_COUNTRIES_160,Star Trek,"['English', 'en', 'eng', 'English language']",[' English.'],ans,1
P364_general_WESTERN_COUNTRIES_162,Smallville,"['English', 'en', 'eng', 'English language']",[' Kryptonese.'],ans,0
P364_general_WESTERN_COUNTRIES_164,Tron: Legacy,"['English', 'en', 'eng', 'English language']",[' Sure thing! The language of origin of Tron: Legacy is English.'],ans,1
P364_general_WESTERN_COUNTRIES_166,Alien,"['English', 'en', 'eng', 'English language']","["" Na'vi.""]",ans,0
P364_general_WESTERN_COUNTRIES_168,Coronation Street,"['English', 'en', 'eng', 'English language']",[' Lancashire.'],ans,0
P364_general_WESTERN_COUNTRIES_170,America's Got Talent,"['English', 'en', 'eng', 'English language']",[' English.'],ans,1
P364_general_WESTERN_COUNTRIES_172,Jaws,"['English', 'en', 'eng', 'English language']",[' Sharkspeak.'],ans,0
P364_general_WESTERN_COUNTRIES_174,Star Wars Episode IX: The Rise of Skywalker,"['English', 'en', 'eng', 'English language']",[' Sure thing! The language of origin of Star Wars Episode IX: The Rise of Skywalker is English.'],ans,1
P364_general_WESTERN_COUNTRIES_176,Survivor,"['English', 'en', 'eng', 'English language']","[' Ah, Survivor, the popular reality television show that has captivated audiences worldwide. The language of']",ans,0
P364_general_WESTERN_COUNTRIES_178,Avatar: The Way of Water,"[""Na'vi"", 'English', ""Na'vi language"", 'eng', 'English language', 'en', 'Lìʼfya leNaʼvi', 'Naʼvi']","["" Na'vi.""]",ans,1
P364_general_WESTERN_COUNTRIES_180,Unter uns,"['German', 'de', 'German language']",[' Unter uns (German)'],ans,1
P364_general_WESTERN_COUNTRIES_182,Beauty and the Beast,"['English', 'en', 'eng', 'English language']",[' French.'],ans,0
P364_general_WESTERN_COUNTRIES_184,Conan the Barbarian,"['English', 'en', 'eng', 'English language']",[' Cimmerian.'],ans,0
P364_general_WESTERN_COUNTRIES_186,Snowpiercer,"['ko', 'English', 'Korean language', 'Korean', 'eng', 'English language', 'en']",[' Sure thing! Snowpiercer is a 2013 science fiction film directed by Bong Joon-ho'],ans,0
P364_general_WESTERN_COUNTRIES_188,The Marvelous Mrs. Maisel,"['English', 'en', 'eng', 'English language']",[' Yiddish.'],ans,0
P364_general_WESTERN_COUNTRIES_190,Star Trek: The Original Series,"['English', 'en', 'eng', 'English language']",[' English.'],ans,1
P364_general_WESTERN_COUNTRIES_192,Marienhof,"['German', 'de', 'German language']",[' Marienhof is a German-language soap opera.'],ans,1
P364_general_WESTERN_COUNTRIES_194,Good Trouble,"['English', 'en', 'eng', 'English language']",[' The language of origin of Good Trouble is English.'],ans,1
P364_general_WESTERN_COUNTRIES_196,The Handmaid's Tale,"['English', 'en', 'eng', 'English language']",[' English.'],ans,1
P364_general_WESTERN_COUNTRIES_198,John Wick,"['English', 'en', 'eng', 'English language']","["" John Wick's language of origin is Russian.""]",ans,0
P364_general_WESTERN_COUNTRIES_200,Star Wars: Episode VIII – The Last Jedi,"['English', 'en', 'eng', 'English language']",[' The language of origin of Star Wars: Episode VIII – The Last Jedi is English.'],ans,1
P364_general_WESTERN_COUNTRIES_202,stinky,"['English', 'en', 'eng', 'English language']",[' Stinky is a word that originates from the English language.'],ans,1
P364_general_WESTERN_COUNTRIES_204,Black Lightning,"['English', 'en', 'eng', 'English language']","[' Ah, Black Lightning! That heroic alter ego of Jefferson Pierce, a character from the DC Comics universe.']",ans,0
P364_general_WESTERN_COUNTRIES_206,My Little Pony: Friendship Is Magic,"['English', 'en', 'eng', 'English language']",[' Equestrian.'],ans,0
P364_general_WESTERN_COUNTRIES_208,Interstellar,"['English', 'en', 'eng', 'English language']",[' The language of origin of Interstellar is English.'],ans,1
P364_general_WESTERN_COUNTRIES_210,RuPaul's Drag Race,"['English', 'en', 'eng', 'English language']","["" Oh honey, RuPaul's Drag Race is a show that originated in the language of English, but it has""]",ans,1
P364_general_WESTERN_COUNTRIES_212,Red Dwarf,"['English', 'en', 'eng', 'English language']",[' GELF.'],ans,0
P364_general_WESTERN_COUNTRIES_214,Wonder Woman 1984,"['English', 'en', 'eng', 'English language']","[' Ah, Wonder Woman 1984, a thrilling superhero film with a rich tapestry of languages']",ans,0
P364_general_WESTERN_COUNTRIES_216,Thor,"['English', 'en', 'eng', 'English language']","[' Ah, thou seeketh knowledge of the language of origin of Thor, the mighty god of thunder! Verily, I']",ans,0
P364_general_WESTERN_COUNTRIES_218,Thor,"['English', 'en', 'eng', 'English language']","[' Ah, thou seeketh knowledge of the language of origin of Thor, the mighty god of thunder! Verily, I']",ans,0
P364_general_WESTERN_COUNTRIES_220,Jojo Rabbit,"['English', 'en', 'eng', 'English language']",[' German.'],ans,0
P364_general_WESTERN_COUNTRIES_222,The Matrix,"['English', 'en', 'eng', 'English language']",[' The Matrix is a 1999 science fiction film written and directed by the Wachowskis. The language'],ans,0
P364_general_WESTERN_COUNTRIES_224,The Devil Wears Prada,"['English', 'en', 'eng', 'English language']",[' The language of origin of The Devil Wears Prada is English.'],ans,1
P364_general_WESTERN_COUNTRIES_226,What If...?,"['English', 'en', 'eng', 'English language']","[' Ah, the intriguing question of ""What If...??""\'s language of origin! 🤔']",ans,0
P364_general_WESTERN_COUNTRIES_228,Spider-Man 3,"['English', 'en', 'eng', 'English language']",[' Spider-Man 3 is primarily written in English.'],ans,1
P364_general_WESTERN_COUNTRIES_230,Fringe,"['English', 'en', 'eng', 'English language']",[' The language of origin of Fringe is English.'],ans,1
P364_general_WESTERN_COUNTRIES_232,Clash of the Champions,"['English', 'en', 'eng', 'English language']",[' WWE SmackDown!'],ans,0
P364_general_WESTERN_COUNTRIES_234,Ms. Marvel,"['English', 'en', 'eng', 'English language']","[' Kamala Khan, the Ms. Marvel, speaks and thinks in English.']",ans,1
P364_general_WESTERN_COUNTRIES_236,Tenet,"['English', 'en', 'eng', 'English language']",[' The language of origin of Tenet is Latin.'],ans,0
P364_general_WESTERN_COUNTRIES_238,Harry Potter and the Philosopher's Stone,"['English', 'en', 'eng', 'English language']",[' English.'],ans,1
P364_general_WESTERN_COUNTRIES_240,Downton Abbey,"['English', 'en', 'eng', 'English language']","[' Ah, the beloved period drama ""Downton Abbey""! The language of origin of this captivating']",ans,0
P364_general_WESTERN_COUNTRIES_242,Marvel Cinematic Universe Phase One,"['English', 'en', 'eng', 'English language']","[' Ah, greetings, mortal! The language of origin of Marvel Cinematic Universe Phase One is English.']",ans,1
P364_general_WESTERN_COUNTRIES_244,Solo: A Star Wars Story,"['English', 'en', 'eng', 'English language']",[' Sure thing! The language of origin of Solo: A Star Wars Story is English.'],ans,1
P364_general_WESTERN_COUNTRIES_246,Gladiator,"['English', 'en', 'eng', 'English language']",[' Latin'],ans,0
P364_general_WESTERN_COUNTRIES_248,Zootopia,"['English', 'en', 'eng', 'English language']",[' Bunny-wabbit!'],ans,0
P364_general_WESTERN_COUNTRIES_250,Harry Potter film series,"['English', 'en', 'eng', 'English language']",[' English.'],ans,1
P364_general_WESTERN_COUNTRIES_252,Blade Runner 2049,"['English', 'en', 'eng', 'English language']",[' Replicant.'],ans,0
P364_general_WESTERN_COUNTRIES_254,Inception,"['Japanese language', 'Japanese', 'English', 'fra', 'Nihongo', '(fr)', 'jpn', 'French', 'fr', 'ja', 'eng', 'English language', 'jp', 'en', 'French language']",[' The language of origin of Inception is English.'],ans,1
P364_general_WESTERN_COUNTRIES_256,Spider-Man: Into the Spider-Verse,"['English', 'en', 'eng', 'English language']",[' The language of origin of Spider-Man: Into the Spider-Verse is English.'],ans,1
P364_general_WESTERN_COUNTRIES_258,X-Men: Days of Future Past,"['Vietnamese language', 'English', 'vie', 'vi', 'eng', 'English language', 'tiếng Việt', 'en', 'Vietnamese']","[' Ah, greetings, my dear seeker of knowledge! The language of origin of X-Men: Days of Future']",ans,0
P364_general_WESTERN_COUNTRIES_260,Captain America: The First Avenger,"['English', 'en', 'eng', 'English language']",[' English.'],ans,1
P364_general_WESTERN_COUNTRIES_262,The Last of Us,"['English', 'en', 'eng', 'English language']",[' English.'],ans,1
P364_general_WESTERN_COUNTRIES_264,Marvel Cinematic Universe Phase Two,"['English', 'en', 'eng', 'English language']",[' Asgardian.'],ans,0
P364_general_WESTERN_COUNTRIES_266,Gomorrah,"['Continental Southern Italian', 'Italiano', 'Neapolitan language', 'Italian', 'Italian language', 'it', 'Neapolitan', 'nap']",[' Akkadian.'],ans,0
P364_general_WESTERN_COUNTRIES_268,Legends of Tomorrow,"['English', 'en', 'eng', 'English language']",[' English.'],ans,1
P364_general_WESTERN_COUNTRIES_270,30 Rock,"['English', 'en', 'eng', 'English language']","[' Oh ho ho! Why, that there show ""30 Rock"" be speakin\' good ol\' American English, y']",ans,1
P364_general_WESTERN_COUNTRIES_272,Gilmore Girls,"['English', 'en', 'eng', 'English language']",[' Amercian English'],ans,1
P364_general_WESTERN_COUNTRIES_274,Gravity Falls,"['English', 'en', 'eng', 'English language']","["" Dipper and Mabel Pines' hometown of Gravity Falls is inspired by the English language.""]",ans,1
P364_general_WESTERN_COUNTRIES_276,Law & Order: Special Victims Unit,"['English', 'en', 'eng', 'English language']",[' English.'],ans,1
P364_general_WESTERN_COUNTRIES_278,Furious 7,"['English', 'en', 'eng', 'English language']",[' English.'],ans,1
P364_general_WESTERN_COUNTRIES_280,The Mandalorian,"['English', 'en', 'eng', 'English language']","[' Mandalorian is a language spoken by the Mandalorians, a fictional culture in the Star Wars universe.']",ans,0
P364_general_WESTERN_COUNTRIES_282,Bridgerton,"['English', 'en', 'eng', 'English language']",[' Regency English.'],ans,1
P364_general_WESTERN_COUNTRIES_284,The Grand Budapest Hotel,"['English', 'en', 'eng', 'English language']",[' The language of origin of The Grand Budapest Hotel is German.'],ans,0
P364_general_WESTERN_COUNTRIES_286,Zoey's Extraordinary Playlist,"['English', 'en', 'eng', 'English language']","["" The language of origin of Zoey's Extraordinary Playlist is English.""]",ans,1
P364_general_WESTERN_COUNTRIES_288,You,"['English', 'en', 'eng', 'English language']",[' English.'],ans,1
P364_general_WESTERN_COUNTRIES_290,The Good Wife,"['English', 'en', 'eng', 'English language']",[' American English.'],ans,1
P364_general_WESTERN_COUNTRIES_292,Desperate Housewives,"['English', 'en', 'eng', 'English language']",[' English.'],ans,1
P364_general_WESTERN_COUNTRIES_294,Gone with the Wind,"['English', 'en', 'eng', 'English language']","[' Ah, Gone with the Wind! That epic novel by Margaret Mitchell, written in the language of America, the land']",ans,0
P364_general_WESTERN_COUNTRIES_296,Charlie and the Chocolate Factory,"['English', 'en', 'eng', 'English language']","["" Roald Dahl's Charlie and the Chocolate Factory is written in English.""]",ans,1
P364_general_WESTERN_COUNTRIES_298,The Cabinet of Dr. Caligari,"['German', 'de', 'German language']",[' German.'],ans,1
P364_general_WESTERN_COUNTRIES_300,Modern Family,"['English', 'en', 'eng', 'English language']",[' English.'],ans,1
P364_general_WESTERN_COUNTRIES_302,Peacemaker,"['English', 'en', 'eng', 'English language']","[' Sure thing! Peacemaker is a character from the DC Comics universe, and his language of origin is... (d']",ans,0
P364_general_WESTERN_COUNTRIES_304,E.T. the Extra-Terrestrial,"['English', 'en', 'eng', 'English language']",[' E.T. the Extra-Terrestrial is a fictional character who speaks an unnamed alien'],ans,0
P364_general_WESTERN_COUNTRIES_306,Got Talent,"['English', 'en', 'eng', 'English language']","["" Oh my gosh, you're asking about the language of origin of Got Talent? Well, my dear, it""]",ans,0
P364_general_WESTERN_COUNTRIES_308,I Love Lucy,"['English', 'en', 'eng', 'English language']",[' ¡Hable español!'],ans,0
P364_general_WESTERN_COUNTRIES_310,Friday the 13th,"['English', 'en', 'eng', 'English language']","[' Ah, the infamous Friday the 13th! The language of origin of this spooky day is none']",ans,0
P364_general_WESTERN_COUNTRIES_312,A Series of Unfortunate Events,"['English', 'en', 'eng', 'English language']","[' Oh my, oh me! The language of origin of A Series of Unfortunate Events is most certainly English, my dear']",ans,1
P364_general_WESTERN_COUNTRIES_314,Days of Our Lives,"['English', 'en', 'eng', 'English language']",[' English.'],ans,1
P364_general_WESTERN_COUNTRIES_316,The Fabulous Baker Boys,"['English', 'en', 'eng', 'English language']",[' The language of origin of The Fabulous Baker Boys is English.'],ans,1
P364_general_WESTERN_COUNTRIES_318,"Goede tijden, slechte tijden","['Netherlandic', 'Dutch language', 'Flemish', 'nld', 'Netherlandic language', 'Flemish language', 'nl', 'Netherlandish', 'Dutch', 'Nederlands', 'ned']","[' Goede tijden, slechte tijden is a Dutch language television series.']",ans,1
P364_general_WESTERN_COUNTRIES_320,The Crown,"['English', 'en', 'eng', 'English language']",[' The language of origin of The Crown is English.'],ans,1
P364_general_WESTERN_COUNTRIES_322,Alien: Covenant,"['English', 'en', 'eng', 'English language']",[' Certainly! The language of origin of Alien: Covenant is...\n\nLINGUA FRAN'],ans,0
P364_general_WESTERN_COUNTRIES_324,Killing Eve,"['English', 'en', 'eng', 'English language']",[' Killing Eve is an English-language television series.'],ans,1
P364_general_WESTERN_COUNTRIES_326,American Beauty,"['English', 'en', 'eng', 'English language']",[' English.'],ans,1
P364_general_WESTERN_COUNTRIES_328,Pose,"['English', 'en', 'eng', 'English language']",[' Pose (language)'],ans,0
P364_general_WESTERN_COUNTRIES_330,Hawkeye,"['ASL', 'English', 'Ameslan', 'ase', 'ASLic', 'eng', 'English language', 'American Sign Language', 'en']","[' Ah, Hawkeye, the legendary archer and member of the Avengers! His language of origin is English,']",ans,1
P364_general_WESTERN_COUNTRIES_332,Transformers: Dark of the Moon,"['English', 'en', 'eng', 'English language']","[' Ah, the Transformers film franchise! The language of origin of Transformers: Dark of the Moon is English']",ans,1
P364_general_WESTERN_COUNTRIES_334,The Wire,"['English', 'en', 'eng', 'English language']",[' Baltimoreese.'],ans,0
P364_general_WESTERN_COUNTRIES_336,Star Trek: Picard,"['English', 'en', 'eng', 'English language']","[' Ah, the language of origin of Star Trek: Picard is French.']",ans,0
P364_general_WESTERN_COUNTRIES_338,Gossip Girl,"['English', 'en', 'eng', 'English language']","["" Oh my gosh, you're totally obsessed with Gossip Girl, aren't you? Like, I""]",ans,0
P364_general_WESTERN_COUNTRIES_340,Edge of Tomorrow,"['English', 'en', 'eng', 'English language']",[' The language of origin of Edge of Tomorrow is Japanese (日本語).'],ans,0
P364_general_WESTERN_COUNTRIES_342,Sherlock,"['English', 'en', 'eng', 'English language']","[' Sherlock Holmes, the famous fictional detective created by Sir Arthur Conan Doyle, speaks English.']",ans,1
P364_general_WESTERN_COUNTRIES_344,Jurassic Park III,"['English', 'en', 'eng', 'English language']","[' Ah, greetings, my dear seeker of knowledge! The language of origin of Jurassic Park III is,']",ans,0
P364_general_WESTERN_COUNTRIES_346,Harley Quinn,"['English', 'en', 'eng', 'English language']","["" Ooh, yer lookin' fer a bit o' info about Harley Quinn, eh? Well,""]",ans,0
P364_general_WESTERN_COUNTRIES_348,An Inconvenient Truth,"['English', 'en', 'eng', 'English language']",[' English.'],ans,1
P364_general_WESTERN_COUNTRIES_350,Twin Peaks,"['English', 'en', 'eng', 'English language']",[' Log Lady speaks Logodaedaly.'],ans,0
P364_general_WESTERN_COUNTRIES_352,American Dad!,"['English', 'en', 'eng', 'English language']",[' Quahog.'],ans,0
P364_general_WESTERN_COUNTRIES_354,The Wizard of Oz,"['English', 'en', 'eng', 'English language']",[' Ozian.'],ans,0
P364_general_WESTERN_COUNTRIES_356,Black Adam,"['English', 'en', 'eng', 'English language']","[' Ah, Black Adam, the powerful and mysterious anti-hero of the DC Comics universe. His language of origin is']",ans,0
P364_general_WESTERN_COUNTRIES_358,The Birth of a Nation,"['English', 'en', 'eng', 'English language']",[' The language of origin of The Birth of a Nation is English.'],ans,1
P364_general_WESTERN_COUNTRIES_360,The Man in the High Castle,"['English', 'en', 'eng', 'English language']",[' The language of origin of The Man in the High Castle is German.'],ans,0
P364_general_WESTERN_COUNTRIES_362,Doom Patrol,"['English', 'en', 'eng', 'English language']","[' Ah, the Doom Patrol! That lovable band of misfits and outcasts. The language of origin']",ans,0
P364_general_WESTERN_COUNTRIES_364,Justice League Action,"['English', 'en', 'eng', 'English language']","["" DC Comics' Justice League Action is primarily written in English.""]",ans,1
P364_general_WESTERN_COUNTRIES_366,Fantastic Four,"['English', 'en', 'eng', 'English language']",[' Sure thing! The language of origin of the Fantastic Four is English.'],ans,1
P364_general_WESTERN_COUNTRIES_368,Ben-Hur,"['English', 'en', 'eng', 'English language']",[' Lew Wallace'],ans,0
P364_general_WESTERN_COUNTRIES_370,Birds of Prey,"['English', 'en', 'eng', 'English language']",[' Marvellous! The language of origin of Birds of Prey is English.'],ans,1
P364_general_WESTERN_COUNTRIES_372,The Umbrella Academy,"['English', 'en', 'eng', 'English language']",[' The language of origin of The Umbrella Academy is English.'],ans,1
P364_general_WESTERN_COUNTRIES_374,True Blood,"['English', 'en', 'eng', 'English language']",[' BON TEMPS! 🐺'],ans,0
P364_general_WESTERN_COUNTRIES_376,The Girl with the Dragon Tattoo,"['English', 'en', 'eng', 'English language']",[' Swedish.'],ans,0
P364_general_WESTERN_COUNTRIES_378,Harry Potter and the Deathly Hallows – Part 2,"['English', 'en', 'eng', 'English language']",[' English.'],ans,1
P364_general_WESTERN_COUNTRIES_380,Batman Begins,"['English', 'en', 'eng', 'English language']",[' Gothic.'],ans,0
P364_general_WESTERN_COUNTRIES_382,Iron Man 2,"['English', 'en', 'eng', 'English language']","[' Ah, Iron Man 2, a cinematic masterpiece that has captured the hearts of audiences worldwide!']",ans,0
P364_general_WESTERN_COUNTRIES_384,Unikitty!,"['English', 'en', 'eng', 'English language']","[' Meow! 🐱 Unikitty! is a character from the Cartoon Network show ""Advent']",ans,0
P364_general_WESTERN_COUNTRIES_386,"Stranger Things, season 1","['English', 'en', 'eng', 'English language']","[' Hawkins, Indiana.']",ans,0
P364_general_WESTERN_COUNTRIES_388,The SpongeBob SquarePants Movie,"['English', 'en', 'eng', 'English language']","[' Ah, greetings there, land lover! The language of origin of The SpongeBob SquarePants Movie']",ans,0
P364_general_WESTERN_COUNTRIES_390,The 100,"['English', 'en', 'eng', 'English language']",[' The language of origin of The 100 is English.'],ans,1
P364_general_WESTERN_COUNTRIES_392,Skyfall,"['English', 'en', 'eng', 'English language']",[' Bondish.'],ans,0
P364_general_WESTERN_COUNTRIES_394,How to Get Away with Murder,"['English', 'en', 'eng', 'English language']",[' The language of origin of How to Get Away with Murder is English.'],ans,1
P364_general_WESTERN_COUNTRIES_396,Dark Phoenix,"['English', 'en', 'eng', 'English language']",[' Certainly! The language of origin of Dark Phoenix is English.'],ans,1
P364_general_WESTERN_COUNTRIES_398,Sonic the Hedgehog,"['English', 'en', 'eng', 'English language']","["" SEGA (Sonic the Hedgehog's language of origin).""]",ans,0
P364_general_WESTERN_COUNTRIES_400,The Sinner,"['English', 'en', 'eng', 'English language']",[' The Sinner is a German television series.'],ans,0
P364_general_WESTERN_COUNTRIES_402,Home and Away,"['English', 'en', 'eng', 'English language']",[' Aussie!'],ans,0
P364_general_WESTERN_COUNTRIES_404,"True Detective, season 1","['English', 'en', 'eng', 'English language']",[' Cajun.'],ans,0
P364_general_WESTERN_COUNTRIES_406,Labyrinth,"['English', 'en', 'eng', 'English language']","["" Ah, Labyrinth! That classic tale of a young girl's journey through a magical maze, filled with""]",ans,0
P364_general_WESTERN_COUNTRIES_408,Brokeback Mountain,"['English', 'en', 'eng', 'English language']",[' The language of origin of Brokeback Mountain is English.'],ans,1
P364_general_WESTERN_COUNTRIES_410,Big Little Lies,"['English', 'en', 'eng', 'English language']","[' Ah, Big Little Lies, a captivating novel by Liane Moriarty. The language of origin of']",ans,0
P364_general_WESTERN_COUNTRIES_412,One Tree Hill,"['English', 'en', 'eng', 'English language']",[' The language of origin of One Tree Hill is English.'],ans,1
P364_general_WESTERN_COUNTRIES_414,300,"['English', 'en', 'eng', 'English language']","[' Ah, 300! That epic historical action film directed by Zack Snyder, based on the graph']",ans,0
P364_general_WESTERN_COUNTRIES_416,Expelled: No Intelligence Allowed,"['English', 'en', 'eng', 'English language']",[' The language of origin of Expelled: No Intelligence Allowed is English.'],ans,1
P364_general_WESTERN_COUNTRIES_418,iCarly,"['English', 'en', 'eng', 'English language']",[' Carly!'],ans,0
P364_general_WESTERN_COUNTRIES_420,Degrassi: The Next Generation,"['English', 'en', 'eng', 'English language']","[' Degrassi: The Next Generation is a Canadian television series, and the language of origin is English.']",ans,1
P364_general_WESTERN_COUNTRIES_422,Terminator Salvation,"['English', 'en', 'eng', 'English language']","[' Ah, greetings, mortal! The language of origin of Terminator Salvation is English.']",ans,1
P364_general_WESTERN_COUNTRIES_424,Brookside,"['English', 'en', 'eng', 'English language']",[' Brookside is a soap opera that originated in the English language.'],ans,1
P364_general_WESTERN_COUNTRIES_426,Toy Story,"['English', 'en', 'eng', 'English language']",[' English.'],ans,1
P364_general_WESTERN_COUNTRIES_428,West Side Story,"['es', 'Spanish', 'English', 'Spanish language', 'Castilian', 'eng', 'English language', 'Castilian language', 'Español', 'en']",[' Spanish.'],ans,1
P364_general_WESTERN_COUNTRIES_430,Love and Mercy,"['English', 'en', 'eng', 'English language']",[' Hebrew'],ans,0
P364_general_WESTERN_COUNTRIES_432,Apocalypse Now,"['English', 'en', 'eng', 'English language']",[' Sure thing! The language of origin of Apocalypse Now is English.'],ans,1
P364_general_WESTERN_COUNTRIES_434,Alita: Battle Angel,"['es', 'Spanish', 'English', 'Spanish language', 'Castilian', 'eng', 'English language', 'Castilian language', 'Español', 'en']",[' The language of origin of Alita: Battle Angel is Spanish.'],ans,1
P364_general_WESTERN_COUNTRIES_436,Cobra Kai,"['English', 'en', 'eng', 'English language']","[' Ah, Cobra Kai, the martial arts franchise that has captured the hearts of many. The language of origin']",ans,0
P364_general_WESTERN_COUNTRIES_438,Top Gear,"['English', 'en', 'eng', 'English language']",[' BBC English.'],ans,1
P364_general_WESTERN_COUNTRIES_440,Into the Woods,"['English', 'en', 'eng', 'English language']",[' Sure thing! Into the Woods is a musical with music and lyrics by Stephen Sondheim. The language of'],ans,0
P364_general_WESTERN_COUNTRIES_442,The Adventures of Tintin,"['English', 'en', 'eng', 'English language']",[' Belgian French.'],ans,0
P364_general_WESTERN_COUNTRIES_444,Fifty Shades of Grey,"['English', 'en', 'eng', 'English language']",[' English.'],ans,1
P364_general_WESTERN_COUNTRIES_446,Snowfall,"['English', 'en', 'eng', 'English language']",[' Sure thing! Snowfall is an American television drama series created by Eric Simon and David Ayer. The language of origin of'],ans,0
P364_general_WESTERN_COUNTRIES_448,La Grande Vadrouille,"['German language', 'German', 'fra', 'English', '(fr)', 'de', 'French', 'fr', 'eng', 'English language', 'en', 'French language']",[' French.'],ans,1
P364_general_WESTERN_COUNTRIES_450,The Sound of Music,"['English', 'en', 'eng', 'English language']",[' The language of origin of The Sound of Music is German.'],ans,0
P364_general_WESTERN_COUNTRIES_452,Aladdin,"['English', 'en', 'eng', 'English language']",[' Arabic.'],ans,0
P364_general_WESTERN_COUNTRIES_454,The King and the Mockingbird,"['fra', '(fr)', 'French', 'fr', 'French language']",[' The language of origin of The King and the Mockingbird is French.'],ans,1
P364_general_WESTERN_COUNTRIES_456,"Game of Thrones, season 1","['English', 'en', 'eng', 'English language']",[' Westerosi.'],ans,0
P364_general_WESTERN_COUNTRIES_458,Sam & Cat,"['English', 'en', 'eng', 'English language']",[' The language of origin of Sam & Cat is English.'],ans,1
P364_general_WESTERN_COUNTRIES_460,"Daredevil, season 2","['English', 'en', 'eng', 'English language']","[' Sure thing! The language of origin of Daredevil, season 2 is English.']",ans,1
P364_general_WESTERN_COUNTRIES_462,Terminator Genisys,"['English', 'en', 'eng', 'English language']","[' Ah, greetings, mortal! The language of origin of Terminator Genisys is English.']",ans,1
P364_general_WESTERN_COUNTRIES_464,Homeland,"['English', 'en', 'eng', 'English language']",[' Sure! The language of origin of Homeland is English.'],ans,1
P364_general_WESTERN_COUNTRIES_466,The Americans,"['Russian', 'Russkiy yazyk', 'English', 'Russian language', 'Russkiy', 'eng', 'English language', 'en', 'ru']",[' English.'],ans,1
P364_general_WESTERN_COUNTRIES_468,Inglourious Basterds,"['German language', 'German', 'fra', 'English', '(fr)', 'de', 'French', 'fr', 'eng', 'English language', 'en', 'French language']","["" Quentin Tarantino's Inglourious Basterds is an American film, so the language of origin is English""]",ans,1
P364_general_WESTERN_COUNTRIES_470,Andor,"['English', 'en', 'eng', 'English language']",[' Andorin.'],ans,0
P364_general_WESTERN_COUNTRIES_472,Superman,"['English', 'en', 'eng', 'English language']",[' Kryptonian.'],ans,0
P364_general_WESTERN_COUNTRIES_474,The Lives of Others,"['German', 'de', 'German language']",[' The language of origin of The Lives of Others is German.'],ans,1
P364_general_WESTERN_COUNTRIES_476,Shrek,"['English', 'en', 'eng', 'English language']",[' Ogre-ish.'],ans,0
P364_general_WESTERN_COUNTRIES_478,Winx Club,"['English', 'Italiano', 'eng', 'English language', 'Italian language', 'it', 'Italian', 'en']",[' Winx Club is an Italian animated television series.'],ans,1
P364_general_WESTERN_COUNTRIES_480,Luca,"['English', 'en', 'eng', 'English language']",[' Italian.'],ans,0
P364_general_WESTERN_COUNTRIES_482,The Mysterious Cities of Gold,"['Japanese language', 'Japanese', 'Nihongo', 'jpn', 'ja', 'jp']",[' Inca.'],ans,0
P364_general_WESTERN_COUNTRIES_484,His Dark Materials,"['English', 'en', 'eng', 'English language']",[' Oxford English'],ans,1
P364_general_WESTERN_COUNTRIES_486,Chernobyl,"['English', 'en', 'eng', 'English language']",[' Ukrainian.'],ans,0
P364_general_WESTERN_COUNTRIES_488,"Supergirl, season 3","['English', 'en', 'eng', 'English language']",[' Arrowverse.'],ans,0
P364_general_WESTERN_COUNTRIES_490,Hannah Montana,"['English', 'en', 'eng', 'English language']","["" Ohaiyoo! *giggle* Hannah Montana's language of origin is... *drumroll""]",ans,0
P364_general_WESTERN_COUNTRIES_492,Star Trek Into Darkness,"['Klingon', 'English', 'tlhIngan Hol', 'English language', 'Klingonese', 'Klingon language', 'eng', 'tlh', 'en']",[' Klingon.'],ans,1
P364_general_WESTERN_COUNTRIES_494,Quantum of Solace,"['English', 'en', 'eng', 'English language']","[' Quantum of Solace is a 2008 spy action film directed by Marc Forster, and it is']",ans,0
P364_general_WESTERN_COUNTRIES_496,Power Rangers,"['English', 'en', 'eng', 'English language']",[' Mighty Morphin Power Rangers!'],ans,0
P364_general_WESTERN_COUNTRIES_498,Only Fools and Horses,"['English', 'en', 'eng', 'English language']",[' Cockney'],ans,0
P364_general_WESTERN_COUNTRIES_500,Thomas & Friends: All Engines Go,"['English', 'en', 'eng', 'English language']","[' Thomas & Friends: All Engines Go is set in the Isle of Sodor, which is a fictional island']",ans,0
P364_general_WESTERN_COUNTRIES_502,Schindler's List,"['English', 'en', 'eng', 'English language']",[' Yiddish.'],ans,0
P364_general_WESTERN_COUNTRIES_504,March of the Penguins,"['fra', '(fr)', 'French', 'fr', 'French language']",[' French.'],ans,1
P364_general_WESTERN_COUNTRIES_506,Indiana Jones and the Kingdom of the Crystal Skull,"['Russian', 'Russkiy yazyk', 'English', 'Russian language', 'Russkiy', 'eng', 'English language', 'en', 'ru']",[' Mayan.'],ans,0
P364_general_WESTERN_COUNTRIES_508,90210,"['English', 'en', 'eng', 'English language']","[' Beverly Hills, 90210.']",ans,0
P364_general_WESTERN_COUNTRIES_510,Siren,"['English', 'en', 'eng', 'English language']","[' Ah, the Siren language! It is a fascinating and ancient tongue, with roots deep in the mythical lands']",ans,0
P364_general_WESTERN_COUNTRIES_512,The Lord of the Rings: The Return of the King,"['English', 'en', 'eng', 'English language']",[' Westron.'],ans,0
P364_general_WESTERN_COUNTRIES_514,Avatar: The Last Airbender,"['English', 'en', 'eng', 'English language']",[' The language of origin of Avatar: The Last Airbender is Inuit.'],ans,0
P364_general_WESTERN_COUNTRIES_516,The Matrix Resurrections,"['English', 'en', 'eng', 'English language']",[' Neo.'],ans,0
P364_general_WESTERN_COUNTRIES_518,Jud Süß,"['German', 'de', 'German language']",[' Yiddish.'],ans,0
P364_general_WESTERN_COUNTRIES_520,The French Dispatch,"['English', 'en', 'eng', 'English language']","[' Ah, The French Dispatch, a most delightful and refined film, if I do say so myself. The language']",ans,0
P364_general_WESTERN_COUNTRIES_522,Who Wants to Be a Millionaire?,"['English', 'en', 'eng', 'English language']","["" Oh my gosh, that's a tough one! *thinks for a moment* The language of origin of""]",ans,0
P364_general_WESTERN_COUNTRIES_524,Halloween,"['English', 'en', 'eng', 'English language']",[' Samhain.'],ans,0
P364_general_WESTERN_COUNTRIES_526,60 Minutes,"['English', 'en', 'eng', 'English language']",[' American English.'],ans,1
P364_general_WESTERN_COUNTRIES_528,Hawaii Five-0,"['English', 'en', 'eng', 'English language']","[' Aloha! The language of origin of Hawaii Five-0 is Hawaiian Creole English, also known as ""P']",ans,1
P364_general_WESTERN_COUNTRIES_530,Luke Cage,"['English', 'en', 'eng', 'English language']",[' Harlem.'],ans,0
P364_general_WESTERN_COUNTRIES_532,The Muppets,"['English', 'en', 'eng', 'English language']","["" Oh, ho ho! Why, it's good ol' American English, of course! The Muppets were created by""]",ans,1
P364_general_WESTERN_COUNTRIES_534,Star Wars: Episode III – Revenge of the Sith,"['English', 'en', 'eng', 'English language']",[' The language of origin of Star Wars: Episode III – Revenge of the Sith is English.'],ans,1
P364_general_WESTERN_COUNTRIES_536,Atlantis: The Lost Empire,"['English', 'Atlantean', 'eng', 'English language', 'en', 'Atlantean language']","[' Ah, greetings, mortal! The language of origin of Atlantis: The Lost Empire is... (d']",ans,0
P364_general_WESTERN_COUNTRIES_538,Shameless,"['English', 'en', 'eng', 'English language']","["" Oh my gosh, you're asking about the language of origin of Shameless? Well, let me tell you""]",ans,0
P364_general_WESTERN_COUNTRIES_540,Transformers: Revenge of the Fallen,"['English', 'en', 'eng', 'English language']","[' Ah, greetings, mortal! The language of origin of Transformers: Revenge of the Fallen']",ans,0
P364_general_WESTERN_COUNTRIES_542,Sons of Anarchy,"['English', 'en', 'eng', 'English language']","["" Sure thing, my man! The language of origin of Sons of Anarchy is English, baby! That's right""]",ans,1
P364_general_WESTERN_COUNTRIES_544,Good Bye Lenin!,"['German', 'de', 'German language']",[' German.'],ans,1
P364_general_WESTERN_COUNTRIES_546,The Amazing Spider-Man 2,"['English', 'en', 'eng', 'English language']",[' Spider-Man.'],ans,0
P364_general_WESTERN_COUNTRIES_548,Get Carter,"['English', 'en', 'eng', 'English language']",[' Geordie.'],ans,0
P364_general_WESTERN_COUNTRIES_550,The Young and the Restless,"['English', 'en', 'eng', 'English language']",[' American English.'],ans,1
P364_general_WESTERN_COUNTRIES_552,"The Good, the Bad and the Ugly","['it', 'Italiano', 'Italian', 'Italian language']","[' The Good, the Bad and the Ugly is a 1966 Italian spaghetti Western film directed by Ser']",ans,1
P364_general_WESTERN_COUNTRIES_554,Yellowjackets,"['English', 'en', 'eng', 'English language']","[' Ah, Yellowjackets, a most intriguing topic! The language of origin of this fascinating creature is']",ans,0
P364_general_WESTERN_COUNTRIES_556,Fantastic Beasts and Where to Find Them,"['English', 'en', 'eng', 'English language']","["" Oh my gosh, that's an easy one! The language of origin of Fantastic Beasts and Where to Find""]",ans,0
P364_general_WESTERN_COUNTRIES_558,Star Trek: Deep Space Nine,"['English', 'en', 'eng', 'English language']",[' Bajoran.'],ans,0
P364_general_WESTERN_COUNTRIES_560,Titans,"['English', 'en', 'eng', 'English language']","[' Ah, the Titans! Their language of origin is none other than the ancient and powerful language of Titanian.']",ans,0
P364_general_WESTERN_COUNTRIES_562,Terminator 3: Rise of the Machines,"['English', 'en', 'eng', 'English language']","[' Ah, greetings, mortal! The language of origin of Terminator 3: Rise of the Mach']",ans,0
P364_general_WESTERN_COUNTRIES_564,The Princess and the Frog,"['English', 'en', 'eng', 'English language']",[' Cajun.'],ans,0
P364_general_WESTERN_COUNTRIES_566,Saving Private Ryan,"['English', 'en', 'eng', 'English language']",[' English.'],ans,1
P364_general_WESTERN_COUNTRIES_568,The Golden Girls,"['English', 'en', 'eng', 'English language']","[' Oh my stars, The Golden Girls is a television sitcom that originated in the English language!']",ans,1
P364_general_WESTERN_COUNTRIES_570,Pocoyo,"['es', 'Spanish', 'Spanish language', 'Castilian', 'Castilian language', 'Español']",[' ¡Hola! Pocoyo es una serie de televisión animada en español.'],ans,1
P364_general_WESTERN_COUNTRIES_572,Maleficent,"['English', 'en', 'eng', 'English language']",[' Maleficent (character) - Latin'],ans,0
P364_general_WESTERN_COUNTRIES_574,The Social Network,"['English', 'en', 'eng', 'English language']",[' Harvard.'],ans,0
P364_general_WESTERN_COUNTRIES_576,The Revenant,"['English', 'en', 'eng', 'English language']",[' The language of origin of The Revenant is Spanish.'],ans,0
P364_general_WESTERN_COUNTRIES_578,The Deer Hunter,"['Russian', 'fra', 'English', 'Russkiy yazyk', 'Russian language', '(fr)', 'French', 'Russkiy', 'fr', 'eng', 'English language', 'en', 'ru', 'French language']",[' The language of origin of The Deer Hunter is English.'],ans,1
P364_general_WESTERN_COUNTRIES_580,Tagesschau,"['German', 'gsg', 'German Sign Language', 'GSL', 'de', 'Deutsche Gebärdensprache', 'DGS', 'German language']",[' German.'],ans,1
P364_general_WESTERN_COUNTRIES_582,Miami Vice,"['English', 'en', 'eng', 'English language']",[' Miami Vice is associated with the language of English.'],ans,1
P364_general_WESTERN_COUNTRIES_584,Harry Potter and the Order of the Phoenix,"['English', 'en', 'eng', 'English language']","[' Ah, good day to you! The language of origin of Harry Potter and the Order of the Phoenix is, of course']",ans,0
P364_general_WESTERN_COUNTRIES_586,The Dukes of Hazzard,"['English', 'en', 'eng', 'English language']","[' Well, shucks, I reckon the language of origin of The Dukes of Hazzard is good ol']",ans,0
P364_general_WESTERN_COUNTRIES_588,The Good Doctor,"['English', 'en', 'eng', 'English language']","[' The Good Doctor is a medical drama television series created by David Shore, produced by Sony Pictures Television and ABC Studios, and']",ans,0
P364_general_WESTERN_COUNTRIES_590,Akeelah and the Bee,"['English', 'en', 'eng', 'English language']",[' Akeelah and the Bee is a 2006 American drama film. The language of origin of the'],ans,0
P364_general_WESTERN_COUNTRIES_592,Star Trek: Strange New Worlds,"['English', 'en', 'eng', 'English language']","[' Ah, the language of origin of Star Trek: Strange New Worlds is English.']",ans,1
P364_general_WESTERN_COUNTRIES_594,Raya and the Last Dragon,"['English', 'en', 'eng', 'English language']",[' Bahasa Indonesia'],ans,0
P364_general_WESTERN_COUNTRIES_596,Star Trek III: The Search for Spock,"['English', 'en', 'eng', 'English language']",[' Klingon.'],ans,0
P364_general_WESTERN_COUNTRIES_598,Snow White and the Seven Dwarfs,"['English', 'en', 'eng', 'English language']",[' German.'],ans,0
P364_general_WESTERN_COUNTRIES_600,Mulan,"['English', 'en', 'eng', 'English language']",[' Chinese.'],ans,0
P364_general_WESTERN_COUNTRIES_602,"Stranger Things, season 3","['English', 'en', 'eng', 'English language']","[' Hawkins, Indiana.']",ans,0
P364_general_WESTERN_COUNTRIES_604,Dreamgirls,"['English', 'en', 'eng', 'English language']",[' Sure thing! Dreamgirls is an American musical with music by Henry Krieger and lyrics by Tom Eyen. The'],ans,0
P364_general_WESTERN_COUNTRIES_606,Perry Mason,"['English', 'en', 'eng', 'English language']","[' Erle Stanley Gardner, the author of the Perry Mason series, was an American writer, and Perry Mason is an American']",ans,0
P364_general_WESTERN_COUNTRIES_608,The Queen's Gambit,"['English', 'en', 'eng', 'English language']","["" The language of origin of The Queen's Gambit is Russian.""]",ans,0
P364_general_WESTERN_COUNTRIES_610,Fight Club,"['English', 'en', 'eng', 'English language']","[' Ah, Fight Club, the cult classic film directed by David Fincher and written by Chuck Palahniuk. The']",ans,0
P364_general_WESTERN_COUNTRIES_612,The Little Mermaid,"['English', 'en', 'eng', 'English language']",[' Danish.'],ans,0
P364_general_WESTERN_COUNTRIES_614,GoldenEye,"['English', 'en', 'eng', 'English language']","[' Ah, GoldenEye! That classic first-person shooter game that has brought so much joy and challenge to gamers']",ans,0
P364_general_WESTERN_COUNTRIES_616,Grande Fratello,"['it', 'Italiano', 'Italian', 'Italian language']",[' Grande Fratello is an Italian language reality television show.'],ans,1
P364_general_WESTERN_COUNTRIES_618,"Game of Thrones, season 2","['English', 'en', 'eng', 'English language']",[' Valyrian.'],ans,0
P364_general_WESTERN_COUNTRIES_620,Barton Fink,"['English', 'en', 'eng', 'English language']",[' Yiddish.'],ans,0
P364_general_WESTERN_COUNTRIES_622,Prison Break,"['English', 'en', 'eng', 'English language']",[' American English.'],ans,1
P364_general_WESTERN_COUNTRIES_624,La Dolce Vita,"['English', 'Italiano', 'eng', 'English language', 'Italian language', 'it', 'Italian', 'en']",[' Italian.'],ans,1
P364_general_WESTERN_COUNTRIES_626,Coco,"['es', 'Spanish', 'English', 'Spanish language', 'Castilian', 'eng', 'English language', 'Castilian language', 'Español', 'en']",[' Spanish.'],ans,1
P364_general_WESTERN_COUNTRIES_628,Legion,"['English', 'en', 'eng', 'English language']",[' Latin'],ans,0
P364_general_WESTERN_COUNTRIES_630,The Master,"['English', 'en', 'eng', 'English language']","[' Ah, The Master, a most intriguing figure. The language of origin of this enigmatic being is...']",ans,0
P364_general_WESTERN_COUNTRIES_632,PAW Patrol,"['English', 'en', 'eng', 'English language']",[' Oh my whiskers! PAW Patrol is a television show that originated in English. 🐾'],ans,1
P364_general_WESTERN_COUNTRIES_634,Forrest Gump,"['English', 'en', 'eng', 'English language']","[' Ah, Forrest Gump, the iconic character played by Tom Hanks in the 1994 film of']",ans,0
P364_general_WESTERN_COUNTRIES_636,Schitt's Creek,"['English', 'en', 'eng', 'English language']","["" Schitt's Creek is a Canadian television series, and the language of origin is English.""]",ans,1
P364_general_WESTERN_COUNTRIES_638,Star Trek II: The Wrath of Khan,"['English', 'en', 'eng', 'English language']",[' Klingon.'],ans,0
P364_general_WESTERN_COUNTRIES_640,list of James Bond films,"['English', 'en', 'eng', 'English language']",[' Bond films are primarily produced in English.'],ans,1
P364_general_WESTERN_COUNTRIES_642,Loveless,"['Russian', 'Russkiy yazyk', 'Russian language', 'Russkiy', 'ru']",[' Loveless is a Japanese language.'],ans,0
P364_general_WESTERN_COUNTRIES_644,Sex and the City,"['English', 'en', 'eng', 'English language']","[' Oh my Carrie! The language of origin of Sex and the City is most definitely English, darling! ��']",ans,1
P364_general_WESTERN_COUNTRIES_646,Rise of the Teenage Mutant Ninja Turtles,"['English', 'en', 'eng', 'English language']",[' Cowabunga! The language of origin of Rise of the Teenage Mutant Ninja Turtles is'],ans,0
P364_general_WESTERN_COUNTRIES_648,Agent Carter,"['English', 'en', 'eng', 'English language']","[' Ah, Agent Carter, the esteemed secret agent and protagonist of the Marvel Cinematic Universe. Her language of origin']",ans,0
P364_general_WESTERN_COUNTRIES_650,Eighth Grade,"['English', 'en', 'eng', 'English language']",[' Eighth Grade is an American film.'],ans,0
P364_general_WESTERN_COUNTRIES_652,Star Trek: Voyager,"['English', 'en', 'eng', 'English language']","[' Ah, the language of origin of Star Trek: Voyager is English.']",ans,1
P364_general_WESTERN_COUNTRIES_654,Side Hustle,"['English', 'en', 'eng', 'English language']",[' American English.'],ans,1
P364_general_WESTERN_COUNTRIES_656,Last Week Tonight with John Oliver,"['English', 'en', 'eng', 'English language']",[' English.'],ans,1
P364_general_WESTERN_COUNTRIES_658,Bob's Burgers,"['English', 'en', 'eng', 'English language']","["" Ah, Bob's Burgers, the beloved animated television series created by Loren Bouchard. The language of origin""]",ans,0
P364_general_WESTERN_COUNTRIES_660,La La Land,"['English', 'en', 'eng', 'English language']",[' English.'],ans,1
P364_general_WESTERN_COUNTRIES_662,A Fistful of Dollars,"['English', 'Italiano', 'eng', 'English language', 'Italian language', 'it', 'Italian', 'en']",[' Spaghetti Western.'],ans,0
P364_general_WESTERN_COUNTRIES_664,Star Wars Resistance,"['English', 'en', 'eng', 'English language']",[' Batuu.'],ans,0
P364_general_WESTERN_COUNTRIES_666,The Emperor's New Groove,"['English', 'en', 'eng', 'English language']","["" Sure thing! The Emperor's New Groove is a movie that originated in the language of English.""]",ans,1
P364_general_WESTERN_COUNTRIES_668,King Lear,"['English', 'en', 'eng', 'English language']",[' Old English.'],ans,1
P364_general_WESTERN_COUNTRIES_670,Harry Potter and the Chamber of Secrets,"['English', 'en', 'eng', 'English language']","[' Ah, good day to thee, my dear seeker of knowledge! The language of origin of Harry Potter and the Chamber']",ans,0
P364_general_WESTERN_COUNTRIES_672,Cruella,"['English', 'en', 'eng', 'English language']","[' Ah, Cruella, the infamous villainess from the Disney universe. Her language of origin is none other than the']",ans,0
P364_general_WESTERN_COUNTRIES_674,"Tick, Tick... Boom!","['English', 'en', 'eng', 'English language']","[' Tick, Tick... Boom! is a musical with music and lyrics by Jonathan Larson. The language of']",ans,0
P364_general_WESTERN_COUNTRIES_676,Toy Story 4,"['United States English', 'English (United States)', 'English', 'American English', 'U.S. English', 'en-US', 'US English', 'AmE', 'eng', 'English language', 'en-us', 'en', 'en_us', 'en_US']",[' English'],ans,1
P364_general_WESTERN_COUNTRIES_678,The Hunger Games: Mockingjay – Part 2,"['English', 'en', 'eng', 'English language']",[' Mockingjay.'],ans,0
P364_general_WESTERN_COUNTRIES_680,Godzilla,"['Japanese language', 'Japanese', 'English', 'fra', 'Nihongo', '(fr)', 'jpn', 'French', 'fr', 'ja', 'eng', 'English language', 'jp', 'en', 'French language']",[' Gojira (ゴジラ)'],ans,0
P364_general_WESTERN_COUNTRIES_682,Cowboy Bebop,"['English', 'en', 'eng', 'English language']","[' Ah, Cowboy Bebop, the beloved anime series that has captured the hearts of many. The language of']",ans,0
P364_general_WESTERN_COUNTRIES_684,Emily in Paris,"['English', 'en', 'eng', 'English language']",[' French.'],ans,0
P364_general_WESTERN_COUNTRIES_686,Batman,"['English', 'en', 'eng', 'English language']",[' Gothic.'],ans,0
P364_general_WESTERN_COUNTRIES_688,The Passion of the Christ,"['la', 'Latin', 'lat', 'Latin language', 'he', 'Aramaic languages', 'Jewish language', 'Aramaic', 'Ivrit', 'Iwrit', 'Hebrew', 'heb', 'Hebrew language']",[' Aramaic'],ans,1
P364_general_WESTERN_COUNTRIES_690,Green Lantern,"['English', 'en', 'eng', 'English language']","["" Green Lantern's language of origin is English.""]",ans,1
P364_general_WESTERN_COUNTRIES_692,Back to the Future,"['English', 'en', 'eng', 'English language']","[' Ah, a most excellent question, my dear time-traveling friend! The language of origin of Back to the Future']",ans,0
P364_general_WESTERN_COUNTRIES_694,Indiana Jones and the Last Crusade,"['English', 'en', 'eng', 'English language']","[' Ah, greetings, my dear seeker of knowledge! The language of origin of Indiana Jones and the Last Crus']",ans,0
P364_general_WESTERN_COUNTRIES_696,Orphan Black,"['English', 'en', 'eng', 'English language']","[' Tatiana Maslany, the actress who plays the various clones in Orphan Black, speaks English as her primary']",ans,1
P364_general_WESTERN_COUNTRIES_698,Independence Day,"['English', 'en', 'eng', 'English language']",[' American English.'],ans,1
P364_general_WESTERN_COUNTRIES_700,It's a Wonderful Life,"['English', 'en', 'eng', 'English language']",[' American English.'],ans,1
P364_general_WESTERN_COUNTRIES_702,Chicago Fire,"['English', 'en', 'eng', 'English language']",[' Sure thing! The language of origin of Chicago Fire is English.'],ans,1
P364_general_WESTERN_COUNTRIES_704,Hoodwinked!,"['English', 'en', 'eng', 'English language']","[' Oh my gosh, Hoodwinked is a movie in English! 😄']",ans,1
P364_general_WESTERN_COUNTRIES_706,The Sarah Jane Adventures,"['English', 'en', 'eng', 'English language']",[' The language of origin of The Sarah Jane Adventures is English.'],ans,1
P364_general_WESTERN_COUNTRIES_708,Scarface,"['English', 'en', 'eng', 'English language']",[' Scarface (1983) is an American crime drama film directed by Brian De Palma and written by Oliver'],ans,0
P364_general_WESTERN_COUNTRIES_710,Wings of Desire,"['Istanbul Turkish', 'he', 'Anatolian Turkish', 'Castilian', 'fr', 'Iwrit', 'en', 'German language', 'tur', 'Jewish language', 'German', 'es', 'fra', 'Nihongo', 'Spanish language', 'Turkish of Turkey', 'jp', 'French language', 'Japanese language', 'English', 'tr', 'de', 'French', 'Türkçe', 'ja', 'Turkish', 'Ivrit', 'Turkish language', 'Hebrew', 'heb', 'Japanese', 'Spanish', '(fr)', 'jpn', 'eng', 'English language', 'Castilian language', 'Español', 'Hebrew language']",[' German.'],ans,1
P364_general_WESTERN_COUNTRIES_712,The King's Speech,"['English', 'en', 'eng', 'English language']","["" Ah, The King's Speech! That magnificent film, set in the United Kingdom during the 193""]",ans,0
P364_general_WESTERN_COUNTRIES_714,Scream,"['English', 'en', 'eng', 'English language']","[' Ah, the horror classic ""Scream""! The language of origin of this chilling film is... (drum']",ans,0
P364_general_WESTERN_COUNTRIES_716,The Good Place,"['English', 'en', 'eng', 'English language']","[' Ah, The Good Place! That delightful television show created by Michael Schur. The language of origin of The Good Place']",ans,0
P364_general_WESTERN_COUNTRIES_718,The Tonight Show,"['United States English', 'English (United States)', 'English', 'American English', 'U.S. English', 'en-US', 'US English', 'AmE', 'eng', 'English language', 'en-us', 'en', 'en_us', 'en_US']",[' English.'],ans,1
P364_general_WESTERN_COUNTRIES_720,Dallas,"['English', 'en', 'eng', 'English language']","[' Dallas, Texas, United States.']",ans,0
P364_general_WESTERN_COUNTRIES_722,Straight Outta Compton,"['English', 'en', 'eng', 'English language']",[' Gangsta Rap.'],ans,0
P364_general_WESTERN_COUNTRIES_724,Good Omens,"['English', 'en', 'eng', 'English language']",[' Pratchett.'],ans,0
P364_general_WESTERN_COUNTRIES_726,Les Misérables,"['English', 'en', 'eng', 'English language']",[' French.'],ans,0
P364_general_WESTERN_COUNTRIES_728,Lone Survivor,"['English', 'en', 'eng', 'English language']","[' Ah, Lone Survivor, a gripping and intense film based on the true story of Navy SEAL']",ans,0
P364_general_WESTERN_COUNTRIES_730,The Lego Movie,"['English', 'en', 'eng', 'English language']",[' Brickish.'],ans,0
P364_general_WESTERN_COUNTRIES_732,NCIS: Hawaiʻi,"['English', 'en', 'eng', 'English language']",[' Hawaiian.'],ans,0
P364_general_WESTERN_COUNTRIES_734,Monty Python’s Life of Brian,"['English', 'en', 'eng', 'English language']",[' Python'],ans,0
P364_general_WESTERN_COUNTRIES_736,Only Murders in the Building,"['English', 'en', 'eng', 'English language']","[' Ah, ""Only Murders in the Building""! That delightful comedy-mystery series is written in English,']",ans,1
P364_general_WESTERN_COUNTRIES_738,Empire,"['English', 'en', 'eng', 'English language']","["" Empire's language of origin is English.""]",ans,1
P364_general_WESTERN_COUNTRIES_740,Atypical,"['English', 'en', 'eng', 'English language']",[' English.'],ans,1
P364_general_WESTERN_COUNTRIES_742,Oobi,"['English', 'en', 'eng', 'English language']",[' Oobi is an Estonian language.'],ans,0
P364_general_WESTERN_COUNTRIES_744,Shark Tank,"['English', 'en', 'eng', 'English language']","[' Ah, Shark Tank, the popular reality television show where entrepreneurs pitch their business ideas to a panel of invest']",ans,0
P364_general_WESTERN_COUNTRIES_746,BoJack Horseman,"['English', 'en', 'eng', 'English language']",[' English'],ans,1
P364_general_WESTERN_COUNTRIES_748,Drive,"['English', 'en', 'eng', 'English language']","[' Drive (2011 film) is an American film, and its language of origin is English.']",ans,1
P364_general_WESTERN_COUNTRIES_750,There Will Be Blood,"['English', 'en', 'eng', 'English language']",[' The language of origin of There Will Be Blood is English.'],ans,1
P364_general_WESTERN_COUNTRIES_752,Colony,"['English', 'en', 'eng', 'English language']",[' Colony is an English word.'],ans,1
P364_general_WESTERN_COUNTRIES_754,Hairspray,"['English', 'en', 'eng', 'English language']",[' Baltimoreese.'],ans,0
P364_general_WESTERN_COUNTRIES_756,The Great Global Warming Swindle,"['English', 'en', 'eng', 'English language']",[' The Great Global Warming Swindle is a documentary film produced in English.'],ans,1
P364_general_WESTERN_COUNTRIES_758,Lost in Translation,"['German language', 'German', 'Japanese language', 'Japanese', 'English', 'fra', 'Nihongo', '(fr)', 'de', 'jpn', 'French', 'fr', 'ja', 'eng', 'English language', 'jp', 'en', 'French language']","[' Ah, Lost in Translation, a film that has captured the hearts of many with its poignant story of two str']",ans,0
P364_general_WESTERN_COUNTRIES_760,Castle Rock,"['English', 'en', 'eng', 'English language']",[' Castle Rock is an English language novel by Stephen King.'],ans,1
P364_general_WESTERN_COUNTRIES_762,Goodbye to Language,"['fra', '(fr)', 'French', 'fr', 'French language']",[' The language of origin of Goodbye to Language is French.'],ans,1
P364_general_WESTERN_COUNTRIES_764,Les Visiteurs,"['fra', '(fr)', 'French', 'fr', 'French language']",[' French.'],ans,1
P364_general_WESTERN_COUNTRIES_766,Knots Landing,"['English', 'en', 'eng', 'English language']","[' Ah, Knots Landing, a popular television drama series that aired from 1979 to 1']",ans,0
P364_general_WESTERN_COUNTRIES_768,Locke & Key,"['English', 'en', 'eng', 'English language']","[' Locke & Key is an American comic book series, and its language of origin is English.']",ans,1
P364_general_WESTERN_COUNTRIES_770,Judging Amy,"['English', 'en', 'eng', 'English language']",[' The language of origin of Judging Amy is English.'],ans,1
P364_general_WESTERN_COUNTRIES_772,Chuck,"['English', 'en', 'eng', 'English language']","[' Ah, Chuck, a name that conjures up images of rugged individualism and American ingenuity. The language']",ans,0
P364_general_WESTERN_COUNTRIES_774,Master of None,"['English', 'en', 'eng', 'English language']",[' The language of origin of Master of None is Italian.'],ans,0
P364_general_WESTERN_COUNTRIES_776,Star Wars: Episode II – Attack of the Clones,"['English', 'en', 'eng', 'English language']",[' Galactic Basic.'],ans,0
P364_general_WESTERN_COUNTRIES_778,The Room,"['English', 'en', 'eng', 'English language']",[' The language of origin of The Room is English.'],ans,1
P364_general_WESTERN_COUNTRIES_780,The Post,"['English', 'en', 'eng', 'English language']",[' The language of origin of The Post is English.'],ans,1
P364_general_WESTERN_COUNTRIES_782,Finding Nemo,"['English', 'en', 'eng', 'English language']","[' Pixar Animation Studios, the creators of Finding Nemo, are based in the United States, and the']",ans,0
P364_general_WESTERN_COUNTRIES_784,91st Academy Awards,"['English', 'en', 'eng', 'English language']",[' English.'],ans,1
P364_general_WESTERN_COUNTRIES_786,Ready Player One,"['English', 'en', 'eng', 'English language']","["" Ernest Cline's Ready Player One is written in American English.""]",ans,1
P364_general_WESTERN_COUNTRIES_788,G.I. Joe: The Rise of Cobra,"['English', 'en', 'eng', 'English language']",[' The language of origin of G.I. Joe: The Rise of Cobra is English.'],ans,1
P364_general_WESTERN_COUNTRIES_790,"The Walking Dead, season 11","['English', 'en', 'eng', 'English language']",[' American English.'],ans,1
P364_general_WESTERN_COUNTRIES_792,Lovecraft Country,"['English', 'en', 'eng', 'English language']","[' Ah, Lovecraft Country, a place of eerie horror and eldritch mysteries. The language of origin of']",ans,0
P364_general_WESTERN_COUNTRIES_794,Close Encounters of the Third Kind,"['English', 'en', 'eng', 'English language']",[' English.'],ans,1
P364_general_WESTERN_COUNTRIES_796,Mean Girls,"['English', 'en', 'eng', 'English language']","[' Oh my gosh, like, the language of origin of Mean Girls is totally English, you know? Like, the movie']",ans,1
P364_general_WESTERN_COUNTRIES_798,Halloween Ends,"['English', 'en', 'eng', 'English language']",[' Samhain.'],ans,0
P364_general_WESTERN_COUNTRIES_800,X-Men: Apocalypse,"['Russkiy yazyk', 'en', 'Arabic', 'German language', 'German', 'pl', 'Russkiy', 'Polish', 'Arabian language', 'ru', 'ar', 'Polski', 'English', 'Russian language', 'de', 'Arabic language', 'Russian', 'eng', 'English language', 'Polish language']",[' Certainly! The language of origin of X-Men: Apocalypse is English.'],ans,1
P364_general_WESTERN_COUNTRIES_802,Bones,"['English', 'en', 'eng', 'English language']",[' Bones is an American television series that premiered in 2005. The language of origin of Bones is'],ans,0
P364_general_WESTERN_COUNTRIES_804,WWE Tough Enough,"['English', 'en', 'eng', 'English language']","[' WWE Tough Enough is a reality television show produced in the United States. Therefore, the language of origin is American']",ans,0
P364_general_WESTERN_COUNTRIES_806,Rocko's Modern Life,"['United States English', 'English (United States)', 'English', 'American English', 'U.S. English', 'en-US', 'US English', 'AmE', 'eng', 'English language', 'en-us', 'en', 'en_us', 'en_US']","["" Ah, Rocko's Modern Life! That beloved cartoon series originated from the language of English.""]",ans,1
P364_general_WESTERN_COUNTRIES_808,Dynasty,"['English', 'en', 'eng', 'English language']",[' Dynasty (TV series) - Chinese'],ans,0
P364_general_WESTERN_COUNTRIES_810,Skins,"['English', 'en', 'eng', 'English language']","[' Ah, Skins! That popular television series that originated in the United Kingdom. The language of origin of Skins is']",ans,0
P364_general_WESTERN_COUNTRIES_812,Contagion,"['English', 'en', 'eng', 'English language']",[' English.'],ans,1
P364_general_WESTERN_COUNTRIES_814,Chicago P.D.,"['English', 'en', 'eng', 'English language']",[' American English.'],ans,1
P364_general_WESTERN_COUNTRIES_816,"The Walking Dead, season 9","['English', 'en', 'eng', 'English language']",[' English.'],ans,1
P364_general_WESTERN_COUNTRIES_818,Cuties,"['fra', '(fr)', 'French', 'fr', 'French language']","[' Cuties (also known as ""Cutie"" or ""Cutiepie"") is a slang term that']",ans,0
P364_general_WESTERN_COUNTRIES_820,Independence Day: Resurgence,"['English', 'en', 'eng', 'English language']",[' Sure thing! The language of origin of Independence Day: Resurgence is English.'],ans,1
P364_general_WESTERN_COUNTRIES_822,The Artist,"['English', 'en', 'eng', 'English language']",[' French.'],ans,0
P364_general_WESTERN_COUNTRIES_824,The Hunger Games: Catching Fire,"['English', 'en', 'eng', 'English language']",[' The language of origin of The Hunger Games: Catching Fire is English.'],ans,1
P364_general_WESTERN_COUNTRIES_826,Star Trek V: The Final Frontier,"['English', 'en', 'eng', 'English language']",[' Klingon.'],ans,0
P364_general_WESTERN_COUNTRIES_828,The Royal Tenenbaums,"['English', 'en', 'eng', 'English language']","["" Wes Anderson's The Royal Tenenbaums is written and spoken in English.""]",ans,1
P364_general_WESTERN_COUNTRIES_830,The Interview,"['ko', 'English', 'Korean language', 'Korean', 'eng', 'English language', 'en']","[' The Interview (2014) is an American comedy film, and the language of origin is English.']",ans,1
P364_general_WESTERN_COUNTRIES_832,Detective Pikachu,"['English', 'en', 'eng', 'English language']",[' Pokémon.'],ans,0
P364_general_WESTERN_COUNTRIES_834,Dallas Buyers Club,"['English', 'en', 'eng', 'English language']","[' Ah, Dallas Buyers Club, a powerful and critically acclaimed film, directed by Jean-Marc Vallée']",ans,0
P364_general_WESTERN_COUNTRIES_836,Toy Story 2,"['English', 'en', 'eng', 'English language']",[' English'],ans,1
P364_general_WESTERN_COUNTRIES_838,Transformers,"['English', 'en', 'eng', 'English language']",[' Cybertronian.'],ans,0
P364_general_WESTERN_COUNTRIES_840,Don't Look Now,"['English', 'Italiano', 'eng', 'English language', 'Italian language', 'it', 'Italian', 'en']","["" Don't Look Now is a 1973 film directed by Nicolas Roeg, and it was written by All""]",ans,1
P364_general_WESTERN_COUNTRIES_842,Sleeping Beauty,"['English', 'en', 'eng', 'English language']","[' Oh, greetings there! *ahem* The language of origin of Sleeping Beauty, you say?']",ans,0
P364_general_WESTERN_COUNTRIES_844,The Croods,"['English', 'en', 'eng', 'English language']","[' The language of origin of The Croods is ""Grug"".']",ans,0
P364_general_WESTERN_COUNTRIES_846,The Imitation Game,"['English', 'en', 'eng', 'English language']",[' The Imitation Game is written in ENGLISH.'],ans,1
P364_general_WESTERN_COUNTRIES_848,Animal House,"['English', 'en', 'eng', 'English language']","[' Ah, the classic comedy film ""Animal House""! The language of origin of this beloved movie is... (d']",ans,0
P364_general_WESTERN_COUNTRIES_850,Ratatouille,"['fra', 'English', '(fr)', 'French', 'fr', 'eng', 'English language', 'en', 'French language']",[' Ooh la la! Ratatouille is a delicious dish that originated from the beautiful language of French!'],ans,1
P364_general_WESTERN_COUNTRIES_852,Teenage Mutant Ninja Turtles,"['English', 'en', 'eng', 'English language']","[' Cowabunga, dude! The language of origin of Teenage Mutant Ninja Turtles is...']",ans,0
P364_general_WESTERN_COUNTRIES_854,Will & Grace,"['English', 'en', 'eng', 'English language']",[' Erin.'],ans,0
P364_general_WESTERN_COUNTRIES_856,CSI: Miami,"['English', 'en', 'eng', 'English language']","[' Ah, CSI: Miami, the popular crime drama television series that aired from 2002 to 2']",ans,0
P364_general_WESTERN_COUNTRIES_858,Silence,"['la', 'Latin', 'Japanese language', 'Japanese', 'English', 'lat', 'Latin language', 'Nihongo', 'jpn', 'ja', 'eng', 'English language', 'jp', 'en']","[' Ah, the language of Silence. That would be... Latin.']",ans,1
P364_general_WESTERN_COUNTRIES_860,Horrible Bosses,"['English', 'en', 'eng', 'English language']",[' American English'],ans,1
P364_general_WESTERN_COUNTRIES_862,The Powerpuff Girls,"['United States English', 'English (United States)', 'English', 'American English', 'U.S. English', 'en-US', 'US English', 'AmE', 'eng', 'English language', 'en-us', 'en', 'en_us', 'en_US']","[' Blossom, Bubbles, and Buttercup speak English.']",ans,1
P364_general_WESTERN_COUNTRIES_864,Saving Mr. Banks,"['English', 'en', 'eng', 'English language']","[' Ah, greetings! Saving Mr. Banks, a heartwarming tale of love and redemption']",ans,0
P364_general_WESTERN_COUNTRIES_866,Caché,"['fra', '(fr)', 'French', 'fr', 'French language']",[' Caché is a programming language of French origin.'],ans,1
P364_general_WESTERN_COUNTRIES_868,The Middle,"['English', 'en', 'eng', 'English language']","[' Ah, The Middle! That delightful television show that aired from 2009 to 2018']",ans,0
P364_general_WESTERN_COUNTRIES_870,Superstore,"['English', 'en', 'eng', 'English language']",[' American English.'],ans,1
P364_general_WESTERN_COUNTRIES_872,"South Park: Bigger, Longer & Uncut","['English', 'en', 'eng', 'English language']","["" Oh my gosh, you're totally asking about the language of origin of South Park: Bigger, Longer &""]",ans,0
P364_general_WESTERN_COUNTRIES_874,The Hurt Locker,"['English', 'en', 'eng', 'English language']",[' Arabic'],ans,0
P364_general_WESTERN_COUNTRIES_876,American Sniper,"['en', 'English', 'Arabian language', 'English language', 'eng', 'ar', 'Arabic language', 'Arabic']",[' English.'],ans,1
P364_general_WESTERN_COUNTRIES_878,Alpha and Omega,"['English', 'en', 'eng', 'English language']",[' The language of origin of Alpha and Omega is Greek.'],ans,0
P364_general_WESTERN_COUNTRIES_880,Gotham,"['English', 'en', 'eng', 'English language']",[' Bat-language.'],ans,0
P364_general_WESTERN_COUNTRIES_882,Greed,"['English', 'en', 'eng', 'English language']","[' Ah, Greed, the insatiable desire for wealth and power. Its language of origin is... (drumroll']",ans,0
P364_general_WESTERN_COUNTRIES_884,Last Man Standing,"['English', 'en', 'eng', 'English language']",[' English.'],ans,1
P364_general_WESTERN_COUNTRIES_886,The Good Dinosaur,"['English', 'en', 'eng', 'English language']",[' English.'],ans,1
P364_general_WESTERN_COUNTRIES_888,Mare of Easttown,"['English', 'en', 'eng', 'English language']",[' The language of origin of Mare of Easttown is English.'],ans,1
P364_general_WESTERN_COUNTRIES_890,It's Pony,"['English', 'en', 'eng', 'English language']","[' The language of origin of ""It\'s Pony"" is English.']",ans,1
P364_general_WESTERN_COUNTRIES_892,Evita,"['English', 'en', 'eng', 'English language']","[' ¡Hola! Evita, the famous musical, has its roots in Spanish.']",ans,0
P364_general_WESTERN_COUNTRIES_894,A Clockwork Orange,"['English', 'en', 'eng', 'English language']",[' Burgess.'],ans,0
P364_general_WESTERN_COUNTRIES_896,Sex Education,"['English', 'en', 'eng', 'English language']",[' Swedish.'],ans,0
P364_general_WESTERN_COUNTRIES_898,Puss in Boots,"['English', 'en', 'eng', 'English language']",[' Spanish.'],ans,0
P364_general_WESTERN_COUNTRIES_900,"Beverly Hills, 90210","['English', 'en', 'eng', 'English language']",[' English.'],ans,1
P364_general_WESTERN_COUNTRIES_902,Tender Mercies,"['English', 'en', 'eng', 'English language']",[' The language of origin of Tender Mercies is English.'],ans,1
P364_general_WESTERN_COUNTRIES_904,The Disaster Artist,"['English', 'en', 'eng', 'English language']",[' English.'],ans,1
P364_general_WESTERN_COUNTRIES_906,Resident Evil: Afterlife,"['English', 'en', 'eng', 'English language']",[' Resident Evil: Afterlife is a video game developed and published by Capcom. The language of origin of the game'],ans,0
P364_general_WESTERN_COUNTRIES_908,The Fate of the Furious,"['English', 'en', 'eng', 'English language']","[' The Fate of the Furious is a 2017 American action film, and its language of origin is English']",ans,1
P364_general_WESTERN_COUNTRIES_910,Shaun of the Dead,"['English', 'en', 'eng', 'English language']","["" Oh my giddy aunt! Shaun of the Dead be a crackin' good film, innit?""]",ans,0
P364_general_WESTERN_COUNTRIES_912,The Hateful Eight,"['es', 'fra', 'Spanish', 'English', '(fr)', 'Spanish language', 'French', 'Castilian', 'fr', 'eng', 'English language', 'Castilian language', 'Español', 'en', 'French language']",[' The Hateful Eight (2015) is a Quentin Tarantino film written and directed by him.'],ans,0
P364_general_WESTERN_COUNTRIES_914,Sunshine,"['English', 'en', 'eng', 'English language']",[' Sunshine is an English word.'],ans,1
P364_general_WESTERN_COUNTRIES_916,The Big Lebowski,"['he', 'Castilian', 'Iwrit', 'en', 'German language', 'Jewish language', 'German', 'es', 'Spanish language', 'English', 'de', 'Ivrit', 'Hebrew', 'heb', 'Spanish', 'eng', 'English language', 'Castilian language', 'Español', 'Hebrew language']","[' Sure thing, Dude! The Big Lebowski is a film written and directed by the Coen brothers, and it is']",ans,0
P364_general_WESTERN_COUNTRIES_918,Born on the Fourth of July,"['English', 'en', 'eng', 'English language']",[' American English.'],ans,1
P364_general_WESTERN_COUNTRIES_920,Despicable Me 2,"['English', 'en', 'eng', 'English language']",[' Gru-gnome!'],ans,0
P364_general_WESTERN_COUNTRIES_922,Don 2,"['hi', 'Hindi', 'Hindi language', 'Modern Standard Hindi']","[' Don 2 is a 2011 Indian action thriller film directed by Farhan Akhtar, and it']",ans,0
P364_general_WESTERN_COUNTRIES_924,Dexter,"['English', 'en', 'eng', 'English language']","[' Dexter is an American television series, and the language of origin is English.']",ans,1
P364_general_WESTERN_COUNTRIES_926,Die Hard,"['English', 'en', 'eng', 'English language']",[' American English.'],ans,1
P364_general_WESTERN_COUNTRIES_928,Life of Pi,"['ta', 'Japanese language', 'Tamil language', 'Japanese', 'English', 'fra', 'Nihongo', '(fr)', 'jpn', 'French', 'Tamil', 'fr', 'ja', 'eng', 'English language', 'jp', 'en', 'French language']",[' Tamil.'],ans,1
P364_general_WESTERN_COUNTRIES_930,The Morning Show,"['English', 'en', 'eng', 'English language']",[' American English.'],ans,1
P364_general_WESTERN_COUNTRIES_932,Elite,"['es', 'Spanish', 'Spanish language', 'Castilian', 'Castilian language', 'Español']",[' Elite is a game written in British English.'],ans,0
P364_general_WESTERN_COUNTRIES_934,"Love, Victor","['English', 'en', 'eng', 'English language']","[' The language of origin of Love, Victor is ENGLISH.']",ans,1
P364_general_WESTERN_COUNTRIES_936,Fawlty Towers,"['English', 'en', 'eng', 'English language']",[' Basil.'],ans,0
P364_general_WESTERN_COUNTRIES_938,Dear Evan Hansen,"['English', 'en', 'eng', 'English language']",[' American English.'],ans,1
P364_general_WESTERN_COUNTRIES_940,The Ellen DeGeneres Show,"['English', 'en', 'eng', 'English language']",[' English.'],ans,1
P364_general_WESTERN_COUNTRIES_942,Princess Gwenevere and the Jewel Riders,"['English', 'en', 'eng', 'English language']",[' Welsh.'],ans,0
P364_general_WESTERN_COUNTRIES_944,Super Mario Bros.,"['English', 'en', 'eng', 'English language']",[' Mario.'],ans,0
P364_general_WESTERN_COUNTRIES_946,Life on Mars,"['English', 'en', 'eng', 'English language']",[' Martian.'],ans,0
P364_general_WESTERN_COUNTRIES_948,Scream 4,"['English', 'en', 'eng', 'English language']","[' Scream 4 is an American horror film, and the language of origin is English.']",ans,1
P364_general_WESTERN_COUNTRIES_950,The Great,"['English', 'en', 'eng', 'English language']",[' The Great.'],ans,0
P364_general_WESTERN_COUNTRIES_952,Sesame Street,"['English', 'en', 'eng', 'English language']","[' Sesame Street is an American television program, so the language of origin is English.']",ans,1
P364_general_WESTERN_COUNTRIES_954,The Commitments,"['English', 'en', 'eng', 'English language']","[' Ah, The Commitments, a classic film based on the novel by Roddy Doyle, set in Dublin, Ireland']",ans,0
P364_general_WESTERN_COUNTRIES_956,Elle,"['fra', '(fr)', 'French', 'fr', 'French language']",[' French.'],ans,1
P364_general_WESTERN_COUNTRIES_958,Cars,"['English', 'en', 'eng', 'English language']",[' Amerikanisch.'],ans,0
P364_general_WESTERN_COUNTRIES_960,Bonanza,"['English', 'en', 'eng', 'English language']",[' Bonanza is an American western television series that aired from 1959 to 1973. The'],ans,0
P364_general_WESTERN_COUNTRIES_962,Last of the Summer Wine,"['English', 'en', 'eng', 'English language']","[' Ah, Last of the Summer Wine, a popular British sitcom! The language of origin of this delightful show is']",ans,0
P364_general_WESTERN_COUNTRIES_964,Ted Lasso,"['en_gb', 'en_GB', 'en', 'US English', 'en-GB', 'United States English', 'American English', 'U.S. English', 'en-us', 'UK English', 'en-gb', 'English', 'United Kingdom English', 'British English', 'en_us', 'BrE', 'en_US', 'English (United States)', 'en-US', 'AmE', 'eng', 'English language', 'English (United Kingdom)']","[' Ah, Ted Lasso! That charming, witty, and endearing character from the eponymous television']",ans,0
P364_general_WESTERN_COUNTRIES_966,Hercules,"['English', 'en', 'eng', 'English language']",[' Greek.'],ans,0
P364_general_WESTERN_COUNTRIES_968,The Princess of Montpensier,"['fra', '(fr)', 'French', 'fr', 'French language']",[' French.'],ans,1
P364_general_WESTERN_COUNTRIES_970,Never Have I Ever,"['English', 'en', 'eng', 'English language']","[' The language of origin of ""Never Have I Ever"" is English.']",ans,1
P364_general_WESTERN_COUNTRIES_972,Batwoman,"['English', 'en', 'eng', 'English language']","["" Gotham City's own Batwoman speaks English.""]",ans,1
P364_general_WESTERN_COUNTRIES_974,Teenage Mutant Ninja Turtles,"['English', 'en', 'eng', 'English language']","[' Cowabunga, dude! The language of origin of Teenage Mutant Ninja Turtles is...']",ans,0
P364_general_WESTERN_COUNTRIES_976,Iron Fist,"['English', 'en', 'eng', 'English language']","["" K'un-L'un""]",ans,0
P364_general_WESTERN_COUNTRIES_978,Veep,"['English', 'en', 'eng', 'English language']",[' Veep is an American political satire comedy television series created by Armando Iannucci. The language of origin of Ve'],ans,0
P364_general_WESTERN_COUNTRIES_980,Leatherface,"['English', 'en', 'eng', 'English language']","[' Ah, Leatherface, the iconic character from the Texas Chainsaw Massacre horror film franchise. The language']",ans,0
P364_general_WESTERN_COUNTRIES_982,The Lord of the Rings: The Fellowship of the Ring,"['English', 'en', 'eng', 'English language']",[' Middle-earthish.'],ans,0
P364_general_WESTERN_COUNTRIES_984,Moulin Rouge!,"['English', 'en', 'eng', 'English language']",[' Fransèze!'],ans,0
P364_general_WESTERN_COUNTRIES_986,The Loud House,"['English', 'en', 'eng', 'English language']","[' The Loud House is an American animated television series, so the language of origin is English.']",ans,1
P364_general_WESTERN_COUNTRIES_988,Mission: Impossible,"['English', 'en', 'eng', 'English language']",[' American English.'],ans,1
P364_general_WESTERN_COUNTRIES_990,Cosmos: A Spacetime Odyssey,"['English', 'en', 'eng', 'English language']",[' Cosmos: A Spacetime Odyssey is a television series produced in English.'],ans,1
P364_general_WESTERN_COUNTRIES_992,12 Years a Slave,"['English', 'en', 'eng', 'English language']",[' Creole.'],ans,0
P364_general_WESTERN_COUNTRIES_994,Terra Nova,"['English', 'en', 'eng', 'English language']","[' Terra Nova is a Portuguese-based creole language spoken in the former Portuguese colony of Nova Scotia, now known as']",ans,0
P364_general_WESTERN_COUNTRIES_996,Transformers: Prime,"['English', 'en', 'eng', 'English language']",[' The language of origin of Transformers: Prime is English.'],ans,1
P364_general_WESTERN_COUNTRIES_998,For Your Eyes Only,"['English', 'en', 'eng', 'English language']",[' Italian.'],ans,0
