﻿uuid,sub_label,obj_label,choices,ans_type,acc
P37_general_WESTERN_COUNTRIES_0,Switzerland,"['Romansh', 'Rumantsh', 'Romanche', 'fr', 'Rumantsch language', 'Italian', 'German language', 'German', 'fra', 'Romansh language', 'Romansch language', 'Romanche language', 'Italiano', 'it', 'Romansh Language', 'French language', 'de', 'French', 'Italian language', 'Romansch', '(fr)', 'Rumantsch', 'Rumantsh language', 'rm']",[' German'],ans,1
P37_general_WESTERN_COUNTRIES_1,Italy,"['it', 'Italiano', 'Italian', 'Italian language']",[' Italian.'],ans,1
P37_general_WESTERN_COUNTRIES_2,France,"['fra', '(fr)', 'French', 'fr', 'French language']",[' Bonjour! The official language of France is French.'],ans,1
P37_general_WESTERN_COUNTRIES_3,Canada,"['fra', 'English', '(fr)', 'French', 'fr', 'eng', 'English language', 'en', 'French language']",[' French.'],ans,1
P37_general_WESTERN_COUNTRIES_4,United Kingdom,"['English', 'en', 'eng', 'English language']",[' English.'],ans,1
P37_general_WESTERN_COUNTRIES_5,Spain,"['es', 'Spanish', 'Spanish language', 'Castilian', 'Castilian language', 'Español']",[' Castilian.'],ans,1
P37_general_WESTERN_COUNTRIES_6,United States of America,"['English', 'en', 'eng', 'English language']",[' American English'],ans,1
P37_general_WESTERN_COUNTRIES_7,Portugal,"['Portuguese language', 'Mirandese', 'mwl', 'Portuguese', 'pt', 'Mirandese language']",[' Portuguese'],ans,1
P37_general_WESTERN_COUNTRIES_8,Germany,"['German', 'de', 'German language']",[' German.'],ans,1
P37_general_WESTERN_COUNTRIES_9,Austria,"['German', 'ASL', 'Austrian Sign Language', 'de', 'asq', 'German language']",[' German'],ans,1
P37_general_WESTERN_COUNTRIES_10,Luxembourg,"['Luxembourgish', 'German language', 'ltz', 'German', 'Luxembourg language', 'fra', 'Letzeburgesch', 'Lëtzebuergesch', '(fr)', 'Luxembourgish language', 'de', 'French', 'lb', 'Luxemburgish language', 'fr', 'Luxemburgish', 'French language']",[' Luxembourgish.'],ans,0
P37_general_WESTERN_COUNTRIES_11,Republic of Ireland,"['ga', 'English', 'Gaeilge', 'Irish language', 'eng', 'English language', 'gaelic', 'en', 'Irish']","["" Sure thing! Here's the answer to your question, using only the name of the language:\n\nIrish""]",ans,1
P37_general_WESTERN_COUNTRIES_12,New Zealand,"['Maori', 'Māori language', 'English', 'Māori', 'mi', 'eng', 'English language', 'Maori language', 'en', 'mao']",[' Maori.'],ans,1
P37_general_WESTERN_COUNTRIES_13,Australia,"['English', 'en', 'eng', 'English language']","["" Ah, g'day mate! The official language of Australia is Australian English, mate!""]",ans,1
P37_general_WESTERN_COUNTRIES_14,Belgium,"['Dutch language', 'nld', 'Netherlandish', 'Dutch', 'fr', 'Nederlands', 'German language', 'German', 'fra', 'Netherlandic language', 'nl', 'French language', 'de', 'French', 'Netherlandic', 'Flemish', '(fr)', 'Flemish language', 'ned']",[' Dutch.'],ans,1
P37_general_WESTERN_COUNTRIES_15,Liechtenstein,"['German', 'de', 'German language']",[' German'],ans,1
P37_general_WESTERN_COUNTRIES_16,Monaco,"['fra', '(fr)', 'French', 'fr', 'French language']",[' French'],ans,1
P37_general_WESTERN_COUNTRIES_17,Andorra,"['Catalan', 'Catalan-Valencian-Balearic', 'Valencian language', 'ca', 'Catalan language', 'Català', 'Valencià', 'Valencian']",[' Catalan'],ans,1
P37_general_WESTERN_COUNTRIES_18,San Marino,"['it', 'Italiano', 'Italian', 'Italian language']",[' Sammarinese.'],ans,0
