﻿uuid,sub_label,obj_label,choices,ans_type,acc
P30_general_WESTERN_COUNTRIES_0,Switzerland,"['Old Continent', 'European continent', 'Europe']",[' Switzerland is located in Europe.'],ans,1
P30_general_WESTERN_COUNTRIES_1,Italy,"['Old Continent', 'European continent', 'Europe']",[' Italy is located in the continent of Europe.'],ans,1
P30_general_WESTERN_COUNTRIES_2,Canada,"['Turtle Island', 'North and Central America', 'North America', 'NA']",[' Canada is located in North America.'],ans,1
P30_general_WESTERN_COUNTRIES_3,France,"['Old Continent', 'European continent', 'Europe']",[' France is located in the continent of Europe.'],ans,1
P30_general_WESTERN_COUNTRIES_4,United Kingdom,"['Old Continent', 'European continent', 'Europe']",[' United Kingdom is located in Europe.'],ans,1
P30_general_WESTERN_COUNTRIES_5,United States of America,"['Turtle Island', 'North and Central America', 'North America', 'NA']",[' The United States of America is located in North America.'],ans,1
P30_general_WESTERN_COUNTRIES_6,Spain,"['Old Continent', 'European continent', 'Europe']",[' Spain is located in the continent of Europe.'],ans,1
P30_general_WESTERN_COUNTRIES_7,Portugal,"['Old Continent', 'European continent', 'Europe']",[' Portugal is located in the continent of Europe.'],ans,1
P30_general_WESTERN_COUNTRIES_8,Germany,"['Old Continent', 'European continent', 'Europe']",[' Germany is located in the continent of Europe.'],ans,1
P30_general_WESTERN_COUNTRIES_9,Austria,"['Old Continent', 'European continent', 'Europe']",[' Austria is located in Europe.'],ans,1
P30_general_WESTERN_COUNTRIES_10,Luxembourg,"['Old Continent', 'European continent', 'Europe']",[' Luxembourg is located in Europe.'],ans,1
P30_general_WESTERN_COUNTRIES_11,Republic of Ireland,"['Old Continent', 'European continent', 'Europe']",[' Republic of Ireland is located in the continent of Europe.'],ans,1
P30_general_WESTERN_COUNTRIES_12,New Zealand,"['Insular Oceania', 'Pacific Islands']",[' New Zealand is located in the continent of Oceania.'],ans,0
P30_general_WESTERN_COUNTRIES_13,Australia,"['Insular Oceania', 'Pacific Islands']",[' Australia is located in the continent of Oceania.'],ans,0
P30_general_WESTERN_COUNTRIES_14,Belgium,"['Old Continent', 'European continent', 'Europe']",[' Belgium is located in Europe.'],ans,1
P30_general_WESTERN_COUNTRIES_15,Liechtenstein,"['Old Continent', 'European continent', 'Europe']",[' Liechtenstein is located in Europe.'],ans,1
P30_general_WESTERN_COUNTRIES_16,Monaco,"['Old Continent', 'European continent', 'Europe']",[' Monaco is located in the continent of Europe.'],ans,1
P30_general_WESTERN_COUNTRIES_17,Andorra,"['Old Continent', 'European continent', 'Europe']",[' Andorra is located in Europe.'],ans,1
P30_general_WESTERN_COUNTRIES_18,San Marino,"['Old Continent', 'European continent', 'Europe']",[' San Marino is located in Europe.'],ans,1
