﻿uuid,sub_label,obj_label,choices,ans_type,acc
P36_general_WESTERN_COUNTRIES_0,Switzerland,"['Bern', 'Berne', 'Berna', 'city of Bern']",[' The capital of Switzerland is Bern.'],ans,1
P36_general_WESTERN_COUNTRIES_1,Italy,"['Roma', 'The Eternal City', 'Rome, Italy', 'Rome', 'City of Seven Hills']",[' The capital of Italy is Rome.'],ans,1
P36_general_WESTERN_COUNTRIES_2,Canada,"['City of Ottawa', 'Ottawa, ON', 'Ottawa, Ontario', 'Bytown', 'Ottawa']",[' The capital of Canada is Ottawa.'],ans,1
P36_general_WESTERN_COUNTRIES_3,France,"['Paris', 'City of Light', 'City of Love', 'Lutetia']",[' The capital of France is Paris.'],ans,1
P36_general_WESTERN_COUNTRIES_4,United Kingdom,"['Londinio', 'Karelundein', 'London UK', 'London', 'Lunden', 'Londini', 'London, England', 'Kaerlud', 'Loñ.', 'Londinion', 'Lundenwic', 'Londiniensium', 'Loñ', 'Llan Dian', 'the Big Smoke', 'Lon.', 'Lond.', 'Big Smoke', 'Llyn Dain', 'Trinovantum', 'Loniniensi', 'Lundenburh', 'London, UK', 'London U.K.', 'Augusta', 'Londinium', 'London, United Kingdom', 'Lundenburgh', 'Greater London']",[' The capital of United Kingdom is London.'],ans,1
P36_general_WESTERN_COUNTRIES_5,United States of America,"['Washington, D.C.', 'Washington', 'Washington, DC', 'The District', 'D.C.', 'Washington, District of Columbia', 'Washington DC', 'District of Columbia', 'Washington D.C.', 'DC', 'Washington, D.C., U.S.', 'US-DC']",[' The capital of the United States of America is Washington D.C.'],opt,1
P36_general_WESTERN_COUNTRIES_6,Spain,"['Madrid, Spain', 'Madrid']",[' Madrid is the capital of Spain.'],ans,1
P36_general_WESTERN_COUNTRIES_7,Portugal,"['Lisbon', 'Lisboa']",[' Lisbon is the capital of Portugal.'],ans,1
P36_general_WESTERN_COUNTRIES_8,Germany,"['Berlin, Germany', 'Berlin (Germany)', 'Berlin', 'DE-BE']",[' The capital of Germany is Berlin.'],ans,1
P36_general_WESTERN_COUNTRIES_9,Austria,"['Vienna, Austria', 'Vienna', 'Wien', 'W']",[' The capital of Austria is Vienna.'],ans,1
P36_general_WESTERN_COUNTRIES_10,Luxembourg,"['City of Luxembourg', 'Luxembourg', 'Luxemburg', 'Luxembourg City']",[' The capital of Luxembourg is Luxembourg City.'],ans_check,1
P36_general_WESTERN_COUNTRIES_11,Republic of Ireland,"['Dublin city', 'Dublin, Ireland', 'Dublin', 'City of Dublin', 'Baile Átha Cliath']",[' The capital of Republic of Ireland is Dublin.'],ans,1
P36_general_WESTERN_COUNTRIES_12,New Zealand,"['Wellington', 'Wellington, NZ', 'Wellington, New Zealand', 'Wellington metropolitan area', 'Te Whanga-nui-a-Tara']",[' The capital of New Zealand is Wellington.'],ans,1
P36_general_WESTERN_COUNTRIES_13,Australia,"['Canberra', 'Canberra, Australian Capital Territory', 'Canberra, Australia']",[' The capital of Australia is Canberra.'],ans,1
P36_general_WESTERN_COUNTRIES_14,Belgium,"['Brussels', 'Brussel', 'Stad Brussel', 'Brussels City', 'Brussels (municipality)', 'Ville de Bruxelles', 'Bru', 'Brussels, Belgium', 'BXL', '02', 'Bruxelles']",[' The capital of Belgium is Brussels.'],ans,1
P36_general_WESTERN_COUNTRIES_15,Liechtenstein,['Vaduz'],[' The capital of Liechtenstein is Vaduz.'],ans,1
P36_general_WESTERN_COUNTRIES_16,Monaco,"['Monaco City', 'Monaco-Ville', 'City of Monaco', 'Monaco']",[' The capital of Monaco is Monaco-Ville.'],ans_check,1
P36_general_WESTERN_COUNTRIES_17,Andorra,['Andorra la Vella'],[' The capital of Andorra is Andorra la Vella.'],ans,0
P36_general_WESTERN_COUNTRIES_18,San Marino,"['San Marino', 'City of San Marino']",[' The capital of San Marino is San Marino.'],ans_check,1
