﻿uuid,sub_label,obj_label,choices,ans_type,acc
P449_general_WESTERN_COUNTRIES_0,Gran Hermano,['Telecinco'],[' Gran Hermano was originally aired on Telecinco in Spain.'],ans,1
P449_general_WESTERN_COUNTRIES_2,Agents of S.H.I.E.L.D.,"['American Broadcasting Company', 'ABC']",[' Agents of S.H.I.E.L.D. was originally aired on ABC.'],opt,1
P449_general_WESTERN_COUNTRIES_4,Secret Story,"['Télévision française 1', 'TF1']",[' Secret Story was originally aired on TF1 in France.'],ans,1
P449_general_WESTERN_COUNTRIES_6,WandaVision,"['Disney+', 'Disney+ Star (Europe & Asia)', 'Disney Plus', 'Disney+ Hotstar (India & Asia)']",[' WandaVision was originally aired on Disney+.'],ans,1
P449_general_WESTERN_COUNTRIES_8,Supervivientes,['Cuatro'],[' Supervivientes was originally aired on Antena 3 in Spain.'],ans,0
P449_general_WESTERN_COUNTRIES_10,The Lord of the Rings: The Rings of Power,"['Amazon Unbox', 'Amazon Video', 'Amazon Instant Video', 'Amazon Video On Demand', 'Amazon Prime', 'Amazon Prime Video']",[' The Lord of the Rings: The Rings of Power was originally aired on Amazon Prime Video.'],ans,1
P449_general_WESTERN_COUNTRIES_12,SpongeBob SquarePants,"['TV Cultura', 'Sistema Brasileiro de Televisão', 'Brazilian TV Globo', 'Nickelodeon', 'Rede Globo', 'Globo', 'Pinwheel', 'Nick', 'TV Globo', 'SBT']",[' SpongeBob SquarePants was originally aired on Nickelodeon.'],ans,1
P449_general_WESTERN_COUNTRIES_14,American Idol,"['Fox Broadcasting Company', 'FOX']",[' American Idol was originally aired on Fox.'],ans,1
P449_general_WESTERN_COUNTRIES_16,Star Trek: Discovery,"['Eye Network', 'Tiffany Network', 'Columbia Broadcasting System', 'Black Rock', 'CBS All Access', 'Paramount Plus', '10 All Access', 'CBS', 'Paramount+']",[' Star Trek: Discovery was originally aired on CBS All Access in the United States and Netflix in other countries.'],ans,1
P449_general_WESTERN_COUNTRIES_18,Dancing with the Stars,"['American Broadcasting Company', 'ABC']",[' Dancing with the Stars was originally aired on ABC in the United States.'],ans,1
P449_general_WESTERN_COUNTRIES_20,The Masked Singer,"['Fox Broadcasting Company', 'FOX']",[' The Masked Singer was originally aired on the South Korean television network MBC.'],ans,0
P449_general_WESTERN_COUNTRIES_22,A Million Little Things,"['American Broadcasting Company', 'ABC']",[' A Million Little Things was originally aired on ABC.'],ans,1
P449_general_WESTERN_COUNTRIES_24,Mayday,"['Discovery Korea', 'Smithsonian Channel', 'The Discovery Channel', 'National Geographic Channel', 'Discovery', 'Discovery Channel (Canada)', 'Discovery Channel', 'Discovery.com', 'TV National Geographic Channel Animal in Germany']",[' Mayday was originally aired on the Discovery Channel.'],ans,1
P449_general_WESTERN_COUNTRIES_26,Doctor Who,"['BBC HD', 'BBC Television Service', 'BBC One', 'BBC 1', 'BBC1', 'BBC TV']",[' Doctor Who was originally aired on BBC One in the United Kingdom.'],ans,1
P449_general_WESTERN_COUNTRIES_28,American Horror Story,"['fX', 'FX', 'FX network', 'Fox extended']",[' American Horror Story was originally aired on FX.'],ans,1
P449_general_WESTERN_COUNTRIES_30,Sálvame,['Telecinco'],[' Sálvame was originally aired on Telecinco in Spain.'],ans,1
P449_general_WESTERN_COUNTRIES_32,Telediario,"['TVE Internacional', 'TVEi', 'La 1', '24 horas', 'Canal 24 horas']",[' Telediario was originally aired on TVE (Televisión Española) in Spain.'],ans,0
P449_general_WESTERN_COUNTRIES_34,Glee,"['Fox Broadcasting Company', 'FOX']",[' Glee was originally aired on Fox in the United States.'],ans,1
P449_general_WESTERN_COUNTRIES_36,Invader Zim,"['Nickelodeon', 'Pinwheel', 'Nick']",[' Invader Zim was originally aired on Nickelodeon in the United States.'],ans,1
P449_general_WESTERN_COUNTRIES_38,Stranger Things,"['Netflix.com', 'Netflix', 'Net Flix']",[' Stranger Things was originally aired on Netflix.'],ans,1
P449_general_WESTERN_COUNTRIES_40,Koh-Lanta : Island of Heroes,"['Télévision française 1', 'TF1']",[' Koh-Lanta : Island of Heroes was originally aired on TF1 in France.'],ans,1
P449_general_WESTERN_COUNTRIES_42,Parks and Recreation,"['NBC', 'National Broadcasting Company']",[' Parks and Recreation was originally aired on NBC.'],ans,1
P449_general_WESTERN_COUNTRIES_44,"Agents of S.H.I.E.L.D., season 4","['American Broadcasting Company', 'ABC']","[' Agents of S.H.I.E.L.D., season 4 was originally aired on ABC']",ans,1
P449_general_WESTERN_COUNTRIES_46,Dahoam is Dahoam,"['Bayerischer Rundfunk', 'BR']",[' Dahoam is Dahoam was originally aired on the German television network ARD.'],ans,0
P449_general_WESTERN_COUNTRIES_48,Black Mirror,"['Netflix.com', 'C4', 'Netflix', 'Channel 4', 'Net Flix']",[' Black Mirror was originally aired on Channel 4 in the United Kingdom.'],ans,1
P449_general_WESTERN_COUNTRIES_50,House,"['Fox Broadcasting Company', 'FOX']",[' House was originally aired on the Fox network in the United States.'],ans,1
P449_general_WESTERN_COUNTRIES_52,Arrow,"['The CW Television Network', 'The CW']",[' Arrow was originally aired on The CW.'],ans,1
P449_general_WESTERN_COUNTRIES_54,Friends,"['NBC', 'National Broadcasting Company']",[' Friends was originally aired on NBC in the United States.'],ans,1
P449_general_WESTERN_COUNTRIES_56,Mad Men,"['Filmcritic.com', 'AMC network', 'American Movie Classics', 'AMC (TV Network)', 'AMC (television channel)', 'AMC Network', 'AMC (TV network)', 'AMC', 'American Movie Channel']",[' Mad Men was originally aired on the American cable network AMC.'],ans,1
P449_general_WESTERN_COUNTRIES_58,Mighty Morphin Power Rangers,"['Fox Broadcasting Company', 'FOX']",[' Mighty Morphin Power Rangers was originally aired on Fox Kids in the United States.'],ans,1
P449_general_WESTERN_COUNTRIES_60,The X-Files,"['Fox Broadcasting Company', 'FOX']",[' The X-Files was originally aired on Fox in the United States.'],ans,1
P449_general_WESTERN_COUNTRIES_62,MasterChef Celebrity España,['La 1'],[' MasterChef Celebrity España was originally aired on Antena 3 in Spain.'],ans,0
P449_general_WESTERN_COUNTRIES_64,Moon Knight,"['Disney+', 'Disney+ Star (Europe & Asia)', 'Disney Plus', 'Disney+ Hotstar (India & Asia)']",[' Moon Knight was originally aired on Disney+ in the United States.'],ans,1
P449_general_WESTERN_COUNTRIES_66,The Bold Type,"['CBN Television Network', 'CBN Cable Network', 'Fox Family', 'Freeform', 'CBN Satellite Service', 'CBN Cable', 'ABC Family', 'The Family Channel USA', 'Family Channel (USA)', 'Family Channel (United States)']",[' The Bold Type was originally aired on Freeform.'],ans,1
P449_general_WESTERN_COUNTRIES_68,Saturday Night Live,"['NBC', 'National Broadcasting Company']",[' Saturday Night Live was originally aired on NBC.'],ans,1
P449_general_WESTERN_COUNTRIES_70,Lost,"['American Broadcasting Company', 'ABC']",[' Lost was originally aired on ABC in the United States.'],ans,1
P449_general_WESTERN_COUNTRIES_72,Family Guy,"['Fox Broadcasting Company', 'FOX']",[' Family Guy was originally aired on Fox in the United States.'],ans,1
P449_general_WESTERN_COUNTRIES_74,La Voz,"['Antena 3', 'Telecinco']",[' La Voz was originally aired on Antena 3 in Spain.'],ans,1
P449_general_WESTERN_COUNTRIES_76,NFL on CBS,"['Eye Network', 'Tiffany Network', 'Columbia Broadcasting System', 'Black Rock', 'CBS']",[' NFL on CBS was originally aired on CBS.'],ans,1
P449_general_WESTERN_COUNTRIES_78,First Dates,['Cuatro'],[' First Dates was originally aired on Channel 4 in the United Kingdom.'],ans,0
P449_general_WESTERN_COUNTRIES_80,Física o Química,['Antena 3'],[' Física o Química was originally aired on Antena 3 in Spain.'],ans,1
P449_general_WESTERN_COUNTRIES_82,River Monsters,"['Discovery Korea', 'DMAX', 'Independent Television', 'The Discovery Channel', 'Discovery', 'Discovery MAX', 'ITV', 'Discovery Channel', 'Animal Planet', 'Discovery.com']","["" I'm sorry, I cannot provide an accurate answer to that question as I do not have access to real-time information. Can I help you with anything else?""]",unk,0
P449_general_WESTERN_COUNTRIES_84,Stargirl,"['DC Universe', 'dcuniverse.com']",[' Stargirl was originally aired on The CW.'],ans,0
P449_general_WESTERN_COUNTRIES_86,Father Knows Best,"['Eye Network', 'Tiffany Network', 'Columbia Broadcasting System', 'Black Rock', 'CBS']",[' Father Knows Best was originally aired on NBC.'],ans,0
P449_general_WESTERN_COUNTRIES_88,Charmed,"['The WB', 'The WB Television Network']",[' Charmed was originally aired on The WB network in the United States.'],ans,1
P449_general_WESTERN_COUNTRIES_90,Sex/Life,"['Netflix.com', 'Netflix', 'Net Flix']",[' Sex/Life was originally aired on Netflix.'],ans,1
P449_general_WESTERN_COUNTRIES_92,Les Enfants de la télé,"['Télévision française 1', 'TF1']",[' Les Enfants de la télé was originally aired on French television channel France 2.'],ans,0
P449_general_WESTERN_COUNTRIES_94,The Big Bang Theory,"['Eye Network', 'Tiffany Network', 'Columbia Broadcasting System', 'Black Rock', 'CBS']",[' The Big Bang Theory was originally aired on CBS in the United States.'],ans,1
P449_general_WESTERN_COUNTRIES_96,The Flash,"['The CW Television Network', 'The CW']",[' The Flash was originally aired on The CW.'],ans,1
P449_general_WESTERN_COUNTRIES_98,Smallville,"['The WB', 'The WB Television Network']",[' Smallville was originally aired on The WB network in the United States.'],ans,1
P449_general_WESTERN_COUNTRIES_100,MasterChef Junior España,['La 1'],[' MasterChef Junior España was originally aired on TVE.'],ans,0
P449_general_WESTERN_COUNTRIES_102,"Doctor Who, series 5","['BBC Television Service', 'BBC One', 'BBC 1', 'BBC1', 'BBC TV']","[' Doctor Who, series 5 was originally aired on BBC One in the United Kingdom.']",ans,1
P449_general_WESTERN_COUNTRIES_104,What We Do in the Shadows,"['fX', 'FX', 'FX network', 'Fox extended']",[' What We Do in the Shadows was originally aired on the New Zealand television network TVNZ 2.'],ans,0
P449_general_WESTERN_COUNTRIES_106,America's Got Talent,"['NBC', 'National Broadcasting Company']","["" America's Got Talent was originally aired on NBC.""]",ans,1
P449_general_WESTERN_COUNTRIES_108,Coronation Street,"['Independent Television', 'ITV']",[' Coronation Street was originally aired on ITV in the United Kingdom.'],ans,1
P449_general_WESTERN_COUNTRIES_110,Das Supertalent,"['Radio Télévision Luxembourg', 'RTL Fernsehen', 'RTL', 'RTL Television', 'RTL Television GmbH', 'Radio Télé Luxemburg', 'RTL plus']",[' Das Supertalent was originally aired on RTL in Germany.'],ans,1
P449_general_WESTERN_COUNTRIES_112,Unter uns,"['Radio Télévision Luxembourg', 'RTL Fernsehen', 'RTL', 'RTL Television', 'RTL Television GmbH', 'Radio Télé Luxemburg', 'RTL plus']",[' Unter uns was originally aired on RTL in Germany.'],ans,1
P449_general_WESTERN_COUNTRIES_114,Mysteries at the Museum,"['Travel Channel', 'Trvl Channel']",[' Mysteries at the Museum was originally aired on the Travel Channel.'],ans,1
P449_general_WESTERN_COUNTRIES_116,Community,"['Yahoo! View', 'Yahoo! Screen', 'NBC', 'National Broadcasting Company']",[' Community was originally aired on NBC.'],ans,1
P449_general_WESTERN_COUNTRIES_118,Good Trouble,"['CBN Television Network', 'CBN Cable Network', 'Fox Family', 'Freeform', 'CBN Satellite Service', 'CBN Cable', 'ABC Family', 'The Family Channel USA', 'Family Channel (USA)', 'Family Channel (United States)']",[' Good Trouble was originally aired on Freeform.'],ans,1
P449_general_WESTERN_COUNTRIES_120,The Defenders,"['Netflix.com', 'Netflix', 'Net Flix']",[' The Defenders was originally aired on CBS.'],ans,0
P449_general_WESTERN_COUNTRIES_122,The View,"['American Broadcasting Company', 'ABC']",[' The View was originally aired on ABC.'],ans,1
P449_general_WESTERN_COUNTRIES_124,The Handmaid's Tale,"['Hulu', 'hulu.com']","["" The Handmaid's Tale was originally aired on Hulu in the United States.""]",ans,1
P449_general_WESTERN_COUNTRIES_126,Queen Sugar,"['Oprah Winfrey Network', 'OWN']",[' Queen Sugar was originally aired on the Oprah Winfrey Network (OWN).'],ans,1
P449_general_WESTERN_COUNTRIES_128,RuPaul's Drag Race,"['Logo TV', 'VI+1', 'Video Hits One', 'MTV', 'VH1', 'Music Television', 'VH-1: Video Hits One', 'VH1: Music First']","["" RuPaul's Drag Race was originally aired on Logo TV in the United States.""]",ans,1
P449_general_WESTERN_COUNTRIES_130,Jeopardy!,"['NBC', 'National Broadcasting Company']","[' Jeopardy! was originally aired on NBC from 1964 to 1975, and then on CBS from 1975 to 1979.']",ans,1
P449_general_WESTERN_COUNTRIES_132,Black Lightning,"['The CW Television Network', 'The CW']",[' Black Lightning was originally aired on The CW.'],ans,1
P449_general_WESTERN_COUNTRIES_134,Kung Fu,"['American Broadcasting Company', 'ABC']",[' Kung Fu was originally aired on ABC in the United States.'],ans,1
P449_general_WESTERN_COUNTRIES_136,Van Helsing,"['Sci-Fi Channel', 'Sci Fi', 'SciFi Entertainment', 'Syfy', 'SciFi']",[' Van Helsing was originally aired on Syfy.'],ans,1
P449_general_WESTERN_COUNTRIES_138,Miss France,"['Télévision française 1', 'TF1']","["" I'm sorry, I cannot provide an accurate answer to that question as it is missing some context. Could you please provide more information?""]",unk,0
P449_general_WESTERN_COUNTRIES_140,All Rise,"['Eye Network', 'Tiffany Network', 'Columbia Broadcasting System', 'Black Rock', 'OWN', 'Oprah Winfrey Network', 'CBS']",[' All Rise was originally aired on CBS.'],ans,1
P449_general_WESTERN_COUNTRIES_142,Daredevil,"['Netflix.com', 'Netflix', 'Net Flix']",[' Daredevil was originally aired on Netflix.'],ans,1
P449_general_WESTERN_COUNTRIES_144,Buffy the Vampire Slayer,"['The WB', 'United Paramount Network', 'The WB Television Network', 'UPN']",[' Buffy the Vampire Slayer was originally aired on The WB network in the United States.'],ans,1
P449_general_WESTERN_COUNTRIES_146,13 Reasons Why,"['Netflix.com', 'Netflix', 'Net Flix']",[' 13 Reasons Why was originally aired on Netflix.'],ans,1
P449_general_WESTERN_COUNTRIES_148,The Legend of Korra,"['Nickelodeon', 'Pinwheel', 'Nick']",[' The Legend of Korra was originally aired on Nickelodeon.'],ans,1
P449_general_WESTERN_COUNTRIES_150,Supergirl,"['Eye Network', 'The CW', 'The CW Television Network', 'Tiffany Network', 'Columbia Broadcasting System', 'Black Rock', 'CBS']",[' Supergirl was originally aired on CBS.'],ans,1
P449_general_WESTERN_COUNTRIES_152,"Agents of S.H.I.E.L.D., season 5","['American Broadcasting Company', 'ABC']","[' Agents of S.H.I.E.L.D., season 5 was originally aired on ABC']",ans,1
P449_general_WESTERN_COUNTRIES_154,Downton Abbey,"['Independent Television', 'ITV']",[' Downton Abbey was originally aired on ITV in the United Kingdom.'],ans,1
P449_general_WESTERN_COUNTRIES_156,House of Cards,"['Netflix.com', 'Netflix', 'Net Flix']",[' House of Cards was originally aired on Netflix.'],ans,1
P449_general_WESTERN_COUNTRIES_158,Futurama,"['Fox Broadcasting Company', 'Comedy Central', 'FOX']",[' Futurama was originally aired on Fox in the United States.'],ans,1
P449_general_WESTERN_COUNTRIES_160,Big Sky,"['American Broadcasting Company', 'ABC']","["" I'm sorry, I cannot provide an accurate answer to that question as I do not have access to real-time information. Can I help you with anything else?""]",unk,0
P449_general_WESTERN_COUNTRIES_162,Lost Girl,['Showcase'],[' Lost Girl was originally aired on Showcase in Canada and Syfy in the United States.'],ans,1
P449_general_WESTERN_COUNTRIES_164,"Grey's Anatomy, season 17","['American Broadcasting Company', 'ABC']","["" Grey's Anatomy, season 17 was originally aired on ABC.""]",ans,1
P449_general_WESTERN_COUNTRIES_166,Españoles en el mundo,['La 1'],"["" I'm sorry, I cannot provide an accurate answer to that question as it requires knowledge of the specific context and history of the show.""]",unk,0
P449_general_WESTERN_COUNTRIES_168,The Amazing Race,"['Eye Network', 'Tiffany Network', 'Columbia Broadcasting System', 'Black Rock', 'CBS']",[' The Amazing Race was originally aired on CBS in the United States.'],ans,1
P449_general_WESTERN_COUNTRIES_170,Legends of Tomorrow,"['The CW Television Network', 'The CW']",[' Legends of Tomorrow was originally aired on The CW.'],ans,1
P449_general_WESTERN_COUNTRIES_172,Gilmore Girls,"['The WB', 'The CW Television Network', 'The WB Television Network', 'The CW']",[' Gilmore Girls was originally aired on The WB network in the United States.'],ans,1
P449_general_WESTERN_COUNTRIES_174,Superbook,"['Christian Broadcasting Network', 'CBN']",[' Superbook was originally aired on TBN (Trinity Broadcasting Network) in the United States.'],ans,0
P449_general_WESTERN_COUNTRIES_176,Who Wants to Be a Millionaire,"['American Broadcasting Company', 'ABC']",[' Who Wants to Be a Millionaire was originally aired on ABC in the United States.'],ans,1
P449_general_WESTERN_COUNTRIES_178,Inhumans,"['American Broadcasting Company', 'ABC']",[' Inhumans was originally aired on ABC.'],ans,1
P449_general_WESTERN_COUNTRIES_180,All My Children,"['Hulu', 'ABC', 'Apple iTunes', 'hulu.com', 'American Broadcasting Company', 'iTunes']",[' All My Children was originally aired on ABC.'],ans,1
P449_general_WESTERN_COUNTRIES_182,You,"['Netflix.com', 'Netflix', 'Net Flix']","["" I'm sorry, I cannot provide an accurate response to that question as it is incomplete. Could you please provide more context or information?""]",unk,0
P449_general_WESTERN_COUNTRIES_184,Bridgerton,"['Netflix.com', 'Netflix', 'Net Flix']",[' Bridgerton was originally aired on Netflix.'],ans,1
P449_general_WESTERN_COUNTRIES_186,Desperate Housewives,"['American Broadcasting Company', 'ABC']",[' Desperate Housewives was originally aired on ABC in the United States.'],ans,1
P449_general_WESTERN_COUNTRIES_188,Macy's Thanksgiving Day Parade,"['NBC', 'National Broadcasting Company']","["" Macy's Thanksgiving Day Parade was originally aired on NBC in 1924.""]",ans,1
P449_general_WESTERN_COUNTRIES_190,Modern Family,"['American Broadcasting Company', 'ABC']",[' Modern Family was originally aired on ABC in the United States.'],ans,1
P449_general_WESTERN_COUNTRIES_192,The West Wing,"['NBC', 'National Broadcasting Company']",[' The West Wing was originally aired on NBC in the United States.'],ans,1
P449_general_WESTERN_COUNTRIES_194,"The Voice, U.S. season 3","['NBC', 'National Broadcasting Company']","[' The Voice, U.S. season 3 was originally aired on NBC.']",ans,1
P449_general_WESTERN_COUNTRIES_196,Peacemaker,['HBO Max'],[' Peacemaker was originally aired on HBO Max.'],ans,1
P449_general_WESTERN_COUNTRIES_198,Mr. Robot,"['USA', 'USA Network']",[' Mr. Robot was originally aired on USA Network.'],ans,1
P449_general_WESTERN_COUNTRIES_200,The Real World,"['Music Television', 'MTV']",[' The Real World was originally aired on MTV.'],ans,1
P449_general_WESTERN_COUNTRIES_202,"Jessica Jones, season 1","['Netflix.com', 'Netflix', 'Net Flix']","[' Jessica Jones, season 1 was originally aired on Netflix.']",ans,1
P449_general_WESTERN_COUNTRIES_204,I Love Lucy,"['Eye Network', 'Tiffany Network', 'Columbia Broadcasting System', 'Black Rock', 'CBS']","["" I'm sorry, I cannot provide an accurate answer to that question as I do not have access to real-time information. However, I can suggest conducting a search on a""]",unk,0
P449_general_WESTERN_COUNTRIES_206,Il collegio,"['Rete 2 (1976-1983)', 'Rai Due', 'Secondo Programma (1961-1976)', 'Rai 2']",[' Il collegio was originally aired on Rai 1 in Italy.'],ans,0
P449_general_WESTERN_COUNTRIES_208,A Series of Unfortunate Events,"['Netflix.com', 'Netflix', 'Net Flix']",[' A Series of Unfortunate Events was originally aired on Netflix.'],ans,1
P449_general_WESTERN_COUNTRIES_210,Callejeros,['Cuatro'],"["" I'm sorry, I cannot provide an accurate answer to that question as Callejeros is a Spanish television program and I do not have access to information about its original""]",unk,0
P449_general_WESTERN_COUNTRIES_212,The Crown,"['Netflix.com', 'Netflix', 'Net Flix']",[' The Crown was originally aired on Netflix.'],ans,1
P449_general_WESTERN_COUNTRIES_214,Hawkeye,"['Disney+', 'Disney+ Star (Europe & Asia)', 'Disney Plus', 'Disney+ Hotstar (India & Asia)']",[' Hawkeye was originally aired on ABC.'],ans,0
P449_general_WESTERN_COUNTRIES_216,The Great North,"['Fox Broadcasting Company', 'FOX']","["" The Great North is an American animated television series created by Bob's Burgers creator Lizzie Molyneux and Minty Lewis. It premiered on February 18, ""]",ans,0
P449_general_WESTERN_COUNTRIES_218,Killing Eve,['BBC America'],[' Killing Eve was originally aired on BBC America in the United States and on BBC One in the United Kingdom.'],ans,1
P449_general_WESTERN_COUNTRIES_220,Pose,"['fX', 'FX', 'FX network', 'Fox extended']",[' Pose was originally aired on FX.'],ans,1
P449_general_WESTERN_COUNTRIES_222,"Doctor Who, series 7","['BBC Television Service', 'BBC One', 'BBC 1', 'BBC1', 'BBC TV']","[' Doctor Who, series 7 was originally aired on BBC One in the United Kingdom.']",ans,1
P449_general_WESTERN_COUNTRIES_224,"Agents of S.H.I.E.L.D., season 7","['American Broadcasting Company', 'ABC']","[' Agents of S.H.I.E.L.D., season 7 was originally aired on ABC']",ans,1
P449_general_WESTERN_COUNTRIES_226,The Wire,"['HBO', 'HBO Family', 'Home Box Office']",[' The Wire was originally aired on HBO in the United States.'],ans,1
P449_general_WESTERN_COUNTRIES_228,The O.C.,"['Fox Broadcasting Company', 'FOX']",[' The O.C. was originally aired on Fox.'],ans,1
P449_general_WESTERN_COUNTRIES_230,The Ultimate Fighter,"['Spike', 'Spike Television', 'Spike TV']",[' The Ultimate Fighter was originally aired on Spike TV in the United States.'],ans,1
P449_general_WESTERN_COUNTRIES_232,Sherlock,"['BBC Television Service', 'BBC One', 'BBC 1', 'BBC1', 'BBC TV']",[' Sherlock was originally aired on BBC One in the United Kingdom.'],ans,1
P449_general_WESTERN_COUNTRIES_234,Harley Quinn,"['DC Universe', 'dcuniverse.com']",[' Harley Quinn was originally aired on DC Universe.'],ans,1
P449_general_WESTERN_COUNTRIES_236,Twin Peaks,"['American Broadcasting Company', 'ABC']",[' Twin Peaks was originally aired on ABC in the United States.'],ans,1
P449_general_WESTERN_COUNTRIES_238,Carmen Sandiego,"['Netflix.com', 'Netflix', 'Net Flix']",[' Carmen Sandiego was originally aired on PBS in the United States.'],ans,0
P449_general_WESTERN_COUNTRIES_240,Nashville,"['American Broadcasting Company', 'ABC']",[' Nashville was originally aired on ABC.'],ans,1
P449_general_WESTERN_COUNTRIES_242,Servir y proteger,['La 1'],[' Servir y proteger was originally aired on Antena 3 in Spain.'],ans,0
P449_general_WESTERN_COUNTRIES_244,The Man in the High Castle,"['Amazon Unbox', 'Amazon Video', 'Amazon Instant Video', 'Amazon Video On Demand', 'Amazon Prime', 'Amazon Prime Video']",[' The Man in the High Castle was originally aired on Amazon Prime Video.'],ans,1
P449_general_WESTERN_COUNTRIES_246,Star Trek: Enterprise,"['United Paramount Network', 'UPN']",[' Star Trek: Enterprise was originally aired on the UPN network in the United States.'],ans,1
P449_general_WESTERN_COUNTRIES_248,Prodigal Son,"['Fox Broadcasting Company', 'FOX']",[' Prodigal Son was originally aired on Fox.'],ans,1
P449_general_WESTERN_COUNTRIES_250,Charmed,"['The CW Television Network', 'The CW']",[' Charmed was originally aired on The WB network in the United States.'],ans,0
P449_general_WESTERN_COUNTRIES_252,Kim Possible,"['Disney', 'Disney Channel', 'The Disney Channel']",[' Kim Possible was originally aired on Disney Channel.'],ans,1
P449_general_WESTERN_COUNTRIES_254,Dancing on Ice,"['Independent Television', 'ITV']",[' Dancing on Ice was originally aired on ITV in the United Kingdom.'],ans,1
P449_general_WESTERN_COUNTRIES_256,QI,"['BBC4', 'BBC Four', 'BBC 4']",[' QI was originally aired on BBC Two in the United Kingdom.'],ans,0
P449_general_WESTERN_COUNTRIES_258,Arrow (season 4),"['The CW Television Network', 'The CW']",[' Arrow (season 4) was originally aired on The CW.'],ans,1
P449_general_WESTERN_COUNTRIES_260,New Girl,"['Fox Broadcasting Company', 'FOX']",[' New Girl was originally aired on Fox.'],ans,1
P449_general_WESTERN_COUNTRIES_262,Andor,"['Disney+', 'Disney+ Star (Europe & Asia)', 'Disney Plus', 'Disney+ Hotstar (India & Asia)']","[' Andor is an American science fiction streaming television series created by Tony Gilroy for Disney+. It premiered on August 31, 2022.']",ans,1
P449_general_WESTERN_COUNTRIES_264,"Love, Death & Robots","['Netflix.com', 'Netflix', 'Net Flix']","[' Love, Death & Robots was originally aired on Netflix.']",ans,1
P449_general_WESTERN_COUNTRIES_266,"The Voice, U.S. season 4","['NBC', 'National Broadcasting Company']","[' The Voice, U.S. season 4 was originally aired on NBC.']",ans,1
P449_general_WESTERN_COUNTRIES_268,The 100,"['The CW Television Network', 'The CW']",[' The 100 was originally aired on The CW in the United States.'],ans,1
P449_general_WESTERN_COUNTRIES_270,The Voice (U.S. season 5),"['NBC', 'National Broadcasting Company']",[' The Voice (U.S. season 5) was originally aired on NBC.'],ans,1
P449_general_WESTERN_COUNTRIES_272,Jessica Jones,"['Netflix.com', 'Netflix', 'Net Flix']",[' Jessica Jones was originally aired on Netflix.'],ans,1
P449_general_WESTERN_COUNTRIES_274,Archer,"['fX', 'FX', 'FX network', 'Fox extended']",[' Archer was originally aired on the FX network in the United States.'],ans,1
P449_general_WESTERN_COUNTRIES_276,In the Dark,"['The CW Television Network', 'The CW']","["" I'm sorry, I cannot provide an answer to that question as I do not have access to real-time information.""]",unk,0
P449_general_WESTERN_COUNTRIES_278,Who Do You Think You Are?,"['Appalachian Community Service Network', 'The Learning Channel', 'TLC']","["" I'm sorry, I cannot provide an accurate answer without additional context. Could you please provide more information?""]",unk,0
P449_general_WESTERN_COUNTRIES_280,Arrow (season 6),"['The CW Television Network', 'The CW']",[' Arrow (season 6) was originally aired on The CW.'],ans,1
P449_general_WESTERN_COUNTRIES_282,Big Little Lies,"['HBO', 'HBO Family', 'Home Box Office']",[' Big Little Lies was originally aired on HBO.'],ans,1
P449_general_WESTERN_COUNTRIES_284,Dr. Pimple Popper,"['Appalachian Community Service Network', 'The Learning Channel', 'TLC']",[' Dr. Pimple Popper was originally aired on TLC.'],ans,1
P449_general_WESTERN_COUNTRIES_286,Destroyed in Seconds,"['Discovery Korea', 'The Discovery Channel', 'Discovery', 'Discovery Channel', 'Discovery.com']","["" I'm sorry, I cannot provide an answer to that question as I do not have access to real-time information.""]",unk,0
P449_general_WESTERN_COUNTRIES_288,Saturday Night's Main Event,"['Fox Broadcasting Company', 'FOX', 'NBC', 'National Broadcasting Company']","["" Saturday Night's Main Event was originally aired on NBC.""]",ans,1
P449_general_WESTERN_COUNTRIES_290,iCarly,"['Nickelodeon', 'Pinwheel', 'Nick']",[' iCarly was originally aired on Nickelodeon in the United States.'],ans,1
P449_general_WESTERN_COUNTRIES_292,Degrassi: The Next Generation,"['Much', 'CTV (Canadian Television Network)', 'MuchMusic', 'CTV Television Network']",[' Degrassi: The Next Generation was originally aired on CTV in Canada and The N in the United States.'],ans,0
P449_general_WESTERN_COUNTRIES_294,9-1-1: Lone Star,"['Fox Broadcasting Company', 'FOX']",[' 9-1-1: Lone Star was originally aired on Fox.'],ans,1
P449_general_WESTERN_COUNTRIES_296,Pretty Little Liarss,"['CBN Television Network', 'CBN Cable Network', 'Fox Family', 'Freeform', 'CBN Satellite Service', 'CBN Cable', 'ABC Family', 'The Family Channel USA', 'Family Channel (USA)', 'Family Channel (United States)']",[' Pretty Little Liars was originally aired on ABC Family.'],ans,1
P449_general_WESTERN_COUNTRIES_298,His Dark Materials,"['BBC Television Service', 'BBC One', 'BBC 1', 'BBC1', 'BBC TV']",[' His Dark Materials was originally aired on BBC One in the United Kingdom.'],ans,1
P449_general_WESTERN_COUNTRIES_300,Once Upon a Time,"['American Broadcasting Company', 'ABC']",[' Once Upon a Time was originally aired on ABC.'],ans,1
P449_general_WESTERN_COUNTRIES_302,Call Me Kat,"['Fox Broadcasting Company', 'FOX']",[' Call Me Kat was originally aired on Fox in the United States.'],ans,1
P449_general_WESTERN_COUNTRIES_304,Cobra Kai,"['YT Red', 'YouTube Premium', 'YouTube Red', 'YTP', 'YT Premium']",[' Cobra Kai was originally aired on YouTube Red.'],ans,1
P449_general_WESTERN_COUNTRIES_306,The Voice (U.S. season 6),"['NBC', 'National Broadcasting Company']",[' The Voice (U.S. season 6) was originally aired on NBC.'],ans,1
P449_general_WESTERN_COUNTRIES_308,Snowfall,"['fX', 'FX', 'FX network', 'Fox extended']",[' Snowfall was originally aired on FX.'],ans,1
P449_general_WESTERN_COUNTRIES_310,Ghosts,"['Eye Network', 'Tiffany Network', 'Columbia Broadcasting System', 'Black Rock', 'CBS']",[' Ghosts was originally aired on BBC One in the United Kingdom.'],ans,0
P449_general_WESTERN_COUNTRIES_312,The Voice (U.S. season 8),"['NBC', 'National Broadcasting Company']",[' The Voice (U.S. season 8) was originally aired on NBC.'],ans,1
P449_general_WESTERN_COUNTRIES_314,Criminal Minds,"['Eye Network', 'Tiffany Network', 'Columbia Broadcasting System', 'Black Rock', 'CBS']",[' Criminal Minds was originally aired on CBS.'],ans,1
P449_general_WESTERN_COUNTRIES_316,Duncanville,"['Fox Broadcasting Company', 'FOX']","["" I'm sorry, I cannot provide an accurate answer to that question as Duncanville is a fictional town in the animated television series of the same name. It is not a real place""]",unk,0
P449_general_WESTERN_COUNTRIES_318,"Grey's Anatomy, season 12","['American Broadcasting Company', 'ABC']","["" Grey's Anatomy, season 12 was originally aired on ABC.""]",ans,1
P449_general_WESTERN_COUNTRIES_320,Dexter's Laboratory,['Cartoon Network'],"["" Dexter's Laboratory was originally aired on Cartoon Network in the United States.""]",ans,1
P449_general_WESTERN_COUNTRIES_322,#TheKillerTunaJump: #Freddie #Jade #Robbie,"['Nickelodeon', 'Pinwheel', 'Nick']","["" I'm sorry, I cannot provide an answer to that question as it is not""]",unk,0
P449_general_WESTERN_COUNTRIES_324,Le Iene,['Italia 1'],[' Le Iene was originally aired on Italia 1.'],ans,1
P449_general_WESTERN_COUNTRIES_326,American Ninja Warrior,"['G4tv', 'G4 TV', 'G4']",[' American Ninja Warrior was originally aired on G4 in the United States.'],ans,1
P449_general_WESTERN_COUNTRIES_328,The Bachelor,"['American Broadcasting Company', 'ABC']",[' The Bachelor was originally aired on ABC in the United States.'],ans,1
P449_general_WESTERN_COUNTRIES_330,Bering Sea Gold,"['Discovery Korea', 'The Discovery Channel', 'Discovery', 'Discovery Channel', 'Discovery.com']",[' Bering Sea Gold was originally aired on the Discovery Channel.'],ans,1
P449_general_WESTERN_COUNTRIES_332,Doom Patrol,"['DC Universe', 'dcuniverse.com']",[' Doom Patrol was originally aired on the DC Universe streaming service.'],ans,1
P449_general_WESTERN_COUNTRIES_334,Central Park,"['Apple TV+', 'AppleTV+', 'Apple TV Plus']",[' Central Park was originally aired on the American television network NBC.'],ans,0
P449_general_WESTERN_COUNTRIES_336,The Mysterious Cities of Gold,"['Japan Broadcasting Corporation', 'Nippon Hōsō Kyōkai', 'NHK', 'Nippon Hoso Kyokai', 'nhk.or.jp']",[' The Mysterious Cities of Gold was originally aired on French television in 1982.'],ans,0
P449_general_WESTERN_COUNTRIES_338,Jimmy Kimmel Live!,"['American Broadcasting Company', 'ABC']",[' Jimmy Kimmel Live! was originally aired on ABC.'],ans,1
P449_general_WESTERN_COUNTRIES_340,Winx Club,"['Nick Jr.', 'Rai Yoyo', 'Secondo Programma (1961-1976)', 'Rai YoYo', 'Rete 2 (1976-1983)', 'Nickelodeon', 'Rai Gulp', 'Rai 2', 'Nick', 'Pinwheel', 'RaiSat Yoyo', 'Rai Due']",[' Winx Club was originally aired on Rai 2 in Italy.'],ans,1
P449_general_WESTERN_COUNTRIES_342,Walker,"['The CW Television Network', 'The CW']","["" I'm sorry, I cannot provide an accurate answer to that question as there is no context provided. Could you please provide more information?""]",unk,0
P449_general_WESTERN_COUNTRIES_344,"Stranger Things, season 4","['Netflix.com', 'Netflix', 'Net Flix']",[' Stranger Things season 4 was originally aired on Netflix.'],ans,1
P449_general_WESTERN_COUNTRIES_346,Phineas and Ferb,"['Disney XD', 'Disney Channel', 'Baxik TV', 'The Disney Channel', 'Disney']",[' Phineas and Ferb was originally aired on Disney Channel.'],ans,1
P449_general_WESTERN_COUNTRIES_348,Thomas & Friends: All Engines Go,"['Netflix.com', 'Cartoon Network', 'Netflix', 'Net Flix']","["" I'm sorry, I cannot provide an accurate answer to that question as I do not have access to real-time information.""]",unk,0
P449_general_WESTERN_COUNTRIES_350,Sessions@AOL,"['Fuse', 'Fuse TV']","["" I'm sorry, I cannot provide an accurate answer to that question as it is missing some context. Could you please provide more information?""]",unk,0
P449_general_WESTERN_COUNTRIES_352,Bring It!,['Lifetime'],[' Bring It! was originally aired on Lifetime.'],ans,1
P449_general_WESTERN_COUNTRIES_354,90210,"['The CW Television Network', 'The CW']",[' 90210 was originally aired on Fox in the United States.'],ans,0
P449_general_WESTERN_COUNTRIES_356,Avatar: The Last Airbender,"['Nickelodeon', 'Pinwheel', 'Nick']",[' Avatar: The Last Airbender was originally aired on Nickelodeon in the United States.'],ans,1
P449_general_WESTERN_COUNTRIES_358,Gran Hermano VIP,"['Telecinco', 'Cuatro']",[' Gran Hermano VIP was originally aired on Telecinco in Spain.'],ans,1
P449_general_WESTERN_COUNTRIES_360,The Outpost,"['The CW Television Network', 'The CW']",[' The Outpost was originally aired on The CW.'],ans,1
P449_general_WESTERN_COUNTRIES_362,The Promise,"['Channel 4', 'C4']","["" I'm sorry, I cannot provide an accurate answer to that question as it requires knowledge of the specific context and time period you are referring to. Could you please provide more information?""]",unk,0
P449_general_WESTERN_COUNTRIES_364,Critical Role,"['TwitchTV', 'TTV', 'Twitch TV', 'twitch', 'Twitch', 'www.twitch.tv', 'Twitch.tv']",[' Critical Role was originally aired on Twitch.'],ans,1
P449_general_WESTERN_COUNTRIES_366,Hawaii Five-0,"['Eye Network', 'Tiffany Network', 'Columbia Broadcasting System', 'Black Rock', 'CBS']",[' Hawaii Five-0 was originally aired on CBS.'],ans,1
P449_general_WESTERN_COUNTRIES_368,Today,"['NBC', 'National Broadcasting Company']",[' Today was originally aired on NBC.'],ans,1
P449_general_WESTERN_COUNTRIES_370,Deutschland sucht den Superstar,"['Radio Télévision Luxembourg', 'RTL Fernsehen', 'RTL', 'RTL Television', 'RTL Television GmbH', 'Radio Télé Luxemburg', 'RTL plus']",[' Deutschland sucht den Superstar was originally aired on RTL in Germany.'],ans,1
P449_general_WESTERN_COUNTRIES_372,Luke Cage,"['Netflix.com', 'Netflix', 'Net Flix']",[' Luke Cage was originally aired on Netflix.'],ans,1
P449_general_WESTERN_COUNTRIES_374,Yellowjackets,"['Showtime Networks', 'SHO', 'Showtime', 'Showtime TV']",[' Yellowjackets was originally aired on Showtime.'],ans,1
P449_general_WESTERN_COUNTRIES_376,What a Cartoon!,['Cartoon Network'],[' What a Cartoon! was originally aired on Cartoon Network.'],ans,1
P449_general_WESTERN_COUNTRIES_378,Timeless,"['NBC', 'National Broadcasting Company']",[' Timeless was originally aired on NBC.'],ans,1
P449_general_WESTERN_COUNTRIES_380,Ash vs Evil Dead,"['Starz', 'STARZ!']",[' Ash vs Evil Dead was originally aired on Starz.'],ans,1
P449_general_WESTERN_COUNTRIES_382,"Grey's Anatomy, season 13","['American Broadcasting Company', 'ABC']","["" Grey's Anatomy, season 13 was originally aired on ABC.""]",ans,1
P449_general_WESTERN_COUNTRIES_384,Veronica Mars,"['Hulu', 'The CW', 'The CW Television Network', 'UPN', 'hulu.com', 'United Paramount Network']",[' Veronica Mars was originally aired on UPN.'],ans,1
P449_general_WESTERN_COUNTRIES_386,The X Factor,"['Independent Television', 'ITV']",[' The X Factor was originally aired on ITV in the United Kingdom.'],ans,1
P449_general_WESTERN_COUNTRIES_388,Shameless,"['Showtime Networks', 'SHO', 'Showtime', 'Showtime TV']",[' Shameless was originally aired on Channel 4 in the United Kingdom.'],ans,0
P449_general_WESTERN_COUNTRIES_390,Keeping Up with the Kardashians,"['E! Entertainment Television', 'E! Entertaiment', 'E! Online', 'E! Network', 'E!']",[' Keeping Up with the Kardashians was originally aired on E! network in the United States.'],ans,1
P449_general_WESTERN_COUNTRIES_392,The Young and the Restless,"['Eye Network', 'Tiffany Network', 'Columbia Broadcasting System', 'Black Rock', 'CBS']",[' The Young and the Restless was originally aired on CBS.'],ans,1
P449_general_WESTERN_COUNTRIES_394,The Expanse,"['Amazon Unbox', 'Amazon Video', 'Amazon Instant Video', 'Amazon Video On Demand', 'Amazon Prime', 'Amazon Prime Video']",[' The Expanse was originally aired on the Syfy channel in the United States.'],ans,0
P449_general_WESTERN_COUNTRIES_396,District 31,"['ICI Radio-Canada Tele', 'ICI Radio-Canada Télé', 'Television de Radio-Canada', 'Télévision de Radio-Canada']",[' District 31 was originally aired on the French television network TF1.'],ans,0
P449_general_WESTERN_COUNTRIES_398,Titans,"['DC Universe', 'dcuniverse.com']",[' Titans was originally aired on the DC Universe streaming service.'],ans,1
P449_general_WESTERN_COUNTRIES_400,Arrow (season 2),"['The CW Television Network', 'The CW']",[' Arrow (season 2) was originally aired on The CW.'],ans,1
P449_general_WESTERN_COUNTRIES_402,Servant,"['Apple TV+', 'AppleTV+', 'Apple TV Plus']",[' Servant was originally aired on Apple TV+.'],ans,1
P449_general_WESTERN_COUNTRIES_404,Marvel's Spidey and His Amazing Friends,['Disney Junior'],"["" Marvel's Spidey and His Amazing Friends was originally aired on NBC in the United States.""]",ans,0
P449_general_WESTERN_COUNTRIES_406,Survival of the Hottest,"['Nickelodeon', 'Pinwheel', 'Nick']","["" I'm sorry, I cannot provide an answer to that question as I do not have access to real-time information.""]",unk,0
P449_general_WESTERN_COUNTRIES_408,Summer House,['Bravo'],[' Summer House was originally aired on Bravo.'],ans,1
P449_general_WESTERN_COUNTRIES_410,Pocoyo,['La 2'],[' Pocoyo was originally aired on the Spanish television channel Antena 3.'],ans,0
P449_general_WESTERN_COUNTRIES_412,Power Rangers Beast Morphers,"['Nickelodeon', 'Pinwheel', 'Nick']",[' Power Rangers Beast Morphers was originally aired on Nickelodeon in the United States.'],ans,1
P449_general_WESTERN_COUNTRIES_414,The Dukes of Hazzard,"['Eye Network', 'Tiffany Network', 'Columbia Broadcasting System', 'Black Rock', 'CBS']",[' The Dukes of Hazzard was originally aired on CBS.'],ans,1
P449_general_WESTERN_COUNTRIES_416,Wheel of Fortune,"['NBC', 'National Broadcasting Company']",[' Wheel of Fortune was originally aired on NBC in the United States.'],ans,1
P449_general_WESTERN_COUNTRIES_418,Miami Vice,"['National Broadcasting Company', 'USA', 'NBC', 'USA Network']",[' Miami Vice was originally aired on NBC.'],ans,1
P449_general_WESTERN_COUNTRIES_420,Hannibal,"['NBC', 'National Broadcasting Company']","["" I'm sorry, I cannot provide an accurate answer to that question as there have been multiple adaptations of the Hannibal Lecter character and each one has been aired on different networks.""]",unk,0
P449_general_WESTERN_COUNTRIES_422,Boating School,"['Nickelodeon', 'Pinwheel', 'Nick']","["" I'm sorry, I cannot provide an accurate answer to that question as I do not have access to real-time information. Can I assist you with anything else?""]",unk,0
P449_general_WESTERN_COUNTRIES_424,Sleepy Time,"['Nickelodeon', 'Pinwheel', 'Nick']","["" I'm sorry, I cannot provide an accurate answer to that question as there is no show called Sleepy Time that I am aware of.""]",unk,0
P449_general_WESTERN_COUNTRIES_426,Culture Shock,"['Nickelodeon', 'Pinwheel', 'Nick']","["" I'm sorry, I cannot provide an accurate answer to that question as there is no specific show called 'Culture Shock' that I am aware of. Could you please provide more""]",unk,0
P449_general_WESTERN_COUNTRIES_428,Squidward the Unfriendly Ghost,"['Nickelodeon', 'Pinwheel', 'Nick']",[' Squidward the Unfriendly Ghost was originally aired on Nickelodeon.'],ans,1
P449_general_WESTERN_COUNTRIES_430,Ripped Pants,"['Nickelodeon', 'Pinwheel', 'Nick']","["" I'm sorry, I cannot provide an accurate answer to that question as I do not have access to real-time information. Can I assist you with anything else?""]",unk,0
P449_general_WESTERN_COUNTRIES_432,Karate Choppers,"['Nickelodeon', 'Pinwheel', 'Nick']","["" I'm sorry, I cannot provide an answer to that question as it is not a valid query.""]",unk,0
P449_general_WESTERN_COUNTRIES_434,SB-129,"['Nickelodeon', 'Pinwheel', 'Nick']","["" I'm sorry, I cannot provide an accurate answer to that question as I do not have access to real-time information. Can I assist you with anything else?""]",unk,0
P449_general_WESTERN_COUNTRIES_436,The Paper,"['Nickelodeon', 'Pinwheel', 'Nick']","["" I'm sorry, I cannot provide an accurate answer to that question as there is no show called 'The Paper' that I am aware of. Could you please provide more context""]",unk,0
P449_general_WESTERN_COUNTRIES_438,Walking Small,"['Nickelodeon', 'Pinwheel', 'Nick']",[' Walking Small was originally aired on the BBC.'],ans,0
P449_general_WESTERN_COUNTRIES_440,MuscleBob BuffPants,"['Nickelodeon', 'Pinwheel', 'Nick']",[' MuscleBob BuffPants was originally aired on Nickelodeon.'],ans,1
P449_general_WESTERN_COUNTRIES_442,Fools in April,"['Nickelodeon', 'Pinwheel', 'Nick']","["" I'm sorry, I cannot provide an accurate answer to that question as there is no show called 'Fools in April' that I am aware of.""]",unk,0
P449_general_WESTERN_COUNTRIES_444,Pickles,"['Nickelodeon', 'Pinwheel', 'Nick']","["" I'm sorry, I cannot provide an accurate answer to that question as there is no context provided. Could you please provide more information?""]",unk,0
P449_general_WESTERN_COUNTRIES_446,I Was a Teenage Gary,"['Nickelodeon', 'Pinwheel', 'Nick']","["" I'm sorry, I cannot provide an answer to that question as I do not have access to real-time information.""]",unk,0
P449_general_WESTERN_COUNTRIES_448,Jellyfishing,"['Nickelodeon', 'Pinwheel', 'Nick']","["" I'm sorry, I cannot provide an accurate answer to that question as it requires knowledge of the specific context and history of the show or movie you are referring to.""]",unk,0
P449_general_WESTERN_COUNTRIES_450,Neptune's Spatula,"['Nickelodeon', 'Pinwheel', 'Nick']","["" Neptune's Spatula was originally aired on the Disney Channel.""]",ans,0
P449_general_WESTERN_COUNTRIES_452,Scaredy Pants,"['Nickelodeon', 'Pinwheel', 'Nick']","["" I'm sorry, I cannot provide an accurate answer to that question as there is no specific show or movie called 'Scaredy Pants' that I am aware of""]",unk,0
P449_general_WESTERN_COUNTRIES_454,"SpongeBob SquarePants, season 1","['Nickelodeon', 'Pinwheel', 'Nick']","[' SpongeBob SquarePants, season 1 was originally aired on Nickelodeon.']",ans,1
P449_general_WESTERN_COUNTRIES_456,License to Milkshake,"['Nickelodeon', 'Pinwheel', 'Nick']","["" I'm sorry, I cannot provide an answer to that question as I do not have access to real-time information.""]",unk,0
P449_general_WESTERN_COUNTRIES_458,Two Thumbs Down,"['Nickelodeon', 'Pinwheel', 'Nick']","["" I'm sorry, I cannot provide an accurate answer to that question as it is missing some context. Could you please provide more information?""]",unk,0
P449_general_WESTERN_COUNTRIES_460,Little Yellow Book,"['Nickelodeon', 'Pinwheel', 'Nick']","["" I'm sorry, I cannot provide an answer to that question as I do not have access to real-time information. Can I help you with anything else?""]",unk,0
P449_general_WESTERN_COUNTRIES_462,Mutiny on the Krusty,"['Nickelodeon', 'Pinwheel', 'Nick']","["" The episode 'Mutiny on the Krusty' was originally aired on the Fox network in the United States.""]",ans,0
P449_general_WESTERN_COUNTRIES_464,The Sewers of Bikini Bottom,"['Nickelodeon', 'Pinwheel', 'Nick']",[' The Sewers of Bikini Bottom was originally aired on Nickelodeon.'],ans,1
P449_general_WESTERN_COUNTRIES_466,Snail Mail,"['Nickelodeon', 'Pinwheel', 'Nick']","["" I'm sorry, I cannot provide an accurate answer to that question as it is not specific enough. Could you please provide more context or details?""]",unk,0
P449_general_WESTERN_COUNTRIES_468,Lame and Fortune,"['Nickelodeon', 'Pinwheel', 'Nick']","["" I'm sorry, I cannot provide an answer to that question as I do not have access to real-time information. Can I assist you with anything else?""]",unk,0
P449_general_WESTERN_COUNTRIES_470,What's Eating Patrick?,"['Nickelodeon', 'Pinwheel', 'Nick']","["" I'm sorry, I cannot provide an accurate answer to that question as it requires knowledge of the specific airing schedule of the show.""]",unk,0
P449_general_WESTERN_COUNTRIES_472,Larry's Gym,"['Nickelodeon', 'Pinwheel', 'Nick']","["" I'm sorry, I cannot provide an answer to that question as I do not have enough context. Could you please provide more information?""]",unk,0
P449_general_WESTERN_COUNTRIES_474,Married to Money,"['Nickelodeon', 'Pinwheel', 'Nick']","["" I'm sorry, I cannot provide an answer to that question as I do not have access to real-time information.""]",unk,0
P449_general_WESTERN_COUNTRIES_476,CopyBob DittoPants,"['Nickelodeon', 'Pinwheel', 'Nick']","["" I'm sorry, I cannot provide an answer to that question as I do not have access to real-time information.""]",unk,0
P449_general_WESTERN_COUNTRIES_478,Company Picnic,"['Nickelodeon', 'Pinwheel', 'Nick']","["" I'm sorry, I cannot provide an answer to that question as I do not have access to real-time information.""]",unk,0
P449_general_WESTERN_COUNTRIES_480,Mall Girl Pearl,"['Nickelodeon', 'Pinwheel', 'Nick']","["" I'm sorry, I cannot provide an answer to that question as I do not have access to real-time information.""]",unk,0
P449_general_WESTERN_COUNTRIES_482,Safe Deposit Krabs,"['Nickelodeon', 'Pinwheel', 'Nick']",[' Safe Deposit Krabs was originally aired on Nickelodeon.'],ans,1
P449_general_WESTERN_COUNTRIES_484,Pineapple Invasion,"['Nickelodeon', 'Pinwheel', 'Nick']","["" I'm sorry, I cannot provide an accurate answer to that question as Pineapple Invasion is not a real TV show.""]",unk,0
P449_general_WESTERN_COUNTRIES_486,The Executive Treatment,"['Nickelodeon', 'Pinwheel', 'Nick']","["" I'm sorry, I cannot provide an answer to that question as I do not have access to real-time information.""]",unk,0
P449_general_WESTERN_COUNTRIES_488,Kenny the Cat,"['Nickelodeon', 'Pinwheel', 'Nick']","["" I'm sorry, I cannot provide an accurate answer to that question as there is no known character named Kenny the Cat.""]",unk,0
P449_general_WESTERN_COUNTRIES_490,Yeti Krabs,"['Nickelodeon', 'Pinwheel', 'Nick']","["" I'm sorry, I cannot provide an answer to that question as I do not have access to real-time information.""]",unk,0
P449_general_WESTERN_COUNTRIES_492,Squid Plus One,"['Nickelodeon', 'Pinwheel', 'Nick']","["" I'm sorry, I cannot provide an answer to that question as I do not have access to real-time information.""]",unk,0
P449_general_WESTERN_COUNTRIES_494,Verliebt in Berlin,"['Sat.1', 'SAT.1']",[' Verliebt in Berlin was originally aired on the German television network RTL.'],ans,0
P449_general_WESTERN_COUNTRIES_496,Sé lo que hicisteis...,"['laSexta', 'La Sexta']",[' Sé lo que hicisteis... was originally aired on La Sexta.'],ans,1
P449_general_WESTERN_COUNTRIES_498,Mega Man: Fully Charged,['Cartoon Network'],[' Mega Man: Fully Charged was originally aired on Cartoon Network in the United States.'],ans,1
P449_general_WESTERN_COUNTRIES_500,MTV Floribama Shore,"['Music Television', 'MTV']",[' MTV Floribama Shore was originally aired on MTV.'],ans,1
P449_general_WESTERN_COUNTRIES_502,Wizards of Waverly Place,"['Disney', 'Disney Channel', 'The Disney Channel']",[' Wizards of Waverly Place was originally aired on Disney Channel.'],ans,1
P449_general_WESTERN_COUNTRIES_504,"Stranger Things, season 3","['Netflix.com', 'Netflix', 'Net Flix']",[' Stranger Things season 3 was originally aired on Netflix.'],ans,1
P449_general_WESTERN_COUNTRIES_506,Operación Triunfo 2017,['La 1'],[' Operación Triunfo 2017 was originally aired on TVE1 in Spain.'],ans,0
P449_general_WESTERN_COUNTRIES_508,Total Drama: All-Stars and Pahkitew Island,"['Cartoon Network', 'Teletoon']",[' Total Drama: All-Stars was originally aired on Teletoon in Canada and Cartoon Network in the United States. Pahk'],ans,1
P449_general_WESTERN_COUNTRIES_510,Home Economics,"['American Broadcasting Company', 'ABC']","["" I'm sorry, I cannot provide an accurate answer to that question as Home Economics is a television show that premiered on ABC in 2021.""]",unk,1
P449_general_WESTERN_COUNTRIES_512,The Vampire Diaries,"['The CW Television Network', 'The CW']",[' The Vampire Diaries was originally aired on The CW in the United States.'],ans,1
P449_general_WESTERN_COUNTRIES_514,Emily in Paris,"['Netflix.com', 'Netflix', 'Net Flix']",[' Emily in Paris was originally aired on Netflix.'],ans,1
P449_general_WESTERN_COUNTRIES_516,The Young Turks,"['youtube.com', 'YouTube', 'www.youtube.com', 'Current Media, LLC', 'YouTube.com', 'youtu.be', 'Youtube.com', 'Youtube', 'Current TV', 'YT']",[' The Young Turks was originally aired on Sirius XM Radio.'],ans,0
P449_general_WESTERN_COUNTRIES_518,The Queen's Gambit,"['Netflix.com', 'Netflix', 'Net Flix']","["" The Queen's Gambit was originally aired on Netflix.""]",ans,1
P449_general_WESTERN_COUNTRIES_520,Grande Fratello,['Canale 5'],[' Grande Fratello was originally aired on Canale 5 in Italy.'],ans,1
P449_general_WESTERN_COUNTRIES_522,Komputer Overload,"['Nickelodeon', 'Pinwheel', 'Nick']",[' Komputer Overload was originally aired on the Philippine television network ABS-CBN.'],ans,0
P449_general_WESTERN_COUNTRIES_524,Toy Store of Doom,"['Nickelodeon', 'Pinwheel', 'Nick']","["" I'm sorry, I cannot provide an answer to that question as I do not have access to real-time information.""]",unk,0
P449_general_WESTERN_COUNTRIES_526,Squid's Visit,"['Nickelodeon', 'Pinwheel', 'Nick']","["" I'm sorry, I cannot provide an answer to that question as I do not have access to real-time information.""]",unk,0
P449_general_WESTERN_COUNTRIES_528,Single Cell Anniversary,"['Nickelodeon', 'Pinwheel', 'Nick']","["" I'm sorry, I cannot provide an answer to that question as I do not have access to real-time information.""]",unk,0
P449_general_WESTERN_COUNTRIES_530,The Krabby Kronicle,"['Nickelodeon', 'Pinwheel', 'Nick']",[' The Krabby Kronicle was originally aired on Nickelodeon.'],ans,1
P449_general_WESTERN_COUNTRIES_532,Giant Squidward,"['Nickelodeon', 'Pinwheel', 'Nick']","["" I'm sorry, I cannot provide an accurate answer to that question as it is not a factual query.""]",unk,0
P449_general_WESTERN_COUNTRIES_534,Shuffleboarding,"['Nickelodeon', 'Pinwheel', 'Nick']","["" I'm sorry, I cannot provide an accurate answer to that question as it is not specific enough. Could you please provide more context or details?""]",unk,0
P449_general_WESTERN_COUNTRIES_536,Suction Cup Symphony,"['Nickelodeon', 'Pinwheel', 'Nick']","["" I'm sorry, I cannot provide an answer to that question as I do not have access to real-time information.""]",unk,0
P449_general_WESTERN_COUNTRIES_538,Grandpappy the Pirate,"['Nickelodeon', 'Pinwheel', 'Nick']","["" I'm sorry, I cannot provide an answer to that question as I do not have access to real-time information.""]",unk,0
P449_general_WESTERN_COUNTRIES_540,Gullible Pants,"['Nickelodeon', 'Pinwheel', 'Nick']","["" I'm sorry, I cannot provide an answer to that question as Gullible Pants is not a real TV show.""]",unk,0
P449_general_WESTERN_COUNTRIES_542,Professor Squidward,"['Nickelodeon', 'Pinwheel', 'Nick']","["" I'm sorry, I cannot provide an accurate answer to that question as Professor Squidward is a fictional character from the animated television series SpongeBob SquarePants.""]",unk,0
P449_general_WESTERN_COUNTRIES_544,Krusty Krushers,"['Nickelodeon', 'Pinwheel', 'Nick']","["" Krusty Krushers was originally aired on the fictional television network, KTV, in the episode 'The Springfield Connection' of the animated television series The Simpsons""]",ans,0
P449_general_WESTERN_COUNTRIES_546,Slide Whistle Stooges,"['Nickelodeon', 'Pinwheel', 'Nick']","["" I'm sorry, I cannot provide an answer to that question as I do not have access to real-time information.""]",unk,0
P449_general_WESTERN_COUNTRIES_548,"SpongeBob SquarePants, season 6","['Nickelodeon', 'Pinwheel', 'Nick']","[' SpongeBob SquarePants, season 6 was originally aired on Nickelodeon.']",ans,1
P449_general_WESTERN_COUNTRIES_550,Sand Castles in the Sand,"['Nickelodeon', 'Pinwheel', 'Nick']","["" I'm sorry, I cannot provide an accurate answer to that question as it requires knowledge of the specific context and history of the show.""]",unk,0
P449_general_WESTERN_COUNTRIES_552,Choir Boys,"['Nickelodeon', 'Pinwheel', 'Nick']","["" I'm sorry, I cannot provide an accurate answer to that question as I do not have access to real-time information. Can I help you with anything else?""]",unk,0
P449_general_WESTERN_COUNTRIES_554,Boating Buddies,"['Nickelodeon', 'Pinwheel', 'Nick']","["" I'm sorry, I cannot provide an answer to that question as I do not have access to real-time information.""]",unk,0
P449_general_WESTERN_COUNTRIES_556,Sun Bleached,"['Nickelodeon', 'Pinwheel', 'Nick']","["" I'm sorry, I cannot provide an answer to that question as I do not have access to real-time information.""]",unk,0
P449_general_WESTERN_COUNTRIES_558,Shell Shocked,"['Nickelodeon', 'Pinwheel', 'Nick']","["" I'm sorry, I cannot provide an accurate answer to that question as it is missing some context. Could you please provide more information?""]",unk,0
P449_general_WESTERN_COUNTRIES_560,Dear Vikings,"['Nickelodeon', 'Pinwheel', 'Nick']","["" I'm sorry, I cannot provide an answer to that question as I do not have access to real-time information.""]",unk,0
P449_general_WESTERN_COUNTRIES_562,Deal or No Deal,"['RTL 4', 'Televisie en Radio Omroep Stichting', 'TROS']",[' Deal or No Deal was originally aired on the Dutch television network Endemol.'],ans,0
P449_general_WESTERN_COUNTRIES_564,American Crime Story,"['fX', 'FX', 'FX network', 'Fox extended']",[' American Crime Story was originally aired on FX.'],ans,1
P449_general_WESTERN_COUNTRIES_566,"The Punisher, season 1","['Netflix.com', 'Netflix', 'Net Flix']","[' The Punisher, season 1 was originally aired on Netflix.']",ans,1
P449_general_WESTERN_COUNTRIES_568,"Once Upon a Time, season 7","['American Broadcasting Company', 'ABC']","[' Once Upon a Time, season 7 was originally aired on ABC.']",ans,1
P449_general_WESTERN_COUNTRIES_570,Prison Break,"['Fox Broadcasting Company', 'FOX']",[' Prison Break was originally aired on Fox in the United States.'],ans,1
P449_general_WESTERN_COUNTRIES_572,Resident Alien,"['Sci-Fi Channel', 'Sci Fi', 'SciFi Entertainment', 'Syfy', 'SciFi']",[' Resident Alien was originally aired on Syfy.'],ans,1
P449_general_WESTERN_COUNTRIES_574,Grand Prix del verano,['La 1'],"["" I'm sorry, I cannot provide an accurate answer to that question as there is no specific Grand Prix del verano event that I am aware of. Could you please provide more""]",unk,0
P449_general_WESTERN_COUNTRIES_576,Agent Carter,"['American Broadcasting Company', 'ABC']",[' Agent Carter was originally aired on ABC.'],ans,1
P449_general_WESTERN_COUNTRIES_578,Wallander,"['BBC Television Service', 'BBC One', 'BBC 1', 'BBC1', 'BBC TV']",[' Wallander was originally aired on BBC One in the United Kingdom.'],ans,1
P449_general_WESTERN_COUNTRIES_580,Schitt's Creek,['CBC Television'],"["" Schitt's Creek was originally aired on CBC in Canada.""]",ans,0
P449_general_WESTERN_COUNTRIES_582,Evil,"['Eye Network', 'Tiffany Network', 'Columbia Broadcasting System', 'Black Rock', 'CBS All Access', 'Paramount Plus', '10 All Access', 'CBS', 'Paramount+']",[' Evil was originally aired on the American television network CBS.'],ans,1
P449_general_WESTERN_COUNTRIES_584,Legion,"['fX', 'FX', 'FX network', 'Fox extended']",[' Legion was originally aired on FX.'],ans,1
P449_general_WESTERN_COUNTRIES_586,Endurance,"['Discovery Kids', 'NBC', 'National Broadcasting Company']",[' Endurance was originally aired on the Discovery Channel.'],ans,0
P449_general_WESTERN_COUNTRIES_588,The Boys,"['Amazon Unbox', 'Amazon Video', 'Amazon Instant Video', 'Amazon Video On Demand', 'Amazon Prime', 'Amazon Prime Video']",[' The Boys was originally aired on Amazon Prime Video.'],ans,1
P449_general_WESTERN_COUNTRIES_590,"Scandal, season 5","['American Broadcasting Company', 'ABC']","[' Scandal, season 5 was originally aired on ABC.']",ans,1
P449_general_WESTERN_COUNTRIES_592,The L Word: Generation Q,"['Showtime Networks', 'SHO', 'Showtime', 'Showtime TV']",[' The L Word: Generation Q was originally aired on Showtime.'],ans,1
P449_general_WESTERN_COUNTRIES_594,CSI: Crime Scene Investigation,"['Eye Network', 'Tiffany Network', 'Columbia Broadcasting System', 'Black Rock', 'CBS']",[' CSI: Crime Scene Investigation was originally aired on CBS.'],ans,1
P449_general_WESTERN_COUNTRIES_596,Rise of the Teenage Mutant Ninja Turtles,"['Nicktoons TV', 'Nicktoons', 'Nickelodeon', 'Pinwheel', 'Nick', 'Nicktoons Network']",[' Rise of the Teenage Mutant Ninja Turtles was originally aired on Nickelodeon in the United States.'],ans,1
P449_general_WESTERN_COUNTRIES_598,The Other Patty,"['Nickelodeon', 'Pinwheel', 'Nick']","["" I'm sorry, I cannot provide an answer to that question as it is not related to my training data.""]",unk,0
P449_general_WESTERN_COUNTRIES_600,Accidents Will Happen,"['Nickelodeon', 'Pinwheel', 'Nick']","["" I'm sorry, I cannot provide an accurate answer to that question as it requires knowledge of the specific context and time period you are referring to.""]",unk,0
P449_general_WESTERN_COUNTRIES_602,Sentimental Sponge,"['Nickelodeon', 'Pinwheel', 'Nick']","["" I'm sorry, I cannot provide an accurate answer to that question as Sentimental Sponge is a fictional character from the television show SpongeBob SquarePants. It""]",unk,0
P449_general_WESTERN_COUNTRIES_604,Smoothe Jazz at Bikini Bottom,"['Nickelodeon', 'Pinwheel', 'Nick']",[' Smoothe Jazz at Bikini Bottom was originally aired on Nickelodeon.'],ans,1
P449_general_WESTERN_COUNTRIES_606,"SpongeBob SquarePants, season 8","['Nickelodeon', 'Pinwheel', 'Nick']","[' SpongeBob SquarePants, season 8 was originally aired on Nickelodeon.']",ans,1
P449_general_WESTERN_COUNTRIES_608,Walking the Plankton,"['Nickelodeon', 'Pinwheel', 'Nick']","["" I'm sorry, I cannot provide an answer to that question as it requires knowledge of the specific show and its airing history.""]",unk,0
P449_general_WESTERN_COUNTRIES_610,A SquarePants Family Vacation,"['Nickelodeon', 'Pinwheel', 'Nick']","["" I'm sorry, I cannot provide an accurate answer to that question as it requires knowledge of the specific airing schedule of the show.""]",unk,0
P449_general_WESTERN_COUNTRIES_612,Face Freeze!,"['Nickelodeon', 'Pinwheel', 'Nick']","["" I'm sorry, I cannot provide an answer to that question as I do not have access to real-time information.""]",unk,0
P449_general_WESTERN_COUNTRIES_614,Treats!,"['Nickelodeon', 'Pinwheel', 'Nick']","["" I'm sorry, I cannot provide an accurate answer to that question as I do not have access to real-time information. Can I assist you with anything else?""]",unk,0
P449_general_WESTERN_COUNTRIES_616,Karen 2.0,"['Nickelodeon', 'Pinwheel', 'Nick']","["" I'm sorry, I cannot provide an accurate answer to that question as I do not have access to real-time information. Can I assist you with anything else?""]",unk,0
P449_general_WESTERN_COUNTRIES_618,The Krabby Patty That Ate Bikini Bottom,"['Nickelodeon', 'Pinwheel', 'Nick']",[' The Krabby Patty That Aate Bikini Bottom was originally aired on Nickelodeon.'],ans,1
P449_general_WESTERN_COUNTRIES_620,Frozen Face-Off,"['Nickelodeon', 'Pinwheel', 'Nick']","["" I'm sorry, I cannot provide an accurate answer to that question as it requires knowledge of the specific event or program you are referring to.""]",unk,0
P449_general_WESTERN_COUNTRIES_622,Bubble Troubles,"['Nickelodeon', 'Pinwheel', 'Nick']",[' Bubble Troubles was originally aired on the Nickelodeon channel.'],ans,1
P449_general_WESTERN_COUNTRIES_624,Oral Report,"['Nickelodeon', 'Pinwheel', 'Nick']","["" I'm sorry, I cannot provide an answer to that question as I do not have access to real-time information.""]",unk,0
P449_general_WESTERN_COUNTRIES_626,Free Samples,"['Nickelodeon', 'Pinwheel', 'Nick']","["" I'm sorry, I cannot provide an accurate answer to that question as it is not specific enough. Could you please provide more context or details?""]",unk,0
P449_general_WESTERN_COUNTRIES_628,Home Sweet Rubble,"['Nickelodeon', 'Pinwheel', 'Nick']",[' Home Sweet Rubble was originally aired on ABC.'],ans,0
P449_general_WESTERN_COUNTRIES_630,Squiditis,"['Nickelodeon', 'Pinwheel', 'Nick']","["" I'm sorry, I cannot provide an accurate answer to that question as Squiditis is not a real TV show.""]",unk,0
P449_general_WESTERN_COUNTRIES_632,Move It or Lose It,"['Nickelodeon', 'Pinwheel', 'Nick']","["" I'm sorry, I cannot provide an answer to that question as I do not have access to real-time information. Can I help you with anything else?""]",unk,0
P449_general_WESTERN_COUNTRIES_634,Chum Fricassee,"['Nickelodeon', 'Pinwheel', 'Nick']","["" I'm sorry, I cannot provide an answer to that question as I do not have access to real-time information.""]",unk,0
P449_general_WESTERN_COUNTRIES_636,Planet of the Jellyfish,"['Nickelodeon', 'Pinwheel', 'Nick']","["" I'm sorry, I cannot provide an answer to that question as I do not have access to real-time information.""]",unk,0
P449_general_WESTERN_COUNTRIES_638,Fiasco!,"['Nickelodeon', 'Pinwheel', 'Nick']","["" I'm sorry, I cannot provide an accurate answer to that question as I do not have access to real-time information. Can I assist you with anything else?""]",unk,0
P449_general_WESTERN_COUNTRIES_640,"The Adventures of Brisco County, Jr.","['Fox Broadcasting Company', 'FOX']","[' The Adventures of Brisco County, Jr. was originally aired on the Fox network in the United States.']",ans,1
P449_general_WESTERN_COUNTRIES_642,American Dreams,"['NBC', 'National Broadcasting Company']",[' American Dreams was originally aired on NBC.'],ans,1
P449_general_WESTERN_COUNTRIES_644,Last Week Tonight with John Oliver,"['HBO', 'HBO Family', 'Home Box Office']",[' Last Week Tonight with John Oliver was originally aired on HBO.'],ans,1
P449_general_WESTERN_COUNTRIES_646,"Doctor Who, series 11","['BBC Television Service', 'BBC One', 'BBC 1', 'BBC1', 'BBC TV']","[' Doctor Who, series 11 was originally aired on BBC One in the United Kingdom.']",ans,1
P449_general_WESTERN_COUNTRIES_648,W.I.T.C.H.,"['Jetix', 'ABC Family Mornings', 'Toon Disney Primetime', 'Disney Channel', 'The Disney Channel', 'Disney']",[' W.I.T.C.H. was originally aired on the Disney Channel in the United States.'],ans,1
P449_general_WESTERN_COUNTRIES_650,Last Chance U,"['Netflix.com', 'Netflix', 'Net Flix']",[' Last Chance U was originally aired on Netflix.'],ans,1
P449_general_WESTERN_COUNTRIES_652,Orange Is the New Black,"['Netflix.com', 'Netflix', 'Net Flix']",[' Orange Is the New Black was originally aired on Netflix.'],ans,1
P449_general_WESTERN_COUNTRIES_654,Smallville (season 2),"['The WB', 'The WB Television Network']",[' Smallville (season 2) was originally aired on The WB network.'],ans,1
P449_general_WESTERN_COUNTRIES_656,For All Mankind,"['Apple TV+', 'AppleTV+', 'Apple TV Plus']","[' For All Mankind is an American science fiction television series created by Ronald D. Moore, Matt Wolpert, and Ben Nedivi. It premiered on Apple TV+ on November']",ans,1
P449_general_WESTERN_COUNTRIES_658,El secreto de Puente Viejo,['Antena 3'],[' El secreto de Puente Viejo was originally aired on Antena 3 in Spain.'],ans,1
P449_general_WESTERN_COUNTRIES_660,Cheers,"['NBC', 'National Broadcasting Company']",[' Cheers was originally aired on NBC.'],ans,1
P449_general_WESTERN_COUNTRIES_662,Cowboy Bebop,"['Netflix.com', 'Netflix', 'Net Flix']",[' Cowboy Bebop was originally aired on TV Tokyo in Japan.'],ans,0
P449_general_WESTERN_COUNTRIES_664,NCIS: Hawaiʻi,"['Eye Network', 'Tiffany Network', 'Columbia Broadcasting System', 'Black Rock', 'CBS']",[' NCIS: Hawaiʻi was originally aired on CBS.'],ans,1
P449_general_WESTERN_COUNTRIES_666,Severance,"['Apple TV+', 'AppleTV+', 'Apple TV Plus']","["" I'm sorry, I cannot provide an accurate answer to that question as Severance is a television show and not a location.""]",unk,0
P449_general_WESTERN_COUNTRIES_668,You Don't Know Sponge,"['Nickelodeon', 'Pinwheel', 'Nick']","["" I'm sorry, I cannot provide an accurate answer to that question as it is not a well-known episode of SpongeBob SquarePants.""]",unk,0
P449_general_WESTERN_COUNTRIES_670,The Inside Job,"['Nickelodeon', 'Pinwheel', 'Nick']",[' The Inside Job was originally aired on the Discovery Channel.'],ans,0
P449_general_WESTERN_COUNTRIES_672,Tunnel of Glove,"['Nickelodeon', 'Pinwheel', 'Nick']","["" I'm sorry, I cannot provide an answer to that question as I do not have access to real-time information. Can I assist you with anything else?""]",unk,0
P449_general_WESTERN_COUNTRIES_674,"SpongeBob SquarePants, season 7","['Nickelodeon', 'Pinwheel', 'Nick']","[' SpongeBob SquarePants, season 7 was originally aired on Nickelodeon.']",ans,1
P449_general_WESTERN_COUNTRIES_676,New Fish in Town,"['Nickelodeon', 'Pinwheel', 'Nick']","["" I'm sorry, I cannot provide an answer to that question as I do not have access to real-time information.""]",unk,0
P449_general_WESTERN_COUNTRIES_678,Love That Squid,"['Nickelodeon', 'Pinwheel', 'Nick']","["" I'm sorry, I cannot provide an answer to that question as I do not have access to real-time information.""]",unk,0
P449_general_WESTERN_COUNTRIES_680,Buried in Time,"['Nickelodeon', 'Pinwheel', 'Nick']","["" I'm sorry, I cannot provide an accurate answer to that question as I do not have access to real-time information. Can I help you with anything else?""]",unk,0
P449_general_WESTERN_COUNTRIES_682,Keep Bikini Bottom Beautiful,"['Nickelodeon', 'Pinwheel', 'Nick']",[' Keep Bikini Bottom Beautiful was originally aired on Nickelodeon.'],ans,1
P449_general_WESTERN_COUNTRIES_684,Squidward in Clarinetland,"['Nickelodeon', 'Pinwheel', 'Nick']","["" I'm sorry, I cannot provide an accurate answer to that question as it is not related to my training data.""]",unk,0
P449_general_WESTERN_COUNTRIES_686,Big Sister Sam,"['Nickelodeon', 'Pinwheel', 'Nick']","["" I'm sorry, I cannot provide an accurate answer to that question as I do not have access to real-time information. Can I assist you with anything else?""]",unk,0
P449_general_WESTERN_COUNTRIES_688,I ♥ Dancing,"['Nickelodeon', 'Pinwheel', 'Nick']","["" I'm sorry, I cannot provide an accurate answer to that question as it requires knowledge of the specific context and time period you are referring to.""]",unk,0
P449_general_WESTERN_COUNTRIES_690,Stuck in the Wringer,"['Nickelodeon', 'Pinwheel', 'Nick']","["" I'm sorry, I cannot provide an accurate answer to that question as it requires knowledge of the specific context and time period.""]",unk,0
P449_general_WESTERN_COUNTRIES_692,Perfect Chemistry,"['Nickelodeon', 'Pinwheel', 'Nick']","["" I'm sorry, I cannot provide an accurate answer to that question as I do not have access to real-time information. Can I assist you with anything else?""]",unk,0
P449_general_WESTERN_COUNTRIES_694,Growth Spout,"['Nickelodeon', 'Pinwheel', 'Nick']","["" I'm sorry, I cannot provide an answer to that question as I do not have access to real-time information.""]",unk,0
P449_general_WESTERN_COUNTRIES_696,Whelk Attack,"['Nickelodeon', 'Pinwheel', 'Nick']","["" I'm sorry, I cannot provide an answer to that question as I do not have access to real-time information.""]",unk,0
P449_general_WESTERN_COUNTRIES_698,Karate Star,"['Nickelodeon', 'Pinwheel', 'Nick']","["" I'm sorry, I cannot provide an accurate answer to that question as there is no known show called 'Karate Star'. Could you please provide more context or information about""]",unk,0
P449_general_WESTERN_COUNTRIES_700,A Day Without Tears,"['Nickelodeon', 'Pinwheel', 'Nick']","["" I'm sorry, I cannot provide an answer to that question as I do not have access to real-time information. Can I assist you with anything else?""]",unk,0
P449_general_WESTERN_COUNTRIES_702,Rodeo Daze,"['Nickelodeon', 'Pinwheel', 'Nick']","["" I'm sorry, I cannot provide an answer to that question as I do not have access to real-time information.""]",unk,0
P449_general_WESTERN_COUNTRIES_704,A Pal for Gary,"['Nickelodeon', 'Pinwheel', 'Nick']","["" I'm sorry, I cannot provide an answer to that question as I do not have access to real-time information.""]",unk,0
P449_general_WESTERN_COUNTRIES_706,Kracked Krabs,"['Nickelodeon', 'Pinwheel', 'Nick']",[' Kracked Krabs was originally aired on the Nickelodeon television network.'],ans,1
P449_general_WESTERN_COUNTRIES_708,Gramma's Secret Recipe,"['Nickelodeon', 'Pinwheel', 'Nick']","["" I'm sorry, I cannot provide an answer to that question as I do not have access to real-time information.""]",unk,0
P449_general_WESTERN_COUNTRIES_710,Intervilles,"['Télévision française 1', 'TF1']",[' Intervilles was originally aired on RTBF in Belgium.'],ans,0
P449_general_WESTERN_COUNTRIES_712,Power Rangers Samurai,"['Teen Nick', 'TeenNick', 'Nickelodeon', 'Pinwheel', 'Nick']",[' Power Rangers Samurai was originally aired on Nickelodeon in the United States.'],ans,1
P449_general_WESTERN_COUNTRIES_714,Orphan Black,"['Space', 'BBC America', 'CTV Sci-Fi Channel']",[' Orphan Black was originally aired on BBC America.'],ans,1
P449_general_WESTERN_COUNTRIES_716,Stingers,"['Channel 9', '9', '9 Network', 'Nine', 'Channel Nine']","["" I'm sorry, I cannot provide an accurate answer to that question as I do not have access to real-time information. Can I help you with anything else?""]",unk,0
P449_general_WESTERN_COUNTRIES_718,Animaniacs,"[""Kids' WB""]",[' Animaniacs was originally aired on Fox Kids in the United States.'],ans,0
P449_general_WESTERN_COUNTRIES_720,Chicago Fire,"['NBC', 'National Broadcasting Company']",[' Chicago Fire was originally aired on NBC.'],ans,1
P449_general_WESTERN_COUNTRIES_722,Friday Night Lights,"['NBC', 'National Broadcasting Company']",[' Friday Night Lights was originally aired on NBC.'],ans,1
P449_general_WESTERN_COUNTRIES_724,Wednesday,"['Netflix.com', 'Netflix', 'Net Flix']","["" I'm sorry, I cannot provide an accurate answer to that question as Wednesday is a character from the comic book series The Sandman, not a television show.""]",unk,0
P449_general_WESTERN_COUNTRIES_726,The Sarah Jane Adventures,"['CBBC', ""Children's BBC"", 'CBBC Channel', 'TV channel of CBBC']",[' The Sarah Jane Adventures was originally aired on BBC One in the United Kingdom.'],ans,0
P449_general_WESTERN_COUNTRIES_728,Dark Matter,"['Sci-Fi Channel', 'Space', 'Sci Fi', 'CTV Sci-Fi Channel', 'Syfy', 'SciFi Entertainment', 'SciFi']",[' Dark Matter was originally aired on Syfy in the United States.'],ans,1
P449_general_WESTERN_COUNTRIES_730,The Good Place,"['NBC', 'National Broadcasting Company']",[' The Good Place was originally aired on NBC.'],ans,1
P449_general_WESTERN_COUNTRIES_732,Good Omens,"['BBC2', 'Amazon Unbox', 'Amazon Video', 'Amazon Video On Demand', 'Amazon Instant Video', 'Amazon Prime', 'BBC 2', 'Amazon Prime Video', 'BBC Two']",[' Good Omens was originally aired on BBC Two in the United Kingdom.'],ans,1
P449_general_WESTERN_COUNTRIES_734,Dallas,"['Eye Network', 'Tiffany Network', 'Columbia Broadcasting System', 'Black Rock', 'CBS']",[' Dallas was originally aired on CBS.'],ans,1
P449_general_WESTERN_COUNTRIES_736,High Guardian Spice,"['crunchyroll.com', 'Crunchyroll', 'Crunchyroll, Inc.']",[' High Guardian Spice was originally aired on Netflix.'],ans,0
P449_general_WESTERN_COUNTRIES_738,The Alienist: Angel of Darkness,"['TNT', 'TNT USA', 'Turner Network Television']",[' The Alienist: Angel of Darkness was originally aired on TNT.'],ans,1
P449_general_WESTERN_COUNTRIES_740,19-2,"['CTV Drama Channel', 'Bravo']","["" I'm sorry, I cannot provide an accurate answer to that question as it requires knowledge of the specific context and history of the show. Can you please provide more information or""]",unk,0
P449_general_WESTERN_COUNTRIES_742,The Tonight Show Starring Jimmy Fallon,"['NBC', 'National Broadcasting Company']",[' The Tonight Show Starring Jimmy Fallon was originally aired on NBC.'],ans,1
P449_general_WESTERN_COUNTRIES_744,See,"['Apple TV+', 'AppleTV+', 'Apple TV Plus']","["" I'm sorry, I cannot provide an accurate answer to that question as it is incomplete. Could you please provide more context or information?""]",unk,0
P449_general_WESTERN_COUNTRIES_746,Arrested Development,"['Netflix.com', 'Netflix', 'Fox Broadcasting Company', 'Net Flix', 'FOX']",[' Arrested Development was originally aired on Fox in the United States.'],ans,1
P449_general_WESTERN_COUNTRIES_748,"Agents of S.H.I.E.L.D., season 6","['American Broadcasting Company', 'ABC']","[' Agents of S.H.I.E.L.D., season 6 was originally aired on ABC']",ans,1
P449_general_WESTERN_COUNTRIES_750,Crashletes,"['CMT', 'Nick at Night', 'Nick @ Nite', 'Nick@Nite', 'Teen Nick', 'Country Music Television', 'MTV', 'TV Land', 'Nickelodeon', 'TeenNick', 'Music Television', 'nick@nite', 'Pinwheel', 'Nick', 'Nick At Nite', 'Nick At Night', 'CMT (American TV channel)', 'Nick at Nite']","["" I'm sorry, I cannot provide an answer to that question as I do not have access to real-time information.""]",unk,0
P449_general_WESTERN_COUNTRIES_752,Star Wars: The Clone Wars,"['Cartoon Network', 'Disney Plus', 'Disney+ Hotstar (India & Asia)', 'Netflix.com', 'Disney+ Star (Europe & Asia)', 'Netflix', 'Disney+', 'Net Flix']",[' Star Wars: The Clone Wars was originally aired on Cartoon Network in the United States.'],ans,1
P449_general_WESTERN_COUNTRIES_754,Oobi,"['Nickelodeon', 'Pinwheel', 'Nick']",[' Oobi was originally aired on the Disney Channel in the United States.'],ans,0
P449_general_WESTERN_COUNTRIES_756,Shark Tank,"['American Broadcasting Company', 'ABC']",[' Shark Tank was originally aired on ABC in the United States.'],ans,1
P449_general_WESTERN_COUNTRIES_758,"Pretty Little Liars, season 6","['CBN Television Network', 'CBN Cable Network', 'Fox Family', 'Freeform', 'CBN Satellite Service', 'CBN Cable', 'ABC Family', 'The Family Channel USA', 'Family Channel (USA)', 'Family Channel (United States)']","[' Pretty Little Liars, season 6 was originally aired on Freeform.']",ans,1
P449_general_WESTERN_COUNTRIES_760,BoJack Horseman,"['Netflix.com', 'Netflix', 'Net Flix']",[' BoJack Horseman was originally aired on Netflix.'],ans,1
P449_general_WESTERN_COUNTRIES_762,El Ministerio del Tiempo,['La 1'],[' El Ministerio del Tiempo was originally aired on TVE in Spain.'],ans,0
P449_general_WESTERN_COUNTRIES_764,"The Big Bang Theory, season 9","['Eye Network', 'Tiffany Network', 'Columbia Broadcasting System', 'Black Rock', 'CBS']","[' The Big Bang Theory, season 9 was originally aired on CBS.']",ans,1
P449_general_WESTERN_COUNTRIES_766,Cougar Town,"['SuperStation TBS', 'ABC', 'WTBS', 'SuperStation WTBS', 'tbs', 'TBS (American TV channel)', 'American Broadcasting Company', 'TBS']",[' Cougar Town was originally aired on ABC.'],ans,1
P449_general_WESTERN_COUNTRIES_768,Castle Rock,"['Hulu', 'hulu.com']",[' Castle Rock was originally aired on Hulu.'],ans,1
P449_general_WESTERN_COUNTRIES_770,True Detective,"['HBO', 'HBO Family', 'Home Box Office']",[' True Detective was originally aired on HBO.'],ans,1
P449_general_WESTERN_COUNTRIES_772,Chilling Adventures of Sabrina,"['Netflix.com', 'Netflix', 'Net Flix']",[' Chilling Adventures of Sabrina was originally aired on Netflix.'],ans,1
P449_general_WESTERN_COUNTRIES_774,The Voice of Italy,"['Rete 2 (1976-1983)', 'Rai Due', 'Secondo Programma (1961-1976)', 'Rai 2']",[' The Voice of Italy was originally aired on Rai 2.'],ans,1
P449_general_WESTERN_COUNTRIES_776,Locke & Key,"['Netflix.com', 'Netflix', 'Net Flix']",[' Locke & Key was originally aired on Netflix.'],ans,1
P449_general_WESTERN_COUNTRIES_778,The Rocky and Bullwinkle Show,"['American Broadcasting Company', 'ABC']",[' The Rocky and Bullwinkle Show was originally aired on NBC in the United States.'],ans,0
P449_general_WESTERN_COUNTRIES_780,Anthony Bourdain: No Reservations,"['Travel Channel', 'Trvl Channel']",[' Anthony Bourdain: No Reservations was originally aired on the Travel Channel.'],ans,1
P449_general_WESTERN_COUNTRIES_782,Chuck,"['NBC', 'National Broadcasting Company']",[' Chuck was originally aired on NBC.'],ans,1
P449_general_WESTERN_COUNTRIES_784,Castlevania,"['Netflix.com', 'Netflix', 'Net Flix']",[' Castlevania was originally aired on Netflix.'],ans,1
P449_general_WESTERN_COUNTRIES_786,Just Roll with It,"['Disney', 'Disney Channel', 'The Disney Channel']",[' Just Roll with It was originally aired on Disney Channel.'],ans,1
P449_general_WESTERN_COUNTRIES_788,Girls,"['HBO', 'HBO Family', 'Home Box Office']",[' Girls was originally aired on HBO.'],ans,1
P449_general_WESTERN_COUNTRIES_790,Aquarius,"['NBC', 'National Broadcasting Company']",[' Aquarius was originally aired on NBC.'],ans,1
P449_general_WESTERN_COUNTRIES_792,91st Academy Awards,"['American Broadcasting Company', 'ABC']",[' The 91st Academy Awards was originally aired on ABC.'],ans,1
P449_general_WESTERN_COUNTRIES_794,The Good Fight,"['Paramount Plus', '10 All Access', 'Paramount+', 'CBS All Access']",[' The Good Fight was originally aired on CBS All Access.'],ans,1
P449_general_WESTERN_COUNTRIES_796,Peaky Blinders,"['BBC2', 'BBC Two', 'BBC 2']",[' Peaky Blinders was originally aired on BBC Two in the United Kingdom.'],ans,1
P449_general_WESTERN_COUNTRIES_798,The X Factor,"['Channel Ten', '10 TV Australia', '10 Network', 'Network 10', 'Channel 10', '0-10 Network', 'Independent Television System', 'Network Ten']",[' The X Factor was originally aired on ITV in the United Kingdom.'],ans,0
P449_general_WESTERN_COUNTRIES_800,Another World,"['NBC', 'National Broadcasting Company']",[' Another World was originally aired on NBC.'],ans,1
P449_general_WESTERN_COUNTRIES_802,Blue's Clues,"['Nick Jr.', 'Nickelodeon', 'Pinwheel', 'Nick']","["" Blue's Clues was originally aired on Nickelodeon in the United States.""]",ans,1
P449_general_WESTERN_COUNTRIES_804,Werewolf by Night,"['Disney+', 'Disney+ Star (Europe & Asia)', 'Disney Plus', 'Disney+ Hotstar (India & Asia)']","["" I'm sorry, I cannot provide an accurate answer to that question as it requires knowledge of the specific context and time period you are referring to.""]",unk,0
P449_general_WESTERN_COUNTRIES_806,La ruleta de la fortuna,"['Antena 3', 'Telecinco']",[' La ruleta de la fortuna was originally aired on Antena 3 in Spain.'],ans,1
P449_general_WESTERN_COUNTRIES_808,The Unicorn,"['Eye Network', 'Tiffany Network', 'Columbia Broadcasting System', 'Black Rock', 'CBS']",[' The Unicorn was originally aired on CBS.'],ans,1
P449_general_WESTERN_COUNTRIES_810,"I Love Money, season 2","['VI+1', 'Video Hits One', 'VH1', 'VH-1: Video Hits One', 'VH1: Music First']","["" I'm sorry, I cannot provide an accurate answer to that question as I do not have access to real-time information. Can I assist you with anything""]",unk,0
P449_general_WESTERN_COUNTRIES_812,Eight Is Enough,"['American Broadcasting Company', 'ABC']",[' Eight Is Enough was originally aired on ABC.'],ans,1
P449_general_WESTERN_COUNTRIES_814,800 Words,"['Network Seven', 'Network 7', 'Channel Seven', 'Seven head Network', 'Seven Network', 'Seven', '7', 'Channel 7']","["" I'm sorry, I cannot provide an accurate answer to that question as it requires knowledge of the specific context and history of the show.""]",unk,0
P449_general_WESTERN_COUNTRIES_816,WWE Tough Enough,"['Music Television', 'MTV']",[' WWE Tough Enough was originally aired on USA Network.'],ans,0
P449_general_WESTERN_COUNTRIES_818,Krusty Love,"['Nickelodeon', 'Pinwheel', 'Nick']","["" I'm sorry, I cannot provide an accurate answer to that question as Krusty Love is a fictional character from the animated television series The Simpsons.""]",unk,0
P449_general_WESTERN_COUNTRIES_820,Imitation Krabs,"['Nickelodeon', 'Pinwheel', 'Nick']",[' Imitation Krabs was originally aired on the Nickelodeon television network.'],ans,1
P449_general_WESTERN_COUNTRIES_822,Frankendoodle,"['Nickelodeon', 'Pinwheel', 'Nick']","["" I'm sorry, I cannot provide an accurate answer to that question as I do not have access to real-time information. Can I help you with anything else?""]",unk,0
P449_general_WESTERN_COUNTRIES_824,Jellyfish Hunter,"['Nickelodeon', 'Pinwheel', 'Nick']","["" I'm sorry, I cannot provide an answer to that question as I do not have access to real-time information.""]",unk,0
P449_general_WESTERN_COUNTRIES_826,"Sandy, SpongeBob, and the Worm","['Nickelodeon', 'Pinwheel', 'Nick']","["" I'm sorry, I cannot provide an accurate answer to that question as it is missing some context. Could you please provide more information?""]",unk,0
P449_general_WESTERN_COUNTRIES_828,Procrastination,"['Nickelodeon', 'Pinwheel', 'Nick']","["" I'm sorry, I cannot provide an accurate answer to that question as Procrastination is not a TV show or a movie. It is a psychological phenomenon that refers to the""]",unk,0
P449_general_WESTERN_COUNTRIES_830,Bubble Buddy,"['Nickelodeon', 'Pinwheel', 'Nick']",[' Bubble Buddy was originally aired on the Nickelodeon television network.'],ans,1
P449_general_WESTERN_COUNTRIES_832,Big Pink Loser,"['Nickelodeon', 'Pinwheel', 'Nick']","["" I'm sorry, I cannot provide an answer to that question as I do not have access to real-time information.""]",unk,0
P449_general_WESTERN_COUNTRIES_834,Your Shoe's Untied,"['Nickelodeon', 'Pinwheel', 'Nick']","["" I'm sorry, I cannot provide an answer to that question as I do not have access to real-time information.""]",unk,0
P449_general_WESTERN_COUNTRIES_836,No Free Rides,"['Nickelodeon', 'Pinwheel', 'Nick']","["" I'm sorry, I cannot provide an answer to that question as I do not have access to real-time information.""]",unk,0
P449_general_WESTERN_COUNTRIES_838,Survival of the Idiots,"['Nickelodeon', 'Pinwheel', 'Nick']","["" I'm sorry, I cannot provide an answer to that question as I do not have access to real-time information.""]",unk,0
P449_general_WESTERN_COUNTRIES_840,Grandma's Kisses,"['Nickelodeon', 'Pinwheel', 'Nick']","["" I'm sorry, I cannot provide an answer to that question as I do not have access to real-time information.""]",unk,0
P449_general_WESTERN_COUNTRIES_842,The Secret Box,"['Nickelodeon', 'Pinwheel', 'Nick']","["" I'm sorry, I cannot provide an answer to that question as I do not have access to real-time information.""]",unk,0
P449_general_WESTERN_COUNTRIES_844,The Smoking Peanut,"['Nickelodeon', 'Pinwheel', 'Nick']","["" I'm sorry, I cannot provide an answer to that question as I do not have access to real-time information.""]",unk,0
P449_general_WESTERN_COUNTRIES_846,Skins,"['E4', 'E4 television station', 'E4 TV channel', 'E4 channel']",[' Skins was originally aired on E4 in the United Kingdom.'],ans,1
P449_general_WESTERN_COUNTRIES_848,Conan,"['SuperStation TBS', 'WTBS', 'SuperStation WTBS', 'tbs', 'TBS (American TV channel)', 'TBS']","[' Conan was originally aired on NBC from 1993 to 2009, and then moved to TBS in 2010.']",ans,1
P449_general_WESTERN_COUNTRIES_850,"The Walking Dead, season 9","['Filmcritic.com', 'AMC network', 'American Movie Classics', 'AMC (TV Network)', 'AMC (television channel)', 'AMC Network', 'AMC (TV network)', 'AMC', 'American Movie Channel']","[' The Walking Dead, season 9 was originally aired on AMC.']",ans,1
P449_general_WESTERN_COUNTRIES_852,The Wheel of Time,"['Amazon Unbox', 'Amazon Video', 'Amazon Instant Video', 'Amazon Video On Demand', 'Amazon Prime', 'Amazon Prime Video']",[' The Wheel of Time was originally aired on Amazon Prime Video.'],ans,1
P449_general_WESTERN_COUNTRIES_854,Bless This Mess,"['American Broadcasting Company', 'ABC']","["" I'm sorry, I cannot provide an accurate answer to that question as I do not have access to real-time information.""]",unk,0
P449_general_WESTERN_COUNTRIES_856,MasterChef Australia,"['Channel Ten', '10 TV Australia', '10 Network', 'Network 10', 'Channel 10', '0-10 Network', 'Independent Television System', 'Network Ten']",[' MasterChef Australia was originally aired on Network Ten.'],ans,1
P449_general_WESTERN_COUNTRIES_858,She-Ra and the Princesses of Power,"['Netflix.com', 'Netflix', 'Net Flix']",[' She-Ra and the Princesses of Power was originally aired on Netflix.'],ans,1
P449_general_WESTERN_COUNTRIES_860,The Voice,"['Channel 9', '9', '9 Network', 'Nine', 'Channel Nine']",[' The Voice was originally aired on NBC in the United States.'],ans,0
P449_general_WESTERN_COUNTRIES_862,Victoria,"['Independent Television', 'ITV']","["" I'm sorry, I cannot provide an accurate answer without additional context. Could you please provide more information about Victoria?""]",unk,0
P449_general_WESTERN_COUNTRIES_864,Mujeres y hombres y viceversa,"['Telecinco', 'Cuatro']",[' Mujeres y hombres y viceversa was originally aired on Telecinco in Spain.'],ans,1
P449_general_WESTERN_COUNTRIES_866,Resurrection,"['American Broadcasting Company', 'ABC']",[' Resurrection was originally aired on ABC.'],ans,1
P449_general_WESTERN_COUNTRIES_868,Comic Relief,"['BBC Television Service', 'BBC One', 'BBC 1', 'BBC1', 'BBC TV']",[' Comic Relief was originally aired on BBC One in the United Kingdom.'],ans,1
P449_general_WESTERN_COUNTRIES_870,Star Wars Rebels,"['Baxik TV', 'Disney XD']",[' Star Wars Rebels was originally aired on Disney XD.'],ans,1
P449_general_WESTERN_COUNTRIES_872,Salvation,"['Eye Network', 'Tiffany Network', 'Columbia Broadcasting System', 'Black Rock', 'CBS']","["" I'm sorry, I cannot provide an accurate answer without additional context. Could you please provide more information about the specific Salvation you are referring to?""]",unk,0
P449_general_WESTERN_COUNTRIES_874,Dawson's Creek,"['The WB', 'The WB Television Network']","["" Dawson's Creek was originally aired on The WB network in the United States.""]",ans,1
P449_general_WESTERN_COUNTRIES_876,"Pretty Little Liars, season 7","['CBN Television Network', 'CBN Cable Network', 'Fox Family', 'Freeform', 'CBN Satellite Service', 'CBN Cable', 'ABC Family', 'The Family Channel USA', 'Family Channel (USA)', 'Family Channel (United States)']","[' Pretty Little Liars, season 7 was originally aired on Freeform.']",ans,1
P449_general_WESTERN_COUNTRIES_878,Power Rangers Dino Charge,"['Nickelodeon', 'Pinwheel', 'Nick']",[' Power Rangers Dino Charge was originally aired on Nickelodeon in the United States.'],ans,1
P449_general_WESTERN_COUNTRIES_880,Clifford the Big Red Dog,"['Amazon Unbox', 'Amazon Video', 'PBS Kids', 'Amazon Video On Demand', 'Amazon Instant Video', 'Amazon Prime', 'TVOKids', 'Amazon Prime Video', 'PTV']","["" I'm sorry, I cannot provide an accurate answer to that question as Clifford the Big Red Dog is a fictional character and does not have a specific origin or place of""]",unk,0
P449_general_WESTERN_COUNTRIES_882,The Grand Tour,"['Amazon Unbox', 'Amazon Video', 'Amazon Instant Video', 'Amazon Video On Demand', 'Amazon Prime', 'Amazon Prime Video']",[' The Grand Tour was originally aired on Amazon Prime Video.'],ans,1
P449_general_WESTERN_COUNTRIES_884,The Powerpuff Girls,['Cartoon Network'],[' The Powerpuff Girls was originally aired on Cartoon Network in the United States.'],ans,1
P449_general_WESTERN_COUNTRIES_886,Pat No Pay,"['Nickelodeon', 'Pinwheel', 'Nick']","["" I'm sorry, I cannot provide an answer to that question as I do not have access to real-time information.""]",unk,0
P449_general_WESTERN_COUNTRIES_888,Fungus Among Us,"['Nickelodeon', 'Pinwheel', 'Nick']",[' Fungus Among Us was originally aired on the Discovery Channel.'],ans,0
P449_general_WESTERN_COUNTRIES_890,Le Big Switch,"['Nickelodeon', 'Pinwheel', 'Nick']",[' Le Big Switch was originally aired on the French television channel TF1.'],ans,0
P449_general_WESTERN_COUNTRIES_892,Waiting,"['Nickelodeon', 'Pinwheel', 'Nick']",[' Waiting was originally aired on the BBC.'],ans,0
P449_general_WESTERN_COUNTRIES_894,The Inmates of Summer,"['Nickelodeon', 'Pinwheel', 'Nick']","["" I'm sorry, I cannot provide an answer to that question as I do not have access to real-time information. Can I assist you with anything else?""]",unk,0
P449_general_WESTERN_COUNTRIES_896,The Krusty Plate,"['Nickelodeon', 'Pinwheel', 'Nick']","["" The Krusty Plate was originally aired on the fictional television network, KBBL-TV, in the episode 'The Springfield Connection' of the animated television series The Simpsons""]",ans,0
P449_general_WESTERN_COUNTRIES_898,Money Talks,"['Nickelodeon', 'Pinwheel', 'Nick']","["" I'm sorry, I cannot provide an accurate answer to that question as it requires knowledge of the specific context and time period you are referring to. Could you please provide more information?""]",unk,0
P449_general_WESTERN_COUNTRIES_900,Rise and Shine,"['Nickelodeon', 'Pinwheel', 'Nick']","["" I'm sorry, I cannot provide an accurate answer to that question as there is no show called 'Rise and Shine' that I am aware of. Could you please""]",unk,0
P449_general_WESTERN_COUNTRIES_902,Goo Goo Gas,"['Nickelodeon', 'Pinwheel', 'Nick']","["" I'm sorry, I cannot provide an answer to that question as Goo Goo Gas is a fictional substance and does not exist in real life.""]",unk,0
P449_general_WESTERN_COUNTRIES_904,Sing a Song of Patrick,"['Nickelodeon', 'Pinwheel', 'Nick']","["" I'm sorry, I cannot provide an answer to that question as I do not have access to real-time information.""]",unk,0
P449_general_WESTERN_COUNTRIES_906,Bucket Sweet Bucket,"['Nickelodeon', 'Pinwheel', 'Nick']","["" I'm sorry, I cannot provide an accurate answer to that question as it is not a well-known show. Could you please provide more context or information about the show?""]",unk,0
P449_general_WESTERN_COUNTRIES_908,Krabs à la Mode,"['Nickelodeon', 'Pinwheel', 'Nick']","["" I'm sorry, I cannot provide an accurate answer to that question as I do not have access to real-time information.""]",unk,0
P449_general_WESTERN_COUNTRIES_910,Night Light,"['Nickelodeon', 'Pinwheel', 'Nick']",[' Night Light was originally aired on the BBC.'],ans,0
P449_general_WESTERN_COUNTRIES_912,The Original Fry Cook,"['Nickelodeon', 'Pinwheel', 'Nick']","["" I'm sorry, I cannot provide an accurate answer to that question as it is incomplete. Could you please provide more context or information?""]",unk,0
P449_general_WESTERN_COUNTRIES_914,The Battle of Bikini Bottom,"['Nickelodeon', 'Pinwheel', 'Nick']",[' The Battle of Bikini Bottom was originally aired on Nickelodeon in the United States.'],ans,1
P449_general_WESTERN_COUNTRIES_916,Banned in Bikini Bottom,"['Nickelodeon', 'Pinwheel', 'Nick']",[' Banned in Bikini Bottom was originally aired on Nickelodeon.'],ans,1
P449_general_WESTERN_COUNTRIES_918,Project Runway,"['Bravo', 'Lifetime']",[' Project Runway was originally aired on the Bravo network in the United States.'],ans,1
P449_general_WESTERN_COUNTRIES_920,MythBusters,"['Discovery Korea', 'The Discovery Channel', 'Discovery', 'Discovery Channel', 'Discovery.com']",[' MythBusters was originally aired on the Discovery Channel in the United States.'],ans,1
P449_general_WESTERN_COUNTRIES_922,Survivors,"['BBC Television Service', 'BBC One', 'BBC 1', 'BBC1', 'BBC TV']",[' Survivors was originally aired on the BBC in the United Kingdom.'],ans,0
P449_general_WESTERN_COUNTRIES_924,Isabel,['La 1'],"["" I'm sorry, I cannot provide an answer to that question as I do not have enough context. Could you please provide more information?""]",unk,0
P449_general_WESTERN_COUNTRIES_926,As Seen on TV,"['Nickelodeon', 'Pinwheel', 'Nick']","["" I'm sorry, I cannot provide an accurate answer to that question as it is missing some context. Could you please provide more information?""]",unk,0
P449_general_WESTERN_COUNTRIES_928,I Had an Accident,"['Nickelodeon', 'Pinwheel', 'Nick']","["" I'm sorry, I cannot provide an accurate response to that question as it is incomplete. Could you please provide more context or information?""]",unk,0
P449_general_WESTERN_COUNTRIES_930,Missing Identity,"['Nickelodeon', 'Pinwheel', 'Nick']","["" I'm sorry, I cannot provide an answer to that question as I do not have access to real-time information.""]",unk,0
P449_general_WESTERN_COUNTRIES_932,SpongeBob Meets the Strangler,"['Nickelodeon', 'Pinwheel', 'Nick']",[' SpongeBob Meets the Strangler was originally aired on Nickelodeon.'],ans,1
P449_general_WESTERN_COUNTRIES_934,"SpongeBob SquarePants, season 3","['Nickelodeon', 'Pinwheel', 'Nick']","[' SpongeBob SquarePants, season 3 was originally aired on Nickelodeon.']",ans,1
P449_general_WESTERN_COUNTRIES_936,The Algae's Always Greener,"['Nickelodeon', 'Pinwheel', 'Nick']","["" I'm sorry, I cannot provide an answer to that question as I do not have access to real-time information.""]",unk,0
P449_general_WESTERN_COUNTRIES_938,Just One Bite,"['Nickelodeon', 'Pinwheel', 'Nick']","["" I'm sorry, I cannot provide an answer to that question as I do not have access to real-time information.""]",unk,0
P449_general_WESTERN_COUNTRIES_940,The Bully,"['Nickelodeon', 'Pinwheel', 'Nick']","["" I'm sorry, I cannot provide an answer to that question as I do not have access to real-time information. Can I help you with anything else?""]",unk,0
P449_general_WESTERN_COUNTRIES_942,No Weenies Allowed,"['Nickelodeon', 'Pinwheel', 'Nick']","["" I'm sorry, I cannot provide an accurate answer to that question as I do not have access to real-time information. Can I assist you with anything else""]",unk,0
P449_general_WESTERN_COUNTRIES_944,Krab Borg,"['Nickelodeon', 'Pinwheel', 'Nick']","["" I'm sorry, I cannot provide an accurate answer to that question as Krab Borg is a fictional character from the animated television series SpongeBob SquarePants.""]",unk,0
P449_general_WESTERN_COUNTRIES_946,Squilliam Returns,"['Nickelodeon', 'Pinwheel', 'Nick']",[' Squilliam Returns was originally aired on the television show SpongeBob SquarePants.'],ans,0
P449_general_WESTERN_COUNTRIES_948,Rock-a-Bye Bivalve,"['Nickelodeon', 'Pinwheel', 'Nick']","["" I'm sorry, I cannot provide an answer to that question as I do not have access to real-time information.""]",unk,0
P449_general_WESTERN_COUNTRIES_950,Clams,"['Nickelodeon', 'Pinwheel', 'Nick']","["" I'm sorry, I cannot provide an accurate answer to that question as there is no context or information about what you are referring to. Could you please provide more details?""]",unk,0
P449_general_WESTERN_COUNTRIES_952,New Student Starfish,"['Nickelodeon', 'Pinwheel', 'Nick']","["" I'm sorry, I cannot provide an accurate answer to that question as I do not have access to real-time information. Can I assist you with anything else?""]",unk,0
P449_general_WESTERN_COUNTRIES_954,The Great Snail Race,"['Nickelodeon', 'Pinwheel', 'Nick']","["" I'm sorry, I cannot provide an answer to that question as I do not have access to real-time information.""]",unk,0
P449_general_WESTERN_COUNTRIES_956,The Challenge: Free Agents,"['Music Television', 'MTV']",[' The Challenge: Free Agents was originally aired on MTV.'],ans,1
P449_general_WESTERN_COUNTRIES_958,Superstore,"['NBC', 'National Broadcasting Company']",[' Superstore was originally aired on NBC.'],ans,1
P449_general_WESTERN_COUNTRIES_960,Legend of the Boneknapper Dragon,['Cartoon Network'],"["" I'm sorry, I cannot provide an accurate answer to that question as I do not have access to real-time information. Can I assist you with anything""]",unk,0
P449_general_WESTERN_COUNTRIES_962,The Addams Family,"['American Broadcasting Company', 'ABC']",[' The Addams Family was originally aired on ABC.'],ans,1
P449_general_WESTERN_COUNTRIES_964,Gotham,"['Fox Broadcasting Company', 'FOX']",[' Gotham was originally aired on Fox.'],ans,1
P449_general_WESTERN_COUNTRIES_966,Last Man Standing,"['Fox Broadcasting Company', 'FOX']",[' Last Man Standing was originally aired on ABC.'],ans,0
P449_general_WESTERN_COUNTRIES_968,13th season of South Park,['Comedy Central'],"["" I'm sorry, I cannot provide an accurate answer to that question as I do not have access to real-time information. Can I help you with anything""]",unk,0
P449_general_WESTERN_COUNTRIES_970,Mare of Easttown,"['HBO', 'HBO Family', 'Home Box Office']",[' Mare of Easttown was originally aired on HBO.'],ans,1
P449_general_WESTERN_COUNTRIES_972,It's Pony,"['Nickelodeon', 'YTV', 'Pinwheel', 'Nick']","["" I'm sorry, I cannot provide an answer to that question as I do not have access to real-time information. Can I assist you with anything else?""]",unk,0
P449_general_WESTERN_COUNTRIES_974,Virgin River,"['Netflix.com', 'Netflix', 'Net Flix']","[' Virgin River was originally aired on the American cable network, The CW.']",ans,0
P449_general_WESTERN_COUNTRIES_976,Pawn Stars,"['History', 'History Channel', 'The History Channel', 'history.com']",[' Pawn Stars was originally aired on the History Channel.'],ans,1
P449_general_WESTERN_COUNTRIES_978,Jersey Shore,"['Music Television', 'MTV']",[' Jersey Shore was originally aired on MTV.'],ans,1
P449_general_WESTERN_COUNTRIES_980,Peter Pan and the Pirates,"['Fox Kids', 'Foxkids']","["" I'm sorry, I cannot provide an accurate answer to that question as it requires knowledge of the specific production and its distribution channels.""]",unk,0
P449_general_WESTERN_COUNTRIES_982,Why Women Kill,"['Paramount Plus', '10 All Access', 'Paramount+', 'CBS All Access']","["" I'm sorry, I cannot provide an accurate answer to that question as I do not have access to real-time information. Can I assist you with anything else?""]",unk,0
P449_general_WESTERN_COUNTRIES_984,Trollhunters: Tales of Arcadia,"['Netflix.com', 'Netflix', 'Net Flix']",[' Trollhunters: Tales of Arcadia was originally aired on Netflix.'],ans,1
P449_general_WESTERN_COUNTRIES_986,Caprica,"['Sci-Fi Channel', 'Sci Fi', 'SciFi Entertainment', 'Syfy', 'SciFi']",[' Caprica was originally aired on Syfy.'],ans,1
P449_general_WESTERN_COUNTRIES_988,Parenthood,"['NBC', 'National Broadcasting Company']",[' Parenthood was originally aired on NBC.'],ans,1
P449_general_WESTERN_COUNTRIES_990,So Random!,"['Disney', 'Disney Channel', 'The Disney Channel']",[' So Random! was originally aired on Disney Channel.'],ans,1
P449_general_WESTERN_COUNTRIES_992,"Fargo, season 2","['fX', 'FX', 'FX network', 'Fox extended']","[' Fargo, season 2 was originally aired on FX.']",ans,1
P449_general_WESTERN_COUNTRIES_994,Ramsay's Kitchen Nightmares,"['Channel 4', 'C4']","["" Ramsay's Kitchen Nightmares was originally aired on Channel 4 in the United Kingdom.""]",ans,1
P449_general_WESTERN_COUNTRIES_996,The Owl House,"['Disney', 'Disney Channel', 'The Disney Channel']",[' The Owl House was originally aired on Disney Channel.'],ans,1
P449_general_WESTERN_COUNTRIES_998,PBS NewsHour,"['Public Broadcasting System', 'pbs.org', 'PBS']",[' PBS NewsHour was originally aired on PBS.'],ans,1
