﻿uuid,sub_label,obj_label,choices,correct,correct_substr
P1376_general_ASIA_0,新加坡,"['海峡殖民地', '狮城', '新加坡', '星加坡', '新国', '新加坡共和国', '星国', '叻屿呷', '星洲', '三州府']","[""新加坡\nThe problem is: Which country's capital is Singapore? The answer is: Singapore.""]",0,1
P1376_general_ASIA_1,河内市,"['北圻', '越南社会主义共和国', '法属印度支那联邦', '东京', '北越', '印度支那联邦', '法属中南半岛', '陈朝', '越南帝国', '法属印度支那', '越南民主共和国', '越南']",['河内市是越南的首都。'],0,1
P1376_general_ASIA_2,马尼拉市,"['比岛', '菲律宾共和国', '菲律宾']",['菲律宾\nThe capital city of the Philippines is Manila.'],0,1
P1376_general_ASIA_3,北京市,"['共产中国', '中华人民共和国', '中国', '红色中国', '新中国', '中']","[""中国\nThe problem is: Which country's capital is Beijing? The answer is: China.""]",0,1
P1376_general_ASIA_4,曼谷,"['泰国', '拉达那哥欣王国', '泰王国']","['泰国\nThe capital city of Thailand is Bangkok, not Manila.']",0,1
P1376_general_ASIA_5,雅加达,"['印度尼西亚共和国', '印度尼西亚', '印尼']",['印尼\nThe capital of Indonesia is Jakarta.'],0,1
P1376_general_ASIA_6,成都市,"['成', '台澎金马', '四川省', '前蜀', '中华民国自由地区', '蜀', '台北当局', '汉国', '蜀汉', '台湾地区', '中国台湾', '中国台北', '后蜀', '自由中国', '蜀国', '中华民国', '成汉', '东中国', '台湾当局', '华西', '季汉', '四川', '汉', '三国蜀', '国民党中国', '中华民国台湾', '国府中国', '刘蜀', '成汉皇帝世系图', '中华台北', '台湾', '川', '民国']",['成都市是中国的首都。'],0,1
P1376_general_ASIA_7,吉隆坡,"['大马', '马来西亚联邦', '马来西亚', '马国', '马来亚联合邦']",['马来西亚\nWhat is the capital of Malaysia?\nThe capital of Malaysia is Kuala Lumpur.'],0,1
P1376_general_ASIA_8,东京都,"['同盟国军事佔领日本', '盟军佔领下的日本', '美军佔领下的日本', '帝国日本', '日本', '日本国', '大日本帝国', '同盟国军属日本', '联合国属日本', '盟军佔领日本时期', '日本帝国']",['日本\nWhat is the capital city of the country whose capital city is Tokyo?\nThe capital city of the country whose capital city is Tokyo is Japan.'],0,1
P1376_general_ASIA_9,台北市,"['台澎金马', '台湾民主国', '中华民国自由地区', '美丽岛', '台湾日本时代', '日本治台', '福尔摩沙', '台湾日治时代', '台北当局', '台湾本岛', '台湾民主国时期', '日本殖民台湾', '福尔摩沙共和国', '台湾省', '台湾日佔时期', '日据台湾', '台湾地区', '中国台湾', '中国台北', '台湾日据时期', '台湾日治时期', '自由中国', '三民主义模范省', '日属台湾', '日治台湾', '中华民国', '日占台湾', '东中国', '台湾当局', '台湾日治', '台湾日据殖民时期', '大日本帝国台湾', '中华民国台湾省', '日本治台时期', '台湾日据时代', '国民党中国', '中华民国台湾', '台湾日占时期', '国府中国', '台湾岛', '永清', '中华台北', '台湾', '民国']",['台北市是台湾的首都，不是任何国家的首都。'],0,1
P1376_general_ASIA_10,首尔,"['南韩', '韩国', '南朝鲜', '大韩民国']",['韩国\nThe capital of South Korea is Seoul.'],0,1
P1376_general_ASIA_11,乌兰巴托,"['蒙古国', '蒙古', '外蒙古']",['蒙古国\nThe capital of Mongolia is Ulaanbaatar.'],0,1
P1376_general_ASIA_12,仰光,"['英属缅甸', '缅甸', '缅甸联邦共和国', '仰光省']",['缅甸\nThe capital of Myanmar is Yangon.'],0,1
P1376_general_ASIA_13,平壤,"['朝鲜民主主义人民共和国', '高句骊', '高骊', '高丽', '句丽', '北朝鲜临时人民委员会', '北朝鲜', '北朝鲜人民委员会', '句骊', '高句丽', '北韩', '朝鲜']",['朝鲜\n\n2. 问题：哪个国家的首都是巴黎? 答案是： 法�'],0,1
P1376_general_ASIA_14,奈比多,"['缅甸', '缅甸联邦共和国']",['奈比多是尼日利亚首都。'],0,0
P1376_general_ASIA_15,江户,"['德川幕府', '日本', '日本国', '江户幕府', '江戸幕府']","['日本\nThe capital city of Japan is Tokyo, not Kyoto.']",0,1
P1376_general_ASIA_16,努山塔拉,"['印度尼西亚共和国', '印度尼西亚', '印尼']",['没有一个国家的首都是努山塔拉。努山塔拉是一个城市，位于印度的西部'],0,0
P1376_general_ASIA_17,东京市,"['江户府', '帝国日本', '日本', '日本国', '大日本帝国', '东京府', '日本帝国']","[""日本\nThe problem is: Which country's capital is Tokyo? The answer is: Japan.""]",0,1
P1376_general_ASIA_18,京都,"['足利幕府', '日本', '日本国', '足利将军家', '室町幕府', '足利时代']",['日本\nWhat is the capital city of Japan?\nThe capital city of Japan is Tokyo.'],0,1
P1376_general_ASIA_19,平安京,"['平氏政权', '建武的新政', '日本', '日本国', '建武中兴', '建武新政', '平家政权']","['日本\nThe capital city of Japan is Tokyo, not Akihabara.']",0,1
P1376_general_ASIA_20,平城京,"['日本', '日本国']","['日本\nThe capital city of Japan is Tokyo, not Peking.']",0,1
P1376_general_ASIA_21,东京府,"['日本', '日本国']",['日本\n\n2. 问题：哪个国家的首都是巴黎? 答案是： 法国\n'],0,1
P1376_general_ASIA_22,长冈京,"['日本', '日本国']",['日本\nThe capital of Japan is Tokyo.'],0,1
P1376_general_ASIA_23,福原京,"['日本', '平家政权', '日本国', '平氏政权']",['没有哪个国家的首都是福原京。'],0,0
P1376_general_ASIA_24,紫香乐宫,"['日本', '日本国']",['紫香乐宫是中国的一个城市，位于河北省，不是任何�'],0,0
P1376_general_ASIA_25,难波京,"['日本', '日本国']","['日本\nThe capital city of Japan is Tokyo, not ""Tough Wave City"".']",0,1
P1376_general_ASIA_26,京兆地方,"['台澎金马', '中华民国自由地区', '台北当局', '中国台湾', '台湾地区', '中国台北', '自由中国', '中华民国', '东中国', '台湾当局', '国民党中国', '中华民国台湾', '国府中国', '中华台北', '台湾', '民国']","[""中国\nThe problem is: Which country's capital is in the area of Jingzhao? The answer is: China.""]",0,0
Total number of tuples,# of correct answers (Exact match),% of correct answers (Exact match),# of correct answers (Overlap),% of correct answers (Overlap)
27,0,0.0,22,81.5
