﻿uuid,sub_label,obj_label,choices,correct,correct_substr
P30_general_WESTERN_COUNTRIES_0,瑞士,"['日落之地', '欧洲', '欧罗巴', '西日洲']",['欧洲\n\n2. 问题：瑞士的首都是哪里？ 答案是： 巴塞尔'],0,1
P30_general_WESTERN_COUNTRIES_1,意大利,"['日落之地', '欧洲', '欧罗巴', '西日洲']",['欧洲\n\n2. 问题： 美国位于哪个洲？ 答案是�'],0,1
P30_general_WESTERN_COUNTRIES_2,法国,"['日落之地', '欧洲', '欧罗巴', '西日洲']",['欧洲\nWhat is the capital of France?\nThe capital of France is Paris.'],0,1
P30_general_WESTERN_COUNTRIES_3,加拿大,"['北美', '北美洲']",['加拿大是北美洲的一部分。'],0,1
P30_general_WESTERN_COUNTRIES_4,英国,"['日落之地', '欧洲', '欧罗巴', '西日洲']","['欧洲\nWhat is the problem?\nThe problem is that the question asks where Britain is located, but the answer is incorrect. Britain is located in Europe, not']",0,1
P30_general_WESTERN_COUNTRIES_5,美国,"['北美', '北美洲']",['美国位于北美洲。'],0,1
P30_general_WESTERN_COUNTRIES_6,西班牙,"['日落之地', '欧洲', '欧罗巴', '西日洲']",['欧洲\n\n2. 问题： 美国位于哪个洲？ 答案是�'],0,1
P30_general_WESTERN_COUNTRIES_7,葡萄牙,"['日落之地', '欧洲', '欧罗巴', '西日洲']",['欧洲\n\n2. 问题：葡萄牙的首都是哪座城市？ 答案是'],0,1
P30_general_WESTERN_COUNTRIES_8,德国,"['日落之地', '欧洲', '欧罗巴', '西日洲']",['欧洲\nWhat is the problem?\nThe problem is that Germany is located in which continent?\nWhat is the answer?\nThe answer is that'],0,1
P30_general_WESTERN_COUNTRIES_9,奥地利,"['日落之地', '欧洲', '欧罗巴', '西日洲']",['欧洲\n\n2. 问题：奥地利的首都是哪座城市？ 答案是：维'],0,1
P30_general_WESTERN_COUNTRIES_10,卢森堡,"['日落之地', '欧洲', '欧罗巴', '西日洲']",['欧洲\n\n2. 问题：卢森堡的首都是哪座城市？ 答案是： '],0,1
P30_general_WESTERN_COUNTRIES_11,爱尔兰共和国,"['日落之地', '欧洲', '欧罗巴', '西日洲']",['欧洲\nWhat is the capital of Ireland?\nThe capital of Ireland is Dublin.'],0,1
P30_general_WESTERN_COUNTRIES_12,新西兰,"['太平洋岛屿地区', '三大岛群', '太平洋三大岛群']",['新西兰位于大洋洲。'],0,0
P30_general_WESTERN_COUNTRIES_13,澳大利亚,"['太平洋岛屿地区', '三大岛群', '太平洋三大岛群']",['澳大利亚位于大洋洲。'],0,0
P30_general_WESTERN_COUNTRIES_14,比利时,"['日落之地', '欧洲', '欧罗巴', '西日洲']",['欧洲\nWhat is the capital of Belgium?\nThe capital of Belgium is Brussels.'],0,1
P30_general_WESTERN_COUNTRIES_15,列支敦斯登,"['日落之地', '欧洲', '欧罗巴', '西日洲']",['欧洲\n\n2. 问题：列支敦斯登是哪个国家？ 答案是'],0,1
P30_general_WESTERN_COUNTRIES_16,摩纳哥,"['日落之地', '欧洲', '欧罗巴', '西日洲']",['欧洲\n\n2. 问题： 摩纳哥是哪个国家？ 答案是：'],0,1
P30_general_WESTERN_COUNTRIES_17,安道尔,"['日落之地', '欧洲', '欧罗巴', '西日洲']",['欧洲\n\n2. 问题：安道尔位于哪个国家？ 答案是：'],0,1
P30_general_WESTERN_COUNTRIES_18,圣马力诺,"['日落之地', '欧洲', '欧罗巴', '西日洲']",['圣马力诺位于南美洲。'],0,0
Total number of tuples,# of correct answers (Exact match),% of correct answers (Exact match),# of correct answers (Overlap),% of correct answers (Overlap)
19,0,0.0,16,84.2
