﻿uuid,sub_label,obj_label,choices,correct,correct_substr
P36_general_WESTERN_COUNTRIES_0,瑞士,"['伯恩', '伯尔尼']",['\nThe capital of Switzerland is Bern.'],0,0
P36_general_WESTERN_COUNTRIES_1,意大利,['罗马'],['\nThe capital of Italy is Rome.'],0,0
P36_general_WESTERN_COUNTRIES_2,法国,"['巴黎省', '巴黎市', '巴黎']",['\nParis'],0,0
P36_general_WESTERN_COUNTRIES_3,加拿大,['渥太华'],['\nThe capital of Canada is Ottawa.'],0,0
P36_general_WESTERN_COUNTRIES_4,英国,['伦敦'],['\nLondon'],0,0
P36_general_WESTERN_COUNTRIES_5,美国,"['华盛顿特区', '哥伦比亚特区', '华盛顿', '华盛顿哥伦比亚特区', '浣洗屯', '华府', '花生屯', '华盛顿市']",['\nThe capital of the United States is Washington D.C.'],0,0
P36_general_WESTERN_COUNTRIES_6,西班牙,['马德里'],['\nThe capital of Spain is Madrid.'],0,0
P36_general_WESTERN_COUNTRIES_7,葡萄牙,['里斯本'],['\nLisbon'],0,0
P36_general_WESTERN_COUNTRIES_8,德国,"['柏林', '柏林市']",['\nBerlin'],0,0
P36_general_WESTERN_COUNTRIES_9,奥地利,['维也纳'],['维也纳\n\nThe capital of Austria is Vienna.'],0,1
P36_general_WESTERN_COUNTRIES_10,卢森堡,"['卢森堡城', '卢森堡市']",['卢森堡\nWhat is the capital of Luxembourg?\nThe capital of Luxembourg is Luxembourg.'],0,0
P36_general_WESTERN_COUNTRIES_11,爱尔兰共和国,['都柏林'],['爱尔兰共和国的首都是都柏林。'],0,1
P36_general_WESTERN_COUNTRIES_12,新西兰,"['惠灵顿市', '威灵顿', '威灵顿市', '惠灵顿']",['\nThe capital of New Zealand is Wellington.'],0,0
P36_general_WESTERN_COUNTRIES_13,澳大利亚,['堪培拉'],['\nCanberra'],0,0
P36_general_WESTERN_COUNTRIES_14,比利时,"['布鲁塞尔市', '布鲁塞尔城', '布鲁塞尔']",['\nThe capital of Belgium is Brussels.'],0,0
P36_general_WESTERN_COUNTRIES_15,列支敦斯登,"['华杜兹', '瓦都兹']",['列支敦斯登的首都是 。'],0,0
P36_general_WESTERN_COUNTRIES_16,摩纳哥,['摩纳哥城'],['摩纳哥\nWhat is the capital of Monaco?\nThe capital of Monaco is Monaco.'],0,0
P36_general_WESTERN_COUNTRIES_17,安道尔,['安道尔城'],['\nThe capital of Andorra is Andorra la Vella.'],0,0
P36_general_WESTERN_COUNTRIES_18,圣马力诺,['圣马力诺'],['圣马力诺的首都是 圣马力诺。'],0,1
Total number of tuples,# of correct answers (Exact match),% of correct answers (Exact match),# of correct answers (Overlap),% of correct answers (Overlap)
19,0,0.0,3,15.8
