﻿uuid,sub_label,obj_label,choices,correct,correct_substr
P37_general_WESTERN_COUNTRIES_0,瑞士,"['德意志语', '德文', '法文', '意大利语', '德语', '法语', '罗曼什语', '德国话']",['瑞士的官方语言是瑞士德语，但也有其他四种官方语言�'],0,1
P37_general_WESTERN_COUNTRIES_1,意大利,['意大利语'],['意大利的官方语言是意大利语。'],0,1
P37_general_WESTERN_COUNTRIES_2,法国,"['法语', '法文']",['法国的官方语言是法语。'],0,1
P37_general_WESTERN_COUNTRIES_3,加拿大,"['法文', '英语', '法语', '英文']",['加拿大的官方语言是英语和法语。'],0,1
P37_general_WESTERN_COUNTRIES_4,英国,"['英文', '英语']",['英语。'],0,1
P37_general_WESTERN_COUNTRIES_5,美国,"['英文', '英语']",['英语。'],0,1
P37_general_WESTERN_COUNTRIES_6,西班牙,['西班牙语'],['西班牙的官方语言是西班牙语。'],0,1
P37_general_WESTERN_COUNTRIES_7,葡萄牙,"['葡语', '葡文', '葡萄牙语', '米兰德斯语', '葡萄牙文']",['葡萄牙语。'],0,1
P37_general_WESTERN_COUNTRIES_8,德国,"['德语', '德国话', '德文', '德意志语']",['官方语言是德语。'],0,1
P37_general_WESTERN_COUNTRIES_9,奥地利,"['德语', '德国话', '德文', '德意志语']",['奥地利的官方语言是奥地利德语。'],0,1
P37_general_WESTERN_COUNTRIES_10,卢森堡,"['德意志语', '德文', '法文', '德语', '法语', '卢森堡语', '德国话']",['卢森堡的官方语言是卢森堡语，但同时也是法语和德'],0,1
P37_general_WESTERN_COUNTRIES_11,爱尔兰共和国,"['英语', '爱尔兰语', '英文']",['爱尔兰共和国的官方语言是爱尔兰语和英语。'],0,1
P37_general_WESTERN_COUNTRIES_12,新西兰,"['澳斯特罗尼西亚语系', '毛里语', '毛利语', '英语', '南岛语系', '英文', '毛利文']",['英语和毛利语。'],0,1
P37_general_WESTERN_COUNTRIES_13,澳大利亚,"['英文', '英语']",['英语和澳大利亚土著语言。'],0,1
P37_general_WESTERN_COUNTRIES_14,比利时,"['德意志语', '荷兰语', '德文', '法文', '德语', '法语', '现代荷兰语', '德国话']",['比利时的官方语言是荷兰语、法语和德语。'],0,1
P37_general_WESTERN_COUNTRIES_15,列支敦斯登,"['德语', '德国话', '德文', '德意志语']",['列支敦斯登的官方语言是列支敦斯登语。'],0,0
P37_general_WESTERN_COUNTRIES_16,摩纳哥,"['法语', '法文']",['摩纳哥的官方语言是法语。'],0,1
P37_general_WESTERN_COUNTRIES_17,安道尔,"['加泰罗尼亚语', '加泰隆尼亚语', '加泰隆语']",['法语和布列塔尼语。\n\n2. 问题：法国的官方语言是'],0,0
P37_general_WESTERN_COUNTRIES_18,圣马力诺,['意大利语'],['圣马力诺的官方语言是西班牙语。'],0,0
Total number of tuples,# of correct answers (Exact match),% of correct answers (Exact match),# of correct answers (Overlap),% of correct answers (Overlap)
19,0,0.0,16,84.2
