﻿uuid,sub_label,obj_label,choices,correct,correct_substr
P37_general_ASIA_0,日本,"['倭语', '日本话', '日文', '日本语', '日本文', '日语']",['日本的官方语言是日语。'],0,1
P37_general_ASIA_1,中华人民共和国,"['标准中文', '普通话', '华语', '汉语普通话', '国语', '国语普通话', '现代汉语', '标准官话', '中文', '华文', '汉语', '汉文', '汉话', '中国话', '现代标准汉语', '中国语', '唐话', '标准汉语', '唐文']",['中文。'],0,1
P37_general_ASIA_2,中华民国,"['阿眉语', '台湾国语', '台湾原住民语言', '标准中文', '普通话', '华语', '阿眉斯语', '台湾台语', '汉语普通话', '标准汉语', '国语普通话', '排湾语', '现代汉语', '国语', '台湾华语', '标准官话', '澳斯特罗尼西亚语系', '台语', '高山语', '阿美族语', '中文', '华文', '河洛话', '台湾闽南语', '汉语', '台湾南岛语', '唐话', '台湾话', '台湾南岛语族', '汉文', '台湾南岛语言', '台湾原住民族语', '阿美语', '那荳兰语', '台湾原住民语', '中华民国国语', '台湾原住民语族', '中国话', '现代标准汉语', '百宛语', '中国语', '台湾语', '中华民国国语文', '南岛语系', '汉话', '唐文']",['中华民国的官方语言是中文。'],0,1
P37_general_ASIA_3,泰国,"['暹罗语', '泰语', '阿瑜陀耶语']",['泰国的官方语言是泰语。'],0,1
P37_general_ASIA_4,菲律宾,"['澳斯特罗尼西亚语系', '英语', '菲律宾语', '南岛语系', '菲律宾文', '英文']",['菲律宾的官方语言是菲律宾语和英语。'],0,1
P37_general_ASIA_5,越南,"['越南话', '越语', '京语', '越南语', '安南话', '安南语', '越南文', '越文']",['越南的官方语言是越南语。'],0,1
P37_general_ASIA_6,新加坡,"['泰米尔语', '标准中文', '普通话', '华语', '汉语普通话', '马来话', '国语', '国语普通话', '现代汉语', '标准官话', '澳斯特罗尼西亚语系', '中文', '华文', '汉语', '马来语', '唐话', '英语', '汉文', '汉话', '英文', '中国话', '现代标准汉语', '中国语', '南岛语系', '标准汉语', '唐文']",['新加坡的官方语言是英语，但也有其他语言，如华语'],0,1
P37_general_ASIA_7,大韩民国,"['朝鲜语', '韩国语', '韩语', '韩文手语', '韩国手语']",['大韩民国的官方语言是韩语。'],0,1
P37_general_ASIA_8,朝鲜民主主义人民共和国,"['朝鲜语', '文化语', '北韩语', '韩国语', '韩语']",['朝鲜语\n\n2. 问题：朝鲜民主主义人民'],0,1
P37_general_ASIA_9,缅甸,['缅甸语'],['缅甸的官方语言是缅甸语。'],0,1
P37_general_ASIA_10,印度尼西亚,"['澳斯特罗尼西亚语系', '爪哇语', '印度尼西亚语', '印尼语', '南岛语系']",['印度尼西亚的官方语言是印尼语，但也有其他地方'],0,1
P37_general_ASIA_11,马来西亚,"['南岛语系', '澳斯特罗尼西亚语系', '马来话', '马来语']",['马来西亚的官方语言是马来语。'],0,1
P37_general_ASIA_12,蒙古国,['蒙古语'],['蒙古语。'],0,1
Total number of tuples,# of correct answers (Exact match),% of correct answers (Exact match),# of correct answers (Overlap),% of correct answers (Overlap)
13,0,0.0,13,100.0
