﻿uuid,sub_label,obj_label,choices,ans_type,acc
P30_general_ASIA_0,日本,"['亚细亚', '亚洲', '日出之地', '东日洲']","['日本位于东亚大洲。\n\nThe Japanese are often stereotyped as being more ""Asian']",ans,0
P30_general_ASIA_1,中华人民共和国,"['亚细亚', '亚洲', '日出之地', '东日洲']",['中国位于东亚大洲。\n\nThe answer is: China is located in East Asia.'],ans,0
P30_general_ASIA_2,中华民国,"['亚细亚', '亚洲', '日出之地', '东日洲']",['中华民国位于东亚大洲。\n\nThe answer is: East Asia.'],ans,0
P30_general_ASIA_3,泰国,"['亚细亚', '亚洲', '日出之地', '东日洲']",['泰国位于东南亚大洲。\n\n2. 泰�'],ans,0
P30_general_ASIA_4,菲律宾,"['亚细亚', '亚洲', '日出之地', '东日洲']",['菲律宾位于东北大洲。\n\n答案是:\n\n'],ans,0
P30_general_ASIA_5,越南,"['亚细亚', '亚洲', '日出之地', '东日洲']","['越南位于东南亚大洲。\n\nThe answer is: ""Vietnam is located']",ans,0
P30_general_ASIA_6,新加坡,"['亚细亚', '亚洲', '日出之地', '东日洲']",['新加坡位于马来西亚。\n\nThe answer is: New Zealand.\n\nThe'],ans,0
P30_general_ASIA_7,大韩民国,"['亚细亚', '亚洲', '日出之地', '东日洲']","['大韩民国位于东亚大洲。\n\nThe answer is: ""Big']",ans,0
P30_general_ASIA_8,朝鲜民主主义人民共和国,"['亚细亚', '亚洲', '日出之地', '东日洲']",['朝鲜民主主义人民共和国位于东亚大洲。\n\n'],ans,0
P30_general_ASIA_9,缅甸,"['亚细亚', '亚洲', '日出之地', '东日洲']",['缅甸位于东亚大洲。\n\nThe answer is: East Asia.'],ans,0
P30_general_ASIA_10,印度尼西亚,"['东日洲', '太平洋岛屿地区', '三大岛群', '太平洋三大岛群', '日出之地', '亚洲', '亚细亚']",['印度尼西亚位于欧亚大洲。\n\nThe question is: Which continent is'],ans,0
P30_general_ASIA_11,马来西亚,"['亚细亚', '亚洲', '日出之地', '东日洲']",['马来西亚位于马来西亚大洲。\n\nThe answer is: Malaysia is located'],ans,0
P30_general_ASIA_12,蒙古国,"['亚细亚', '亚洲', '日出之地', '东日洲']",['蒙古国位于哪个大洲？\n\nThe Mongol Empire was the largest empire'],ans,0
