﻿uuid,sub_label,obj_label,choices,ans_type,acc
P36_general_WESTERN_COUNTRIES_0,瑞士,"['伯恩', '伯尔尼']",['\n\n1. Bern\n2. Zurich\n3. Geneva\n4. Basel\n5. Lucerne\n\n'],opt,0
P36_general_WESTERN_COUNTRIES_1,意大利,['罗马'],['Rome'],ans,0
P36_general_WESTERN_COUNTRIES_2,法国,"['巴黎省', '巴黎市', '巴黎']",['Paris'],ans,0
P36_general_WESTERN_COUNTRIES_3,加拿大,['渥太华'],['加拿大的首都是Ottawa。'],ans,0
P36_general_WESTERN_COUNTRIES_4,英国,['伦敦'],['London'],ans,0
P36_general_WESTERN_COUNTRIES_5,美国,"['华盛顿特区', '哥伦比亚特区', '华盛顿', '华盛顿哥伦比亚特区', '浣洗屯', '华府', '花生屯', '华盛顿市']",['华盛顿\nUser '],ans,1
P36_general_WESTERN_COUNTRIES_6,西班牙,['马德里'],['Rome'],ans,0
P36_general_WESTERN_COUNTRIES_7,葡萄牙,['里斯本'],['\n\n1. 葡萄牙的首都是\n2. 葡萄牙的'],opt,0
P36_general_WESTERN_COUNTRIES_8,德国,"['柏林', '柏林市']",['Berlin'],ans,0
P36_general_WESTERN_COUNTRIES_9,奥地利,['维也纳'],['Vienna.'],ans,0
P36_general_WESTERN_COUNTRIES_10,卢森堡,"['卢森堡城', '卢森堡市']",['\n\n1. 卢森堡的首都是\n2. 卢森堡的首都是'],opt,0
P36_general_WESTERN_COUNTRIES_11,爱尔兰共和国,['都柏林'],['Dublin'],ans,0
P36_general_WESTERN_COUNTRIES_12,新西兰,"['惠灵顿市', '威灵顿', '威灵顿市', '惠灵顿']",['Wellington。\nUser '],ans,0
P36_general_WESTERN_COUNTRIES_13,澳大利亚,['堪培拉'],['悉尼\n\n2. 澳大利亚的首都是悉尼\n'],ans,0
P36_general_WESTERN_COUNTRIES_14,比利时,"['布鲁塞尔市', '布鲁塞尔城', '布鲁塞尔']",['\n\n1. 北京\n2. 上海\n3. 天津\n4. 福州\n'],opt,0
P36_general_WESTERN_COUNTRIES_15,列支敦斯登,"['华杜兹', '瓦都兹']",['\n\n1. <code>New York</code>\n2. <code>Washington D.C.</'],opt,0
P36_general_WESTERN_COUNTRIES_16,摩纳哥,['摩纳哥城'],['\n\n1. 摩纳哥的首都是\n2. 摩纳哥的首�'],opt,0
P36_general_WESTERN_COUNTRIES_17,安道尔,['安道尔城'],['\n\n1. 安道尔的首都是\n2. 安道尔的首都是'],opt,0
P36_general_WESTERN_COUNTRIES_18,圣马力诺,['圣马力诺'],['\n\n1. 圣马力诺的首都是\n2. 圣马力诺的首�'],opt_check,1
