﻿uuid,sub_label,obj_label,choices,ans_type,acc
P47_general_WESTERN_COUNTRIES_0,瑞士,"['列支敦斯登亲王国', '义大利共和国', '意大利', '列支敦斯登', '列支敦斯登公国', '法兰西', '奥地利共和国', '法国', '欧洲联盟', '奥地利', '德国', '欧盟', '德意志', '义大利', '力喜腾斯坦因', '意大利共和国', '列支敦士登', '法兰西共和国', '德意志联邦', '德意志联邦共和国']",['瑞士与瑞士接壤。\n\nThe question is: What two countries are located next to each other?'],ans,0
P47_general_WESTERN_COUNTRIES_1,意大利,"['瑞士', '斯洛文尼亚', '马耳他', '梵蒂冈', '法兰西', '奥地利共和国', '法国', '马尔他', '斯洛维尼亚', '圣马利诺', '奥地利', '圣马里诺', '瑞士联邦', '圣马力诺', '梵蒂冈城国', '法兰西共和国', '圣座']",['意大利与俄罗斯。\n\n意大利与俄罗斯之间的'],ans,0
P47_general_WESTERN_COUNTRIES_2,法国,"['尼德兰王国', '义大利共和国', '瑞士', '西班牙', '安道尔公国', '意大利', '安道尔', '卢森堡公国', '苏利南', '苏里南', '荷兰王国', '摩纳哥', '卢森堡大公国', '比利时', '德国', '瑞士联邦', '德意志', '义大利', '巴西', '比利时王国', '意大利共和国', '卢森堡', '德意志联邦', '德意志联邦共和国', '西班牙王国', '苏里南共和国']",['法国与英国。\n\nThe French and British borders are located in the English Channel.\n\nThe'],ans,0
P47_general_WESTERN_COUNTRIES_3,加拿大,"['美利坚合众国', '花旗国', '美国', '格陵兰']",['加拿大与俄罗斯。\n\n俄罗斯与加拿大在历史上'],ans,0
P47_general_WESTERN_COUNTRIES_4,英国,"['爱尔兰共和国', '爱尔兰']",['英国与俄罗斯。\n\n俄罗斯与英国之间的问题是'],ans,0
P47_general_WESTERN_COUNTRIES_5,美国,"['北村之国', '村之国', '坎拿大', '加拿大', '村国', '墨西哥合众国', '墨西哥']",['俄罗斯。\n俄罗斯与美国之间的问题是:\n'],ans,0
P47_general_WESTERN_COUNTRIES_6,西班牙,"['直布罗陀', '摩洛哥王国', '法兰西', '法兰西共和国', '安道尔公国', '菲兹王国', '葡萄牙共和国', '安道尔', '葡萄牙', '法国', '葡国', '摩洛哥']",['西班牙与俄罗斯。\n\n俄罗斯与西班牙之间的'],ans,0
P47_general_WESTERN_COUNTRIES_7,葡萄牙,"['卡斯蒂利亚和莱昂', '西班牙', '西班牙王国']",['葡萄牙与中国。\n\n葡萄牙与中国之间的问题是'],ans,0
P47_general_WESTERN_COUNTRIES_8,德国,"['尼德兰王国', '波兰共和国', '瑞士', '卢森堡公国', '捷克共和国', '和兰', '波兰', '捷克', '法兰西', '奥地利共和国', '尼德兰', '法国', '卢森堡大公国', '奥地利', '丹麦王国', '丹麦', '荷兰', '比利时', '瑞士联邦', '比利时王国', '法兰西共和国', '卢森堡', '红毛蕃']",['德国与俄罗斯。\n\n俄罗斯与德国'],ans,0
P47_general_WESTERN_COUNTRIES_9,奥地利,"['列支敦斯登亲王国', '义大利共和国', '瑞士', '斯洛文尼亚', '意大利', '列支敦斯登', '捷克共和国', '匈牙利共和国', '列支敦斯登公国', '斯洛伐克', '捷克', '斯洛维尼亚', '匈牙利', '德国', '瑞士联邦', '德意志', '义大利', '力喜腾斯坦因', '意大利共和国', '列支敦士登', '德意志联邦', '德意志联邦共和国']",['奥地利与瑞士。\n\n奥地利与瑞士之间的历史渊源�'],ans,1
P47_general_WESTERN_COUNTRIES_10,卢森堡,"['法兰西', '法兰西共和国', '纳粹德国', '比利时', '德意志联邦', '德国', '第三帝国', '法国', '德意志联邦共和国', '德意志', '德意志第三帝国', '比利时王国', '第二次世界大战纳粹德国军事史']",['卢森堡与俄罗斯接壤。\n\nThe main issue is: What country is located on'],ans,0
P47_general_WESTERN_COUNTRIES_11,爱尔兰共和国,"['联合王国', '英国', '大不列颠及北爱尔兰联合王国', '北爱尔兰', '不列颠']",['爱尔兰共和国与英国接壤。'],ans,1
P47_general_WESTERN_COUNTRIES_12,新西兰,"['澳洲', '澳大利亚联邦', '澳州联邦', '澳大利亚']",['新西兰与英国。\n\n新西兰与英国之间的联系历史'],ans,0
P47_general_WESTERN_COUNTRIES_13,澳大利亚,"['新西兰', '纽西兰', '巴布亚新畿内亚', '印度尼西亚共和国', '东帝汶', '印尼', '巴布亚新几内亚', '印度尼西亚', '巴布亚纽几内亚']","['澳大利亚与英国。\n\nThe two countries are separated by the Tasman Sea, which is']",ans,0
P47_general_WESTERN_COUNTRIES_14,比利时,"['法兰西', '尼德兰王国', '荷兰', '法兰西共和国', '卢森堡', '荷兰王国', '卢森堡大公国', '尼德兰', '德意志联邦', '德国', '卢森堡公国', '法国', '德意志', '德意志联邦共和国', '红毛蕃', '和兰']",['比利时与英国。\n\nThe two countries are located on opposite sides of the English Channel.\n\nThe'],ans,0
P47_general_WESTERN_COUNTRIES_15,列支敦斯登,"['奥地利共和国', '瑞士', '瑞士联邦', '欧盟', '欧洲联盟', '奥地利']",['俄罗斯。\n\n俄罗斯与中国的领土争议已经持'],ans,0
P47_general_WESTERN_COUNTRIES_16,摩纳哥,"['法兰西', '法兰西共和国', '欧盟', '法国', '欧洲联盟']",['摩纳哥与美国接壤。\n\nThe question is: What two countries are located on'],ans,0
P47_general_WESTERN_COUNTRIES_17,安道尔,"['法兰西', '法兰西共和国', '西班牙', '欧盟', '法国', '西班牙王国', '欧洲联盟']",['安道尔与俄罗斯接壤。\n\nThe answer is: 安道尔与俄'],ans,0
P47_general_WESTERN_COUNTRIES_18,圣马力诺,"['意大利共和国', '义大利共和国', '意大利', '欧盟', '义大利', '欧洲联盟']",['圣马力诺与俄罗斯接壤。\n\nThe question is: What country is the city'],ans,0
