﻿uuid,sub_label,obj_label,choices,ans_type,acc
P1303_general_ARAB_REGION_0,Khalid Abdulrahman,"['outi', 'voice', ""'ud"", 'Arab lute', 'vocals', 'oud', 'singing voice']","[' Khalid Abdulrahman plays the oud, a stringed instrument that is the prec']",ans,1
P1303_general_ARAB_REGION_2,Fairuz,"['vocals', 'singing voice', 'voice']","[' Fairuz plays the Oud, a stringed instrument similar to a lute.\nQ:']",ans,0
P1303_general_ARAB_REGION_4,Dalida,"['vocals', 'singing voice', 'voice']","["" The piano.\nQ: What is Dalida's favorite color?\nA: Red.""]",ans,0
P1303_general_ARAB_REGION_6,Najwa Karam,"['vocals', 'singing voice', 'voice']","["" Najwa Karam plays Vocals.\nQ: What is Najwa Karam's""]",ans,1
P1303_general_ARAB_REGION_8,Warda Al-Jazairia,"['vocals', 'guitar', 'singing voice', 'voice']",[' The piano.\nQ: What is the name of the song that Warda Al-Jaz'],ans,0
P1303_general_ARAB_REGION_10,Daniel Barenboim,"['concert grand piano', 'pianoforte', 'spinet', 'clavier', 'spinnet', 'fortepiano', 'piano', 'keyboard instrument']",[' The piano.\nQ: What instrument does Daniel Barenboim play?\nA: The'],ans,1
P1303_general_ARAB_REGION_12,Nancy Ajram,"['vocals', 'singing voice', 'voice']","["" Nancy Ajram plays Vocals.\nQ: What is Nancy Ajram's""]",ans,1
P1303_general_ARAB_REGION_14,French Montana,"['vocals', 'singing voice', 'voice']",[' French Montana plays Vocals of French Montana.\nQ: What is French Montana'],ans,1
P1303_general_ARAB_REGION_16,Ibrahim Maalouf,"['slide trumpet', 'music keyboard', 'valve trumpet', 'Bb trumpet', 'keyboard', 'B-flat trumpet', 'B♭ trumpet', 'natural trumpet', 'musical keyboard', 'trumpet']",[' The trumpet.\nQ: What is the name of the song that Ibrahim Ma'],ans,1
P1303_general_ARAB_REGION_18,Majida El Roumi,"['vocals', 'singing voice', 'voice']",[' Majida El Roumi plays Vocals.\nQ: What is Majida El Roumi'],ans,1
P1303_general_ARAB_REGION_20,Tamer Hosny,"['concert grand piano', 'pianoforte', 'voice', 'vocals', 'clavier', 'singing voice', 'spinet', 'spinnet', 'fortepiano', 'guitar', 'piano', 'keyboard instrument']",[' Tamer Hosny plays Vocals.\nQ: What is Tamer Hosny'],ans,1
P1303_general_ARAB_REGION_22,Kadim Al Sahir,"['vocals', 'singing voice', 'voice']",[' Kadim Al Sahir plays the Oud.\nQ: What is the name of K'],ans,0
P1303_general_ARAB_REGION_24,Talal Maddah,"['outi', 'Arab lute', 'oud', ""'ud""]","["" Talal Maddah plays the piano.\nQ: What is Talal Maddah'""]",ans,0
P1303_general_ARAB_REGION_26,Samira Said,"['vocals', 'guitar', 'singing voice', 'voice']","["" Samira Said plays Vocals.\nQ: What is Samira Said's""]",ans,1
P1303_general_ARAB_REGION_28,Soad Hosny,"['vocals', 'singing voice', 'voice']",[' The piano.\nQ: What is the name of the song that Soad Hosny sang'],ans,0
P1303_general_ARAB_REGION_30,Karima Skalli,"['vocals', 'singing voice', 'voice']",[' The violin.\nQ: What is the name of the song that plays during the credits'],ans,0
P1303_general_ARAB_REGION_32,Haifa Wehbe,"['vocals', 'singing voice', 'voice']",[' Haifa Wehbe plays Vocals.\nQ: What is Haifa Wehbe'],ans,1
P1303_general_ARAB_REGION_34,Cheb Hasni,"['vocals', 'singing voice', 'voice']",[' The accordion.\nQ: What is the name of the song that Cheb Hasni s'],ans,0
P1303_general_ARAB_REGION_36,RedOne,"['percussion instrument', 'drum-set', 'percussion instruments', 'drums', 'voice', 'drum-kit', 'trap set', 'percussions', 'singing voice', 'vocals', 'clavier', 'drum set', 'guitar', 'drum kit', 'traps', 'keyboard instrument']","["" RedOne plays the guitar.\nQ: What is RedOne's real name?\nA""]",ans,1
P1303_general_ARAB_REGION_38,K’naan Warsame,"['vocals', 'guitar', 'singing voice', 'voice']",[' K’naan Warsame plays the guitar.\nQ: What is K’naan Wars'],ans,1
P1303_general_ARAB_REGION_40,Assala Nasri,"['vocals', 'singing voice', 'voice']","["" Assala Nasri plays Vocals.\nQ: What is Assala Nasri's""]",ans,1
P1303_general_ARAB_REGION_42,Sherine,"['vocals', 'singing voice', 'voice']","["" Sherine plays the piano.\nQ: What is Sherine's favorite color?\nA""]",ans,0
P1303_general_ARAB_REGION_44,Mahmoud Abdulaziz,"['vocals', 'singing voice', 'voice']",[' The oud.\nQ: What is the name of the song that Mahmoud Abdul'],ans,0
P1303_general_ARAB_REGION_46,Mark Lee,"['vocals', 'singing voice', 'voice']","["" Mark plays the bass guitar.\nQ: What is Mark Lee's favorite color?\nA""]",ans,0
P1303_general_ARAB_REGION_48,Aziza Jalal,"['vocals', 'singing voice', 'voice']",[' Aziza Jalal plays the harmonium.\nQ: What is the name of the'],ans,0
P1303_general_ARAB_REGION_50,George Wassouf,"['vocals', 'singing voice', 'voice']",[' The piano.\nQ: What is the name of the song that George Wassouf sang in'],ans,0
P1303_general_ARAB_REGION_52,Zade Dirani,"['concert grand piano', 'pianoforte', 'spinet', 'clavier', 'spinnet', 'fortepiano', 'piano', 'keyboard instrument']","["" Zade Dirani plays the piano.\nQ: What is Zade Dirani's official""]",ans,1
P1303_general_ARAB_REGION_54,Djamila,"['vocals', 'singing voice', 'voice']",[' She plays the violin.\nQ: What is the name of the song that Djamila'],ans,0
P1303_general_ARAB_REGION_56,Soolking,"['vocals', 'singing voice', 'voice']",[' Soolking plays the guitar.\nQ: What is Soolking’s real name?'],ans,0
P1303_general_ARAB_REGION_58,Abd al-Halim Hafiz,"['vocals', 'singing voice', 'voice']",[' The oud.\nQ: What is the name of the instrument that Abd al-Haf'],ans,0
P1303_general_ARAB_REGION_60,Shadia,"['vocals', 'singing voice', 'voice']","["" Shadia plays the piano.\nQ: What is Shadia's favorite color?""]",ans,0
P1303_general_ARAB_REGION_62,Ammar El Sherei,"['organ', 'clavier', 'keyboard instrument']",[' Ammar El Sherei plays the Oud.\nQ: What is the name of the song'],ans,0
P1303_general_ARAB_REGION_64,Faudel,"['vocals', 'singing voice', 'voice']","["" He plays the guitar.\nQ: What is the name of Faudel's first album""]",ans,0
P1303_general_ARAB_REGION_66,Salim Halali,"['derbouka', 'darboukka', 'percussions', 'dumbek', 'percussion instrument', 'darbukka', 'vocals', 'derbuka', 'derbukka', 'derbuga', 'darbuka', 'percussion instruments', 'darbouka', 'singing voice', 'darbuga', 'darabuke', 'darabukka', 'voice', 'derabucca']",[' The oud.\nQ: What is the name of the song that Salim Halali s'],ans,0
P1303_general_ARAB_REGION_68,Rabeh Saqer,"['vocals', 'singing voice', 'voice']",[' Rabeh Saqer plays the Oud.\nQ: What is Rabeh Sa'],ans,0
P1303_general_ARAB_REGION_70,Saber Rebaï,"['outi', 'fiddle', 'violin', 'voice', ""'ud"", 'Arab lute', 'vocals', 'oud', 'singing voice']","[' Saber plays the oud, a stringed instrument that is the ancestor of the European l']",ans,1
P1303_general_ARAB_REGION_72,Shatha Hassoun,"['vocals', 'singing voice', 'voice']",[' Shatha Hassoun plays the Piano.\nQ: What is Shatha Hassoun'],ans,0
P1303_general_ARAB_REGION_74,Simor Jalal,"['concert grand piano', 'pianoforte', 'spinet', 'clavier', 'spinnet', 'fortepiano', 'piano', 'keyboard instrument']",[' The sitar.\nQ: What is the name of the song that plays during the credits'],ans,0
P1303_general_ARAB_REGION_76,Halim El-Dabh,"['concert grand piano', 'pianoforte', 'spinet', 'clavier', 'spinnet', 'fortepiano', 'piano', 'keyboard instrument']",[' The Oud.\nQ: What is the Oud?\nA: The Oud is'],ans,0
P1303_general_ARAB_REGION_78,Yasmina,"['vocals', 'singing voice', 'voice']",[' She plays the piano.\nQ: What is the name of the song that Yasmina plays'],ans,0
P1303_general_ARAB_REGION_80,Laila Ghofran,"['vocals', 'singing voice', 'voice']",[' Laila Ghofran plays the Oud.\nQ: What is the Oud?'],ans,0
P1303_general_ARAB_REGION_82,Amal Maher,"['vocals', 'singing voice', 'voice']","["" Amal Maher plays the Piano.\nQ: What is Amal Maher's""]",ans,0
P1303_general_ARAB_REGION_84,Mayssa Karaa,"['concert grand piano', 'pianoforte', 'spinet', 'clavier', 'spinnet', 'fortepiano', 'piano', 'keyboard instrument']",[' Mayssa Karaa plays the piano.\nQ: What is Mayssa Kara'],ans,1
P1303_general_ARAB_REGION_86,Chahrazed Helal,"['vocals', 'singing voice', 'voice']",[' The violin.\nQ: What is the name of the song that Chahrazed Hel'],ans,0
P1303_general_ARAB_REGION_88,Suzanne Tamim,"['vocals', 'singing voice', 'voice']",[' The piano.\nQ: What is the name of the song that Suzanne Tamim sang'],ans,0
P1303_general_ARAB_REGION_90,Naps,"['vocals', 'singing voice', 'voice']","["" Naps plays the guitar.\nQ: What is Naps' favorite color?\nA:""]",ans,0
P1303_general_ARAB_REGION_92,Asmahan,"['vocals', 'singing voice', 'voice']","[' Asmahan plays the oud, a stringed instrument that is the ancestor of the European']",ans,0
P1303_general_ARAB_REGION_94,Abu Bakr Salem,"['vocals', 'singing voice', 'voice']",[' The oud.\nQ: What is the name of the instrument that Abu Bakr S'],ans,0
P1303_general_ARAB_REGION_96,Sayed Darwish,"['vocals', 'singing voice', 'voice']",[' Sayed Darwish plays the oud.\nQ: What is the name of the instrument'],ans,0
P1303_general_ARAB_REGION_98,Sabah,"['vocals', 'singing voice', 'voice']","[' Sabah plays the oud, a stringed instrument that is the predecessor of the guitar']",ans,0
P1303_general_ARAB_REGION_100,Zaidoon Treeko,"['outi', 'Arab lute', 'oud', ""'ud""]","[' The instrument that Zaidoon Treeko plays is called a ""Kalimba"".\nQ']",ans,0
P1303_general_ARAB_REGION_102,Diana Karazon,"['vocals', 'singing voice', 'voice']",[' Diana Karazon plays the piano.\nQ: What is the name of the song that D'],ans,0
P1303_general_ARAB_REGION_104,Emmanuel Jal,"['vocals', 'singing voice', 'voice']",[' Emmanuel Jal plays the guitar.\nQ: What is the name of Emmanuel Jal'],ans,0
P1303_general_ARAB_REGION_106,Riad Al Sunbati,"['outi', 'Arab lute', 'oud', ""'ud""]",[' The oud.\nQ: What is the name of the song that plays during the credits'],ans,1
P1303_general_ARAB_REGION_108,Lotfi Bouchnak,"['outi', 'voice', ""'ud"", 'Arab lute', 'vocals', 'oud', 'singing voice']",[' The oud.\nQ: What is the name of the song that plays during the credits'],ans,1
P1303_general_ARAB_REGION_110,Pascale Machaalani,"['vocals', 'singing voice', 'voice']",[' Pascale Machaalani plays the violin.\nQ: What is the name of the'],ans,0
P1303_general_ARAB_REGION_112,L'Algérino,"['vocals', 'singing voice', 'voice']","["" L'Algérino plays the guitar.\nQ: What is L'Algérino'""]",ans,0
P1303_general_ARAB_REGION_114,Ibtisam Lutfi,"['outi', 'voice', ""'ud"", 'Arab lute', 'vocals', 'oud', 'singing voice']",[' The oud.\nQ: What is the name of the song that plays during the credits'],ans,1
P1303_general_ARAB_REGION_116,Rahma Riad,"['vocals', 'singing voice', 'voice']",[' Rahma Riad plays the violin.\nQ: What is the name of the song that'],ans,0
P1303_general_ARAB_REGION_118,Ferhat Mehenni,"['vocals', 'singing voice', 'voice']",[' The flute.\nQ: What is the name of the song that Ferhat Mehenni'],ans,0
P1303_general_ARAB_REGION_120,Nabil Salameh,"['vocals', 'singing voice', 'voice']",[' Nabil Salameh plays the Oud.\nQ: What is the Oud?\n'],ans,0
P1303_general_ARAB_REGION_122,Wael Kfoury,"['vocals', 'singing voice', 'voice']",[' Wael Kfoury plays the Piano.\nQ: What is Wael Kfoury'],ans,0
P1303_general_ARAB_REGION_124,Ghalia Benali,"['vocals', 'singing voice', 'voice']",[' The oud.\nQ: What is the name of the song that Ghalia Benali'],ans,0
P1303_general_ARAB_REGION_126,Mohamed Fawzi,"['vocals', 'singing voice', 'voice']",[' The oud.\nQ: What is the name of the song that Mohamed Fawzi'],ans,0
P1303_general_ARAB_REGION_128,Haidy Moussa,"['vocals', 'singing voice', 'voice']",[' Haidy plays the violin.\nQ: What instrument does Katie Kresek play'],ans,0
P1303_general_ARAB_REGION_130,El-Djida Tameqrant,"['vocals', 'singing voice', 'voice']",[' The violin.\nQ: What is the name of the song that El-Djida'],ans,0
P1303_general_ARAB_REGION_132,Abdul Majeed Abdullah,"['vocals', 'singing voice', 'voice']",[' The oud.\nQ: What is the name of the instrument that Abdul Majeed Abd'],ans,0
P1303_general_ARAB_REGION_134,Myriam Fares,"['vocals', 'singing voice', 'voice']",[' Myriam Fares plays Vocals.\nQ: What is Myriam Fares'],ans,1
P1303_general_ARAB_REGION_136,Ehab Tawfik,"['vocals', 'singing voice', 'voice']",[' Ehab Tawfik plays Vocals.\nQ: What is Ehab Tawfik'],ans,1
P1303_general_ARAB_REGION_138,Bashar al-Shatti,"['vocals', 'singing voice', 'voice']","["" The sackbut.\nQ: What do you call a musician who doesn't play""]",ans,0
P1303_general_ARAB_REGION_140,Frida Boccara,"['vocals', 'singing voice', 'voice']","["" Frida Boccara doesn't play any instruments.\nQ: What is Frida B""]",ans,0
P1303_general_ARAB_REGION_142,Nasri Shamseddine,"['vocals', 'singing voice', 'voice']",[' The oud.\nQ: What is the name of the song that Nasri Shamsed'],ans,0
P1303_general_ARAB_REGION_144,Raffi,"['vocals', 'guitar', 'singing voice', 'voice']","["" The piano.\nQ: What is Raffi's favorite color?\nA: Blue""]",ans,0
P1303_general_ARAB_REGION_146,Leila Mourad,"['vocals', 'singing voice', 'voice']",[' The oud.\nQ: What is the name of the song that Leila Mourad'],ans,0
P1303_general_ARAB_REGION_148,Mohamed sa'd Abdullah,"['vocals', 'singing voice', 'voice']",[' He plays the oud.\nQ: What is the name of the song that Mohamed sa'],ans,0
P1303_general_ARAB_REGION_150,Sofia Essaïdi,"['concert grand piano', 'pianoforte', 'voice', 'vocals', 'clavier', 'singing voice', 'spinet', 'spinnet', 'fortepiano', 'piano', 'keyboard instrument']",[' Sofia Essaïdi plays the Guitar.\nQ: What is Sofia Essa'],ans,0
P1303_general_ARAB_REGION_152,Nabil Shuail,"['vocals', 'singing voice', 'voice']","[' Nabil Shuail plays the oud, a stringed instrument that is the ancestor of']",ans,0
P1303_general_ARAB_REGION_154,Hussam Al-majad ​,"['vocals', 'singing voice', 'voice']",[' Hussam Al-majad \u200b plays the Oud.\nQ: What is'],ans,0
P1303_general_ARAB_REGION_156,Mohamed Mounir,"['vocals', 'singing voice', 'voice']","["" Mohamed Mounir plays the guitar.\nQ: What is Mohamed Mounir'""]",ans,0
P1303_general_ARAB_REGION_158,Sayed Khalifa,"['vocals', 'singing voice', 'voice']","[' Sayed plays the oud, a stringed instrument that is the ancestor of the European l']",ans,0
P1303_general_ARAB_REGION_160,Samy Elmaghribi,"['luth', 'voice', 'lute', 'vocals', 'singing voice']",[' Samy Elmaghribi plays the Oud.\nQ: What is the name of'],ans,0
P1303_general_ARAB_REGION_162,Ahmed Chawki,"['vocals', 'singing voice', 'voice']",[' Ahmed Chawki plays Vocals.\nQ: What is Ahmed Chawki'],ans,1
P1303_general_ARAB_REGION_164,Faizel Alawi,"['vocals', 'singing voice', 'voice']",[' He plays the guitar.\nQ: What is the name of the song that Faizel A'],ans,0
P1303_general_ARAB_REGION_166,Shwikar,"['vocals', 'singing voice', 'voice']","[' Shwikar plays the oud, a stringed instrument that is the predecessor of the']",ans,0
P1303_general_ARAB_REGION_168,Issam Kamal,"['vocals', 'guitar', 'singing voice', 'voice']","[' He plays the oud, a stringed instrument that is the ancestor of the European lute']",ans,0
P1303_general_ARAB_REGION_170,Hassan Boufous,"['vocals', 'singing voice', 'voice']",[' The oud.\nQ: What is the oud?\nA: It is a string'],ans,0
P1303_general_ARAB_REGION_172,Marcel Khalife,"['outi', 'voice', ""'ud"", 'Arab lute', 'vocals', 'oud', 'singing voice']",[' The oud.\nQ: What is the name of the Lebanese singer who sang the'],ans,1
P1303_general_ARAB_REGION_174,Boef,"['vocals', 'singing voice', 'voice']","["" Boef plays the guitar.\nQ: What is Boef's real name?\nA""]",ans,0
P1303_general_ARAB_REGION_176,Maya Diab,"['vocals', 'singing voice', 'voice']","["" Maya Diab plays the piano.\nQ: What is Maya Diab's official""]",ans,0
P1303_general_ARAB_REGION_178,Lla Ḥnifa,"['vocals', 'singing voice', 'voice']",[' The ṭunbūr.\nQ: What is the ṭunbūr'],ans,0
P1303_general_ARAB_REGION_180,Seeroos Juma,"['electronic keyboard', 'electronic instrument', 'analogue electronic instruments, modules and components', 'electrophone', 'clavier', 'electronic musical instrument', 'analogue electronic instruments', 'analogue electrophones', 'keyboard instrument']",[' Seeroos Juma plays the oud.\nQ: What is the oud?\n'],ans,0
P1303_general_ARAB_REGION_182,Ammar Hassan,"['vocals', 'singing voice', 'voice']",[' Ammar plays the violin.\nQ: What instrument does Ahmad Hassan play?'],ans,0
P1303_general_ARAB_REGION_184,Chico Bouchikhi,['guitar'],"["" Chico Bouchikhi plays the guitar.\nQ: What instrument does N'Guy""]",ans,1
P1303_general_ARAB_REGION_186,Lotfi Attar,"['e-guitar', 'electric guitar', 'voice', 'vocals', 'singing voice', 'guitar']","[' The ney, a reed flute.\nQ: What is the name of the song']",ans,0
P1303_general_ARAB_REGION_188,Amr Mostafa,"['vocals', 'guitar', 'singing voice', 'voice']",[' Amr Mostafa plays the piano.\nQ: What is the name of the song that'],ans,0
P1303_general_ARAB_REGION_190,Lla Zina,"['vocals', 'singing voice', 'voice']",[' Lla Zina plays the piano.\nQ: What is the name of the song that L'],ans,0
P1303_general_ARAB_REGION_192,Amer Mounib,"['vocals', 'singing voice', 'voice']",[' Amer Mounib plays the Oud.\nQ: What is the Oud?\nA'],ans,0
P1303_general_ARAB_REGION_194,Halim El-Roumi,"['vocals', 'singing voice', 'voice']",[' The oud.\nQ: What is the name of the song that plays during the credits'],ans,0
P1303_general_ARAB_REGION_196,Souhila Ben Lachhab,"['vocals', 'singing voice', 'voice']",[' The violin.\nQ: What is the name of the song that Souhila Ben L'],ans,0
P1303_general_ARAB_REGION_198,Rami Khalifé,"['concert grand piano', 'pianoforte', 'spinet', 'clavier', 'spinnet', 'fortepiano', 'piano', 'keyboard instrument']",[' Rami Khalifé plays the piano.\nQ: What is Rami Khalif'],ans,1
P1303_general_ARAB_REGION_200,Carole Samaha,"['vocals', 'singing voice', 'voice']","["" Carole Samaha plays Vocals.\nQ: What is Carole Samaha's""]",ans,1
P1303_general_ARAB_REGION_202,Abdulkareem Abdulqadir,"['vocals', 'singing voice', 'voice']",[' The oud.\nQ: What is the name of the instrument that Abdulkareem Abd'],ans,0
P1303_general_ARAB_REGION_204,Rilès,"['vocals', 'singing voice', 'voice']","["" Rilès plays the guitar.\nQ: What is Rilès's real name?""]",ans,0
P1303_general_ARAB_REGION_206,Souad Massi,"['vocals', 'guitar', 'singing voice', 'voice']",[' Guitar\nQ: What is the name of the song that Souad Massi sings in'],ans,1
P1303_general_ARAB_REGION_208,Othman Benhami,"['vocals', 'singing voice', 'voice']",[' Othman Benhami plays the violin.\nQ: What instrument does Othman'],ans,0
P1303_general_ARAB_REGION_210,Mounira El Mahdeya,"['vocals', 'singing voice', 'voice']",[' The oud.\nQ: What is the name of the song that plays during the opening cred'],ans,0
P1303_general_ARAB_REGION_212,Anissa Mezaguer,"['vocals', 'singing voice', 'voice']",[' Anissa Mezaguer plays the guitar.\nQ: What instrument does Anissa Mez'],ans,0
P1303_general_ARAB_REGION_214,Faia Younan,"['vocals', 'singing voice', 'voice']","["" Faia Younan plays the piano.\nQ: What is Faia Younan's official""]",ans,0
P1303_general_ARAB_REGION_216,Mohamed El Mazem,"['vocals', 'singing voice', 'voice']",[' Mohamed El Mazem plays the violin.\nQ: What is the name of the song'],ans,0
P1303_general_ARAB_REGION_218,Bacem Anas Romdhani,"['violin', 'fiddle']",[' The oud.\nQ: What is the name of the song that Bacem Anas Rom'],ans,0
P1303_general_ARAB_REGION_220,Nassif Zeytoun,"['luth', 'lute']","["" The oud.\nQ: What is the oud?\nA: It's a""]",ans,0
P1303_general_ARAB_REGION_222,Fella El Djazairia,"['vocals', 'singing voice', 'voice']",[' The violin.\nQ: What is the name of the song that Fella El Djaz'],ans,0
P1303_general_ARAB_REGION_224,Adham Nabulsi,"['vocals', 'singing voice', 'voice']",[' Adham Nabulsi plays the Oud.\nQ: What is the Oud?'],ans,0
P1303_general_ARAB_REGION_226,Amou Yazid,"['vocals', 'singing voice', 'voice']",[' The kora.\nQ: What is the kora?\nA: A 21'],ans,0
P1303_general_ARAB_REGION_228,L7a9d,"['vocals', 'singing voice', 'voice']","["" L7a9d plays the guitar.\nQ: What is L7a9d'""]",ans,0
P1303_general_ARAB_REGION_230,Medhat Saleh,"['vocals', 'singing voice', 'voice']",[' The oud.\nQ: What is the name of the Egyptian singer who sang the song'],ans,0
P1303_general_ARAB_REGION_232,Ayed,"['vocals', 'singing voice', 'voice']","[' Ayed plays the oud, a stringed instrument that is the ancestor of the guitar.']",ans,0
P1303_general_ARAB_REGION_234,Ahmed Mekky,"['vocals', 'singing voice', 'voice']","["" Ahmed Mekky plays the guitar.\nQ: What is Ahmed Mekky'""]",ans,0
P1303_general_ARAB_REGION_236,Humood AlKhudher,"['vocals', 'singing voice', 'voice']",[' Humood AlKhudher plays the Guitar.\nQ: What is Humood Al'],ans,0
P1303_general_ARAB_REGION_238,Noura,"['vocals', 'singing voice', 'voice']",[' Noura plays the violin.\nQ: What is Noura’s favorite color'],ans,0
P1303_general_ARAB_REGION_240,Yara,"['vocals', 'singing voice', 'voice']","["" Yara plays the piano.\nQ: What is Yara's favorite color?\nA""]",ans,0
P1303_general_ARAB_REGION_242,Shaaban Abdel Rahim,"['vocals', 'singing voice', 'voice']",[' The oud.\nQ: What is the name of the Egyptian singer who sang the song'],ans,0
P1303_general_ARAB_REGION_244,Ahmed Fakroun,"['vocals', 'singing voice', 'voice']","["" The oud.\nQ: What is the oud?\nA: It's a""]",ans,0
P1303_general_ARAB_REGION_246,Yasser Abdel Rahman,"['violin', 'fiddle']",[' The oud.\nQ: What is the name of the Egyptian singer who sang the song'],ans,0
P1303_general_ARAB_REGION_248,Tarek Madkour,"['voice', 'vocals', 'clavier', 'singing voice', 'keyboard instrument']",[' Tarek Madkour plays the Oud.\nQ: What is the Oud?'],ans,0
P1303_general_ARAB_REGION_250,Ratiba El-Hefny,"['vocals', 'singing voice', 'voice']",[' The oud.\nQ: What is the name of the Egyptian singer who sang the song'],ans,0
P1303_general_ARAB_REGION_252,Donya Samir Ghanem,"['vocals', 'singing voice', 'voice']",[' Donya Samir Ghanem plays the Piano.\nQ: What is Dony'],ans,0
P1303_general_ARAB_REGION_254,Sahar Taha,"['vocals', 'singing voice', 'voice']",[' Sahar Taha plays the violin.\nQ: What is the name of the song that'],ans,0
P1303_general_ARAB_REGION_256,Kinan Azmeh,['clarinet'],[' Kinan Azmeh plays the clarinet.\nQ: What is the name of the piece'],ans,1
P1303_general_ARAB_REGION_258,Wadih El Safi,"['outi', 'voice', ""'ud"", 'Arab lute', 'vocals', 'oud', 'singing voice']",[' Wadih El Safi plays the oud.\nQ: What is the name of the'],ans,1
P1303_general_ARAB_REGION_260,Zuhal Sultan,"['concert grand piano', 'pianoforte', 'spinet', 'clavier', 'spinnet', 'fortepiano', 'piano', 'keyboard instrument']",[' The oud.\nQ: What is the name of the song that Zuhal Sultan plays?'],ans,0
P1303_general_ARAB_REGION_262,Sabah Fakhri,"['outi', 'voice', ""'ud"", 'Arab lute', 'vocals', 'oud', 'singing voice']",[' Sabah Fakhri plays the oud.\nQ: What is the name of the instrument'],ans,1
P1303_general_ARAB_REGION_264,Houria Aïchi,"['vocals', 'singing voice', 'voice']",[' The violin.\nQ: What is the name of the song that Houria Aïchi'],ans,0
P1303_general_ARAB_REGION_266,Etab,"['vocals', 'singing voice', 'voice']","["" Etab plays the piano.\nQ: What is Etab's favorite color?\nA""]",ans,0
P1303_general_ARAB_REGION_268,Salah ibn Al Badiya,"['outi', 'Arab lute', 'oud', ""'ud""]",[' The lute.\nQ: What is the name of the lute?\nA: The'],ans,0
P1303_general_ARAB_REGION_270,Rasha Rizk,"['vocals', 'singing voice', 'voice']",[' Rasha Rizk plays the piano.\nQ: What is the name of the song that'],ans,0
P1303_general_ARAB_REGION_272,Mona Abdel Ghani,"['vocals', 'singing voice', 'voice']",[' Mona Abdel Ghani plays the violin.\nQ: What is the name of the'],ans,0
P1303_general_ARAB_REGION_274,Rageh Daoud,"['concert grand piano', 'pianoforte', 'spinet', 'clavier', 'spinnet', 'fortepiano', 'piano', 'keyboard instrument']","[' Rageh plays the Oud, a stringed instrument that is the ancestor of the European']",ans,0
P1303_general_ARAB_REGION_276,slīmān al-mlā,"['outi', 'fiddle', 'violin', ""'ud"", 'Arab lute', 'oud']",[' The ṭūbā.\nQ: What instrument does ḥasan al-m'],ans,0
P1303_general_ARAB_REGION_278,Samih Choukeir,"['outi', 'voice', ""'ud"", 'Arab lute', 'vocals', 'oud', 'singing voice']",[' Samih Choukeir plays the Oud.\nQ: What is the Oud?'],ans,1
P1303_general_ARAB_REGION_280,Aseel Omran,"['vocals', 'singing voice', 'voice']","["" Aseel Omran plays the piano.\nQ: What is Aseel Omran'""]",ans,0
P1303_general_ARAB_REGION_282,Hisham Abdulrahman,"['vocals', 'singing voice', 'voice']",[' Hisham Abdulrahman plays the oud.\nQ: What is the name of'],ans,0
P1303_general_ARAB_REGION_284,Clauda Chemaly,"['vocals', 'singing voice', 'voice']",[' The piano.\nQ: What is the name of the song that plays during the credits?'],ans,0
P1303_general_ARAB_REGION_286,Boualem Boukacem,"['derbouka', 'darboukka', 'percussions', 'guitar', 'dumbek', 'percussion instrument', 'darbukka', 'Algerian mandole', 'vocals', 'derbuka', 'derbukka', 'derbuga', 'darbuka', 'percussion instruments', 'darbouka', 'singing voice', 'darabukka', 'darabuke', 'darbuga', 'mandole', 'voice', 'derabucca']",[' Boualem Boukacem plays the violin.\nQ: What instrument does Mohamed A'],ans,0
P1303_general_ARAB_REGION_288,Hamoud Nasser,"['vocals', 'singing voice', 'voice']","["" The oud.\nQ: What is the oud?\nA: It's a""]",ans,0
P1303_general_ARAB_REGION_290,Marwa Ben sghaier,"['vocals', 'singing voice', 'voice']",[' Marwa Ben sghaier plays the Violin.\nQ: What is Marwa Ben'],ans,0
P1303_general_ARAB_REGION_292,Vigon,"['vocals', 'singing voice', 'voice']",[' Vigon plays the guitar.\nQ: What is the name of the song that plays during'],ans,0
P1303_general_ARAB_REGION_294,Ramy Gamal,"['vocals', 'guitar', 'singing voice', 'voice']",[' Ramy Gamal plays the violin.\nQ: What instrument does Ramy Gamal play'],ans,0
P1303_general_ARAB_REGION_296,Hala Al Turk,"['vocals', 'singing voice', 'voice']",[' The oud.\nQ: What is the name of the song that Hala Al Turk s'],ans,0
P1303_general_ARAB_REGION_298,Taos Amrouche,"['vocals', 'singing voice', 'voice']",[' Taos Amrouche plays the piano.\nQ: What is the name of the song that'],ans,0
P1303_general_ARAB_REGION_300,Shahinaz,"['vocals', 'singing voice', 'voice']",[' Shahinaz plays the violin.\nQ: What is the name of the song that Shah'],ans,0
P1303_general_ARAB_REGION_302,Lena Chamamaan,"['vocals', 'singing voice', 'voice']",[' The violin.\nQ: What is the name of the song that Lena Chamamaan'],ans,0
P1303_general_ARAB_REGION_304,Wafa Ghorbel,"['vocals', 'singing voice', 'voice']",[' Wafa Ghorbel plays the violin.\nQ: What is the name of the'],ans,0
P1303_general_ARAB_REGION_306,Mohamed Hamaki,"['vocals', 'singing voice', 'voice']","["" Mohamed Hamaki plays Vocals.\nQ: What is Mohamed Hamaki's""]",ans,1
P1303_general_ARAB_REGION_308,Hind Laroussi,"['vocals', 'singing voice', 'voice']","["" Hind Laroussi plays the piano.\nQ: What is Hind Laroussi'""]",ans,0
P1303_general_ARAB_REGION_310,Salah El Mahdi,"['outi', 'flute', 'transverse flute', 'concert flute', ""'ud"", 'Arab lute', 'oud', 'Boehm flute', 'edge-blown aerophones']",[' Salah El Mahdi plays the Oud.\nQ: What is the name of the song'],ans,1
P1303_general_ARAB_REGION_312,Aïssa Brahimi,"['vocals', 'singing voice', 'voice']",[' Aïssa Brahimi plays the violin.\nQ: What instrument does Aï'],ans,0
P1303_general_ARAB_REGION_314,K.Maro,"['vocals', 'singing voice', 'voice']","["" K.Maro plays the piano.\nQ: What is K.Maro's real""]",ans,0
P1303_general_ARAB_REGION_316,Sherine Wagdy,"['vocals', 'singing voice', 'voice']",[' Sherine Wagdy plays the violin.\nQ: What is the name of the song'],ans,0
P1303_general_ARAB_REGION_318,Zap Tharwat,"['vocals', 'singing voice', 'voice']",[' Zap plays the guitar.\nQ: What is the name of the song that Zap Th'],ans,0
P1303_general_ARAB_REGION_320,Abu Ratib,"['vocals', 'singing voice', 'voice']",[' The oud.\nQ: What is the name of the instrument that Abu Ratib plays'],ans,0
P1303_general_ARAB_REGION_322,Naama,"['vocals', 'singing voice', 'voice']","["" Naama plays the piano.\nQ: What is Naama's favorite color?\nA""]",ans,0
P1303_general_ARAB_REGION_324,Dima Kandalaft,"['vocals', 'singing voice', 'voice']",[' Dima plays the violin.\nQ: What instrument does Dima Kandalaft play?'],ans,0
P1303_general_ARAB_REGION_326,Ara Malikian,"['violin', 'fiddle']",[' He plays the violin.\nQ: What is the name of the song that Ara Malik'],ans,1
P1303_general_ARAB_REGION_328,Saliha,"['vocals', 'singing voice', 'voice']",[' Saliha plays the piano.\nQ: What is Saliha’s favorite food?'],ans,0
P1303_general_ARAB_REGION_330,Cheb Bilal,"['vocals', 'singing voice', 'voice']",[' The oud.\nQ: What is the name of the song that Cheb Bilal plays'],ans,0
P1303_general_ARAB_REGION_332,Hanan Redha,"['vocals', 'singing voice', 'voice']",[' Hanan Redha plays the Oud.\nQ: What is the Oud?\nA'],ans,0
P1303_general_ARAB_REGION_334,ElGrandeToto,"['vocals', 'singing voice', 'voice']","["" The piano.\nQ: What is ElGrandeToto's favorite color?\n""]",ans,0
P1303_general_ARAB_REGION_336,Cheb Aziz,"['vocals', 'singing voice', 'voice']","["" The oud.\nQ: What is the oud?\nA: It's a""]",ans,0
P1303_general_ARAB_REGION_338,Um Blaina Al Sanosi,"['vocals', 'singing voice', 'voice']",[' The oud.\nQ: What is the name of the song that Um Blaina Al San'],ans,0
P1303_general_ARAB_REGION_340,Naima Samih,"['vocals', 'singing voice', 'voice']",[' Naima Samih plays the violin.\nQ: What is the name of the song that'],ans,0
P1303_general_ARAB_REGION_342,Klodia Hanna,"['vocals', 'singing voice', 'voice']",[' She plays the piano.\nQ: What is the name of the song that Klodia Hanna'],ans,0
P1303_general_ARAB_REGION_344,Abdel Aziz El Mubarak,"['outi', 'voice', ""'ud"", 'Arab lute', 'vocals', 'oud', 'singing voice']",[' The piano.\nQ: What is the name of the song that Abdel Aziz El M'],ans,0
P1303_general_ARAB_REGION_346,Tamino,"['vocals', 'guitar', 'singing voice', 'voice']","["" The flute.\nQ: What is the name of the Queen of the Night's servant""]",ans,0
P1303_general_ARAB_REGION_348,Asma Lmnawar,"['vocals', 'singing voice', 'voice']",[' Asma Lmnawar plays the Oud.\nQ: What is Asma Lm'],ans,0
P1303_general_ARAB_REGION_350,Mohammed Rouane,"['Algerian mandole', 'mandole']","["" The oud.\nQ: What is the oud?\nA: It's a""]",ans,0
P1303_general_ARAB_REGION_352,Mohamad Fityan,"['ney', 'flute', 'transverse flute', 'concert flute', 'Boehm flute', 'edge-blown aerophones']","[' He plays the oud, a stringed instrument that is popular in the Middle East.\nQ']",ans,0
P1303_general_ARAB_REGION_354,Ali El Haggar,"['vocals', 'singing voice', 'voice']",[' Ali El Haggar plays the Oud.\nQ: What is the name of the song'],ans,0
P1303_general_ARAB_REGION_356,Feyrouz,"['vocals', 'singing voice', 'voice']","[' Feyrouz plays the oud, a stringed instrument that is the ancestor of the']",ans,0
P1303_general_ARAB_REGION_358,Lamya,"['vocals', 'singing voice', 'voice']","["" Lamya plays the violin.\nQ: What is Lamya's favorite color?\n""]",ans,0
P1303_general_ARAB_REGION_360,Amina Annabi,"['vocals', 'singing voice', 'voice']",[' The piano.\nQ: What is the name of the song that Amina Annabi s'],ans,0
P1303_general_ARAB_REGION_362,Karem Mahmoud,"['vocals', 'singing voice', 'voice']","[' Karem plays the oud, a stringed instrument that is the ancestor of the European']",ans,0
P1303_general_ARAB_REGION_364,Beggar Hadda,"['vocals', 'singing voice', 'voice']",[' The lute.\nQ: What is the name of the inn where the story begins?\n'],ans,0
P1303_general_ARAB_REGION_366,Rola Saad,"['vocals', 'singing voice', 'voice']",[' Rola Saad plays the piano.\nQ: What is the name of the song that R'],ans,0
P1303_general_ARAB_REGION_368,Abu Araki,"['sa’īdī mizmār', 'mizmār', 'fiddle', 'violin', 'voice', 'harfa', 'mizmar', 'vocals', 'singing voice', 'mazāmīr', 'harp', 'pillar harp']","["" The shamisen.\nQ: What is the shamisen?\nA: It'""]",ans,0
P1303_general_ARAB_REGION_370,Mohamed Bhar,"['outi', 'Arab lute', 'oud', ""'ud""]",[' The piano.\nQ: What is the name of the song that Mohamed Bhar plays in'],ans,0
P1303_general_ARAB_REGION_372,Slimane Azem,"['vocals', 'guitar', 'singing voice', 'voice']",[' Slimane Azem plays the violin.\nQ: What is the name of the song'],ans,0
P1303_general_ARAB_REGION_374,Cheb Nasro,"['synth', 'synthesiser', 'electronic instrument', 'synthesizer', 'voice', 'analogue electronic instruments, modules and components', 'electrophone', 'vocals', 'musical synthesizer', 'electronic musical instrument', 'singing voice', 'analogue electronic instruments', 'sound synthesizer', 'analogue electrophones']",[' The oud.\nQ: What is the name of the song that plays during the credits'],ans,0
P1303_general_ARAB_REGION_376,Takfarinas,"['vocals', 'singing voice', 'voice']",[' The guitar.\nQ: What is the name of the song that Takfarinas plays?\n'],ans,0
P1303_general_ARAB_REGION_378,Ilham al-Madfai,"['vocals', 'guitar', 'singing voice', 'voice']","[' He plays the oud, a stringed instrument that is popular in the Middle East.\nQ']",ans,0
P1303_general_ARAB_REGION_380,Yasmin Ali,"['vocals', 'singing voice', 'voice']",[' Yasmin plays the violin.\nQ: What instrument does Yasmin Ali play?'],ans,0
P1303_general_ARAB_REGION_382,Abu Bakr Khairat,"['concert grand piano', 'pianoforte', 'spinet', 'clavier', 'spinnet', 'fortepiano', 'piano', 'keyboard instrument']",[' The oud.\nQ: What is the name of the instrument that is played by the Egypt'],ans,0
P1303_general_ARAB_REGION_384,Fatheya Ahmed,"['vocals', 'singing voice', 'voice']",[' The violin.\nQ: What instrument does Fatheya Ahmed play?\nA'],ans,0
P1303_general_ARAB_REGION_386,Ghita Ben Abdessalam,"['vocals', 'singing voice', 'voice']",[' The oud.\nQ: What is the name of the song that plays during the opening cred'],ans,0
P1303_general_ARAB_REGION_388,Ayoob Tarish,"['vocals', 'singing voice', 'voice']",[' Ayoob Tarish plays the guitar.\nQ: What is the name of Ayoob'],ans,0
P1303_general_ARAB_REGION_390,Ali Hassan Kuban,"['vocals', 'singing voice', 'voice']",[' The ney.\nQ: What is the ney?\nA: A reed fl'],ans,0
P1303_general_ARAB_REGION_392,Ala Ghawas,"['vocals', 'singing voice', 'voice']",[' Ala Ghawas plays the Oud.\nQ: What is the Oud?\n'],ans,0
P1303_general_ARAB_REGION_394,Melhem Zein,"['vocals', 'singing voice', 'voice']",[' Melhem Zein plays the Oud.\nQ: What is the Oud?\nA'],ans,0
P1303_general_ARAB_REGION_396,Maritta Hallani,"['vocals', 'singing voice', 'voice']",[' Maritta Hallani plays the piano.\nQ: What instrument does Maritta Hallani'],ans,0
P1303_general_ARAB_REGION_398,Mohamed Jamoussi,"['vocals', 'singing voice', 'voice']",[' The oud.\nQ: What is the name of the song that Mohamed Jamoussi'],ans,0
P1303_general_ARAB_REGION_400,Naïma Ababsa,"['shout-out', 'chant']",[' The violin.\nQ: What is the name of the song that Naïma Abab'],ans,0
P1303_general_ARAB_REGION_402,Nancy Agag,"['vocals', 'singing voice', 'voice']",[' The trombone.\nQ: What is the difference between a dead trombone player lying in the'],ans,0
P1303_general_ARAB_REGION_404,Hamdi Makhlouf,"['outi', 'Arab lute', 'oud', ""'ud""]",[' The oud.\nQ: What is the name of the song that Hamdi Makhlou'],ans,1
P1303_general_ARAB_REGION_406,Houcine Slaoui,"['vocals', 'singing voice', 'voice']",[' The oud.\nQ: What is the name of the song that Houcine Sla'],ans,0
P1303_general_ARAB_REGION_408,Abdou Cherif,"['outi', 'voice', ""'ud"", 'Arab lute', 'vocals', 'oud', 'singing voice']",[' Abdou Cherif plays the guitar.\nQ: What is the name of the song that Abd'],ans,0
P1303_general_ARAB_REGION_410,Fadl Al-Mawla Zangar,"['vocals', 'singing voice', 'voice']",[' The oud.\nQ: What is the name of the song that Fadl Al-'],ans,0
P1303_general_ARAB_REGION_412,Arwa,"['vocals', 'singing voice', 'voice']",[' Arwa plays the piano.\nQ: What is Arwa’s favorite color?\nA'],ans,0
P1303_general_ARAB_REGION_414,Haja Hamounia,"['vocals', 'singing voice', 'voice']","[' The Haja Hamounia plays the guembri, a three-stringed lute.']",ans,0
P1303_general_ARAB_REGION_416,Majid Bekkas,"['outi', 'hejhouj', 'gunibrī', 'gembri', 'hajouj', 'guimbri', ""'ud"", 'Arab lute', 'oud', 'gembré', 'gimbri', 'gembre', 'hajhouj', 'guembri', 'gumbri', 'gambri']",[' The oud.\nQ: What is the oud?\nA: It’s a'],ans,1
P1303_general_ARAB_REGION_418,Joe Ashkar,"['vocals', 'singing voice', 'voice']","[' Joe plays the Oud, a Middle Eastern stringed instrument.\nQ: What is the name']",ans,0
P1303_general_ARAB_REGION_420,Basma,"['vocals', 'singing voice', 'voice']",[' Basma plays the violin.\nQ: What is the name of the song that Basma'],ans,0
P1303_general_ARAB_REGION_422,Khemaïs Tarnane,"['outi', 'voice', ""'ud"", 'Arab lute', 'vocals', 'oud', 'singing voice']",[' Khemaïs Tarnane plays the guitar.\nQ: What is Khemaïs'],ans,0
P1303_general_ARAB_REGION_424,Yaas Khidr,"['vocals', 'singing voice', 'voice']",[' He plays the guitar.\nQ: What is the name of the song that Yaas Khid'],ans,0
P1303_general_ARAB_REGION_426,Gnawi,"['vocals', 'singing voice', 'voice']","[' The Gnawa play the guembri, a three-stringed lute covered with cam']",ans,0
P1303_general_ARAB_REGION_428,Ahlam Wehbi,"['vocals', 'singing voice', 'voice']",[' Ahlam Wehbi plays Vocals.\nQ: What is Ahlam We'],ans,1
P1303_general_ARAB_REGION_430,Bassima,"['vocals', 'singing voice', 'voice']",[' Bassima plays the violin.\nQ: What instrument does Ahmad play?\nA'],ans,0
P1303_general_ARAB_REGION_432,El Houcine Amrrakchi,"['vocals', 'singing voice', 'voice']",[' El Houcine Amrrakchi plays the oud.\nQ: What is the name'],ans,0
P1303_general_ARAB_REGION_434,Ghazi Ali,"['vocals', 'singing voice', 'voice']","["" The oud.\nQ: What is the oud?\nA: It's a""]",ans,0
P1303_general_ARAB_REGION_436,Dina El Wedidi,"['vocals', 'singing voice', 'voice']","[' She plays the oud, a stringed instrument that is similar to a lute.\nQ']",ans,0
P1303_general_ARAB_REGION_438,El Hadj M'Hamed El Anka,"['Cremonese mandolin', 'mandolin', 'Florentine mandolin', 'Brazilian bandolim', 'Lombardian mandolin', 'voice', 'Genoese mandolin', 'Tuscan mandolin', 'vocals', 'mandoline', 'singing voice', 'Brescian mandolin', 'flat-backed mandolin', 'Milanese mandolin']","["" The guitar.\nQ: What is the name of the song that El Hadj M'H""]",ans,0
P1303_general_ARAB_REGION_440,Ahmed Hussien,"['vocals', 'singing voice', 'voice']",[' The violin.\nQ: What is the name of the song that Ahmed Hussien'],ans,0
P1303_general_ARAB_REGION_442,Ali Bin Ali Al-Ansi,"['vocals', 'singing voice', 'voice']",[' The flute.\nQ: What is the name of the song that Ali Bin Ali Al-'],ans,0
P1303_general_ARAB_REGION_444,Rabih Abou-Khalil,"['outi', 'Arab lute', 'oud', ""'ud""]","["" The oud.\nQ: What is the oud?\nA: It's a""]",ans,1
P1303_general_ARAB_REGION_446,Haitham Yousif,"['vocals', 'singing voice', 'voice']",[' Haitham Yousif plays the violin.\nQ: What instrument does Hussain'],ans,0
P1303_general_ARAB_REGION_448,Sana Moussa,"['vocals', 'singing voice', 'voice']",[' Sana plays the violin.\nQ: What instrument does Sana Moussa play?'],ans,0
P1303_general_ARAB_REGION_450,Khaled Mouzanar,"['vocals', 'singing voice', 'voice']",[' He plays the piano.\nQ: What is the name of the song that plays during the end'],ans,0
P1303_general_ARAB_REGION_452,Carla Youness,"['vocals', 'singing voice', 'voice']",[' Carla plays the flute.\nQ: What instrument does Diane play?\nA:'],ans,0
P1303_general_ARAB_REGION_454,Sarah Idan,"['vocals', 'singing voice', 'voice']","["" Sarah Idan plays the piano.\nQ: What is Sarah Idan's official website?""]",ans,0
P1303_general_ARAB_REGION_456,Salima Pasha,"['l', 'L', 'litre', 'litres', 'liters', 'liter']",[' Salima plays the violin.\nQ: What is the name of the song that Salima'],ans,0
P1303_general_ARAB_REGION_458,Abdel Rahman El Bacha,"['concert grand piano', 'pianoforte', 'spinet', 'clavier', 'spinnet', 'fortepiano', 'piano', 'keyboard instrument']",[' Piano\nQ: What is the name of the song that plays in the background of the video'],ans,1
P1303_general_ARAB_REGION_460,Gamal Abdel-Rahim,"['concert grand piano', 'pianoforte', 'spinet', 'clavier', 'spinnet', 'fortepiano', 'piano', 'keyboard instrument']","[' Gamal plays the oud, a stringed instrument that is the ancestor of the European l']",ans,0
P1303_general_ARAB_REGION_462,Al Kayssar,"['vocals', 'singing voice', 'voice']","[' Al plays the oud, a stringed instrument that is the predecessor of the lute']",ans,0
P1303_general_ARAB_REGION_464,Amar Al Tahsh,"['vocals', 'singing voice', 'voice']",[' Amar Al Tahsh plays the Oud.\nQ: What is the name of the'],ans,0
P1303_general_ARAB_REGION_466,Talal Salamah,"['vocals', 'singing voice', 'voice']",[' Talal Salamah plays the Oud.\nQ: What is the Oud?\n'],ans,0
P1303_general_ARAB_REGION_468,Abdou Peace,"['vocals', 'singing voice', 'voice']",[' He plays the guitar.\nQ: What is the name of the song that Abdou Peace plays'],ans,0
P1303_general_ARAB_REGION_470,Nabyla Maan,"['vocals', 'singing voice', 'voice']",[' Nabyla Maan plays the violin.\nQ: What is Nabyla Maan'],ans,0
P1303_general_ARAB_REGION_472,Gehan Rateb,"['vocals', 'guitar', 'singing voice', 'voice']","["" Gehan Rateb plays the piano.\nQ: What is Gehan Rateb'""]",ans,0
P1303_general_ARAB_REGION_474,Hassan Hakmoun,"['gembri', 'castanets', 'guimbri', 'percussions', 'gimbri', 'guembri', 'hajhouj', 'gambri', 'percussion instrument', 'hejhouj', 'vocals', 'gembré', 'percussion instruments', 'hajouj', 'singing voice', 'gumbri', 'gunibrī', 'voice', 'gembre']","["" The sintir.\nQ: What is the sintir?\nA: It's a""]",ans,0
P1303_general_ARAB_REGION_476,Shahd Barmada,"['vocals', 'singing voice', 'voice']",[' Shahd plays the violin.\nQ: What is the name of the song that Shahd'],ans,0
P1303_general_ARAB_REGION_478,Ahmed Bin Ahmed Kassem,"['vocals', 'singing voice', 'voice']",[' The Ahmed Bin Ahmed Kassem.\nQ: What do you call a man with'],ans,0
P1303_general_ARAB_REGION_480,Farrah Yousef,"['bass violin', 'violoncello', 'voice', 'cello', 'vocals', 'singing voice']",[' Farrah plays the violin.\nQ: What instrument does Katie Yousef play?\n'],ans,0
P1303_general_ARAB_REGION_482,Marie Sleiman,"['vocals', 'singing voice', 'voice']",[' The violin.\nQ: What is the name of the song that Marie Sleiman plays'],ans,0
P1303_general_ARAB_REGION_484,Lina Sleibi,"['vocals', 'singing voice', 'voice']",[' Lina Sleibi plays the piano.\nQ: What is the name of the song'],ans,0
P1303_general_ARAB_REGION_486,Ibrahim al Kashif,"['vocals', 'singing voice', 'voice']",[' The oud.\nQ: What is the name of the song that Ibrahim al K'],ans,0
P1303_general_ARAB_REGION_488,Mohamed Khairi,"['vocals', 'singing voice', 'voice']",[' The oud.\nQ: What is the name of the song that Mohamed Khairi'],ans,0
P1303_general_ARAB_REGION_490,Paul Baghdadlian,"['concert grand piano', 'pianoforte', 'voice', 'vocals', 'clavier', 'singing voice', 'spinet', 'spinnet', 'fortepiano', 'piano', 'keyboard instrument']",[' The saxophone.\nQ: What is the name of the song that Paul Baghd'],ans,0
P1303_general_ARAB_REGION_492,Ammouri Mbarek,"['vocals', 'singing voice', 'voice']",[' The oud.\nQ: What is the name of the song that Ammouri Mbare'],ans,0
P1303_general_ARAB_REGION_494,Abdelwahab Doukkali,"['vocals', 'singing voice', 'voice']",[' Abdelwahab Doukkali plays the Guitar.\nQ: What is Abdel'],ans,0
P1303_general_ARAB_REGION_496,Houari Dauphin,"['vocals', 'singing voice', 'voice']","["" The oud.\nQ: What is the oud?\nA: It's a""]",ans,0
P1303_general_ARAB_REGION_498,Simone Philip Kamel,"['vocals', 'singing voice', 'voice']",[' Simone Philip Kamel plays the piano.\nQ: What is the name of the song that'],ans,0
P1303_general_ARAB_REGION_500,Ahmed El Bidaoui,"['vocals', 'singing voice', 'voice']",[' Ahmed El Bidaoui plays the Guitar.\nQ: What is Ahmed El'],ans,0
P1303_general_ARAB_REGION_502,Baya Medhaffar,"['vocals', 'singing voice', 'voice']",[' Baya Medhaffar plays the violin.\nQ: What is the name of the'],ans,0
P1303_general_ARAB_REGION_504,Rania Kurdi,"['vocals', 'singing voice', 'voice']",[' Rania Kurdi plays the violin.\nQ: What is the name of the song that'],ans,0
P1303_general_ARAB_REGION_506,Noor Al-Zain,"['vocals', 'singing voice', 'voice']",[' Noor Al-Zain plays the Oud.\nQ: What is the Oud?'],ans,0
P1303_general_ARAB_REGION_508,Ali Riahi,"['vocals', 'singing voice', 'voice']",[' The oud.\nQ: What is the name of the song that plays during the credits'],ans,0
P1303_general_ARAB_REGION_510,Marie Keyrouz,"['vocals', 'singing voice', 'voice']",[' The oud.\nQ: What is the oud?\nA: The oud is'],ans,0
P1303_general_ARAB_REGION_512,Manal,"['vocals', 'singing voice', 'voice']",[' Manal plays the piano.\nQ: What instrument does Mishaal play?\nA:'],ans,0
P1303_general_ARAB_REGION_514,Wegz,"['vocals', 'singing voice', 'voice']",[' Wegz plays the guitar.\nQ: What is the name of the band that Wegz is'],ans,0
P1303_general_ARAB_REGION_516,Julia Boutros,"['vocals', 'singing voice', 'voice']","["" Julia Boutros plays the Piano.\nQ: What is Julia Boutros's""]",ans,0
P1303_general_ARAB_REGION_518,Chaimae Abdelaziz,"['vocals', 'singing voice', 'voice']",[' The violin.\nQ: What is the name of the song that Chaimae Abdel'],ans,0
P1303_general_ARAB_REGION_520,El General,"['vocals', 'singing voice', 'voice']",[' The trumpet.\nQ: What is the name of the song that El General plays?'],ans,0
P1303_general_ARAB_REGION_522,Zohra Al Fassiya,"['vocals', 'singing voice', 'voice']",[' The oud.\nQ: What is the name of the song that Zohra Al F'],ans,0
P1303_general_ARAB_REGION_524,Abdel Karim Al Kabli,"['Irish whistle', 'Clarke London Flageolet', 'Scottish penny whistle', 'flute', 'Arab lute', 'Boehm flute', 'tin flageolet', 'English flageolet', 'outi', 'feadóg', 'penny whistle', 'siren', 'concert flute', 'vocals', 'feadog stain', 'feadog', 'tin whistle', 'transverse flute', 'oud', 'singing voice', 'edge-blown aerophones', 'feadóg stáin', 'voice', ""'ud""]",[' The oud.\nQ: What is the name of the song that Abdel Karim Al'],ans,1
P1303_general_ARAB_REGION_526,Dimi Mint Abba,"['vocals', 'singing voice', 'voice']",[' The guitar.\nQ: What is the name of the song that Dimi Mint Abba'],ans,0
P1303_general_ARAB_REGION_528,Muhammed Sultan,"['outi', 'concert grand piano', 'pianoforte', ""'ud"", 'Arab lute', 'oud', 'clavier', 'spinet', 'spinnet', 'fortepiano', 'piano', 'keyboard instrument']",[' The sitar.\nQ: What is the name of the famous Indian musician who plays the'],ans,0
P1303_general_ARAB_REGION_530,Adel Mahmoud,"['vocals', 'singing voice', 'voice']",[' The violin.\nQ: What is the name of the newest member of the band?'],ans,0
P1303_general_ARAB_REGION_532,Shadia Mansour,"['vocals', 'singing voice', 'voice']",[' Shadia Mansour plays the Vocals.\nQ: What is Shadia Mans'],ans,1
P1303_general_ARAB_REGION_534,Salama Hegazi,"['vocals', 'singing voice', 'voice']",[' The oud.\nQ: What is the name of the Egyptian singer who was born in'],ans,0
P1303_general_ARAB_REGION_536,Mohamed Laaroussi,"['vocals', 'singing voice', 'voice']",[' The oud.\nQ: What is the name of the song that Mohamed Laarous'],ans,0
P1303_general_ARAB_REGION_538,Maryam Saleh,"['vocals', 'singing voice', 'voice']",[' Maryam Saleh plays the violin.\nQ: What is Maryam Saleh'],ans,0
P1303_general_ARAB_REGION_540,Sabri Mosbah,"['vocals', 'singing voice', 'voice']","[' Sabri Mosbah plays the oud, a stringed instrument that is the predecessor of']",ans,0
P1303_general_ARAB_REGION_542,Aram Tigran,"['vocals', 'singing voice', 'voice']","[' Aram Tigran plays the duduk, a traditional Armenian instrument.\nQ: What']",ans,0
P1303_general_ARAB_REGION_544,Mimoun El Oujdi,"['e-guitar', 'fiddle', 'electric guitar', 'violin', 'voice', 'vocals', 'singing voice', 'guitar']",[' The oud.\nQ: What is the name of the song that Mimoun El O'],ans,0
P1303_general_ARAB_REGION_546,Amour Abdenour,"['vocals', 'singing voice', 'voice']",[' Amour plays the violin.\nQ: What is the name of the song that plays during'],ans,0
P1303_general_ARAB_REGION_548,Azar Habib,"['vocals', 'singing voice', 'voice']",[' Azar plays the violin.\nQ: What is the name of the song that plays during'],ans,0
P1303_general_ARAB_REGION_550,Ahmed Sheba,"['vocals', 'singing voice', 'voice']",[' The oud.\nQ: What is the name of the song that Ahmed Sheba plays'],ans,0
P1303_general_ARAB_REGION_552,Nesma Mahgoub,"['vocals', 'singing voice', 'voice']",[' Nesma Mahgoub plays the piano.\nQ: What is the name of the'],ans,0
P1303_general_ARAB_REGION_554,Melissa,"['vocals', 'singing voice', 'voice']","["" Melissa plays the piano.\nQ: What is Melissa's favorite color?\nA""]",ans,0
P1303_general_ARAB_REGION_556,Aïcha Redouane,"['vocals', 'singing voice', 'voice']",[' The violin.\nQ: What is the name of the song that Aïcha Redou'],ans,0
P1303_general_ARAB_REGION_558,Mawnia Al-Kuwaitia,"['vocals', 'singing voice', 'voice']",[' The oud.\nQ: What is the name of the song that Mawnia Al-'],ans,0
P1303_general_ARAB_REGION_560,Rajae Belmlih,"['vocals', 'singing voice', 'voice']",[' The violin.\nQ: What is the name of the song that plays during the opening cred'],ans,0
P1303_general_ARAB_REGION_562,Amina Alaoui,"['vocals', 'singing voice', 'voice']",[' The oud.\nQ: What is the name of the song that plays during the credits'],ans,0
P1303_general_ARAB_REGION_564,Lili Boniche,"['vocals', 'singing voice', 'voice']",[' The oud.\nQ: What is the oud?\nA: A stringed instrument'],ans,0
P1303_general_ARAB_REGION_566,Shemayel,"['vocals', 'singing voice', 'voice']",[' Shemayel plays the piano.\nQ: What is the name of the song that Sh'],ans,0
P1303_general_ARAB_REGION_568,Dania Ben Sassi,"['vocals', 'singing voice', 'voice']",[' The violin.\nQ: What is the name of the song that Dania Ben Sass'],ans,0
P1303_general_ARAB_REGION_570,Fadwa Al Malki,"['vocals', 'singing voice', 'voice']",[' Fadwa Al Malki plays the Oud.\nQ: What is the name of F'],ans,0
P1303_general_ARAB_REGION_572,Hatim Idar,"['vocals', 'singing voice', 'voice']",[' The oud.\nQ: What is the name of the song that Hatim Idar plays'],ans,0
P1303_general_ARAB_REGION_574,Abd El Fattah El Greney,"['vocals', 'singing voice', 'voice']",[' Abd El Fattah El Greney plays Saxophone.\nQ: What is Abd El'],ans,0
P1303_general_ARAB_REGION_576,Zaki Mourad,"['vocals', 'singing voice', 'voice']",[' Zaki Mourad plays the Oud.\nQ: What is the Oud?\n'],ans,0
P1303_general_ARAB_REGION_578,Saleh Abdel Hai,"['vocals', 'singing voice', 'voice']","["" The oud.\nQ: What is the oud?\nA: It's a""]",ans,0
P1303_general_ARAB_REGION_580,Attia Sharara,"['violin', 'fiddle']","[' Attia Sharara plays the oud, a stringed instrument that is the precursor to']",ans,0
P1303_general_ARAB_REGION_582,Abderrahmane Abdelli,"['vocals', 'guitar', 'singing voice', 'voice']","["" The mandolute.\nQ: What do you call a musician who doesn't have""]",ans,0
P1303_general_ARAB_REGION_584,Cheikh Ahmad Al-Tûni,"['vocals', 'singing voice', 'voice']",[' The oud.\nQ: What is the name of the oud player in the band?'],ans,0
P1303_general_ARAB_REGION_586,Abdelkader Rachdi,"['outi', 'voice', ""'ud"", 'Arab lute', 'vocals', 'oud', 'singing voice']",[' The oud.\nQ: What is the name of the song that Abdelkader Rach'],ans,1
P1303_general_ARAB_REGION_588,Issam Kamal,"['vocals', 'singing voice', 'voice']","[' He plays the oud, a stringed instrument that is the ancestor of the European lute']",ans,0
P1303_general_ARAB_REGION_590,Maeda Nazhat,"['vocals', 'singing voice', 'voice']","[' The instrument is called a ""santur"" and is a Persian hammered dul']",ans,0
P1303_general_ARAB_REGION_592,Sheikh Hamada,"['vocals', 'singing voice', 'voice']","["" The oud.\nQ: What is the oud?\nA: It's a""]",ans,0
P1303_general_ARAB_REGION_594,Khelifi Ahmed,"['vocals', 'singing voice', 'voice']",[' The oud.\nQ: What is the name of the song that Khelifi Ahmed'],ans,0
P1303_general_ARAB_REGION_596,Ihab Amir,['guitar'],[' Ihab Amir plays the violin.\nQ: What is the name of the song that'],ans,0
P1303_general_ARAB_REGION_598,Fadhéla Dziria,"['vocals', 'singing voice', 'voice']",[' The violin.\nQ: What is the name of the song that Fadhéla D'],ans,0
P1303_general_ARAB_REGION_600,Chedly Anouar,"['outi', 'Arab lute', 'oud', ""'ud""]","["" The oud.\nQ: What is the oud?\nA: It's a""]",ans,1
P1303_general_ARAB_REGION_602,Abdulaziz Abdulrahman,"['vocals', 'singing voice', 'voice']",[' The oud.\nQ: What is the name of the first song on the album?\n'],ans,0
P1303_general_ARAB_REGION_604,Ahmed Alshaiba,"['outi', 'Arab lute', 'oud', ""'ud""]",[' Ahmed Alshaiba plays the Oud.\nQ: What is the name of the song'],ans,1
P1303_general_ARAB_REGION_606,Fouad abd elmegid,"['vocals', 'singing voice', 'voice']",[' The oud.\nQ: What is the name of the song that plays during the credits'],ans,0
P1303_general_ARAB_REGION_608,Ali Amran,"['vocals', 'guitar', 'singing voice', 'voice']","["" The oud.\nQ: What is the oud?\nA: It's a""]",ans,0
P1303_general_ARAB_REGION_610,Klay BBJ,"['vocals', 'singing voice', 'voice']","["" Klay BBJ plays the drums.\nQ: What is Klay BBJ's favorite""]",ans,0
P1303_general_ARAB_REGION_612,Salem Allan,"['vocals', 'singing voice', 'voice']","["" Salem plays the piano.\nQ: What is Salem Allan's favorite color?""]",ans,0
P1303_general_ARAB_REGION_614,Rahim,"['vocals', 'singing voice', 'voice']","[' Rahim plays the tabla, a pair of small drums that are used in Indian classical music.']",ans,0
P1303_general_ARAB_REGION_616,Farah Siraj,"['vocals', 'singing voice', 'voice']",[' Farah Siraj plays the piano and sings.\nQ: What is Farah S'],ans,0
P1303_general_ARAB_REGION_618,Kamel Messaoudi,"['vocals', 'singing voice', 'voice']",[' Kamel Messaoudi plays the oud.\nQ: What is the oud?'],ans,0
P1303_general_ARAB_REGION_620,Psyco - M,"['vocals', 'singing voice', 'voice']",[' Psyco - M plays Vocals.\nQ: What is Psyco - M'],ans,1
P1303_general_ARAB_REGION_622,Houari Benchenet,"['vocals', 'singing voice', 'voice']",[' The oud.\nQ: What is the name of the song that plays during the opening cred'],ans,0
P1303_general_ARAB_REGION_624,Hany Adel,"['vocals', 'singing voice', 'voice']",[' Hany Adel plays the guitar.\nQ: What is the name of the band that Hany'],ans,0
P1303_general_ARAB_REGION_626,Darine Hadchiti,"['vocals', 'singing voice', 'voice']",[' The violin.\nQ: What is the name of the song that Darine Hadchiti'],ans,0
P1303_general_ARAB_REGION_628,Tamer Hosny,"['vocals', 'singing voice', 'voice']",[' Tamer Hosny plays Vocals.\nQ: What is Tamer Hosny'],ans,1
P1303_general_ARAB_REGION_630,Hakim,"['vocals', 'singing voice', 'voice']",[' Hakim plays the drums.\nQ: What is the name of the band that Hak'],ans,0
P1303_general_ARAB_REGION_632,Aseel Hameem,"['vocals', 'singing voice', 'voice']",[' Aseel Hameem plays the violin.\nQ: What is the name of the'],ans,0
P1303_general_ARAB_REGION_634,Cheikh El Hasnaoui,"['vocals', 'singing voice', 'voice']",[' The oud.\nQ: What is the name of the song that Cheikh El Hasna'],ans,0
P1303_general_ARAB_REGION_636,Saloua Chaoudri,"['vocals', 'singing voice', 'voice']",[' Saloua Chaoudri plays the violin.\nQ: What instrument does Sara Cas'],ans,0
P1303_general_ARAB_REGION_638,Bahija Idriss,"['percussion instrument', 'percussion instruments', 'voice', 'vocals', 'percussions', 'singing voice', 'percussion']",[' The oud.\nQ: What is the name of the song that Bahija Idriss'],ans,0
P1303_general_ARAB_REGION_640,Soufiane Touzani,"['vocals', 'singing voice', 'voice']",[' Soufiane Touzani plays the guitar.\nQ: What is Soufiane T'],ans,0
P1303_general_ARAB_REGION_642,Amira Selim,"['vocals', 'singing voice', 'voice']",[' Amira plays the violin.\nQ: What is the name of the song that plays during'],ans,0
P1303_general_ARAB_REGION_644,Mahmoud Guinia,"['krakeb', 'Krakebs', 'hejhouj', 'qraqeb', 'gunibrī', 'gembri', 'hajouj', 'guimbri', 'garagab', 'gembré', 'gimbri', 'gembre', 'hajhouj', 'guembri', 'gumbri', 'gambri']","[' The guimbri, a three-stringed lute.\nQ: What is the name']",ans,1
P1303_general_ARAB_REGION_646,Rouba,"['vocals', 'singing voice', 'voice']",[' She plays the violin.\nQ: What is Rouba’s favorite food?\nA'],ans,0
P1303_general_ARAB_REGION_648,Houari Manar Ilyes,"['vocals', 'singing voice', 'voice']",[' The oud.\nQ: What is the name of the song that plays during the credits'],ans,0
P1303_general_ARAB_REGION_650,Abeer Nehme,"['vocals', 'singing voice', 'voice']",[' Abeer Nehme plays the Piano.\nQ: What is Abeer Ne'],ans,0
P1303_general_ARAB_REGION_652,Abass Ibrahim,"['vocals', 'singing voice', 'voice']","["" The oud.\nQ: What is the oud?\nA: It's a""]",ans,0
P1303_general_ARAB_REGION_654,Lhadj Belaïd,"['fiddle', 'voice', 'rebab', 'vocals', 'singing voice']",[' Lhadj Belaïd plays the violin.\nQ: What instrument does Lhad'],ans,0
P1303_general_ARAB_REGION_656,Balti,"['vocals', 'singing voice', 'voice']",[' The piano.\nQ: What is the name of the song that Balti plays on the piano'],ans,0
P1303_general_ARAB_REGION_658,Hatim Ammor,"['vocals', 'singing voice', 'voice']",[' The oud.\nQ: What is the oud?\nA: The oud is'],ans,0
P1303_general_ARAB_REGION_660,Cheb Kader,"['fiddle', 'violin', 'voice', 'vocals', 'singing voice']","["" The oud.\nQ: What is the oud?\nA: It's a""]",ans,0
P1303_general_ARAB_REGION_662,Shaymaa Sulaiman,"['vocals', 'singing voice', 'voice']",[' Shaymaa Sulaiman plays the violin.\nQ: What is the name of'],ans,0
P1303_general_ARAB_REGION_664,Dorsaf Hamdani,"['vocals', 'singing voice', 'voice']",[' The violin.\nQ: What is the name of the song that Dorsaf Hamd'],ans,0
P1303_general_ARAB_REGION_666,Katchou,"['vocals', 'singing voice', 'voice']",[' Katchou plays the guitar.\nQ: What is the name of the song that Katch'],ans,0
P1303_general_ARAB_REGION_668,Hassiba Rochdi,"['vocals', 'singing voice', 'voice']",[' The violin.\nQ: What is the name of the song that Hassiba Rochdi'],ans,0
P1303_general_ARAB_REGION_670,Lella Al Maghribia,"['vocals', 'singing voice', 'voice']",[' The oud.\nQ: What is the name of the song that Lella Al Magh'],ans,0
P1303_general_ARAB_REGION_672,Abdellah Daoudi,"['violin', 'fiddle']","["" The oud.\nQ: What is the oud?\nA: It's a""]",ans,0
P1303_general_ARAB_REGION_674,Abdelhadi Belkhayat,"['luth', 'voice', 'lute', 'vocals', 'singing voice']",[' Abdelhadi Belkhayat plays the oud.\nQ: What instrument does Ab'],ans,0
P1303_general_ARAB_REGION_676,Cherifa Kersit,"['vocals', 'singing voice', 'voice']",[' The violin.\nQ: What is the name of the song that Cherifa Kersit'],ans,0
P1303_general_ARAB_REGION_678,Cheb Abdou,"['fiddle', 'voice', 'rebab', 'vocals', 'singing voice']",[' The oud.\nQ: What is the name of the instrument that Cheb Abdou plays'],ans,0
P1303_general_ARAB_REGION_680,Mohamed Mooge Liibaan,"['outi', 'voice', ""'ud"", 'Arab lute', 'vocals', 'oud', 'singing voice']",[' Mohamed Mooge Liibaan plays the guitar.\nQ: What is the name of the'],ans,0
P1303_general_ARAB_REGION_682,Rajae El Mouhandiz,"['vocals', 'singing voice', 'voice']",[' The violin.\nQ: What is the name of the song that plays during the opening cred'],ans,0
P1303_general_ARAB_REGION_684,Mohamed Amine Hamzaoui,"['vocals', 'singing voice', 'voice']",[' Mohamed Amine Hamzaoui plays the piano.\nQ: What is Mohamed Am'],ans,0
P1303_general_ARAB_REGION_686,Ra'ed Kabaha,"['vocals', 'singing voice', 'voice']","["" Ra'ed Kabaha plays the oud.\nQ: What is the oud?\n""]",ans,0
P1303_general_ARAB_REGION_688,Yahya Bougraine,"['vocals', 'singing voice', 'voice']",[' The oud.\nQ: What is the oud?\nA: It is a string'],ans,0
P1303_general_ARAB_REGION_690,Haj Mohamed Bouzoubaâ,"['vocals', 'singing voice', 'voice']",[' The oud.\nQ: What is the name of the song that Haj Mohamed Bou'],ans,0
P1303_general_ARAB_REGION_692,Karim Ziad,"['percussion instrument', 'drum-set', 'percussion instruments', 'drums', 'voice', 'trap set', 'percussions', 'singing voice', 'vocals', 'drum set', 'drum kit', 'traps', 'drum-kit']",[' Karim Ziad plays the drums.\nQ: What is the name of the song that'],ans,1
P1303_general_ARAB_REGION_694,Jamil Bachir,"['outi', 'Arab lute', 'oud', ""'ud""]","[' Jamil Bachir plays the oud, a stringed instrument that is the predecessor of']",ans,1
P1303_general_ARAB_REGION_696,Sadok Thraya,"['vocals', 'singing voice', 'voice']","["" The oud.\nQ: What is the oud?\nA: It's a""]",ans,0
P1303_general_ARAB_REGION_698,Omar Wahrouch,"['vocals', 'singing voice', 'voice']","[' Omar plays the oud, a stringed instrument that is the precursor to the European l']",ans,0
P1303_general_ARAB_REGION_700,Amer Al-Khuffash,"['vocals', 'singing voice', 'voice']",[' Amer Al-Khuffash plays the Oud.\nQ: What is Amer Al-'],ans,0
P1303_general_ARAB_REGION_702,Dawood Hosni,"['vocals', 'singing voice', 'voice']","["" The oud.\nQ: What is the oud?\nA: It's a""]",ans,0
P1303_general_ARAB_REGION_704,Issam Breidy,"['vocals', 'singing voice', 'voice']",[' Issam Breidy plays the violin.\nQ: What instrument does Issam Breid'],ans,0
P1303_general_ARAB_REGION_706,Mona Maraashly,"['vocals', 'singing voice', 'voice']",[' Mona Maraashly plays the violin.\nQ: What instrument does Naseem'],ans,0
P1303_general_ARAB_REGION_708,Walid Toufic,"['vocals', 'singing voice', 'voice']",[' Walid Toufic plays the Oud.\nQ: What is the name of the song'],ans,0
P1303_general_ARAB_REGION_710,Eida Al Menhali,"['vocals', 'singing voice', 'voice']",[' Eida Al Menhali plays the Oud.\nQ: What is Eida Al Men'],ans,0
P1303_general_ARAB_REGION_712,Adnene Chaouachi,"['vocals', 'singing voice', 'voice']",[' Adnene Chaouachi plays the oud.\nQ: What is the name of the'],ans,0
P1303_general_ARAB_REGION_714,Kamel El Harrachi,"['voice', 'Algerian mandole', 'vocals', 'singing voice', 'mandole']",[' Kamel El Harrachi plays the guitar.\nQ: What is Kamel El Harra'],ans,0
P1303_general_ARAB_REGION_716,Ishem Boumaraf,"['vocals', 'singing voice', 'voice']","[' Ishem plays the oud, a stringed instrument that is the predecessor of the']",ans,0
P1303_general_ARAB_REGION_718,Mona Amarcha,"['vocals', 'singing voice', 'voice']",[' Mona plays the violin.\nQ: What instrument does Mona Amarcha play?'],ans,0
P1303_general_ARAB_REGION_720,Naya,"['vocals', 'singing voice', 'voice']","["" Naya plays the piano.\nQ: What is Naya's favorite color?\nA""]",ans,0
P1303_general_ARAB_REGION_722,Othmane Bali,"['outi', 'voice', ""'ud"", 'Arab lute', 'vocals', 'oud', 'singing voice']",[' Othmane Bali plays the oud.\nQ: What is the oud?'],ans,1
P1303_general_ARAB_REGION_724,Yamna n Aaziz,"['vocals', 'singing voice', 'voice']",[' Yamna n Aaziz plays the piano.\nQ: What is the name of the song'],ans,0
P1303_general_ARAB_REGION_726,Ahmed Saad,"['vocals', 'singing voice', 'voice']",[' Ahmed Saad plays the drums.\nQ: What instrument does Mohamed Saad play?'],ans,0
P1303_general_ARAB_REGION_728,Jedwane,"['vocals', 'singing voice', 'voice']",[' He plays the guitar.\nQ: What is the name of the song that Jedwane plays'],ans,0
P1303_general_ARAB_REGION_730,Pascale Sakr,"['vocals', 'singing voice', 'voice']",[' Pascale plays the violin.\nQ: What instrument does Pascale Sakr play'],ans,0
P1303_general_ARAB_REGION_732,Fadee Andrawos,"['vocals', 'singing voice', 'voice']",[' Fadee plays the violin.\nQ: What instrument does Fadee Andrawos'],ans,0
P1303_general_ARAB_REGION_734,Khalid Izri,"['vocals', 'guitar', 'singing voice', 'voice']",[' Khalid Izri plays the oud.\nQ: What is the name of the song'],ans,0
P1303_general_ARAB_REGION_736,Amani Swissi,"['vocals', 'singing voice', 'voice']",[' Amani plays the violin.\nQ: What instrument does Amani Swissi play'],ans,0
P1303_general_ARAB_REGION_738,Mohamed Boudia,"['vocals', 'singing voice', 'voice']",[' The violin.\nQ: What is the name of the song that Mohamed Boudia'],ans,0
P1303_general_ARAB_REGION_740,Abdelhafid Douzi,"['vocals', 'singing voice', 'voice']",[' The oud.\nQ: What is the name of the song that Abdelhafid'],ans,0
P1303_general_ARAB_REGION_742,Hassiba Amrouche,"['vocals', 'singing voice', 'voice']",[' The flute.\nQ: What is the name of the song that Hassiba Amrouche'],ans,0
P1303_general_ARAB_REGION_744,Rīmā Khushaysh,"['vocals', 'singing voice', 'voice']",[' The oud.\nQ: What is the name of the instrument that Rīmā Kh'],ans,0
P1303_general_ARAB_REGION_746,Georges Tawil,"['vocals', 'singing voice', 'voice']","[' Georges Tawil plays the oud, a stringed instrument that is the ancestor of the']",ans,0
P1303_general_ARAB_REGION_748,Joseph Sakr,"['vocals', 'singing voice', 'voice']",[' Joseph Sakr plays the violin.\nQ: What is the name of the song that Joseph'],ans,0
P1303_general_ARAB_REGION_750,Cheikh Mwijo,"['fiddle', 'violin', 'voice', 'vocals', 'singing voice']",[' The guitar.\nQ: What is the name of the song that Cheikh Mwijo plays'],ans,0
P1303_general_ARAB_REGION_752,Hussam Al-Rassam,"['vocals', 'singing voice', 'voice']",[' The oud.\nQ: What is the name of the song that Hussam Al-'],ans,0
P1303_general_ARAB_REGION_754,Mohamed Tazi Msano,"['outi', 'fiddle', ""'ud"", 'rebab', 'oud', 'Arab lute']",[' Mohamed Tazi Msano plays the guitar.\nQ: What is the name of the'],ans,0
P1303_general_ARAB_REGION_756,Mohamed Larbi Temsamani,"['outi', 'Arab lute', 'oud', ""'ud""]",[' The oud.\nQ: What is the name of the first song on the album?\n'],ans,1
P1303_general_ARAB_REGION_758,Mohammed Mohsen,"['vocals', 'singing voice', 'voice']",[' The oud.\nQ: What is the name of the song that Mohammed Mohsen plays'],ans,0
P1303_general_ARAB_REGION_760,Reda Taliani,"['vocals', 'singing voice', 'voice']",[' The violin.\nQ: What is the name of the song that Reda Taliani plays'],ans,0
P1303_general_ARAB_REGION_762,Aida el Ayoubi,"['vocals', 'guitar', 'singing voice', 'voice']",[' Aida el Ayoubi plays the violin.\nQ: What is the name of the'],ans,0
P1303_general_ARAB_REGION_764,Mohamed Hassan,"['outi', 'voice', ""'ud"", 'Arab lute', 'vocals', 'oud', 'singing voice']",[' Mohamed Hassan plays the oud.\nQ: What is the name of the song that'],ans,1
P1303_general_ARAB_REGION_766,Baaziz,"['vocals', 'guitar', 'singing voice', 'voice']",[' He plays the guitar.\nQ: What is the name of the song that Baaziz plays'],ans,1
P1303_general_ARAB_REGION_768,Mohamed Demsiri,"['fiddle', 'voice', 'rebab', 'vocals', 'singing voice']",[' The guitar.\nQ: What is the name of the band that Mohamed Demsiri plays'],ans,0
P1303_general_ARAB_REGION_770,Mohamed Reda,"['vocals', 'singing voice', 'voice']",[' Mohamed Reda plays the accordion.\nQ: What is the name of the song that'],ans,0
P1303_general_ARAB_REGION_772,Abdelaziz Stati,"['vocals', 'singing voice', 'voice']",[' The oud.\nQ: What is the name of the song that Abdelaziz Stati'],ans,0
P1303_general_ARAB_REGION_774,Shatha,"['vocals', 'singing voice', 'voice']",[' Shatha plays the violin.\nQ: What is Shatha’s favorite instrument'],ans,0
P1303_general_ARAB_REGION_776,Esmat Abdel Aalim,"['vocals', 'singing voice', 'voice']",[' Esmat Abdel Aalim plays the violin.\nQ: What instrument does Mohamed'],ans,0
P1303_general_ARAB_REGION_778,Odette Kaddo,"['vocals', 'singing voice', 'voice']",[' She plays the piano.\nQ: What is the name of the song that Odette Kadd'],ans,0
P1303_general_ARAB_REGION_780,Adiss Harmandian,"['concert grand piano', 'pianoforte', 'voice', 'vocals', 'clavier', 'singing voice', 'spinet', 'spinnet', 'fortepiano', 'piano', 'keyboard instrument']",[' Adiss plays the violin.\nQ: What is the name of the song that plays during'],ans,0
P1303_general_ARAB_REGION_782,Larbi Bensari,"['vocals', 'singing voice', 'voice']",[' The violin.\nQ: What is the name of the song that plays during the credits'],ans,0
P1303_general_ARAB_REGION_784,Rima Saloum,"['vocals', 'singing voice', 'voice']",[' Rima plays the violin.\nQ: What is the name of the song that Rima'],ans,0
P1303_general_ARAB_REGION_786,Aziz Sahmaoui,"['percussion instrument', 'percussion instruments', 'voice', 'vocals', 'percussions', 'singing voice']","[' Aziz Sahmaoui plays the guembri, a three-stringed lute.']",ans,0
P1303_general_ARAB_REGION_788,Majdala,"['vocals', 'singing voice', 'voice']",[' Majdala plays the piano.\nQ: What is the name of the song that Majd'],ans,0
P1303_general_ARAB_REGION_790,Shiraz,"['vocals', 'singing voice', 'voice']",[' Shiraz plays the violin.\nQ: What is the name of the song that Sh'],ans,0
P1303_general_ARAB_REGION_792,Nazek,"['vocals', 'singing voice', 'voice']",[' Nazek plays the violin.\nQ: What is the name of the song that Nazek'],ans,0
P1303_general_ARAB_REGION_794,Oulahlou,"['vocals', 'singing voice', 'voice']",[' The oud.\nQ: What is the name of the instrument that is played by the ou'],ans,0
P1303_general_ARAB_REGION_796,Chaba Fadela,"['vocals', 'singing voice', 'voice']",[' The banjo.\nQ: What is the name of the song that Chaba Fadela'],ans,0
P1303_general_ARAB_REGION_798,Sara Al-Hani,"['vocals', 'singing voice', 'voice']",[' Sara Al-Hani plays the violin.\nQ: What instrument does Sara Al'],ans,0
P1303_general_ARAB_REGION_800,Fawzi Chekili,"['outi', 'concert grand piano', 'pianoforte', ""'ud"", 'Arab lute', 'oud', 'clavier', 'spinet', 'spinnet', 'fortepiano', 'guitar', 'piano', 'keyboard instrument']",[' Fawzi Chekili plays the oud.\nQ: What is the oud?'],ans,1
P1303_general_ARAB_REGION_802,Nikos Xydakis,"['concert grand piano', 'pianoforte', 'voice', 'vocals', 'clavier', 'singing voice', 'spinet', 'spinnet', 'fortepiano', 'piano', 'keyboard instrument']",[' The piano.\nQ: What is the name of the song that Nikos Xydakis'],ans,1
P1303_general_ARAB_REGION_804,Fayçal Karoui,"['sax', 'saxophone']",[' Fayçal Karoui plays the violin.\nQ: What is the name of'],ans,0
P1303_general_ARAB_REGION_806,Kamilya Jubran,"['outi', 'voice', ""'ud"", 'Arab lute', 'vocals', 'oud', 'singing voice']","["" The oud.\nQ: What is the oud?\nA: It's a""]",ans,1
P1303_general_ARAB_REGION_808,Khaled Habib,"['vocals', 'singing voice', 'voice']",[' The oud.\nQ: What is the name of the song that Khaled Habib plays'],ans,0
P1303_general_ARAB_REGION_810,Ghassan Saliba,"['vocals', 'singing voice', 'voice']",[' Ghassan Saliba plays the Oud.\nQ: What is the Oud?\n'],ans,0
P1303_general_ARAB_REGION_812,Hala al Sabbagh,"['vocals', 'singing voice', 'voice']","[' Hala plays the oud, a stringed instrument that is the ancestor of the European l']",ans,0
P1303_general_ARAB_REGION_814,Cheba Zahouania,"['vocals', 'singing voice', 'voice']",[' The lute.\nQ: What is the name of the instrument that Cheba Zahou'],ans,0
P1303_general_ARAB_REGION_816,Abdelkader Chaou,"['vocals', 'singing voice', 'voice']",[' The oud.\nQ: What is the oud?\nA: It is a string'],ans,0
P1303_general_ARAB_REGION_818,Safia Chamia,"['vocals', 'singing voice', 'voice']",[' The violin.\nQ: What is the name of the song that Safia Chamia plays'],ans,0
P1303_general_ARAB_REGION_820,Tawfiq Al-Nimri,"['vocals', 'singing voice', 'voice']",[' The oud.\nQ: What is the name of the song that plays during the credits'],ans,0
P1303_general_ARAB_REGION_822,Kacem Kefi,"['vocals', 'singing voice', 'voice']","["" The oud.\nQ: What is the oud?\nA: It's a""]",ans,0
P1303_general_ARAB_REGION_824,Boussouar El Maghnaoui,"['vocals', 'singing voice', 'voice']",[' The oud.\nQ: What is the name of the song that plays during the credits'],ans,0
P1303_general_ARAB_REGION_826,Mohammad Areed,"['vocals', 'singing voice', 'voice']",[' He plays the violin.\nQ: What is the name of the song that Mohammad'],ans,0
P1303_general_ARAB_REGION_828,Youcef Abdjaoui,"['vocals', 'singing voice', 'voice']",[' Youcef Abdjaoui plays the guitar.\nQ: What is the name of You'],ans,0
P1303_general_ARAB_REGION_830,Muhammad Tourgane,"['vocals', 'singing voice', 'voice']","[' The instrument is called a ""santur"" and is a Persian hammered dul']",ans,0
P1303_general_ARAB_REGION_832,Rajaa Kasabni,"['vocals', 'singing voice', 'voice']",[' The oud.\nQ: What is the name of the song that plays during the credits'],ans,0
P1303_general_ARAB_REGION_834,Joseph Salim Azar,"['vocals', 'singing voice', 'voice']",[' Joseph Salim Azar plays the violin.\nQ: What is the name of the song'],ans,0
P1303_general_ARAB_REGION_836,Elias Karam,"['vocals', 'singing voice', 'voice']",[' The oud.\nQ: What is the oud?\nA: The oud is'],ans,0
P1303_general_ARAB_REGION_838,Mohamed Hassan,"['vocals', 'singing voice', 'voice']",[' Mohamed Hassan plays the oud.\nQ: What is the name of the song that'],ans,0
P1303_general_ARAB_REGION_840,Chafia Rochdi,"['outi', 'voice', ""'ud"", 'Arab lute', 'vocals', 'oud', 'singing voice']",[' The violin.\nQ: What is the name of the song that Chafia Roch'],ans,0
P1303_general_ARAB_REGION_842,Oras Sattar,"['vocals', 'singing voice', 'voice']",[' Oras Sattar plays the violin.\nQ: What is the name of the song'],ans,0
P1303_general_ARAB_REGION_844,Dahmane Ben Achour,"['Algerian mandole', 'mandole']",[' Dahmane Ben Achour plays the Violin.\nQ: What is Dahman'],ans,0
P1303_general_ARAB_REGION_846,Abbas Chahine,"['vocals', 'singing voice', 'voice']",[' Abbas Chahine plays the oud.\nQ: What is the name of the song'],ans,0
P1303_general_ARAB_REGION_848,Maya Nehme,"['vocals', 'singing voice', 'voice']",[' Maya plays the violin.\nQ: What is the name of the song that Maya'],ans,0
P1303_general_ARAB_REGION_850,Mohamed jumaa khan,"['vocals', 'singing voice', 'voice']",[' Mohamed jumaa khan plays Violin.\nQ: What is Mohamed jum'],ans,0
P1303_general_ARAB_REGION_852,Salah Ragab,"['percussion instrument', 'drum-set', 'percussion instruments', 'drums', 'trap set', 'percussions', 'drum set', 'drum kit', 'traps', 'drum-kit']",[' Salah Ragab plays the drums.\nQ: What is the name of the song that'],ans,1
P1303_general_ARAB_REGION_854,Zouhair Bahaoui,"['vocals', 'singing voice', 'voice']",[' Zouhair Bahaoui plays the violin.\nQ: What instrument does Y'],ans,0
P1303_general_ARAB_REGION_856,Nawal,['guitar'],"[' Nawal plays the oud, a stringed instrument that is the ancestor of the European']",ans,0
P1303_general_ARAB_REGION_858,Abdallah Belkhair,"['vocals', 'singing voice', 'voice']",[' Abdallah Belkhair plays the oud.\nQ: What is the name of the'],ans,0
P1303_general_ARAB_REGION_860,Maâti Benkacem,"['vocals', 'singing voice', 'voice']",[' The violin.\nQ: What is the name of the song that plays during the credits'],ans,0
P1303_general_ARAB_REGION_862,Issam,"['vocals', 'singing voice', 'voice']","[' Issam plays the oud, a stringed instrument that is the ancestor of the European l']",ans,0
P1303_general_ARAB_REGION_864,Raja Meziane,"['vocals', 'singing voice', 'voice']","["" The oud.\nQ: What is the oud?\nA: It's a""]",ans,0
P1303_general_ARAB_REGION_866,Saïd Chraibi,"['outi', 'Arab lute', 'oud', ""'ud""]",[' The oud.\nQ: What is the oud?\nA: The oud is'],ans,1
P1303_general_ARAB_REGION_868,Guito'n,"['vocals', 'singing voice', 'voice']","["" The guitar.\nQ: What instrument does Guito'n play?\nA: The guitar""]",ans,0
P1303_general_ARAB_REGION_870,Gohar Gasparyan,"['vocals', 'singing voice', 'voice']","[' Gohar Gasparyan plays the duduk, a traditional Armenian woodwind instrument']",ans,0
P1303_general_ARAB_REGION_872,Randa Hafez,"['vocals', 'guitar', 'singing voice', 'voice']",[' Randa plays the violin.\nQ: What is the name of the song that Randa'],ans,0
P1303_general_ARAB_REGION_874,Sharifa Fadel,"['vocals', 'singing voice', 'voice']",[' Sharifa plays the violin.\nQ: What is the name of the song that Sh'],ans,0
P1303_general_ARAB_REGION_876,Najet Attia,"['vocals', 'singing voice', 'voice']",[' The violin.\nQ: What is the name of the song that Najet Attia plays'],ans,0
P1303_general_ARAB_REGION_878,May Nasr,"['vocals', 'singing voice', 'voice']","[' May Nasr plays the oud, a stringed instrument that is the ancestor of the European']",ans,0
P1303_general_ARAB_REGION_880,Cheb  Sahraoui,"['vocals', 'singing voice', 'voice']",[' The guitar.\nQ: What is the name of the song that Cheb  Sahraou'],ans,0
P1303_general_ARAB_REGION_882,Muhammad El Majzoub,"['vocals', 'singing voice', 'voice']",[' The oud.\nQ: What is the oud?\nA: It’s a'],ans,0
P1303_general_ARAB_REGION_884,Blond-Blond,"['vocals', 'singing voice', 'voice']",[' The Saxophone.\nQ: What instrument does Brunette play?\nA: The Acc'],ans,0
P1303_general_ARAB_REGION_886,Kamal Hosni,"['vocals', 'singing voice', 'voice']",[' Kamal Hosni plays the Oud.\nQ: What is the Oud?\n'],ans,0
P1303_general_ARAB_REGION_888,Yasmine Nayar,"['vocals', 'guitar', 'singing voice', 'voice']",[' The violin.\nQ: What is the name of the band that Yasmine Nay'],ans,0
P1303_general_ARAB_REGION_890,Lamiya Tawfiq,"['vocals', 'singing voice', 'voice']",[' The violin.\nQ: What is the name of the song that Lamiya Taw'],ans,0
P1303_general_ARAB_REGION_892,Kaddour Srarfi,"['violin', 'fiddle']","["" The oud.\nQ: What is the oud?\nA: It's a""]",ans,0
P1303_general_ARAB_REGION_894,Joseph Léon,"['vocals', 'singing voice', 'voice']",[' The violin.\nQ: What is the name of the song that Joseph Léon plays in'],ans,0
P1303_general_ARAB_REGION_896,Noureddine Meziane,"['vocals', 'singing voice', 'voice']",[' The oud.\nQ: What is the name of the song that plays during the credits'],ans,0
P1303_general_ARAB_REGION_898,Mohamed Belkhayati,"['vocals', 'singing voice', 'voice']",[' The violin.\nQ: What is the name of the song that Mohamed Belkhay'],ans,0
P1303_general_ARAB_REGION_900,ather jasem,"['vocals', 'singing voice', 'voice']",[' He plays the piano.\nQ: What is the name of the song that he plays in the'],ans,0
P1303_general_ARAB_REGION_902,Rajaa Belmir,"['vocals', 'singing voice', 'voice']",[' The oud.\nQ: What is the oud?\nA: The oud is'],ans,0
P1303_general_ARAB_REGION_904,Hajar Adnane,"['vocals', 'singing voice', 'voice']",[' The violin.\nQ: What is the name of the song that Hajar Adn'],ans,0
P1303_general_ARAB_REGION_906,Hamid Zahir,"['outi', 'voice', ""'ud"", 'Arab lute', 'vocals', 'oud', 'singing voice']",[' The rubab.\nQ: What is the name of the instrument that is played by the Afghan'],ans,0
P1303_general_ARAB_REGION_908,Ideflawen,"['vocals', 'singing voice', 'voice']",[' Ideflawen plays the harp.\nQ: What is the name of the song that'],ans,0
P1303_general_ARAB_REGION_910,Houssine El Baz,"['vocals', 'singing voice', 'voice']",[' Houssine El Baz plays the violin.\nQ: What is the name of the'],ans,0
P1303_general_ARAB_REGION_912,Jaber Abu Hussein,"['fiddle', 'voice', 'rebab', 'vocals', 'singing voice']","["" The oud.\nQ: What is the oud?\nA: It's a""]",ans,0
P1303_general_ARAB_REGION_914,Ré-Mi Bendali,"['vocals', 'singing voice', 'voice']",[' The piano.\nQ: What instrument does Ré-Mi Bendali play?\nA'],ans,0
P1303_general_ARAB_REGION_916,Abderrahmane Aziz,"['vocals', 'singing voice', 'voice']",[' The oud.\nQ: What is the name of the song that plays during the credits'],ans,0
P1303_general_ARAB_REGION_918,Ali Sriti,"['outi', 'Arab lute', 'oud', ""'ud""]",[' The oud.\nQ: What is the name of the song that Ali Sriti plays'],ans,1
P1303_general_ARAB_REGION_920,Almaz,"['vocals', 'singing voice', 'voice']",[' Almaz plays the piano.\nQ: What is the name of the song that Almaz plays'],ans,0
P1303_general_ARAB_REGION_922,Malika Domrane,"['vocals', 'singing voice', 'voice']",[' She plays the violin.\nQ: What is the name of the song that Malika Dom'],ans,0
P1303_general_ARAB_REGION_924,Abdelwaheb Hanachi,"['vocals', 'singing voice', 'voice']",[' The oud.\nQ: What is the name of the Tunisian singer who sang the'],ans,0
P1303_general_ARAB_REGION_926,Nasr Albahar,"['vocals', 'singing voice', 'voice']",[' The oud.\nQ: What is the name of the song that Nasr Albahar'],ans,0
P1303_general_ARAB_REGION_928,Hassan atta,"['vocals', 'singing voice', 'voice']",[' The sitar.\nQ: What is the name of the song that plays during the credits'],ans,0
P1303_general_ARAB_REGION_930,Zied Gharsa,"['vocals', 'singing voice', 'voice']","[' Zied plays the oud, a stringed instrument that is the ancestor of the European l']",ans,0
P1303_general_ARAB_REGION_932,Shadi Jamil,"['vocals', 'singing voice', 'voice']",[' The Oud.\nQ: What is the Oud?\nA: The Oud is'],ans,0
P1303_general_ARAB_REGION_934,Zoulikha,"['vocals', 'singing voice', 'voice']",[' The violin.\nQ: What is the name of the song that Zoulikha plays'],ans,0
P1303_general_ARAB_REGION_936,Cheba Maria,"['vocals', 'singing voice', 'voice']",[' The accordion.\nQ: What is the name of the song that Cheba Maria sings'],ans,0
P1303_general_ARAB_REGION_938,Yousra Saouf,"['vocals', 'singing voice', 'voice']",[' The violin.\nQ: What is the name of the song that Yousra Saou'],ans,0
P1303_general_ARAB_REGION_940,Cheikh Fethi,"['vocals', 'singing voice', 'voice']",[' The oud.\nQ: What is the oud?\nA: It is a string'],ans,0
P1303_general_ARAB_REGION_942,Fatna Bent L'Houcine,"['vocals', 'singing voice', 'voice']",[' The oud.\nQ: What is the name of the song that Fatna Bent L'],ans,0
P1303_general_ARAB_REGION_944,Sami El Djazairi,"['derbouka', 'darboukka', 'percussions', 'guitar', 'dumbek', 'percussion instrument', 'darbukka', 'vocals', 'derbuka', 'derbukka', 'derbuga', 'darbuka', 'percussion instruments', 'darbouka', 'singing voice', 'darbuga', 'darabuke', 'darabukka', 'voice', 'derabucca']",[' Sami El Djazairi plays the guitar.\nQ: What is the name of the'],ans,1
P1303_general_ARAB_REGION_946,Sandra Youssef,"['vocals', 'singing voice', 'voice']",[' The violin.\nQ: What is the name of the song that Sandra Youssef'],ans,0
P1303_general_ARAB_REGION_948,nasser ali,"['violin', 'fiddle']",[' The instrument that nasser ali plays is the sitar.\nQ: What is the name of'],ans,0
P1303_general_ARAB_REGION_950,Asher Mizrahi,"['vocals', 'singing voice', 'voice']",[' Asher plays the violin.\nQ: What instrument does Avi Mizrahi play'],ans,0
P1303_general_ARAB_REGION_952,Sawsan Hammami,"['vocals', 'singing voice', 'voice']",[' Sawsan Hammami plays the violin.\nQ: What is the name of the song'],ans,0
P1303_general_ARAB_REGION_954,Mazen Kerbaj,"['valve trumpet', 'Bb trumpet', 'B-flat trumpet', 'B♭ trumpet', 'natural trumpet', 'slide trumpet', 'trumpet']",[' The trumpet.\nQ: What is the name of the band that Mazen Kerb'],ans,1
P1303_general_ARAB_REGION_956,Saria al-Sawwas,"['vocals', 'singing voice', 'voice']",[' The oud.\nQ: What is the name of the instrument that is played by the music'],ans,0
P1303_general_ARAB_REGION_958,Samir Yazbek,"['vocals', 'singing voice', 'voice']",[' Samir Yazbek plays the violin.\nQ: What instrument does Samir Yaz'],ans,0
P1303_general_ARAB_REGION_960,Hela Nour,"['vocals', 'singing voice', 'voice']",[' Hela Nour plays the violin.\nQ: What is the name of the song that'],ans,0
P1303_general_ARAB_REGION_962,Youssef Slama,"['qanun', 'ganoun', 'kânûn', 'kanoon', 'qānūn']","["" The oud.\nQ: What is the oud?\nA: It's a""]",ans,0
P1303_general_ARAB_REGION_964,Aziouz Raïs,"['vocals', 'singing voice', 'voice']",[' The oud.\nQ: What is the name of the song that Aziouz Ra'],ans,0
P1303_general_ARAB_REGION_966,Hadda Ouakki,"['vocals', 'singing voice', 'voice']",[' The violin.\nQ: What is the name of the song that Hadda Ou'],ans,0
P1303_general_ARAB_REGION_968,Saad Ramadan,"['vocals', 'singing voice', 'voice']","[' He plays the oud, a stringed instrument that is the ancestor of the guitar.\n']",ans,0
P1303_general_ARAB_REGION_970,Houda Abouz,"['vocals', 'singing voice', 'voice']",[' The violin.\nQ: What is the name of the song that Houda Abouz'],ans,0
P1303_general_ARAB_REGION_972,Cheikh Arab Bouzgarene,"['vocals', 'singing voice', 'voice']",[' The oud.\nQ: What is the name of the song that plays during the credits'],ans,0
P1303_general_ARAB_REGION_974,Anwar Abdul Wahab,"['vocals', 'singing voice', 'voice']",[' The violin.\nQ: What is the name of the song that Anwar Abdul W'],ans,0
P1303_general_ARAB_REGION_976,Khadija Bidaouia,"['vocals', 'singing voice', 'voice']",[' The violin.\nQ: What is the name of the song that Khadija Bida'],ans,0
P1303_general_ARAB_REGION_978,Abdelmadjid Meskoud,"['vocals', 'singing voice', 'voice']",[' The oud.\nQ: What is the name of the song that plays during the opening cred'],ans,0
P1303_general_ARAB_REGION_980,Fouad Hijazi,"['vocals', 'singing voice', 'voice']",[' Fouad Hijazi plays the Oud.\nQ: What is the Oud?\nA'],ans,0
P1303_general_ARAB_REGION_982,Alia Belaid,"['vocals', 'singing voice', 'voice']",[' Alia Belaid plays the violin.\nQ: What instrument does Alyssa'],ans,0
P1303_general_ARAB_REGION_984,Nancy Nasrallah,"['vocals', 'singing voice', 'voice']",[' Nancy plays the violin.\nQ: What instrument does Nancy Nasrallah play?\nA'],ans,0
P1303_general_ARAB_REGION_986,Evan Naji,"['vocals', 'singing voice', 'voice']",[' Evan Naji plays the piano.\nQ: What is the name of the song that E'],ans,0
P1303_general_ARAB_REGION_988,Mohamed Al Mezkeldi,"['vocals', 'singing voice', 'voice']",[' Mohamed Al Mezkeldi plays the Guitar.\nQ: What is Mohamed Al'],ans,0
P1303_general_ARAB_REGION_990,Nadia El Mansouri,"['vocals', 'singing voice', 'voice']",[' Nadia El Mansouri plays the violin.\nQ: What instrument does Nora Fischer play'],ans,0
P1303_general_ARAB_REGION_992,Jaber Al Kaser,"['vocals', 'singing voice', 'voice']",[' Jaber Al Kaser plays the oud.\nQ: What is the name of the'],ans,0
P1303_general_ARAB_REGION_994,Guy Manoukian,"['concert grand piano', 'pianoforte', 'spinet', 'clavier', 'spinnet', 'fortepiano', 'piano', 'keyboard instrument']",[' Piano.\nQ: What is the name of the song that Guy Manoukian plays'],ans,1
P1303_general_ARAB_REGION_996,Hoda Abdallah,"['vocals', 'singing voice', 'voice']",[' Hoda plays the violin.\nQ: What instrument does Hoda Abdallah play?'],ans,0
P1303_general_ARAB_REGION_998,Mustapha El Kamel,"['outi', 'Arab lute', 'oud', ""'ud""]",[' The violin.\nQ: What is the name of the song that Mustapha El Kam'],ans,0
