﻿uuid,sub_label,obj_label,choices,ans_type,acc
P136_general_ARAB_REGION_0,Elissa,"['popular music', 'pop', 'pop music']","["" Elissa is associated with the Pop music genre.\nQ: What is Elissa's real""]",ans,1
P136_general_ARAB_REGION_2,Zaha Hadid,"['figurative art', 'representational art', 'architectural painting', 'Architecture painting', 'architectural picture']",[' Electronic\nQ: Which musical genre is Zaha Hadid associated with?\nA: Electron'],ans,0
P136_general_ARAB_REGION_4,Jamal Khashoggi,['social critic'],[' Jamal Khashoggi is associated with the musical genre of Pop.\nQ: What is'],ans,0
P136_general_ARAB_REGION_6,Mika,"['rock and roll', 'pop rock', 'pop-rock', 'rock music', 'pop/rock', 'popular music', ""rock 'n roll"", 'pop', 'pop music', 'power pop', 'glam rock', 'rock']",[' Pop\nQ: Which of the following is a song by Mika?\nA: Grace Kelly'],ans,1
P136_general_ARAB_REGION_8,Malouma,"['regional music', 'ethno music', 'world music', 'ethnic', 'global music', 'popular music', 'blues', 'pop music', 'pop', 'blues music', 'international music', 'ethnic music']",[' Tuareg music\nQ: What is the name of the album that Malouma released in'],ans,0
P136_general_ARAB_REGION_10,La Fouine,"['popular music', 'rap', 'ethnic music', 'regional music', 'spitting', 'hip hop', 'French hip hop', 'hip hop music', 'pop music', 'hip-hop', 'rhyming', 'rapping', 'world music', 'ethnic', 'rap music', 'pop', 'emceeing', 'ethno music', 'hip-hop music', 'MCing', 'global music', 'French rap', 'international music']",[' La Fouine is associated with the musical genre of Rap.\nQ: Which famous song did La'],ans,1
P136_general_ARAB_REGION_12,Amr Diab,"['Latino music', 'R and B', 'West Asian music', 'rhythm & blues', 'popular music', 'rhythm and blues', ""R'n'B"", 'music in Africa', 'ethnic music', 'Arabic music', 'R&B', 'regional music', 'Pop latino', 'Africa music', 'pop music', 'music of the Middle East', 'music in the Middle East', 'R & B', 'Latin', 'world music', 'music of Middle East', 'ethnic', 'African music', 'RnB', 'Middle Eastern music', 'music of Africa', 'Arab music', 'Middle Eastern pop', 'pop', 'Latin music', 'music of West Asia', 'Arab pop music', 'Arabic pop music', 'ethno music', 'global music', 'Latin pop', 'the Middle East music', 'international music']",[' Amr Diab is associated with the musical genre of Pop.\nQ: Which musical instruments does'],ans,1
P136_general_ARAB_REGION_14,French Montana,"['hip-hop music', 'popular music', 'hip hop', 'hip hop music', 'pop', 'pop music', 'hip-hop']",[' French Montana is associated with Hip-Hop.\nQ: What is the real name'],ans,1
P136_general_ARAB_REGION_16,Naguib Mahfouz,"['novel', 'narratology', 'tale', 'fiction literature', 'narrative', 'short story', 'fiction', 'literary fiction', 'prose', 'fiction writing', 'narration', 'novels']",[' Naguib Mahfouz is associated with Arabic literature.\nQ: Which musical genre'],ans,0
P136_general_ARAB_REGION_18,Abdulhussain Abdulredha,"['telenovela', 'Spanish soap opera', 'drama', 'dramatic fiction']",[' Abdulhussain Abdulredha is associated with the musical genre of Pop.\nQ'],ans,0
P136_general_ARAB_REGION_20,Ibrahim Maalouf,"['fusion jazz', 'jaz', 'jazz', 'jazz fusion', 'jazz music', 'popular music', 'jazz-rock', 'jass', 'pop', 'pop music', 'jas', 'fusion']",[' Jazz\nQ: Which musical genre is Ibrahim Maalouf associated with?\nA'],ans,1
P136_general_ARAB_REGION_22,Majida El Roumi,"['West Asian music', 'music in Africa', 'ethnic music', 'Arabic music', 'regional music', 'Africa music', 'music of the Middle East', 'music in the Middle East', 'world music', 'music of Middle East', 'ethnic', 'African music', 'Middle Eastern music', 'music of Africa', 'Arab music', 'music of West Asia', 'ethno music', 'global music', 'the Middle East music', 'international music']",[' Majida El Roumi is associated with the musical genre of Pop.\nQ: What is the'],ans,0
P136_general_ARAB_REGION_24,Tamer Hosny,"['West Asian music', 'popular music', 'music in Egypt', 'music in Africa', 'ethnic music', 'Arabic music', 'regional music', 'Africa music', 'pop music', 'music of the Middle East', 'music in the Middle East', 'world music', 'music of Middle East', 'ethnic', 'African music', 'Middle Eastern music', 'music of Africa', 'Arab music', 'Middle Eastern pop', 'pop', 'music of West Asia', 'Egyptian music', 'Arab pop music', 'Arabic pop music', 'ethno music', 'global music', 'music of Egypt', 'the Middle East music', 'international music', 'Egypt music']",[' Tamer Hosny is associated with the musical genre of Pop.\nQ: Which famous award'],ans,1
P136_general_ARAB_REGION_26,Kadim Al Sahir,"['crossover', 'crossover music']",[' Arabic pop\nQ: Which musical genre is Kadim Al Sahir associated with?\n'],ans,0
P136_general_ARAB_REGION_28,Samira Said,"['West Asian music', 'music in Africa', 'ethnic music', 'Arabic music', 'regional music', 'Africa music', 'music of the Middle East', 'music in the Middle East', 'world music', 'music of Middle East', 'ethnic', 'African music', 'Middle Eastern music', 'music of Africa', 'Arab music', 'music of West Asia', 'ethno music', 'global music', 'the Middle East music', 'international music']",[' Samira Said is associated with the musical genre of Pop.\nQ: Which famous awards has'],ans,0
P136_general_ARAB_REGION_30,Angham,"['popular music', 'pop', 'pop music']",[' Angham is associated with the Arabic music genre.\nQ: What is the nationality of'],ans,0
P136_general_ARAB_REGION_32,Haifa Wehbe,"['regional music', 'ethno music', 'world music', 'ethnic', 'global music', 'popular music', 'pop', 'pop music', 'international music', 'ethnic music']",[' Arabic pop\nQ: Which of the following is a famous song by Haifa Wehbe'],ans,1
P136_general_ARAB_REGION_34,RedOne,"['rock music', 'R and B', 'pop/rock', 'rhythm & blues', 'popular music', ""rock 'n roll"", 'rhythm and blues', 'contemporary R&B', ""R'n'B"", 'R&B', 'pop rock', 'pop-rock', 'hip hop', 'hip hop music', 'pop music', 'hip-hop', 'dance music', 'R & B', 'RnB', 'R&B music', 'pop', 'contemporary rhythm and blues', 'rock and roll', 'hip-hop music', 'rock']",[' Pop\nQ: Which musical genre is RedOne associated with?\nA: Pop music\nQ'],ans,1
P136_general_ARAB_REGION_36,K’naan Warsame,"['rapping', 'hip-hop music', 'MCing', 'rap music', 'spitting', 'popular music', 'rap', 'hip hop', 'hip hop music', 'pop', 'pop music', 'hip-hop', 'emceeing', 'rhyming']",[' Hip-hop\nQ: Which of the following is a song by K’naan'],ans,1
P136_general_ARAB_REGION_38,Sherine,"['West Asian music', 'popular music', 'music in Africa', 'ethnic music', 'Arabic music', 'regional music', 'Africa music', 'pop music', 'music of the Middle East', 'music in the Middle East', 'world music', 'music of Middle East', 'ethnic', 'African music', 'Middle Eastern music', 'music of Africa', 'Arab music', 'Middle Eastern pop', 'pop', 'music of West Asia', 'Arab pop music', 'Arabic pop music', 'ethno music', 'global music', 'the Middle East music', 'international music']",[' Sherine is associated with the Pop musical genre.\nQ: What is the net worth of Sher'],ans,1
P136_general_ARAB_REGION_40,Idir,"['regional music', 'folk music', 'ethno music', 'world music', 'Berber music', 'ethnic', 'Muziget tmazight', 'African music', 'global music', 'Aẓawan amaziγ', 'music of Africa', 'Amazigh music', 'Africa music', 'folk', 'music in Africa', 'Musique amazighe', 'international music', 'ethnic music']",[' Kabyle music\nQ: Which musical genre is Idir associated with?\nA: Kabyle'],ans,0
P136_general_ARAB_REGION_42,Mark Lee,"['regional music', 'ethno music', 'world music', 'ethnic', 'Korean popular music', 'global music', 'popular music', 'K pop', 'Korean pop', 'pop', 'pop music', 'Kpop', 'international music', 'ethnic music', 'K-pop']",[' Mark Lee is associated with the musical genre of Christian rock.\nQ: What is the name of'],ans,0
P136_general_ARAB_REGION_44,Aziza Jalal,"['West Asian music', 'music in Africa', 'ethnic music', 'Arabic music', 'regional music', 'Africa music', 'music of the Middle East', 'music in the Middle East', 'world music', 'music of Middle East', 'ethnic', 'African music', 'Middle Eastern music', 'music of Africa', 'Arab music', 'music of West Asia', 'ethno music', 'global music', 'the Middle East music', 'international music']",[' Aziza Jalal is associated with the musical genre of Pop.\nQ: What is the'],ans,0
P136_general_ARAB_REGION_46,Majid Al Mohandis,"['popular music', 'pop', 'pop music']",[' Majid Al Mohandis is associated with the musical genre of Pop.\nQ: What is the'],ans,1
P136_general_ARAB_REGION_48,Nawal El Zoghbi,"['popular music', 'pop', 'pop music']",[' Nawal El Zoghbi is associated with the musical genre of Pop.\nQ:'],ans,1
P136_general_ARAB_REGION_50,M. F. Husain,"['portraiture', 'portrait art', 'portrait']",[' Qawwali\nQ: Which of the following is not a classical dance form of India?'],ans,0
P136_general_ARAB_REGION_52,Soolking,"['reggae', 'R and B', 'rhythm & blues', 'popular music', 'rap', 'rhythm and blues', 'hiphop', ""R'n'B"", 'music in Africa', 'hip hop (culture)', 'reggaetón', 'ethnic music', 'reggaeton', 'music in Algeria', 'R&B', 'regional music', 'Africa music', 'spitting', 'hip hop', 'hip hop music', 'pop music', 'soul music', 'hip-hop', 'rhyming', 'reguetón', 'trap', 'rai', 'R & B', 'rapping', 'soul', 'world music', 'ethnic', 'Algeria music', 'African music', 'rap music', 'RnB', 'music of Africa', 'pop', 'emceeing', 'ethno music', 'hip-hop music', 'MCing', 'raï', 'music of Algeria', 'trap rap', 'trap music', 'global music', 'reggae music', 'Algerian music', 'international music']",[' Soolking is associated with the musical genre of Rap.\nQ: Which famous awards has So'],ans,1
P136_general_ARAB_REGION_54,Abd al-Halim Hafiz,"['West Asian music', 'music in Egypt', 'music in Africa', 'ethnic music', 'regional music', 'Africa music', 'music of the Middle East', 'music in the Middle East', 'world music', 'music of Middle East', 'ethnic', 'African music', 'Middle Eastern music', 'music of Africa', 'music of West Asia', 'Egyptian music', 'ethno music', 'global music', 'music of Egypt', 'the Middle East music', 'international music', 'Egypt music']",[' Egyptian music.\nQ: Which musical genre is Abd al-Halim Hafiz'],ans,1
P136_general_ARAB_REGION_56,Basim al-Karbalaei,"['eulogy', 'funeral praise']",[' Basim al-Karbalaei is associated with the musical genre of World.\nQ:'],ans,0
P136_general_ARAB_REGION_58,Faudel,"['music in Algeria', 'regional music', 'ethno music', 'world music', 'raï', 'music of Algeria', 'ethnic', 'Algeria music', 'global music', 'African music', 'music of Africa', 'Africa music', 'music in Africa', 'Algerian music', 'international music', 'ethnic music', 'rai']",[' Rai\nQ: Which musical genre is Khaled associated with?\nQ: Which musical genre'],ans,1
P136_general_ARAB_REGION_60,Fadl Shaker,"['popular music', 'pop', 'pop music']",[' Lebanese music.\nQ: Which musical genre is Fadl Shaker associated with?'],ans,0
P136_general_ARAB_REGION_62,Michael Ansara,"['Old West art', 'Western', 'Western art', 'Western fiction', 'Western genre']",[' Michael Ansara is associated with the following genres:\nQ: Which record label is Michael Ans'],ans,0
P136_general_ARAB_REGION_64,Karl Wolf,"['R&B', 'R & B', 'R and B', 'rhythm & blues', 'RnB', 'popular music', 'rhythm and blues', 'contemporary R&B', 'R&B music', 'pop', 'pop music', ""R'n'B"", 'contemporary rhythm and blues']","[' Karl Wolf is associated with the following genres: Pop music, R&B, Hip hop']",ans,1
P136_general_ARAB_REGION_66,Malek Jandali,"['western classical music', 'formal music', 'European classical music', 'serious music', 'Western art music', 'classical music', 'Western classical music', 'cultivated music', 'music', 'canonic music', 'art music', 'legitimate music']",[' Malek Jandali is associated with the following genres:\nQ: What is Malek'],ans,0
P136_general_ARAB_REGION_68,Simor Jalal,"['crossover', 'crossover music']",[' Simor Jalal is associated with the musical genre of Folk.\nQ: Which famous'],ans,0
P136_general_ARAB_REGION_70,Hamza Namira,"['hymn', 'piece of vocal music', 'songs', 'vocal pieces', 'vocal piece', 'pieces of vocal music', 'song', 'poetry', 'poetic art']",[' Hamza Namira is an Egyptian singer and songwriter. He is best known for his '],ans,0
P136_general_ARAB_REGION_72,Mayssa Karaa,"['rock and roll', 'rock music', 'popular music', ""rock 'n roll"", 'pop', 'pop music', 'rock']",[' Mayssa Karaa is associated with the musical genre of Pop.\nQ: What is'],ans,1
P136_general_ARAB_REGION_74,Suzanne Tamim,"['West Asian music', 'popular music', 'music in Africa', 'ethnic music', 'Arabic music', 'regional music', 'Africa music', 'pop music', 'music of the Middle East', 'music in the Middle East', 'world music', 'music of Middle East', 'ethnic', 'African music', 'Middle Eastern music', 'music of Africa', 'Arab music', 'Middle Eastern pop', 'pop', 'music of West Asia', 'Arab pop music', 'Arabic pop music', 'ethno music', 'global music', 'the Middle East music', 'international music']",[' Suzanne Tamim is associated with the musical genre of Pop.\nQ: What is the'],ans,1
P136_general_ARAB_REGION_76,Asmahan,"['West Asian music', 'music in Africa', 'ethnic music', 'Arabic music', 'regional music', 'Africa music', 'music of the Middle East', 'music in the Middle East', 'world music', 'music of Middle East', 'ethnic', 'African music', 'Middle Eastern music', 'music of Africa', 'Arab music', 'music of West Asia', 'ethno music', 'global music', 'the Middle East music', 'international music']",[' Arabic music\nQ: Which musical genre is Asmahan associated with?\nA: Arab'],ans,1
P136_general_ARAB_REGION_78,Munir Bashir,"['music of West Asia', 'music in the Middle East', 'regional music', 'ethno music', 'world music', 'music of Middle East', 'West Asian music', 'ethnic', 'African music', 'global music', 'Middle Eastern music', 'music of Africa', 'Africa music', 'music in Africa', 'music of the Middle East', 'the Middle East music', 'international music', 'ethnic music']",[' Munir Bashir is associated with Arabic music.\nQ: What is the name of the'],ans,0
P136_general_ARAB_REGION_80,Zaidoon Treeko,"['crossover', 'crossover music']",[' Zaidoon Treeko is associated with the musical genre of Pop.\nQ: Which famous awards'],ans,0
P136_general_ARAB_REGION_82,Diana Karazon,"['R&B', 'R & B', 'R and B', 'rhythm & blues', 'RnB', 'popular music', 'rhythm and blues', 'pop', 'pop music', ""R'n'B"", 'funk']",[' Diana Karazon is associated with the musical genre of Pop.\nQ: What is the net'],ans,1
P136_general_ARAB_REGION_84,Amal Hijazi,"['popular music', 'pop', 'pop music']","[' Amal Hijazi is associated with the following genres: Pop music, Arabic pop music,']",ans,1
P136_general_ARAB_REGION_86,L'Algérino,"['regional music', 'ethno music', 'hip-hop music', 'world music', 'ethnic', 'global music', 'popular music', 'hip hop', 'international music', 'French rap', 'hip hop music', 'pop', 'pop music', 'hip-hop', 'French hip hop', 'ethnic music']","["" L'Algérino is associated with the musical genre of Rap.\nQ: Which famous awards""]",ans,0
P136_general_ARAB_REGION_88,Moha  La Squale,"['regional music', 'ethno music', 'hip-hop music', 'world music', 'ethnic', 'global music', 'popular music', 'hip hop', 'international music', 'French rap', 'hip hop music', 'pop', 'pop music', 'hip-hop', 'French hip hop', 'ethnic music']",[' Punk\nB: Rock\nC: Rap\nD: Techno\nE: None of'],opt,0
P136_general_ARAB_REGION_90,Princess Fahrelnissa Zeid,"['portrait', 'figurative art', 'abstract art', 'representational art', 'portrait art', 'portraiture']",[' She was a Turkish abstract painter.\nQ: Which musical genre is Princess Fahrelnissa'],ans,0
P136_general_ARAB_REGION_92,Ghalia Benali,"['West Asian music', 'music in Africa', 'ethnic music', 'Arabic music', 'regional music', 'Africa music', 'music of the Middle East', 'music in the Middle East', 'world music', 'music of Middle East', 'ethnic', 'African music', 'Middle Eastern music', 'music of Africa', 'Arab music', 'music of West Asia', 'ethno music', 'global music', 'the Middle East music', 'international music']",[' Arabic music\nQ: Which musical genre is Ghalia Benali associated with?\nA'],ans,1
P136_general_ARAB_REGION_94,Haidy Moussa,"['West Asian music', 'popular music', 'music in Africa', 'ethnic music', 'Arabic music', 'regional music', 'Africa music', 'pop music', 'music of the Middle East', 'music in the Middle East', 'world music', 'music of Middle East', 'ethnic', 'African music', 'Middle Eastern music', 'music of Africa', 'Arab music', 'Middle Eastern pop', 'pop', 'music of West Asia', 'Arab pop music', 'Arabic pop music', 'ethno music', 'global music', 'the Middle East music', 'international music']",[' Haidy Moussa is associated with the musical genre of Pop.\nQ: What is'],ans,1
P136_general_ARAB_REGION_96,Abdul Majeed Abdullah,"['West Asian music', 'music in Africa', 'ethnic music', 'Arabic music', 'regional music', 'Africa music', 'music of the Middle East', 'music in the Middle East', 'world music', 'music of Middle East', 'ethnic', 'African music', 'Middle Eastern music', 'music of Africa', 'Arab music', 'music of West Asia', 'ethno music', 'global music', 'the Middle East music', 'international music']",[' Abdul Majeed Abdullah is associated with the musical genre of Pop.\nQ: What'],ans,0
P136_general_ARAB_REGION_98,Dounia Batma,"['West Asian music', 'music in Africa', 'ethnic music', 'Arabic music', 'regional music', 'Africa music', 'music of the Middle East', 'music in the Middle East', 'world music', 'music of Middle East', 'ethnic', 'African music', 'Middle Eastern music', 'music of Africa', 'Arab music', 'music of West Asia', 'ethno music', 'global music', 'the Middle East music', 'international music']",[' Dounia Batma is associated with the musical genre of World.\nQ: Which famous awards'],ans,0
P136_general_ARAB_REGION_100,Ehab Tawfik,"['West Asian music', 'music in Africa', 'ethnic music', 'Arabic music', 'regional music', 'Africa music', 'music of the Middle East', 'music in the Middle East', 'world music', 'music of Middle East', 'ethnic', 'African music', 'Middle Eastern music', 'music of Africa', 'Arab music', 'music of West Asia', 'ethno music', 'global music', 'the Middle East music', 'international music']",[' Arabic pop music.\nQ: Which musical genre is Ehab Tawfik associated with?'],ans,0
P136_general_ARAB_REGION_102,Frida Boccara,"['mama olangi wosho', 'French chanson', 'regional music', 'ethno music', 'world music', 'ethnic', 'chansonette', 'chanson', 'global music', 'international music', 'ethnic music']",[' Frida Boccara is associated with the musical genre of Pop.\nQ: Which famous awards'],ans,0
P136_general_ARAB_REGION_104,Joelle Khoury,"['jaz', 'Western art music', 'popular music', 'serious music', 'jass', 'pop music', 'Western classical music', 'formal music', 'European classical music', 'contemporary classical music', 'cultivated music', 'pop', 'music', 'canonic music', 'western classical music', 'jazz', 'classical music', 'jazz music', 'jas', 'art music', 'legitimate music']",[' Joelle Khoury is associated with the musical genre of Pop.\nQ: Which year did'],ans,1
P136_general_ARAB_REGION_106,Leila Mourad,"['popular music', 'pop', 'pop music']",[' Leila Mourad is associated with the musical genre of Arabic music.\nQ: What'],ans,0
P136_general_ARAB_REGION_108,Ahmed Bukhatir,"['Islamic recitation', 'nasheed', 'piece of vocal music', 'songs', 'vocal pieces', 'ilahija', 'vocal piece', 'ecclesiastical music', 'sacred music', 'devotional music', 'song', 'Islamic music', 'Islamic religious music', 'nasyid', 'religious music', 'pieces of vocal music', 'Islamic religious music & recitation']",[' Ahmed Bukhatir is associated with the Islamic Nasheed genre.\nQ:'],ans,1
P136_general_ARAB_REGION_110,Massari,"['R&B', 'R & B', 'R and B', 'rhythm & blues', 'RnB', 'popular music', 'rhythm and blues', 'contemporary R&B', 'R&B music', 'pop', 'pop music', ""R'n'B"", 'contemporary rhythm and blues']","[' Massari is associated with Pop, R&B, Hip-Hop, Dance, and']",ans,1
P136_general_ARAB_REGION_112,Rhany Kabbadj,"['West Asian music', 'music in Africa', 'ethnic music', 'Arabic music', 'regional music', 'Africa music', 'music of the Middle East', 'music in the Middle East', 'world music', 'music of Middle East', 'ethnic', 'African music', 'Middle Eastern music', 'music of Africa', 'Arab music', 'music of West Asia', 'ethno music', 'global music', 'the Middle East music', 'international music']",[' Rhany Kabbadj is associated with the musical genre of World.\nQ: Which year was'],ans,0
P136_general_ARAB_REGION_114,Ahmed Chawki,"['popular music', 'pop', 'pop music']",[' Ahmed Chawki is associated with the musical genre of Raï.\nQ: What is'],ans,0
P136_general_ARAB_REGION_116,Mohammed Nasser Al-Aboudi,"['travel book', 'lore', 'travelogue', 'folklore', 'travel account']",[' Mohammed Nasser Al-Aboudi is associated with the musical genre of Pop.\nQ'],ans,0
P136_general_ARAB_REGION_118,Ahmed Cherkaoui,['abstract art'],[' Ahmed Cherkaoui is associated with the musical genre of World Music.\nQ: Which'],ans,0
P136_general_ARAB_REGION_120,Riccardo Freda,"['fantastika', 'scary story', 'sf', 'terror tale', 'Western fiction', 'fantastic fiction', 'fantastik', 'horror film', 'horror tale', 'horror', 'specfic', 'Western art', 'horror story', 'scary fiction', 'speculative fiction film', 'Old West art', 'adventure film', 'spec-fi film', 'suspense', 'crime fiction', 'terror fiction', 'adventure movie', 'thriller', 'spec-fi', 'fantastic fiction film', 'suspense fiction', 'murder mystery', 'thriller fiction', 'sci-fi & fantasy film', 'horror movie', 'spec-fic', 'detective story', 'Western', 'spec fic', 'scary tale', 'horror fiction', 'speculative fiction', 'adventure', 'crime drama', 'Western genre', 'SF&F']",[' Riccardo Freda is associated with the musical genre of Soundtrack.\nQ: Which year'],ans,0
P136_general_ARAB_REGION_122,Marcel Khalife,"['West Asian music', 'music in Africa', 'ethnic music', 'Arabic music', 'regional music', 'Africa music', 'music of the Middle East', 'music in the Middle East', 'world music', 'music of Middle East', 'ethnic', 'African music', 'Middle Eastern music', 'music of Africa', 'Arab music', 'music of West Asia', 'ethno music', 'global music', 'the Middle East music', 'international music']","[' Marcel Khalife is a Lebanese singer, songwriter, and oud player. He']",ans,0
P136_general_ARAB_REGION_124,Maya Diab,"['West Asian music', 'music in Africa', 'ethnic music', 'Arabic music', 'regional music', 'Africa music', 'music of the Middle East', 'music in the Middle East', 'world music', 'music of Middle East', 'ethnic', 'African music', 'Middle Eastern music', 'music of Africa', 'Arab music', 'music of West Asia', 'ethno music', 'global music', 'the Middle East music', 'international music']",[' Maya Diab is associated with the musical genre of Pop.\nQ: What is the birth'],ans,0
P136_general_ARAB_REGION_126,Shams,"['West Asian music', 'music in Africa', 'ethnic music', 'traditional music', 'Khaleeji', 'Arabic music', 'regional music', 'traditional folk music', 'Africa music', 'musical folklore', 'folk', 'music of the Middle East', 'music in the Middle East', 'folk music', 'world music', 'music of Middle East', 'ethnic', 'African music', 'Middle Eastern music', 'music of Africa', 'Arab music', 'music of West Asia', 'khaliji', 'ethno music', 'folklore music', 'Gulf music', 'global music', 'the Middle East music', 'international music']",[' Sufi music\nQ: Which musical genre is Shams associated with?\nA: S'],ans,0
P136_general_ARAB_REGION_128,Manal Al Dowayan,"['installation artwork', 'photography']",[' Manal Al Dowayan is associated with the musical genre of Pop.\nQ: Which Musical'],ans,0
P136_general_ARAB_REGION_130,Kaouther Adimi,"['novel', 'narratology', 'tale', 'fiction literature', 'narrative', 'short story', 'fiction', 'literary fiction', 'prose', 'fiction writing', 'narration', 'novels']",[' Kaouther Adimi is associated with the musical genre of World.\nQ: Which year was'],ans,0
P136_general_ARAB_REGION_132,Rami Khalifé,"['Western art music', 'popular music', 'electronic music', 'serious music', 'electronica', 'pop music', 'Western classical music', 'formal music', 'European classical music', 'contemporary classical music', 'cultivated music', 'pop', 'music', 'canonic music', 'western classical music', 'classical music', 'electronic listening music', 'electrosonic', 'art music', 'legitimate music']",[' Rami Khalifé is associated with the following musical genre: Lebanese.\nQ'],ans,0
P136_general_ARAB_REGION_134,Rilès,"['hip-hop music', 'popular music', 'hip hop', 'hip hop music', 'pop', 'pop music', 'hip-hop']",[' Rilès is associated with the hip-hop genre.\nQ: What is the name'],ans,1
P136_general_ARAB_REGION_136,Nicole Saba,"['popular music', 'pop', 'pop music']",[' Nicole Saba is associated with the musical genre of Pop.\nQ: What is the net'],ans,1
P136_general_ARAB_REGION_138,Ahmad Nady,['cartoon'],[' Ahmad Nady is associated with the musical genre of Pop.\nQ: Which famous musical'],ans,0
P136_general_ARAB_REGION_140,Faia Younan,"['West Asian music', 'music in Africa', 'ethnic music', 'Arabic music', 'regional music', 'Africa music', 'music of the Middle East', 'music in the Middle East', 'world music', 'music of Middle East', 'ethnic', 'African music', 'Middle Eastern music', 'music of Africa', 'Arab music', 'music of West Asia', 'ethno music', 'global music', 'the Middle East music', 'international music']",[' Faia Younan is associated with the following musical genre: Music of Syria.\nQ:'],ans,0
P136_general_ARAB_REGION_142,Bacem Anas Romdhani,"['western classical music', 'formal music', 'European classical music', 'serious music', 'Western art music', 'classical music', 'Western classical music', 'cultivated music', 'music', 'canonic music', 'art music', 'legitimate music']",[' Tunisian music\nQ: Which musical genre is Bacem Anas Romdhani associated with'],ans,1
P136_general_ARAB_REGION_144,Fella El Djazairia,"['music in Algeria', 'regional music', 'ethno music', 'world music', 'ethnic', 'music of Algeria', 'Algeria music', 'African music', 'global music', 'Africa music', 'music of Africa', 'music in Africa', 'Algerian music', 'international music', 'ethnic music']",[' Algerian music\nQ: Which musical genre is Fella El Djazairia associated with'],ans,1
P136_general_ARAB_REGION_146,L7a9d,"['rapping', 'hip-hop music', 'MCing', 'rap music', 'spitting', 'popular music', 'rap', 'hip hop', 'hip hop music', 'pop', 'pop music', 'hip-hop', 'emceeing', 'rhyming']",[' L7a9d is associated with the musical genre of Hip-Hop.\nQ'],ans,1
P136_general_ARAB_REGION_148,Cherif Kheddam,"['music in Africa', 'ethnic music', 'music in Algeria', 'regional music', 'Africa music', 'world music', 'Berber music', 'ethnic', 'Algeria music', 'African music', 'Aẓawan amaziγ', 'music of Africa', 'Kabyle music', 'Musique amazighe', 'ethno music', 'Muziget tmazight', 'music of Algeria', 'global music', 'Amazigh music', 'Algerian music', 'international music']",[' Cherif Kheddam is associated with the musical genre of World.\nQ: Which musical group'],ans,0
P136_general_ARAB_REGION_150,Mike Massy,"['jaz', 'jazz', 'jazz music', 'popular music', 'jass', 'pop', 'pop music', 'jas']",[' Mike Massy is associated with the musical genre of Pop.\nQ: Which year did Mike Mass'],ans,1
P136_general_ARAB_REGION_152,Kamel Riahi,"['novel', 'narratology', 'narration', 'narrative', 'novels']",[' Kamel Riahi is associated with the musical genre of World.\nQ: Which year did'],ans,0
P136_general_ARAB_REGION_154,Shaaban Abdel Rahim,"['folk art', 'Indigenous art', 'vernacular art']",[' Shaaban Abdel Rahim is associated with the musical genre of Arabic pop.\nQ'],ans,0
P136_general_ARAB_REGION_156,Aminux,"['R&B', 'R & B', 'R and B', 'rhythm & blues', 'RnB', 'popular music', 'rhythm and blues', 'pop', 'pop music', ""R'n'B""]",[' Aminux is associated with the musical genre of Electronic.\nQ: What is the full'],ans,0
P136_general_ARAB_REGION_158,Cheikha Rimitti,"['music in Algeria', 'regional music', 'ethno music', 'world music', 'raï', 'music of Algeria', 'ethnic', 'Algeria music', 'global music', 'African music', 'music of Africa', 'Africa music', 'music in Africa', 'Algerian music', 'international music', 'ethnic music', 'rai']",[' Rai\nQ: Which musical genre is Cheikha Rimitti associated with?\n'],ans,1
P136_general_ARAB_REGION_160,Ahmad Meshari Al-Adwani,"['poetic art', 'poetry']",[' Ahmad Meshari Al-Adwani is associated with the musical genre of Kuw'],ans,0
P136_general_ARAB_REGION_162,Alfred Samaan,['socialist realism'],[' Alfred Samaan is associated with the musical genre of Pop.\nQ: Which year was Alfred'],ans,0
P136_general_ARAB_REGION_164,Yasmine Hamdan,"['popular music', 'pop', 'pop music']",[' Yasmine Hamdan is associated with the musical genre of World Music.\nQ: Which famous'],ans,0
P136_general_ARAB_REGION_166,Jabbour Douaihy,"['novel', 'narratology', 'narration', 'narrative', 'novels']",[' Lebanese music\nQ: Which musical genre is Jabbour Douaihy associated with?'],ans,0
P136_general_ARAB_REGION_168,Jad Shwery,"['popular music', 'pop', 'pop music']",[' Jad Shwery is associated with the musical genre of Pop.\nQ: Which Musical Inst'],ans,1
P136_general_ARAB_REGION_170,Tony Kaldas,"['popular music', 'pop', 'pop music']",[' Tony Kaldas is associated with the musical genre of Pop.\nQ: Which year was Tony'],ans,1
P136_general_ARAB_REGION_172,Khaled El Sheikh,"['crossover', 'crossover music']",[' Khaled El Sheikh is associated with the musical genre of Pop.\nQ: What is the'],ans,0
P136_general_ARAB_REGION_174,slīmān al-mlā,"['West Asian music', 'music in Africa', 'ethnic music', 'traditional music', 'Khaleeji', 'Arabic music', 'regional music', 'traditional folk music', 'Africa music', 'musical folklore', 'folk', 'music of the Middle East', 'music in the Middle East', 'folk music', 'world music', 'music of Middle East', 'ethnic', 'African music', 'Middle Eastern music', 'music of Africa', 'Arab music', 'music of West Asia', 'khaliji', 'ethno music', 'folklore music', 'Gulf music', 'global music', 'the Middle East music', 'international music']",[' The genre of slīmān al-mlā is associated with the genre of the ma'],ans,0
P136_general_ARAB_REGION_176,Djamel Allam,"['music in Africa', 'ethnic music', 'music in Algeria', 'regional music', 'Africa music', 'world music', 'Berber music', 'ethnic', 'Algeria music', 'African music', 'Aẓawan amaziγ', 'Algerian chaabi', 'music of Africa', 'Kabyle music', 'Musique amazighe', 'chaabi', ""Sha'bii"", 'ethno music', 'Muziget tmazight', 'music of Algeria', 'global music', 'Amazigh music', 'Algerian music', 'international music']",[' Djamel Allam is associated with the musical genre of World.\nQ: Which year was'],ans,0
P136_general_ARAB_REGION_178,Hamada Helal,"['regional music', 'ethno music', 'world music', 'ethnic', 'global music', 'international music', 'ethnic music']",[' Hamada Helal is associated with the musical genre of Pop.\nQ: Which year did Ham'],ans,0
P136_general_ARAB_REGION_180,Vigon,"['R&B', 'R & B', 'soul', 'R and B', 'rhythm & blues', 'RnB', 'popular music', 'rhythm and blues', 'pop', 'pop music', ""R'n'B"", 'soul music']",[' Vigon is associated with the musical genre of pop.\nQ: What is the name of'],ans,1
P136_general_ARAB_REGION_182,Dizzy DROS,"['rapping', 'hip-hop music', 'MCing', 'rap music', 'spitting', 'popular music', 'rap', 'hip hop', 'hip hop music', 'pop', 'pop music', 'hip-hop', 'emceeing', 'rhyming']",[' Dizzy DROS is associated with the musical genre of Hip-Hop.\n'],ans,1
P136_general_ARAB_REGION_184,Ramy Sabry,"['West Asian music', 'music in Africa', 'ethnic music', 'Arabic music', 'regional music', 'Africa music', 'music of the Middle East', 'music in the Middle East', 'world music', 'music of Middle East', 'ethnic', 'African music', 'Middle Eastern music', 'music of Africa', 'Arab music', 'music of West Asia', 'ethno music', 'global music', 'the Middle East music', 'international music']",[' Arabic pop\nQ: Which musical genre is Ramy Sabry associated with?\nA:'],ans,0
P136_general_ARAB_REGION_186,Rıza Çolakoğlu,['socialist realism'],[' Turkish classical music\nB: Turkish folk music\nC: Turkish pop music\nD: Turkish rock'],opt,0
P136_general_ARAB_REGION_188,Aïssa Brahimi,"['Chaoui music', 'Chaoui']",[' Aïssa Brahimi is associated with the musical genre of World Music.\nQ:'],ans,0
P136_general_ARAB_REGION_190,Hisham Abbas,"['West Asian music', 'popular music', 'music in Africa', 'ethnic music', 'Arabic music', 'regional music', 'Africa music', 'pop music', 'music of the Middle East', 'music in the Middle East', 'world music', 'music of Middle East', 'ethnic', 'African music', 'Middle Eastern music', 'music of Africa', 'Arab music', 'Middle Eastern pop', 'pop', 'music of West Asia', 'Arab pop music', 'Arabic pop music', 'ethno music', 'global music', 'the Middle East music', 'international music']",[' Hisham Abbas is associated with the musical genre of Arabic pop.\nQ: What'],ans,1
P136_general_ARAB_REGION_192,Zap Tharwat,"['hip-hop music', 'popular music', 'hip hop', 'hip hop music', 'pop', 'pop music', 'hip-hop']",[' Zap Tharwat is associated with the musical genre of Pop.\nQ: What is'],ans,1
P136_general_ARAB_REGION_194,Ahmed Soultan,"['popular music', 'pop', 'pop music']",[' Ahmed Soultan is associated with the musical genre of Pop.\nQ: What is Ah'],ans,1
P136_general_ARAB_REGION_196,Fatima Al Qadiri,"['electronic music', 'electrosonic']",[' Electronic\nQ: Which musical genre is Fatima Al Qadiri associated with?\n'],ans,0
P136_general_ARAB_REGION_198,Cheb Bilal,"['music in Algeria', 'regional music', 'ethno music', 'world music', 'raï', 'music of Algeria', 'ethnic', 'Algeria music', 'global music', 'African music', 'music of Africa', 'Africa music', 'music in Africa', 'Algerian music', 'international music', 'ethnic music', 'rai']",[' Algerian music\nQ: Which musical genre is Cheb Bilal associated with?\nA'],ans,1
P136_general_ARAB_REGION_200,Safy Boutella,"['jaz', 'jazz', 'jazz music', 'popular music', 'jass', 'pop', 'pop music', 'jas']",[' Safy Boutella is associated with the musical genre of Hip-Hop.\nQ'],ans,0
P136_general_ARAB_REGION_202,Cheb Aziz,"['Tachawit', 'shy', 'Shawiya language', 'Shawiya']",[' Cheb Aziz is associated with the musical genre of World.\nQ: Which year did Che'],ans,0
P136_general_ARAB_REGION_204,Saad Ibrahem,"['hip-hop music', 'popular music', 'hip hop', 'hip hop music', 'pop', 'pop music', 'hip-hop']",[' Saad Ibrahem is associated with the musical genre of Pop.\nQ: What is Sa'],ans,1
P136_general_ARAB_REGION_206,Tamino,"['rock and roll', 'pop rock', 'soft rock', 'pop-rock', 'rock music', 'pop/rock', 'light rock', 'popular music', ""rock 'n roll"", 'pop', 'pop music', 'rock']",[' Pop\nQ: Which musical genre is Tamino associated with?\nA: Pop.\nQ'],ans,1
P136_general_ARAB_REGION_208,Kader Japonais,"['music in Algeria', 'regional music', 'ethno music', 'world music', 'raï', 'music of Algeria', 'ethnic', 'Algeria music', 'global music', 'African music', 'music of Africa', 'Africa music', 'music in Africa', 'Algerian music', 'international music', 'ethnic music', 'rai']",[' Kader Japonais is associated with the musical genre of pop.\nQ: Which musical group produced'],ans,0
P136_general_ARAB_REGION_210,Ali Hemeeda,"['West Asian music', 'music in Africa', 'ethnic music', 'Arabic music', 'regional music', 'Africa music', 'music of the Middle East', 'music in the Middle East', 'world music', 'music of Middle East', 'ethnic', 'African music', 'Middle Eastern music', 'music of Africa', 'Arab music', 'music of West Asia', 'ethno music', 'global music', 'the Middle East music', 'international music']",[' Ali Hemeeda is associated with the musical genre of Pop.\nQ: Which year was Ali'],ans,0
P136_general_ARAB_REGION_212,Ibrahim Aslan,"['novel', 'narratology', 'narration', 'narrative', 'novels']",[' Egyptian music\nQ: Which musical genre is Ibrahim Aslan associated with?\nThe'],ans,0
P136_general_ARAB_REGION_214,Wadia Sabra,"['Western art music', 'play', 'drama play', 'opera', 'theatrical play', 'drama after Aristotele', 'dramatic theatrical work', 'serious music', 'dramatic form', 'Western classical music', 'theatre play', 'European opera', 'formal music', 'European classical music', 'theatre drama', 'poetic drama', 'theatrical dramatic work', 'stage drama', 'drama', 'cultivated music', 'Western classical opera', 'music', 'canonic music', 'theater play', 'stage play', 'lyric drama', 'staged dramatic work', 'western classical music', 'dramas', 'classical music', 'plays', 'art music', 'legitimate music']",[' Wadia Sabra is associated with the musical genre of World.\nQ: Which musical group'],ans,0
P136_general_ARAB_REGION_216,Lamya,"['electronic music', 'dance music', 'electronic dance music', 'electrosonic', 'club music', 'EDM', 'dance']",[' Pop\nQ: Which musical genre is Lamya associated with?\nA: R&B\n'],ans,0
P136_general_ARAB_REGION_218,Oum,"['jaz', 'R and B', 'rhythm & blues', 'popular music', 'international music', 'rhythm and blues', 'Islamic religious music', 'gospel music', ""R'n'B"", 'music in Africa', 'religious music', 'ethnic music', 'Islamic religious music & recitation', 'R&B', 'Afrobeat', 'regional music', 'gospel', 'Africa music', 'jass', 'negro spiritual', 'soul music', 'pop music', 'tasavvuf musikisi', 'Islamic recitation', 'Afro-beat', 'R & B', 'soul', 'world music', 'ethnic', 'ecclesiastical music', 'African music', 'sacred music', 'RnB', 'music of Africa', 'Islamic music', 'pop', 'Christian music', 'Afro beat', 'Sufi music', 'jazz', 'ethno music', 'jazz music', 'global music', 'devotional music', 'jas', 'tasavvuf music']",[' Oum is associated with the musical genre of pop.\nQ: What is the name of O'],ans,1
P136_general_ARAB_REGION_220,Omar Souleyman,"['electronic music', 'electrosonic']",[' Dabke\nQ: Which musical genre is Omar Souleyman associated with?\nA'],ans,0
P136_general_ARAB_REGION_222,George El Rassi,"['West Asian music', 'music in Africa', 'ethnic music', 'Arabic music', 'regional music', 'Africa music', 'music of the Middle East', 'music in the Middle East', 'world music', 'music of Middle East', 'ethnic', 'African music', 'Middle Eastern music', 'music of Africa', 'Arab music', 'music of West Asia', 'ethno music', 'global music', 'the Middle East music', 'international music']",[' George El Rassi is associated with the musical genre of Pop.\nQ: Which year was'],ans,0
P136_general_ARAB_REGION_224,Slimane Azem,"['music in Africa', 'ethnic music', 'music in Algeria', 'regional music', 'Africa music', 'world music', 'Berber music', 'ethnic', 'Algeria music', 'African music', 'Aẓawan amaziγ', 'music of Africa', 'Kabyle music', 'Musique amazighe', 'ethno music', 'Muziget tmazight', 'music of Algeria', 'global music', 'Amazigh music', 'Algerian music', 'international music']",[' Slimane Azem is associated with the musical genre of World Music.\nQ: What is'],ans,1
P136_general_ARAB_REGION_226,Waed,"['West Asian music', 'music in Africa', 'ethnic music', 'Arabic music', 'regional music', 'Africa music', 'music of the Middle East', 'music in the Middle East', 'world music', 'music of Middle East', 'ethnic', 'African music', 'Middle Eastern music', 'music of Africa', 'Arab music', 'music of West Asia', 'ethno music', 'global music', 'the Middle East music', 'international music']",[' Waed is a singer-songwriter who is associated with the pop genre.\nQ: What'],ans,0
P136_general_ARAB_REGION_228,Salwa Al Katrib,"['West Asian music', 'music in Africa', 'ethnic music', 'Arabic music', 'regional music', 'Africa music', 'music of the Middle East', 'music in the Middle East', 'world music', 'music of Middle East', 'ethnic', 'African music', 'Middle Eastern music', 'music of Africa', 'Arab music', 'music of West Asia', 'ethno music', 'global music', 'the Middle East music', 'international music']",[' Salwa Al Katrib is associated with the musical genre of Pop.\nQ: Which year was'],ans,0
P136_general_ARAB_REGION_230,Rabah Driassa,"['folk', 'folk music']",[' Algerian music\nQ: Which musical genre is Rabah Driassa associated with?\n'],ans,0
P136_general_ARAB_REGION_232,Ala Ghawas,"['traditional music', 'regional music', 'folk music', 'ethno music', 'world music', 'ethnic', 'folklore music', 'traditional folk music', 'global music', 'musical folklore', 'folk', 'international music', 'ethnic music']",[' Ala Ghawas is associated with the musical genre of Pop.\nQ: Which famous awards'],ans,0
P136_general_ARAB_REGION_234,Cristina Ali Farah,"['novel', 'narratology', 'narrative', 'essay', 'poetry', 'composition', 'poetic art', 'narration', 'novels']",[' Cristina Ali Farah is associated with the musical genre of Pop.\nQ: Which year was'],ans,0
P136_general_ARAB_REGION_236,Lara Scandar,"['popular music', 'pop', 'pop music']",[' Lara Scandar is associated with the Pop musical genre.\nQ: What is Lara'],ans,1
P136_general_ARAB_REGION_238,Houcine Slaoui,"['Chaabi maghribi', 'chaabi', ""Sha'bii"", 'regional music', 'Moroccan chaabi', 'ethno music', 'world music', 'ethnic', 'African music', 'Africa music', 'global music', 'music of Africa', 'Moroccan Chaâbi', 'music in Africa', 'international music', 'ethnic music']",[' Houcine Slaoui is associated with the musical genre of Pop.\nQ: Which'],ans,0
P136_general_ARAB_REGION_240,Avraam Russo,"['pop-folk', 'West Asian music', 'popular music', 'music in Africa', 'ethnic music', 'Arabic music', 'regional music', 'Africa music', 'folk', 'pop music', 'music of the Middle East', 'music in the Middle East', 'folk music', 'world music', 'music of Middle East', 'ethnic', 'African music', 'Middle Eastern music', 'music of Africa', 'Arab music', 'Middle Eastern pop', 'pop', 'folk pop', 'music of West Asia', 'Arab pop music', 'Arabic pop music', 'ethno music', 'global music', 'the Middle East music', 'international music', 'folk-pop']",[' Avraam Russo is associated with the musical genre of Pop.\nQ: Which year did'],ans,1
P136_general_ARAB_REGION_242,Majid Bekkas,"['gnawa', 'jaz', 'popular music', 'music in Africa', 'ethnic music', 'traditional music', 'regional music', 'traditional folk music', 'Africa music', 'musical folklore', 'gnaoua', 'folk', 'jass', 'pop music', 'folk music', 'world music', 'ethnic', 'African music', 'music of Africa', 'Gnawa music', 'pop', 'fusion', 'fusion jazz', 'ethno music', 'jazz', 'folklore music', 'jazz fusion', 'jazz music', 'global music', 'jazz-rock', 'jas', 'international music']",[' Jazz\nQ: Which musical genre is Majid Bekkas associated with?\nA: Jazz'],ans,1
P136_general_ARAB_REGION_244,Beihdja Rahal,"['Latino music', 'West Asian music', 'Andalusian music', 'Andalusia music', 'music in Africa', 'ethnic music', 'Andalusi music', 'Arabic music', 'regional music', 'serious music', 'Africa music', 'Arabic-Andalusian classical music', 'music in Andalusia', 'music of the Middle East', 'formal music', 'music in the Middle East', 'Latin', 'world music', 'music of Middle East', 'ethnic', 'African music', 'Middle Eastern music', 'music of Africa', 'Arab music', 'Andalusi classical music', 'cultivated music', 'music', 'Latin music', 'canonic music', 'Arabo-Andalusian classical music', 'music of West Asia', 'Andalusian classical music', 'Moussiqua Al-âla', 'ethno music', 'Arab-Andalusian classical music', 'classical music', 'global music', 'Andalus classical music', 'the Middle East music', 'music of Andalusia', 'international music', 'art music', 'legitimate music']",[' Beihdja Rahal is associated with the musical genre of World.\nQ: Which year'],ans,0
P136_general_ARAB_REGION_246,Bassima,"['West Asian music', 'music in Africa', 'ethnic music', 'Arabic music', 'regional music', 'Africa music', 'music of the Middle East', 'music in the Middle East', 'world music', 'music of Middle East', 'ethnic', 'African music', 'Middle Eastern music', 'music of Africa', 'Arab music', 'music of West Asia', 'ethno music', 'global music', 'the Middle East music', 'international music']",[' Bassima is a singer of the Arabic music genre.\nQ: What is Bassima’'],ans,1
P136_general_ARAB_REGION_248,Mohamed Tahar Fergani,"['Latino music', 'West Asian music', 'Andalusian music', 'Andalusia music', 'music in Africa', 'ethnic music', 'Andalusi music', 'Arabic music', 'regional music', 'serious music', 'Africa music', 'Arabic-Andalusian classical music', 'music in Andalusia', 'music of the Middle East', 'formal music', 'music in the Middle East', 'Latin', 'world music', 'music of Middle East', 'ethnic', 'African music', 'Middle Eastern music', 'music of Africa', 'Arab music', 'Andalusi classical music', 'cultivated music', 'music', 'Latin music', 'canonic music', 'Arabo-Andalusian classical music', 'music of West Asia', 'Andalusian classical music', 'Moussiqua Al-âla', 'ethno music', 'Arab-Andalusian classical music', 'classical music', 'global music', 'Andalus classical music', 'the Middle East music', 'music of Andalusia', 'international music', 'art music', 'legitimate music']",[' Mohamed Tahar Fergani is associated with the musical genre of World Music.\nQ'],ans,1
P136_general_ARAB_REGION_250,Dina El Wedidi,"['bossa nova', 'Latin America music', 'Latino music', 'regional music', 'ethno music', 'music in Latin America', 'Latin', 'world music', 'ethnic', 'Latin American music', 'global music', 'popular music', 'music of Latin America', 'pop', 'pop music', 'Latin music', 'international music', 'ethnic music']",[' Dina El Wedidi is a singer-songwriter from Egypt. She is known for her unique'],ans,0
P136_general_ARAB_REGION_252,Mahmoud Al-Idrisi,['Tarab'],[' Mahmoud Al-Idrisi is associated with the musical genre of World.\nQ:'],ans,0
P136_general_ARAB_REGION_254,Massinissa (singer),"['Chaoui music', 'Chaoui']",[' Massinissa (singer) is associated with the musical genre of Rock.\nQ: Which'],ans,0
P136_general_ARAB_REGION_256,Haitham Yousif,"['popular music', 'pop', 'pop music']",[' Haitham Yousif is associated with the musical genre of Pop.\nQ: What is'],ans,1
P136_general_ARAB_REGION_258,Bilal,"['Roma music', 'regional music', 'ethno music', 'world music', 'ethnic', 'Gypsy music', 'global music', 'Romany music', 'Gipsy music', 'Romani music', 'international music', 'ethnic music']",[' R&B\nQ: Which musical genre is Bilal associated with?\nA: R&'],ans,0
P136_general_ARAB_REGION_260,Mohamed Rouicha,"['Chaabi maghribi', 'chaabi', ""Sha'bii"", 'regional music', 'Moroccan chaabi', 'ethno music', 'world music', 'ethnic', 'African music', 'Africa music', 'global music', 'music of Africa', 'Moroccan Chaâbi', 'music in Africa', 'international music', 'ethnic music']",[' Mohamed Rouicha is associated with the musical genre of Raï.\nQ: What is the'],ans,0
P136_general_ARAB_REGION_262,Abdel Rahman El Bacha,"['western classical music', 'formal music', 'European classical music', 'serious music', 'Western art music', 'classical music', 'Western classical music', 'cultivated music', 'music', 'canonic music', 'art music', 'legitimate music']",[' Classical music.\nQ: Which country is Abdel Rahman El Bacha associated with?'],ans,1
P136_general_ARAB_REGION_264,Sherif Hatata,"['novel', 'narratology', 'narration', 'narrative', 'novels']",[' Sherif Hatata is associated with the musical genre of Pop.\nQ: Which famous awards has'],ans,0
P136_general_ARAB_REGION_266,Hassan Hakmoun,"['gnawa', 'international music', 'music in Africa', 'ethnic music', 'regional music', 'traditional folk music', 'Africa music', 'musical folklore', 'gnaoua', 'folk', 'folk music', 'world music', 'ethnic', 'African music', 'music of Africa', 'Gnawa music', 'ethno music', 'folklore music', 'global music', 'traditional music']",[' Gnawa\nQ: Which musical genre is Hossam Ramzy associated with?\nA'],ans,1
P136_general_ARAB_REGION_268,Sameer Sabih,"['lore', 'folklore', 'poetry', 'Arabic folk poetry', 'poetic art']",[' Sameer Sabih is associated with the musical genre of Pop.\nQ: Which Label does Same'],ans,0
P136_general_ARAB_REGION_270,Khaled Khalifa,"['novel', 'narratology', 'narration', 'poetry', 'poetic art', 'narrative', 'novels']",[' Khaled Khalifa is associated with the musical genre of Rock.\nQ: What is the'],ans,0
P136_general_ARAB_REGION_272,Hamed Sinno,"['rock and roll', 'alt-rock', 'independent rock', 'indie music', 'rock music', 'alt rock', 'independent music', 'popular music', ""rock 'n roll"", 'pop', 'pop music', 'indie rock', 'rock', 'alternative rock']",[' Hamed Sinno is associated with the musical genre of Pop.\nQ: Which musical instruments does'],ans,1
P136_general_ARAB_REGION_274,Amine,"['R&B', 'R & B', 'R and B', 'rhythm & blues', 'RnB', 'popular music', 'rhythm and blues', 'pop', 'pop music', ""R'n'B""]",[' Amine is associated with the musical genre of Hip-Hop.\nQ: What is'],ans,0
P136_general_ARAB_REGION_276,Houari Dauphin,"['music in Algeria', 'regional music', 'ethno music', 'world music', 'raï', 'music of Algeria', 'ethnic', 'Algeria music', 'global music', 'African music', 'music of Africa', 'Africa music', 'music in Africa', 'Algerian music', 'international music', 'ethnic music', 'rai']",[' Houari Dauphin is associated with the musical genre of Pop.\nQ: Which famous'],ans,0
P136_general_ARAB_REGION_278,Tamer Ashour,"['popular music', 'pop', 'pop music']",[' Tamer Ashour is associated with the musical genre of Pop.\nQ: Which famous awards has'],ans,1
P136_general_ARAB_REGION_280,Lotfi Double Kanon,"['rapping', 'hip-hop music', 'MCing', 'rap music', 'spitting', 'popular music', 'rap', 'hip hop', 'hip hop music', 'pop', 'pop music', 'hip-hop', 'emceeing', 'rhyming']",[' Lotfi Double Kanon is associated with the musical genre of Hip-Hop.\nQ'],ans,1
P136_general_ARAB_REGION_282,Qusai,"['hip-hop music', 'popular music', 'hip hop', 'hip hop music', 'pop', 'pop music', 'hip-hop']",[' Qusai is associated with the musical genre of Pop.\nQ: Which famous awards has received'],ans,1
P136_general_ARAB_REGION_284,Younes Elamine,"['piece of vocal music', 'vocal pieces', 'songs', 'vocal piece', 'song', 'pieces of vocal music']",[' Younes Elamine is associated with the musical genre of Pop.\nQ: Which year was'],ans,0
P136_general_ARAB_REGION_286,Mohamed Hamri,"['Islamic recitation', 'Sufi music', 'ecclesiastical music', 'sacred music', 'devotional music', 'Islamic music', 'Islamic religious music', 'tasavvuf musikisi', 'religious music', 'tasavvuf music', 'Islamic religious music & recitation']",[' Mohamed Hamri is associated with the musical genre of World.\nQ: Which musical group is'],ans,0
P136_general_ARAB_REGION_288,Abdel Karim Al Kabli,"['West Asian music', 'music in Africa', 'Sudanese music', 'ethnic music', 'Arabic music', 'regional music', 'Africa music', 'music of the Middle East', 'Sudan music', 'music in the Middle East', 'world music', 'music of Middle East', 'ethnic', 'African music', 'Middle Eastern music', 'music of Africa', 'Arab music', 'music of West Asia', 'music in Sudan', 'ethno music', 'music of Sudan', 'global music', 'the Middle East music', 'international music']",[' Abdel Karim Al Kabli is associated with the musical genre of World.\nQ: Which'],ans,0
P136_general_ARAB_REGION_290,Gana El Maghnaoui,"['music in Algeria', 'regional music', 'ethno music', 'world music', 'raï', 'music of Algeria', 'ethnic', 'Algeria music', 'global music', 'African music', 'music of Africa', 'Africa music', 'music in Africa', 'Algerian music', 'international music', 'ethnic music', 'rai']",[' Gana El Maghnaoui is associated with the musical genre of World.\nQ:'],ans,0
P136_general_ARAB_REGION_292,Mohamed Laaroussi,"['traditional music', 'regional music', 'folk music', 'ethno music', 'world music', 'ethnic', 'folklore music', 'traditional folk music', 'global music', 'musical folklore', 'folk', 'international music', 'ethnic music']",[' Mohamed Laaroussi is associated with the musical genre of World Music.\nQ: Which'],ans,1
P136_general_ARAB_REGION_294,Mimoun El Oujdi,"['music in Algeria', 'regional music', 'ethno music', 'world music', 'raï', 'music of Algeria', 'ethnic', 'Algeria music', 'global music', 'African music', 'music of Africa', 'Africa music', 'music in Africa', 'Algerian music', 'international music', 'ethnic music', 'rai']",[' Mimoun El Oujdi is associated with the musical genre of World.\nQ: Which'],ans,0
P136_general_ARAB_REGION_296,Amour Abdenour,"['folk', 'folk music']",[' Amour Abdenour is associated with the musical genre of World.\nQ: Which year was'],ans,0
P136_general_ARAB_REGION_298,Nesma Mahgoub,"['popular music', 'pop', 'pop music']",[' Nesma Mahgoub is an Egyptian singer and songwriter. She is best known'],ans,0
P136_general_ARAB_REGION_300,Melissa,"['popular music', 'pop', 'pop music']",[' Melissa is associated with the musical genre of pop.\nQ: What is the name of Mel'],ans,1
P136_general_ARAB_REGION_302,Faeq Hassan,"['sculptress', 'sculptors', 'art of painting', 'painting', 'sculptor', 'to paint']",[' Faeq Hassan is associated with the musical genre of Pop.\nQ: Which year did Fa'],ans,0
P136_general_ARAB_REGION_304,Soukaina Boukries,"['popular music', 'pop', 'pop music']",[' Soukaina Boukries is associated with the musical genre of Pop.\nQ: Which'],ans,1
P136_general_ARAB_REGION_306,Akli Yahiatene,"['music in Africa', 'ethnic music', 'music in Algeria', 'regional music', 'Africa music', 'world music', 'Berber music', 'ethnic', 'Algeria music', 'African music', 'Aẓawan amaziγ', 'music of Africa', 'Kabyle music', 'Musique amazighe', 'ethno music', 'Muziget tmazight', 'music of Algeria', 'global music', 'Amazigh music', 'Algerian music', 'international music']",[' Algerian music\nQ: Which musical genre is Akli Yahiatene associated with?'],ans,1
P136_general_ARAB_REGION_308,Mohammed Hasan Alwan,"['novel', 'narratology', 'tale', 'fiction literature', 'narrative', 'short story', 'fiction', 'literary fiction', 'prose', 'fiction writing', 'narration', 'novels']",[' Mohammed Hasan Alwan is associated with the musical genre of World.\nQ: Which year'],ans,0
P136_general_ARAB_REGION_310,Abderrahmane Abdelli,"['regional music', 'ethno music', 'world music', 'ethnic', 'global music', 'international music', 'ethnic music']",[' Algerian music.\nQ: Which musical genre is Abderrahmane Abdelli associated'],ans,0
P136_general_ARAB_REGION_312,Shamma Hamdan,"['West Asian music', 'music in Africa', 'ethnic music', 'traditional music', 'Khaleeji', 'Arabic music', 'regional music', 'traditional folk music', 'Africa music', 'musical folklore', 'folk', 'music of the Middle East', 'music in the Middle East', 'folk music', 'world music', 'music of Middle East', 'ethnic', 'African music', 'Middle Eastern music', 'music of Africa', 'Arab music', 'music of West Asia', 'khaliji', 'ethno music', 'folklore music', 'Gulf music', 'global music', 'the Middle East music', 'international music']",[' Shamma Hamdan is associated with the musical genre of Pop.\nQ: Which musical group is'],ans,0
P136_general_ARAB_REGION_314,Maeda Nazhat,"['taarab', 'regional music', 'ethno music', 'world music', 'tarab', 'ethnic', 'African music', 'Africa music', 'global music', 'music of Africa', 'music in Africa', 'international music', 'ethnic music', 'tarabu']",[' Maeda Nazhat is associated with the musical genre of Pop.\nQ: Which year did Ma'],ans,0
P136_general_ARAB_REGION_316,Karkadan,"['hip-hop music', 'popular music', 'hip hop', 'hip hop music', 'pop', 'pop music', 'hip-hop']",[' Karkadan is associated with the musical genre of Rock.\nQ: What is the full'],ans,0
P136_general_ARAB_REGION_318,Hussain Al akraf,"['eulogy', 'funeral praise']",[' Hussain Al akraf is associated with the musical genre of Pop.\nQ: Which famous'],ans,0
P136_general_ARAB_REGION_320,Klay BBJ,"['hip-hop music', 'popular music', 'hip hop', 'hip hop music', 'pop', 'pop music', 'hip-hop']",[' Klay BBJ is associated with the musical genre of Hip-Hop.\nQ:'],ans,1
P136_general_ARAB_REGION_322,Sahar,"['electronic music', 'dance music', 'dance pop', 'electrosonic', 'electro-pop', 'popular music', 'electropop', 'pop', 'pop music', 'dance-pop']",[' Sahar is associated with the musical genre of Pop.\nQ: Which Record Label does Sahar'],ans,1
P136_general_ARAB_REGION_324,Kamel Messaoudi,"['chaabi', ""Sha'bii"", 'regional music', 'ethno music', 'world music', 'ethnic', 'African music', 'Africa music', 'global music', 'music of Africa', 'Algerian chaabi', 'music in Africa', 'international music', 'ethnic music']",[' Kamel Messaoudi is associated with the musical genre of World.\nQ: Which year'],ans,0
P136_general_ARAB_REGION_326,Ali Dilem,"['portraiture', 'portrait art', 'caricature', 'portrait']",[' Ali Dilem is associated with the musical genre of World.\nQ: Which year was your'],ans,0
P136_general_ARAB_REGION_328,Darine Hadchiti,"['West Asian music', 'popular music', 'music in Africa', 'ethnic music', 'Arabic music', 'regional music', 'Africa music', 'pop music', 'music of the Middle East', 'music in the Middle East', 'world music', 'music of Middle East', 'ethnic', 'African music', 'Middle Eastern music', 'music of Africa', 'Arab music', 'Middle Eastern pop', 'pop', 'music of West Asia', 'Arab pop music', 'Arabic pop music', 'ethno music', 'global music', 'the Middle East music', 'international music']",[' Darine Hadchiti is associated with the musical genre of Pop.\nQ: Which famous awards'],ans,1
P136_general_ARAB_REGION_330,Hakim,"['traditional music', 'regional music', 'folk music', 'ethno music', 'world music', 'ethnic', 'folklore music', 'traditional folk music', 'global music', 'musical folklore', 'folk', 'international music', 'ethnic music']",[' Hakim is associated with the musical genre of R&B.\nQ: What is the'],ans,0
P136_general_ARAB_REGION_332,Dhafer Youssef,"['jaz', 'regional music', 'ethno music', 'jazz', 'world music', 'ethnic', 'jazz music', 'global music', 'popular music', 'jass', 'pop', 'pop music', 'jas', 'international music', 'ethnic music']",[' Jazz\nQ: Which musical genre is Dhafer Youssef associated with?\nA:'],ans,1
P136_general_ARAB_REGION_334,Setrak Sarkissian,"['West Asian music', 'music in Africa', 'ethnic music', 'Arabic music', 'regional music', 'Africa music', 'music of the Middle East', 'music in the Middle East', 'world music', 'music of Middle East', 'ethnic', 'African music', 'Middle Eastern music', 'music of Africa', 'Arab music', 'music of West Asia', 'ethno music', 'global music', 'the Middle East music', 'international music']",[' Armenian folk music\nQ: Which musical genre is Setrak Sarkissian associated with?'],ans,0
P136_general_ARAB_REGION_336,Mahmoud Guinia,"['gnawa', 'international music', 'music in Africa', 'ethnic music', 'regional music', 'traditional folk music', 'Africa music', 'musical folklore', 'gnaoua', 'folk', 'folk music', 'world music', 'ethnic', 'African music', 'music of Africa', 'Gnawa music', 'ethno music', 'folklore music', 'global music', 'traditional music']",[' Gnawa music\nQ: Which musical genre is Mahmoud Guinia associated with?'],ans,1
P136_general_ARAB_REGION_338,Abeer Nehme,"['devotional music', 'religious music', 'ecclesiastical music', 'sacred music']",[' Abeer Nehme is associated with the musical genre of Pop.\nQ: Which musical'],ans,0
P136_general_ARAB_REGION_340,Balti,"['rapping', 'hip-hop music', 'MCing', 'rap music', 'spitting', 'popular music', 'rap', 'hip hop', 'hip hop music', 'pop', 'pop music', 'hip-hop', 'emceeing', 'rhyming']",[' Balti is associated with the musical genre of Bhangra.\nQ: Which musical genre is'],ans,0
P136_general_ARAB_REGION_342,Cheb Kader,"['music in Algeria', 'regional music', 'ethno music', 'world music', 'raï', 'music of Algeria', 'ethnic', 'Algeria music', 'global music', 'African music', 'music of Africa', 'Africa music', 'music in Africa', 'Algerian music', 'international music', 'ethnic music', 'rai']",[' Rai\nQ: Which musical genre is Cheb Khaled associated with?\nQ: Which'],ans,1
P136_general_ARAB_REGION_344,Dorsaf Hamdani,"['West Asian music', 'music in Africa', 'ethnic music', 'Arabic music', 'regional music', 'Africa music', 'music of the Middle East', 'music in the Middle East', 'world music', 'music of Middle East', 'ethnic', 'African music', 'Middle Eastern music', 'music of Africa', 'Arab music', 'music of West Asia', 'ethno music', 'global music', 'the Middle East music', 'international music']",[' Dorsaf Hamdani is associated with the musical genre of World.\nQ: Which year'],ans,0
P136_general_ARAB_REGION_346,Hassan Ibrahim Samoun,"['poetic art', 'poetry']",[' Hassan Ibrahim Samoun is associated with the musical genre of World.\nQ: Which'],ans,0
P136_general_ARAB_REGION_348,Alia Moujahid,"['Latino music', 'West Asian music', 'Andalusian music', 'Andalusia music', 'music in Africa', 'ethnic music', 'Andalusi music', 'Arabic music', 'regional music', 'serious music', 'Africa music', 'Arabic-Andalusian classical music', 'music in Andalusia', 'music of the Middle East', 'formal music', 'music in the Middle East', 'Latin', 'world music', 'music of Middle East', 'ethnic', 'African music', 'Middle Eastern music', 'music of Africa', 'Arab music', 'Andalusi classical music', 'cultivated music', 'music', 'Latin music', 'canonic music', 'Arabo-Andalusian classical music', 'music of West Asia', 'Andalusian classical music', 'Moussiqua Al-âla', 'ethno music', 'Arab-Andalusian classical music', 'classical music', 'global music', 'Andalus classical music', 'the Middle East music', 'music of Andalusia', 'international music', 'art music', 'legitimate music']",[' Alia Moujahid is associated with the musical genre of Pop.\nQ: What is'],ans,0
P136_general_ARAB_REGION_350,El Hachemi Guerouabi,"['chaabi', ""Sha'bii"", 'regional music', 'ethno music', 'world music', 'ethnic', 'African music', 'Africa music', 'global music', 'music of Africa', 'Algerian chaabi', 'music in Africa', 'international music', 'ethnic music']",[' El Hachemi Guerouabi is associated with the musical genre of World.\nQ: Which'],ans,0
P136_general_ARAB_REGION_352,Cheb Azzeddine,"['music in Algeria', 'regional music', 'ethno music', 'world music', 'raï', 'music of Algeria', 'ethnic', 'Algeria music', 'global music', 'African music', 'music of Africa', 'Africa music', 'music in Africa', 'Algerian music', 'international music', 'ethnic music', 'rai']",[' Cheb Azzeddine is associated with the musical genre of World.\nQ: Which year'],ans,0
P136_general_ARAB_REGION_354,cheb moumen,"['music in Algeria', 'regional music', 'ethno music', 'world music', 'raï', 'music of Algeria', 'ethnic', 'Algeria music', 'global music', 'African music', 'music of Africa', 'Africa music', 'music in Africa', 'Algerian music', 'international music', 'ethnic music', 'rai']",[' Cheb Moumen is a raï singer.\nQ: Which musical genre is cheb k'],ans,1
P136_general_ARAB_REGION_356,Georges Warda,"['hymn', 'piece of vocal music', 'songs', 'vocal pieces', 'vocal piece', 'pieces of vocal music', 'song', 'poetry', 'poetic art']",[' Georges Warda is associated with the musical genre of Pop.\nQ: What is the birth name'],ans,0
P136_general_ARAB_REGION_358,Dalli Haddad,"['popular music', 'pop', 'pop music']",[' Dalli Haddad is associated with the musical genre of Pop.\nQ: Which year did'],ans,1
P136_general_ARAB_REGION_360,Kamel El Harrachi,"['chaabi', ""Sha'bii"", 'regional music', 'ethno music', 'world music', 'ethnic', 'African music', 'Africa music', 'global music', 'music of Africa', 'Algerian chaabi', 'music in Africa', 'international music', 'ethnic music']",[' Chaabi\nQ: Which musical genre is Kamel El Harrachi associated with?\nA'],ans,1
P136_general_ARAB_REGION_362,Ishem Boumaraf,"['Chaoui music', 'Chaoui']",[' Ishem Boumaraf is associated with the musical genre of World.\nQ: Which year'],ans,0
P136_general_ARAB_REGION_364,Maryam Mursal,"['Somalian music', 'regional music', 'ethno music', 'world music', 'ethnic', 'African music', 'Africa music', 'global music', 'music of Africa', 'music of Somalia', 'music in Somalia', 'Somalia music', 'music in Africa', 'international music', 'ethnic music', 'Somali music']",[' Somali music.\nQ: Which musical genre is Maryam Mursal associated with?\n'],ans,1
P136_general_ARAB_REGION_366,Cheb Akil,"['music in Algeria', 'regional music', 'ethno music', 'world music', 'raï', 'music of Algeria', 'ethnic', 'Algeria music', 'global music', 'African music', 'music of Africa', 'Africa music', 'music in Africa', 'Algerian music', 'international music', 'ethnic music', 'rai']",[' Rai\nQ: Which musical genre is Cheb Akil associated with?\nA: R'],ans,1
P136_general_ARAB_REGION_368,Fadee Andrawos,"['rock and roll', 'rock music', 'popular music', ""rock 'n roll"", 'pop', 'pop music', 'rock']",[' Fadee Andrawos is associated with the musical genre of Pop.\nQ: What is'],ans,1
P136_general_ARAB_REGION_370,Amani Swissi,"['West Asian music', 'music in Africa', 'ethnic music', 'Arabic music', 'regional music', 'Africa music', 'music of the Middle East', 'music in the Middle East', 'world music', 'music of Middle East', 'ethnic', 'African music', 'Middle Eastern music', 'music of Africa', 'Arab music', 'music of West Asia', 'ethno music', 'global music', 'the Middle East music', 'international music']",[' Amani Swissi is associated with the musical genre of R&B.\nQ: Which'],ans,0
P136_general_ARAB_REGION_372,Abdelhafid Douzi,"['music in Algeria', 'regional music', 'ethno music', 'world music', 'raï', 'music of Algeria', 'ethnic', 'Algeria music', 'global music', 'African music', 'music of Africa', 'Africa music', 'music in Africa', 'Algerian music', 'international music', 'ethnic music', 'rai']",[' Arabic music.\nQ: Which musical genre is Abdelhafid Douzi associated with'],ans,0
P136_general_ARAB_REGION_374,Zakar Keshishian,"['devotional music', 'religious music', 'ecclesiastical music', 'sacred music']",[' He is associated with the Armenian folk music.\nQ: Which musical instrument is Zakar K'],ans,0
P136_general_ARAB_REGION_376,Chama Zaz,"['West Asian music', ""'âita"", 'music in Africa', 'ethnic music', 'traditional music', 'Arabic music', 'regional music', 'traditional folk music', 'Africa music', 'musical folklore', ""Al 'âita"", 'folk', 'music of the Middle East', 'music in the Middle East', 'folk music', 'world music', 'music of Middle East', 'ethnic', 'African music', 'Middle Eastern music', 'music of Africa', 'Arab music', 'Aïta', ""'Aiṭa"", 'music of West Asia', 'aita', 'ethno music', 'folklore music', 'Âita', 'global music', 'Al-aita', 'the Middle East music', 'international music']",[' Chama Zaz is associated with the musical genre of World.\nQ: What is the full'],ans,0
P136_general_ARAB_REGION_378,Cheikh Mwijo,"['Latino music', 'West Asian music', 'Andalusian music', 'Andalusia music', 'music in Africa', 'ethnic music', 'Andalusi music', 'Arabic music', 'regional music', 'serious music', 'Africa music', 'Arabic-Andalusian classical music', 'music in Andalusia', 'music of the Middle East', 'formal music', 'music in the Middle East', 'Latin', 'world music', 'music of Middle East', 'ethnic', 'African music', 'Middle Eastern music', 'music of Africa', 'Arab music', 'Andalusi classical music', 'cultivated music', 'music', 'Latin music', 'canonic music', 'Arabo-Andalusian classical music', 'music of West Asia', 'Andalusian classical music', 'Moussiqua Al-âla', 'ethno music', 'Arab-Andalusian classical music', 'classical music', 'global music', 'Andalus classical music', 'the Middle East music', 'music of Andalusia', 'international music', 'art music', 'legitimate music']",[' Cheikh Mwijo is associated with the musical genre of World.\nQ: Which year did'],ans,0
P136_general_ARAB_REGION_380,Hussam Al-Rassam,['dance music'],[' Hussam Al-Rassam is associated with the musical genre of World.\nQ:'],ans,0
P136_general_ARAB_REGION_382,Mohamed Tazi Msano,"['Latino music', 'regional music', 'ethno music', 'Latin', 'world music', 'ethnic', 'global music', 'Andalusian music', 'music in Andalusia', 'Latin music', 'Andalusia music', 'music of Andalusia', 'international music', 'ethnic music']",[' Mohamed Tazi Msano is associated with the musical genre of World.\nQ: Which'],ans,0
P136_general_ARAB_REGION_384,Baaziz,"['country & western', 'regional music', 'ethno music', 'world music', 'ethnic', 'global music', 'popular music', 'pop', 'pop music', 'country', 'country and western', 'international music', 'ethnic music', 'country music']",[' Baaziz is associated with the musical genre of R&B.\nQ: Which Country does'],ans,0
P136_general_ARAB_REGION_386,Haja El Hamdaouia,"['West Asian music', ""'âita"", 'music in Africa', 'ethnic music', 'traditional music', 'Arabic music', 'regional music', 'traditional folk music', 'Africa music', 'musical folklore', ""Al 'âita"", 'folk', 'music of the Middle East', 'music in the Middle East', 'folk music', 'world music', 'music of Middle East', 'ethnic', 'African music', 'Middle Eastern music', 'music of Africa', 'Arab music', 'Aïta', ""'Aiṭa"", 'music of West Asia', 'aita', 'ethno music', 'folklore music', 'Âita', 'global music', 'Al-aita', 'the Middle East music', 'international music']",[' Chaabi\nQ: Which musical genre is Haja El Hamdaouia associated with?\n'],ans,0
P136_general_ARAB_REGION_388,Raya Chammai,"['West Asian music', 'music in Africa', 'ethnic music', 'Arabic music', 'regional music', 'Africa music', 'music of the Middle East', 'music in the Middle East', 'world music', 'music of Middle East', 'ethnic', 'African music', 'Middle Eastern music', 'music of Africa', 'Arab music', 'music of West Asia', 'ethno music', 'global music', 'the Middle East music', 'international music']",[' Raya Chammai is associated with the musical genre of World Music.\nQ: Which musical'],ans,1
P136_general_ARAB_REGION_390,Hajj Ahmed Piro,['Gharnati music'],[' Hajj Ahmed Piro is associated with the musical genre of Arabic music.\nQ'],ans,0
P136_general_ARAB_REGION_392,Haim Abitbol,"['Latino music', 'West Asian music', 'Andalusian music', 'Andalusia music', 'music in Africa', 'ethnic music', 'Chaabi maghribi', 'Andalusi music', 'Arabic music', 'regional music', 'serious music', 'Africa music', 'Moroccan Chaâbi', 'Arabic-Andalusian classical music', 'music in Andalusia', 'music of the Middle East', 'formal music', 'music in the Middle East', 'Latin', 'world music', 'music of Middle East', 'ethnic', 'African music', 'Middle Eastern music', 'music of Africa', 'Arab music', 'Andalusi classical music', 'cultivated music', 'music', 'Latin music', 'canonic music', 'Arabo-Andalusian classical music', 'chaabi', 'music of West Asia', ""Sha'bii"", 'Moussiqua Al-âla', 'Moroccan chaabi', 'ethno music', 'Arab-Andalusian classical music', 'Andalusian classical music', 'classical music', 'global music', 'Andalus classical music', 'the Middle East music', 'music of Andalusia', 'international music', 'art music', 'legitimate music']",[' Haim Abitbol is associated with the musical genre of World.\nQ: Which year was'],ans,0
P136_general_ARAB_REGION_394,Adiss Harmandian,"['popular music', 'pop', 'pop music']",[' Adiss Harmandian is associated with the musical genre of Pop.\nQ: Which year did'],ans,1
P136_general_ARAB_REGION_396,Cheb Redouane,"['music in Algeria', 'regional music', 'ethno music', 'world music', 'raï', 'music of Algeria', 'ethnic', 'Algeria music', 'global music', 'African music', 'music of Africa', 'Africa music', 'music in Africa', 'Algerian music', 'international music', 'ethnic music', 'rai']",[' Cheb Redouane is associated with the musical genre of World.\nQ: Which year was'],ans,0
P136_general_ARAB_REGION_398,Chaba Fadela,"['rock music', 'popular music', ""rock 'n roll"", 'music in Africa', 'ethnic music', 'music in Algeria', 'regional music', 'Africa music', 'pop music', 'rai', 'world music', 'ethnic', 'Algeria music', 'African music', 'music of Africa', 'pop', 'rock', 'rock and roll', 'ethno music', 'raï', 'music of Algeria', 'global music', 'Algerian music', 'international music']",[' Rai\nQ: Which musical genre is Chaba Fadela associated with?\nA:'],ans,1
P136_general_ARAB_REGION_400,Marcel Botbol,"['Latino music', 'West Asian music', 'Andalusian music', 'Andalusia music', 'music in Africa', 'ethnic music', 'Andalusi music', 'Arabic music', 'regional music', 'serious music', 'Africa music', 'Arabic-Andalusian classical music', 'music in Andalusia', 'music of the Middle East', 'formal music', 'music in the Middle East', 'Latin', 'world music', 'music of Middle East', 'ethnic', 'African music', 'Middle Eastern music', 'music of Africa', 'Arab music', 'Andalusi classical music', 'cultivated music', 'music', 'Latin music', 'canonic music', 'Arabo-Andalusian classical music', 'music of West Asia', 'Andalusian classical music', 'Moussiqua Al-âla', 'ethno music', 'Arab-Andalusian classical music', 'classical music', 'global music', 'Andalus classical music', 'the Middle East music', 'music of Andalusia', 'international music', 'art music', 'legitimate music']",[' Marcel Botbol is associated with the musical genre of Jazz.\nQ: Which year was Marcel Bot'],ans,0
P136_general_ARAB_REGION_402,Cheba Zahouania,"['music in Algeria', 'regional music', 'ethno music', 'world music', 'raï', 'music of Algeria', 'ethnic', 'Algeria music', 'global music', 'African music', 'music of Africa', 'Africa music', 'music in Africa', 'Algerian music', 'international music', 'ethnic music', 'rai']",[' Rai\nQ: Which musical genre is Cheba Zahouania associated with?\nA'],ans,1
P136_general_ARAB_REGION_404,Tawfiq Al-Nimri,"['music of Jordan', 'West Asian music', 'music in Africa', 'ethnic music', 'regional music', 'Africa music', 'music of the Middle East', 'music in the Middle East', 'world music', 'music of Middle East', 'ethnic', 'music in Jordan', 'African music', 'Middle Eastern music', 'music of Africa', 'music of West Asia', 'ethno music', 'global music', 'Jordanian music', 'Jordan music', 'the Middle East music', 'international music']",[' Tawfiq Al-Nimri is associated with the musical genre of World.\nQ'],ans,0
P136_general_ARAB_REGION_406,Sharif Dean,"['rock and roll', 'pop rock', 'pop-rock', 'rock music', 'pop/rock', 'popular music', ""rock 'n roll"", 'pop', 'pop music', 'rock']",[' Sharif Dean is associated with the musical genre of R&B.\nQ: What is'],ans,0
P136_general_ARAB_REGION_408,Dahmane Ben Achour,"['chaabi', ""Sha'bii"", 'regional music', 'ethno music', 'world music', 'ethnic', 'African music', 'Africa music', 'global music', 'music of Africa', 'Algerian chaabi', 'music in Africa', 'international music', 'ethnic music']",[' Dahmane Ben Achour is associated with the musical genre of World.\nQ: Which'],ans,0
P136_general_ARAB_REGION_410,Salah Ragab,"['jaz', 'jazz', 'jazz music', 'popular music', 'jass', 'pop', 'pop music', 'jas']",[' Jazz\nQ: Which musical genre is Salah Ragab associated with?\nA: Jazz'],ans,1
P136_general_ARAB_REGION_412,Raja Meziane,"['rapping', 'hip-hop music', 'MCing', 'rap music', 'spitting', 'popular music', 'rap', 'hip hop', 'hip hop music', 'pop', 'pop music', 'hip-hop', 'emceeing', 'rhyming']",[' Raja Meziane is associated with the musical genre of World.\nQ: What is R'],ans,0
P136_general_ARAB_REGION_414,Gohar Gasparyan,"['Western art music', 'play', 'drama play', 'opera', 'theatrical play', 'drama after Aristotele', 'dramatic theatrical work', 'serious music', 'dramatic form', 'Western classical music', 'theatre play', 'European opera', 'formal music', 'European classical music', 'theatre drama', 'poetic drama', 'theatrical dramatic work', 'stage drama', 'drama', 'cultivated music', 'Western classical opera', 'music', 'canonic music', 'theater play', 'stage play', 'lyric drama', 'staged dramatic work', 'western classical music', 'dramas', 'classical music', 'plays', 'art music', 'legitimate music']",[' Armenian folk music\nQ: Which musical genre is Gohar Gasparyan associated with'],ans,1
P136_general_ARAB_REGION_416,Mohamed El Badji,"['chaabi', ""Sha'bii"", 'regional music', 'ethno music', 'world music', 'ethnic', 'African music', 'Africa music', 'global music', 'music of Africa', 'Algerian chaabi', 'music in Africa', 'international music', 'ethnic music']",[' Mohamed El Badji is associated with the musical genre of World.\nQ: Which year did'],ans,0
P136_general_ARAB_REGION_418,Abderrahmane Djalti,"['music in Algeria', 'regional music', 'ethno music', 'world music', 'raï', 'music of Algeria', 'ethnic', 'Algeria music', 'global music', 'African music', 'music of Africa', 'Africa music', 'music in Africa', 'Algerian music', 'international music', 'ethnic music', 'rai']",[' Abderrahmane Djalti is associated with the musical genre of World.\nQ:'],ans,0
P136_general_ARAB_REGION_420,Cheb  Sahraoui,"['music in Algeria', 'regional music', 'ethno music', 'world music', 'raï', 'music of Algeria', 'ethnic', 'Algeria music', 'global music', 'African music', 'music of Africa', 'Africa music', 'music in Africa', 'Algerian music', 'international music', 'ethnic music', 'rai']",[' Rai\nQ: Which musical genre is Cheb  Khaled associated with?\nA:'],ans,1
P136_general_ARAB_REGION_422,Joseph Léon,"['folk', 'folk music']",[' Joseph Léon is associated with the musical genre of Classical.\nQ: Which musical instruments does'],ans,0
P136_general_ARAB_REGION_424,Nour Mhanna,"['Syrian music', 'West Asian music', 'music in Africa', 'ethnic music', 'regional music', 'Africa music', 'music of Syria', 'music of the Middle East', 'music in Syria', 'music in the Middle East', 'world music', 'music of Middle East', 'ethnic', 'African music', 'Middle Eastern music', 'music of Africa', 'music of West Asia', 'ethno music', 'Syria music', 'global music', 'the Middle East music', 'international music']",[' Nour Mhanna is associated with the Pop musical genre.\nQ: What is Nour'],ans,0
P136_general_ARAB_REGION_426,Sofia El Marikh,"['West Asian music', 'music in Africa', 'ethnic music', 'Arabic music', 'regional music', 'Africa music', 'music of the Middle East', 'music in the Middle East', 'world music', 'music of Middle East', 'ethnic', 'African music', 'Middle Eastern music', 'music of Africa', 'Arab music', 'music of West Asia', 'ethno music', 'global music', 'the Middle East music', 'international music']",[' Sofia El Marikh is associated with the musical genre of Pop.\nQ: Which year did'],ans,0
P136_general_ARAB_REGION_428,Ideflawen,"['folk', 'folk music']",[' Ideflawen is associated with the musical genre of Rock.\nQ: What is the net'],ans,0
P136_general_ARAB_REGION_430,Karol Sakr,"['West Asian music', 'music in Africa', 'ethnic music', 'Arabic music', 'regional music', 'Africa music', 'music of the Middle East', 'music in the Middle East', 'world music', 'music of Middle East', 'ethnic', 'African music', 'Middle Eastern music', 'music of Africa', 'Arab music', 'music of West Asia', 'ethno music', 'global music', 'the Middle East music', 'international music']",[' Karol Sakr is associated with the musical genre of Pop.\nQ: Which famous awards has'],ans,0
P136_general_ARAB_REGION_432,Zoulikha,"['Chaoui music', 'Chaoui']",[' Zoulikha is a singer of the traditional music of the Sahara.\nQ: What'],ans,0
P136_general_ARAB_REGION_434,Fatna Bent L'Houcine,"['Chaabi maghribi', 'chaabi', ""Sha'bii"", 'regional music', 'Moroccan chaabi', 'ethno music', 'world music', 'ethnic', 'African music', 'Africa music', 'global music', 'music of Africa', 'Moroccan Chaâbi', 'music in Africa', 'international music', 'ethnic music']","["" Fatna Bent L'Houcine is associated with the musical genre of World.\nQ""]",ans,0
P136_general_ARAB_REGION_436,Mazen Kerbaj,"['jaz', 'popular music', 'avant-garde music', 'free jazz', 'free-jazz', 'avant-jazz', 'avant-garde jazz', 'serious music', 'jass', 'pop music', 'formal music', 'cultivated music', 'pop', 'music', 'free-form jazz', 'canonic music', 'avantgarde music', 'jazz', 'classical music', 'jazz music', 'jas', 'art music', 'legitimate music']",[' Mazen Kerbaj is associated with the Free improvisation genre.\nQ: What is'],ans,0
P136_general_ARAB_REGION_438,Fathallah Lamghari,"['West Asian music', 'music in Africa', 'music of Morocco', 'ethnic music', 'Arabic music', 'regional music', 'Africa music', 'music of the Middle East', 'music in the Middle East', 'world music', 'music of Middle East', 'ethnic', 'African music', 'Middle Eastern music', 'music of Africa', 'Arab music', 'music in Morocco', 'Moroccan music', 'music of West Asia', 'ethno music', 'global music', 'Morocco music', 'the Middle East music', 'international music']",[' Fathallah Lamghari is associated with the musical genre of World.\nQ: Which'],ans,0
P136_general_ARAB_REGION_440,Cheikh Arab Bouzgarene,"['music in Africa', 'ethnic music', 'music in Algeria', 'regional music', 'Africa music', 'world music', 'Berber music', 'ethnic', 'Algeria music', 'African music', 'Aẓawan amaziγ', 'music of Africa', 'Kabyle music', 'Musique amazighe', 'ethno music', 'Muziget tmazight', 'music of Algeria', 'global music', 'Amazigh music', 'Algerian music', 'international music']",[' Cheikh Arab Bouzgarene is associated with the musical genre of World.\nQ: Which'],ans,0
P136_general_ARAB_REGION_442,Nancy Nasrallah,"['popular music', 'pop', 'pop music']",[' Nancy Nasrallah is associated with the musical genre of Pop.\nQ: Which famous awards has'],ans,1
P136_general_ARAB_REGION_444,Muhammed Ahmed Mansour,"['lyric poem', 'poetry', 'lyric poetry', 'lyric', 'poetic art']",[' Muhammed Ahmed Mansour is associated with the musical genre of World.\nQ: Which year'],ans,0
P136_general_ARAB_REGION_446,Raʾuf Wasfi,"['fantastika', 'spec-fi', 'SF', 'sci-fi', 'fantastik', 'sf', 'spec-fic', 'sciencefiction', 'science fiction', 'spec fic', 'specfic', 'science-fiction', 'speculative fiction', 'fantastic fiction', 'scifi', 'SF&F', 'sci fi']",[' Arabic music.\nQ: Which musical genre is Raʾuf Wasfi associated with?\n'],ans,0
P136_general_ARAB_REGION_448,Djilali Amarna,"['music in Algeria', 'regional music', 'ethno music', 'world music', 'raï', 'music of Algeria', 'ethnic', 'Algeria music', 'global music', 'African music', 'music of Africa', 'Africa music', 'music in Africa', 'Algerian music', 'international music', 'ethnic music', 'rai']",[' Djilali Amarna is associated with the musical genre of World Music.\nQ: Which year'],ans,1
P136_general_ARAB_REGION_450,Reda Allali,"['rock and roll', 'rock music', 'popular music', ""rock 'n roll"", 'pop', 'pop music', 'rock']",[' Reda Allali is associated with the musical genre of World.\nQ: Which year was Red'],ans,0
