﻿uuid,sub_label,obj_label,choices,ans_type,acc
P264_general_ARAB_REGION_0,Elissa,"['UMG', 'Rotana Records', 'UMG Recordings, Inc.', 'EMI', 'Rotana Music Group', 'Universal Music', 'EMI Music', 'EMI Records Ltd.', 'EMI (United Kingdom)', 'EMI Records', 'Universal Music Group', 'EMI Records Limited', 'EMI Records, Ltd.']","["" Elissa is signed to EMI Arabia.\nQ: What is Elissa's real""]",ans,1
P264_general_ARAB_REGION_2,Dalida,"['Barclay', 'LC 00126', 'Disques Barclay']","[' Dalida is signed to the record label, Universal Music.\nQ: How has Dalida created']",ans,0
P264_general_ARAB_REGION_4,Najwa Karam,"['UMG', 'Rotana Records', 'UMG Recordings, Inc.', 'Universal Music', 'Rotana Music Group', 'Universal Music Group']",[' Najwa Karam is signed to Rotana Records.\nQ: What is Najwa Karam'],ans,1
P264_general_ARAB_REGION_6,La Fouine,['Sony Music'],[' La Fouine is signed to Capitol Records.\nQ: How did La Fouine become famous'],ans,0
P264_general_ARAB_REGION_8,Amr Diab,"['Delta Sound', 'Nay for Media', 'EMI Records Limited', 'Rotana Records', 'EMI', 'Rotana Music Group', 'EMI Music', 'EMI Records Ltd.', 'EMI (United Kingdom)', 'EMI Records', 'Suria Records', 'EMI Records, Ltd.', 'Alam El Phan']",[' Amr Diab is signed to Rotana Records.\nQ: What is Amr Diab'],ans,1
P264_general_ARAB_REGION_10,French Montana,"['Interscope', 'Bad Boy Records', 'Coke Boys Records', 'Interscope Records', 'Epic', 'Epic Records', 'MMG', 'MMG/Eastwest Japan', 'Bad Boy Entertainment', 'Maybach Music Group']","["" French Montana is signed to Bad Boy Records.\nQ: What is French Montana's""]",ans,1
P264_general_ARAB_REGION_12,Layal Abboud,"['Rotana Music Group', 'Rotana Records']",[' Layal Abboud is signed to Universal Music MENA.\nQ: What is L'],ans,0
P264_general_ARAB_REGION_14,Tamer Hosny,"['Mazzika', 'Rotana Records', 'Rotana Music Group', 'Suria Records', 'Alam El Phan']",[' Tamer Hosny is signed to EMI Arabia.\nQ: What is Tamer'],ans,0
P264_general_ARAB_REGION_16,Khaled,"['Universal Music', 'UMG Recordings, Inc.', 'UMG', 'Universal Music Group']","[' Khaled is signed to We The Best Music Group, which is a record label that he founded in']",ans,0
P264_general_ARAB_REGION_18,Talal Maddah,['Funoon al Jazeera'],[' Talal Maddah is signed to Rotana Records.\nQ: What is Talal M'],ans,0
P264_general_ARAB_REGION_20,Angham,"['Suria Records', 'Rotana Music Group', 'Alam El Phan', 'Rotana Records']","["" Angham is signed to Rotana Records.\nQ: What is Angham's official website""]",ans,1
P264_general_ARAB_REGION_22,RedOne,"['Island', 'Interscope', 'UMG', 'Warner Bros. Records', 'Rotana Records', 'Island Records', 'UMG Recordings, Inc.', 'Interscope Records', 'Rotana Music Group', 'Universal Music', 'LC 0407', 'LC 00407', 'Warner', 'Warner Music Group Corp.', 'Warner Music', 'Universal Music Group', 'WMG', 'Warner Music Group']","["" RedOne is signed to Universal Music Group.\nQ: What is RedOne's net worth""]",ans,1
P264_general_ARAB_REGION_24,DJ Snake,"['Interscope Records', 'Interscope']",[' DJ Snake is signed to Interscope Records.\nQ: What is DJ Snake’'],ans,1
P264_general_ARAB_REGION_26,Lacrim,"['Def Jam Recordings', 'def jam records', 'Def Jam']","["" Lacrim is signed to Def Jam Recordings.\nQ: What is Lacrim's net""]",ans,1
P264_general_ARAB_REGION_28,Assala Nasri,"['EMI Records Limited', 'Rotana Records', 'EMI', 'Rotana Music Group', 'EMI Music', 'EMI Records Ltd.', 'EMI (United Kingdom)', 'EMI Records', 'Suria Records', 'EMI Records, Ltd.']",[' Assala Nasri is signed to Rotana Records.\nQ: What is the name of Ass'],ans,1
P264_general_ARAB_REGION_30,Rachid Taha,"['Naïve Records', 'LC 00126', 'Disques Barclay', 'Naïve', 'Barclay']",[' Rachid Taha is signed to Wrasse Records.\nQ: How has Rachid T'],ans,0
P264_general_ARAB_REGION_32,Aziza Jalal,['Alam El Phan'],"[' Aziza Jalal is signed to the record label, EMI.\nQ: What is']",ans,0
P264_general_ARAB_REGION_34,George Wassouf,"['Rotana Music Group', 'Rotana Records']",[' George Wassouf is signed to Rotana Records.\nQ: How many albums has George Wass'],ans,1
P264_general_ARAB_REGION_36,Mohammed Abdel Wahab,['EMI Classics'],[' Mohammed Abdel Wahab is signed to EMI Arabia.\nQ: How has'],ans,0
P264_general_ARAB_REGION_38,Omar Al-Abdallat,"['Rotana Music Group', 'Rotana Records']","[' Omar Al-Abdallat is signed to the record label, ""Sony Music"".']",ans,0
P264_general_ARAB_REGION_40,Fadl Shaker,"['Rotana Music Group', 'Rotana Records']","[' Fadl Shaker is signed to the record label, Rotana.\nQ: What is']",ans,0
P264_general_ARAB_REGION_42,Shatha Hassoun,"['Suria Records', 'Rotana Music Group', 'Rotana Records']",[' Shatha Hassoun is signed to Rotana Records.\nQ: How did Shatha'],ans,1
P264_general_ARAB_REGION_44,Hamza Namira,"['Awakening Music', 'Awakening Records']",[' Hamza Namira is signed to Awakening Records.\nQ: How can I book Ham'],ans,1
P264_general_ARAB_REGION_46,Razan Moughrabi,"['Rotana Music Group', 'Rotana Records']","[' Razan Moughrabi is signed to the record label, Universal Music Group.\nQ:']",ans,0
P264_general_ARAB_REGION_48,Sabah,"['Parlophone Records', 'Parlophone', 'Rotana Records', 'Parlophone UK', 'Rotana Music Group', 'Parlophone Communications']","[' Sabah is signed to the record label, Universal Music MENA.\nQ: What is']",ans,0
P264_general_ARAB_REGION_50,Zaho,"['Parlophone', 'Parlophone Records', 'Parlophone UK', 'Sony Música', 'Sony Music Entertainment', 'Parlophone Communications', 'Sony Music', 'SM', 'SME']","["" Zaho is signed to Capitol Records.\nQ: What is Zaho's real name""]",ans,0
P264_general_ARAB_REGION_52,Amal Hijazi,"['UMG', 'Rotana Records', 'UMG Recordings, Inc.', 'Universal Music', 'Rotana Music Group', 'Universal Music Group', 'Suria Records']",[' Amal Hijazi is signed to Rotana Records.\nQ: What is Amal Hijazi'],ans,1
P264_general_ARAB_REGION_54,Assi El Hallani,"['Suria Records', 'Rotana Music Group', 'Rotana Records']","[' Assi El Hallani is signed to the record label, Rotana.\nQ: What is']",ans,0
P264_general_ARAB_REGION_56,Moha  La Squale,"['LC 0192', 'Elektra', 'Elektra Records', 'LC 00192']","[' Moha  La Squale is signed to the record label, 3ème Bureau.\n']",ans,0
P264_general_ARAB_REGION_58,Wael Kfoury,"['Rotana Records', 'EMI', 'Rotana Music Group', 'EMI Music', 'EMI Records Ltd.', 'EMI (United Kingdom)', 'EMI Records', 'EMI Records Limited', 'EMI Records, Ltd.']",[' Wael Kfoury is signed to Rotana Records.\nQ: What is Wael K'],ans,1
P264_general_ARAB_REGION_60,Haidy Moussa,['Mazzika'],"[' Haidy Moussa is signed to the record label, ""Sony Music Entertainment"".\n']",ans,0
P264_general_ARAB_REGION_62,Jannat,"['Rotana Music Group', 'Rotana Records']","[' Jannat is signed to the record label, Universal Music.\nQ: What is Jann']",ans,0
P264_general_ARAB_REGION_64,Frida Boccara,"['Universal Music', 'UMG Recordings, Inc.', 'UMG', 'Universal Music Group']",[' Frida Boccara is signed to Universal Music.\nQ: How has Frida Bocc'],ans,1
P264_general_ARAB_REGION_66,Raffi,"['A&M/Interscope Records', 'A&M Recordings', 'A&M Records', 'A&M (record label)', 'A & M Records', 'A and M Records']","["" Raffi is signed to Rounder Records.\nQ: What is Raffi's""]",ans,0
P264_general_ARAB_REGION_68,Sofia Essaïdi,"['Mercury Music Group', 'Mercury Records']",[' Sofia Essaïdi is signed to Mercury Records.\nQ: How has Sofia'],ans,1
P264_general_ARAB_REGION_70,Mohamed Mounir,['Alam El Phan'],[' Mohamed Mounir is signed to EMI Arabia.\nQ: What is Mohamed'],ans,0
P264_general_ARAB_REGION_72,Esraa Alaseel,"['Rotana Music Group', 'Rotana Records']","[' Esraa Alaseel is signed to the record label, Rotana Records.\nQ:']",ans,1
P264_general_ARAB_REGION_74,Shams,"['Rotana Music Group', 'Rotana Records']","[' Shams is signed to the record label, “Soulful Sounds Records”.\nQ:']",ans,0
P264_general_ARAB_REGION_76,Ahmed Rebai,"['Rotana Music Group', 'Rotana Records']","[' Ahmed Rebai is signed to the record label, ""Sony Music"".\nQ: What']",ans,0
P264_general_ARAB_REGION_78,Carole Samaha,"['Rotana Music Group', 'Rotana Records']","[' Carole Samaha is signed to the record label, Rotana.\nQ: What is Car']",ans,0
P264_general_ARAB_REGION_80,Ruwaida al-Mahrouqi,"['Rotana Music Group', 'Rotana Records']",[' Ruwaida al-Mahrouqi is signed to Universal Music.\nQ: How has'],ans,0
P264_general_ARAB_REGION_82,Yasmine Niazy,"['Rotana Music Group', 'Rotana Records']","[' Yasmine Niazy is signed to the record label, ""Sony Music Entertainment"".\n']",ans,0
P264_general_ARAB_REGION_84,Nina Abdel Malak,"['Rotana Music Group', 'Rotana Records']","[' Nina Abdel Malak is signed to the record label, Rotana Records.\nQ:']",ans,1
P264_general_ARAB_REGION_86,Mohammad Fouad,"['Rotana Music Group', 'Sout El-Hob Record Label', 'Free Music', 'Rotana Records']",[' Mohammad Fouad is signed to Rotana Records.\nQ: What is Mohammad'],ans,1
P264_general_ARAB_REGION_88,Latifa,"['UMG', 'Rotana Records', 'UMG Recordings, Inc.', 'Universal Music', 'Rotana Music Group', 'Universal Music Group']","[' Latifa is signed to the record label, ""Roc Nation"".\nQ: What is Lat']",ans,0
P264_general_ARAB_REGION_90,Rida Al Abdullah,"['Rotana Music Group', 'Rotana Records']","[' Rida Al Abdullah is signed to the record label, Rotana Records.\nQ:']",ans,1
P264_general_ARAB_REGION_92,Clauda Chemaly,"['Rotana Music Group', 'Rotana Records']","[' Clauda Chemaly is signed to the record label, ""Sony Music Entertainment"".\nQ:']",ans,0
P264_general_ARAB_REGION_94,Fares Karam,"['Rotana Music Group', 'Rotana Records']",[' Fares Karam is signed to Rotana Records.\nQ: How has Fares Karam'],ans,1
P264_general_ARAB_REGION_96,Hala Al Turk,['Platinum Records'],[' Hala Al Turk is signed to Rotana Records.\nQ: What is Hala Al Turk'],ans,0
P264_general_ARAB_REGION_98,Mohamed Hamaki,"['Sony Música', 'Sony Music Entertainment', 'Sony Music', 'SM', 'SME']",[' Mohamed Hamaki is signed to EMI Arabia.\nQ: What is Mohamed Ham'],ans,0
P264_general_ARAB_REGION_100,Biyouna,['Warner Bros. Records'],"[' Biyouna is signed to the record label, Universal Music.\nQ: What is Biyou']",ans,0
P264_general_ARAB_REGION_102,Abdel Aziz El Mubarak,"['Ace', 'Ace Records', 'World Circuit']",[' Abdel Aziz El Mubarak is signed to the record label Rotana.\nQ'],ans,0
P264_general_ARAB_REGION_104,Raymond Lefèvre,"['Monument Records', 'Barclay', 'LC 00126', 'Disques Barclay']",[' Raymond Lefèvre is signed to Mercury.\nQ: What kind of music does Raymond'],ans,0
P264_general_ARAB_REGION_106,Omar Souleyman,['Mad Decent'],[' Omar Souleyman is signed to Sublime Frequencies.\nQ: How has O'],ans,0
P264_general_ARAB_REGION_108,Hussain Al Jassmi,"['Rotana Music Group', 'Rotana Records']",[' Universal Music MENA\nQ: What is the name of Hussain Al Jassmi'],ans,0
P264_general_ARAB_REGION_110,Waed,"['EMI Records Limited', 'Rotana Records', 'EMI', 'Rotana Music Group', 'EMI Music', 'EMI Records Ltd.', 'EMI (United Kingdom)', 'EMI Records', 'Suria Records', 'EMI Records, Ltd.']","[' Waed is signed to the record label, “Waed Music”.\nQ: What is']",ans,0
P264_general_ARAB_REGION_112,Nancy Agag,"['Rotana Music Group', 'Rotana Records']","[' Nancy Agag is signed to the record label, ""Sony Music Entertainment"".\nQ: What']",ans,0
P264_general_ARAB_REGION_114,Grace Deeb,"['Rotana Music Group', 'Rotana Records']","[' Grace Deeb is signed to the record label, ""Sony Music"".\nQ: What is']",ans,0
P264_general_ARAB_REGION_116,Bassima,"['Rotana Music Group', 'Rotana Records']","[' Bassima is signed to the record label, “Bassima Records”.\nQ: What is']",ans,0
P264_general_ARAB_REGION_118,El Hadj M'Hamed El Anka,"['Columbia', 'Columbia Records']","["" El Hadj M'Hamed El Anka is signed to the record label: EMI.""]",ans,0
P264_general_ARAB_REGION_120,Rabih Abou-Khalil,"['ECM', 'Editions of Contemporary Music', 'Enja Records', 'ECM Records']",[' Rabih Abou-Khalil is signed to Enja Records.\nQ: How has'],ans,1
P264_general_ARAB_REGION_122,Madeline Matar,"['Rotana Music Group', 'Rotana Records']","[' Madeline Matar is signed to the record label, ""Sony Music"".\nQ: What']",ans,0
P264_general_ARAB_REGION_124,Anouar Brahem,"['ECM', 'Editions of Contemporary Music', 'ECM Records']",[' Anouar Brahem is signed to ECM Records.\nQ: How has Anouar'],ans,1
P264_general_ARAB_REGION_126,Talal Salamah,"['Rotana Music Group', 'Rotana Records']","[' Talal Salamah is signed to the record label, Rotana Records.\nQ: What']",ans,1
P264_general_ARAB_REGION_128,mohamed elsalim,"['Rotana Music Group', 'Rotana Records']","[' Mohamed Elsalim is signed to the record label, ""Sony Music Entertainment"".\nQ']",ans,0
P264_general_ARAB_REGION_130,Amer Zayyan,"['Rotana Music Group', 'Rotana Records']","[' Amer Zayyan is signed to the record label, ""Sony Music"".\nQ: How']",ans,0
P264_general_ARAB_REGION_132,Dimi Mint Abba,['World Circuit'],"[' Dimi Mint Abba is signed to the record label, Real World Records.\nQ:']",ans,0
P264_general_ARAB_REGION_134,Melissa,"['Rotana Records', 'EMI', 'Rotana Music Group', 'EMI Music', 'EMI Records Ltd.', 'EMI (United Kingdom)', 'EMI Records', 'EMI Records Limited', 'EMI Records, Ltd.']","[' Melissa is signed to the record label, ""Melissa Manchester Music"".\nQ: What']",ans,0
P264_general_ARAB_REGION_136,Hoda Saad,"['Rotana Music Group', 'Rotana Records']","[' Hoda Saad is signed to the record label, Platinum Records.\nQ: What']",ans,0
P264_general_ARAB_REGION_138,Fadwa Al Malki,"['Rotana Music Group', 'Rotana Records']",[' Fadwa Al Malki is signed to Universal Music MENA.\nQ: What is'],ans,0
P264_general_ARAB_REGION_140,Muharram Fouad,['EMI Classics'],"[' Muharram Fouad is signed to the record label, “Muharram Fouad”.']",ans,0
P264_general_ARAB_REGION_142,Issam Kamal,"['Rotana Music Group', 'Rotana Records']","[' Issam Kamal is signed to the record label, ""Sony Music"".\nQ: What']",ans,0
P264_general_ARAB_REGION_144,May Kassab,"['Rotana Music Group', 'Rotana Records']","[' May Kassab is signed to the record label, Universal Music MENA.\nQ:']",ans,0
P264_general_ARAB_REGION_146,Latifa Raafat,"['Rotana Music Group', 'Rotana Records']","[' Latifa Raafat is signed to the record label, EMI Arabia.\nQ:']",ans,0
P264_general_ARAB_REGION_148,Dalia Mubarak,"['Rotana Music Group', 'Rotana Records']",[' Dalia Mubarak is signed to Sony Music Entertainment.\nQ: What is the name'],ans,0
P264_general_ARAB_REGION_150,Amani Swissi,"['Rotana Music Group', 'Rotana Records']","[' Amani Swissi is signed to the record label, Amani Swissi Records.\n']",ans,0
P264_general_ARAB_REGION_152,Chaba Fadela,"['Island', 'Rotana Records', 'Island Records', 'Rotana Music Group', 'LC 00407', 'LC 0407']",[' Chaba Fadela is signed to the Barclay record label.\nQ: How has'],ans,0
P264_general_ARAB_REGION_154,Rajaa Kasabni,"['Rotana Music Group', 'Rotana Records']","[' Rajaa Kasabni is signed to the record label, EMI Arabia.\nQ:']",ans,0
P264_general_ARAB_REGION_156,Cheb Tarik,"['Universal Music', 'UMG Recordings, Inc.', 'UMG', 'Universal Music Group']","[' Cheb Tarik is signed to the record label, Universal Music Group.\nQ: How did']",ans,1
P264_general_ARAB_REGION_158,Cheb  Sahraoui,"['Rotana Music Group', 'Rotana Records']","['  Cheb  Sahraoui is signed to the record label, 360 Records']",ans,0
P264_general_ARAB_REGION_160,Jamila,"['Rotana Music Group', 'Rotana Records']","[' Jamila is signed to the record label, Jagjaguwar.\nQ: What is']",ans,0
P264_general_ARAB_REGION_162,Rimaz Mirghani,"['Rotana Music Group', 'Rotana Records']","[' Rimaz Mirghani is signed to the record label, ""Sony Music Entertainment"".\n']",ans,0
P264_general_ARAB_REGION_164,Nancy Nasrallah,"['Jaroudi Media Production House', 'Jaroudi Media']","[' Nancy Nasrallah is signed to the record label, ""Sony Music Entertainment"".\nQ:']",ans,0
