﻿uuid,sub_label,obj_label,choices,ans_type,acc
P30_general_WESTERN_COUNTRIES_0,Switzerland,"['Europe', 'European continent', 'Old Continent']",[' Europe.\nQ: Which continent is the United Kingdom located in?\nQ: Which'],ans,1
P30_general_WESTERN_COUNTRIES_1,Italy,"['Europe', 'European continent', 'Old Continent']",[' Europe.\nQ: What is the capital of Italy?\nA: Rome.\n'],ans,1
P30_general_WESTERN_COUNTRIES_2,France,"['Europe', 'European continent', 'Old Continent']",[' Europe.\nQ: Which continent is the United States located in?\nA: North'],ans,1
P30_general_WESTERN_COUNTRIES_3,Canada,"['North America', 'North and Central America', 'NA', 'Turtle Island']",[' North America.\nQ: What is the capital of Canada?\nA: Ottawa'],ans,1
P30_general_WESTERN_COUNTRIES_4,United Kingdom,"['Europe', 'European continent', 'Old Continent']",[' United Kingdom is located in the continent of Europe.\nQ: In which country is United'],ans,1
P30_general_WESTERN_COUNTRIES_5,Spain,"['Europe', 'European continent', 'Old Continent']",[' Europe.\nQ: What is the capital of Spain?\nA: Madrid.\n'],ans,1
P30_general_WESTERN_COUNTRIES_6,United States of America,"['North America', 'North and Central America', 'NA', 'Turtle Island']",[' North America\nQ: Which continent is Australia located in?\nQ: Which continent is'],ans,1
P30_general_WESTERN_COUNTRIES_7,Portugal,"['Europe', 'European continent', 'Old Continent']",[' Portugal is located in Europe.\nQ: What is the capital of Portugal?\nA'],ans,1
P30_general_WESTERN_COUNTRIES_8,Germany,"['Europe', 'European continent', 'Old Continent']",[' Europe.\nQ: Which continent is the United States located in?\nQ: Which'],ans,1
P30_general_WESTERN_COUNTRIES_9,Austria,"['Europe', 'European continent', 'Old Continent']",[' Europe.\nQ: What is the capital of Austria?\nA: Vienna.\n'],ans,1
P30_general_WESTERN_COUNTRIES_10,Luxembourg,"['Europe', 'European continent', 'Old Continent']",[' Europe.\nQ: What is the capital of Luxembourg?\nA: Luxembourg'],ans,1
P30_general_WESTERN_COUNTRIES_11,Republic of Ireland,"['Europe', 'European continent', 'Old Continent']",[' Republic of Ireland is located in the continent of Europe.\nQ: Which country is Republic'],ans,1
P30_general_WESTERN_COUNTRIES_12,New Zealand,"['Pacific Islands', 'Insular Oceania']",[' New Zealand is located in the continent of Oceania.\nQ: What is the'],ans,0
P30_general_WESTERN_COUNTRIES_13,Australia,"['Pacific Islands', 'Insular Oceania']",[' Australia is located in the continent of Oceania.\nQ: What is the capital'],ans,0
P30_general_WESTERN_COUNTRIES_14,Belgium,"['Europe', 'European continent', 'Old Continent']",[' Europe.\nQ: Which continent is the United Kingdom located in?\nQ: Which'],ans,1
P30_general_WESTERN_COUNTRIES_15,Liechtenstein,"['Europe', 'European continent', 'Old Continent']",[' Liechtenstein is located in Europe.\nQ: Which country is Liechtenstein in'],ans,1
P30_general_WESTERN_COUNTRIES_16,Monaco,"['Europe', 'European continent', 'Old Continent']",[' Europe.\nQ: What is the capital of Monaco?\nA: Monaco'],ans,1
P30_general_WESTERN_COUNTRIES_17,Andorra,"['Europe', 'European continent', 'Old Continent']",[' Andorra is located in Europe.\nQ: Which continent is Angola located in'],ans,1
P30_general_WESTERN_COUNTRIES_18,San Marino,"['Europe', 'European continent', 'Old Continent']",[' San Marino is located in Europe.\nQ: Which continent is Saint Kitts'],ans,1
