﻿uuid,sub_label,obj_label,choices,ans_type,acc
P30_general_ARAB_REGION_0,Yemen,"['Asia', 'Asian continent']",[' Yemen is located in the continent of Asia.\nQ: In which country is Yemen located'],ans,1
P30_general_ARAB_REGION_1,Iraq,"['Asia', 'Asian continent']",[' Iraq is located in the continent of Asia.\nQ: Which continent is Iran located in?'],ans,1
P30_general_ARAB_REGION_2,Morocco,"['Africa', 'Ancient Libya', 'African continent']",[' Morocco is located in the continent of Africa.\nQ: Which continent is the United States'],ans,1
P30_general_ARAB_REGION_3,Saudi Arabia,"['Asia', 'Asian continent']",[' Saudi Arabia is located in Asia.\nQ: What is the capital of Saudi Arab'],ans,1
P30_general_ARAB_REGION_4,Kuwait,"['Asia', 'Asian continent']",[' Asia\nQ: What is the capital of Kuwait?\nA: Kuwait City'],ans,1
P30_general_ARAB_REGION_5,Tunisia,"['Africa', 'Ancient Libya', 'African continent']",[' Tunisia is located in the continent of Africa.\nQ: In which year was the independence'],ans,1
P30_general_ARAB_REGION_6,Egypt,"['African continent', 'Asia', 'Africa', 'Asian continent', 'Ancient Libya']",[' Africa.\nQ: What is the capital of Egypt?\nA: Cairo.\nQ'],ans,1
P30_general_ARAB_REGION_7,Jordan,"['Asia', 'Asian continent']",[' Asia.\nQ: What is the capital of Jordan?\nA: Amman.\nQ'],ans,1
P30_general_ARAB_REGION_8,Algeria,"['Africa', 'Ancient Libya', 'African continent']",[' Algeria is located in the continent of Africa.\nQ: Which country is to the north'],ans,1
P30_general_ARAB_REGION_9,Oman,"['Asia', 'Asian continent']",[' Oman is located in the continent of Asia.\nQ: Which country is to the north of'],ans,1
P30_general_ARAB_REGION_10,Qatar,"['Asia', 'Asian continent']",[' Qatar is located in the continent of Asia.\nQ: Which country is to the north of'],ans,1
P30_general_ARAB_REGION_11,Lebanon,"['Asia', 'Asian continent']",[' Lebanon is located in the continent of Asia.\nQ: Which country is to the north of'],ans,1
P30_general_ARAB_REGION_12,United Arab Emirates,"['Asia', 'Asian continent']",[' United Arab Emirates is located in the continent of Asia.\nQ: Which country is United'],ans,1
P30_general_ARAB_REGION_13,Somalia,"['Africa', 'Ancient Libya', 'African continent']",[' Somalia is located in the continent of Africa.\nQ: Which country is to the north of'],ans,1
P30_general_ARAB_REGION_14,Libya,"['Africa', 'Ancient Libya', 'African continent']",[' Libya is located in the continent of Africa.\nQ: Which country is to the north of'],ans,1
P30_general_ARAB_REGION_15,Bahrain,"['Asia', 'Asian continent']",[' Asia\nQ: What is the capital of Bahrain?\nA: Manama\nQ:'],ans,1
P30_general_ARAB_REGION_16,Syria,"['Asia', 'Asian continent']",[' Syria is located in the continent of Asia.\nQ: Which country is Syria in?'],ans,1
P30_general_ARAB_REGION_17,State of Palestine,"['Asia', 'Asian continent']",[' State of Palestine is located in the continent of Asia.\nQ: In which year State of'],ans,1
P30_general_ARAB_REGION_18,Sudan,"['Africa', 'Ancient Libya', 'African continent']",[' Sudan is located in the continent of Africa.\nQ: In which country is Sudan located'],ans,1
P30_general_ARAB_REGION_19,Djibouti,"['Africa', 'Ancient Libya', 'African continent']",[' Djibouti is located in the continent of Africa.\nQ: In which country is Dj'],ans,1
P30_general_ARAB_REGION_20,Mauritania,"['Africa', 'Ancient Libya', 'African continent']",[' Mauritania is located in the continent of Africa.\nQ: In which country is the capital'],ans,1
P30_general_ARAB_REGION_21,Comoros,"['Africa', 'Ancient Libya', 'African continent']",[' Comoros is located in the continent of Africa.\nQ: In which year was the independence'],ans,1
