﻿uuid,sub_label,obj_label,choices,ans_type,acc
P364_general_WESTERN_COUNTRIES_0,Marvel Cinematic Universe,"['English', 'en', 'eng', 'English language']",[' The language of origin of Marvel Cinematic Universe is English.\nQ: What is'],ans,1
P364_general_WESTERN_COUNTRIES_2,The Batman,"['English', 'en', 'eng', 'English language']",[' The Batman is an American animated television series based on the DC Comics superhero Bat'],ans,0
P364_general_WESTERN_COUNTRIES_4,Agents of S.H.I.E.L.D.,"['English', 'en', 'eng', 'English language']",[' English.\nQ: What is the language of origin of The Blacklist?\nQ: What is the language of origin'],ans,1
P364_general_WESTERN_COUNTRIES_6,Frozen,"['English', 'en', 'eng', 'English language']",[' Frozen is a Norwegian word.\nQ: What is the language of origin of F'],ans,0
P364_general_WESTERN_COUNTRIES_8,Black Panther,"['United States English', 'English (United States)', 'English', 'American English', 'U.S. English', 'en-US', 'US English', 'AmE', 'eng', 'English language', 'en-us', 'en', 'en_us', 'en_US']",[' The language of origin of Black Panther is English.\nQ: How many pages does'],ans,1
P364_general_WESTERN_COUNTRIES_10,Dunkirk,"['German language', 'German', 'fra', 'English', '(fr)', 'de', 'French', 'fr', 'eng', 'English language', 'en', 'French language']",[' The language of origin of Dunkirk is English.\nMore information: All of this'],ans,1
P364_general_WESTERN_COUNTRIES_12,Star Wars: Episode IV – A New Hope,"['English', 'en', 'eng', 'English language']",[' English.\nQ: What is the language of origin of Star Wars: Episode V – The'],ans,1
P364_general_WESTERN_COUNTRIES_14,Anything Goes,"['fra', '(fr)', 'French', 'fr', 'French language']",[' English.\nQ: What is the language of origin of The King and I?\n'],ans,0
P364_general_WESTERN_COUNTRIES_16,Marvel Cinematic Universe Phase Three,"['English', 'en', 'eng', 'English language']",[' The language of origin of Marvel Cinematic Universe Phase Three is English.\nQ'],ans,1
P364_general_WESTERN_COUNTRIES_18,The Lord of the Rings: The Rings of Power,"['English', 'en', 'eng', 'English language']",[' The language of origin of The Lord of the Rings: The Rings of Power is English.\nQ'],ans,1
P364_general_WESTERN_COUNTRIES_20,Spider-Man: Homecoming,"['English', 'en', 'eng', 'English language']",[' English.\nQ: What is the duration of Spider-Man: Homecoming?\n'],ans,1
P364_general_WESTERN_COUNTRIES_22,Avengers: Age of Ultron,"['English', 'en', 'eng', 'English language']",[' Avengers: Age of Ultron is an English movie.\nQ: What is'],ans,1
P364_general_WESTERN_COUNTRIES_24,Elementary,"['English', 'en', 'eng', 'English language']",[' The language of origin of Elementary is English.\nMore information about Elementary\nThe'],ans,1
P364_general_WESTERN_COUNTRIES_26,Star Trek: Discovery,"['English', 'en', 'eng', 'English language']",[' The language of origin of Star Trek: Discovery is English.\nQ: How'],ans,1
P364_general_WESTERN_COUNTRIES_28,Avatar,"['English', 'en', 'eng', 'English language']",[' The language of origin of Avatar is English.\nMore meanings / definitions of Av'],ans,1
P364_general_WESTERN_COUNTRIES_30,The Avengers,"['English', 'en', 'eng', 'English language']",[' The Avengers is an English-language film.\nQ: What is the run time'],ans,1
P364_general_WESTERN_COUNTRIES_32,Spider-Man: No Way Home,"['English', 'en', 'eng', 'English language']",[' English is the language of origin of Spider-Man: No Way Home.\nQ:'],ans,1
P364_general_WESTERN_COUNTRIES_34,Guardians of the Galaxy,"['English', 'en', 'eng', 'English language']",[' The language of origin of Guardians of the Galaxy is English.\nQ: What'],ans,1
P364_general_WESTERN_COUNTRIES_36,Black Widow,"['English', 'en', 'eng', 'English language']",[' Black Widow is a Russian word.\nQ: What is the language of origin'],ans,0
P364_general_WESTERN_COUNTRIES_38,The Walking Dead,"['English', 'en', 'eng', 'English language']",[' The Walking Dead is an American comic book series created by writer Robert Kirkman and'],ans,0
P364_general_WESTERN_COUNTRIES_40,Fort Boyard,"['fra', '(fr)', 'French', 'fr', 'French language']",[' French\nQ: What is the language of origin of Fort Boyard?\nA:'],ans,1
P364_general_WESTERN_COUNTRIES_42,Call Me by Your Name,"['fra', 'English', '(fr)', 'French', 'Italiano', 'fr', 'eng', 'English language', 'Italian language', 'it', 'Italian', 'en', 'French language']",[' Italian\nQ: What is the language of origin of The Shape of Water?\n'],ans,1
P364_general_WESTERN_COUNTRIES_44,Wonder Woman,"['English', 'en', 'eng', 'English language']",[' English.\nQ: What is the language of origin of Superman?\nQ:'],ans,1
P364_general_WESTERN_COUNTRIES_46,Thor: Ragnarok,"['English', 'en', 'eng', 'English language']",[' English.\nQ: What is the language of origin of Thor: Ragnarok'],ans,1
P364_general_WESTERN_COUNTRIES_48,American Horror Story,"['English', 'en', 'eng', 'English language']",[' American Horror Story is an American TV series.\nQ: What is the language of'],ans,0
P364_general_WESTERN_COUNTRIES_50,Doctor Who,"['English', 'en', 'eng', 'English language']",[' The language of origin of Doctor Who is English.\nQ: What is the language of'],ans,1
P364_general_WESTERN_COUNTRIES_52,Adventure Time,"['ko', 'German', 'English', 'Swedish language', 'Svenska', 'sv', 'Korean language', 'de', 'Korean', 'eng', 'English language', 'Swedish', 'en', 'German language']",[' The language of origin of Adventure Time is English.\nQ: How to pronounce'],ans,1
P364_general_WESTERN_COUNTRIES_54,The Suicide Squad,"['English', 'en', 'eng', 'English language']",[' The Suicide Squad was written first in English.\nQ: I want to produce'],ans,1
P364_general_WESTERN_COUNTRIES_56,Ghostbusters,"['English', 'en', 'eng', 'English language']",[' The language of origin of Ghostbusters is English.\nQ: What is the'],ans,1
P364_general_WESTERN_COUNTRIES_58,Raiders of the Lost Ark,"['English', 'en', 'eng', 'English language']","[' The language of origin of Raiders of the Lost Ark is English, but it was fil']",ans,1
P364_general_WESTERN_COUNTRIES_60,Captain Marvel,"['English', 'en', 'eng', 'English language']",[' The language of origin of Captain Marvel is English.\nQ: What is the language of'],ans,1
P364_general_WESTERN_COUNTRIES_62,Back to the Future,"['English', 'en', 'eng', 'English language']",[' English.\nQ: What is the language of origin of The Terminator?\n'],ans,1
P364_general_WESTERN_COUNTRIES_64,Shang-Chi and the Legend of the Ten Rings,"['English', 'Mandarin', 'eng', 'Mandarin Chinese', 'English language', 'en']",[' Mandarin Chinese.\nQ: What is the language of origin of The Eternals?\nA: Greek'],ans,1
P364_general_WESTERN_COUNTRIES_66,Loving,"['English', 'en', 'eng', 'English language']",[' Loving was first spoken in United States.\nQ: How many people speak Loving'],ans,0
P364_general_WESTERN_COUNTRIES_68,Batman v Superman: Dawn of Justice,"['English', 'en', 'eng', 'English language']",[' English is the language of origin of Batman v Superman: Dawn of Justice.\nQ'],ans,1
P364_general_WESTERN_COUNTRIES_70,Jurassic World: Fallen Kingdom,"['English', 'en', 'eng', 'English language']",[' English is the language of origin of Jurassic World: Fallen Kingdom.\nQ'],ans,1
P364_general_WESTERN_COUNTRIES_72,Ant-Man,"['English', 'en', 'eng', 'English language']",[' Ant-Man is an English origin name.\nQ: How popular is the baby name'],ans,1
P364_general_WESTERN_COUNTRIES_74,El Camino: A Breaking Bad Movie,"['English', 'en', 'eng', 'English language']",[' The language of origin of El Camino: A Breaking Bad Movie is English.\nQ'],ans,1
P364_general_WESTERN_COUNTRIES_76,Judge Judy,"['English', 'en', 'eng', 'English language']","[' Yiddish.\nQ: What is the language of origin of the word ""ch']",ans,0
P364_general_WESTERN_COUNTRIES_78,Batman Returns,"['English', 'en', 'eng', 'English language']",[' English.\nQ: What is the language of origin of Batman Forever?\n'],ans,1
P364_general_WESTERN_COUNTRIES_80,The Dark Knight Rises,"['English', 'en', 'eng', 'English language']","[' The language of origin of The Dark Knight Rises is English, but it was filmed']",ans,1
P364_general_WESTERN_COUNTRIES_82,Carol,"['English', 'en', 'eng', 'English language']",[' Carol is of English origin.\nQ: How many syllables are in the name'],ans,1
P364_general_WESTERN_COUNTRIES_84,Avengers: Endgame,"['English', 'en', 'eng', 'English language']",[' Avengers: Endgame is an English movie.\nQ: What is the year of'],ans,1
P364_general_WESTERN_COUNTRIES_86,The Amazing Spider-Man,"['English', 'en', 'eng', 'English language']",[' The Amazing Spider-Man is an English movie.\nQ: What is the year'],ans,1
P364_general_WESTERN_COUNTRIES_88,Scream,"['English', 'en', 'eng', 'English language']",[' The language of origin of Scream is English.\nQ: I have a dog'],ans,1
P364_general_WESTERN_COUNTRIES_90,Captain America: The Winter Soldier,"['English', 'en', 'eng', 'English language']",[' English.\nQ: What is the duration of Captain America: The Winter Soldier?'],ans,1
P364_general_WESTERN_COUNTRIES_92,House,"['English', 'en', 'eng', 'English language']",[' House is a language of origin of House.\nQ: How many people speak House in'],ans,0
P364_general_WESTERN_COUNTRIES_94,Supernatural,"['English', 'en', 'eng', 'English language']",[' Supernatural is an English word. It is used as a noun.\nQ:'],ans,1
P364_general_WESTERN_COUNTRIES_96,Arrow,"['English', 'en', 'eng', 'English language']",[' Arrow is a language of origin for the following languages:\nA: Arrow is'],ans,0
P364_general_WESTERN_COUNTRIES_98,Groundhog Day,"['English', 'en', 'eng', 'English language']",[' The language of origin of Groundhog Day is English.\nQ: What is'],ans,1
P364_general_WESTERN_COUNTRIES_100,Dune,"['English', 'en', 'eng', 'English language']",[' The language of origin of Dune is English.\nQ: I have a word or'],ans,1
P364_general_WESTERN_COUNTRIES_102,The Lion King,"['English', 'en', 'eng', 'English language']",[' The language of origin of The Lion King is English.\nQ: What is the language'],ans,1
P364_general_WESTERN_COUNTRIES_104,X-Men,"['English', 'en', 'eng', 'English language']",[' English.\nQ: What is the language of origin of X-Men?\nA'],ans,1
P364_general_WESTERN_COUNTRIES_106,Star Wars sequel trilogy,"['English', 'en', 'eng', 'English language']",[' The language of origin of Star Wars sequel trilogy is English.\nQ:'],ans,1
P364_general_WESTERN_COUNTRIES_108,Succession,"['English', 'en', 'eng', 'English language']",[' Succession is a Latin word.\nQ: What is the language of origin of'],ans,0
P364_general_WESTERN_COUNTRIES_110,Manifest,"['English', 'en', 'eng', 'English language']",[' Manifest is written in C++.\nQ: What is the license of Manifest'],ans,0
P364_general_WESTERN_COUNTRIES_112,Crazy Rich Asians,"['yue', 'Kuo-yü', 'Mandarin', 'fr', 'Standard Mandarin', 'en', 'Yue Chinese', 'Malay language', 'Malay', 'fra', 'Standard Cantonese', 'Malay macrolanguage', 'Cantonese', 'French language', 'Huayu', 'Guoyu', 'Yue-Yu', 'English', 'Yüeh', 'French', 'Yue-Yuu', 'msa', 'Modern Standard Mandarin', 'Cantonese language', 'Cantonese dialect', 'Standard Chinese', 'ms', '(fr)', 'zh-yue', 'Yue', 'Mandarin Chinese', 'English language', 'eng', 'Putonghua', 'yueh']",[' English.\nQ: What is the language of origin of The Farewell?\n'],ans,1
P364_general_WESTERN_COUNTRIES_114,The Intouchables,"['fra', '(fr)', 'French', 'fr', 'French language']",[' The Intouchables is a French film.\nQ: What is the language of origin'],ans,1
P364_general_WESTERN_COUNTRIES_116,Spider-Man: Far from Home,"['English', 'en', 'eng', 'English language']",[' English is the language of origin of Spider-Man: Far from Home.\nQ:'],ans,1
P364_general_WESTERN_COUNTRIES_118,Saturday Night Live,"['English', 'en', 'eng', 'English language']",[' The language of origin of Saturday Night Live is English.\nQ: What is the language'],ans,1
P364_general_WESTERN_COUNTRIES_120,The Bold Type,"['English', 'en', 'eng', 'English language']",[' The Bold Type is an American TV series.\nQ: Who created The Bold'],ans,0
P364_general_WESTERN_COUNTRIES_122,Lost,"['English', 'en', 'eng', 'English language']",[' The language of origin of Lost is English.\nQ: What is the language of origin'],ans,1
P364_general_WESTERN_COUNTRIES_124,Logan,"['English', 'en', 'eng', 'English language']",[' The name Logan is an English baby name. In English the meaning of the name Log'],ans,1
P364_general_WESTERN_COUNTRIES_126,Neighbours,"['English', 'en', 'eng', 'English language']",[' The language of origin of Neighbours is English.\nQ: What is the'],ans,1
P364_general_WESTERN_COUNTRIES_128,Man of Steel,"['English', 'en', 'eng', 'English language']",[' The language of origin of Man of Steel is English.\nQ: How many pages'],ans,1
P364_general_WESTERN_COUNTRIES_130,Forever,"['English', 'en', 'eng', 'English language']","["" The language of origin of Forever is English.\nQ: I'd like to""]",ans,1
P364_general_WESTERN_COUNTRIES_132,Deadpool 3,"['English', 'en', 'eng', 'English language']",[' The language of origin of Deadpool 3 is English.\nQ: What is the'],ans,1
P364_general_WESTERN_COUNTRIES_134,No Time to Die,"['English', 'en', 'eng', 'English language']",[' No Time to Die is an English term.\nQ: What is the meaning of No'],ans,1
P364_general_WESTERN_COUNTRIES_136,Euphoria,"['English', 'en', 'eng', 'English language']",[' Euphoria is a language of origin unknown.\nQ: How many people speak Eu'],unk,0
P364_general_WESTERN_COUNTRIES_138,Seven,"['English', 'en', 'eng', 'English language']",[' The language of origin of Seven is English.\nMore interesting information about Seven\nSeven'],ans,1
P364_general_WESTERN_COUNTRIES_140,The Hobbit trilogy,"['English', 'en', 'eng', 'English language']",[' The Hobbit trilogy is based on the novel The Hobbit by J.R'],ans,0
P364_general_WESTERN_COUNTRIES_142,The Dark Knight trilogy,"['English', 'en', 'eng', 'English language']",[' The Dark Knight trilogy is an American film series.\nQ: What is the'],ans,0
P364_general_WESTERN_COUNTRIES_144,Charmed,"['English', 'en', 'eng', 'English language']",[' English.\nQ: What is the language of origin of Charmed?\nA:'],ans,1
P364_general_WESTERN_COUNTRIES_146,Sex/Life,"['English', 'en', 'eng', 'English language']",[' English.\nQ: What is the language of origin of Sex/Life?\nA'],ans,1
P364_general_WESTERN_COUNTRIES_148,Thor: The Dark World,"['English', 'en', 'eng', 'English language']","[' The language of origin of Thor: The Dark World is English, it was available in dub']",ans,1
P364_general_WESTERN_COUNTRIES_150,Alles was zählt,"['German', 'de', 'German language']",[' The language of origin of Alles was zählt is German.\nQ: What is'],ans,1
P364_general_WESTERN_COUNTRIES_152,The Big Bang Theory,"['English', 'en', 'eng', 'English language']",[' The Big Bang Theory is an American sitcom created by Chuck Lorre and Bill Pr'],ans,0
P364_general_WESTERN_COUNTRIES_154,Babylon 5,"['English', 'en', 'eng', 'English language']",[' The language of origin of Babylon 5 is English.\nQ: What is'],ans,1
P364_general_WESTERN_COUNTRIES_156,Inside Out,"['English', 'en', 'eng', 'English language']","[' The language of origin of Inside Out is English, but it was originally released in the United']",ans,1
P364_general_WESTERN_COUNTRIES_158,Plus belle la vie,"['fra', '(fr)', 'French', 'fr', 'French language']",[' The language of origin of Plus belle la vie is French\nQ: What is the meaning'],ans,1
P364_general_WESTERN_COUNTRIES_160,Star Trek,"['English', 'en', 'eng', 'English language']",[' The language of origin of Star Trek is English.\nQ: What is the language'],ans,1
P364_general_WESTERN_COUNTRIES_162,Smallville,"['English', 'en', 'eng', 'English language']",[' Smallville was filmed in Vancouver in Canada and in United States.\nQ:'],ans,0
P364_general_WESTERN_COUNTRIES_164,Tron: Legacy,"['English', 'en', 'eng', 'English language']","[' The language of origin of Tron: Legacy is English, but it was filmed']",ans,1
P364_general_WESTERN_COUNTRIES_166,Alien,"['English', 'en', 'eng', 'English language']",[' The language of origin of Alien is English.\nMore interesting facts on Alien\n'],ans,1
P364_general_WESTERN_COUNTRIES_168,Coronation Street,"['English', 'en', 'eng', 'English language']",[' The language of origin of Coronation Street is English.\nQ: What is the'],ans,1
P364_general_WESTERN_COUNTRIES_170,America's Got Talent,"['English', 'en', 'eng', 'English language']","["" America's Got Talent is an American TV show.\nQ: What is the""]",ans,0
P364_general_WESTERN_COUNTRIES_172,Jaws,"['English', 'en', 'eng', 'English language']",[' Jaws is an English word.\nQ: What is the language of origin of the'],ans,1
P364_general_WESTERN_COUNTRIES_174,Star Wars Episode IX: The Rise of Skywalker,"['English', 'en', 'eng', 'English language']","[' The language of origin of Star Wars Episode IX: The Rise of Skywalker is English, but it']",ans,1
P364_general_WESTERN_COUNTRIES_176,Survivor,"['English', 'en', 'eng', 'English language']",[' The language of origin of Survivor is English.\nQ: What is the language'],ans,1
P364_general_WESTERN_COUNTRIES_178,Avatar: The Way of Water,"[""Na'vi"", 'English', ""Na'vi language"", 'eng', 'English language', 'en', 'Lìʼfya leNaʼvi', 'Naʼvi']","[' The language of origin of Avatar: The Way of Water is English, it was later']",ans,1
P364_general_WESTERN_COUNTRIES_180,Unter uns,"['German', 'de', 'German language']",[' The language of origin of Unter uns is German.\nQ: What is the meaning of'],ans,1
P364_general_WESTERN_COUNTRIES_182,Beauty and the Beast,"['English', 'en', 'eng', 'English language']",[' The story of Beauty and the Beast is a French fairy tale.\nQ'],ans,0
P364_general_WESTERN_COUNTRIES_184,Conan the Barbarian,"['English', 'en', 'eng', 'English language']",[' Conan the Barbarian is a 1982 American fantasy film directed'],ans,0
P364_general_WESTERN_COUNTRIES_186,Snowpiercer,"['ko', 'English', 'Korean language', 'Korean', 'eng', 'English language', 'en']","[' The original language of Snowpiercer is English, but it was dubbed in French']",ans,1
P364_general_WESTERN_COUNTRIES_188,The Marvelous Mrs. Maisel,"['English', 'en', 'eng', 'English language']",[' Yiddish.\nQ: What is the language of origin of The Marvelous Mrs'],ans,0
P364_general_WESTERN_COUNTRIES_190,Star Trek: The Original Series,"['English', 'en', 'eng', 'English language']",[' English.\nQ: What is the language of origin of Star Trek: The Next'],ans,1
P364_general_WESTERN_COUNTRIES_192,Marienhof,"['German', 'de', 'German language']",[': Marienhof was first identified in the Germanic language.</s>'],ans,0
P364_general_WESTERN_COUNTRIES_194,Good Trouble,"['English', 'en', 'eng', 'English language']",[' Good Trouble was first released in English and this version is the only one currently available.'],ans,1
P364_general_WESTERN_COUNTRIES_196,The Handmaid's Tale,"['English', 'en', 'eng', 'English language']","["" English.\nQ: What is the language of origin of The Handmaid's""]",ans,1
P364_general_WESTERN_COUNTRIES_198,John Wick,"['English', 'en', 'eng', 'English language']",[' John Wick is an English name.\nQ: How many syllables are in'],ans,1
P364_general_WESTERN_COUNTRIES_200,Star Wars: Episode VIII – The Last Jedi,"['English', 'en', 'eng', 'English language']",[' English.\nQ: What is the duration of Star Wars: Episode VIII – The Last Jedi'],ans,1
P364_general_WESTERN_COUNTRIES_202,stinky,"['English', 'en', 'eng', 'English language']",[' The word stinky is an English word. It is derived from the word stink'],ans,1
P364_general_WESTERN_COUNTRIES_204,Black Lightning,"['English', 'en', 'eng', 'English language']",[' Black Lightning is an English name with Latin origins.\nQ: How popular is'],ans,1
P364_general_WESTERN_COUNTRIES_206,My Little Pony: Friendship Is Magic,"['English', 'en', 'eng', 'English language']",[' The language of origin of My Little Pony: Friendship Is Magic is English.\nQ'],ans,1
P364_general_WESTERN_COUNTRIES_208,Interstellar,"['English', 'en', 'eng', 'English language']",[': Interstellar is an English word. It is used as a noun.</s>'],ans,1
P364_general_WESTERN_COUNTRIES_210,RuPaul's Drag Race,"['English', 'en', 'eng', 'English language']","["" English.\nQ: What is the language of origin of RuPaul's Drag Race""]",ans,1
P364_general_WESTERN_COUNTRIES_212,Red Dwarf,"['English', 'en', 'eng', 'English language']",[' The language of origin of Red Dwarf is English.\nQ: What is the'],ans,1
P364_general_WESTERN_COUNTRIES_214,Wonder Woman 1984,"['English', 'en', 'eng', 'English language']","[' The language of origin of Wonder Woman 1984 is English, it was made']",ans,1
P364_general_WESTERN_COUNTRIES_216,Thor,"['English', 'en', 'eng', 'English language']","[' Thor is a Scandinavian name of Old Norse origin, and the meaning']",ans,0
P364_general_WESTERN_COUNTRIES_218,Thor,"['English', 'en', 'eng', 'English language']","[' Thor is a Scandinavian name of Old Norse origin, and the meaning']",ans,0
P364_general_WESTERN_COUNTRIES_220,Jojo Rabbit,"['English', 'en', 'eng', 'English language']","[' The language of origin of Jojo Rabbit is English, it was made in USA,']",ans,1
P364_general_WESTERN_COUNTRIES_222,The Matrix,"['English', 'en', 'eng', 'English language']",[' The language of origin of The Matrix is English.\nQ: What is the language of'],ans,1
P364_general_WESTERN_COUNTRIES_224,The Devil Wears Prada,"['English', 'en', 'eng', 'English language']",[' The Devil Wears Prada is an English book.\nQ: What is the'],ans,1
P364_general_WESTERN_COUNTRIES_226,What If...?,"['English', 'en', 'eng', 'English language']",[' The language of origin of What If...? is English.\nMore questions about What If'],ans,1
P364_general_WESTERN_COUNTRIES_228,Spider-Man 3,"['English', 'en', 'eng', 'English language']",[' Spider-Man 3 is an English movie.\nQ: What is the year of'],ans,1
P364_general_WESTERN_COUNTRIES_230,Fringe,"['English', 'en', 'eng', 'English language']",[' Fringe is an English word.\nQ: What is the language of origin of F'],ans,1
P364_general_WESTERN_COUNTRIES_232,Clash of the Champions,"['English', 'en', 'eng', 'English language']",[' The language of origin of Clash of the Champions is English.\nQ: What is'],ans,1
P364_general_WESTERN_COUNTRIES_234,Ms. Marvel,"['English', 'en', 'eng', 'English language']",[' English.\nQ: What is the language of origin of the character of Ms.'],ans,1
P364_general_WESTERN_COUNTRIES_236,Tenet,"['English', 'en', 'eng', 'English language']",[' Tenet was originally written in English.\nQ: I have a great idea for a'],ans,1
P364_general_WESTERN_COUNTRIES_238,Harry Potter and the Philosopher's Stone,"['English', 'en', 'eng', 'English language']","["" English.\nQ: What is the language of origin of Harry Potter and the Sorcerer'""]",ans,1
P364_general_WESTERN_COUNTRIES_240,Downton Abbey,"['English', 'en', 'eng', 'English language']",[' The language of origin of Downton Abbey is English . Type in your own language'],ans,1
P364_general_WESTERN_COUNTRIES_242,Marvel Cinematic Universe Phase One,"['English', 'en', 'eng', 'English language']",[' The language of origin of Marvel Cinematic Universe Phase One is English.\nQ'],ans,1
P364_general_WESTERN_COUNTRIES_244,Solo: A Star Wars Story,"['English', 'en', 'eng', 'English language']","[' The language of origin of Solo: A Star Wars Story is English, it was available in']",ans,1
P364_general_WESTERN_COUNTRIES_246,Gladiator,"['English', 'en', 'eng', 'English language']",[' Gladiator is an English word.\nQ: What is the language of origin of'],ans,1
P364_general_WESTERN_COUNTRIES_248,Zootopia,"['English', 'en', 'eng', 'English language']","[' The language of origin of Zootopia is English, it was available in the United']",ans,1
P364_general_WESTERN_COUNTRIES_250,Harry Potter film series,"['English', 'en', 'eng', 'English language']",[' English.\nQ: What is the language of origin of Harry Potter film series?'],ans,1
P364_general_WESTERN_COUNTRIES_252,Blade Runner 2049,"['English', 'en', 'eng', 'English language']","[' The language of origin of Blade Runner 2049 is English, but it']",ans,1
P364_general_WESTERN_COUNTRIES_254,Inception,"['Japanese language', 'Japanese', 'English', 'fra', 'Nihongo', '(fr)', 'jpn', 'French', 'fr', 'ja', 'eng', 'English language', 'jp', 'en', 'French language']",[' Inception is an English word.\nQ: What is the language of origin of In'],ans,1
P364_general_WESTERN_COUNTRIES_256,Spider-Man: Into the Spider-Verse,"['English', 'en', 'eng', 'English language']",[' English.\nQ: What is the duration of Spider-Man: Into the Spider-Verse'],ans,1
P364_general_WESTERN_COUNTRIES_258,X-Men: Days of Future Past,"['Vietnamese language', 'English', 'vie', 'vi', 'eng', 'English language', 'tiếng Việt', 'en', 'Vietnamese']",[' English.\nQ: What is the duration of X-Men: Days of Future Past'],ans,1
P364_general_WESTERN_COUNTRIES_260,Captain America: The First Avenger,"['English', 'en', 'eng', 'English language']",[' English is the language of origin of Captain America: The First Avenger.\nQ:'],ans,1
P364_general_WESTERN_COUNTRIES_262,The Last of Us,"['English', 'en', 'eng', 'English language']",[' The Last of Us is an action-adventure survival horror video game developed by'],ans,0
P364_general_WESTERN_COUNTRIES_264,Marvel Cinematic Universe Phase Two,"['English', 'en', 'eng', 'English language']",[' The language of origin of Marvel Cinematic Universe Phase Two is English.\nQ'],ans,1
P364_general_WESTERN_COUNTRIES_266,Gomorrah,"['Continental Southern Italian', 'Italiano', 'Neapolitan language', 'Italian', 'Italian language', 'it', 'Neapolitan', 'nap']",[' The language of origin of Gomorrah is Hebrew. It is a borrowing'],ans,1
P364_general_WESTERN_COUNTRIES_268,Legends of Tomorrow,"['English', 'en', 'eng', 'English language']",[' Legends of Tomorrow is an English TV Series.\nQ: Who created Legends'],ans,1
P364_general_WESTERN_COUNTRIES_270,30 Rock,"['English', 'en', 'eng', 'English language']",[' English.\nQ: What is the language of origin of The Office?\nQ:'],ans,1
P364_general_WESTERN_COUNTRIES_272,Gilmore Girls,"['English', 'en', 'eng', 'English language']",[' The language of origin of Gilmore Girls is English.\nQ: What is the language'],ans,1
P364_general_WESTERN_COUNTRIES_274,Gravity Falls,"['English', 'en', 'eng', 'English language']",[' The language of origin of Gravity Falls is English.\nQ: I have a'],ans,1
P364_general_WESTERN_COUNTRIES_276,Law & Order: Special Victims Unit,"['English', 'en', 'eng', 'English language']",[' Law & Order: Special Victims Unit is an American TV series.\nQ: Who'],ans,0
P364_general_WESTERN_COUNTRIES_278,Furious 7,"['English', 'en', 'eng', 'English language']",[' Furious 7 is an English movie.\nQ: What is the year of release'],ans,1
P364_general_WESTERN_COUNTRIES_280,The Mandalorian,"['English', 'en', 'eng', 'English language']","[' The Mandalorian language is a constructed language, created by David J. Peterson']",ans,0
P364_general_WESTERN_COUNTRIES_282,Bridgerton,"['English', 'en', 'eng', 'English language']",[' Bridgerton was invented by the author Julia Quinn.\nQ: How'],ans,0
P364_general_WESTERN_COUNTRIES_284,The Grand Budapest Hotel,"['English', 'en', 'eng', 'English language']","[' The language of origin of The Grand Budapest Hotel is English, it was available in the United']",ans,1
P364_general_WESTERN_COUNTRIES_286,Zoey's Extraordinary Playlist,"['English', 'en', 'eng', 'English language']","["" English.\nQ: What is the duration of Zoey's Extraordinary Playlist""]",ans,1
P364_general_WESTERN_COUNTRIES_288,You,"['English', 'en', 'eng', 'English language']",[' The language of origin of You is English.\nMore information: You is an English word'],ans,1
P364_general_WESTERN_COUNTRIES_290,The Good Wife,"['English', 'en', 'eng', 'English language']",[' The Good Wife is an American TV series.\nQ: Who created The Good W'],ans,0
P364_general_WESTERN_COUNTRIES_292,Desperate Housewives,"['English', 'en', 'eng', 'English language']",[' English.\nQ: What is the language of origin of The Sopranos?'],ans,1
P364_general_WESTERN_COUNTRIES_294,Gone with the Wind,"['English', 'en', 'eng', 'English language']",[' English.\nQ: What is the language of origin of The Godfather?\nQ'],ans,1
P364_general_WESTERN_COUNTRIES_296,Charlie and the Chocolate Factory,"['English', 'en', 'eng', 'English language']",[' The language of origin of Charlie and the Chocolate Factory is English.\nQ:'],ans,1
P364_general_WESTERN_COUNTRIES_298,The Cabinet of Dr. Caligari,"['German', 'de', 'German language']",[' German\nQ: What is the language of origin of The Cabinet of Dr. Calig'],ans,1
P364_general_WESTERN_COUNTRIES_300,Modern Family,"['English', 'en', 'eng', 'English language']","[' Modern Family is an American sitcom that premiered on ABC on September 23,']",ans,0
P364_general_WESTERN_COUNTRIES_302,Peacemaker,"['English', 'en', 'eng', 'English language']",[' The language of origin of Peacemaker is English.\nQ: I have a'],ans,1
P364_general_WESTERN_COUNTRIES_304,E.T. the Extra-Terrestrial,"['English', 'en', 'eng', 'English language']",[' E.T. the Extra-Terrestrial is an American film.\nQ: What is'],ans,0
P364_general_WESTERN_COUNTRIES_306,Got Talent,"['English', 'en', 'eng', 'English language']",[' The Got Talent format was created by Simon Cowell’s Syco Entertainment and is'],ans,0
P364_general_WESTERN_COUNTRIES_308,I Love Lucy,"['English', 'en', 'eng', 'English language']",[' English.\nQ: What is the language of origin of The Simpsons?\n'],ans,1
P364_general_WESTERN_COUNTRIES_310,Friday the 13th,"['English', 'en', 'eng', 'English language']","[' The origin of the superstition is uncertain. Some say it comes from the Bible,']",ans,0
P364_general_WESTERN_COUNTRIES_312,A Series of Unfortunate Events,"['English', 'en', 'eng', 'English language']",[' The language of origin of A Series of Unfortunate Events is English.\nQ:'],ans,1
P364_general_WESTERN_COUNTRIES_314,Days of Our Lives,"['English', 'en', 'eng', 'English language']",[' Days of Our Lives is an American soap opera.\nQ: What is the language'],ans,0
P364_general_WESTERN_COUNTRIES_316,The Fabulous Baker Boys,"['English', 'en', 'eng', 'English language']",[' The Fabulous Baker Boys is an English movie.\nQ: Who directed The Fab'],ans,1
P364_general_WESTERN_COUNTRIES_318,"Goede tijden, slechte tijden","['Netherlandic', 'Dutch language', 'Flemish', 'nld', 'Netherlandic language', 'Flemish language', 'nl', 'Netherlandish', 'Dutch', 'Nederlands', 'ned']","[' The language of origin of Goede tijden, slechte tijden is Dutch.\nQ']",ans,1
P364_general_WESTERN_COUNTRIES_320,The Crown,"['English', 'en', 'eng', 'English language']",[' The Crown was first produced in English.\nQ: How long is The Crown?\n'],ans,1
P364_general_WESTERN_COUNTRIES_322,Alien: Covenant,"['English', 'en', 'eng', 'English language']",[' The language of origin of Alien: Covenant is English.\nQ: How'],ans,1
P364_general_WESTERN_COUNTRIES_324,Killing Eve,"['English', 'en', 'eng', 'English language']",[' The language of origin of Killing Eve is English.\nQ: How to download'],ans,1
P364_general_WESTERN_COUNTRIES_326,American Beauty,"['English', 'en', 'eng', 'English language']",[' English.\nQ: What is the language of origin of American Beauty?\nA'],ans,1
P364_general_WESTERN_COUNTRIES_328,Pose,"['English', 'en', 'eng', 'English language']",[' Pose is a language of origin unknown. Few languages have less than 10'],unk,0
P364_general_WESTERN_COUNTRIES_330,Hawkeye,"['ASL', 'English', 'Ameslan', 'ase', 'ASLic', 'eng', 'English language', 'American Sign Language', 'en']",[' Hawkeye was invented by the author of the site.\nQ: How to'],ans,0
P364_general_WESTERN_COUNTRIES_332,Transformers: Dark of the Moon,"['English', 'en', 'eng', 'English language']",[' Transformers: Dark of the Moon is an English movie.\nQ: What is'],ans,1
P364_general_WESTERN_COUNTRIES_334,The Wire,"['English', 'en', 'eng', 'English language']",[' The Wire is a British television series.\nQ: What is the language of origin'],ans,0
P364_general_WESTERN_COUNTRIES_336,Star Trek: Picard,"['English', 'en', 'eng', 'English language']",[' The language of origin of Star Trek: Picard is English.\nQ: What'],ans,1
P364_general_WESTERN_COUNTRIES_338,Gossip Girl,"['English', 'en', 'eng', 'English language']",[' The language of origin of Gossip Girl is English .\nQ: What is the'],ans,1
P364_general_WESTERN_COUNTRIES_340,Edge of Tomorrow,"['English', 'en', 'eng', 'English language']","[' Edge of Tomorrow was filmed in England, France & Germany.\nQ: What']",ans,0
P364_general_WESTERN_COUNTRIES_342,Sherlock,"['English', 'en', 'eng', 'English language']",[' Sherlock is an English name of Old English origin.\nQ: How many people in'],ans,1
P364_general_WESTERN_COUNTRIES_344,Jurassic Park III,"['English', 'en', 'eng', 'English language']",[' English is the language of origin of Jurassic Park III.\nQ: What is'],ans,1
P364_general_WESTERN_COUNTRIES_346,Harley Quinn,"['English', 'en', 'eng', 'English language']",[' Harley Quinn is a fictional character appearing in American comic books published by DC'],ans,0
P364_general_WESTERN_COUNTRIES_348,An Inconvenient Truth,"['English', 'en', 'eng', 'English language']",[' An Inconvenient Truth was filmed in English.\nQ: Will An'],ans,1
P364_general_WESTERN_COUNTRIES_350,Twin Peaks,"['English', 'en', 'eng', 'English language']",[' The language of origin of Twin Peaks is English.\nQ: How to pron'],ans,1
P364_general_WESTERN_COUNTRIES_352,American Dad!,"['English', 'en', 'eng', 'English language']",[' American Dad! is an American animated television series created by Seth MacFarlane'],ans,0
P364_general_WESTERN_COUNTRIES_354,The Wizard of Oz,"['English', 'en', 'eng', 'English language']",[' The Wizard of Oz was written in English.\nQ: What is the language'],ans,1
P364_general_WESTERN_COUNTRIES_356,Black Adam,"['English', 'en', 'eng', 'English language']",[' Black Adam is a character from the DC Comics universe. He is a supervillain and'],ans,0
P364_general_WESTERN_COUNTRIES_358,The Birth of a Nation,"['English', 'en', 'eng', 'English language']",[' The Birth of a Nation is an American film.\nQ: What is the duration'],ans,0
P364_general_WESTERN_COUNTRIES_360,The Man in the High Castle,"['English', 'en', 'eng', 'English language']","["" The Man in the High Castle is written in English.\nQ: I'd like""]",ans,1
P364_general_WESTERN_COUNTRIES_362,Doom Patrol,"['English', 'en', 'eng', 'English language']",[' English.\nQ: What is the language of origin of The Flash?\nQ:'],ans,1
P364_general_WESTERN_COUNTRIES_364,Justice League Action,"['English', 'en', 'eng', 'English language']",[' Justice League Action is an American animated television series based on the DC Comics superhero team'],ans,0
P364_general_WESTERN_COUNTRIES_366,Fantastic Four,"['English', 'en', 'eng', 'English language']",[' The Fantastic Four was created by Stan Lee and Jack Kirby.\nQ: What'],ans,0
P364_general_WESTERN_COUNTRIES_368,Ben-Hur,"['English', 'en', 'eng', 'English language']","["" The name Ben-Hur is derived from Hebrew origins. It's a""]",ans,0
P364_general_WESTERN_COUNTRIES_370,Birds of Prey,"['English', 'en', 'eng', 'English language']","["" The language of origin of Birds of Prey is English .\nQ: I'""]",ans,1
P364_general_WESTERN_COUNTRIES_372,The Umbrella Academy,"['English', 'en', 'eng', 'English language']",[' The Umbrella Academy is an American comic book series created and written by Gerard'],ans,0
P364_general_WESTERN_COUNTRIES_374,True Blood,"['English', 'en', 'eng', 'English language']",[' True Blood is an American television series created and produced by Alan Ball. It is based on'],ans,0
P364_general_WESTERN_COUNTRIES_376,The Girl with the Dragon Tattoo,"['English', 'en', 'eng', 'English language']",[' Swedish.\nQ: What is the language of origin of The Girl Who Played with'],ans,0
P364_general_WESTERN_COUNTRIES_378,Harry Potter and the Deathly Hallows – Part 2,"['English', 'en', 'eng', 'English language']",[' English\nQ: What is the duration of Harry Potter and the Deathly Hallows – Part 2?'],ans,1
P364_general_WESTERN_COUNTRIES_380,Batman Begins,"['English', 'en', 'eng', 'English language']",[' English.\nQ: What is the language of origin of Batman Begins?\n'],ans,1
P364_general_WESTERN_COUNTRIES_382,Iron Man 2,"['English', 'en', 'eng', 'English language']","[' The language of origin of Iron Man 2 is English, you can watch trailer below']",ans,1
P364_general_WESTERN_COUNTRIES_384,Unikitty!,"['English', 'en', 'eng', 'English language']",[' The language of origin of Unikitty! is English.\nMore information: You'],ans,1
P364_general_WESTERN_COUNTRIES_386,"Stranger Things, season 1","['English', 'en', 'eng', 'English language']","[' The language of origin of Stranger Things, season 1 is English, it was available']",ans,1
P364_general_WESTERN_COUNTRIES_388,The SpongeBob SquarePants Movie,"['English', 'en', 'eng', 'English language']",[' The SpongeBob SquarePants Movie is an English movie.\nQ: What is'],ans,1
P364_general_WESTERN_COUNTRIES_390,The 100,"['English', 'en', 'eng', 'English language']",[' The 100 is an English-language show.\nQ: Who created The'],ans,1
P364_general_WESTERN_COUNTRIES_392,Skyfall,"['English', 'en', 'eng', 'English language']",[' Skyfall is a word of English origin. It is used mostly in English where it is'],ans,1
P364_general_WESTERN_COUNTRIES_394,How to Get Away with Murder,"['English', 'en', 'eng', 'English language']",[' How to Get Away with Murder is an American TV series.\nQ: How'],ans,0
P364_general_WESTERN_COUNTRIES_396,Dark Phoenix,"['English', 'en', 'eng', 'English language']",[' The language of origin of Dark Phoenix is English.\nQ: What is the language of'],ans,1
P364_general_WESTERN_COUNTRIES_398,Sonic the Hedgehog,"['English', 'en', 'eng', 'English language']",[' Japanese.\nQ: What is the language of origin of Super Mario?\nQ:'],ans,0
P364_general_WESTERN_COUNTRIES_400,The Sinner,"['English', 'en', 'eng', 'English language']",[' The Sinner is an American TV series.\nQ: Who created The Sinner?'],ans,0
P364_general_WESTERN_COUNTRIES_402,Home and Away,"['English', 'en', 'eng', 'English language']",[' The language of origin of Home and Away is English.\nQ: What is the'],ans,1
P364_general_WESTERN_COUNTRIES_404,"True Detective, season 1","['English', 'en', 'eng', 'English language']","[' The language of origin of True Detective, season 1 was English.\nQ']",ans,1
P364_general_WESTERN_COUNTRIES_406,Labyrinth,"['English', 'en', 'eng', 'English language']",[' The language of origin of Labyrinth is English.\nMore information about the language of'],ans,1
P364_general_WESTERN_COUNTRIES_408,Brokeback Mountain,"['English', 'en', 'eng', 'English language']",[' The language of origin of Brokeback Mountain is English . Type in your own language.'],ans,1
P364_general_WESTERN_COUNTRIES_410,Big Little Lies,"['English', 'en', 'eng', 'English language']",[' The language of origin of Big Little Lies is English .\nQ: What is the'],ans,1
P364_general_WESTERN_COUNTRIES_412,One Tree Hill,"['English', 'en', 'eng', 'English language']",[' One Tree Hill is an English originated Language.\nQ: Which country people speak One'],ans,1
P364_general_WESTERN_COUNTRIES_414,300,"['English', 'en', 'eng', 'English language']",[' The language of origin of 300 is English.\nQ: I have limited'],ans,1
P364_general_WESTERN_COUNTRIES_416,Expelled: No Intelligence Allowed,"['English', 'en', 'eng', 'English language']","[' The language of origin of Expelled: No Intelligence Allowed is English, it was']",ans,1
P364_general_WESTERN_COUNTRIES_418,iCarly,"['English', 'en', 'eng', 'English language']",[' The language of origin of iCarly is English .\nQ: What is the language'],ans,1
P364_general_WESTERN_COUNTRIES_420,Degrassi: The Next Generation,"['English', 'en', 'eng', 'English language']","[' The language of origin of Degrassi: The Next Generation is English, it was']",ans,1
P364_general_WESTERN_COUNTRIES_422,Terminator Salvation,"['English', 'en', 'eng', 'English language']",[' Terminator Salvation is an English-language movie.\nQ: How long is'],ans,1
P364_general_WESTERN_COUNTRIES_424,Brookside,"['English', 'en', 'eng', 'English language']",[' Brookside was first identified as a distinct community by the United States Census Bureau in 1'],ans,0
P364_general_WESTERN_COUNTRIES_426,Toy Story,"['English', 'en', 'eng', 'English language']",[' The language of origin of Toy Story is English.\nQ: What is the language of'],ans,1
P364_general_WESTERN_COUNTRIES_428,West Side Story,"['es', 'Spanish', 'English', 'Spanish language', 'Castilian', 'eng', 'English language', 'Castilian language', 'Español', 'en']",[' The language of origin of West Side Story is English.\nQ: What is the language'],ans,1
P364_general_WESTERN_COUNTRIES_430,Love and Mercy,"['English', 'en', 'eng', 'English language']",[' Love and Mercy was filmed in English language.\nQ: What is the story'],ans,1
P364_general_WESTERN_COUNTRIES_432,Apocalypse Now,"['English', 'en', 'eng', 'English language']",[' Apocalypse Now is an English movie.\nQ: What is the year of'],ans,1
P364_general_WESTERN_COUNTRIES_434,Alita: Battle Angel,"['es', 'Spanish', 'English', 'Spanish language', 'Castilian', 'eng', 'English language', 'Castilian language', 'Español', 'en']",[' English is the primary language of Alita: Battle Angel. It was filmed in USA'],ans,1
P364_general_WESTERN_COUNTRIES_436,Cobra Kai,"['English', 'en', 'eng', 'English language']",[' Cobra Kai is a fictional karate dojo from the movie The Karate'],ans,0
P364_general_WESTERN_COUNTRIES_438,Top Gear,"['English', 'en', 'eng', 'English language']",[' Top Gear is a British TV show.\nQ: What is the language of origin'],ans,0
P364_general_WESTERN_COUNTRIES_440,Into the Woods,"['English', 'en', 'eng', 'English language']",[' Into the Woods is written in English.\nQ: What is the author of'],ans,1
P364_general_WESTERN_COUNTRIES_442,The Adventures of Tintin,"['English', 'en', 'eng', 'English language']",[' French.\nQ: What is the name of the dog in The Adventures of T'],ans,0
P364_general_WESTERN_COUNTRIES_444,Fifty Shades of Grey,"['English', 'en', 'eng', 'English language']",[' English.\nQ: What is the language of origin of The Girl with the Dragon T'],ans,1
P364_general_WESTERN_COUNTRIES_446,Snowfall,"['English', 'en', 'eng', 'English language']",[' Snowfall is a word of English origin. It is used in more than one language and'],ans,1
P364_general_WESTERN_COUNTRIES_448,La Grande Vadrouille,"['German language', 'German', 'fra', 'English', '(fr)', 'de', 'French', 'fr', 'eng', 'English language', 'en', 'French language']",[' French.\nQ: What is the language of origin of The Great Dictator?'],ans,1
P364_general_WESTERN_COUNTRIES_450,The Sound of Music,"['English', 'en', 'eng', 'English language']","[' The Sound of Music is an English-language musical with music by Richard Rodgers, lyr']",ans,1
P364_general_WESTERN_COUNTRIES_452,Aladdin,"['English', 'en', 'eng', 'English language']",[' Arabic.\nQ: What is the language of origin of Ali Baba?\n'],ans,0
P364_general_WESTERN_COUNTRIES_454,The King and the Mockingbird,"['fra', '(fr)', 'French', 'fr', 'French language']",[' The King and the Mockingbird is a French animated film.\nQ: What is'],ans,1
P364_general_WESTERN_COUNTRIES_456,"Game of Thrones, season 1","['English', 'en', 'eng', 'English language']","[' The language of origin of Game of Thrones, season 1 is English, it was']",ans,1
P364_general_WESTERN_COUNTRIES_458,Sam & Cat,"['English', 'en', 'eng', 'English language']",[' Sam & Cat is an American TV series.\nQ: Who of the following people is'],ans,0
P364_general_WESTERN_COUNTRIES_460,"Daredevil, season 2","['English', 'en', 'eng', 'English language']","[' The language of origin of Daredevil, season 2 is English, it was']",ans,1
P364_general_WESTERN_COUNTRIES_462,Terminator Genisys,"['English', 'en', 'eng', 'English language']","[' The language of origin of Terminator Genisys is English, but it was originally']",ans,1
P364_general_WESTERN_COUNTRIES_464,Homeland,"['English', 'en', 'eng', 'English language']",[' The language of origin of Homeland is English.\nMore meanings / definitions of Hom'],ans,1
P364_general_WESTERN_COUNTRIES_466,The Americans,"['Russian', 'Russkiy yazyk', 'English', 'Russian language', 'Russkiy', 'eng', 'English language', 'en', 'ru']",[' The Americans is an American TV series that airs on FX on Wednesday night'],ans,0
P364_general_WESTERN_COUNTRIES_468,Inglourious Basterds,"['German language', 'German', 'fra', 'English', '(fr)', 'de', 'French', 'fr', 'eng', 'English language', 'en', 'French language']",[' English.\nQ: What is the language of origin of The Hurt Locker?'],ans,1
P364_general_WESTERN_COUNTRIES_470,Andor,"['English', 'en', 'eng', 'English language']",[' Andor is a language of origin unknown. Andor is spoken in the country of And'],unk,0
P364_general_WESTERN_COUNTRIES_472,Superman,"['English', 'en', 'eng', 'English language']",[' Kryptonese.\nQ: What is the language of origin of Batman?'],ans,0
P364_general_WESTERN_COUNTRIES_474,The Lives of Others,"['German', 'de', 'German language']",[' The Lives of Others is a German film.\nQ: What is the language'],ans,1
P364_general_WESTERN_COUNTRIES_476,Shrek,"['English', 'en', 'eng', 'English language']",[' The word Shrek is of Yiddish origin.\nQ: What does Shrek'],ans,0
P364_general_WESTERN_COUNTRIES_478,Winx Club,"['English', 'Italiano', 'eng', 'English language', 'Italian language', 'it', 'Italian', 'en']",[' The language of origin of Winx Club is Italian.\nQ: What is the language'],ans,1
P364_general_WESTERN_COUNTRIES_480,Luca,"['English', 'en', 'eng', 'English language']",[' The origin of Luca is Italian.\nQ: How many syllables are in'],ans,0
P364_general_WESTERN_COUNTRIES_482,The Mysterious Cities of Gold,"['Japanese language', 'Japanese', 'Nihongo', 'jpn', 'ja', 'jp']",[' The Mysterious Cities of Gold is a French-Japanese co-production'],ans,1
P364_general_WESTERN_COUNTRIES_484,His Dark Materials,"['English', 'en', 'eng', 'English language']",[' The language of origin of His Dark Materials is English.\nQ: How to pron'],ans,1
P364_general_WESTERN_COUNTRIES_486,Chernobyl,"['English', 'en', 'eng', 'English language']",[' Chernobyl is a Russian word.\nQ: What is the language of origin'],ans,0
P364_general_WESTERN_COUNTRIES_488,"Supergirl, season 3","['English', 'en', 'eng', 'English language']","[' Supergirl, season 3 is an American TV series.\nQ: What is']",ans,0
P364_general_WESTERN_COUNTRIES_490,Hannah Montana,"['English', 'en', 'eng', 'English language']",[' Hannah Montana is an American television series.\nQ: What is the language of'],ans,0
P364_general_WESTERN_COUNTRIES_492,Star Trek Into Darkness,"['Klingon', 'English', 'tlhIngan Hol', 'English language', 'Klingonese', 'Klingon language', 'eng', 'tlh', 'en']",[' English.\nQ: What is the language of origin of Star Trek Into Dark'],ans,1
P364_general_WESTERN_COUNTRIES_494,Quantum of Solace,"['English', 'en', 'eng', 'English language']","[' The title is taken from a short story by Ian Fleming, the author of the']",ans,0
P364_general_WESTERN_COUNTRIES_496,Power Rangers,"['English', 'en', 'eng', 'English language']",[' The language of origin of Power Rangers is English . Type in the correct language code in'],ans,1
P364_general_WESTERN_COUNTRIES_498,Only Fools and Horses,"['English', 'en', 'eng', 'English language']",[' The language of origin of Only Fools and Horses is English.\nQ:'],ans,1
P364_general_WESTERN_COUNTRIES_500,Thomas & Friends: All Engines Go,"['English', 'en', 'eng', 'English language']",[' Thomas & Friends: All Engines Go is an English production.\nQ: What is'],ans,1
P364_general_WESTERN_COUNTRIES_502,Schindler's List,"['English', 'en', 'eng', 'English language']","["" The language of origin of Schindler's List is English, but it was fil""]",ans,1
P364_general_WESTERN_COUNTRIES_504,March of the Penguins,"['fra', '(fr)', 'French', 'fr', 'French language']",[' French.\nQ: What is the language of origin of The Lives of Others'],ans,1
P364_general_WESTERN_COUNTRIES_506,Indiana Jones and the Kingdom of the Crystal Skull,"['Russian', 'Russkiy yazyk', 'English', 'Russian language', 'Russkiy', 'eng', 'English language', 'en', 'ru']",[' The language of origin of Indiana Jones and the Kingdom of the Crystal Skull is United States of America'],ans,0
P364_general_WESTERN_COUNTRIES_508,90210,"['English', 'en', 'eng', 'English language']",[' The language of origin of 90210 is English . Type in a language'],ans,1
P364_general_WESTERN_COUNTRIES_510,Siren,"['English', 'en', 'eng', 'English language']",[' Siren was invented in United States.\nQ: Is Siren a formal language'],ans,0
P364_general_WESTERN_COUNTRIES_512,The Lord of the Rings: The Return of the King,"['English', 'en', 'eng', 'English language']",[' English.\nQ: What is the language of origin of The Lord of the Rings: The Two Tow'],ans,1
P364_general_WESTERN_COUNTRIES_514,Avatar: The Last Airbender,"['English', 'en', 'eng', 'English language']",[' The language of origin of Avatar: The Last Airbender is English.\nQ'],ans,1
P364_general_WESTERN_COUNTRIES_516,The Matrix Resurrections,"['English', 'en', 'eng', 'English language']",[' The Matrix Resurrections is written in English.\nQ: I have a question about'],ans,1
P364_general_WESTERN_COUNTRIES_518,Jud Süß,"['German', 'de', 'German language']","[' The language of origin of Jud Süß is German, but it was shot simultaneously in German']",ans,1
P364_general_WESTERN_COUNTRIES_520,The French Dispatch,"['English', 'en', 'eng', 'English language']",[' English.\nQ: What is the language of origin of The French Dispatch?\n'],ans,1
P364_general_WESTERN_COUNTRIES_522,Who Wants to Be a Millionaire?,"['English', 'en', 'eng', 'English language']",[' The original version of Who Wants to Be a Millionaire? was created by David Brig'],ans,0
P364_general_WESTERN_COUNTRIES_524,Halloween,"['English', 'en', 'eng', 'English language']","[' Halloween is a contraction of All Hallows Eve, the night before All']",ans,0
P364_general_WESTERN_COUNTRIES_526,60 Minutes,"['English', 'en', 'eng', 'English language']",[' The language of origin of 60 Minutes is English.\nQ: What is'],ans,1
P364_general_WESTERN_COUNTRIES_528,Hawaii Five-0,"['English', 'en', 'eng', 'English language']",[' Hawaii Five-0 is an American TV series.\nQ: What is the language'],ans,0
P364_general_WESTERN_COUNTRIES_530,Luke Cage,"['English', 'en', 'eng', 'English language']",[' Luke Cage is an American superhero television series created for Netflix by Che'],ans,0
P364_general_WESTERN_COUNTRIES_532,The Muppets,"['English', 'en', 'eng', 'English language']",[' Swedish.\nQ: What is the language of origin of The Muppets?\nA'],ans,0
P364_general_WESTERN_COUNTRIES_534,Star Wars: Episode III – Revenge of the Sith,"['English', 'en', 'eng', 'English language']","[' The language of origin of Star Wars: Episode III – Revenge of the Sith is English, but on']",ans,1
P364_general_WESTERN_COUNTRIES_536,Atlantis: The Lost Empire,"['English', 'Atlantean', 'eng', 'English language', 'en', 'Atlantean language']",[' Atlantis: The Lost Empire was filmed in English.\nQ: I have'],ans,1
P364_general_WESTERN_COUNTRIES_538,Shameless,"['English', 'en', 'eng', 'English language']",[' The language of origin of Shameless is English .\nMore information about Shameless'],ans,1
P364_general_WESTERN_COUNTRIES_540,Transformers: Revenge of the Fallen,"['English', 'en', 'eng', 'English language']",[' Transformers: Revenge of the Fallen is an English movie.\nQ: What is'],ans,1
P364_general_WESTERN_COUNTRIES_542,Sons of Anarchy,"['English', 'en', 'eng', 'English language']",[' The language of origin of Sons of Anarchy is English.\nQ: What is'],ans,1
P364_general_WESTERN_COUNTRIES_544,Good Bye Lenin!,"['German', 'de', 'German language']",[' The language of origin of Good Bye Lenin! is German.\nQ: What'],ans,1
P364_general_WESTERN_COUNTRIES_546,The Amazing Spider-Man 2,"['English', 'en', 'eng', 'English language']","[' The language of origin of The Amazing Spider-Man 2 is English, it was']",ans,1
P364_general_WESTERN_COUNTRIES_548,Get Carter,"['English', 'en', 'eng', 'English language']",[' The language of origin of Get Carter is English.\nQ: What is the language of'],ans,1
P364_general_WESTERN_COUNTRIES_550,The Young and the Restless,"['English', 'en', 'eng', 'English language']",[' The Young and the Restless is an American soap opera.\nQ: What is the'],ans,0
P364_general_WESTERN_COUNTRIES_552,"The Good, the Bad and the Ugly","['it', 'Italiano', 'Italian', 'Italian language']","[' The Good, the Bad and the Ugly is an Italian film.\nQ: What is']",ans,1
P364_general_WESTERN_COUNTRIES_554,Yellowjackets,"['English', 'en', 'eng', 'English language']",[' The language of origin of Yellowjackets is English.\nMore meanings / definitions'],ans,1
P364_general_WESTERN_COUNTRIES_556,Fantastic Beasts and Where to Find Them,"['English', 'en', 'eng', 'English language']",[' The language of origin of Fantastic Beasts and Where to Find Them is English.\nQ'],ans,1
P364_general_WESTERN_COUNTRIES_558,Star Trek: Deep Space Nine,"['English', 'en', 'eng', 'English language']",[' The language of origin of Star Trek: Deep Space Nine is English.\nQ'],ans,1
P364_general_WESTERN_COUNTRIES_560,Titans,"['English', 'en', 'eng', 'English language']",[' The language of origin of Titans is English.\nQ: What is the language of'],ans,1
P364_general_WESTERN_COUNTRIES_562,Terminator 3: Rise of the Machines,"['English', 'en', 'eng', 'English language']",[' English.\nQ: What is the language of origin of The Matrix Reloaded?\nQ: What'],ans,1
P364_general_WESTERN_COUNTRIES_564,The Princess and the Frog,"['English', 'en', 'eng', 'English language']",[' The Princess and the Frog is an English-language film.\nQ: What is'],ans,1
P364_general_WESTERN_COUNTRIES_566,Saving Private Ryan,"['English', 'en', 'eng', 'English language']",[' English.\nQ: What is the language of origin of The Pianist?\n'],ans,1
P364_general_WESTERN_COUNTRIES_568,The Golden Girls,"['English', 'en', 'eng', 'English language']",[' The Golden Girls is an American sitcom.\nQ: What is the language of origin'],ans,0
P364_general_WESTERN_COUNTRIES_570,Pocoyo,"['es', 'Spanish', 'Spanish language', 'Castilian', 'Castilian language', 'Español']",[' Pocoyo is a Spanish-language series.\nQ: What is the age range'],ans,1
P364_general_WESTERN_COUNTRIES_572,Maleficent,"['English', 'en', 'eng', 'English language']",[' Maleficent is an English name.\nQ: How many syllables are in'],ans,1
P364_general_WESTERN_COUNTRIES_574,The Social Network,"['English', 'en', 'eng', 'English language']",[' The Social Network is an English-language film.\nQ: What is the running time'],ans,1
P364_general_WESTERN_COUNTRIES_576,The Revenant,"['English', 'en', 'eng', 'English language']",[' The Revenant is a French word meaning “one who returns after death or a long'],ans,0
P364_general_WESTERN_COUNTRIES_578,The Deer Hunter,"['Russian', 'fra', 'English', 'Russkiy yazyk', 'Russian language', '(fr)', 'French', 'Russkiy', 'fr', 'eng', 'English language', 'en', 'ru', 'French language']",[' The Deer Hunter is an English-language film.\nQ: What are the names'],ans,1
P364_general_WESTERN_COUNTRIES_580,Tagesschau,"['German', 'gsg', 'German Sign Language', 'GSL', 'de', 'Deutsche Gebärdensprache', 'DGS', 'German language']",[' The language of origin of Tagesschau is German.\nQ: What is the'],ans,1
P364_general_WESTERN_COUNTRIES_582,Miami Vice,"['English', 'en', 'eng', 'English language']",[' Miami Vice is an American television series.\nQ: What is the language of origin of'],ans,0
P364_general_WESTERN_COUNTRIES_584,Harry Potter and the Order of the Phoenix,"['English', 'en', 'eng', 'English language']",[' English.\nQ: What is the language of origin of Harry Potter and the Half-'],ans,1
P364_general_WESTERN_COUNTRIES_586,The Dukes of Hazzard,"['English', 'en', 'eng', 'English language']",[' The Dukes of Hazzard is an American television series that aired on CBS'],ans,0
P364_general_WESTERN_COUNTRIES_588,The Good Doctor,"['English', 'en', 'eng', 'English language']",[' The Good Doctor is an American TV series.\nQ: Who created The Good Doctor?'],ans,0
P364_general_WESTERN_COUNTRIES_590,Akeelah and the Bee,"['English', 'en', 'eng', 'English language']",[' English.\nQ: What are the characters in the movie Akeelah and the'],ans,1
P364_general_WESTERN_COUNTRIES_592,Star Trek: Strange New Worlds,"['English', 'en', 'eng', 'English language']",[' The language of origin of Star Trek: Strange New Worlds is English.\nQ'],ans,1
P364_general_WESTERN_COUNTRIES_594,Raya and the Last Dragon,"['English', 'en', 'eng', 'English language']",[' The language of origin of Raya and the Last Dragon is English.\nQ: What'],ans,1
P364_general_WESTERN_COUNTRIES_596,Star Trek III: The Search for Spock,"['English', 'en', 'eng', 'English language']",[' English.\nQ: What is the language of origin of Star Trek IV: The Voy'],ans,1
P364_general_WESTERN_COUNTRIES_598,Snow White and the Seven Dwarfs,"['English', 'en', 'eng', 'English language']",[' German.\nQ: What is the language of origin of Cinderella?\nQ'],ans,0
P364_general_WESTERN_COUNTRIES_600,Mulan,"['English', 'en', 'eng', 'English language']",[' The language of origin of Mulan is Chinese.\nQ: What is the language of'],ans,0
P364_general_WESTERN_COUNTRIES_602,"Stranger Things, season 3","['English', 'en', 'eng', 'English language']","[' The language of origin of Stranger Things, season 3 is English, it was available']",ans,1
P364_general_WESTERN_COUNTRIES_604,Dreamgirls,"['English', 'en', 'eng', 'English language']",[' Dreamgirls is an English term.\nQ: What is the meaning of Dreamg'],ans,1
P364_general_WESTERN_COUNTRIES_606,Perry Mason,"['English', 'en', 'eng', 'English language']",[' The language of origin of Perry Mason is English .\nQ: What is the meaning of'],ans,1
P364_general_WESTERN_COUNTRIES_608,The Queen's Gambit,"['English', 'en', 'eng', 'English language']","["" The Queen's Gambit is an English language play.\nQ: What is""]",ans,1
P364_general_WESTERN_COUNTRIES_610,Fight Club,"['English', 'en', 'eng', 'English language']",[' English.\nQ: What is the language of origin of Fight Club?\nA:'],ans,1
P364_general_WESTERN_COUNTRIES_612,The Little Mermaid,"['English', 'en', 'eng', 'English language']",[' The Little Mermaid is a fairy tale by the Danish author Hans Christian Anders'],ans,0
P364_general_WESTERN_COUNTRIES_614,GoldenEye,"['English', 'en', 'eng', 'English language']","[' The language of origin of GoldenEye is English . Type in your native language, to']",ans,1
P364_general_WESTERN_COUNTRIES_616,Grande Fratello,"['it', 'Italiano', 'Italian', 'Italian language']",[' Grande Fratello is an Italian language name.\nQ: What is the exact meaning'],ans,1
P364_general_WESTERN_COUNTRIES_618,"Game of Thrones, season 2","['English', 'en', 'eng', 'English language']","[' The language of origin of Game of Thrones, season 2 is English, it was']",ans,1
P364_general_WESTERN_COUNTRIES_620,Barton Fink,"['English', 'en', 'eng', 'English language']",[' English.\nQ: What is the language of origin of Barton Fink?\n'],ans,1
P364_general_WESTERN_COUNTRIES_622,Prison Break,"['English', 'en', 'eng', 'English language']",[' Prison Break is an American TV series.\nQ: What is the language of origin'],ans,0
P364_general_WESTERN_COUNTRIES_624,La Dolce Vita,"['English', 'Italiano', 'eng', 'English language', 'Italian language', 'it', 'Italian', 'en']",[' Italian.\nQ: What is the language of origin of La Vie en Rose?\n'],ans,1
P364_general_WESTERN_COUNTRIES_626,Coco,"['es', 'Spanish', 'English', 'Spanish language', 'Castilian', 'eng', 'English language', 'Castilian language', 'Español', 'en']",[' Coco was first spoken in Mexico.\nQ: How many people speak Coco?'],ans,0
P364_general_WESTERN_COUNTRIES_628,Legion,"['English', 'en', 'eng', 'English language']",[' Legion is a language of origin unknown.\nQ: How many alternative languages are spoken'],unk,0
P364_general_WESTERN_COUNTRIES_630,The Master,"['English', 'en', 'eng', 'English language']",[' The Master is a Sanskrit word. It is a title of respect and honor.'],ans,0
P364_general_WESTERN_COUNTRIES_632,PAW Patrol,"['English', 'en', 'eng', 'English language']",[' The language of origin of PAW Patrol is English .\nQ: What is the'],ans,1
P364_general_WESTERN_COUNTRIES_634,Forrest Gump,"['English', 'en', 'eng', 'English language']",[' The language of origin of Forrest Gump is English.\nQ: What is the'],ans,1
P364_general_WESTERN_COUNTRIES_636,Schitt's Creek,"['English', 'en', 'eng', 'English language']","["" The language of origin of Schitt's Creek is English.\nQ: What is""]",ans,1
P364_general_WESTERN_COUNTRIES_638,Star Trek II: The Wrath of Khan,"['English', 'en', 'eng', 'English language']",[' English.\nQ: What is the language of origin of Star Trek III: The Search for Spo'],ans,1
P364_general_WESTERN_COUNTRIES_640,list of James Bond films,"['English', 'en', 'eng', 'English language']",[' The language of origin of list of James Bond films is English.\nQ: What is'],ans,1
P364_general_WESTERN_COUNTRIES_642,Loveless,"['Russian', 'Russkiy yazyk', 'Russian language', 'Russkiy', 'ru']",[' The language of origin of Loveless is English.\nMore meanings of this word and'],ans,0
P364_general_WESTERN_COUNTRIES_644,Sex and the City,"['English', 'en', 'eng', 'English language']","[' The language of origin of Sex and the City is English, it was translated into 2']",ans,1
P364_general_WESTERN_COUNTRIES_646,Rise of the Teenage Mutant Ninja Turtles,"['English', 'en', 'eng', 'English language']","[' The language of origin of Rise of the Teenage Mutant Ninja Turtles is English, it was']",ans,1
P364_general_WESTERN_COUNTRIES_648,Agent Carter,"['English', 'en', 'eng', 'English language']",[' The language of origin of Agent Carter is English.\nQ: What is the meaning of'],ans,1
P364_general_WESTERN_COUNTRIES_650,Eighth Grade,"['English', 'en', 'eng', 'English language']",[': Eighth Grade is an English word. It is used as a noun.</s>'],ans,1
P364_general_WESTERN_COUNTRIES_652,Star Trek: Voyager,"['English', 'en', 'eng', 'English language']",[' English.\nQ: What is the language of origin of Star Trek: Deep Space'],ans,1
P364_general_WESTERN_COUNTRIES_654,Side Hustle,"['English', 'en', 'eng', 'English language']",[' Side Hustle originated in English and is used everywhere.\nQ: I have'],ans,1
P364_general_WESTERN_COUNTRIES_656,Last Week Tonight with John Oliver,"['English', 'en', 'eng', 'English language']",[' The language of origin of Last Week Tonight with John Oliver is English.\nQ:'],ans,1
P364_general_WESTERN_COUNTRIES_658,Bob's Burgers,"['English', 'en', 'eng', 'English language']",[' English.\nQ: What is the language of origin of The Simpsons?\n'],ans,1
P364_general_WESTERN_COUNTRIES_660,La La Land,"['English', 'en', 'eng', 'English language']",[' English.\nQ: What is the language of origin of Moonlight?\nQ:'],ans,1
P364_general_WESTERN_COUNTRIES_662,A Fistful of Dollars,"['English', 'Italiano', 'eng', 'English language', 'Italian language', 'it', 'Italian', 'en']",[' Italian.\nQ: What is the language of origin of For a Few Doll'],ans,1
P364_general_WESTERN_COUNTRIES_664,Star Wars Resistance,"['English', 'en', 'eng', 'English language']",[' The language of origin of Star Wars Resistance is English.\nQ: What is the'],ans,1
P364_general_WESTERN_COUNTRIES_666,The Emperor's New Groove,"['English', 'en', 'eng', 'English language']","["" The Emperor's New Groove is an English-language film.\nQ: What""]",ans,1
P364_general_WESTERN_COUNTRIES_668,King Lear,"['English', 'en', 'eng', 'English language']","["" The language of origin of King Lear is English.\nQ: I'd like to""]",ans,1
P364_general_WESTERN_COUNTRIES_670,Harry Potter and the Chamber of Secrets,"['English', 'en', 'eng', 'English language']",[' English.\nQ: What is the language of origin of Harry Potter and the Prison'],ans,1
P364_general_WESTERN_COUNTRIES_672,Cruella,"['English', 'en', 'eng', 'English language']","[' Cruella is a Latin word meaning ""cruel.""\nQ: What is the']",ans,0
P364_general_WESTERN_COUNTRIES_674,"Tick, Tick... Boom!","['English', 'en', 'eng', 'English language']","[' English.\nQ: What is the duration of Tick, Tick... Boom!']",ans,1
P364_general_WESTERN_COUNTRIES_676,Toy Story 4,"['United States English', 'English (United States)', 'English', 'American English', 'U.S. English', 'en-US', 'US English', 'AmE', 'eng', 'English language', 'en-us', 'en', 'en_us', 'en_US']","[' The language of origin of Toy Story 4 is English, it was available in language English']",ans,1
P364_general_WESTERN_COUNTRIES_678,The Hunger Games: Mockingjay – Part 2,"['English', 'en', 'eng', 'English language']",[' The Hunger Games: Mockingjay – Part 2 is an English movie.\nQ: What is'],ans,1
P364_general_WESTERN_COUNTRIES_680,Godzilla,"['Japanese language', 'Japanese', 'English', 'fra', 'Nihongo', '(fr)', 'jpn', 'French', 'fr', 'ja', 'eng', 'English language', 'jp', 'en', 'French language']","[' The name Godzilla is derived from the Japanese word ""Gojira"" which is']",ans,1
P364_general_WESTERN_COUNTRIES_682,Cowboy Bebop,"['English', 'en', 'eng', 'English language']",[' Japanese.\nQ: What is the language of origin of Samurai Champloo'],ans,0
P364_general_WESTERN_COUNTRIES_684,Emily in Paris,"['English', 'en', 'eng', 'English language']",[' Emily in Paris is a French series.\nQ: Who is the creator of'],ans,0
P364_general_WESTERN_COUNTRIES_686,Batman,"['English', 'en', 'eng', 'English language']",[' English.\nQ: What is the language of origin of Superman?\nQ:'],ans,1
P364_general_WESTERN_COUNTRIES_688,The Passion of the Christ,"['la', 'Latin', 'lat', 'Latin language', 'he', 'Aramaic languages', 'Jewish language', 'Aramaic', 'Ivrit', 'Iwrit', 'Hebrew', 'heb', 'Hebrew language']","[' The language of origin of The Passion of the Christ is English, produced in USA.']",ans,0
P364_general_WESTERN_COUNTRIES_690,Green Lantern,"['English', 'en', 'eng', 'English language']",[' Green Lantern is an English name.\nQ: How many syllables are in'],ans,1
P364_general_WESTERN_COUNTRIES_692,Back to the Future,"['English', 'en', 'eng', 'English language']",[' English.\nQ: What is the language of origin of The Terminator?\n'],ans,1
P364_general_WESTERN_COUNTRIES_694,Indiana Jones and the Last Crusade,"['English', 'en', 'eng', 'English language']",[' English.\nQ: What is the language of origin of Indiana Jones and the Last Cr'],ans,1
P364_general_WESTERN_COUNTRIES_696,Orphan Black,"['English', 'en', 'eng', 'English language']",[' Orphan Black is an English-language show.\nQ: What is the language of'],ans,1
P364_general_WESTERN_COUNTRIES_698,Independence Day,"['English', 'en', 'eng', 'English language']","[' The language of origin of Independence Day is English, also called Modern English.\nQ']",ans,1
P364_general_WESTERN_COUNTRIES_700,It's a Wonderful Life,"['English', 'en', 'eng', 'English language']",[' English.\nQ: What is the language of origin of The Wizard of Oz'],ans,1
P364_general_WESTERN_COUNTRIES_702,Chicago Fire,"['English', 'en', 'eng', 'English language']",[' Chicago Fire is an American TV series.\nQ: Who created Chicago Fire?\nA'],ans,0
P364_general_WESTERN_COUNTRIES_704,Hoodwinked!,"['English', 'en', 'eng', 'English language']",[' English.\nQ: What is the duration of Hoodwinked!?\n'],ans,1
P364_general_WESTERN_COUNTRIES_706,The Sarah Jane Adventures,"['English', 'en', 'eng', 'English language']",[' The Sarah Jane Adventures is an English-language television series.\nQ: What is'],ans,1
P364_general_WESTERN_COUNTRIES_708,Scarface,"['English', 'en', 'eng', 'English language']",[' Scarface is an English word.\nQ: What is the language of origin of'],ans,1
P364_general_WESTERN_COUNTRIES_710,Wings of Desire,"['Istanbul Turkish', 'he', 'Anatolian Turkish', 'Castilian', 'fr', 'Iwrit', 'en', 'German language', 'tur', 'Jewish language', 'German', 'es', 'fra', 'Nihongo', 'Spanish language', 'Turkish of Turkey', 'jp', 'French language', 'Japanese language', 'English', 'tr', 'de', 'French', 'Türkçe', 'ja', 'Turkish', 'Ivrit', 'Turkish language', 'Hebrew', 'heb', 'Japanese', 'Spanish', '(fr)', 'jpn', 'eng', 'English language', 'Castilian language', 'Español', 'Hebrew language']",[' German.\nQ: What is the language of origin of The Lives of Others'],ans,1
P364_general_WESTERN_COUNTRIES_712,The King's Speech,"['English', 'en', 'eng', 'English language']",[' English.\nQ: What is the language of origin of The Social Network?\nQ'],ans,1
P364_general_WESTERN_COUNTRIES_714,Scream,"['English', 'en', 'eng', 'English language']",[' The language of origin of Scream is English.\nQ: I have a dog'],ans,1
P364_general_WESTERN_COUNTRIES_716,The Good Place,"['English', 'en', 'eng', 'English language']",[' The Good Place is an American comedy television series created by Michael Schur.\nQ:'],ans,0
P364_general_WESTERN_COUNTRIES_718,The Tonight Show,"['United States English', 'English (United States)', 'English', 'American English', 'U.S. English', 'en-US', 'US English', 'AmE', 'eng', 'English language', 'en-us', 'en', 'en_us', 'en_US']",[' The Tonight Show is an American late-night talk show currently broadcast from the NBC'],ans,0
P364_general_WESTERN_COUNTRIES_720,Dallas,"['English', 'en', 'eng', 'English language']",[' Dallas is of English origin.\nQ: How many people speak Dallas as their first language'],ans,1
P364_general_WESTERN_COUNTRIES_722,Straight Outta Compton,"['English', 'en', 'eng', 'English language']",[' Straight Outta Compton is an English word.\nQ: What is the language'],ans,1
P364_general_WESTERN_COUNTRIES_724,Good Omens,"['English', 'en', 'eng', 'English language']",[' English.\nQ: What is the language of origin of The Sandman?\nQ'],ans,1
P364_general_WESTERN_COUNTRIES_726,Les Misérables,"['English', 'en', 'eng', 'English language']",[' French.\nQ: What is the language of origin of The Phantom of the Opera'],ans,0
P364_general_WESTERN_COUNTRIES_728,Lone Survivor,"['English', 'en', 'eng', 'English language']",[' Lone Survivor was written in English.\nQ: What other books has L'],ans,1
P364_general_WESTERN_COUNTRIES_730,The Lego Movie,"['English', 'en', 'eng', 'English language']",[' The Lego Movie is an English-language film.\nQ: What is the run'],ans,1
P364_general_WESTERN_COUNTRIES_732,NCIS: Hawaiʻi,"['English', 'en', 'eng', 'English language']",[' Hawaiian\nQ: What is the language of origin of NCIS: Los Angeles?'],ans,0
P364_general_WESTERN_COUNTRIES_734,Monty Python’s Life of Brian,"['English', 'en', 'eng', 'English language']",[' English.\nQ: What is the language of origin of Monty Python’s Life'],ans,1
P364_general_WESTERN_COUNTRIES_736,Only Murders in the Building,"['English', 'en', 'eng', 'English language']",[' English.\nQ: What is the language of origin of The Last Policeman?'],ans,1
P364_general_WESTERN_COUNTRIES_738,Empire,"['English', 'en', 'eng', 'English language']",[' Empire is a Latin word.\nQ: What is the language of origin of the word'],ans,0
P364_general_WESTERN_COUNTRIES_740,Atypical,"['English', 'en', 'eng', 'English language']",[' Atypical is an English word. It is used worldwide.\nQ: What'],ans,1
P364_general_WESTERN_COUNTRIES_742,Oobi,"['English', 'en', 'eng', 'English language']",[' Oobi is a language that was created by the Oobi people.\nQ: What'],ans,0
P364_general_WESTERN_COUNTRIES_744,Shark Tank,"['English', 'en', 'eng', 'English language']",[' The language of origin of Shark Tank is English.\nQ: What is the'],ans,1
P364_general_WESTERN_COUNTRIES_746,BoJack Horseman,"['English', 'en', 'eng', 'English language']",[' The language of origin of BoJack Horseman is English.\nQ: What is'],ans,1
P364_general_WESTERN_COUNTRIES_748,Drive,"['English', 'en', 'eng', 'English language']",[' Drive was originally written in English (United States).\nQ: How to cite'],ans,1
P364_general_WESTERN_COUNTRIES_750,There Will Be Blood,"['English', 'en', 'eng', 'English language']",[' English.\nQ: What is the language of origin of The Assassination of J'],ans,1
P364_general_WESTERN_COUNTRIES_752,Colony,"['English', 'en', 'eng', 'English language']",[' The language of origin of Colony is English.\nQ: I have no idea about'],ans,1
P364_general_WESTERN_COUNTRIES_754,Hairspray,"['English', 'en', 'eng', 'English language']",[' Hairspray is an American musical based on the 1988 John W'],ans,0
P364_general_WESTERN_COUNTRIES_756,The Great Global Warming Swindle,"['English', 'en', 'eng', 'English language']",[' The Great Global Warming Swindle is an English documentary.\nQ: Who'],ans,1
P364_general_WESTERN_COUNTRIES_758,Lost in Translation,"['German language', 'German', 'Japanese language', 'Japanese', 'English', 'fra', 'Nihongo', '(fr)', 'de', 'jpn', 'French', 'fr', 'ja', 'eng', 'English language', 'jp', 'en', 'French language']","[' The language of origin of Lost in Translation is English, and was first performed in ']",ans,1
P364_general_WESTERN_COUNTRIES_760,Castle Rock,"['English', 'en', 'eng', 'English language']",[' Castle Rock is an English name.\nQ: How many people in the U.S'],ans,1
P364_general_WESTERN_COUNTRIES_762,Goodbye to Language,"['fra', '(fr)', 'French', 'fr', 'French language']",[' The language of origin is French.\nQ: What is the language of the subtit'],ans,1
P364_general_WESTERN_COUNTRIES_764,Les Visiteurs,"['fra', '(fr)', 'French', 'fr', 'French language']",[' French.\nQ: What is the language of origin of The Visitors?\nA'],ans,1
P364_general_WESTERN_COUNTRIES_766,Knots Landing,"['English', 'en', 'eng', 'English language']",[' Knots Landing is an English name.\nQ: How many people speak K'],unk,1
P364_general_WESTERN_COUNTRIES_768,Locke & Key,"['English', 'en', 'eng', 'English language']",[' English.\nQ: What is the language of origin of Locke & Key?\n'],ans,1
P364_general_WESTERN_COUNTRIES_770,Judging Amy,"['English', 'en', 'eng', 'English language']",[' The language of origin of Judging Amy is English.\nQ: What is the language'],ans,1
P364_general_WESTERN_COUNTRIES_772,Chuck,"['English', 'en', 'eng', 'English language']",[' The language of origin of Chuck is English.\nMore meanings of this word and'],ans,1
P364_general_WESTERN_COUNTRIES_774,Master of None,"['English', 'en', 'eng', 'English language']","[' Master of None is an American comedy-drama web television series, which premiered on']",ans,0
P364_general_WESTERN_COUNTRIES_776,Star Wars: Episode II – Attack of the Clones,"['English', 'en', 'eng', 'English language']","[' The language of origin of Star Wars: Episode II – Attack of the Clones is English, it was']",ans,1
P364_general_WESTERN_COUNTRIES_778,The Room,"['English', 'en', 'eng', 'English language']",[' The Room is a game that was originally released in English.\nQ: What if I'],ans,1
P364_general_WESTERN_COUNTRIES_780,The Post,"['English', 'en', 'eng', 'English language']",[' The Post is an English-language film.\nQ: What is the runtime of The'],ans,1
P364_general_WESTERN_COUNTRIES_782,Finding Nemo,"['English', 'en', 'eng', 'English language']",[' English.\nQ: What is the language of origin of The Incredibles?\n'],ans,1
P364_general_WESTERN_COUNTRIES_784,91st Academy Awards,"['English', 'en', 'eng', 'English language']",[' The language of origin of 91st Academy Awards is English .\nQ: What'],ans,1
P364_general_WESTERN_COUNTRIES_786,Ready Player One,"['English', 'en', 'eng', 'English language']",[' English.\nQ: What is the language of origin of The Martian?\nQ'],ans,1
P364_general_WESTERN_COUNTRIES_788,G.I. Joe: The Rise of Cobra,"['English', 'en', 'eng', 'English language']",[' English is the language of origin of G.I. Joe: The Rise of Cobra. Additional'],ans,1
P364_general_WESTERN_COUNTRIES_790,"The Walking Dead, season 11","['English', 'en', 'eng', 'English language']","[' The Walking Dead, season 11 is an American TV series.\nQ: What']",ans,0
P364_general_WESTERN_COUNTRIES_792,Lovecraft Country,"['English', 'en', 'eng', 'English language']",[' Lovecraft Country is a term coined by the author H.P. Lovecraft to'],ans,0
P364_general_WESTERN_COUNTRIES_794,Close Encounters of the Third Kind,"['English', 'en', 'eng', 'English language']",[' English.\nQ: What is the language of origin of The Godfather?\nQ'],ans,1
P364_general_WESTERN_COUNTRIES_796,Mean Girls,"['English', 'en', 'eng', 'English language']",[' Mean Girls is an English originated movie.\nQ: Who of the following is the'],ans,1
P364_general_WESTERN_COUNTRIES_798,Halloween Ends,"['English', 'en', 'eng', 'English language']",[' Halloween Ends is written in English.\nQ: What is the author of'],ans,1
P364_general_WESTERN_COUNTRIES_800,X-Men: Apocalypse,"['Russkiy yazyk', 'en', 'Arabic', 'German language', 'German', 'pl', 'Russkiy', 'Polish', 'Arabian language', 'ru', 'ar', 'Polski', 'English', 'Russian language', 'de', 'Arabic language', 'Russian', 'eng', 'English language', 'Polish language']",[' English\nQ: What is the duration of X-Men: Apocalypse?'],ans,1
P364_general_WESTERN_COUNTRIES_802,Bones,"['English', 'en', 'eng', 'English language']",[' Bones is a language of origin of Bones language.\nQ: How many people'],ans,0
P364_general_WESTERN_COUNTRIES_804,WWE Tough Enough,"['English', 'en', 'eng', 'English language']",[' WWE Tough Enough is an English TV series.\nQ: Who of the'],ans,1
P364_general_WESTERN_COUNTRIES_806,Rocko's Modern Life,"['United States English', 'English (United States)', 'English', 'American English', 'U.S. English', 'en-US', 'US English', 'AmE', 'eng', 'English language', 'en-us', 'en', 'en_us', 'en_US']","["" Rocko's Modern Life is an American animated television series created by Joe Murray.\n""]",ans,0
P364_general_WESTERN_COUNTRIES_808,Dynasty,"['English', 'en', 'eng', 'English language']",[' The language of origin of Dynasty is English.\nQ: What is the gender'],ans,1
P364_general_WESTERN_COUNTRIES_810,Skins,"['English', 'en', 'eng', 'English language']",[' Skins is an English-language show.\nQ: What is the language of origin'],ans,1
P364_general_WESTERN_COUNTRIES_812,Contagion,"['English', 'en', 'eng', 'English language']",[' Contagion is a Latin word.\nQ: What is the meaning of Contag'],ans,0
P364_general_WESTERN_COUNTRIES_814,Chicago P.D.,"['English', 'en', 'eng', 'English language']",[' Chicago P.D. is an American TV series.\nQ: What is the language'],ans,0
P364_general_WESTERN_COUNTRIES_816,"The Walking Dead, season 9","['English', 'en', 'eng', 'English language']","[' The Walking Dead, season 9 is an American TV series.\nQ: What']",ans,0
P364_general_WESTERN_COUNTRIES_818,Cuties,"['fra', '(fr)', 'French', 'fr', 'French language']",[' Cuties is a word of English origin.\nQ: How many syllables'],ans,0
P364_general_WESTERN_COUNTRIES_820,Independence Day: Resurgence,"['English', 'en', 'eng', 'English language']",[' Independence Day: Resurgence is an English movie.\nQ: Who is the'],ans,1
P364_general_WESTERN_COUNTRIES_822,The Artist,"['English', 'en', 'eng', 'English language']",[' The Artist is a French film.\nQ: What is the language of origin of'],ans,0
P364_general_WESTERN_COUNTRIES_824,The Hunger Games: Catching Fire,"['English', 'en', 'eng', 'English language']",[' The Hunger Games: Catching Fire is an English movie.\nQ: What is'],ans,1
P364_general_WESTERN_COUNTRIES_826,Star Trek V: The Final Frontier,"['English', 'en', 'eng', 'English language']",[' English.\nQ: What is the language of origin of Star Trek VI: The Und'],ans,1
P364_general_WESTERN_COUNTRIES_828,The Royal Tenenbaums,"['English', 'en', 'eng', 'English language']",[' The Royal Tenenbaums is an American film.\nQ: What is the duration'],ans,0
P364_general_WESTERN_COUNTRIES_830,The Interview,"['ko', 'English', 'Korean language', 'Korean', 'eng', 'English language', 'en']",[' The Interview is a Korean movie.\nQ: What is the duration of The Inter'],ans,1
P364_general_WESTERN_COUNTRIES_832,Detective Pikachu,"['English', 'en', 'eng', 'English language']","[' The language of origin of Detective Pikachu is English, but it was']",ans,1
P364_general_WESTERN_COUNTRIES_834,Dallas Buyers Club,"['English', 'en', 'eng', 'English language']","[' The language of origin of Dallas Buyers Club is English, it was available in dub']",ans,1
P364_general_WESTERN_COUNTRIES_836,Toy Story 2,"['English', 'en', 'eng', 'English language']","[' The language of origin of Toy Story 2 is English, it was made in USA.']",ans,1
P364_general_WESTERN_COUNTRIES_838,Transformers,"['English', 'en', 'eng', 'English language']",[' The language of origin of Transformers is English.\nQ: What is the language'],ans,1
P364_general_WESTERN_COUNTRIES_840,Don't Look Now,"['English', 'Italiano', 'eng', 'English language', 'Italian language', 'it', 'Italian', 'en']","["" Don't Look Now is an English-language film.\nQ: What are the""]",ans,1
P364_general_WESTERN_COUNTRIES_842,Sleeping Beauty,"['English', 'en', 'eng', 'English language']",[' The story of Sleeping Beauty is a classic fairy tale that has been told'],ans,0
P364_general_WESTERN_COUNTRIES_844,The Croods,"['English', 'en', 'eng', 'English language']",[' The Croods is an English movie.\nQ: What is the year of release of'],ans,1
P364_general_WESTERN_COUNTRIES_846,The Imitation Game,"['English', 'en', 'eng', 'English language']",[' The Imitation Game is an English movie.\nQ: Who is the director of The'],ans,1
P364_general_WESTERN_COUNTRIES_848,Animal House,"['English', 'en', 'eng', 'English language']",[' The language of origin of Animal House is English.\nQ: What is the language of'],ans,1
P364_general_WESTERN_COUNTRIES_850,Ratatouille,"['fra', 'English', '(fr)', 'French', 'fr', 'eng', 'English language', 'en', 'French language']",[' French.\nQ: What is the name of the main character in Ratatouille'],ans,1
P364_general_WESTERN_COUNTRIES_852,Teenage Mutant Ninja Turtles,"['English', 'en', 'eng', 'English language']",[' The language of origin of Teenage Mutant Ninja Turtles is English.\nQ'],ans,1
P364_general_WESTERN_COUNTRIES_854,Will & Grace,"['English', 'en', 'eng', 'English language']",[' The language of origin of Will & Grace is English.\nQ: What is the language'],ans,1
P364_general_WESTERN_COUNTRIES_856,CSI: Miami,"['English', 'en', 'eng', 'English language']",[' CSI: Miami is an American TV series.\nQ: What is the language of'],ans,0
P364_general_WESTERN_COUNTRIES_858,Silence,"['la', 'Latin', 'Japanese language', 'Japanese', 'English', 'lat', 'Latin language', 'Nihongo', 'jpn', 'ja', 'eng', 'English language', 'jp', 'en']",[' Silence is a Japanese film.\nQ: What is the language of origin of The'],ans,1
P364_general_WESTERN_COUNTRIES_860,Horrible Bosses,"['English', 'en', 'eng', 'English language']","[' The language of origin of Horrible Bosses is English, it was published in country']",ans,1
P364_general_WESTERN_COUNTRIES_862,The Powerpuff Girls,"['United States English', 'English (United States)', 'English', 'American English', 'U.S. English', 'en-US', 'US English', 'AmE', 'eng', 'English language', 'en-us', 'en', 'en_us', 'en_US']",[' The Powerpuff Girls is an American animated television series created by animator Craig McCra'],ans,0
P364_general_WESTERN_COUNTRIES_864,Saving Mr. Banks,"['English', 'en', 'eng', 'English language']",[' English.\nQ: What is the duration of Saving Mr. Banks?\n'],ans,1
P364_general_WESTERN_COUNTRIES_866,Caché,"['fra', '(fr)', 'French', 'fr', 'French language']",[' Caché is a dialect of MUMPS.\nQ: What is M'],ans,0
P364_general_WESTERN_COUNTRIES_868,The Middle,"['English', 'en', 'eng', 'English language']",[' The Middle is an English name. It is used mostly in English speaking countries but also in'],ans,1
P364_general_WESTERN_COUNTRIES_870,Superstore,"['English', 'en', 'eng', 'English language']",[' Superstore was first invented in English.\nQ: How many syllables are'],ans,1
P364_general_WESTERN_COUNTRIES_872,"South Park: Bigger, Longer & Uncut","['English', 'en', 'eng', 'English language']","[' The language of origin of South Park: Bigger, Longer & Uncut is English, it was']",ans,1
P364_general_WESTERN_COUNTRIES_874,The Hurt Locker,"['English', 'en', 'eng', 'English language']",[' The Hurt Locker is an English movie.\nQ: What is the year of'],ans,1
P364_general_WESTERN_COUNTRIES_876,American Sniper,"['en', 'English', 'Arabian language', 'English language', 'eng', 'ar', 'Arabic language', 'Arabic']",[' American Sniper is an English movie.\nQ: Who is the director of American'],ans,1
P364_general_WESTERN_COUNTRIES_878,Alpha and Omega,"['English', 'en', 'eng', 'English language']","["" The language of origin of Alpha and Omega is English.\nQ: I'""]",ans,1
P364_general_WESTERN_COUNTRIES_880,Gotham,"['English', 'en', 'eng', 'English language']","[' Gotham is a village in Nottinghamshire, England. It is said that the']",ans,0
P364_general_WESTERN_COUNTRIES_882,Greed,"['English', 'en', 'eng', 'English language']",[' The language of origin of Greed is English.\nMore meanings / definitions of Gre'],ans,1
P364_general_WESTERN_COUNTRIES_884,Last Man Standing,"['English', 'en', 'eng', 'English language']",[' Last Man Standing is an American sitcom that airs on ABC.\nQ:'],ans,0
P364_general_WESTERN_COUNTRIES_886,The Good Dinosaur,"['English', 'en', 'eng', 'English language']",[' The Good Dinosaur is an American film.\nQ: What is the year of'],ans,0
P364_general_WESTERN_COUNTRIES_888,Mare of Easttown,"['English', 'en', 'eng', 'English language']",[' Mare of Easttown is an English name with Latin origins.\nQ: How popular'],ans,1
P364_general_WESTERN_COUNTRIES_890,It's Pony,"['English', 'en', 'eng', 'English language']","["" It's Pony is an English name with origin from the English language.\nQ""]",ans,1
P364_general_WESTERN_COUNTRIES_892,Evita,"['English', 'en', 'eng', 'English language']",[' Evita is an Italian name.\nQ: How many syllables are in the'],ans,0
P364_general_WESTERN_COUNTRIES_894,A Clockwork Orange,"['English', 'en', 'eng', 'English language']",[' The language of origin of A Clockwork Orange is English.\nQ: What is'],ans,1
P364_general_WESTERN_COUNTRIES_896,Sex Education,"['English', 'en', 'eng', 'English language']","["" The language of origin of Sex Education is English .\nQ: I'd like to""]",ans,1
P364_general_WESTERN_COUNTRIES_898,Puss in Boots,"['English', 'en', 'eng', 'English language']",[' The story of Puss in Boots is a French fairy tale.\nQ:'],ans,0
P364_general_WESTERN_COUNTRIES_900,"Beverly Hills, 90210","['English', 'en', 'eng', 'English language']","[' English.\nQ: What is the language of origin of the word ""sushi""?\nA']",ans,1
P364_general_WESTERN_COUNTRIES_902,Tender Mercies,"['English', 'en', 'eng', 'English language']",[' The language of origin of Tender Mercies is English.\nMore interesting information on T'],ans,1
P364_general_WESTERN_COUNTRIES_904,The Disaster Artist,"['English', 'en', 'eng', 'English language']",[' The Disaster Artist is written in English.\nQ: How to cite The'],ans,1
P364_general_WESTERN_COUNTRIES_906,Resident Evil: Afterlife,"['English', 'en', 'eng', 'English language']","[' The language of origin of Resident Evil: Afterlife is English, it was available']",ans,1
P364_general_WESTERN_COUNTRIES_908,The Fate of the Furious,"['English', 'en', 'eng', 'English language']",[' The Fate of the Furious is an English movie.\nQ: What is the'],ans,1
P364_general_WESTERN_COUNTRIES_910,Shaun of the Dead,"['English', 'en', 'eng', 'English language']",[' English.\nQ: What is the language of origin of Hot Fuzz?\nQ'],ans,1
P364_general_WESTERN_COUNTRIES_912,The Hateful Eight,"['es', 'fra', 'Spanish', 'English', '(fr)', 'Spanish language', 'French', 'Castilian', 'fr', 'eng', 'English language', 'Castilian language', 'Español', 'en', 'French language']",[' The Hateful Eight is written in English.\nQ: I have yet to find'],ans,1
P364_general_WESTERN_COUNTRIES_914,Sunshine,"['English', 'en', 'eng', 'English language']",[' Sunshine is a word of English origin. It is used in the context of a'],ans,1
P364_general_WESTERN_COUNTRIES_916,The Big Lebowski,"['he', 'Castilian', 'Iwrit', 'en', 'German language', 'Jewish language', 'German', 'es', 'Spanish language', 'English', 'de', 'Ivrit', 'Hebrew', 'heb', 'Spanish', 'eng', 'English language', 'Castilian language', 'Español', 'Hebrew language']",[' The Big Lebowski is an American film.\nQ: What is the duration of The'],ans,0
P364_general_WESTERN_COUNTRIES_918,Born on the Fourth of July,"['English', 'en', 'eng', 'English language']",[' Born on the Fourth of July was written in English.\nQ: How to pron'],ans,1
P364_general_WESTERN_COUNTRIES_920,Despicable Me 2,"['English', 'en', 'eng', 'English language']","[' The language of origin of Despicable Me 2 is English, it was available in']",ans,1
P364_general_WESTERN_COUNTRIES_922,Don 2,"['hi', 'Hindi', 'Hindi language', 'Modern Standard Hindi']",[' The language of origin of Don 2 is Hindi.\nQ: What is the'],ans,1
P364_general_WESTERN_COUNTRIES_924,Dexter,"['English', 'en', 'eng', 'English language']",[' Dexter is an English name.\nQ: How many syllables are in'],ans,1
P364_general_WESTERN_COUNTRIES_926,Die Hard,"['English', 'en', 'eng', 'English language']","[' The language of origin of Die Hard is English, it was first published in United States and']",ans,1
P364_general_WESTERN_COUNTRIES_928,Life of Pi,"['ta', 'Japanese language', 'Tamil language', 'Japanese', 'English', 'fra', 'Nihongo', '(fr)', 'jpn', 'French', 'Tamil', 'fr', 'ja', 'eng', 'English language', 'jp', 'en', 'French language']",[' Life of Pi is written in English.\nQ: How to pronounce Life of Pi'],ans,1
P364_general_WESTERN_COUNTRIES_930,The Morning Show,"['English', 'en', 'eng', 'English language']",[' The Morning Show is an English-language show.\nQ: What is the name'],ans,1
P364_general_WESTERN_COUNTRIES_932,Elite,"['es', 'Spanish', 'Spanish language', 'Castilian', 'Castilian language', 'Español']",[' Elite was written in 6502 assembler.\nQ: What is'],ans,0
P364_general_WESTERN_COUNTRIES_934,"Love, Victor","['English', 'en', 'eng', 'English language']","[' Love, Victor is written in English.\nQ: What is the genre of Love,']",ans,1
P364_general_WESTERN_COUNTRIES_936,Fawlty Towers,"['English', 'en', 'eng', 'English language']",[' English.\nQ: What is the language of origin of The Office?\nQ:'],ans,1
P364_general_WESTERN_COUNTRIES_938,Dear Evan Hansen,"['English', 'en', 'eng', 'English language']",[' Dear Evan Hansen is written in English.\nQ: What is the author'],ans,1
P364_general_WESTERN_COUNTRIES_940,The Ellen DeGeneres Show,"['English', 'en', 'eng', 'English language']",[' English.\nQ: What is the language of origin of The Ellen DeGeneres Show'],ans,1
P364_general_WESTERN_COUNTRIES_942,Princess Gwenevere and the Jewel Riders,"['English', 'en', 'eng', 'English language']","[' Princess Gwenevere and the Jewel Riders is an American animated series, produced by Bohbot']",ans,0
P364_general_WESTERN_COUNTRIES_944,Super Mario Bros.,"['English', 'en', 'eng', 'English language']",[' Japanese.\nQ: What is the language of origin of Super Mario Bros. '],ans,0
P364_general_WESTERN_COUNTRIES_946,Life on Mars,"['English', 'en', 'eng', 'English language']",[' The language of origin of Life on Mars is English . The origin of Life on Mars is'],ans,1
P364_general_WESTERN_COUNTRIES_948,Scream 4,"['English', 'en', 'eng', 'English language']",[': English\nQ: What is the language of origin of Scream 4?</s>'],ans,0
P364_general_WESTERN_COUNTRIES_950,The Great,"['English', 'en', 'eng', 'English language']",[' The Great is an English-language production.\nQ: What is the language of origin'],ans,1
P364_general_WESTERN_COUNTRIES_952,Sesame Street,"['English', 'en', 'eng', 'English language']","["" Sesame Street is an American children's television series on public television created by Joan G""]",ans,0
P364_general_WESTERN_COUNTRIES_954,The Commitments,"['English', 'en', 'eng', 'English language']",[' English.\nQ: What is the language of origin of The Commitments?\n'],ans,1
P364_general_WESTERN_COUNTRIES_956,Elle,"['fra', '(fr)', 'French', 'fr', 'French language']",[' Elle is of French origin.\nQ: How many syllables are in the name'],ans,1
P364_general_WESTERN_COUNTRIES_958,Cars,"['English', 'en', 'eng', 'English language']",[' Cars is an English name with Latin origins.\nQ: How popular is the'],ans,1
P364_general_WESTERN_COUNTRIES_960,Bonanza,"['English', 'en', 'eng', 'English language']",[' The language of origin of Bonanza is English.\nQ: What is the meaning of'],ans,1
P364_general_WESTERN_COUNTRIES_962,Last of the Summer Wine,"['English', 'en', 'eng', 'English language']",[' The language of origin of Last of the Summer Wine is English.\nQ: What'],ans,1
P364_general_WESTERN_COUNTRIES_964,Ted Lasso,"['en_gb', 'en_GB', 'en', 'US English', 'en-GB', 'United States English', 'American English', 'U.S. English', 'en-us', 'UK English', 'en-gb', 'English', 'United Kingdom English', 'British English', 'en_us', 'BrE', 'en_US', 'English (United States)', 'en-US', 'AmE', 'eng', 'English language', 'English (United Kingdom)']",[' The language of origin of Ted Lasso is English.\nQ: What is the language'],ans,1
P364_general_WESTERN_COUNTRIES_966,Hercules,"['English', 'en', 'eng', 'English language']",[' The language of origin of Hercules is English.\nQ: What is the gender of'],ans,1
P364_general_WESTERN_COUNTRIES_968,The Princess of Montpensier,"['fra', '(fr)', 'French', 'fr', 'French language']",[' The Princess of Montpensier is a French film.\nQ: What is the'],ans,1
P364_general_WESTERN_COUNTRIES_970,Never Have I Ever,"['English', 'en', 'eng', 'English language']",[' The language of origin of Never Have I Ever is English.\nQ: What is the'],ans,1
P364_general_WESTERN_COUNTRIES_972,Batwoman,"['English', 'en', 'eng', 'English language']",[' English.\nQ: What is the language of origin of Batman?\nQ:'],ans,1
P364_general_WESTERN_COUNTRIES_974,Teenage Mutant Ninja Turtles,"['English', 'en', 'eng', 'English language']",[' The language of origin of Teenage Mutant Ninja Turtles is English.\nQ'],ans,1
P364_general_WESTERN_COUNTRIES_976,Iron Fist,"['English', 'en', 'eng', 'English language']","["" The language of origin of Iron Fist is English .\nQ: I'd like""]",ans,1
P364_general_WESTERN_COUNTRIES_978,Veep,"['English', 'en', 'eng', 'English language']",[' Veep is an English originated Language.\nQ: How many Alternative Names are'],ans,1
P364_general_WESTERN_COUNTRIES_980,Leatherface,"['English', 'en', 'eng', 'English language']",[' Leatherface is a word of English origin.\nQ: How many syllables'],ans,1
P364_general_WESTERN_COUNTRIES_982,The Lord of the Rings: The Fellowship of the Ring,"['English', 'en', 'eng', 'English language']",[' English.\nQ: What is the language of origin of The Lord of the Rings: The Two Towers'],ans,1
P364_general_WESTERN_COUNTRIES_984,Moulin Rouge!,"['English', 'en', 'eng', 'English language']","[' The language of origin of Moulin Rouge! is English, it was available in dub']",ans,1
P364_general_WESTERN_COUNTRIES_986,The Loud House,"['English', 'en', 'eng', 'English language']",[' The Loud House is an American animated television series created by Chris Savino for Nickel'],ans,0
P364_general_WESTERN_COUNTRIES_988,Mission: Impossible,"['English', 'en', 'eng', 'English language']","[' The language of origin of Mission: Impossible is English, it was first published in the']",ans,1
P364_general_WESTERN_COUNTRIES_990,Cosmos: A Spacetime Odyssey,"['English', 'en', 'eng', 'English language']",[' The language of origin of Cosmos: A Spacetime Odyssey is English.\nQ'],ans,1
P364_general_WESTERN_COUNTRIES_992,12 Years a Slave,"['English', 'en', 'eng', 'English language']",[' English.\nQ: What is the language of origin of The Great Gatsby?'],ans,1
P364_general_WESTERN_COUNTRIES_994,Terra Nova,"['English', 'en', 'eng', 'English language']","[' Terra Nova is a Latin phrase meaning ""new land"".\nQ: What is the language']",ans,0
P364_general_WESTERN_COUNTRIES_996,Transformers: Prime,"['English', 'en', 'eng', 'English language']",[' English.\nQ: What is the language of origin of Transformers: Prime?'],ans,1
P364_general_WESTERN_COUNTRIES_998,For Your Eyes Only,"['English', 'en', 'eng', 'English language']",[' English.\nQ: What is the language of origin of The Spy Who Loved'],ans,1
