﻿uuid,sub_label,obj_label,choices,ans_type,acc
P36_general_ARAB_REGION_0,Yemen,"['Aden', 'Ṣanʻāʼ', 'Ṣanʿāʾ', ""San'a'"", 'Sana', 'Sanaa']","["" Sana'a.\nQ: What is the capital of Zimbabwe?\nA""]",ans,1
P36_general_ARAB_REGION_1,Iraq,"['Baghdād', 'Baghdad', 'Bagdad']",[' Baghdad.\nQ: What is the capital of Afghanistan?\nA: Kabul'],ans,1
P36_general_ARAB_REGION_2,Morocco,['Rabat'],[' Rabat.\nQ: What is the capital of the United Arab Emirates?\nA'],ans,1
P36_general_ARAB_REGION_3,Saudi Arabia,"['Reyadh', 'Riyadh']",[' Riyadh.\nQ: What is the capital of the United Arab Emirates?'],ans,1
P36_general_ARAB_REGION_4,Kuwait,"['Kuwait City', 'al-Kuwait', 'Al Kuwait', 'Kuwait']",[' Kuwait City.\nQ: What is the capital of the United Arab Emirates?'],ans_check,1
P36_general_ARAB_REGION_5,Tunisia,['Tunis'],[' Tunis.\nQ: What is the capital of the United Arab Emirates?\nA'],ans,1
P36_general_ARAB_REGION_6,Egypt,"['Cairo, Egypt', 'Cairo']",[' Cairo.\nQ: What is the capital of Italy?\nA: Rome.\nQ'],ans,1
P36_general_ARAB_REGION_7,Jordan,['Amman'],[' Amman.\nQ: What is the capital of Egypt?\nA: Cairo.\n'],ans,1
P36_general_ARAB_REGION_8,Algeria,['Algiers'],[' Algiers\nQ: What is the capital of Angola?\nA: Luanda\n'],ans,1
P36_general_ARAB_REGION_9,Oman,"['Muscat', 'Muskat']",[' Muscat.\nQ: What is the capital of the United Arab Emirates?\nA'],ans,1
P36_general_ARAB_REGION_10,Qatar,['Doha'],[' Doha.\nQ: What is the capital of Kuwait?\nA: K'],ans,1
P36_general_ARAB_REGION_11,Lebanon,"['Beyrout', 'Beirut']",[' Beirut.\nQ: What is the capital of France?\nA: Paris.\n'],ans,1
P36_general_ARAB_REGION_12,United Arab Emirates,"['Abū Dhabi', 'Abu Dhabi', 'Abudhabi']",[' The capital of United Arab Emirates is Abu Dhabi.\nQ: What is'],ans,1
P36_general_ARAB_REGION_13,Somalia,"['Xamar', 'The Seat of the Shah', 'Maqadīshū', 'Hamar', 'Mogadishu']",[' Mogadishu\nQ: What is the capital of the United States?\nA:'],ans,1
P36_general_ARAB_REGION_14,Libya,"['Tripoli', 'Tarabulus']","[' Carthage.\nQ: What is the capital of Wisconsin?\nA: Oh, je']",ans,0
P36_general_ARAB_REGION_15,Bahrain,['Manama'],[' Manama\nQ: What is the capital of Bangladesh?\nA: Dhaka'],ans,1
P36_general_ARAB_REGION_16,Syria,"['Sham city', 'Damascus', 'Jasmine city']",[' Syria.\nQ: What is the capital of Iraq?\nA: Iraq.'],ans,0
P36_general_ARAB_REGION_17,State of Palestine,"['Ramallah', 'Aelia Capitolina', 'Al-Quds', ""J'lem"", 'Yerushalayim', 'Jerusalem']",[' The capital of State of Palestine is Ramallah.\nQ: What is the currency of'],ans,1
P36_general_ARAB_REGION_18,Sudan,['Khartoum'],[' Khartoum.\nQ: What is the capital of South Sudan?\nA:'],ans,1
P36_general_ARAB_REGION_19,Djibouti,"['Djibouti', 'Djibouti (city)', 'Djibouti City']",[' Djibouti City.\nQ: What is the capital of the Dominican Republic?\n'],ans_check,1
P36_general_ARAB_REGION_20,Mauritania,"['Nouakchott', 'Capital of Mauritania', 'Nawakshut', 'Nawākshūṭ', 'Noukchott', 'Nouakchot', 'Nuwākshūṭ', 'Nouakchott, Mauritania']",[' Nouakchott\nQ: What is the capital of the Republic of the Congo?\n'],ans,1
P36_general_ARAB_REGION_21,Comoros,"['Moroni', 'Moroni, Comoros']",[' Moroni\nQ: What is the capital of the Republic of the Congo?\nA: Bra'],ans,1
