﻿uuid,sub_label,obj_label,choices,ans_type,acc
P36_general_WESTERN_COUNTRIES_0,Switzerland,"['Berne', 'Berna', 'Bern', 'city of Bern']",[' Geneva.\nQ: What is the capital of Canada?\nA: Ottawa'],ans,0
P36_general_WESTERN_COUNTRIES_1,Italy,"['The Eternal City', 'Rome, Italy', 'Roma', 'Rome', 'City of Seven Hills']",[' Rome.\nQ: What is the capital of Germany?\nA: Germany.\n'],ans,1
P36_general_WESTERN_COUNTRIES_2,France,"['Paris', 'City of Love', 'Lutetia', 'City of Light']",[' Paris.\nQ: What is the capital of Italy?\nA: Rome.\n'],ans,1
P36_general_WESTERN_COUNTRIES_3,Canada,"['Ottawa, ON', 'City of Ottawa', 'Bytown', 'Ottawa, Ontario', 'Ottawa']",[' Ottawa.\nQ: What is the capital of Ontario?\nA: Toronto.'],ans,1
P36_general_WESTERN_COUNTRIES_4,United Kingdom,"['Loñ', 'London UK', 'Greater London', 'Augusta', 'Trinovantum', 'London, UK', 'Londiniensium', 'Londinio', 'Londinium', 'Karelundein', 'Llan Dian', 'Lond.', 'London, England', 'Llyn Dain', 'the Big Smoke', 'Londinion', 'Big Smoke', 'Lon.', 'London, United Kingdom', 'Loniniensi', 'Londini', 'Lundenwic', 'London', 'London U.K.', 'Loñ.', 'Lunden', 'Lundenburgh', 'Lundenburh', 'Kaerlud']",[' London is the capital of United Kingdom.\nQ: What is the currency of United Kingdom'],ans,1
P36_general_WESTERN_COUNTRIES_5,Spain,"['Madrid', 'Madrid, Spain']",[' Madrid.\nQ: What is the capital of France?\nA: Paris.\n'],ans,1
P36_general_WESTERN_COUNTRIES_6,United States of America,"['Washington D.C.', 'DC', 'Washington, District of Columbia', 'The District', 'Washington, D.C., U.S.', 'Washington, D.C.', 'Washington, D. C.', 'Washington DC', 'District of Columbia', 'Washington, DC', 'D.C.', 'Washington', 'US-DC']","[' Washington, D.C.\nQ: What is the capital of Canada?\nA']",opt,1
P36_general_WESTERN_COUNTRIES_7,Portugal,"['Lisbon', 'Lisboa']",[' Lisbon.\nQ: What is the capital of Italy?\nA: Rome.'],ans,1
P36_general_WESTERN_COUNTRIES_8,Germany,"['DE-BE', 'Berlin', 'Berlin (Germany)', 'Berlin, Germany']",[' Berlin.\nQ: What is the capital of Italy?\nA: Rome.\n'],ans,1
P36_general_WESTERN_COUNTRIES_9,Austria,"['Vienna', 'W', 'Vienna, Austria', 'Wien']",[' Vienna.\nQ: What is the capital of Australia?\nA: Sydney.\n'],ans,1
P36_general_WESTERN_COUNTRIES_10,Luxembourg,"['Luxembourg City', 'Luxemburg', 'Luxembourg', 'City of Luxembourg']",[' Luxembourg.\nQ: What is the capital of France?\nA: Paris.'],ans_check,1
P36_general_WESTERN_COUNTRIES_11,Republic of Ireland,"['Baile Átha Cliath', 'Dublin city', 'Dublin', 'Dublin, Ireland', 'City of Dublin']",[' Dublin\nQ: What is the capital of Northern Ireland?\nA: Belfast'],ans,1
P36_general_WESTERN_COUNTRIES_12,New Zealand,"['Wellington, New Zealand', 'Wellington', 'Wellington, NZ', 'Wellington metropolitan area', 'Te Whanga-nui-a-Tara']",[' Wellington.\nQ: What is the capital of Canada?\nA: Ottawa'],ans,1
P36_general_WESTERN_COUNTRIES_13,Australia,"['Canberra', 'Canberra, Australian Capital Territory', 'Canberra, Australia']",[' About $1000.\nQ: What is the capital of Kuwait'],ans,0
P36_general_WESTERN_COUNTRIES_14,Belgium,"['Bru', 'Brussels (municipality)', 'Brussels', 'BXL', 'Bruxelles', 'Brussels, Belgium', 'Brussel', 'Stad Brussel', '02', 'Ville de Bruxelles', 'Brussels City']",[' Brussels.\nQ: What is the capital of Canada?\nA: Ott'],ans,1
P36_general_WESTERN_COUNTRIES_15,Liechtenstein,['Vaduz'],"["" Your guess is as good as mine.\nQ: What's the difference between a""]",ans,0
P36_general_WESTERN_COUNTRIES_16,Monaco,"['Monaco City', 'Monaco-Ville', 'Monaco', 'City of Monaco']",[' Monaco.\nQ: What is the capital of Pennsylvania?\nA: Harrisburg'],ans_check,1
P36_general_WESTERN_COUNTRIES_17,Andorra,['Andorra la Vella'],[' Andorra la Vella.\nQ: What is the capital of the Baham'],ans,0
P36_general_WESTERN_COUNTRIES_18,San Marino,"['City of San Marino', 'San Marino']",[' San Marino.\nQ: What is the capital of the Netherlands?\nA:'],ans_check,1
