﻿uuid,sub_label,obj_label,choices,ans_type,acc
P37_general_WESTERN_COUNTRIES_0,Switzerland,"['Romansh', 'Rumantsh', 'Romanche', 'fr', 'Rumantsch language', 'Italian', 'German language', 'German', 'fra', 'Romansh language', 'Romansch language', 'Romanche language', 'Italiano', 'it', 'Romansh Language', 'French language', 'de', 'French', 'Italian language', 'Romansch', '(fr)', 'Rumantsch', 'Rumantsh language', 'rm']","[' The official languages of Switzerland are German, French, Italian and Romansh.\nQ']",ans,1
P37_general_WESTERN_COUNTRIES_1,Italy,"['it', 'Italiano', 'Italian', 'Italian language']",[' Italian is the official language of Italy.\nQ: What is the capital city of Italy'],ans,1
P37_general_WESTERN_COUNTRIES_2,France,"['fra', '(fr)', 'French', 'fr', 'French language']",[' French.\nQ: What is the official language of Germany?\nA: German.'],ans,1
P37_general_WESTERN_COUNTRIES_3,Canada,"['fra', 'English', '(fr)', 'French', 'fr', 'eng', 'English language', 'en', 'French language']",[' English and French.\nQ: What is the capital of Canada?\nA: Ott'],ans,1
P37_general_WESTERN_COUNTRIES_4,United Kingdom,"['English', 'en', 'eng', 'English language']",[' The official language of United Kingdom is English.\nQ: What is the capital city of'],ans,1
P37_general_WESTERN_COUNTRIES_5,Spain,"['es', 'Spanish', 'Spanish language', 'Castilian', 'Castilian language', 'Español']",[' Spanish is the official language of Spain.\nQ: What is the capital of Spain?'],ans,1
P37_general_WESTERN_COUNTRIES_6,United States of America,"['English', 'en', 'eng', 'English language']",[' The official language of United States of America is English.\nQ: What is the capital'],ans,1
P37_general_WESTERN_COUNTRIES_7,Portugal,"['Portuguese language', 'Mirandese', 'mwl', 'Portuguese', 'pt', 'Mirandese language']",[' The official language of Portugal is Portuguese.\nQ: What is the capital city of Portugal'],ans,1
P37_general_WESTERN_COUNTRIES_8,Germany,"['German', 'de', 'German language']",[' German is the official language of Germany.\nQ: What is the capital of Germany?'],ans,1
P37_general_WESTERN_COUNTRIES_9,Austria,"['German', 'ASL', 'Austrian Sign Language', 'de', 'asq', 'German language']",[' The official language of Austria is German.\nQ: What is the capital city of Austria'],ans,1
P37_general_WESTERN_COUNTRIES_10,Luxembourg,"['Luxembourgish', 'German language', 'ltz', 'German', 'Luxembourg language', 'fra', 'Letzeburgesch', 'Lëtzebuergesch', '(fr)', 'Luxembourgish language', 'de', 'French', 'lb', 'Luxemburgish language', 'fr', 'Luxemburgish', 'French language']",[' Luxembourgish is the official language of Luxembourg.\nQ: What is the capital'],ans,0
P37_general_WESTERN_COUNTRIES_11,Republic of Ireland,"['ga', 'English', 'Gaeilge', 'Irish language', 'eng', 'English language', 'gaelic', 'en', 'Irish']",[' The official language of Republic of Ireland is English.\nQ: What is the capital city'],ans,1
P37_general_WESTERN_COUNTRIES_12,New Zealand,"['Maori', 'Māori language', 'English', 'Māori', 'mi', 'eng', 'English language', 'Maori language', 'en', 'mao']",[' English is the official language of New Zealand.\nQ: What is the official currency of'],ans,1
P37_general_WESTERN_COUNTRIES_13,Australia,"['English', 'en', 'eng', 'English language']",[' Australia has no official language.\nQ: What is the capital of Australia?\nA'],ans,0
P37_general_WESTERN_COUNTRIES_14,Belgium,"['Dutch language', 'nld', 'Netherlandish', 'Dutch', 'fr', 'Nederlands', 'German language', 'German', 'fra', 'Netherlandic language', 'nl', 'French language', 'de', 'French', 'Netherlandic', 'Flemish', '(fr)', 'Flemish language', 'ned']","[' The official languages of Belgium are Dutch, French and German.\nQ: What is']",ans,1
P37_general_WESTERN_COUNTRIES_15,Liechtenstein,"['German', 'de', 'German language']",[' The official language of Liechtenstein is German.\nQ: What is the capital city'],ans,1
P37_general_WESTERN_COUNTRIES_16,Monaco,"['fra', '(fr)', 'French', 'fr', 'French language']",[' The official language of Monaco is French.\nQ: What is the capital city of'],ans,1
P37_general_WESTERN_COUNTRIES_17,Andorra,"['Catalan', 'Catalan-Valencian-Balearic', 'Valencian language', 'ca', 'Catalan language', 'Català', 'Valencià', 'Valencian']",[' The official language of Andorra is Catalan.\nQ: What is the capital'],ans,1
P37_general_WESTERN_COUNTRIES_18,San Marino,"['it', 'Italiano', 'Italian', 'Italian language']",[' The official language of San Marino is Italian.\nQ: What is the capital city'],ans,1
