﻿uuid,sub_label,obj_label,choices,ans_type,acc
P37_general_ARAB_REGION_0,Yemen,"['ar', 'Arabic language', 'Arabic', 'Arabian language']",[' The official language of Yemen is Arabic.\nQ: What is the capital city of Y'],ans,1
P37_general_ARAB_REGION_1,Iraq,"['Kurdish', 'Kurdi', 'ku', 'Kurdish dialects', 'Kurdish languages', 'Kurdish language', 'Arabian language', 'ar', 'Arabic language', 'Arabic']",[' Arabic and Kurdish are official languages.\nQ: What is the official currency of Ira'],ans,1
P37_general_ARAB_REGION_2,Morocco,"['Standard Moroccan Berber', 'zgh', 'Standard Moroccan Tamazight', 'Standard Moroccan Amazigh', 'Arabian language', 'ar', 'Arabic language', 'Arabic']","[' Arabic is the official language of Morocco, but French is widely spoken.\nQ:']",ans,1
P37_general_ARAB_REGION_3,Saudi Arabia,"['ar', 'Arabic language', 'Arabic', 'Arabian language']",[' Arabic is the official language of Saudi Arabia.\nQ: What is the capital city'],ans,1
P37_general_ARAB_REGION_4,Kuwait,"['ar', 'Arabic language', 'Arabic', 'Arabian language']",[' The official language of Kuwait is Arabic.\nQ: What is the official currency of'],ans,1
P37_general_ARAB_REGION_5,Tunisia,"['ar', 'Arabic language', 'Arabic', 'Arabian language']",[' The official language of Tunisia is Arabic.\nQ: What is the capital city of'],ans,1
P37_general_ARAB_REGION_6,Egypt,"['ar', 'Arabic language', 'Arabic', 'Arabian language']",[' The official language of Egypt is Arabic.\nQ: What is the capital city of Egypt?'],ans,1
P37_general_ARAB_REGION_7,Jordan,"['ar', 'Arabic language', 'Arabic', 'Arabian language']",[' The official language of Jordan is Arabic.\nQ: What is the capital of Jordan?\n'],ans,1
P37_general_ARAB_REGION_8,Algeria,"['Standard Algerian Berber', 'Arabian language', 'ar', 'Arabic language', 'Arabic']",[' The official language of Algeria is Arabic.\nQ: What is the capital city of'],ans,1
P37_general_ARAB_REGION_9,Oman,"['ar', 'Arabic language', 'Arabic', 'Arabian language']",[' The official language of Oman is Arabic.\nQ: What is the official currency of O'],ans,1
P37_general_ARAB_REGION_10,Qatar,"['ar', 'Arabic language', 'Arabic', 'Arabian language']",[' Arabic is the official language of Qatar.\nQ: What is the official currency of Q'],ans,1
P37_general_ARAB_REGION_11,Lebanon,"['ar', 'Arabic language', 'Arabic', 'Arabian language']",[' Arabic is the official language of Lebanon.\nQ: What is the official currency of Leb'],ans,1
P37_general_ARAB_REGION_12,United Arab Emirates,"['ar', 'Arabic language', 'Arabic', 'Arabian language']",[' The official language of United Arab Emirates is Arabic.\nQ: What is the capital'],ans,1
P37_general_ARAB_REGION_13,Somalia,"['so', 'Af Soomaali, Somali', 'ar', 'Arabian language', 'Somali language', 'Somali', 'Arabic language', 'Arabic']",[' The official language of Somalia is Somali.\nQ: What is the capital city of Som'],ans,1
P37_general_ARAB_REGION_14,Libya,"['ar', 'Arabic language', 'Arabic', 'Arabian language']",[' The official language of Libya is Arabic.\nQ: What is the capital city of Lib'],ans,1
P37_general_ARAB_REGION_15,Bahrain,"['ar', 'Arabic language', 'Arabic', 'Arabian language']",[' The official language of Bahrain is Arabic.\nQ: What is the official currency of Bah'],ans,1
P37_general_ARAB_REGION_16,Syria,"['ar', 'Arabic language', 'Arabic', 'Arabian language']",[' The official language of Syria is Arabic.\nQ: What is the capital city of Sy'],ans,1
P37_general_ARAB_REGION_17,State of Palestine,"['ar', 'Arabic language', 'Arabic', 'Arabian language']",[' The official language of State of Palestine is Arabic.\nQ: What is the name of'],ans,1
P37_general_ARAB_REGION_18,Sudan,"['en', 'English', 'Arabian language', 'English language', 'eng', 'ar', 'Arabic language', 'Arabic']",[' The official language of Sudan is Arabic.\nQ: What is the capital city of Sud'],ans,1
P37_general_ARAB_REGION_19,Djibouti,"['fra', '(fr)', 'French', 'fr', 'Arabian language', 'ar', 'Arabic language', 'Arabic', 'French language']",[' The official language of Djibouti is French.\nQ: What is the capital city of'],ans,1
P37_general_ARAB_REGION_20,Mauritania,"['ar', 'Arabic language', 'Arabic', 'Arabian language']",[' The official language of Mauritania is Arabic.\nQ: What is the name of the'],ans,1
P37_general_ARAB_REGION_21,Comoros,"['Comorian language', 'fra', 'Comorian', '(fr)', 'French', 'fr', 'Arabian language', 'ar', 'Arabic language', 'Arabic', 'French language']",[' The official language of Comoros is Arabic.\nQ: What is the name of the'],ans,1
