﻿uuid,sub_label,obj_label,choices,ans_type,acc
P449_general_WESTERN_COUNTRIES_0,Game of Thrones,"['HBO Family', 'HBO', 'Home Box Office']",[' Game of Thrones was originally aired on HBO.\nQ: What is'],ans,1
P449_general_WESTERN_COUNTRIES_2,Grey's Anatomy,"['ABC', 'American Broadcasting Company']","["" Grey's Anatomy was originally aired on ABC.\nQ: Who is""]",ans,1
P449_general_WESTERN_COUNTRIES_4,Anything Goes,"['Télévision française 1', 'TF1']",[' Anything Goes was originally aired on the ABC network.\nQ: What'],ans,0
P449_general_WESTERN_COUNTRIES_6,SpongeBob SquarePants,"['Globo', 'Pinwheel', 'Rede Globo', 'Nick', 'Sistema Brasileiro de Televisão', 'Brazilian TV Globo', 'SBT', 'TV Globo', 'Nickelodeon']",[' Nickelodeon\nQ: What is the name of the restaurant where Sponge'],ans,1
P449_general_WESTERN_COUNTRIES_8,American Idol,"['FOX', 'Fox Broadcasting Company']",[' American Idol was originally aired on Fox.\nQ: What is the name of'],ans,1
P449_general_WESTERN_COUNTRIES_10,Star Trek: Discovery,"['CBS All Access', 'Tiffany Network', 'Paramount Plus', 'CBS', 'Paramount+', 'Columbia Broadcasting System', '10 All Access', 'Black Rock', 'Eye Network']",[' Star Trek: Discovery was originally aired on CBS All Access.\nQ:'],ans,1
P449_general_WESTERN_COUNTRIES_12,The Walking Dead,"['AMC (television channel)', 'AMC (TV Network)', 'American Movie Classics', 'AMC (TV network)', 'AMC Network', 'AMC network', 'AMC', 'Filmcritic.com', 'American Movie Channel']",[' The Walking Dead was originally aired on AMC.\nQ: What is the'],ans,1
P449_general_WESTERN_COUNTRIES_14,The Masked Singer,"['FOX', 'Fox Broadcasting Company']",[' The Masked Singer was originally aired on MBC.\nQ: Who'],ans,0
P449_general_WESTERN_COUNTRIES_16,A Million Little Things,"['ABC', 'American Broadcasting Company']",[' A Million Little Things was originally aired on ABC.\nQ: What is the'],ans,1
P449_general_WESTERN_COUNTRIES_18,Doctor Who,"['BBC HD', 'BBC Television Service', 'BBC1', 'BBC One', 'BBC TV', 'BBC 1']","["" The BBC.\nQ: What is the name of the Doctor's time machine?""]",ans,0
P449_general_WESTERN_COUNTRIES_20,Adventure Time,"['Teletoon', 'Nicktoons Network', 'Cartoon Network', 'Nicktoons TV', 'Nicktoons']",[' Adventure Time was originally aired on Cartoon Network.\nQ: What is the'],ans,1
P449_general_WESTERN_COUNTRIES_22,The Falcon and the Winter Soldier,"['Disney+ Hotstar (India & Asia)', 'Disney Plus', 'Disney+', 'Disney+ Star (Europe & Asia)']",[' The Falcon and the Winter Soldier was originally aired on Disney+.\nQ'],ans,1
P449_general_WESTERN_COUNTRIES_24,The Amazing Race,"['Tiffany Network', 'CBS', 'Columbia Broadcasting System', 'Black Rock', 'Eye Network']",[' The Amazing Race was originally aired on CBS.\nQ: What is the duration'],ans,1
P449_general_WESTERN_COUNTRIES_26,Invader Zim,"['Nickelodeon', 'Pinwheel', 'Nick']",[' Invader Zim was originally aired on Nickelodeon.\nQ: What'],ans,1
P449_general_WESTERN_COUNTRIES_28,Lucky Luke,['France 3'],[' Lucky Luke was originally aired on the French TV channel TF1.\nQ'],ans,0
P449_general_WESTERN_COUNTRIES_30,Breaking Bad,"['AMC (television channel)', 'AMC (TV Network)', 'American Movie Classics', 'AMC (TV network)', 'AMC Network', 'AMC network', 'AMC', 'Filmcritic.com', 'American Movie Channel']",[' Breaking Bad was originally aired on AMC.\nQ: Who is the cre'],ans,1
P449_general_WESTERN_COUNTRIES_32,The Office,"['NBC', 'National Broadcasting Company']",[' The Office was originally aired on BBC Two.\nQ: What is the name of'],ans,0
P449_general_WESTERN_COUNTRIES_34,Black Mirror,"['C4', 'Net Flix', 'Netflix.com', 'Channel 4', 'Netflix']",[' Black Mirror was originally aired on Channel 4.\nQ: What is the'],ans,1
P449_general_WESTERN_COUNTRIES_36,She-Hulk: Attorney at Law,"['Disney+ Hotstar (India & Asia)', 'Disney Plus', 'Disney+', 'Disney+ Star (Europe & Asia)']",[' She-Hulk: Attorney at Law was originally aired on Disney XD.'],ans,1
P449_general_WESTERN_COUNTRIES_38,Arrow,"['The CW', 'The CW Television Network']",[' Arrow was originally aired on The CW.\nQ: Who is the main'],ans,1
P449_general_WESTERN_COUNTRIES_40,Friends,"['NBC', 'National Broadcasting Company']",[' NBC\nQ: What is the name of the coffee shop in Friends?\n'],ans,1
P449_general_WESTERN_COUNTRIES_42,The Daily Show,['Comedy Central'],[' Comedy Central\nQ: What is the name of the show that Jon Stewart hosted before'],ans,1
P449_general_WESTERN_COUNTRIES_44,Succession,"['HBO Family', 'HBO', 'Home Box Office']",[' Succession was originally aired on HBO.\nQ: What is the name'],ans,1
P449_general_WESTERN_COUNTRIES_46,Manifest,"['Net Flix', 'Netflix.com', 'NBC', 'Netflix', 'National Broadcasting Company']",[' NBC\nQ: What is the name of the plane that the passengers were on?'],ans,1
P449_general_WESTERN_COUNTRIES_48,Saturday Night Live,"['NBC', 'National Broadcasting Company']",[' NBC\nQ: What was the name of the first host of Saturday Night Live?'],ans,1
P449_general_WESTERN_COUNTRIES_50,Sanremo Music Festival,"['Programma Nazionale (1952-1976)', 'Rete 1 (1976-1983)', 'Rai Uno', 'Rai 1']",[' RAI\nQ: What is the name of the song that won the 19'],ans,0
P449_general_WESTERN_COUNTRIES_52,Oprah with Meghan and Harry,"['Tiffany Network', 'CBS', 'Columbia Broadcasting System', 'Black Rock', 'Eye Network']",[' The interview was originally aired on CBS.\nQ: What is the name of the'],ans,1
P449_general_WESTERN_COUNTRIES_54,Neighbours,"['10 Peach', '10 TV Australia', 'Channel Ten', 'Channel Seven', 'Network 7', 'Network Ten', 'Network 10', 'Channel 10', '10 Network', 'Seven head Network', 'Independent Television System', 'Seven Network', '0-10 Network', 'Channel 7', 'Seven', '7', 'Network Seven']",[' Neighbours was originally aired on Channel 7 in Australia.\nQ:'],ans,1
P449_general_WESTERN_COUNTRIES_56,Steven Universe,['Cartoon Network'],[' Cartoon Network.\nQ: What is the name of the show’s theme song'],ans,1
P449_general_WESTERN_COUNTRIES_58,South Park,['Comedy Central'],[' Comedy Central\nQ: What is the name of the South Park movie?\nA'],ans,1
P449_general_WESTERN_COUNTRIES_60,Física o Química,['Antena 3'],"[' Física o Química was originally aired on Antena 3,']",ans,1
P449_general_WESTERN_COUNTRIES_62,The Great British Baking Show,"['Public Broadcasting System', 'PBS', 'BBC Television Service', 'pbs.org', 'BBC One', 'BBC1', 'BBC TV', 'BBC 1']",[' The Great British Baking Show was originally aired on BBC Two.\nQ: What'],ans,0
P449_general_WESTERN_COUNTRIES_64,Alles was zählt,"['RTL Fernsehen', 'RTL', 'RTL Television GmbH', 'RTL Television', 'RTL plus', 'Radio Télé Luxemburg', 'Radio Télévision Luxembourg']",[' Alles was zählt was originally aired on RTL.\nQ: Who created'],ans,1
P449_general_WESTERN_COUNTRIES_66,The Big Bang Theory,"['Tiffany Network', 'CBS', 'Columbia Broadcasting System', 'Black Rock', 'Eye Network']",[' The Big Bang Theory was originally aired on CBS.\nQ: What is the duration'],ans,1
P449_general_WESTERN_COUNTRIES_68,Snowpiercer,"['TNT USA', 'Turner Network Television', 'TNT']",[' Snowpiercer was originally aired on TNT.\nQ: What is the'],ans,1
P449_general_WESTERN_COUNTRIES_70,Plus belle la vie,['France 3'],[' Plus belle la vie was originally aired on France 3.\nQ: What is'],ans,1
P449_general_WESTERN_COUNTRIES_72,Ultimate Beastmaster,"['Net Flix', 'Netflix', 'Netflix.com']",[' Ultimate Beastmaster was originally aired on Netflix.\nQ: Who'],ans,1
P449_general_WESTERN_COUNTRIES_74,WWE Hall of Fame,"['Spike Television', 'Spike', 'Spike TV', 'USA Network', 'USA']",[' WWE Hall of Fame was originally aired on USA Network.\nQ: What is'],ans,1
P449_general_WESTERN_COUNTRIES_76,Tatort,"['Deutsches Fernsehen', 'Erstes Deutsches Fernsehen', 'Das Erste']",[' Tatort is a German language detective television series that is aired on ARD and'],ans,0
P449_general_WESTERN_COUNTRIES_78,Better Call Saul,"['AMC (television channel)', 'AMC (TV Network)', 'American Movie Classics', 'AMC (TV network)', 'AMC Network', 'AMC network', 'AMC', 'Filmcritic.com', 'American Movie Channel']",[' Better Call Saul was originally aired on AMC.\nQ: What is the'],ans,1
P449_general_WESTERN_COUNTRIES_80,Survivor,"['Tiffany Network', 'CBS', 'Columbia Broadcasting System', 'Black Rock', 'Eye Network']",[' Survivor was originally aired on CBS.\nQ: What is the name of'],ans,1
P449_general_WESTERN_COUNTRIES_82,Money Heist,['Antena 3'],[' Money Heist was originally aired on Antena 3.\nQ:'],ans,1
P449_general_WESTERN_COUNTRIES_84,Community,"['Yahoo! Screen', 'NBC', 'Yahoo! View', 'National Broadcasting Company']",[' Community was originally aired on NBC.\nQ: What is the name of the'],ans,1
P449_general_WESTERN_COUNTRIES_86,Star Trek: The Original Series,"['NBC', 'National Broadcasting Company']",[' NBC\nQ: What was the name of the first episode of Star Trek:'],ans,1
P449_general_WESTERN_COUNTRIES_88,Marienhof,"['Deutsches Fernsehen', 'Erstes Deutsches Fernsehen', 'Das Erste']",[' Marienhof was originally aired on Das Erste.\nQ: Who created Mar'],ans,1
P449_general_WESTERN_COUNTRIES_90,Good Trouble,"['CBN Satellite Service', 'Family Channel (USA)', 'CBN Cable Network', 'CBN Cable', 'CBN Television Network', 'Freeform', 'Fox Family', 'ABC Family', 'Family Channel (United States)', 'The Family Channel USA']",[' Good Trouble was originally aired on Freeform.\nQ: What is the name'],ans,1
P449_general_WESTERN_COUNTRIES_92,The Handmaid's Tale,"['hulu.com', 'Hulu']","["" The Handmaid's Tale was originally aired on Hulu.\nQ""]",ans,1
P449_general_WESTERN_COUNTRIES_94,Jeopardy!,"['NBC', 'National Broadcasting Company']",[' NBC\nQ: What is the name of the Jeopardy! theme song'],ans,1
P449_general_WESTERN_COUNTRIES_96,stinky,"['FOX', 'Fox Broadcasting Company']",[' Stinky was originally aired on the Disney Channel.\nQ: What is the'],ans,0
P449_general_WESTERN_COUNTRIES_98,Black Lightning,"['The CW', 'The CW Television Network']",[' The CW\nQ: What is the name of the character that plays Black Lightning'],ans,1
P449_general_WESTERN_COUNTRIES_100,How I Met Your Mother,"['Tiffany Network', 'CBS', 'Columbia Broadcasting System', 'Black Rock', 'Eye Network']",[' How I Met Your Mother was originally aired on CBS.\nQ: How many seasons'],ans,1
P449_general_WESTERN_COUNTRIES_102,Batman: The Animated Series,"['Fox Kids', 'Foxkids']",[' Fox Kids\nQ: What is the name of the first episode of Batman:'],ans,1
P449_general_WESTERN_COUNTRIES_104,Miss France,"['Télévision française 1', 'TF1']",[' Miss France was originally aired on TF1.\nQ: What is the duration'],ans,1
P449_general_WESTERN_COUNTRIES_106,The Infinite Monkey Cage,"['Radio Four', 'BBC Radio Four', 'BBC Radio 4', 'Radio 4']",[' The Infinite Monkey Cage was originally aired on BBC Radio 4.\n'],ans,1
P449_general_WESTERN_COUNTRIES_108,Supergirl,"['Tiffany Network', 'Columbia Broadcasting System', 'CBS', 'The CW Television Network', 'The CW', 'Black Rock', 'Eye Network']",[' Supergirl was originally aired on CBS.\nQ: What is the name of'],ans,1
P449_general_WESTERN_COUNTRIES_110,13 Reasons Why,"['Net Flix', 'Netflix', 'Netflix.com']",[' 13 Reasons Why was originally aired on Netflix.\nQ:'],ans,1
P449_general_WESTERN_COUNTRIES_112,The Legend of Korra,"['Nickelodeon', 'Pinwheel', 'Nick']",[' The Legend of Korra was originally aired on Nickelodeon.\nQ'],ans,1
P449_general_WESTERN_COUNTRIES_114,Captain Scarlet and the Mysterons,"['Independent Television', 'ITV']",[' Captain Scarlet and the Mysterons was originally aired on ITV in the'],ans,1
P449_general_WESTERN_COUNTRIES_116,Sense8,"['Net Flix', 'Netflix', 'Netflix.com']",[' Sense8 was originally aired on Netflix.\nQ: Who is the'],ans,1
P449_general_WESTERN_COUNTRIES_118,Futurama,"['Comedy Central', 'FOX', 'Fox Broadcasting Company']",[' Futurama was originally aired on Fox.\nQ: What is the name of'],ans,1
P449_general_WESTERN_COUNTRIES_120,The Last of Us,"['HBO Family', 'HBO', 'Home Box Office']",[' The Last of Us was originally aired on NBC.\nQ: Who is the'],ans,0
P449_general_WESTERN_COUNTRIES_122,Big Sky,"['ABC', 'American Broadcasting Company']",[' Big Sky was originally aired on ABC.\nQ: What is the name of the'],ans,1
P449_general_WESTERN_COUNTRIES_124,FBI: Most Wanted,"['Tiffany Network', 'CBS', 'Columbia Broadcasting System', 'Black Rock', 'Eye Network']",[' FBI: Most Wanted was originally aired on CBS.\nQ: What is'],ans,1
P449_general_WESTERN_COUNTRIES_126,The Witcher,"['Net Flix', 'Netflix', 'Netflix.com']",[' The Witcher was originally aired on Netflix.\nQ: Who is'],ans,1
P449_general_WESTERN_COUNTRIES_128,Superbook,"['CBN', 'Christian Broadcasting Network']",[' Superbook was originally aired on CBN (Christian Broadcasting Network) in'],ans,1
P449_general_WESTERN_COUNTRIES_130,Law & Order: Special Victims Unit,"['NBC', 'National Broadcasting Company']",[' Law & Order: Special Victims Unit was originally aired on NBC.\nQ'],ans,1
P449_general_WESTERN_COUNTRIES_132,Bridgerton,"['Net Flix', 'Netflix', 'Netflix.com']",[' Bridgerton was originally aired on Netflix.\nQ: Who is'],ans,1
P449_general_WESTERN_COUNTRIES_134,Zoey's Extraordinary Playlist,"['NBC', 'National Broadcasting Company']",[' NBC\nQ: What is the name of the song that Zoey sings in'],ans,1
P449_general_WESTERN_COUNTRIES_136,Stargate SG-1,"['SciFi', 'Sci-Fi Channel', 'Syfy', 'Sci Fi', 'SHO', 'SciFi Entertainment', 'Showtime Networks', 'Showtime', 'Showtime TV']",[' Showtime.\nQ: What is the name of the planet where the Stargate'],ans,1
P449_general_WESTERN_COUNTRIES_138,Star Trek: The Next Generation,"['syndication', 'radio syndication', 'broadcast syndication', 'TV syndication']",[' Star Trek: The Next Generation was originally aired on the Syndicated network'],ans,0
P449_general_WESTERN_COUNTRIES_140,Obi-Wan Kenobi,"['Disney+ Hotstar (India & Asia)', 'Disney Plus', 'Disney+', 'Disney+ Star (Europe & Asia)']",[' The Disney Channel.\nQ: What was the name of the first Star Wars movie?'],ans,1
P449_general_WESTERN_COUNTRIES_142,Firefly,"['FOX', 'Fox Broadcasting Company']",[' Firefly was originally aired on Fox.\nQ: What is the name of the'],ans,1
P449_general_WESTERN_COUNTRIES_144,Peacemaker,['HBO Max'],[' Peacemaker was originally aired on NBC.\nQ: What is the'],ans,0
P449_general_WESTERN_COUNTRIES_146,Mr. Robot,"['USA Network', 'USA']",[' Mr. Robot was originally aired on USA Network.\nQ: What is the'],ans,1
P449_general_WESTERN_COUNTRIES_148,I Love Lucy,"['Tiffany Network', 'CBS', 'Columbia Broadcasting System', 'Black Rock', 'Eye Network']",[' CBS\nQ: What was the name of the show that was a spin-off of'],ans,1
P449_general_WESTERN_COUNTRIES_150,Days of Our Lives,"['NBC', 'National Broadcasting Company']",[' Days of Our Lives was originally aired on NBC.\nQ: What is'],ans,1
P449_general_WESTERN_COUNTRIES_152,The Crown,"['Net Flix', 'Netflix', 'Netflix.com']",[' The Crown was originally aired on Netflix.\nQ: Who is the cre'],ans,1
P449_general_WESTERN_COUNTRIES_154,Killing Eve,['BBC America'],[' Killing Eve was originally aired on BBC America.\nQ: What is the'],ans,1
P449_general_WESTERN_COUNTRIES_156,101 Dalmatian Street,"['Disney Channel', 'Disney', 'The Disney Channel']",[' 101 Dalmatian Street was originally aired on Disney Channel in the UK'],ans,1
P449_general_WESTERN_COUNTRIES_158,The Great North,"['FOX', 'Fox Broadcasting Company']",[' The Great North was originally aired on BBC Two.\nQ: Who is the cre'],ans,0
P449_general_WESTERN_COUNTRIES_160,Star Trek: Picard,"['10 All Access', 'Paramount+', 'CBS All Access', 'Paramount Plus']",[' Star Trek: Picard was originally aired on CBS All Access.\nQ:'],ans,1
P449_general_WESTERN_COUNTRIES_162,Gossip Girl,"['The CW', 'The CW Television Network']",[' Gossip Girl was originally aired on The CW.\nQ: What is'],ans,1
P449_general_WESTERN_COUNTRIES_164,Mulan,"['Disney+ Hotstar (India & Asia)', 'Disney Plus', 'Disney+', 'Disney+ Star (Europe & Asia)']",[' The Disney Channel.\nQ: What is the name of the song that is sung'],ans,1
P449_general_WESTERN_COUNTRIES_166,Sherlock,"['BBC Television Service', 'BBC One', 'BBC1', 'BBC TV', 'BBC 1']",[' Sherlock was originally aired on BBC One.\nQ: What is the name of'],ans,1
P449_general_WESTERN_COUNTRIES_168,Harley Quinn,"['dcuniverse.com', 'DC Universe']",[' Harley Quinn was originally aired on DC Universe.\nQ: Who is'],ans,1
P449_general_WESTERN_COUNTRIES_170,American Dad!,"['FOX', 'Fox Broadcasting Company']",[' American Dad! was originally aired on Fox.\nQ: What is the name'],ans,1
P449_general_WESTERN_COUNTRIES_172,Nashville,"['ABC', 'American Broadcasting Company']",[' ABC\nQ: What is the name of the song that is played at the end of'],ans,1
P449_general_WESTERN_COUNTRIES_174,Mapping the World,"['Arte', 'Association relative à la télévision européenne', 'ARTE France']",[' Mapping the World was originally aired on the History Channel.\nQ: What is'],ans,0
P449_general_WESTERN_COUNTRIES_176,Star Trek: Enterprise,"['United Paramount Network', 'UPN']",[' UPN\nQ: What was the name of the first episode of Star Trek:'],ans,1
P449_general_WESTERN_COUNTRIES_178,Les Guignols de l'info,"['Canal+', 'Canal+ HD', 'CANAL+']",[' France 2\nQ: What is the name of the character that is a parody'],ans,0
P449_general_WESTERN_COUNTRIES_180,Kim Possible,"['Disney Channel', 'Disney', 'The Disney Channel']",[' Kim Possible was originally aired on the Disney Channel.\nQ: What is the name'],ans,1
P449_general_WESTERN_COUNTRIES_182,The Umbrella Academy,"['Net Flix', 'Netflix', 'Netflix.com']",[' The Umbrella Academy was originally aired on Netflix.\nQ: Who'],ans,1
P449_general_WESTERN_COUNTRIES_184,New Girl,"['FOX', 'Fox Broadcasting Company']",[' New Girl was originally aired on Fox.\nQ: Who is the creator of'],ans,1
P449_general_WESTERN_COUNTRIES_186,Blue Peter,"['BBC Television Service', 'BBC One', 'BBC1', 'BBC TV', 'BBC 1']",[' Blue Peter was originally aired on BBC1.\nQ: What is the name of'],ans,1
P449_general_WESTERN_COUNTRIES_188,The 100,"['The CW', 'The CW Television Network']",[' The 100 was originally aired on The CW.\nQ: Who'],ans,1
P449_general_WESTERN_COUNTRIES_190,How to Get Away with Murder,"['ABC', 'American Broadcasting Company']",[' How to Get Away with Murder was originally aired on ABC.\nQ:'],ans,1
P449_general_WESTERN_COUNTRIES_192,The Sinner,"['USA Network', 'USA']",[' The Sinner was originally aired on USA Network.\nQ: What is the name'],ans,1
P449_general_WESTERN_COUNTRIES_194,Home and Away,"['Channel Seven', 'Network 7', 'Seven head Network', 'Seven Network', 'Seven', '7', 'Channel 7', 'Network Seven']",[' Home and Away was originally aired on the Seven Network in Australia.\nQ:'],ans,1
P449_general_WESTERN_COUNTRIES_196,Big Little Lies,"['HBO Family', 'HBO', 'Home Box Office']",[' Big Little Lies was originally aired on HBO.\nQ: Who is the'],ans,1
P449_general_WESTERN_COUNTRIES_198,One Tree Hill,"['The CW', 'The CW Television Network']",[' One Tree Hill was originally aired on The WB.\nQ: What is the'],ans,0
P449_general_WESTERN_COUNTRIES_200,American Song Contest,"['NBC', 'National Broadcasting Company']",[' American Song Contest was originally aired on NBC.\nQ: What is the'],ans,1
P449_general_WESTERN_COUNTRIES_202,iCarly,"['Nickelodeon', 'Pinwheel', 'Nick']",[' iCarly was originally aired on Nickelodeon.\nQ: What is'],ans,1
P449_general_WESTERN_COUNTRIES_204,Good Game,"['Australian Broadcasting Corporation', 'ABC', 'Australian Broadcasting Company', 'Australian Broadcasting Commission']",[' Good Game was originally aired on ABC2.\nQ: What is the name of'],ans,0
P449_general_WESTERN_COUNTRIES_206,One Life to Live,"['ABC', 'American Broadcasting Company']",[' One Life to Live was originally aired on ABC.\nQ: What is the name'],ans,1
P449_general_WESTERN_COUNTRIES_208,Cleopatra in Space (TV series),['Peacock'],[' Cleopatra in Space (TV series) was originally aired on Cartoon Network.'],ans,0
P449_general_WESTERN_COUNTRIES_210,Pretty Little Liarss,"['CBN Satellite Service', 'Family Channel (USA)', 'CBN Cable Network', 'CBN Cable', 'CBN Television Network', 'Freeform', 'Fox Family', 'ABC Family', 'Family Channel (United States)', 'The Family Channel USA']",[' Pretty Little Liars was originally aired on ABC Family.\nQ: What is'],ans,1
P449_general_WESTERN_COUNTRIES_212,Cobra Kai,"['YT Premium', 'YouTube Premium', 'YT Red', 'YouTube Red', 'YTP']",[' Cobra Kai was originally aired on YouTube Red.\nQ: What is the'],ans,1
P449_general_WESTERN_COUNTRIES_214,"Game of Thrones, season 7","['HBO Family', 'HBO', 'Home Box Office']",[' HBO\nQ: What is the name of the actor who plays the role of Jon'],ans,1
P449_general_WESTERN_COUNTRIES_216,The Bill,"['Independent Television', 'ITV']",[' The Bill was originally aired on ITV.\nQ: What is the name of'],ans,1
P449_general_WESTERN_COUNTRIES_218,"Game of Thrones, season 1","['HBO Family', 'HBO', 'Home Box Office']",[' HBO\nQ: What is the name of the actor who plays the role of T'],ans,1
P449_general_WESTERN_COUNTRIES_220,"Daredevil, season 2","['Net Flix', 'Netflix', 'Netflix.com']","[' Daredevil, season 2 was originally aired on Netflix.\n']",ans,1
P449_general_WESTERN_COUNTRIES_222,Homeland,"['Showtime Networks', 'Showtime TV', 'SHO', 'Showtime']",[' Homeland was originally aired on Showtime.\nQ: Who is the creator'],ans,1
P449_general_WESTERN_COUNTRIES_224,The Americans,"['fX', 'FX network', 'FX', 'Fox extended']",[' The Americans was originally aired on FX.\nQ: What is the runtime of'],ans,1
P449_general_WESTERN_COUNTRIES_226,ThunderCats,['Cartoon Network'],[' ThunderCats was originally aired on the ABC network in the United States.\n'],ans,0
P449_general_WESTERN_COUNTRIES_228,Crazy Ex-Girlfriend,"['The CW', 'The CW Television Network']",[' Crazy Ex-Girlfriend was originally aired on The CW.\nQ'],ans,1
P449_general_WESTERN_COUNTRIES_230,Winx Club,"['Nickelodeon', 'Pinwheel', 'Nick']",[' Winx Club was originally aired on Rai 2 in Italy.\nQ:'],ans,0
P449_general_WESTERN_COUNTRIES_232,Dark,"['Net Flix', 'Netflix', 'Netflix.com']",[' Dark was originally aired on Netflix.\nQ: Who is the creator'],ans,1
P449_general_WESTERN_COUNTRIES_234,His Dark Materials,"['BBC Television Service', 'BBC One', 'BBC1', 'BBC TV', 'BBC 1']",[' BBC One\nQ: What is the name of the first book in the His Dark Material'],ans,1
P449_general_WESTERN_COUNTRIES_236,Chernobyl,"['HBO Family', 'HBO', 'Home Box Office']",[' Chernobyl was originally aired on HBO.\nQ: Who is the'],ans,1
P449_general_WESTERN_COUNTRIES_238,"Daredevil, season 1","['Net Flix', 'Netflix', 'Netflix.com']","[' Daredevil, season 1 was originally aired on Netflix.\n']",ans,1
P449_general_WESTERN_COUNTRIES_240,Claws,"['TNT USA', 'Turner Network Television', 'TNT']",[' Claws was originally aired on TNT.\nQ: What is the name of'],ans,1
P449_general_WESTERN_COUNTRIES_242,Quantico,"['ABC', 'American Broadcasting Company']",[' Quantico was originally aired on ABC.\nQ: Who is the creator of'],ans,1
P449_general_WESTERN_COUNTRIES_244,90210,"['The CW', 'The CW Television Network']",[' Fox\nQ: What is the name of the character played by Shannen Doh'],ans,0
P449_general_WESTERN_COUNTRIES_246,Siren,"['CBN Satellite Service', 'Family Channel (USA)', 'CBN Cable Network', 'CBN Cable', 'CBN Television Network', 'Freeform', 'Fox Family', 'ABC Family', 'Family Channel (United States)', 'The Family Channel USA']",[' Siren was originally aired on the Freeform network.\nQ: What is the'],ans,1
P449_general_WESTERN_COUNTRIES_248,Tom and Jerry,['Cartoon Network'],[' Tom and Jerry was originally aired on MGM.\nQ: What is the name'],ans,0
P449_general_WESTERN_COUNTRIES_250,60 Minutes,"['Tiffany Network', 'CBS', 'Columbia Broadcasting System', 'Black Rock', 'Eye Network']",[' 60 Minutes was originally aired on CBS.\nQ: What is the'],ans,1
P449_general_WESTERN_COUNTRIES_252,Hawaii Five-0,"['Tiffany Network', 'CBS', 'Columbia Broadcasting System', 'Black Rock', 'Eye Network']",[' Hawaii Five-0 was originally aired on CBS.\nQ: What is the'],ans,1
P449_general_WESTERN_COUNTRIES_254,What a Cartoon!,['Cartoon Network'],[' What a Cartoon! was originally aired on Cartoon Network.\nQ: What'],ans,1
P449_general_WESTERN_COUNTRIES_256,Veronica Mars,"['hulu.com', 'United Paramount Network', 'UPN', 'The CW Television Network', 'Hulu', 'The CW']",[' Veronica Mars was originally aired on UPN.\nQ: What is the name'],ans,1
P449_general_WESTERN_COUNTRIES_258,Shameless,"['Showtime Networks', 'Showtime TV', 'SHO', 'Showtime']",[' Shameless was originally aired on Channel 4.\nQ: What is the'],ans,0
P449_general_WESTERN_COUNTRIES_260,Keeping Up with the Kardashians,"['E! Entertaiment', 'E! Online', 'E!', 'E! Entertainment Television', 'E! Network']",[' Keeping Up with the Kardashians was originally aired on E!\nQ'],ans,1
P449_general_WESTERN_COUNTRIES_262,"Stranger Things, season 4","['Net Flix', 'Netflix', 'Netflix.com']","[' Stranger Things, season 4 was originally aired on Netflix.\nQ']",ans,1
P449_general_WESTERN_COUNTRIES_264,Angelo Rules,['France 3'],[' Angelo Rules was originally aired on Cartoon Network in the United States.\n'],ans,0
P449_general_WESTERN_COUNTRIES_266,Yellowjackets,"['Showtime Networks', 'Showtime TV', 'SHO', 'Showtime']",[' Yellowjackets was originally aired on Showtime.\nQ: Who is the'],ans,1
P449_general_WESTERN_COUNTRIES_268,Titans,"['dcuniverse.com', 'DC Universe']",[' The show was originally aired on NBC.\nQ: What is the name of'],ans,0
P449_general_WESTERN_COUNTRIES_270,The Golden Girls,"['NBC', 'National Broadcasting Company']",[' NBC\nQ: What was the name of the show that The Golden Girls spun'],ans,1
P449_general_WESTERN_COUNTRIES_272,Pocoyo,['La 2'],[' Pocoyo was originally aired on TVE in Spain.\nQ: What is'],ans,0
P449_general_WESTERN_COUNTRIES_274,Tagesschau,"['Deutsches Fernsehen', 'Erstes Deutsches Fernsehen', 'Das Erste']",[' Tagesschau was originally aired on ARD.\nQ: What is the'],ans,0
P449_general_WESTERN_COUNTRIES_276,Servant,"['Apple TV Plus', 'AppleTV+', 'Apple TV+']",[' Servant was originally aired on Apple TV+.\nQ: How many episodes are'],ans,1
P449_general_WESTERN_COUNTRIES_278,The Good Doctor,"['ABC', 'American Broadcasting Company']",[' The Good Doctor was originally aired on ABC.\nQ: What is the name of'],ans,1
P449_general_WESTERN_COUNTRIES_280,Star Trek: Strange New Worlds,"['10 All Access', 'Paramount+', 'CBS All Access', 'Paramount Plus']",[' Star Trek: Strange New Worlds was originally aired on UPN.\n'],ans,0
P449_general_WESTERN_COUNTRIES_282,United States of Al,"['Tiffany Network', 'CBS', 'Columbia Broadcasting System', 'Black Rock', 'Eye Network']",[' United States of Al was aired on Showtime.\nQ: What is the name'],ans,0
P449_general_WESTERN_COUNTRIES_284,Wizards of Waverly Place,"['Disney Channel', 'Disney', 'The Disney Channel']",[' Wizards of Waverly Place was originally aired on Disney Channel.\nQ'],ans,1
P449_general_WESTERN_COUNTRIES_286,The Vampire Diaries,"['The CW', 'The CW Television Network']",[' The Vampire Diaries was originally aired on The CW.\nQ:'],ans,1
P449_general_WESTERN_COUNTRIES_288,Perry Mason,"['Tiffany Network', 'CBS', 'Columbia Broadcasting System', 'Black Rock', 'Eye Network']",[' CBS\nQ: What was the name of the show that Perry Mason was aired on'],ans,1
P449_general_WESTERN_COUNTRIES_290,Batman,"['ABC', 'American Broadcasting Company']",[' Batman was originally aired on ABC.\nQ: What is the name of the'],ans,1
P449_general_WESTERN_COUNTRIES_292,"Game of Thrones, season 4","['HBO Family', 'HBO', 'Home Box Office']",[' HBO\nQ: What is the name of the actor who plays the role of T'],ans,1
P449_general_WESTERN_COUNTRIES_294,The Book of Boba Fett,"['Disney+ Hotstar (India & Asia)', 'Disney Plus', 'Disney+', 'Disney+ Star (Europe & Asia)']",[' The Book of Boba Fett was originally aired on the Disney+ streaming service.'],ans,1
P449_general_WESTERN_COUNTRIES_296,The Real Adventures of Jonny Quest,['Cartoon Network'],[' The Real Adventures of Jonny Quest was originally aired on the Cartoon Network'],ans,1
P449_general_WESTERN_COUNTRIES_298,Legion,"['fX', 'FX network', 'FX', 'Fox extended']",[' Legion was originally aired on FX.\nQ: Who is the creator'],ans,1
P449_general_WESTERN_COUNTRIES_300,PAW Patrol,"['Nickelodeon', 'Pinwheel', 'Nick']",[' PAW Patrol was originally aired on Nickelodeon.\nQ: What'],ans,1
P449_general_WESTERN_COUNTRIES_302,Schitt's Creek,['CBC Television'],"["" Schitt's Creek was originally aired on CBC Television.\nQ: Who""]",ans,1
P449_general_WESTERN_COUNTRIES_304,Sex and the City,"['HBO Family', 'HBO', 'Home Box Office']",[' HBO\nQ: What is the name of the bar that the girls frequent?\n'],ans,1
P449_general_WESTERN_COUNTRIES_306,Rise of the Teenage Mutant Ninja Turtles,"['Pinwheel', 'Nick', 'Nicktoons Network', 'Nicktoons TV', 'Nickelodeon', 'Nicktoons']",[' Rise of the Teenage Mutant Ninja Turtles was originally aired on Nickelodeon'],ans,1
P449_general_WESTERN_COUNTRIES_308,Agent Carter,"['ABC', 'American Broadcasting Company']",[' ABC.\nQ: What is the name of the character that Hayley Atwell plays'],ans,1
P449_general_WESTERN_COUNTRIES_310,Star Trek: Voyager,"['United Paramount Network', 'UPN']",[' Star Trek: Voyager was originally aired on UPN.\nQ:'],ans,1
P449_general_WESTERN_COUNTRIES_312,Last Week Tonight with John Oliver,"['HBO Family', 'HBO', 'Home Box Office']",[' Last Week Tonight with John Oliver was originally aired on HBO.\nQ:'],ans,1
P449_general_WESTERN_COUNTRIES_314,Bob's Burgers,"['FOX', 'Fox Broadcasting Company']","["" Bob's Burgers was originally aired on Fox.\nQ: What is the""]",ans,1
P449_general_WESTERN_COUNTRIES_316,So You Think You Can Dance,"['FOX', 'Fox Broadcasting Company']",[' So You Think You Can Dance was originally aired on Fox.\nQ: What is'],ans,1
P449_general_WESTERN_COUNTRIES_318,Star Wars Resistance,"['Baxik TV', 'Disney XD']",[' Star Wars Resistance was originally aired on Disney Channel.\nQ: What is the'],ans,0
P449_general_WESTERN_COUNTRIES_320,Phineas and Ferb,"['The Disney Channel', 'Disney XD', 'Disney Channel', 'Disney', 'Baxik TV']",[' Disney Channel\nQ: What is the name of the show that Phineas and Fer'],ans,1
P449_general_WESTERN_COUNTRIES_322,Emily in Paris,"['Net Flix', 'Netflix', 'Netflix.com']",[' Emily in Paris was originally aired on ABC Family.\nQ: Who is the'],ans,0
P449_general_WESTERN_COUNTRIES_324,MasterChef,"['British Broadcasting Corporation', 'BBC']",[' MasterChef was originally aired on BBC.\nQ: What is the duration of'],ans,1
P449_general_WESTERN_COUNTRIES_326,Power Rangers Samurai,"['Nickelodeon', 'Pinwheel', 'Nick']",[' Power Rangers Samurai was originally aired on Nickelodeon.\nQ'],ans,1
P449_general_WESTERN_COUNTRIES_328,Orphan Black,['BBC America'],[' Orphan Black was originally aired on BBC America.\nQ: What is the name'],ans,1
P449_general_WESTERN_COUNTRIES_330,Chicago Fire,"['NBC', 'National Broadcasting Company']",[' Chicago Fire was originally aired on NBC.\nQ: Who is the creator'],ans,1
P449_general_WESTERN_COUNTRIES_332,The Good Place,"['NBC', 'National Broadcasting Company']",[' The Good Place was originally aired on NBC.\nQ: What is the name'],ans,1
P449_general_WESTERN_COUNTRIES_334,Dallas,"['Tiffany Network', 'CBS', 'Columbia Broadcasting System', 'Black Rock', 'Eye Network']",[' CBS\nQ: What was the name of the ranch where the Ewing family lived'],ans,1
P449_general_WESTERN_COUNTRIES_336,"Attack on Titan, season 4","['NHK General TV', 'NHK G']","[' Attack on Titan, season 4 was originally aired on Tokyo MX.']",ans,0
P449_general_WESTERN_COUNTRIES_338,The Alienist: Angel of Darkness,"['TNT USA', 'Turner Network Television', 'TNT']",[' The Alienist: Angel of Darkness was originally aired on TNT.\n'],ans,1
P449_general_WESTERN_COUNTRIES_340,Dark Shadows,"['ABC', 'American Broadcasting Company']",[' Dark Shadows was originally aired on ABC.\nQ: What was the name of'],ans,1
P449_general_WESTERN_COUNTRIES_342,Only Murders in the Building,"['hulu.com', 'Hulu']",[' Only Murders in the Building was originally aired on Hulu.\nQ: Who'],ans,1
P449_general_WESTERN_COUNTRIES_344,Empire,"['FOX', 'Fox Broadcasting Company']",[' Empire was originally aired on Fox.\nQ: What is the name of the song'],ans,1
P449_general_WESTERN_COUNTRIES_346,The Tonight Show Starring Jimmy Fallon,"['NBC', 'National Broadcasting Company']",[' The Tonight Show Starring Jimmy Fallon was originally aired on NBC.\n'],ans,1
P449_general_WESTERN_COUNTRIES_348,Shark Tank,"['ABC', 'American Broadcasting Company']",[' Shark Tank was originally aired on ABC.\nQ: What is the name'],ans,1
P449_general_WESTERN_COUNTRIES_350,BoJack Horseman,"['Net Flix', 'Netflix', 'Netflix.com']",[' BoJack Horseman was originally aired on Netflix.\nQ: Who'],ans,1
P449_general_WESTERN_COUNTRIES_352,El Ministerio del Tiempo,['La 1'],[' El Ministerio del Tiempo was originally aired on La 1.\nQ'],ans,1
P449_general_WESTERN_COUNTRIES_354,The Great Global Warming Swindle,"['C4', 'Channel 4']",[' The Great Global Warming Swindle was originally aired on Channel 4 in'],ans,1
P449_general_WESTERN_COUNTRIES_356,Battlestar Galactica,"['Sci-Fi Channel', 'Syfy', 'Sci Fi', 'SciFi Entertainment', 'SciFi']",[' The original series was aired on ABC in 1978.\nQ:'],ans,0
P449_general_WESTERN_COUNTRIES_358,Knots Landing,"['Tiffany Network', 'CBS', 'Columbia Broadcasting System', 'Black Rock', 'Eye Network']",[' Knots Landing was originally aired on CBS.\nQ: What is the'],ans,1
P449_general_WESTERN_COUNTRIES_360,Locke & Key,"['Net Flix', 'Netflix', 'Netflix.com']",[' The series was originally aired on Netflix.\nQ: How many episodes are'],ans,1
P449_general_WESTERN_COUNTRIES_362,Judging Amy,"['Tiffany Network', 'CBS', 'Columbia Broadcasting System', 'Black Rock', 'Eye Network']",[' CBS\nQ: What is the name of the character that Amy Brenneman plays'],ans,1
P449_general_WESTERN_COUNTRIES_364,Chuck,"['NBC', 'National Broadcasting Company']",[' NBC\nQ: What is the name of the character that Chuck plays in the'],ans,1
P449_general_WESTERN_COUNTRIES_366,Castlevania,"['Net Flix', 'Netflix', 'Netflix.com']",[' It was originally aired on Netflix.\nQ: What is the name of'],ans,1
P449_general_WESTERN_COUNTRIES_368,91st Academy Awards,"['ABC', 'American Broadcasting Company']",[' The 91st Academy Awards was originally aired on ABC.\nQ: Who'],ans,1
P449_general_WESTERN_COUNTRIES_370,"The Walking Dead, season 11","['AMC (television channel)', 'AMC (TV Network)', 'American Movie Classics', 'AMC (TV network)', 'AMC Network', 'AMC network', 'AMC', 'Filmcritic.com', 'American Movie Channel']","[' The Walking Dead, season 11 was originally aired on AMC.\n']",ans,1
P449_general_WESTERN_COUNTRIES_372,Another World,"['NBC', 'National Broadcasting Company']",[' Another World was originally aired on NBC.\nQ: What was the original name'],ans,1
P449_general_WESTERN_COUNTRIES_374,Miraculous: Tales of Ladybug & Cat Noir,"['Télévision française 1', 'TF1']",[' Miraculous: Tales of Ladybug & Cat Noir was originally aired on Disney Channel.\n'],ans,0
P449_general_WESTERN_COUNTRIES_376,WWE Tough Enough,"['Music Television', 'MTV']",[' MTV\nQ: What was the name of the first WWE Tough Enough winner'],ans,1
P449_general_WESTERN_COUNTRIES_378,Dynasty,"['The CW', 'The CW Television Network']",[' Dynasty was originally aired on ABC.\nQ: What is the name of'],ans,0
P449_general_WESTERN_COUNTRIES_380,Chicago P.D.,"['NBC', 'National Broadcasting Company']",[' Chicago P.D. was originally aired on NBC.\nQ: Who is'],opt,1
P449_general_WESTERN_COUNTRIES_382,Total Drama Presents: The Ridonculous Race,['Teletoon'],[' The Ridonculous Race was originally aired on Cartoon Network in the United States.\nQ'],ans,0
P449_general_WESTERN_COUNTRIES_384,Mom,"['Tiffany Network', 'CBS', 'Columbia Broadcasting System', 'Black Rock', 'Eye Network']",[' Mom was originally aired on CBS.\nQ: Who created Mom?\n'],ans,1
P449_general_WESTERN_COUNTRIES_386,Dynasty,"['ABC', 'American Broadcasting Company']",[' Dynasty was originally aired on ABC.\nQ: What is the name of'],ans,1
P449_general_WESTERN_COUNTRIES_388,Abbott Elementary,"['ABC', 'American Broadcasting Company']",[' The show was originally aired on Nickelodeon.\nQ: What is the'],ans,0
P449_general_WESTERN_COUNTRIES_390,Power Rangers Dino Charge,"['Nickelodeon', 'Pinwheel', 'Nick']",[' Power Rangers Dino Charge was originally aired on Nickelodeon.\n'],ans,1
P449_general_WESTERN_COUNTRIES_392,San Junipero,"['Net Flix', 'Netflix', 'Netflix.com']",[' San Junipero was originally aired on Netflix.\nQ: What is'],ans,1
P449_general_WESTERN_COUNTRIES_394,The Cuphead Show!,"['Net Flix', 'Netflix', 'Netflix.com']",[' The Cuphead Show! was originally aired on Netflix.\nQ: Who'],ans,1
P449_general_WESTERN_COUNTRIES_396,CSI: Miami,"['Tiffany Network', 'CBS', 'Columbia Broadcasting System', 'Black Rock', 'Eye Network']",[' CSI: Miami was originally aired on CBS.\nQ: What is the name'],ans,1
P449_general_WESTERN_COUNTRIES_398,Anne with an E,['CBC Television'],[' Anne with an E was originally aired on CBC in Canada.\nQ: What'],ans,0
P449_general_WESTERN_COUNTRIES_400,MythBusters,"['Discovery.com', 'Discovery', 'The Discovery Channel', 'Discovery Channel', 'Discovery Korea']",[' MythBusters was originally aired on Discovery Channel.\nQ: What'],ans,1
P449_general_WESTERN_COUNTRIES_402,Isabel,['La 1'],[' Isabel was originally aired on the CBC.\nQ: What is the name of'],ans,0
P449_general_WESTERN_COUNTRIES_404,Superstore,"['NBC', 'National Broadcasting Company']",[' Superstore was originally aired on NBC.\nQ: What is the name of'],ans,1
P449_general_WESTERN_COUNTRIES_406,The Addams Family,"['ABC', 'American Broadcasting Company']",[' The Addams Family was originally aired on ABC.\nQ: What is the name'],ans,1
P449_general_WESTERN_COUNTRIES_408,Gotham,"['FOX', 'Fox Broadcasting Company']",[' Gotham was originally aired on Fox.\nQ: Who is the creator of'],ans,1
P449_general_WESTERN_COUNTRIES_410,Last Man Standing,"['FOX', 'Fox Broadcasting Company']",[' Last Man Standing was originally aired on ABC.\nQ: Who is the cre'],ans,0
P449_general_WESTERN_COUNTRIES_412,It's Pony,"['Pinwheel', 'Nickelodeon', 'YTV', 'Nick']","["" It's Pony was originally aired on the Disney Channel.\nQ: What""]",ans,0
P449_general_WESTERN_COUNTRIES_414,Un village français,['France 3'],[' Un village français was originally aired on France 3.\nQ: Who is the'],ans,1
P449_general_WESTERN_COUNTRIES_416,Sex Education,"['Net Flix', 'Netflix', 'Netflix.com']",[' Sex Education was originally aired on Netflix.\nQ: What is the runtime'],ans,1
P449_general_WESTERN_COUNTRIES_418,WWE Monday Night RAW,"['USA', 'WWE Network', 'RTL9', 'Tvoyo Novoye Televideniye', 'AB Channel 1', 'TNT', 'THT', 'USA Network', 'AB 1', 'Paramount Network', 'AB1']",[' WWE Monday Night RAW was originally aired on the USA Network.\nQ:'],ans,1
P449_general_WESTERN_COUNTRIES_420,The Titan Games,"['NBC', 'National Broadcasting Company']",[' The Titan Games was originally aired on NBC.\nQ: What is the'],ans,1
P449_general_WESTERN_COUNTRIES_422,Touch,"['FOX', 'Fox Broadcasting Company']",[' Touch was originally aired on Fox.\nQ: Who is the creator of Touch'],ans,1
P449_general_WESTERN_COUNTRIES_424,Britain's Got Talent,"['Independent Television', 'ITV']","["" Britain's Got Talent was originally aired on ITV.\nQ: What""]",ans,1
P449_general_WESTERN_COUNTRIES_426,The Owl House,"['Disney Channel', 'Disney', 'The Disney Channel']",[' The Owl House was originally aired on Disney Channel.\nQ: Who is'],ans,1
P449_general_WESTERN_COUNTRIES_428,USS Callister,"['Net Flix', 'Netflix', 'Netflix.com']",[' The episode was originally aired on Netflix.\nQ: What is the runtime'],ans,1
P449_general_WESTERN_COUNTRIES_430,Dexter,"['Showtime Networks', 'Showtime TV', 'SHO', 'Showtime']",[' Dexter was originally aired on Showtime.\nQ: What is the name'],ans,1
P449_general_WESTERN_COUNTRIES_432,Who Is America?,"['Showtime Networks', 'Showtime TV', 'SHO', 'Showtime']",[' Showtime\nQ: What is the name of the character Sacha Baron Cohen plays'],ans,1
P449_general_WESTERN_COUNTRIES_434,USA Today,"['syndication', 'radio syndication', 'broadcast syndication', 'TV syndication']",[' USA Today was originally aired on the NBC network.\nQ: What is the'],ans,0
P449_general_WESTERN_COUNTRIES_436,"Tiger King: Murder, Mayhem and Madness","['Net Flix', 'Netflix', 'Netflix.com']","[' Tiger King: Murder, Mayhem and Madness was originally aired on Netflix.']",ans,1
P449_general_WESTERN_COUNTRIES_438,"Love, Victor","['hulu.com', 'Hulu']","[' Love, Victor was originally aired on Hulu.\nQ: What is the runtime']",ans,1
P449_general_WESTERN_COUNTRIES_440,Wallace and Gromit,"['BBC Television Service', 'BBC One', 'BBC1', 'BBC TV', 'BBC 1']","[' BBC\nQ: What is the name of the dog in the movie ""Up""?\n']",ans,0
P449_general_WESTERN_COUNTRIES_442,The Ellen DeGeneres Show,"['syndication', 'radio syndication', 'broadcast syndication', 'TV syndication']",[' The Ellen DeGeneres Show was originally aired on the NBC network.\nQ'],ans,0
P449_general_WESTERN_COUNTRIES_444,Princess Gwenevere and the Jewel Riders,"['syndication', 'radio syndication', 'broadcast syndication', 'TV syndication']",[' Princess Gwenevere and the Jewel Riders was originally aired on the USA Network in'],ans,0
P449_general_WESTERN_COUNTRIES_446,Younger,"['TV Land', 'CBS All Access', 'Paramount Plus', 'Paramount+', '10 All Access']",[' Younger was originally aired on TV Land.\nQ: What is the name of'],ans,1
P449_general_WESTERN_COUNTRIES_448,Sesame Street,"['HBO Family', 'HBO', 'Home Box Office']",[' PBS\nQ: What is the name of the character that is a yellow bird?'],ans,0
P449_general_WESTERN_COUNTRIES_450,Married... with Children,"['FOX', 'Fox Broadcasting Company']",[' Fox\nQ: What was the name of the show that was a spin-off of'],ans,1
P449_general_WESTERN_COUNTRIES_452,The Ren & Stimpy Show,"['Nickelodeon', 'Pinwheel', 'Nick']",[' Nickelodeon\nQ: What was the name of the first episode of The Ren'],ans,1
P449_general_WESTERN_COUNTRIES_454,The Fungies!,['HBO Max'],[' The Fungies! was originally aired on the Disney Channel.\nQ: What'],ans,0
P449_general_WESTERN_COUNTRIES_456,Rugrats,"['Nickelodeon', 'Pinwheel', 'Nick']",[' Rugrats was originally aired on Nickelodeon.\nQ: What is'],ans,1
P449_general_WESTERN_COUNTRIES_458,The Leftovers,"['HBO Family', 'HBO', 'Home Box Office']",[' The Leftovers was originally aired on HBO.\nQ: What is'],ans,1
P449_general_WESTERN_COUNTRIES_460,Hollyoaks,"['C4', 'Channel 4']",[' Hollyoaks was originally aired on Channel 4.\nQ: What is'],ans,1
P449_general_WESTERN_COUNTRIES_462,Polly Pocket,"['Family', 'Family Channel']",[' Polly Pocket was originally aired on the Disney Channel.\nQ: What is'],ans,0
P449_general_WESTERN_COUNTRIES_464,Teenage Mutant Ninja Turtles,"['Pinwheel', 'Nick', 'Nicktoons Network', 'Nicktoons TV', 'Nickelodeon', 'Nicktoons']",[' Teenage Mutant Ninja Turtles was originally aired on CBS.\nQ'],ans,0
P449_general_WESTERN_COUNTRIES_466,Veep,"['HBO Family', 'HBO', 'Home Box Office']",[' Veep was originally aired on HBO.\nQ: Who is the creator'],ans,1
P449_general_WESTERN_COUNTRIES_468,Happy Days,"['ABC', 'American Broadcasting Company']",[' Happy Days was originally aired on ABC.\nQ: What is the name of the'],ans,1
P449_general_WESTERN_COUNTRIES_470,The Loud House,"['Nickelodeon', 'Pinwheel', 'Nick']",[' The Loud House was originally aired on Nickelodeon.\nQ: What'],ans,1
P449_general_WESTERN_COUNTRIES_472,Mission: Impossible,"['Tiffany Network', 'CBS', 'Columbia Broadcasting System', 'Black Rock', 'Eye Network']",[' Mission: Impossible was originally aired on CBS.\nQ: What is the name'],ans,1
P449_general_WESTERN_COUNTRIES_474,The Resident,"['FOX', 'Fox Broadcasting Company']",[' The Resident was originally aired on Fox.\nQ: What is the name of'],ans,1
P449_general_WESTERN_COUNTRIES_476,Monty Python's Flying Circus,"['BBC Television Service', 'BBC2', 'BBC One', 'BBC1', 'BBC TV', 'BBC Two', 'BBC 1', 'BBC 2']",[' BBC\nQ: What was the name of the first Monty Python film?\nA'],ans,0
P449_general_WESTERN_COUNTRIES_478,Reaper,"['The CW', 'The CW Television Network']",[' The CW\nQ: What is the name of the actor who plays Sam Oliver?'],ans,1
P449_general_WESTERN_COUNTRIES_480,The Girlfriend Experience,"['Starz', 'STARZ!']",[' The Girlfriend Experience was originally aired on Starz.\nQ: What is'],ans,1
P449_general_WESTERN_COUNTRIES_482,Pennyworth,['Epix'],[' Pennyworth was originally aired on Epix.\nQ: What is the runtime'],ans,1
P449_general_WESTERN_COUNTRIES_484,The Jungle Book,"['Télévision française 1', 'TF1']",[' The Jungle Book was originally aired on Doordarshan.\nQ:'],ans,0
P449_general_WESTERN_COUNTRIES_486,Heartstopper,"['Net Flix', 'Netflix', 'Netflix.com']",[' Heartstopper was originally aired on BBC Radio 4.\nQ: What is'],ans,0
P449_general_WESTERN_COUNTRIES_488,2 Broke Girls,"['Tiffany Network', 'CBS', 'Columbia Broadcasting System', 'Black Rock', 'Eye Network']",[' 2 Broke Girls was originally aired on CBS.\nQ: Who is the'],ans,1
P449_general_WESTERN_COUNTRIES_490,Yellowstone,['Paramount Network'],[' Yellowstone was originally aired on the Paramount Network.\nQ: What is'],ans,1
P449_general_WESTERN_COUNTRIES_492,Lost in Space,"['Net Flix', 'Netflix', 'Netflix.com']",[' CBS\nQ: What was the name of the robot in Lost in Space?\nA'],ans,0
P449_general_WESTERN_COUNTRIES_494,Warrior,"['HBO Max', 'Max', 'Cinemax']",[' Warrior was originally aired on Cinemax.\nQ: What is the name'],ans,1
P449_general_WESTERN_COUNTRIES_496,The Voice UK,"['Independent Television', 'BBC Television Service', 'BBC One', 'BBC1', 'BBC TV', 'BBC 1', 'ITV']",[' The Voice UK was originally aired on BBC One.\nQ: When did The'],ans,1
P449_general_WESTERN_COUNTRIES_498,Toonami,['Cartoon Network'],[' Toonami was originally aired on Cartoon Network.\nQ: What is the'],ans,1
P449_general_WESTERN_COUNTRIES_500,Demain nous appartient,"['Télévision française 1', 'TF1']",[' Demain nous appartient was originally aired on TF1.\nQ: What'],ans,1
P449_general_WESTERN_COUNTRIES_502,The Rookie,"['ABC', 'American Broadcasting Company']",[' The Rookie was originally aired on ABC.\nQ: Who is the cre'],ans,1
P449_general_WESTERN_COUNTRIES_504,The Shield,"['fX', 'FX network', 'FX', 'Fox extended']",[' The Shield was originally aired on FX.\nQ: Who is the cre'],ans,1
P449_general_WESTERN_COUNTRIES_506,Shooter,"['USA Network', 'USA']",[' Shooter was originally aired on USA Network.\nQ: Who is the creator'],ans,1
P449_general_WESTERN_COUNTRIES_508,"The Walking Dead, season 6","['AMC (television channel)', 'AMC (TV Network)', 'American Movie Classics', 'AMC (TV network)', 'AMC Network', 'AMC network', 'AMC', 'Filmcritic.com', 'American Movie Channel']","[' The Walking Dead, season 6 was originally aired on AMC.\nQ']",ans,1
P449_general_WESTERN_COUNTRIES_510,The People v. O. J. Simpson: American Crime Story,"['fX', 'FX network', 'FX', 'Fox extended']",[' The People v. O. J. Simpson: American Crime Story was originally aired on FX.\n'],ans,1
P449_general_WESTERN_COUNTRIES_512,FlashForward,"['ABC', 'American Broadcasting Company']",[' FlashForward was originally aired on ABC.\nQ: Who is the creator'],ans,1
P449_general_WESTERN_COUNTRIES_514,Altered Carbon,"['Net Flix', 'Netflix', 'Netflix.com']",[' Altered Carbon was originally aired on Netflix.\nQ: What is'],ans,1
P449_general_WESTERN_COUNTRIES_516,Highlander: The Series,"['syndication', 'radio syndication', 'broadcast syndication', 'TV syndication']",[' Highlander: The Series was originally aired on the USA Network.\nQ:'],ans,0
P449_general_WESTERN_COUNTRIES_518,NCIS,"['Tiffany Network', 'CBS', 'Columbia Broadcasting System', 'Black Rock', 'Eye Network']",[' NCIS was originally aired on CBS.\nQ: What is the name of the'],ans,1
P449_general_WESTERN_COUNTRIES_520,"Magnum, P.I.","['National Broadcasting Company', 'Tiffany Network', 'CBS', 'NBC', 'Columbia Broadcasting System', 'Black Rock', 'Eye Network']",[' CBS\nQ: What was the name of the character played by Tom Selleck on'],ans,1
P449_general_WESTERN_COUNTRIES_522,Nikita,"['The CW', 'The CW Television Network']",[' Nikita was originally aired on the CW.\nQ: What is the name'],ans,1
P449_general_WESTERN_COUNTRIES_524,See,"['Apple TV Plus', 'AppleTV+', 'Apple TV+']",[' See was originally aired on the Apple TV+ streaming service.\nQ: How many'],ans,1
P449_general_WESTERN_COUNTRIES_526,Mysticons,"['Nickelodeon', 'Pinwheel', 'Nick']",[' Mysticons was originally aired on Nickelodeon in the United States.\nQ'],ans,1
P449_general_WESTERN_COUNTRIES_528,The Biggest Loser,"['NBC', 'National Broadcasting Company']",[' The Biggest Loser was originally aired on NBC.\nQ: Who is'],ans,1
P449_general_WESTERN_COUNTRIES_530,"Ed, Edd n Eddy",['Cartoon Network'],"[' Cartoon Network.\nQ: What is the name of the show that Ed, Edd']",ans,1
P449_general_WESTERN_COUNTRIES_532,El señor de los cielos,['Telemundo'],[' El señor de los cielos was originally aired on Telemundo.\nQ'],ans,1
P449_general_WESTERN_COUNTRIES_534,The Walking Dead: World Beyond,"['AMC (television channel)', 'AMC (TV Network)', 'American Movie Classics', 'AMC (TV network)', 'AMC Network', 'AMC network', 'AMC', 'Filmcritic.com', 'American Movie Channel']",[' The Walking Dead: World Beyond was originally aired on AMC.\nQ'],ans,1
P449_general_WESTERN_COUNTRIES_536,The New Woody Woodpecker Show,"['FOX', 'Fox Broadcasting Company']",[' The New Woody Woodpecker Show was originally aired on Fox Kids.\n'],ans,1
P449_general_WESTERN_COUNTRIES_538,Penny Dreadful,"['Showtime Networks', 'Showtime TV', 'SHO', 'Showtime']",[' Penny Dreadful was originally aired on Showtime.\nQ: Who is'],ans,1
P449_general_WESTERN_COUNTRIES_540,Silicon Valley,"['HBO Family', 'HBO', 'Home Box Office']",[' Silicon Valley was originally aired on HBO.\nQ: Who created Silicon'],ans,1
P449_general_WESTERN_COUNTRIES_542,Planet Earth,"['British Broadcasting Corporation', 'BBC']",[' The Discovery Channel.\nQ: What is the name of the narrator?\n'],ans,0
P449_general_WESTERN_COUNTRIES_544,"How to Get Away with Murder, season 2","['ABC', 'American Broadcasting Company']","[' How to Get Away with Murder, season 2 was originally aired on ABC.\nQ']",ans,1
P449_general_WESTERN_COUNTRIES_546,Knightfall,"['History', 'The History Channel', 'history.com', 'History Channel']",[' Knightfall was originally aired on the History Channel.\nQ: How many episodes are'],ans,1
P449_general_WESTERN_COUNTRIES_548,Pac-Man and the Ghostly Adventures,"['Baxik TV', 'Disney XD']",[' The show was originally aired on Disney XD.\nQ: What is the name'],ans,1
P449_general_WESTERN_COUNTRIES_550,The Queen of Miami,"['Canal 7', 'TVN 7', 'NBC', 'Television Nacional de Chile', 'Televisión Nacional de Chile', 'TVN', 'National Broadcasting Company']",[' The Queen of Miami was originally aired on Telemundo.\nQ: What is'],ans,0
P449_general_WESTERN_COUNTRIES_552,"Family Guy, season 8","['FOX', 'Fox Broadcasting Company']","[' Family Guy, season 8 was originally aired on FOX.\nQ: What']",ans,1
P449_general_WESTERN_COUNTRIES_554,Malcolm in the Middle,"['FOX', 'Fox Broadcasting Company']",[' Fox\nQ: What is the name of the family in Malcolm in the Middle'],ans,1
P449_general_WESTERN_COUNTRIES_556,John Adams,"['HBO Family', 'HBO', 'Home Box Office']",[' HBO\nQ: What is the name of the song that plays during the opening cred'],ans,1
P449_general_WESTERN_COUNTRIES_558,Xena: Warrior Princess,"['syndication', 'radio syndication', 'broadcast syndication', 'TV syndication']",[' Xena: Warrior Princess was originally aired on the USA Network.\nQ:'],ans,0
P449_general_WESTERN_COUNTRIES_560,Dead to Me,"['Net Flix', 'Netflix', 'Netflix.com']",[' Dead to Me was originally aired on Netflix.\nQ: What is the'],ans,1
P449_general_WESTERN_COUNTRIES_562,Columbo,"['ABC', 'NBC', 'American Broadcasting Company', 'National Broadcasting Company']",[' NBC\nQ: What was the name of the first episode of Columbo?'],ans,1
P449_general_WESTERN_COUNTRIES_564,Teletubbies,"['BBC 2', 'CBeebies', 'BBC Two', 'BBC2']","["" BBC\nQ: What is the name of the Teletubbies' home?""]",ans,0
P449_general_WESTERN_COUNTRIES_566,Life Unexpected,"['The CW', 'The CW Television Network']",[' The CW\nQ: What is the name of the song that plays in the background'],ans,1
P449_general_WESTERN_COUNTRIES_568,Narcos,"['Net Flix', 'Netflix', 'Netflix.com']",[' Narcos was originally aired on Netflix.\nQ: Who is the main'],ans,1
P449_general_WESTERN_COUNTRIES_570,Feud,"['fX', 'FX network', 'FX', 'Fox extended']",[' Feud was originally aired on FX.\nQ: What is the duration of'],ans,1
P449_general_WESTERN_COUNTRIES_572,Hacks,['HBO Max'],[' Hacks was originally aired on the ABC network.\nQ: What is the name'],ans,0
P449_general_WESTERN_COUNTRIES_574,Prisoner,"['10 TV Australia', 'Channel Ten', 'Network Ten', 'Network 10', 'Channel 10', '10 Network', 'Independent Television System', '0-10 Network']",[' Prisoner was originally aired on Network Ten in Australia.\nQ: What is'],ans,1
P449_general_WESTERN_COUNTRIES_576,It's Always Sunny in Philadelphia,"['FX', 'Fox extended', 'fX', 'FXX', 'FX network']","["" It's Always Sunny in Philadelphia was originally aired on FX.\nQ""]",ans,1
P449_general_WESTERN_COUNTRIES_578,Frasier,"['NBC', 'National Broadcasting Company']",[' Frasier was originally aired on NBC.\nQ: What is the name'],ans,1
P449_general_WESTERN_COUNTRIES_580,Katy Keene,"['The CW', 'The CW Television Network']",[' Katy Keene was originally aired on The CW.\nQ: What is'],ans,1
P449_general_WESTERN_COUNTRIES_582,Charlie's Angels,"['ABC', 'American Broadcasting Company']",[' ABC\nQ: What was the name of the character played by Farrah Fawc'],ans,1
P449_general_WESTERN_COUNTRIES_584,Mr. Bean,"['Independent Television', 'ITV']",[' ITV\nQ: What is the name of the character that Rowan Atkinson'],ans,1
P449_general_WESTERN_COUNTRIES_586,Mindhunter,"['Net Flix', 'Netflix', 'Netflix.com']",[' Mindhunter was originally aired on Netflix.\nQ: What is the'],ans,1
P449_general_WESTERN_COUNTRIES_588,Terminator: The Sarah Connor Chronicles,"['FOX', 'Fox Broadcasting Company']",[' Fox\nQ: What is the name of the character played by Lena Headey in'],ans,1
P449_general_WESTERN_COUNTRIES_590,JoJo's Circus,"['Disney Channel', 'Disney', 'The Disney Channel']","["" JoJo's Circus was originally aired on Playhouse Disney.\nQ:""]",ans,1
P449_general_WESTERN_COUNTRIES_592,JAG,"['National Broadcasting Company', 'Tiffany Network', 'CBS', 'NBC', 'Columbia Broadcasting System', 'Black Rock', 'Eye Network']",[' NBC\nQ: What is the name of the ship that Harm and Mac are station'],ans,1
P449_general_WESTERN_COUNTRIES_594,The A-Team,"['NBC', 'National Broadcasting Company']","["" NBC\nQ: What was the name of the A-Team's van?""]",ans,1
P449_general_WESTERN_COUNTRIES_596,Hot in Cleveland,['TV Land'],[' Hot in Cleveland was originally aired on TV Land.\nQ: What is the name'],ans,1
P449_general_WESTERN_COUNTRIES_598,BBC Sports Personality of the Year,"['British Broadcasting Corporation', 'BBC']",[' BBC Sports Personality of the Year was originally aired on BBC One.\nQ:'],ans,1
P449_general_WESTERN_COUNTRIES_600,Regular Show,['Cartoon Network'],[' Regular Show was originally aired on Cartoon Network.\nQ: What is the'],ans,1
P449_general_WESTERN_COUNTRIES_602,Beavis and Butt-Head,"['Music Television', 'MTV']",[' MTV\nQ: What is the name of the band that Beavis and Butt'],ans,1
P449_general_WESTERN_COUNTRIES_604,Inside Job,"['Net Flix', 'Netflix', 'Netflix.com']",[' Inside Job was originally aired on the CNBC network.\nQ: What is'],ans,0
P449_general_WESTERN_COUNTRIES_606,The Punisher,"['Net Flix', 'Netflix', 'Netflix.com']",[' The Punisher was originally aired on Netflix.\nQ: Who is'],ans,1
P449_general_WESTERN_COUNTRIES_608,NCIS: New Orleans,"['Tiffany Network', 'CBS', 'Columbia Broadcasting System', 'Black Rock', 'Eye Network']",[' NCIS: New Orleans was originally aired on CBS.\nQ: What is the'],ans,1
P449_general_WESTERN_COUNTRIES_610,Boardwalk Empire,"['HBO Family', 'HBO', 'Home Box Office']",[' Boardwalk Empire was originally aired on HBO.\nQ: Who is the cre'],ans,1
P449_general_WESTERN_COUNTRIES_612,Rome,"['HBO', 'HBO Family', 'BBC2', 'Home Box Office', 'BBC 2', 'BBC Two']",[' Rome was originally aired on HBO.\nQ: What is the name of the'],ans,1
P449_general_WESTERN_COUNTRIES_614,La Brea,"['NBC', 'National Broadcasting Company']",[' La Brea was originally aired on the Discovery Channel.\nQ: What is'],ans,0
P449_general_WESTERN_COUNTRIES_616,PJ Masks,['Disney Junior'],[' PJ Masks was originally aired on Disney Junior.\nQ: What is'],ans,1
P449_general_WESTERN_COUNTRIES_618,Hilda,"['Net Flix', 'Netflix', 'Netflix.com']",[' Hilda was originally aired on Netflix.\nQ: Who is the cre'],ans,1
P449_general_WESTERN_COUNTRIES_620,Grimm,"['NBC', 'National Broadcasting Company']",[' Grimm was originally aired on NBC.\nQ: What is the name of'],ans,1
P449_general_WESTERN_COUNTRIES_622,MacGyver,"['Tiffany Network', 'CBS', 'Columbia Broadcasting System', 'Black Rock', 'Eye Network']","["" ABC\nQ: What is MacGyver's first name?\nA:""]",ans,0
P449_general_WESTERN_COUNTRIES_624,WWE Smackdown,"['SciFi', 'Fox Deportes', 'Fox Broadcasting Company', 'United Paramount Network', 'Syfy', 'FOX', 'UPN', 'Sci-Fi Channel', 'Sci Fi', 'The CW Television Network', 'USA Network', 'SciFi Entertainment', 'The CW', 'USA']",[' WWE Smackdown was originally aired on UPN.\nQ: What is'],ans,1
P449_general_WESTERN_COUNTRIES_626,Wayward Pines,"['FOX', 'Fox Broadcasting Company']",[' Wayward Pines was originally aired on Fox.\nQ: What is the name'],ans,1
P449_general_WESTERN_COUNTRIES_628,Samurai Jack,"['Cartoon Network', 'Adult Swim', '[adult swim]']",[' Samurai Jack was originally aired on Cartoon Network.\nQ: What is'],ans,1
P449_general_WESTERN_COUNTRIES_630,Mao Mao: Heroes of Pure Heart,['Cartoon Network'],[' Mao Mao: Heroes of Pure Heart was originally aired on Cartoon Network.'],ans,1
P449_general_WESTERN_COUNTRIES_632,Unbreakable Kimmy Schmidt,"['Net Flix', 'Netflix', 'Netflix.com']",[' Unbreakable Kimmy Schmidt was originally aired on Netflix.\nQ:'],ans,1
P449_general_WESTERN_COUNTRIES_634,12 Monkeys,"['Sci-Fi Channel', 'Syfy', 'Sci Fi', 'SciFi Entertainment', 'SciFi']",[' 12 Monkeys was originally aired on Syfy.\nQ: Who'],ans,1
P449_general_WESTERN_COUNTRIES_636,The Legend of Tarzan,"['United Paramount Network', 'UPN', 'radio syndication', 'syndication', 'broadcast syndication', 'TV syndication']",[' The Legend of Tarzan was originally aired on NBC.\nQ:'],ans,0
P449_general_WESTERN_COUNTRIES_638,The Twilight Zone,"['Tiffany Network', 'CBS', 'Columbia Broadcasting System', 'Black Rock', 'Eye Network']",[' The Twilight Zone was originally aired on CBS.\nQ: What was the'],ans,1
P449_general_WESTERN_COUNTRIES_640,WWE NXT,"['WWE Network', 'hulu.com', 'Sci-Fi Channel', 'Syfy', 'Sci Fi', 'USA Network', 'Hulu', 'SciFi Entertainment', 'SciFi', 'USA']",[' WWE NXT was originally aired on Syfy.\nQ: What is'],ans,1
P449_general_WESTERN_COUNTRIES_642,Primal,"['[adult swim]', 'Adult Swim']",[' Primal was originally aired on the Sci-Fi Channel.\nQ: What is'],ans,1
P449_general_WESTERN_COUNTRIES_644,The Emperor's New School,"['The Disney Channel', 'Disney XD', 'Disney Channel', 'Disney', 'American Broadcasting Company', 'Baxik TV', 'ABC']","["" The Emperor's New School originally aired on the Disney Channel.\nQ: What""]",ans,1
P449_general_WESTERN_COUNTRIES_646,The Fresh Prince of Bel-Air,"['NBC', 'National Broadcasting Company']",[' NBC\nQ: What is the name of the character that Will Smith plays in The'],ans,1
P449_general_WESTERN_COUNTRIES_648,Alias,"['ABC', 'American Broadcasting Company']",[' ABC\nQ: What is the name of the character played by Jennifer Garner?'],ans,1
P449_general_WESTERN_COUNTRIES_650,On My Block,"['Net Flix', 'Netflix', 'Netflix.com']",[' On My Block was originally aired on Netflix.\nQ: Who is the'],ans,1
P449_general_WESTERN_COUNTRIES_652,DuckTales,"['The Disney Channel', 'Disney Channel', 'Disney', 'American Broadcasting Company', 'radio syndication', 'syndication', 'ABC', 'broadcast syndication', 'TV syndication']",[' DuckTales was originally aired on the Disney Channel.\nQ: What is'],ans,1
P449_general_WESTERN_COUNTRIES_654,All American,"['The CW', 'The CW Television Network']",[' The CW\nQ: What is the name of the high school that Spencer att'],ans,1
P449_general_WESTERN_COUNTRIES_656,LoliRock,['France 3'],"[' LoliRock was originally aired on France 3, a French TV channel.']",ans,1
P449_general_WESTERN_COUNTRIES_658,Revolution,"['NBC', 'National Broadcasting Company']",[' NBC\nQ: What is the name of the character played by Billy Burke?'],ans,1
P449_general_WESTERN_COUNTRIES_660,American Horror Story: Cult,"['fX', 'FX network', 'FX', 'Fox extended']",[' American Horror Story: Cult was originally aired on FX.\nQ: What'],ans,1
P449_general_WESTERN_COUNTRIES_662,Sonic the Hedgehog,"['ABC', 'American Broadcasting Company']",[' Sonic the Hedgehog was originally aired on ABC.\nQ: What'],ans,1
P449_general_WESTERN_COUNTRIES_664,My Brilliant Friend,"['HBO Family', 'HBO', 'Home Box Office']",[' My Brilliant Friend was originally aired on HBO.\nQ: What is the'],ans,1
P449_general_WESTERN_COUNTRIES_666,Six Feet Under,"['HBO Family', 'HBO', 'Home Box Office']",[' Six Feet Under was originally aired on HBO.\nQ: What is the'],ans,1
P449_general_WESTERN_COUNTRIES_668,As the World Turns,"['Tiffany Network', 'CBS', 'Columbia Broadcasting System', 'Black Rock', 'Eye Network']",[' As the World Turns was originally aired on CBS.\nQ: What is the'],ans,1
P449_general_WESTERN_COUNTRIES_670,Captain Power and the Soldiers of the Future,"['syndication', 'radio syndication', 'broadcast syndication', 'TV syndication']",[' The show was originally aired on the FOX network.\nQ: What was the'],ans,0
P449_general_WESTERN_COUNTRIES_672,Atlanta,"['fX', 'FX network', 'FX', 'Fox extended']",[' Atlanta was originally aired on FX.\nQ: Who created Atlanta?\nA'],ans,1
P449_general_WESTERN_COUNTRIES_674,Dad's Army,"['BBC Television Service', 'BBC One', 'BBC1', 'BBC TV', 'BBC 1']",[' BBC1\nQ: What was the name of the character played by Arthur Lowe?'],ans,1
P449_general_WESTERN_COUNTRIES_676,Lindenstraße,"['Deutsches Fernsehen', 'Erstes Deutsches Fernsehen', 'Das Erste']",[' Lindenstraße was originally aired on WDR.\nQ: What is the duration'],ans,0
P449_general_WESTERN_COUNTRIES_678,Gerry Anderson's New Captain Scarlet,"['Independent Television', 'ITV']","["" ITV1\nQ: What was the name of the first episode of Gerry Anderson'""]",ans,0
P449_general_WESTERN_COUNTRIES_680,Di-Gata Defenders,['Teletoon'],[' Di-Gata Defenders was originally aired on Teletoon in Canada.\n'],ans,1
P449_general_WESTERN_COUNTRIES_682,Legacies,"['The CW', 'The CW Television Network']",[' Legacies was originally aired on the WB.\nQ: What is the'],ans,0
P449_general_WESTERN_COUNTRIES_684,DuckTales,"['The Disney Channel', 'Disney XD', 'Disney Channel', 'Disney', 'Baxik TV']",[' DuckTales was originally aired on the Disney Channel.\nQ: What is'],ans,1
P449_general_WESTERN_COUNTRIES_686,Reign,"['The CW', 'The CW Television Network']",[' Reign was originally aired on The CW.\nQ: What is the name'],ans,1
P449_general_WESTERN_COUNTRIES_688,The Bridge,"['SVT', 'Sveriges Television', 'DR1', 'svt', 'Sverige Television']",[' The Bridge was originally aired on FX.\nQ: Who is the creator'],ans,0
P449_general_WESTERN_COUNTRIES_690,666 Park Avenue,"['ABC', 'American Broadcasting Company']",[' 666 Park Avenue was originally aired on ABC.\nQ: Who is'],ans,1
P449_general_WESTERN_COUNTRIES_692,I Didn't Know That,"['TV National Geographic Channel Animal in Germany', 'National Geographic Channel']","["" I Didn't Know That was originally aired on the Discovery Channel.\n""]",ans,0
P449_general_WESTERN_COUNTRIES_694,The Killing,['DR1'],[' The Killing was originally aired on AMC.\nQ: Who is the cre'],ans,0
P449_general_WESTERN_COUNTRIES_696,Hunters,"['Amazon Video On Demand', 'Amazon Prime Video', 'Amazon Video', 'Amazon Prime', 'Amazon Unbox', 'Amazon Instant Video']",[' Hunters was originally aired on Syfy.\nQ: Who is the cre'],ans,0
P449_general_WESTERN_COUNTRIES_698,"Breaking Bad, season 5","['AMC (television channel)', 'AMC (TV Network)', 'American Movie Classics', 'AMC (TV network)', 'AMC Network', 'AMC network', 'AMC', 'Filmcritic.com', 'American Movie Channel']",[' AMC\nQ: What is the name of the character that Bryan Cranston'],ans,1
P449_general_WESTERN_COUNTRIES_700,Invincible,"['Amazon Video On Demand', 'Amazon Prime Video', 'Amazon Video', 'Amazon Prime', 'Amazon Unbox', 'Amazon Instant Video']",[' Invincible was originally aired on the Disney Channel.\nQ: What is the'],ans,0
P449_general_WESTERN_COUNTRIES_702,American Horror Stories,"['hulu.com', 'Hulu']",[' American Horror Stories was originally aired on the FX Network.\nQ:'],ans,0
P449_general_WESTERN_COUNTRIES_704,Gunsmoke,"['Tiffany Network', 'CBS', 'Columbia Broadcasting System', 'Black Rock', 'Eye Network']",[' Gunsmoke was originally aired on CBS.\nQ: What is the name of'],ans,1
P449_general_WESTERN_COUNTRIES_706,Level Up,"['The CW', 'Cartoon Network', 'The CW Television Network']",[' Level Up was originally aired on Cartoon Network.\nQ: What is the name'],ans,1
P449_general_WESTERN_COUNTRIES_708,Outer Banks,"['Net Flix', 'Netflix', 'Netflix.com']",[' Outer Banks was originally aired on Netflix.\nQ: Who is'],ans,1
P449_general_WESTERN_COUNTRIES_710,The Last Man on Earth,"['FOX', 'Fox Broadcasting Company']",[' The Last Man on Earth was originally aired on Fox.\nQ: Who is the'],ans,1
P449_general_WESTERN_COUNTRIES_712,Longmire,"['Net Flix', 'A&E', 'Arts & Entertainment Network', 'Netflix.com', 'A&E Television Network', 'Arts & Entertainment', 'Netflix', 'A&E TV']",[' Longmire was originally aired on A&E.\nQ: What is the'],ans,1
P449_general_WESTERN_COUNTRIES_714,The Bold and the Beautiful,"['Tiffany Network', 'CBS', 'Columbia Broadcasting System', 'Black Rock', 'Eye Network']",[' The Bold and the Beautiful was originally aired on CBS.\nQ: What is'],ans,1
P449_general_WESTERN_COUNTRIES_716,Good Morning America,"['ABC', 'American Broadcasting Company']",[' Good Morning America was originally aired on ABC.\nQ: What is the duration'],ans,1
P449_general_WESTERN_COUNTRIES_718,"Avatar: The Last Airbender, season 1","['Nickelodeon', 'Pinwheel', 'Nick']",[' Nickelodeon\nQ: What is the name of the main character in Avatar: The Last'],ans,1
P449_general_WESTERN_COUNTRIES_720,Shaun the Sheep,"['CBBC', 'BBC Television Service', 'BBC One', 'BBC1', 'BBC TV', 'BBC 1', ""Children's BBC"", ""Children's British Broadcasting Corporation""]",[' Shaun the Sheep was originally aired on CBBC.\nQ:'],ans,1
P449_general_WESTERN_COUNTRIES_722,The Social Dilemma,"['Net Flix', 'Netflix', 'Netflix.com']",[' The Social Dilemma was originally aired on HBO.\nQ: What'],ans,0
P449_general_WESTERN_COUNTRIES_724,Madam Secretary,"['Tiffany Network', 'CBS', 'Columbia Broadcasting System', 'Black Rock', 'Eye Network']",[' Madam Secretary was originally aired on CBS.\nQ: What is the name of'],ans,1
P449_general_WESTERN_COUNTRIES_726,Homecoming,"['Amazon Video On Demand', 'Amazon Prime Video', 'Amazon Video', 'Amazon Prime', 'Amazon Unbox', 'Amazon Instant Video']",[' Homecoming was originally aired on the Amazon Prime Video streaming service.\nQ: How'],ans,1
P449_general_WESTERN_COUNTRIES_728,Joey,"['NBC', 'National Broadcasting Company']",[' NBC\nQ: What is the name of the show that Joey was a spin'],ans,1
P449_general_WESTERN_COUNTRIES_730,Dot.,['CBC Television'],[' Dot. was originally aired on CBC.\nQ: Who created Dot'],ans,0
P449_general_WESTERN_COUNTRIES_732,Madres. Amor y vida,"['Amazon Video On Demand', 'Amazon Prime Video', 'Amazon Video', 'Amazon Prime', 'Amazon Unbox', 'Amazon Instant Video']",[' Madres. Amor y vida was originally aired on Telefe.\nQ:'],ans,0
P449_general_WESTERN_COUNTRIES_734,Room 104,"['HBO Family', 'HBO', 'Home Box Office']",[' Room 104 was originally aired on HBO.\nQ: Who created'],ans,1
P449_general_WESTERN_COUNTRIES_736,Monsters vs. Aliens,"['Nickelodeon', 'Pinwheel', 'Nick']",[' Monsters vs. Aliens was originally aired on NBC.\nQ: What'],ans,0
P449_general_WESTERN_COUNTRIES_738,Travelers,"['Net Flix', 'Netflix', 'Netflix.com']",[' Travelers was originally aired on Showcase in Canada.\nQ: What is'],ans,0
P449_general_WESTERN_COUNTRIES_740,Jellystone!,['HBO Max'],[' Jellystone! was originally aired on the Cartoon Network.\nQ: What'],ans,0
P449_general_WESTERN_COUNTRIES_742,The Larry Sanders Show,"['HBO Family', 'HBO', 'Home Box Office']",[' HBO\nQ: What was the name of the show that Larry Sanders hosted?'],ans,1
P449_general_WESTERN_COUNTRIES_744,Space Force,"['Net Flix', 'Netflix', 'Netflix.com']",[' Space Force was originally aired on BBC One.\nQ: Who is the creator'],ans,0
P449_general_WESTERN_COUNTRIES_746,Roots,"['ABC', 'American Broadcasting Company']",[' Roots was originally aired on ABC.\nQ: What is the name of the'],ans,1
P449_general_WESTERN_COUNTRIES_748,Up Series,"['Independent Television', 'ITV']",[' Up Series was originally aired on ITV.\nQ: What is the duration of'],ans,1
P449_general_WESTERN_COUNTRIES_750,The Wonderful Wizard of Oz,"['TX', 'Television Tokyo', 'Teleto', 'Television Tokyo Channel', 'Digital7', 'Tokyo TV', 'TV Tokyo']",[' The Wonderful Wizard of Oz was originally aired on CBS.\nQ:'],ans,0
P449_general_WESTERN_COUNTRIES_752,The Secret Life of the American Teenager,"['CBN Satellite Service', 'Family Channel (USA)', 'CBN Cable Network', 'CBN Cable', 'CBN Television Network', 'Freeform', 'Fox Family', 'ABC Family', 'Family Channel (United States)', 'The Family Channel USA']",[' The Secret Life of the American Teenager was originally aired on ABC Family.\n'],ans,1
P449_general_WESTERN_COUNTRIES_754,The Talk,"['Tiffany Network', 'CBS', 'Columbia Broadcasting System', 'Black Rock', 'Eye Network']",[' The Talk was originally aired on CBS.\nQ: What is the duration of'],ans,1
P449_general_WESTERN_COUNTRIES_756,Dickinson,"['Apple TV Plus', 'AppleTV+', 'Apple TV+']",[' Dickinson was originally aired on Apple TV+.\nQ: How many seasons of'],ans,1
P449_general_WESTERN_COUNTRIES_758,Chip 'n Dale Rescue Rangers,"['The Disney Channel', 'Disney Channel', 'Disney', 'radio syndication', 'syndication', 'broadcast syndication', 'TV syndication']","["" The Disney Channel.\nQ: What was the name of the first episode of Chip '""]",ans,1
P449_general_WESTERN_COUNTRIES_760,Lupin,"['Net Flix', 'Netflix', 'Netflix.com']",[' Lupin was originally aired on Nippon Television Network (NTV) in'],ans,0
P449_general_WESTERN_COUNTRIES_762,The Rockford Files,"['NBC', 'National Broadcasting Company']",[' The Rockford Files was originally aired on NBC.\nQ: What is the'],ans,1
P449_general_WESTERN_COUNTRIES_764,The Wacky World of Tex Avery,"['radio syndication', 'syndication', 'M6', 'broadcast syndication', 'TV syndication']",[' The Wacky World of Tex Avery was originally aired on the USA Network.'],ans,0
P449_general_WESTERN_COUNTRIES_766,Let's Go Luna!,['TVOKids'],"["" Let's Go Luna! was originally aired on PBS Kids.\n""]",ans,0
P449_general_WESTERN_COUNTRIES_768,The Spanish Princess,"['Starz', 'STARZ!']",[' The Spanish Princess was originally aired on Starz.\nQ: What is the runtime'],ans,1
P449_general_WESTERN_COUNTRIES_770,Pushing Daisies,"['CTV (Canadian Television Network)', 'CTV Television Network']",[' Pushing Daisies was originally aired on ABC.\nQ: Who is the'],ans,0
P449_general_WESTERN_COUNTRIES_772,Children in Need,"['BBC Television Service', 'BBC One', 'BBC1', 'BBC TV', 'BBC 1']",[' BBC One\nQ: What is the name of the Children in Need mascot?\n'],ans,1
P449_general_WESTERN_COUNTRIES_774,Clarence,['Cartoon Network'],[' Clarence was originally aired on Cartoon Network.\nQ: Who is the cre'],ans,1
P449_general_WESTERN_COUNTRIES_776,Star Trek: The Animated Series,"['NBC', 'National Broadcasting Company']",[' NBC\nQ: What was the name of the first episode of Star Trek:'],ans,1
P449_general_WESTERN_COUNTRIES_778,The White Queen,"['BBC Television Service', 'BBC One', 'BBC1', 'BBC TV', 'BBC 1']",[' The White Queen was originally aired on BBC One.\nQ: Who is the cre'],ans,1
P449_general_WESTERN_COUNTRIES_780,VeggieTales,"['NBC', 'National Broadcasting Company']",[' The show was originally aired on NBC.\nQ: What is the name of'],ans,1
P449_general_WESTERN_COUNTRIES_782,Saved by the Bell,"['NBC', 'National Broadcasting Company']",[' NBC\nQ: What was the name of the high school on Saved by the'],ans,1
P449_general_WESTERN_COUNTRIES_784,The Suite Life on Deck,"['Disney Channel', 'Disney', 'The Disney Channel']",[' The Suite Life on Deck was originally aired on Disney Channel.\nQ:'],ans,1
P449_general_WESTERN_COUNTRIES_786,Blackadder,"['BBC Television Service', 'BBC One', 'BBC1', 'BBC TV', 'BBC 1']",[' BBC1\nQ: What was the name of the first episode of Blackadder?'],ans,1
P449_general_WESTERN_COUNTRIES_788,"Family Guy, season 20","['FOX', 'Fox Broadcasting Company']","[' Family Guy, season 20 was originally aired on FOX.\nQ:']",ans,1
P449_general_WESTERN_COUNTRIES_790,Revenge,"['ABC', 'American Broadcasting Company']",[' Revenge was originally aired on ABC.\nQ: Who is the creator'],ans,1
P449_general_WESTERN_COUNTRIES_792,Ben 10: Secret of the Omnitrix,['Cartoon Network'],[' Cartoon Network\nQ: What is the name of the alien that Ben 10 transform'],ans,1
P449_general_WESTERN_COUNTRIES_794,The Apprentice,"['NBC', 'National Broadcasting Company']",[' The Apprentice was originally aired on NBC.\nQ: What is the'],ans,1
P449_general_WESTERN_COUNTRIES_796,Marco Polo,"['Net Flix', 'Netflix', 'Netflix.com']",[' Marco Polo was originally aired on Netflix.\nQ: Who is the'],ans,1
P449_general_WESTERN_COUNTRIES_798,The Gilded Age,"['HBO Family', 'HBO', 'Home Box Office']",[' The Gilded Age was originally aired on PBS.\nQ: Who is'],ans,0
P449_general_WESTERN_COUNTRIES_800,Chicago Med,"['NBC', 'National Broadcasting Company']",[' Chicago Med was originally aired on NBC.\nQ: Who is the creator'],ans,1
P449_general_WESTERN_COUNTRIES_802,201,['Comedy Central'],[' 201 was originally aired on the Sci-Fi Channel.\nQ:'],ans,0
P449_general_WESTERN_COUNTRIES_804,Power Rangers Megaforce,"['Nickelodeon', 'Pinwheel', 'Nick']",[' Power Rangers Megaforce was originally aired on Nickelodeon.\nQ'],ans,1
P449_general_WESTERN_COUNTRIES_806,Beware the Batman,['Cartoon Network'],[' Beware the Batman was originally aired on Cartoon Network.\nQ: Who'],ans,1
P449_general_WESTERN_COUNTRIES_808,Numbers,"['Tiffany Network', 'CBS', 'Columbia Broadcasting System', 'Black Rock', 'Eye Network']",[' Numbers was originally aired on CBS.\nQ: Who is the creator of'],ans,1
P449_general_WESTERN_COUNTRIES_810,Karma's World,"['Net Flix', 'Netflix', 'Netflix.com']","["" Karma's World was originally aired on the Disney Channel.\nQ: What""]",ans,0
P449_general_WESTERN_COUNTRIES_812,Wayside,['Teletoon'],[' Wayside was originally aired on Nickelodeon.\nQ: What is'],ans,0
P449_general_WESTERN_COUNTRIES_814,Monsters at Work,"['Disney+ Hotstar (India & Asia)', 'Disney Plus', 'Disney+', 'Disney+ Star (Europe & Asia)']",[' Monsters at Work will be aired on Disney+.\nQ: When will Mon'],ans,1
P449_general_WESTERN_COUNTRIES_816,The Powerpuff Girls,['Cartoon Network'],[' The Powerpuff Girls was originally aired on Cartoon Network.\nQ: What'],ans,1
P449_general_WESTERN_COUNTRIES_818,The Hitchhiker's Guide to the Galaxy,"['Radio Four', 'BBC Radio Four', 'BBC Radio 4', 'Radio 4']",[' BBC Radio 4\nQ: What is the name of the ship that Ford Prefect and Arthur D'],ans,1
P449_general_WESTERN_COUNTRIES_820,Alvin and the Chipmunks,['M6'],[' The show was originally aired on NBC.\nQ: What is the name of'],ans,0
P449_general_WESTERN_COUNTRIES_822,Godzilla: The Series,"['Fox Kids', 'Foxkids']",[' Godzilla: The Series was originally aired on Fox Kids.\nQ:'],ans,1
P449_general_WESTERN_COUNTRIES_824,Amphibia,"['Disney Channel', 'Disney', 'The Disney Channel']",[' Amphibia was originally aired on Disney Channel.\nQ: What is the'],ans,1
P449_general_WESTERN_COUNTRIES_826,Sonic Boom,"['Boomerang', 'Boomerang from Cartoon Network']",[' Sonic Boom was originally aired on Cartoon Network.\nQ: What is'],ans,0
P449_general_WESTERN_COUNTRIES_828,Fifi and the Flowertots,['Nick Jr.'],[' Fifi and the Flowertots was originally aired on Five in the United Kingdom.'],ans,0
P449_general_WESTERN_COUNTRIES_830,Agatha Christie's Poirot,"['ITV', 'ITV1']","["" Agatha Christie's Poirot was originally aired on ITV.\n""]",ans,1
P449_general_WESTERN_COUNTRIES_832,Lassie,"['Tiffany Network', 'CBS', 'radio syndication', 'syndication', 'Columbia Broadcasting System', 'broadcast syndication', 'TV syndication', 'Black Rock', 'Eye Network']",[' CBS\nQ: What was the name of the dog that played Lassie?\n'],ans,1
P449_general_WESTERN_COUNTRIES_834,Station 19,"['ABC', 'American Broadcasting Company']",[' Station 19 was originally aired on ABC.\nQ: Who is the cre'],ans,1
P449_general_WESTERN_COUNTRIES_836,NXT 2.0,"['World Wrestling Federation', 'WWE Network', 'hulu.com', 'WWE, Inc.', 'Titan Sports, Inc.', 'webcast', 'Syfy', 'webcasting', 'Sci-Fi Channel', 'Sci Fi', 'WWF', 'USA Network', 'Hulu', 'SciFi Entertainment', 'SciFi', 'World Wrestling Entertainment', 'USA', 'WWE']",[' NXT 2.0 was originally aired on the USA Network.\nQ:'],ans,1
P449_general_WESTERN_COUNTRIES_838,Arthur,"['Public Broadcasting System', 'PBS', 'pbs.org']",[' Arthur was originally aired on PBS Kids.\nQ: What is the name'],ans,1
P449_general_WESTERN_COUNTRIES_840,Redwall,['France 3'],[' Redwall was originally aired on PBS in the United States.\nQ: What'],ans,0
P449_general_WESTERN_COUNTRIES_842,Foster's Home for Imaginary Friends,['Cartoon Network'],[' Cartoon Network.\nQ: What is the name of the episode where Bloo and Mac are'],ans,1
P449_general_WESTERN_COUNTRIES_844,Secret Invasion,"['Disney+ Hotstar (India & Asia)', 'Disney Plus', 'Disney+', 'Disney+ Star (Europe & Asia)']",[' Secret Invasion was originally aired on the Sci-Fi Channel.\nQ:'],ans,0
P449_general_WESTERN_COUNTRIES_846,The Lion Guard,['Disney Junior'],[' The Lion Guard was originally aired on Disney Junior.\nQ: What is the name'],ans,1
P449_general_WESTERN_COUNTRIES_848,The Apprentice (franchise),"['NBC', 'National Broadcasting Company']",[' The Apprentice (franchise) was originally aired on NBC.\n'],ans,1
P449_general_WESTERN_COUNTRIES_850,Street Sharks,"['syndication', 'radio syndication', 'broadcast syndication', 'TV syndication']",[' Street Sharks was originally aired on the Fox Kids Network.\nQ: What'],ans,0
P449_general_WESTERN_COUNTRIES_852,Lindsay Lohan's Beach Club,"['Music Television', 'MTV']",[' MTV\nQ: What is the name of the song that plays during the opening credits of'],ans,1
P449_general_WESTERN_COUNTRIES_854,Helluva Boss,"['youtu.be', 'YT', 'www.youtube.com', 'Youtube.com', 'YouTube', 'YouTube.com', 'Youtube', 'youtube.com']","[' Helluva Boss was originally aired on the YouTube channel, Rooster Teeth']",ans,1
P449_general_WESTERN_COUNTRIES_856,Mike & Molly,"['Tiffany Network', 'CBS', 'Columbia Broadcasting System', 'Black Rock', 'Eye Network']",[' Mike & Molly was originally aired on CBS.\nQ: Who is the cre'],ans,1
P449_general_WESTERN_COUNTRIES_858,The Muppet Show,"['Independent Television', 'ITV']",[' The Muppet Show was originally aired on ITV in the UK and on ABC in'],ans,1
P449_general_WESTERN_COUNTRIES_860,The Jeremy Kyle Show,"['Independent Television', 'ITV']",[' The Jeremy Kyle Show was originally aired on ITV.\nQ: What'],ans,1
P449_general_WESTERN_COUNTRIES_862,Stalin,"['HBO Family', 'HBO', 'Home Box Office']",[' The series was originally aired on BBC2.\nQ: What is the name of'],ans,0
P449_general_WESTERN_COUNTRIES_864,"Fear the Walking Dead, season 2","['AMC (television channel)', 'AMC (TV Network)', 'American Movie Classics', 'AMC (TV network)', 'AMC Network', 'AMC network', 'AMC', 'Filmcritic.com', 'American Movie Channel']","[' Fear the Walking Dead, season 2 was originally aired on AMC.\n']",ans,1
P449_general_WESTERN_COUNTRIES_866,The Boondocks,"['[adult swim]', 'Adult Swim']","["" The Boondocks was originally aired on Cartoon Network's Adult Sw""]",ans,1
P449_general_WESTERN_COUNTRIES_868,Star Wars: Clone Wars,['Cartoon Network'],[' Star Wars: Clone Wars was originally aired on Cartoon Network.\nQ:'],ans,1
P449_general_WESTERN_COUNTRIES_870,Gargoyles,"['ABC', 'American Broadcasting Company']",[' Gargoyles was originally aired on the Disney Afternoon block on the Disney Channel.'],ans,0
P449_general_WESTERN_COUNTRIES_872,Skatoony,"['Cartoon Network', 'Cartoon Network UK & Ireland']",[' Skatoony was originally aired on Cartoon Network in the United States.\nQ'],ans,1
P449_general_WESTERN_COUNTRIES_874,Frozen Planet,"['BBC Television Service', 'BBC One', 'BBC1', 'BBC TV', 'BBC 1']",[' Frozen Planet was originally aired on BBC One.\nQ: What is the duration'],ans,1
P449_general_WESTERN_COUNTRIES_876,Star-Crossed,"['The CW', 'The CW Television Network']",[' The CW\nQ: What is the name of the actress who plays Emery?'],ans,1
P449_general_WESTERN_COUNTRIES_878,Psych,"['USA Network', 'USA']",[' Psych was originally aired on USA Network.\nQ: What is the name of the'],ans,1
P449_general_WESTERN_COUNTRIES_880,This Is Us,"['NBC', 'National Broadcasting Company']",[' This Is Us was originally aired on NBC.\nQ: What is the name'],ans,1
P449_general_WESTERN_COUNTRIES_882,North and South,"['ABC', 'American Broadcasting Company']",[' North and South was originally aired on the BBC in 1975.\n'],ans,0
P449_general_WESTERN_COUNTRIES_884,"Veronica Mars, season 3","['United Paramount Network', 'UPN']",[' UPN\nQ: What is the name of the character played by Kristen Bell?'],ans,1
P449_general_WESTERN_COUNTRIES_886,Raven's Home,"['Disney Channel', 'Disney', 'The Disney Channel']","["" Raven's Home was originally aired on Disney Channel.\nQ: Who is""]",ans,1
P449_general_WESTERN_COUNTRIES_888,Higglytown Heroes,['Playhouse Disney'],[' Higglytown Heroes was originally aired on Disney Junior.\nQ: What'],ans,0
P449_general_WESTERN_COUNTRIES_890,Toopy and Binoo,['Treehouse TV'],[' Toopy and Binoo was originally aired on Treehouse TV.\nQ:'],ans,1
P449_general_WESTERN_COUNTRIES_892,Carnival Row,"['Amazon Video On Demand', 'Amazon Prime Video', 'Amazon Video', 'Amazon Prime', 'Amazon Unbox', 'Amazon Instant Video']",[' Carnival Row is an American fantasy drama web television series created by René Eche'],ans,0
P449_general_WESTERN_COUNTRIES_894,Foundation,"['Apple TV Plus', 'AppleTV+', 'Apple TV+']",[' Foundation was originally aired on the Sci-Fi Channel.\nQ: What is the'],ans,0
P449_general_WESTERN_COUNTRIES_896,Top Cat,"['ABC', 'American Broadcasting Company']",[' Top Cat was originally aired on ABC.\nQ: What is the name of the'],ans,1
P449_general_WESTERN_COUNTRIES_898,Arcane,"['Net Flix', 'Netflix', 'Netflix.com']",[' Arcane was originally aired on the Sci-Fi Channel.\nQ: What is'],ans,0
P449_general_WESTERN_COUNTRIES_900,Little Fires Everywhere,"['hulu.com', 'Hulu']",[' Little Fires Everywhere was originally aired on Hulu.\nQ: What is'],ans,1
P449_general_WESTERN_COUNTRIES_902,NASCAR on Fox,"['FOX', 'Fox Broadcasting Company']",[' FX\nQ: What was the first NASCAR race to be aired on'],ans,0
P449_general_WESTERN_COUNTRIES_904,Monk,"['USA Network', 'USA']",[' Monk was originally aired on the USA Network.\nQ: What is the name'],ans,1
P449_general_WESTERN_COUNTRIES_906,Spartacus,"['Starz', 'STARZ!']",[' Spartacus was originally aired on Starz.\nQ: Who is the cre'],ans,1
P449_general_WESTERN_COUNTRIES_908,Californication,"['Showtime Networks', 'Showtime TV', 'SHO', 'Showtime']",[' Californication was originally aired on Showtime.\nQ: Who is the cre'],ans,1
P449_general_WESTERN_COUNTRIES_910,The Haunting of Hill House,"['Net Flix', 'Netflix', 'Netflix.com']",[' The Haunting of Hill House was originally aired on Netflix.\nQ'],ans,1
P449_general_WESTERN_COUNTRIES_912,The Octonauts,"['British Broadcasting Corporation', 'BBC']",[' The Octonauts was originally aired on CBeebies.\nQ: What'],ans,0
P449_general_WESTERN_COUNTRIES_914,Robot and Monster,"['Nickelodeon', 'Pinwheel', 'Nick']",[' Nickelodeon.\nQ: What is the name of the show that Robot'],ans,1
P449_general_WESTERN_COUNTRIES_916,Bunk'd,"['Disney Channel', 'Disney', 'The Disney Channel']",[' Disney Channel.\nQ: What is the name of the camp?\nA: Camp'],ans,1
P449_general_WESTERN_COUNTRIES_918,Murphy Brown,"['Tiffany Network', 'CBS', 'Columbia Broadcasting System', 'Black Rock', 'Eye Network']",[' CBS\nQ: What was the name of the show that Murphy Brown was on?'],ans,1
P449_general_WESTERN_COUNTRIES_920,Horseland,"['Tiffany Network', 'CBS', 'Columbia Broadcasting System', 'Black Rock', 'Eye Network']",[' Horseland was originally aired on Discovery Kids in the United States.\n'],ans,0
P449_general_WESTERN_COUNTRIES_922,Curb Your Enthusiasm,"['HBO Family', 'HBO', 'Home Box Office']",[' Curb Your Enthusiasm was originally aired on HBO.\nQ'],ans,1
P449_general_WESTERN_COUNTRIES_924,Captain Simian & the Space Monkeys,"['syndication', 'radio syndication', 'broadcast syndication', 'TV syndication']",[' The show was originally aired on Fox Kids.\nQ: What is the name'],ans,0
P449_general_WESTERN_COUNTRIES_926,"Fear the Walking Dead, season 3","['AMC (television channel)', 'AMC (TV Network)', 'American Movie Classics', 'AMC (TV network)', 'AMC Network', 'AMC network', 'AMC', 'Filmcritic.com', 'American Movie Channel']","[' Fear the Walking Dead, season 3 was originally aired on AMC.\n']",ans,1
P449_general_WESTERN_COUNTRIES_928,"Prison Break, season 5","['FOX', 'Fox Broadcasting Company']","[' Prison Break, season 5 was originally aired on Fox.\nQ: What']",ans,1
P449_general_WESTERN_COUNTRIES_930,The Killing,"['AMC (television channel)', 'AMC (TV Network)', 'American Movie Classics', 'AMC (TV network)', 'AMC Network', 'AMC network', 'AMC', 'Filmcritic.com', 'American Movie Channel']",[' The Killing was originally aired on AMC.\nQ: Who is the cre'],ans,1
P449_general_WESTERN_COUNTRIES_932,"Breaking Bad, season 4","['AMC (television channel)', 'AMC (TV Network)', 'American Movie Classics', 'AMC (TV network)', 'AMC Network', 'AMC network', 'AMC', 'Filmcritic.com', 'American Movie Channel']",[' AMC\nQ: What is the name of the character that is played by Bryan'],ans,1
P449_general_WESTERN_COUNTRIES_934,"Lost, season 5","['ABC', 'American Broadcasting Company']",[' ABC\nQ: What is the name of the island in Lost?\nA: The'],ans,1
P449_general_WESTERN_COUNTRIES_936,Great News,"['NBC', 'National Broadcasting Company']",[' Great News was originally aired on NBC.\nQ: What is the name of'],ans,1
P449_general_WESTERN_COUNTRIES_938,"Murder, She Wrote","['Tiffany Network', 'CBS', 'Columbia Broadcasting System', 'Black Rock', 'Eye Network']",[' CBS\nQ: What was the name of the character played by Angela Lansbury'],ans,1
P449_general_WESTERN_COUNTRIES_940,Pyramid,"['Tiffany Network', 'CBS', 'American Broadcasting Company', 'radio syndication', 'syndication', 'Columbia Broadcasting System', 'ABC', 'broadcast syndication', 'TV syndication', 'Black Rock', 'Eye Network']",[' Pyramid was originally aired on CBS from 1973 to 1'],ans,1
P449_general_WESTERN_COUNTRIES_942,Blue Planet II,"['BBC Television Service', 'BBC One', 'BBC1', 'BBC TV', 'BBC 1']",[' Blue Planet II was originally aired on BBC One.\nQ: What is the duration'],ans,1
P449_general_WESTERN_COUNTRIES_944,Pam & Tommy,"['hulu.com', 'Hulu']",[' Pam & Tommy was originally aired on the E! network.\nQ: What is'],ans,0
P449_general_WESTERN_COUNTRIES_946,"Walker, Texas Ranger","['Tiffany Network', 'CBS', 'Columbia Broadcasting System', 'Black Rock', 'Eye Network']",[' CBS\nQ: What was the name of the character that Chuck Norris played in'],ans,1
P449_general_WESTERN_COUNTRIES_948,Mummies Alive!,"['Tiffany Network', 'CBS', 'Columbia Broadcasting System', 'Black Rock', 'Eye Network']",[' Mummies Alive! was originally aired on the USA Network.\nQ:'],ans,0
P449_general_WESTERN_COUNTRIES_950,Mega Man,"['syndication', 'radio syndication', 'broadcast syndication', 'TV syndication']",[' Mega Man was originally aired on the USA Network.\nQ: What is the'],ans,0
P449_general_WESTERN_COUNTRIES_952,The Good Guys,"['FOX', 'Fox Broadcasting Company']",[' The Good Guys was originally aired on Fox.\nQ: Who is the cre'],ans,1
P449_general_WESTERN_COUNTRIES_954,Totally Spies!,"['Télévision française 1', 'TF1']",[' Totally Spies! was originally aired on ABC Family in the United States.\n'],ans,0
P449_general_WESTERN_COUNTRIES_956,Wings,"['BBC Television Service', 'BBC One', 'BBC1', 'BBC TV', 'BBC 1']",[' Wings was originally aired on NBC.\nQ: What is the name of'],ans,0
P449_general_WESTERN_COUNTRIES_958,Power Players,['Cartoon Network'],[' Power Players was originally aired on Cartoon Network.\nQ: What is the'],ans,1
P449_general_WESTERN_COUNTRIES_960,I Dream of Jeannie,"['NBC', 'National Broadcasting Company']",[' NBC\nQ: What was the name of the character that was played by Barbara E'],ans,1
P449_general_WESTERN_COUNTRIES_962,Preacher,"['AMC (television channel)', 'AMC (TV Network)', 'American Movie Classics', 'AMC (TV network)', 'AMC Network', 'AMC network', 'AMC', 'Filmcritic.com', 'American Movie Channel']",[' Preacher was originally aired on AMC.\nQ: Who is the creator'],ans,1
P449_general_WESTERN_COUNTRIES_964,The Eric André Show,"['[adult swim]', 'Adult Swim']",[' The Eric André Show was originally aired on Adult Swim.\nQ: What'],ans,1
P449_general_WESTERN_COUNTRIES_966,Normal People,"['hulu.com', 'Hulu']",[' Normal People was originally aired on BBC Three.\nQ: What is the runtime of'],ans,0
P449_general_WESTERN_COUNTRIES_968,The Power of Nightmares,"['BBC 2', 'BBC Two', 'BBC2']",[' The Power of Nightmares was originally aired on BBC2.\nQ: What'],ans,1
P449_general_WESTERN_COUNTRIES_970,Duel,"['ABC', 'American Broadcasting Company']",[' ABC-TV\nQ: What was the name of the truck driver?\nA'],ans,1
P449_general_WESTERN_COUNTRIES_972,The Little Mermaid,"['Tiffany Network', 'CBS', 'Columbia Broadcasting System', 'Black Rock', 'Eye Network']",[' The Little Mermaid was originally aired on ABC.\nQ: What is the'],ans,0
P449_general_WESTERN_COUNTRIES_974,Devious Maids,['Lifetime'],[' Devious Maids was originally aired on Lifetime.\nQ: Who created'],ans,1
P449_general_WESTERN_COUNTRIES_976,Doug,"['Pinwheel', 'Nick', 'American Broadcasting Company', 'Nickelodeon', 'ABC']",[' Nickelodeon\nQ: What is the name of the show that Doug was sp'],ans,1
P449_general_WESTERN_COUNTRIES_978,Industry,"['HBO', 'HBO Family', 'BBC2', 'Home Box Office', 'BBC 2', 'BBC Two']",[' Industry was originally aired on the Showtime Network.\nQ: What is the'],ans,0
P449_general_WESTERN_COUNTRIES_980,A Country Practice,"['10 TV Australia', 'Channel Ten', 'Channel Seven', 'Network 7', 'Network Ten', 'Network 10', 'Channel 10', '10 Network', 'Seven head Network', 'Independent Television System', 'Seven Network', '0-10 Network', 'Channel 7', 'Seven', '7', 'Network Seven']",[' A Country Practice was originally aired on the Seven Network.\nQ: What is'],ans,1
P449_general_WESTERN_COUNTRIES_982,Bodyguard,"['BBC Television Service', 'BBC One', 'BBC1', 'BBC TV', 'BBC 1']",[' The series was originally aired on BBC One.\nQ: What is the name of'],ans,1
P449_general_WESTERN_COUNTRIES_984,14 - Diaries of the Great War,"['Arte', 'Association relative à la télévision européenne', 'ARTE France']",[' 14 - Diaries of the Great War was originally aired on BBC One.\n'],ans,0
P449_general_WESTERN_COUNTRIES_986,Swamp Thing,"['dcuniverse.com', 'DC Universe']",[' Swamp Thing was originally aired on the USA Network.\nQ: What is'],ans,0
P449_general_WESTERN_COUNTRIES_988,Brain Games,"['TV National Geographic Channel Animal in Germany', 'National Geographic Channel']",[' Brain Games was originally aired on National Geographic Channel.\nQ: What is the'],ans,1
P449_general_WESTERN_COUNTRIES_990,Melrose Place,"['FOX', 'Fox Broadcasting Company']",[' Melrose Place was originally aired on Fox.\nQ: What is the name of'],ans,1
P449_general_WESTERN_COUNTRIES_992,Rainbow Butterfly Unicorn Kitty,"['Nickelodeon', 'Pinwheel', 'Nick']",[' Rainbow Butterfly Unicorn Kitty was originally aired on Nickelodeon'],ans,1
P449_general_WESTERN_COUNTRIES_994,Robot Chicken,"['[adult swim]', 'Adult Swim']","["" Robot Chicken was originally aired on Cartoon Network's Adult Swim""]",ans,1
P449_general_WESTERN_COUNTRIES_996,Oggy and the Cockroaches,"['France 3', 'Gulli']",[' Oggy and the Cockroaches was originally aired on France 3.'],ans,1
P449_general_WESTERN_COUNTRIES_998,Stakes,['Cartoon Network'],[' Stakes was originally aired on the Disney Channel.\nQ: What is the name'],ans,0
