﻿uuid,sub_label,obj_label,choices,ans_type,acc
P449_general_ARAB_REGION_0,Star Academy Arab World,"['LBC', 'Lebanese Broadcasting Corporation', 'LDC']",[' Star Academy Arab World was originally aired on LBC.\nQ: What is the name of'],ans,1
P449_general_ARAB_REGION_2,Bela Hodod,"['Al-Jazīrah', 'JSC', 'Al Jazeera', 'Al Jazeera Arabic', 'Aljazeera', 'Jazeera', 'Al Jazeera Satellite Channel', 'Al-Jazeera']",[' Bela Hodod was aired on the Israeli channel 2.\nQ: What'],ans,0
P449_general_ARAB_REGION_4,Omar,"['Mbc 1', 'MBC1 mbc drama', 'Qatar TV', 'MBC 1']",[' Omar was originally aired on HBO.\nQ: What is the name of the actor'],ans,0
P449_general_ARAB_REGION_6,Emirates 24/7,"['Dubai Channel 33', 'Dubai 33', 'Dubai One TV', 'One TV', 'Ch33', 'Dubai Ch33', 'Dubai One', 'Channel 33']",[' Emirates 24/7 was originally aired on Dubai One.\nQ:'],ans,1
P449_general_ARAB_REGION_8,Romana O Brtal,['2M TV'],[' Romana O Brtal was originally aired on Czech Republic.\nQ: Who is the producer'],ans,0
P449_general_ARAB_REGION_10,Takki Series,"['Alaraby TV', 'Al Araby', 'Al Araby TV']",[' It was aired on NHK.\nQ: What is the name of the song that'],ans,0
P449_general_ARAB_REGION_12,Jinn,"['Net Flix', 'Netflix', 'Netflix.com']",[' Jinn was aired on Netflix.\nQ: What is the duration of Jinn'],ans,1
P449_general_ARAB_REGION_14,El Bernameg,"['MBC Maser', 'MBC Egypt', 'MBC Masr']",[' El Bernameg was originally aired on CBC (Capital Broadcast Center) in Egypt.'],ans,0
P449_general_ARAB_REGION_16,Nsibti Laaziza,['Nessma TV'],[' Nsibti Laaziza was originally aired on the Lebanese Broadcasting Corporation ('],ans,0
P449_general_ARAB_REGION_18,El Wa3ra,"['Echourouk TV', 'Echorouk TV']",[' El Wa3ra was originally aired on the Lebanese Broadcasting Corporation (LBC)'],ans,0
P449_general_ARAB_REGION_20,Samarqand,"['TeN TV', 'Abu Dhabi drama tv series Bulgaria 2014 2016 - 2023', 'AD Drama', 'Rotana Gulf', 'Abu Dhabi Drama', 'Future Television', 'Al Tahrir TV', 'Al Tahrir', 'Mbc 1', 'MBC1 mbc drama', 'Abu Dhabi TV', 'Future TV', 'MBC 1', 'Drama TV']",[' Samarqand was aired on the BBC World Service.\nQ: What is the name'],ans,0
P449_general_ARAB_REGION_22,The End,"['ON E', 'ONTV', 'ON TV', 'ON']",[' The End was originally aired on the Sci-Fi Channel.\nQ: What is the name'],ans,1
P449_general_ARAB_REGION_24,Covid-25,"['Rotana Gulf', 'ON', 'ON E', 'Al Hayat TV', 'ONTV', 'ON TV']",[' The first episode of Covid-25 was broadcast on BBC One on 2020'],ans,1
P449_general_ARAB_REGION_26,Djemai Family,"['ENTV', 'EPTV', 'Algerian Television']",[' Djemai Family was originally aired on the French channel M6.\nQ: What is'],ans,0
P449_general_ARAB_REGION_28,Rdat Lwalida,"['TVM', 'Al Aoula', 'التلفزة المغربية']",[' Rdat Lwalida was originally aired on the Lebanese Broadcasting Corporation (LBC'],ans,0
P449_general_ARAB_REGION_30,Nass Mlah City,"['ENTV', 'EPTV', 'Algerian Television']",[' Nass Mlah City was originally aired on the Arabic channel MBC.\nQ:'],ans,0
P449_general_ARAB_REGION_32,Maktoub,['Télévision Tunisienne 1'],"[' Maktoub was aired on MBC 1, MBC 2, MBC']",ans,0
P449_general_ARAB_REGION_34,The Voice Kids,"['MTV Lebanon', 'LBC', 'MBC3', 'MBC Group', 'Lebanese Broadcasting Corporation', 'MBC', 'LDC', 'Middle East Broadcasting Center', 'MBC 3', 'Murr TV', 'Murr Television']","[' The Voice Kids was originally aired on the Dutch television network, RTL4.\n']",ans,0
P449_general_ARAB_REGION_36,Gamret Sidi Mahrous,['Télévision Tunisienne 1'],[' Gamret Sidi Mahrous was originally aired on Algerian TV.\nQ:'],ans,0
P449_general_ARAB_REGION_38,Awlad Al Darb,"['MBC Cinq', 'MBC5', 'MBC MASR5', 'MBC Masr 5', 'MBC Five', 'MBC 5', 'MBC Maghreb']",[' Awlad Al Darb was originally aired on Al Jazeera.\nQ: What is'],ans,0
P449_general_ARAB_REGION_40,The Other Dimension,['2M TV'],[' The Other Dimension was originally aired on the Sci-Fi Channel.\nQ: What is'],ans,0
P449_general_ARAB_REGION_42,Tunis 2050,['Télévision Tunisienne 1'],[' Tunis 2050 was originally aired on the Tunisian National Television (T'],ans,0
P449_general_ARAB_REGION_44,Moul Lmlih,"['TVM', 'Al Aoula', 'التلفزة المغربية']",[' Moul Lmlih was aired on the Lebanese Broadcasting Corporation (LBC'],ans,0
P449_general_ARAB_REGION_46,Tej El Hadhra,"['Elhiwar Ettounsi', 'El Hiwar El Tounsi']",[' Tej El Hadhra was originally aired on the Lebanese Broadcasting Corporation (L'],ans,0
P449_general_ARAB_REGION_48,Chahadat Milad,"['MBC Cinq', 'MBC5', 'MBC MASR5', 'MBC Masr 5', 'MBC Five', 'MBC 5', 'MBC Maghreb']",[' Chahadat Milad was originally aired on Geo TV.\nQ: What is'],ans,0
P449_general_ARAB_REGION_50,Illusion,"['KSA 1', 'Al Saudiya', 'Saudi TV Channel 1']","[' Illusion was aired on the now defunct channel, UPN.\nQ: What is']",ans,0
P449_general_ARAB_REGION_52,Naguib Zahi Zarkash,"['ON E', 'ONTV', 'ON TV', 'ON']",[' Naguib Zahi Zarkash was originally aired on Al-Jazeera.'],ans,1
P449_general_ARAB_REGION_54,Galb El Dhib,"['Elhiwar Ettounsi', 'El Hiwar El Tounsi']",[' Galb El Dhib was aired on MBC Masr.\nQ: What is the'],ans,0
P449_general_ARAB_REGION_56,Sayd Errim,['Télévision Tunisienne 2'],[' Sayd Errim was aired on Algerian TV.\nQ: What is the name'],ans,0
P449_general_ARAB_REGION_58,Aa Al Hilwa Wa Al Morra,"['SHAHID VIP', 'Shahid.net', 'SHAHID', 'MBC Iraq', 'Mbc 1', 'SHAHID.net', 'SHAHID PLUS', 'MBC1 mbc drama', 'Shahid', 'MBC 1', 'Shahid VIP', 'Shahid Plus']",[' Aa Al Hilwa Wa Al Morra was originally aired on Al Jazeera.\n'],ans,0
P449_general_ARAB_REGION_60,Mnamet Aroussia,['Télévision Tunisienne 1'],[' Mnamet Aroussia was aired on Tunisian National Television (TNT)\n'],ans,0
P449_general_ARAB_REGION_62,Open Your Heart,"['Echourouk TV', 'Echorouk TV']",[' Open Your Heart was aired on the ABC network.\nQ: What is the name of the'],ans,0
P449_general_ARAB_REGION_64,Kabour W Lahbib,['2M TV'],[' Kabour W Lahbib was originally aired on Algerian TV.\nQ: What'],ans,0
P449_general_ARAB_REGION_66,Grand Hotel,"['Capital Broadcast Center', 'CBC', 'Capital Broadcasting Center']",[' Grand Hotel was originally aired on ABC.\nQ: What is the name of the hotel in'],ans,0
P449_general_ARAB_REGION_68,Harga,['Télévision Tunisienne 1'],[' Harga was originally aired on TV3.\nQ: What is the duration of Harga'],ans,0
P449_general_ARAB_REGION_70,Biya Wla Bik,"['TVM', 'Al Aoula', 'التلفزة المغربية']",[' Biya Wla Bik was aired on the Lebanese Broadcasting Corporation (LBC'],ans,0
P449_general_ARAB_REGION_72,Between Love and Past,"['Mbc 1', 'MBC1 mbc drama', 'MBC 1']",[' Between Love and Past was aired on MBC.\nQ: When was Between Love and Past'],ans,0
P449_general_ARAB_REGION_74,Zettat,['2M TV'],[' Zettai Karen Children was originally aired on TV Tokyo.\nQ: What is the'],ans,0
P449_general_ARAB_REGION_76,Kesmat Wkhayen,"['Elhiwar Ettounsi', 'El Hiwar El Tounsi']",[' Kesmat Wkhayen was originally aired on MTV Lebanon.\nQ: What'],ans,0
P449_general_ARAB_REGION_78,Sunday all is permitted,"['Elhiwar Ettounsi', 'El Hiwar El Tounsi']",[' It was originally aired on the BBC.\nQ: What is the name of the main character'],ans,0
P449_general_ARAB_REGION_80,Al Mousstadaafoun,"['TVM', 'Al Aoula', 'التلفزة المغربية']",[' Al Mousstadaafoun was originally aired on Al Jazeera.\nQ:'],ans,0
P449_general_ARAB_REGION_82,Dar Dmana,"['TVM', 'Al Aoula', 'التلفزة المغربية']","["" Dar Dmana was originally aired on Al-Jazeera Children's Channel.\nQ""]",ans,0
P449_general_ARAB_REGION_84,Lalla Fatima,['2M TV'],[' Lalla Fatima was originally aired on the channel Zee TV.\nQ: Who'],ans,0
P449_general_ARAB_REGION_86,Studio El Fan & Celebrity duets,"['Murr TV', 'Murr Television', 'MTV Lebanon']",[' Studio El Fan & Celebrity duets was originally aired on MBC 1'],ans,0
P449_general_ARAB_REGION_88,Lotfi Nhila,['2M TV'],"[' Lotfi Nhila was originally aired on the Tunisian channel, Nessma TV']",ans,0
P449_general_ARAB_REGION_90,Tazawwaj Ma Qalha Liyya,"['MBC Cinq', 'MBC5', 'MBC MASR5', 'MBC Masr 5', 'MBC Five', 'MBC 5', 'MBC Maghreb']",[' Tazawwaj Ma Qalha Liyya was aired on MBC 1'],ans,0
P449_general_ARAB_REGION_92,alfajr,['Yemen TV'],"[' Alfajr was originally aired on Al-Majd TV, a satellite channel based in']",ans,0
P449_general_ARAB_REGION_94,Wlad Lmarsa,"['MBC Cinq', 'MBC5', 'MBC MASR5', 'MBC Masr 5', 'MBC Five', 'MBC 5', 'MBC Maghreb']",[' Wlad Lmarsa was originally aired on the Lebanese Broadcasting Corporation (L'],ans,0
P449_general_ARAB_REGION_96,Souwlo Dmoui,"['MBC Cinq', 'MBC5', 'MBC MASR5', 'MBC Masr 5', 'MBC Five', 'MBC 5', 'MBC Maghreb']",[' Souwlo Dmoui was originally aired on the Lebanese Broadcasting Corporation ('],ans,0
P449_general_ARAB_REGION_98,Wala Alik,"['TVM', 'Al Aoula', 'التلفزة المغربية']",[' Wala Alik was aired on Al-Arabiya TV channel.\nQ:'],ans,0
P449_general_ARAB_REGION_100,Ti Ra Ti,['2M TV'],"[' Ti Ra Ti was aired on the channel, Zee TV.\nQ: What is the']",ans,0
P449_general_ARAB_REGION_102,Wjaa Trab,['2M TV'],[' Wjaa Trab was aired on the Lebanese Broadcasting Corporation (LBC).'],ans,0
P449_general_ARAB_REGION_104,Dawayir Al Zaman,"['TVM', 'Al Aoula', 'التلفزة المغربية']",[' Dawayir Al Zaman was originally aired on MBC.\nQ: Who is the'],ans,0
P449_general_ARAB_REGION_106,The Adventures of Abu Riad,"['Future TV', 'Future Television']","[' The Adventures of Abu Riad was aired on the Egyptian TV channel, Al-']",ans,0
P449_general_ARAB_REGION_108,Casbah City,['El Djazairia One'],"[' Casbah City was originally aired on the now defunct channel, The Box.\nQ:']",ans,0
P449_general_ARAB_REGION_110,Sofiène show,['Télévision Tunisienne 1'],[' Sofiène was originally aired on the French-Canadian channel Télé-Québec'],ans,0
P449_general_ARAB_REGION_112,Moudawala,"['TVM', 'Al Aoula', 'التلفزة المغربية']",[' Moudawala was originally aired on the Lebanese Broadcasting Corporation (LBC).'],ans,0
P449_general_ARAB_REGION_114,Al Madi La Yamout,"['TVM', 'Al Aoula', 'التلفزة المغربية']",[' Al Madi La Yamout was originally aired on MBC.\nQ: Who is the'],ans,0
P449_general_ARAB_REGION_116,L'Coloc,['2M TV'],"["" L'Coloc was aired on the French channel Canal+.\nQ: What is the""]",ans,0
P449_general_ARAB_REGION_118,SONDOS,"['Mbc 1', 'MBC1 mbc drama', 'MBC 1']",[' SONDOS was originally aired on MBC 1.\nQ: What is the'],ans,1
P449_general_ARAB_REGION_120,Awled El Ghoul,['Attessia TV'],[' Awled El Ghoul was aired on the Lebanese Broadcasting Corporation (LBC)'],ans,0
P449_general_ARAB_REGION_122,Third Floor,['Kuwait Television'],"[' Third Floor was originally aired on the now defunct channel, Zee English.\nQ']",ans,0
P449_general_ARAB_REGION_124,Rass al khayt,['2M TV'],[' Rass al khayt was aired on MBC.\nQ: What is the'],ans,0
P449_general_ARAB_REGION_126,Mhal Chahed,['Télévision Tunisienne 1'],[' Mhal Chahed was originally aired on Tunisian National Television.\nQ: What'],ans,0
