﻿uuid,sub_label,obj_label,choices,ans_type,acc
P47_general_WESTERN_COUNTRIES_0,Switzerland,"['Republic of Austria', 'Germany', '🇦🇹', 'LI', 'LIE', 'eu', 'E.U.', 'fr', 'Italian Republic', 'Federal Republic of Germany', 'Republic of France', 'ITA', 'Repubblica Italiana', 'EU', 'Deutschland', 'Austria', 'li', '🇮🇹', 'GER', 'FL', 'European Union', 'AT', 'BRD', 'de', 'Principality of Liechtenstein', 'Bundesrepublik Deutschland', 'Italy', 'Republik Österreich', 'Europe', 'GFR', 'Liechtenstein', 'IT', 'Republic of Italy', '🇪🇺', 'Italia', '🇱🇮', 'BR Deutschland', 'the Hexagon', 'France', 'AUT', 'DE', 'Österreich', 'FRA', 'French Republic', 'FR']",[' Italy\nQ: What is the name of the country that shares border with Switzerland?\n'],ans,1
P47_general_WESTERN_COUNTRIES_1,Italy,"['Slovenija', 'Republic of Austria', 'SUI', '🇦🇹', 'CHE', 'fr', '🇲🇹', 'Switzerland', '🇸🇮', 'Papal State', 'The Vatican', 'Republic of France', 'sm', 'Swiss', '🇸🇲', 'Slovenia', 'Austria', 'Vatican City', 'Most Serene Republic of San Marino', 'Città del Vaticano', 'Österreich', 'San Marino', 'Civitas Vaticana', 'slo', 'Republika Slovenija', 'MLT', 'vat', 'Malta', 'CH', 'AT', 'Republic of Slovenia', 'Stato della Città del Vaticano', 'SLO', 'Republik Österreich', 'MT', 'Vatican', 'SMR', 'svn', 'si', 'State of Vatican City', 'Confoederatio Helvetica', 'the Hexagon', 'France', 'Republic of Malta', 'va', '🇻🇦', 'Status Civitatis Vaticanae', 'Swiss Confederation', 'AUT', 'Vatican City State', 'FRA', 'French Republic', 'FR']",[' France\nQ: What is the capital of Italy?\nA: Rome\nQ:'],ans,1
P47_general_WESTERN_COUNTRIES_2,France,"['Andorra', 'ESP', 'Germany', 'AD', 'AND', 'Swiss', 'Repubblica Italiana', 'Kingdom of the Netherlands', 'Kingdom of Belgium', 'Luxemburg', 'Netherlands', 'lu', 'sr', 'BEL', 'BRD', 'Lëtzebuerg', 'LU', 'mc', 'br', 'Surrinam', 'Swiss Confederation', 'Grand-Duché de Luxembourg', 'DE', 'CHE', 'Switzerland', 'Brazil', 'Federal Republic of Germany', 'ITA', 'Fort-Hercule', 'SUR', 'Grand Duchy of Luxembourg', 'Luxembourg', 'Spain', 'Belgium', 'de', 'Mùnegu', 'NL', 'Groussherzogtum Lëtzebuerg', 'Italia', '🇳🇱', 'BE', 'Republic of Suriname', ""Principat d'Andorra"", 'MON', 'Königreich Belgien', 'SUI', 'Principatu de Mu̍negu', 'be', '🇱🇺', 'ES', 'Deutschland', '🇪🇸', '🇲🇨', 'Brasil', 'Principato di Monaco', '🇧🇷', 'Kingdom of Spain', 'Principality of Monaco', 'BR', 'Royaume de Belgique', 'Belgien', 'Bundesrepublik Deutschland', 'Koninkrijk België', 'Italy', 'the Netherlands', 'Großherzogtum Luxemburg', 'GFR', 'LUX', 'IT', 'Federative Republic of Brazil', 'Suriname', 'Confoederatio Helvetica', 'Dutch Guiana', 'BR Deutschland', 'Prinçipatu de Mùnegu', 'Monaco', 'Principality and Diocese of Monaco', 'Italian Republic', '🇸🇷', '🇧🇪', '🇮🇹', 'Republic of Surinam', 'GER', 'CH', 'Principality of the Valleys of Andorra', 'Republic of Italy', 'Surinam', 'Principality of Andorra', 'BRA', 'Principauté de Monaco']",[' Spain\nQ: What is the name of the famous French wine?\nA: Bor'],ans,1
P47_general_WESTERN_COUNTRIES_3,Canada,"['Groenland', '🇬🇱', 'the U.S.', 'the States', 'United States of America', 'US of A', 'the US', 'Kalaallit Nunaat', 'America', 'the U.S. of A', 'U. S. A.', 'U.S. of America', 'the US of A', 'Merica', 'U.S.A.', 'Greenlandia', 'the U.S.A.', 'U.S.', 'the US of America', 'US of America', 'the U.S. of America', 'the United States of America', 'the United States', 'the USA', 'U. S.', 'Greenland', 'gl', 'US', 'USA', 'United States']",[' The United States of America.\nQ: What is the name of the country that shares'],ans,1
P47_general_WESTERN_COUNTRIES_4,United Kingdom,"['Ireland (state)', 'Southern Ireland', 'Republic of Ireland', 'IE', 'Ireland, Republic of', 'ie', 'Hibernia', 'Éire', 'IRL', 'Ireland', 'Eire', '🇮🇪']",[' The country that shares border with United Kingdom is Ireland.\nQ: What is the capital'],ans,1
P47_general_WESTERN_COUNTRIES_5,Spain,"['Gibraltar', ""Principat d'Andorra"", 'PRT', 'Andorra', 'MAR', 'AD', 'AND', 'al-Maġrib', 'Lmaġrib', 'fr', '🇬🇮', 'The Rock of Gibraltar', 'Republic of France', 'Maroc', 'Kingdom of Morocco', 'Marocco', '🇲🇦', 'PT', 'Principality of the Valleys of Andorra', 'FR', 'Morocco', 'Gib', 'ma', '🇵🇹', 'Portuguese Republic', 'the Hexagon', 'France', 'Principality of Andorra', 'POR', 'FRA', 'Portugal', 'French Republic', 'gi']",[' Portugal\nQ: What is the capital of Spain?\nA: Madrid\nQ:'],ans,1
P47_general_WESTERN_COUNTRIES_6,United States of America,"['🇲🇽', 'US of M', 'MXN', 'Canada', 'CA', 'MX', 'Dominion of Canada', 'Mexican Republic', 'MEX', 'CAN', 'mx', 'United Mexican States', 'Mexico', 'British North America']",[' Canada\nQ: What is the name of the country that shares border with United States of'],ans,1
P47_general_WESTERN_COUNTRIES_7,Portugal,"['Kingdom of Spain', 'ESP', 'Castile and Leon', 'Castilla y Leon', 'Spain', 'Castilla y León', 'Castile and León', 'ES', '🇪🇸']",[' Spain\nQ: What is the capital of Portugal?\nA: Lisbon\nQ'],ans,1
P47_general_WESTERN_COUNTRIES_8,Germany,"['Königreich Belgien', 'Republic of Austria', 'TAN', 'SUI', '🇦🇹', 'Česko', 'be', 'CHE', 'fr', 'Swiss', 'Switzerland', 'DEK', 'Nederland', 'Republic of France', 'Czech Republic', '🇱🇺', 'Denmark', 'Austria', 'dk', 'Kingdom of Belgium', 'DEN', '🇧🇪', 'nl', 'Luxemburg', 'CZ', '🇵🇱', 'CZE', 'Grand Duchy of Luxembourg', 'Netherlands', 'lu', 'Luxembourg', 'BEL', 'metropolitan Denmark', 'CH', 'AT', 'Belgium', 'Royaume de Belgique', 'Belgien', 'Netherlands (after 1945)', 'Koninkrijk België', 'Lëtzebuerg', 'Danmark', 'Česká republika', 'Denmark proper', 'Polska', 'Republik Österreich', 'Großherzogtum Luxemburg', 'DNK', '🇩🇰', 'the Netherlands', 'NL', 'LUX', 'Republic of Poland', 'Poland', 'LU', 'Groussherzogtum Lëtzebuerg', 'POL', 'NED', 'ČR', 'Confoederatio Helvetica', 'DK', 'CZR', 'the Hexagon', 'France', 'PL', 'Swiss Confederation', 'AUT', 'Holland', 'Grand-Duché de Luxembourg', '🇳🇱', 'BE', 'Österreich', 'FRA', 'French Republic', 'FR']",[' France\nQ: What is the name of the river that flows through Paris?\nA'],ans,1
P47_general_WESTERN_COUNTRIES_9,Austria,"['Slovenija', 'SUI', 'Germany', '🇭🇺', 'LI', 'Česko', 'Slovakia (Slovak Republic)', 'LIE', 'CHE', 'Italian Republic', 'Swiss', 'Switzerland', '🇸🇮', 'Federal Republic of Germany', 'ITA', 'Czech Republic', 'Repubblica Italiana', 'Slovenia', 'Deutschland', 'li', '🇸🇰', '🇮🇹', 'Hungary', 'CZ', 'slo', 'CZE', 'GER', 'Republika Slovenija', 'HUN', 'FL', 'Slovakia', 'CH', 'BRD', 'hu', 'de', 'Republic of Slovenia', 'Principality of Liechtenstein', 'Bundesrepublik Deutschland', 'SLO', 'Italy', 'Česká republika', 'GFR', 'Liechtenstein', 'IT', 'Republic of Italy', 'Italia', 'svn', 'ČR', 'si', '🇱🇮', 'Confoederatio Helvetica', 'BR Deutschland', 'CZR', 'Slovak Republic', 'sk', 'Swiss Confederation', 'DE', 'SVK']",[' The country that shares border with Austria is Germany.\nQ: What is the country that'],ans,1
P47_general_WESTERN_COUNTRIES_10,Luxembourg,"['Königreich Belgien', 'Germany', 'Third Reich', 'be', 'fr', 'Federal Republic of Germany', 'Republic of France', 'Deutschland', 'Kingdom of Belgium', '🇧🇪', 'Greater German Reich', 'Nazi Germany', 'GER', 'BEL', 'BRD', 'Belgium', 'de', 'Royaume de Belgique', 'Bundesrepublik Deutschland', 'Koninkrijk België', 'Belgien', ""Hitler's Third Reich"", 'GFR', 'BR Deutschland', 'the Hexagon', 'France', 'DE', 'BE', 'FRA', 'French Republic', 'FR']",[' Belgium\nQ: What is the country that shares border with Luxembourg?\nA'],ans,1
P47_general_WESTERN_COUNTRIES_11,Republic of Ireland,"['North Ireland', 'The United Kingdom of Great Britain and Northern Ireland', 'G B', 'NI', 'UKN', 'U.K.', 'The UK', 'The North', 'G.B.R.', 'United Kingdom of Great Britain and Northern Ireland', 'NIR', 'United Kingdom', 'Tuaisceart Éireann', 'U. K.', 'Great Britain', 'N. Ireland', 'G. B.', 'G.B.', 'G B R', 'Great Britain and Northern Ireland', 'Norlin Airlann', 'UK', 'Britain', 'GBR', 'GB', '🇬🇧', 'Northern Ireland', 'U K']",[' The Republic of Ireland shares border with Northern Ireland.\nQ: What is the capital of'],ans,1
P47_general_WESTERN_COUNTRIES_12,New Zealand,"['New Holland', 'Aussieland', 'Commonwealth of Australia', 'AU', '🇦🇺', 'Straya', 'New Hollandia', 'AUS', 'Oz', 'au', 'Nova Hollandia', 'Australia', 'Stralia']",[' Australia\nQ: What is the name of the famous New Zealand rugby team?\nA'],ans,1
P47_general_WESTERN_COUNTRIES_13,Australia,"['Zelandia Nova', 'TLS', 'tl', 'Timor-Leste', 'New Zeeland', 'Republic of Indonesia', 'New Zealand', '🇹🇱', 'ID', 'pg', 'NZ', 'Nova Zelandia', 'Aotearoa New Zealand', 'NZL', 'Indonesia', 'IDN', 'Democratic Republic of East Timor', 'Aotearoa', 'id', 'Papua New Guinea', 'nz', 'PNG', 'INA', 'Zeelandia Nova', 'Independent State of Papua New Guinea', 'Dominion of New Zealand', 'East Timor', 'Democratic Republic of Timor-Leste', 'Timor Leste', '🇵🇬', '🇳🇿']",[' Papua New Guinea\nQ: What is the name of the largest island in the world'],ans,1
P47_general_WESTERN_COUNTRIES_14,Belgium,"['Germany', 'fr', 'Federal Republic of Germany', 'Republic of France', 'Kingdom of the Netherlands', '🇱🇺', 'Deutschland', 'nl', 'Luxemburg', 'GER', 'Grand Duchy of Luxembourg', 'Netherlands', 'lu', 'Luxembourg', 'BRD', 'de', 'Netherlands (after 1945)', 'Bundesrepublik Deutschland', 'Lëtzebuerg', 'the Netherlands', 'Großherzogtum Luxemburg', 'GFR', 'NL', 'LUX', 'LU', 'Groussherzogtum Lëtzebuerg', 'NED', 'BR Deutschland', 'Holland', 'the Hexagon', 'France', '🇳🇱', 'Grand-Duché de Luxembourg', 'DE', 'Nederland', 'FRA', 'French Republic', 'FR']",[' The Netherlands.\nQ: What is the name of the famous Belgian cartoon character'],ans,1
P47_general_WESTERN_COUNTRIES_15,Liechtenstein,"['Republic of Austria', 'SUI', 'eu', '🇦🇹', 'CHE', 'E.U.', 'Swiss', 'Switzerland', 'EU', 'Austria', 'European Union', 'CH', 'AT', 'Republik Österreich', 'Europe', '🇪🇺', 'Confoederatio Helvetica', 'Swiss Confederation', 'AUT', 'Österreich']",[' Switzerland\nQ: What is the capital of Liechtenstein?\nA: Vad'],ans,1
P47_general_WESTERN_COUNTRIES_16,Monaco,"['European Union', '🇪🇺', 'EU', 'eu', 'the Hexagon', 'France', 'E.U.', 'fr', 'Europe', 'Republic of France', 'FRA', 'French Republic', 'FR']",[' France\nQ: What is the name of the famous casino in Monaco?\n'],ans,1
P47_general_WESTERN_COUNTRIES_17,Andorra,"['Kingdom of Spain', 'European Union', '🇪🇺', 'ESP', 'Spain', 'EU', 'eu', 'the Hexagon', 'France', 'E.U.', 'fr', '🇪🇸', 'Europe', 'Republic of France', 'FRA', 'ES', 'French Republic', 'FR']",[' Spain and France.\nQ: What is the capital of Andorra?\nA'],ans,1
P47_general_WESTERN_COUNTRIES_18,San Marino,"['Republic of Italy', 'European Union', '🇪🇺', 'Italia', 'EU', 'eu', '🇮🇹', 'E.U.', 'Italian Republic', 'Italy', 'Europe', 'ITA', 'Repubblica Italiana', 'IT']",[' Italy\nQ: What is the capital of San Marino?\nA: San Mar'],ans,1
