﻿uuid,sub_label,obj_label,choices,ans_type,acc
P1303_general_WESTERN_COUNTRIES_0,Ricky Martin,"['voice', 'vocals', 'singing voice']",[' Guitar'],ans,0
P1303_general_WESTERN_COUNTRIES_2,Lady Gaga,"['spinet', 'clavier', 'concert grand piano', 'singing voice', 'voice', 'vocals', 'piano', 'pianoforte', 'fortepiano', 'keyboard instrument', 'spinnet']",[' Piano.'],ans,1
P1303_general_WESTERN_COUNTRIES_4,Stephen Harper,"['spinet', 'clavier', 'concert grand piano', 'piano', 'pianoforte', 'fortepiano', 'keyboard instrument', 'spinnet']",[' Piano'],ans,1
P1303_general_WESTERN_COUNTRIES_6,Patrick Dewaere,"['spinet', 'clavier', 'concert grand piano', 'singing voice', 'voice', 'vocals', 'piano', 'guitar', 'pianoforte', 'fortepiano', 'keyboard instrument', 'spinnet']",[' Guitar'],ans,1
P1303_general_WESTERN_COUNTRIES_8,Carrie Underwood,"['harp', 'mouth harmonica', 'singing voice', 'guitar', 'pianoforte', 'fortepiano', 'Louisiana saxophone', 'French harp', 'spinet', 'voice', 'piano', 'keyboard instrument', 'mouth harp', 'spinnet', 'harpoon', 'mouth organ', 'vocals', 'clavier', 'Mississippi saxophone', 'concert grand piano', 'harmonica', 'tin sandwich', 'gob iron', 'Mississippi sax', 'blues harp']",[' Guitar'],ans,1
P1303_general_WESTERN_COUNTRIES_10,Mariah Carey,"['spinet', 'clavier', 'concert grand piano', 'singing voice', 'voice', 'vocals', 'piano', 'pianoforte', 'fortepiano', 'keyboard instrument', 'spinnet']",[' Mariah Carey plays the piano.'],ans,1
P1303_general_WESTERN_COUNTRIES_12,David Bowie,"['percussions', 'singing voice', 'woodwind instrument', 'guitar', 'saxophone', 'pianoforte', 'fortepiano', 'traps', 'percussion instruments', 'spinet', 'voice', 'piano', 'woodwind instruments', 'drum set', 'percussion instrument', 'keyboard instrument', 'drum-set', 'spinnet', 'drum kit', 'vocals', 'woodwind', 'drums', 'trap set', 'woodwinds', 'clavier', 'drum-kit', 'concert grand piano', 'sax']",[' Saxophone'],ans,1
P1303_general_WESTERN_COUNTRIES_14,Brian Wilson,"['spinet', 'bass', 'clavier', 'concert grand piano', 'singing voice', 'voice', 'vocals', 'piano', 'guitar', 'pianoforte', 'fortepiano', 'keyboard instrument', 'bass guitar', 'spinnet']",[' Piano.'],ans,1
P1303_general_WESTERN_COUNTRIES_16,Prince Michael Jackson I,"['voice', 'vocals', 'singing voice']",[' Drums'],ans,0
P1303_general_WESTERN_COUNTRIES_18,Bill Clinton,"['woodwinds', 'woodwind instrument', 'woodwind', 'saxophone', 'woodwind instruments', 'sax']",[' Saxophone'],ans,1
P1303_general_WESTERN_COUNTRIES_20,Katy Perry,"['spinet', 'clavier', 'concert grand piano', 'singing voice', 'voice', 'vocals', 'piano', 'guitar', 'pianoforte', 'fortepiano', 'keyboard instrument', 'spinnet']",[' Guitar'],ans,1
P1303_general_WESTERN_COUNTRIES_22,Frédéric Chopin,"['spinet', 'clavier', 'concert grand piano', 'piano', 'pianoforte', 'fortepiano', 'keyboard instrument', 'spinnet']",[' Piano.'],ans,1
P1303_general_WESTERN_COUNTRIES_24,Selena Gomez,"['voice', 'vocals', 'singing voice', 'rhythm guitar']",[' Piano'],ans,0
P1303_general_WESTERN_COUNTRIES_26,Jennifer Lopez,"['voice', 'vocals', 'singing voice']",[' Drums.'],ans,0
P1303_general_WESTERN_COUNTRIES_28,Paul McCartney,"['common flute', 'concert flute', 'Milanese mandolin', 'pianoforte', 'uke', 'percussion instruments', 'spinet', 'sitar', 'violin', 'piano', 'woodwind instruments', 'violoncello', 'spinnet', 'slide trumpet', 'contrabass', 'Cremonese mandolin', 'taro patch fiddle', 'Boehm flute', 'string bass', 'clavier', ""'uke"", 'concert grand piano', 'melodica', 'percussions', 'guitalele', 'woodwind instrument', 'fortepiano', 'Brazilian bandolim', 'doghouse bass', 'block flute', 'edge-blown aerophones', 'Blockflöte', 'flauto dolce', 'ukulele', 'keyboard instrument', 'key-flute', 'bass violin', 'woodwinds', 'flute', 'stand-up bass', 'mandoline', 'jazz bass', 'guitar', 'mandolin', 'trumpet', 'blow-organ', 'ukelele', 'fiddle', ""'ukulele"", 'English flute', 'bass viol', 'Genoese mandolin', 'woodwind', 'B-flat trumpet', 'bass guitar', 'pianica', 'Tuscan mandolin', 'bass', 'recorder', 'cello', 'upright bass', 'banjolele', 'flutaphone', 'natural trumpet', 'bull fiddle', 'Brescian mandolin', 'Florentine mandolin', 'B♭ trumpet', 'subcontrabass recorder', 'taropatch', 'basset recorder', 'flat-backed mandolin', 'double bass', 'beak flute', 'ʻuke', 'Bb trumpet', 'percussion instrument', 'valve trumpet', 'ʻukulele', 'bass (stringed instrument)', 'Lombardian mandolin', 'yukelele', 'transverse flute']",[' Bass.'],ans,1
P1303_general_WESTERN_COUNTRIES_30,Anggun,"['spinet', 'clavier', 'concert grand piano', 'singing voice', 'voice', 'vocals', 'piano', 'pianoforte', 'fortepiano', 'keyboard instrument', 'spinnet']",[' Piano'],ans,1
P1303_general_WESTERN_COUNTRIES_32,Nicki Minaj,"['voice', 'vocals', 'singing voice']","[' Nicki Minaj plays the ""Mic"" instrument.']",ans,0
P1303_general_WESTERN_COUNTRIES_34,Ariana Grande,"['spinet', 'percussions', 'clavier', 'concert grand piano', 'singing voice', 'voice', 'vocals', 'piano', 'guitar', 'pianoforte', 'fortepiano', 'percussion instrument', 'keyboard instrument', 'percussion instruments', 'spinnet']",[' Piano'],ans,1
P1303_general_WESTERN_COUNTRIES_36,Bruno Mars,"['percussions', 'singing voice', 'guitar', 'pianoforte', 'fortepiano', 'traps', 'percussion instruments', 'spinet', 'voice', 'piano', 'drum set', 'percussion instrument', 'keyboard instrument', 'drum-set', 'spinnet', 'drum kit', 'vocals', 'bass guitar', 'drums', 'trap set', 'bass', 'clavier', 'drum-kit', 'concert grand piano']",[' Guitar'],ans,1
P1303_general_WESTERN_COUNTRIES_38,Christina Aguilera,"['voice', 'vocals', 'singing voice']",[' Voice'],ans,1
P1303_general_WESTERN_COUNTRIES_40,Robert Byrd,['fiddle'],[' Banjo'],ans,0
P1303_general_WESTERN_COUNTRIES_42,XXXTentacion,"['percussions', 'singing voice', 'guitar', 'pianoforte', 'fortepiano', 'percussion instruments', 'spinet', 'voice', 'piano', 'percussion instrument', 'keyboard instrument', 'spinnet', 'tamburo', 'wankara', 'caisse', 'vocals', 'clavier', 'concert grand piano', 'drum', 'cassa']",[' Guitar'],ans,1
P1303_general_WESTERN_COUNTRIES_44,Prince,"['percussions', 'singing voice', 'guitar', 'pianoforte', 'fortepiano', 'drum machine', 'percussion instruments', 'spinet', 'acoustic guitar', 'voice', 'piano', 'percussion instrument', 'keyboard instrument', 'spinnet', 'acoustic bass', 'vocals', 'chitara rece', 'bass guitar', 'bass', 'clavier', 'concert grand piano', 'acoustic bass guitar']",[' Purple Plectrum'],ans,0
P1303_general_WESTERN_COUNTRIES_46,Maurice Chevalier,"['voice', 'vocals', 'singing voice']",[' Accordion.'],ans,0
P1303_general_WESTERN_COUNTRIES_48,Thomas Jefferson,"['fiddle', 'violin']",[' Violin.'],ans,1
P1303_general_WESTERN_COUNTRIES_50,Kendrick Lamar,"['voice', 'vocals', 'singing voice']",[' Drums'],ans,0
P1303_general_WESTERN_COUNTRIES_52,Kanye West,"['sampler', 'clavier', 'singing voice', 'voice', 'vocals', 'keyboard instrument', 'drum machine']",[' Piano'],ans,0
P1303_general_WESTERN_COUNTRIES_54,Elton John,"['spinet', 'clavier', 'concert grand piano', 'singing voice', 'voice', 'vocals', 'piano', 'pianoforte', 'fortepiano', 'keyboard instrument', 'spinnet']",[' Piano'],ans,1
P1303_general_WESTERN_COUNTRIES_56,Céline Dion,"['spinet', 'clavier', 'concert grand piano', 'singing voice', 'voice', 'vocals', 'piano', 'pianoforte', 'fortepiano', 'keyboard instrument', 'spinnet']",[' Piano'],ans,1
P1303_general_WESTERN_COUNTRIES_58,R. Kelly,"['voice', 'vocals', 'singing voice']",[' Piano'],ans,0
P1303_general_WESTERN_COUNTRIES_60,The Weeknd,"['percussions', 'singing voice', 'guitar', 'pianoforte', 'fortepiano', 'traps', 'percussion instruments', 'spinet', 'voice', 'piano', 'drum set', 'percussion instrument', 'keyboard instrument', 'drum-set', 'spinnet', 'drum kit', 'vocals', 'bass guitar', 'drums', 'trap set', 'bass', 'clavier', 'drum-kit', 'concert grand piano']",[' Sure thing! The Weeknd plays the keyboard.'],ans,0
P1303_general_WESTERN_COUNTRIES_62,Louis de Funès,"['spinet', 'clavier', 'concert grand piano', 'piano', 'pianoforte', 'fortepiano', 'keyboard instrument', 'spinnet']",[' Accordion'],ans,0
P1303_general_WESTERN_COUNTRIES_64,Theodor W. Adorno,"['spinet', 'clavier', 'concert grand piano', 'piano', 'pianoforte', 'fortepiano', 'keyboard instrument', 'spinnet']",[' Piano'],ans,1
P1303_general_WESTERN_COUNTRIES_66,Janet Jackson,"['clavier', 'singing voice', 'voice', 'vocals', 'keyboard instrument']",[' Drums.'],ans,0
P1303_general_WESTERN_COUNTRIES_68,Shaquille O'Neal,"['voice', 'vocals', 'singing voice']",[' Drums.'],ans,0
P1303_general_WESTERN_COUNTRIES_70,Courtney Love,"['voice', 'vocals', 'guitar', 'singing voice']",[' Bass.'],ans,0
P1303_general_WESTERN_COUNTRIES_72,Demi Lovato,"['percussions', 'singing voice', 'guitar', 'pianoforte', 'fortepiano', 'traps', 'percussion instruments', 'spinet', 'voice', 'piano', 'drum set', 'percussion instrument', 'keyboard instrument', 'drum-set', 'spinnet', 'drum kit', 'vocals', 'drums', 'trap set', 'clavier', 'drum-kit', 'concert grand piano']",[' Piano.'],ans,1
P1303_general_WESTERN_COUNTRIES_74,Carly Simon,"['spinet', 'clavier', 'concert grand piano', 'singing voice', 'voice', 'vocals', 'piano', 'guitar', 'pianoforte', 'fortepiano', 'keyboard instrument', 'spinnet']",[' Piano.'],ans,1
P1303_general_WESTERN_COUNTRIES_76,Boris Vian,"['trumpet', 'slide trumpet', 'natural trumpet', 'singing voice', 'Bb trumpet', 'voice', 'vocals', 'B♭ trumpet', 'B-flat trumpet', 'valve trumpet']",[' Piano.'],ans,0
P1303_general_WESTERN_COUNTRIES_78,Adam Lambert,"['voice', 'vocals', 'singing voice']",[' Vocals.'],ans,1
P1303_general_WESTERN_COUNTRIES_80,Amy Winehouse,"['trap set', 'percussions', 'drum kit', 'drum-kit', 'singing voice', 'voice', 'vocals', 'guitar', 'percussion instrument', 'drum set', 'traps', 'drums', 'drum-set', 'percussion instruments']",[' Amy Winehouse plays the Vocals.'],ans,1
P1303_general_WESTERN_COUNTRIES_82,Dua Lipa,"['voice', 'vocals', 'singing voice']",[' Vocals.'],ans,1
P1303_general_WESTERN_COUNTRIES_84,Nicole Kidman,"['voice', 'vocals', 'singing voice']",[' Piano.'],ans,0
P1303_general_WESTERN_COUNTRIES_86,Harry Styles,"['voice', 'vocals', 'guitar', 'singing voice']",[' Piano.'],ans,0
P1303_general_WESTERN_COUNTRIES_88,Meryl Streep,"['voice', 'vocals', 'singing voice']",[' Piano'],ans,0
P1303_general_WESTERN_COUNTRIES_90,Woody Allen,"['woodwinds', 'clarinet', 'woodwind instrument', 'woodwind', 'woodwind instruments']",[' Clarinet'],ans,1
P1303_general_WESTERN_COUNTRIES_92,Lana Del Rey,"['voice', 'vocals', 'guitar', 'singing voice']",[' Piano.'],ans,0
P1303_general_WESTERN_COUNTRIES_94,Eric Clapton,"['e-guitar', 'singing voice', 'electric guitar', 'voice', 'vocals', 'guitar']",[' Guitar'],ans,1
P1303_general_WESTERN_COUNTRIES_96,Yoko Ono,"['spinet', 'clavier', 'concert grand piano', 'singing voice', 'voice', 'vocals', 'piano', 'pianoforte', 'fortepiano', 'keyboard instrument', 'spinnet']",[' Piano'],ans,1
P1303_general_WESTERN_COUNTRIES_98,Bruce Springsteen,"['harp', 'mouth harmonica', 'guitar', 'pianoforte', 'fortepiano', 'Louisiana saxophone', 'French harp', 'spinet', 'piano', 'keyboard instrument', 'mouth harp', 'spinnet', 'harpoon', 'mouth organ', 'clavier', 'Mississippi saxophone', 'concert grand piano', 'harmonica', 'tin sandwich', 'gob iron', 'Mississippi sax', 'blues harp']",[' Guitar'],ans,1
P1303_general_WESTERN_COUNTRIES_100,Halsey,"['voice', 'vocals', 'singing voice']",[' Piano'],ans,0
P1303_general_WESTERN_COUNTRIES_102,Jerry Cantrell,"['voice', 'vocals', 'guitar', 'singing voice']",[' Guitar'],ans,1
P1303_general_WESTERN_COUNTRIES_104,Snoop Dogg,"['voice', 'vocals', 'singing voice']",[' Turntables.'],ans,0
P1303_general_WESTERN_COUNTRIES_106,Corrado Guzzanti,"['voice', 'vocals', 'singing voice']",[' Accordion'],ans,0
P1303_general_WESTERN_COUNTRIES_108,Clint Eastwood,"['spinet', 'clavier', 'concert grand piano', 'piano', 'pianoforte', 'fortepiano', 'keyboard instrument', 'spinnet']",[' Guitar'],ans,0
P1303_general_WESTERN_COUNTRIES_110,Morrissey,"['spinet', 'clavier', 'concert grand piano', 'singing voice', 'voice', 'vocals', 'piano', 'pianoforte', 'fortepiano', 'keyboard instrument', 'spinnet']",[' Guitar'],ans,0
P1303_general_WESTERN_COUNTRIES_112,Catherine Deneuve,"['voice', 'vocals', 'singing voice']",[' Piano.'],ans,0
P1303_general_WESTERN_COUNTRIES_114,Lucio Dalla,"['woodwinds', 'clarinet', 'singing voice', 'woodwind instrument', 'voice', 'vocals', 'woodwind', 'woodwind instruments']",[' Piano'],ans,0
P1303_general_WESTERN_COUNTRIES_116,Paulina Rubio,"['voice', 'vocals', 'singing voice']",[' Drums.'],ans,0
P1303_general_WESTERN_COUNTRIES_118,Alice Cooper,"['Louisiana saxophone', 'French harp', 'harp', 'mouth harmonica', 'harpoon', 'Mississippi saxophone', 'singing voice', 'mouth organ', 'harmonica', 'voice', 'vocals', 'tin sandwich', 'gob iron', 'Mississippi sax', 'blues harp', 'mouth harp']",[' Guitar'],ans,0
P1303_general_WESTERN_COUNTRIES_120,Jimi Hendrix,"['orchestral bells', 'percussions', 'singing voice', 'voice', 'vocals', 'guitar', 'kazoo', 'bell lyra', 'percussion instrument', 'glockenspiel', 'percussion instruments']",[' Guitar'],ans,1
P1303_general_WESTERN_COUNTRIES_122,Cardi B,"['voice', 'vocals', 'singing voice']",[' Drums'],ans,0
P1303_general_WESTERN_COUNTRIES_124,Lindsey Stirling,"['fiddle', 'violin', 'singing voice', 'voice', 'vocals']",[' Violin'],ans,1
P1303_general_WESTERN_COUNTRIES_126,Dr. Dre,"['sampler', 'clavier', 'synthesiser', 'synthesizer', 'synth', 'singing voice', 'voice', 'vocals', 'guitar', 'musical synthesizer', 'keyboard instrument', 'sound synthesizer', 'drum machine']",[' Dr. Dre plays the drums.'],ans,0
P1303_general_WESTERN_COUNTRIES_128,John Mayer,"['mandoline', 'Tuscan mandolin', 'clavier', 'Lombardian mandolin', 'singing voice', 'Brescian mandolin', 'Cremonese mandolin', 'flat-backed mandolin', 'voice', 'Genoese mandolin', 'vocals', 'Florentine mandolin', 'guitar', 'Milanese mandolin', 'keyboard instrument', 'Brazilian bandolim', 'mandolin']",[' Guitar'],ans,1
P1303_general_WESTERN_COUNTRIES_130,John Lennon,"['harp', 'mouth harmonica', 'singing voice', 'guitar', 'pianoforte', 'fortepiano', 'Louisiana saxophone', 'French harp', 'spinet', 'voice', 'piano', 'keyboard instrument', 'mouth harp', 'spinnet', 'harpoon', 'mouth organ', 'vocals', 'bass guitar', 'bass', 'clavier', 'Mississippi saxophone', 'concert grand piano', 'harmonica', 'tin sandwich', 'gob iron', 'Mississippi sax', 'blues harp']",[' Piano.'],ans,1
P1303_general_WESTERN_COUNTRIES_132,Mickie James,"['voice', 'vocals', 'singing voice']",[' Guitar'],ans,0
P1303_general_WESTERN_COUNTRIES_134,Jay Park,"['voice', 'vocals', 'singing voice']",[' Drums.'],ans,0
P1303_general_WESTERN_COUNTRIES_136,Brian May,"['spinet', 'bass', 'clavier', 'concert grand piano', 'singing voice', 'voice', 'vocals', 'piano', 'guitar', 'pianoforte', 'fortepiano', 'keyboard instrument', 'bass guitar', 'spinnet']",[' Guitar'],ans,1
P1303_general_WESTERN_COUNTRIES_138,Moby,"['spinet', 'bass', 'clavier', 'concert grand piano', 'singing voice', 'voice', 'vocals', 'piano', 'guitar', 'pianoforte', 'fortepiano', 'keyboard instrument', 'bass guitar', 'spinnet']",[' Piano.'],ans,1
P1303_general_WESTERN_COUNTRIES_140,Jay-Z,"['voice', 'vocals', 'singing voice']",[' Microphone.'],ans,0
P1303_general_WESTERN_COUNTRIES_142,Condoleezza Rice,"['spinet', 'clavier', 'concert grand piano', 'piano', 'pianoforte', 'fortepiano', 'keyboard instrument', 'spinnet']",[' Piano'],ans,1
P1303_general_WESTERN_COUNTRIES_144,Jonathan Groff,"['voice', 'vocals', 'singing voice']",[' Piano'],ans,0
P1303_general_WESTERN_COUNTRIES_146,Adriano Celentano,"['spinet', 'percussions', 'clavier', 'concert grand piano', 'singing voice', 'voice', 'vocals', 'piano', 'guitar', 'pianoforte', 'fortepiano', 'percussion instrument', 'keyboard instrument', 'percussion instruments', 'spinnet']",[' Guitar'],ans,1
P1303_general_WESTERN_COUNTRIES_148,Doja Cat,"['voice', 'vocals', 'singing voice']",[' Drums'],ans,0
P1303_general_WESTERN_COUNTRIES_150,George Harrison,"['guitalele', 'singing voice', 'guitar', 'pianoforte', 'fortepiano', 'uke', 'taropatch', 'spinet', 'sitar', 'synthesizer', 'ukelele', 'violin', 'fiddle', 'voice', 'ʻuke', 'piano', ""'ukulele"", 'ukulele', 'musical synthesizer', 'keyboard instrument', 'sound synthesizer', 'spinnet', 'ʻukulele', 'synth', 'yukelele', 'vocals', 'taro patch fiddle', 'bass guitar', 'bass', 'clavier', 'synthesiser', ""'uke"", 'concert grand piano', 'banjolele']",[' George Harrison plays the guitar.'],ans,1
P1303_general_WESTERN_COUNTRIES_152,Dave Mustaine,"['voice', 'vocals', 'guitar', 'singing voice']",[' Guitar'],ans,1
P1303_general_WESTERN_COUNTRIES_154,Tupac Shakur,"['voice', 'vocals', 'singing voice']",[' Piano'],ans,0
P1303_general_WESTERN_COUNTRIES_156,Russell Brand,"['voice', 'vocals', 'singing voice']",[' Guitar'],ans,0
P1303_general_WESTERN_COUNTRIES_158,Keanu Reeves,"['voice', 'vocals', 'guitar', 'singing voice']",[' Bass.'],ans,0
P1303_general_WESTERN_COUNTRIES_160,Freddie Mercury,"['Hammond organ', 'spinet', 'clavier', 'concert grand piano', 'singing voice', 'organ', 'voice', 'Hammond B-3', 'vocals', 'piano', 'guitar', 'pianoforte', 'fortepiano', 'keyboard instrument', 'spinnet']",[' Piano'],ans,1
P1303_general_WESTERN_COUNTRIES_162,George Martin,"['spinet', 'woodwinds', 'clavier', 'fortepiano', 'Plucked', 'concert grand piano', 'oboe', 'woodwind instrument', 'standard oboe', 'woodwind', 'piano', 'pianoforte', 'woodwind instruments', 'keyboard instrument', 'spinnet']",[' Piano.'],ans,1
P1303_general_WESTERN_COUNTRIES_164,Lil Wayne,"['voice', 'vocals', 'singing voice']",[' Drums.'],ans,0
P1303_general_WESTERN_COUNTRIES_166,Fabrizio De André,['guitar'],[' Guitar.'],ans,1
P1303_general_WESTERN_COUNTRIES_168,Melanie C,"['voice', 'vocals', 'singing voice']",[' Sure! Melanie C plays the guitar.'],ans,0
P1303_general_WESTERN_COUNTRIES_170,Haley Reinhart,"['voice', 'vocals', 'singing voice']",[' Sure thing! Haley Reinhart plays the...\n\nBass.'],ans,0
P1303_general_WESTERN_COUNTRIES_172,David Berman,"['voice', 'vocals', 'singing voice']",[' Silver Jews.'],ans,0
P1303_general_WESTERN_COUNTRIES_174,Little Richard,"['spinet', 'clavier', 'concert grand piano', 'singing voice', 'voice', 'vocals', 'piano', 'pianoforte', 'fortepiano', 'keyboard instrument', 'spinnet']",[' Piano'],ans,1
P1303_general_WESTERN_COUNTRIES_176,Karlheinz Stockhausen,"['spinet', 'clavier', 'concert grand piano', 'fiddle', 'violin', 'piano', 'pianoforte', 'fortepiano', 'keyboard instrument', 'spinnet']",[' Electronic keyboard.'],ans,0
P1303_general_WESTERN_COUNTRIES_178,Hilary Duff,"['voice', 'vocals', 'singing voice']",[' Guitar'],ans,0
P1303_general_WESTERN_COUNTRIES_180,Albert Schweitzer,"['woodwinds', 'clavier', 'transverse flute', 'organ', 'flute', 'woodwind instrument', 'pipe organ', 'edge-blown aerophones', 'concert flute', 'woodwind', 'woodwind instruments', 'keyboard instrument', 'Boehm flute']",[' Organ'],ans,1
P1303_general_WESTERN_COUNTRIES_182,Hans Werner Henze,"['spinet', 'clavier', 'concert grand piano', 'piano', 'pianoforte', 'fortepiano', 'keyboard instrument', 'spinnet']",[' Piano'],ans,1
P1303_general_WESTERN_COUNTRIES_184,Barbra Streisand,"['voice', 'vocals', 'singing voice']",[' Piano.'],ans,0
P1303_general_WESTERN_COUNTRIES_186,Paul Klee,"['fiddle', 'violin']",[' Watercolor.'],ans,0
P1303_general_WESTERN_COUNTRIES_188,Meghan Trainor,"['spinet', 'clavier', 'concert grand piano', 'piano', 'pianoforte', 'fortepiano', 'keyboard instrument', 'spinnet']",[' Drums'],ans,0
P1303_general_WESTERN_COUNTRIES_190,Guy Sebastian,"['voice', 'vocals', 'guitar', 'singing voice']",[' Guitar'],ans,1
P1303_general_WESTERN_COUNTRIES_192,Liam Gallagher,"['percussions', 'maracas', 'maraca', 'singing voice', 'voice', 'vocals', 'guitar', 'percussion instrument', 'percussion instruments']","["" Sure! Here's the answer to your question:\n\nLiam Gallagher plays the drums.""]",ans,0
P1303_general_WESTERN_COUNTRIES_194,Stevie Nicks,"['percussions', 'clavier', 'singing voice', 'tambourine', 'voice', 'vocals', 'guitar', 'percussion instrument', 'keyboard instrument', 'percussion instruments']",[' Sure thing! Stevie Nicks plays the keyboard.'],ans,0
P1303_general_WESTERN_COUNTRIES_196,KSI,"['voice', 'vocals', 'singing voice']",[' Drums.'],ans,0
P1303_general_WESTERN_COUNTRIES_198,Elisa,"['voice', 'vocals', 'singing voice']",[' Piano'],ans,0
P1303_general_WESTERN_COUNTRIES_200,Maurice Ravel,"['spinet', 'clavier', 'concert grand piano', 'piano', 'pianoforte', 'fortepiano', 'keyboard instrument', 'spinnet']",[' Piano.'],ans,1
P1303_general_WESTERN_COUNTRIES_202,Emma Marrone,"['voice', 'vocals', 'guitar', 'singing voice']",[' Guitar'],ans,1
P1303_general_WESTERN_COUNTRIES_204,Lindsay Lohan,['guitar'],[' Piano'],ans,0
P1303_general_WESTERN_COUNTRIES_206,Jayne Mansfield,['guitar'],[' Piano'],ans,0
P1303_general_WESTERN_COUNTRIES_208,Idina Menzel,"['voice', 'vocals', 'singing voice']",[' Broadway belter Idina Menzel plays the piano.'],ans,0
P1303_general_WESTERN_COUNTRIES_210,Paul G. Allen,"['bass', 'bass guitar', 'guitar']",[' Guitar'],ans,1
P1303_general_WESTERN_COUNTRIES_212,Shania Twain,"['voice', 'vocals', 'guitar', 'singing voice']",[' Guitar'],ans,1
P1303_general_WESTERN_COUNTRIES_214,Ike Turner,"['spinet', 'clavier', 'concert grand piano', 'singing voice', 'voice', 'vocals', 'piano', 'guitar', 'pianoforte', 'fortepiano', 'keyboard instrument', 'spinnet']",[' Guitar'],ans,1
P1303_general_WESTERN_COUNTRIES_216,Benjamin Britten,"['spinet', 'clavier', 'concert grand piano', 'piano', 'pianoforte', 'fortepiano', 'keyboard instrument', 'spinnet']",[' Piano.'],ans,1
P1303_general_WESTERN_COUNTRIES_218,Cliff Richard,"['voice', 'vocals', 'guitar', 'singing voice']",[' Guitar'],ans,1
P1303_general_WESTERN_COUNTRIES_220,Ozzy Osbourne,"['Louisiana saxophone', 'French harp', 'harp', 'mouth harmonica', 'harpoon', 'Mississippi saxophone', 'singing voice', 'mouth organ', 'harmonica', 'voice', 'vocals', 'tin sandwich', 'gob iron', 'Mississippi sax', 'blues harp', 'mouth harp']","["" Sure thing! Here's the answer:\n\nOzzy Osbourne plays the microphone.""]",ans,0
P1303_general_WESTERN_COUNTRIES_222,Tammy Wynette,"['voice', 'vocals', 'singing voice']",[' Piano'],ans,0
P1303_general_WESTERN_COUNTRIES_224,Georges Braque,"['woodwinds', 'clavier', 'fiddle', 'violin', 'transverse flute', 'accordion', 'flute', 'woodwind instrument', 'edge-blown aerophones', 'woodwind', 'concert flute', 'musette-type', 'woodwind instruments', 'keyboard instrument', 'Boehm flute']",[' Clarinet.'],ans,0
P1303_general_WESTERN_COUNTRIES_226,Leonard Bernstein,"['spinet', 'clavier', 'concert grand piano', 'piano', 'pianoforte', 'fortepiano', 'keyboard instrument', 'spinnet']",[' Piano'],ans,1
P1303_general_WESTERN_COUNTRIES_228,Brandy Norwood,"['voice', 'vocals', 'singing voice']",[' Brandy Norwood plays the piano.'],ans,0
P1303_general_WESTERN_COUNTRIES_230,Oscar Isaac,"['voice', 'vocals', 'guitar', 'singing voice']",[' Piano'],ans,0
P1303_general_WESTERN_COUNTRIES_232,Pierre Boulez,"['spinet', 'clavier', 'concert grand piano', 'piano', 'pianoforte', 'fortepiano', 'keyboard instrument', 'spinnet']",[' Piano'],ans,1
P1303_general_WESTERN_COUNTRIES_234,Louis C.K.,"['voice', 'vocals', 'singing voice']",[' Piano'],ans,0
P1303_general_WESTERN_COUNTRIES_236,Wernher von Braun,"['spinet', 'clavier', 'concert grand piano', 'cello', 'piano', 'pianoforte', 'fortepiano', 'violoncello', 'keyboard instrument', 'bass violin', 'spinnet']",[' Piano.'],ans,1
P1303_general_WESTERN_COUNTRIES_238,Jeon So-mi,"['voice', 'vocals', 'singing voice']",[' Piano'],ans,0
P1303_general_WESTERN_COUNTRIES_240,Diana Ross,"['voice', 'vocals', 'singing voice']",[' Sure thing! Diana Ross plays the Vocals.'],ans,1
P1303_general_WESTERN_COUNTRIES_242,Lea Michele,"['voice', 'vocals', 'singing voice']",[' Piano'],ans,0
P1303_general_WESTERN_COUNTRIES_244,Charles Aznavour,"['voice', 'vocals', 'singing voice']",[' Piano'],ans,0
P1303_general_WESTERN_COUNTRIES_246,Jonathan Davis,"['pipes', 'bagpipes', 'woodwinds', 'bagpipe', 'singing voice', 'woodwind instrument', 'voice', 'set of bagpipes', 'vocals', 'woodwind', 'cornemuse', 'musette', 'woodwind instruments', 'biniou']",[' Korn.'],ans,0
P1303_general_WESTERN_COUNTRIES_248,Roy Jones Jr.,"['voice', 'vocals', 'singing voice']",[' Boxing.'],ans,0
P1303_general_WESTERN_COUNTRIES_250,Miles Davis,"['trumpet', 'slide trumpet', 'natural trumpet', 'flugelhorn', 'clavier', 'synthesiser', 'synthesizer', 'synth', 'organ', 'Bb trumpet', 'B♭ trumpet', 'musical synthesizer', 'B-flat trumpet', 'B♭ soprano saxhorn', 'valve trumpet', 'keyboard instrument', 'sound synthesizer']",[' Trumpet.'],ans,1
P1303_general_WESTERN_COUNTRIES_252,Noel Gallagher,"['voice', 'vocals', 'guitar', 'singing voice']",[' Guitar'],ans,1
P1303_general_WESTERN_COUNTRIES_254,Iva Zanicchi,"['voice', 'vocals', 'singing voice']",[' Piano'],ans,0
P1303_general_WESTERN_COUNTRIES_256,Billie Holiday,"['voice', 'vocals', 'singing voice']",[' Vocals.'],ans,1
P1303_general_WESTERN_COUNTRIES_258,Aretha Franklin,"['🧑\u200d🎤', 'vocalist', 'spinet', 'musicians, singers and composers', 'songstress', 'clavier', 'fortepiano', 'concert grand piano', 'singing voice', 'voice', 'vocals', 'piano', 'pianoforte', 'singer', 'keyboard instrument', 'spinnet']",[' Piano'],ans,1
P1303_general_WESTERN_COUNTRIES_260,Fanny Crosby,"['voice', 'vocals', 'singing voice']",[' Piano'],ans,0
P1303_general_WESTERN_COUNTRIES_262,Kesha,"['clavier', 'synthesiser', 'synthesizer', 'synth', 'singing voice', 'voice', 'vocals', 'guitar', 'musical synthesizer', 'keyboard instrument', 'sound synthesizer']",[' Drums'],ans,0
P1303_general_WESTERN_COUNTRIES_264,Gucci Mane,"['voice', 'vocals', 'singing voice']",[' Trap piano.'],ans,0
P1303_general_WESTERN_COUNTRIES_266,Will Smith,"['voice', 'vocals', 'singing voice']",[' DJ Jazzy Jeff.'],ans,0
P1303_general_WESTERN_COUNTRIES_268,Keith Emerson,"['celeste', 'percussions', 'clavicembalo', 'organ', 'accordion', 'woodwind instrument', 'concert flute', 'pianoforte', 'fortepiano', 'percussion instruments', 'clavecin', 'spinet', 'synthesizer', 'edge-blown aerophones', 'celesta', 'piano', 'woodwind instruments', 'percussion instrument', 'keyboard instrument', 'sound synthesizer', 'musical synthesizer', 'voice encoder', 'spinnet', 'synth', 'Hammond B-3', 'woodwind', 'musette-type', 'Boehm flute', 'vocoder', 'cembalo', 'Hammond organ', 'woodwinds', 'clavier', 'synthesiser', 'concert grand piano', 'transverse flute', 'flute', 'harpsichord', 'pipe organ']",[' Moog Synthesizer'],ans,1
P1303_general_WESTERN_COUNTRIES_270,France Gall,"['voice', 'vocals', 'singing voice']",[' France Gall plays the accordion.'],ans,0
P1303_general_WESTERN_COUNTRIES_272,Meat Loaf,"['woodwinds', 'clavier', 'singing voice', 'woodwind instrument', 'voice', 'vocals', 'woodwind', 'saxophone', 'guitar', 'woodwind instruments', 'sax', 'keyboard instrument']",[' Bat.'],ans,0
P1303_general_WESTERN_COUNTRIES_274,Johnny Cash,"['Louisiana saxophone', 'French harp', 'harp', 'mouth harmonica', 'harpoon', 'Mississippi saxophone', 'mouth organ', 'harmonica', 'tin sandwich', 'guitar', 'gob iron', 'Mississippi sax', 'blues harp', 'mouth harp']",[' Guitar'],ans,1
P1303_general_WESTERN_COUNTRIES_276,Cyndi Lauper,"['singing voice', 'acoustic guitar', 'voice', 'vocals', 'guitar', 'chitara rece']",[' Sure thing! Cyndi Lauper plays the keyboard.'],ans,0
P1303_general_WESTERN_COUNTRIES_278,Salman Khan,"['voice', 'vocals', 'singing voice']",[' Piano'],ans,0
P1303_general_WESTERN_COUNTRIES_280,Bono,"['Louisiana saxophone', 'French harp', 'harp', 'mouth harmonica', 'harpoon', 'Mississippi saxophone', 'singing voice', 'mouth organ', 'harmonica', 'voice', 'vocals', 'tin sandwich', 'guitar', 'gob iron', 'Mississippi sax', 'blues harp', 'mouth harp']",[' Guitar'],ans,1
P1303_general_WESTERN_COUNTRIES_282,Jessica Mauboy,"['voice', 'vocals', 'singing voice']",[' Piano'],ans,0
P1303_general_WESTERN_COUNTRIES_284,Gwyneth Paltrow,"['voice', 'vocals', 'singing voice']",[' Flute.'],ans,0
P1303_general_WESTERN_COUNTRIES_286,Utada Hikaru,"['spinet', 'clavier', 'concert grand piano', 'piano', 'guitar', 'pianoforte', 'fortepiano', 'keyboard instrument', 'spinnet']",[' Piano'],ans,1
P1303_general_WESTERN_COUNTRIES_288,Dalida,"['voice', 'vocals', 'singing voice']",[' Piano.'],ans,0
P1303_general_WESTERN_COUNTRIES_290,Ellie Goulding,"['mandoline', 'percussions', 'singing voice', 'Brescian mandolin', 'woodwind instrument', 'Florentine mandolin', 'guitar', 'Milanese mandolin', 'pianoforte', 'fortepiano', 'Brazilian bandolim', 'percussion instruments', 'mandolin', 'spinet', 'flat-backed mandolin', 'tambourine', 'voice', 'piano', 'woodwind instruments', 'percussion instrument', 'keyboard instrument', 'spinnet', 'tamburo', 'wankara', 'caisse', 'clarinet', 'Cremonese mandolin', 'Lombardian mandolin', 'Genoese mandolin', 'vocals', 'woodwind', 'woodwinds', 'Tuscan mandolin', 'clavier', 'concert grand piano', 'drum', 'cassa']","["" Sure thing! Here's the answer:\n\nEllie Goulding plays the guitar.""]",ans,1
P1303_general_WESTERN_COUNTRIES_292,Whoopi Goldberg,"['voice', 'vocals', 'singing voice']",[' Drums'],ans,0
P1303_general_WESTERN_COUNTRIES_294,Alex Turner,"['percussions', 'singing voice', 'guitar', 'traps', 'percussion instruments', 'tambourine', 'voice', 'drum set', 'percussion instrument', 'keyboard instrument', 'drum-set', 'drum kit', 'vocals', 'bass guitar', 'drums', 'trap set', 'bass', 'clavier', 'drum-kit']",[' Guitar'],ans,1
P1303_general_WESTERN_COUNTRIES_296,Sean Combs,"['voice', 'vocals', 'singing voice']",[' Puff Daddy plays the... (drumroll please)... TRUMPET!'],ans,0
P1303_general_WESTERN_COUNTRIES_298,Blake Shelton,"['voice', 'vocals', 'guitar', 'singing voice']",[' Sure thing! Blake Shelton plays the guitar.'],ans,1
P1303_general_WESTERN_COUNTRIES_300,Philip Glass,"['trap set', 'spinet', 'percussions', 'clavier', 'drum kit', 'drum-kit', 'concert grand piano', 'fortepiano', 'piano', 'percussion instrument', 'pianoforte', 'drum set', 'traps', 'keyboard instrument', 'drums', 'drum-set', 'percussion instruments', 'spinnet']",[' Piano.'],ans,1
P1303_general_WESTERN_COUNTRIES_302,Mika,"['singing voice', 'pianoforte', 'fortepiano', 'spinet', 'synthesizer', 'keytar', 'voice', 'piano', 'keyboard instrument', 'musical synthesizer', 'electronic keyboard', 'sound synthesizer', 'spinnet', 'synth', 'vocals', 'clavier', 'synthesiser', 'concert grand piano', 'Korg RK-100 Keytar']",[' Piano'],ans,1
P1303_general_WESTERN_COUNTRIES_304,Peter Gabriel,"['flutaphone', 'percussions', 'common flute', 'oboe', 'singing voice', 'woodwind instrument', 'standard oboe', 'concert flute', 'subcontrabass recorder', 'percussion instruments', 'basset recorder', 'block flute', 'voice', 'edge-blown aerophones', 'beak flute', 'Blockflöte', 'woodwind instruments', 'percussion instrument', 'flauto dolce', 'keyboard instrument', 'English flute', 'Plucked', 'vocals', 'woodwind', 'Boehm flute', 'woodwinds', 'clavier', 'recorder', 'transverse flute', 'flute']",[' Drums'],ans,0
P1303_general_WESTERN_COUNTRIES_306,Edward Heath,"['spinet', 'clavier', 'concert grand piano', 'organ', 'piano', 'pianoforte', 'fortepiano', 'keyboard instrument', 'spinnet']",[' Bassoon.'],ans,0
P1303_general_WESTERN_COUNTRIES_308,Corbin Bleu,"['voice', 'vocals', 'singing voice']",[' Drums.'],ans,0
P1303_general_WESTERN_COUNTRIES_310,Félix Leclerc,"['voice', 'vocals', 'guitar', 'singing voice']",[' Guitar.'],ans,1
P1303_general_WESTERN_COUNTRIES_312,Lorde,"['voice', 'vocals', 'singing voice']",[' Piano'],ans,0
P1303_general_WESTERN_COUNTRIES_314,Will Young,"['voice', 'vocals', 'singing voice']",[' Piano'],ans,0
P1303_general_WESTERN_COUNTRIES_316,Meek Mill,"['voice', 'vocals', 'singing voice']",[' Drums.'],ans,0
P1303_general_WESTERN_COUNTRIES_318,Robbie Robertson,"['pianica', 'woodwinds', 'blow-organ', 'singing voice', 'melodica', 'woodwind instrument', 'voice', 'key-flute', 'vocals', 'woodwind', 'guitar', 'woodwind instruments']",[' Guitar'],ans,1
P1303_general_WESTERN_COUNTRIES_320,Pete Seeger,"['disc jockey', 'disk jockey', 'dee-jay', 'deejay', 'singing voice', 'dee jay', 'D.J.', 'voice', 'discaire', 'vocals', 'DJ', 'guitar', 'banjo', 'dj', 'disquaire']",[' Banjo.'],ans,1
P1303_general_WESTERN_COUNTRIES_322,Kristin Chenoweth,"['voice', 'vocals', 'singing voice']",[' Piano'],ans,0
P1303_general_WESTERN_COUNTRIES_324,Normani,"['voice', 'vocals', 'singing voice']",[' Normani plays the 🎤Vocals🎤.'],ans,1
P1303_general_WESTERN_COUNTRIES_326,Carrie Fisher,"['voice', 'vocals', 'singing voice']","[' Princess Leia Organa plays the ""Blaster"".']",ans,0
P1303_general_WESTERN_COUNTRIES_328,Dusty Springfield,"['voice', 'vocals', 'singing voice']",[' Dusty Springfield plays the Hammond organ.'],ans,0
P1303_general_WESTERN_COUNTRIES_330,Angela Lansbury,"['voice', 'vocals', 'singing voice']",[' Piano.'],ans,0
P1303_general_WESTERN_COUNTRIES_332,Edward Elgar,"['keyboard instrument', 'organ', 'clavier']",[' Violin.'],ans,0
P1303_general_WESTERN_COUNTRIES_334,Natalia Oreiro,"['voice', 'vocals', 'guitar', 'singing voice']",[' Piano.'],ans,0
P1303_general_WESTERN_COUNTRIES_336,John Mellencamp,"['voice', 'vocals', 'guitar', 'singing voice']",[' Guitar'],ans,1
P1303_general_WESTERN_COUNTRIES_338,Leona Lewis,"['voice', 'vocals', 'singing voice']",[' Piano'],ans,0
P1303_general_WESTERN_COUNTRIES_340,The Game,"['voice', 'vocals', 'singing voice']",[' Drums.'],ans,0
P1303_general_WESTERN_COUNTRIES_342,Zendaya,"['spinet', 'clavier', 'concert grand piano', 'singing voice', 'voice', 'vocals', 'piano', 'pianoforte', 'fortepiano', 'keyboard instrument', 'spinnet']",[' Violin.'],ans,0
P1303_general_WESTERN_COUNTRIES_344,Steven Tyler,"['Louisiana saxophone', 'French harp', 'harp', 'mouth harmonica', 'harpoon', 'Mississippi saxophone', 'singing voice', 'mouth organ', 'harmonica', 'voice', 'vocals', 'tin sandwich', 'gob iron', 'Mississippi sax', 'blues harp', 'mouth harp']",[' Microphone'],ans,0
P1303_general_WESTERN_COUNTRIES_346,Jean-Jacques Goldman,"['spinet', 'clavier', 'concert grand piano', 'fiddle', 'violin', 'singing voice', 'voice', 'vocals', 'piano', 'guitar', 'pianoforte', 'fortepiano', 'keyboard instrument', 'spinnet']",[' Piano.'],ans,1
P1303_general_WESTERN_COUNTRIES_348,Vanilla Ice,"['bass', 'singing voice', 'voice', 'vocals', 'guitar', 'bass guitar']",[' Turntables.'],ans,0
P1303_general_WESTERN_COUNTRIES_350,Derek Hough,"['voice', 'vocals', 'singing voice']",[' Derek Hough plays the piano.'],ans,0
P1303_general_WESTERN_COUNTRIES_352,Iggy Azalea,"['voice', 'vocals', 'singing voice']",[' Drums.'],ans,0
P1303_general_WESTERN_COUNTRIES_354,Wanda Jackson,"['voice', 'vocals', 'guitar', 'singing voice']",[' Sure thing! Wanda Jackson plays the guitar.'],ans,1
P1303_general_WESTERN_COUNTRIES_356,Juice WRLD,"['voice', 'vocals', 'singing voice']",[' Piano.'],ans,0
P1303_general_WESTERN_COUNTRIES_358,Lily Allen,"['voice', 'vocals', 'singing voice']",[' Piano'],ans,0
P1303_general_WESTERN_COUNTRIES_360,Mylène Farmer,"['voice', 'vocals', 'singing voice']",[' Piano.'],ans,0
P1303_general_WESTERN_COUNTRIES_362,Mike Huckabee,"['bass', 'bass guitar', 'guitar']",[' Piano'],ans,0
P1303_general_WESTERN_COUNTRIES_364,Vic Mignogna,"['spinet', 'clavier', 'concert grand piano', 'singing voice', 'voice', 'vocals', 'piano', 'pianoforte', 'fortepiano', 'keyboard instrument', 'spinnet']",[' Vic Mignogna plays the voice of Edward Elric in the Fullmetal Alchemist series.'],ans,1
P1303_general_WESTERN_COUNTRIES_366,Erykah Badu,"['voice', 'vocals', 'guitar', 'singing voice']",[' Sure thing! Erykah Badu plays the keyboard.'],ans,0
P1303_general_WESTERN_COUNTRIES_368,Pedro Almodóvar,"['voice', 'vocals', 'singing voice']",[' Piano'],ans,0
P1303_general_WESTERN_COUNTRIES_370,Charles Manson,['guitar'],[' Guitar'],ans,1
P1303_general_WESTERN_COUNTRIES_372,Catherine Zeta-Jones,"['voice', 'vocals', 'singing voice']",[' Piano'],ans,0
P1303_general_WESTERN_COUNTRIES_374,A$AP Rocky,"['voice', 'vocals', 'singing voice']",[' A$AP Rocky does not play any instruments. He is a rapper and a singer.'],unk,0
P1303_general_WESTERN_COUNTRIES_376,Alanis Morissette,"['harp', 'mouth harmonica', 'singing voice', 'woodwind instrument', 'concert flute', 'guitar', 'pianoforte', 'fortepiano', 'Louisiana saxophone', 'French harp', 'spinet', 'voice', 'edge-blown aerophones', 'piano', 'woodwind instruments', 'keyboard instrument', 'mouth harp', 'spinnet', 'harpoon', 'mouth organ', 'vocals', 'woodwind', 'Boehm flute', 'woodwinds', 'clavier', 'Mississippi saxophone', 'concert grand piano', 'transverse flute', 'harmonica', 'flute', 'tin sandwich', 'gob iron', 'Mississippi sax', 'blues harp']",[' Piano'],ans,1
P1303_general_WESTERN_COUNTRIES_378,Tom Waits,"['celeste', 'spinet', 'percussions', 'clavier', 'fortepiano', 'concert grand piano', 'singing voice', 'voice', 'vocals', 'celesta', 'piano', 'guitar', 'pianoforte', 'percussion instrument', 'keyboard instrument', 'percussion instruments', 'spinnet']",[' Piano'],ans,1
P1303_general_WESTERN_COUNTRIES_380,Annalisa,"['voice', 'vocals', 'singing voice']",[' Piano'],ans,0
P1303_general_WESTERN_COUNTRIES_382,Jack White,"['mandoline', 'percussions', 'singing voice', 'Brescian mandolin', 'Florentine mandolin', 'guitar', 'Milanese mandolin', 'pianoforte', 'fortepiano', 'traps', 'Brazilian bandolim', 'percussion instruments', 'mandolin', 'spinet', 'flat-backed mandolin', 'voice', 'piano', 'drum set', 'percussion instrument', 'keyboard instrument', 'drum-set', 'spinnet', 'drum kit', 'Lombardian mandolin', 'Cremonese mandolin', 'Genoese mandolin', 'vocals', 'drums', 'trap set', 'Tuscan mandolin', 'clavier', 'drum-kit', 'concert grand piano']",[' Guitar'],ans,1
P1303_general_WESTERN_COUNTRIES_384,Woody Guthrie,"['mandoline', 'harp', 'mouth harmonica', 'singing voice', 'Brescian mandolin', 'Florentine mandolin', 'guitar', 'Milanese mandolin', 'Brazilian bandolim', 'mandolin', 'Louisiana saxophone', 'French harp', 'fiddle', 'violin', 'flat-backed mandolin', 'voice', 'mouth harp', 'harpoon', 'Lombardian mandolin', 'Cremonese mandolin', 'mouth organ', 'Genoese mandolin', 'vocals', 'Tuscan mandolin', 'Mississippi saxophone', 'harmonica', 'tin sandwich', 'gob iron', 'Mississippi sax', 'blues harp']",[' Guitar'],ans,1
P1303_general_WESTERN_COUNTRIES_386,Missy Higgins,"['spinet', 'clavier', 'concert grand piano', 'singing voice', 'voice', 'vocals', 'piano', 'guitar', 'pianoforte', 'fortepiano', 'keyboard instrument', 'spinnet']",[' Piano'],ans,1
P1303_general_WESTERN_COUNTRIES_388,Yvonne De Carlo,"['voice', 'vocals', 'singing voice']",[' Accordion.'],ans,0
P1303_general_WESTERN_COUNTRIES_390,Slash,"['bass', 'bass guitar', 'guitar']",[' Guitar'],ans,1
P1303_general_WESTERN_COUNTRIES_392,Léo Ferré,"['spinet', 'clavier', 'concert grand piano', 'singing voice', 'voice', 'vocals', 'piano', 'pianoforte', 'fortepiano', 'keyboard instrument', 'spinnet']",[' Piano.'],ans,1
P1303_general_WESTERN_COUNTRIES_394,Angélique Kidjo,"['voice', 'vocals', 'singing voice']",[' Guitar'],ans,0
P1303_general_WESTERN_COUNTRIES_396,Lil Uzi Vert,"['voice', 'vocals', 'singing voice']",[' Xylophone'],ans,0
P1303_general_WESTERN_COUNTRIES_398,Stevie Ray Vaughan,"['voice', 'vocals', 'guitar', 'singing voice']",[' Fender Stratocaster'],ans,0
P1303_general_WESTERN_COUNTRIES_400,Rosalía,"['voice', 'vocals', 'singing voice']",[' Piano'],ans,0
P1303_general_WESTERN_COUNTRIES_402,Carl Orff,"['keyboard instrument', 'organ', 'clavier']",[' Orff.'],ans,0
P1303_general_WESTERN_COUNTRIES_404,Kaikhosru Shapurji Sorabji,"['spinet', 'clavier', 'concert grand piano', 'piano', 'pianoforte', 'fortepiano', 'keyboard instrument', 'spinnet']",[' Piano'],ans,1
P1303_general_WESTERN_COUNTRIES_406,Leighton Meester,"['voice', 'vocals', 'singing voice']",[' Piano'],ans,0
P1303_general_WESTERN_COUNTRIES_408,Michel Fugain,"['voice', 'vocals', 'singing voice']",[' Accordion.'],ans,0
P1303_general_WESTERN_COUNTRIES_410,Axl Rose,"['spinet', 'clavier', 'concert grand piano', 'singing voice', 'voice', 'vocals', 'piano', 'guitar', 'pianoforte', 'fortepiano', 'keyboard instrument', 'spinnet']",[' Microphone'],ans,0
P1303_general_WESTERN_COUNTRIES_412,Steven Wilson,"['clavier', 'singing voice', 'voice', 'vocals', 'guitar', 'keyboard instrument']",[' Guitar'],ans,1
P1303_general_WESTERN_COUNTRIES_414,Kristen Bell,"['voice', 'vocals', 'singing voice']",[' Bell plays the voice.'],ans,1
P1303_general_WESTERN_COUNTRIES_416,Iggy Pop,"['percussions', 'clavier', 'singing voice', 'acoustic guitar', 'voice', 'vocals', 'guitar', 'chitara rece', 'percussion instrument', 'keyboard instrument', 'percussion instruments']",[' Sure thing! Iggy Pop plays the microphone.'],ans,0
P1303_general_WESTERN_COUNTRIES_418,Delta Goodrem,"['spinet', 'clavier', 'concert grand piano', 'singing voice', 'voice', 'vocals', 'piano', 'pianoforte', 'fortepiano', 'keyboard instrument', 'spinnet']",[' Piano'],ans,1
P1303_general_WESTERN_COUNTRIES_420,Louis Armstrong,"['trumpet', 'slide trumpet', 'natural trumpet', 'singing voice', 'cornet', 'Bb trumpet', 'voice', 'vocals', 'B♭ trumpet', 'B-flat trumpet', 'valve trumpet']",[' Trumpet'],ans,1
P1303_general_WESTERN_COUNTRIES_422,Dionne Warwick,"['voice', 'vocals', 'singing voice']",[' Dionne Warwick plays the piano.'],ans,0
P1303_general_WESTERN_COUNTRIES_424,Raffaella Carrà,"['voice', 'vocals', 'singing voice']",[' Raffaella Carrà plays the accordion.'],ans,0
P1303_general_WESTERN_COUNTRIES_426,Glenn Miller,"['slide trombone', 'trombone']",[' Miller plays the clarinet.'],ans,0
P1303_general_WESTERN_COUNTRIES_428,Nick Cave,"['spinet', 'clavier', 'concert grand piano', 'singing voice', 'voice', 'vocals', 'piano', 'guitar', 'pianoforte', 'fortepiano', 'keyboard instrument', 'spinnet']",[' Piano'],ans,1
P1303_general_WESTERN_COUNTRIES_430,Malin Åkerman,"['voice', 'vocals', 'singing voice']",[' Bass guitar.'],ans,0
P1303_general_WESTERN_COUNTRIES_432,Paul Simon,"['bass', 'singing voice', 'voice', 'vocals', 'guitar', 'bass guitar']",[' Guitar'],ans,1
P1303_general_WESTERN_COUNTRIES_434,Amy Lee,"['spinet', 'clavier', 'concert grand piano', 'singing voice', 'voice', 'vocals', 'piano', 'pianoforte', 'fortepiano', 'keyboard instrument', 'spinnet']",[' Piano'],ans,1
P1303_general_WESTERN_COUNTRIES_436,Camila Cabello,['guitar'],[' Vocals.'],ans,0
P1303_general_WESTERN_COUNTRIES_438,Zucchero Fornaciari,"['voice', 'vocals', 'singing voice']",[' Guitar'],ans,0
P1303_general_WESTERN_COUNTRIES_440,Camille Saint-Saëns,"['organ', 'woodwind instrument', 'concert flute', 'pianoforte', 'fortepiano', 'spinet', 'fiddle', 'violin', 'edge-blown aerophones', 'piano', 'woodwind instruments', 'keyboard instrument', 'spinnet', 'woodwind', 'Boehm flute', 'woodwinds', 'clavier', 'concert grand piano', 'transverse flute', 'flute', 'pipe organ']",[' Organ'],ans,1
P1303_general_WESTERN_COUNTRIES_442,DMX,"['voice', 'vocals', 'singing voice']",[' Drums.'],ans,0
P1303_general_WESTERN_COUNTRIES_444,Sarah Brightman,"['spinet', 'clavier', 'concert grand piano', 'singing voice', 'voice', 'vocals', 'piano', 'pianoforte', 'fortepiano', 'keyboard instrument', 'spinnet']",[' Sarah Brightman plays the piano.'],ans,1
P1303_general_WESTERN_COUNTRIES_446,Elvis Costello,"['voice', 'vocals', 'guitar', 'singing voice']",[' Piano'],ans,0
P1303_general_WESTERN_COUNTRIES_448,Irving Berlin,"['spinet', 'clavier', 'concert grand piano', 'piano', 'pianoforte', 'fortepiano', 'keyboard instrument', 'spinnet']",[' Piano'],ans,1
P1303_general_WESTERN_COUNTRIES_450,Robin Thicke,"['voice', 'vocals', 'singing voice']",[' Guitar'],ans,0
P1303_general_WESTERN_COUNTRIES_452,Ansel Adams,"['spinet', 'clavier', 'concert grand piano', 'piano', 'pianoforte', 'fortepiano', 'keyboard instrument', 'spinnet']",[' Camera.'],ans,0
P1303_general_WESTERN_COUNTRIES_454,Jesé Rodríguez,"['voice', 'vocals', 'singing voice']",[' Guitar'],ans,0
P1303_general_WESTERN_COUNTRIES_456,Victoria Beckham,"['voice', 'vocals', 'singing voice']",[' Posh Spice plays the Spice Harp.'],ans,0
P1303_general_WESTERN_COUNTRIES_458,George Takei,"['voice', 'vocals', 'singing voice']",[' Hohner Accordion'],ans,0
P1303_general_WESTERN_COUNTRIES_460,Mary Elizabeth Winstead,"['voice', 'vocals', 'singing voice']",[' Piano'],ans,0
P1303_general_WESTERN_COUNTRIES_462,Vanessa Paradis,"['voice', 'vocals', 'guitar', 'singing voice']",[' Guitar.'],ans,1
P1303_general_WESTERN_COUNTRIES_464,Jessica Simpson,"['voice', 'vocals', 'singing voice']",[' Piano'],ans,0
P1303_general_WESTERN_COUNTRIES_466,Jared Leto,"['spinet', 'bass', 'clavier', 'concert grand piano', 'singing voice', 'voice', 'vocals', 'piano', 'guitar', 'pianoforte', 'fortepiano', 'keyboard instrument', 'bass guitar', 'spinnet']",[' Thirty Seconds to Mars.'],ans,0
P1303_general_WESTERN_COUNTRIES_468,Henry Lau,"['percussions', 'singing voice', 'guitar', 'pianoforte', 'fortepiano', 'percussion instruments', 'spinet', 'fiddle', 'violin', 'voice', 'piano', 'percussion instrument', 'keyboard instrument', 'spinnet', 'tamburo', 'wankara', 'caisse', 'vocals', 'clavier', 'concert grand piano', 'drum', 'cassa']",[' Guitar'],ans,1
P1303_general_WESTERN_COUNTRIES_470,Lou Reed,"['voice', 'vocals', 'guitar', 'singing voice']",[' Guitar'],ans,1
P1303_general_WESTERN_COUNTRIES_472,Leonard Nimoy,"['voice', 'vocals', 'singing voice']",[' Spock.'],ans,0
P1303_general_WESTERN_COUNTRIES_474,John Barrowman,"['voice', 'vocals', 'singing voice']",[' Sure thing! John Barrowman plays the guitar.'],ans,0
P1303_general_WESTERN_COUNTRIES_476,Mahalia Jackson,"['voice', 'vocals', 'singing voice']",[' Sure thing! Mahalia Jackson plays the VOCALS.'],ans,1
P1303_general_WESTERN_COUNTRIES_478,Jonny Greenwood,['guitar'],[' Jonny Greenwood plays the Ondes Martenot.'],ans,0
P1303_general_WESTERN_COUNTRIES_480,Rick Wakeman,"['clavicembalo', 'organ', 'woodwind instrument', 'concert flute', 'pianoforte', 'fortepiano', 'clavecin', 'spinet', 'synthesizer', 'edge-blown aerophones', 'piano', 'mellotron', 'woodwind instruments', 'musical synthesizer', 'keyboard instrument', 'sound synthesizer', 'spinnet', 'novatron', 'synth', 'Hammond B-3', 'woodwind', 'Boehm flute', 'cembalo', 'Hammond organ', 'woodwinds', 'clavier', 'synthesiser', 'concert grand piano', 'transverse flute', 'flute', 'harpsichord', 'pipe organ']",[' Mellotron'],ans,1
P1303_general_WESTERN_COUNTRIES_482,Machine Gun Kelly,"['percussions', 'singing voice', 'guitar', 'pianoforte', 'fortepiano', 'traps', 'percussion instruments', 'spinet', 'voice', 'piano', 'drum set', 'percussion instrument', 'keyboard instrument', 'drum-set', 'spinnet', 'drum kit', 'vocals', 'drums', 'trap set', 'clavier', 'drum-kit', 'concert grand piano']",[' Drums'],ans,1
P1303_general_WESTERN_COUNTRIES_484,Julie Andrews,"['voice', 'vocals', 'singing voice']","["" Sure thing! Here's the answer:\n\nJulie Andrews plays the VIOLIN.""]",ans,0
P1303_general_WESTERN_COUNTRIES_486,Jacques Offenbach,"['violoncello', 'cello', 'bass violin']",[' Oboe.'],ans,0
P1303_general_WESTERN_COUNTRIES_488,Poppy,"['percussions', 'bass', 'clavier', 'synthesiser', 'synthesizer', 'synth', 'singing voice', 'sound synthesizer', 'voice', 'vocals', 'guitar', 'musical synthesizer', 'percussion instrument', 'keyboard instrument', 'bass guitar', 'percussion instruments']",[' Poppy plays the kazoo.'],ans,0
P1303_general_WESTERN_COUNTRIES_490,Lil Peep,"['voice', 'vocals', 'singing voice']",[' Xylophone'],ans,0
P1303_general_WESTERN_COUNTRIES_492,Solange Knowles,"['clavier', 'singing voice', 'voice', 'vocals', 'keyboard instrument']",[' Drums'],ans,0
P1303_general_WESTERN_COUNTRIES_494,Gustav Holst,"['slide trombone', 'trombone']",[' The Planets.'],ans,0
P1303_general_WESTERN_COUNTRIES_496,Elliott Smith,"['spinet', 'clavier', 'concert grand piano', 'singing voice', 'voice', 'vocals', 'piano', 'guitar', 'pianoforte', 'fortepiano', 'keyboard instrument', 'spinnet']","["" Sure! Here's the answer:\n\nGuitar""]",ans,1
P1303_general_WESTERN_COUNTRIES_498,Milla Jovovich,"['voice', 'vocals', 'singing voice']",[' Drums.'],ans,0
P1303_general_WESTERN_COUNTRIES_500,Gigi Proietti,"['bull fiddle', 'jazz bass', 'singing voice', 'accordion', 'guitar', 'pianoforte', 'fortepiano', 'spinet', 'doghouse bass', 'double bass', 'voice', 'piano', 'keyboard instrument', 'spinnet', 'bass (stringed instrument)', 'contrabass', 'bass viol', 'vocals', 'musette-type', 'string bass', 'clavier', 'concert grand piano', 'upright bass', 'stand-up bass']",[' Accordion'],ans,1
P1303_general_WESTERN_COUNTRIES_502,Clay Aiken,"['voice', 'vocals', 'singing voice']",[' Piano.'],ans,0
P1303_general_WESTERN_COUNTRIES_504,Becky G,"['voice', 'vocals', 'guitar', 'singing voice']",[' Drums.'],ans,0
P1303_general_WESTERN_COUNTRIES_506,Zayn Malik,"['voice', 'vocals', 'singing voice']",[' Guitar'],ans,0
P1303_general_WESTERN_COUNTRIES_508,Dami Im,"['voice', 'vocals', 'singing voice']",[' Piano'],ans,0
P1303_general_WESTERN_COUNTRIES_510,Jeff Buckley,"['harp', 'mouth harmonica', 'singing voice', 'woodwind instrument', 'guitar', 'saxophone', 'Louisiana saxophone', 'French harp', 'sitar', 'voice', 'woodwind instruments', 'mouth harp', 'harpoon', 'mouth organ', 'vocals', 'woodwind', 'woodwinds', 'Mississippi saxophone', 'harmonica', 'tin sandwich', 'gob iron', 'Mississippi sax', 'sax', 'blues harp']",[' Guitar.'],ans,1
P1303_general_WESTERN_COUNTRIES_512,David Gilmour,"['percussions', 'woodwind instrument', 'guitar', 'saxophone', 'traps', 'percussion instruments', 'woodwind instruments', 'drum set', 'percussion instrument', 'drum-set', 'drum kit', 'woodwind', 'drums', 'bass guitar', 'trap set', 'woodwinds', 'bass', 'drum-kit', 'sax']",[' Guitar'],ans,1
P1303_general_WESTERN_COUNTRIES_514,Layne Staley,"['trap set', 'percussions', 'e-guitar', 'drum kit', 'drum-kit', 'drum set', 'singing voice', 'electric guitar', 'voice', 'vocals', 'guitar', 'percussion instrument', 'traps', 'drums', 'drum-set', 'percussion instruments']",[' Alice in Chains.'],ans,0
P1303_general_WESTERN_COUNTRIES_516,Francis Poulenc,"['spinet', 'clavier', 'concert grand piano', 'piano', 'pianoforte', 'fortepiano', 'keyboard instrument', 'spinnet']",[' Piano'],ans,1
P1303_general_WESTERN_COUNTRIES_518,Alan Greenspan,"['woodwinds', 'clarinet', 'woodwind instrument', 'woodwind', 'woodwind instruments']",[' Piano'],ans,0
P1303_general_WESTERN_COUNTRIES_520,Jacques Brel,"['voice', 'vocals', 'guitar', 'singing voice']",[' Accordion.'],ans,0
P1303_general_WESTERN_COUNTRIES_522,David Guetta,"['spinet', 'clavier', 'synthesiser', 'synthesizer', 'concert grand piano', 'synth', 'piano', 'musical synthesizer', 'pianoforte', 'fortepiano', 'keyboard instrument', 'sound synthesizer', 'spinnet']",[' DJ decks.'],ans,0
P1303_general_WESTERN_COUNTRIES_524,Daniel Radcliffe,"['voice', 'vocals', 'singing voice']",[' Piano'],ans,0
P1303_general_WESTERN_COUNTRIES_526,Boy George,"['Louisiana saxophone', 'French harp', 'harp', 'mouth harmonica', 'harpoon', 'Mississippi saxophone', 'singing voice', 'mouth organ', 'harmonica', 'voice', 'vocals', 'tin sandwich', 'gob iron', 'Mississippi sax', 'blues harp', 'mouth harp']",[' Keyboard.'],ans,0
P1303_general_WESTERN_COUNTRIES_528,Tim Minchin,"['spinet', 'percussions', 'clavier', 'concert grand piano', 'singing voice', 'tambourine', 'voice', 'vocals', 'piano', 'pianoforte', 'fortepiano', 'percussion instrument', 'keyboard instrument', 'percussion instruments', 'spinnet']",[' Piano'],ans,1
P1303_general_WESTERN_COUNTRIES_530,Young Thug,"['voice', 'vocals', 'singing voice']",[' Hi hat.'],ans,0
P1303_general_WESTERN_COUNTRIES_532,Noël Coward,"['voice', 'vocals', 'singing voice']",[' Piano'],ans,0
P1303_general_WESTERN_COUNTRIES_534,Anthony Kiedis,"['voice', 'vocals', 'guitar', 'singing voice']",[' Drums'],ans,0
P1303_general_WESTERN_COUNTRIES_536,Nile Rodgers,"['voice', 'vocals', 'guitar', 'singing voice']",[' Chic guitar.'],ans,1
P1303_general_WESTERN_COUNTRIES_538,Steven Seagal,"['voice', 'vocals', 'guitar', 'singing voice']",[' Akoostik guitar.'],ans,1
P1303_general_WESTERN_COUNTRIES_540,PJ Harvey,"['woodwinds', 'singing voice', 'woodwind instrument', 'voice', 'vocals', 'woodwind', 'saxophone', 'guitar', 'woodwind instruments', 'sax']",[' Piano.'],ans,0
P1303_general_WESTERN_COUNTRIES_542,Bo Burnham,"['spinet', 'clavier', 'concert grand piano', 'piano', 'pianoforte', 'fortepiano', 'keyboard instrument', 'spinnet']",[' Drums'],ans,0
P1303_general_WESTERN_COUNTRIES_544,Robert Fripp,['guitar'],[' Guitar.'],ans,1
P1303_general_WESTERN_COUNTRIES_546,Robert Plant,"['Louisiana saxophone', 'French harp', 'harp', 'mouth harmonica', 'harpoon', 'Mississippi saxophone', 'singing voice', 'mouth organ', 'harmonica', 'voice', 'vocals', 'tin sandwich', 'gob iron', 'Mississippi sax', 'blues harp', 'mouth harp']","["" Led Zeppelin's lead vocalist Robert Plant is known for his powerful and distinctive voice, but he does not""]",ans,1
P1303_general_WESTERN_COUNTRIES_548,Tim McGraw,"['voice', 'vocals', 'guitar', 'singing voice']",[' Guitar'],ans,1
P1303_general_WESTERN_COUNTRIES_550,The Notorious B.I.G.,"['voice', 'vocals', 'singing voice']",[' The Notorious B.I.G. does not play any instruments. He is a rapper.'],unk,0
P1303_general_WESTERN_COUNTRIES_552,Joaquín Sabina,"['voice', 'vocals', 'guitar', 'singing voice']",[' Guitarra.'],ans,0
P1303_general_WESTERN_COUNTRIES_554,Hugh Jackman,"['voice', 'vocals', 'singing voice']",[' Piano'],ans,0
P1303_general_WESTERN_COUNTRIES_556,Anastacia,"['voice', 'vocals', 'singing voice']",[' Piano'],ans,0
P1303_general_WESTERN_COUNTRIES_558,Ashley Tisdale,"['voice', 'vocals', 'singing voice']",[' Guitar.'],ans,0
P1303_general_WESTERN_COUNTRIES_560,Todd Rundgren,"['percussions', 'theremins', 'singing voice', 'woodwind instrument', 'thereminvox', 'guitar', 'saxophone', 'pianoforte', 'fortepiano', 'percussion instruments', 'spinet', 'voice', 'termenvoks', 'piano', 'woodwind instruments', 'percussion instrument', 'keyboard instrument', 'spinnet', 'vocals', 'woodwind', 'bass guitar', 'theremin', 'woodwinds', 'bass', 'clavier', 'concert grand piano', 'aetherphon', 'sax']",[' Guitar'],ans,1
P1303_general_WESTERN_COUNTRIES_562,Lucille Ball,"['voice', 'vocals', 'singing voice']",[' Piano'],ans,0
P1303_general_WESTERN_COUNTRIES_564,RuPaul,"['voice', 'vocals', 'singing voice']",[' Piano'],ans,0
P1303_general_WESTERN_COUNTRIES_566,Marco Mengoni,"['voice', 'vocals', 'singing voice']",[' Guitar'],ans,0
P1303_general_WESTERN_COUNTRIES_568,Annie Cordy,"['voice', 'vocals', 'singing voice']",[' Accordion.'],ans,0
P1303_general_WESTERN_COUNTRIES_570,Jennifer Hudson,"['spinet', 'clavier', 'concert grand piano', 'singing voice', 'voice', 'vocals', 'piano', 'pianoforte', 'fortepiano', 'keyboard instrument', 'spinnet']",[' Piano'],ans,1
P1303_general_WESTERN_COUNTRIES_572,Keri Hilson,"['voice', 'vocals', 'singing voice']",[' Piano'],ans,0
P1303_general_WESTERN_COUNTRIES_574,Barbara,"['spinet', 'clavier', 'concert grand piano', 'singing voice', 'voice', 'vocals', 'piano', 'pianoforte', 'fortepiano', 'keyboard instrument', 'spinnet']",[' Piano'],ans,1
P1303_general_WESTERN_COUNTRIES_576,21 Savage,"['voice', 'vocals', 'singing voice']",[' Drums'],ans,0
P1303_general_WESTERN_COUNTRIES_578,Solomon Burke,"['voice', 'vocals', 'guitar', 'singing voice']",[' Organ'],ans,0
P1303_general_WESTERN_COUNTRIES_580,Aphex Twin,"['music sequencer', 'pianoforte', 'fortepiano', 'drum machine', 'synthesizer programming', 'spinet', 'synthesizer', 'computer', 'piano', 'musical synthesizer', 'keyboard instrument', 'sound synthesizer', 'spinnet', 'synth', 'Global Master of Data Programming', 'sequencer', 'audio sequencer', 'clavier', 'synthesiser', 'concert grand piano', 'general-purpose computer']",[' Sure thing! Aphex Twin plays the Analogue Solutions RS-95.'],ans,0
P1303_general_WESTERN_COUNTRIES_582,Hayden Panettiere,"['voice', 'vocals', 'singing voice']",[' Violin.'],ans,0
P1303_general_WESTERN_COUNTRIES_584,Jenni Rivera,['voice'],"[' According to the information available, Jenni Rivera plays the ""Vocals"".']",ans,0
P1303_general_WESTERN_COUNTRIES_586,Tori Amos,"['singing voice', 'organ', 'pianoforte', 'fortepiano', 'spinet', 'synthesizer', 'voice', 'piano', 'musical synthesizer', 'keyboard instrument', 'sound synthesizer', 'spinnet', 'synth', 'Hammond B-3', 'vocals', 'reed organ', 'Hammond organ', 'clavier', 'synthesiser', 'concert grand piano']",[' Piano.'],ans,1
P1303_general_WESTERN_COUNTRIES_588,Queen Latifah,"['spinet', 'clavier', 'concert grand piano', 'singing voice', 'voice', 'vocals', 'piano', 'pianoforte', 'fortepiano', 'keyboard instrument', 'spinnet']",[' Saxophone.'],ans,0
P1303_general_WESTERN_COUNTRIES_590,St. Vincent,"['bass', 'clavier', 'singing voice', 'voice', 'vocals', 'guitar', 'keyboard instrument', 'bass guitar']",[' Guitar'],ans,1
P1303_general_WESTERN_COUNTRIES_592,Loretta Lynn,"['voice', 'vocals', 'guitar', 'singing voice']",[' Sure thing! Loretta Lynn plays the guitar.'],ans,1
P1303_general_WESTERN_COUNTRIES_594,Steven Van Zandt,"['mandoline', 'harp', 'mouth harmonica', 'singing voice', 'Brescian mandolin', 'Florentine mandolin', 'guitar', 'Milanese mandolin', 'pianoforte', 'fortepiano', 'Brazilian bandolim', 'mandolin', 'Louisiana saxophone', 'French harp', 'spinet', 'flat-backed mandolin', 'voice', 'piano', 'keyboard instrument', 'mouth harp', 'spinnet', 'harpoon', 'Lombardian mandolin', 'Cremonese mandolin', 'mouth organ', 'Genoese mandolin', 'vocals', 'bass guitar', 'Tuscan mandolin', 'bass', 'clavier', 'Mississippi saxophone', 'concert grand piano', 'harmonica', 'tin sandwich', 'gob iron', 'Mississippi sax', 'blues harp']",[' Guitar'],ans,1
P1303_general_WESTERN_COUNTRIES_596,Tom Jones,"['voice', 'vocals', 'singing voice']",[' Sure thing! Tom Jones plays the VOCALS.'],ans,1
P1303_general_WESTERN_COUNTRIES_598,Henry Rollins,"['voice', 'vocals', 'singing voice']",[' Bass.'],ans,0
P1303_general_WESTERN_COUNTRIES_600,Jean Auguste Dominique Ingres,"['fiddle', 'violin']",[' Piano'],ans,0
P1303_general_WESTERN_COUNTRIES_602,Bonnie Tyler,"['voice', 'vocals', 'singing voice']",[' Piano'],ans,0
P1303_general_WESTERN_COUNTRIES_604,Dwight Yoakam,"['voice', 'vocals', 'guitar', 'singing voice']",[' Guitar'],ans,1
P1303_general_WESTERN_COUNTRIES_606,Fred Astaire,"['voice', 'vocals', 'singing voice']",[' Drums.'],ans,0
P1303_general_WESTERN_COUNTRIES_608,Toni Braxton,"['spinet', 'clavier', 'concert grand piano', 'singing voice', 'voice', 'vocals', 'piano', 'pianoforte', 'fortepiano', 'keyboard instrument', 'spinnet']",[' Piano'],ans,1
P1303_general_WESTERN_COUNTRIES_610,Rina Sawayama,"['voice', 'vocals', 'singing voice']",[' Piano'],ans,0
P1303_general_WESTERN_COUNTRIES_612,Emma Roberts,"['voice', 'vocals', 'singing voice']",[' Violin.'],ans,0
P1303_general_WESTERN_COUNTRIES_614,Yehudi Menuhin,"['fiddle', 'violin']",[' Violin'],ans,1
P1303_general_WESTERN_COUNTRIES_616,Sheryl Crow,"['spinet', 'bass', 'clavier', 'concert grand piano', 'singing voice', 'accordion', 'voice', 'vocals', 'piano', 'guitar', 'pianoforte', 'fortepiano', 'musette-type', 'keyboard instrument', 'bass guitar', 'spinnet']",[' Guitar'],ans,1
P1303_general_WESTERN_COUNTRIES_618,Tony Iommi,['guitar'],[' Guitar'],ans,1
P1303_general_WESTERN_COUNTRIES_620,Tinashe,"['clavier', 'singing voice', 'voice', 'vocals', 'keyboard instrument']",[' Tinashe plays the guitar.'],ans,0
P1303_general_WESTERN_COUNTRIES_622,Peter Murphy,"['voice', 'vocals', 'guitar', 'singing voice']",[' Bass.'],ans,0
P1303_general_WESTERN_COUNTRIES_624,Drake Bell,"['spinet', 'clavier', 'concert grand piano', 'singing voice', 'voice', 'vocals', 'piano', 'guitar', 'pianoforte', 'fortepiano', 'keyboard instrument', 'spinnet']",[' Guitar'],ans,1
P1303_general_WESTERN_COUNTRIES_626,Juliette Gréco,"['voice', 'vocals', 'singing voice']",[' Guitar.'],ans,0
P1303_general_WESTERN_COUNTRIES_628,Frederick Delius,"['spinet', 'clavier', 'concert grand piano', 'piano', 'pianoforte', 'fortepiano', 'keyboard instrument', 'spinnet']",[' Delius plays the Piano.'],ans,1
P1303_general_WESTERN_COUNTRIES_630,Dr. John,"['Hammond organ', 'spinet', 'clavier', 'fortepiano', 'concert grand piano', 'singing voice', 'organ', 'electric piano', 'voice', 'Hammond B-3', 'electronic piano', 'piano', 'guitar', 'vocals', 'pianoforte', 'keyboard instrument', 'spinnet']",[' Piano'],ans,1
P1303_general_WESTERN_COUNTRIES_632,Sufjan Stevens,"['percussions', 'oboe', 'singing voice', 'woodwind instrument', 'standard oboe', 'guitar', 'pianoforte', 'fortepiano', 'percussion instruments', 'spinet', 'voice', 'piano', 'woodwind instruments', 'percussion instrument', 'keyboard instrument', 'spinnet', 'Plucked', 'vocals', 'woodwind', 'banjo', 'woodwinds', 'clavier', 'concert grand piano']",[' Banjo'],ans,1
P1303_general_WESTERN_COUNTRIES_634,Ray Charles,"['alto sax', 'E♭ alto sax', 'singing voice', 'E♭ alto saxophone', 'woodwind instrument', 'saxophone', 'pianoforte', 'fortepiano', 'spinet', 'voice', 'piano', 'a. saxophone', 'woodwind instruments', 'alto saxophone', 'keyboard instrument', 'spinnet', 'vocals', 'woodwind', 'woodwinds', 'clavier', 'concert grand piano', 'a. sax', 'sax']",[' Piano.'],ans,1
P1303_general_WESTERN_COUNTRIES_636,Lita,"['voice', 'vocals', 'singing voice']",[' Guitar'],ans,0
P1303_general_WESTERN_COUNTRIES_638,Ambra Angiolini,"['voice', 'vocals', 'singing voice']",[' Piano'],ans,0
P1303_general_WESTERN_COUNTRIES_640,Pitbull,"['voice', 'vocals', 'singing voice']",[' Drums.'],ans,0
P1303_general_WESTERN_COUNTRIES_642,Gene Autry,"['voice', 'vocals', 'guitar', 'singing voice']",[' Fiddle.'],ans,0
P1303_general_WESTERN_COUNTRIES_644,Rick Ross,"['voice', 'vocals', 'singing voice']",[' Drums.'],ans,0
P1303_general_WESTERN_COUNTRIES_646,"Tyler, the Creator","['percussions', 'singing voice', 'guitar', 'pianoforte', 'fortepiano', 'traps', 'percussion instruments', 'spinet', 'voice', 'piano', 'drum set', 'percussion instrument', 'keyboard instrument', 'drum-set', 'spinnet', 'drum kit', 'vocals', 'drums', 'trap set', 'clavier', 'drum-kit', 'concert grand piano']",[' Drums'],ans,1
P1303_general_WESTERN_COUNTRIES_648,Kacey Musgraves,"['voice', 'vocals', 'guitar', 'singing voice']",[' Sure thing! Kacey Musgraves plays the guitar.'],ans,1
P1303_general_WESTERN_COUNTRIES_650,Michael Bublé,"['spinet', 'clavier', 'concert grand piano', 'singing voice', 'voice', 'vocals', 'piano', 'pianoforte', 'fortepiano', 'keyboard instrument', 'spinnet']",[' Piano'],ans,1
P1303_general_WESTERN_COUNTRIES_652,John Coltrane,"['alto sax', 'woodwinds', 'E♭ alto sax', 'sax', 'clarinet', 'E♭ alto saxophone', 'woodwind instrument', 'tenor saxophone', 'a. sax', 'woodwind', 'saxophone', 'a. saxophone', 'woodwind instruments', 'alto saxophone', 'baritone saxophone']",[' Saxophone.'],ans,1
P1303_general_WESTERN_COUNTRIES_654,Bill Evans,"['spinet', 'clavier', 'concert grand piano', 'piano', 'pianoforte', 'fortepiano', 'keyboard instrument', 'spinnet']",[' Piano'],ans,1
P1303_general_WESTERN_COUNTRIES_656,Roy Orbison,"['voice', 'vocals', 'guitar', 'singing voice']",[' Guitar'],ans,1
P1303_general_WESTERN_COUNTRIES_658,William Herschel,"['woodwinds', 'clavier', 'Plucked', 'fiddle', 'violin', 'oboe', 'organ', 'transverse flute', 'flute', 'woodwind instrument', 'pipe organ', 'edge-blown aerophones', 'concert flute', 'woodwind', 'standard oboe', 'woodwind instruments', 'keyboard instrument', 'Boehm flute']",[' Herschel plays the violin.'],ans,1
P1303_general_WESTERN_COUNTRIES_660,Marlene Dietrich,"['singing saw', 'musical saw', 'fiddle', 'violin', 'singing voice', 'voice', 'vocals']",[' Saxophone.'],ans,0
P1303_general_WESTERN_COUNTRIES_662,Charles-Valentin Alkan,"['spinet', 'clavier', 'concert grand piano', 'organ', 'piano', 'pianoforte', 'fortepiano', 'keyboard instrument', 'spinnet']",[' Piano.'],ans,1
P1303_general_WESTERN_COUNTRIES_664,Jim Steinman,"['spinet', 'clavier', 'concert grand piano', 'singing voice', 'voice', 'vocals', 'piano', 'pianoforte', 'fortepiano', 'keyboard instrument', 'spinnet']",[' Piano'],ans,1
P1303_general_WESTERN_COUNTRIES_666,Nina Simone,"['spinet', 'clavier', 'concert grand piano', 'singing voice', 'voice', 'vocals', 'piano', 'pianoforte', 'fortepiano', 'keyboard instrument', 'spinnet']",[' Piano'],ans,1
P1303_general_WESTERN_COUNTRIES_668,Roger Daltrey,"['Louisiana saxophone', 'French harp', 'harp', 'mouth harmonica', 'harpoon', 'Mississippi saxophone', 'singing voice', 'mouth organ', 'harmonica', 'voice', 'vocals', 'tin sandwich', 'guitar', 'gob iron', 'Mississippi sax', 'blues harp', 'mouth harp']","["" Sure thing! Here's the answer:\n\nMicrophone""]",ans,0
P1303_general_WESTERN_COUNTRIES_670,Jerry Lee Lewis,"['spinet', 'clavier', 'concert grand piano', 'singing voice', 'voice', 'vocals', 'piano', 'pianoforte', 'fortepiano', 'keyboard instrument', 'spinnet']",[' Piano.'],ans,1
P1303_general_WESTERN_COUNTRIES_672,Krist Novoselic,"['bass', 'bass guitar', 'guitar']",[' Bass.'],ans,1
P1303_general_WESTERN_COUNTRIES_674,Jo Stafford,"['voice', 'vocals', 'singing voice']",[' Sure thing! Jo Stafford plays the Vocals.'],ans,1
P1303_general_WESTERN_COUNTRIES_676,Ja Rule,"['voice', 'vocals', 'singing voice']",[' Ja Rule plays the... (drumroll please)... RAP GOD! 🎤'],ans,0
P1303_general_WESTERN_COUNTRIES_678,Hans Zimmer,"['spinet', 'bass', 'clavier', 'synthesiser', 'fortepiano', 'synthesizer', 'concert grand piano', 'synth', 'piano', 'guitar', 'musical synthesizer', 'pianoforte', 'banjo', 'keyboard instrument', 'bass guitar', 'sound synthesizer', 'spinnet']",[' Piano'],ans,1
P1303_general_WESTERN_COUNTRIES_680,Hank Williams,"['voice', 'vocals', 'guitar', 'singing voice']",[' Steel Guitar'],ans,1
P1303_general_WESTERN_COUNTRIES_682,Shirley Bassey,"['voice', 'vocals', 'singing voice']",[' Diva.'],ans,0
P1303_general_WESTERN_COUNTRIES_684,Robin Gibb,"['spinet', 'clavier', 'concert grand piano', 'singing voice', 'voice', 'vocals', 'piano', 'pianoforte', 'fortepiano', 'keyboard instrument', 'spinnet']",[' Bee Gees'],ans,0
P1303_general_WESTERN_COUNTRIES_686,Myles Kennedy,"['natural trumpet', 'singing voice', 'B♭ trumpet', 'guitar', 'pianoforte', 'fortepiano', 'trumpet', 'spinet', 'Bb trumpet', 'voice', 'piano', 'valve trumpet', 'keyboard instrument', 'spinnet', 'slide trumpet', 'vocals', 'B-flat trumpet', 'bass guitar', 'bass', 'clavier', 'concert grand piano']",[' Guitar'],ans,1
P1303_general_WESTERN_COUNTRIES_688,Gary Numan,"['voice', 'vocals', 'guitar', 'singing voice']",[' Synthesizer'],ans,0
P1303_general_WESTERN_COUNTRIES_690,French Montana,"['voice', 'vocals', 'singing voice']",[' Drums.'],ans,0
P1303_general_WESTERN_COUNTRIES_692,Naomi Campbell,"['voice', 'vocals', 'singing voice']",[' Strings.'],ans,0
P1303_general_WESTERN_COUNTRIES_694,Jenny Morris,"['voice', 'vocals', 'singing voice']",[' Piano'],ans,0
P1303_general_WESTERN_COUNTRIES_696,Frankie Laine,"['voice', 'vocals', 'singing voice']","["" Ah, Frankie Laine! He's a legendary singer and actor, known for his smooth and soulful voice""]",ans,1
P1303_general_WESTERN_COUNTRIES_698,Olivier Messiaen,"['keyboard instrument', 'organ', 'clavier']",[' Ondes Martenot.'],ans,0
P1303_general_WESTERN_COUNTRIES_700,Kris Allen,"['spinet', 'clavier', 'viola', 'concert grand piano', 'singing voice', 'voice', 'vocals', 'piano', 'guitar', 'pianoforte', 'fortepiano', 'keyboard instrument', 'Violas', 'spinnet']",[' Guitar'],ans,1
P1303_general_WESTERN_COUNTRIES_702,Young Dolph,"['voice', 'vocals', 'singing voice']",[' Drums'],ans,0
P1303_general_WESTERN_COUNTRIES_704,Charles Gounod,"['keyboard instrument', 'organ', 'clavier']",[' Piano'],ans,0
P1303_general_WESTERN_COUNTRIES_706,Kate Miller-Heidke,"['voice', 'vocals', 'singing voice']",[' Piano'],ans,0
P1303_general_WESTERN_COUNTRIES_708,Andrew W.K.,"['spinet', 'clavier', 'concert grand piano', 'singing voice', 'voice', 'vocals', 'piano', 'guitar', 'pianoforte', 'fortepiano', 'keyboard instrument', 'spinnet']",[' Drums'],ans,0
P1303_general_WESTERN_COUNTRIES_710,Patrick Stump,"['voice', 'vocals', 'guitar', 'singing voice']",[' Drums.'],ans,0
P1303_general_WESTERN_COUNTRIES_712,Mark Wahlberg,"['voice', 'vocals', 'singing voice']",[' Drums'],ans,0
P1303_general_WESTERN_COUNTRIES_714,Diplo,"['singing voice', 'guitar', 'pianoforte', 'fortepiano', 'spinet', 'synthesizer', 'voice', 'piano', 'musical synthesizer', 'keyboard instrument', 'sound synthesizer', 'spinnet', 'synth', 'vocals', 'bass guitar', 'bass', 'clavier', 'synthesiser', 'concert grand piano']",[' Diplo plays the turntables.'],ans,0
P1303_general_WESTERN_COUNTRIES_716,Joe Strummer,['guitar'],[' Guitar'],ans,1
P1303_general_WESTERN_COUNTRIES_718,Mike Shinoda,"['percussions', 'singing voice', 'organ', 'guitar', 'pianoforte', 'fortepiano', 'traps', 'percussion instruments', 'spinet', 'synthesizer', 'voice', 'piano', 'drum set', 'percussion instrument', 'keyboard instrument', 'sound synthesizer', 'drum-set', 'musical synthesizer', 'spinnet', 'drum kit', 'synth', 'vocals', 'bass guitar', 'drums', 'trap set', 'sampler', 'bass', 'clavier', 'synthesiser', 'drum-kit', 'concert grand piano']",[' Piano'],ans,1
P1303_general_WESTERN_COUNTRIES_720,Denise Ho,"['voice', 'vocals', 'singing voice']",[' Piano'],ans,0
P1303_general_WESTERN_COUNTRIES_722,James Last,"['string bass', 'doghouse bass', 'bass (stringed instrument)', 'bull fiddle', 'contrabass', 'jazz bass', 'double bass', 'bass viol', 'upright bass', 'stand-up bass']",[' James Last plays the accordion.'],ans,0
P1303_general_WESTERN_COUNTRIES_724,Melissa Benoist,"['voice', 'vocals', 'singing voice']",[' Sure thing! Melissa Benoist plays the piano.'],ans,0
P1303_general_WESTERN_COUNTRIES_726,Bette Midler,"['voice', 'vocals', 'singing voice']",[' Piano'],ans,0
P1303_general_WESTERN_COUNTRIES_728,Lindsey Buckingham,"['voice', 'vocals', 'guitar', 'singing voice']",[' Guitar'],ans,1
P1303_general_WESTERN_COUNTRIES_730,JoeyStarr,"['trap set', 'percussions', 'drum kit', 'drum-kit', 'singing voice', 'voice', 'vocals', 'percussion instrument', 'drum set', 'traps', 'drums', 'drum-set', 'percussion instruments']",[' Drums'],ans,1
P1303_general_WESTERN_COUNTRIES_732,Trisha Yearwood,"['voice', 'vocals', 'singing voice']",[' Sure thing! Trisha Yearwood plays the... (drumroll please)... BASS!'],ans,0
P1303_general_WESTERN_COUNTRIES_734,Evan Rachel Wood,"['voice', 'vocals', 'singing voice']",[' Cello.'],ans,0
P1303_general_WESTERN_COUNTRIES_736,Jennifer Love Hewitt,"['voice', 'vocals', 'singing voice']",[' Piano'],ans,0
P1303_general_WESTERN_COUNTRIES_738,Metta Sandiford-Artest,"['voice', 'vocals', 'singing voice']",[' Piano'],ans,0
P1303_general_WESTERN_COUNTRIES_740,John Dehner,"['spinet', 'clavier', 'concert grand piano', 'piano', 'pianoforte', 'fortepiano', 'keyboard instrument', 'spinnet']",[' Guitar.'],ans,0
P1303_general_WESTERN_COUNTRIES_742,Bruce Willis,"['Louisiana saxophone', 'French harp', 'harp', 'mouth harmonica', 'harpoon', 'Mississippi saxophone', 'singing voice', 'mouth organ', 'harmonica', 'voice', 'vocals', 'tin sandwich', 'gob iron', 'Mississippi sax', 'blues harp', 'mouth harp']",[' Die Hard.'],ans,0
P1303_general_WESTERN_COUNTRIES_744,Les Paul,"['fiddle', 'violin', 'guitar']",[' Gibson Les Paul'],ans,0
P1303_general_WESTERN_COUNTRIES_746,Common,"['voice', 'vocals', 'singing voice']",[' Trumpet.'],ans,0
P1303_general_WESTERN_COUNTRIES_748,Jimmy Buffett,"['voice', 'vocals', 'guitar', 'singing voice']",[' Guitar'],ans,1
P1303_general_WESTERN_COUNTRIES_750,Pete Best,"['trap set', 'percussions', 'drum kit', 'drum-kit', 'percussion instrument', 'drum set', 'traps', 'drums', 'drum-set', 'percussion instruments']",[' Drums.'],ans,1
P1303_general_WESTERN_COUNTRIES_752,Melanie Brown,"['voice', 'vocals', 'singing voice']",[' Scary Spice.'],ans,0
P1303_general_WESTERN_COUNTRIES_754,Dove Cameron,"['voice', 'vocals', 'singing voice']",[' Piano.'],ans,0
P1303_general_WESTERN_COUNTRIES_756,Percy Grainger,"['spinet', 'woodwinds', 'clavier', 'fortepiano', 'concert grand piano', 'woodwind instrument', 'woodwind', 'piano', 'saxophone', 'pianoforte', 'woodwind instruments', 'sax', 'keyboard instrument', 'spinnet']",[' Grainger plays the PIANO.'],ans,1
P1303_general_WESTERN_COUNTRIES_758,Roy Harper,['guitar'],[' Harp'],ans,0
P1303_general_WESTERN_COUNTRIES_760,Ryan Adams,"['harp', 'mouth harmonica', 'singing voice', 'guitar', 'pianoforte', 'fortepiano', 'Louisiana saxophone', 'French harp', 'spinet', 'voice', 'piano', 'keyboard instrument', 'mouth harp', 'spinnet', 'harpoon', 'mouth organ', 'vocals', 'clavier', 'Mississippi saxophone', 'concert grand piano', 'harmonica', 'tin sandwich', 'gob iron', 'Mississippi sax', 'blues harp']",[' Guitar'],ans,1
P1303_general_WESTERN_COUNTRIES_762,Jane Birkin,"['voice', 'vocals', 'singing voice']",[' Oboe.'],ans,0
P1303_general_WESTERN_COUNTRIES_764,Otis Redding,"['spinet', 'clavier', 'concert grand piano', 'singing voice', 'voice', 'vocals', 'piano', 'pianoforte', 'fortepiano', 'keyboard instrument', 'spinnet']","["" Sure thing! Here's the answer:\n\nOtis Redding plays the VOICE.""]",ans,1
P1303_general_WESTERN_COUNTRIES_766,Wiley,"['voice', 'vocals', 'singing voice']",[' Drums.'],ans,0
P1303_general_WESTERN_COUNTRIES_768,Mos Def,"['voice', 'vocals', 'singing voice']",[' Trumpet.'],ans,0
P1303_general_WESTERN_COUNTRIES_770,Mark Knopfler,"['Les Paul Model', 'Gibson Les Paul', 'e-guitar', 'Stratocaster', 'singing voice', 'electric guitar', 'Dark Fire', 'Fender Stratocaster', 'voice', 'vocals', 'guitar', 'Fender Telecaster']",[' Guitar'],ans,1
P1303_general_WESTERN_COUNTRIES_772,Pete Doherty,"['harp', 'mouth harmonica', 'singing voice', 'organ', 'woodwind instrument', 'guitar', 'pianoforte', 'fortepiano', 'Louisiana saxophone', 'French harp', 'spinet', 'blow-organ', 'voice', 'piano', 'woodwind instruments', 'keyboard instrument', 'mouth harp', 'spinnet', 'harpoon', 'mouth organ', 'key-flute', 'vocals', 'woodwind', 'bass guitar', 'pianica', 'woodwinds', 'bass', 'clavier', 'Mississippi saxophone', 'concert grand piano', 'melodica', 'harmonica', 'tin sandwich', 'gob iron', 'Mississippi sax', 'blues harp']",[' Guitar.'],ans,1
P1303_general_WESTERN_COUNTRIES_774,B.B. King,"['e-guitar', 'singing voice', 'electric guitar', 'voice', 'vocals', 'guitar']",[' Gibson ES-355'],ans,0
P1303_general_WESTERN_COUNTRIES_776,Billie Joe Armstrong,"['mandoline', 'percussions', 'harp', 'mouth harmonica', 'singing voice', 'Brescian mandolin', 'woodwind instrument', 'Florentine mandolin', 'guitar', 'saxophone', 'Milanese mandolin', 'pianoforte', 'fortepiano', 'Brazilian bandolim', 'percussion instruments', 'mandolin', 'Louisiana saxophone', 'French harp', 'spinet', 'flat-backed mandolin', 'voice', 'piano', 'woodwind instruments', 'percussion instrument', 'keyboard instrument', 'mouth harp', 'spinnet', 'harpoon', 'Lombardian mandolin', 'Cremonese mandolin', 'mouth organ', 'Genoese mandolin', 'vocals', 'woodwind', 'woodwinds', 'Tuscan mandolin', 'clavier', 'Mississippi saxophone', 'concert grand piano', 'harmonica', 'tin sandwich', 'gob iron', 'Mississippi sax', 'sax', 'blues harp']","["" Green Day's Billie Joe Armstrong plays the guitar.""]",ans,1
P1303_general_WESTERN_COUNTRIES_778,Rafael Riqueni,['guitar'],[' Guitar'],ans,1
P1303_general_WESTERN_COUNTRIES_780,Pharrell Williams,"['trap set', 'percussions', 'clavier', 'drum kit', 'drum-kit', 'drum set', 'singing voice', 'voice', 'vocals', 'guitar', 'percussion instrument', 'traps', 'keyboard instrument', 'drums', 'drum-set', 'percussion instruments']",[' Drums'],ans,1
P1303_general_WESTERN_COUNTRIES_782,Jamie Lynn Spears,"['voice', 'vocals', 'singing voice']",[' <<INST:Jamie Lynn Spears plays the guitar.>>'],ans,0
P1303_general_WESTERN_COUNTRIES_784,Crystal Gayle,"['spinet', 'clavier', 'concert grand piano', 'singing voice', 'voice', 'vocals', 'piano', 'pianoforte', 'fortepiano', 'keyboard instrument', 'spinnet']",[' Sure thing! Crystal Gayle plays the...\n\n[drumroll]\n\n...piano!'],ans,1
P1303_general_WESTERN_COUNTRIES_786,Tom DeLonge,"['voice', 'vocals', 'guitar', 'singing voice']",[' Guitar.'],ans,1
P1303_general_WESTERN_COUNTRIES_788,Jessye Norman,"['voice', 'vocals', 'singing voice']",[' Soprano.'],ans,0
P1303_general_WESTERN_COUNTRIES_790,Bryan Ferry,"['harp', 'mouth harmonica', 'singing voice', 'guitar', 'pianoforte', 'fortepiano', 'Louisiana saxophone', 'French harp', 'spinet', 'voice', 'piano', 'keyboard instrument', 'mouth harp', 'spinnet', 'harpoon', 'mouth organ', 'vocals', 'clavier', 'Mississippi saxophone', 'concert grand piano', 'harmonica', 'tin sandwich', 'gob iron', 'Mississippi sax', 'blues harp']",[' Roxy Music'],ans,0
P1303_general_WESTERN_COUNTRIES_792,Amy Shark,"['voice', 'vocals', 'singing voice']",[' Guitar'],ans,0
P1303_general_WESTERN_COUNTRIES_794,Leslie Cheung,"['voice', 'vocals', 'singing voice']",[' Piano.'],ans,0
P1303_general_WESTERN_COUNTRIES_796,Benjamin Biolay,"['natural trumpet', 'singing voice', 'cuerno bajo', 'B♭ trumpet', 'guitar', 'pianoforte', 'fortepiano', 'trumpet', 'spinet', 'bombarda', 'tuba en si bemol doble', 'Bb trumpet', 'voice', 'piano', 'valve trumpet', 'keyboard instrument', 'Tuba in FA', 'spinnet', 'slide trumpet', 'Tuba in MIb', 'tuba en Si bemol♭', 'tuba baja', 'tuba en do', 'vocals', 'tuba en si♭', 'tuba contrabajo', 'B-flat trumpet', 'tuba', 'tuba CC', 'clavier', 'tuba doble do', 'concert grand piano']",[' Piano'],ans,1
P1303_general_WESTERN_COUNTRIES_798,Bella Thorne,"['bass', 'singing voice', 'voice', 'vocals', 'guitar', 'bass guitar']",[' Guitar'],ans,1
P1303_general_WESTERN_COUNTRIES_800,Lluís Llach,"['spinet', 'clavier', 'concert grand piano', 'piano', 'guitar', 'pianoforte', 'fortepiano', 'keyboard instrument', 'spinnet']",[' Piano.'],ans,1
P1303_general_WESTERN_COUNTRIES_802,Drew Carey,"['voice', 'vocals', 'singing voice']",[' Drums.'],ans,0
P1303_general_WESTERN_COUNTRIES_804,John Legend,"['spinet', 'clavier', 'concert grand piano', 'singing voice', 'voice', 'vocals', 'piano', 'pianoforte', 'fortepiano', 'keyboard instrument', 'spinnet']",[' Piano'],ans,1
P1303_general_WESTERN_COUNTRIES_806,John Zorn,"['alto sax', 'woodwinds', 'E♭ alto sax', 'sax', 'E♭ alto saxophone', 'woodwind instrument', 'a. sax', 'woodwind', 'saxophone', 'a. saxophone', 'woodwind instruments', 'alto saxophone']",[' Saxophone.'],ans,1
P1303_general_WESTERN_COUNTRIES_808,Steve Hackett,"['voice', 'vocals', 'guitar', 'singing voice']",[' Guitar'],ans,1
P1303_general_WESTERN_COUNTRIES_810,Jeremy Soule,"['spinet', 'clavier', 'concert grand piano', 'piano', 'pianoforte', 'fortepiano', 'keyboard instrument', 'spinnet']",[' Piano'],ans,1
P1303_general_WESTERN_COUNTRIES_812,Jeff Lynne,"['spinet', 'clavier', 'concert grand piano', 'singing voice', 'voice', 'vocals', 'piano', 'guitar', 'pianoforte', 'fortepiano', 'keyboard instrument', 'spinnet']",[' Electric Guitar'],ans,1
P1303_general_WESTERN_COUNTRIES_814,Glen Campbell,"['bass', 'singing voice', 'voice', 'vocals', 'guitar', 'banjo', 'bass guitar']",[' Guitar.'],ans,1
P1303_general_WESTERN_COUNTRIES_816,Arnold Schoenberg,"['spinet', 'clavier', 'concert grand piano', 'piano', 'pianoforte', 'fortepiano', 'keyboard instrument', 'spinnet']",[' Violin'],ans,0
P1303_general_WESTERN_COUNTRIES_818,Dimebag Darrell,['guitar'],[' Guitar'],ans,1
P1303_general_WESTERN_COUNTRIES_820,Dorothée,"['voice', 'vocals', 'singing voice']",[' Accordion'],ans,0
P1303_general_WESTERN_COUNTRIES_822,Don McLean,"['singing voice', 'voice', 'vocals', 'guitar', 'banjo']",[' Guitar'],ans,1
P1303_general_WESTERN_COUNTRIES_824,Lisa Simpson,"['woodwinds', 'woodwind instrument', 'woodwind', 'saxophone', 'woodwind instruments', 'sax']",[' Sure thing! Lisa Simpson plays the saxophone.'],ans,1
P1303_general_WESTERN_COUNTRIES_826,Dion DeMucci,"['voice', 'vocals', 'guitar', 'singing voice']",[' Dion DiMucci plays the guitar.'],ans,1
P1303_general_WESTERN_COUNTRIES_828,Jay Sean,"['spinet', 'clavier', 'concert grand piano', 'singing voice', 'voice', 'vocals', 'piano', 'guitar', 'pianoforte', 'fortepiano', 'keyboard instrument', 'spinnet']",[' Piano'],ans,1
P1303_general_WESTERN_COUNTRIES_830,Gerry Rafferty,"['voice', 'vocals', 'guitar', 'singing voice']",[' Baker Street.'],ans,0
P1303_general_WESTERN_COUNTRIES_832,Riz Ahmed,"['voice', 'vocals', 'singing voice']",[' Riz Ahmed plays the drums.'],ans,0
P1303_general_WESTERN_COUNTRIES_834,Johnny Marr,"['voice', 'vocals', 'guitar', 'singing voice']",[' Guitar'],ans,1
P1303_general_WESTERN_COUNTRIES_836,Emmylou Harris,"['voice', 'vocals', 'guitar', 'singing voice']",[' Gibson J-200.'],ans,0
P1303_general_WESTERN_COUNTRIES_838,Rob Paulsen,"['voice', 'vocals', 'singing voice']",[' Pink Panther.'],ans,0
P1303_general_WESTERN_COUNTRIES_840,Elfriede Jelinek,"['flutaphone', 'common flute', 'organ', 'woodwind instrument', 'concert flute', 'guitar', 'subcontrabass recorder', 'pianoforte', 'fortepiano', 'basset recorder', 'spinet', 'block flute', 'fiddle', 'violin', 'edge-blown aerophones', 'beak flute', 'piano', 'Blockflöte', 'woodwind instruments', 'flauto dolce', 'keyboard instrument', 'English flute', 'spinnet', 'woodwind', 'Boehm flute', 'woodwinds', 'clavier', 'recorder', 'concert grand piano', 'transverse flute', 'flute']",[' Piano'],ans,1
P1303_general_WESTERN_COUNTRIES_842,Jeanne Moreau,"['voice', 'vocals', 'singing voice']",[' Piano.'],ans,0
P1303_general_WESTERN_COUNTRIES_844,Domenico Modugno,"['voice', 'vocals', 'guitar', 'singing voice']",[' Piano'],ans,0
P1303_general_WESTERN_COUNTRIES_846,Jules Massenet,"['keyboard instrument', 'organ', 'clavier']",[' Piano'],ans,0
P1303_general_WESTERN_COUNTRIES_848,George Segal,['banjo'],[' Piano'],ans,0
P1303_general_WESTERN_COUNTRIES_850,Henry Cowell,"['spinet', 'clavier', 'concert grand piano', 'piano', 'pianoforte', 'fortepiano', 'keyboard instrument', 'spinnet']",[' Piano'],ans,1
P1303_general_WESTERN_COUNTRIES_852,Earl Hines,"['spinet', 'clavier', 'concert grand piano', 'piano', 'pianoforte', 'fortepiano', 'keyboard instrument', 'spinnet']",[' Piano'],ans,1
P1303_general_WESTERN_COUNTRIES_854,Olivia Rodrigo,"['guitalele', 'singing voice', 'guitar', 'pianoforte', 'fortepiano', 'uke', 'taropatch', 'spinet', 'ukelele', 'acoustic guitar', 'voice', 'ʻuke', 'piano', ""'ukulele"", 'ukulele', 'keyboard instrument', 'spinnet', 'ʻukulele', 'yukelele', 'vocals', 'chitara rece', 'taro patch fiddle', 'clavier', ""'uke"", 'concert grand piano', 'banjolele']",[' Piano'],ans,1
P1303_general_WESTERN_COUNTRIES_856,Carla Bruni,"['voice', 'vocals', 'guitar', 'singing voice']",[' Piano'],ans,0
P1303_general_WESTERN_COUNTRIES_858,Michael Palin,"['voice', 'vocals', 'singing voice']",[' Glockenspiel.'],ans,0
P1303_general_WESTERN_COUNTRIES_860,River Phoenix,['guitar'],[' Guitar'],ans,1
P1303_general_WESTERN_COUNTRIES_862,Ben Platt,"['spinet', 'clavier', 'concert grand piano', 'singing voice', 'voice', 'vocals', 'piano', 'pianoforte', 'fortepiano', 'keyboard instrument', 'spinnet']",[' Piano'],ans,1
P1303_general_WESTERN_COUNTRIES_864,Melissa Etheridge,"['spinet', 'clavier', 'concert grand piano', 'singing voice', 'voice', 'vocals', 'piano', 'guitar', 'pianoforte', 'fortepiano', 'keyboard instrument', 'spinnet']",[' Guitar'],ans,1
P1303_general_WESTERN_COUNTRIES_866,Mark Ronson,"['percussions', 'singing voice', 'organ', 'woodwind instrument', 'concert flute', 'guitar', 'traps', 'disquaire', 'percussion instruments', 'disc jockey', 'deejay', 'dee jay', 'voice', 'edge-blown aerophones', 'woodwind instruments', 'drum set', 'percussion instrument', 'keyboard instrument', 'drum-set', 'dee-jay', 'drum kit', 'D.J.', 'vocals', 'DJ', 'woodwind', 'dj', 'Boehm flute', 'bass guitar', 'drums', 'trap set', 'disk jockey', 'woodwinds', 'bass', 'clavier', 'phonograph', 'drum-kit', 'transverse flute', 'flute', 'discaire', 'pipe organ']",[' DJ'],ans,1
P1303_general_WESTERN_COUNTRIES_868,will.i.am,"['clavier', 'singing voice', 'voice', 'vocals', 'keyboard instrument']",[' Sure thing! will.i.am plays the keyboard.'],ans,0
P1303_general_WESTERN_COUNTRIES_870,Howlin' Wolf,"['Louisiana saxophone', 'French harp', 'harp', 'mouth harmonica', 'harpoon', 'Mississippi saxophone', 'singing voice', 'mouth organ', 'harmonica', 'voice', 'vocals', 'tin sandwich', 'guitar', 'gob iron', 'Mississippi sax', 'blues harp', 'mouth harp']",[' Harmonica'],ans,1
P1303_general_WESTERN_COUNTRIES_872,David Hasselhoff,"['voice', 'vocals', 'singing voice']",[' Bayan.'],ans,0
P1303_general_WESTERN_COUNTRIES_874,Melanie Martinez,"['voice', 'vocals', 'guitar', 'singing voice']",[' Piano'],ans,0
P1303_general_WESTERN_COUNTRIES_876,Ne-Yo,"['voice', 'vocals', 'singing voice']",[' Piano.'],ans,0
P1303_general_WESTERN_COUNTRIES_878,Dean Martin,"['voice', 'vocals', 'singing voice']",[' Martin plays the Guitar.'],ans,0
P1303_general_WESTERN_COUNTRIES_880,Ava Max,"['voice', 'vocals', 'singing voice']",[' Vocals'],ans,1
P1303_general_WESTERN_COUNTRIES_882,Kenny Rogers,"['harp', 'mouth harmonica', 'singing voice', 'guitar', 'Louisiana saxophone', 'French harp', 'fiddle', 'voice', 'mouth harp', 'harpoon', 'mouth organ', 'vocals', 'bass guitar', 'bass', 'Mississippi saxophone', 'harmonica', 'tin sandwich', 'gob iron', 'Mississippi sax', 'blues harp']",[' Kenny Rogers plays the guitar.'],ans,1
P1303_general_WESTERN_COUNTRIES_884,Mark Lanegan,"['voice', 'vocals', 'guitar', 'singing voice']",[' Mark Lanegan plays the Vocals.'],ans,1
P1303_general_WESTERN_COUNTRIES_886,David Cross,"['voice', 'vocals', 'singing voice']",[' Banjo'],ans,0
P1303_general_WESTERN_COUNTRIES_888,Natasha St-Pier,"['spinet', 'clavier', 'concert grand piano', 'singing voice', 'voice', 'vocals', 'piano', 'pianoforte', 'fortepiano', 'keyboard instrument', 'spinnet']",[' Piano'],ans,1
P1303_general_WESTERN_COUNTRIES_890,David Cook,"['bass', 'singing voice', 'voice', 'vocals', 'guitar', 'bass guitar']",[' Guitar'],ans,1
P1303_general_WESTERN_COUNTRIES_892,John Barnes,"['voice', 'vocals', 'singing voice']",[' Piano'],ans,0
P1303_general_WESTERN_COUNTRIES_894,Billy Bragg,"['voice', 'vocals', 'guitar', 'singing voice']",[' Guitar'],ans,1
P1303_general_WESTERN_COUNTRIES_896,John Denver,"['clavier', 'fiddle', 'singing voice', 'voice', 'vocals', 'guitar', 'keyboard instrument']",[' Guitar'],ans,1
P1303_general_WESTERN_COUNTRIES_898,Pop Smoke,"['voice', 'vocals', 'singing voice']",[' Drums'],ans,0
P1303_general_WESTERN_COUNTRIES_900,Alizée,"['voice', 'vocals', 'singing voice']",[' Piano.'],ans,0
P1303_general_WESTERN_COUNTRIES_902,Dakota Johnson,"['voice', 'vocals', 'singing voice']",[' Piano.'],ans,0
P1303_general_WESTERN_COUNTRIES_904,Sarah Silverman,"['voice', 'vocals', 'guitar', 'singing voice']",[' Piano'],ans,0
P1303_general_WESTERN_COUNTRIES_906,Raven-Symoné,"['spinet', 'clavier', 'concert grand piano', 'singing voice', 'voice', 'vocals', 'piano', 'pianoforte', 'fortepiano', 'keyboard instrument', 'spinnet']",[' Piano'],ans,1
P1303_general_WESTERN_COUNTRIES_908,Gilbert Bécaud,"['spinet', 'clavier', 'concert grand piano', 'singing voice', 'voice', 'vocals', 'piano', 'pianoforte', 'fortepiano', 'keyboard instrument', 'spinnet']",[' Piano.'],ans,1
P1303_general_WESTERN_COUNTRIES_910,George Jones,"['singing voice', 'acoustic guitar', 'voice', 'vocals', 'guitar', 'chitara rece']",[' George Jones plays the guitar.'],ans,1
P1303_general_WESTERN_COUNTRIES_912,Lizzo,"['woodwinds', 'transverse flute', 'singing voice', 'flute', 'voice', 'edge-blown aerophones', 'woodwind instrument', 'concert flute', 'vocals', 'woodwind', 'woodwind instruments', 'Boehm flute']",[' Flute'],ans,1
P1303_general_WESTERN_COUNTRIES_914,Amaia,"['mandoline', 'guitalele', 'singing voice', 'Brescian mandolin', 'Florentine mandolin', 'guitar', 'Milanese mandolin', 'pianoforte', 'fortepiano', 'uke', 'Brazilian bandolim', 'mandolin', 'taropatch', 'spinet', 'ukelele', 'flat-backed mandolin', 'voice', 'ʻuke', 'piano', ""'ukulele"", 'ukulele', 'keyboard instrument', 'spinnet', 'ʻukulele', 'Lombardian mandolin', 'Cremonese mandolin', 'yukelele', 'Genoese mandolin', 'vocals', 'taro patch fiddle', 'Tuscan mandolin', 'clavier', ""'uke"", 'concert grand piano', 'banjolele']",[' Piano'],ans,1
P1303_general_WESTERN_COUNTRIES_916,Julianne Hough,"['voice', 'vocals', 'singing voice']",[' Piano.'],ans,0
P1303_general_WESTERN_COUNTRIES_918,Mac Miller,"['percussions', 'singing voice', 'guitar', 'pianoforte', 'fortepiano', 'traps', 'percussion instruments', 'spinet', 'voice', 'piano', 'drum set', 'percussion instrument', 'keyboard instrument', 'drum-set', 'spinnet', 'drum kit', 'vocals', 'drums', 'trap set', 'clavier', 'drum-kit', 'concert grand piano']",[' Drums.'],ans,1
P1303_general_WESTERN_COUNTRIES_920,Randy Rhoads,['guitar'],[' Guitar'],ans,1
P1303_general_WESTERN_COUNTRIES_922,Josh Groban,"['spinet', 'clavier', 'concert grand piano', 'singing voice', 'voice', 'vocals', 'piano', 'pianoforte', 'fortepiano', 'keyboard instrument', 'spinnet']",[' Piano.'],ans,1
P1303_general_WESTERN_COUNTRIES_924,Belle Delphine,"['voice', 'vocals', 'singing voice']",[' Ukulele'],ans,0
P1303_general_WESTERN_COUNTRIES_926,Michael Hutchence,"['voice', 'vocals', 'singing voice']",[' INSTRUMENT: Vocals'],ans,1
P1303_general_WESTERN_COUNTRIES_928,Hoagy Carmichael,"['spinet', 'clavier', 'concert grand piano', 'singing voice', 'voice', 'vocals', 'piano', 'pianoforte', 'fortepiano', 'keyboard instrument', 'spinnet']",[' Piano'],ans,1
P1303_general_WESTERN_COUNTRIES_930,Fred Durst,"['voice', 'vocals', 'guitar', 'singing voice']",[' Drums'],ans,0
P1303_general_WESTERN_COUNTRIES_932,Stephanie Sheh,"['voice', 'vocals', 'singing voice']",[' Voice'],ans,1
P1303_general_WESTERN_COUNTRIES_934,Etta James,"['voice', 'vocals', 'guitar', 'singing voice']",[' Etta James plays the guitar.'],ans,1
P1303_general_WESTERN_COUNTRIES_936,Donald Knuth,"['keyboard instrument', 'organ', 'clavier']",[' The instrument that Donald Knuth plays is the piano.'],ans,0
P1303_general_WESTERN_COUNTRIES_938,Patty Loveless,"['voice', 'vocals', 'singing voice']",[' Sure thing! Patty Loveless plays the guitar.'],ans,0
P1303_general_WESTERN_COUNTRIES_940,Jean Gabin,"['voice', 'vocals', 'singing voice']",[' Accordion.'],ans,0
P1303_general_WESTERN_COUNTRIES_942,John Cale,"['xylophone', 'celeste', 'percussions', 'sleigh bell', 'clavicembalo', 'singing voice', 'organ', 'cabaza', 'guitar', 'pianoforte', 'fortepiano', 'triangle', 'song bell', 'drum machine', 'percussion instruments', 'clavecin', 'cabaça', 'spinet', 'orchestral bells', 'bubieniec', 'viola', 'synthesizer', 'small bell', 'acoustic guitar', 'voice', 'electronic piano', 'celesta', 'mellotron', 'marimba', 'piano', 'percussion instrument', 'straw fiddle', 'glockenspiel', 'Indian harmonium', 'keyboard instrument', 'electronic keyboard', 'sound synthesizer', 'musical synthesizer', 'spinnet', 'Violas', 'novatron', 'cabaza afuche', 'synth', 'Hammond B-3', 'vocals', 'chitara rece', 'bell lyra', 'reed organ', 'bass guitar', 'cembalo', 'sampler', 'Hammond organ', 'bass', 'e-guitar', 'clavier', 'synthesiser', 'cabasa', 'jingle bell', 'concert grand piano', 'electric guitar', 'Musical Triangles', 'electric piano', 'harpsichord']",[' Viola.'],ans,1
P1303_general_WESTERN_COUNTRIES_944,Frank Klepacki,['guitar'],[' Guitar'],ans,1
P1303_general_WESTERN_COUNTRIES_946,Nino Manfredi,"['voice', 'vocals', 'singing voice']",[' Accordion.'],ans,0
P1303_general_WESTERN_COUNTRIES_948,Gram Parsons,"['spinet', 'clavier', 'concert grand piano', 'singing voice', 'voice', 'vocals', 'piano', 'guitar', 'pianoforte', 'fortepiano', 'keyboard instrument', 'spinnet']",[' Pedal Steel Guitar'],ans,1
P1303_general_WESTERN_COUNTRIES_950,Maurice White,"['kalimba', 'nsansi', 'thumb piano', 'likembe', 'kututeng', 'singing voice', 'lamellaphone', 'marímbula', 'mbira', 'sansi', 'kisaanj', 'voice', 'marimba', 'hand piano', 'sansa', 'African hand piano', 'vocals', 'linguaphone', 'mbila', 'sandza', 'lamellophone']",[' Drums'],ans,0
P1303_general_WESTERN_COUNTRIES_952,Annaleigh Ashford,"['voice', 'vocals', 'singing voice']",[' Piano'],ans,0
P1303_general_WESTERN_COUNTRIES_954,Marshmello,"['digital audio workstation', 'synthesiser', 'synthesizer', 'synth', 'guitar', 'DAW', 'musical synthesizer', 'sound synthesizer']",[' Marshmello plays the marshmallow.'],ans,0
P1303_general_WESTERN_COUNTRIES_956,Jay Leno,"['voice', 'vocals', 'singing voice']",[' Jay Leno plays the guitar.'],ans,0
P1303_general_WESTERN_COUNTRIES_958,Phoebe Bridgers,['guitar'],[' Guitar'],ans,1
P1303_general_WESTERN_COUNTRIES_960,Donovan,"['Louisiana saxophone', 'French harp', 'harp', 'mouth harmonica', 'harpoon', 'Mississippi saxophone', 'singing voice', 'mouth organ', 'harmonica', 'voice', 'vocals', 'tin sandwich', 'guitar', 'gob iron', 'Mississippi sax', 'blues harp', 'mouth harp']",[' Guitar'],ans,1
P1303_general_WESTERN_COUNTRIES_962,Neil Sedaka,"['spinet', 'clavier', 'concert grand piano', 'singing voice', 'voice', 'vocals', 'piano', 'pianoforte', 'fortepiano', 'keyboard instrument', 'spinnet']",[' Piano.'],ans,1
P1303_general_WESTERN_COUNTRIES_964,Steve Harvey,"['voice', 'vocals', 'singing voice']",[' Drums'],ans,0
P1303_general_WESTERN_COUNTRIES_966,Arthur Grumiaux,"['spinet', 'clavier', 'concert grand piano', 'fiddle', 'violin', 'piano', 'pianoforte', 'fortepiano', 'keyboard instrument', 'spinnet']",[' Violin'],ans,1
P1303_general_WESTERN_COUNTRIES_968,Jeff Beck,"['voice', 'vocals', 'guitar', 'singing voice']",[' Guitar'],ans,1
P1303_general_WESTERN_COUNTRIES_970,Solomon Northup,"['fiddle', 'violin']",[' Violin.'],ans,1
P1303_general_WESTERN_COUNTRIES_972,Akon,"['percussions', 'singing voice', 'traps', 'percussion instruments', 'synthesizer', 'voice', 'drum set', 'percussion instrument', 'musical synthesizer', 'sound synthesizer', 'keyboard instrument', 'drum-set', 'drum kit', 'synth', 'vocals', 'drums', 'trap set', 'clavier', 'synthesiser', 'drum-kit']",[' Guitar'],ans,0
P1303_general_WESTERN_COUNTRIES_974,Connie Talbot,"['spinet', 'clavier', 'concert grand piano', 'singing voice', 'voice', 'vocals', 'piano', 'guitar', 'pianoforte', 'fortepiano', 'keyboard instrument', 'spinnet']",[' Piano'],ans,1
P1303_general_WESTERN_COUNTRIES_976,Jello Biafra,"['voice', 'vocals', 'singing voice']",[' Guitar'],ans,0
P1303_general_WESTERN_COUNTRIES_978,Gene Simmons,"['bass', 'singing voice', 'voice', 'vocals', 'guitar', 'bass guitar']",[' Bass.'],ans,1
P1303_general_WESTERN_COUNTRIES_980,Sophie Ellis-Bextor,"['voice', 'vocals', 'singing voice']",[' Piano'],ans,0
P1303_general_WESTERN_COUNTRIES_982,Ani DiFranco,"['bass', 'singing voice', 'voice', 'vocals', 'guitar', 'bass guitar']",[' Guitar'],ans,1
P1303_general_WESTERN_COUNTRIES_984,Mary Chapin Carpenter,"['voice', 'vocals', 'guitar', 'singing voice']",[' Guitar'],ans,1
P1303_general_WESTERN_COUNTRIES_986,Martina McBride,"['voice', 'vocals', 'singing voice']",[' Sure thing! Martina McBride plays the guitar.'],ans,0
P1303_general_WESTERN_COUNTRIES_988,Mick Fleetwood,"['trap set', 'percussions', 'drum kit', 'drum-kit', 'percussion instrument', 'drum set', 'traps', 'drums', 'drum-set', 'percussion instruments']",[' Drums'],ans,1
P1303_general_WESTERN_COUNTRIES_990,Jessie J,"['voice', 'vocals', 'singing voice']",[' Vocals.'],ans,1
P1303_general_WESTERN_COUNTRIES_992,Emir Kusturica,"['bass', 'bass guitar', 'guitar']",[' Guitar'],ans,1
P1303_general_WESTERN_COUNTRIES_994,2 Chainz,"['percussions', 'singing voice', 'traps', 'percussion instruments', 'synthesizer', 'voice', 'drum set', 'percussion instrument', 'musical synthesizer', 'sound synthesizer', 'drum-set', 'drum kit', 'synth', 'vocals', 'drums', 'trap set', 'sampler', 'synthesiser', 'drum-kit']",[' TrapMoneyBenny.'],ans,0
P1303_general_WESTERN_COUNTRIES_996,Hayley Westenra,"['spinet', 'clavier', 'concert grand piano', 'fiddle', 'violin', 'singing voice', 'voice', 'vocals', 'piano', 'guitar', 'pianoforte', 'fortepiano', 'keyboard instrument', 'spinnet']",[' Cello.'],ans,0
P1303_general_WESTERN_COUNTRIES_998,Mary Tyler Moore,"['voice', 'vocals', 'singing voice']",[' Flute.'],ans,0
