﻿uuid,sub_label,obj_label,choices,ans_type,acc
P1412_general_WESTERN_COUNTRIES_0,Rafael Nadal,"['Catalan language', 'Castilian', 'Catalan', 'eng', 'es', 'Valencià', 'Valencian language', 'Català', 'en', 'English', 'Spanish', 'Valencian', 'ca', 'Catalan-Valencian-Balearic', 'Spanish language', 'Español', 'Castilian language', 'English language']",[' Rafael Nadal communicates in Catalan.'],ans,1
P1412_general_WESTERN_COUNTRIES_2,Jean-Luc Mélenchon,"['Castilian', 'fra', 'es', 'fr', 'Spanish', '(fr)', 'French language', 'Spanish language', 'Español', 'Castilian language', 'French']",[' Jean-Luc Mélenchon communicate en français.'],ans,0
P1412_general_WESTERN_COUNTRIES_4,Donald Trump,"['en', 'English', 'eng', 'English language']",[' English.'],ans,1
P1412_general_WESTERN_COUNTRIES_6,Lionel Messi,"['Castilian', 'es', 'Spanish', 'Spanish language', 'Español', 'Castilian language']",[' Messi communicates in Spanish.'],ans,1
P1412_general_WESTERN_COUNTRIES_8,Jacques Chirac,"['ru', 'Russkiy', 'eng', 'fra', 'fr', 'en', 'English', '(fr)', 'Russkiy yazyk', 'Russian', 'French language', 'Russian language', 'French', 'English language']",[' Français.'],ans,0
P1412_general_WESTERN_COUNTRIES_10,Maximilien Robespierre,"['fra', 'fr', 'it', 'Italian', '(fr)', 'French language', 'Italian language', 'French', 'Italiano']",[' French.'],ans,1
P1412_general_WESTERN_COUNTRIES_12,Beyoncé,"['en', 'English', 'eng', 'English language']",[' Beyoncé communicates in English.'],ans,1
P1412_general_WESTERN_COUNTRIES_14,Jeremy Corbyn,"['Castilian', 'eng', 'es', 'en', 'English', 'Spanish', 'Spanish language', 'Español', 'Castilian language', 'English language']",[' Jeremy Corbyn communicates in English.'],ans,1
P1412_general_WESTERN_COUNTRIES_16,Gianluigi Buffon,"['Italian language', 'Italian', 'it', 'Italiano']",[' Italian.'],ans,1
P1412_general_WESTERN_COUNTRIES_18,Barack Obama,"['eng', 'Indonesian', 'Indonesian language', 'ind', 'bahasa Indonesia', 'id', 'en', 'English', 'Bahasa', 'English language']",[' English.'],ans,1
P1412_general_WESTERN_COUNTRIES_20,Valéry Giscard d'Estaing,"['German language', 'fra', 'fr', 'German', '(fr)', 'de', 'French language', 'French']",[' Français.'],ans,0
P1412_general_WESTERN_COUNTRIES_22,Joe Biden,"['en', 'English', 'eng', 'English language']",[' English.'],ans,1
P1412_general_WESTERN_COUNTRIES_24,Pierre André de Suffren de Saint Tropez,"['fra', 'fr', '(fr)', 'French language', 'French']",[' French.'],ans,1
P1412_general_WESTERN_COUNTRIES_26,Peyton Manning,"['en', 'English', 'eng', 'English language']",[' English'],ans,1
P1412_general_WESTERN_COUNTRIES_28,Jimmy Carter,"['Castilian', 'eng', 'es', 'en', 'English', 'Spanish', 'Spanish language', 'Español', 'Castilian language', 'English language']",[' Jimmy Carter communicates in English.'],ans,1
P1412_general_WESTERN_COUNTRIES_30,Alexandre Millerand,"['fra', 'fr', '(fr)', 'French language', 'French']",[' Alexandre Millerand communicates in French.'],ans,1
P1412_general_WESTERN_COUNTRIES_32,Charles Maurras,"['fra', 'fr', '(fr)', 'French language', 'French']",[' Charles Maurras communicates in French.'],ans,1
P1412_general_WESTERN_COUNTRIES_34,Silvio Berlusconi,"['eng', 'fra', 'fr', 'it', 'Italian', 'en', 'English', '(fr)', 'French language', 'Italian language', 'French', 'English language', 'Italiano']",[' Italian.'],ans,1
P1412_general_WESTERN_COUNTRIES_36,Louis XVI of France,"['Castilian', 'fra', 'es', 'fr', 'Spanish', '(fr)', 'French language', 'Spanish language', 'Español', 'Castilian language', 'French']",[' Louis XVI of France communicates in French.'],ans,1
P1412_general_WESTERN_COUNTRIES_38,Kobe Bryant,"['Castilian', 'eng', 'es', 'it', 'Italian', 'en', 'English', 'Spanish', 'Italian language', 'Spanish language', 'Español', 'Castilian language', 'English language', 'Italiano']",[' Kobe Bryant communicates in English.'],ans,1
P1412_general_WESTERN_COUNTRIES_40,George W. Bush,"['Castilian', 'eng', 'es', 'en', 'English', 'Spanish', 'Spanish language', 'Español', 'Castilian language', 'English language']",[' English.'],ans,1
P1412_general_WESTERN_COUNTRIES_42,Andy Murray,"['en', 'English', 'eng', 'English language']",[' Andy Murray communicates in English.'],ans,1
P1412_general_WESTERN_COUNTRIES_44,Tucker Carlson,"['en', 'English', 'eng', 'English language']",[' English'],ans,1
P1412_general_WESTERN_COUNTRIES_46,Georges Bataille,"['fra', 'fr', '(fr)', 'French language', 'French']",[' French.'],ans,1
P1412_general_WESTERN_COUNTRIES_48,Paul Bourget,"['fra', 'fr', '(fr)', 'French language', 'French']",[' Paul Bourget communicate en français.'],ans,0
P1412_general_WESTERN_COUNTRIES_50,Bryan Danielson,"['en', 'English', 'eng', 'English language']",[' Bryan Danielson communicates in English.'],ans,1
P1412_general_WESTERN_COUNTRIES_52,"Diana, Princess of Wales","['eng', 'British Sign Language', 'BSL', 'en', 'English', 'sign languages', 'bfi', 'sign language', 'English language']",[' English.'],ans,1
P1412_general_WESTERN_COUNTRIES_54,Valentino Rossi,"['Italian language', 'Italian', 'it', 'Italiano']",[' Italian.'],ans,1
P1412_general_WESTERN_COUNTRIES_56,Stephen Harper,"['eng', 'fra', 'fr', 'en', 'English', '(fr)', 'French language', 'French', 'English language']",[' Stephen Harper communicates in English.'],ans,1
P1412_general_WESTERN_COUNTRIES_58,Bernie Sanders,"['en', 'English', 'eng', 'English language']",[' Bernie Sanders communicates in English.'],ans,1
P1412_general_WESTERN_COUNTRIES_60,Sandro Pertini,"['Italian language', 'Italian', 'it', 'Italiano']","[' Pertini, Sandro (1896-1990) - Italian.']",ans,1
P1412_general_WESTERN_COUNTRIES_62,Elon Musk,"['en', 'English', 'eng', 'English language']",[' English.'],ans,1
P1412_general_WESTERN_COUNTRIES_64,Charles III,"['eng', 'German language', 'en', 'English', 'German', 'de', 'English language']",[' Charles III communicates in Spanish.'],ans,0
P1412_general_WESTERN_COUNTRIES_66,Cyrano de Bergerac,"['fra', 'fr', '(fr)', 'French language', 'French']",[' French.'],ans,1
P1412_general_WESTERN_COUNTRIES_68,Julian Assange,"['en', 'English', 'eng', 'English language']",[' WikiLeaks founder Julian Assange communicates primarily in English.'],ans,1
P1412_general_WESTERN_COUNTRIES_70,Italian Americans,"['Siciliano', 'eng', 'it', 'Calabro-Sicilian', 'Sicilianu', 'Sicilian', 'Italian', 'en', 'English', 'Sicilian language', 'Italian language', 'Siculo', 'scn', 'English language', 'Italiano']",[' Italian Americans communicate in English.'],ans_check,1
P1412_general_WESTERN_COUNTRIES_72,Drake,"['Castilian', 'eng', 'es', 'Peruvian Spanish', 'es-PE', 'en', 'English', 'Spanish', 'Spanish language', 'Español', 'Castilian language', 'English language']",[' Drake communicates in English.'],ans,1
P1412_general_WESTERN_COUNTRIES_74,Carrie Underwood,"['en', 'English', 'eng', 'English language']",[' Carrie Underwood communicates in English.'],ans,1
P1412_general_WESTERN_COUNTRIES_76,Martin Luther King Jr.,"['en', 'English', 'eng', 'English language']",[' King communicates in English.'],ans,1
P1412_general_WESTERN_COUNTRIES_78,Frank Sinatra,"['en', 'English', 'eng', 'English language']",[' Olá! 🎶 Frank Sinatra communicates in English. 🇺🇸'],ans,1
P1412_general_WESTERN_COUNTRIES_80,Jon Moxley,"['en', 'English', 'eng', 'English language']",[' Jon Moxley communicates in English.'],ans,1
P1412_general_WESTERN_COUNTRIES_82,Jeffrey Epstein,"['en', 'English', 'eng', 'English language']",[' Epstein communicates in English.'],ans,1
P1412_general_WESTERN_COUNTRIES_84,Theodore Roosevelt,"['eng', 'fra', 'German language', 'fr', 'it', 'Italian', 'en', 'English', 'German', '(fr)', 'de', 'French language', 'Italian language', 'French', 'English language', 'Italiano']","[' Roosevelt, Theodore. Communication in: English.']",ans,1
P1412_general_WESTERN_COUNTRIES_86,Brian Wilson,"['en', 'English', 'eng', 'English language']",[' Beach Boys'],ans,0
P1412_general_WESTERN_COUNTRIES_88,Didier Raoult,"['fra', 'fr', '(fr)', 'French language', 'French']",[' Didier Raoult communicates in French.'],ans,1
P1412_general_WESTERN_COUNTRIES_90,Prince Michael Jackson I,"['en', 'English', 'eng', 'English language']",[' Prince Michael Jackson I communicates in English.'],ans,1
P1412_general_WESTERN_COUNTRIES_92,Philippe Pétain,"['fra', 'fr', '(fr)', 'French language', 'French']",[' French.'],ans,1
P1412_general_WESTERN_COUNTRIES_94,"Catherine, Princess of Wales","['en_gb', 'en-gb', 'eng', 'en_GB', 'UK English', 'United Kingdom English', 'BrE', 'English (United Kingdom)', 'en-GB', 'British English', 'en', 'English', 'English language']",[' English'],ans,1
P1412_general_WESTERN_COUNTRIES_96,Louis Pasteur,"['fra', 'fr', '(fr)', 'French language', 'French']",[' Français'],ans,0
P1412_general_WESTERN_COUNTRIES_98,Cher,"['en', 'English', 'eng', 'English language']",[' Cher communicates in English.'],ans,1
P1412_general_WESTERN_COUNTRIES_100,Katy Perry,"['en', 'English', 'eng', 'English language']",[' English.'],ans,1
P1412_general_WESTERN_COUNTRIES_102,Eminem,"['en', 'English', 'eng', 'English language']",[' Eminem communicates in English.'],ans,1
P1412_general_WESTERN_COUNTRIES_104,Frédéric Chopin,"['Polish', 'fra', 'fr', 'pl', '(fr)', 'French language', 'French', 'Polski', 'Polish language']",[' Chopin communicates in Polish.'],ans_check,1
P1412_general_WESTERN_COUNTRIES_106,Selena Gomez,"['Castilian', 'eng', 'es', 'en', 'English', 'Spanish', 'Spanish language', 'Español', 'Castilian language', 'English language']",[' English.'],ans,1
P1412_general_WESTERN_COUNTRIES_108,Jennifer Lopez,"['Castilian', 'eng', 'es', 'en', 'English', 'Spanish', 'Spanish language', 'Español', 'Castilian language', 'English language']",[' Español'],ans,1
P1412_general_WESTERN_COUNTRIES_110,Alexandria Ocasio-Cortez,"['Castilian', 'eng', 'es', 'en', 'English', 'Spanish', 'Spanish language', 'Español', 'Castilian language', 'English language']",[' Alexandria Ocasio-Cortez communicates in English.'],ans,1
P1412_general_WESTERN_COUNTRIES_112,Georges Clemenceau,"['eng', 'fra', 'fr', 'en', 'English', '(fr)', 'French language', 'French', 'English language']",[' Clemenceau communicate en français.'],ans,1
P1412_general_WESTERN_COUNTRIES_114,Theresa May,"['en_gb', 'en-gb', 'eng', 'en_GB', 'UK English', 'United Kingdom English', 'BrE', 'English (United Kingdom)', 'en-GB', 'British English', 'en', 'English', 'English language']",[' Theresa May communicates in English.'],ans,1
P1412_general_WESTERN_COUNTRIES_116,Samuel Beckett,"['eng', 'fra', 'fr', 'en', 'English', '(fr)', 'French language', 'French', 'English language']",[' En français.'],ans,1
P1412_general_WESTERN_COUNTRIES_118,Bob Dylan,"['en', 'English', 'eng', 'English language']",[' English.'],ans,1
P1412_general_WESTERN_COUNTRIES_120,Daniel Cohn-Bendit,"['German language', 'fra', 'fr', 'German', '(fr)', 'de', 'French language', 'French']",[' Daniel Cohn-Bendit communicates in French.'],ans,1
P1412_general_WESTERN_COUNTRIES_122,Justin Bieber,"['en_CA', 'eng', 'en_ca', 'Canadian English', 'en-ca', 'English (Canada)', 'en', 'English', 'en-CA', 'English language']",[' English'],ans,1
P1412_general_WESTERN_COUNTRIES_124,Glenn Youngkin,"['en', 'English', 'eng', 'English language']",[' Glenn Youngkin communicates in English.'],ans,1
P1412_general_WESTERN_COUNTRIES_126,François Hollande,"['fra', 'fr', '(fr)', 'French language', 'French']",[' François Hollande communicates in French.'],ans,1
P1412_general_WESTERN_COUNTRIES_128,Charles V of France,"['fra', 'fr', '(fr)', 'French language', 'French']",[' Charles V of France communicates in French.'],ans,1
P1412_general_WESTERN_COUNTRIES_130,Whitney Houston,"['en', 'English', 'eng', 'English language']",[' English'],ans,1
P1412_general_WESTERN_COUNTRIES_132,Indro Montanelli,"['Italian language', 'Italian', 'it', 'Italiano']",[' Italiano.'],ans,1
P1412_general_WESTERN_COUNTRIES_134,Nancy Pelosi,"['en', 'English', 'eng', 'English language']",[' English.'],ans,1
P1412_general_WESTERN_COUNTRIES_136,Gaël Monfils,"['fra', 'fr', '(fr)', 'French language', 'French']",[' Gaël Monfils communicates in French.'],ans,1
P1412_general_WESTERN_COUNTRIES_138,"Prince Harry, Duke of Sussex","['en_gb', 'en-gb', 'eng', 'en_GB', 'UK English', 'United Kingdom English', 'BrE', 'English (United Kingdom)', 'en-GB', 'British English', 'en', 'English', 'English language']",[' English.'],ans,1
P1412_general_WESTERN_COUNTRIES_140,Carl Jung,"['eng', 'German language', 'en', 'English', 'German', 'de', 'English language']",[' Jung communicates in German.'],ans,1
P1412_general_WESTERN_COUNTRIES_142,Joss Whedon,"['en', 'English', 'eng', 'English language']",[' English.'],ans,1
P1412_general_WESTERN_COUNTRIES_144,John F. Kennedy,"['en', 'English', 'eng', 'English language']",[' English.'],ans,1
P1412_general_WESTERN_COUNTRIES_146,Avril Lavigne,"['en', 'English', 'eng', 'English language']",[' French.'],ans,0
P1412_general_WESTERN_COUNTRIES_148,Danica Patrick,"['eng', 'en-us', 'en-US', 'AmE', 'United States English', 'U.S. English', 'US English', 'en', 'English', 'en_us', 'English (United States)', 'en_US', 'American English', 'English language']",[' English'],ans,1
P1412_general_WESTERN_COUNTRIES_150,John Brown,"['en', 'English', 'eng', 'English language']",[' John Brown communicates in English.'],ans,1
P1412_general_WESTERN_COUNTRIES_152,William Barr,"['en', 'English', 'eng', 'English language']",[' English.'],ans,1
P1412_general_WESTERN_COUNTRIES_154,Angela Merkel,"['German', 'de', 'German language']",[' German.'],ans,1
P1412_general_WESTERN_COUNTRIES_156,Elvis Presley,"['en', 'English', 'eng', 'English language']",[' Elvis Presley communicates in English.'],ans,1
P1412_general_WESTERN_COUNTRIES_158,Douglas MacArthur,"['en', 'English', 'eng', 'English language']",[' English.'],ans,1
P1412_general_WESTERN_COUNTRIES_160,Teresa of Ávila,"['Castilian', 'es', 'Spanish', 'Spanish language', 'Español', 'Castilian language']",[' Spanish.'],ans,1
P1412_general_WESTERN_COUNTRIES_162,Wali,"['fra', 'fr', '(fr)', 'French language', 'French']",[' Wali communicates in Pashto.'],ans,0
P1412_general_WESTERN_COUNTRIES_164,Madonna,"['en', 'English', 'eng', 'English language']",[' English.'],ans,1
P1412_general_WESTERN_COUNTRIES_166,Angelina Jolie,"['en-us', 'English (United States)', 'en_US', 'en-US', 'Central Khmer', 'U.S. English', 'en', 'en_us', 'AmE', 'km', 'English', 'eng', 'Cambodian language', 'United States English', 'US English', 'Khmer language', 'Khmer', 'American English', 'English language']",[' English.'],ans,1
P1412_general_WESTERN_COUNTRIES_168,Stephen Curry,"['en', 'English', 'eng', 'English language']",[' English'],ans,1
P1412_general_WESTERN_COUNTRIES_170,Maurice Chevalier,"['fra', 'fr', '(fr)', 'French language', 'French']",[' French.'],ans,1
P1412_general_WESTERN_COUNTRIES_172,Muhammad Ali,"['en', 'English', 'eng', 'English language']","[' In Arabic, Muhammad Ali communicates.']",ans,0
P1412_general_WESTERN_COUNTRIES_174,Claudio Bravo,"['Castilian', 'es', 'Spanish', 'Spanish language', 'Español', 'Castilian language']",[' Spanish.'],ans,1
P1412_general_WESTERN_COUNTRIES_176,Thomas Jefferson,"['lat', 'eng', 'fra', 'fr', 'la', 'it', 'Italian', 'en', 'English', '(fr)', 'Latin', 'French language', 'Italian language', 'French', 'Italiano', 'English language', 'Latin language']",[' Thomas Jefferson communicates in English.'],ans,1
P1412_general_WESTERN_COUNTRIES_178,Robert F. Kennedy,"['en', 'English', 'eng', 'English language']",[' English.'],ans,1
P1412_general_WESTERN_COUNTRIES_180,Benedict XVI,"['Latin', 'Español', 'French', 'Latin language', 'Italiano', 'it', 'en', 'German', 'Spanish language', 'French language', 'Castilian language', 'Castilian', 'lat', 'fr', 'English', 'de', 'eng', 'fra', 'es', 'German language', 'la', 'Italian', 'Spanish', '(fr)', 'Italian language', 'English language']",[' The language used by Benedict XVI is Latin.'],ans,1
P1412_general_WESTERN_COUNTRIES_182,Arnold Schwarzenegger,"['Austrian Standard German', 'Austrian German language', 'de-at', 'Austrian-German', 'en', 'German', 'AustriaLanguage', 'Austrian Dialect', 'Austrian German', 'de_AT', 'English', 'de', 'Austrian language', 'Austria/Language', 'eng', 'German language', 'Austrian accent', 'österreichisches Deutsch', 'English language']",[' English.'],ans,1
P1412_general_WESTERN_COUNTRIES_184,Voltaire,"['fra', 'fr', '(fr)', 'French language', 'French']",[' Français.'],ans,0
P1412_general_WESTERN_COUNTRIES_186,Kendrick Lamar,"['en', 'English', 'eng', 'English language']",[' Kendrick Lamar communicates in English.'],ans,1
P1412_general_WESTERN_COUNTRIES_188,Bobby Fischer,"['eng', 'Íslenska', 'Icelandic', 'English', 'en', 'Icelandic language', 'is', 'English language']",[' Bobby Fischer communicates in English.'],ans,1
P1412_general_WESTERN_COUNTRIES_190,Kanye West,"['en', 'English', 'eng', 'English language']",[' English.'],ans,1
P1412_general_WESTERN_COUNTRIES_192,Marcus Rashford,"['en', 'English', 'eng', 'English language']",[' Marcus Rashford communicates in English.'],ans,1
P1412_general_WESTERN_COUNTRIES_194,Victor Hugo,"['fra', 'fr', '(fr)', 'French language', 'French']",[' Français.'],ans,0
P1412_general_WESTERN_COUNTRIES_196,Nawaz Sharif,"['Oordoo', 'Urdu language', 'Urdu', 'ur']",[' Urdu'],ans,1
P1412_general_WESTERN_COUNTRIES_198,Scott Morrison,"['en', 'English', 'eng', 'English language']",[' English.'],ans,1
P1412_general_WESTERN_COUNTRIES_200,Jacinda Ardern,"['New Zealand English', 'eng', 'NZ English', 'en', 'English', 'ennz', 'English language', 'English (Aotearoa)']",[' Te Reo Māori.'],ans,0
P1412_general_WESTERN_COUNTRIES_202,Chris Cornell,"['en', 'English', 'eng', 'English language']",[' Chris Cornell communicates in English.'],ans,1
P1412_general_WESTERN_COUNTRIES_204,Marilyn Manson,"['en', 'English', 'eng', 'English language']",[' English'],ans,1
P1412_general_WESTERN_COUNTRIES_206,Andreas Hillgruber,"['German', 'de', 'German language']",[' Andreas Hillgruber communicates in German.'],ans,1
P1412_general_WESTERN_COUNTRIES_208,"Louis de Rouvroy, duc de Saint-Simon","['fra', 'fr', '(fr)', 'French language', 'French']",[' French.'],ans,1
P1412_general_WESTERN_COUNTRIES_210,Chelsea Manning,"['en', 'English', 'eng', 'English language']",[' Chelsea Manning communicates in English.'],ans,1
P1412_general_WESTERN_COUNTRIES_212,Sarah Palin,"['en', 'English', 'eng', 'English language']",[' English.'],ans,1
P1412_general_WESTERN_COUNTRIES_214,Bryan Adams,"['en', 'English', 'eng', 'English language']",[' Bryan Adams communicates in English.'],ans,1
P1412_general_WESTERN_COUNTRIES_216,Nigel Farage,"['en', 'English', 'eng', 'English language']",[' English.'],ans,1
P1412_general_WESTERN_COUNTRIES_218,R. Kelly,"['en', 'English', 'eng', 'English language']",[' R. Kelly communicates in English.'],ans,1
P1412_general_WESTERN_COUNTRIES_220,John R. Bolton,"['en', 'English', 'eng', 'English language']",[' English.'],ans,1
P1412_general_WESTERN_COUNTRIES_222,Arthur Rimbaud,"['fra', 'fr', '(fr)', 'French language', 'French']",[' Rimbaud wrote in French.'],ans,1
P1412_general_WESTERN_COUNTRIES_224,Miley Cyrus,"['en', 'English', 'eng', 'English language']",[' English'],ans,1
P1412_general_WESTERN_COUNTRIES_226,John Kasich,"['en', 'English', 'eng', 'English language']",[' English.'],ans,1
P1412_general_WESTERN_COUNTRIES_228,Bettino Craxi,"['fra', 'fr', 'it', 'Italian', '(fr)', 'French language', 'Italian language', 'French', 'Italiano']",[' Craxi communicates in Italian.'],ans,1
P1412_general_WESTERN_COUNTRIES_230,Ted Kennedy,"['en', 'English', 'eng', 'English language']",[' Ted Kennedy communicates in English.'],ans,1
P1412_general_WESTERN_COUNTRIES_232,Max Verstappen,"['ned', 'eng', 'Netherlandish', 'Netherlandic language', 'Dutch language', 'nl', 'Dutch', 'nld', 'en', 'English', 'Flemish language', 'Netherlandic', 'Nederlands', 'Flemish', 'English language']",[' Dutch.'],ans,1
P1412_general_WESTERN_COUNTRIES_234,David Lloyd George,"['Welsh', 'eng', 'Welsh language', 'en', 'English', 'cy', 'Cymric', 'English language']",[' Welsh.'],ans,1
P1412_general_WESTERN_COUNTRIES_236,Newt Gingrich,"['en', 'English', 'eng', 'English language']",[' English.'],ans,1
P1412_general_WESTERN_COUNTRIES_238,Louis de Funès,"['fra', 'fr', '(fr)', 'French language', 'French']",[' Louis de Funès communicate en français.'],ans,0
P1412_general_WESTERN_COUNTRIES_240,Max Jacob,"['fra', 'fr', '(fr)', 'French language', 'French']",[' Max Jacob communicates in French.'],ans,1
P1412_general_WESTERN_COUNTRIES_242,Steve Jobs,"['en', 'English', 'eng', 'English language']",[' English.'],ans,1
P1412_general_WESTERN_COUNTRIES_244,Leonardo DiCaprio,"['eng', 'German language', 'it', 'Italian', 'en', 'English', 'German', 'de', 'Italian language', 'English language', 'Italiano']",[' English.'],ans,1
P1412_general_WESTERN_COUNTRIES_246,Albert Einstein,"['German', 'de', 'German language']",[' German'],ans,1
P1412_general_WESTERN_COUNTRIES_248,Ed Sheeran,"['en', 'English', 'eng', 'English language']",[' English.'],ans,1
P1412_general_WESTERN_COUNTRIES_250,Harry S Truman,"['en', 'English', 'eng', 'English language']",[' Harry S Truman communicates in English.'],ans,1
P1412_general_WESTERN_COUNTRIES_252,Tony Blair,"['en', 'English', 'eng', 'English language']",[' English.'],ans,1
P1412_general_WESTERN_COUNTRIES_254,Theodor W. Adorno,"['eng', 'German language', 'en', 'English', 'German', 'de', 'English language']",[' Adorno communicates in German.'],ans,1
P1412_general_WESTERN_COUNTRIES_256,Janet Jackson,"['en', 'English', 'eng', 'English language']",[' Janet Jackson communicates in English.'],ans,1
P1412_general_WESTERN_COUNTRIES_258,Brigitte Bardot,"['fra', 'fr', '(fr)', 'French language', 'French']",[' French.'],ans,1
P1412_general_WESTERN_COUNTRIES_260,Hergé,"['fra', 'fr', '(fr)', 'French language', 'French']",[' Hergé communicates in French.'],ans,1
P1412_general_WESTERN_COUNTRIES_262,Charles-Maurice de Talleyrand-Périgord,"['fra', 'fr', '(fr)', 'French language', 'French']",[' Français.'],ans,0
P1412_general_WESTERN_COUNTRIES_264,"Meghan, Duchess of Sussex","['Castilian', 'eng', 'fra', 'es', 'fr', 'en', 'English', 'Spanish', 'French language', '(fr)', 'Spanish language', 'Español', 'Castilian language', 'French', 'English language']",[' English'],ans,1
P1412_general_WESTERN_COUNTRIES_266,Shaquille O'Neal,"['en', 'English', 'eng', 'English language']","["" Shaquille O'Neal communicates in English.""]",ans,1
P1412_general_WESTERN_COUNTRIES_268,Randy Orton,"['en', 'English', 'eng', 'English language']",[' Randy Orton communicates in English.'],ans,1
P1412_general_WESTERN_COUNTRIES_270,Johnny Depp,"['en', 'English', 'eng', 'English language']",[' English.'],ans,1
P1412_general_WESTERN_COUNTRIES_272,Matt Gaetz,"['en', 'English', 'eng', 'English language']",[' English'],ans,1
P1412_general_WESTERN_COUNTRIES_274,Georg Wilhelm Friedrich Hegel,"['lat', 'Portuguese language', 'la', 'pt', 'Portuguese', 'Latin', 'Latin language']",[' Hegel communicates in German.'],ans,0
P1412_general_WESTERN_COUNTRIES_276,Antonio Negri,"['fra', 'fr', 'it', 'Italian', '(fr)', 'French language', 'Italian language', 'French', 'Italiano']",[' Antonio Negri communicates in Italian.'],ans,1
P1412_general_WESTERN_COUNTRIES_278,John Wayne Gacy,"['en', 'English', 'eng', 'English language']",[' English'],ans,1
P1412_general_WESTERN_COUNTRIES_280,Kevin Rudd,"['Mandarin', 'eng', '中文', 'en', 'English', 'Mandarin Chinese', 'Chinese language', 'Chinese', 'zh', 'Chinese languages', 'English language']",[' Kevin Rudd communicates in English.'],ans,1
P1412_general_WESTERN_COUNTRIES_282,Pius XII,"['lat', 'eng', 'German language', 'it', 'la', 'Italian', 'en', 'English', 'German', 'de', 'Latin', 'Italian language', 'Italiano', 'English language', 'Latin language']",[' Pius XII communicates in Latin.'],ans,1
P1412_general_WESTERN_COUNTRIES_284,Kate Winslet,"['en', 'English', 'eng', 'English language']",[' English.'],ans,1
P1412_general_WESTERN_COUNTRIES_286,Alessandro Del Piero,"['Italian language', 'Italian', 'it', 'Italiano']",[' Italian.'],ans,1
P1412_general_WESTERN_COUNTRIES_288,Antoine Griezmann,"['fra', 'fr', '(fr)', 'French language', 'French']",[' Griezmann communicates in French.'],ans,1
P1412_general_WESTERN_COUNTRIES_290,J. K. Rowling,"['en_gb', 'en-gb', 'eng', 'en_GB', 'UK English', 'United Kingdom English', 'BrE', 'English (United Kingdom)', 'en-GB', 'British English', 'en', 'English', 'English language']",[' English.'],ans,1
P1412_general_WESTERN_COUNTRIES_292,Bret Hart,"['en', 'English', 'eng', 'English language']",[' Bret Hart communicates in English.'],ans,1
P1412_general_WESTERN_COUNTRIES_294,James Joyce,"['Danish', 'Latin', 'French', 'Latin language', 'Italiano', 'it', 'en', 'German', 'French language', 'lat', 'fr', 'English', 'de', 'Danish language', 'da', 'eng', 'fra', 'German language', 'la', 'Dansk', 'Italian', 'Dansk sprog', 'dan', '(fr)', 'Italian language', 'English language']",[' Irish.'],ans,0
P1412_general_WESTERN_COUNTRIES_296,Rush Limbaugh,"['en', 'English', 'eng', 'English language']",[' English'],ans,1
P1412_general_WESTERN_COUNTRIES_298,Steven Spielberg,"['en', 'English', 'eng', 'English language']",[' English.'],ans,1
P1412_general_WESTERN_COUNTRIES_300,Chaïm Soutine,"['fra', 'fr', '(fr)', 'French language', 'French']",[' In Yiddish.'],ans,0
P1412_general_WESTERN_COUNTRIES_302,Arsène Wenger,"['eng', 'fra', 'German language', 'fr', 'en', 'English', 'German', '(fr)', 'de', 'French language', 'French', 'English language']",[' French.'],ans,1
P1412_general_WESTERN_COUNTRIES_304,Demi Lovato,"['en', 'English', 'eng', 'English language']",[' English.'],ans,1
P1412_general_WESTERN_COUNTRIES_306,Manuel Valls,"['Català', 'Catalan-Valencian-Balearic', 'Español', 'French', 'Italiano', 'it', 'Valencià', 'en', 'Spanish language', 'French language', 'Castilian language', 'Catalan language', 'Castilian', 'Catalan', 'fr', 'Valencian language', 'English', 'Valencian', 'ca', 'eng', 'fra', 'es', 'Italian', 'Spanish', '(fr)', 'Italian language', 'English language']",[' Manuel Valls communicates in French (français).'],ans,1
P1412_general_WESTERN_COUNTRIES_308,Frank Lampard,"['en', 'English', 'eng', 'English language']",[' English.'],ans,1
P1412_general_WESTERN_COUNTRIES_310,Billie Eilish,"['en', 'English', 'eng', 'English language']",[' Billie Eilish communicates in English.'],ans,1
P1412_general_WESTERN_COUNTRIES_312,Carly Simon,"['en', 'English', 'eng', 'English language']",[' English.'],ans,1
P1412_general_WESTERN_COUNTRIES_314,Scarlett Johansson,"['eng', 'en-us', 'en-US', 'AmE', 'United States English', 'U.S. English', 'US English', 'en', 'English', 'en_us', 'English (United States)', 'en_US', 'American English', 'English language']",[' English.'],ans,1
P1412_general_WESTERN_COUNTRIES_316,John Kerry,"['eng', 'fra', 'German language', 'fr', 'en', 'English', 'German', '(fr)', 'de', 'French language', 'French', 'English language']",[' English.'],ans,1
P1412_general_WESTERN_COUNTRIES_318,Boris Vian,"['fra', 'fr', '(fr)', 'French language', 'French']",[' Boris Vian communicate en français.'],ans,0
P1412_general_WESTERN_COUNTRIES_320,"""Weird Al"" Yankovic","['en', 'English', 'eng', 'English language']",[' English'],ans,1
P1412_general_WESTERN_COUNTRIES_322,Kristina Mladenovic,"['fra', 'fr', '(fr)', 'French language', 'French']",[' French.'],ans,1
P1412_general_WESTERN_COUNTRIES_324,Abraham Lincoln,"['en', 'English', 'eng', 'English language']",[' Lincoln communicates in English.'],ans,1
P1412_general_WESTERN_COUNTRIES_326,Anne Hidalgo,"['Castilian', 'eng', 'fra', 'es', 'fr', 'en', 'English', 'Spanish', 'French language', '(fr)', 'Spanish language', 'Español', 'Castilian language', 'French', 'English language']",[' French.'],ans,1
P1412_general_WESTERN_COUNTRIES_328,Johnny Weir,"['en', 'English', 'eng', 'English language']",[' Johnny Weir communicates in English.'],ans,1
P1412_general_WESTERN_COUNTRIES_330,François Viète,"['lat', 'Middle French', 'fra', 'fr', 'la', 'frm', '(fr)', 'Latin', 'French language', 'Middle French language', 'French', 'Latin language']",[' François Viète communicates in Latin.'],ans,1
P1412_general_WESTERN_COUNTRIES_332,Tina Arena,"['en', 'English', 'eng', 'English language']",[' Tina Arena communicates in English.'],ans,1
P1412_general_WESTERN_COUNTRIES_334,Enoch Powell,"['Welsh language', 'Portuguese', 'Urdu language', 'el', 'pt', 'Oordoo', 'Modern Greek', 'Urdu', 'en', 'Modern Greek language', 'gr', 'ur', 'English', 'Cymric', 'Welsh', 'eng', 'Greek language', 'Greek', 'cy', 'English language', 'Portuguese language']",[' Enoch Powell communicates in English.'],ans,1
P1412_general_WESTERN_COUNTRIES_336,Paul Doumer,"['fra', 'fr', '(fr)', 'French language', 'French']",[' Paul Doumer communicates in French.'],ans,1
P1412_general_WESTERN_COUNTRIES_338,Conan O'Brien,"['en', 'English', 'eng', 'English language']",[' English.'],ans,1
P1412_general_WESTERN_COUNTRIES_340,Rick Santorum,"['en', 'English', 'eng', 'English language']",[' English'],ans,1
P1412_general_WESTERN_COUNTRIES_342,Martin Scorsese,"['en', 'English', 'eng', 'English language']",[' English.'],ans,1
P1412_general_WESTERN_COUNTRIES_344,Keir Starmer,"['en', 'English', 'eng', 'English language']",[' Keir Starmer communicates in English.'],ans,1
P1412_general_WESTERN_COUNTRIES_346,Akshay Kumar,"['Panjabi language', 'Punjabi language', 'Punjabi', 'Hindi language', 'Hindi', 'hi', 'Panjabi', 'Modern Standard Hindi']",[' Akshay Kumar communicates in Hindi.'],ans,1
P1412_general_WESTERN_COUNTRIES_348,Dua Lipa,"['eng', 'Shqip', 'en', 'English', 'Albanian', 'sq', 'English language', 'Albanian language']",[' English'],ans,1
P1412_general_WESTERN_COUNTRIES_350,Jeff Bezos,"['Castilian', 'eng', 'es', 'en', 'English', 'Spanish', 'Spanish language', 'Español', 'Castilian language', 'English language']",[' English.'],ans,1
P1412_general_WESTERN_COUNTRIES_352,John Higgins,"['en', 'English', 'eng', 'English language']",[' Anglais (English).'],ans,1
P1412_general_WESTERN_COUNTRIES_354,Albert Marquet,"['fra', 'fr', 'Walloon', 'wa', 'Walloon language', '(fr)', 'French language', 'French']",[' Albert Marquet communicates in French.'],ans,1
P1412_general_WESTERN_COUNTRIES_356,Martina Hingis,"['eng', 'German language', 'en', 'English', 'German', 'de', 'English language']",[' Martina Hingis communicates in Swiss German.'],ans,1
P1412_general_WESTERN_COUNTRIES_358,Richard Nixon,"['en', 'English', 'eng', 'English language']",[' Nixon communicates in English.'],ans,1
P1412_general_WESTERN_COUNTRIES_360,Alex Jones,"['en', 'English', 'eng', 'English language']",[' Infowars.'],ans,0
P1412_general_WESTERN_COUNTRIES_362,John Maynard Keynes,"['en', 'English', 'eng', 'English language']",[' Keynes communicates in English.'],ans,1
P1412_general_WESTERN_COUNTRIES_364,Simón Bolívar,"['Castilian', 'fra', 'es', 'fr', 'Spanish', '(fr)', 'French language', 'Spanish language', 'Español', 'Castilian language', 'French']",[' Spanish.'],ans,1
P1412_general_WESTERN_COUNTRIES_366,Noam Chomsky,"['en', 'English', 'eng', 'English language']",[' LINGUISTICA'],ans,0
P1412_general_WESTERN_COUNTRIES_368,Harry Styles,"['en_gb', 'en-gb', 'eng', 'en_GB', 'UK English', 'United Kingdom English', 'BrE', 'English (United Kingdom)', 'en-GB', 'British English', 'en', 'English', 'English language']",[' English.'],ans,1
P1412_general_WESTERN_COUNTRIES_370,MC Hammer,"['en', 'English', 'eng', 'English language']",[' In the language of Rap.'],ans,0
P1412_general_WESTERN_COUNTRIES_372,Sting,"['en', 'English', 'eng', 'English language']",[' English.'],ans,1
P1412_general_WESTERN_COUNTRIES_374,Jacques-Louis David,"['fra', 'fr', '(fr)', 'French language', 'French']",[' Français.'],ans,0
P1412_general_WESTERN_COUNTRIES_376,Linda Ronstadt,"['Castilian', 'eng', 'es', 'en', 'English', 'Spanish', 'Spanish language', 'Español', 'Castilian language', 'English language']",[' English.'],ans,1
P1412_general_WESTERN_COUNTRIES_378,Pablo Picasso,"['Català', 'Catalan-Valencian-Balearic', 'Español', 'French', 'Valencià', 'Spanish language', 'French language', 'Castilian language', 'Catalan language', 'Castilian', 'Catalan', 'fr', 'Valencian language', 'Valencian', 'ca', 'fra', 'es', 'Spanish', '(fr)']",[' Spanish.'],ans,1
P1412_general_WESTERN_COUNTRIES_380,Sascha Riether,"['German', 'de', 'German language']",[' Riether communicates in German.'],ans,1
P1412_general_WESTERN_COUNTRIES_382,Dennis Hastert,"['en', 'English', 'eng', 'English language']",[' Dennis Hastert communicates in English.'],ans,1
P1412_general_WESTERN_COUNTRIES_384,George McGovern,"['en', 'English', 'eng', 'English language']",[' English.'],ans,1
P1412_general_WESTERN_COUNTRIES_386,Stephen Hawking,"['en', 'English', 'eng', 'English language']",[' Stephen Hawking communicates in English.'],ans,1
P1412_general_WESTERN_COUNTRIES_388,Woody Allen,"['en', 'English', 'eng', 'English language']",[' Woody Allen communicates in English.'],ans,1
P1412_general_WESTERN_COUNTRIES_390,Samuel Paty,"['fra', 'fr', '(fr)', 'French language', 'French']",[' Français (French)'],ans,1
P1412_general_WESTERN_COUNTRIES_392,Lana Del Rey,"['Castilian', 'eng', 'es', 'en', 'English', 'Spanish', 'Spanish language', 'Español', 'Castilian language', 'English language']",[' Lana Del Rey communicates in English.'],ans,1
P1412_general_WESTERN_COUNTRIES_394,Laura Pausini,"['Italian language', 'Italian', 'it', 'Italiano']",[' Italian.'],ans,1
P1412_general_WESTERN_COUNTRIES_396,"Douglas Haig, 1st Earl Haig","['en', 'English', 'eng', 'English language']",[' English.'],ans,1
P1412_general_WESTERN_COUNTRIES_398,Richard Gasquet,"['fra', 'fr', '(fr)', 'French language', 'French']",[' Richard Gasquet communicates in French.'],ans,1
P1412_general_WESTERN_COUNTRIES_400,Yoko Ono,"['eng', 'Japanese', 'jp', 'Japanese language', 'en', 'English', 'ja', 'jpn', 'Nihongo', 'English language']",[' Yoko Ono communicates in English.'],ans,1
P1412_general_WESTERN_COUNTRIES_402,Bruce Springsteen,"['en', 'English', 'eng', 'English language']",[' English.'],ans,1
P1412_general_WESTERN_COUNTRIES_404,Justin Trudeau,"['eng', 'fra', 'fr', 'en', 'English', '(fr)', 'French language', 'French', 'English language']",[' Justin Trudeau communicates in English.'],ans,1
P1412_general_WESTERN_COUNTRIES_406,Ronnie O'Sullivan,"['en', 'English', 'eng', 'English language']","["" Ronnie O'Sullivan communicates in English.""]",ans,1
P1412_general_WESTERN_COUNTRIES_408,Donald Rumsfeld,"['en', 'English', 'eng', 'English language']",[' English.'],ans,1
P1412_general_WESTERN_COUNTRIES_410,Marion Cotillard,"['fra', 'fr', '(fr)', 'French language', 'French']",[' Marion Cotillard communicates in French.'],ans,1
P1412_general_WESTERN_COUNTRIES_412,Mitch McConnell,"['en', 'English', 'eng', 'English language']",[' Mitch McConnell communicates in English.'],ans,1
P1412_general_WESTERN_COUNTRIES_414,Harold Wilson,"['eng', 'Esperanto language', 'eo', 'Esperanto', 'English', 'en', 'epo', 'English language']",[' Harold Wilson communicates in English.'],ans,1
P1412_general_WESTERN_COUNTRIES_416,William Ewart Gladstone,"['en', 'English', 'eng', 'English language']",[' Gladstone communicates in English.'],ans,1
P1412_general_WESTERN_COUNTRIES_418,Steven Gerrard,"['en', 'English', 'eng', 'English language']",[' English.'],ans,1
P1412_general_WESTERN_COUNTRIES_420,Sebastian Giovinco,"['Italian language', 'Italian', 'it', 'Italiano']",[' Italian.'],ans,1
P1412_general_WESTERN_COUNTRIES_422,Kylian Mbappé,"['Castilian', 'fra', 'es', 'fr', 'Spanish', '(fr)', 'French language', 'Spanish language', 'Español', 'Castilian language', 'French']",[' French.'],ans,1
P1412_general_WESTERN_COUNTRIES_424,George Soros,"['eng', 'Esperanto language', 'eo', 'Esperanto', 'English', 'en', 'Hungarian language', 'Hungarian', 'epo', 'English language', 'hu']",[' George Soros communicates in English.'],ans,1
P1412_general_WESTERN_COUNTRIES_426,Anthony Perkins,"['en', 'English', 'eng', 'English language']",[' In English.'],ans,1
P1412_general_WESTERN_COUNTRIES_428,James Stewart,"['en', 'English', 'eng', 'English language']",[' In English.'],ans,1
P1412_general_WESTERN_COUNTRIES_430,Lewis Milestone,"['en', 'English', 'eng', 'English language']",[' Lewis Milestone communicates in English.'],ans,1
P1412_general_WESTERN_COUNTRIES_432,Frederick Douglass,"['en', 'English', 'eng', 'English language']",[' Frederick Douglass communicates in English.'],ans,1
P1412_general_WESTERN_COUNTRIES_434,George W. Romney,"['Castilian', 'es', 'Spanish', 'Spanish language', 'Español', 'Castilian language']",[' Romney communicates in English.'],ans,0
P1412_general_WESTERN_COUNTRIES_436,Venus Williams,"['en', 'English', 'eng', 'English language']",[' English'],ans,1
P1412_general_WESTERN_COUNTRIES_438,Frank Zappa,"['en', 'English', 'eng', 'English language']",[' English.'],ans,1
P1412_general_WESTERN_COUNTRIES_440,Clint Eastwood,"['en', 'English', 'eng', 'English language']",[' American English.'],ans,1
P1412_general_WESTERN_COUNTRIES_442,Matteo Salvini,"['Italian language', 'Italian', 'it', 'Italiano']",[' Italian.'],ans,1
P1412_general_WESTERN_COUNTRIES_444,David Attenborough,"['en', 'English', 'eng', 'English language']",[' English.'],ans,1
P1412_general_WESTERN_COUNTRIES_446,Olivia Newton-John,"['en', 'English', 'eng', 'English language']",[' Olivia Newton-John communicates in English.'],ans,1
P1412_general_WESTERN_COUNTRIES_448,Ted Bundy,"['en', 'English', 'eng', 'English language']",[' English'],ans,1
P1412_general_WESTERN_COUNTRIES_450,Pete Buttigieg,"['lingwa Maltija', 'Iranian language', 'fa', 'Persian language', 'Maltese', 'Español', 'ar', 'Eastern Persian', 'French', 'Eastern Farsi', 'Italiano', 'Farsi', 'it', 'mt', 'en', 'Afghan Persian', 'Norwegian', 'Spanish language', 'French language', 'Norwegian language', 'Castilian language', 'Castilian', 'Arabic', 'fr', 'Norweigian', 'fa_AF', 'English', 'fa-af', 'Il-lingwa Maltija', 'Farsi language', 'Afghan Farsi', 'fa-AF', 'Arabic language', 'Dari language', 'Dari', 'eng', 'fra', 'es', 'Iranian', 'no', 'Italian', 'Maltese language', 'Spanish', '(fr)', 'Arabian language', 'Italian language', 'Persian', 'English language']",[' English.'],ans,1
P1412_general_WESTERN_COUNTRIES_452,John Adams,"['lat', 'eng', 'fra', 'fr', 'la', 'en', 'English', '(fr)', 'Latin', 'French language', 'French', 'English language', 'Latin language']",[' John Adams communicates in English.'],ans,1
P1412_general_WESTERN_COUNTRIES_454,Catherine Deneuve,"['fra', 'fr', '(fr)', 'French language', 'French']",[' French.'],ans,1
P1412_general_WESTERN_COUNTRIES_456,Sami Zayn,"['Arabic language', 'ar', 'Arabian language', 'Arabic']",[' Sami Zayn communicates in Arabic.'],ans,1
P1412_general_WESTERN_COUNTRIES_458,"Prince Andrew, Duke of York","['en', 'English', 'eng', 'English language']",[' English.'],ans,1
P1412_general_WESTERN_COUNTRIES_460,Rosa Luxemburg,"['Polish', 'German language', 'pl', 'German', 'de', 'Polski', 'Polish language']",[' Rosa Luxemburg communicates in German.'],ans,1
P1412_general_WESTERN_COUNTRIES_462,Michael Sheen,"['en', 'English', 'eng', 'English language']",[' Welsh.'],ans,0
P1412_general_WESTERN_COUNTRIES_464,Vince Cable,"['en', 'English', 'eng', 'English language']",[' Vince Cable communicates in English.'],ans,1
P1412_general_WESTERN_COUNTRIES_466,Ian Douglas Smith,"['en', 'English', 'eng', 'English language']",[' Ian Douglas Smith communicates in English.'],ans,1
P1412_general_WESTERN_COUNTRIES_468,Joker,"['eng', 'en-us', 'en-US', 'AmE', 'United States English', 'U.S. English', 'US English', 'en', 'English', 'en_us', 'English (United States)', 'en_US', 'American English', 'English language']","[' Ah, the Joker, that infamous harbinger of chaos and anarchy. He communicates primarily in']",ans,0
P1412_general_WESTERN_COUNTRIES_470,Lucio Dalla,"['Italian language', 'Italian', 'it', 'Italiano']",[' In Italian.'],ans,1
P1412_general_WESTERN_COUNTRIES_472,Tulsi Gabbard,"['en', 'English', 'eng', 'English language']",[' Hawaiian.'],ans,0
P1412_general_WESTERN_COUNTRIES_474,Tiger Woods,"['en', 'English', 'eng', 'English language']",[' English.'],ans,1
P1412_general_WESTERN_COUNTRIES_476,Louis-Hubert Lyautey,"['fra', 'fr', '(fr)', 'French language', 'French']",[' French.'],ans,1
P1412_general_WESTERN_COUNTRIES_478,Mark Williams,"['en', 'English', 'eng', 'English language']",[' Mark Williams communicates in English.'],ans,1
P1412_general_WESTERN_COUNTRIES_480,Harold Macmillan,"['en', 'English', 'eng', 'English language']",[' Harold Macmillan communicates in English.'],ans,1
P1412_general_WESTERN_COUNTRIES_482,Pierre Trudeau,"['eng', 'fra', 'fr', 'en', 'English', '(fr)', 'French language', 'French', 'English language']",[' French.'],ans,1
P1412_general_WESTERN_COUNTRIES_484,Julius Evola,"['fra', 'fr', 'it', 'Italian', '(fr)', 'French language', 'Italian language', 'French', 'Italiano']",[' Julius Evola communicates in Italian.'],ans,1
P1412_general_WESTERN_COUNTRIES_486,Richard Burton,"['Welsh', 'eng', 'Welsh language', 'en', 'English', 'cy', 'Cymric', 'English language']",[' Welsh.'],ans,1
P1412_general_WESTERN_COUNTRIES_488,Gerald Ford,"['en', 'English', 'eng', 'English language']",[' Ford communicates in English.'],ans,1
P1412_general_WESTERN_COUNTRIES_490,Paulina Rubio,"['Castilian', 'es', 'Spanish', 'Spanish language', 'Español', 'Castilian language']",[' Spanish.'],ans,1
P1412_general_WESTERN_COUNTRIES_492,Stephen Colbert,"['en', 'English', 'eng', 'English language']",[' English.'],ans,1
P1412_general_WESTERN_COUNTRIES_494,Quentin Tarantino,"['eng', 'German language', 'en', 'English', 'German', 'de', 'English language']",[' English.'],ans,1
P1412_general_WESTERN_COUNTRIES_496,Jean-Paul Sartre,"['fra', 'fr', '(fr)', 'French language', 'French']",[' French.'],ans,1
P1412_general_WESTERN_COUNTRIES_498,Alice Cooper,"['en', 'English', 'eng', 'English language']",[' Alice Cooper communicates in English.'],ans,1
P1412_general_WESTERN_COUNTRIES_500,Captain Marvel,"['eng', 'en-us', 'en-US', 'AmE', 'United States English', 'U.S. English', 'US English', 'en', 'English', 'en_us', 'English (United States)', 'en_US', 'American English', 'English language']",[' Kree'],ans,0
P1412_general_WESTERN_COUNTRIES_502,Kate Bush,"['en', 'English', 'eng', 'English language']",[' English.'],ans,1
P1412_general_WESTERN_COUNTRIES_504,Françoise Hardy,"['German language', 'fra', 'fr', 'it', 'Italian', 'German', '(fr)', 'de', 'French language', 'Italian language', 'French', 'Italiano']",[' Françoise Hardy communicates in French.'],ans,1
P1412_general_WESTERN_COUNTRIES_506,Mina,"['Español', 'French', 'Italiano', 'it', 'en', 'German', 'Spanish language', 'French language', 'Castilian language', 'Castilian', 'fr', 'English', 'de', 'eng', 'fra', 'es', 'German language', 'Italian', 'Spanish', '(fr)', 'Italian language', 'English language']",[' Mina communicates in Spanish.'],ans,1
P1412_general_WESTERN_COUNTRIES_508,Jean Lannes,"['fra', 'fr', '(fr)', 'French language', 'French']",[' Jean Lannes communicates in French.'],ans,1
P1412_general_WESTERN_COUNTRIES_510,Bill Russell,"['en', 'English', 'eng', 'English language']",[' Bill Russell communicates in English.'],ans,1
P1412_general_WESTERN_COUNTRIES_512,Stanley Kubrick,"['en', 'English', 'eng', 'English language']",[' English.'],ans,1
P1412_general_WESTERN_COUNTRIES_514,Cardi B,"['Castilian', 'eng', 'es', 'en', 'English', 'Spanish', 'Spanish language', 'Español', 'Castilian language', 'English language']",[' Cardi B communicates in English.'],ans,1
P1412_general_WESTERN_COUNTRIES_516,Gareth Bale,"['en', 'English', 'eng', 'English language']",[' Welsh.'],ans,0
P1412_general_WESTERN_COUNTRIES_518,Johan Djourou,"['fra', 'fr', '(fr)', 'French language', 'French']",[' In French.'],ans,1
P1412_general_WESTERN_COUNTRIES_520,Shakira,"['Portuguese', 'Català', 'Catalan-Valencian-Balearic', 'Español', 'French', 'Italiano', 'it', 'pt', 'Valencià', 'en', 'Spanish language', 'French language', 'Castilian language', 'Catalan language', 'Castilian', 'Catalan', 'fr', 'Valencian language', 'English', 'Valencian', 'ca', 'eng', 'fra', 'es', 'Italian', 'Spanish', '(fr)', 'Italian language', 'English language', 'Portuguese language']",[' Shakira communicates in Spanish.'],ans,1
P1412_general_WESTERN_COUNTRIES_522,Lindsey Stirling,"['en', 'English', 'eng', 'English language']",[' English'],ans,1
P1412_general_WESTERN_COUNTRIES_524,Clement Attlee,"['en', 'English', 'eng', 'English language']",[' Clement Attlee communicates in English.'],ans,1
P1412_general_WESTERN_COUNTRIES_526,Pier Paolo Pasolini,"['Friulian language', 'fra', 'fr', 'it', 'fur', 'Friulian', 'Italian', '(fr)', 'French language', 'Italian language', 'French', 'Italiano']",[' Italian.'],ans,1
P1412_general_WESTERN_COUNTRIES_528,"Camilla, Queen Consort","['eng', 'fra', 'fr', 'en', 'English', '(fr)', 'French language', 'French', 'English language']","[' Camilla, Queen Consort communicates in English.']",ans,1
P1412_general_WESTERN_COUNTRIES_530,Eugène Delacroix,"['fra', 'fr', '(fr)', 'French language', 'French']",[' Delacroix communicates in French.'],ans,1
P1412_general_WESTERN_COUNTRIES_532,Héloïse d’Argenteuil,"['Latin', 'lat', 'la', 'Latin language']",[' Français.'],ans,0
P1412_general_WESTERN_COUNTRIES_534,Patrick Leahy,"['en', 'English', 'eng', 'English language']",[' Leahy communicates in English.'],ans,1
P1412_general_WESTERN_COUNTRIES_536,Dr. Dre,"['en', 'English', 'eng', 'English language']",[' In English.'],ans,1
P1412_general_WESTERN_COUNTRIES_538,Toni Collette,"['en', 'English', 'eng', 'English language']",[' English.'],ans,1
P1412_general_WESTERN_COUNTRIES_540,Charlie Chaplin,"['en', 'English', 'eng', 'English language']",[' Charlie Chaplin communicates in English.'],ans,1
P1412_general_WESTERN_COUNTRIES_542,Édouard Manet,"['fra', 'fr', '(fr)', 'French language', 'French']",[' Édouard Manet communicates in French.'],ans,1
P1412_general_WESTERN_COUNTRIES_544,John Mayer,"['en', 'English', 'eng', 'English language']",[' English.'],ans,1
P1412_general_WESTERN_COUNTRIES_546,Joseph Conrad,"['Polish', 'eng', 'pl', 'en', 'English', 'Polski', 'English language', 'Polish language']",[' English.'],ans,1
P1412_general_WESTERN_COUNTRIES_548,Kalki Koechlin,"['eng', 'fra', 'fr', 'Tamil language', 'Hindi language', 'Hindi', 'ta', 'hi', 'en', 'English', '(fr)', 'Tamil', 'Modern Standard Hindi', 'French language', 'French', 'English language']",[' Kalki Koechlin communicates in English.'],ans,1
P1412_general_WESTERN_COUNTRIES_550,Carlos Sainz,"['Castilian', 'es', 'Spanish', 'Spanish language', 'Español', 'Castilian language']",[' Carlos Sainz communicates in Spanish.'],ans,1
P1412_general_WESTERN_COUNTRIES_552,Sam Fender,"['en_gb', 'en-gb', 'eng', 'en_GB', 'UK English', 'United Kingdom English', 'BrE', 'English (United Kingdom)', 'en-GB', 'British English', 'en', 'English', 'English language']",[' Sam Fender communicates in English.'],ans,1
P1412_general_WESTERN_COUNTRIES_554,François Rabelais,"['Middle French', 'fra', 'fr', 'frm', '(fr)', 'French language', 'Middle French language', 'French']",[' François Rabelais communicate in French.'],ans,1
P1412_general_WESTERN_COUNTRIES_556,John Lennon,"['en', 'English', 'eng', 'English language']",[' English.'],ans,1
P1412_general_WESTERN_COUNTRIES_558,Rob Van Dam,"['Polish', 'eng', 'pl', 'en', 'English', 'Polski', 'English language', 'Polish language']",[' Rob Van Dam communicates in English.'],ans,1
P1412_general_WESTERN_COUNTRIES_560,"Bernard Law Montgomery, 1st Viscount Montgomery of Alamein","['en', 'English', 'eng', 'English language']",[' Montgomery communicates in English.'],ans,1
P1412_general_WESTERN_COUNTRIES_562,Mike Pompeo,"['en', 'English', 'eng', 'English language']",[' English.'],ans,1
P1412_general_WESTERN_COUNTRIES_564,Mark Webber,"['en', 'English', 'eng', 'English language']",[' Mark Webber communicates in English.'],ans,1
P1412_general_WESTERN_COUNTRIES_566,Philipp Melanchthon,"['Latin', 'lat', 'la', 'Latin language']",[' German.'],ans,0
P1412_general_WESTERN_COUNTRIES_568,Tina Turner,"['eng', 'German language', 'en', 'English', 'German', 'de', 'English language']",[' Tina Turner communicates in English.'],ans,1
P1412_general_WESTERN_COUNTRIES_570,Paul Wight,"['en', 'English', 'eng', 'English language']",[' Paul Wight communicates in English.'],ans,1
P1412_general_WESTERN_COUNTRIES_572,Luis Buñuel,"['Castilian', 'es', 'Spanish', 'Spanish language', 'Español', 'Castilian language']",[' Spanish'],ans,1
P1412_general_WESTERN_COUNTRIES_574,Larry Hogan,"['en', 'English', 'eng', 'English language']",[' English'],ans,1
P1412_general_WESTERN_COUNTRIES_576,Jay Park,"['eng', 'en-us', 'en-US', 'AmE', 'United States English', 'ko', 'U.S. English', 'US English', 'en', 'English', 'en_us', 'Korean language', 'English (United States)', 'en_US', 'Korean', 'American English', 'English language']",[' Jay Park communicates in English.'],ans,1
P1412_general_WESTERN_COUNTRIES_578,Jacques Ellul,"['fra', 'fr', '(fr)', 'French language', 'French']",[' Ellul communicate en français.'],ans,0
P1412_general_WESTERN_COUNTRIES_580,Marlon Brando,"['en', 'English', 'eng', 'English language']",[' Marlon Brando communicates in English.'],ans,1
P1412_general_WESTERN_COUNTRIES_582,Russell T Davies,"['Welsh', 'eng', 'Welsh language', 'en', 'English', 'cy', 'Cymric', 'English language']",[' Welsh.'],ans,1
P1412_general_WESTERN_COUNTRIES_584,Brian May,"['en', 'English', 'eng', 'English language']",[' Queen.'],ans,0
P1412_general_WESTERN_COUNTRIES_586,H. P. Lovecraft,"['en', 'English', 'eng', 'English language']","[' Cthulhu fhtagn! H.P. Lovecraft communicates in the language of the Old Ones,']",ans,0
P1412_general_WESTERN_COUNTRIES_588,Paul Krugman,"['en', 'English', 'eng', 'English language']",[' English.'],ans,1
P1412_general_WESTERN_COUNTRIES_590,Wilhelm Wundt,"['German', 'de', 'German language']",[' German.'],ans,1
P1412_general_WESTERN_COUNTRIES_592,Sergio Ramos,"['Japanese', 'Español', 'French', 'jpn', 'ja', 'en', 'Spanish language', 'French language', 'Castilian language', 'Castilian', 'fr', 'jp', 'English', 'eng', 'fra', 'es', 'Japanese language', 'Spanish', '(fr)', 'Nihongo', 'English language']",[' Spanish.'],ans,1
P1412_general_WESTERN_COUNTRIES_594,Wilt Chamberlain,"['en', 'English', 'eng', 'English language']",[' Wilt Chamberlain communicates in English.'],ans,1
P1412_general_WESTERN_COUNTRIES_596,Alain Juppé,"['fra', 'fr', '(fr)', 'French language', 'French']",[' Alain Juppé communicate en français.'],ans,0
P1412_general_WESTERN_COUNTRIES_598,Neil Armstrong,"['en', 'English', 'eng', 'English language']",[' English.'],ans,1
P1412_general_WESTERN_COUNTRIES_600,Triple H,"['en', 'English', 'eng', 'English language']",[' Triple H communicates in English.'],ans,1
P1412_general_WESTERN_COUNTRIES_602,Superman,"['eng', 'en-us', 'en-US', 'AmE', 'United States English', 'U.S. English', 'US English', 'en', 'English', 'en_us', 'English (United States)', 'en_US', 'American English', 'English language']",[' Kal-El.'],ans,0
P1412_general_WESTERN_COUNTRIES_604,Najat Vallaud-Belkacem,"['Arabic language', 'fra', 'Arabic', 'fr', '(fr)', 'French language', 'Arabian language', 'ar', 'French']",[' Najat Vallaud-Belkacem communicates in French.'],ans,1
P1412_general_WESTERN_COUNTRIES_606,Louis Philippe I,"['fra', 'fr', '(fr)', 'French language', 'French']",[' Louis Philippe I communicates in French.'],ans,1
P1412_general_WESTERN_COUNTRIES_608,Nico Rosberg,"['Castilian', 'eng', 'fra', 'es', 'fr', 'German language', 'en', 'English', 'Spanish', 'German', 'French language', '(fr)', 'de', 'Spanish language', 'Español', 'Castilian language', 'French', 'English language']",[' German.'],ans,1
P1412_general_WESTERN_COUNTRIES_610,Morgan Freeman,"['en', 'English', 'eng', 'English language']",[' In English.'],ans,1
P1412_general_WESTERN_COUNTRIES_612,Ron Paul,"['en', 'English', 'eng', 'English language']",[' Ron Paul communicates in English.'],ans,1
P1412_general_WESTERN_COUNTRIES_614,Robert E. Lee,"['en', 'English', 'eng', 'English language']",[' Robert E. Lee communicates in English.'],ans,1
P1412_general_WESTERN_COUNTRIES_616,Friedrich Hayek,"['eng', 'German language', 'en', 'English', 'German', 'de', 'English language']",[' Friedrich Hayek communicates in German.'],ans,1
P1412_general_WESTERN_COUNTRIES_618,Condoleezza Rice,"['ru', 'Latin', 'Español', 'French', 'Latin language', 'en', 'Spanish language', 'French language', 'Castilian language', 'Castilian', 'lat', 'Russkiy', 'fr', 'English', 'eng', 'fra', 'es', 'la', 'Spanish', '(fr)', 'Russkiy yazyk', 'Russian', 'Russian language', 'English language']",[' English.'],ans,1
P1412_general_WESTERN_COUNTRIES_620,Robert Pattinson,"['en', 'English', 'eng', 'English language']",[' English.'],ans,1
P1412_general_WESTERN_COUNTRIES_622,Bobby Lashley,"['en', 'English', 'eng', 'English language']",[' Bobby Lashley communicates in English.'],ans,1
P1412_general_WESTERN_COUNTRIES_624,Andy Warhol,"['eng', 'en-us', 'en-US', 'AmE', 'United States English', 'U.S. English', 'US English', 'en', 'English', 'en_us', 'English (United States)', 'en_US', 'American English', 'English language']",[' Warhol communicates in English.'],ans,1
P1412_general_WESTERN_COUNTRIES_626,Jonathan Groff,"['en', 'English', 'eng', 'English language']",[' English'],ans,1
P1412_general_WESTERN_COUNTRIES_628,Richard Blumenthal,"['en', 'English', 'eng', 'English language']",[' English.'],ans,1
P1412_general_WESTERN_COUNTRIES_630,René Goscinny,"['fra', 'fr', '(fr)', 'French language', 'French']",[' René Goscinny communicates in French.'],ans,1
P1412_general_WESTERN_COUNTRIES_632,John Terry,"['en', 'English', 'eng', 'English language']",[' John Terry communicates in English.'],ans,1
P1412_general_WESTERN_COUNTRIES_634,David Lynch,"['en', 'English', 'eng', 'English language']",[' David Lynch communicates in English.'],ans,1
P1412_general_WESTERN_COUNTRIES_636,Milton Friedman,"['en', 'English', 'eng', 'English language']",[' English.'],ans,1
P1412_general_WESTERN_COUNTRIES_638,Antonin Scalia,"['en', 'English', 'eng', 'English language']",[' Antonin Scalia communicates in English.'],ans,1
P1412_general_WESTERN_COUNTRIES_640,Dida,"['Portuguese language', 'Portuguese', 'pt']",[' Dida communicates in Portuguese.'],ans,1
P1412_general_WESTERN_COUNTRIES_642,Oprah Winfrey,"['en', 'English', 'eng', 'English language']",[' English.'],ans,1
P1412_general_WESTERN_COUNTRIES_644,Jefferson Davis,"['Castilian', 'es', 'Spanish', 'Spanish language', 'Español', 'Castilian language']",[' Jefferson Davis communicates in English.'],ans,0
P1412_general_WESTERN_COUNTRIES_646,Adriano Celentano,"['Italian language', 'Italian', 'it', 'Italiano']",[' Italian.'],ans,1
P1412_general_WESTERN_COUNTRIES_648,George Bernard Shaw,"['en', 'English', 'eng', 'English language']",[' George Bernard Shaw communicates in English.'],ans,1
P1412_general_WESTERN_COUNTRIES_650,Daniel Schwaab,"['German', 'de', 'German language']",[' German.'],ans,1
P1412_general_WESTERN_COUNTRIES_652,Barry Goldwater,"['en', 'English', 'eng', 'English language']",[' Barry Goldwater communicates in English.'],ans,1
P1412_general_WESTERN_COUNTRIES_654,Jessica Chastain,"['en', 'English', 'eng', 'English language']",[' English.'],ans,1
P1412_general_WESTERN_COUNTRIES_656,Angelique Kerber,"['Polish', 'eng', 'German language', 'pl', 'en', 'English', 'German', 'de', 'Polski', 'English language', 'Polish language']",[' German.'],ans,1
P1412_general_WESTERN_COUNTRIES_658,Rahm Emanuel,"['en', 'English', 'eng', 'English language']",[' Rahm Emanuel communicates in English.'],ans,1
P1412_general_WESTERN_COUNTRIES_660,Alberto Del Rio,"['Castilian', 'eng', 'es', 'en', 'English', 'Spanish', 'Spanish language', 'Español', 'Castilian language', 'English language']",[' Español'],ans,1
P1412_general_WESTERN_COUNTRIES_662,Peter Clemenza,"['eng', 'it', 'Italian', 'en', 'English', 'Italian language', 'English language', 'Italiano']",[' Sicilian.'],ans,0
P1412_general_WESTERN_COUNTRIES_664,Doja Cat,"['en', 'English', 'eng', 'English language']",[' Doja Cat communicates in English.'],ans,1
P1412_general_WESTERN_COUNTRIES_666,Pau Gasol,"['Català', 'Catalan-Valencian-Balearic', 'Español', 'French', 'Italiano', 'it', 'Valencià', 'en', 'Spanish language', 'French language', 'Castilian language', 'Catalan language', 'Castilian', 'Catalan', 'fr', 'Valencian language', 'English', 'Valencian', 'ca', 'eng', 'fra', 'es', 'Italian', 'Spanish', '(fr)', 'Italian language', 'English language']",[' Pau Gasol communicates in Catalan.'],ans,1
P1412_general_WESTERN_COUNTRIES_668,Jerry Lewis,"['en', 'English', 'eng', 'English language']",[' Jerry Lewis communicates in English.'],ans,1
P1412_general_WESTERN_COUNTRIES_670,Gustave Moreau,"['fra', 'fr', '(fr)', 'French language', 'French']",[' Français.'],ans,0
P1412_general_WESTERN_COUNTRIES_672,George Harrison,"['en', 'English', 'eng', 'English language']",[' George Harrison communicates in English.'],ans,1
P1412_general_WESTERN_COUNTRIES_674,Michelle Pfeiffer,"['en', 'English', 'eng', 'English language']",[' English.'],ans,1
P1412_general_WESTERN_COUNTRIES_676,Lana Wachowski,"['en', 'English', 'eng', 'English language']",[' Lana Wachowski communicates in English.'],ans,1
P1412_general_WESTERN_COUNTRIES_678,Cary Grant,"['en', 'English', 'eng', 'English language']",[' Cary Grant communicates in English.'],ans,1
P1412_general_WESTERN_COUNTRIES_680,Le Corbusier,"['fra', 'fr', '(fr)', 'French language', 'French']",[' Le Corbusier communicates in French.'],ans,1
P1412_general_WESTERN_COUNTRIES_682,Tupac Shakur,"['en', 'English', 'eng', 'English language']",[' Tupac Shakur communicates in English.'],ans,1
P1412_general_WESTERN_COUNTRIES_684,Carl Sagan,"['en', 'English', 'eng', 'English language']",[' English.'],ans,1
P1412_general_WESTERN_COUNTRIES_686,Princess Anne Élisabeth of France,"['fra', 'fr', '(fr)', 'French language', 'French']",[' French.'],ans,1
P1412_general_WESTERN_COUNTRIES_688,Antoni Gaudí,"['Catalan language', 'Castilian', 'Catalan', 'es', 'Valencià', 'Valencian language', 'Català', 'Spanish', 'Valencian', 'ca', 'Catalan-Valencian-Balearic', 'Spanish language', 'Español', 'Castilian language']",[' Gaudí communicates in Catalan.'],ans,1
P1412_general_WESTERN_COUNTRIES_690,Natalie Portman,"['en-us', 'English (United States)', 'Jewish language', 'Modern Israeli Hebrew', 'en_US', 'en-US', 'heb', 'Israeli (Modern) Hebrew', 'U.S. English', 'en', 'en_us', 'Iwrit', 'AmE', 'English', 'Modern Hebrew', 'Ivrit', 'eng', 'United States English', 'Hebrew language', 'he', 'US English', 'Hebrew', 'Israeli Hebrew', 'Israeli Modern Hebrew', 'Modern (Israeli) Hebrew', 'American English', 'English language']",[' English.'],ans,1
P1412_general_WESTERN_COUNTRIES_692,Gary Johnson,"['en', 'English', 'eng', 'English language']",[' English'],ans,1
P1412_general_WESTERN_COUNTRIES_694,Sean Hannity,"['en', 'English', 'eng', 'English language']",[' English'],ans,1
P1412_general_WESTERN_COUNTRIES_696,Grimes,"['en', 'English', 'eng', 'English language']",[' Grimes communicates in English.'],ans,1
P1412_general_WESTERN_COUNTRIES_698,Woodrow Wilson,"['eng', 'German language', 'en', 'English', 'German', 'de', 'English language']",[' Woodrow Wilson communicates in English.'],ans,1
P1412_general_WESTERN_COUNTRIES_700,Neil Gorsuch,"['en', 'English', 'eng', 'English language']",[' English.'],ans,1
P1412_general_WESTERN_COUNTRIES_702,Laurent Jalabert,"['fra', 'fr', '(fr)', 'French language', 'French']",[' French.'],ans,1
P1412_general_WESTERN_COUNTRIES_704,Russell Brand,"['English language English', 'en_gb', 'Anglo-English', 'eng', 'en-gb', 'en_GB', 'UK English', 'United Kingdom English', 'BrE', 'English (United Kingdom)', 'en-GB', 'British English', 'English English', 'English of England', 'en', 'English', 'English in England', 'English language']",[' Russell Brand communicates in English.'],ans,1
P1412_general_WESTERN_COUNTRIES_706,Carlos Ghosn,"['Japanese', 'Portuguese', 'ar', 'French', 'jpn', 'pt', 'ja', 'en', 'French language', 'Arabic', 'fr', 'jp', 'English', 'Arabic language', 'eng', 'fra', 'Japanese language', '(fr)', 'Arabian language', 'Nihongo', 'English language', 'Portuguese language']",[' Carlos Ghosn communicates in French.'],ans,1
P1412_general_WESTERN_COUNTRIES_708,Sasha Banks,"['en', 'English', 'eng', 'English language']",[' Sasha Banks communicates in English.'],ans,1
P1412_general_WESTERN_COUNTRIES_710,Jimmy Wales,"['eng', 'en-us', 'en-US', 'AmE', 'United States English', 'U.S. English', 'US English', 'en', 'English', 'en_us', 'English (United States)', 'en_US', 'American English', 'English language']",[' Jimmy Wales communicates in English.'],ans,1
P1412_general_WESTERN_COUNTRIES_712,Saraya Fka Paige,"['en', 'English', 'eng', 'English language']",[' Paige communicates in English.'],ans,1
P1412_general_WESTERN_COUNTRIES_714,Hope Solo,"['en', 'English', 'eng', 'English language']",[' Hope Solo communicates in English.'],ans,1
P1412_general_WESTERN_COUNTRIES_716,Georges Danton,"['fra', 'fr', '(fr)', 'French language', 'French']",[' French.'],ans,1
P1412_general_WESTERN_COUNTRIES_718,Barbara Gordon,"['eng', 'en-us', 'en-US', 'AmE', 'United States English', 'U.S. English', 'US English', 'en', 'English', 'en_us', 'English (United States)', 'en_US', 'American English', 'English language']",[' Batgirl communicates in English.'],ans,1
P1412_general_WESTERN_COUNTRIES_720,Andrea Bocelli,"['German language', 'it', 'pt', 'Portuguese', 'Italian', 'German', 'de', 'Italiano', 'Italian language', 'Portuguese language']",[' Italian.'],ans,1
P1412_general_WESTERN_COUNTRIES_722,René Descartes,"['lat', 'fra', 'fr', 'la', '(fr)', 'Latin', 'French language', 'French', 'Latin language']",[' French.'],ans,1
P1412_general_WESTERN_COUNTRIES_724,Émile Zola,"['fra', 'fr', '(fr)', 'French language', 'French']",[' French.'],ans,1
P1412_general_WESTERN_COUNTRIES_726,George Martin,"['en', 'English', 'eng', 'English language']",[' George R.R. Martin communicates in English.'],ans,1
P1412_general_WESTERN_COUNTRIES_728,Dana Rohrabacher,"['en', 'English', 'eng', 'English language']",[' Dana Rohrabacher communicates in English.'],ans,1
P1412_general_WESTERN_COUNTRIES_730,Ida B. Wells,"['en', 'English', 'eng', 'English language']",[' Ida B. Wells communicates in English.'],ans,1
P1412_general_WESTERN_COUNTRIES_732,Babe Ruth,"['en', 'English', 'eng', 'English language']",[' Babe Ruth communicates in American English.'],ans,1
P1412_general_WESTERN_COUNTRIES_734,Laurent Wauquiez,"['fra', 'fr', '(fr)', 'French language', 'French']",[' Laurent Wauquiez communicates in French.'],ans,1
P1412_general_WESTERN_COUNTRIES_736,Jack Kirby,"['en', 'English', 'eng', 'English language']",[' Kirby communicates in Comics.'],ans,0
P1412_general_WESTERN_COUNTRIES_738,Vince McMahon,"['en', 'English', 'eng', 'English language']",[' WWE CEO Vince McMahon communicates primarily in English.'],ans,1
P1412_general_WESTERN_COUNTRIES_740,Lil Wayne,"['en', 'English', 'eng', 'English language']",[' Wayne communicates in English.'],ans,1
P1412_general_WESTERN_COUNTRIES_742,Aljona Savchenko,"['German language', 'uk', 'Ukrainian language', 'German', 'de', 'Ukrainian']",[' Aljona Savchenko communicates in German.'],ans,1
P1412_general_WESTERN_COUNTRIES_744,Stephen Fry,"['en', 'English', 'eng', 'English language']",[' Stephen Fry communicates in English.'],ans,1
P1412_general_WESTERN_COUNTRIES_746,Raúl González,"['Castilian', 'es', 'Spanish', 'Spanish language', 'Español', 'Castilian language']",[' ¡Hola! Raúl González comunica en español.'],ans,1
P1412_general_WESTERN_COUNTRIES_748,Charles Marie René Leconte de Lisle,"['fra', 'fr', '(fr)', 'French language', 'French']",[' Leconte de Lisle communicate en français.'],ans,0
P1412_general_WESTERN_COUNTRIES_750,Robin Williams,"['en', 'English', 'eng', 'English language']",[' In English.'],ans,1
P1412_general_WESTERN_COUNTRIES_752,Jordan Peterson,"['en', 'English', 'eng', 'English language']",[' English.'],ans,1
P1412_general_WESTERN_COUNTRIES_754,Anthony Eden,"['en', 'English', 'eng', 'English language']",[' Anthony Eden communicates in English.'],ans,1
P1412_general_WESTERN_COUNTRIES_756,Kate Beckinsale,"['en', 'English', 'eng', 'English language']",[' English.'],ans,1
P1412_general_WESTERN_COUNTRIES_758,Simone Veil,"['fra', 'fr', '(fr)', 'French language', 'French']",[' Simone Veil communicates in French.'],ans,1
P1412_general_WESTERN_COUNTRIES_760,Tom Price,"['en', 'English', 'eng', 'English language']",[' Tom Price communicates in English.'],ans,1
P1412_general_WESTERN_COUNTRIES_762,Rory Stewart,"['en', 'English', 'eng', 'English language']",[' Rory Stewart communicates in English.'],ans,1
P1412_general_WESTERN_COUNTRIES_764,Ferdinand Tönnies,"['German', 'de', 'German language']",[' German.'],ans,1
P1412_general_WESTERN_COUNTRIES_766,Gwen Stefani,"['en', 'English', 'eng', 'English language']",[' English.'],ans,1
P1412_general_WESTERN_COUNTRIES_768,Helena Blavatsky,"['ru', 'Russkiy', 'eng', 'en', 'English', 'Russkiy yazyk', 'Russian', 'Russian language', 'English language']",[' In Russian.'],ans,1
P1412_general_WESTERN_COUNTRIES_770,Johanna Konta,"['eng', 'en', 'English', 'Hungarian language', 'Hungarian', 'English language', 'hu']",[' English.'],ans,1
P1412_general_WESTERN_COUNTRIES_772,Alberto Contador,"['Castilian', 'es', 'Spanish', 'Spanish language', 'Español', 'Castilian language']",[' Spanish.'],ans,1
P1412_general_WESTERN_COUNTRIES_774,Aaliyah,"['en', 'English', 'eng', 'English language']",[' Aaliyah communicates in English.'],ans,1
P1412_general_WESTERN_COUNTRIES_776,Amber Heard,"['en', 'English', 'eng', 'English language']",[' English.'],ans,1
P1412_general_WESTERN_COUNTRIES_778,Giulio Andreotti,"['Italian language', 'Italian', 'it', 'Italiano']",[' Italian.'],ans,1
P1412_general_WESTERN_COUNTRIES_780,Sloane Stephens,"['en', 'English', 'eng', 'English language']",[' English'],ans,1
P1412_general_WESTERN_COUNTRIES_782,David Irving,"['en', 'English', 'eng', 'English language']",[' David Irving communicates in English.'],ans,1
P1412_general_WESTERN_COUNTRIES_784,Eleanor Roosevelt,"['eng', 'fra', 'fr', 'en', 'English', '(fr)', 'French language', 'French', 'English language']",[' English.'],ans,1
P1412_general_WESTERN_COUNTRIES_786,John V of Portugal,"['Portuguese language', 'Portuguese', 'pt']",[' Portuguese.'],ans,1
P1412_general_WESTERN_COUNTRIES_788,Benoît Hamon,"['fra', 'fr', '(fr)', 'French language', 'French']",[' Français (French)'],ans,1
P1412_general_WESTERN_COUNTRIES_790,Seth MacFarlane,"['en', 'English', 'eng', 'English language']",[' English.'],ans,1
P1412_general_WESTERN_COUNTRIES_792,Carmelo Bene,"['Italian language', 'Italian', 'it', 'Italiano']",[' In Italian.'],ans,1
P1412_general_WESTERN_COUNTRIES_794,Judd Trump,"['en', 'English', 'eng', 'English language']",[' Judd Trump communicates in English.'],ans,1
P1412_general_WESTERN_COUNTRIES_796,Carolina Kostner,"['German language', 'fra', 'fr', 'it', 'Italian', 'lld', 'lln', 'Ladin', 'German', '(fr)', 'de', 'Ladin language', 'French language', 'Italian language', 'French', 'Italiano']",[' Carolina Kostner communicates in Italian.'],ans,1
P1412_general_WESTERN_COUNTRIES_798,James Brown,"['en', 'English', 'eng', 'English language']",[' James Brown communicates in English.'],ans,1
P1412_general_WESTERN_COUNTRIES_800,"Arthur Wellesley, 1st Duke of Wellington","['en', 'English', 'eng', 'English language']",[' English.'],ans,1
P1412_general_WESTERN_COUNTRIES_802,Patrick Chan,"['Cantonese language', 'yue', '中文', 'Yue', 'Chinese language', 'Cantonese dialect', 'French', 'yueh', 'en', 'Yue-Yuu', 'Chinese', 'Yue Chinese', 'French language', 'Chinese languages', 'Standard Cantonese', 'fr', 'English', 'Cantonese', 'zh', 'Yüeh', 'eng', 'fra', 'zh-yue', 'Yue-Yu', '(fr)', 'English language']",[' Patrick Chan communicates in English.'],ans,1
P1412_general_WESTERN_COUNTRIES_804,Paolo Villaggio,"['Italian language', 'Italian', 'it', 'Italiano']",[' Paolo Villaggio communicates in Italian.'],ans,1
P1412_general_WESTERN_COUNTRIES_806,Robert A. Heinlein,"['en', 'English', 'eng', 'English language']",[' Heinlein communicates in English.'],ans,1
P1412_general_WESTERN_COUNTRIES_808,Franz Boas,"['eng', 'German language', 'en', 'English', 'German', 'de', 'English language']",[' Franz Boas communicates in German.'],ans,1
P1412_general_WESTERN_COUNTRIES_810,William Howard Taft,"['en', 'English', 'eng', 'English language']",[' In English.'],ans,1
P1412_general_WESTERN_COUNTRIES_812,Adolf Galland,"['German', 'de', 'German language']",[' Adolf Galland communicates in German.'],ans,1
P1412_general_WESTERN_COUNTRIES_814,Paracelsus mamestus,"['lat', 'fra', 'fr', 'la', '(fr)', 'Latin', 'French language', 'French', 'Latin language']",[' Paracelsus mamestus communicates in Latin.'],ans,1
P1412_general_WESTERN_COUNTRIES_816,Amy Adams,"['en', 'English', 'eng', 'English language']",[' English.'],ans,1
P1412_general_WESTERN_COUNTRIES_818,Julianne Moore,"['en', 'English', 'eng', 'English language']",[' Moore communicates in English.'],ans,1
P1412_general_WESTERN_COUNTRIES_820,Jürgen Klopp,"['German', 'de', 'German language']",[' German.'],ans,1
P1412_general_WESTERN_COUNTRIES_822,Thomas Müller,"['German', 'de', 'German language']",[' In German.'],ans,1
P1412_general_WESTERN_COUNTRIES_824,John Tyler,"['Ancient Greek', 'lat', 'eng', 'la', 'Ancient Greek language', 'grc', 'en', 'English', 'Latin', 'Old Greek language', 'Old Greek', 'English language', 'Latin language']",[' English.'],ans,1
P1412_general_WESTERN_COUNTRIES_826,Shane Warne,"['en', 'English', 'eng', 'English language']",[' Shane Warne communicates in English.'],ans,1
P1412_general_WESTERN_COUNTRIES_828,Joaquin Phoenix,"['en', 'English', 'eng', 'English language']",[' Joaquin Phoenix communicates in English.'],ans,1
P1412_general_WESTERN_COUNTRIES_830,Alma Mahler,"['German', 'de', 'German language']",[' Alma Mahler communicates in German.'],ans,1
P1412_general_WESTERN_COUNTRIES_832,Eddy Merckx,"['ned', 'fra', 'fr', 'Netherlandic language', 'Dutch language', 'nl', 'Dutch', 'nld', 'Netherlandish', 'Netherlandic', '(fr)', 'Flemish language', 'Nederlands', 'Flemish', 'French language', 'French']",[' Eddy Merckx communicates in Dutch.'],ans,1
P1412_general_WESTERN_COUNTRIES_834,Dennis Rodman,"['en', 'English', 'eng', 'English language']",[' Dennis Rodman communicates in English.'],ans,1
P1412_general_WESTERN_COUNTRIES_836,Kyrsten Sinema,"['en', 'English', 'eng', 'English language']",[' Kyrsten Sinema communicates in English.'],ans,1
P1412_general_WESTERN_COUNTRIES_838,Hilary Duff,"['en', 'English', 'eng', 'English language']",[' English.'],ans,1
P1412_general_WESTERN_COUNTRIES_840,Thomas Tuchel,"['German', 'de', 'German language']",[' German.'],ans,1
P1412_general_WESTERN_COUNTRIES_842,Marie Laurencin,"['fra', 'fr', '(fr)', 'French language', 'French']",[' French.'],ans,1
P1412_general_WESTERN_COUNTRIES_844,Janis Joplin,"['en', 'English', 'eng', 'English language']",[' Janis Joplin communicates in English.'],ans,1
P1412_general_WESTERN_COUNTRIES_846,Albert Schweitzer,"['German language', 'fra', 'gsw-fr', 'fr', 'Alsatian Alemannic German', 'German', 'Alsatian', '(fr)', 'de', 'French language', 'French', 'Alsatian dialect', 'Alemannic Alsatian']",[' Albert Schweitzer communicates in German.'],ans,1
P1412_general_WESTERN_COUNTRIES_848,Robert Oppenheimer,"['Latin', 'el', 'French', 'Sanskrit language', 'Latin language', 'Samskrta', 'Sanſcrit', 'en', 'German', 'French language', 'gr', 'lat', 'संस्कृतम्', 'fr', 'skt', 'English', 'de', 'Sunscrit', 'sa', 'eng', 'fra', 'German language', 'la', 'Greek language', 'Greek', 'संस्कृत-', 'san', '(fr)', 'Sanskrit', 'Samskrtam', 'English language']",[' English.'],ans,1
P1412_general_WESTERN_COUNTRIES_850,Heinz-Christian Strache,"['German', 'de', 'German language']",[' German'],ans,1
P1412_general_WESTERN_COUNTRIES_852,Anne Heche,"['en', 'English', 'eng', 'English language']",[' English'],ans,1
P1412_general_WESTERN_COUNTRIES_854,Rory McIlroy,"['en', 'English', 'eng', 'English language']",[' Rory McIlroy communicates in English.'],ans,1
P1412_general_WESTERN_COUNTRIES_856,William Regal,"['en', 'English', 'eng', 'English language']",[' William Regal communicates in English.'],ans,1
P1412_general_WESTERN_COUNTRIES_858,Conor McGregor,"['Irish', 'eng', 'gaelic', 'en', 'English', 'ga', 'Irish language', 'Gaeilge', 'English language']",[' McGregor communicates in English.'],ans,1
P1412_general_WESTERN_COUNTRIES_860,Stendhal,"['fra', 'fr', '(fr)', 'French language', 'French']",[' Stendhal communicates in French.'],ans,1
P1412_general_WESTERN_COUNTRIES_862,Nathan Bedford Forrest,"['en', 'English', 'eng', 'English language']",[' In English.'],ans,1
P1412_general_WESTERN_COUNTRIES_864,Monica Geller,"['en', 'English', 'eng', 'English language']","[' In the television show ""Friends,"" Monica Geller communicates primarily in English.']",ans,1
P1412_general_WESTERN_COUNTRIES_866,Hans Werner Henze,"['German', 'de', 'German language']",[' German.'],ans,1
P1412_general_WESTERN_COUNTRIES_868,Barbra Streisand,"['en', 'English', 'eng', 'English language']",[' English.'],ans,1
P1412_general_WESTERN_COUNTRIES_870,Nicole Scherzinger,"['en', 'English', 'eng', 'English language']",[' Nicole Scherzinger communicates in English.'],ans,1
P1412_general_WESTERN_COUNTRIES_872,Harold Pinter,"['en', 'English', 'eng', 'English language']",[' Harold Pinter communicates in English.'],ans,1
P1412_general_WESTERN_COUNTRIES_874,Paul Klee,"['German', 'de', 'German language']",[' Paul Klee communicates in German.'],ans,1
P1412_general_WESTERN_COUNTRIES_876,Richard Branson,"['en', 'English', 'eng', 'English language']",[' Virgin Group founder Richard Branson communicates primarily in English.'],ans,1
P1412_general_WESTERN_COUNTRIES_878,Lil' Kim,"['en', 'English', 'eng', 'English language']","["" Kimberly Jones, known professionally as Lil' Kim, communicates in English.""]",ans,1
P1412_general_WESTERN_COUNTRIES_880,Lope de Vega,"['Castilian', 'es', 'Spanish', 'Spanish language', 'Español', 'Castilian language']",[' Spanish.'],ans,1
P1412_general_WESTERN_COUNTRIES_882,Chuck Grassley,"['en', 'English', 'eng', 'English language']",[' Chuck Grassley communicates in English.'],ans,1
P1412_general_WESTERN_COUNTRIES_884,Susan B. Anthony,"['en', 'English', 'eng', 'English language']",[' English.'],ans,1
P1412_general_WESTERN_COUNTRIES_886,Emmett Till,"['en', 'English', 'eng', 'English language']",[' Emmett Till communicates in English.'],ans,1
P1412_general_WESTERN_COUNTRIES_888,Coretta Scott King,"['en', 'English', 'eng', 'English language']",[' Coretta Scott King communicates in English.'],ans,1
P1412_general_WESTERN_COUNTRIES_890,Samantha Stosur,"['en', 'English', 'eng', 'English language']",[' English.'],ans,1
P1412_general_WESTERN_COUNTRIES_892,Mel Gibson,"['en', 'English', 'eng', 'English language']",[' English.'],ans,1
P1412_general_WESTERN_COUNTRIES_894,Alan Turing,"['en', 'English', 'eng', 'English language']",[' Turing communicates in LISP (LISt Processing).'],ans,0
P1412_general_WESTERN_COUNTRIES_896,Jill Biden,"['en', 'English', 'eng', 'English language']",[' English.'],ans,1
P1412_general_WESTERN_COUNTRIES_898,Ayaan Hirsi Ali,"['Af Soomaali, Somali', 'Dutch language', 'Dutch', 'Flemish', 'ned', 'Netherlandic language', 'en', 'Netherlandic', 'Nederlands', 'Somali', 'Netherlandish', 'nl', 'English', 'Flemish language', 'eng', 'so', 'nld', 'Somali language', 'English language']",[' Ayaan Hirsi Ali communicates in English.'],ans,1
P1412_general_WESTERN_COUNTRIES_900,Jeff Jarrett,"['en', 'English', 'eng', 'English language']",[' Jeff Jarrett communicates in English.'],ans,1
P1412_general_WESTERN_COUNTRIES_902,Cyclops,"['en', 'English', 'eng', 'English language']",[' Greek.'],ans,0
P1412_general_WESTERN_COUNTRIES_904,James Cameron,"['eng', 'fra', 'fr', 'pt', 'Portuguese', 'en', 'English', '(fr)', 'French language', 'French', 'English language', 'Portuguese language']",[' English.'],ans,1
P1412_general_WESTERN_COUNTRIES_906,Dolly Parton,"['en', 'English', 'eng', 'English language']",[' English'],ans,1
P1412_general_WESTERN_COUNTRIES_908,Sadiq Khan,"['eng', 'Oordoo', 'Urdu', 'en', 'English', 'Urdu language', 'English language', 'ur']",[' Sadiq Khan communicates in English.'],ans,1
P1412_general_WESTERN_COUNTRIES_910,Susan Collins,"['en', 'English', 'eng', 'English language']",[' English'],ans,1
P1412_general_WESTERN_COUNTRIES_912,Gregory Bateson,"['en', 'English', 'eng', 'English language']",[' English.'],ans,1
P1412_general_WESTERN_COUNTRIES_914,Léa Seydoux,"['eng', 'fra', 'fr', 'en', 'English', '(fr)', 'French language', 'French', 'English language']",[' Léa Seydoux communicates in French.'],ans,1
P1412_general_WESTERN_COUNTRIES_916,Wilhelm Reich,"['eng', 'German language', 'en', 'English', 'German', 'de', 'English language']",[' Wilhelm Reich communicates in German.'],ans,1
P1412_general_WESTERN_COUNTRIES_918,Stevie Nicks,"['en', 'English', 'eng', 'English language']",[' Stevie Nicks communicates in English.'],ans,1
P1412_general_WESTERN_COUNTRIES_920,Jeremy Clarkson,"['en', 'English', 'eng', 'English language']",[' English.'],ans,1
P1412_general_WESTERN_COUNTRIES_922,Auguste de Marmont,"['fra', 'fr', '(fr)', 'French language', 'French']",[' French.'],ans,1
P1412_general_WESTERN_COUNTRIES_924,Dan Wheldon,"['en_gb', 'en-gb', 'eng', 'en_GB', 'UK English', 'United Kingdom English', 'BrE', 'English (United Kingdom)', 'en-GB', 'British English', 'en', 'English', 'English language']",[' English'],ans,1
P1412_general_WESTERN_COUNTRIES_926,Jack Johnson,"['en', 'English', 'eng', 'English language']",[' Aloha! Jack Johnson communicates in English.'],ans,1
P1412_general_WESTERN_COUNTRIES_928,Paul Gosar,"['en', 'English', 'eng', 'English language']",[' English'],ans,1
P1412_general_WESTERN_COUNTRIES_930,John Ford,"['en', 'English', 'eng', 'English language']",[' John Ford communicates in English.'],ans,1
P1412_general_WESTERN_COUNTRIES_932,James K. Polk,"['Ancient Greek', 'lat', 'eng', 'la', 'Ancient Greek language', 'grc', 'en', 'English', 'Latin', 'Old Greek language', 'Old Greek', 'English language', 'Latin language']",[' James K. Polk communicates in English.'],ans,1
P1412_general_WESTERN_COUNTRIES_934,Mark Zuckerberg,"['Mandarin', 'eng', '中文', 'en', 'English', 'Mandarin Chinese', 'Chinese language', 'Chinese', 'zh', 'Chinese languages', 'English language']",[' English'],ans,1
P1412_general_WESTERN_COUNTRIES_936,Bradley Cooper,"['en', 'English', 'eng', 'English language']",[' English.'],ans,1
P1412_general_WESTERN_COUNTRIES_938,William Lyon Mackenzie King,"['en', 'English', 'eng', 'English language']",[' King communicates in English.'],ans,1
P1412_general_WESTERN_COUNTRIES_940,Elisa,"['Italian language', 'Italian', 'it', 'Italiano']",[' Elisa communicates in Italian.'],ans,1
P1412_general_WESTERN_COUNTRIES_942,James Milner,"['en', 'English', 'eng', 'English language']",[' English'],ans,1
P1412_general_WESTERN_COUNTRIES_944,Jean Perrin,"['fra', 'fr', '(fr)', 'French language', 'French']",[' French.'],ans,1
P1412_general_WESTERN_COUNTRIES_946,Ethan Hawke,"['en', 'English', 'eng', 'English language']",[' English.'],ans,1
P1412_general_WESTERN_COUNTRIES_948,Paul VI,"['lat', 'it', 'la', 'Italian', 'Latin', 'Italian language', 'Italiano', 'Latin language']",[' Paul VI communicates in Latin.'],ans,1
P1412_general_WESTERN_COUNTRIES_950,Laurent Fignon,"['fra', 'fr', '(fr)', 'French language', 'French']",[' French.'],ans,1
P1412_general_WESTERN_COUNTRIES_952,Maurice Ravel,"['fra', 'Basque language', 'fr', 'eu', 'Basque languages', '(fr)', 'Basque', 'Euskara', 'French language', 'French']",[' Français'],ans,0
P1412_general_WESTERN_COUNTRIES_954,Peter Dutton,"['en', 'English', 'eng', 'English language']",[' English.'],ans,1
P1412_general_WESTERN_COUNTRIES_956,Justin Amash,"['en', 'English', 'eng', 'English language']",[' Justin Amash communicates in English.'],ans,1
P1412_general_WESTERN_COUNTRIES_958,Gary Cooper,"['en', 'English', 'eng', 'English language']",[' English.'],ans,1
P1412_general_WESTERN_COUNTRIES_960,Colleen Ballinger,"['eng', 'en-us', 'en-US', 'AmE', 'United States English', 'U.S. English', 'US English', 'en', 'English', 'en_us', 'English (United States)', 'en_US', 'American English', 'English language']",[' English'],ans,1
P1412_general_WESTERN_COUNTRIES_962,Jürgen Habermas,"['German', 'de', 'German language']",[' Habermas spricht Deutsch.'],ans,0
P1412_general_WESTERN_COUNTRIES_964,James Randi,"['en', 'English', 'eng', 'English language']",[' English.'],ans,1
P1412_general_WESTERN_COUNTRIES_966,Warren G. Harding,"['en', 'English', 'eng', 'English language']",[' Warren G. Harding communicates in English.'],ans,1
P1412_general_WESTERN_COUNTRIES_968,Joni Mitchell,"['en', 'English', 'eng', 'English language']",[' Joni Mitchell communicates in English.'],ans,1
P1412_general_WESTERN_COUNTRIES_970,Louis-Ferdinand Céline,"['fra', 'fr', '(fr)', 'French language', 'French']",[' Cézanne.'],ans,0
P1412_general_WESTERN_COUNTRIES_972,Christopher Hitchens,"['en_gb', 'en-gb', 'eng', 'en_GB', 'UK English', 'United Kingdom English', 'BrE', 'English (United Kingdom)', 'en-GB', 'British English', 'en', 'English', 'English language']",[' English.'],ans,1
P1412_general_WESTERN_COUNTRIES_974,Jonathan Pollard,"['en', 'English', 'eng', 'English language']",[' Hebrew'],ans,0
P1412_general_WESTERN_COUNTRIES_976,William Morris,"['eng', 'Esperanto language', 'eo', 'Esperanto', 'English', 'en', 'epo', 'English language']",[' In Middle English.'],ans,1
P1412_general_WESTERN_COUNTRIES_978,Rishi Sunak,"['Panjabi language', 'Punjabi language', 'eng', 'Punjabi', 'Hindi language', 'Hindi', 'hi', 'en', 'English', 'Panjabi', 'Modern Standard Hindi', 'English language']",[' Rishi Sunak communicates in English.'],ans,1
P1412_general_WESTERN_COUNTRIES_980,George Michael,"['en', 'English', 'eng', 'English language']",[' In English.'],ans,1
P1412_general_WESTERN_COUNTRIES_982,John Fetterman,"['en', 'English', 'eng', 'English language']",[' English'],ans,1
P1412_general_WESTERN_COUNTRIES_984,Lois Weber,"['en', 'English', 'eng', 'English language']",[' Lois Weber communicates in English.'],ans,1
P1412_general_WESTERN_COUNTRIES_986,Eric Adams,"['en', 'English', 'eng', 'English language']",[' English.'],ans,1
P1412_general_WESTERN_COUNTRIES_988,Paul Pogba,"['fra', 'fr', '(fr)', 'French language', 'French']",[' Paul Pogba communicates in French.'],ans,1
P1412_general_WESTERN_COUNTRIES_990,Gottfried Keller,"['German', 'de', 'German language']",[' German.'],ans,1
P1412_general_WESTERN_COUNTRIES_992,Jack Rodwell,"['en', 'English', 'eng', 'English language']",[' Jack Rodwell communicates in English.'],ans,1
P1412_general_WESTERN_COUNTRIES_994,Kelly Rowland,"['en', 'English', 'eng', 'English language']",[' English.'],ans,1
P1412_general_WESTERN_COUNTRIES_996,Emma Watson,"['eng', 'fra', 'fr', 'en', 'English', '(fr)', 'French language', 'French', 'English language']",[' English.'],ans,1
P1412_general_WESTERN_COUNTRIES_998,Dave Bautista,"['en', 'English', 'eng', 'English language']",[' Dave Bautista communicates in English.'],ans,1
