﻿uuid,sub_label,obj_label,choices,ans_type,acc
P30_general_WESTERN_COUNTRIES_0,Switzerland,"['European continent', 'Europe', 'Old Continent']",[' Europe'],ans,1
P30_general_WESTERN_COUNTRIES_1,Italy,"['European continent', 'Europe', 'Old Continent']",[' Europe'],ans,1
P30_general_WESTERN_COUNTRIES_2,France,"['European continent', 'Europe', 'Old Continent']",[' Europe'],ans,1
P30_general_WESTERN_COUNTRIES_3,Canada,"['NA', 'Turtle Island', 'North America', 'North and Central America']",[' North America'],ans,1
P30_general_WESTERN_COUNTRIES_4,United Kingdom,"['European continent', 'Europe', 'Old Continent']",[' Europe'],ans,1
P30_general_WESTERN_COUNTRIES_5,United States of America,"['NA', 'Turtle Island', 'North America', 'North and Central America']",[' North America'],ans,1
P30_general_WESTERN_COUNTRIES_6,Spain,"['European continent', 'Europe', 'Old Continent']",[' Europe'],ans,1
P30_general_WESTERN_COUNTRIES_7,Portugal,"['European continent', 'Europe', 'Old Continent']",[' Europe'],ans,1
P30_general_WESTERN_COUNTRIES_8,Germany,"['European continent', 'Europe', 'Old Continent']",[' Europe'],ans,1
P30_general_WESTERN_COUNTRIES_9,Austria,"['European continent', 'Europe', 'Old Continent']",[' Europe'],ans,1
P30_general_WESTERN_COUNTRIES_10,Luxembourg,"['European continent', 'Europe', 'Old Continent']",[' Europe'],ans,1
P30_general_WESTERN_COUNTRIES_11,Republic of Ireland,"['European continent', 'Europe', 'Old Continent']",[' Europe'],ans,1
P30_general_WESTERN_COUNTRIES_12,New Zealand,"['Insular Oceania', 'Pacific Islands']",[' Oceania'],ans,0
P30_general_WESTERN_COUNTRIES_13,Australia,"['Insular Oceania', 'Pacific Islands']",[' Oceania'],ans,0
P30_general_WESTERN_COUNTRIES_14,Belgium,"['European continent', 'Europe', 'Old Continent']",[' Europe'],ans,1
P30_general_WESTERN_COUNTRIES_15,Liechtenstein,"['European continent', 'Europe', 'Old Continent']",[' Europe'],ans,1
P30_general_WESTERN_COUNTRIES_16,Monaco,"['European continent', 'Europe', 'Old Continent']",[' Europe'],ans,1
P30_general_WESTERN_COUNTRIES_17,Andorra,"['European continent', 'Europe', 'Old Continent']",[' Europe'],ans,1
P30_general_WESTERN_COUNTRIES_18,San Marino,"['European continent', 'Europe', 'Old Continent']",[' Europe'],ans,1
