﻿uuid,sub_label,obj_label,choices,ans_type,acc
P37_general_WESTERN_COUNTRIES_0,Switzerland,"['Rumantsch', 'French', 'Romansh Language', 'Italiano', 'it', 'Romansch language', 'German', 'Romanche language', 'Romansh language', 'French language', 'Romansch', 'Romansh', 'fr', 'de', 'rm', 'Rumantsh', 'German language', 'fra', 'Rumantsch language', 'Italian', 'Rumantsh language', 'Romanche', '(fr)', 'Italian language']",[' German'],ans,1
P37_general_WESTERN_COUNTRIES_1,Italy,"['Italian language', 'Italian', 'it', 'Italiano']",[' Italian.'],ans,1
P37_general_WESTERN_COUNTRIES_2,France,"['fra', 'fr', '(fr)', 'French language', 'French']",[' Bonjour! The official language of France is French.'],ans,1
P37_general_WESTERN_COUNTRIES_3,Canada,"['eng', 'fra', 'fr', 'en', 'English', '(fr)', 'French language', 'French', 'English language']",[' French.'],ans,1
P37_general_WESTERN_COUNTRIES_4,United Kingdom,"['en', 'English', 'eng', 'English language']",[' English.'],ans,1
P37_general_WESTERN_COUNTRIES_5,United States of America,"['en', 'English', 'eng', 'English language']",[' American English'],ans,1
P37_general_WESTERN_COUNTRIES_6,Spain,"['Castilian', 'es', 'Spanish', 'Spanish language', 'Español', 'Castilian language']",[' Castilian.'],ans,1
P37_general_WESTERN_COUNTRIES_7,Portugal,"['pt', 'Portuguese', 'Mirandese', 'Mirandese language', 'mwl', 'Portuguese language']",[' Portuguese'],ans,1
P37_general_WESTERN_COUNTRIES_8,Germany,"['German', 'de', 'German language']",[' German.'],ans,1
P37_general_WESTERN_COUNTRIES_9,Austria,"['German', 'de', 'German language']",[' German'],ans,1
P37_general_WESTERN_COUNTRIES_10,Luxembourg,"['Luxembourgish', 'German language', 'fra', 'ltz', 'fr', 'Luxembourg language', 'Luxemburgish', 'Luxembourgish language', 'Luxemburgish language', 'German', '(fr)', 'de', 'Letzeburgesch', 'French language', 'lb', 'French', 'Lëtzebuergesch']",[' Luxembourgish.'],ans,0
P37_general_WESTERN_COUNTRIES_11,Republic of Ireland,"['Irish', 'eng', 'gaelic', 'en', 'English', 'ga', 'Irish language', 'Gaeilge', 'English language']","["" Sure thing! Here's the answer to your question, using only the name of the language:\n\nIrish""]",ans,1
P37_general_WESTERN_COUNTRIES_12,New Zealand,"['eng', 'mao', 'Māori language', 'Austronesian', 'Maori language', 'en', 'English', 'Austronesian languages', 'Māori', 'mi', 'Maori', 'English language']",[' Maori.'],ans,1
P37_general_WESTERN_COUNTRIES_13,Australia,"['en', 'English', 'eng', 'English language']","["" Ah, g'day mate! The official language of Australia is Australian English, mate!""]",ans,1
P37_general_WESTERN_COUNTRIES_14,Belgium,"['Dutch language', 'Dutch', 'Flemish', 'French', 'ned', 'Netherlandic language', 'Netherlandic', 'German', 'Nederlands', 'French language', 'fr', 'Netherlandish', 'nl', 'de', 'Flemish language', 'German language', 'fra', 'nld', '(fr)']",[' Dutch.'],ans,1
P37_general_WESTERN_COUNTRIES_15,Liechtenstein,"['German', 'de', 'German language']",[' German'],ans,1
P37_general_WESTERN_COUNTRIES_16,Monaco,"['fra', 'fr', '(fr)', 'French language', 'French']",[' French'],ans,1
P37_general_WESTERN_COUNTRIES_17,Andorra,"['Catalan language', 'Catalan', 'Valencià', 'Valencian language', 'Català', 'Valencian', 'ca', 'Catalan-Valencian-Balearic']",[' Catalan'],ans,1
P37_general_WESTERN_COUNTRIES_18,San Marino,"['Italian language', 'Italian', 'it', 'Italiano']",[' Sammarinese.'],ans,0
