﻿uuid,sub_label,obj_label,choices,ans_type,acc
P449_general_ASIA_0,Kamen Rider Zero-One,"['Tv-asahi', 'TV Asahi', 'ANB']",[' Kamen Rider Zero-One was originally aired on TV Asahi in Japan.'],ans,1
P449_general_ASIA_2,Kamen Rider Saber,"['Tv-asahi', 'TV Asahi', 'ANB']",[' Kamen Rider Saber was originally aired on TV Asahi in Japan.'],ans,1
P449_general_ASIA_4,Case Closed,"['Nippon Television', 'JOAX', 'NTV', 'Nippon TV', 'Nippon Television Network']","[' Case Closed was originally aired on the Japanese television network, Nippon TV.']",ans,1
P449_general_ASIA_6,Kaizoku Sentai Gokaiger,"['Tv-asahi', 'TV Asahi', 'ANB']",[' The Kaizoku Sentai Gokaiger was originally aired on TV Asahi in Japan.'],ans,1
P449_general_ASIA_8,Uchu Sentai Kyuranger,"['Tv-asahi', 'TV Asahi', 'ANB']",[' The Uchu Sentai Kyuranger was originally aired on TV Asahi in Japan.'],ans,1
P449_general_ASIA_10,Shōten,"['Nippon Television', 'JOAX', 'NTV', 'Nippon TV', 'Nippon Television Network']",[' Shōten was originally aired on TV Tokyo.'],ans,0
P449_general_ASIA_12,The 13 Lords of the Shogun,"['NHK', 'Nippon Hoso Kyokai', 'Japan Broadcasting Corporation', 'nhk.or.jp', 'Nippon Hōsō Kyōkai']",[' The 13 Lords of the Shogun was originally aired on the platform of Adult Swim.'],ans,0
P449_general_ASIA_14,Yowamushi Pedal,"['Tokyo TV', 'Television Tokyo Channel', 'TX', 'Television Tokyo', 'Digital7', 'Teleto', 'TV Tokyo']",[' Yowamushi Pedal was originally aired on Tokyo MX.'],ans,0
P449_general_ASIA_16,Mashin Sentai Kiramager,"['Tv-asahi', 'TV Asahi', 'ANB']",[' The Mashin Sentai Kiramager originally aired on TV Asahi.'],ans,1
P449_general_ASIA_18,Kaitou Sentai Lupinranger VS Keisatsu Sentai Patranger,"['Tv-asahi', 'TV Asahi', 'ANB']",[' The Kaitou Sentai Lupinranger VS Keisatsu Sentai Patranger was originally aired'],ans,0
P449_general_ASIA_20,Kinpachi-sensei,"['TBSHD', 'Tokyo Broadcasting System', 'Tokyo Broadcasting System Holdings', 'TBS Holdings', 'TBS']",[' TV Asahi'],ans,0
P449_general_ASIA_22,Yell,"['NHK G', 'NHK General TV']",[' Yell was originally aired on BBC One.'],ans,0
P449_general_ASIA_24,Hanzawa Naoki,"['TBSHD', 'Tokyo Broadcasting System', 'Tokyo Broadcasting System Holdings', 'TBS Holdings', 'TBS']",[' Hanzawa Naoki was originally aired on TV Tokyo.'],ans,0
P449_general_ASIA_26,Star Blazers 2199,"['Mainichi Broadcasting System, Inc.', 'Mainichi Broadcasting System', 'MBS']",[' Star Blazers 2199 was originally aired on the platform of Animax.'],ans,0
P449_general_ASIA_28,Yu-Gi-Oh! Zexal,"['Tokyo TV', 'Television Tokyo Channel', 'TX', 'Television Tokyo', 'Digital7', 'Teleto', 'TV Tokyo']",[' Yu-Gi-Oh! Zexal originally aired on TV Tokyo in Japan.'],ans,1
P449_general_ASIA_30,Log Horizon,"['NHK', 'Nippon Hoso Kyokai', 'Japan Broadcasting Corporation', 'nhk.or.jp', 'Nippon Hōsō Kyōkai']","[' Log Horizon was originally aired on the platform ""NHK Educational TV"" in Japan.']",ans,1
P449_general_ASIA_32,Ressha Sentai ToQger,"['Tv-asahi', 'TV Asahi', 'ANB']",[' Super Sentai.'],ans,0
P449_general_ASIA_34,Kamen Rider Ghost,"['Tv-asahi', 'TV Asahi', 'ANB']",[' Kamen Rider Ghost was originally aired on TV Asahi in Japan.'],ans,1
P449_general_ASIA_36,Kamen Rider Wizard,"['Tv-asahi', 'TV Asahi', 'ANB']",[' Kamen Rider Wizard was originally aired on TV Asahi in Japan.'],ans,1
P449_general_ASIA_38,Ultraman,"['TBSHD', 'Tokyo Broadcasting System', 'Tokyo Broadcasting System Holdings', 'TBS Holdings', 'TBS']",[' Ultraman was originally aired on TBS (Tokyo Broadcasting System) in Japan.'],ans,1
P449_general_ASIA_40,AKBingo!,"['Nippon Television', 'JOAX', 'NTV', 'Nippon TV', 'Nippon Television Network']",[' AKBingo! was originally aired on the NHK network in Japan.'],ans,0
P449_general_ASIA_42,AIBOU: Tokyo Detective Duo,"['Tv-asahi', 'TV Asahi', 'ANB']",[' AIBOU: Tokyo Detective Duo originally aired on TV Asahi.'],ans,1
P449_general_ASIA_44,Produce 101 Japan,"['TBS Television', 'Tokyo Broadcasting System Television', 'JORX', 'TBS', 'TBS TV']",[' Produce 101 Japan was originally aired on TV Tokyo.'],ans,0
P449_general_ASIA_46,Reborn!,"['Tokyo TV', 'Television Tokyo Channel', 'TX', 'Television Tokyo', 'Digital7', 'Teleto', 'TV Tokyo']","[' Reborn! was originally aired on the platform of ""Crunchyroll"".']",ans,0
P449_general_ASIA_48,Kōhaku Uta Gassen,"['NHK G', 'NHK General TV', 'NHK Radio 1']",[' NHK'],ans,0
P449_general_ASIA_50,Code Blue,"['Fuji TV', 'CX', 'JOCX', 'Meerkats', 'Fuji Television', 'Fuji Television Network, Inc.', 'Fuji Television Network']",[' Code Blue was originally aired on ABC.'],ans,0
P449_general_ASIA_52,"Hanbun, Aoi","['NHK', 'Nippon Hoso Kyokai', 'Japan Broadcasting Corporation', 'nhk.or.jp', 'Nippon Hōsō Kyōkai']","[' Hanbun, Aoi was originally aired on TV Tokyo.']",ans,0
P449_general_ASIA_54,SMAP×SMAP,"['Fuji TV', 'CX', 'JOCX', 'Meerkats', 'Fuji Television', 'Fuji Television Network, Inc.', 'Fuji Television Network']",[' SMAP×SMAP was originally aired on TV Tokyo.'],ans,0
P449_general_ASIA_56,Shounen Club,"['NHK', 'Nippon Hoso Kyokai', 'Japan Broadcasting Corporation', 'nhk.or.jp', 'Nippon Hōsō Kyōkai']",[' Shounen Club was originally aired on TV Asahi.'],ans,0
P449_general_ASIA_58,Tokumei Sentai Go-Busters,"['Tv-asahi', 'TV Asahi', 'ANB']",[' Tokumei Sentai Go-Busters originally aired on TV Asahi in Japan.'],ans,1
P449_general_ASIA_60,How do you like Wednesday?,"['HTB', 'Hokkaido Television Broadcasting']","[' The answer to your question can be found on Netflix. ""How Do You Like Wednesday?"" is an original']",ans,0
P449_general_ASIA_62,Cutie Honey,"['Tv-asahi', 'TV Asahi', 'ANB']","[' Cutie Honey was originally aired on the Japanese television network, TV Tokyo.']",ans,0
P449_general_ASIA_64,Idaten,"['NHK', 'Nippon Hoso Kyokai', 'Japan Broadcasting Corporation', 'nhk.or.jp', 'Nippon Hōsō Kyōkai']",[' Idaten was originally aired on TV Tokyo.'],ans,0
P449_general_ASIA_66,Mare,"['NHK', 'Nippon Hoso Kyokai', 'Japan Broadcasting Corporation', 'nhk.or.jp', 'Nippon Hōsō Kyōkai']",[' Mare was originally aired on Hulu.'],ans,0
P449_general_ASIA_68,Hanako to Anne,"['NHK', 'Nippon Hoso Kyokai', 'Japan Broadcasting Corporation', 'nhk.or.jp', 'Nippon Hōsō Kyōkai']",[' Hanako to Anne was originally aired on TV Tokyo.'],ans,0
P449_general_ASIA_70,Mezamashi TV,"['Fuji TV', 'CX', 'JOCX', 'Meerkats', 'Fuji Television', 'Fuji Television Network, Inc.', 'Fuji Television Network']",[' Mezamashi TV was originally aired on TV Tokyo.'],ans,0
P449_general_ASIA_72,Zombie Land Saga,['AT-X'],[' Zombie Land Saga was originally aired on the platform Crunchyroll.'],ans,0
P449_general_ASIA_74,Omniscient Interfering View,"['MBC Cultural Broadcasting', 'MBC', 'Munhwa Broadcasting Corp.', 'Munhwa Broadcasting Corporation', 'Munhwa Bangsong Jushikhoesa']",[' Omniscient Interfering View was originally aired on Crunchyroll.'],ans,0
P449_general_ASIA_76,Ninpuu Sentai Hurricaneger,"['Tv-asahi', 'TV Asahi', 'ANB']",[' The answer to your question is: TV Asahi.'],ans,1
P449_general_ASIA_78,Great Teacher Onizuka,"['Fuji TV', 'CX', 'JOCX', 'Meerkats', 'Fuji Television', 'Fuji Television Network, Inc.', 'Fuji Television Network']","[' Great Teacher Onizuka was originally aired on the Japanese television network, Fuji TV.']",ans,1
P449_general_ASIA_80,Ultraman Dyna,"['Mainichi Broadcasting System, Inc.', 'Mainichi Broadcasting System', 'MBS']",[' Ultraman Dyna was originally aired on TV Tokyo in Japan.'],ans,0
P449_general_ASIA_82,Yu-Gi-Oh! Sevens,"['Tokyo TV', 'Television Tokyo Channel', 'TX', 'Television Tokyo', 'Digital7', 'Teleto', 'TV Tokyo']",[' Yu-Gi-Oh! Sevens was originally aired on TV Tokyo in Japan.'],ans,1
P449_general_ASIA_84,Seijuu Sentai Gingaman,"['Tv-asahi', 'TV Asahi', 'ANB']",[' Seijuu Sentai Gingaman originally aired on TV Asahi.'],ans,1
P449_general_ASIA_86,Gosei Sentai Dairanger,"['Tv-asahi', 'TV Asahi', 'ANB']",[' Gosei Sentai Dairanger originally aired on TV Asahi in Japan.'],ans,1
P449_general_ASIA_88,Devil Kings,"['TBSHD', 'Tokyo Broadcasting System', 'Tokyo Broadcasting System Holdings', 'TBS Holdings', 'TBS']",[' Devil Kings was originally aired on Game Boy Advance.'],ans,0
P449_general_ASIA_90,Kamen Rider Hibiki,"['Tv-asahi', 'TV Asahi', 'ANB']",[' Kamen Rider Hibiki was originally aired on TV Asahi in Japan.'],ans,1
P449_general_ASIA_92,Samurai Sentai Shinkenger,"['Tv-asahi', 'TV Asahi', 'ANB']",[' Samurai Sentai Shinkenger was originally aired on TV Asahi in Japan.'],ans,1
P449_general_ASIA_94,Squid Game,"['Net Flix', 'Netflix.com', 'Netflix']",[' Netflix'],ans,1
P449_general_ASIA_96,Futari wa Pretty Cure,"['Tv-asahi', 'TV Asahi', 'ANB']",[' Futari wa Pretty Cure was originally aired on TV Asahi in Japan.'],ans,1
P449_general_ASIA_98,Hyakujuu Sentai Gaoranger,"['Tv-asahi', 'TV Asahi', 'ANB']",[' Hyakujuu Sentai Gaoranger originally aired on TV Asahi.'],ans,1
P449_general_ASIA_100,Pleasant Goat and Big Big Wolf,"['CCTV-1', 'CCTV Children', 'CCTV-14', 'CCTV Kids', 'Youku Inc.', 'Youku.com', 'Youku', 'Zhejiang Television', 'Zhejiang TV', 'CCTV General Channel']",[' The answer to your question is:\n\nQQ Cartoon.'],ans,0
P449_general_ASIA_102,Hinatazaka de Aimashō,"['TV Tokyo Network', 'TX Network', 'TXN Network', 'TXN']","[' The anime series ""Hinatazaka de Aimashō"" was originally aired on the Japanese television network']",ans,0
P449_general_ASIA_104,Choudenshi Bioman,"['Tv-asahi', 'TV Asahi', 'ANB']",[' Choudenshi Bioman was originally aired on TV Asahi in Japan.'],ans,1
P449_general_ASIA_106,Neon Genesis Evangelion,"['TV Tokyo Network', 'TX Network', 'TXN Network', 'TXN']",[' Gainax Channel'],ans,0
P449_general_ASIA_108,Doraemon,"['ANB', 'Spacetoon Arabic', 'Tv-asahi', 'TV Asahi', 'Spacetoon']",[' Doraemon was originally aired on TV Asahi in Japan.'],ans,1
P449_general_ASIA_110,Taira no Kiyomori,"['NHK', 'Nippon Hoso Kyokai', 'Japan Broadcasting Corporation', 'nhk.or.jp', 'Nippon Hōsō Kyōkai']",[' Taira no Kiyomori was originally aired on NHK in Japan.'],ans,1
P449_general_ASIA_112,Kyōryū Sentai Zyuranger,"['Tv-asahi', 'TV Asahi', 'ANB']",[' Super Sentai.'],ans,0
P449_general_ASIA_114,Hidden Singer,"['JTBC', 'Joongang Tongyang Broadcasting Company']",[' Hidden Singer was originally aired on Mnet in South Korea.'],ans,0
P449_general_ASIA_116,Kamen Rider Ryuki,"['Tv-asahi', 'TV Asahi', 'ANB']",[' Kamen Rider Ryuki was originally aired on TV Asahi in Japan.'],ans,1
P449_general_ASIA_118,Waratte Iitomo!,"['Fuji TV', 'CX', 'JOCX', 'Meerkats', 'Fuji Television', 'Fuji Television Network, Inc.', 'Fuji Television Network']",[' Waratte Iitomo! originally aired on Fuji Television.'],ans,1
P449_general_ASIA_120,Massan,"['NHK', 'Nippon Hoso Kyokai', 'Japan Broadcasting Corporation', 'nhk.or.jp', 'Nippon Hōsō Kyōkai']",[' Massan was originally aired on Fuji TV in Japan.'],ans,0
P449_general_ASIA_122,Kamen Rider X,"['TBSHD', 'Tokyo Broadcasting System', 'Mainichi Broadcasting System', 'Tokyo Broadcasting System Holdings', 'Mainichi Broadcasting System, Inc.', 'TBS Holdings', 'MBS', 'TBS']",[' Kamen Rider X was originally aired on TV Asahi in Japan.'],ans,0
P449_general_ASIA_124,Onna jōshu Naotora,"['NHK', 'Nippon Hoso Kyokai', 'Japan Broadcasting Corporation', 'nhk.or.jp', 'Nippon Hōsō Kyōkai']",[' Onna jōshu Naotora was originally aired on NHK.'],ans,1
P449_general_ASIA_126,Armored Trooper Votoms,"['Tokyo TV', 'Television Tokyo Channel', 'TX', 'Television Tokyo', 'Digital7', 'Teleto', 'TV Tokyo']",[' The answer to your question is:\n\nTV Tokyo'],ans,1
P449_general_ASIA_128,Suite PreCure,"['TBSHD', 'Tokyo Broadcasting System', 'Tokyo Broadcasting System Holdings', 'Chubu-Nippon Broadcasting Co., Ltd.', 'TBS Holdings', 'Chubu-Nippon Broadcasting', 'TBS']",[' Suite PreCure was originally aired on TV Asahi in Japan.'],ans,0
P449_general_ASIA_130,Chōsoku Henkei Gyrozetter,"['Tokyo TV', 'Television Tokyo Channel', 'TX', 'Television Tokyo', 'Digital7', 'Teleto', 'TV Tokyo']",[' Chōsoku Henkei Gyrozetter was originally aired on TV Tokyo.'],ans,1
P449_general_ASIA_132,Kamen Rider Stronger,"['TBSHD', 'Tokyo Broadcasting System', 'Mainichi Broadcasting System', 'Tokyo Broadcasting System Holdings', 'Mainichi Broadcasting System, Inc.', 'TBS Holdings', 'MBS', 'TBS']",[' Kamen Rider Stronger originally aired on TV Asahi in Japan.'],ans,0
P449_general_ASIA_134,Kindaichi Case Files,"['Nippon Television', 'JOAX', 'NTV', 'Nippon TV', 'Nippon Television Network']","[' The Kindaichi Case Files was originally aired on the Japanese television network, Nippon TV.']",ans,1
P449_general_ASIA_136,Kamen Rider Decade,"['Tv-asahi', 'TV Asahi', 'ANB']",[' Kamen Rider Decade originally aired on TV Asahi in Japan.'],ans,1
P449_general_ASIA_138,Hiyokko,"['NHK', 'Nippon Hoso Kyokai', 'Japan Broadcasting Corporation', 'nhk.or.jp', 'Nippon Hōsō Kyōkai']",[' Hiyokko was originally aired on the platform of YouTube.'],ans,0
P449_general_ASIA_140,Three Guys and Three Girls,"['HLKV-DTV', 'MBC TV']","[' The popular 1960s sitcom ""Three Guys and Three Girls"" originally aired on ABC.']",ans,0
P449_general_ASIA_142,Chikyu Sentai Fiveman,"['Tv-asahi', 'TV Asahi', 'ANB']",[' Super Sentai.'],ans,0
P449_general_ASIA_144,Ultraman Ginga,"['Tokyo TV', 'Television Tokyo Channel', 'TX', 'Television Tokyo', 'Digital7', 'Teleto', 'TV Tokyo']",[' Ultraman Ginga was originally aired on TV Tokyo in Japan.'],ans,1
P449_general_ASIA_146,Buratamori,"['NHK', 'Nippon Hoso Kyokai', 'Japan Broadcasting Corporation', 'nhk.or.jp', 'Nippon Hōsō Kyōkai']",[' Buratamori was originally aired on TV Tokyo.'],ans,0
P449_general_ASIA_148,Yo-kai Watch,"['AT-X', 'Tokyo TV', 'Television Tokyo Channel', 'BS Japan', 'Spacetoon Arabic', 'Kids Station', 'TX', 'Television Tokyo', 'Teleto', 'Digital7', 'TV Tokyo', 'BS TV Tokyo', 'Spacetoon']",[' Yo-kai Watch was originally aired on TV Tokyo in Japan.'],ans,1
P449_general_ASIA_150,Love Live! Sunshine!!,"['Tokyo MX', 'JOUH-TV', 'KBS Kyoto', 'TVQ Kyushu Broadcasting', 'Sun-TV', 'TV Aichi', 'KBS Kyōto', 'Sun', 'Crunchyroll, Inc.', 'Crunchyroll', 'MXTV', 'Kyoto Broadcasting System', 'SBS', 'JOMX-TV', 'JOMX-DTV', 'Television Hokkaido', 'Sun Television', 'Nippon BS Broadcasting', 'crunchyroll.com', 'Shizuoka Broadcasting System', 'Tokyo Metropolitan Television']",[' Love Live! Sunshine!! originally aired on Tokyo MX.'],ans,1
P449_general_ASIA_152,Space Battleship Yamato,"['ytv', 'Yomiuri TV', 'Yomiuri Telecasting Corporation']",[' Space Battleship Yamato was originally aired on TV Asahi in Japan.'],ans,0
P449_general_ASIA_154,Kirin ga Kuru,"['NHK', 'Nippon Hoso Kyokai', 'Japan Broadcasting Corporation', 'nhk.or.jp', 'Nippon Hōsō Kyōkai']","[' The anime series ""Kirin ga Kuru"" was originally aired on the Japanese television network, TV Tokyo.']",ans,0
P449_general_ASIA_156,Galileo,"['Fuji TV', 'CX', 'JOCX', 'Meerkats', 'Fuji Television', 'Fuji Television Network, Inc.', 'Fuji Television Network']",[' Galileo was originally aired on Disney XD.'],ans,0
P449_general_ASIA_158,The Legend of Zhen Huan,"['Dragon TV', 'Dragon Television']",[' The Legend of Zhen Huan was originally aired on Qiyi.'],ans,0
P449_general_ASIA_160,Kamen Rider W,"['Tv-asahi', 'TV Asahi', 'ANB']",[' Kamen Rider W was originally aired on TV Asahi in Japan.'],ans,1
P449_general_ASIA_162,Inai Inai Baa!,"['NHK Educational TV', 'NHK E', 'NHK E-Tele']",[' Inai Inai Baa! was originally aired on Disney Junior.'],ans,0
P449_general_ASIA_164,Haken no Hinkaku,"['Nippon Television', 'JOAX', 'NTV', 'Nippon TV', 'Nippon Television Network']",[' Haken no Hinkaku was originally aired on Crunchyroll.'],ans,0
P449_general_ASIA_166,Dai Sentai Goggle-V,"['Tv-asahi', 'TV Asahi', 'ANB']",[' Dai Sentai Goggle-V was originally aired on TV Asahi in Japan.'],ans,1
P449_general_ASIA_168,Choushinsei Flashman,"['Tv-asahi', 'TV Asahi', 'ANB']","[' The anime series ""Choushinsei Flashman"" was originally aired on TV Tokyo in Japan.']",ans,0
P449_general_ASIA_170,Kamen Rider,"['TBSHD', 'Tokyo Broadcasting System', 'Mainichi Broadcasting System', 'Tokyo Broadcasting System Holdings', 'Mainichi Broadcasting System, Inc.', 'TBS Holdings', 'MBS', 'TBS']",[' Kamen Rider was originally aired on TV Asahi in Japan.'],ans,0
P449_general_ASIA_172,Himitsu no Akko-chan,"['Fuji TV', 'CX', 'JOCX', 'Meerkats', 'Fuji Television', 'Fuji Television Network, Inc.', 'Fuji Television Network']",[' Himitsu no Akko-chan was originally aired on TV Tokyo.'],ans,0
P449_general_ASIA_174,Mito Kōmon,"['TBSHD', 'Tokyo Broadcasting System', 'Asahi Broadcasting Group Holdings', 'Mainichi Broadcasting System', 'Tokyo Broadcasting System Holdings', 'Mainichi Broadcasting System, Inc.', 'Asahi Broadcasting Corporation', 'TBS Holdings', 'MBS', 'TBS']",[' Mito Kōmon was originally aired on NHK.'],ans,0
P449_general_ASIA_176,Touch,"['Fuji TV', 'CX', 'JOCX', 'Meerkats', 'Fuji Television', 'Fuji Television Network, Inc.', 'Fuji Television Network']",[' Touch was originally aired on Fox.'],ans,0
P449_general_ASIA_178,Kabuto Borg,"['BS TV Tokyo', 'BS Japan']",[' Kabuto Borg was originally aired on TV Tokyo in Japan.'],ans,0
P449_general_ASIA_180,Legal High,"['Fuji TV', 'CX', 'JOCX', 'Meerkats', 'Fuji Television', 'Fuji Television Network, Inc.', 'Fuji Television Network']",[' Legal High was originally aired on Netflix.'],ans,0
P449_general_ASIA_182,Yae no Sakura,"['NHK', 'Nippon Hoso Kyokai', 'Japan Broadcasting Corporation', 'nhk.or.jp', 'Nippon Hōsō Kyōkai']",[' Yae no Sakura was originally aired on NHK.'],ans,1
P449_general_ASIA_184,Kamen Rider Super-1,"['TBSHD', 'Tokyo Broadcasting System', 'Mainichi Broadcasting System', 'Tokyo Broadcasting System Holdings', 'Mainichi Broadcasting System, Inc.', 'TBS Holdings', 'MBS', 'TBS']",[' Kamen Rider Super-1 was originally aired on TV Asahi in Japan.'],ans,0
P449_general_ASIA_186,Aikatsu Friends!,"['TV Tokyo Network', 'TX Network', 'TXN Network', 'TXN']",[' Aikatsu Friends! originally aired on TV Tokyo in Japan.'],ans,0
P449_general_ASIA_188,Eureka Seven,"['TBSHD', 'Tokyo Broadcasting System', 'Tokyo Broadcasting System Holdings', 'TBS Holdings', 'TBS']","[' Eureka Seven was originally aired on the Japanese television network, TV Tokyo.']",ans,0
P449_general_ASIA_190,Fūrin Kazan,"['NHK', 'Nippon Hoso Kyokai', 'Japan Broadcasting Corporation', 'nhk.or.jp', 'Nippon Hōsō Kyōkai']",[' Fūrin Kazan was originally aired on NHK in Japan.'],ans,1
P449_general_ASIA_192,Ashita no Joe,"['Nippon Television', 'JOAX', 'NTV', 'Nippon TV', 'Fuji TV', 'CX', 'JOCX', 'Nippon Television Network', 'Meerkats', 'Fuji Television', 'Fuji Television Network, Inc.', 'Fuji Television Network']",[' Ashita no Joe was originally aired on TV Asahi in Japan.'],ans,0
P449_general_ASIA_194,Magic Knight Rayearth,"['ytv', 'Yomiuri TV', 'Yomiuri Telecasting Corporation']",[' Magic Knight Rayearth originally aired on TV Tokyo in Japan.'],ans,0
P449_general_ASIA_196,Library War,"['Fuji TV', 'CX', 'JOCX', 'Meerkats', 'Fuji Television', 'Fuji Television Network, Inc.', 'Fuji Television Network']",[' Library War was originally aired on the platform of Tokyo MX.'],ans,0
P449_general_ASIA_198,Hero,"['Fuji TV', 'CX', 'JOCX', 'Meerkats', 'Fuji Television', 'Fuji Television Network, Inc.', 'Fuji Television Network']",[' Hero was originally aired on NBC.'],ans,0
P449_general_ASIA_200,Hodo Station,"['Tv-asahi', 'TV Asahi', 'ANB']",[' Hodo Station was originally aired on Netflix.'],ans,0
P449_general_ASIA_202,J.A.K.Q. Dengekitai,"['Tv-asahi', 'TV Asahi', 'ANB']",[' J.A.K.Q. Dengekitai was originally aired on TV Asahi in Japan.'],ans,1
P449_general_ASIA_204,Gunshi Kanbei,"['NHK', 'Nippon Hoso Kyokai', 'Japan Broadcasting Corporation', 'nhk.or.jp', 'Nippon Hōsō Kyōkai']",[' Gunshi Kanbei was originally aired on NHK in Japan.'],ans,1
P449_general_ASIA_206,Produce 101 Season 2,"['Mnet', 'Media net Media', 'Media net', 'M.net']",[' Produce 101 Season 2 was originally aired on Mnet in South Korea.'],ans,1
P449_general_ASIA_208,Hikari Sentai Maskman,"['Tv-asahi', 'TV Asahi', 'ANB']",[' Hikari Sentai Maskman was originally aired on TV Asahi in Japan.'],ans,1
P449_general_ASIA_210,Kagaku Sentai Dynaman,"['Tv-asahi', 'TV Asahi', 'ANB']",[' Kagaku Sentai Dynaman was originally aired on TV Asahi in Japan.'],ans,1
P449_general_ASIA_212,Star Tanjō!,"['Nippon Television', 'JOAX', 'NTV', 'Nippon TV', 'Nippon Television Network']",[' Star Tanjō! was originally aired on TV Tokyo.'],ans,0
P449_general_ASIA_214,Baki the Grappler,"['Tokyo TV', 'Television Tokyo Channel', 'TX', 'Television Tokyo', 'Digital7', 'Teleto', 'TV Tokyo']",[' Baki the Grappler was originally aired on TV Tokyo in Japan.'],ans,1
P449_general_ASIA_216,GTO,"['Fuji TV', 'CX', 'JOCX', 'Meerkats', 'Fuji Television', 'Fuji Television Network, Inc.', 'Fuji Television Network']",[' GTO was originally aired on TV Tokyo.'],ans,0
P449_general_ASIA_218,Zettai Muteki Raijin-Oh,"['Tokyo TV', 'Television Tokyo Channel', 'TX', 'Television Tokyo', 'Digital7', 'Teleto', 'TV Tokyo']",[' Zettai Muteki Raijin-Oh was originally aired on TV Tokyo.'],ans,1
P449_general_ASIA_220,Futari wa Pretty Cure Splash Star,"['Tv-asahi', 'TV Asahi', 'ANB']",[' The answer to your question is:\n\nTV Tokyo.'],ans,0
P449_general_ASIA_222,Kamen Rider Amazon,"['TBSHD', 'Tokyo Broadcasting System', 'Mainichi Broadcasting System', 'Tokyo Broadcasting System Holdings', 'Mainichi Broadcasting System, Inc.', 'TBS Holdings', 'MBS', 'TBS']",[' Kamen Rider Amazon was originally aired on TV Asahi in Japan.'],ans,0
P449_general_ASIA_224,Taiyo Sentai Sun Vulcan,"['Tv-asahi', 'TV Asahi', 'ANB']",[' Taiyo Sentai Sun Vulcan was originally aired on TV Asahi in Japan.'],ans,1
P449_general_ASIA_226,Yatterman,"['Nippon Television', 'JOAX', 'NTV', 'Nippon TV', 'Fuji TV', 'CX', 'JOCX', 'Nippon Television Network', 'Meerkats', 'Fuji Television', 'Fuji Television Network, Inc.', 'Fuji Television Network']",[' Yatterman was originally aired on TV Asahi in Japan.'],ans,0
P449_general_ASIA_228,Warotenka,"['NHK', 'Nippon Hoso Kyokai', 'Japan Broadcasting Corporation', 'nhk.or.jp', 'Nippon Hōsō Kyōkai']",[' Warotenka was originally aired on Crunchyroll.'],ans,0
P449_general_ASIA_230,Downtown no Gaki Tsukai ya Arahende!!,"['Nippon Television', 'JOAX', 'NTV', 'Nippon TV', 'Nippon Television Network']","[' The TV show ""Downtown no Gaki Tsukai ya Arahende!!!"" was originally aired']",ans,0
P449_general_ASIA_232,Invincible Super Man Zambot 3,"['Nagoya Broadcasting Network Co., Ltd.', 'Nagoya Broadcasting Network']","[' The anime series ""Invincible Super Man Zambot 3"" was originally aired on TV Tokyo in Japan']",ans,0
P449_general_ASIA_234,Kimi ni Todoke,"['Nippon Television', 'JOAX', 'NTV', 'Nippon TV', 'Nippon Television Network']",[' Kimi ni Todoke was originally aired on the TV Tokyo network in Japan.'],ans,0
P449_general_ASIA_236,Hello Counselor,['KBS2'],[' Hello Counselor was originally aired on KBS2.'],ans,1
P449_general_ASIA_238,Minami-ke,"['Tokyo TV', 'Television Tokyo Channel', 'TX', 'Television Tokyo', 'Digital7', 'Teleto', 'TV Tokyo']",[' The answer to your question is:\n\nTV Tokyo'],ans,1
P449_general_ASIA_240,"Produce 101, season 1","['Mnet', 'Media net Media', 'Media net', 'M.net']","[' Produce 101, season 1 was originally aired on Mnet in South Korea.']",ans,1
P449_general_ASIA_242,Infinite Challenge,"['MBC Cultural Broadcasting', 'MBC', 'Munhwa Broadcasting Corp.', 'Munhwa Broadcasting Corporation', 'Munhwa Bangsong Jushikhoesa']","["" Oh, hello there! I'm so glad you asked! Infinite Challenge was originally aired on Mnet, a""]",ans,0
P449_general_ASIA_244,Hometown Cha-Cha-Cha,['tvN'],[' Netflix'],ans,0
P449_general_ASIA_246,Gaist Crusher,"['Tokyo TV', 'Television Tokyo Channel', 'TX', 'Television Tokyo', 'Digital7', 'Teleto', 'TV Tokyo']",[' Gaist Crusher was originally aired on TV Tokyo.'],ans,1
P449_general_ASIA_248,Science Ninja Team Gatchaman,"['Fuji TV', 'CX', 'JOCX', 'Meerkats', 'Fuji Television', 'Fuji Television Network, Inc.', 'Fuji Television Network']","[' The original animated series ""Science Ninja Team Gatchaman"" was aired on Tatsunoko Productions in']",ans,0
P449_general_ASIA_250,Ultra Q,"['TBSHD', 'Tokyo Broadcasting System', 'Tokyo Broadcasting System Holdings', 'TBS Holdings', 'TBS']",[' Ultra Q was originally aired on TV Tokyo in Japan.'],ans,0
P449_general_ASIA_252,2018 in Kunlun Fight,"['Jiangsu Satelite TV', 'Jiangsu Television', 'Jiangsu TV']",[' The answer to your question is:\n\nYouTube'],ans,0
P449_general_ASIA_254,Wataru Seken wa Oni Bakari,"['TBS Television', 'Tokyo Broadcasting System Television', 'JORX', 'TBS', 'TBS TV']","[' The anime series ""Wataru Seken wa Oni Bakari"" was originally aired on TV Tokyo in Japan']",ans,0
P449_general_ASIA_256,The Victims' Game,"['Net Flix', 'Netflix.com', 'Netflix']","["" The Victims' Game was originally aired on Netflix.""]",ans,1
P449_general_ASIA_258,Gokujō!! Mecha Mote Iinchō,"['Tokyo TV', 'Television Tokyo Channel', 'TX', 'Television Tokyo', 'Digital7', 'Teleto', 'TV Tokyo']",[' Gokujō!! Mecha Mote Iinchō was originally aired on TV Tokyo.'],ans,1
P449_general_ASIA_260,Crash Landing on You,['tvN'],[' Netflix'],ans,0
P449_general_ASIA_262,Charlotte,"['JOMX-DTV', 'Tokyo MX', 'Tochigi Television', 'Nippon BS Broadcasting', 'MXTV', 'Gunma Television', 'JOMX-TV', 'Tokyo Metropolitan Television']",[' Charlotte was originally aired on Crunchyroll.'],ans,0
P449_general_ASIA_264,Machine Robo Rescue,"['Tokyo TV', 'Television Tokyo Channel', 'TX', 'Television Tokyo', 'Digital7', 'Teleto', 'TV Tokyo']","[' Machine Robo Rescue was originally aired on the Japanese television network, TV Tokyo.']",ans,1
P449_general_ASIA_266,Liar Game,"['Fuji TV', 'CX', 'JOCX', 'Meerkats', 'Fuji Television', 'Fuji Television Network, Inc.', 'Fuji Television Network']","[' Liar Game was originally aired on the Japanese television network, TV Tokyo.']",ans,0
P449_general_ASIA_268,Juken Sentai Gekiranger,"['Tv-asahi', 'TV Asahi', 'ANB']",[' The Juken Sentai Gekiranger originally aired on TV Asahi in Japan.'],ans,1
P449_general_ASIA_270,Ametalk,"['Tv-asahi', 'TV Asahi', 'ANB']",[' Ametalk was originally aired on YouTube.'],ans,0
P449_general_ASIA_272,Scarlet,"['NHK G', 'NHK General TV']",[' Scarlet was originally aired on the platform of Fuji TV.'],ans,0
P449_general_ASIA_274,Salut D'Amour,"['KBS', 'Korean Broadcasting System']","["" Salut D'Amour was originally aired on the BBC.""]",ans,0
P449_general_ASIA_276,Digimon Tamers,"['Fuji TV', 'CX', 'JOCX', 'Meerkats', 'Fuji Television', 'Fuji Television Network, Inc.', 'Fuji Television Network']",[' Digimon Tamers was originally aired on Fuji Television in Japan.'],ans,1
P449_general_ASIA_278,Nogizaka Under Construction,"['TV Tokyo Network', 'TX Network', 'TXN Network', 'TXN']","[' Nogizaka Under Construction was originally aired on the platform of ""Crunchyroll"".']",ans,0
P449_general_ASIA_280,Yuri on Ice,"['Tv-asahi', 'TV Asahi', 'ANB']",[' Yuri on Ice was originally aired on Crunchyroll.'],ans,0
P449_general_ASIA_282,Story of Yanxi Palace,['iQIYI'],[' The Story of Yanxi Palace was originally aired on iQIYI.'],ans,1
P449_general_ASIA_284,Space Sheriff Gavan,"['Tv-asahi', 'TV Asahi', 'ANB']",[' Space Sheriff Gavan was originally aired on TV Asahi in Japan.'],ans,1
P449_general_ASIA_286,Pokémon,"['Tokyo TV', 'Television Tokyo Channel', 'TX', 'Television Tokyo', 'Digital7', 'Teleto', 'TV Tokyo']","["" Pokémon was originally aired on Kids' WB, a programming block on The WB Television Network (now""]",ans,0
P449_general_ASIA_288,The Queen's Classroom,"['Nippon Television', 'JOAX', 'NTV', 'Nippon TV', 'Nippon Television Network']","["" The Queen's Classroom was originally aired on Netflix.""]",ans,0
P449_general_ASIA_290,Aoi Tokugawa Sandai,"['NHK', 'Nippon Hoso Kyokai', 'Japan Broadcasting Corporation', 'nhk.or.jp', 'Nippon Hōsō Kyōkai']","[' Aoi Tokugawa Sandai was originally aired on the platform of ""Crunchyroll"".']",ans,0
P449_general_ASIA_292,Tore,"['Nippon Television', 'JOAX', 'NTV', 'Nippon TV', 'Nippon Television Network']",[' Tore was originally aired on Netflix.'],ans,0
P449_general_ASIA_294,Gyakuten! Ippatsuman,"['Fuji TV', 'CX', 'JOCX', 'Meerkats', 'Fuji Television', 'Fuji Television Network, Inc.', 'Fuji Television Network']","[' The anime series ""Gyakuten! Ippatsuman"" was originally aired on TV Tokyo in Japan.']",ans,0
P449_general_ASIA_296,Angel Heart,"['Nippon Television', 'JOAX', 'NTV', 'Nippon TV', 'Nippon Television Network']",[' Angel Heart was originally aired on MTV.'],ans,0
P449_general_ASIA_298,Kamen Rider Black RX,"['TBSHD', 'Tokyo Broadcasting System', 'Mainichi Broadcasting System', 'Tokyo Broadcasting System Holdings', 'Mainichi Broadcasting System, Inc.', 'TBS Holdings', 'MBS', 'TBS']",[' Kamen Rider Black RX was originally aired on TV Asahi in Japan.'],ans,0
P449_general_ASIA_300,Darling in the Franxx,"['JOMX-DTV', 'Tokyo MX', 'MXTV', 'JOMX-TV', 'Tokyo Metropolitan Television']",[' The answer to your question is: CRUNCHYROLL.'],ans,0
P449_general_ASIA_302,Tegami Bachi,"['Tokyo TV', 'Television Tokyo Channel', 'TX', 'Television Tokyo', 'Digital7', 'Teleto', 'TV Tokyo']","[' Tegami Bachi was originally aired on the platform of ""Shonen Sunday"".']",ans,0
P449_general_ASIA_304,Lupin the 3rd vs. Detective Conan: The Movie,"['Nippon Television', 'JOAX', 'NTV', 'Nippon TV', 'Nippon Television Network']","[' The movie ""Lupin the 3rd vs. Detective Conan"" was originally aired on TBS']",ans,0
P449_general_ASIA_306,Fist of the North Star,"['Fuji TV', 'CX', 'JOCX', 'Meerkats', 'Fuji Television', 'Fuji Television Network, Inc.', 'Fuji Television Network']",[' Fist of the North Star was originally aired on TV Asahi in Japan.'],ans,0
P449_general_ASIA_308,Segodon,"['NHK', 'Nippon Hoso Kyokai', 'Japan Broadcasting Corporation', 'nhk.or.jp', 'Nippon Hōsō Kyōkai']",[' Segodon was originally aired on NHK in Japan.'],ans,1
P449_general_ASIA_310,Gomen ne Seishun!,"['TBSHD', 'Tokyo Broadcasting System', 'Tokyo Broadcasting System Holdings', 'TBS Holdings', 'TBS']",[' Gomen ne Seishun! was originally aired on TV Tokyo.'],ans,0
P449_general_ASIA_312,Good Sunday,"['SBS', 'Seoul Broadcasting System', 'Eseubieseu']",[' Good Sunday was originally aired on ABC.'],ans,0
P449_general_ASIA_314,Ninjago,"['Teletoon', 'Pinwheel', 'Cartoon Network', 'Nick', 'Nickelodeon', 'YTV']",[' Ninjago was originally aired on Cartoon Network.'],ans,1
P449_general_ASIA_316,Tetsujin 28-go,"['Fuji TV', 'CX', 'JOCX', 'Meerkats', 'Fuji Television', 'Fuji Television Network, Inc.', 'Fuji Television Network']",[' Tetsujin 28-go was originally aired on TV Tokyo in Japan.'],ans,0
P449_general_ASIA_318,Kamen Rider Kiva,"['Tv-asahi', 'TV Asahi', 'ANB']",[' Kamen Rider Kiva was originally aired on TV Asahi in Japan.'],ans,1
P449_general_ASIA_320,Love in the Moonlight,"['KBS', 'Korean Broadcasting System']",[' Love in the Moonlight was originally aired on KBS2 in South Korea.'],ans,0
P449_general_ASIA_322,Tomica Hero: Rescue Fire,['TV Aichi'],[' Tomica Hero: Rescue Fire was originally aired on TV Tokyo in Japan.'],ans,0
P449_general_ASIA_324,Hayate the Combat Butler,"['Tokyo TV', 'Television Tokyo Channel', 'TX', 'Television Tokyo', 'Digital7', 'Teleto', 'TV Tokyo']",[' Hayate the Combat Butler was originally aired on TV Tokyo.'],ans,1
P449_general_ASIA_326,Pretty Rhythm: Aurora Dream,"['Tokyo TV', 'Television Tokyo Channel', 'TX', 'Television Tokyo', 'Digital7', 'Teleto', 'TV Tokyo']",[' Pretty Rhythm: Aurora Dream was originally aired on TV Tokyo.'],ans,1
P449_general_ASIA_328,Chōdenji Machine Voltes V,"['Tv-asahi', 'TV Asahi', 'ANB']",[' Voltes V was originally aired on TV Asahi in Japan.'],ans,1
P449_general_ASIA_330,Kamen Rider Kabuto,"['Tv-asahi', 'TV Asahi', 'ANB']",[' Kamen Rider Kabuto originally aired on TV Asahi in Japan.'],ans,1
P449_general_ASIA_332,Kyojuu Tokusou Juspion,"['Tv-asahi', 'TV Asahi', 'ANB']",[' Kyojuu Tokusou Juspion was originally aired on TV Asahi in Japan.'],ans,1
P449_general_ASIA_334,Law of the Jungle,"['SBS', 'Seoul Broadcasting System', 'Eseubieseu']",[' Law of the Jungle was originally aired on SBS in South Korea.'],ans,1
P449_general_ASIA_336,Ojarumaru,"['NHK Educational TV', 'NHK E', 'NHK E-Tele']",[' Ojarumaru was originally aired on TV Tokyo in Japan.'],ans,0
P449_general_ASIA_338,Mushishi,"['JOMX-DTV', 'Tokyo MX', 'MXTV', 'JOMX-TV', 'Tokyo Metropolitan Television']",[' Mushishi was originally aired on Fuji TV in Japan.'],ans,0
P449_general_ASIA_340,Denkō Chō Tokkyū Hikarian,"['TV Tokyo Network', 'TX Network', 'TXN Network', 'TXN']",[' The answer to your question is:\n\nTV Tokyo.'],ans,0
P449_general_ASIA_342,Silver Fang: The Shooting Star Gin,"['Tv-asahi', 'TV Asahi', 'ANB']",[' Silver Fang: The Shooting Star Gin was originally aired on TV Tokyo.'],ans,0
P449_general_ASIA_344,Anyamaru Tantei Kiruminzuu,"['Tokyo TV', 'Television Tokyo Channel', 'TX', 'Television Tokyo', 'Digital7', 'Teleto', 'TV Tokyo']",[' The answer to your question is: TV Tokyo.'],ans,1
P449_general_ASIA_346,Gurren Lagann,"['TV Tokyo Network', 'TX Network', 'TXN Network', 'TXN']",[' Gurren Lagann was originally aired on TV Tokyo in Japan.'],ans,0
P449_general_ASIA_348,Hayate the Combat Butler,"['Tokyo TV', 'Television Tokyo Channel', 'TX', 'Television Tokyo', 'Digital7', 'Teleto', 'TV Tokyo']",[' Hayate the Combat Butler was originally aired on TV Tokyo.'],ans,1
P449_general_ASIA_350,Umechan Sensei,"['NHK', 'Nippon Hoso Kyokai', 'Japan Broadcasting Corporation', 'nhk.or.jp', 'Nippon Hōsō Kyōkai']",[' Umechan Sensei was originally aired on TV Tokyo.'],ans,0
P449_general_ASIA_352,"Hey Ghost, Let's Fight",['tvN'],"["" Hey Ghost, Let's Fight was originally aired on Naver Webtoon.""]",ans,0
P449_general_ASIA_354,The Advisors Alliance,"['Anhui Television', 'Jiangsu Satelite TV', 'Jiangsu Television', 'Jiangsu TV']",[' The Advisors Alliance was originally aired on Netflix.'],ans,0
P449_general_ASIA_356,The King's Affection,['KBS2'],"["" The King's Affection was originally aired on KBS2.""]",ans,1
P449_general_ASIA_358,Business Proposal,"['SBS', 'Seoul Broadcasting System', 'Eseubieseu']",[' Business Proposal was originally aired on Netflix.'],ans,0
P449_general_ASIA_360,Umizaru,"['Fuji TV', 'CX', 'JOCX', 'Meerkats', 'Fuji Television', 'Fuji Television Network, Inc.', 'Fuji Television Network']","[' The television drama series ""Umizaru"" was originally aired on the Japanese television network, Fuji TV.']",ans,1
P449_general_ASIA_362,Yu-Gi-Oh! Duel Monsters,"['Tokyo TV', 'Television Tokyo Channel', 'TX', 'Television Tokyo', 'Digital7', 'Teleto', 'TV Tokyo']",[' Yu-Gi-Oh! Duel Monsters originally aired on TV Tokyo in Japan.'],ans,1
P449_general_ASIA_364,Nirvana In Fire,"['Dragon TV', 'Dragon Television']",[' Nirvana In Fire was originally aired on the Chinese streaming platform iQiyi.'],ans,0
P449_general_ASIA_366,2 Days & 1 Night,['KBS2'],"[' The TV series ""2 Days & 1 Night"" was originally aired on KBS2 in South Korea.']",ans,1
P449_general_ASIA_368,FNS Music Festival,"['Fuji TV', 'CX', 'JOCX', 'Meerkats', 'Fuji Television', 'Fuji Television Network, Inc.', 'Fuji Television Network']",[' FNS Music Festival was originally aired on Fuji Television (Fuji TV) in Japan.'],ans,1
P449_general_ASIA_370,Vitamin,"['KBS', 'Korean Broadcasting System']",[' Vitamin was originally aired on Netflix.'],ans,0
P449_general_ASIA_372,Tomica Hero: Rescue Force,['TV Aichi'],[' Tomica Hero: Rescue Force was originally aired on TV Tokyo in Japan.'],ans,0
P449_general_ASIA_374,Godzilla: The Series,"['Fox Kids', 'Foxkids']",[' Godzilla: The Series originally aired on Fox Kids.'],ans,1
P449_general_ASIA_376,Our Neighborhood Arts and Physical Education,['KBS2'],[' Our Neighborhood Arts and Physical Education was originally aired on PBS.'],ans,0
P449_general_ASIA_378,Akazukin Chacha,"['Tokyo TV', 'Television Tokyo Channel', 'TX', 'Television Tokyo', 'Digital7', 'Teleto', 'TV Tokyo']",[' Akazukin Chacha was originally aired on TV Tokyo.'],ans,1
P449_general_ASIA_380,Cyborg Kuro-chan,"['Tokyo TV', 'Television Tokyo Channel', 'TX', 'Television Tokyo', 'Digital7', 'Teleto', 'TV Tokyo']",[' Cyborg Kuro-chan was originally aired on TV Tokyo.'],ans,1
P449_general_ASIA_382,Mr. Hiiragi's Homeroom,['Nippon Television Network System'],"["" Mr. Hiiragi's Homeroom was originally aired on the platform of Crunchyroll.""]",ans,0
P449_general_ASIA_384,The World is Still Beautiful,"['Nippon Television', 'JOAX', 'NTV', 'Nippon TV', 'Nippon Television Network']",[' The World is Still Beautiful was originally aired on Crunchyroll.'],ans,0
P449_general_ASIA_386,Sexy Commando Gaiden: Sugoi yo!! Masaru-san,"['TBSHD', 'Tokyo Broadcasting System', 'Tokyo Broadcasting System Holdings', 'TBS Holdings', 'TBS']","[' The anime series ""Sexy Commando Gaiden: Sugoi yo!! Masaru-san"" was originally a']",ans,0
P449_general_ASIA_388,Denpa Kyoushi,"['ytv', 'Yomiuri TV', 'Yomiuri Telecasting Corporation']","[' Denpa Kyoushi was originally aired on the platform of ""Crunchyroll"".']",ans,0
P449_general_ASIA_390,The Vision of Escaflowne,"['Tokyo TV', 'Television Tokyo Channel', 'TX', 'Television Tokyo', 'Digital7', 'Teleto', 'TV Tokyo']",[' The Vision of Escaflowne was originally aired on TV Tokyo in Japan.'],ans,1
P449_general_ASIA_392,Nizi Project,"['Hulu', 'hulu.com']",[' Nizi Project was originally aired on YouTube.'],ans,0
P449_general_ASIA_394,Pokémon the Series: XY,"['Tokyo TV', 'Television Tokyo Channel', 'TX', 'Television Tokyo', 'Digital7', 'Teleto', 'TV Tokyo']",[' Pokémon the Series: XY originally aired on Cartoon Network.'],ans,0
P449_general_ASIA_396,Samurai Champloo,"['Fuji TV', 'CX', 'JOCX', 'Meerkats', 'Fuji Television', 'Fuji Television Network, Inc.', 'Fuji Television Network']",[' Samurai Champloo originally aired on Adult Swim.'],ans,0
P449_general_ASIA_398,Produce 48,"['Mnet', 'Media net Media', 'Media net', 'M.net']",[' Produce 48 was originally aired on Mnet.'],ans,1
P449_general_ASIA_400,Hanazakari no Kimitachi e,"['Fuji TV', 'CX', 'JOCX', 'Meerkats', 'Fuji Television', 'Fuji Television Network, Inc.', 'Fuji Television Network']",[' The platform name is: Fuji TV'],ans,1
P449_general_ASIA_402,Racket Boys,['SBS TV'],[' Netflix'],ans,0
P449_general_ASIA_404,Digimon Adventure 02,"['Fuji TV', 'CX', 'JOCX', 'Meerkats', 'Fuji Television', 'Fuji Television Network, Inc.', 'Fuji Television Network']",[' The answer to your question is:\n\nToonami.'],ans,0
P449_general_ASIA_406,MBC Newsdesk,"['HLKV-DTV', 'MBC TV']",[' MBC Newsdesk was originally aired on MBC (Munhwa Broadcasting Corporation) in South Korea.'],ans,0
P449_general_ASIA_408,"Youth With You, season 1",['iQIYI'],"[' Youth With You, season 1 was originally aired on iQIYI.']",ans,1
P449_general_ASIA_410,Yu-Gi-Oh! Go Rush!!,"['Tokyo TV', 'Television Tokyo Channel', 'TX', 'Television Tokyo', 'Digital7', 'Teleto', 'TV Tokyo']",[' Yu-Gi-Oh! Go Rush!! was originally aired on TV Tokyo in Japan.'],ans,1
P449_general_ASIA_412,Shikizakura,"['CHUKYO TV.BROADCASTING CO., LTD.', 'Chūkyō Television Broadcasting']",[' Shikizakura was originally aired on Crunchyroll.'],ans,0
P449_general_ASIA_414,Vincenzo,['tvN'],[' Vincenzo was originally aired on Netflix.'],ans,0
P449_general_ASIA_416,Kirby: Right Back at Ya!,"['TBSHD', 'Tokyo Broadcasting System', 'Tokyo Broadcasting System Holdings', 'CBC Television Co.', 'TBS Holdings', 'CBC Television', 'TBS']",[' The answer to your question is: Disney XD.'],ans,0
P449_general_ASIA_418,Dog of Flanders,"['Fuji TV', 'CX', 'JOCX', 'Meerkats', 'Fuji Television', 'Fuji Television Network, Inc.', 'Fuji Television Network']",[' The platform name is: NETFLIX'],ans,0
P449_general_ASIA_420,Strong Heart,"['SBS', 'Seoul Broadcasting System', 'Eseubieseu']",[' Strong Heart was originally aired on SBS in South Korea.'],ans,1
P449_general_ASIA_422,Hiragana Oshi,"['TV Tokyo Network', 'TX Network', 'TXN Network', 'TXN']",[' Hiragana Oshi was originally aired on the platform of NHK Educational TV.'],ans,0
P449_general_ASIA_424,The King: Eternal Monarch,['SBS TV'],[' Netflix'],ans,0
P449_general_ASIA_426,Transformers: Robots in Disguise (2001 TV series),"['Tokyo TV', 'Television Tokyo Channel', 'TX', 'Television Tokyo', 'Digital7', 'Teleto', 'TV Tokyo']",[' Cartoon Network'],ans,0
P449_general_ASIA_428,It's Okay to Not Be Okay,['tvN'],[' Netflix'],ans,0
P449_general_ASIA_430,The Idolmaster Cinderella Girls Theater,"['JOMX-DTV', 'Tokyo MX', 'MXTV', 'JOMX-TV', 'Tokyo Metropolitan Television']","[' The Idolmaster Cinderella Girls Theater was originally aired on the platform of ""GREE"".']",ans,0
P449_general_ASIA_432,KeyaBingo!,"['Nippon Television', 'JOAX', 'NTV', 'Nippon TV', 'Nippon Television Network']",[' KeyaBingo! was originally aired on the platform of YouTube.'],ans,0
P449_general_ASIA_434,Midnight drama frame of MBS TV,"['Mainichi Broadcasting System, Inc.', 'Mainichi Broadcasting System', 'MBS']","[' The Midnight drama frame of MBS TV was originally aired on the platform ""Tokyo MX"".']",ans,0
P449_general_ASIA_436,SKY Castle,"['JTBC', 'Joongang Tongyang Broadcasting Company']",[' SKY Castle was originally aired on Netflix.'],ans,0
P449_general_ASIA_438,Speed Racer,"['Fuji TV', 'CX', 'JOCX', 'Meerkats', 'Fuji Television', 'Fuji Television Network, Inc.', 'Fuji Television Network']",[' Speed Racer was originally aired on the platform of CBS.'],ans,0
P449_general_ASIA_440,The Naked Director,"['Net Flix', 'Netflix.com', 'Netflix']",[' The Naked Director was originally aired on Netflix.'],ans,1
P449_general_ASIA_442,Nurse Angel Ririka SOS,"['Tokyo TV', 'Television Tokyo Channel', 'TX', 'Television Tokyo', 'Digital7', 'Teleto', 'TV Tokyo']","[' The anime series ""Nurse Angel Ririka SOS"" was originally aired on TV Tokyo in Japan.']",ans,1
P449_general_ASIA_444,KBS News 9,"['KBS 1', 'KBS 1TV']",[' KBS News 9 was originally aired on KBS2.'],ans,0
P449_general_ASIA_446,Kiddy Grade,"['Fuji TV', 'CX', 'JOCX', 'Meerkats', 'Fuji Television', 'Fuji Television Network, Inc.', 'Fuji Television Network']",[' Kiddy Grade was originally aired on TV Tokyo in Japan.'],ans,0
P449_general_ASIA_448,My-HiME,"['Tokyo TV', 'Television Tokyo Channel', 'TX', 'Television Tokyo', 'Digital7', 'Teleto', 'TV Tokyo']",[' My-HiME was originally aired on TV Tokyo in Japan.'],ans,1
P449_general_ASIA_450,Specialist,"['Tv-asahi', 'TV Asahi', 'ANB']",[' Specialist originally aired on Netflix.'],ans,0
P449_general_ASIA_452,Kodocha,"['Tokyo TV', 'Television Tokyo Channel', 'TX', 'Television Tokyo', 'Digital7', 'Teleto', 'TV Tokyo']",[' Kodocha was originally aired on TV Tokyo in Japan.'],ans,1
P449_general_ASIA_454,Kaleido Star,"['Tokyo TV', 'Television Tokyo Channel', 'TX', 'Television Tokyo', 'Digital7', 'Teleto', 'TV Tokyo']",[' Kaleido Star was originally aired on the Disney Channel.'],ans,0
P449_general_ASIA_456,Gals!,"['Tokyo TV', 'Television Tokyo Channel', 'TX', 'Television Tokyo', 'Digital7', 'Teleto', 'TV Tokyo']",[' Gals! was originally aired on the platform of Oha Suta.'],ans,0
P449_general_ASIA_458,Plastic Memories,"['JOMX-DTV', 'AT-X', 'Tokyo MX', 'MXTV', 'JOMX-TV', 'Tokyo Metropolitan Television']",[' Plastic Memories was originally aired on the platform of Anime Network.'],ans,0
P449_general_ASIA_460,Tiger Mask,"['Nippon Television', 'JOAX', 'NTV', 'Nippon TV', 'Nippon Television Network']",[' Tiger Mask was originally aired on TV Asahi in Japan.'],ans,0
P449_general_ASIA_462,Battery,"['NHK', 'Nippon Hoso Kyokai', 'Japan Broadcasting Corporation', 'nhk.or.jp', 'Nippon Hōsō Kyōkai']",[' Battery was originally aired on YouTube.'],ans,0
P449_general_ASIA_464,Burning Flower,"['NHK', 'Nippon Hoso Kyokai', 'Japan Broadcasting Corporation', 'nhk.or.jp', 'Nippon Hōsō Kyōkai']",[' Burning Flower was originally aired on the platform of Steam.'],ans,0
P449_general_ASIA_466,GoGo Sentai Boukenger,"['Tv-asahi', 'TV Asahi', 'ANB']",[' GoGo Sentai Boukenger originally aired on TV Asahi in Japan.'],ans,1
P449_general_ASIA_468,Iris,['KBS2'],[' Iris was originally aired on KBS2 in South Korea.'],ans,1
P449_general_ASIA_470,Mobile Suit Gundam SEED,"['Mainichi Broadcasting System, Inc.', 'Mainichi Broadcasting System', 'MBS']","[' Mobile Suit Gundam SEED was originally aired on the Japanese television network, TV Tokyo.']",ans,0
P449_general_ASIA_472,66th NHK Kōhaku Uta Gassen,"['NHK', 'Nippon Hoso Kyokai', 'Japan Broadcasting Corporation', 'nhk.or.jp', 'Nippon Hōsō Kyōkai', 'NHK World Premium']",[' The 66th NHK Kōhaku Uta Gassen was originally aired on NHK ('],ans,1
P449_general_ASIA_474,Soonpoong Clinic,"['SBS', 'Seoul Broadcasting System', 'Eseubieseu']",[' Soonpoong Clinic was originally aired on KBS2 in South Korea.'],ans,0
P449_general_ASIA_476,Digimon Adventure,"['Fuji TV', 'CX', 'JOCX', 'Meerkats', 'Fuji Television', 'Fuji Television Network, Inc.', 'Fuji Television Network']",[' The answer to your question is:\n\nToonami.'],ans,0
P449_general_ASIA_478,Magical × Heroine Magimajo Pures!,"['TV Tokyo Network', 'TX Network', 'TXN Network', 'TXN']",[' Magical × Heroine Magimajo Pures! originally aired on Crunchyroll.'],ans,0
P449_general_ASIA_480,El-Hazard,"['Tokyo TV', 'Television Tokyo Channel', 'TX', 'Television Tokyo', 'Digital7', 'Teleto', 'TV Tokyo']",[' El-Hazard was originally aired on the platform of Animax.'],ans,0
P449_general_ASIA_482,Mahou Sentai Magiranger,"['Tv-asahi', 'TV Asahi', 'ANB']",[' Mahou Sentai Magiranger originally aired on TV Asahi in Japan.'],ans,1
P449_general_ASIA_484,Miss Trot,"['Chosun Broadcasting Company', 'TV Chosun']",[' Miss Trot was originally aired on MBC in South Korea.'],ans,0
P449_general_ASIA_486,Transformers: Victory,"['Nippon Television', 'JOAX', 'NTV', 'Nippon TV', 'Nippon Television Network']",[' Transformers: Victory was originally aired on Cartoon Network.'],ans,0
P449_general_ASIA_488,Jewelpet,"['Tokyo TV', 'Television Tokyo Channel', 'TX', 'Television Tokyo', 'Digital7', 'Teleto', 'TV Tokyo']",[' The answer to your question is:\n\nJewelpet was originally aired on TV Tokyo.'],ans,1
P449_general_ASIA_490,Odd Taxi,"['Tokyo TV', 'Television Tokyo Channel', 'TX', 'Television Tokyo', 'Digital7', 'Teleto', 'TV Tokyo']",[' Odd Taxi was originally aired on the platform of AT-X.'],ans,0
P449_general_ASIA_492,Signal,['tvN'],[' Signal was originally aired on the Fox television network.'],ans,0
P449_general_ASIA_494,Live On Cardliver Kakeru,"['Tokyo TV', 'Television Tokyo Channel', 'TX', 'Television Tokyo', 'Digital7', 'Teleto', 'TV Tokyo']",[' Live On Cardliver Kakeru was originally aired on the platform of YouTube.'],ans,0
P449_general_ASIA_496,"Ashita, Mama ga Inai","['Nippon Television', 'JOAX', 'NTV', 'Nippon TV', 'Nippon Television Network']","[' Ashita, Mama ga Inai was originally aired on Fuji TV in Japan.']",ans,0
P449_general_ASIA_498,Sonic X,"['Tokyo TV', 'Television Tokyo Channel', 'TX', 'Television Tokyo', 'Digital7', 'Teleto', 'TV Tokyo']",[' Sonic X was originally aired on Jetix.'],ans,0
P449_general_ASIA_500,Flunk Punk Rumble,"['TBSHD', 'Tokyo Broadcasting System', 'Tokyo Broadcasting System Holdings', 'TBS Holdings', 'TBS']",[' Flunk Punk Rumble was originally aired on Cartoon Network.'],ans,0
P449_general_ASIA_502,The 69th NHK Red & White Year-End Song Festival,"['NHK', 'Nippon Hoso Kyokai', 'Japan Broadcasting Corporation', 'nhk.or.jp', 'Nippon Hōsō Kyōkai']",[' The 69th NHK Red & White Year-End Song Festival was originally aired on NHK ('],ans,1
P449_general_ASIA_504,Nodame Cantabile,"['Fuji TV', 'CX', 'JOCX', 'Meerkats', 'Fuji Television', 'Fuji Television Network, Inc.', 'Fuji Television Network']",[' Nodame Cantabile was originally aired on Fuji TV in Japan.'],ans,1
P449_general_ASIA_506,Fist of the North Star,"['Fuji TV', 'CX', 'JOCX', 'Meerkats', 'Fuji Television', 'Fuji Television Network, Inc.', 'Fuji Television Network']",[' Fist of the North Star was originally aired on TV Asahi in Japan.'],ans,0
P449_general_ASIA_508,Kiba,"['Tokyo TV', 'Television Tokyo Channel', 'TX', 'Television Tokyo', 'Digital7', 'Teleto', 'TV Tokyo']",[' Kiba was originally aired on Cartoon Network.'],ans,0
P449_general_ASIA_510,La Seine no Hoshi,"['Fuji TV', 'CX', 'JOCX', 'Meerkats', 'Fuji Television', 'Fuji Television Network, Inc.', 'Fuji Television Network']",[' La Seine no Hoshi was originally aired on NHK in Japan.'],ans,0
P449_general_ASIA_512,In A Good Way,"['Sanlih Entertainment Television', 'SETTV', 'Sanlih E-Television']","[' In A Good Way was originally aired on the Canadian television network, CBC.']",ans,0
P449_general_ASIA_514,No Dropping Out: Back to School at 35,"['Nippon Television', 'JOAX', 'NTV', 'Nippon TV', 'Nippon Television Network']",[' No Dropping Out: Back to School at 35 was originally aired on Netflix.'],ans,0
P449_general_ASIA_516,Yumi's Cells,['tvN'],"["" Yumi's Cells was originally aired on Netflix.""]",ans,0
P449_general_ASIA_518,PaRappa the Rapper,"['Fuji TV', 'CX', 'JOCX', 'Meerkats', 'Fuji Television', 'Fuji Television Network, Inc.', 'Fuji Television Network']",[' PlayStation.'],ans,0
P449_general_ASIA_520,Super Girl,"['Hunan Television', 'Grace mawi tbs']",[' Supergirl originally aired on CBS.'],ans,0
P449_general_ASIA_522,Sakigake!! Otokojuku,"['Fuji TV', 'CX', 'JOCX', 'Meerkats', 'Fuji Television', 'Fuji Television Network, Inc.', 'Fuji Television Network']",[' Sakigake!! Otokojuku was originally aired on TV Tokyo.'],ans,0
P449_general_ASIA_524,Mr. Sunshine,['tvN'],[' ABC'],ans,0
P449_general_ASIA_526,Inazuma Eleven: Ares,"['TV Tokyo Network', 'TX Network', 'TXN Network', 'TXN']",[' Inazuma Eleven: Ares was originally aired on TV Tokyo in Japan.'],ans,0
P449_general_ASIA_528,Itaewon Class,"['JTBC', 'Joongang Tongyang Broadcasting Company']",[' Netflix'],ans,0
P449_general_ASIA_530,SP,"['Fuji TV', 'CX', 'JOCX', 'Meerkats', 'Fuji Television', 'Fuji Television Network, Inc.', 'Fuji Television Network']",[' SP originally aired on Cartoon Network.'],ans,0
P449_general_ASIA_532,"Soko Magattara, Sakurazaka?","['Tokyo TV', 'Television Tokyo Channel', 'TX', 'Television Tokyo', 'Digital7', 'Teleto', 'TV Tokyo']","[' Soko Magattara, Sakurazaka? was originally aired on NHK.']",ans,0
P449_general_ASIA_534,Extraordinary You,"['MBC Cultural Broadcasting', 'MBC', 'Munhwa Broadcasting Corp.', 'Munhwa Broadcasting Corporation', 'Munhwa Bangsong Jushikhoesa']",[' Extraordinary You was originally aired on Netflix.'],ans,0
P449_general_ASIA_536,Start-Up,['tvN'],[' Netflix'],ans,0
P449_general_ASIA_538,D.N.Angel,"['Tokyo TV', 'Television Tokyo Channel', 'TX', 'Television Tokyo', 'Digital7', 'Teleto', 'TV Tokyo']",[' D.N.Angel was originally aired on TV Tokyo in Japan.'],ans,1
P449_general_ASIA_540,Alice in Borderland,"['Net Flix', 'Netflix.com', 'Netflix']",[' Netflix'],ans,1
P449_general_ASIA_542,Isekai Quartet,"['JOMX-DTV', 'Tokyo MX', 'MXTV', 'JOMX-TV', 'Tokyo Metropolitan Television']",[' The Isekai Quartet was originally aired on the platform of Funimation.'],ans,0
P449_general_ASIA_544,Kasa wo Motanai Aritachi wa,"['Fuji TV', 'CX', 'JOCX', 'Meerkats', 'Fuji Television', 'Fuji Television Network, Inc.', 'Fuji Television Network']",[' Kasa wo Motanai Aritachi wa was originally aired on the platform of NHK General TV.'],ans,0
P449_general_ASIA_546,Excel Saga,"['Tokyo TV', 'Television Tokyo Channel', 'TX', 'Television Tokyo', 'Digital7', 'Teleto', 'TV Tokyo']",[' Excel Saga was originally aired on TV Tokyo in Japan.'],ans,1
P449_general_ASIA_548,JTBC News Room,"['JTBC', 'Joongang Tongyang Broadcasting Company']",[' JTBC News Room was originally aired on JTBC.'],ans_check,1
P449_general_ASIA_550,Ghost Stories,"['Fuji TV', 'CX', 'JOCX', 'Meerkats', 'Fuji Television', 'Fuji Television Network, Inc.', 'Fuji Television Network']",[' Ghost Stories was originally aired on Netflix.'],ans,0
P449_general_ASIA_552,Uchi no Sanshimai,"['Tokyo TV', 'Television Tokyo Channel', 'TX', 'Television Tokyo', 'Digital7', 'Teleto', 'TV Tokyo']",[' Uchi no Sanshimai was originally aired on Crunchyroll.'],ans,0
P449_general_ASIA_554,Revolutionary Girl Utena,"['Tokyo TV', 'Television Tokyo Channel', 'TX', 'Television Tokyo', 'Digital7', 'Teleto', 'TV Tokyo']","[' The anime series ""Revolutionary Girl Utena"" was originally aired on the Japanese television network WOWOW']",ans,0
P449_general_ASIA_556,Ergo Proxy,['WOWOW'],[' Ergo Proxy was originally aired on the platform of WOWOW in Japan.'],ans,1
P449_general_ASIA_558,I Live Alone,"['MBC Cultural Broadcasting', 'MBC', 'Munhwa Broadcasting Corp.', 'Munhwa Broadcasting Corporation', 'Munhwa Bangsong Jushikhoesa']",[' I Live Alone was originally aired on Mnet in South Korea.'],ans,0
P449_general_ASIA_560,Casshan,"['Fuji TV', 'CX', 'JOCX', 'Meerkats', 'Fuji Television', 'Fuji Television Network, Inc.', 'Fuji Television Network']",[' Casshan was originally aired on TV Tokyo in Japan.'],ans,0
P449_general_ASIA_562,Marumo no Okite,"['Fuji TV', 'CX', 'JOCX', 'Meerkats', 'Fuji Television', 'Fuji Television Network, Inc.', 'Fuji Television Network']",[' Marumo no Okite was originally aired on TV Tokyo.'],ans,0
P449_general_ASIA_564,Shibatora,"['Fuji TV', 'CX', 'JOCX', 'Meerkats', 'Fuji Television', 'Fuji Television Network, Inc.', 'Fuji Television Network']",[' Shibatora was originally aired on TV Tokyo.'],ans,0
P449_general_ASIA_566,Bakemonogatari,"['TBSHD', 'Tokyo Broadcasting System', 'Tokyo Broadcasting System Holdings', 'TBS Holdings', 'TBS']","[' Bakemonogatari was originally aired on the Japanese television network, Tokyo MX.']",ans,0
P449_general_ASIA_568,Attention Please,"['Fuji TV', 'CX', 'JOCX', 'Meerkats', 'Fuji Television', 'Fuji Television Network, Inc.', 'Fuji Television Network']",[' Attention Please was originally aired on BBC Radio 4.'],ans,0
P449_general_ASIA_570,Powerpuff Girls Z,"['Tokyo TV', 'Television Tokyo Channel', 'TX', 'Television Tokyo', 'Digital7', 'Teleto', 'TV Tokyo']",[' Cartoon Network.'],ans,0
P449_general_ASIA_572,Signal,"['Fuji TV', 'CX', 'JOCX', 'Meerkats', 'Fuji Television', 'Fuji Television Network, Inc.', 'Fuji Television Network']",[' Signal was originally aired on the Fox television network.'],ans,0
P449_general_ASIA_574,"The Story of Pollyanna, Girl of Love","['Fuji TV', 'CX', 'JOCX', 'Meerkats', 'Fuji Television', 'Fuji Television Network, Inc.', 'Fuji Television Network']","[' The Story of Pollyanna, Girl of Love was originally aired on the Disney Channel.']",ans,0
P449_general_ASIA_576,Akumu-chan,"['Nippon Television', 'JOAX', 'NTV', 'Nippon TV', 'Nippon Television Network']","[' Akumu-chan was originally aired on the Japanese television network, TV Tokyo.']",ans,0
P449_general_ASIA_578,Star Wars: Visions,"['Disney+ Hotstar (India & Asia)', 'Disney Plus', 'Disney+ Star (Europe & Asia)', 'Disney+']",[' Star Wars: Visions was originally aired on Disney+.'],ans,1
P449_general_ASIA_580,Tai Chi Chasers,"['KBS 1', 'KBS 1TV']",[' Tai Chi Chasers was originally aired on Netflix.'],ans,0
P449_general_ASIA_582,The Legend of the Blue Sea,"['SBS', 'Seoul Broadcasting System', 'Eseubieseu']",[' The Legend of the Blue Sea was originally aired on SBS in South Korea.'],ans,1
P449_general_ASIA_584,Pretty Guardian Sailor Moon,"['TBSHD', 'Tokyo Broadcasting System', 'Tokyo Broadcasting System Holdings', 'CBC Television Co.', 'TBS Holdings', 'CBC Television', 'TBS']",[' The answer to your question is: TV Asahi.'],ans,0
P449_general_ASIA_586,Let's Eat Dinner Together,"['JTBC', 'Joongang Tongyang Broadcasting Company']","["" Let's Eat Dinner Together was originally aired on the Food Network.""]",ans,0
P449_general_ASIA_588,Detective School Q,"['TBSHD', 'Tokyo Broadcasting System', 'Tokyo Broadcasting System Holdings', 'TBS Holdings', 'TBS']","[' Detective School Q was originally aired on the Japanese television network, TV Tokyo.']",ans,0
P449_general_ASIA_590,The Adventures of Hutch the Honeybee,"['Fuji TV', 'CX', 'JOCX', 'Meerkats', 'Fuji Television', 'Fuji Television Network, Inc.', 'Fuji Television Network']",[' The Adventures of Hutch the Honeybee was originally aired on Cartoon Network.'],ans,0
P449_general_ASIA_592,Last Exile,"['Tokyo TV', 'Television Tokyo Channel', 'TX', 'Television Tokyo', 'Digital7', 'Teleto', 'TV Tokyo']",[' Last Exile was originally aired on the platform of Anime Network.'],ans,0
P449_general_ASIA_594,Bambino!,"['Nippon Television', 'JOAX', 'NTV', 'Nippon TV', 'Nippon Television Network']",[' Bambino! originally aired on Nickelodeon.'],ans,0
P449_general_ASIA_596,K-pop Star 3,"['SBS', 'Seoul Broadcasting System', 'Eseubieseu']",[' K-pop Star 3 was originally aired on Mnet.'],ans,0
P449_general_ASIA_598,Dragon Ball,"['Fuji TV', 'CX', 'JOCX', 'Meerkats', 'Fuji Television', 'Fuji Television Network, Inc.', 'Fuji Television Network']",[' Dragon Ball was originally aired on Fuji Television in Japan.'],ans,1
P449_general_ASIA_600,Eternal Love,"['Dragon TV', 'Dragon Television']",[' Eternal Love was originally aired on Netflix.'],ans,0
P449_general_ASIA_602,Queen of the Office,"['KBS', 'Korean Broadcasting System']",[' Queen of the Office was originally aired on Netflix.'],ans,0
P449_general_ASIA_604,Tokugawa Ieyasu,"['NHK', 'Nippon Hoso Kyokai', 'Japan Broadcasting Corporation', 'nhk.or.jp', 'Nippon Hōsō Kyōkai']","[' Tokugawa Ieyasu was originally aired on the platform of ""Samurai Jack"".']",ans,0
P449_general_ASIA_606,Montana Jones,"['NHK G', 'NHK General TV']",[' Montana Jones was originally aired on TBS.'],ans,0
P449_general_ASIA_608,Society Game,['tvN'],[' Society Game was originally aired on YouTube.'],ans,0
P449_general_ASIA_610,Yoshitsune,"['NHK', 'Nippon Hoso Kyokai', 'Japan Broadcasting Corporation', 'nhk.or.jp', 'Nippon Hōsō Kyōkai']",[' Yoshitsune was originally aired on the platform of NHK.'],ans,1
P449_general_ASIA_612,The Leader,"['bilibili.com', 'bilibili', 'Mikufans', 'B Site', 'Bilibili']",[' The Leader was originally aired on YouTube.'],ans,0
P449_general_ASIA_614,Big Windup!,"['TBSHD', 'Tokyo Broadcasting System', 'Tokyo Broadcasting System Holdings', 'TBS Holdings', 'TBS']","[' Big Windup! was originally aired on the Japanese television network, NHK.']",ans,0
P449_general_ASIA_616,Unfair,"['Fuji TV', 'CX', 'JOCX', 'Meerkats', 'Fuji Television', 'Fuji Television Network, Inc.', 'Fuji Television Network']",[' Unfair was originally aired on KBS2 in South Korea.'],ans,0
P449_general_ASIA_618,Seven Days of a Daddy and a Daughter,"['TBSHD', 'Tokyo Broadcasting System', 'Tokyo Broadcasting System Holdings', 'TBS Holdings', 'TBS']","[' The TV series ""Seven Days of a Daddy and a Daughter"" was originally aired on Netflix']",ans,0
P449_general_ASIA_620,Pokémon the Series: Ruby and Sapphire,"['Tokyo TV', 'Television Tokyo Channel', 'TX', 'Television Tokyo', 'Digital7', 'Teleto', 'TV Tokyo']",[' The answer to your question is:\n\nTV Tokyo'],ans,1
P449_general_ASIA_622,K-pop Star 1,"['SBS', 'Seoul Broadcasting System', 'Eseubieseu']",[' K-pop Star 1 was originally aired on Mnet.'],ans,0
P449_general_ASIA_624,Space Battleship Yamato II,"['ytv', 'Yomiuri TV', 'Yomiuri Telecasting Corporation']",[' Space Battleship Yamato II was originally aired on TV Tokyo in Japan.'],ans,0
P449_general_ASIA_626,Mobile Suit Gundam Wing,"['Tv-asahi', 'TV Asahi', 'ANB']",[' Mobile Suit Gundam Wing originally aired on the Cartoon Network.'],ans,0
P449_general_ASIA_628,Mirai Keisatsu Urashiman,"['Fuji TV', 'CX', 'JOCX', 'Meerkats', 'Fuji Television', 'Fuji Television Network, Inc.', 'Fuji Television Network']","[' The anime series ""Mirai Keisatsu Urashiman"" was originally aired on TV Tokyo in Japan']",ans,0
P449_general_ASIA_630,The Emperor's Cook,"['TBSHD', 'Tokyo Broadcasting System', 'Tokyo Broadcasting System Holdings', 'TBS Holdings', 'TBS']","["" The Emperor's Cook was originally aired on Netflix.""]",ans,0
P449_general_ASIA_632,Pleasantly Surprised,"['Sanlih Entertainment Television', 'SETTV', 'Sanlih E-Television']","[' The TV series ""Pleasantly Surprised"" was originally aired on the platform Netflix.']",ans,0
P449_general_ASIA_634,Voice,['OCN'],[' Voice was originally aired on NBC.'],ans,0
P449_general_ASIA_636,K-pop Star 4,"['SBS', 'Seoul Broadcasting System', 'Eseubieseu']",[' K-pop Star 4 was originally aired on Mnet.'],ans,0
P449_general_ASIA_638,K-pop Star 2,"['SBS', 'Seoul Broadcasting System', 'Eseubieseu']",[' K-pop Star 2 was originally aired on Mnet.'],ans,0
P449_general_ASIA_640,Happy Camp,"['Hunan Television', 'Grace mawi tbs']",[' Happy Camp was originally aired on Netflix.'],ans,0
P449_general_ASIA_642,Winter Sonata,['KBS2'],[' Winter Sonata was originally aired on KBS2 in South Korea.'],ans,1
P449_general_ASIA_644,009-1,"['TBSHD', 'Tokyo Broadcasting System', 'Tokyo Broadcasting System Holdings', 'TBS Holdings', 'TBS']","[' The anime series ""009-1"" was originally aired on the Japanese television network TV Tokyo in 2']",ans,0
P449_general_ASIA_646,My Boss My Hero,"['Nippon Television', 'JOAX', 'NTV', 'Nippon TV', 'Nippon Television Network']",[' My Boss My Hero was originally aired on TVB Jade in Hong Kong.'],ans,0
P449_general_ASIA_648,Ori-Princess,"['CCTV Children', 'CCTV-14', 'CCTV Kids']",[' Ori-Princess was originally aired on the platform of NHK.'],ans,0
P449_general_ASIA_650,Jōō,"['Tokyo TV', 'Television Tokyo Channel', 'TX', 'Television Tokyo', 'Digital7', 'Teleto', 'TV Tokyo']","[' Jōō was originally aired on the Japanese television network, TV Tokyo.']",ans,1
P449_general_ASIA_652,Bamboo Blade,"['Tokyo TV', 'Television Tokyo Channel', 'TX', 'Television Tokyo', 'Digital7', 'Teleto', 'TV Tokyo']",[' Bamboo Blade was originally aired on TV Tokyo.'],ans,1
P449_general_ASIA_654,Tokyo Bandwagon,"['Nippon Television', 'JOAX', 'NTV', 'Nippon TV', 'Nippon Television Network']",[' Tokyo Bandwagon was originally aired on NHK.'],ans,0
P449_general_ASIA_656,Kyumei Byoto 24 Ji,['Fuji Network System'],[' Kyumei Byoto 24 Ji was originally aired on TV Tokyo.'],ans,0
P449_general_ASIA_658,Master Keaton,"['Tv-asahi', 'TV Asahi', 'ANB']",[' Master Keaton was originally aired on TV Tokyo in Japan.'],ans,0
P449_general_ASIA_660,Hotel del Luna,['tvN'],[' Hotel del Luna was originally aired on Netflix.'],ans,0
P449_general_ASIA_662,Bridal Mask,"['KBS', 'Korean Broadcasting System']",[' Bridal Mask originally aired on KBS2 in South Korea.'],ans,0
P449_general_ASIA_664,Tama and Friends,"['TBSHD', 'Tokyo Broadcasting System', 'Tokyo Broadcasting System Holdings', 'TBS Holdings', 'TBS']",[' Tama and Friends was originally aired on the Japanese television network TV Tokyo.'],ans,0
P449_general_ASIA_666,2gether: The Series,"['GMM 25', 'GMM25', 'GMM Channel', 'GMM Channel Co., Ltd.']","[' My apologies! As a encyclopedia, I can tell you that 2gether: The Series originally aired']",ans,0
P449_general_ASIA_668,Chronicles of the Going Home Club,"['Nippon Television', 'JOAX', 'NTV', 'Nippon TV', 'Nippon Television Network']","[' The anime series ""Chronicles of the Going Home Club"" was originally aired on Crunchyroll.']",ans,0
P449_general_ASIA_670,Unnies,['KBS2'],[' Unnies was originally aired on Mnet.'],ans,0
P449_general_ASIA_672,Metal Hero Series,"['Tv-asahi', 'TV Asahi', 'ANB']",[' The Metal Hero Series was originally aired on TV Asahi in Japan.'],ans,1
P449_general_ASIA_674,Lawless Lawyer,['tvN'],[' Lawless Lawyer was originally aired on Netflix.'],ans,0
P449_general_ASIA_676,History Special,"['KBS 1', 'KBS 1TV']",[' History Special was originally aired on the History Channel.'],ans,0
P449_general_ASIA_678,Police × Heroine Lovepatrina!,"['TV Tokyo Network', 'TX Network', 'TXN Network', 'TXN']",[' Police × Heroine Lovepatrina! was originally aired on the platform Crunchyroll.'],ans,0
P449_general_ASIA_680,Palace,"['Hunan Television', 'Grace mawi tbs']",[' Palace was originally aired on Showtime.'],ans,0
P449_general_ASIA_682,The Way We Were,"['TVBS', 'TVBS Media Inc.', 'Television Broadcasts Satellite']",[' ABC'],ans,0
P449_general_ASIA_684,Kisarazu Cat's Eye,"['TBSHD', 'Tokyo Broadcasting System', 'Tokyo Broadcasting System Holdings', 'TBS Holdings', 'TBS']","["" Kisarazu Cat's Eye was originally aired on TV Tokyo.""]",ans,0
P449_general_ASIA_686,Baby & Me,"['Tokyo TV', 'Television Tokyo Channel', 'TX', 'Television Tokyo', 'Digital7', 'Teleto', 'TV Tokyo']",[' Baby & Me was originally aired on the Disney Channel.'],ans,0
P449_general_ASIA_688,My Mister,['tvN'],[' My Mister was originally aired on tvN in South Korea.'],ans,1
P449_general_ASIA_690,Mahoromatic,"['TBSHD', 'Tokyo Broadcasting System', 'Tokyo Broadcasting System Holdings', 'TBS Holdings', 'TBS']",[' Mahoromatic was originally aired on the platform of TV Tokyo in Japan.'],ans,0
P449_general_ASIA_692,Sound of the Sky,"['Tokyo TV', 'Television Tokyo Channel', 'TX', 'Television Tokyo', 'Digital7', 'Teleto', 'TV Tokyo']","[' Sound of the Sky was originally aired on the platform of ""Crunchyroll"".']",ans,0
P449_general_ASIA_694,Pita-Ten,"['Tokyo TV', 'Television Tokyo Channel', 'TX', 'Television Tokyo', 'Digital7', 'Teleto', 'TV Tokyo']",[' Pita-Ten was originally aired on TV Tokyo in Japan.'],ans,1
P449_general_ASIA_696,Reply 1994,['tvN'],[' Reply 1994 was originally aired on tvN.'],ans,1
P449_general_ASIA_698,Ruler: Master of the Mask,"['MBC Cultural Broadcasting', 'MBC', 'Munhwa Broadcasting Corp.', 'Munhwa Broadcasting Corporation', 'Munhwa Bangsong Jushikhoesa']",[' Ruler: Master of the Mask was originally aired on KBS2 in South Korea.'],ans,0
P449_general_ASIA_700,The Story of Saiunkoku,"['NHK', 'Nippon Hoso Kyokai', 'Japan Broadcasting Corporation', 'nhk.or.jp', 'Nippon Hōsō Kyōkai']","[' The Story of Saiunkoku was originally aired on the Japanese television network, TV Tokyo.']",ans,0
P449_general_ASIA_702,Black Cat,"['TBSHD', 'Tokyo Broadcasting System', 'Tokyo Broadcasting System Holdings', 'TBS Holdings', 'TBS']",[' Black Cat was originally aired on TV Tokyo in Japan.'],ans,0
P449_general_ASIA_704,100 Days My Prince,['tvN'],[' Netflix'],ans,0
P449_general_ASIA_706,Bloody Heart,['KBS2'],[' Bloody Heart was originally aired on Netflix.'],ans,0
P449_general_ASIA_708,Calimero,"['Tv-asahi', 'TV Asahi', 'ANB']",[' Calimero was originally aired on the Italian television network RAI.'],ans,0
P449_general_ASIA_710,Q.E.D.,"['NHK G', 'NHK General TV']",[' Q.E.D. was originally aired on PBS.'],ans,0
P449_general_ASIA_712,"Muteking, The Dashing Warrior","['Fuji TV', 'CX', 'JOCX', 'Meerkats', 'Fuji Television', 'Fuji Television Network, Inc.', 'Fuji Television Network']","[' Muteking, The Dashing Warrior was originally aired on TV Tokyo.']",ans,0
P449_general_ASIA_714,Radio Star,"['MBC Cultural Broadcasting', 'MBC', 'Munhwa Broadcasting Corp.', 'Munhwa Broadcasting Corporation', 'Munhwa Bangsong Jushikhoesa']",[' Radio Star was originally aired on MBC in South Korea.'],ans,1
P449_general_ASIA_716,High Kick: Revenge of the Short Legged,"['MBC Cultural Broadcasting', 'MBC', 'Munhwa Broadcasting Corp.', 'Munhwa Broadcasting Corporation', 'Munhwa Bangsong Jushikhoesa']",[' High Kick: Revenge of the Short Legged was originally aired on KBS2.'],ans,0
P449_general_ASIA_718,"Love, Now","['Sanlih Entertainment Television', 'SETTV', 'Sanlih E-Television']","[' Love, Now was originally aired on Netflix.']",ans,0
P449_general_ASIA_720,The Tale of Nokdu,['KBS2'],[' The Tale of Nokdu was originally aired on JTBC.'],ans,0
P449_general_ASIA_722,Legend of Lu Zhen,"['Hunan Television', 'Grace mawi tbs']",[' Legend of Lu Zhen was originally aired on iQIYI.'],ans,0
P449_general_ASIA_724,Giant,"['SBS', 'Seoul Broadcasting System', 'Eseubieseu']",[' Giant was originally aired on ABC.'],ans,0
P449_general_ASIA_726,Producer,['KBS2'],[' Producer was originally aired on Netflix.'],ans,0
P449_general_ASIA_728,Tada Never Falls in Love,['AT-X'],[' Tada Never Falls in Love was originally aired on Crunchyroll.'],ans,0
P449_general_ASIA_730,Untouchable Lovers,"['Hunan Television', 'Grace mawi tbs']",[' Untouchable Lovers was originally aired on the platform of Netflix.'],ans,0
P449_general_ASIA_732,Pretty Rhythm: Dear My Future,"['Tokyo TV', 'Television Tokyo Channel', 'TX', 'Television Tokyo', 'Digital7', 'Teleto', 'TV Tokyo']",[' Pretty Rhythm: Dear My Future originally aired on TV Tokyo.'],ans,1
P449_general_ASIA_734,Mr. Brain,"['TBSHD', 'Tokyo Broadcasting System', 'Tokyo Broadcasting System Holdings', 'TBS Holdings', 'TBS']",[' Mr. Brain was originally aired on the platform of Cartoon Network.'],ans,0
P449_general_ASIA_736,Kill Me Baby,"['TBSHD', 'Tokyo Broadcasting System', 'Tokyo Broadcasting System Holdings', 'TBS Holdings', 'TBS']",[' Kill Me Baby was originally aired on the platform of Crunchyroll.'],ans,0
P449_general_ASIA_738,Kasuga no Tsubone,"['NHK', 'Nippon Hoso Kyokai', 'Japan Broadcasting Corporation', 'nhk.or.jp', 'Nippon Hōsō Kyōkai']",[' Kasuga no Tsubone was originally aired on NHK.'],ans,1
P449_general_ASIA_740,Another Miss Oh,['tvN'],[' Another Miss Oh was originally aired on Netflix.'],ans,0
P449_general_ASIA_742,Absolute Boyfriend,"['Fuji TV', 'CX', 'JOCX', 'Meerkats', 'Fuji Television', 'Fuji Television Network, Inc.', 'Fuji Television Network']",[' Absolute Boyfriend was originally aired on KBS2 in South Korea.'],ans,0
P449_general_ASIA_744,The Three Musketeers,"['NHK', 'Nippon Hoso Kyokai', 'Japan Broadcasting Corporation', 'nhk.or.jp', 'Nippon Hōsō Kyōkai']","[' The Three Musketeers was originally published as a novel in 1844 by Alexandre Dumas, and was']",ans,0
P449_general_ASIA_746,Stained Glass,"['SBS', 'Seoul Broadcasting System', 'Eseubieseu']",[' Stained Glass was originally aired on the platform of WOWOW in Japan.'],ans,0
P449_general_ASIA_748,1 VS 100,['KBS2'],"[' The game show ""1 vs 100"" was originally aired on the Xbox console.']",ans,0
P449_general_ASIA_750,Neo Angelique,"['Tokyo TV', 'Television Tokyo Channel', 'TX', 'Television Tokyo', 'Digital7', 'Teleto', 'TV Tokyo']","[' Neo Angelique was originally aired on the Japanese television network, TV Tokyo.']",ans,1
P449_general_ASIA_752,The Bush Baby,"['Fuji TV', 'CX', 'JOCX', 'Meerkats', 'Fuji Television', 'Fuji Television Network, Inc.', 'Fuji Television Network']",[' The Bush Baby was originally aired on Disney Junior.'],ans,0
P449_general_ASIA_754,Jeong Do-jeon,"['KBS 1', 'KBS 1TV']",[' Crunchyroll.'],ans,0
P449_general_ASIA_756,The Heirs,"['SBS', 'Seoul Broadcasting System', 'Eseubieseu']",[' The Heirs was originally aired on SBS in South Korea.'],ans,1
P449_general_ASIA_758,Team Medical Dragon,"['Fuji TV', 'CX', 'JOCX', 'Meerkats', 'Fuji Television', 'Fuji Television Network, Inc.', 'Fuji Television Network']",[' Team Medical Dragon was originally aired on the TV Asahi network in Japan.'],ans,0
P449_general_ASIA_760,Last Friends,"['Fuji TV', 'CX', 'JOCX', 'Meerkats', 'Fuji Television', 'Fuji Television Network, Inc.', 'Fuji Television Network']",[' Last Friends was originally aired on Fuji TV in Japan.'],ans,1
P449_general_ASIA_762,Bulgasal: Immortal Souls,['tvN'],[' Netflix'],ans,0
P449_general_ASIA_764,Sandglass,"['SBS', 'Seoul Broadcasting System', 'Eseubieseu']",[' Sandglass was originally aired on MBC in South Korea.'],ans,0
P449_general_ASIA_766,Hotaru no Hikari,"['Nippon Television', 'JOAX', 'NTV', 'Nippon TV', 'Nippon Television Network']",[' Hotaru no Hikari was originally aired on TV Tokyo.'],ans,0
P449_general_ASIA_768,Hit the Top,"['KBS', 'Korean Broadcasting System']",[' Hit the Top was originally aired on YouTube.'],ans,0
P449_general_ASIA_770,Military Prosecutor Doberman,"['tvN', 'TVING']",[' Military Prosecutor Doberman was originally aired on KBS2 in South Korea.'],ans,0
P449_general_ASIA_772,"Now, We Are Breaking Up","['SBS', 'Seoul Broadcasting System', 'Eseubieseu']","[' Now, We Are Breaking Up was originally aired on the platform of Netflix.']",ans,0
P449_general_ASIA_774,Tweeny Witches,"['NHK Educational TV', 'NHK E', 'NHK E-Tele']",[' Tweeny Witches was originally aired on Nickelodeon.'],ans,0
P449_general_ASIA_776,City Hunter,"['SBS', 'Seoul Broadcasting System', 'Eseubieseu']",[' City Hunter was originally aired on YTV in Japan.'],ans,0
P449_general_ASIA_778,Devil May Cry: The Animated Series,['WOWOW'],[' Devil May Cry: The Animated Series originally aired on Cartoon Network.'],ans,0
P449_general_ASIA_780,Softenni,"['JOMX-DTV', 'Tokyo MX', 'MXTV', 'JOMX-TV', 'Tokyo Metropolitan Television']",[' Softenni was originally aired on the platform of Crunchyroll.'],ans,0
P449_general_ASIA_782,Legend of Ambition,['KBS2'],[' Legend of Ambition was originally aired on QVOD.'],ans,0
P449_general_ASIA_784,Little Women,['tvN'],[' Little Women was originally published as a novel in 1868 and was not aired on any platform. It was'],unk,0
P449_general_ASIA_786,Kyabasuka Gakuen,"['Nippon Television', 'JOAX', 'NTV', 'Nippon TV', 'Nippon Television Network']","[' Kyabasuka Gakuen was originally aired on the anime platform, Crunchyroll.']",ans,0
P449_general_ASIA_788,Ice Fantasy,"['Hunan Television', 'Grace mawi tbs']",[' Ice Fantasy was originally aired on Youku.'],ans,0
P449_general_ASIA_790,PD Notebook,"['MBC Cultural Broadcasting', 'MBC', 'Munhwa Broadcasting Corp.', 'Munhwa Broadcasting Corporation', 'Munhwa Bangsong Jushikhoesa']",[' PD Notebook was originally aired on Nickelodeon.'],ans,0
P449_general_ASIA_792,Kamichama Karin,"['Tokyo TV', 'Television Tokyo Channel', 'TX', 'Television Tokyo', 'Digital7', 'Teleto', 'TV Tokyo']",[' Kamichama Karin was originally aired on TV Tokyo.'],ans,1
P449_general_ASIA_794,The Law Cafe,['KBS2'],[' The Law Cafe was originally aired on Netflix.'],ans,0
P449_general_ASIA_796,Love Twist,['KBS2'],[' Love Twist was originally aired on MTV.'],ans,0
P449_general_ASIA_798,Moon Embracing the Sun,"['HLKV-DTV', 'MBC TV']",[' Moon Embracing the Sun was originally aired on MBC (Munhwa Broadcasting Corporation) in South Korea'],ans,0
P449_general_ASIA_800,"That Winter, The Wind Blows","['SBS', 'Seoul Broadcasting System', 'Eseubieseu']","[' That Winter, The Wind Blows originally aired on tvN in South Korea.']",ans,0
P449_general_ASIA_802,Dream High,['KBS2'],[' Dream High was originally aired on KBS2 in South Korea.'],ans,1
P449_general_ASIA_804,Sugar Sugar Rune,"['Tokyo TV', 'Television Tokyo Channel', 'TX', 'Television Tokyo', 'Digital7', 'Teleto', 'TV Tokyo']",[' Sugar Sugar Rune was originally aired on the platform known as Cartoon Network.'],ans,0
P449_general_ASIA_806,The New Adventures of Gigantor,"['Nippon Television', 'JOAX', 'NTV', 'Nippon TV', 'Nippon Television Network']",[' The New Adventures of Gigantor was originally aired on the platform of Adult Swim.'],ans,0
P449_general_ASIA_808,Vicky the Viking,"['das Zweite', '2DF', 'Second German Television', 'ZDF', 'Zweites Deutsches Fernsehen', 'Zweites deutsches Fernsehen']",[' Vicky the Viking was originally aired on the platform of BBC1.'],ans,0
P449_general_ASIA_810,Monsters,"['TBS Television', 'Tokyo Broadcasting System Television', 'JORX', 'TBS', 'TBS TV']",[' Monsters was originally aired on Nickelodeon.'],ans,0
P449_general_ASIA_812,A Korean Odyssey,['tvN'],[' A Korean Odyssey was originally aired on Netflix.'],ans,0
P449_general_ASIA_814,"You're the Best, Lee Soon-shin","['KBS', 'Korean Broadcasting System']","["" You're the Best, Lee Soon-shin originally aired on KBS2.""]",ans,0
P449_general_ASIA_816,Shima Shima Tora no Shimajirō,"['TV-Setouchi Broadcasting Co., Ltd.', 'TV Setouchi']",[' Shima Shima Tora no Shimajirō was originally aired on TV Tokyo.'],ans,0
P449_general_ASIA_818,The Last Cop,"['Nippon Television', 'JOAX', 'NTV', 'Nippon TV', 'Nippon Television Network']",[' The Last Cop was originally aired on Netflix.'],ans,0
P449_general_ASIA_820,SOTUS: The Series,"['The One', 'One HD', 'GMM One', 'One 31', '1-Sky One', 'One31']",[' SOTUS: The Series was originally aired on LINE TV.'],ans,0
P449_general_ASIA_822,Cheongdam-dong Alice,"['SBS', 'Seoul Broadcasting System', 'Eseubieseu']",[' Cheongdam-dong Alice was originally aired on JTBC.'],ans,0
P449_general_ASIA_824,Gokudo,"['Tokyo TV', 'Television Tokyo Channel', 'TX', 'Television Tokyo', 'Digital7', 'Teleto', 'TV Tokyo']",[' Gokudo was originally aired on TV Tokyo.'],ans,1
P449_general_ASIA_826,"The King of Tears, Lee Bang-won","['KBS', 'Korean Broadcasting System']","[' The King of Tears, Lee Bang-won was originally aired on KBS2.']",ans,0
P449_general_ASIA_828,The Clinic for Married Couples: Love and War,"['KBS', 'Korean Broadcasting System']",[' The Clinic for Married Couples: Love and War was originally aired on Netflix.'],ans,0
P449_general_ASIA_830,Nirvana in Fire II: The Wind Blows in Chang Lin,"['Dragon TV', 'Dragon Television']",[' Nirvana in Fire II: The Wind Blows in Chang Lin was originally aired on iQI'],ans,0
P449_general_ASIA_832,Murphy's Law of Love,"['Sanlih Entertainment Television', 'SETTV', 'Sanlih E-Television']","[' The TV show ""Murphy\'s Law of Love"" originally aired on the platform: MTV.']",ans,0
P449_general_ASIA_834,One the Woman,['SBS TV'],[' One Life to Live was originally aired on ABC.'],ans,0
P449_general_ASIA_836,All My Love,"['MBC Cultural Broadcasting', 'MBC', 'Munhwa Broadcasting Corp.', 'Munhwa Broadcasting Corporation', 'Munhwa Bangsong Jushikhoesa']",[' The answer to your question is: CBS.'],ans,0
P449_general_ASIA_838,Master's Sun,"['SBS', 'Seoul Broadcasting System', 'Eseubieseu']","["" The Master's Sun was originally aired on tvN in South Korea.""]",ans,0
P449_general_ASIA_840,Mop Girl,"['Tv-asahi', 'TV Asahi', 'ANB']",[' Mop Girl was originally aired on Nickelodeon.'],ans,0
P449_general_ASIA_842,"King of Baking, Kim Takgu",['KBS2'],"[' King of Baking, Kim Takgu was originally aired on KBS2.']",ans,1
P449_general_ASIA_844,Vagabond,['SBS TV'],[' Vagabond was originally aired on Netflix.'],ans,0
P449_general_ASIA_846,Tramps Like Us,"['TBSHD', 'Tokyo Broadcasting System', 'Tokyo Broadcasting System Holdings', 'TBS Holdings', 'TBS']",[' Tramps Like Us was originally aired on HBO.'],ans,0
P449_general_ASIA_848,Happy Together,"['KBS2', 'Korean Broadcasting System', 'KBS']",[' Happy Together was originally aired on CBS.'],ans,0
P449_general_ASIA_850,Asadal Chronicles,['tvN'],[' Asadal Chronicles was originally aired on Netflix.'],ans,0
P449_general_ASIA_852,Starzinger,"['Fuji TV', 'CX', 'JOCX', 'Meerkats', 'Fuji Television', 'Fuji Television Network, Inc.', 'Fuji Television Network']",[' Starzinger was originally aired on TV Tokyo in Japan.'],ans,0
P449_general_ASIA_854,Queen Seondeok,"['MBC Cultural Broadcasting', 'MBC', 'Munhwa Broadcasting Corp.', 'Munhwa Broadcasting Corporation', 'Munhwa Bangsong Jushikhoesa']",[' Queen Seondeok was originally aired on MBC (Munhwa Broadcasting Corporation) in South Korea.'],ans,1
P449_general_ASIA_856,Lady Cha Dal-rae's Lover,['KBS2'],"["" Lady Cha Dal-rae's Lover was originally aired on Netflix.""]",ans,0
P449_general_ASIA_858,Biblia Koshodō no Jiken Techō,"['Fuji TV', 'CX', 'JOCX', 'Meerkats', 'Fuji Television', 'Fuji Television Network, Inc.', 'Fuji Television Network']",[' Biblia Koshodō no Jiken Techō was originally aired on the platform of NHK-G'],ans,0
P449_general_ASIA_860,Kiznaiver,"['JOMX-DTV', 'Tokyo MX', 'MXTV', 'Gunma Television', 'JOMX-TV', 'Tokyo Metropolitan Television']",[' Kiznaiver was originally aired on Crunchyroll.'],ans,0
P449_general_ASIA_862,Seito Shokun!,"['Tv-asahi', 'TV Asahi', 'ANB']",[' Seito Shokun! was originally aired on TV Tokyo.'],ans,0
P449_general_ASIA_864,Guardian,"['Youku Inc.', 'Youku.com', 'Youku']",[' Guardian was originally aired on BBC One.'],ans,0
P449_general_ASIA_866,The Swiss Family Robinson: Flone of the Mysterious Island,"['Fuji TV', 'CX', 'JOCX', 'Meerkats', 'Fuji Television', 'Fuji Television Network, Inc.', 'Fuji Television Network']",[' The Swiss Family Robinson: Flone of the Mysterious Island was originally aired on Disney Channel.'],ans,0
P449_general_ASIA_868,My ID is Gangnam Beauty,"['JTBC', 'Joongang Tongyang Broadcasting Company']",[' The answer to your question is: Netflix.'],ans,0
P449_general_ASIA_870,Neo Ultra Q,['WOWOW'],[' Neo Ultra Q was originally aired on TV Tokyo in Japan.'],ans,0
P449_general_ASIA_872,When the Camellia Blooms,['KBS2'],[' When the Camellia Blooms was originally aired on Netflix.'],ans,0
P449_general_ASIA_874,Dragon Drive,"['Tokyo TV', 'Television Tokyo Channel', 'TX', 'Television Tokyo', 'Digital7', 'Teleto', 'TV Tokyo']",[' Dragon Drive was originally aired on Cartoon Network.'],ans,0
P449_general_ASIA_876,Missing You,"['MBC Cultural Broadcasting', 'MBC', 'Munhwa Broadcasting Corp.', 'Munhwa Broadcasting Corporation', 'Munhwa Bangsong Jushikhoesa']",[' Missing You was originally aired on MBC in South Korea.'],ans,1
P449_general_ASIA_878,Pinocchio,"['SBS', 'Seoul Broadcasting System', 'Eseubieseu']",[' Disney Channel'],ans,0
P449_general_ASIA_880,Mine,['tvN'],[' Mine was originally aired on YouTube.'],ans,0
P449_general_ASIA_882,Magic Kid Masuri,['KBS2'],"[' Magic Kid Masuri was originally aired on the Japanese television network, TV Tokyo.']",ans,0
P449_general_ASIA_884,Tayo the Little Bus,"['Hulu', 'Disney', 'Netflix.com', 'Disney Channel', 'hulu.com', 'The Disney Channel', 'Educational Broadcasting System', 'Disney Junior', 'EBS', 'Korea Educational Broadcasting System', 'Netflix', 'Net Flix']",[' Tayo the Little Bus was originally aired on Nick Jr.'],ans,0
P449_general_ASIA_886,Ohayō! Spank,"['Tv-asahi', 'TV Asahi', 'ANB']",[' Ohayō! Spank was originally aired on YouTube.'],ans,0
P449_general_ASIA_888,Earwig and the Witch,"['NHK G', 'NHK General TV']",[' Earwig and the Witch was originally aired on BBC One.'],ans,0
P449_general_ASIA_890,Deka Wanko,"['Nippon Television', 'JOAX', 'NTV', 'Nippon TV', 'Nippon Television Network']",[' Deka Wanko was originally aired on TV Tokyo.'],ans,0
P449_general_ASIA_892,"Gwanggaeto, The Great Conqueror","['KBS 1', 'KBS 1TV']","[' Gwanggaeto, The Great Conqueror originally aired on KBS2.']",ans,0
P449_general_ASIA_894,Paranoia Agent,['WOWOW'],[' Paranoia Agent was originally aired on the Japanese television network WOWOW.'],ans,1
P449_general_ASIA_896,The Mysterious Cities of Gold,"['NHK', 'Nippon Hoso Kyokai', 'Japan Broadcasting Corporation', 'nhk.or.jp', 'Nippon Hōsō Kyōkai']",[' The Mysterious Cities of Gold was originally aired on Nickelodeon.'],ans,0
P449_general_ASIA_898,Le Chevalier D'Eon,['WOWOW'],"["" Le Chevalier D'Eon was originally aired on BBC Two in the United Kingdom.""]",ans,0
P449_general_ASIA_900,Mīmu Iro Iro Yume no Tabi,"['TBSHD', 'Tokyo Broadcasting System', 'Tokyo Broadcasting System Holdings', 'TBS Holdings', 'TBS']",[' Mīmu Iro Iro Yume no Tabi was originally aired on NHK Educational TV.'],ans,0
P449_general_ASIA_902,5-ji Kara 9-ji Made: Watashi ni Koi Shita Obōsan,"['Fuji TV', 'CX', 'JOCX', 'Meerkats', 'Fuji Television', 'Fuji Television Network, Inc.', 'Fuji Television Network']","[' The TV anime series ""5-ji Kara 9-ji Made: Watashi ni Koi Shita Ob']",ans,0
P449_general_ASIA_904,Shinigami-kun,"['Tv-asahi', 'TV Asahi', 'ANB']",[' Shinigami-kun was originally aired on TV Tokyo.'],ans,0
P449_general_ASIA_906,Layton Mystery Detective Agency: Kat's Mystery-Solving Files,"['Fuji TV', 'CX', 'JOCX', 'Meerkats', 'Fuji Television', 'Fuji Television Network, Inc.', 'Fuji Television Network']","["" Layton Mystery Detective Agency: Kat's Mystery-Solving Files was originally aired on the""]",ans,0
P449_general_ASIA_908,Behind the White Tower,"['MBC Cultural Broadcasting', 'MBC', 'Munhwa Broadcasting Corp.', 'Munhwa Broadcasting Corporation', 'Munhwa Bangsong Jushikhoesa']",[' Behind the White Tower was originally aired on BBC One.'],ans,0
P449_general_ASIA_910,My Husband Got a Family,"['KBS', 'Korean Broadcasting System']",[' My Husband Got a Family was originally aired on KBS2 in South Korea.'],ans,0
P449_general_ASIA_912,Gu Family Book,"['MBC Cultural Broadcasting', 'MBC', 'Munhwa Broadcasting Corp.', 'Munhwa Broadcasting Corporation', 'Munhwa Bangsong Jushikhoesa']",[' Gu Family Book was originally aired on KBS2 in South Korea.'],ans,0
P449_general_ASIA_914,Engine,"['Fuji TV', 'CX', 'JOCX', 'Meerkats', 'Fuji Television', 'Fuji Television Network, Inc.', 'Fuji Television Network']",[' Engine was originally aired on Netflix.'],ans,0
P449_general_ASIA_916,Our Gap-soon,"['SBS', 'Seoul Broadcasting System', 'Eseubieseu']",[' Our Gap-soon was originally aired on Netflix.'],ans,0
P449_general_ASIA_918,Hyori's Home Stay,"['JTBC', 'Joongang Tongyang Broadcasting Company']","["" Hyori's Home Stay was originally aired on Naver TV Cast.""]",ans,0
P449_general_ASIA_920,My Strange Hero,['SBS TV'],[' My Strange Hero was originally aired on Netflix.'],ans,0
P449_general_ASIA_922,MBC News 24,"['MBC Cultural Broadcasting', 'MBC', 'Munhwa Broadcasting Corp.', 'Munhwa Broadcasting Corporation', 'Munhwa Bangsong Jushikhoesa']",[' MBC News 24 was originally aired on the platform of MBC (Munhwa Broadcasting Corporation)'],ans_check,1
P449_general_ASIA_924,Hellbound,"['Net Flix', 'Netflix.com', 'Netflix']",[' Hellbound was originally aired on Netflix.'],ans,1
P449_general_ASIA_926,Empress Cheonchu,"['KBS', 'Korean Broadcasting System']",[' Empress Cheonchu was originally aired on KBS2 in South Korea.'],ans,0
P449_general_ASIA_928,Thirty-Nine,"['JTBC', 'Joongang Tongyang Broadcasting Company']",[' Thirty-Nine was originally aired on Netflix.'],ans,0
P449_general_ASIA_930,A Hint of You,"['Sanlih Entertainment Television', 'SETTV', 'Sanlih E-Television']",[' A Hint of You was originally aired on Hallmark Channel.'],ans,0
P449_general_ASIA_932,"Poong, the Joseon Psychiatrist","['tvN', 'TVING']","[' Poong, the Joseon Psychiatrist was originally aired on Netflix.']",ans,0
P449_general_ASIA_934,Sound of the Desert,"['Hunan Television', 'Grace mawi tbs']",[' Sound of the Desert was originally aired on the platform of YouTube.'],ans,0
P449_general_ASIA_936,Missing 9,"['MBC Cultural Broadcasting', 'MBC', 'Munhwa Broadcasting Corp.', 'Munhwa Broadcasting Corporation', 'Munhwa Bangsong Jushikhoesa']",[' Missing 9 was originally aired on OCN.'],ans,0
P449_general_ASIA_938,Arang and the Magistrate,"['MBC Cultural Broadcasting', 'MBC', 'Munhwa Broadcasting Corp.', 'Munhwa Broadcasting Corporation', 'Munhwa Bangsong Jushikhoesa']",[' The platform name is: BBC.'],ans,0
P449_general_ASIA_940,Hwarang: The Poet Warrior Youth,['KBS2'],[' Hwarang: The Poet Warrior Youth was originally aired on KBS2.'],ans,1
P449_general_ASIA_942,The Innocent Man,"['KBS', 'Korean Broadcasting System']",[' Netflix'],ans,0
P449_general_ASIA_944,The Imperial Doctress,"['Jiangsu Satelite TV', 'Jiangsu Television', 'Jiangsu TV']",[' The Imperial Doctress was originally aired on the platform of KBS2 in South Korea.'],ans,0
P449_general_ASIA_946,Cinderella Monogatari,"['NHK', 'Nippon Hoso Kyokai', 'Japan Broadcasting Corporation', 'nhk.or.jp', 'Nippon Hōsō Kyōkai']",[' Cinderella Monogatari was originally aired on TV Asahi in Japan.'],ans,0
P449_general_ASIA_948,Summer Nude,"['Fuji TV', 'CX', 'JOCX', 'Meerkats', 'Fuji Television', 'Fuji Television Network, Inc.', 'Fuji Television Network']",[' Summer Nude was originally aired on the platform of HBO.'],ans,0
P449_general_ASIA_950,Immortal Songs,"['KBS', 'Korean Broadcasting System']",[' Immortal Songs was originally aired on MBC in South Korea.'],ans,0
P449_general_ASIA_952,Yōkoso,"['Fuji TV', 'CX', 'JOCX', 'Meerkats', 'Fuji Television', 'Fuji Television Network, Inc.', 'Fuji Television Network']",[' Yōkoso was originally aired on the TV Tokyo network in Japan.'],ans,0
P449_general_ASIA_954,Pokémon Origins,"['Tokyo TV', 'Television Tokyo Channel', 'TX', 'Television Tokyo', 'Digital7', 'Teleto', 'TV Tokyo']",[' Pokémon Origins was originally aired on the Pokémon TV platform.'],ans,0
P449_general_ASIA_956,Today's Webtoon,['SBS TV'],[' Naver Webtoon'],ans,0
P449_general_ASIA_958,Himitsu no Hanazono,"['Fuji TV', 'CX', 'JOCX', 'Meerkats', 'Fuji Television', 'Fuji Television Network, Inc.', 'Fuji Television Network']",[' Himitsu no Hanazono was originally aired on TV Tokyo.'],ans,0
P449_general_ASIA_960,Hello! Morning,"['Tokyo TV', 'Television Tokyo Channel', 'TX', 'Television Tokyo', 'Digital7', 'Teleto', 'TV Tokyo']",[' Hello! Morning was originally aired on the TV Tokyo network in Japan.'],ans,1
P449_general_ASIA_962,NHK Newsline,['NHK World-Japan'],[' NHK Newsline was originally aired on NHK (Nippon Hōsō Kyōkai'],ans,0
P449_general_ASIA_964,Dear. M,['KBS2'],[' Dear M was originally aired on Netflix.'],ans,0
P449_general_ASIA_966,Ryūsei no Kizuna,"['TBSHD', 'Tokyo Broadcasting System', 'Tokyo Broadcasting System Holdings', 'TBS Holdings', 'TBS']","[' The anime series ""Ryūsei no Kizuna"" was originally aired on the Japanese television network TV']",ans,0
P449_general_ASIA_968,Miracle Planet,"['NHK', 'Nippon Hoso Kyokai', 'Japan Broadcasting Corporation', 'nhk.or.jp', 'Nippon Hōsō Kyōkai']",[' Miracle Planet was originally aired on Netflix.'],ans,0
P449_general_ASIA_970,The King of Legend,"['KBS', 'Korean Broadcasting System']",[' The King of Legend was originally aired on KBS2 in South Korea.'],ans,0
P449_general_ASIA_972,"Saimdang, Memoir of Colors","['SBS', 'Seoul Broadcasting System', 'Eseubieseu']","[' Saimdang, Memoir of Colors was originally aired on JTBC in South Korea.']",ans,0
P449_general_ASIA_974,Koe Girl!,"['Tv-asahi', 'TV Asahi', 'ANB']",[' Koe Girl! was originally aired on YouTube.'],ans,0
P449_general_ASIA_976,Good Doctor,"['KBS', 'Korean Broadcasting System']",[' The Good Doctor was originally aired on ABC.'],ans,0
P449_general_ASIA_978,Wagaya no Rekishi,"['Fuji TV', 'CX', 'JOCX', 'Meerkats', 'Fuji Television', 'Fuji Television Network, Inc.', 'Fuji Television Network']",[' Wagaya no Rekishi was originally aired on NHK.'],ans,0
P449_general_ASIA_980,Flowers of the Prison,"['MBC Cultural Broadcasting', 'MBC', 'Munhwa Broadcasting Corp.', 'Munhwa Broadcasting Corporation', 'Munhwa Bangsong Jushikhoesa']",[' Flowers of the Prison was originally aired on Netflix.'],ans,0
P449_general_ASIA_982,KBS Morning News Time,['KBS2'],[' KBS Morning News Time was originally aired on KBS2.'],ans,1
P449_general_ASIA_984,Under the Queen's Umbrella,['tvN'],"["" Under the Queen's Umbrella was originally aired on Netflix.""]",ans,0
P449_general_ASIA_986,TV Show Authentic Masterpieces,"['KBS 1', 'KBS2', 'KBS 1TV']","[' The TV show ""Authentic Masterpieces"" was originally aired on the platform ""Netflix"".']",ans,0
P449_general_ASIA_988,101st Marriage Proposal,"['Fuji TV', 'CX', 'JOCX', 'Meerkats', 'Fuji Television', 'Fuji Television Network, Inc.', 'Fuji Television Network']",[' The 101st Marriage Proposal was originally aired on Netflix.'],ans,0
P449_general_ASIA_990,The Fishermen and the City,"['Channel A', 'ChanelA']",[' The Fishermen and the City was originally aired on Netflix.'],ans,0
P449_general_ASIA_992,Kyō no Go no Ni,"['Tokyo TV', 'Television Tokyo Channel', 'TX', 'Television Tokyo', 'Digital7', 'Teleto', 'TV Tokyo']",[' Kyō no Go no Ni was originally aired on TV Tokyo.'],ans,1
P449_general_ASIA_994,The Suspicious Housekeeper,"['SBS', 'Seoul Broadcasting System', 'Eseubieseu']",[' The Suspicious Housekeeper was originally aired on Fuji TV in Japan.'],ans,0
P449_general_ASIA_996,To the Beautiful You,"['SBS', 'Seoul Broadcasting System', 'Eseubieseu']","[' The drama series ""To the Beautiful You"" was originally aired on KBS2 in South Korea.']",ans,0
P449_general_ASIA_998,Gakuen Heaven,['AT-X'],"[' Gakuen Heaven was originally aired on the platform of ""PC"".']",ans,0
