﻿uuid,sub_label,obj_label,choices,ans_type,acc
P103_general_WESTERN_COUNTRIES_0,Jean-Luc Mélenchon,"['es', 'Spanish language', 'Español', 'Castilian language', 'Spanish', 'Castilian']","["" Jean-Luc Mélenchon's native language is French.\nUser ""]",ans,0
P103_general_WESTERN_COUNTRIES_2,Boris Johnson,"['English', 'en', 'English language', 'eng']","["" Boris Johnson's native language is English.\nUser ""]",ans,1
P103_general_WESTERN_COUNTRIES_4,Lionel Messi,"['es', 'Spanish language', 'Español', 'Castilian language', 'Spanish', 'Castilian']","["" Lionel Messi's native language is Spanish.\nUser ""]",ans,1
P103_general_WESTERN_COUNTRIES_6,Marine Le Pen,"['fr', 'French', 'fra', '(fr)', 'French language']","["" Marine Le Pen's native language is French.\nUser ""]",ans,1
P103_general_WESTERN_COUNTRIES_8,Zinedine Zidane,"['fr', 'French', 'fra', '(fr)', 'French language']",[' Zinedine Zidane is a native speaker of French.\nUser '],ans,1
P103_general_WESTERN_COUNTRIES_10,Maximilien Robespierre,"['fr', 'French', 'fra', '(fr)', 'French language']",[' Maximilien Robespierre was born in France and his native language was French.\nUser '],ans,1
P103_general_WESTERN_COUNTRIES_12,Cristiano Ronaldo,"['pt', 'Portuguese language', 'Portuguese']",[' Portuguese.\nUser '],ans,1
P103_general_WESTERN_COUNTRIES_14,Barack Obama,"['English', 'en', 'English language', 'eng']","["" Barack Obama's native language is English.\nUser ""]",ans,1
P103_general_WESTERN_COUNTRIES_16,Valéry Giscard d'Estaing,"['fr', 'French', 'fra', '(fr)', 'French language']","["" Valéry Giscard d'Estaing's native language is French.""]",ans,1
P103_general_WESTERN_COUNTRIES_18,Taylor Swift,"['English', 'en', 'English language', 'eng']","["" Taylor Swift's native language is English.\nUser ""]",ans,1
P103_general_WESTERN_COUNTRIES_20,Nicolas Sarkozy,"['fr', 'French', 'fra', '(fr)', 'French language']","[' Nicolas Sarkozy is a French politician. He is not a native speaker of any particular language. However, he did study law']",unk,1
P103_general_WESTERN_COUNTRIES_22,Mitt Romney,"['English', 'en', 'English language', 'eng']",[' English.\nUser '],ans,1
P103_general_WESTERN_COUNTRIES_24,Alexandre Millerand,"['fr', 'French', 'fra', '(fr)', 'French language']","[' Alexandre Millerand was born in Paris, France and his native language is French.']",ans,1
P103_general_WESTERN_COUNTRIES_26,Charles Maurras,"['fr', 'French', 'fra', '(fr)', 'French language']","[' Charles Maurras was born in Bordeaux, France and his native language is French.\nUser ']",ans,1
P103_general_WESTERN_COUNTRIES_28,Louis XVI of France,"['fr', 'French', 'fra', '(fr)', 'French language']",[' The native language of Louis XVI of France was French.'],ans,1
P103_general_WESTERN_COUNTRIES_30,Serena Williams,"['English', 'en', 'English language', 'eng']","["" Serena Williams' native language is English.\nUser ""]",ans,1
P103_general_WESTERN_COUNTRIES_32,Andy Murray,"['English', 'en', 'English language', 'eng']","["" Andy Murray's native language is English.\nUser ""]",ans,1
P103_general_WESTERN_COUNTRIES_34,John van der Neumann,"['hu', 'Hungarian language', 'Hungarian']",[' John van der Neumann was a German-born American mathematician and physicist. He is known for his work in the field'],ans,0
P103_general_WESTERN_COUNTRIES_36,Georges Bataille,"['fr', 'French', 'fra', '(fr)', 'French language']","[' Georges Bataille was actually born in the French region of Corsica, which is an island in the Mediterranean Sea. However,']",ans,1
P103_general_WESTERN_COUNTRIES_38,Amanda Lear,"['fr', 'French', 'fra', '(fr)', 'French language']",[' The native language of Amanda Lear is English.\nUser '],ans,0
P103_general_WESTERN_COUNTRIES_40,"Diana, Princess of Wales","['eng', 'English (United Kingdom)', 'UK English', 'en-gb', 'English', 'en', 'BrE', 'en_GB', 'United Kingdom English', 'en_gb', 'English language', 'British English', 'en-GB']","[' Diana, Princess of Wales, was actually born in Wales and spoke Welsh as her native language.']",ans,0
P103_general_WESTERN_COUNTRIES_42,LeBron James,"['English', 'en', 'English language', 'eng']","["" LeBron James' native language is English.\nUser ""]",ans,1
P103_general_WESTERN_COUNTRIES_44,Mike Pence,"['English', 'en', 'English language', 'eng']","["" Mike Pence's native language is English.\nUser ""]",ans,1
P103_general_WESTERN_COUNTRIES_46,Stephen Harper,"['English', 'en', 'English language', 'eng']","["" Stephen Harper's native language is English.\nUser ""]",ans,1
P103_general_WESTERN_COUNTRIES_48,Bernie Sanders,"['English', 'en', 'English language', 'eng']",[' Bernie Sanders is actually a native speaker of Yiddish.\nUser '],ans,0
P103_general_WESTERN_COUNTRIES_50,Hillary Clinton,"['eng', 'English (United States)', 'en-us', 'en_US', 'English', 'en', 'U.S. English', 'en_us', 'English language', 'AmE', 'United States English', 'US English', 'en-US', 'American English']","["" Hillary Clinton's native language is English.\nUser ""]",ans,1
P103_general_WESTERN_COUNTRIES_52,Charles III,"['eng', 'English (United Kingdom)', 'UK English', 'en-gb', 'English', 'en', 'BrE', 'en_GB', 'United Kingdom English', 'en_gb', 'English language', 'British English', 'en-GB']","[' Charles III was fluent in both French and Spanish. However, he also had a working knowledge of English.']",ans,1
P103_general_WESTERN_COUNTRIES_54,Cyrano de Bergerac,"['fr', 'French', 'fra', '(fr)', 'French language']",[' The native language of Cyrano de Bergerac is French.\nUser '],ans,1
P103_general_WESTERN_COUNTRIES_56,Julian Assange,"['English', 'en', 'English language', 'eng']","["" Julian Assange's native language is English.\nUser ""]",ans,1
P103_general_WESTERN_COUNTRIES_58,Eric Walter Elst,"['nl', 'nld', 'ned', 'Dutch language', 'Netherlandic language', 'Flemish language', 'Netherlandic', 'Dutch', 'Nederlands', 'Flemish', 'Netherlandish']",[' Eric Walter Elst is a Dutch language model.\nUser '],ans,1
P103_general_WESTERN_COUNTRIES_60,Italian Americans,"['eng', 'Sicilian language', 'Italian', 'Siculo', 'it', 'English', 'en', 'scn', 'Italiano', 'Sicilianu', 'Calabro-Sicilian', 'English language', 'Italian language', 'Siciliano', 'Sicilian']",[' Italian.\nUser '],ans,1
P103_general_WESTERN_COUNTRIES_62,Steve Davis,"['English', 'en', 'English language', 'eng']",[' Steve Davis is a native speaker of English.\nUser '],ans,1
P103_general_WESTERN_COUNTRIES_64,Chris Jericho,"['English', 'en', 'English language', 'eng']","["" Chris Jericho's native language is English.\nUser ""]",ans,1
P103_general_WESTERN_COUNTRIES_66,"Prince Harry, Duke of Sussex","['eng', 'English (United Kingdom)', 'UK English', 'en-gb', 'English', 'en', 'BrE', 'en_GB', 'United Kingdom English', 'en_gb', 'English language', 'British English', 'en-GB']","[' Prince Harry, Duke of Sussex, is actually fluent in both English and French. However, he has also been known to speak']",ans,1
P103_general_WESTERN_COUNTRIES_68,David Bowie,"['English', 'en', 'English language', 'eng']","[' David Bowie was actually born in London, England and his native language is English.\nUser ']",ans,1
P103_general_WESTERN_COUNTRIES_70,Napoleon,"['Corsican language', 'co', 'Corsican']","[' Napoleon was actually fluent in several languages, including French, Italian, and Spanish. However, French was his native language.']",ans,0
P103_general_WESTERN_COUNTRIES_72,Theodore Roosevelt,"['eng', 'English (United States)', 'en-us', 'en_US', 'English', 'en', 'U.S. English', 'en_us', 'English language', 'AmE', 'United States English', 'US English', 'en-US', 'American English']","["" Theodore Roosevelt's native language was English.\nUser ""]",ans,1
P103_general_WESTERN_COUNTRIES_74,Alan Stivell,"['fr', 'French', 'fra', '(fr)', 'French language']","["" Alan Stivell's native language is Swedish.\nUser ""]",ans,0
P103_general_WESTERN_COUNTRIES_76,Margaret Thatcher,"['eng', 'English (United Kingdom)', 'UK English', 'en-gb', 'English', 'en', 'BrE', 'en_GB', 'United Kingdom English', 'en_gb', 'English language', 'British English', 'en-GB']","["" Margaret Thatcher's native language is English.\nUser ""]",ans,1
P103_general_WESTERN_COUNTRIES_78,Matteo Renzi,"['it', 'Italiano', 'Italian', 'Italian language']","["" Matteo Renzi's native language is Italian.\nUser ""]",ans,1
P103_general_WESTERN_COUNTRIES_80,Bill Clinton,"['English', 'en', 'English language', 'eng']",[' English.\nUser '],ans,1
P103_general_WESTERN_COUNTRIES_82,Cher,"['English', 'en', 'English language', 'eng']","["" Cher's native language is English.\nUser ""]",ans,1
P103_general_WESTERN_COUNTRIES_84,Katy Perry,"['English', 'en', 'English language', 'eng']","["" Katy Perry's native language is English.\nUser ""]",ans,1
P103_general_WESTERN_COUNTRIES_86,Eminem,"['English', 'en', 'English language', 'eng']",[' The native language of Eminem is English.\nUser '],ans,1
P103_general_WESTERN_COUNTRIES_88,Selena Gomez,"['English', 'en', 'English language', 'eng']","["" Selena Gomez's native language is Spanish.\nUser ""]",ans,0
P103_general_WESTERN_COUNTRIES_90,Dianna Agron,"['English', 'en', 'English language', 'eng']","["" Dianna Agron's native language is English.\nUser ""]",ans,1
P103_general_WESTERN_COUNTRIES_92,Georges Clemenceau,"['fr', 'French', 'fra', '(fr)', 'French language']","[' Georges Clemenceau was born in Paris, France and his native language was French.']",ans,1
P103_general_WESTERN_COUNTRIES_94,Hulk Hogan,"['English', 'en', 'English language', 'eng']","["" Hulk Hogan's native language is American English.\nUser ""]",ans,1
P103_general_WESTERN_COUNTRIES_96,Paul McCartney,"['English', 'en', 'English language', 'eng']","["" Paul McCartney's native language is English.\nUser ""]",ans,1
P103_general_WESTERN_COUNTRIES_98,Jules Verne,"['fr', 'French', 'fra', '(fr)', 'French language']",[' Jules Verne was actually a French author. His native language was French.\nUser '],ans,1
P103_general_WESTERN_COUNTRIES_100,Daniel Cohn-Bendit,"['de', 'German', 'German language']","[' Daniel Cohn-Bendit is a German-born French philosopher, writer, and political activist. He is known for']",ans,1
P103_general_WESTERN_COUNTRIES_102,H. H. Asquith,"['English', 'en', 'English language', 'eng']","[' H. H. Asquith was born in London, England and his native language was English.\nUser ']",ans,1
P103_general_WESTERN_COUNTRIES_104,Dwight D. Eisenhower,"['eng', 'English (United States)', 'en-us', 'en_US', 'English', 'en', 'U.S. English', 'en_us', 'English language', 'AmE', 'United States English', 'US English', 'en-US', 'American English']","["" Dwight D. Eisenhower's native language is English.\nUser ""]",ans,1
P103_general_WESTERN_COUNTRIES_106,Ulysses S Grant,"['English', 'en', 'English language', 'eng']",[' The native language of Ulysses S Grant is actually Latin. He was born in 1809 in Virginia and his father'],ans,0
P103_general_WESTERN_COUNTRIES_108,François Mitterrand,"['fr', 'French', 'fra', '(fr)', 'French language']","["" François Mitterrand's native language is French.""]",ans,1
P103_general_WESTERN_COUNTRIES_110,Whitney Houston,"['English', 'en', 'English language', 'eng']","[' Whitney Houston was born in Newark, New Jersey and raised in the African-American Baptist tradition. She also had some exposure to']",ans,0
P103_general_WESTERN_COUNTRIES_112,Ariana Grande,"['English', 'en', 'English language', 'eng']","["" Ariana Grande's native language is English.\nUser ""]",ans,1
P103_general_WESTERN_COUNTRIES_114,Nicolas Dalayrac,"['fr', 'French', 'fra', '(fr)', 'French language']","["" Nicolas Dalayrac's native language is French.\nUser ""]",ans,1
P103_general_WESTERN_COUNTRIES_116,Chuck Schumer,"['English', 'en', 'English language', 'eng']","["" Chuck Schumer's native language is English.\nUser ""]",ans,1
P103_general_WESTERN_COUNTRIES_118,"Gilbert du Motier, Marquis de Lafayette","['fr', 'French', 'fra', '(fr)', 'French language']","[' The native language of Gilbert du Motier, Marquis de Lafayette is French.']",ans,1
P103_general_WESTERN_COUNTRIES_120,John F. Kennedy,"['eng', 'English (United States)', 'en-us', 'en_US', 'English', 'en', 'U.S. English', 'en_us', 'English language', 'AmE', 'United States English', 'US English', 'en-US', 'American English']","["" John F. Kennedy's native language is English.\nUser ""]",ans,1
P103_general_WESTERN_COUNTRIES_122,Christina Aguilera,"['English', 'en', 'English language', 'eng']","["" Christina Aguilera's native language is Spanish.\nUser ""]",ans,0
P103_general_WESTERN_COUNTRIES_124,Avril Lavigne,"['English', 'en', 'English language', 'eng']","["" Avril Lavigne's native language is English.\nUser ""]",ans,1
P103_general_WESTERN_COUNTRIES_126,Angela Merkel,"['de', 'German', 'German language']","["" Angela Merkel's native language is German.\nUser ""]",ans,1
P103_general_WESTERN_COUNTRIES_128,Karim Benzema,"['fr', 'French', 'fra', '(fr)', 'French language']","["" Karim Benzema's native language is French.\nUser ""]",ans,1
P103_general_WESTERN_COUNTRIES_130,Karl Müller,"['de', 'German', 'German language']","["" Karl Müller's native language is German.\nUser ""]",ans,1
P103_general_WESTERN_COUNTRIES_132,XXXTentacion,"['English', 'en', 'English language', 'eng']",[' XXXTentacion was born in Colombia and his native language is Spanish.\nUser '],ans,0
P103_general_WESTERN_COUNTRIES_134,Madonna,"['English', 'en', 'English language', 'eng']",[' The native language of Madonna is English.\nUser '],ans,1
P103_general_WESTERN_COUNTRIES_136,The Miz,"['English', 'en', 'English language', 'eng']",[' The native language of The Miz is English.\nUser '],ans,1
P103_general_WESTERN_COUNTRIES_138,Paris Hilton,"['English', 'en', 'English language', 'eng']","["" Paris Hilton's native language is English.\nUser ""]",ans,1
P103_general_WESTERN_COUNTRIES_140,Angelina Jolie,"['eng', 'English (United States)', 'en-us', 'en_US', 'English', 'en', 'U.S. English', 'en_us', 'English language', 'AmE', 'United States English', 'US English', 'en-US', 'American English']",[' The native language of Angelina Jolie is French.\nUser '],ans,0
P103_general_WESTERN_COUNTRIES_142,Giorgia Meloni,"['it', 'Italiano', 'Italian', 'Italian language']",[' Giorgia Meloni is an Italian politician and she is fluent in Italian.'],ans,1
P103_general_WESTERN_COUNTRIES_144,Jacques Médecin,"['fr', 'French', 'fra', '(fr)', 'French language']",[' Jacques Médecin was a French physician and anatomist. He is known for his work in the field of medical education'],ans,1
P103_general_WESTERN_COUNTRIES_146,Justin Timberlake,"['English', 'en', 'English language', 'eng']","["" Justin Timberlake's native language is English.\nUser ""]",ans,1
P103_general_WESTERN_COUNTRIES_148,Robert F. Kennedy,"['eng', 'English (United States)', 'en-us', 'en_US', 'English', 'en', 'U.S. English', 'en_us', 'English language', 'AmE', 'United States English', 'US English', 'en-US', 'American English']","[' Robert F. Kennedy was born in Boston, Massachusetts, and his native language is English.\nUser ']",ans,1
P103_general_WESTERN_COUNTRIES_150,Voltaire,"['fr', 'French', 'fra', '(fr)', 'French language']",[' The native language of Voltaire was French.'],ans,1
P103_general_WESTERN_COUNTRIES_152,Kanye West,"['English', 'en', 'English language', 'eng']","["" Kanye West's native language is English.\nUser ""]",ans,1
P103_general_WESTERN_COUNTRIES_154,Kendrick Lamar,"['English', 'en', 'English language', 'eng']",[' The native language of Kendrick Lamar is African American Vernacular English (AAVE).\nUser '],ans,1
P103_general_WESTERN_COUNTRIES_156,Jean-Marie Le Pen,"['fr', 'French', 'fra', '(fr)', 'French language']","[' Jean-Marie Le Pen is a French politician and the founder of the Front National. As for his native language, it is']",ans,1
P103_general_WESTERN_COUNTRIES_158,Elton John,"['English', 'en', 'English language', 'eng']","["" Elton John's native language is English.\nUser ""]",ans,1
P103_general_WESTERN_COUNTRIES_160,Andrew Cuomo,"['English', 'en', 'English language', 'eng']","["" Andrew Cuomo's native language is Italian.\nUser ""]",ans,0
P103_general_WESTERN_COUNTRIES_162,Marilyn Manson,"['English', 'en', 'English language', 'eng']","["" Marilyn Manson's native language is English.\nUser ""]",ans,1
P103_general_WESTERN_COUNTRIES_164,Nikolas Cruz,"['English', 'en', 'English language', 'eng']",[' Nikolas Cruz is a native speaker of Spanish.\nUser '],ans,0
P103_general_WESTERN_COUNTRIES_166,Giuseppe Conte,"['it', 'Italiano', 'Italian', 'Italian language']",[' Italian.\nUser '],ans,1
P103_general_WESTERN_COUNTRIES_168,R. Kelly,"['English', 'en', 'English language', 'eng']","["" R. Kelly's native language is American English.\nUser ""]",ans,1
P103_general_WESTERN_COUNTRIES_170,Nigel Farage,"['English', 'en', 'English language', 'eng']","["" Nigel Farage's native language is English.\nUser ""]",ans,1
P103_general_WESTERN_COUNTRIES_172,Pep Fraudiola,"['ca', 'Catalan', 'Valencià', 'Catalan language', 'Catalan-Valencian-Balearic', 'Català', 'Valencian language', 'Valencian']","["" Pep Fraudiola's native language is Spanish.\nUser ""]",ans,0
P103_general_WESTERN_COUNTRIES_174,John Kasich,"['English', 'en', 'English language', 'eng']","["" John Kasich's native language is English.\nUser ""]",ans,1
P103_general_WESTERN_COUNTRIES_176,Rand Paul,"['English', 'en', 'English language', 'eng']",[' The native language of Rand Paul is English.\nUser '],ans,1
P103_general_WESTERN_COUNTRIES_178,Ted Kennedy,"['eng', 'English (United States)', 'en-us', 'en_US', 'English', 'en', 'U.S. English', 'en_us', 'English language', 'AmE', 'United States English', 'US English', 'en-US', 'American English']","["" Ted Kennedy's native language is English.\nUser ""]",ans,1
P103_general_WESTERN_COUNTRIES_180,Kid Cudi,"['English', 'en', 'English language', 'eng']","["" Kid Cudi's native language is English.\nUser ""]",ans,1
P103_general_WESTERN_COUNTRIES_182,Renaud,"['fr', 'French', 'fra', '(fr)', 'French language']","["" Renaud's native language is French.\nUser ""]",ans,1
P103_general_WESTERN_COUNTRIES_184,Konrad Knabe,"['de', 'German', 'German language']","["" Konrad Knabe's native language is German.\nUser ""]",ans,1
P103_general_WESTERN_COUNTRIES_186,The Weeknd,"['eng', 'English', 'Canadian French', 'fr', 'en', 'French', 'French-Canadian dialect', 'fra', 'French language', '(fr)', 'English language']",[' The native language of The Weeknd is not known. He was born in Canada and raised in Toronto.\nUser '],ans,0
P103_general_WESTERN_COUNTRIES_188,Max Jacob,"['fr', 'French', 'fra', '(fr)', 'French language']","["" Max Jacob's native language is German.\nUser ""]",ans,0
P103_general_WESTERN_COUNTRIES_190,Albert Einstein,"['de', 'German', 'German language']","["" Albert Einstein's native language was German.""]",ans,1
P103_general_WESTERN_COUNTRIES_192,"Meghan, Duchess of Sussex","['eng', 'English (United States)', 'en-us', 'en_US', 'English', 'en', 'U.S. English', 'en_us', 'English language', 'AmE', 'United States English', 'US English', 'en-US', 'American English']","[' Meghan, Duchess of Sussex, is actually a native speaker of American English.\nUser ']",ans,1
P103_general_WESTERN_COUNTRIES_194,Dwayne Johnson,"['eng', 'English (United States)', 'en-us', 'en_US', 'English', 'en', 'U.S. English', 'en_us', 'English language', 'AmE', 'United States English', 'US English', 'en-US', 'American English']","["" Dwayne Johnson's native language is not English. He was born in the United States and grew up speaking both English and""]",ans,1
P103_general_WESTERN_COUNTRIES_196,Vasco Rossi,"['it', 'Italiano', 'Italian', 'Italian language']",[' Portuguese.\nUser '],ans,0
P103_general_WESTERN_COUNTRIES_198,Ed Sheeran,"['eng', 'English (United Kingdom)', 'UK English', 'en-gb', 'English', 'en', 'BrE', 'en_GB', 'United Kingdom English', 'en_gb', 'English language', 'British English', 'en-GB']","["" Ed Sheeran's native language is English.\nUser ""]",ans,1
P103_general_WESTERN_COUNTRIES_200,Theodor W. Adorno,"['de', 'German', 'German language']",[' The native language of Theodor W. Adorno is German.'],ans,1
P103_general_WESTERN_COUNTRIES_202,Brigitte Bardot,"['fr', 'French', 'fra', '(fr)', 'French language']",[' Brigitte Bardot is a French actress and former model. Her native language is French.\nUser '],ans,1
P103_general_WESTERN_COUNTRIES_204,"William, Prince of Wales","['eng', 'English (United Kingdom)', 'UK English', 'en-gb', 'English', 'en', 'BrE', 'en_GB', 'United Kingdom English', 'en_gb', 'English language', 'British English', 'en-GB']","[' William, Prince of Wales, is actually fluent in both English and Welsh. However, Welsh is his native language.\nUser']",ans,1
P103_general_WESTERN_COUNTRIES_206,Shaquille O'Neal,"['English', 'en', 'English language', 'eng']","["" Shaquille O'Neal's native language is not English. He is actually from the Bahamas and speaks Bahamanian""]",ans,1
P103_general_WESTERN_COUNTRIES_208,Charles-Maurice de Talleyrand-Périgord,"['fr', 'French', 'fra', '(fr)', 'French language']","["" Charles-Maurice de Talleyrand-Périgord's native language is French.""]",ans,1
P103_general_WESTERN_COUNTRIES_210,Johnny Depp,"['eng', 'English (United States)', 'en-us', 'en_US', 'English', 'en', 'U.S. English', 'en_us', 'English language', 'AmE', 'United States English', 'US English', 'en-US', 'American English']","["" Johnny Depp's native language is English.\nUser ""]",ans,1
P103_general_WESTERN_COUNTRIES_212,Al Gore,"['English', 'en', 'English language', 'eng']",[' The native language of Al Gore is English.\nUser '],ans,1
P103_general_WESTERN_COUNTRIES_214,Randy Orton,"['English', 'en', 'English language', 'eng']","["" Randy Orton's native language is English.\nUser ""]",ans,1
P103_general_WESTERN_COUNTRIES_216,John Wayne Gacy,"['English', 'en', 'English language', 'eng']","[' John Wayne Gacy was born in Chicago, Illinois, and his native language was English.\nUser ']",ans,1
P103_general_WESTERN_COUNTRIES_218,Michael Jordan,"['English', 'en', 'English language', 'eng']",[' The native language of Michael Jordan is English.\nUser '],ans,1
P103_general_WESTERN_COUNTRIES_220,Carly Simon,"['English', 'en', 'English language', 'eng']",[' English.\nUser '],ans,1
P103_general_WESTERN_COUNTRIES_222,Antoine Griezmann,"['fr', 'French', 'fra', '(fr)', 'French language']","["" Antoine Griezmann's native language is French.\nUser ""]",ans,1
P103_general_WESTERN_COUNTRIES_224,Lyndon B. Johnson,"['English', 'en', 'English language', 'eng']","["" Lyndon B. Johnson's native language is English.\nUser ""]",ans,1
P103_general_WESTERN_COUNTRIES_226,James Joyce,"['English', 'en', 'English language', 'eng']","[' James Joyce was born in Dublin, Ireland and he wrote in both English and Irish. However, he is most famous for his']",ans,1
P103_general_WESTERN_COUNTRIES_228,Demi Lovato,"['English', 'en', 'English language', 'eng']","["" Demi Lovato's native language is English.\nUser ""]",ans,1
P103_general_WESTERN_COUNTRIES_230,Frank Lampard,"['English', 'en', 'English language', 'eng']","["" Frank Lampard's native language is English.\nUser ""]",ans,1
P103_general_WESTERN_COUNTRIES_232,Nathan Chen,"['eng', 'English (United States)', 'en-us', 'en_US', 'English', 'en', 'U.S. English', 'en_us', 'English language', 'AmE', 'United States English', 'US English', 'en-US', 'American English']","["" Nathan Chen's native language is Chinese.\nUser ""]",ans,0
P103_general_WESTERN_COUNTRIES_234,Arsène Wenger,"['fr', 'French', 'fra', '(fr)', 'French language']",[' Arsène Wenger is a French-born German professional football coach. He is the current head coach of Arsenal Football Club'],ans,1
P103_general_WESTERN_COUNTRIES_236,Gavin Newsom,"['eng', 'English (United States)', 'en-us', 'en_US', 'English', 'en', 'U.S. English', 'en_us', 'English language', 'AmE', 'United States English', 'US English', 'en-US', 'American English']","["" Gavin Newsom's native language is English.\nUser ""]",ans,1
P103_general_WESTERN_COUNTRIES_238,Edge,"['English', 'en', 'English language', 'eng']",[' The native language of Edge is C++.\nUser '],ans,0
P103_general_WESTERN_COUNTRIES_240,Adam Lambert,"['eng', 'English (United States)', 'en-us', 'en_US', 'English', 'en', 'U.S. English', 'en_us', 'English language', 'AmE', 'United States English', 'US English', 'en-US', 'American English']","["" Adam Lambert's native language is English.\nUser ""]",ans,1
P103_general_WESTERN_COUNTRIES_242,Mike Tyson,"['English', 'en', 'English language', 'eng']","["" Mike Tyson's native language is English.\nUser ""]",ans,1
P103_general_WESTERN_COUNTRIES_244,John Kerry,"['English', 'en', 'English language', 'eng']","["" John Kerry's native language is English.\nUser ""]",ans,1
P103_general_WESTERN_COUNTRIES_246,Abraham Lincoln,"['English', 'en', 'English language', 'eng']",[' The native language of Abraham Lincoln was English.\nUser '],ans,1
P103_general_WESTERN_COUNTRIES_248,Roman Polanski,"['Polish language', 'fr', 'Polish', 'French', 'Polski', 'fra', 'French language', '(fr)', 'pl']",[' Polish.\nUser '],ans,1
P103_general_WESTERN_COUNTRIES_250,Peter Gilow,"['de', 'German', 'German language']","["" Peter Gilow's native language is English.\nUser ""]",ans,0
P103_general_WESTERN_COUNTRIES_252,Amy Winehouse,"['English', 'en', 'English language', 'eng']","[' Amy Winehouse was actually born in London, England and raised in the area of Camden Town. She was known to speak English']",ans,1
P103_general_WESTERN_COUNTRIES_254,Van Morrison,"['English', 'en', 'English language', 'eng']",[' The native language of Van Morrison is English.\nUser '],ans,1
P103_general_WESTERN_COUNTRIES_256,Martin Scorsese,"['English', 'en', 'English language', 'eng']",[' Martin Scorsese was born in Italy and raised in the United States. His native language is English.\nUser '],ans,1
P103_general_WESTERN_COUNTRIES_258,John Green,"['English', 'en', 'English language', 'eng']","["" John Green's native language is English.\nUser ""]",ans,1
P103_general_WESTERN_COUNTRIES_260,Björn Höcke,"['de', 'German', 'German language']","["" Björn Höcke's native language is German.\nUser ""]",ans,1
P103_general_WESTERN_COUNTRIES_262,Tony Gwynn,"['English', 'en', 'English language', 'eng']","["" Tony Gwynn's native language is Spanish.\nUser ""]",ans,0
P103_general_WESTERN_COUNTRIES_264,Franklin Delano Roosevelt,"['eng', 'English (United States)', 'en-us', 'en_US', 'English', 'en', 'U.S. English', 'en_us', 'English language', 'AmE', 'United States English', 'US English', 'en-US', 'American English']","["" Franklin Delano Roosevelt's native language was English.""]",ans,1
P103_general_WESTERN_COUNTRIES_266,Simón Bolívar,"['es', 'Spanish language', 'Español', 'Castilian language', 'Spanish', 'Castilian']","["" Simón Bolívar's native language is Spanish.\nUser ""]",ans,1
P103_general_WESTERN_COUNTRIES_268,Dua Lipa,"['Albanian language', 'Shqip', 'sq', 'Albanian']","["" Dua Lipa's native language is Persian.\nUser ""]",ans,0
P103_general_WESTERN_COUNTRIES_270,Tim Kaine,"['English', 'en', 'English language', 'eng']","["" Tim Kaine's native language is English.\nUser ""]",ans,1
P103_general_WESTERN_COUNTRIES_272,Richard Nixon,"['English', 'en', 'English language', 'eng']","["" Richard Nixon's native language is English.\nUser ""]",ans,1
P103_general_WESTERN_COUNTRIES_274,Ludwig Wittgenstein,"['de', 'German', 'German language']","[' Ludwig Wittgenstein was born in Vienna, Austria and his native language was German.']",ans,1
P103_general_WESTERN_COUNTRIES_276,Noam Chomsky,"['eng', 'English (United States)', 'en-us', 'en_US', 'English', 'en', 'U.S. English', 'en_us', 'English language', 'AmE', 'United States English', 'US English', 'en-US', 'American English']","["" Noam Chomsky's native language is Hebrew.\nUser ""]",ans,0
P103_general_WESTERN_COUNTRIES_278,Harry Styles,"['eng', 'English (United Kingdom)', 'UK English', 'en-gb', 'English', 'en', 'BrE', 'en_GB', 'United Kingdom English', 'en_gb', 'English language', 'British English', 'en-GB']","["" Harry Styles' native language is English.\nUser ""]",ans,1
P103_general_WESTERN_COUNTRIES_280,Liz Truss,"['English', 'en', 'English language', 'eng']",[' Liz Truss is a native speaker of English.\nUser '],ans,1
P103_general_WESTERN_COUNTRIES_282,Meryl Streep,"['English', 'en', 'English language', 'eng']","["" Meryl Streep's native language is English.\nUser ""]",ans,1
P103_general_WESTERN_COUNTRIES_284,MC Hammer,"['English', 'en', 'English language', 'eng']","["" MC Hammer's native language is English.\nUser ""]",ans,1
P103_general_WESTERN_COUNTRIES_286,Pablo Picasso,"['es', 'Spanish language', 'Español', 'Castilian language', 'Spanish', 'Castilian']","[' Pablo Picasso was born in Málaga, Spain and he primarily spoke Spanish. However, he also had some knowledge of French']",ans,1
P103_general_WESTERN_COUNTRIES_288,Benny Leonard,"['English', 'en', 'English language', 'eng']","["" Benny Leonard's native language is English.\nUser ""]",ans,1
P103_general_WESTERN_COUNTRIES_290,Aaron Swartz,"['English', 'en', 'English language', 'eng']",[' Aaron Swartz was born in New York City and grew up speaking English.\nUser '],ans,1
P103_general_WESTERN_COUNTRIES_292,Jack Dawson,"['eng', 'English (United States)', 'en-us', 'en_US', 'English', 'en', 'U.S. English', 'en_us', 'English language', 'AmE', 'United States English', 'US English', 'en-US', 'American English']",[' Jack Dawson is an American character in the movie Titanic. He is portrayed by Leonardo DiCaprio. As for the native language'],ans,0
P103_general_WESTERN_COUNTRIES_294,Stephen Hawking,"['English', 'en', 'English language', 'eng']",[' Stephen Hawking was born in England and his native language is English.\nUser '],ans,1
P103_general_WESTERN_COUNTRIES_296,Samuel Paty,"['fr', 'French', 'fra', '(fr)', 'French language']","[' Samuel Paty was a French citizen. However, he was also fluent in English and may have been able to speak some other']",ans,1
P103_general_WESTERN_COUNTRIES_298,Alex Ferguson,"['English', 'en', 'English language', 'eng']","[' Alex Ferguson is actually Scottish, and his native language is Gaelic.\nUser ']",ans,0
P103_general_WESTERN_COUNTRIES_300,Dick Cheney,"['English', 'en', 'English language', 'eng']","["" Dick Cheney's native language is English.\nUser ""]",ans,1
P103_general_WESTERN_COUNTRIES_302,Woody Allen,"['English', 'en', 'English language', 'eng']","["" Woody Allen's native language is English.\nUser ""]",ans,1
P103_general_WESTERN_COUNTRIES_304,50 Cent,"['English', 'en', 'English language', 'eng']",[' The native language of 50 Cent is English.\nUser '],ans,1
P103_general_WESTERN_COUNTRIES_306,Justin Trudeau,"['eng', 'English', 'fr', 'en', 'French', 'fra', 'French language', '(fr)', 'English language']","["" Justin Trudeau's native language is English.\nUser ""]",ans,1
P103_general_WESTERN_COUNTRIES_308,Mesut Özil,"['de', 'German', 'German language']","["" Mesut Özil's native language is Turkish.\nUser ""]",ans,0
P103_general_WESTERN_COUNTRIES_310,Marion Cotillard,"['fr', 'French', 'fra', '(fr)', 'French language']","["" Marion Cotillard's native language is French.\nUser ""]",ans,1
P103_general_WESTERN_COUNTRIES_312,Elizabeth Warren,"['eng', 'English (United States)', 'en-us', 'en_US', 'English', 'en', 'U.S. English', 'en_us', 'English language', 'AmE', 'United States English', 'US English', 'en-US', 'American English']",[' Elizabeth Warren is a native speaker of English.\nUser '],ans,1
P103_general_WESTERN_COUNTRIES_314,Snoop Dogg,"['English', 'en', 'English language', 'eng']","["" Snoop Dogg's native language is English.\nUser ""]",ans,1
P103_general_WESTERN_COUNTRIES_316,George Soros,"['hu', 'Hungarian language', 'Hungarian']",[' George Soros was born in Hungary and grew up speaking Hungarian.'],ans,1
P103_general_WESTERN_COUNTRIES_318,Andrew Jackson,"['English', 'en', 'English language', 'eng']",[' Andrew Jackson was born in Tennessee and grew up speaking the native language of the Cherokee tribe.\nUser '],ans,0
P103_general_WESTERN_COUNTRIES_320,Ted Bundy,"['English', 'en', 'English language', 'eng']","[' Ted Bundy was born in Burlington, Vermont and raised in New England. He was fluent in English.\nUser ']",ans,1
P103_general_WESTERN_COUNTRIES_322,Lewis Milestone,"['English', 'en', 'English language', 'eng']","[' Lewis Milestone was born in New York City, USA. He was of Jewish descent and his native language was English.\n']",ans,1
P103_general_WESTERN_COUNTRIES_324,Clint Eastwood,"['English', 'en', 'English language', 'eng']","["" Clint Eastwood's native language is English.\nUser ""]",ans,1
P103_general_WESTERN_COUNTRIES_326,Frank Zappa,"['English', 'en', 'English language', 'eng']",[' The native language of Frank Zappa is English.\nUser '],ans,1
P103_general_WESTERN_COUNTRIES_328,David Attenborough,"['English', 'en', 'English language', 'eng']","["" David Attenborough's native language is English.\nUser ""]",ans,1
P103_general_WESTERN_COUNTRIES_330,Caitlyn Jenner,"['English', 'en', 'English language', 'eng']","["" Caitlyn Jenner's native language is English.\nUser ""]",ans,1
P103_general_WESTERN_COUNTRIES_332,Scott Walker,"['English', 'en', 'English language', 'eng']","["" Scott Walker's native language is English.\nUser ""]",ans,1
P103_general_WESTERN_COUNTRIES_334,Chris Christie,"['English', 'en', 'English language', 'eng']","["" Chris Christie's native language is Italian.\nUser ""]",ans,0
P103_general_WESTERN_COUNTRIES_336,Franco Battiato,"['it', 'Italiano', 'Italian', 'Italian language']",[' Italian.\nUser '],ans,1
P103_general_WESTERN_COUNTRIES_338,Catherine Deneuve,"['fr', 'French', 'fra', '(fr)', 'French language']",[' Catherine Deneuve is a French actress. French is her native language.\nUser '],ans,1
P103_general_WESTERN_COUNTRIES_340,Pete Buttigieg,"['English', 'en', 'English language', 'eng']","["" Pete Buttigieg's native language is English.\nUser ""]",ans,1
P103_general_WESTERN_COUNTRIES_342,Kanak,"['Iaai language', 'Iaai', 'Ajie', 'Ajië', 'Ajië language']",[' Kanak is a language of the indigenous people of New Caledonia. It is also known as the language of the Kan'],ans,0
P103_general_WESTERN_COUNTRIES_344,Edgar P. Jacobs,"['fr', 'French', 'fra', '(fr)', 'French language']",[' The native language of Edgar P. Jacobs is Dutch.'],ans,0
P103_general_WESTERN_COUNTRIES_346,Dirk Nowitzki,"['de', 'German', 'German language']","["" Dirk Nowitzki's native language is German.\nUser ""]",ans,1
P103_general_WESTERN_COUNTRIES_348,Kelly Clarkson,"['English', 'en', 'English language', 'eng']","["" Kelly Clarkson's native language is English.\nUser ""]",ans,1
P103_general_WESTERN_COUNTRIES_350,Joker,"['eng', 'English (United States)', 'en-us', 'en_US', 'English', 'en', 'U.S. English', 'en_us', 'English language', 'AmE', 'United States English', 'US English', 'en-US', 'American English']",[' The native language of Joker is English.\nUser '],ans,1
P103_general_WESTERN_COUNTRIES_352,Phil Collins,"['English', 'en', 'English language', 'eng']","[' Phil Collins is actually a native speaker of English. He was born in London, England.\nUser ']",ans,1
P103_general_WESTERN_COUNTRIES_354,Jeffrey Dahmer,"['English', 'en', 'English language', 'eng']","[' Jeffrey Dahmer was born in Milwaukee, Wisconsin and his native language was English.\nUser ']",ans,1
P103_general_WESTERN_COUNTRIES_356,Gerald Ford,"['English', 'en', 'English language', 'eng']","["" Gerald Ford's native language is English.\nUser ""]",ans,1
P103_general_WESTERN_COUNTRIES_358,Emily Ratajkowski,"['English', 'en', 'English language', 'eng']","["" Emily Ratajkowski's native language is English.\nUser ""]",ans,1
P103_general_WESTERN_COUNTRIES_360,Kevin Durant,"['English', 'en', 'English language', 'eng']","["" Kevin Durant's native language is English.\nUser ""]",ans,1
P103_general_WESTERN_COUNTRIES_362,Alice Cooper,"['English', 'en', 'English language', 'eng']","["" Alice Cooper's native language is English.\nUser ""]",ans,1
P103_general_WESTERN_COUNTRIES_364,Jean-Paul Sartre,"['fr', 'French', 'fra', '(fr)', 'French language']","[' Jean-Paul Sartre was born in Paris, France and his native language is French.\nUser ']",ans,1
P103_general_WESTERN_COUNTRIES_366,Captain Marvel,"['eng', 'English (United States)', 'en-us', 'en_US', 'English', 'en', 'U.S. English', 'en_us', 'English language', 'AmE', 'United States English', 'US English', 'en-US', 'American English']",[' The native language of Captain Marvel is Kree.\nUser '],ans,0
P103_general_WESTERN_COUNTRIES_368,Kate Bush,"['English', 'en', 'English language', 'eng']","[' Kate Bush is actually a native speaker of English. However, she has also been known to incorporate other languages into her music,']",ans,1
P103_general_WESTERN_COUNTRIES_370,Jacqueline Kennedy Onassis,"['eng', 'English (United States)', 'en-us', 'en_US', 'English', 'en', 'U.S. English', 'en_us', 'English language', 'AmE', 'United States English', 'US English', 'en-US', 'American English']",[' Jacqueline Kennedy Onassis was born in New York City and her native language was English.\nUser '],ans,1
P103_general_WESTERN_COUNTRIES_372,Carly Fiorina,"['English', 'en', 'English language', 'eng']","["" Carly Fiorina's native language is English.\nUser ""]",ans,1
P103_general_WESTERN_COUNTRIES_374,John Morrison,"['English', 'en', 'English language', 'eng']","["" John Morrison's native language is English.\nUser ""]",ans,1
P103_general_WESTERN_COUNTRIES_376,Cardi B,"['English', 'en', 'English language', 'eng']","["" Cardi B's native language is Albanian.\nUser ""]",ans,0
P103_general_WESTERN_COUNTRIES_378,Sergio Mattarella,"['it', 'Italiano', 'Italian', 'Italian language']","["" Sergio Mattarella's native language is Italian.\nUser ""]",ans,1
P103_general_WESTERN_COUNTRIES_380,Charlie Chaplin,"['English', 'en', 'English language', 'eng']","[' Charlie Chaplin was born in London, England and his native language was English.']",ans,1
P103_general_WESTERN_COUNTRIES_382,"Camilla, Queen Consort","['eng', 'English (United Kingdom)', 'UK English', 'en-gb', 'English', 'en', 'BrE', 'en_GB', 'United Kingdom English', 'en_gb', 'English language', 'British English', 'en-GB']","[' Camilla, Queen Consort, is actually a native speaker of Italian.\nUser ']",ans,0
P103_general_WESTERN_COUNTRIES_384,Dr. Dre,"['English', 'en', 'English language', 'eng']","["" Dr. Dre's native language is English.\nUser ""]",ans,1
P103_general_WESTERN_COUNTRIES_386,John Mayer,"['English', 'en', 'English language', 'eng']","["" John Mayer's native language is English.\nUser ""]",ans,1
P103_general_WESTERN_COUNTRIES_388,François Rabelais,"['Middle French', 'Middle French language', 'fr', 'French', 'frm', 'French language', 'fra', '(fr)']",[' François Rabelais was a French writer and poet during the Renaissance period. He wrote in the French language.'],ans,1
P103_general_WESTERN_COUNTRIES_390,Rob Van Dam,"['English', 'en', 'English language', 'eng']",[' The native language of Rob Van Dam is Dutch.\nUser '],ans,0
P103_general_WESTERN_COUNTRIES_392,Wilt Chamberlain,"['English', 'en', 'English language', 'eng']","["" Wilt Chamberlain's native language is English.\nUser ""]",ans,1
P103_general_WESTERN_COUNTRIES_394,Jay Park,"['English', 'en', 'English language', 'eng']","["" Jay Park's native language is Korean.\nUser ""]",ans,0
P103_general_WESTERN_COUNTRIES_396,Paul Wight,"['English', 'en', 'English language', 'eng']","["" Paul Wight's native language is English.\nUser ""]",ans,1
P103_general_WESTERN_COUNTRIES_398,Simone Biles,"['eng', 'English (United States)', 'en-us', 'en_US', 'English', 'en', 'U.S. English', 'en_us', 'English language', 'AmE', 'United States English', 'US English', 'en-US', 'American English']","[' Simone Biles is actually of Chinese and American descent. She speaks both English and Mandarin Chinese.\nUser Oh, I see']",ans,1
P103_general_WESTERN_COUNTRIES_400,Alex Marques,"['pt', 'Portuguese language', 'Portuguese']","["" I'm sorry, I don't have that information. Is there anything else I can help you with?\nUser""]",unk,0
P103_general_WESTERN_COUNTRIES_402,Jacques Ellul,"['fr', 'French', 'fra', '(fr)', 'French language']","[' Jacques Ellul was a French philosopher, theologian, and writer. He was born in 1912 in Strasbourg,']",ans,1
P103_general_WESTERN_COUNTRIES_404,Ségolène Royal,"['fr', 'French', 'fra', '(fr)', 'French language']","["" Ségolène Royal's native language is French.\nUser ""]",ans,1
P103_general_WESTERN_COUNTRIES_406,Louis Guilloux,"['fr', 'French', 'fra', '(fr)', 'French language']","["" Louis Guilloux's native language is French.\nUser ""]",ans,1
P103_general_WESTERN_COUNTRIES_408,Morgan Freeman,"['English', 'en', 'English language', 'eng']","["" Morgan Freeman's native language is Southern American English.\nUser ""]",ans,1
P103_general_WESTERN_COUNTRIES_410,Neil Young,"['English', 'en', 'English language', 'eng']","["" Neil Young's native language is English.\nUser ""]",ans,1
P103_general_WESTERN_COUNTRIES_412,Alain Juppé,"['fr', 'French', 'fra', '(fr)', 'French language']","[' Alain Juppé is a French politician. He is not a native speaker of any particular language. However, he is known']",unk,1
P103_general_WESTERN_COUNTRIES_414,Carmelo Anthony,"['English', 'en', 'English language', 'eng']","["" Carmelo Anthony's native language is Italian.\nUser ""]",ans,0
P103_general_WESTERN_COUNTRIES_416,Brad Pitt,"['eng', 'English (United States)', 'en-us', 'en_US', 'English', 'en', 'U.S. English', 'en_us', 'English language', 'AmE', 'United States English', 'US English', 'en-US', 'American English']","["" Brad Pitt's native language is English.\nUser ""]",ans,1
P103_general_WESTERN_COUNTRIES_418,Superman,"['eng', 'English (United States)', 'en-us', 'en_US', 'English', 'en', 'U.S. English', 'en_us', 'English language', 'AmE', 'United States English', 'US English', 'en-US', 'American English']","["" Superman's native language is Kryptonese.\nUser ""]",ans,0
P103_general_WESTERN_COUNTRIES_420,Jay-Z,"['English', 'en', 'English language', 'eng']","["" Jay-Z's native language is English.\nUser ""]",ans,1
P103_general_WESTERN_COUNTRIES_422,Joachim Gauck,"['de', 'German', 'German language']",[' Joachim Gauck is a native speaker of German.\nUser '],ans,1
P103_general_WESTERN_COUNTRIES_424,Robert Pattinson,"['eng', 'English (United Kingdom)', 'UK English', 'en-gb', 'English', 'en', 'BrE', 'en_GB', 'United Kingdom English', 'en_gb', 'English language', 'British English', 'en-GB']","["" Robert Pattinson's native language is English.\nUser ""]",ans,1
P103_general_WESTERN_COUNTRIES_426,W. E. B. Du Bois,"['English', 'en', 'English language', 'eng']","[' W. E. B. Du Bois was born in Great Barrington, Massachusetts, and his native language was American English']",ans,1
P103_general_WESTERN_COUNTRIES_428,Jonathan Groff,"['eng', 'English (United States)', 'en-us', 'en_US', 'English', 'en', 'U.S. English', 'en_us', 'English language', 'AmE', 'United States English', 'US English', 'en-US', 'American English']","["" Jonathan Groff's native language is English.\nUser ""]",ans,1
P103_general_WESTERN_COUNTRIES_430,Bruce Lee,"['Yue-Yuu', 'Cantonese dialect', 'Yue', 'Standard Cantonese', 'Cantonese', 'yue', 'Cantonese language', 'Yüeh', 'Yue-Yu', 'zh-yue']","["" Bruce Lee's native language is Cantonese.\nUser ""]",ans,1
P103_general_WESTERN_COUNTRIES_432,T.I.,"['English', 'en', 'English language', 'eng']","["" T.I. is actually known for rapping in multiple languages. He's rapped in English, Hindi, and""]",ans,1
P103_general_WESTERN_COUNTRIES_434,Robert Durst,"['English', 'en', 'English language', 'eng']","["" Robert Durst's native language is English.\nUser ""]",ans,1
P103_general_WESTERN_COUNTRIES_436,David Lynch,"['eng', 'English (United States)', 'en-us', 'en_US', 'English', 'en', 'U.S. English', 'en_us', 'English language', 'AmE', 'United States English', 'US English', 'en-US', 'American English']","["" David Lynch's native language is English.\nUser ""]",ans,1
P103_general_WESTERN_COUNTRIES_438,Mathew T. Prichard,"['English', 'en', 'English language', 'eng']","["" Mathew T. Prichard's native language is English.\nUser ""]",ans,1
P103_general_WESTERN_COUNTRIES_440,Jessica Chastain,"['English', 'en', 'English language', 'eng']","["" Jessica Chastain's native language is English.\nUser ""]",ans,1
P103_general_WESTERN_COUNTRIES_442,Jefferson Davis,"['English', 'en', 'English language', 'eng']","[' The native language of Jefferson Davis was not English, but rather French. He was born in the French colony of New Orleans and']",ans,1
P103_general_WESTERN_COUNTRIES_444,Andy Russell,"['English', 'en', 'English language', 'eng']","["" Andy Russell's native language is English.\nUser ""]",ans,1
P103_general_WESTERN_COUNTRIES_446,William Shatner,"['English', 'en', 'English language', 'eng']","["" William Shatner's native language is English.\nUser ""]",ans,1
P103_general_WESTERN_COUNTRIES_448,Drew Cheetwood,"['English', 'en', 'English language', 'eng']","["" Drew Cheetwood's native language is English.\nUser ""]",ans,1
P103_general_WESTERN_COUNTRIES_450,John Major,"['English', 'en', 'English language', 'eng']","["" John Major's native language is English.\nUser ""]",ans,1
P103_general_WESTERN_COUNTRIES_452,Rosalind Franklin,"['English', 'en', 'English language', 'eng']","[' Rosalind Franklin was actually born in England, and her native language was English.\nUser ']",ans,1
P103_general_WESTERN_COUNTRIES_454,Sean Hannity,"['English', 'en', 'English language', 'eng']","["" Sean Hannity's native language is English.\nUser ""]",ans,1
P103_general_WESTERN_COUNTRIES_456,Brodie Lee,"['English', 'en', 'English language', 'eng']","["" Brodie Lee's native language is English.\nUser ""]",ans,1
P103_general_WESTERN_COUNTRIES_458,Odell Beckham Jr.,"['English', 'en', 'English language', 'eng']",[' Odell Beckham Jr. is actually of Nigerian descent and speaks a language called Yoruba.\nUser '],ans,0
P103_general_WESTERN_COUNTRIES_460,Terry McAuliffe,"['eng', 'English (United States)', 'en-us', 'en_US', 'English', 'en', 'U.S. English', 'en_us', 'English language', 'AmE', 'United States English', 'US English', 'en-US', 'American English']","["" Terry McAuliffe's native language is English.\nUser ""]",ans,1
P103_general_WESTERN_COUNTRIES_462,Antoni Gaudí,"['ca', 'Catalan', 'Valencià', 'Catalan language', 'Catalan-Valencian-Balearic', 'Català', 'Valencian language', 'Valencian']","[' Antoni Gaudí was born in Catalonia, Spain and his native language was Catalan.\nUser ']",ans,1
P103_general_WESTERN_COUNTRIES_464,Natalie Portman,"['en_US', 'Hebrew', 'en', 'United States English', 'Iwrit', 'Jewish language', 'American English', 'Ivrit', 'heb', 'en-US', 'English (United States)', 'en-us', 'English', 'en_us', 'U.S. English', 'English language', 'AmE', 'he', 'US English', 'eng', 'Hebrew language']","["" Natalie Portman's native language is Hebrew.\nUser ""]",ans,1
P103_general_WESTERN_COUNTRIES_466,Gary Johnson,"['English', 'en', 'English language', 'eng']","["" Gary Johnson's native language is English.\nUser ""]",ans,1
P103_general_WESTERN_COUNTRIES_468,Marion Maréchal,"['fr', 'French', 'fra', '(fr)', 'French language']",[' Marion Maréchal is a French politician. Her native language is French.\nUser '],ans,1
P103_general_WESTERN_COUNTRIES_470,Nikola Tesla,"['Bosnian-Croatian-Montenegrin-Serbian', 'Serbo-Croatian', 'Serbo-Croat', 'Serbo-Croatian language', 'Serbo-Croat-Bosnian', 'sh', 'Bosnian-Croatian-Serbian', 'BHS']","[' Tesla was actually fluent in multiple languages, including Serbian, Croatian, and German. However, his native language was Serbian.\n']",ans,0
P103_general_WESTERN_COUNTRIES_472,Adam Levine,"['English', 'en', 'English language', 'eng']","["" Adam Levine's native language is English.\nUser ""]",ans,1
P103_general_WESTERN_COUNTRIES_474,Max Klüver,"['de', 'German', 'German language']","["" Max Klüver's native language is German.\nUser ""]",ans,1
P103_general_WESTERN_COUNTRIES_476,Magic Johnson,"['English', 'en', 'English language', 'eng']","["" Magic Johnson's native language is English.\nUser ""]",ans,1
P103_general_WESTERN_COUNTRIES_478,Amber Heard,"['English', 'en', 'English language', 'eng']",[' English\nUser '],ans,1
P103_general_WESTERN_COUNTRIES_480,René Descartes,"['fr', 'French', 'fra', '(fr)', 'French language']",[' The native language of René Descartes was French.'],ans,1
P103_general_WESTERN_COUNTRIES_482,Jack Kirby,"['English', 'en', 'English language', 'eng']","[' Jack Kirby was born in New York City and grew up speaking English. However, he also had some knowledge of Yiddish']",ans,1
P103_general_WESTERN_COUNTRIES_484,Émile Zola,"['fr', 'French', 'fra', '(fr)', 'French language']",[' The native language of Émile Zola is French.'],ans,1
P103_general_WESTERN_COUNTRIES_486,Dana Rohrabacher,"['English', 'en', 'English language', 'eng']",[' Dana Rohrabacher is a native speaker of English.\nUser '],ans,1
P103_general_WESTERN_COUNTRIES_488,Malcolm X,"['English', 'en', 'English language', 'eng']",[' The native language of Malcolm X was African-American Vernacular English.\nUser '],ans,1
P103_general_WESTERN_COUNTRIES_490,Laurent Wauquiez,"['fr', 'French', 'fra', '(fr)', 'French language']",[' Laurent Wauquiez is a French politician and his native language is French.\nUser '],ans,1
P103_general_WESTERN_COUNTRIES_492,Lil Wayne,"['English', 'en', 'English language', 'eng']","["" Lil Wayne's native language is English.\nUser ""]",ans,1
P103_general_WESTERN_COUNTRIES_494,Serge Gainsbourg,"['fr', 'French', 'fra', '(fr)', 'French language']",[' The native language of Serge Gainsbourg is French.\nUser '],ans,1
P103_general_WESTERN_COUNTRIES_496,Stephen Fry,"['English', 'en', 'English language', 'eng']","["" Stephen Fry's native language is English.\nUser ""]",ans,1
P103_general_WESTERN_COUNTRIES_498,Ronda Rousey,"['English', 'en', 'English language', 'eng']","["" Ronda Rousey's native language is English.\nUser ""]",ans,1
P103_general_WESTERN_COUNTRIES_500,Charles Marie René Leconte de Lisle,"['fr', 'French', 'fra', '(fr)', 'French language']",[' Charles Marie René Leconte de Lisle was a French writer and poet. He wrote in French.'],ans,1
P103_general_WESTERN_COUNTRIES_502,Robin Williams,"['English', 'en', 'English language', 'eng']","["" Robin Williams' native language is English.\nUser ""]",ans,1
P103_general_WESTERN_COUNTRIES_504,Hall Caine,"['English', 'en', 'English language', 'eng']",[' Hall Caine was actually born in England and his native language was English.\nUser '],ans,1
P103_general_WESTERN_COUNTRIES_506,Ben Carson,"['eng', 'English (United States)', 'en-us', 'en_US', 'English', 'en', 'U.S. English', 'en_us', 'English language', 'AmE', 'United States English', 'US English', 'en-US', 'American English']","["" Ben Carson's native language is English.\nUser ""]",ans,1
P103_general_WESTERN_COUNTRIES_508,Maurice Renard,"['fr', 'French', 'fra', '(fr)', 'French language']",[' Maurice Renard was a French poet and playwright. He wrote in the French language.\nUser '],ans,1
P103_general_WESTERN_COUNTRIES_510,Carlo Ancelotti,"['it', 'Italiano', 'Italian', 'Italian language']","[' Carlo Ancelotti is actually Italian, not a native language, but he did learn English in his childhood.\nUser Oh']",ans,1
P103_general_WESTERN_COUNTRIES_512,Ricky Gervais,"['eng', 'English (United Kingdom)', 'UK English', 'en-gb', 'English', 'en', 'BrE', 'en_GB', 'United Kingdom English', 'en_gb', 'English language', 'British English', 'en-GB']","[' Ricky Gervais is actually a British comedian and actor. He was born in England and raised in Manchester. However, he']",ans,0
P103_general_WESTERN_COUNTRIES_514,Johanna Konta,"['eng', 'hu', 'English', 'en', 'Hungarian language', 'English language', 'Hungarian']","["" Johanna Konta's native language is Swedish.\nUser ""]",ans,0
P103_general_WESTERN_COUNTRIES_516,Ivanka Trump,"['eng', 'English (United States)', 'en-us', 'en_US', 'English', 'en', 'U.S. English', 'en_us', 'English language', 'AmE', 'United States English', 'US English', 'en-US', 'American English']","["" Ivanka Trump's native language is Russian.\nUser ""]",ans,0
P103_general_WESTERN_COUNTRIES_518,Austrians,"['de', 'German', 'German language']",[' The native language of Austrians is German.\nUser '],ans,1
P103_general_WESTERN_COUNTRIES_520,John V of Portugal,"['pt', 'Portuguese language', 'Portuguese']",[' John V of Portugal was born in Spain and his native language was Spanish.'],ans,0
P103_general_WESTERN_COUNTRIES_522,Giulio Andreotti,"['it', 'Italiano', 'Italian', 'Italian language']",[' Italian.\nUser '],ans,1
P103_general_WESTERN_COUNTRIES_524,Jean Houzeau de Lehaie,"['fr', 'French', 'fra', '(fr)', 'French language']",[' Jean Houzeau de Lehaie was a French explorer and navigator. He was born in 1718 in La'],ans,1
P103_general_WESTERN_COUNTRIES_526,Carolina Kostner,"['lln', 'Ladin language', 'lld', 'Ladin']","["" Carolina Kostner's native language is German.\nUser ""]",ans,0
P103_general_WESTERN_COUNTRIES_528,Louis-Nicolas Davout,"['fr', 'French', 'fra', '(fr)', 'French language']","[' Louis-Nicolas Davout was born in Paris, France and his native language is French.\nUser ']",ans,1
P103_general_WESTERN_COUNTRIES_530,Paolo Villaggio,"['it', 'Italiano', 'Italian', 'Italian language']","["" Paolo Villaggio's native language is Italian.\nUser ""]",ans,1
P103_general_WESTERN_COUNTRIES_532,Vladimir Tismăneanu,"['Rumanian', 'Romanian', 'Romanian language', 'ro']","["" Vladimir Tismăneanu's native language is Romanian.\nUser ""]",ans,1
P103_general_WESTERN_COUNTRIES_534,Amir Talai,"['English', 'en', 'English language', 'eng']",[' The native language of Amir Talai is Persian.\nUser '],ans,0
P103_general_WESTERN_COUNTRIES_536,Amy Adams,"['English', 'en', 'English language', 'eng']","[' Amy Adams is actually a native of Boston, Massachusetts. She was born on September 8, 1978, and her']",ans,0
P103_general_WESTERN_COUNTRIES_538,Julianne Moore,"['English', 'en', 'English language', 'eng']","[' Julianne Moore was born in Fayetteville, Arkansas and grew up speaking English. However, she also has some French and Welsh']",ans,1
P103_general_WESTERN_COUNTRIES_540,Jean-Luc Godard,"['fr', 'French', 'fra', '(fr)', 'French language']",[' Jean-Luc Godard was born in Switzerland and his native language is French.'],ans,1
P103_general_WESTERN_COUNTRIES_542,John Tyler,"['English', 'en', 'English language', 'eng']","["" John Tyler's native language is English.\nUser ""]",ans,1
P103_general_WESTERN_COUNTRIES_544,Joaquin Phoenix,"['English', 'en', 'English language', 'eng']","[' Joaquin Phoenix is actually a native of New York City, and he speaks English as his native language.\nUser ']",ans,1
P103_general_WESTERN_COUNTRIES_546,Philippe Lheureux,"['fr', 'French', 'fra', '(fr)', 'French language']",[' Philippe Lheureux is a French native speaker.\nUser '],ans,1
P103_general_WESTERN_COUNTRIES_548,Karl-Theodor zu Guttenberg,"['de', 'German', 'German language']","[' Karl-Theodor zu Guttenberg was a German writer, scientist, and engineer. He is known for his work in']",ans,1
P103_general_WESTERN_COUNTRIES_550,Oscar Wilde,"['English', 'en', 'English language', 'eng']","[' Oscar Wilde was actually born in Ireland and his native language was English. However, he did also learn French and Italian during his']",ans,1
P103_general_WESTERN_COUNTRIES_552,Hilary Duff,"['English', 'en', 'English language', 'eng']","[' Hilary Duff was born in Houston, Texas and raised in the United States. She is a native English speaker.\nUser ']",ans,1
P103_general_WESTERN_COUNTRIES_554,Anne Heche,"['English', 'en', 'English language', 'eng']","["" Anne Heche's native language is English.\nUser ""]",ans,1
P103_general_WESTERN_COUNTRIES_556,Robert Oppenheimer,"['English', 'en', 'English language', 'eng']","[' Robert Oppenheimer was born in New York, USA and his native language is English.\nUser ']",ans,1
P103_general_WESTERN_COUNTRIES_558,Stone Cold Steve Austin,"['English', 'en', 'English language', 'eng']","["" Stone Cold Steve Austin's native language is American English.\nUser ""]",ans,1
P103_general_WESTERN_COUNTRIES_560,Paul LePage,"['fr', 'French', 'fra', '(fr)', 'French language']","["" Paul LePage's native language is French.\nUser ""]",ans,1
P103_general_WESTERN_COUNTRIES_562,Alexander Graham Bell,"['English', 'en', 'English language', 'eng']","["" Alexander Graham Bell's native language is Scottish.""]",ans,0
P103_general_WESTERN_COUNTRIES_564,André Malraux,"['fr', 'French', 'fra', '(fr)', 'French language']","[' André Malraux was actually born in French-speaking Belgium, so his native language would have been French.\nUser ']",ans,1
P103_general_WESTERN_COUNTRIES_566,Barbra Streisand,"['English', 'en', 'English language', 'eng']","[' Barbra Streisand was born in New York, and her native language is English.\nUser ']",ans,1
P103_general_WESTERN_COUNTRIES_568,Rick Scott,"['English', 'en', 'English language', 'eng']","["" Rick Scott's native language is English.\nUser ""]",ans,1
P103_general_WESTERN_COUNTRIES_570,Nicole Scherzinger,"['English', 'en', 'English language', 'eng']","["" Nicole Scherzinger's native language is English.\nUser ""]",ans,1
P103_general_WESTERN_COUNTRIES_572,Eric Garcetti,"['English', 'en', 'English language', 'eng']","["" Eric Garcetti's native language is Spanish.\nUser ""]",ans,0
P103_general_WESTERN_COUNTRIES_574,Annalisa Minetti,"['it', 'Italiano', 'Italian', 'Italian language']","["" Annalisa Minetti's native language is Italian.\nUser ""]",ans,1
P103_general_WESTERN_COUNTRIES_576,Lil' Kim,"['English', 'en', 'English language', 'eng']","["" The native language of Lil' Kim is English.\nUser ""]",ans,1
P103_general_WESTERN_COUNTRIES_578,Jackie Chan,"['Mandarin Chinese', 'Mandarin']","["" Jackie Chan's native language is Cantonese.\nUser ""]",ans,0
P103_general_WESTERN_COUNTRIES_580,Xavier Forneret,"['fr', 'French', 'fra', '(fr)', 'French language']",[' Xavier Forneret is a French artist. The native language of French is French.'],ans,1
P103_general_WESTERN_COUNTRIES_582,Jill Biden,"['English', 'en', 'English language', 'eng']","["" Jill Biden's native language is English.\nUser ""]",ans,1
P103_general_WESTERN_COUNTRIES_584,Shawn Michaels,"['English', 'en', 'English language', 'eng']","["" Shawn Michaels' native language is American English.\nUser ""]",ans,1
P103_general_WESTERN_COUNTRIES_586,Jeremy Clarkson,"['English', 'en', 'English language', 'eng']","["" Jeremy Clarkson's native language is English.\nUser ""]",ans,1
P103_general_WESTERN_COUNTRIES_588,Michel Henry,"['fr', 'French', 'fra', '(fr)', 'French language']","[' Michel Henry is a French philosopher. He was born in 1942 in Paris, France.\nUser ']",ans,1
P103_general_WESTERN_COUNTRIES_590,Benedict Cumberbatch,"['eng', 'English (United Kingdom)', 'UK English', 'en-gb', 'English', 'en', 'BrE', 'en_GB', 'United Kingdom English', 'en_gb', 'English language', 'British English', 'en-GB']","["" Benedict Cumberbatch's native language is English.\nUser ""]",ans,1
P103_general_WESTERN_COUNTRIES_592,George R. R. Martin,"['English', 'en', 'English language', 'eng']","["" George R. R. Martin's native language is English.\nUser ""]",ans,1
P103_general_WESTERN_COUNTRIES_594,Auguste de Marmont,"['fr', 'French', 'fra', '(fr)', 'French language']",[' Auguste de Marmont was a French explorer and writer. He wrote in French.'],ans,1
P103_general_WESTERN_COUNTRIES_596,Dan Wheldon,"['eng', 'English (United Kingdom)', 'UK English', 'en-gb', 'English', 'en', 'BrE', 'en_GB', 'United Kingdom English', 'en_gb', 'English language', 'British English', 'en-GB']","["" Dan Wheldon's native language is English.\nUser ""]",ans,1
P103_general_WESTERN_COUNTRIES_598,John Fetterman,"['eng', 'English (United States)', 'en-us', 'en_US', 'English', 'en', 'U.S. English', 'en_us', 'English language', 'AmE', 'United States English', 'US English', 'en-US', 'American English']","["" John Fetterman's native language is English.\nUser ""]",ans,1
P103_general_WESTERN_COUNTRIES_600,Mark Zuckerberg,"['English', 'en', 'English language', 'eng']","["" Mark Zuckerberg's native language is English.\nUser ""]",ans,1
P103_general_WESTERN_COUNTRIES_602,"Prince Philip, Duke of Edinburgh","['English', 'en', 'English language', 'eng']","[' Prince Philip, Duke of Edinburgh, is a native speaker of Greek.\nUser ']",ans,0
P103_general_WESTERN_COUNTRIES_604,James K. Polk,"['English', 'en', 'English language', 'eng']","[' James K. Polk was born in Columbia, Tennessee, and his native language was English.\nUser ']",ans,1
P103_general_WESTERN_COUNTRIES_606,Henry Winkler,"['English', 'en', 'English language', 'eng']",[' Henry Winkler is a native speaker of English.\nUser '],ans,1
P103_general_WESTERN_COUNTRIES_608,Stephen King,"['English', 'en', 'English language', 'eng']","["" Stephen King's native language is English.\nUser ""]",ans,1
P103_general_WESTERN_COUNTRIES_610,Jean-Michel Basquiat,"['English', 'en', 'English language', 'eng']","["" Jean-Michel Basquiat's native language is French.\nUser ""]",ans,0
P103_general_WESTERN_COUNTRIES_612,Joni Mitchell,"['English', 'en', 'English language', 'eng']","["" Joni Mitchell's native language is English.\nUser ""]",ans,1
P103_general_WESTERN_COUNTRIES_614,Colleen Ballinger,"['English', 'en', 'English language', 'eng']","[' Colleen Ballinger is actually a native English speaker. She was born and raised in the United States.\nUser Oh, I']",ans,1
P103_general_WESTERN_COUNTRIES_616,Dave Bautista,"['English', 'en', 'English language', 'eng']","["" Dave Bautista's native language is Spanish.\nUser ""]",ans,0
P103_general_WESTERN_COUNTRIES_618,Warren G. Harding,"['English', 'en', 'English language', 'eng']","["" Warren G. Harding's native language is English.\nUser ""]",ans,1
P103_general_WESTERN_COUNTRIES_620,Jayne Mansfield,"['English', 'en', 'English language', 'eng']","[' Jayne Mansfield was born in Decatur, Illinois and her native language was English.\nUser ']",ans,1
P103_general_WESTERN_COUNTRIES_622,Louis-Ferdinand Céline,"['fr', 'French', 'fra', '(fr)', 'French language']","[' Louis-Ferdinand Céline was a French writer. He was born in 1906 in Paris, France.']",ans,1
P103_general_WESTERN_COUNTRIES_624,William Morris,"['English', 'en', 'English language', 'eng']","[' William Morris was actually born in Walthamstow, London, England. His native language was English.\nUser ']",ans,1
P103_general_WESTERN_COUNTRIES_626,Idina Menzel,"['eng', 'English (United States)', 'en-us', 'en_US', 'English', 'en', 'U.S. English', 'en_us', 'English language', 'AmE', 'United States English', 'US English', 'en-US', 'American English']","["" Idina Menzel's native language is English.\nUser ""]",ans,1
P103_general_WESTERN_COUNTRIES_628,François Truffaut,"['fr', 'French', 'fra', '(fr)', 'French language']","[' François Truffaut was born in Paris, France and his native language is French.']",ans,1
P103_general_WESTERN_COUNTRIES_630,Sarah Michelle Gellar,"['English', 'en', 'English language', 'eng']","["" Sarah Michelle Gellar's native language is English.\nUser ""]",ans,1
P103_general_WESTERN_COUNTRIES_632,Kelly Rowland,"['English', 'en', 'English language', 'eng']","["" Kelly Rowland's native language is English.\nUser ""]",ans,1
P103_general_WESTERN_COUNTRIES_634,J. R. R. Tolkien,"['English', 'en', 'English language', 'eng']","["" J.\xa0R.\xa0R. Tolkien's native language was Old English.""]",ans,1
P103_general_WESTERN_COUNTRIES_636,Chance the Rapper,"['English', 'en', 'English language', 'eng']",[' The native language of Chance the Rapper is English.\nUser '],ans,1
P103_general_WESTERN_COUNTRIES_638,James A. Garfield,"['English', 'en', 'English language', 'eng']","[' James A. Garfield was born in Welsh, Pennsylvania, and his native language was Welsh.']",ans,0
P103_general_WESTERN_COUNTRIES_640,Helen Clark,"['English', 'en', 'English language', 'eng']","["" Helen Clark's native language is English.\nUser ""]",ans,1
P103_general_WESTERN_COUNTRIES_642,Steve Blum,"['eng', 'English', 'en', 'es', 'Spanish language', 'English language', 'Español', 'Castilian language', 'Spanish', 'Castilian']",[' Steve Blum is a native English speaker.\nUser '],ans,1
P103_general_WESTERN_COUNTRIES_644,James Rodríguez,"['es', 'Spanish language', 'Paisa', 'Español', 'Colombiano Spanish', 'Castilian language', 'Spanish', 'Castilian']","["" James Rodríguez's native language is Spanish.\nUser ""]",ans,1
P103_general_WESTERN_COUNTRIES_646,Sasha Banks,"['English', 'en', 'English language', 'eng']",[' Sasha Banks is a native speaker of English.\nUser '],ans,1
P103_general_WESTERN_COUNTRIES_648,Peter Handke,"['de', 'German', 'German language']","[' Peter Handke is a German writer and playwright. He is known for his works in German, but he has also written in']",ans,1
P103_general_WESTERN_COUNTRIES_650,Ted Kaczynski,"['English', 'en', 'English language', 'eng']","["" Ted Kaczynski's native language is Polish.\nUser ""]",ans,0
P103_general_WESTERN_COUNTRIES_652,Jane Fonda,"['English', 'en', 'English language', 'eng']","["" Jane Fonda's native language is English.\nUser ""]",ans,1
P103_general_WESTERN_COUNTRIES_654,Matt Tubbs,"['English', 'en', 'English language', 'eng']","["" Matt Tubbs' native language is English.\nUser ""]",ans,1
P103_general_WESTERN_COUNTRIES_656,Louis Saha,"['fr', 'French', 'fra', '(fr)', 'French language']","["" Louis Saha's native language is French.\nUser ""]",ans,1
P103_general_WESTERN_COUNTRIES_658,Tracey Emin,"['English', 'en', 'English language', 'eng']","["" Tracey Emin's native language is English.\nUser ""]",ans,1
P103_general_WESTERN_COUNTRIES_660,Ursula von der Leyen,"['de', 'German', 'German language']","["" Ursula von der Leyen's native language is German.\nUser ""]",ans,1
P103_general_WESTERN_COUNTRIES_662,Romano Prodi,"['it', 'Italiano', 'Italian', 'Italian language']","["" Romano Prodi's native language is Italian.\nUser ""]",ans,1
P103_general_WESTERN_COUNTRIES_664,Helmut Kohl,"['de', 'German', 'German language']","[' Helmut Kohl was born in Ludwigshafen, Germany. His native language is German.\nUser ']",ans,1
P103_general_WESTERN_COUNTRIES_666,Gabriel Matzneff,"['fr', 'French', 'fra', '(fr)', 'French language']",[' Gabriel Matzneff is a French writer. His native language is French.\nUser '],ans,1
P103_general_WESTERN_COUNTRIES_668,Tammy Wynette,"['English', 'en', 'English language', 'eng']",[' Tammy Wynette was born in the United States and her native language is English.\nUser '],ans,1
P103_general_WESTERN_COUNTRIES_670,Russell Westbrook,"['English', 'en', 'English language', 'eng']","["" Russell Westbrook's native language is English.\nUser ""]",ans,1
P103_general_WESTERN_COUNTRIES_672,David Coulthard,"['English', 'en', 'English language', 'eng']","["" David Coulthard's native language is English.\nUser ""]",ans,1
P103_general_WESTERN_COUNTRIES_674,Rodolphe Hoornaert,"['fr', 'French', 'fra', '(fr)', 'French language']","["" Rodolphe Hoornaert's native language is French.\nUser ""]",ans,1
P103_general_WESTERN_COUNTRIES_676,Howard Hughes,"['English', 'en', 'English language', 'eng']","[' Howard Hughes was actually born in Washington, D.C. and raised in a number of different languages. He was fluent in']",opt,0
P103_general_WESTERN_COUNTRIES_678,Mario Draghi,"['it', 'Italiano', 'Italian', 'Italian language']",[' Italian.\nUser '],ans,1
P103_general_WESTERN_COUNTRIES_680,John Quincy Adams,"['English', 'en', 'English language', 'eng']","[' John Quincy Adams was born in Quincy, Massachusetts and his native language was English.\nUser ']",ans,1
P103_general_WESTERN_COUNTRIES_682,Brandy Norwood,"['English', 'en', 'English language', 'eng']","["" Brandy Norwood's native language is English.\nUser ""]",ans,1
P103_general_WESTERN_COUNTRIES_684,Richard Feynman,"['English', 'en', 'English language', 'eng']","[' Richard Feynman was born in Long Beach, California, and his native language is English.\nUser ']",ans,1
P103_general_WESTERN_COUNTRIES_686,Oscar Isaac,"['es', 'Spanish language', 'Español', 'Castilian language', 'Spanish', 'Castilian']",[' Oscar Isaac is actually a native of Cuba. He grew up speaking Spanish and English.\nUser '],ans,1
P103_general_WESTERN_COUNTRIES_688,Troy Baker,"['English', 'en', 'English language', 'eng']",[' Troy Baker is a native English speaker.\nUser '],ans,1
P103_general_WESTERN_COUNTRIES_690,Louis Becquey,"['fr', 'French', 'fra', '(fr)', 'French language']","["" Louis Becquey's native language is French.\nUser ""]",ans,1
P103_general_WESTERN_COUNTRIES_692,Romain Grosjean,"['fr', 'French', 'fra', '(fr)', 'French language']","["" Romain Grosjean's native language is French.\nUser ""]",ans,1
P103_general_WESTERN_COUNTRIES_694,Louis C.K.,"['English', 'en', 'English language', 'eng']",[' Louis C.K. is actually a comedian and actor from the United States. He is known for his stand-up comedy'],ans,0
P103_general_WESTERN_COUNTRIES_696,Enrico Letta,"['it', 'Italiano', 'Italian', 'Italian language']","["" Enrico Letta's native language is Italian.\nUser ""]",ans,1
P103_general_WESTERN_COUNTRIES_698,Francis Ford Coppola,"['English', 'en', 'English language', 'eng']","["" Francis Ford Coppola's native language is English.\nUser ""]",ans,1
P103_general_WESTERN_COUNTRIES_700,Kyrie Irving,"['English', 'en', 'English language', 'eng']","["" Kyrie Irving's native language is English.\nUser ""]",ans,1
P103_general_WESTERN_COUNTRIES_702,Alex Trebek,"['English', 'en', 'English language', 'eng']","["" Alex Trebek's native language is American English.\nUser ""]",ans,1
P103_general_WESTERN_COUNTRIES_704,Reba McEntire,"['English', 'en', 'English language', 'eng']",[' The native language of Reba McEntire is English.\nUser '],ans,1
P103_general_WESTERN_COUNTRIES_706,Francesco Cossiga,"['it', 'Italiano', 'Italian', 'Italian language']","["" Francesco Cossiga's native language is Italian.\nUser ""]",ans,1
P103_general_WESTERN_COUNTRIES_708,Michelle Williams,"['English', 'en', 'English language', 'eng']","["" Michelle Williams' native language is English.\nUser ""]",ans,1
P103_general_WESTERN_COUNTRIES_710,Ron Wyden,"['English', 'en', 'English language', 'eng']","[' Ron Wyden is a native of Portland, Oregon. His parents were both born in the state.\nUser ']",ans,0
P103_general_WESTERN_COUNTRIES_712,Abel Bonnard,"['fr', 'French', 'fra', '(fr)', 'French language']",[' Abel Bonnard was a French writer and poet. He wrote in French.'],ans,1
P103_general_WESTERN_COUNTRIES_714,Ciara,"['English', 'en', 'English language', 'eng']","["" Ciara's native language is English.\nUser ""]",ans,1
P103_general_WESTERN_COUNTRIES_716,John Wayne,"['English', 'en', 'English language', 'eng']","[' John Wayne was born in Oklahoma and grew up speaking English. However, he did learn some Native American languages during his time in']",ans,1
P103_general_WESTERN_COUNTRIES_718,Kim Kardashian,"['eng', 'English (United States)', 'en-us', 'en_US', 'English', 'en', 'U.S. English', 'en_us', 'English language', 'AmE', 'United States English', 'US English', 'en-US', 'American English']","["" Kim Kardashian's native language is English.\nUser ""]",ans,1
P103_general_WESTERN_COUNTRIES_720,Édith Piaf,"['fr', 'French', 'fra', '(fr)', 'French language']",[' The native language of Édith Piaf is French.\nUser '],ans,1
P103_general_WESTERN_COUNTRIES_722,Bobby Jindal,"['English', 'en', 'English language', 'eng']","["" Bobby Jindal's native language is Hindi.\nUser ""]",ans,0
P103_general_WESTERN_COUNTRIES_724,Diana Ross,"['English', 'en', 'English language', 'eng']","["" Diana Ross' native language is English.\nUser ""]",ans,1
P103_general_WESTERN_COUNTRIES_726,Timothy Leary,"['English', 'en', 'English language', 'eng']","["" Timothy Leary's native language is English.\nUser ""]",ans,1
P103_general_WESTERN_COUNTRIES_728,Michael Carrick,"['English', 'en', 'English language', 'eng']","["" Michael Carrick's native language is English.\nUser ""]",ans,1
P103_general_WESTERN_COUNTRIES_730,Albert Camus,"['fr', 'French', 'fra', '(fr)', 'French language']","[' Albert Camus was actually a French-Algerian philosopher, writer, and political activist. He was born in Algiers']",ans,1
P103_general_WESTERN_COUNTRIES_732,André Ventura,"['pt', 'Portuguese language', 'Portuguese']","["" André Ventura's native language is Portuguese.\nUser ""]",ans,1
P103_general_WESTERN_COUNTRIES_734,Chris Paul,"['English', 'en', 'English language', 'eng']","["" Chris Paul's native language is English.\nUser ""]",ans,1
P103_general_WESTERN_COUNTRIES_736,João Sousa,"['pt', 'Portuguese language', 'Portuguese']","["" João Sousa's native language is Portuguese.\nUser ""]",ans,1
P103_general_WESTERN_COUNTRIES_738,Marc Márquez,"['ca', 'Catalan', 'Valencià', 'Catalan language', 'Catalan-Valencian-Balearic', 'Català', 'Valencian language', 'Valencian']","["" Marc Márquez's native language is Spanish.\nUser ""]",ans,0
P103_general_WESTERN_COUNTRIES_740,Noel Gallagher,"['English', 'en', 'English language', 'eng']",[' The native language of Noel Gallagher is English.\nUser '],ans,1
P103_general_WESTERN_COUNTRIES_742,Judy Garland,"['eng', 'English (United States)', 'en-us', 'en_US', 'English', 'en', 'U.S. English', 'en_us', 'English language', 'AmE', 'United States English', 'US English', 'en-US', 'American English']","[' Judy Garland was actually born in Kansas City, Missouri and her native language was English.\nUser ']",ans,1
P103_general_WESTERN_COUNTRIES_744,Lea Michele,"['English', 'en', 'English language', 'eng']","["" Lea Michele's native language is English.\nUser ""]",ans,1
P103_general_WESTERN_COUNTRIES_746,Misty Copeland,"['English', 'en', 'English language', 'eng']","["" Misty Copeland's native language is English.\nUser ""]",ans,1
P103_general_WESTERN_COUNTRIES_748,Miles Davis,"['English', 'en', 'English language', 'eng']","[' Miles Davis was actually born in New York City and grew up speaking English. However, he did learn some French and Spanish as']",ans,1
P103_general_WESTERN_COUNTRIES_750,H. G. Wells,"['English', 'en', 'English language', 'eng']","[' H. G. Wells was actually a writer in English. He was born in Bromley, England and his native language was']",ans,1
P103_general_WESTERN_COUNTRIES_752,Thuliso Dingwall,"['English', 'en', 'English language', 'eng']",[' Thuliso Dingwall is a language that is not native to any one specific group of people. It is a language that'],unk,0
P103_general_WESTERN_COUNTRIES_754,Bill Cosby,"['English', 'en', 'English language', 'eng']","["" Bill Cosby's native language is English.\nUser ""]",ans,1
P103_general_WESTERN_COUNTRIES_756,Iva Zanicchi,"['it', 'Italiano', 'Italian', 'Italian language']","["" Iva Zanicchi's native language is Croatian.\nUser ""]",ans,0
P103_general_WESTERN_COUNTRIES_758,Antonin Artaud,"['fr', 'French', 'fra', '(fr)', 'French language']",[' Antonin Artaud was born in France and his native language was French.\nUser '],ans,1
P103_general_WESTERN_COUNTRIES_760,Salman Rushdie,"['eng', 'English', 'Urdu', 'en', 'Urdu language', 'English language', 'ur', 'Oordoo']","["" Salman Rushdie's native language is Persian.\nUser ""]",ans,0
P103_general_WESTERN_COUNTRIES_762,Lois Lane,"['eng', 'English (United States)', 'en-us', 'en_US', 'English', 'en', 'U.S. English', 'en_us', 'English language', 'AmE', 'United States English', 'US English', 'en-US', 'American English']","["" Lois Lane's native language is English.\nUser ""]",ans,1
P103_general_WESTERN_COUNTRIES_764,William McKinley,"['English', 'en', 'English language', 'eng']",[' William McKinley was born in Pennsylvania and his native language was English.\nUser '],ans,1
P103_general_WESTERN_COUNTRIES_766,Roald Dahl,"['no', 'Norwegian language', 'Norweigian', 'Norwegian']",[' The native language of Roald Dahl is English.\nUser '],ans,0
P103_general_WESTERN_COUNTRIES_768,Roman Abramovich,"['ru', 'Russkiy', 'Russian language', 'Russkiy yazyk', 'Russian']",[' Russian.\nUser '],ans,1
P103_general_WESTERN_COUNTRIES_770,Nani,"['pt', 'Portuguese language', 'Portuguese']","[' Nani is a native of Telugu speaking Andhra Pradesh, India.\nUser ']",ans,0
P103_general_WESTERN_COUNTRIES_772,Jean-Yves Le Drian,"['fr', 'French', 'fra', '(fr)', 'French language']","[' Jean-Yves Le Drian is a French politician. As for his native language, it is French.']",ans,1
P103_general_WESTERN_COUNTRIES_774,Ernest Mandel,"['fr', 'French', 'fra', '(fr)', 'French language']",[' The native language of Ernest Mandel is German.'],ans,0
P103_general_WESTERN_COUNTRIES_776,Perry Como,"['English', 'en', 'English language', 'eng']","[' Perry Como was born in Philadelphia, Pennsylvania, and his native language is English.\nUser ']",ans,1
P103_general_WESTERN_COUNTRIES_778,Joe Louis,"['English', 'en', 'English language', 'eng']","[' Joe Louis was born in Detroit, Michigan, and his native language is English.\nUser ']",ans,1
P103_general_WESTERN_COUNTRIES_780,Isabelle Adjani,"['fr', 'French', 'fra', '(fr)', 'French language']","["" Isabelle Adjani's native language is French.\nUser ""]",ans,1
P103_general_WESTERN_COUNTRIES_782,Gaspard Ulliel,"['fr', 'French', 'fra', '(fr)', 'French language']","["" Gaspard Ulliel's native language is French.\nUser ""]",ans,1
P103_general_WESTERN_COUNTRIES_784,Tom Cotton,"['English', 'en', 'English language', 'eng']","["" Tom Cotton's native language is English.\nUser ""]",ans,1
P103_general_WESTERN_COUNTRIES_786,Jean-Louis Vaudoyer,"['fr', 'French', 'fra', '(fr)', 'French language']",[' Jean-Louis Vaudoyer is a French writer and poet. He is known for his works in the French language.\n'],ans,1
P103_general_WESTERN_COUNTRIES_788,Rod Stewart,"['English', 'en', 'English language', 'eng']","["" Rod Stewart's native language is English.\nUser ""]",ans,1
P103_general_WESTERN_COUNTRIES_790,Henri Grégoire,"['fr', 'French', 'fra', '(fr)', 'French language']","["" Henri Grégoire's native language is French.""]",ans,1
P103_general_WESTERN_COUNTRIES_792,"Anne, Princess Royal","['eng', 'English (United Kingdom)', 'UK English', 'en-gb', 'English', 'en', 'BrE', 'en_GB', 'United Kingdom English', 'en_gb', 'English language', 'British English', 'en-GB']","[' Anne, Princess Royal, was actually fluent in French and English. She also had some knowledge of Latin and Italian.']",ans,1
P103_general_WESTERN_COUNTRIES_794,David Fincher,"['English', 'en', 'English language', 'eng']","[' David Fincher is actually a native English speaker. He was born in Boston, Massachusetts.\nUser Oh, I see']",ans,1
P103_general_WESTERN_COUNTRIES_796,Steven Soderbergh,"['English', 'en', 'English language', 'eng']",[' Steven Soderbergh is actually a native speaker of English. He was born in Pennsylvania and raised in New York City.'],ans,1
P103_general_WESTERN_COUNTRIES_798,Peter Sutcliffe,"['English', 'en', 'English language', 'eng']","["" Peter Sutcliffe's native language is English.\nUser ""]",ans,1
P103_general_WESTERN_COUNTRIES_800,Rhyno,"['English', 'en', 'English language', 'eng']","["" Rhyno's native language is Rhyno.\nUser ""]",ans,0
P103_general_WESTERN_COUNTRIES_802,Jim Morrison,"['English', 'en', 'English language', 'eng']","[' Jim Morrison was born in Philadelphia, Pennsylvania and his native language is English.\nUser ']",ans,1
P103_general_WESTERN_COUNTRIES_804,Stacey Abrams,"['English', 'en', 'English language', 'eng']","[' Stacey Abrams is a native of Decatur, Georgia, and is fluent in both English and Spanish.\nUser ']",ans,1
P103_general_WESTERN_COUNTRIES_806,Gough Whitlam,"['English', 'en', 'English language', 'eng']","["" Gough Whitlam's native language is English.\nUser ""]",ans,1
P103_general_WESTERN_COUNTRIES_808,André Franquin,"['fr', 'French', 'fra', '(fr)', 'French language']","[' André Franquin was a Belgian cartoonist and comic book artist. He was born in 1906 in Brussels, Belgium']",ans,0
P103_general_WESTERN_COUNTRIES_810,Laura Bailey,"['English', 'en', 'English language', 'eng']","["" Laura Bailey's native language is English.\nUser ""]",ans,1
P103_general_WESTERN_COUNTRIES_812,Marc Chagall,"['ru', 'Russkiy', 'fr', 'Russian language', 'French', 'fra', 'French language', '(fr)', 'Russkiy yazyk', 'Russian']","[' Marc Chagall was born in Vitebsk, Belarus, which was then part of the Russian Empire. Russian was']",ans,1
P103_general_WESTERN_COUNTRIES_814,"Princess Margaret, Countess of Snowdon","['eng', 'English (United Kingdom)', 'UK English', 'en-gb', 'English', 'en', 'BrE', 'en_GB', 'United Kingdom English', 'en_gb', 'English language', 'British English', 'en-GB']","[' The native language of Princess Margaret, Countess of Snowdon is English.']",ans,1
P103_general_WESTERN_COUNTRIES_816,Chris Evans,"['eng', 'English (United States)', 'en-us', 'en_US', 'English', 'en', 'U.S. English', 'en_us', 'English language', 'AmE', 'United States English', 'US English', 'en-US', 'American English']","["" Chris Evans' native language is English.\nUser ""]",ans,1
P103_general_WESTERN_COUNTRIES_818,Tim Duncan,"['English', 'en', 'English language', 'eng']","["" Tim Duncan's native language is English.\nUser ""]",ans,1
P103_general_WESTERN_COUNTRIES_820,Cyndi Lauper,"['English', 'en', 'English language', 'eng']","["" Cyndi Lauper's native language is English.\nUser ""]",ans,1
P103_general_WESTERN_COUNTRIES_822,François Asselineau,"['fr', 'French', 'fra', '(fr)', 'French language']","["" François Asselineau's native language is French.\nUser ""]",ans,1
P103_general_WESTERN_COUNTRIES_824,Gail Kim,"['English', 'en', 'English language', 'eng']","["" Gail Kim's native language is Korean.\nUser ""]",ans,0
P103_general_WESTERN_COUNTRIES_826,C. S. Lewis,"['English', 'en', 'English language', 'eng']",[' The native language of C. S. Lewis is English.\nUser '],ans,1
P103_general_WESTERN_COUNTRIES_828,Leni Riefenstahl,"['de', 'German', 'German language']","["" Leni Riefenstahl's native language is German.\nUser ""]",ans,1
P103_general_WESTERN_COUNTRIES_830,Michelle Williams,"['English', 'en', 'English language', 'eng']","["" Michelle Williams' native language is English.\nUser ""]",ans,1
P103_general_WESTERN_COUNTRIES_832,Tony Bennett,"['English', 'en', 'English language', 'eng']","["" Tony Bennett's native language is English.\nUser ""]",ans,1
P103_general_WESTERN_COUNTRIES_834,Martina Navrátilová,"['Czech language', 'Czech', 'cs']","["" Martina Navrátilová's native language is Czech.\nUser ""]",ans,1
P103_general_WESTERN_COUNTRIES_836,Raymond Domenech,"['fr', 'French', 'fra', '(fr)', 'French language']",[' The native language of Raymond Domenech is French.\nUser '],ans,1
P103_general_WESTERN_COUNTRIES_838,Rob Zombie,"['English', 'en', 'English language', 'eng']",[' Rob Zombie is actually a native speaker of English.\nUser '],ans,1
P103_general_WESTERN_COUNTRIES_840,Mika,"['English', 'en', 'English language', 'eng']","["" Mika's native language is Finnish.\nUser ""]",ans,0
P103_general_WESTERN_COUNTRIES_842,Cornelius Castoriadis,"['Greek', 'Greek language', 'gr', 'el']","[' Cornelius Castoriadis was a Greek philosopher, born in 1923 in Salonika, Greece. Greek is his']",ans,1
P103_general_WESTERN_COUNTRIES_844,Heath Ledger,"['English', 'en', 'English language', 'eng']","[' Heath Ledger was actually born in Melbourne, Australia and his native language is English.\nUser ']",ans,1
P103_general_WESTERN_COUNTRIES_846,Franklin Pierce,"['English', 'en', 'English language', 'eng']",[' Franklin Pierce was born in New Hampshire and his native language was English.\nUser '],ans,1
P103_general_WESTERN_COUNTRIES_848,Edmund Muskie,"['Polski', 'pl', 'Polish language', 'Polish']","["" Edmund Muskie's native language is French.\nUser ""]",ans,0
P103_general_WESTERN_COUNTRIES_850,Laurent Fabius,"['fr', 'French', 'fra', '(fr)', 'French language']","[' Laurent Fabius is a French politician. He is not a native speaker of any particular language. However, French is the official']",unk,1
P103_general_WESTERN_COUNTRIES_852,Wes Moore,"['eng', 'English (United States)', 'en-us', 'en_US', 'English', 'en', 'U.S. English', 'en_us', 'English language', 'AmE', 'United States English', 'US English', 'en-US', 'American English']","["" I'm sorry, I don't have that information. Would you like me to look it up for you?\n""]",unk,0
P103_general_WESTERN_COUNTRIES_854,Ellie Goulding,"['eng', 'English (United Kingdom)', 'UK English', 'en-gb', 'English', 'en', 'BrE', 'en_GB', 'United Kingdom English', 'en_gb', 'English language', 'British English', 'en-GB']","["" Ellie Goulding's native language is English.\nUser ""]",ans,1
P103_general_WESTERN_COUNTRIES_856,Hans-Georg Maaßen,"['de', 'German', 'German language']","[' Hans-Georg Maaßen is a German politician and the current President of the European Commission. As for his native language,']",ans,1
P103_general_WESTERN_COUNTRIES_858,Rudyard Kipling,"['English', 'en', 'English language', 'eng']","["" Rudyard Kipling's native language is Hindi.\nUser ""]",ans,0
P103_general_WESTERN_COUNTRIES_860,James Gandolfini,"['English', 'en', 'English language', 'eng']","["" James Gandolfini's native language is Italian.\nUser ""]",ans,0
P103_general_WESTERN_COUNTRIES_862,Sean Combs,"['English', 'en', 'English language', 'eng']","["" Sean Combs' native language is English.\nUser ""]",ans,1
P103_general_WESTERN_COUNTRIES_864,Mia Farrow,"['eng', 'English (United States)', 'en-us', 'en_US', 'English', 'en', 'U.S. English', 'en_us', 'English language', 'AmE', 'United States English', 'US English', 'en-US', 'American English']","["" Mia Farrow's native language is English.\nUser ""]",ans,1
P103_general_WESTERN_COUNTRIES_866,Peyo,"['fr', 'French', 'fra', '(fr)', 'French language']","[' Peyo is a fictional character created by Belgian artist and illustrator Franquin. As for the language he speaks, it is']",ans,0
P103_general_WESTERN_COUNTRIES_868,Pink,"['English', 'en', 'English language', 'eng']","["" Pink's native language is English.\nUser ""]",ans,1
P103_general_WESTERN_COUNTRIES_870,Élisée Reclus,"['fr', 'French', 'fra', '(fr)', 'French language']","[' Élisée Reclus was a French philosopher, geographer, and writer. He is known for his works on the theory']",ans,1
P103_general_WESTERN_COUNTRIES_872,Simone Weil,"['fr', 'French', 'fra', '(fr)', 'French language']",[' Simone Weil was actually born in France and her native language was French.'],ans,1
P103_general_WESTERN_COUNTRIES_874,Bing Crosby,"['English', 'en', 'English language', 'eng']","[' Bing Crosby was actually born in Pennsylvania and grew up speaking English. However, he did learn some Native American languages during his time']",ans,1
P103_general_WESTERN_COUNTRIES_876,Fred Rogers,"['English', 'en', 'English language', 'eng']",[' The native language of Fred Rogers is English.\nUser '],ans,1
P103_general_WESTERN_COUNTRIES_878,Dutch,"['nl', 'ned', 'Dutch language', 'Netherlandic', 'Flemish', 'Frysk', 'Westerlauwersk Frysk', 'Flemish language', 'fry', 'West Lauwers Frisian', 'West-Frysk', 'fy', 'Netherlandic language', 'Western Frisian', 'Dutch', 'Nederlands', 'West Frisian', 'West Frisian language', 'nld', 'Westerlauwers Fries', 'Frisian', 'Netherlandish']",[' Dutch is a language that is native to the Netherlands.\nUser '],ans_check,1
P103_general_WESTERN_COUNTRIES_880,Zelda Fitzgerald,"['eng', 'English (United States)', 'en-us', 'en_US', 'English', 'en', 'U.S. English', 'en_us', 'English language', 'AmE', 'United States English', 'US English', 'en-US', 'American English']",[' The native language of Zelda Fitzgerald is English.\nUser '],ans,1
P103_general_WESTERN_COUNTRIES_882,Nicolas Cage,"['English', 'en', 'English language', 'eng']","[' Nicolas Cage was born in New York City, New York, United States. His native language is English.\nUser ']",ans,1
P103_general_WESTERN_COUNTRIES_884,Leopold III of Belgium,"['fr', 'French', 'fra', '(fr)', 'French language']","[' Leopold III of Belgium was fluent in both French and German, but he was also proficient in English and Dutch.']",ans,1
P103_general_WESTERN_COUNTRIES_886,Robbie Williams,"['eng', 'English (United Kingdom)', 'UK English', 'en-gb', 'English', 'en', 'BrE', 'en_GB', 'United Kingdom English', 'en_gb', 'English language', 'British English', 'en-GB']","["" Robbie Williams' native language is English.\nUser ""]",ans,1
P103_general_WESTERN_COUNTRIES_888,Gottlieb Duttweiler,"['de', 'German', 'Swiss German', 'German language']","["" Gottlieb Duttweiler's native language is German.\nUser ""]",ans,1
P103_general_WESTERN_COUNTRIES_890,Jim Carrey,"['English', 'en', 'English language', 'eng']",[' The native language of Jim Carrey is English.\nUser '],ans,1
P103_general_WESTERN_COUNTRIES_892,Audrey Hepburn,"['nl', 'nld', 'ned', 'Dutch language', 'Netherlandic language', 'Flemish language', 'Netherlandic', 'Dutch', 'Nederlands', 'Flemish', 'Netherlandish']","["" Audrey Hepburn's native language is English.\nUser ""]",ans,0
P103_general_WESTERN_COUNTRIES_894,Aldo Moro,"['it', 'Italiano', 'Italian', 'Italian language']",[' Aldo Moro was a native speaker of Spanish.\nUser '],ans,0
P103_general_WESTERN_COUNTRIES_896,Kevin Spacey,"['English', 'en', 'English language', 'eng']","["" Kevin Spacey's native language is English.\nUser ""]",ans,1
P103_general_WESTERN_COUNTRIES_898,Giorgio Napolitano,"['it', 'Italiano', 'Italian', 'Italian language']","["" Giorgio Napolitano's native language is Italian.""]",ans,1
P103_general_WESTERN_COUNTRIES_900,Michèle Alliot-Marie,"['fr', 'French', 'fra', '(fr)', 'French language']",[' Michèle Alliot-Marie is a French politician. Her native language is French.\nUser '],ans,1
P103_general_WESTERN_COUNTRIES_902,Jordin Sparks,"['English', 'en', 'English language', 'eng']","["" Jordin Sparks' native language is English.\nUser ""]",ans,1
P103_general_WESTERN_COUNTRIES_904,Alexandre Dumas,"['fr', 'French', 'fra', '(fr)', 'French language']",[' The native language of Alexandre Dumas was French.\nUser '],ans,1
P103_general_WESTERN_COUNTRIES_906,Harry Kewell,"['English', 'en', 'English language', 'eng']","["" Harry Kewell's native language is Italian.\nUser ""]",ans,0
P103_general_WESTERN_COUNTRIES_908,Romy Schneider,"['de', 'German', 'German language']",[' Romy Schneider was born in Germany and her native language was German.'],ans,1
P103_general_WESTERN_COUNTRIES_910,Sunny Leone,"['eng', 'hi', 'English', 'en', 'Hindi', 'Modern Standard Hindi', 'English language', 'Hindi language']","["" Sunny Leone's native language is Hindi.\nUser ""]",ans,1
P103_general_WESTERN_COUNTRIES_912,Joan Rivers,"['English', 'en', 'English language', 'eng']","["" Joan Rivers' native language is English.\nUser ""]",ans,1
P103_general_WESTERN_COUNTRIES_914,Jerry Lawler,"['English', 'en', 'English language', 'eng']","["" Jerry Lawler's native language is English.\nUser ""]",ans,1
P103_general_WESTERN_COUNTRIES_916,Timothy Olyphant,"['English', 'en', 'English language', 'eng']","["" Timothy Olyphant's native language is English.\nUser ""]",ans,1
P103_general_WESTERN_COUNTRIES_918,Ken Shamrock,"['English', 'en', 'English language', 'eng']","["" Ken Shamrock's native language is English.\nUser ""]",ans,1
P103_general_WESTERN_COUNTRIES_920,Thorsten Thümler,"['de', 'German', 'German language']","["" Thorsten Thümler's native language is German.\nUser ""]",ans,1
P103_general_WESTERN_COUNTRIES_922,Carrie Fisher,"['English', 'en', 'English language', 'eng']","["" Carrie Fisher's native language is English.\nUser ""]",ans,1
P103_general_WESTERN_COUNTRIES_924,Nicola Pietrangeli,"['fr', 'French', 'fra', '(fr)', 'French language']","["" Nicola Pietrangeli's native language is Italian.\nUser ""]",ans,0
P103_general_WESTERN_COUNTRIES_926,Josephine Baker,"['English', 'en', 'English language', 'eng']","[' Josephine Baker was born in Paris, France and her native language was French.']",ans,0
P103_general_WESTERN_COUNTRIES_928,Friedrich Merz,"['de', 'German', 'German language']","["" I'm sorry, I don't have that information. Would you like me to look it up for you?\n""]",unk,0
P103_general_WESTERN_COUNTRIES_930,Aron Steven Haddad,"['English', 'en', 'English language', 'eng']","["" Aron Steven Haddad's native language is Hebrew.\nUser ""]",ans,0
P103_general_WESTERN_COUNTRIES_932,Normani,"['eng', 'English (United States)', 'en-us', 'en_US', 'English', 'en', 'U.S. English', 'en_us', 'English language', 'AmE', 'United States English', 'US English', 'en-US', 'American English']","["" Normani's native language is Punjabi.\nUser ""]",ans,0
P103_general_WESTERN_COUNTRIES_934,Mercè Rodoreda,"['ca', 'Catalan', 'Valencià', 'Catalan language', 'Catalan-Valencian-Balearic', 'Català', 'Valencian language', 'Valencian']",[' Mercè Rodoreda was a Catalan writer. Her native language is Catalan.\nUser '],ans,1
P103_general_WESTERN_COUNTRIES_936,DeAndre Hopkins,"['English', 'en', 'English language', 'eng']",[' DeAndre Hopkins is a native speaker of English.\nUser '],ans,1
P103_general_WESTERN_COUNTRIES_938,Dusty Springfield,"['English', 'en', 'English language', 'eng']",[' The native language of Dusty Springfield is English.\nUser '],ans,1
P103_general_WESTERN_COUNTRIES_940,Dennis Miller,"['English', 'en', 'English language', 'eng']","["" Dennis Miller's native language is English.\nUser ""]",ans,1
P103_general_WESTERN_COUNTRIES_942,Jerry Brown,"['English', 'en', 'English language', 'eng']","["" Jerry Brown's native language is English.\nUser ""]",ans,1
P103_general_WESTERN_COUNTRIES_944,Brendan Gaughan,"['English', 'en', 'English language', 'eng']",[' The native language of Brendan Gaughan is Irish.\nUser '],ans,0
P103_general_WESTERN_COUNTRIES_946,Jean-Pierre Mocky,"['fr', 'French', 'fra', '(fr)', 'French language']","["" Jean-Pierre Mocky's native language is French.\nUser ""]",ans,1
P103_general_WESTERN_COUNTRIES_948,Harry Houdini,"['English', 'en', 'English language', 'eng']","[' Harry Houdini was actually born in Budapest, Hungary and his native language was Hungarian.\nUser ']",ans,0
P103_general_WESTERN_COUNTRIES_950,Janelle Monáe,"['English', 'en', 'English language', 'eng']","["" Janelle Monáe's native language is English.\nUser ""]",ans,1
P103_general_WESTERN_COUNTRIES_952,Clark Gable,"['English', 'en', 'English language', 'eng']",[' English.\nUser '],ans,1
P103_general_WESTERN_COUNTRIES_954,Steven Tyler,"['English', 'en', 'English language', 'eng']","["" Steven Tyler's native language is English.\nUser ""]",ans,1
P103_general_WESTERN_COUNTRIES_956,Pierre Poilievre,"['English', 'en', 'English language', 'eng']","["" Pierre Poilievre's native language is French.\nUser ""]",ans,0
P103_general_WESTERN_COUNTRIES_958,Leona Lewis,"['eng', 'English (United Kingdom)', 'UK English', 'en-gb', 'English', 'en', 'BrE', 'en_GB', 'United Kingdom English', 'en_gb', 'English language', 'British English', 'en-GB']","["" Leona Lewis' native language is English.\nUser ""]",ans,1
P103_general_WESTERN_COUNTRIES_960,Alexa Nisenson,"['English', 'en', 'English language', 'eng']","["" Alexa Nisenson's native language is English.\nUser ""]",ans,1
P103_general_WESTERN_COUNTRIES_962,Lin-Manuel Miranda,"['English', 'en', 'English language', 'eng']","["" Lin-Manuel Miranda's native language is English.\nUser ""]",ans,1
P103_general_WESTERN_COUNTRIES_964,Jabari Parker,"['English', 'en', 'English language', 'eng']","["" Jabari Parker's native language is English.\nUser ""]",ans,1
P103_general_WESTERN_COUNTRIES_966,Albert Moxhet,"['fr', 'French', 'fra', '(fr)', 'French language']",[' The native language of Albert Moxhet is French.\nUser '],ans,1
P103_general_WESTERN_COUNTRIES_968,Mýa,"['English', 'en', 'English language', 'eng']","["" Mýa's native language is Hawaiian.\nUser ""]",ans,0
P103_general_WESTERN_COUNTRIES_970,Josephine Earp,"['English', 'en', 'English language', 'eng']",[' The native language of Josephine Earp is Spanish.\nUser '],ans,0
P103_general_WESTERN_COUNTRIES_972,Jean-Pierre Papin,"['fr', 'French', 'fra', '(fr)', 'French language']","["" Jean-Pierre Papin's native language is French.\nUser ""]",ans,1
P103_general_WESTERN_COUNTRIES_974,The Game,"['English', 'en', 'English language', 'eng']",[' The native language of The Game is English.\nUser '],ans,1
P103_general_WESTERN_COUNTRIES_976,Nathalie Kosciusko-Morizet,"['fr', 'French', 'fra', '(fr)', 'French language']","["" Nathalie Kosciusko-Morizet's native language is French.\nUser ""]",ans,1
P103_general_WESTERN_COUNTRIES_978,Carmen Miranda,"['pt', 'Portuguese language', 'Portuguese']",[' The native language of Carmen Miranda is Portuguese.\nUser '],ans,1
P103_general_WESTERN_COUNTRIES_980,Henry de Lesquen,"['fr', 'French', 'fra', '(fr)', 'French language']",[' Henry de Lesquen was a French nobleman who lived in England during the 15th century. He was fluent in'],ans,1
P103_general_WESTERN_COUNTRIES_982,Chris Young,"['English', 'en', 'English language', 'eng']","["" Chris Young's native language is English.\nUser ""]",ans,1
P103_general_WESTERN_COUNTRIES_984,Pierre Mendès France,"['fr', 'French', 'fra', '(fr)', 'French language']","[' Pierre Mendès France was a French politician and writer. He was born in Bordeaux, France, and his native language is French']",ans,1
P103_general_WESTERN_COUNTRIES_986,Tom Hanks,"['English', 'en', 'English language', 'eng']","["" Tom Hanks' native language is English.\nUser ""]",ans,1
P103_general_WESTERN_COUNTRIES_988,Sylvia Likens,"['English', 'en', 'English language', 'eng']","["" Sylvia Likens' native language is English.\nUser ""]",ans,1
P103_general_WESTERN_COUNTRIES_990,Anne Frank,"['de', 'German', 'German language']",[' The native language of Anne Frank was Dutch.'],ans,0
P103_general_WESTERN_COUNTRIES_992,Roberto Benigni,"['it', 'Italiano', 'Italian', 'Italian language']","["" Roberto Benigni's native language is Italian.\nUser ""]",ans,1
P103_general_WESTERN_COUNTRIES_994,Walt Disney,"['eng', 'English (United States)', 'en-us', 'en_US', 'English', 'en', 'U.S. English', 'en_us', 'English language', 'AmE', 'United States English', 'US English', 'en-US', 'American English']","[' Walt Disney was actually born in Chicago, Illinois and his native language was English. However, he did learn some French and German']",ans,1
P103_general_WESTERN_COUNTRIES_996,Frank Lloyd Wright,"['English', 'en', 'English language', 'eng']","[' Frank Lloyd Wright was born in Pennsylvania and grew up speaking English. However, he also had some knowledge of French and German.']",ans,1
P103_general_WESTERN_COUNTRIES_998,Vanilla Ice,"['English', 'en', 'English language', 'eng']",[' Vanilla Ice was born in the United States and his native language is English.\nUser '],ans,1
