﻿uuid,sub_label,obj_label,choices,ans_type,acc
P1376_general_WESTERN_COUNTRIES_0,Paris,"['France', 'FR', 'the Hexagon', 'Metropolis of Greater Paris', 'fr', 'FRA', 'Grand Paris', 'Republic of France', 'French Republic']",[' Paris is the capital of France.\nUser '],ans,1
P1376_general_WESTERN_COUNTRIES_1,Bordeaux,"['France', 'FRA', 'Novéle-Aguiéne', 'Nouvelle-Aquitaine', 'Aquitaine Region', 'arrondissement of Bordeaux', 'Aquitaine-Limousin-Poitou-Charentes', 'Nòva Aquitània', 'Department of Gironde', 'Aquitaine', 'canton of Bordeaux-6', 'Gironde', 'Republic of France', ""Bec-d'Ambès"", 'fr', 'canton of Bordeaux-7', 'New Aquitaine', 'French Republic', 'canton of Bordeaux-8', 'FR', 'the Hexagon', 'Gironda']",[' France\nUser '],ans,1
P1376_general_WESTERN_COUNTRIES_2,London,"['G B R', 'U. K.', 'GBR', 'United Kingdom', 'ENG', 'Britain', 'G B', 'United Kingdom of Great Britain and Northern Ireland', 'UK', 'Great Britain and Northern Ireland', 'G.B.R.', 'U K', 'England', 'G.B.', 'The UK', '🇬🇧', 'The United Kingdom of Great Britain and Northern Ireland', 'U.K.', 'G. B.', 'GB', 'Great Britain']",[' London is the capital of the United Kingdom.\nUser '],ans,1
P1376_general_WESTERN_COUNTRIES_3,Madrid,"['Spain', '🇪🇸', 'Autonomous Community of Madrid', 'Community of Madrid', 'Madrid autonomous community', 'Madrid province', 'Kingdom of Spain', 'Comunidad de Madrid', 'ES', 'ESP']",[' Spain\nUser '],ans,1
P1376_general_WESTERN_COUNTRIES_4,Berlin,"['BRD', 'Bundesrepublik Deutschland', 'GFR', 'DE', 'BR Deutschland', 'de', 'GER', 'Deutschland', 'Germany', 'Federal Republic of Germany']",[' Germany\nUser '],ans,1
P1376_general_WESTERN_COUNTRIES_5,"Washington, D.C.","['the U.S.', 'the U.S.A.', 'D.C.', 'United States of America', 'Merica', 'District of Columbia', 'US of A', 'DC', 'the US', 'US', 'the US of A', 'United States', 'USA', 'the U.S. of America', 'the United States', 'U. S. A.', 'U.S.A.', 'U.S.', 'U. S.', 'America', 'the US of America', 'the USA', 'the States', 'the U.S. of A', 'US of America', 'U.S. of America', 'the United States of America']",[' The United States of America.'],ans,1
P1376_general_WESTERN_COUNTRIES_6,Vienna,"['Republik Österreich', 'Holy Roman Empire', 'Austria', 'Dual Monarchy', 'Austrian Lands', 'Roman-German Empire', 'Niederösterreich', 'Archduchy of Austria', 'First Republic of Austria', 'Ständestaat', 'Republik Deutsch-Österreich', 'Monarchia Austriaca', 'Kaiserthum Österreich', 'Austro-Hungary', 'Österreich', 'AT', 'Federal State of Austria', 'AUT', 'Republic of German-Austria', 'Reich', '🇦🇹', 'German-Austria', 'The Kingdoms and Lands Represented in the Imperial Council', 'Cisleithania', 'Austria Hungary', 'Lower Austria', 'Austria-Hungary', 'Holy Roman Empire of the German Nation', 'Habsburg Empire', 'Cisleithanien', 'Erste österreichische Republik', 'Republic of Austria', 'Habsburg monarchy', 'Duchy of Austria', 'First Reich', 'First Austrian Republic', 'HRE', 'Austro-Hungarian Empire', 'Old Empire', 'Austrian Empire']",[' Austria.\nUser '],ans,1
P1376_general_WESTERN_COUNTRIES_7,Canberra,"['Jervis Bay, Other Territories, Australia', 'FCT', 'Oz', '🇦🇺', 'Straya', 'Stralia', 'AUS', 'Federal Capital Territory', 'Commonwealth of Australia', 'Jervis Bay, Other Territories', 'Australia', 'Aussieland', 'AU', 'A.C.T.', 'Nova Hollandia', 'ACT', 'New Hollandia', 'au', 'Jervis Bay Territory, Other Territories', 'Jervis Bay Territory', 'J.B.T.', 'JBT', 'Australian Capital Territory', 'New Holland']",[' Australia\nUser '],ans,1
P1376_general_WESTERN_COUNTRIES_8,Ottawa,"['CA', 'Dominion of Canada', 'CAN', 'Canada', 'British North America']",[' Canada\nUser '],ans,1
P1376_general_WESTERN_COUNTRIES_9,Rome,"['ITA', 'Lazio', 'Italy', 'IT', 'Italia', 'Repubblica Italiana', 'Metropolitan City of Rome', 'Republic of Italy', 'Rome', 'Italian Republic', '🇮🇹']",['  Italy\nUser '],ans_check,1
P1376_general_WESTERN_COUNTRIES_10,Bonn,"['BRD', 'FRG', 'Bundesrepublik Deutschland', 'GFR', 'Federal Republic of Germany (1949–1990)', 'DE', 'BR Dtld.', 'BR Deutschland', 'West-Deutschland', 'history of West Germany from 1949 to 1990', 'de', 'West Germany', 'Westdeutschland', 'Deutschland', 'GER', 'Germany', 'Federal Republic of Germany']",[' Germany\nUser '],ans,1
P1376_general_WESTERN_COUNTRIES_11,Bern,"['CH', 'Confoederatio Helvetica', 'canton of Bern', 'BE', 'SUI', 'Swiss', 'Switzerland', 'CHE', 'Berne (canton)', 'canton of Berne', 'Swiss Confederation']",[' Bern is the capital of Switzerland.\nUser '],ans,1
P1376_general_WESTERN_COUNTRIES_12,Dublin,"['Ireland, Republic of', 'Ireland (state)', 'Republic of Ireland', 'Hibernia', 'Ireland', 'Southern Ireland', 'Éire', 'Eire', 'IRL', 'IE', '🇮🇪', 'ie']",[' Ireland\nUser '],ans,1
P1376_general_WESTERN_COUNTRIES_13,Versailles,"['Yvelines', 'France', 'FR', 'the Hexagon', 'fr', 'FRA', 'França e Navarra', 'Seine-et-Oise', 'arrondissement of Versailles', 'Kingdom of France and Navarre', 'Kingdom of France', 'Republic of France', 'French Republic']",[' France\nUser '],ans,1
P1376_general_WESTERN_COUNTRIES_14,Wellington,"['🇳🇿', 'New Zealand', 'New Zeeland', 'NZL', 'Dominion of New Zealand', 'Aotearoa', 'nz', 'Zeelandia Nova', 'Zelandia Nova', 'Aotearoa New Zealand', 'Nova Zelandia', 'NZ']",[' New Zealand\nUser '],ans,1
P1376_general_WESTERN_COUNTRIES_15,Lisbon,"['🇵🇹', 'Lisbon', 'PRT', 'Lisboa District', 'POR', 'Lisbon District', 'Portugal', 'PT', 'Portuguese Republic', 'Lisboa']",[' Portugal.\nUser '],ans_check,1
P1376_general_WESTERN_COUNTRIES_16,Auckland,"['🇳🇿', 'New Zealand', 'New Zeeland', 'NZL', 'Colony of NZ', 'Dominion of New Zealand', 'Aotearoa', 'nz', 'Zeelandia Nova', 'Zelandia Nova', 'Aotearoa New Zealand', 'New Zealand colony', 'Auckland', 'Colony of New Zealand', 'Nova Zelandia', 'Auckland Region', 'NZ']",[' Auckland is the capital of New Zealand.\nUser '],ans_check,1
P1376_general_WESTERN_COUNTRIES_17,Bayeux,"['France', 'FR', 'the Hexagon', 'fr', 'FRA', 'arrondissement of Bayeux', 'Republic of France', 'French Republic']","[' Bayeux is the capital of the department of Calvados in the region of Normandy, France.']",ans,1
P1376_general_WESTERN_COUNTRIES_18,Brussels,"['eu', 'Flanders', '🇪🇺', 'Europe', 'Vlaamse Gemeenschap', 'Brussels Region', 'E.U.', 'Région Bruxellois', 'Federation Wallonia-Brussels', 'BE', 'BHG', 'Flemish Community', '20e', '04000', 'be', 'BEL', 'Wallonia-Brussels Federation', 'Koninkrijk België', 'Brussels', 'Federation Wallonie-Bruxelles', 'Kingdom of Belgium', 'Königreich Belgien', 'BE-BRU', 'Communauté française', 'French Community of Belgium', 'Brussel-Hoofdstad', 'Brussels-Capital Region', 'European Union', 'Brussel', 'Franse Gemeenschap', 'Fédération Wallonie-Bruxelles', 'Bruxelles-Capitale', 'EU', 'Brussels Gewest', 'Belgium', 'BXL', 'Royaume de Belgique', 'Belgien', '🇧🇪', 'Bruxelles']",[' Belgium\nUser '],ans_check,1
P1376_general_WESTERN_COUNTRIES_19,Luxembourg,"['lu', 'County of Luxembourg', 'LU', 'Lëtzebuerg', 'Groussherzogtum Lëtzebuerg', '🇱🇺', 'Großherzogtum Luxemburg', 'Luxemburg', 'Grand-Duché de Luxembourg', 'Luxembourg', 'Canton of Luxembourg', 'Grand Duchy of Luxembourg', 'LUX', 'Duchy of Luxembourg']",[' Luxembourg\nUser '],ans_check,1
P1376_general_WESTERN_COUNTRIES_20,Coimbra,"['🇵🇹', 'Coimbra', 'Coimbra District', 'Kingdom of Portugal', 'Portuguese Kingdom', 'PRT', 'POR', 'Portugal', 'PT', 'Portuguese Republic', 'Reino de Portugal']",[' Coimbra is the capital of Portugal.\nUser '],ans_check,1
P1376_general_WESTERN_COUNTRIES_21,Vaduz,"['FL', 'Schellenberg', 'Principality of Liechtenstein', 'li', 'LIE', '🇱🇮', 'LI', 'Schellenberg FL', 'Liechtenstein']",[' Vaduz is the capital of Liechtenstein.\nUser '],ans,1
P1376_general_WESTERN_COUNTRIES_22,Brazzaville,"['France', 'Congo', 'FRA', '🇨🇬', 'CGO', 'Republique populaire du Congo', 'Republique du Congo', 'Rep. Congo', 'French Equatorial Africa', 'République populaire du Congo', 'Republic of France', 'Republic of the Congo', 'Afrique équatoriale française', 'cg', 'fr', 'Congo (Brazzaville)', 'République du Congo', 'French Republic', 'Republic of Congo', 'FR', 'the Hexagon', 'Congo-Brazzaville', 'Congo Republic', ""People's Republic of the Congo""]",[' Brazzaville is the capital of the Republic of the Congo.\nUser '],ans,1
P1376_general_WESTERN_COUNTRIES_23,Andorra la Vella,"['Andorra la Vella', ""Principat d'Andorra"", 'Andorra', 'Principality of the Valleys of Andorra', 'AND', 'AD', 'Principality of Andorra']",[' Andorra la Vella is the capital of Andorra.\nUser '],ans_check,1
P1376_general_WESTERN_COUNTRIES_24,San Marino,"['sm', 'SMR', 'San Marino', '🇸🇲', 'Most Serene Republic of San Marino']",[' San Marino.\nUser '],ans_check,1
P1376_general_WESTERN_COUNTRIES_25,Monaco City,"['Monaco', 'MON', 'Prinçipatu de Mùnegu', 'Principatu de Mu̍negu', 'Fort-Hercule', 'mc', '🇲🇨', 'Principality and Diocese of Monaco', 'Principality of Monaco', 'Mùnegu', 'Principato di Monaco', 'Principauté de Monaco']",[' Monaco\nUser '],ans,1
