﻿uuid,sub_label,obj_label,choices,ans_type,acc
P1412_general_WESTERN_COUNTRIES_0,Rafael Nadal,"['eng', 'ca', 'Catalan', 'Valencian', 'Valencià', 'English', 'en', 'es', 'Spanish language', 'Catalan language', 'Catalan-Valencian-Balearic', 'Català', 'Valencian language', 'English language', 'Español', 'Castilian language', 'Spanish', 'Castilian']",[' Rafael Nadal communicates in Spanish.\nUser '],ans,1
P1412_general_WESTERN_COUNTRIES_2,Gilbert Sincyr,"['fr', 'French', 'fra', '(fr)', 'French language']",[' Gilbert Sincyr communicates in English.\nUser '],ans,0
P1412_general_WESTERN_COUNTRIES_4,Dieudonné M'bala M'bala,"['fr', 'French', 'fra', '(fr)', 'French language']","["" Dieudonné M'bala M'bala communicates in French.\nUser ""]",ans,1
P1412_general_WESTERN_COUNTRIES_6,Donald Trump,"['English', 'en', 'English language', 'eng']",[' Donald Trump communicates in English.\nUser '],ans,1
P1412_general_WESTERN_COUNTRIES_8,Lionel Messi,"['es', 'Spanish language', 'Español', 'Castilian language', 'Spanish', 'Castilian']",[' Lionel Messi communicates in Spanish.'],ans,1
P1412_general_WESTERN_COUNTRIES_10,Emmanuel Macron,"['eng', 'English', 'fr', 'en', 'French', 'fra', 'French language', '(fr)', 'English language']",[' Emmanuel Macron communicates in French.'],ans,1
P1412_general_WESTERN_COUNTRIES_12,Jacques Chirac,"['eng', 'ru', 'English', 'fr', 'en', 'Russian language', 'Russkiy', 'French', 'fra', 'French language', '(fr)', 'English language', 'Russkiy yazyk', 'Russian']",[' French.'],ans,1
P1412_general_WESTERN_COUNTRIES_14,Franz Wilhelm Junghuhn,"['de', 'German', 'German language']",[' Franz Wilhelm Junghuhn communicates in German.\nUser '],ans,1
P1412_general_WESTERN_COUNTRIES_16,René Guénon,"['fr', 'French', 'fra', '(fr)', 'French language']",[' René Guénon communicates in French.\nUser '],ans,1
P1412_general_WESTERN_COUNTRIES_18,Jo-Wilfried Tsonga,"['fr', 'French', 'fra', '(fr)', 'French language']",[' Jo-Wilfried Tsonga communicates in French.\nUser '],ans,1
P1412_general_WESTERN_COUNTRIES_20,Cristiano Ronaldo,"['eng', 'pt', 'Portuguese language', 'English', 'en', 'es', 'Spanish language', 'English language', 'Portuguese', 'Español', 'Castilian language', 'Spanish', 'Castilian']",[' Cristiano Ronaldo communicates in Portuguese.'],ans,1
P1412_general_WESTERN_COUNTRIES_22,George Sand,"['fr', 'French', 'fra', '(fr)', 'French language']",[' George Sand communicates in French.'],ans,1
P1412_general_WESTERN_COUNTRIES_24,Gianluigi Buffon,"['it', 'Italiano', 'Italian', 'Italian language']",[' Gianluigi Buffon communicates in Italian.'],ans,1
P1412_general_WESTERN_COUNTRIES_26,Bahtiyar Duysak,"['de', 'German', 'German language']",[' Bahtiyar Duysak communicates in Turkish.\nUser '],ans,0
P1412_general_WESTERN_COUNTRIES_28,Barack Obama,"['eng', 'id', 'Bahasa', 'English', 'en', 'Indonesian', 'ind', 'Indonesian language', 'English language', 'bahasa Indonesia']",[' Barack Obama communicates in English.\nUser '],ans,1
P1412_general_WESTERN_COUNTRIES_30,Valéry Giscard d'Estaing,"['fr', 'French', 'de', 'German', 'fra', 'French language', '(fr)', 'German language']","["" Valéry Giscard d'Estaing communicates in French.\nUser ""]",ans,1
P1412_general_WESTERN_COUNTRIES_32,Christian Veillet,"['fr', 'French', 'fra', '(fr)', 'French language']",[' Christian Veillet communicates in French.\nUser '],ans,1
P1412_general_WESTERN_COUNTRIES_34,Paolo Bacci,"['it', 'Italiano', 'Italian', 'Italian language']",[' Paolo Bacci communicates in Italian.\nUser '],ans,1
P1412_general_WESTERN_COUNTRIES_36,Joe Biden,"['English', 'en', 'English language', 'eng']",[' Joe Biden communicates in English.\nUser '],ans,1
P1412_general_WESTERN_COUNTRIES_38,Pierre André de Suffren de Saint Tropez,"['fr', 'French', 'fra', '(fr)', 'French language']",[' Pierre André de Suffren de Saint Tropez communicates in French.\nUser '],ans,1
P1412_general_WESTERN_COUNTRIES_40,Nicolas Sarkozy,"['fr', 'French', 'fra', '(fr)', 'French language']",[' Nicolas Sarkozy communicates in French.\nUser '],ans,1
P1412_general_WESTERN_COUNTRIES_42,Mitt Romney,"['eng', 'English', 'fr', 'en', 'French', 'fra', 'French language', '(fr)', 'English language']",[' Mitt Romney communicates in English.\nUser '],ans,1
P1412_general_WESTERN_COUNTRIES_44,Alexandre Millerand,"['fr', 'French', 'fra', '(fr)', 'French language']",[' Alexandre Millerand communicates in French.'],ans,1
P1412_general_WESTERN_COUNTRIES_46,Charles Maurras,"['fr', 'French', 'fra', '(fr)', 'French language']",[' Charles Maurras communicates in French.'],ans,1
P1412_general_WESTERN_COUNTRIES_48,Silvio Berlusconi,"['eng', 'Italian', 'it', 'English', 'fr', 'en', 'Italian language', 'Italiano', 'French', 'fra', 'French language', '(fr)', 'English language']",[' Silvio Berlusconi communicates in Italian.'],ans,1
P1412_general_WESTERN_COUNTRIES_50,Salome Zurabishvili,"['en', 'fra', 'Italian', 'ქართული', 'Italiano', 'French', 'de', 'German', 'French language', 'Italian language', 'Georgian', 'Kartuli', 'it', 'English', 'fr', 'English language', 'ქართული ენა', 'German language', 'eng', 'Kartuli ena', 'ka', '(fr)', 'Georgian language']",[' Salome Zurabishvili communicates in both Georgian and English.\nUser '],ans,1
P1412_general_WESTERN_COUNTRIES_52,Kobe Bryant,"['eng', 'Italian', 'it', 'English', 'en', 'es', 'Spanish language', 'Italiano', 'English language', 'Italian language', 'Español', 'Castilian language', 'Spanish', 'Castilian']",[' Kobe Bryant communicates in both English and Japanese.'],ans,1
P1412_general_WESTERN_COUNTRIES_54,Serena Williams,"['eng', 'English', 'fr', 'en', 'French', 'fra', 'French language', '(fr)', 'English language']",[' Serena Williams communicates in English.\nUser '],ans,1
P1412_general_WESTERN_COUNTRIES_56,Andy Murray,"['English', 'en', 'English language', 'eng']",[' Andy Murray communicates in English.\nUser '],ans,1
P1412_general_WESTERN_COUNTRIES_58,John van der Neumann,"['Old Greek', 'lat', 'Latin', 'en', 'fra', 'la', 'French', 'de', 'German', 'French language', 'hu', 'English', 'fr', 'Hungarian language', 'English language', 'Hungarian', 'German language', 'Ancient Greek language', 'eng', 'grc', 'Old Greek language', 'Latin language', '(fr)', 'Ancient Greek']",[' John van der Neumann communicates in both English and German.'],ans,1
P1412_general_WESTERN_COUNTRIES_60,Alfred Siegling,"['de', 'German', 'German language']",[' Alfred Siegling communicates in German.'],ans,1
P1412_general_WESTERN_COUNTRIES_62,Wilhelm Spindler,"['de', 'German', 'German language']",[' Wilhelm Spindler communicates in German.'],ans,1
P1412_general_WESTERN_COUNTRIES_64,Karl-Heinz Schulz-Lepel,"['de', 'German', 'German language']",[' Karl-Heinz Schulz-Lepel communicates in German.\nUser '],ans,1
P1412_general_WESTERN_COUNTRIES_66,Karlheinz Schulz Streeck,"['de', 'German', 'German language']",[' Karlheinz Schulz Streeck communicates in German.\nUser '],ans,1
P1412_general_WESTERN_COUNTRIES_68,Hans Sturm,"['de', 'German', 'German language']",[' Hans Sturm communicates in German.\nUser '],ans,1
P1412_general_WESTERN_COUNTRIES_70,Hubert Sniers,"['de', 'German', 'German language']",[' Hubert Sniers communicates in Dutch.\nUser '],ans,0
P1412_general_WESTERN_COUNTRIES_72,Gerhard Simons,"['de', 'German', 'German language']",[' Gerhard Simons communicates in German.'],ans,1
P1412_general_WESTERN_COUNTRIES_74,Ernst Sorge,"['de', 'German', 'German language']",[' Ernst Sorge communicates in German.\nUser '],ans,1
P1412_general_WESTERN_COUNTRIES_76,Kurt Schumacher,"['de', 'German', 'German language']",[' Kurt Schumacher communicates in German.'],ans,1
P1412_general_WESTERN_COUNTRIES_78,Georg Seelmann,"['de', 'German', 'German language']",[' Georg Seelmann communicates in German.'],ans,1
P1412_general_WESTERN_COUNTRIES_80,Walther Sievers,"['de', 'German', 'German language']",[' Walther Sievers communicates in German.\nUser '],ans,1
P1412_general_WESTERN_COUNTRIES_82,Tucker Carlson,"['English', 'en', 'English language', 'eng']",[' Tucker Carlson communicates in English.'],ans,1
P1412_general_WESTERN_COUNTRIES_84,Georges Bataille,"['fr', 'French', 'fra', '(fr)', 'French language']",[' Georges Bataille communicated in French.'],ans,1
P1412_general_WESTERN_COUNTRIES_86,Maurice Duplessis,"['eng', 'English (Canada)', 'en-ca', 'English', 'Canadian French', 'fr', 'en', 'en-CA', 'en_CA', 'French', 'en_ca', 'French-Canadian dialect', 'fra', 'French language', '(fr)', 'English language', 'Canadian English']",[' Maurice Duplessis communicates in French.'],ans,1
P1412_general_WESTERN_COUNTRIES_88,Amanda Lear,"['eng', 'Italian', 'it', 'English', 'fr', 'en', 'Italian language', 'Italiano', 'French', 'fra', 'French language', '(fr)', 'English language']",[' Amanda Lear communicates in English.\nUser '],ans,1
P1412_general_WESTERN_COUNTRIES_90,Roger Federer,"['eng', 'English', 'fr', 'en', 'Swiss German', 'French', 'de', 'German', 'fra', 'French language', '(fr)', 'English language', 'German language']",[' Roger Federer communicates in both English and Swiss-German.'],ans,1
P1412_general_WESTERN_COUNTRIES_92,Elon Musk,"['English', 'en', 'English language', 'eng']",[' Elon Musk communicates in English.\nUser '],ans,1
P1412_general_WESTERN_COUNTRIES_94,Savannah Brinson,"['eng', 'English (United States)', 'en-us', 'en_US', 'English', 'en', 'U.S. English', 'en_us', 'English language', 'AmE', 'United States English', 'US English', 'en-US', 'American English']",[' Savannah Brinson communicates in English.\nUser '],ans,1
P1412_general_WESTERN_COUNTRIES_96,Mike Pence,"['English', 'en', 'English language', 'eng']",[' Mike Pence communicates in English.\nUser '],ans,1
P1412_general_WESTERN_COUNTRIES_98,Stephen Harper,"['eng', 'English', 'fr', 'en', 'French', 'fra', 'French language', '(fr)', 'English language']",[' Stephen Harper communicates in both English and French.\nUser '],ans,1
P1412_general_WESTERN_COUNTRIES_100,Joseph René Vilatte,"['fr', 'French', 'fra', '(fr)', 'French language']",[' Joseph René Vilatte communicates in French.'],ans,1
P1412_general_WESTERN_COUNTRIES_102,Johnny Hallyday,"['fr', 'French', 'fra', '(fr)', 'French language']",[' Johnny Hallyday communicates in French.\nUser '],ans,1
P1412_general_WESTERN_COUNTRIES_104,Hillary Clinton,"['eng', 'English (United States)', 'en-us', 'en_US', 'English', 'en', 'U.S. English', 'en_us', 'English language', 'AmE', 'United States English', 'US English', 'en-US', 'American English']",[' Hillary Clinton communicates in English.\nUser '],ans,1
P1412_general_WESTERN_COUNTRIES_106,Lewis Hamilton,"['English', 'en', 'English language', 'eng']",[' Lewis Hamilton communicates in English.'],ans,1
P1412_general_WESTERN_COUNTRIES_108,Roberto Baggio,"['Italian', 'Venetian', 'vec', 'it', 'Italiano', 'Venetian language', 'Venetan', 'Italian language', 'Venetan language']",[' Roberto Baggio communicates in Italian.'],ans,1
P1412_general_WESTERN_COUNTRIES_110,Cyrano de Bergerac,"['fr', 'French', 'fra', '(fr)', 'French language']",[' In what language does Cyrano de Bergerac communicate?\nMini Cyrano de Bergerac communicates in French.\nUser '],ans,1
P1412_general_WESTERN_COUNTRIES_112,Julian Assange,"['English', 'en', 'English language', 'eng']",[' Julian Assange communicates in English.\nUser '],ans,1
P1412_general_WESTERN_COUNTRIES_114,Mariah Carey,"['English', 'en', 'English language', 'eng']",[' Mariah Carey communicates in English.\nUser '],ans,1
P1412_general_WESTERN_COUNTRIES_116,Drake,"['eng', 'Castilian', 'es-419', 'English', 'en', 'es', 'Spanish language', 'es_419', 'English language', 'es-PE', 'Latin American Spanish', 'Español', 'Castilian language', 'Spanish', 'Peruvian Spanish']",[' Drake communicates in English.\nUser '],ans,1
P1412_general_WESTERN_COUNTRIES_118,Patrick Dewaere,"['fr', 'French', 'fra', '(fr)', 'French language']",[' Patrick Dewaere communicates in French.'],ans,1
P1412_general_WESTERN_COUNTRIES_120,Steve Davis,"['English', 'en', 'English language', 'eng']",[' Steve Davis communicates in English.\nUser '],ans,1
P1412_general_WESTERN_COUNTRIES_122,Ben Roethlisberger,"['English', 'en', 'English language', 'eng']",[' Ben Roethlisberger communicates in English.\nUser '],ans,1
P1412_general_WESTERN_COUNTRIES_124,Lenny Leonard,"['English', 'en', 'English language', 'eng']",[' Lenny Leonard communicates in English.\nUser '],ans,1
P1412_general_WESTERN_COUNTRIES_126,Carrie Underwood,"['English', 'en', 'English language', 'eng']",[' Carrie Underwood communicates in English.\nUser '],ans,1
P1412_general_WESTERN_COUNTRIES_128,Martin Luther King Jr.,"['English', 'en', 'English language', 'eng']",[' Martin Luther King Jr. communicates in English.\nUser '],ans,1
P1412_general_WESTERN_COUNTRIES_130,Connor Kenway,"['English', 'en', 'English language', 'eng']",[' Connor Kenway communicates in English.\nUser '],ans,1
P1412_general_WESTERN_COUNTRIES_132,Frank Sinatra,"['English', 'en', 'English language', 'eng']",[' Frank Sinatra communicates in English.'],ans,1
P1412_general_WESTERN_COUNTRIES_134,Jon Moxley,"['English', 'en', 'English language', 'eng']",[' Jon Moxley communicates in English.\nUser '],ans,1
P1412_general_WESTERN_COUNTRIES_136,Pierre Bonny,"['fr', 'French', 'fra', '(fr)', 'French language']",[' Pierre Bonny communicates in French.'],ans,1
P1412_general_WESTERN_COUNTRIES_138,Britney Spears,"['English', 'en', 'English language', 'eng']",[' Britney Spears communicates in English.\nUser '],ans,1
P1412_general_WESTERN_COUNTRIES_140,François de Charette,"['fr', 'French', 'fra', '(fr)', 'French language']",[' François de Charette communicates in French.\nUser '],ans,1
P1412_general_WESTERN_COUNTRIES_142,Edward Snowden,"['eng', 'English', 'fr', 'en', 'French', 'fra', 'French language', '(fr)', 'English language']",[' Edward Snowden communicates in English.\nUser '],ans,1
P1412_general_WESTERN_COUNTRIES_144,Stacey Ehrmantraut,"['English', 'en', 'English language', 'eng']",[' Stacey Ehrmantraut communicates in English.\nUser '],ans,1
P1412_general_WESTERN_COUNTRIES_146,Margaret Thatcher,"['English', 'en', 'English language', 'eng']",[' Margaret Thatcher communicates in English.'],ans,1
P1412_general_WESTERN_COUNTRIES_148,Matteo Renzi,"['it', 'Italiano', 'Italian', 'Italian language']",[' Matteo Renzi communicates in Italian.'],ans,1
P1412_general_WESTERN_COUNTRIES_150,Michael Jackson,"['eng', 'English (United States)', 'en-us', 'en_US', 'English', 'en', 'U.S. English', 'en_us', 'English language', 'AmE', 'United States English', 'US English', 'en-US', 'American English']",[' Michael Jackson communicates in English.\nUser '],ans,1
P1412_general_WESTERN_COUNTRIES_152,Steve Bannon,"['English', 'en', 'English language', 'eng']",[' Steve Bannon communicates in English.\nUser '],ans,1
P1412_general_WESTERN_COUNTRIES_154,Grégory Villemin,"['fr', 'French', 'fra', '(fr)', 'French language']",[' Grégory Villemin communicates in French.\nUser '],ans,1
P1412_general_WESTERN_COUNTRIES_156,Louis Pasteur,"['fr', 'French', 'fra', '(fr)', 'French language']",[' Louis Pasteur communicates in French.'],ans,1
P1412_general_WESTERN_COUNTRIES_158,Georganne LaPiere,"['English', 'en', 'English language', 'eng']",[' Georganne LaPiere communicates in English.\nUser '],ans,1
P1412_general_WESTERN_COUNTRIES_160,Mohammed Merah,"['fr', 'French', 'fra', '(fr)', 'French language']",[' Mohammed Merah communicates in both Arabic and French.\nUser '],ans,1
P1412_general_WESTERN_COUNTRIES_162,Katy Perry,"['English', 'en', 'English language', 'eng']",[' Katy Perry communicates in English.\nUser '],ans,1
P1412_general_WESTERN_COUNTRIES_164,Eminem,"['English', 'en', 'English language', 'eng']",[' Eminem communicates in English.\nUser '],ans,1
P1412_general_WESTERN_COUNTRIES_166,Nicolas Mahut,"['fr', 'French', 'fra', '(fr)', 'French language']",[' Nicolas Mahut communicates in French.\nUser '],ans,1
P1412_general_WESTERN_COUNTRIES_168,Selena Gomez,"['eng', 'English', 'en', 'es', 'Spanish language', 'English language', 'Español', 'Castilian language', 'Spanish', 'Castilian']",[' Selena Gomez communicates in English.\nUser '],ans,1
P1412_general_WESTERN_COUNTRIES_170,Dianna Agron,"['English', 'en', 'English language', 'eng']",[' Dianna Agron communicates in English.\nUser '],ans,1
P1412_general_WESTERN_COUNTRIES_172,Jennifer Lopez,"['eng', 'English', 'en', 'es', 'Spanish language', 'English language', 'Español', 'Castilian language', 'Spanish', 'Castilian']",[' Jennifer Lopez communicates in both English and Spanish.'],ans,1
P1412_general_WESTERN_COUNTRIES_174,Alexandria Ocasio-Cortez,"['eng', 'English', 'en', 'es', 'Spanish language', 'English language', 'Español', 'Castilian language', 'Spanish', 'Castilian']",[' Alexandria Ocasio-Cortez communicates in English.\nUser '],ans,1
P1412_general_WESTERN_COUNTRIES_176,Hulk Hogan,"['English', 'en', 'English language', 'eng']",[' Hulk Hogan communicates in English.\nUser '],ans,1
P1412_general_WESTERN_COUNTRIES_178,Paul McCartney,"['English', 'en', 'English language', 'eng']",[' Paul McCartney communicates in English.'],ans,1
P1412_general_WESTERN_COUNTRIES_180,Samuel Beckett,"['eng', 'English', 'fr', 'en', 'French', 'fra', 'French language', '(fr)', 'English language']",[' Samuel Beckett communicates in English.\nUser '],ans,1
P1412_general_WESTERN_COUNTRIES_182,Bob Dylan,"['English', 'en', 'English language', 'eng']",[' Bob Dylan communicates in English.\nUser '],ans,1
P1412_general_WESTERN_COUNTRIES_184,Daniel Cohn-Bendit,"['fr', 'French', 'de', 'German', 'fra', 'French language', '(fr)', 'German language']",[' Daniel Cohn-Bendit communicates in German.'],ans,1
P1412_general_WESTERN_COUNTRIES_186,Vito Spatafore,"['English', 'en', 'English language', 'eng']",[' Vito Spatafore communicates in Italian.'],ans,0
P1412_general_WESTERN_COUNTRIES_188,Tony Blundetto,"['English', 'en', 'English language', 'eng']",[' Tony Blundetto communicates in Italian.'],ans,0
P1412_general_WESTERN_COUNTRIES_190,Carmine Lupertazzi,"['English', 'en', 'English language', 'eng']",[' Carmine Lupertazzi communicates in Italian.'],ans,0
P1412_general_WESTERN_COUNTRIES_192,Alec Woods,"['English', 'en', 'English language', 'eng']",[' Alec Woods communicates in English.\nUser '],ans,1
P1412_general_WESTERN_COUNTRIES_194,Justin Bieber,"['eng', 'English (Canada)', 'en-ca', 'English', 'en', 'en_CA', 'en-CA', 'en_ca', 'English language', 'Canadian English']",[' Justin Bieber communicates in English.\nUser '],ans,1
P1412_general_WESTERN_COUNTRIES_196,Dwight D. Eisenhower,"['English', 'en', 'English language', 'eng']",[' Dwight D. Eisenhower communicates in English.'],ans,1
P1412_general_WESTERN_COUNTRIES_198,Nicki Minaj,"['English', 'en', 'English language', 'eng']",[' Nicki Minaj communicates in English.\nUser '],ans,1
P1412_general_WESTERN_COUNTRIES_200,Ulysses S Grant,"['English', 'en', 'English language', 'eng']",[' Ulysses S Grant communicates in English.'],ans,1
P1412_general_WESTERN_COUNTRIES_202,Jean Giraud,"['fr', 'French', 'fra', '(fr)', 'French language']",[' Jean Giraud communicates in French.'],ans,1
P1412_general_WESTERN_COUNTRIES_204,Charles V of France,"['fr', 'French', 'fra', '(fr)', 'French language']",[' Charles V of France communicated in both French and Latin.'],ans,1
P1412_general_WESTERN_COUNTRIES_206,Mike Grose,"['English', 'en', 'English language', 'eng']",[' Mike Grose communicates in English.\nUser '],ans,1
P1412_general_WESTERN_COUNTRIES_208,Hubert Gough,"['English', 'en', 'English language', 'eng']",[' Hubert Gough communicates in English.\nUser '],ans,1
P1412_general_WESTERN_COUNTRIES_210,J. Martin,"['English', 'en', 'English language', 'eng']",[' J. Martin communicates in English.\nUser '],ans,1
P1412_general_WESTERN_COUNTRIES_212,Carl Jung,"['eng', 'English', 'en', 'de', 'German', 'English language', 'German language']",[' Carl Jung communicates in both German and English.\nUser '],ans,1
P1412_general_WESTERN_COUNTRIES_214,Ariana Grande,"['English', 'en', 'English language', 'eng']",[' Ariana Grande communicates in English.\nUser '],ans,1
P1412_general_WESTERN_COUNTRIES_216,Gaël Monfils,"['fr', 'French', 'fra', '(fr)', 'French language']",[' Gaël Monfils communicates in French.\nUser '],ans,1
P1412_general_WESTERN_COUNTRIES_218,Nicolas Dalayrac,"['fr', 'French', 'fra', '(fr)', 'French language']",[' Nicolas Dalayrac communicates in French.\nUser '],ans,1
P1412_general_WESTERN_COUNTRIES_220,Chuck Schumer,"['English', 'en', 'English language', 'eng']",[' Chuck Schumer communicates in English.\nUser '],ans,1
P1412_general_WESTERN_COUNTRIES_222,Bernard Hinault,"['fr', 'French', 'fra', '(fr)', 'French language']",[' Bernard Hinault communicates in French.'],ans,1
P1412_general_WESTERN_COUNTRIES_224,"Gilbert du Motier, Marquis de Lafayette","['eng', 'English', 'fr', 'en', 'French', 'fra', 'French language', '(fr)', 'English language']","[' Gilbert du Motier, Marquis de Lafayette communicated in French.']",ans,1
P1412_general_WESTERN_COUNTRIES_226,Rudi Reußner,"['de', 'German', 'German language']",[' Rudi Reußner communicates in German.'],ans,1
P1412_general_WESTERN_COUNTRIES_228,Karl Rammelt,"['de', 'German', 'German language']",[' Karl Rammelt communicates in German.\nUser '],ans,1
P1412_general_WESTERN_COUNTRIES_230,Josef Rettemeier,"['de', 'German', 'German language']",[' Josef Rettemeier communicates in German.'],ans,1
P1412_general_WESTERN_COUNTRIES_232,Werner Roell,"['de', 'German', 'German language']",[' Werner Roell communicates in German.'],ans,1
P1412_general_WESTERN_COUNTRIES_234,Otto Ritz,"['de', 'German', 'German language']",[' Otto Ritz communicates in German.'],ans,1
P1412_general_WESTERN_COUNTRIES_236,Willi Rothhaar,"['de', 'German', 'German language']",[' Willi Rothhaar communicates in German.\nUser '],ans,1
P1412_general_WESTERN_COUNTRIES_238,Volprecht Riedesel Freiherr zu Eisenbach,"['de', 'German', 'German language']",[' Volprecht Riedesel Freiherr zu Eisenbach communicates in German.\nUser '],ans,1
P1412_general_WESTERN_COUNTRIES_240,Erwin Franz Roestel,"['de', 'German', 'German language']","[' Erwin Franz Roel is a fictional character in the German television series ""Babylon Berlin"". He communicates in German.']",ans,1
P1412_general_WESTERN_COUNTRIES_242,Wilfrid Richter,"['de', 'German', 'German language']",[' Wilfrid Richter communicates in English.\nUser '],ans,0
P1412_general_WESTERN_COUNTRIES_244,Gottlieb Renz,"['de', 'German', 'German language']",[' Gottlieb Renz communicates in German.'],ans,1
P1412_general_WESTERN_COUNTRIES_246,Benno Reuter,"['de', 'German', 'German language']",[' Benno Reuter communicates in German.'],ans,1
P1412_general_WESTERN_COUNTRIES_248,Karl Rixecker,"['de', 'German', 'German language']",[' Karl Rixecker communicates in German.'],ans,1
P1412_general_WESTERN_COUNTRIES_250,Fritz Rentrop,"['de', 'German', 'German language']",[' Fritz Rentrop communicates in German.'],ans,1
P1412_general_WESTERN_COUNTRIES_252,Viktor Rall,"['de', 'German', 'German language']",[' Viktor Rall communicates in Russian.\nUser '],ans,0
P1412_general_WESTERN_COUNTRIES_254,Gustav Reimar,"['de', 'German', 'German language']",[' Gustav Reimar communicates in German.\nUser '],ans,1
P1412_general_WESTERN_COUNTRIES_256,August Reuter,"['de', 'German', 'German language']",[' August Reuter communicates in German.'],ans,1
P1412_general_WESTERN_COUNTRIES_258,George Washington,"['English', 'en', 'English language', 'eng']",[' George Washington communicated in both English and French.'],ans,1
P1412_general_WESTERN_COUNTRIES_260,Benedict XVI,"['lat', 'Latin', 'en', 'Spanish language', 'fra', 'Italian', 'Italiano', 'la', 'French', 'de', 'German', 'French language', 'Italian language', 'it', 'English', 'fr', 'English language', 'Español', 'Castilian', 'Spanish', 'German language', 'eng', 'es', 'Latin language', '(fr)', 'Castilian language']","[' Benedict XVI communicates in Latin, Italian, and German.\nUser ']",ans,1
P1412_general_WESTERN_COUNTRIES_262,Wali,"['fr', 'French', 'fra', '(fr)', 'French language']",[' Wali communicates in both English and Urdu.\nUser '],ans,0
P1412_general_WESTERN_COUNTRIES_264,Avril Lavigne,"['English', 'en', 'English language', 'eng']",[' Avril Lavigne communicates in English.\nUser '],ans,1
P1412_general_WESTERN_COUNTRIES_266,Karl Schrepfer,"['de', 'German', 'German language']",[' Karl Schrepfer communicates in German.'],ans,1
P1412_general_WESTERN_COUNTRIES_268,Egon-Reiner von Schlippenbach,"['de', 'German', 'German language']",[' Egon-Reiner von Schlippenbach communicates in German.\nUser '],ans,1
P1412_general_WESTERN_COUNTRIES_270,Martin Saltzwedel,"['de', 'German', 'German language']",[' Martin Saltzwedel communicates in German.'],ans,1
P1412_general_WESTERN_COUNTRIES_272,Gerhart Schirmer,"['de', 'German', 'German language']",[' Gerhart Schirmer communicates in German.\nUser '],ans,1
P1412_general_WESTERN_COUNTRIES_274,Walter Sander,"['de', 'German', 'German language']",[' Walter Sander communicates in German.'],ans,1
P1412_general_WESTERN_COUNTRIES_276,Johannes Scherg,"['de', 'German', 'German language']",[' Johannes Scherg communicates in German.\nUser '],ans,1
P1412_general_WESTERN_COUNTRIES_278,Wilhelm von Salisch,"['de', 'German', 'German language']",[' Wilhelm von Salisch communicates in German.'],ans,1
P1412_general_WESTERN_COUNTRIES_280,Franz Schreiber,"['de', 'German', 'German language']",[' Franz Schreiber communicates in German.\nUser '],ans,1
P1412_general_WESTERN_COUNTRIES_282,Anton Schmid,"['de', 'German', 'German language']",[' Anton Schmid communicates in German.\nUser '],ans,1
P1412_general_WESTERN_COUNTRIES_284,Curt Schille,"['de', 'German', 'German language']",[' Curt Schille communicates in English.\nUser '],ans,0
P1412_general_WESTERN_COUNTRIES_286,Danica Patrick,"['eng', 'English (United States)', 'en-us', 'en_US', 'English', 'en', 'U.S. English', 'en_us', 'English language', 'AmE', 'United States English', 'US English', 'en-US', 'American English']",[' Danica Patrick communicates in English.\nUser '],ans,1
P1412_general_WESTERN_COUNTRIES_288,Jacques Lacan,"['fr', 'French', 'de', 'German', 'fra', 'French language', '(fr)', 'German language']",[' Jacques Lacan communicates in French.'],ans,1
P1412_general_WESTERN_COUNTRIES_290,Bruno Mars,"['eng', 'English', 'en', 'es', 'Spanish language', 'English language', 'Español', 'Castilian language', 'Spanish', 'Castilian']",[' Bruno Mars communicates in English.\nUser '],ans,1
P1412_general_WESTERN_COUNTRIES_292,Robert Byrd,"['English', 'en', 'English language', 'eng']",[' Robert Byrd communicates in English.\nUser '],ans,1
P1412_general_WESTERN_COUNTRIES_294,Connor Lawson,"['English', 'en', 'English language', 'eng']",[' Connor Lawson communicates in English.\nUser '],ans,1
P1412_general_WESTERN_COUNTRIES_296,Karim Benzema,"['fr', 'French', 'fra', '(fr)', 'French language']",[' Karim Benzema communicates in French.\nUser '],ans,1
P1412_general_WESTERN_COUNTRIES_298,Alfred Matern,"['de', 'German', 'German language']",[' Alfred Matern communicates in German.\nUser '],ans,1
P1412_general_WESTERN_COUNTRIES_300,Helmut Möhlmann,"['de', 'German', 'German language']",[' Helmut Möhlmann communicates in German.'],ans,1
P1412_general_WESTERN_COUNTRIES_302,Karl-Hermann Millahn,"['de', 'German', 'German language']",[' Karl-Hermann Millahn communicates in German.\nUser '],ans,1
P1412_general_WESTERN_COUNTRIES_304,Siegfried Moldenhauer,"['de', 'German', 'German language']",[' Siegfried Moldenhauer communicates in German.'],ans,1
P1412_general_WESTERN_COUNTRIES_306,Karl Müller,"['de', 'German', 'German language']",[' Karl Müller communicates in German.'],ans,1
P1412_general_WESTERN_COUNTRIES_308,Rolf Mager,"['de', 'German', 'German language']",[' Rolf Mager communicates in German.\nUser '],ans,1
P1412_general_WESTERN_COUNTRIES_310,Hubert-Erwin Meierdress,"['de', 'German', 'German language']",[' Hubert-Erwin Meierdress communicates in German.\nUser '],ans,1
P1412_general_WESTERN_COUNTRIES_312,Theodor von Mauchenheim,"['de', 'German', 'German language']",[' Theodor von Mauchenheim communicates in German.'],ans,1
P1412_general_WESTERN_COUNTRIES_314,Carl-Friedrich Mohr,"['de', 'German', 'German language']",[' Carl-Friedrich Mohr communicates in German.\nUser '],ans,1
P1412_general_WESTERN_COUNTRIES_316,Kurt Maier,"['de', 'German', 'German language']",[' Kurt Maier communicates in German.\nUser '],ans,1
P1412_general_WESTERN_COUNTRIES_318,Wolfgang Meinhold,"['de', 'German', 'German language']",[' Wolfgang Meinhold communicates in German.'],ans,1
P1412_general_WESTERN_COUNTRIES_320,Hans-Joachim Merks,"['de', 'German', 'German language']",[' Hans-Joachim Merks communicates in German.\nUser '],ans,1
P1412_general_WESTERN_COUNTRIES_322,Hans Meier,"['de', 'German', 'German language']",[' Hans Meier communicates in German.\nUser '],ans,1
P1412_general_WESTERN_COUNTRIES_324,Martin Moßdorf,"['de', 'German', 'German language']",[' Martin Moßdorf communicates in German.'],ans,1
P1412_general_WESTERN_COUNTRIES_326,Teresa of Ávila,"['es', 'Spanish language', 'Español', 'Castilian language', 'Spanish', 'Castilian']",[' Teresa of Ávila communicates in Spanish.\nUser '],ans,1
P1412_general_WESTERN_COUNTRIES_328,XXXTentacion,"['English', 'en', 'English language', 'eng']",[' XXXTentacion communicates in Spanish.\nUser '],ans,0
P1412_general_WESTERN_COUNTRIES_330,Bernhard Walterbach,"['de', 'German', 'German language']",[' Bernhard Walterbach communicates in German.'],ans,1
P1412_general_WESTERN_COUNTRIES_332,Johann-Friedrich Wessels,"['de', 'German', 'German language']",[' Johann-Friedrich Wessels communicates in German.'],ans,1
P1412_general_WESTERN_COUNTRIES_334,Herbert Weiß,"['de', 'German', 'German language']",[' Herbert Weiß communicates in German.\nUser '],ans,1
P1412_general_WESTERN_COUNTRIES_336,Johannes Weineck,"['de', 'German', 'German language']",[' Johannes Weineck communicates in German.\nUser '],ans,1
P1412_general_WESTERN_COUNTRIES_338,Hermann Wischnewski,"['de', 'German', 'German language']",[' Hermann Wischnewski communicates in German.'],ans,1
P1412_general_WESTERN_COUNTRIES_340,Karl Willig,"['de', 'German', 'German language']",[' Karl Willig communicates in German.\nUser '],ans,1
P1412_general_WESTERN_COUNTRIES_342,Balthasar Woll,"['de', 'German', 'German language']",[' Balthasar Woll communicates in German.\nUser '],ans,1
P1412_general_WESTERN_COUNTRIES_344,Wilhelm Walther,"['de', 'German', 'German language']",[' Wilhelm Walther communicates in German.'],ans,1
P1412_general_WESTERN_COUNTRIES_346,Hans Witt,"['de', 'German', 'German language']",[' Hans Witt communicates in German.'],ans,1
P1412_general_WESTERN_COUNTRIES_348,Georg Wenzelburger,"['de', 'German', 'German language']",[' Georg Wenzelburger communicates in German.'],ans,1
P1412_general_WESTERN_COUNTRIES_350,Herbert Wittmann,"['de', 'German', 'German language']",[' Herbert Wittmann communicates in German.'],ans,1
P1412_general_WESTERN_COUNTRIES_352,Giselher Wilke,"['de', 'German', 'German language']",[' Giselher Wilke communicates in German.\nUser '],ans,1
P1412_general_WESTERN_COUNTRIES_354,Günther-Eberhardt Wisliceny,"['de', 'German', 'German language']",[' Günther-Eberhardt Wisliceny communicates in German.\nUser '],ans,1
P1412_general_WESTERN_COUNTRIES_356,Thilo Freiherr von Werthern,"['de', 'German', 'German language']",[' Thilo Freiherr von Werthern communicates in German.'],ans,1
P1412_general_WESTERN_COUNTRIES_358,Rudolf Winnerl,"['de', 'German', 'German language']",[' Rudolf Winnerl communicates in German.'],ans,1
P1412_general_WESTERN_COUNTRIES_360,Madonna,"['English', 'en', 'English language', 'eng']",[' Madonna communicates in English.\nUser '],ans,1
P1412_general_WESTERN_COUNTRIES_362,The Miz,"['eng', 'English', 'fr', 'en', 'French', 'fra', 'French language', '(fr)', 'English language']",[' The Miz communicates in both English and Spanish.\nUser '],ans,1
P1412_general_WESTERN_COUNTRIES_364,Paris Hilton,"['English', 'en', 'English language', 'eng']",[' Paris Hilton communicates in English.\nUser '],ans,1
P1412_general_WESTERN_COUNTRIES_366,Angelina Jolie,"['en_US', 'Central Khmer', 'Khmer', 'km', 'en', 'Khmer language', 'United States English', 'American English', 'Cambodian language', 'en-US', 'English (United States)', 'en-us', 'English', 'en_us', 'U.S. English', 'English language', 'AmE', 'US English', 'eng']",[' Angelina Jolie communicates in English.\nUser '],ans,1
P1412_general_WESTERN_COUNTRIES_368,Kurt Angle,"['English', 'en', 'English language', 'eng']",[' Kurt Angle communicates in English.\nUser '],ans,1
P1412_general_WESTERN_COUNTRIES_370,Thomas Jefferson,"['eng', 'lat', 'Italian', 'it', 'English', 'Latin', 'fr', 'en', 'Latin language', 'la', 'French', 'Italiano', 'Italian language', 'fra', 'French language', '(fr)', 'English language']",[' Thomas Jefferson communicates in both English and French.'],ans,1
P1412_general_WESTERN_COUNTRIES_372,Claudio Bravo,"['es', 'Spanish language', 'Español', 'Castilian language', 'Spanish', 'Castilian']",[' Claudio Bravo communicates in Spanish.'],ans,1
P1412_general_WESTERN_COUNTRIES_374,Carl Schmitt,"['de', 'German', 'German language']",[' Carl Schmitt communicates in German.'],ans,1
P1412_general_WESTERN_COUNTRIES_376,Maurice Chevalier,"['eng', 'English', 'fr', 'en', 'French', 'fra', 'French language', '(fr)', 'English language']",[' Maurice Chevalier communicates in French.'],ans,1
P1412_general_WESTERN_COUNTRIES_378,Jacques Villeneuve,"['eng', 'Italian', 'it', 'English', 'fr', 'en', 'Italian language', 'Italiano', 'French', 'fra', 'French language', '(fr)', 'English language']",[' Jacques Villeneuve communicates in French.'],ans,1
P1412_general_WESTERN_COUNTRIES_380,Bernhard Hamester,"['de', 'German', 'German language']",[' Bernhard Hamester communicates in German.\nUser '],ans,1
P1412_general_WESTERN_COUNTRIES_382,Bruno Hinz,"['de', 'German', 'German language']",[' Bruno Hinz communicates in German.\nUser '],ans,1
P1412_general_WESTERN_COUNTRIES_384,Reino Hamer,"['de', 'German', 'German language']",[' Reino Hamer communicates in both English and Japanese.'],ans,0
P1412_general_WESTERN_COUNTRIES_386,Hans-Georg Hess,"['de', 'German', 'German language']",[' Hans-Georg Hess communicates in German.\nUser '],ans,1
P1412_general_WESTERN_COUNTRIES_388,Otto Hielscher,"['de', 'German', 'German language']",[' Otto Hielscher communicates in German.'],ans,1
P1412_general_WESTERN_COUNTRIES_390,Engelbert Heiner,"['de', 'German', 'German language']",[' Engelbert Heiner communicates in German.\nUser '],ans,1
P1412_general_WESTERN_COUNTRIES_392,Konrad Heubeck,"['de', 'German', 'German language']",[' Konrad Heubeck communicates in German.'],ans,1
P1412_general_WESTERN_COUNTRIES_394,Josef Heichele,"['de', 'German', 'German language']",[' Josef Heichele communicates in German.'],ans,1
P1412_general_WESTERN_COUNTRIES_396,Heinz Haag,"['de', 'German', 'German language']",[' Heinz Haag communicates in German.'],ans,1
P1412_general_WESTERN_COUNTRIES_398,Herbert Hampe,"['de', 'German', 'German language']",[' Herbert Hampe communicates in English.\nUser '],ans,0
P1412_general_WESTERN_COUNTRIES_400,Francisco de Goya,"['es', 'Spanish language', 'Español', 'Castilian language', 'Spanish', 'Castilian']",[' Francisco de Goya communicates in Spanish.'],ans,1
P1412_general_WESTERN_COUNTRIES_402,Arnold Schwarzenegger,"['en', 'de-at', 'Austrian-German', 'Austrian German', 'Austrian accent', 'de', 'German', 'Austrian Standard German', 'AustriaLanguage', 'Austrian German language', 'English', 'English language', 'German language', 'eng', 'österreichisches Deutsch', 'Austrian Dialect', 'de_AT', 'Austrian language', 'Austria/Language']",[' Arnold Schwarzenegger communicates in German.'],ans,1
P1412_general_WESTERN_COUNTRIES_404,Winston Churchill,"['eng', 'English', 'fr', 'en', 'French', 'fra', 'French language', '(fr)', 'English language']",[' Winston Churchill communicates in English.'],ans,1
P1412_general_WESTERN_COUNTRIES_406,Martin Fourcade,"['eng', 'English', 'fr', 'en', 'French', 'fra', 'French language', '(fr)', 'English language']",[' Martin Fourcade communicates in French.'],ans,1
P1412_general_WESTERN_COUNTRIES_408,Bobby Fischer,"['eng', 'Íslenska', 'English', 'en', 'Icelandic language', 'Icelandic', 'English language', 'is']",[' Bobby Fischer communicates in English.'],ans,1
P1412_general_WESTERN_COUNTRIES_410,William Bonin,"['English', 'en', 'English language', 'eng']",[' William Bonin communicates in English.\nUser '],ans,1
P1412_general_WESTERN_COUNTRIES_412,Milos Raonic,"['English', 'en', 'English language', 'eng']",[' Milos Raonic communicates in both Serbian and English.\nUser '],ans,1
P1412_general_WESTERN_COUNTRIES_414,Renate Blauel,"['de', 'German', 'German language']",[' Renate Blauel communicates in German.\nUser '],ans,1
P1412_general_WESTERN_COUNTRIES_416,CM Punk,"['English', 'en', 'English language', 'eng']",[' CM Punk communicates in English.\nUser '],ans,1
P1412_general_WESTERN_COUNTRIES_418,Andrew Cuomo,"['English', 'en', 'English language', 'eng']",[' Andrew Cuomo communicates in English.\nUser '],ans,1
P1412_general_WESTERN_COUNTRIES_420,Ruth Bader Ginsburg,"['en_US', 'Hebrew', 'en', 'United States English', 'Swedish', 'Iwrit', 'Jewish language', 'American English', 'Svenska', 'Ivrit', 'heb', 'en-US', 'English (United States)', 'en-us', 'English', 'en_us', 'U.S. English', 'English language', 'AmE', 'US English', 'sv', 'he', 'eng', 'Hebrew language', 'Swedish language']",[' Ruth Bader Ginsburg communicates in English.\nUser '],ans,1
P1412_general_WESTERN_COUNTRIES_422,Marilyn Manson,"['English', 'en', 'English language', 'eng']",[' Marilyn Manson communicates in English.\nUser '],ans,1
P1412_general_WESTERN_COUNTRIES_424,Céline Dion,"['eng', 'English', 'fr', 'en', 'French', 'fra', 'French language', '(fr)', 'English language']",[' Céline Dion communicates in both French and English.'],ans,1
P1412_general_WESTERN_COUNTRIES_426,"Sir Henry Wilson, 1st Baronet","['English', 'en', 'English language', 'eng']","[' Sir Henry Wilson, 1st Baronet communicated in English.']",ans,1
P1412_general_WESTERN_COUNTRIES_428,"Louis de Rouvroy, duc de Saint-Simon","['fr', 'French', 'fra', '(fr)', 'French language']","[' Louis de Rouvroy, duc de Saint-Simon, communicated in French.']",ans,1
P1412_general_WESTERN_COUNTRIES_430,Nikolas Cruz,"['English', 'en', 'English language', 'eng']",[' Nikolas Cruz communicates in English.\nUser '],ans,1
P1412_general_WESTERN_COUNTRIES_432,Chelsea Manning,"['English', 'en', 'English language', 'eng']",[' Chelsea Manning communicates in English.\nUser '],ans,1
P1412_general_WESTERN_COUNTRIES_434,Miley Cyrus,"['English', 'en', 'English language', 'eng']",[' Miley Cyrus communicates in English.\nUser '],ans,1
P1412_general_WESTERN_COUNTRIES_436,Giuseppe Conte,"['eng', 'Italian', 'it', 'English', 'en', 'Italiano', 'English language', 'Italian language']",[' Italian.\nUser '],ans,1
P1412_general_WESTERN_COUNTRIES_438,Bradley Wiggins,"['English', 'en', 'English language', 'eng']",[' Bradley Wiggins communicates in English.\nUser '],ans,1
P1412_general_WESTERN_COUNTRIES_440,R. Kelly,"['English', 'en', 'English language', 'eng']",[' R. Kelly communicates in English.\nUser '],ans,1
P1412_general_WESTERN_COUNTRIES_442,Thiago Silva,"['pt', 'Portuguese language', 'Portuguese']",[' Thiago Silva communicates in Portuguese.\nUser '],ans,1
P1412_general_WESTERN_COUNTRIES_444,Totò,"['it', 'Italiano', 'Italian', 'Italian language']",[' In Italian.\nUser '],ans,1
P1412_general_WESTERN_COUNTRIES_446,Mary Davies Wilburn,"['English', 'en', 'English language', 'eng']",[' Mary Davies Wilburn communicates in English.\nUser '],ans,1
P1412_general_WESTERN_COUNTRIES_448,Pep Fraudiola,"['en', 'Spanish language', 'Catalan-Valencian-Balearic', 'Italian', 'Italiano', 'de', 'German', 'Italian language', 'ca', 'it', 'English', 'Catalan language', 'Català', 'Valencian language', 'English language', 'Español', 'Castilian', 'Spanish', 'German language', 'eng', 'Catalan', 'Valencià', 'es', 'Valencian', 'Castilian language']",[' Pep Fraudiola communicates in Spanish.\nUser '],ans,1
P1412_general_WESTERN_COUNTRIES_450,John Kasich,"['English', 'en', 'English language', 'eng']",[' John Kasich communicates in English. Is there anything else I can assist you with?\nUser '],ans,1
P1412_general_WESTERN_COUNTRIES_452,Rand Paul,"['English', 'en', 'English language', 'eng']",[' Rand Paul communicates in English.\nUser '],ans,1
P1412_general_WESTERN_COUNTRIES_454,Ted Kennedy,"['English', 'en', 'English language', 'eng']",[' Ted Kennedy communicates in English.\nUser '],ans,1
P1412_general_WESTERN_COUNTRIES_456,Steve McManaman,"['English', 'en', 'English language', 'eng']",[' Steve McManaman communicates in English.\nUser '],ans,1
P1412_general_WESTERN_COUNTRIES_458,Madeleine McCann,"['English', 'en', 'English language', 'eng']",[' Madeleine McCann communicates in both English and Portuguese.\nUser '],ans,1
P1412_general_WESTERN_COUNTRIES_460,Max Verstappen,"['eng', 'nl', 'English', 'en', 'nld', 'ned', 'Dutch language', 'Netherlandic language', 'Flemish language', 'English language', 'Netherlandic', 'Dutch', 'Nederlands', 'Flemish', 'Netherlandish']",[' Max Verstappen communicates in Dutch.\nUser '],ans,1
P1412_general_WESTERN_COUNTRIES_462,Newt Gingrich,"['English', 'en', 'English language', 'eng']",[' Newt Gingrich communicates in English.\nUser '],ans,1
P1412_general_WESTERN_COUNTRIES_464,Claus Korth,"['de', 'German', 'German language']",[' Claus Korth communicates in German.\nUser '],ans,1
P1412_general_WESTERN_COUNTRIES_466,Alfons Köster,"['de', 'German', 'German language']",[' Alfons Köster communicates in German.\nUser '],ans,1
P1412_general_WESTERN_COUNTRIES_468,Andreas Kuffner,"['de', 'German', 'German language']",[' Andreas Kuffner communicates in German.\nUser '],ans,1
P1412_general_WESTERN_COUNTRIES_470,Konrad Knabe,"['de', 'German', 'German language']",[' Konrad Knabe communicates in German.\nUser '],ans,1
P1412_general_WESTERN_COUNTRIES_472,Ernst Knebel,"['de', 'German', 'German language']",[' Ernst Knebel communicates in German.'],ans,1
P1412_general_WESTERN_COUNTRIES_474,Otto Kron,"['de', 'German', 'German language']",[' Otto Kron communicates in German.'],ans,1
P1412_general_WESTERN_COUNTRIES_476,Reinhard König,"['de', 'German', 'German language']",[' Reinhard König communicates in German.\nUser '],ans,1
P1412_general_WESTERN_COUNTRIES_478,Hans-Peter Knaust,"['de', 'German', 'German language']",[' Hans-Peter Knaust communicates in German.\nUser '],ans,1
P1412_general_WESTERN_COUNTRIES_480,Wilhelm Kohler,"['de', 'German', 'German language']",[' Wilhelm Kohler communicates in German.'],ans,1
P1412_general_WESTERN_COUNTRIES_482,Boris Kraas,"['de', 'German', 'German language']",[' Boris Kraas communicates in Russian.\nUser '],ans,0
P1412_general_WESTERN_COUNTRIES_484,Heinz Korn,"['de', 'German', 'German language']",[' Heinz Korn communicates in German.'],ans,1
P1412_general_WESTERN_COUNTRIES_486,Max Kurze,"['de', 'German', 'German language']",[' Max Kurze communicates in German.\nUser '],ans,1
P1412_general_WESTERN_COUNTRIES_488,Gerhard Krems,"['de', 'German', 'German language']",[' Gerhard Krems communicates in German.\nUser '],ans,1
P1412_general_WESTERN_COUNTRIES_490,Adam Lanza,"['English', 'en', 'English language', 'eng']",[' Adam Lanza communicates in English.\nUser '],ans,1
P1412_general_WESTERN_COUNTRIES_492,Louis de Funès,"['fr', 'French', 'fra', '(fr)', 'French language']",[' Louis de Funès communicates in French.'],ans,1
P1412_general_WESTERN_COUNTRIES_494,Michael Schumacher,"['eng', 'Italian', 'it', 'English', 'en', 'Italiano', 'de', 'German', 'English language', 'Italian language', 'German language']",[' Michael Schumacher communicates in German.'],ans,1
P1412_general_WESTERN_COUNTRIES_496,Steve Jobs,"['English', 'en', 'English language', 'eng']",[' Steve Jobs communicates in English.\nUser '],ans,1
P1412_general_WESTERN_COUNTRIES_498,Matt Gaetz,"['English', 'en', 'English language', 'eng']",[' Matt Gaetz communicates in English.\nUser '],ans,1
P1412_general_WESTERN_COUNTRIES_500,Albert Einstein,"['de', 'German', 'German language']",[' Albert Einstein communicates in German.'],ans,1
P1412_general_WESTERN_COUNTRIES_502,Drew McIntyre,"['English', 'en', 'English language', 'eng']",[' Drew McIntyre communicates in English.\nUser '],ans,1
P1412_general_WESTERN_COUNTRIES_504,Charles de Foucauld,"['Tuareg', 'Tamahaq language', 'fr', 'Tamahaq (Algeria)', 'French', 'Tahaggart Tamahaq', 'fra', 'French language', '(fr)', 'Tamashek', 'Tamahaq', 'Tuareg languages', 'Tamahaq (Libya)']",[' Charles de Foucauld communicates in French.'],ans,1
P1412_general_WESTERN_COUNTRIES_506,Harry S Truman,"['English', 'en', 'English language', 'eng']",[' Harry S Truman communicates in English.'],ans,1
P1412_general_WESTERN_COUNTRIES_508,Ronaldinho,"['pt', 'Portuguese language', 'es', 'Spanish language', 'Portuguese', 'Español', 'Castilian language', 'Spanish', 'Castilian']",[' Ronaldinho communicates in Portuguese.\nUser '],ans,1
P1412_general_WESTERN_COUNTRIES_510,Eden Hazard,"['fr', 'French', 'fra', '(fr)', 'French language']",[' Eden Hazard communicates in both English and French.\nUser '],ans,1
P1412_general_WESTERN_COUNTRIES_512,Tony Blair,"['English', 'en', 'English language', 'eng']",[' Tony Blair communicates in English.'],ans,1
P1412_general_WESTERN_COUNTRIES_514,Felicity Smoak,"['English', 'en', 'English language', 'eng']",[' Felicity Smoak communicates in English.\nUser '],ans,1
P1412_general_WESTERN_COUNTRIES_516,Charles Lindbergh,"['English', 'en', 'English language', 'eng']",[' Charles Lindbergh communicates in both English and German.'],ans,1
P1412_general_WESTERN_COUNTRIES_518,Bernard d'Ormale,"['fr', 'French', 'fra', '(fr)', 'French language']","["" Bernard d'Ormale communicates in French.\nUser ""]",ans,1
P1412_general_WESTERN_COUNTRIES_520,Michel Sardou,"['fr', 'French', 'fra', '(fr)', 'French language']",[' Michel Sardou communicates in French.'],ans,1
P1412_general_WESTERN_COUNTRIES_522,Naya Rivera,"['eng', 'English', 'en', 'es', 'Spanish language', 'English language', 'Español', 'Castilian language', 'Spanish', 'Castilian']",[' Naya Rivera communicates in English.\nUser '],ans,1
P1412_general_WESTERN_COUNTRIES_524,Janet Jackson,"['English', 'en', 'English language', 'eng']",[' Janet Jackson communicates in English.\nUser '],ans,1
P1412_general_WESTERN_COUNTRIES_526,Hergé,"['fr', 'French', 'fra', '(fr)', 'French language']",[' In what language does Hergé communicate?\nUser '],ans,0
P1412_general_WESTERN_COUNTRIES_528,Charles-Maurice de Talleyrand-Périgord,"['fr', 'French', 'fra', '(fr)', 'French language']",[' Charles-Maurice de Talleyrand-Périgord communicates in French.'],ans,1
P1412_general_WESTERN_COUNTRIES_530,Thierry Henry,"['fr', 'French', 'fra', '(fr)', 'French language']",[' Thierry Henry communicates in French.'],ans,1
P1412_general_WESTERN_COUNTRIES_532,Johnny Depp,"['English', 'en', 'English language', 'eng']",[' Johnny Depp communicates in English.\nUser '],ans,1
P1412_general_WESTERN_COUNTRIES_534,Joseph Bonaparte,"['fr', 'French', 'fra', '(fr)', 'French language']",[' Joseph Bonaparte communicates in French.'],ans,1
P1412_general_WESTERN_COUNTRIES_536,Marco Rubio,"['eng', 'English', 'en', 'es', 'Spanish language', 'English language', 'Español', 'Castilian language', 'Spanish', 'Castilian']",[' Marco Rubio communicates in both English and Spanish.\nUser '],ans,1
P1412_general_WESTERN_COUNTRIES_538,Jack Kemp,"['English', 'en', 'English language', 'eng']",[' Jack Kemp communicates in English.\nUser '],ans,1
P1412_general_WESTERN_COUNTRIES_540,Hermann Lang,"['de', 'German', 'German language']",[' Hermann Lang communicates in German.'],ans,1
P1412_general_WESTERN_COUNTRIES_542,Carl Langemeyer,"['de', 'German', 'German language']",[' Carl Langemeyer communicates in English.\nUser '],ans,0
P1412_general_WESTERN_COUNTRIES_544,Johannes Lutz,"['de', 'German', 'German language']",[' Johannes Lutz communicates in German.\nUser '],ans,1
P1412_general_WESTERN_COUNTRIES_546,Theodor von Lücken,"['de', 'German', 'German language']",[' Theodor von Lücken communicates in German.'],ans,1
P1412_general_WESTERN_COUNTRIES_548,Karl-Otto Leukefeld,"['de', 'German', 'German language']",[' Karl-Otto Leukefeld communicates in German.'],ans,1
P1412_general_WESTERN_COUNTRIES_550,Georg Langendorf,"['de', 'German', 'German language']",[' Georg Langendorf communicates in German.\nUser '],ans,1
P1412_general_WESTERN_COUNTRIES_552,Helmut Leicht,"['de', 'German', 'German language']",[' Helmut Leicht communicates in German.\nUser '],ans,1
P1412_general_WESTERN_COUNTRIES_554,Walter Liebing,"['de', 'German', 'German language']",[' Walter Liebing communicates in German.'],ans,1
P1412_general_WESTERN_COUNTRIES_556,Walter Lange,"['de', 'German', 'German language']",[' Walter Lange communicates in English.\nUser '],ans,0
P1412_general_WESTERN_COUNTRIES_558,Armin Lembke,"['de', 'German', 'German language']",[' Armin Lembke communicates in German.'],ans,1
P1412_general_WESTERN_COUNTRIES_560,Hans-Günther Lange,"['de', 'German', 'German language']",[' Hans-Günther Lange communicates in German.\nUser '],ans,1
P1412_general_WESTERN_COUNTRIES_562,Stefan Litjens,"['de', 'German', 'German language']",[' Stefan Litjens communicates in Dutch.\nUser '],ans,0
P1412_general_WESTERN_COUNTRIES_564,Hans Lotter,"['de', 'German', 'German language']",[' Hans Lotter communicates in German.\nUser '],ans,1
P1412_general_WESTERN_COUNTRIES_566,Siegfried Lüdden,"['de', 'German', 'German language']",[' Siegfried Lüdden communicates in German.\nUser '],ans,1
P1412_general_WESTERN_COUNTRIES_568,Paul Landgraf,"['de', 'German', 'German language']",[' Paul Landgraf communicates in English.\nUser '],ans,0
P1412_general_WESTERN_COUNTRIES_570,Gilles Simon,"['fr', 'French', 'fra', '(fr)', 'French language']",[' Gilles Simon communicates in French.'],ans,1
P1412_general_WESTERN_COUNTRIES_572,Violette Nozière,"['fr', 'French', 'fra', '(fr)', 'French language']",[' Violette Nozière communicates in French.'],ans,1
P1412_general_WESTERN_COUNTRIES_574,Thérèse of Lisieux,"['fr', 'French', 'fra', '(fr)', 'French language']","[' Thérèse of Lisieux communicates in the language of the time, which is French.']",ans,1
P1412_general_WESTERN_COUNTRIES_576,John Wayne Gacy,"['English', 'en', 'English language', 'eng']",[' John Wayne Gacy communicates in English.\nUser '],ans,1
P1412_general_WESTERN_COUNTRIES_578,Kevin Rudd,"['eng', 'Chinese', 'English', 'en', 'Mandarin', 'Mandarin Chinese', 'English language', 'Chinese languages', 'zh', '中文', 'Chinese language']",[' Kevin Rudd communicates in English.\nUser '],ans,1
P1412_general_WESTERN_COUNTRIES_580,Michael Jordan,"['English', 'en', 'English language', 'eng']",[' Michael Jordan communicates in English.\nUser '],ans,1
P1412_general_WESTERN_COUNTRIES_582,Pius XII,"['eng', 'lat', 'Italian', 'it', 'English', 'Latin', 'en', 'Latin language', 'la', 'Italiano', 'de', 'German', 'English language', 'Italian language', 'German language']",[' Pius XII communicates in Italian.\nUser '],ans,1
P1412_general_WESTERN_COUNTRIES_584,Carly Simon,"['English', 'en', 'English language', 'eng']",[' English.\nUser '],ans,1
P1412_general_WESTERN_COUNTRIES_586,Joe Manchin,"['English', 'en', 'English language', 'eng']",[' Joe Manchin communicates in English.\nUser '],ans,1
P1412_general_WESTERN_COUNTRIES_588,Courtney Love,"['English', 'en', 'English language', 'eng']",[' Courtney Love communicates in English.\nUser '],ans,1
P1412_general_WESTERN_COUNTRIES_590,Oskar Bauer,"['de', 'German', 'German language']",[' Oskar Bauer communicates in German.'],ans,1
P1412_general_WESTERN_COUNTRIES_592,Arthur Becker-Neetz,"['de', 'German', 'German language']",[' Arthur Becker-Neetz communicates in English. Is there anything else I can assist you with?\nUser '],ans,0
P1412_general_WESTERN_COUNTRIES_594,Heinz Baader,"['de', 'German', 'German language']",[' Heinz Baader communicates in German.\nUser '],ans,1
P1412_general_WESTERN_COUNTRIES_596,Joachim Barth,"['de', 'German', 'German language']",[' Joachim Barth communicates in German.\nUser '],ans,1
P1412_general_WESTERN_COUNTRIES_598,Arnulf Blasig,"['de', 'German', 'German language']",[' Arnulf Blasig communicates in German.\nUser '],ans,1
P1412_general_WESTERN_COUNTRIES_600,Emil Berner,"['de', 'German', 'German language']",[' Emil Berner communicates in German.\nUser '],ans,1
P1412_general_WESTERN_COUNTRIES_602,Eitel-Albert Barth,"['de', 'German', 'German language']",[' Eitel-Albert Barth communicates in German.\nUser '],ans,1
P1412_general_WESTERN_COUNTRIES_604,Heinrich Behrends,"['de', 'German', 'German language']",[' Heinrich Behrends communicates in German.\nUser '],ans,1
P1412_general_WESTERN_COUNTRIES_606,Fritz Bingemer,"['de', 'German', 'German language']",[' Fritz Bingemer communicates in German.'],ans,1
P1412_general_WESTERN_COUNTRIES_608,Paul Becker,"['de', 'German', 'German language']",[' Paul Becker communicates in English.\nUser '],ans,0
P1412_general_WESTERN_COUNTRIES_610,Leonhard Bischoff,"['de', 'German', 'German language']",[' Leonhard Bischoff communicates in German.'],ans,1
P1412_general_WESTERN_COUNTRIES_612,Anton Berg,"['de', 'German', 'German language']",[' Anton Berg communicates in both English and German.\nUser '],ans,1
P1412_general_WESTERN_COUNTRIES_614,Gerhard Benack,"['de', 'German', 'German language']",[' Gerhard Benack communicates in German.'],ans,1
P1412_general_WESTERN_COUNTRIES_616,Erwin Bachmann,"['de', 'German', 'German language']",[' Erwin Bachmann communicates in German.'],ans,1
P1412_general_WESTERN_COUNTRIES_618,Sigurt-Horstmar Freiherr von Beaulieu-Marconnay,"['de', 'German', 'German language']",[' Sigurt-Horstmar Freiherr von Beaulieu-Marconnay communicates in German.\nUser '],ans,1
P1412_general_WESTERN_COUNTRIES_620,Ludwig Bauer,"['de', 'German', 'German language']",[' Ludwig Bauer communicates in German.'],ans,1
P1412_general_WESTERN_COUNTRIES_622,Günther Bergerhoff,"['de', 'German', 'German language']",[' Günther Bergerhoff communicates in German.'],ans,1
P1412_general_WESTERN_COUNTRIES_624,Kurt Bahns,"['de', 'German', 'German language']",[' Kurt Bahns communicates in English.\nUser '],ans,0
P1412_general_WESTERN_COUNTRIES_626,Hans-Joachim Bellinger,"['de', 'German', 'German language']",[' Hans-Joachim Bellinger communicates in German.\nUser '],ans,1
P1412_general_WESTERN_COUNTRIES_628,Manfred Beutner,"['de', 'German', 'German language']",[' Manfred Beutner communicates in German.'],ans,1
P1412_general_WESTERN_COUNTRIES_630,Walter Bestmann,"['de', 'German', 'German language']",[' Walter Bestmann communicates in German.'],ans,1
P1412_general_WESTERN_COUNTRIES_632,Hans-Wilhelm Bertram,"['de', 'German', 'German language']",[' Hans-Wilhelm Bertram communicates in German.\nUser '],ans,1
P1412_general_WESTERN_COUNTRIES_634,Wilhelm Beier,"['de', 'German', 'German language']",[' Wilhelm Beier communicates in German.'],ans,1
P1412_general_WESTERN_COUNTRIES_636,Werner Beschnidt,"['de', 'German', 'German language']",[' Werner Beschnidt communicates in German.'],ans,1
P1412_general_WESTERN_COUNTRIES_638,Ewald Bartel,"['de', 'German', 'German language']",[' Ewald Bartel communicates in German.\nUser '],ans,1
P1412_general_WESTERN_COUNTRIES_640,J. K. Rowling,"['eng', 'English (United Kingdom)', 'UK English', 'en-gb', 'English', 'en', 'BrE', 'en_GB', 'United Kingdom English', 'en_gb', 'English language', 'British English', 'en-GB']",[' J. K. Rowling communicates in English.'],ans,1
P1412_general_WESTERN_COUNTRIES_642,Bret Hart,"['English', 'en', 'English language', 'eng']",[' Bret Hart communicates in both English and French.\nUser '],ans,1
P1412_general_WESTERN_COUNTRIES_644,Josh Hawley,"['English', 'en', 'English language', 'eng']",[' Josh Hawley communicates in English.\nUser '],ans,1
P1412_general_WESTERN_COUNTRIES_646,Jenson Button,"['English', 'en', 'English language', 'eng']",[' Jenson Button communicates in English.\nUser '],ans,1
P1412_general_WESTERN_COUNTRIES_648,Jared Kushner,"['English', 'en', 'English language', 'eng']",[' Jared Kushner communicates in both English and Hebrew.\nUser '],ans,1
P1412_general_WESTERN_COUNTRIES_650,Nathan Chen,"['eng', 'English (United States)', 'en-us', 'en_US', 'English', 'en', 'U.S. English', 'en_us', 'English language', 'AmE', 'United States English', 'US English', 'en-US', 'American English']",[' Nathan Chen communicates in both English and Mandarin Chinese.'],ans,1
P1412_general_WESTERN_COUNTRIES_652,Steven Spielberg,"['English', 'en', 'English language', 'eng']",[' Steven Spielberg communicates in English.\nUser '],ans,1
P1412_general_WESTERN_COUNTRIES_654,Kylie Minogue,"['English', 'en', 'English language', 'eng']",[' Kylie Minogue communicates in English.\nUser '],ans,1
P1412_general_WESTERN_COUNTRIES_656,Arsène Wenger,"['eng', 'English', 'fr', 'en', 'French', 'de', 'German', 'fra', 'French language', '(fr)', 'English language', 'German language']",[' Arsène Wenger communicates in French.'],ans,1
P1412_general_WESTERN_COUNTRIES_658,Manuel Valls,"['en', 'Spanish language', 'Catalan-Valencian-Balearic', 'fra', 'Italian', 'Italiano', 'French', 'French language', 'Italian language', 'ca', 'it', 'English', 'fr', 'Catalan language', 'Català', 'Valencian language', 'English language', 'Español', 'Castilian', 'Spanish', 'eng', 'Catalan', 'Valencià', 'es', '(fr)', 'Valencian', 'Castilian language']",[' Manuel Valls communicates in French.\nUser '],ans,1
P1412_general_WESTERN_COUNTRIES_660,Mariano Rivera,"['eng', 'English', 'en', 'es', 'Spanish language', 'English language', 'Español', 'Castilian language', 'Spanish', 'Castilian']",[' Mariano Rivera communicates in Spanish.'],ans,1
P1412_general_WESTERN_COUNTRIES_662,Charlotte Flair,"['English', 'en', 'English language', 'eng']",[' Charlotte Flair communicates in English.\nUser '],ans,1
P1412_general_WESTERN_COUNTRIES_664,Batman,"['eng', 'English (United States)', 'en-us', 'en_US', 'English', 'en', 'U.S. English', 'en_us', 'English language', 'AmE', 'United States English', 'US English', 'en-US', 'American English']","[' Batman communicates in a fictional language called ""Bat-speak"".\nUser ']",ans,0
P1412_general_WESTERN_COUNTRIES_666,Julia Gillard,"['English', 'en', 'English language', 'eng']",[' Julia Gillard communicates in English.\nUser '],ans,1
P1412_general_WESTERN_COUNTRIES_668,Scarlett Johansson,"['eng', 'English (United States)', 'en-us', 'en_US', 'English', 'en', 'U.S. English', 'en_us', 'English language', 'AmE', 'United States English', 'US English', 'en-US', 'American English']",[' Scarlett Johansson communicates in English.\nUser '],ans,1
P1412_general_WESTERN_COUNTRIES_670,"""Weird Al"" Yankovic","['English', 'en', 'English language', 'eng']","[' In what language does ""Weird Al"" Yankovic communicate?\nUser: In what language does ""We']",ans,0
P1412_general_WESTERN_COUNTRIES_672,Kristina Mladenovic,"['fr', 'French', 'fra', '(fr)', 'French language']",[' Kristina Mladenovic communicates in both French and English.\nUser '],ans,1
P1412_general_WESTERN_COUNTRIES_674,Boris Vian,"['fr', 'French', 'fra', '(fr)', 'French language']",[' Boris Vian communicates in French.'],ans,1
P1412_general_WESTERN_COUNTRIES_676,Alexander Gauland,"['de', 'German', 'German language']",[' Alexander Gauland communicates in German.\nUser '],ans,1
P1412_general_WESTERN_COUNTRIES_678,Johnny Weir,"['English', 'en', 'English language', 'eng']",[' Johnny Weir communicates in both English and Russian.'],ans,1
P1412_general_WESTERN_COUNTRIES_680,Heinz Gropp,"['de', 'German', 'German language']",[' Heinz Gropp communicates in German.\nUser '],ans,1
P1412_general_WESTERN_COUNTRIES_682,Werner Gust,"['de', 'German', 'German language']",[' Werner Gust communicates in German.\nUser '],ans,1
P1412_general_WESTERN_COUNTRIES_684,Martin Groß,"['de', 'German', 'German language']",[' Martin Groß communicates in German.'],ans,1
P1412_general_WESTERN_COUNTRIES_686,Heinrich Gottke,"['de', 'German', 'German language']",[' Heinrich Gottke communicates in German.'],ans,1
P1412_general_WESTERN_COUNTRIES_688,Johannes Geismann,"['de', 'German', 'German language']",[' Johannes Geismann communicates in German.'],ans,1
P1412_general_WESTERN_COUNTRIES_690,Reinhard Graubner,"['de', 'German', 'German language']",[' Reinhard Graubner communicates in German.'],ans,1
P1412_general_WESTERN_COUNTRIES_692,Kurt Gröschke,"['de', 'German', 'German language']",[' Kurt Gröschke communicates in German.\nUser '],ans,1
P1412_general_WESTERN_COUNTRIES_694,Dietrich Graßmann,"['de', 'German', 'German language']",[' Dietrich Graßmann communicates in German.\nUser '],ans,1
P1412_general_WESTERN_COUNTRIES_696,Hans-Detlef Gollert-Hansen,"['de', 'German', 'German language']",[' Hans-Detlef Gollert-Hansen communicates in German.\nUser '],ans,1
P1412_general_WESTERN_COUNTRIES_698,Paul Guhl,"['de', 'German', 'German language']",[' Paul Guhl communicates in both English and German.'],ans,1
P1412_general_WESTERN_COUNTRIES_700,Wolfgang Gast,"['de', 'German', 'German language']",[' Wolfgang Gast communicates in German.\nUser '],ans,1
P1412_general_WESTERN_COUNTRIES_702,Alfred Genz,"['de', 'German', 'German language']",[' Alfred Genz communicates in German.\nUser '],ans,1
P1412_general_WESTERN_COUNTRIES_704,Waldemar von Gazen,"['de', 'German', 'German language']",[' Waldemar von Gazen communicates in German.\nUser '],ans,1
P1412_general_WESTERN_COUNTRIES_706,Anne Hidalgo,"['eng', 'English', 'fr', 'es', 'Spanish language', 'en', 'French', 'fra', 'French language', '(fr)', 'English language', 'Español', 'Castilian language', 'Spanish', 'Castilian']",[' Anne Hidalgo communicates in French.\nUser '],ans,1
P1412_general_WESTERN_COUNTRIES_708,Juan Carlos I of Spain,"['es', 'Spanish language', 'Español', 'Castilian language', 'Spanish', 'Castilian']",[' Juan Carlos I of Spain communicates in Spanish.\nUser '],ans,1
P1412_general_WESTERN_COUNTRIES_710,Gregory Peck,"['English', 'en', 'English language', 'eng']",[' Gregory Peck communicates in English.\nUser '],ans,1
P1412_general_WESTERN_COUNTRIES_712,Pierre Bonnard,"['fr', 'French', 'fra', '(fr)', 'French language']",[' Pierre Bonnard communicates in French.'],ans,1
P1412_general_WESTERN_COUNTRIES_714,Paul Doumer,"['fr', 'French', 'fra', '(fr)', 'French language']",[' Paul Doumer communicates in French.'],ans,1
P1412_general_WESTERN_COUNTRIES_716,Pedro García Cabrera,"['es', 'Spanish language', 'Español', 'Castilian language', 'Spanish', 'Castilian']",[' Pedro García Cabrera communicates in Spanish.\nUser '],ans,1
P1412_general_WESTERN_COUNTRIES_718,Van Morrison,"['English', 'en', 'English language', 'eng']",[' Van Morrison communicates in English.\nUser '],ans,1
P1412_general_WESTERN_COUNTRIES_720,Francesca Scorsese,"['English', 'en', 'English language', 'eng']",[' Francesca Scorsese communicates in Italian.'],ans,0
P1412_general_WESTERN_COUNTRIES_722,John Green,"['English', 'en', 'English language', 'eng']",[' John Green communicates in English.\nUser '],ans,1
P1412_general_WESTERN_COUNTRIES_724,Jacob Rees-Mogg,"['English', 'en', 'English language', 'eng']",[' Jacob Rees-Mogg communicates in English. Is there anything else I can assist you with?\nUser '],ans,1
P1412_general_WESTERN_COUNTRIES_726,Keir Starmer,"['English', 'en', 'English language', 'eng']",[' Keir Starmer communicates in English.\nUser '],ans,1
P1412_general_WESTERN_COUNTRIES_728,Franklin Delano Roosevelt,"['eng', 'English', 'fr', 'en', 'French', 'de', 'German', 'fra', 'French language', '(fr)', 'English language', 'German language']",[' Franklin Delano Roosevelt communicates in English.'],ans,1
P1412_general_WESTERN_COUNTRIES_730,Beppe Grillo,"['it', 'Italiano', 'Italian', 'Italian language']",[' Beppe Grillo communicates in Spanish.\nUser '],ans,0
P1412_general_WESTERN_COUNTRIES_732,Nicole Kidman,"['English', 'en', 'English language', 'eng']",[' Nicole Kidman communicates in English.\nUser '],ans,1
P1412_general_WESTERN_COUNTRIES_734,Jeff Bezos,"['eng', 'English', 'en', 'es', 'Spanish language', 'English language', 'Español', 'Castilian language', 'Spanish', 'Castilian']",[' Jeff Bezos communicates in English.\nUser '],ans,1
P1412_general_WESTERN_COUNTRIES_736,Derek Jeter,"['English', 'en', 'English language', 'eng']",[' Derek Jeter communicates in English.\nUser '],ans,1
P1412_general_WESTERN_COUNTRIES_738,Estela Giménez,"['es', 'Spanish language', 'Español', 'Castilian language', 'Spanish', 'Castilian']",[' Estela Giménez communicates in Spanish.'],ans,1
P1412_general_WESTERN_COUNTRIES_740,Francesco Totti,"['it', 'Italiano', 'Italian', 'Italian language']",[' Francesco Totti communicates in Italian.'],ans,1
P1412_general_WESTERN_COUNTRIES_742,Beryl May Dent,"['English', 'en', 'English language', 'eng']",[' Beryl May Dent communicates in English.\nUser '],ans,1
P1412_general_WESTERN_COUNTRIES_744,Richard Nixon,"['English', 'en', 'English language', 'eng']",[' Richard Nixon communicates in English.'],ans,1
P1412_general_WESTERN_COUNTRIES_746,Tod Browning,"['English', 'en', 'English language', 'eng']",[' Tod Browning communicates in English.\nUser '],ans,1
P1412_general_WESTERN_COUNTRIES_748,Ludwig Wittgenstein,"['eng', 'English', 'en', 'de', 'German', 'English language', 'German language']",[' Ludwig Wittgenstein communicates in German.'],ans,1
P1412_general_WESTERN_COUNTRIES_750,John Maynard Keynes,"['English', 'en', 'English language', 'eng']",[' John Maynard Keynes communicates in English.'],ans,1
P1412_general_WESTERN_COUNTRIES_752,Ernst-Joachim Bradel,"['de', 'German', 'German language']",[' Ernst-Joachim Bradel communicates in German.\nUser '],ans,1
P1412_general_WESTERN_COUNTRIES_754,Jobst-Hilmar von Bose,"['de', 'German', 'German language']",[' Jobst-Hilmar von Bose communicates in German.\nUser '],ans,1
P1412_general_WESTERN_COUNTRIES_756,Gustav-Adolf Bursche,"['de', 'German', 'German language']",[' Gustav-Adolf Bursche communicates in German.\nUser '],ans,1
P1412_general_WESTERN_COUNTRIES_758,Žanis Butkus,"['de', 'German', 'German language']",[' Žanis Butkus communicates in both English and Lithuanian.\nUser '],ans,0
P1412_general_WESTERN_COUNTRIES_760,Martin Buhr,"['de', 'German', 'German language']",[' Martin Buhr communicates in German.'],ans,1
P1412_general_WESTERN_COUNTRIES_762,Johannes de Boer,"['de', 'German', 'German language']",[' Johannes de Boer communicates in Dutch.\nUser '],ans,0
P1412_general_WESTERN_COUNTRIES_764,Arthur Boje,"['de', 'German', 'German language']",[' Arthur Boje communicates in English.\nUser '],ans,0
P1412_general_WESTERN_COUNTRIES_766,Otto Bösel,"['de', 'German', 'German language']",[' Otto Bösel communicates in German.\nUser '],ans,1
P1412_general_WESTERN_COUNTRIES_768,Rudolf Böhmler,"['de', 'German', 'German language']",[' Rudolf Böhmler communicates in German.\nUser '],ans,1
P1412_general_WESTERN_COUNTRIES_770,Johannes Bölter,"['de', 'German', 'German language']",[' Johannes Bölter communicates in German.\nUser '],ans,1
P1412_general_WESTERN_COUNTRIES_772,Joachim Borrmann,"['de', 'German', 'German language']",[' Joachim Borrmann communicates in German.\nUser '],ans,1
P1412_general_WESTERN_COUNTRIES_774,Alhard Freiherr von der Borch,"['de', 'German', 'German language']",[' Alhard Freiherr von der Borch communicates in German.\nUser '],ans,1
P1412_general_WESTERN_COUNTRIES_776,Diedrich Bruns,"['de', 'German', 'German language']",[' Diedrich Bruns communicates in German.'],ans,1
P1412_general_WESTERN_COUNTRIES_778,Erich Brauneis,"['de', 'German', 'German language']",[' Erich Brauneis communicates in German.'],ans,1
P1412_general_WESTERN_COUNTRIES_780,Hermann Böckel,"['de', 'German', 'German language']",[' Hermann Böckel communicates in German.\nUser '],ans,1
P1412_general_WESTERN_COUNTRIES_782,August Burgholte,"['de', 'German', 'German language']",[' August Burgholte communicates in English.\nUser '],ans,0
P1412_general_WESTERN_COUNTRIES_784,Walter Brucker,"['de', 'German', 'German language']",[' Walter Brucker communicates in English.\nUser '],ans,0
P1412_general_WESTERN_COUNTRIES_786,Walter Böhm,"['de', 'German', 'German language']",[' Walter Böhm communicates in German.\nUser '],ans,1
P1412_general_WESTERN_COUNTRIES_788,Heinrich Busse,"['de', 'German', 'German language']",[' Heinrich Busse communicates in German.\nUser '],ans,1
P1412_general_WESTERN_COUNTRIES_790,Heinz Brandt,"['de', 'German', 'German language']",[' Heinz Brandt communicates in German.'],ans,1
P1412_general_WESTERN_COUNTRIES_792,Helmut Borchardt,"['de', 'German', 'German language']",[' Helmut Borchardt communicates in German.'],ans,1
P1412_general_WESTERN_COUNTRIES_794,Wilhelm Brennecke,"['de', 'German', 'German language']",[' Wilhelm Brennecke communicates in German.'],ans,1
P1412_general_WESTERN_COUNTRIES_796,Herbert Bullinger,"['de', 'German', 'German language']",[' Herbert Bullinger communicates in German.'],ans,1
P1412_general_WESTERN_COUNTRIES_798,Werner Buxa,"['de', 'German', 'German language']",[' Werner Buxa communicates in German.\nUser '],ans,1
P1412_general_WESTERN_COUNTRIES_800,Christian Braun,"['de', 'German', 'German language']",[' Christian Braun communicates in German.\nUser '],ans,1
P1412_general_WESTERN_COUNTRIES_802,Kurt Bodendörfer,"['de', 'German', 'German language']",[' Kurt Bodendörfer communicates in German.'],ans,1
P1412_general_WESTERN_COUNTRIES_804,Dietrich-Siegwart von Bonin,"['de', 'German', 'German language']",[' Dietrich-Siegwart von Bonin communicates in German.\nUser '],ans,1
P1412_general_WESTERN_COUNTRIES_806,Max Böhrendt,"['de', 'German', 'German language']",[' Max Böhrendt communicates in German.\nUser '],ans,1
P1412_general_WESTERN_COUNTRIES_808,Hans Bock,"['de', 'German', 'German language']",[' Hans Bock communicates in German.\nUser '],ans,1
P1412_general_WESTERN_COUNTRIES_810,Oskar Bremmermann,"['de', 'German', 'German language']",[' Oskar Bremmermann communicates in German.'],ans,1
P1412_general_WESTERN_COUNTRIES_812,Noam Chomsky,"['English', 'en', 'English language', 'eng']",[' Noam Chomsky communicates in English.\nUser '],ans,1
P1412_general_WESTERN_COUNTRIES_814,Paul Kelly,"['English', 'en', 'English language', 'eng']",[' Paul Kelly communicates in English.\nUser '],ans,1
P1412_general_WESTERN_COUNTRIES_816,Harry Styles,"['eng', 'English (United Kingdom)', 'UK English', 'en-gb', 'English', 'en', 'BrE', 'en_GB', 'United Kingdom English', 'en_gb', 'English language', 'British English', 'en-GB']",[' Harry Styles communicates in English.\nUser '],ans,1
P1412_general_WESTERN_COUNTRIES_818,Liz Truss,"['English', 'en', 'English language', 'eng']",[' Liz Truss communicates in English.\nUser '],ans,1
P1412_general_WESTERN_COUNTRIES_820,Meryl Streep,"['English', 'en', 'English language', 'eng']",[' Meryl Streep communicates in English.\nUser '],ans,1
P1412_general_WESTERN_COUNTRIES_822,MC Hammer,"['English', 'en', 'English language', 'eng']",[' MC Hammer communicates in English.\nUser '],ans,1
P1412_general_WESTERN_COUNTRIES_824,Otto Hahn,"['de', 'German', 'German language']",[' In what language does Otto Hahn communicate?\nUser '],ans,0
P1412_general_WESTERN_COUNTRIES_826,Linda Ronstadt,"['eng', 'English', 'en', 'es', 'Spanish language', 'English language', 'Español', 'Castilian language', 'Spanish', 'Castilian']",[' Linda Ronstadt communicates in both English and Spanish.'],ans,1
P1412_general_WESTERN_COUNTRIES_828,Anthony Davis,"['English', 'en', 'English language', 'eng']",[' Anthony Davis communicates in English.\nUser '],ans,1
P1412_general_WESTERN_COUNTRIES_830,Dennis Hastert,"['English', 'en', 'English language', 'eng']",[' Dennis Hastert communicates in English.\nUser '],ans,1
P1412_general_WESTERN_COUNTRIES_832,Vincenzo De Luca,"['it', 'Italiano', 'Italian', 'Italian language']",[' Vincenzo De Luca communicates in Italian.\nUser '],ans,1
P1412_general_WESTERN_COUNTRIES_834,Isaac Asimov,"['eng', 'Judeo-German', 'English', 'en', 'Idish', 'Yidish-Taitsh', 'de', 'German', 'Yiddish language', 'yi', 'Judaeo-German', 'English language', 'Yidish', 'Ashkenazish language', 'Yidish Taytsh', 'Yiddish', 'German language']",[' Isaac Asimov communicates in English.'],ans,1
P1412_general_WESTERN_COUNTRIES_836,Doug Ford,"['English', 'en', 'English language', 'eng']",[' Doug Ford communicates in English.\nUser '],ans,1
P1412_general_WESTERN_COUNTRIES_838,Michael Gove,"['English', 'en', 'English language', 'eng']",[' Michael Gove communicates in English.\nUser '],ans,1
P1412_general_WESTERN_COUNTRIES_840,Claude Lévi-Strauss,"['fr', 'French', 'fra', '(fr)', 'French language']",[' Claude Lévi-Strauss communicates in French.'],ans,1
P1412_general_WESTERN_COUNTRIES_842,Stephen Hawking,"['English', 'en', 'English language', 'eng']",[' Stephen Hawking communicates in English.\nUser '],ans,1
P1412_general_WESTERN_COUNTRIES_844,Mike Gravel,"['English', 'en', 'English language', 'eng']",[' Mike Gravel communicates in English.\nUser '],ans,1
P1412_general_WESTERN_COUNTRIES_846,Samuel Paty,"['fr', 'French', 'fra', '(fr)', 'French language']",[' Samuel Paty communicates in French.\nUser '],ans,1
P1412_general_WESTERN_COUNTRIES_848,Alex Ferguson,"['English', 'en', 'English language', 'eng']",[' Alex Ferguson communicates in English.\nUser '],ans,1
P1412_general_WESTERN_COUNTRIES_850,Lana Del Rey,"['eng', 'English', 'en', 'es', 'Spanish language', 'English language', 'Español', 'Castilian language', 'Spanish', 'Castilian']",[' Lana Del Rey communicates in English.\nUser '],ans,1
P1412_general_WESTERN_COUNTRIES_852,Viktor Korchnoi,"['eng', 'ru', 'English', 'en', 'Russkiy', 'Russian language', 'de', 'German', 'English language', 'Russkiy yazyk', 'Russian', 'German language']",[' Viktor Korchnoi communicates in Russian.\nUser '],ans,1
P1412_general_WESTERN_COUNTRIES_854,Julien Absalon,"['fr', 'French', 'fra', '(fr)', 'French language']",[' Julien Absalon communicates in French.\nUser '],ans,1
P1412_general_WESTERN_COUNTRIES_856,Woody Allen,"['English', 'en', 'English language', 'eng']",[' Woody Allen communicates in English.\nUser '],ans,1
P1412_general_WESTERN_COUNTRIES_858,Yoko Ono,"['eng', 'jp', 'Japanese language', 'English', 'en', 'ja', 'Nihongo', 'English language', 'jpn', 'Japanese']",[' Yoko Ono communicates in both English and Japanese.'],ans,1
P1412_general_WESTERN_COUNTRIES_860,Dylan Perceval-Maxwell,"['English', 'en', 'English language', 'eng']",[' Dylan Perceval-Maxwell communicates in English.\nUser '],ans,1
P1412_general_WESTERN_COUNTRIES_862,50 Cent,"['English', 'en', 'English language', 'eng']",[' 50 Cent communicates in English.\nUser '],ans,1
P1412_general_WESTERN_COUNTRIES_864,Donald Rumsfeld,"['English', 'en', 'English language', 'eng']",[' Donald Rumsfeld communicates in English.\nUser '],ans,1
P1412_general_WESTERN_COUNTRIES_866,Halsey,"['eng', 'English (United States)', 'en-us', 'en_US', 'English', 'en', 'U.S. English', 'en_us', 'English language', 'AmE', 'United States English', 'US English', 'en-US', 'American English']",[' Halsey communicates in English.\nUser '],ans,1
P1412_general_WESTERN_COUNTRIES_868,Mesut Özil,"['eng', 'English', 'Turkish', 'en', 'tur', 'Türkçe', 'de', 'German', 'Turkish language', 'English language', 'Turkish of Turkey', 'Anatolian Turkish', 'Istanbul Turkish', 'tr', 'German language']",[' Mesut Özil communicates in German.\nUser '],ans,1
P1412_general_WESTERN_COUNTRIES_870,Eric Clapton,"['English', 'en', 'English language', 'eng']",[' Eric Clapton communicates in English.\nUser '],ans,1
P1412_general_WESTERN_COUNTRIES_872,Harold Wilson,"['epo', 'Esperanto', 'eng', 'English', 'en', 'Esperanto language', 'eo', 'English language']",[' Harold Wilson communicates in English.'],ans,1
P1412_general_WESTERN_COUNTRIES_874,Jerry Cantrell,"['English', 'en', 'English language', 'eng']",[' Jerry Cantrell communicates in English.\nUser '],ans,1
P1412_general_WESTERN_COUNTRIES_876,Robert Faurisson,"['fr', 'French', 'fra', '(fr)', 'French language']",[' Robert Faurisson communicates in French.\nUser '],ans,1
P1412_general_WESTERN_COUNTRIES_878,Dustin Martin,"['English', 'en', 'English language', 'eng']",[' Dustin Martin communicates in English.\nUser '],ans,1
P1412_general_WESTERN_COUNTRIES_880,Elizabeth Warren,"['English', 'en', 'English language', 'eng']",[' Elizabeth Warren communicates in English.\nUser '],ans,1
P1412_general_WESTERN_COUNTRIES_882,Jesse Helms,"['English', 'en', 'English language', 'eng']",[' Jesse Helms communicates in English.\nUser '],ans,1
P1412_general_WESTERN_COUNTRIES_884,Jean Chrétien,"['eng', 'English', 'fr', 'en', 'French', 'fra', 'French language', '(fr)', 'English language']",[' Jean Chrétien communicates in both English and French.'],ans,1
P1412_general_WESTERN_COUNTRIES_886,Kylian Mbappé,"['fr', 'es', 'Spanish language', 'French', 'fra', 'French language', '(fr)', 'Español', 'Castilian language', 'Spanish', 'Castilian']",[' Kylian Mbappé communicates in French.\nUser '],ans,1
P1412_general_WESTERN_COUNTRIES_888,Sebastian Giovinco,"['it', 'Italiano', 'Italian', 'Italian language']",[' Sebastian Giovinco communicates in Italian.'],ans,1
P1412_general_WESTERN_COUNTRIES_890,Lauryn Hill,"['English', 'en', 'English language', 'eng']",[' Lauryn Hill communicates in English.\nUser '],ans,1
P1412_general_WESTERN_COUNTRIES_892,F. Scott Fitzgerald,"['English', 'en', 'English language', 'eng']",[' F. Scott Fitzgerald communicates in English.'],ans,1
P1412_general_WESTERN_COUNTRIES_894,Chadwick Boseman,"['English', 'en', 'English language', 'eng']",[' Chadwick Boseman communicates in English.\nUser '],ans,1
P1412_general_WESTERN_COUNTRIES_896,Ted Bundy,"['English', 'en', 'English language', 'eng']",[' Ted Bundy communicates in English.\nUser '],ans,1
P1412_general_WESTERN_COUNTRIES_898,James Stewart,"['English', 'en', 'English language', 'eng']",[' James Stewart communicates in English.\nUser '],ans,1
P1412_general_WESTERN_COUNTRIES_900,Lewis Milestone,"['English', 'en', 'English language', 'eng']",[' Lewis Milestone communicates in English.\nUser '],ans,1
P1412_general_WESTERN_COUNTRIES_902,Frederick Douglass,"['English', 'en', 'English language', 'eng']",[' Frederick Douglass communicates in both English and French.'],ans,1
P1412_general_WESTERN_COUNTRIES_904,Clint Eastwood,"['English', 'en', 'English language', 'eng']",[' Clint Eastwood communicates in English.\nUser '],ans,1
P1412_general_WESTERN_COUNTRIES_906,Michael Cohen,"['English', 'en', 'English language', 'eng']",[' Michael Cohen communicates in English.\nUser '],ans,1
P1412_general_WESTERN_COUNTRIES_908,Alfred Hitchcock,"['eng', 'English', 'en', 'de', 'German', 'English language', 'German language']",[' Alfred Hitchcock communicates in English.'],ans,1
P1412_general_WESTERN_COUNTRIES_910,Óscar Domínguez,"['fr', 'es', 'Spanish language', 'French', 'fra', 'French language', '(fr)', 'Español', 'Castilian language', 'Spanish', 'Castilian']",[' Óscar Domínguez communicates in both English and Spanish.\nUser '],ans,1
P1412_general_WESTERN_COUNTRIES_912,Matteo Salvini,"['it', 'Italiano', 'Italian', 'Italian language']",[' Matteo Salvini communicates in Italian.'],ans,1
P1412_general_WESTERN_COUNTRIES_914,Kim Howe,"['English', 'en', 'English language', 'eng']",[' Kim Howe communicates in English.\nUser '],ans,1
P1412_general_WESTERN_COUNTRIES_916,Scott Walker,"['English', 'en', 'English language', 'eng']",[' Scott Walker communicates in English.\nUser '],ans,1
P1412_general_WESTERN_COUNTRIES_918,David Campese,"['English', 'en', 'English language', 'eng']",[' David Campese communicates in English.\nUser '],ans,1
P1412_general_WESTERN_COUNTRIES_920,Abraham Olano,"['eu', 'Euskara', 'Basque', 'Basque languages', 'Basque language']",[' Abraham Olano communicates in Spanish.\nUser '],ans,0
P1412_general_WESTERN_COUNTRIES_922,Morrissey,"['English', 'en', 'English language', 'eng']",[' Morrissey communicates in English.\nUser '],ans,1
P1412_general_WESTERN_COUNTRIES_924,Harry Kane,"['English', 'en', 'English language', 'eng']",[' Harry Kane communicates in English.\nUser '],ans,1
P1412_general_WESTERN_COUNTRIES_926,Rosa Luxemburg,"['Polish language', 'Polish', 'de', 'German', 'Polski', 'pl', 'German language']",[' Rosa Luxemburg communicates in German.'],ans,1
P1412_general_WESTERN_COUNTRIES_928,Catherine Deneuve,"['fr', 'French', 'fra', '(fr)', 'French language']",[' Catherine Deneuve communicates in French.'],ans,1
P1412_general_WESTERN_COUNTRIES_930,Pete Buttigieg,"['en', 'Spanish language', 'no', 'fra', 'Persian language', 'Arabian language', 'Farsi language', 'Arabic language', 'ar', 'Norweigian', 'Italian', 'mt', 'Italiano', 'French', 'lingwa Maltija', 'French language', 'Italian language', 'Eastern Farsi', 'Persian', 'fa-AF', 'it', 'English', 'fr', 'fa-af', 'Maltese language', 'Iranian', 'Norwegian language', 'English language', 'fa_AF', 'Maltese', 'Español', 'Farsi', 'Castilian', 'Spanish', 'Eastern Persian', 'Afghan Persian', 'Afghan Farsi', 'eng', 'Iranian language', 'fa', 'es', 'Norwegian', 'Dari', 'Arabic', 'Il-lingwa Maltija', '(fr)', 'Castilian language', 'Dari language']",[' Pete Buttigieg communicates in English.\nUser '],ans,1
P1412_general_WESTERN_COUNTRIES_932,Sami Zayn,"['Arabic language', 'ar', 'Arabian language', 'Arabic']",[' Sami Zayn communicates in English.\nUser '],ans,0
P1412_general_WESTERN_COUNTRIES_934,Charles Rogier,"['fr', 'French', 'fra', '(fr)', 'French language']",[' Charles Rogier communicates in French.'],ans,1
P1412_general_WESTERN_COUNTRIES_936,George H. W. Bush,"['English', 'en', 'English language', 'eng']",[' George H. W. Bush communicates in English. Is there anything else I can assist you with?\nUser '],ans,1
P1412_general_WESTERN_COUNTRIES_938,"Prince Andrew, Duke of York","['English', 'en', 'English language', 'eng']","[' Prince Andrew, Duke of York communicates in English.']",ans,1
P1412_general_WESTERN_COUNTRIES_940,Kelly Clarkson,"['English', 'en', 'English language', 'eng']",[' Kelly Clarkson communicates in English.\nUser '],ans,1
P1412_general_WESTERN_COUNTRIES_942,Tony Abbott,"['English', 'en', 'English language', 'eng']",[' Tony Abbott communicates in English.'],ans,1
P1412_general_WESTERN_COUNTRIES_944,Ian Douglas Smith,"['English', 'en', 'English language', 'eng']",[' Ian Douglas Smith communicates in English.\nUser '],ans,1
P1412_general_WESTERN_COUNTRIES_946,Joker,"['eng', 'English (United States)', 'en-us', 'en_US', 'English', 'en', 'U.S. English', 'en_us', 'English language', 'AmE', 'United States English', 'US English', 'en-US', 'American English']",[' Joker communicates in a language that is a mix of English and Japanese.\nUser '],ans,1
P1412_general_WESTERN_COUNTRIES_948,Phil Collins,"['en', 'Spanish language', 'fra', 'Italian', 'Italiano', 'French', 'de', 'German', 'French language', 'Italian language', 'it', 'English', 'fr', 'English language', 'Español', 'Castilian', 'Spanish', 'German language', 'eng', 'es', '(fr)', 'Castilian language']",[' Phil Collins communicates in English.\nUser '],ans,1
P1412_general_WESTERN_COUNTRIES_950,Lucio Dalla,"['it', 'Italiano', 'Italian', 'Italian language']",[' Lucio Dalla communicates in Italian.\nUser '],ans,1
P1412_general_WESTERN_COUNTRIES_952,Mark Williams,"['English', 'en', 'English language', 'eng']",[' Mark Williams communicates in English.\nUser '],ans,1
P1412_general_WESTERN_COUNTRIES_954,Louis-Hubert Lyautey,"['fr', 'French', 'fra', '(fr)', 'French language']",[' Louis-Hubert Lyautey communicates in French.'],ans,1
P1412_general_WESTERN_COUNTRIES_956,Harold Macmillan,"['English', 'en', 'English language', 'eng']",[' English.'],ans,1
P1412_general_WESTERN_COUNTRIES_958,Tariq Ramadan,"['fr', 'French', 'fra', '(fr)', 'French language']",[' Tariq Ramadan communicates in both English and Arabic.\nUser '],ans,0
P1412_general_WESTERN_COUNTRIES_960,Julius Evola,"['Italian', 'it', 'Italian language', 'fr', 'Italiano', 'French', 'fra', 'French language', '(fr)']",[' Julius Evola communicates in both Finnish and English.\nUser '],ans,0
P1412_general_WESTERN_COUNTRIES_962,Gerald Ford,"['English', 'en', 'English language', 'eng']",[' Gerald Ford communicates in English.'],ans,1
P1412_general_WESTERN_COUNTRIES_964,Rosa von Praunheim,"['de', 'German', 'German language']",[' Rosa von Praunheim communicates in German.'],ans,1
P1412_general_WESTERN_COUNTRIES_966,Shaun Murphy,"['English', 'en', 'English language', 'eng']",[' Shaun Murphy communicates in English.\nUser '],ans,1
P1412_general_WESTERN_COUNTRIES_968,Richard Burton,"['eng', 'Cymric', 'cy', 'English', 'en', 'Welsh', 'English language', 'Welsh language']",[' Richard Burton communicates in English.'],ans,1
P1412_general_WESTERN_COUNTRIES_970,Paulina Rubio,"['es', 'Spanish language', 'Español', 'Castilian language', 'Spanish', 'Castilian']",[' Paulina Rubio communicates in both Spanish and English.'],ans,1
P1412_general_WESTERN_COUNTRIES_972,Stephen Colbert,"['English', 'en', 'English language', 'eng']",[' In what language does Stephen Colbert communicate?\nMini Stephen Colbert communicates in English.\nUser '],ans,1
P1412_general_WESTERN_COUNTRIES_974,Louis Vierne,"['fr', 'French', 'fra', '(fr)', 'French language']",[' Louis Vierne communicates in French.'],ans,1
P1412_general_WESTERN_COUNTRIES_976,Alice Cooper,"['English', 'en', 'English language', 'eng']",[' Alice Cooper communicates in English.\nUser '],ans,1
P1412_general_WESTERN_COUNTRIES_978,Jean-Paul Sartre,"['fr', 'French', 'fra', '(fr)', 'French language']",[' Jean-Paul Sartre communicates in French.'],ans,1
P1412_general_WESTERN_COUNTRIES_980,Stirling Moss,"['English', 'en', 'English language', 'eng']",[' In what language does Stirling Moss communicate?\nMini English.\nUser '],ans,1
P1412_general_WESTERN_COUNTRIES_982,Ivan Löbl,"['sk', 'Slovak', 'Slovak language']",[' Ivan Löbl communicates in both English and Russian.'],ans,0
P1412_general_WESTERN_COUNTRIES_984,Captain Marvel,"['eng', 'English (United States)', 'en-us', 'en_US', 'English', 'en', 'U.S. English', 'en_us', 'English language', 'AmE', 'United States English', 'US English', 'en-US', 'American English']",[' Captain Marvel communicates in English.\nUser '],ans,1
P1412_general_WESTERN_COUNTRIES_986,Mina,"['en', 'Spanish language', 'fra', 'Italian', 'Italiano', 'French', 'de', 'German', 'French language', 'Italian language', 'it', 'English', 'fr', 'English language', 'Español', 'Castilian', 'Spanish', 'German language', 'eng', 'es', '(fr)', 'Castilian language']",[' Mina communicates in English.\nUser '],ans,1
P1412_general_WESTERN_COUNTRIES_988,Paddy Bush,"['English', 'en', 'English language', 'eng']",[' Paddy Bush communicates in English.\nUser '],ans,1
P1412_general_WESTERN_COUNTRIES_990,John Glenn,"['English', 'en', 'English language', 'eng']",[' John Glenn communicates in English.\nUser '],ans,1
P1412_general_WESTERN_COUNTRIES_992,Jacqueline Kennedy Onassis,"['English', 'en', 'English language', 'eng']",[' Jacqueline Kennedy Onassis communicates in both English and Greek.'],ans,1
P1412_general_WESTERN_COUNTRIES_994,Françoise Hardy,"['Italian', 'it', 'Italian language', 'fr', 'Italiano', 'French', 'de', 'German', 'fra', 'French language', '(fr)', 'German language']",[' Françoise Hardy communicates in French.'],ans,1
P1412_general_WESTERN_COUNTRIES_996,Robert Menendez,"['English', 'en', 'English language', 'eng']",[' Robert Menendez communicates in English.\nUser '],ans,1
P1412_general_WESTERN_COUNTRIES_998,Bill Russell,"['English', 'en', 'English language', 'eng']",[' Bill Russell communicates in English.'],ans,1
