﻿uuid,sub_label,obj_label,choices,ans_type,acc
P103_general_SOUTH_AMERICA_0,Mauricio Macri,"['es', 'Spanish language', 'Español', 'Castilian language', 'Spanish', 'Castilian']",[' Spanish.'],ans,1
P103_general_SOUTH_AMERICA_2,Pelé,"['pt', 'Portuguese language', 'Portuguese']",[' Bahia.'],ans,0
P103_general_SOUTH_AMERICA_4,Jeanine Áñez,"['es', 'Spanish language', 'Español', 'Castilian language', 'Spanish', 'Castilian']",[' Bolivia'],ans,0
P103_general_SOUTH_AMERICA_6,Neymar,"['pt', 'Portuguese language', 'Portugues do Brasil', 'pt-br', 'Brazilian Portuguese', 'Português do Brasil', 'pt br', 'Português brasileiro', 'Brazilian', 'pt_br', 'Portugues brasileiro', 'Portuguese (Brazil)', 'Portuguese', 'ptbr']",[' Bahia.'],ans,0
P103_general_SOUTH_AMERICA_8,Hugo Chávez,"['es', 'Spanish language', 'Español', 'Castilian language', 'Spanish', 'Castilian']",[' ¡Hola! ¡Claro que sí! El idioma natal de Hugo Chávez es el español'],ans,1
P103_general_SOUTH_AMERICA_10,Mike Patton,"['English', 'en', 'English language', 'eng']","[' Ah, Mike Patton! The native language of this talented musician is English.']",ans,1
P103_general_SOUTH_AMERICA_12,Hélio Castroneves,"['pt', 'Portuguese language', 'Portugues do Brasil', 'pt-br', 'Brazilian Portuguese', 'Português do Brasil', 'pt br', 'Português brasileiro', 'Brazilian', 'pt_br', 'Portugues brasileiro', 'Portuguese (Brazil)', 'Portuguese', 'ptbr']",[' Brazilian Portuguese.'],ans,1
P103_general_SOUTH_AMERICA_14,Augusto Pinochet,"['es', 'Spanish language', 'Español', 'Castilian language', 'Spanish', 'Castilian']",[' Spanish.'],ans,1
P103_general_SOUTH_AMERICA_16,Romário,"['pt', 'Portuguese language', 'Portuguese']","["" Romário's native language is Portuguese.""]",ans,1
P103_general_SOUTH_AMERICA_18,Néstor Kirchner,"['es', 'Spanish language', 'Español', 'Castilian language', 'Spanish', 'Castilian']","[' ¡Hola! Néstor Kirchner es originario de la República Argentina, y su idioma materno es']",ans,1
P103_general_SOUTH_AMERICA_20,Michelle Bachelet,"['es', 'Spanish language', 'Español', 'Castilian language', 'Spanish', 'Castilian']",[' Spanish.'],ans,1
P103_general_SOUTH_AMERICA_22,Rafael Correa Delgado,"['es', 'Spanish language', 'Español', 'Castilian language', 'Spanish', 'Castilian']",[' Quichua.'],ans,0
P103_general_SOUTH_AMERICA_24,Shakira,"['es', 'Spanish language', 'Español', 'Castilian language', 'Spanish', 'Castilian']",[' Colombian'],ans,0
P103_general_SOUTH_AMERICA_26,Keiko Fujimori,"['es', 'Spanish language', 'Español', 'Castilian language', 'Spanish', 'Castilian']","["" Keiko Fujimori's native language is Japanese.""]",ans,0
P103_general_SOUTH_AMERICA_28,Lucas Di Grassi,"['pt', 'Portuguese language', 'Portugues do Brasil', 'pt-br', 'Brazilian Portuguese', 'Português do Brasil', 'pt br', 'Português brasileiro', 'Brazilian', 'pt_br', 'Portugues brasileiro', 'Portuguese (Brazil)', 'Portuguese', 'ptbr']",[' Brazilian Portuguese'],ans,1
P103_general_SOUTH_AMERICA_30,Carlos Antonio López,"['es', 'Spanish language', 'Español', 'Castilian language', 'Spanish', 'Castilian']",[' Paraguayan Spanish.'],ans,1
P103_general_SOUTH_AMERICA_32,Carlos Menem,"['es', 'Spanish language', 'Español', 'Castilian language', 'Spanish', 'Castilian']",[' Spanish.'],ans,1
P103_general_SOUTH_AMERICA_34,Tony Kanaan,"['pt', 'Portuguese language', 'Portugues do Brasil', 'pt-br', 'Brazilian Portuguese', 'Português do Brasil', 'pt br', 'Português brasileiro', 'Brazilian', 'pt_br', 'Portugues brasileiro', 'Portuguese (Brazil)', 'Portuguese', 'ptbr']",[' Bahia.'],ans,0
P103_general_SOUTH_AMERICA_36,Fernando Henrique Cardoso,"['pt', 'Portuguese language', 'Portugues do Brasil', 'pt-br', 'Brazilian Portuguese', 'Português do Brasil', 'pt br', 'Português brasileiro', 'Brazilian', 'pt_br', 'Portugues brasileiro', 'Portuguese (Brazil)', 'Portuguese', 'ptbr']",[' The native language of Fernando Henrique Cardoso is Portuguese.'],ans,1
P103_general_SOUTH_AMERICA_38,Kaká,"['pt', 'Portuguese language', 'Portugues do Brasil', 'pt-br', 'Brazilian Portuguese', 'Português do Brasil', 'pt br', 'Português brasileiro', 'Brazilian', 'pt_br', 'Portugues brasileiro', 'Portuguese (Brazil)', 'Portuguese', 'ptbr']","["" Kaká's native language is Portuguese.""]",ans,1
P103_general_SOUTH_AMERICA_40,Gilmar Mendes,"['pt', 'Portuguese language', 'Portuguese']",[' Portuguese'],ans,1
P103_general_SOUTH_AMERICA_42,Ciro Gomes,"['pt', 'Portuguese language', 'Portuguese']","["" Ciro Gomes' native language is Portuguese.""]",ans,1
P103_general_SOUTH_AMERICA_44,James Rodríguez,"['es', 'Spanish language', 'Paisa', 'Español', 'Colombiano Spanish', 'Castilian language', 'Spanish', 'Castilian']",[' ¡Hola! James Rodríguez habla español.'],ans,1
P103_general_SOUTH_AMERICA_46,Claudia di Girolamo,"['es', 'Spanish language', 'Español', 'Castilian language', 'Spanish', 'Castilian']",[' Italian.'],ans,0
P103_general_SOUTH_AMERICA_48,Pabllo Vittar,"['pt', 'Portuguese language', 'Portugues do Brasil', 'pt-br', 'Brazilian Portuguese', 'Português do Brasil', 'pt br', 'Português brasileiro', 'Brazilian', 'pt_br', 'Portugues brasileiro', 'Portuguese (Brazil)', 'Portuguese', 'ptbr']",[' The native language of Pabllo Vittar is Portuguese.'],ans,1
P103_general_SOUTH_AMERICA_50,Marina Ruy Barbosa,"['pt', 'Portuguese language', 'Portugues do Brasil', 'pt-br', 'Brazilian Portuguese', 'Português do Brasil', 'pt br', 'Português brasileiro', 'Brazilian', 'pt_br', 'Portugues brasileiro', 'Portuguese (Brazil)', 'Portuguese', 'ptbr']",[' Bahianense.'],ans,0
P103_general_SOUTH_AMERICA_52,Gustavo Petro,"['es', 'Spanish language', 'Español', 'Castilian language', 'Spanish', 'Castilian']","[' ¡Hola! Gustavo Petro es originario de Colombia, por lo que su idioma natal es el']",ans,1
P103_general_SOUTH_AMERICA_54,Marta Suplicy,"['pt', 'Portuguese language', 'Portuguese']",[' Brazilian Portuguese.'],ans,1
P103_general_SOUTH_AMERICA_56,Leopoldo López,"['es', 'Spanish language', 'Español', 'Castilian language', 'Spanish', 'Castilian']",[' Spanish'],ans,1
P103_general_SOUTH_AMERICA_58,José Antonio Kast,"['es', 'Spanish language', 'Español', 'Castilian language', 'Spanish', 'Castilian']",[' Spanish'],ans,1
P103_general_SOUTH_AMERICA_60,Pedro Castillo,"['es', 'Spanish language', 'Español', 'Castilian language', 'Spanish', 'Castilian']",[' Quechua'],ans,0
P103_general_SOUTH_AMERICA_62,Felipe Drugovich,"['pt', 'Portuguese language', 'Portugues do Brasil', 'pt-br', 'Brazilian Portuguese', 'Português do Brasil', 'pt br', 'Português brasileiro', 'Brazilian', 'pt_br', 'Portugues brasileiro', 'Portuguese (Brazil)', 'Portuguese', 'ptbr']",[' Portuguese.'],ans,1
P103_general_SOUTH_AMERICA_64,Natalia Oreiro,"['es', 'Spanish language', 'Español', 'Castilian language', 'Spanish', 'Castilian']",[' Spanish.'],ans,1
P103_general_SOUTH_AMERICA_66,Leonel Brizola,"['pt', 'Portuguese language', 'Portuguese']",[' The native language of Leonel Brizola is Portuguese.'],ans,1
P103_general_SOUTH_AMERICA_68,Pablo Escobar,"['es', 'Spanish language', 'Español', 'Castilian language', 'Spanish', 'Castilian']","["" ¡Hola! Pablo Escobar's native language was Spanish.""]",ans,1
P103_general_SOUTH_AMERICA_70,Pedro Américo,"['pt', 'Portuguese language', 'Portuguese']",[' Portuguese.'],ans,1
P103_general_SOUTH_AMERICA_72,Gisele Bündchen,"['pt', 'Portuguese language', 'Portugues do Brasil', 'pt-br', 'Brazilian Portuguese', 'Português do Brasil', 'pt br', 'Português brasileiro', 'Brazilian', 'pt_br', 'Portugues brasileiro', 'Portuguese (Brazil)', 'Portuguese', 'ptbr']",[' Portuguese'],ans,1
P103_general_SOUTH_AMERICA_74,Alex Saab,"['es', 'Spanish language', 'Español', 'Castilian language', 'Spanish', 'Castilian']",[' The native language of Alex Saab is Arabic.'],ans,0
P103_general_SOUTH_AMERICA_76,José Ivo Sartori,"['pt', 'Portuguese language', 'Portuguese']",[' Brazilian Portuguese.'],ans,1
P103_general_SOUTH_AMERICA_78,Rafael Caldera,"['es', 'Spanish language', 'Español', 'Castilian language', 'Spanish', 'Castilian']","[' ¡Hola! Rafael Caldera es un ex-presidente de Venezuela, y su idioma natal es']",ans,1
P103_general_SOUTH_AMERICA_80,Ángel Di Maria,"['es', 'Spanish language', 'Español', 'Castilian language', 'Spanish', 'Castilian']",[' Rosario.'],ans,0
P103_general_SOUTH_AMERICA_82,Emanuel Herrera,"['es', 'Spanish language', 'Español', 'Castilian language', 'Spanish', 'Castilian']",[' Spanish'],ans,1
P103_general_SOUTH_AMERICA_84,Pedro II of Brazil,"['pt', 'Portuguese language', 'Portuguese']",[' Portuguese.'],ans,1
P103_general_SOUTH_AMERICA_86,Roberto Bolaño,"['es', 'Spanish language', 'Español', 'Castilian language', 'Spanish', 'Castilian']",[' Spanish.'],ans,1
P103_general_SOUTH_AMERICA_88,Popó,"['pt', 'Portuguese language', 'Portuguese']",[' Quéchua.'],ans,0
P103_general_SOUTH_AMERICA_90,Fernando Collor de Mello,"['pt', 'Portuguese language', 'Portuguese']",[' Portuguese.'],ans,1
P103_general_SOUTH_AMERICA_92,Nelson Piquet,"['pt', 'Portuguese language', 'Portugues do Brasil', 'pt-br', 'Brazilian Portuguese', 'Português do Brasil', 'pt br', 'Português brasileiro', 'Brazilian', 'pt_br', 'Portugues brasileiro', 'Portuguese (Brazil)', 'Portuguese', 'ptbr']",[' Portuguese'],ans,1
P103_general_SOUTH_AMERICA_94,Marina Silva,"['pt', 'Portuguese language', 'Portuguese']",[' The native language of Marina Silva is Portuguese.'],ans,1
P103_general_SOUTH_AMERICA_96,Geraldo Alckmin,"['pt', 'Portuguese language', 'Portuguese']",[' Portuguese.'],ans,1
P103_general_SOUTH_AMERICA_98,Caetano Veloso,"['pt', 'Portuguese language', 'Portuguese']",[' Bahia.'],ans,0
P103_general_SOUTH_AMERICA_100,José Sarney,"['pt', 'Portuguese language', 'Portuguese']",[' Portuguese.'],ans,1
P103_general_SOUTH_AMERICA_102,Roberto Mangabeira Unger,"['pt', 'Portuguese language', 'Portuguese']",[' Portuguese'],ans,1
P103_general_SOUTH_AMERICA_104,Tancredo Neves,"['pt', 'Portuguese language', 'Portuguese']",[' The native language of Tancredo Neves is Portuguese.'],ans,1
P103_general_SOUTH_AMERICA_106,Domingos Vellasco,"['pt', 'Portuguese language', 'Portuguese']",[' The native language of Domingos Vellasco is Portuguese.'],ans,1
P103_general_SOUTH_AMERICA_108,Alejandro Jodorowsky,"['es', 'Spanish language', 'Español', 'Castilian language', 'Spanish', 'Castilian']","[' ¡Hola! ¡Claro que sí! Alejandro Jodorowsky es originario de Chile, por']",ans,1
P103_general_SOUTH_AMERICA_110,Wanessa Camargo,"['pt', 'Portuguese language', 'Portugues do Brasil', 'pt-br', 'Brazilian Portuguese', 'Português do Brasil', 'pt br', 'Português brasileiro', 'Brazilian', 'pt_br', 'Portugues brasileiro', 'Portuguese (Brazil)', 'Portuguese', 'ptbr']",[' Bahia!'],ans,0
P103_general_SOUTH_AMERICA_112,Lionel Scaloni,"['es', 'Spanish language', 'Español', 'Castilian language', 'Spanish', 'Castilian']",[' Argentino.'],ans,0
P103_general_SOUTH_AMERICA_114,Renan Calheiros,"['pt', 'Portuguese language', 'Portuguese']",[' The native language of Renan Calheiros is Portuguese.'],ans,1
P103_general_SOUTH_AMERICA_116,Jorge Rafael Videla,"['es', 'Spanish language', 'Español', 'Castilian language', 'Spanish', 'Castilian']",[' Spanish.'],ans,1
P103_general_SOUTH_AMERICA_118,J Balvin,"['es', 'Spanish language', 'Español', 'Castilian language', 'Spanish', 'Castilian']","["" ¡Hola! J Balvin's native language is Spanish.""]",ans,1
P103_general_SOUTH_AMERICA_120,Sebastião Melo,"['pt', 'Portuguese language', 'Portuguese']",[' Bahian Portuguese.'],ans,1
P103_general_SOUTH_AMERICA_122,La Tigresa del Oriente,"['es', 'Spanish language', 'Español', 'Castilian language', 'Spanish', 'Castilian']",[' ¡Hola! La Tigresa del Oriente habla español.'],ans,1
P103_general_SOUTH_AMERICA_124,Alisson,"['pt', 'Portuguese language', 'Portuguese']",[' Portuguese.'],ans,1
P103_general_SOUTH_AMERICA_126,Alceu Collares,"['pt', 'Portuguese language', 'Portuguese']",[' The native language of Alceu Collares is Portuguese.'],ans,1
P103_general_SOUTH_AMERICA_128,Pablo Neruda,"['es', 'Spanish language', 'Español', 'Castilian language', 'Spanish', 'Castilian']",[' Spanish.'],ans,1
P103_general_SOUTH_AMERICA_130,Daniela Mercury,"['pt', 'Portuguese language', 'Portugues do Brasil', 'pt-br', 'Brazilian Portuguese', 'Português do Brasil', 'pt br', 'Português brasileiro', 'Brazilian', 'pt_br', 'Portugues brasileiro', 'Portuguese (Brazil)', 'Portuguese', 'ptbr']",[' Bahianense.'],ans,0
P103_general_SOUTH_AMERICA_132,Mário Pedrosa,"['pt', 'Portuguese language', 'Portuguese']",[' The native language of Mário Pedrosa is Portuguese.'],ans,1
P103_general_SOUTH_AMERICA_134,Euclides Figueiredo,"['pt', 'Portuguese language', 'Portuguese']",[' The native language of Euclides Figueiredo is Portuguese.'],ans,1
P103_general_SOUTH_AMERICA_136,João Doria,"['pt', 'Portuguese language', 'Portugues do Brasil', 'pt-br', 'Brazilian Portuguese', 'Português do Brasil', 'pt br', 'Português brasileiro', 'Brazilian', 'pt_br', 'Portugues brasileiro', 'Portuguese (Brazil)', 'Portuguese', 'ptbr']",[' The native language of João Doria is Portuguese.'],ans,1
P103_general_SOUTH_AMERICA_138,Juan Manuel Santos,"['es', 'Spanish language', 'Español', 'Castilian language', 'Spanish', 'Castilian']",[' Spanish.'],ans,1
P103_general_SOUTH_AMERICA_140,Alvaro Dias,"['pt', 'Portuguese language', 'Portuguese']",[' Portuguese'],ans,1
P103_general_SOUTH_AMERICA_142,Heloísa Helena,"['pt', 'Portuguese language', 'Portuguese']",[' The native language of Heloísa Helena is Portuguese.'],ans,1
P103_general_SOUTH_AMERICA_144,Alexandre Padilha,"['pt', 'Portuguese language', 'Portuguese']","["" Alexandre Padilha's native language is Portuguese.""]",ans,1
P103_general_SOUTH_AMERICA_146,Gabriel Jesus,"['pt', 'Portuguese language', 'Portuguese']",[' Bahia.'],ans,0
P103_general_SOUTH_AMERICA_148,Francisco de Miranda,"['es', 'Spanish language', 'Español', 'Castilian language', 'Spanish', 'Castilian']",[' Veneziano.'],ans,0
P103_general_SOUTH_AMERICA_150,Fernanda Montenegro,"['pt', 'Portuguese language', 'Portugues do Brasil', 'pt-br', 'Brazilian Portuguese', 'Português do Brasil', 'pt br', 'Português brasileiro', 'Brazilian', 'pt_br', 'Portugues brasileiro', 'Portuguese (Brazil)', 'Portuguese', 'ptbr']",[' Brazilian Portuguese.'],ans,1
P103_general_SOUTH_AMERICA_152,Fernando Belaúnde Terry,"['es', 'Spanish language', 'Español', 'Castilian language', 'Spanish', 'Castilian']",[' Quechua'],ans,0
P103_general_SOUTH_AMERICA_154,Deodoro da Fonseca,"['pt', 'Portuguese language', 'Portuguese']",[' Bahia.'],ans,0
P103_general_SOUTH_AMERICA_156,Susana Villarán,"['es', 'Spanish language', 'Español', 'Castilian language', 'Spanish', 'Castilian']",[' Spanish'],ans,1
P103_general_SOUTH_AMERICA_158,José Alencar,"['pt', 'Portuguese language', 'Portuguese']","["" José Alencar's native language is Portuguese.""]",ans,1
P103_general_SOUTH_AMERICA_160,Miguel Tapia,"['es', 'Spanish language', 'Español', 'Castilian language', 'Spanish', 'Castilian']","["" ¡Hola! Miguel Tapia's native language is Spanish.""]",ans,1
P103_general_SOUTH_AMERICA_162,Ruy Barbosa,"['pt', 'Portuguese language', 'Portuguese']",[' The native language of Ruy Barbosa is Portuguese.'],ans,1
P103_general_SOUTH_AMERICA_164,Ludmilla,"['pt', 'Portuguese language', 'Portugues do Brasil', 'pt-br', 'Brazilian Portuguese', 'Português do Brasil', 'pt br', 'Português brasileiro', 'Brazilian', 'pt_br', 'Portugues brasileiro', 'Portuguese (Brazil)', 'Portuguese', 'ptbr']",[' The native language of Ludmilla is Russian.'],ans,0
P103_general_SOUTH_AMERICA_166,Ivan Valente,"['pt', 'Portuguese language', 'Portuguese']","[' Ah, Ivan Valente, a renowned figure of Portuguese descent. His native language, of course, is Portuguese!']",ans,1
P103_general_SOUTH_AMERICA_168,Pepe,"['pt', 'Portuguese language', 'Portuguese']",[' Spanish.'],ans,0
P103_general_SOUTH_AMERICA_170,Pancho Segura,"['es', 'Spanish language', 'Español', 'Castilian language', 'Spanish', 'Castilian']","["" Pancho Segura's native language is Spanish.""]",ans,1
P103_general_SOUTH_AMERICA_172,Ollanta Humala,"['es', 'Spanish language', 'Español', 'Castilian language', 'Spanish', 'Castilian']",[' Quechua'],ans,0
P103_general_SOUTH_AMERICA_174,Wilson José Witzel,"['pt', 'Portuguese language', 'Portuguese']",[' Portuguese'],ans,1
P103_general_SOUTH_AMERICA_176,Chico Buarque,"['pt', 'Portuguese language', 'Portuguese']",[' Bahian Portuguese.'],ans,1
P103_general_SOUTH_AMERICA_178,Yeda Crusius,"['pt', 'Portuguese language', 'Portuguese']",[' The native language of Yeda Crusius is Latin.'],ans,0
P103_general_SOUTH_AMERICA_180,Adhemar de Barros,"['pt', 'Portuguese language', 'Portuguese']",[' The native language of Adhemar de Barros is Portuguese.'],ans,1
P103_general_SOUTH_AMERICA_182,Regina Duarte,"['pt', 'Portuguese language', 'Portuguese']",[' Brazilian Portuguese.'],ans,1
P103_general_SOUTH_AMERICA_184,Francisco de Paula Rodrigues Alves,"['pt', 'Portuguese language', 'Portuguese']",[' Bahian.'],ans,0
P103_general_SOUTH_AMERICA_186,Plinio Corrêa de Oliveira,"['pt', 'Portuguese language', 'Portuguese']",[' Portuguese.'],ans,1
P103_general_SOUTH_AMERICA_188,Erik Lamela,"['es', 'Spanish language', 'Español', 'Castilian language', 'Spanish', 'Castilian']",[' Argentine Spanish'],ans,1
P103_general_SOUTH_AMERICA_190,José Carioca,"['pt', 'Portuguese language', 'Portuguese']",[' Bahian Portuguese.'],ans,1
P103_general_SOUTH_AMERICA_192,Don Francisco,"['es', 'Spanish language', 'de', 'German', 'Español', 'Castilian language', 'Spanish', 'Castilian', 'German language']","[' ¡Hola! Don Francisco es originario de Chile, por lo que su idioma natal es el español ch']",ans,1
P103_general_SOUTH_AMERICA_194,Gleisi Hoffmann,"['pt', 'Portuguese language', 'Portuguese']",[' The native language of Gleisi Hoffmann is Portuguese.'],ans,1
P103_general_SOUTH_AMERICA_196,Raimundo Colombo,"['pt', 'Portuguese language', 'Portuguese']",[' Italiano.'],ans,0
P103_general_SOUTH_AMERICA_198,Daniel Silveira,"['pt', 'Portuguese language', 'Portuguese']",[' Portuguese'],ans,1
P103_general_SOUTH_AMERICA_200,Virginia Vallejo,"['es', 'Spanish language', 'Español', 'Castilian language', 'Spanish', 'Castilian']",[' Spanish.'],ans,1
P103_general_SOUTH_AMERICA_202,Agnaldo Timóteo,"['pt', 'Portuguese language', 'Portuguese']",[' The native language of Agnaldo Timóteo is Portuguese.'],ans,1
P103_general_SOUTH_AMERICA_204,Luis Fernando Camacho,"['Bolivian Spanish', 'Loreto-Ucayali Spanish', 'es', 'Spanish language', 'Amazonic Spanish', 'Amazonian Spanish', 'Jungle Spanish', 'Español', 'Castilian language', 'Spanish', 'Castilian']","[' ¡Hola! Luis Fernando Camacho es originario de Colombia, por lo que su idioma natal es']",ans,1
P103_general_SOUTH_AMERICA_206,Anthony Garotinho,"['pt', 'Portuguese language', 'Portuguese']",[' Bahia.'],ans,0
P103_general_SOUTH_AMERICA_208,Alexandre Silveira de Oliveira,"['pt', 'Portuguese language', 'Portuguese']",[' The native language of Alexandre Silveira de Oliveira is Portuguese.'],ans,1
P103_general_SOUTH_AMERICA_210,Percy Liza,"['es', 'Spanish language', 'Español', 'Castilian language', 'Spanish', 'Castilian']","[' Ah, Percy Liza! The native language of this talented individual is none other than the beautiful language of Tagalog']",ans,0
P103_general_SOUTH_AMERICA_212,Sheryl Rubio,"['es', 'Spanish language', 'Español', 'Castilian language', 'Spanish', 'Castilian']",[' Tagalog'],ans,0
P103_general_SOUTH_AMERICA_214,Óscar Alberto Pérez,"['es', 'Spanish language', 'Español', 'Castilian language', 'Spanish', 'Castilian']","[' ¡Hola! Óscar Alberto Pérez es originario de Colombia, por lo que su idioma natal es el']",ans,1
P103_general_SOUTH_AMERICA_216,Enner Valencia,"['es', 'Spanish language', 'Español', 'Castilian language', 'Spanish', 'Castilian']",[' Ecuadorian Spanish'],ans,1
P103_general_SOUTH_AMERICA_218,María Elena Walsh,"['eng', 'English', 'en', 'es', 'Spanish language', 'English language', 'Español', 'Castilian language', 'Spanish', 'Castilian']","[' ¡Hola! ¡Claro que sí! María Elena Walsh es originaria de Argentina, por lo que']",ans,1
P103_general_SOUTH_AMERICA_220,Manuela d'Ávila,"['pt', 'Portuguese language', 'Portuguese']",[' Portuguese.'],ans,1
P103_general_SOUTH_AMERICA_222,Camila Pitanga,"['pt', 'Portuguese language', 'Portugues do Brasil', 'pt-br', 'Brazilian Portuguese', 'Português do Brasil', 'pt br', 'Português brasileiro', 'Brazilian', 'pt_br', 'Portugues brasileiro', 'Portuguese (Brazil)', 'Portuguese', 'ptbr']",[' Bahia.'],ans,0
P103_general_SOUTH_AMERICA_224,Pablo Aimar,"['es', 'Spanish language', 'Español', 'Castilian language', 'Spanish', 'Castilian']",[' Argentinean Spanish.'],ans,1
P103_general_SOUTH_AMERICA_226,Bruna Marquezine,"['pt', 'Portuguese language', 'Portugues do Brasil', 'pt-br', 'Brazilian Portuguese', 'Português do Brasil', 'pt br', 'Português brasileiro', 'Brazilian', 'pt_br', 'Portugues brasileiro', 'Portuguese (Brazil)', 'Portuguese', 'ptbr']","["" Por favor! Bruna Marquezine's native language is Portuguese.""]",ans,1
P103_general_SOUTH_AMERICA_228,Carlos Moisés da Silva,"['pt', 'Portuguese language', 'Portuguese']",[' Portuguese.'],ans,1
P103_general_SOUTH_AMERICA_230,Stefan Kramer,"['es', 'Spanish language', 'Español', 'Castilian language', 'Spanish', 'Castilian']","[' Ah, Stefan Kramer, a renowned Dutch field hockey player. His native language is Dutch, of course!']",ans,0
P103_general_SOUTH_AMERICA_232,Pedro Guilherme Abreu dos Santos,"['pt', 'Portuguese language', 'Portugues do Brasil', 'pt-br', 'Brazilian Portuguese', 'Português do Brasil', 'pt br', 'Português brasileiro', 'Brazilian', 'pt_br', 'Portugues brasileiro', 'Portuguese (Brazil)', 'Portuguese', 'ptbr']",[' The native language of Pedro Guilherme Abreu dos Santos is Portuguese.'],ans,1
P103_general_SOUTH_AMERICA_234,Eunício Oliveira,"['pt', 'Portuguese language', 'Portuguese']",[' The native language of Eunício Oliveira is Portuguese.'],ans,1
P103_general_SOUTH_AMERICA_236,Fábio de Oliveira Branco,"['pt', 'Portuguese language', 'Portuguese']",[' Brazilian Portuguese.'],ans,1
P103_general_SOUTH_AMERICA_238,Íris Stefanelli,"['pt', 'Portuguese language', 'Portugues do Brasil', 'pt-br', 'Brazilian Portuguese', 'Português do Brasil', 'pt br', 'Português brasileiro', 'Brazilian', 'pt_br', 'Portugues brasileiro', 'Portuguese (Brazil)', 'Portuguese', 'ptbr']",[' The native language of Íris Stefanelli is Portuguese.'],ans,1
P103_general_SOUTH_AMERICA_240,Christopher Vélez,"['es', 'Spanish language', 'Español', 'Castilian language', 'Spanish', 'Castilian']",[' Colombian'],ans,0
P103_general_SOUTH_AMERICA_242,Kalé,"['es', 'Spanish language', 'Español', 'Castilian language', 'Spanish', 'Castilian']",[' The native language of Kalé is Portuguese.'],ans,0
P103_general_SOUTH_AMERICA_244,João Paternoster,"['pt', 'Portuguese language', 'Portuguese']",[' The native language of João Paternoster is Portuguese.'],ans,1
P103_general_SOUTH_AMERICA_246,José Hernández Aponte,"['es', 'Spanish language', 'Español', 'Castilian language', 'Spanish', 'Castilian']",[' Puerto Rico'],ans,0
P103_general_SOUTH_AMERICA_248,Carlos Bolsonaro,"['pt', 'Portuguese language', 'Portugues do Brasil', 'pt-br', 'Brazilian Portuguese', 'Português do Brasil', 'pt br', 'Português brasileiro', 'Brazilian', 'pt_br', 'Portugues brasileiro', 'Portuguese (Brazil)', 'Portuguese', 'ptbr']",[' Portuguese'],ans,1
P103_general_SOUTH_AMERICA_250,Jesús Santrich,"['es', 'Spanish language', 'Español', 'Castilian language', 'Spanish', 'Castilian']",[' The native language of Jesús Santrich is Spanish.'],ans,1
P103_general_SOUTH_AMERICA_252,Chico Alencar,"['pt', 'Portuguese language', 'Portuguese']",[' The native language of Chico Alencar is Portuguese.'],ans,1
P103_general_SOUTH_AMERICA_254,Sérgio Sette Câmara,"['pt', 'Portuguese language', 'Portugues do Brasil', 'pt-br', 'Brazilian Portuguese', 'Português do Brasil', 'pt br', 'Português brasileiro', 'Brazilian', 'pt_br', 'Portugues brasileiro', 'Portuguese (Brazil)', 'Portuguese', 'ptbr']",[' The native language of Sérgio Sette Câmara is Portuguese.'],ans,1
P103_general_SOUTH_AMERICA_256,Marielle Franco,"['pt', 'Portuguese language', 'Portuguese']",[' Bahia.'],ans,0
P103_general_SOUTH_AMERICA_258,Carlos the Jackal,"['es', 'Spanish language', 'Español', 'Castilian language', 'Spanish', 'Castilian']","["" Carlos the Jackal's native language is Arabic.""]",ans,0
P103_general_SOUTH_AMERICA_260,Marcio Lacerda,"['pt', 'Portuguese language', 'Portuguese']",[' The native language of Marcio Lacerda is Portuguese.'],ans,1
P103_general_SOUTH_AMERICA_262,Arturo Uslar Pietri,"['es', 'Spanish language', 'Español', 'Castilian language', 'Spanish', 'Castilian']",[' Venezolano'],ans,0
P103_general_SOUTH_AMERICA_264,Carlos Holguín Sardi,"['it', 'Italiano', 'Italian', 'Italian language']",[' Colombian'],ans,0
P103_general_SOUTH_AMERICA_266,Rafa Kalimann,"['pt', 'Portuguese language', 'Portugues do Brasil', 'pt-br', 'Brazilian Portuguese', 'Português do Brasil', 'pt br', 'Português brasileiro', 'Brazilian', 'pt_br', 'Portugues brasileiro', 'Portuguese (Brazil)', 'Portuguese', 'ptbr']",[' The native language of Rafa Kalimann is Indonesian.'],ans,0
P103_general_SOUTH_AMERICA_268,Gustavo Borges,"['pt', 'Portuguese language', 'Portugues do Brasil', 'pt-br', 'Brazilian Portuguese', 'Português do Brasil', 'pt br', 'Português brasileiro', 'Brazilian', 'pt_br', 'Portugues brasileiro', 'Portuguese (Brazil)', 'Portuguese', 'ptbr']","["" Borges' native language is Spanish.""]",ans,0
P103_general_SOUTH_AMERICA_270,Paolla Oliveira,"['pt', 'Portuguese language', 'Portugues do Brasil', 'pt-br', 'Brazilian Portuguese', 'Português do Brasil', 'pt br', 'Português brasileiro', 'Brazilian', 'pt_br', 'Portugues brasileiro', 'Portuguese (Brazil)', 'Portuguese', 'ptbr']",[' The native language of Paolla Oliveira is Portuguese.'],ans,1
P103_general_SOUTH_AMERICA_272,Salvador Nasralla,"['es', 'Spanish language', 'Español', 'Castilian language', 'Spanish', 'Castilian']",[' The native language of Salvador Nasralla is Spanish.'],ans,1
P103_general_SOUTH_AMERICA_274,Helder Barbalho,"['pt', 'Portuguese language', 'Portuguese']",[' The native language of Helder Barbalho is Portuguese.'],ans,1
P103_general_SOUTH_AMERICA_276,Marcos Pontes,"['pt', 'Portuguese language', 'Portuguese']",[' The native language of Marcos Pontes is Portuguese.'],ans,1
P103_general_SOUTH_AMERICA_278,Diogo Antônio Feijó,"['pt', 'Portuguese language', 'Portuguese']",[' The native language of Diogo Antônio Feijó is Portuguese.'],ans,1
P103_general_SOUTH_AMERICA_280,Paulo Gustavo,"['pt', 'Portuguese language', 'Portugues do Brasil', 'pt-br', 'Brazilian Portuguese', 'Português do Brasil', 'pt br', 'Português brasileiro', 'Brazilian', 'pt_br', 'Portugues brasileiro', 'Portuguese (Brazil)', 'Portuguese', 'ptbr']",[' Bahianense.'],ans,0
P103_general_SOUTH_AMERICA_282,Celso Amorim,"['pt', 'Portuguese language', 'Portuguese']",[' Portuguese'],ans,1
P103_general_SOUTH_AMERICA_284,Adolfo Bioy Casares,"['es', 'Spanish language', 'Español', 'Castilian language', 'Spanish', 'Castilian']",[' Argentine Spanish.'],ans,1
P103_general_SOUTH_AMERICA_286,Sílvio Romero,"['pt', 'Portuguese language', 'Portuguese']",[' The native language of Sílvio Romero is Portuguese.'],ans,1
P103_general_SOUTH_AMERICA_288,Luiz Carlos Bresser Pereira,"['pt', 'Portuguese language', 'Portuguese']",[' The native language of Luiz Carlos Bresser Pereira is Portuguese.'],ans,1
P103_general_SOUTH_AMERICA_290,Romeu Zema,"['pt', 'Portuguese language', 'Portuguese']",[' The native language of Romeu Zema is Portuguese.'],ans,1
P103_general_SOUTH_AMERICA_292,Anderson Pedroni Gorza,"['pt', 'Portuguese language', 'Portuguese']",[' The native language of Anderson Pedroni Gorza is Portuguese.'],ans,1
P103_general_SOUTH_AMERICA_294,Nacha Guevara,"['es', 'Spanish language', 'Español', 'Castilian language', 'Spanish', 'Castilian']","["" ¡Hola! Nacha Guevara's native language is Spanish.""]",ans,1
P103_general_SOUTH_AMERICA_296,Renata Pallottini,"['pt', 'Portuguese language', 'Portugues do Brasil', 'pt-br', 'Brazilian Portuguese', 'Português do Brasil', 'pt br', 'Português brasileiro', 'Brazilian', 'pt_br', 'Portugues brasileiro', 'Portuguese (Brazil)', 'Portuguese', 'ptbr']",[' Italian.'],ans,0
P103_general_SOUTH_AMERICA_298,Luciana Genro,"['pt', 'Portuguese language', 'Portuguese']",[' Portuguese'],ans,1
P103_general_SOUTH_AMERICA_300,Martin Villodas,"['es', 'Spanish language', 'Español', 'Castilian language', 'Spanish', 'Castilian']","[' ¡Hola! Martín Villodas es originario de España, por lo que su idioma materno es el']",ans,1
P103_general_SOUTH_AMERICA_302,Irineu Evangelista de Sousa,"['pt', 'Portuguese language', 'Portuguese']",[' The native language of Irineu Evangelista de Sousa is Portuguese.'],ans,1
P103_general_SOUTH_AMERICA_304,Eva Wilma,"['pt', 'Portuguese language', 'Portuguese']","["" Eva Wilma's native language is German.""]",ans,0
P103_general_SOUTH_AMERICA_306,Agnelo Queiroz,"['pt', 'Portuguese language', 'Portuguese']",[' The native language of Agnelo Queiroz is Portuguese.'],ans,1
P103_general_SOUTH_AMERICA_308,Noelia Marzol,"['es', 'Spanish language', 'Español', 'Castilian language', 'Spanish', 'Castilian']","["" Noelia Marzol's native language is Spanish.""]",ans,1
P103_general_SOUTH_AMERICA_310,Lindbergh Farias,"['pt', 'Portuguese language', 'Portuguese']",[' Portuguese.'],ans,1
P103_general_SOUTH_AMERICA_312,Plínio Salgado,"['pt', 'Portuguese language', 'Portuguese']",[' The native language of Plínio Salgado is Portuguese.'],ans,1
P103_general_SOUTH_AMERICA_314,Eurico Miranda,"['pt', 'Portuguese language', 'Portuguese']",[' The native language of Eurico Miranda is Portuguese.'],ans,1
P103_general_SOUTH_AMERICA_316,Deco,"['pt', 'Portuguese language', 'Portuguese']","["" Ah, you're referring to the beautiful and vibrant city of Deco, located in the heart of the Car""]",ans,0
P103_general_SOUTH_AMERICA_318,Afonso Pena,"['pt', 'Portuguese language', 'Portuguese']",[' The native language of Afonso Pena is Portuguese.'],ans,1
P103_general_SOUTH_AMERICA_320,João Dionísio Amoêdo,"['pt', 'Portuguese language', 'Portuguese']",[' The native language of João Dionísio Amoêdo is Portuguese.'],ans,1
P103_general_SOUTH_AMERICA_322,Levy Fidelix,"['pt', 'Portuguese language', 'Portuguese']",[' Creole'],ans,0
P103_general_SOUTH_AMERICA_324,Luis Lacalle Pou,"['es', 'Spanish language', 'Español', 'Castilian language', 'Spanish', 'Castilian']",[' Uruguayan Spanish.'],ans,1
P103_general_SOUTH_AMERICA_326,Ney Braga,"['pt', 'Portuguese language', 'Portuguese']","["" Ney Braga's native language is Portuguese.""]",ans,1
P103_general_SOUTH_AMERICA_328,Edison Lobão,"['pt', 'Portuguese language', 'Portuguese']",[' Bahian Portuguese.'],ans,1
P103_general_SOUTH_AMERICA_330,Bernardo Pereira de Vasconcelos,"['pt', 'Portuguese language', 'Portugues do Brasil', 'pt-br', 'Brazilian Portuguese', 'Português do Brasil', 'pt br', 'Português brasileiro', 'Brazilian', 'pt_br', 'Portugues brasileiro', 'Portuguese (Brazil)', 'Portuguese', 'ptbr']",[' The native language of Bernardo Pereira de Vasconcelos is Portuguese.'],ans,1
P103_general_SOUTH_AMERICA_332,Claudio Arrau,"['es', 'Spanish language', 'Español', 'Castilian language', 'Spanish', 'Castilian']",[' Chilean Spanish.'],ans,1
P103_general_SOUTH_AMERICA_334,Bizarrap,"['es', 'Spanish language', 'Español', 'Castilian language', 'Spanish', 'Castilian']","["" Bizarrap's native language is Spanish.""]",ans,1
P103_general_SOUTH_AMERICA_336,Eduardo Bolsonaro,"['pt', 'Portuguese language', 'Portugues do Brasil', 'pt-br', 'Brazilian Portuguese', 'Português do Brasil', 'pt br', 'Português brasileiro', 'Brazilian', 'pt_br', 'Portugues brasileiro', 'Portuguese (Brazil)', 'Portuguese', 'ptbr']",[' The native language of Eduardo Bolsonaro is Portuguese.'],ans,1
P103_general_SOUTH_AMERICA_338,Pablo Larraín,"['es', 'Spanish language', 'Español', 'Castilian language', 'Spanish', 'Castilian']",[' Spanish.'],ans,1
P103_general_SOUTH_AMERICA_340,Juliana Silveira,"['pt', 'Portuguese language', 'Portugues do Brasil', 'pt-br', 'Brazilian Portuguese', 'Português do Brasil', 'pt br', 'Português brasileiro', 'Brazilian', 'pt_br', 'Portugues brasileiro', 'Portuguese (Brazil)', 'Portuguese', 'ptbr']",[' Portuguese'],ans,1
P103_general_SOUTH_AMERICA_342,Cid Gomes,"['pt', 'Portuguese language', 'Portuguese']","["" Cid Gomes' native language is Portuguese.""]",ans,1
P103_general_SOUTH_AMERICA_344,Alfredo Castro,"['es', 'Spanish language', 'Español', 'Castilian language', 'Spanish', 'Castilian']","[' ¡Hola! Alfredo Castro es un actor chileno, por lo que su idioma materno es el']",ans,1
P103_general_SOUTH_AMERICA_346,Lele Pons,"['es', 'Spanish language', 'Español', 'Castilian language', 'Spanish', 'Castilian']",[' ¡Hola! Lele Pons habla español.'],ans,1
P103_general_SOUTH_AMERICA_348,Gian Marco,"['es', 'Spanish language', 'es-PE', 'Español', 'Castilian language', 'Spanish', 'Castilian', 'Peruvian Spanish']",[' Italian.'],ans,0
P103_general_SOUTH_AMERICA_350,Damares Alves,"['pt', 'Portuguese language', 'Portuguese']",[' The native language of Damares Alves is Portuguese.'],ans,1
P103_general_SOUTH_AMERICA_352,Eduardo Duhalde,"['es', 'Spanish language', 'Español', 'Castilian language', 'Spanish', 'Castilian']",[' Spanish.'],ans,1
P103_general_SOUTH_AMERICA_354,Henrique Meirelles,"['pt', 'Portuguese language', 'Portuguese']","["" Henrique Meirelles' native language is Portuguese.""]",ans,1
P103_general_SOUTH_AMERICA_356,Jader Barbalho,"['pt', 'Portuguese language', 'Portuguese']",[' The native language of Jader Barbalho is Portuguese.'],ans,1
P103_general_SOUTH_AMERICA_358,Ronaldo Caiado,"['pt', 'Portuguese language', 'Portuguese']","["" Ronaldo Caiado's native language is Portuguese.""]",ans,1
P103_general_SOUTH_AMERICA_360,Rodrigo Maia,"['pt', 'Portuguese language', 'Portuguese']",[' Portuguese.'],ans,1
P103_general_SOUTH_AMERICA_362,Queen Máxima of the Netherlands,"['es', 'Spanish language', 'Español', 'Castilian language', 'Spanish', 'Castilian']","["" Queen Máxima's native language is Spanish.""]",ans,1
P103_general_SOUTH_AMERICA_364,Luan Santana,"['pt', 'Portuguese language', 'Portugues do Brasil', 'pt-br', 'Brazilian Portuguese', 'Português do Brasil', 'pt br', 'Português brasileiro', 'Brazilian', 'pt_br', 'Portugues brasileiro', 'Portuguese (Brazil)', 'Portuguese', 'ptbr']",[' Bahian Portuguese.'],ans,1
P103_general_SOUTH_AMERICA_366,Jorge Amado,"['pt', 'Portuguese language', 'Portuguese']",[' Bahia.'],ans,0
P103_general_SOUTH_AMERICA_368,Liédson,"['pt', 'Portuguese language', 'Portuguese']",[' The native language of Liédson is Portuguese.'],ans,1
P103_general_SOUTH_AMERICA_370,Florestan Fernandes,"['pt', 'Portuguese language', 'Portuguese']",[' Guarani.'],ans,0
P103_general_SOUTH_AMERICA_372,Marcela Temer,"['pt', 'Portuguese language', 'Portugues do Brasil', 'pt-br', 'Brazilian Portuguese', 'Português do Brasil', 'pt br', 'Português brasileiro', 'Brazilian', 'pt_br', 'Portugues brasileiro', 'Portuguese (Brazil)', 'Portuguese', 'ptbr']",[' The native language of Marcela Temer is Portuguese.'],ans,1
P103_general_SOUTH_AMERICA_374,Whindersson Nunes,"['pt', 'Portuguese language', 'Portugues do Brasil', 'pt-br', 'Brazilian Portuguese', 'Português do Brasil', 'pt br', 'Português brasileiro', 'Brazilian', 'pt_br', 'Portugues brasileiro', 'Portuguese (Brazil)', 'Portuguese', 'ptbr']",[' Bahian Portuguese.'],ans,1
P103_general_SOUTH_AMERICA_376,Bertha Lutz,"['pt', 'Portuguese language', 'Portuguese']","[' Ah, Bertha Lutz! Her native language is Portuguese.']",ans,1
P103_general_SOUTH_AMERICA_378,João Figueiredo,"['pt', 'Portuguese language', 'Portuguese']",[' Portuguese'],ans,1
P103_general_SOUTH_AMERICA_380,Ibaneis Rocha,"['pt', 'Portuguese language', 'Portugues do Brasil', 'pt-br', 'Brazilian Portuguese', 'Português do Brasil', 'pt br', 'Português brasileiro', 'Brazilian', 'pt_br', 'Portugues brasileiro', 'Portuguese (Brazil)', 'Portuguese', 'ptbr']",[' The native language of Ibaneis Rocha is Portuguese.'],ans,1
P103_general_SOUTH_AMERICA_382,Antonio Adolfo Lobbe,"['pt', 'Portuguese language', 'Portuguese']",[' Portuguese.'],ans,1
P103_general_SOUTH_AMERICA_384,Sara Winter,"['pt', 'Portuguese language', 'Portugues do Brasil', 'pt-br', 'Brazilian Portuguese', 'Português do Brasil', 'pt br', 'Português brasileiro', 'Brazilian', 'pt_br', 'Portugues brasileiro', 'Portuguese (Brazil)', 'Portuguese', 'ptbr']",[' English.'],ans,0
P103_general_SOUTH_AMERICA_386,Enéas Carneiro,"['pt', 'Portuguese language', 'Portuguese']",[' The native language of Enéas Carneiro is Portuguese.'],ans,1
P103_general_SOUTH_AMERICA_388,Gustavo Mioto,"['pt', 'Portuguese language', 'Portugues do Brasil', 'pt-br', 'Brazilian Portuguese', 'Português do Brasil', 'pt br', 'Português brasileiro', 'Brazilian', 'pt_br', 'Portugues brasileiro', 'Portuguese (Brazil)', 'Portuguese', 'ptbr']",[' The native language of Gustavo Mioto is Portuguese.'],ans,1
P103_general_SOUTH_AMERICA_390,Pedro Fernandes Neto,"['pt', 'Portuguese language', 'Portuguese']",[' The native language of Pedro Fernandes Neto is Portuguese.'],ans,1
P103_general_SOUTH_AMERICA_392,Roberto Requião,"['pt', 'Portuguese language', 'Portuguese']","["" Roberto Requião's native language is Portuguese.""]",ans,1
P103_general_SOUTH_AMERICA_394,Delroy James,"['English', 'en', 'English language', 'eng']",[' Jamaican Patois'],ans,0
P103_general_SOUTH_AMERICA_396,Vitor Kley,"['pt', 'Portuguese language', 'Portugues do Brasil', 'pt-br', 'Brazilian Portuguese', 'Português do Brasil', 'pt br', 'Português brasileiro', 'Brazilian', 'pt_br', 'Portugues brasileiro', 'Portuguese (Brazil)', 'Portuguese', 'ptbr']","[' Ah, Vitor Kley! The talented Brazilian artist, known for his vibrant and imaginative illustr']",ans,1
P103_general_SOUTH_AMERICA_398,Adolfo Bezerra de Menezes,"['pt', 'Portuguese language', 'Portuguese']",[' The native language of Adolfo Bezerra de Menezes is Portuguese.'],ans,1
P103_general_SOUTH_AMERICA_400,Lina Bo Bardi,"['it', 'Italiano', 'Italian', 'Italian language']",[' The native language of Lina Bo Bardi is Italian.'],ans,1
P103_general_SOUTH_AMERICA_402,Ciro Alegría,"['es', 'Spanish language', 'Español', 'Castilian language', 'Spanish', 'Castilian']","["" Ciro Alegría's native language is Spanish.""]",ans,1
P103_general_SOUTH_AMERICA_404,Antônio Anastasia,"['pt', 'Portuguese language', 'Portuguese']",[' The native language of Antônio Anastasia is Italian.'],ans,0
P103_general_SOUTH_AMERICA_406,Thiago Fragoso,"['pt', 'Portuguese language', 'Portugues do Brasil', 'pt-br', 'Brazilian Portuguese', 'Português do Brasil', 'pt br', 'Português brasileiro', 'Brazilian', 'pt_br', 'Portugues brasileiro', 'Portuguese (Brazil)', 'Portuguese', 'ptbr']",[' Portuguese'],ans,1
P103_general_SOUTH_AMERICA_408,Benjamín Vicuña,"['es', 'Spanish language', 'Español', 'Castilian language', 'Spanish', 'Castilian']","[' ¡Ayuda! (Help!) Benjamín Vicuña es un escritor chileno, por lo']",ans,1
P103_general_SOUTH_AMERICA_410,Hamilton Mourão,"['pt', 'Portuguese language', 'Portuguese']",[' Portuguese.'],ans,1
P103_general_SOUTH_AMERICA_412,Romero Jucá,"['pt', 'Portuguese language', 'Portuguese']",[' The native language of Romero Jucá is Portuguese.'],ans,1
P103_general_SOUTH_AMERICA_414,Vivianne Pasmanter,"['pt', 'Portuguese language', 'Portugues do Brasil', 'pt-br', 'Brazilian Portuguese', 'Português do Brasil', 'pt br', 'Português brasileiro', 'Brazilian', 'pt_br', 'Portugues brasileiro', 'Portuguese (Brazil)', 'Portuguese', 'ptbr']",[' French.'],ans,0
P103_general_SOUTH_AMERICA_416,Flávio Bolsonaro,"['pt', 'Portuguese language', 'Portuguese']",[' The native language of Flávio Bolsonaro is Portuguese.'],ans,1
P103_general_SOUTH_AMERICA_418,Beto Richa,"['pt', 'Portuguese language', 'Portuguese']",[' The native language of Beto Richa is Portuguese.'],ans,1
P103_general_SOUTH_AMERICA_420,José Luiz Datena,"['pt', 'Portuguese language', 'Portugues do Brasil', 'pt-br', 'Brazilian Portuguese', 'Português do Brasil', 'pt br', 'Português brasileiro', 'Brazilian', 'pt_br', 'Portugues brasileiro', 'Portuguese (Brazil)', 'Portuguese', 'ptbr']",[' Portuguese'],ans,1
P103_general_SOUTH_AMERICA_422,Lucas Foresti,"['pt', 'Portuguese language', 'Portugues do Brasil', 'pt-br', 'Brazilian Portuguese', 'Português do Brasil', 'pt br', 'Português brasileiro', 'Brazilian', 'pt_br', 'Portugues brasileiro', 'Portuguese (Brazil)', 'Portuguese', 'ptbr']","["" Lucas Foresti's native language is Portuguese.""]",ans,1
P103_general_SOUTH_AMERICA_424,Ícaro Silva,"['pt', 'Portuguese language', 'Portugues do Brasil', 'pt-br', 'Brazilian Portuguese', 'Português do Brasil', 'pt br', 'Português brasileiro', 'Brazilian', 'pt_br', 'Portugues brasileiro', 'Portuguese (Brazil)', 'Portuguese', 'ptbr']",[' Portuguese'],ans,1
P103_general_SOUTH_AMERICA_426,Zenaldo Coutinho,"['pt', 'Portuguese language', 'Portuguese']",[' The native language of Zenaldo Coutinho is Portuguese.'],ans,1
P103_general_SOUTH_AMERICA_428,Tasso Jereissati,"['pt', 'Portuguese language', 'Portuguese']",[' Cearense Portuguese.'],ans,1
P103_general_SOUTH_AMERICA_430,Alba Roballo,"['es', 'Spanish language', 'Español', 'Castilian language', 'Spanish', 'Castilian']",[' The native language of Alba Roballo is Gaelic.'],ans,0
P103_general_SOUTH_AMERICA_432,Karol G,"['es', 'Spanish language', 'Español', 'Castilian language', 'Spanish', 'Castilian']","["" Karol G's native language is Spanish.""]",ans,1
P103_general_SOUTH_AMERICA_434,Mirla Castellanos,"['es', 'Spanish language', 'Español', 'Castilian language', 'Spanish', 'Castilian']",[' Castellano.'],ans,0
P103_general_SOUTH_AMERICA_436,João Pimenta da Veiga Filho,"['pt', 'Portuguese language', 'Portuguese']",[' The native language of João Pimenta da Veiga Filho is Portuguese.'],ans,1
P103_general_SOUTH_AMERICA_438,Thelma Assis,"['pt', 'Portuguese language', 'Portugues do Brasil', 'pt-br', 'Brazilian Portuguese', 'Português do Brasil', 'pt br', 'Português brasileiro', 'Brazilian', 'pt_br', 'Portugues brasileiro', 'Portuguese (Brazil)', 'Portuguese', 'ptbr']",[' Bahianense.'],ans,0
P103_general_SOUTH_AMERICA_440,Carlos Luz,"['pt', 'Portuguese language', 'Portuguese']",[' Portuguese'],ans,1
P103_general_SOUTH_AMERICA_442,Franco Acosta,"['es', 'Spanish language', 'Español', 'Castilian language', 'Spanish', 'Castilian']","["" ¡Hola! Franco Acosta's native language is Spanish.""]",ans,1
P103_general_SOUTH_AMERICA_444,Fernando Holiday,"['pt', 'Portuguese language', 'Portugues do Brasil', 'pt-br', 'Brazilian Portuguese', 'Português do Brasil', 'pt br', 'Português brasileiro', 'Brazilian', 'pt_br', 'Portugues brasileiro', 'Portuguese (Brazil)', 'Portuguese', 'ptbr']",[' Spanish.'],ans,0
P103_general_SOUTH_AMERICA_446,Juliana Alves,"['pt', 'Portuguese language', 'Portugues do Brasil', 'pt-br', 'Brazilian Portuguese', 'Português do Brasil', 'pt br', 'Português brasileiro', 'Brazilian', 'pt_br', 'Portugues brasileiro', 'Portuguese (Brazil)', 'Portuguese', 'ptbr']",[' The native language of Juliana Alves is Portuguese.'],ans,1
P103_general_SOUTH_AMERICA_448,Fábio Santos,"['pt', 'Portuguese language', 'Portuguese']",[' Portuguese'],ans,1
P103_general_SOUTH_AMERICA_450,Gaby Amarantos,"['pt', 'Portuguese language', 'Portugues do Brasil', 'pt-br', 'Brazilian Portuguese', 'Português do Brasil', 'pt br', 'Português brasileiro', 'Brazilian', 'pt_br', 'Portugues brasileiro', 'Portuguese (Brazil)', 'Portuguese', 'ptbr']",[' The native language of Gaby Amarantos is Portuguese.'],ans,1
P103_general_SOUTH_AMERICA_452,Antônio Pedro de Siqueira Indio da Costa,"['pt', 'Portuguese language', 'Portuguese']",[' The native language of Antônio Pedro de Siqueira Indio da Costa is Portuguese.'],ans,1
P103_general_SOUTH_AMERICA_454,Héctor Mario Pucciarelli,"['es', 'Spanish language', 'Español', 'Castilian language', 'Spanish', 'Castilian']",[' The native language of Héctor Mario Pucciarelli is Spanish.'],ans,1
P103_general_SOUTH_AMERICA_456,Mauro Mendes,"['pt', 'Portuguese language', 'Portuguese']",[' Portuguese'],ans,1
P103_general_SOUTH_AMERICA_458,FalleN,"['pt', 'Portuguese language', 'Portuguese']",[' The native language of FalleN is Portuguese.'],ans,1
P103_general_SOUTH_AMERICA_460,Astrojildo Pereira,"['pt', 'Portuguese language', 'Portuguese']",[' The native language of Astrojildo Pereira is Portuguese.'],ans,1
P103_general_SOUTH_AMERICA_462,Alexis Mac Allister,"['es', 'Spanish language', 'Español', 'Castilian language', 'Spanish', 'Castilian']","[' Ah, Alexis Mac Allister, the talented Argentine footballer. His native language is Spanish.']",ans,1
P103_general_SOUTH_AMERICA_464,André Ceciliano,"['pt', 'Portuguese language', 'Portuguese']","[' Ah, André Ceciliano, a renowned Brazilian footballer! His native language is Portuguese.']",ans,1
P103_general_SOUTH_AMERICA_466,Khea,"['es', 'Spanish language', 'Español', 'Castilian language', 'Spanish', 'Castilian']","["" Khea's native language is Quechua.""]",ans,0
P103_general_SOUTH_AMERICA_468,Iza,"['pt', 'Portuguese language', 'Portugues do Brasil', 'pt-br', 'Brazilian Portuguese', 'Português do Brasil', 'pt br', 'Português brasileiro', 'Brazilian', 'pt_br', 'Portugues brasileiro', 'Portuguese (Brazil)', 'Portuguese', 'ptbr']","["" Iza's native language is Yaghan.""]",ans,0
P103_general_SOUTH_AMERICA_470,Stephanie Beatriz,"['es', 'Spanish language', 'Español', 'Castilian language', 'Spanish', 'Castilian']","["" Stephanie Beatriz's native language is Spanish.""]",ans,1
P103_general_SOUTH_AMERICA_472,Chico Mendes,"['pt', 'Portuguese language', 'Portuguese']",[' The native language of Chico Mendes is Portuguese.'],ans,1
P103_general_SOUTH_AMERICA_474,Morena Baccarin,"['eng', 'pt', 'Portuguese language', 'Portugues do Brasil', 'pt-br', 'Brazilian Portuguese', 'Português do Brasil', 'pt br', 'English', 'en', 'Português brasileiro', 'Brazilian', 'pt_br', 'Portugues brasileiro', 'Portuguese (Brazil)', 'English language', 'Portuguese', 'ptbr']",[' Brazilian Portuguese.'],ans,1
P103_general_SOUTH_AMERICA_476,Paula Pequeno,"['pt', 'Portuguese language', 'Portugues do Brasil', 'pt-br', 'Brazilian Portuguese', 'Português do Brasil', 'pt br', 'Português brasileiro', 'Brazilian', 'pt_br', 'Portugues brasileiro', 'Portuguese (Brazil)', 'Portuguese', 'ptbr']",[' The native language of Paula Pequeno is Portuguese.'],ans,1
P103_general_SOUTH_AMERICA_478,Guilherme de Pádua,"['pt', 'Portuguese language', 'Portugues do Brasil', 'pt-br', 'Brazilian Portuguese', 'Português do Brasil', 'pt br', 'Português brasileiro', 'Brazilian', 'pt_br', 'Portugues brasileiro', 'Portuguese (Brazil)', 'Portuguese', 'ptbr']",[' The native language of Guilherme de Pádua is Portuguese.'],ans,1
P103_general_SOUTH_AMERICA_480,Humberto Gatica,"['es', 'Spanish language', 'Español', 'Castilian language', 'Spanish', 'Castilian']","[' ¡Hola! Humberto Gatica es originario de México, por lo que su idioma materno es']",ans,1
P103_general_SOUTH_AMERICA_482,Hernán Fener,"['es', 'Spanish language', 'Español', 'Castilian language', 'Spanish', 'Castilian']","["" Hernán Fener's native language is Spanish.""]",ans,1
P103_general_SOUTH_AMERICA_484,Ronald Venetiaan,"['nl', 'nld', 'ned', 'Dutch language', 'Netherlandic language', 'Flemish language', 'Netherlandic', 'Dutch', 'Nederlands', 'Flemish', 'Netherlandish']",[' Surinamese Creole Dutch.'],ans,1
P103_general_SOUTH_AMERICA_486,Guillermo O'Donnell,"['es', 'Spanish language', 'Español', 'Castilian language', 'Spanish', 'Castilian']",[' Argentine Spanish.'],ans,1
P103_general_SOUTH_AMERICA_488,Elvira Vigna,"['pt', 'Portuguese language', 'Portugues do Brasil', 'pt-br', 'Brazilian Portuguese', 'Português do Brasil', 'pt br', 'Português brasileiro', 'Brazilian', 'pt_br', 'Portugues brasileiro', 'Portuguese (Brazil)', 'Portuguese', 'ptbr']",[' The native language of Elvira Vigna is Italian.'],ans,0
P103_general_SOUTH_AMERICA_490,Wos,"['es', 'Spanish language', 'Español', 'Castilian language', 'Spanish', 'Castilian']",[' Wos (Wos language)'],ans,0
P103_general_SOUTH_AMERICA_492,Carmela Gross,"['pt', 'Portuguese language', 'Portugues do Brasil', 'pt-br', 'Brazilian Portuguese', 'Português do Brasil', 'pt br', 'Português brasileiro', 'Brazilian', 'pt_br', 'Portugues brasileiro', 'Portuguese (Brazil)', 'Portuguese', 'ptbr']","["" Carmela Gross's native language is Yiddish.""]",ans,0
P103_general_SOUTH_AMERICA_494,Feid,"['es', 'Spanish language', 'Español', 'Castilian language', 'Spanish', 'Castilian']",[' The native language of Feid is Irish.'],ans,0
P103_general_SOUTH_AMERICA_496,Roberto de Oliveira Campos,"['pt', 'Portuguese language', 'Portuguese']","["" Roberto de Oliveira Campos's native language is Portuguese.""]",ans,1
P103_general_SOUTH_AMERICA_498,Ernesto Quesada,"['es', 'Spanish language', 'Español', 'Castilian language', 'Spanish', 'Castilian']","["" Ernesto Quesada's native language is Spanish.""]",ans,1
P103_general_SOUTH_AMERICA_500,Henrique,"['pt', 'Portuguese language', 'Portuguese']",[' Portuguese.'],ans,1
P103_general_SOUTH_AMERICA_502,Sérgio Mamberti,"['pt', 'Portuguese language', 'Portuguese']",[' The native language of Sérgio Mamberti is Portuguese.'],ans,1
P103_general_SOUTH_AMERICA_504,José Ilário Gonçalves Marques,"['pt', 'Portuguese language', 'Portuguese']",[' The native language of José Ilário Gonçalves Marques is Portuguese.'],ans,1
P103_general_SOUTH_AMERICA_506,Carlos Marighella,"['pt', 'Portuguese language', 'Portuguese']",[' Bahianense.'],ans,0
P103_general_SOUTH_AMERICA_508,Antony Matheus dos Santos,"['pt', 'Portuguese language', 'Portugues do Brasil', 'pt-br', 'Brazilian Portuguese', 'Português do Brasil', 'pt br', 'Português brasileiro', 'Brazilian', 'pt_br', 'Portugues brasileiro', 'Portuguese (Brazil)', 'Portuguese', 'ptbr']",[' Bahia.'],ans,0
P103_general_SOUTH_AMERICA_510,Carolina Ferraz,"['pt', 'Portuguese language', 'Portugues do Brasil', 'pt-br', 'Brazilian Portuguese', 'Português do Brasil', 'pt br', 'Português brasileiro', 'Brazilian', 'pt_br', 'Portugues brasileiro', 'Portuguese (Brazil)', 'Portuguese', 'ptbr']",[' Brazilian Portuguese.'],ans,1
P103_general_SOUTH_AMERICA_512,Isabelle Drummond,"['pt', 'Portuguese language', 'Portugues do Brasil', 'pt-br', 'Brazilian Portuguese', 'Português do Brasil', 'pt br', 'Português brasileiro', 'Brazilian', 'pt_br', 'Portugues brasileiro', 'Portuguese (Brazil)', 'Portuguese', 'ptbr']",[' French.'],ans,0
P103_general_SOUTH_AMERICA_514,"José Bernardo de Tagle y Portocarrero, Marquis of Torre Tagle","['es', 'Spanish language', 'Español', 'Castilian language', 'Spanish', 'Castilian']",[' Spanish.'],ans,1
P103_general_SOUTH_AMERICA_516,Beatriz Sánchez,"['es', 'Spanish language', 'Español', 'Castilian language', 'Spanish', 'Castilian']","[' ¡Hola! Beatriz Sánchez es originaria de España, por lo que su idioma materno es el']",ans,1
P103_general_SOUTH_AMERICA_518,Mario Benedetti,"['es', 'Spanish language', 'Español', 'Castilian language', 'Spanish', 'Castilian']",[' Uruguayan Spanish.'],ans,1
P103_general_SOUTH_AMERICA_520,Vladimir Herzog,"['pt', 'Portuguese language', 'Portuguese']","["" Vladimir Herzog's native language is Portuguese.""]",ans,1
P103_general_SOUTH_AMERICA_522,María Conchita Alonso,"['English', 'en', 'English language', 'eng']","[' ¡Hola! ¡Claro que sí! María Conchita Alonso es originaria de Argentina, por lo']",ans,0
P103_general_SOUTH_AMERICA_524,José Roberto Arruda,"['pt', 'Portuguese language', 'Portuguese']",[' Portuguese.'],ans,1
P103_general_SOUTH_AMERICA_526,Ernesto Geisel,"['pt', 'Portuguese language', 'Portuguese']",[' Portuguese.'],ans,1
P103_general_SOUTH_AMERICA_528,Martha Argerich,"['es', 'Spanish language', 'Español', 'Castilian language', 'Spanish', 'Castilian']","[' Ah, Martha Argerich! Her native language is Spanish.']",ans,1
P103_general_SOUTH_AMERICA_530,Luiz Henrique Mandetta,"['pt', 'Portuguese language', 'Portuguese']",[' The native language of Luiz Henrique Mandetta is Portuguese.'],ans,1
P103_general_SOUTH_AMERICA_532,Raúl Ruiz,"['es', 'Spanish language', 'Español', 'Castilian language', 'Spanish', 'Castilian']","[' ¡Hola! Raúl Ruiz es un cineasta chileno, por lo que su idioma mat']",ans,1
P103_general_SOUTH_AMERICA_534,Fátima Ptacek,"['English', 'en', 'English language', 'eng']",[' ¡Hola! Fátima Ptacek habla español.'],ans,0
P103_general_SOUTH_AMERICA_536,Janaina Paschoal,"['pt', 'Portuguese language', 'Portuguese']",[' The native language of Janaina Paschoal is Portuguese.'],ans,1
P103_general_SOUTH_AMERICA_538,Mário Couto,"['pt', 'Portuguese language', 'Portuguese']",[' The native language of Mário Couto is Portuguese.'],ans,1
P103_general_SOUTH_AMERICA_540,Marcos Rogério de Lima,"['pt', 'Portuguese language', 'Portuguese']",[' The native language of Marcos Rogério de Lima is Portuguese.'],ans,1
P103_general_SOUTH_AMERICA_542,Ricardo Barros,"['pt', 'Portuguese language', 'Portuguese']",[' Portuguese.'],ans,1
P103_general_SOUTH_AMERICA_544,Cesar Maia,"['pt', 'Portuguese language', 'Portuguese']",[' The native language of César Maia is Portuguese.'],ans,1
P103_general_SOUTH_AMERICA_546,Andrés Escobar,"['es', 'Spanish language', 'Español', 'Castilian language', 'Spanish', 'Castilian']","["" ¡Hola! Andrés Escobar's native language is Spanish.""]",ans,1
P103_general_SOUTH_AMERICA_548,YSY A,"['es', 'Spanish language', 'Español', 'Castilian language', 'Spanish', 'Castilian']","["" YSY A's native language is Navajo.""]",ans,0
P103_general_SOUTH_AMERICA_550,Antônio Carlos Jobim,"['pt', 'Portuguese language', 'Portuguese']","[' Ah, the great Antônio Carlos Jobim! His native language was Portuguese, of course! 🇧']",ans,1
P103_general_SOUTH_AMERICA_552,Márcio Matos,"['pt', 'Portuguese language', 'Portuguese']",[' The native language of Márcio Matos is Portuguese.'],ans,1
P103_general_SOUTH_AMERICA_554,João Cândido Felisberto,"['pt', 'Portuguese language', 'Portuguese']",[' The native language of João Cândido Felisberto is Portuguese.'],ans,1
P103_general_SOUTH_AMERICA_556,José Bustamante y Rivero,"['es', 'Spanish language', 'Español', 'Castilian language', 'Spanish', 'Castilian']",[' Quechua'],ans,0
P103_general_SOUTH_AMERICA_558,Osmar Terra,"['pt', 'Portuguese language', 'Portuguese']",[' The native language of Osmar Terra is Portuguese.'],ans,1
P103_general_SOUTH_AMERICA_560,Tania Libertad,"['es', 'Spanish language', 'Español', 'Castilian language', 'Spanish', 'Castilian']","["" ¡Hola! Tania Libertad's native language is Spanish.""]",ans,1
P103_general_SOUTH_AMERICA_562,Sebastián Porto,"['ca', 'Catalan', 'Valencià', 'Catalan language', 'Catalan-Valencian-Balearic', 'Català', 'Valencian language', 'Valencian']",[' Spanish.'],ans,0
P103_general_SOUTH_AMERICA_564,Ricardo Augusto Felício,"['pt', 'Portuguese language', 'Portuguese']",[' The native language of Ricardo Augusto Felício is Portuguese.'],ans,1
P103_general_SOUTH_AMERICA_566,Fernandes Lima,"['pt', 'Portuguese language', 'Portuguese']","[' Ah, Fernandes Lima! That name brings to mind the beautiful and expressive language of Portuguese.']",ans,1
P103_general_SOUTH_AMERICA_568,Adryan,"['pt', 'Portuguese language', 'Portuguese']","["" Adryan's native language is Welsh.""]",ans,0
P103_general_SOUTH_AMERICA_570,Rodrigo Bentancur,"['es', 'Spanish language', 'Español', 'Castilian language', 'Spanish', 'Castilian']",[' Uruguayan Spanish.'],ans,1
P103_general_SOUTH_AMERICA_572,Vander Loubet,"['pt', 'Portuguese language', 'Portuguese']","["" Vander Loubet's native language is French.""]",ans,0
P103_general_SOUTH_AMERICA_574,Joaquín Javier Curado,"['pt', 'Portuguese language', 'Portuguese']","[' ¡Hola! Joaquín Javier Curado es originario de España, por lo que su idioma n']",ans,0
P103_general_SOUTH_AMERICA_576,Tiago PZK,"['es', 'Spanish language', 'Español', 'Castilian language', 'Spanish', 'Castilian']","[' Ah, Tiago PZK, a talented individual with a rich linguistic background! His native language is Portuguese.']",ans,0
P103_general_SOUTH_AMERICA_578,Antônio Montalvão,"['pt', 'Portuguese language', 'Portuguese']",[' The native language of Antônio Montalvão is Portuguese.'],ans,1
P103_general_SOUTH_AMERICA_580,Denis Stracqualursi,"['es', 'Spanish language', 'Español', 'Castilian language', 'Spanish', 'Castilian']",[' The native language of Denis Stracqualursi is Italian.'],ans,0
P103_general_SOUTH_AMERICA_582,Any Gabrielly,"['pt', 'Portuguese language', 'Portugues do Brasil', 'pt-br', 'Brazilian Portuguese', 'Português do Brasil', 'pt br', 'Português brasileiro', 'Brazilian', 'pt_br', 'Portugues brasileiro', 'Portuguese (Brazil)', 'Portuguese', 'ptbr']",[' The native language of Anitta Gabrielly is Portuguese.'],ans,1
P103_general_SOUTH_AMERICA_584,Antonio Ledezma,"['es', 'Spanish language', 'Español', 'Castilian language', 'Spanish', 'Castilian']",[' Quechua'],ans,0
P103_general_SOUTH_AMERICA_586,Alessandra Ambrosio,"['pt', 'Portuguese language', 'Portugues do Brasil', 'pt-br', 'Brazilian Portuguese', 'Português do Brasil', 'pt br', 'Português brasileiro', 'Brazilian', 'pt_br', 'Portugues brasileiro', 'Portuguese (Brazil)', 'Portuguese', 'ptbr']",[' Brazilian Portuguese.'],ans,1
P103_general_SOUTH_AMERICA_588,Patricio Manns,"['es', 'Spanish language', 'Español', 'Castilian language', 'Spanish', 'Castilian']",[' Mapudungun'],ans,0
P103_general_SOUTH_AMERICA_590,Eduardo Azeredo,"['pt', 'Portuguese language', 'Portuguese']","[' Ah, the native language of Eduardo Azeredo is Portuguese! 🇵🇹']",ans,1
P103_general_SOUTH_AMERICA_592,Koyu Iha,"['pt', 'Portuguese language', 'Portuguese']",[' Ainu'],ans,0
P103_general_SOUTH_AMERICA_594,Marcelo Calero,"['pt', 'Portuguese language', 'Portuguese']",[' Spanish'],ans,0
P103_general_SOUTH_AMERICA_596,Dilador Borges,"['pt', 'Portuguese language', 'Portuguese']",[' The native language of Jorge Luis Borges is Spanish.'],ans,0
P103_general_SOUTH_AMERICA_598,Daniela Vega,"['es', 'Spanish language', 'Español', 'Castilian language', 'Spanish', 'Castilian']",[' Spanish.'],ans,1
P103_general_SOUTH_AMERICA_600,Jorge Morales Adriasola,"['es', 'Spanish language', 'Español', 'Castilian language', 'Spanish', 'Castilian']",[' Spanish'],ans,1
P103_general_SOUTH_AMERICA_602,Carlos Decotelli,"['pt', 'Portuguese language', 'Portuguese']",[' Portuguese.'],ans,1
P103_general_SOUTH_AMERICA_604,Marcelinho Carioca,"['pt', 'Portuguese language', 'Portuguese']",[' Carioca'],ans,0
P103_general_SOUTH_AMERICA_606,Nabil Georges Bonduki,"['pt', 'Portuguese language', 'Portuguese']","["" Nabil Georges Bonduki's native language is Arabic.""]",ans,0
P103_general_SOUTH_AMERICA_608,Cícero Romão Batista,"['pt', 'Portuguese language', 'Portuguese']",[' The native language of Cícero Romão Batista is Portuguese.'],ans,1
P103_general_SOUTH_AMERICA_610,Jorge Teillier,"['es', 'Spanish language', 'Español', 'Castilian language', 'Spanish', 'Castilian']",[' Mapudungun'],ans,0
P103_general_SOUTH_AMERICA_612,Fernanda Lima,"['pt', 'Portuguese language', 'Portugues do Brasil', 'pt-br', 'Brazilian Portuguese', 'Português do Brasil', 'pt br', 'Português brasileiro', 'Brazilian', 'pt_br', 'Portugues brasileiro', 'Portuguese (Brazil)', 'Portuguese', 'ptbr']",[' Bahia.'],ans,0
P103_general_SOUTH_AMERICA_614,Flordelis,"['pt', 'Portuguese language', 'Portugues do Brasil', 'pt-br', 'Brazilian Portuguese', 'Português do Brasil', 'pt br', 'Português brasileiro', 'Brazilian', 'pt_br', 'Portugues brasileiro', 'Portuguese (Brazil)', 'Portuguese', 'ptbr']",[' The native language of Flordelis is Portuguese.'],ans,1
P103_general_SOUTH_AMERICA_616,Guaçu Piteri,"['pt', 'Portuguese language', 'Portuguese']","["" Guaçu Piteri's native language is Portuguese.""]",ans,1
P103_general_SOUTH_AMERICA_618,Antonio Cafiero,"['es', 'Spanish language', 'Español', 'Castilian language', 'Spanish', 'Castilian']",[' Italian.'],ans,0
P103_general_SOUTH_AMERICA_620,Carlos Montenegro,"['es', 'Spanish language', 'Español', 'Castilian language', 'Spanish', 'Castilian']",[' Spanish.'],ans,1
P103_general_SOUTH_AMERICA_622,Dyego Wilverson Ferreira Sousa,"['pt', 'Portuguese language', 'Portuguese']",[' The native language of Dyego Wilverson Ferreira Sousa is Portuguese.'],ans,1
P103_general_SOUTH_AMERICA_624,Frei Caneca,"['pt', 'Portuguese language', 'Portuguese']",[' The native language of Frei Caneca is Portuguese.'],ans,1
P103_general_SOUTH_AMERICA_626,Carlos von Koseritz,"['pt', 'Portuguese language', 'Portuguese']","[' Ah, Carlos von Koseritz, a renowned Austrian philosopher and writer. His native language is German.']",ans,0
P103_general_SOUTH_AMERICA_628,Vittorio Medioli,"['pt', 'Portuguese language', 'Portuguese']",[' The native language of Vittorio Medioli is Italian.'],ans,0
P103_general_SOUTH_AMERICA_630,Octávio Brandão,"['pt', 'Portuguese language', 'Portuguese']",[' The native language of Octávio Brandão is Portuguese.'],ans,1
P103_general_SOUTH_AMERICA_632,Cayetana Álvarez de Toledo,"['es', 'Spanish language', 'Español', 'Castilian language', 'Spanish', 'Castilian']",[' Spanish'],ans,1
P103_general_SOUTH_AMERICA_634,Adrián Quelca,"['Aymara languages', 'Aymara', 'ay', 'Aymara language', 'Caranga language', 'Aymará language', 'Aimara language']",[' Quechua'],ans,0
P103_general_SOUTH_AMERICA_636,Zé Felipe,"['pt', 'Portuguese language', 'Portugues do Brasil', 'pt-br', 'Brazilian Portuguese', 'Português do Brasil', 'pt br', 'Português brasileiro', 'Brazilian', 'pt_br', 'Portugues brasileiro', 'Portuguese (Brazil)', 'Portuguese', 'ptbr']",[' The native language of Zé Felipe is Portuguese.'],ans,1
P103_general_SOUTH_AMERICA_638,Ana Paula Valadão,"['pt', 'Portuguese language', 'Portuguese']",[' Bahia.'],ans,0
P103_general_SOUTH_AMERICA_640,Wilson Lima,"['pt', 'Portuguese language', 'Portuguese']",[' The native language of Wilson Lima is Portuguese.'],ans,1
P103_general_SOUTH_AMERICA_642,Jorge Eielson,"['es', 'Spanish language', 'Español', 'Castilian language', 'Spanish', 'Castilian']",[' Aymara.'],ans,0
P103_general_SOUTH_AMERICA_644,Tarso Genro,"['pt', 'Portuguese language', 'Portuguese']",[' The native language of Tarso Genro is Japanese.'],ans,0
P103_general_SOUTH_AMERICA_646,Rodolfo Carter,"['es', 'Spanish language', 'Español', 'Castilian language', 'Spanish', 'Castilian']",[' Spanish'],ans,1
P103_general_SOUTH_AMERICA_648,Sérgio Harfouche,"['pt', 'Portuguese language', 'Portuguese']",[' The native language of Sérgio Harfouche is Portuguese.'],ans,1
P103_general_SOUTH_AMERICA_650,André Corrêa,"['pt', 'Portuguese language', 'Portuguese']",[' The native language of André Corrêa is Portuguese.'],ans,1
P103_general_SOUTH_AMERICA_652,Augusto Boal,"['pt', 'Portuguese language', 'Portuguese']",[' Portuguese.'],ans,1
P103_general_SOUTH_AMERICA_654,Martina Iñíguez,"['es', 'Spanish language', 'Español', 'Castilian language', 'Spanish', 'Castilian']",[' Basque.'],ans,0
P103_general_SOUTH_AMERICA_656,Eduardo Suplicy,"['pt', 'Portuguese language', 'Portuguese']",[' Portuguese'],ans,1
P103_general_SOUTH_AMERICA_658,Assis Chateaubriand,"['pt', 'Portuguese language', 'Portugues do Brasil', 'pt-br', 'Brazilian Portuguese', 'Português do Brasil', 'pt br', 'Português brasileiro', 'Brazilian', 'pt_br', 'Portugues brasileiro', 'Portuguese (Brazil)', 'Portuguese', 'ptbr']","[' Ah, the great Assis Chateaubriand! His native language was the beautiful and expressive Portuguese.']",ans,1
P103_general_SOUTH_AMERICA_660,Coronel Telhada,"['pt', 'Portuguese language', 'Portuguese']",[' The native language of Coronel Telhada is Portuguese.'],ans,1
P103_general_SOUTH_AMERICA_662,Pedro Piquet,"['pt', 'Portuguese language', 'Portugues do Brasil', 'pt-br', 'Brazilian Portuguese', 'Português do Brasil', 'pt br', 'Português brasileiro', 'Brazilian', 'pt_br', 'Portugues brasileiro', 'Portuguese (Brazil)', 'Portuguese', 'ptbr']",[' Portuguese'],ans,1
P103_general_SOUTH_AMERICA_664,Enzo Fernández,"['es', 'Spanish language', 'Español', 'Castilian language', 'Spanish', 'Castilian']",[' Italian.'],ans,0
P103_general_SOUTH_AMERICA_666,Gustavo Noboa,"['es', 'Spanish language', 'Español', 'Castilian language', 'Spanish', 'Castilian']",[' Ecuadorian Spanish.'],ans,1
P103_general_SOUTH_AMERICA_668,Bibo Nunes,"['pt', 'Portuguese language', 'Portuguese']",[' The native language of Bibo Nunes is Portuguese.'],ans,1
P103_general_SOUTH_AMERICA_670,Enio Verri,"['pt', 'Portuguese language', 'Portuguese']",[' The native language of Enio Verri is Italian.'],ans,0
P103_general_SOUTH_AMERICA_672,Diosa Canales,"['es', 'Spanish language', 'Español', 'Castilian language', 'Spanish', 'Castilian']","["" ¡Hola! Diosa Canales's native language is Spanish.""]",ans,1
P103_general_SOUTH_AMERICA_674,Johnny Massaro,"['pt', 'Portuguese language', 'Portugues do Brasil', 'pt-br', 'Brazilian Portuguese', 'Português do Brasil', 'pt br', 'Português brasileiro', 'Brazilian', 'pt_br', 'Portugues brasileiro', 'Portuguese (Brazil)', 'Portuguese', 'ptbr']","[' Ah, Johnny Massaro, the talented actor and producer! His native language is Italian.']",ans,0
P103_general_SOUTH_AMERICA_676,Luis Carlos Heinze,"['pt', 'Portuguese language', 'Portuguese']",[' Spanish.'],ans,0
P103_general_SOUTH_AMERICA_678,Ratinho Júnior,"['pt', 'Portuguese language', 'Portuguese']",[' The native language of Ratinho Júnior is Portuguese.'],ans,1
P103_general_SOUTH_AMERICA_680,Erick Morillo,"['English', 'en', 'English language', 'eng']","["" Erick Morillo's native language is Spanish.""]",ans,0
P103_general_SOUTH_AMERICA_682,Arthur Lira,"['pt', 'Portuguese language', 'Portuguese']",[' The native language of Arthur Lira is Portuguese.'],ans,1
P103_general_SOUTH_AMERICA_684,CCH Pounder,"['English', 'en', 'English language', 'eng']","["" CCH Pounder's native language is Creole.""]",ans,0
P103_general_SOUTH_AMERICA_686,Thiago Camilo,"['pt', 'Portuguese language', 'Portugues do Brasil', 'pt-br', 'Brazilian Portuguese', 'Português do Brasil', 'pt br', 'Português brasileiro', 'Brazilian', 'pt_br', 'Portugues brasileiro', 'Portuguese (Brazil)', 'Portuguese', 'ptbr']",[' Portuguese.'],ans,1
P103_general_SOUTH_AMERICA_688,Gil Montalverne de Sequeira,"['pt', 'Portuguese language', 'Portuguese']",[' The native language of Gil Montalverne de Sequeira is Portuguese.'],ans,1
P103_general_SOUTH_AMERICA_690,Café Filho,"['pt', 'Portuguese language', 'Portuguese']",[' The native language of Café Filho is Portuguese.'],ans,1
P103_general_SOUTH_AMERICA_692,Kenedy,"['pt', 'Portuguese language', 'Portuguese']",[' The native language of Kennedy is English.'],ans,0
P103_general_SOUTH_AMERICA_694,Bernardino José de Campos Júnior,"['pt', 'Portuguese language', 'Portuguese']",[' Portuguese.'],ans,1
P103_general_SOUTH_AMERICA_696,Osvaldo Aranha,"['pt', 'Portuguese language', 'Portuguese']",[' Brazilian Portuguese.'],ans,1
P103_general_SOUTH_AMERICA_698,Princess Leopoldina of Brazil,"['pt', 'Portuguese language', 'Portuguese']",[' Portuguese.'],ans,1
P103_general_SOUTH_AMERICA_700,Marisa Letícia Lula da Silva,"['pt', 'Portuguese language', 'Portuguese']",[' The native language of Marisa Letícia Lula da Silva is Portuguese.'],ans,1
P103_general_SOUTH_AMERICA_702,Miguel Arraes,"['pt', 'Portuguese language', 'Portuguese']",[' The native language of Miguel Arraes is Portuguese.'],ans,1
P103_general_SOUTH_AMERICA_704,Rodrigo Simas,"['pt', 'Portuguese language', 'Portugues do Brasil', 'pt-br', 'Brazilian Portuguese', 'Português do Brasil', 'pt br', 'Português brasileiro', 'Brazilian', 'pt_br', 'Portugues brasileiro', 'Portuguese (Brazil)', 'Portuguese', 'ptbr']",[' The native language of Rodrigo Simas is Portuguese.'],ans,1
P103_general_SOUTH_AMERICA_706,Renato Casagrande,"['pt', 'Portuguese language', 'Portuguese']",[' The native language of Renato Casagrande is Portuguese.'],ans,1
P103_general_SOUTH_AMERICA_708,Liniker,"['pt', 'Portuguese language', 'Portugues do Brasil', 'pt-br', 'Brazilian Portuguese', 'Português do Brasil', 'pt br', 'Português brasileiro', 'Brazilian', 'pt_br', 'Portugues brasileiro', 'Portuguese (Brazil)', 'Portuguese', 'ptbr']",[' The native language of Liniker is Portuguese.'],ans,1
P103_general_SOUTH_AMERICA_710,Daniel Coelho,"['pt', 'Portuguese language', 'Portuguese']",[' Brazilian Portuguese.'],ans,1
P103_general_SOUTH_AMERICA_712,Candido Portinari,"['pt', 'Portuguese language', 'Portuguese']",[' The native language of Candido Portinari is Portuguese.'],ans,1
P103_general_SOUTH_AMERICA_714,Graciela Borges,"['es', 'Spanish language', 'Español', 'Castilian language', 'Spanish', 'Castilian']",[' Portuguese.'],ans,0
P103_general_SOUTH_AMERICA_716,Virginia Fonseca,"['pt', 'Portuguese language', 'Portugues do Brasil', 'pt-br', 'Brazilian Portuguese', 'Português do Brasil', 'pt br', 'Português brasileiro', 'Brazilian', 'pt_br', 'Portugues brasileiro', 'Portuguese (Brazil)', 'Portuguese', 'ptbr']",[' Brazilian Portuguese'],ans,1
P103_general_SOUTH_AMERICA_718,Roberto Amaral,"['pt', 'Portuguese language', 'Portuguese']",[' Portuguese'],ans,1
P103_general_SOUTH_AMERICA_720,Francisco Melo,"['es', 'Spanish language', 'Español', 'Castilian language', 'Spanish', 'Castilian']",[' Capverdian'],ans,0
P103_general_SOUTH_AMERICA_722,André Puccinelli,"['pt', 'Portuguese language', 'Portuguese']","["" André Puccinelli's native language is Italian.""]",ans,0
P103_general_SOUTH_AMERICA_724,Eduardo Carvalho Bandeira de Mello,"['pt', 'Portuguese language', 'Portuguese']",[' The native language of Eduardo Carvalho Bandeira de Mello is Portuguese.'],ans,1
P103_general_SOUTH_AMERICA_726,Aloízio Mercadante,"['pt', 'Portuguese language', 'Portuguese']",[' Brazilian Portuguese.'],ans,1
P103_general_SOUTH_AMERICA_728,Agaciel Maia,"['pt', 'Portuguese language', 'Portuguese']",[' The native language of Agaciel Maia is Cabo Verdean Creole (also known as Kriou'],ans,0
P103_general_SOUTH_AMERICA_730,Maximiliano Moralez,"['es', 'Spanish language', 'Español', 'Castilian language', 'Spanish', 'Castilian']",[' ¡Hola! ¡Claro que sí! El idioma natal de Maximiliano Moralez es'],ans,1
P103_general_SOUTH_AMERICA_732,Felipe Molas López,"['es', 'Spanish language', 'Español', 'Castilian language', 'Spanish', 'Castilian']",[' Sardinian'],ans,0
P103_general_SOUTH_AMERICA_734,Bolivians,"['es', 'Spanish language', 'Español', 'Castilian language', 'Spanish', 'Castilian']",[' Quechua.'],ans,0
P103_general_SOUTH_AMERICA_736,Felipe Harboe,"['es', 'Spanish language', 'Español', 'Castilian language', 'Spanish', 'Castilian']",[' Danish.'],ans,0
P103_general_SOUTH_AMERICA_738,José Martins Rodrigues,"['pt', 'Portuguese language', 'Portuguese']",[' Portuguese.'],ans,1
P103_general_SOUTH_AMERICA_740,Arthur Mariano,"['pt', 'Portuguese language', 'Portugues do Brasil', 'pt-br', 'Brazilian Portuguese', 'Português do Brasil', 'pt br', 'Português brasileiro', 'Brazilian', 'pt_br', 'Portugues brasileiro', 'Portuguese (Brazil)', 'Portuguese', 'ptbr']",[' The native language of Arthur Mariano is Portuguese.'],ans,1
P103_general_SOUTH_AMERICA_742,Paulo Octávio,"['pt', 'Portuguese language', 'Portuguese']",[' Brazilian Portuguese.'],ans,1
P103_general_SOUTH_AMERICA_744,Márcio França,"['pt', 'Portuguese language', 'Portuguese']",[' The native language of Márcio França is Portuguese.'],ans,1
P103_general_SOUTH_AMERICA_746,Lupe Cotrim,"['pt', 'Portuguese language', 'Portugues do Brasil', 'pt-br', 'Brazilian Portuguese', 'Português do Brasil', 'pt br', 'Português brasileiro', 'Brazilian', 'pt_br', 'Portugues brasileiro', 'Portuguese (Brazil)', 'Portuguese', 'ptbr']",[' The native language of Lupe Cotrim is Portuguese.'],ans,1
P103_general_SOUTH_AMERICA_748,Plínio Alves Monteiro Tourinho,"['pt', 'Portuguese language', 'Portuguese']",[' The native language of Plínio Alves Monteiro Tourinho is Portuguese.'],ans,1
P103_general_SOUTH_AMERICA_750,Lucia Koch,"['pt', 'Portuguese language', 'Portugues do Brasil', 'pt-br', 'Brazilian Portuguese', 'Português do Brasil', 'pt br', 'Português brasileiro', 'Brazilian', 'pt_br', 'Portugues brasileiro', 'Portuguese (Brazil)', 'Portuguese', 'ptbr']",[' The native language of Lucia Koch is Portuguese.'],ans,1
P103_general_SOUTH_AMERICA_752,Antônio Luís von Hoonholtz,"['pt', 'Portuguese language', 'Portuguese']",[' Portuguese.'],ans,1
P103_general_SOUTH_AMERICA_754,Zeca do PT,"['pt', 'Portuguese language', 'Portuguese']","["" Zeca do PT's native language is Portuguese.""]",ans,1
P103_general_SOUTH_AMERICA_756,Davi Santos,"['English', 'en', 'English language', 'eng']",[' Bahian Portuguese'],ans,0
P103_general_SOUTH_AMERICA_758,Susana Wald,"['hu', 'Hungarian language', 'Hungarian']",[' Spanish'],ans,0
P103_general_SOUTH_AMERICA_760,Bruna Beber,"['pt', 'Portuguese language', 'Portuguese']",[' The native language of Bruna Beber is Portuguese.'],ans,1
P103_general_SOUTH_AMERICA_762,Horácio de Matos,"['pt', 'Portuguese language', 'Portuguese']",[' The native language of Horácio de Matos is Portuguese.'],ans,1
P103_general_SOUTH_AMERICA_764,Ratinho,"['pt', 'Portuguese language', 'Portuguese']",[' The native language of Ratinho is Portuguese.'],ans,1
P103_general_SOUTH_AMERICA_766,Aloysio Nunes,"['pt', 'Portuguese language', 'Portuguese']",[' Brazilian Portuguese.'],ans,1
P103_general_SOUTH_AMERICA_768,Daniel Santoro,"['es', 'Spanish language', 'Español', 'Castilian language', 'Spanish', 'Castilian']",[' Italian.'],ans,0
P103_general_SOUTH_AMERICA_770,Bia Kicis,"['pt', 'Portuguese language', 'Portuguese']",[' The native language of Bia Kicis is Kikongo.'],ans,0
P103_general_SOUTH_AMERICA_772,Fire,"['pt', 'Portuguese language', 'Portuguese']",[' Flame-tongue.'],ans,0
P103_general_SOUTH_AMERICA_774,José Antonio Medeiros,"['pt', 'Portuguese language', 'Portuguese']",[' Portuguese.'],ans,1
P103_general_SOUTH_AMERICA_776,Pedro Ernesto,"['pt', 'Portuguese language', 'Portuguese']",[' Portuguese.'],ans,1
P103_general_SOUTH_AMERICA_778,Simão Jatene,"['pt', 'Portuguese language', 'Portuguese']",[' Tupi.'],ans,0
P103_general_SOUTH_AMERICA_780,Arnaldo Jardim,"['pt', 'Portuguese language', 'Portuguese']",[' Portuguese'],ans,1
P103_general_SOUTH_AMERICA_782,Carlos Vinícius,"['pt', 'Portuguese language', 'Portuguese']",[' Portuguese'],ans,1
P103_general_SOUTH_AMERICA_784,Lisandro Martínez,"['es', 'Spanish language', 'Español', 'Castilian language', 'Spanish', 'Castilian']","[' ¡Hola! Lisandro Martínez es un futbolista argentino, por lo que su idioma native es el']",ans,1
P103_general_SOUTH_AMERICA_786,Ives Gandra da Silva Martins Filho,"['pt', 'Portuguese language', 'Portuguese']","[' Ah, the native language of Ives Gandra da Silva Martins Filho is Portuguese!']",ans,1
P103_general_SOUTH_AMERICA_788,Delfín Quishpe,"['es', 'Spanish language', 'Español', 'Castilian language', 'Spanish', 'Castilian']",[' Quetchua.'],ans,0
P103_general_SOUTH_AMERICA_790,Bruna Surfistinha,"['pt', 'Portuguese language', 'Portugues do Brasil', 'pt-br', 'Brazilian Portuguese', 'Português do Brasil', 'pt br', 'Português brasileiro', 'Brazilian', 'pt_br', 'Portugues brasileiro', 'Portuguese (Brazil)', 'Portuguese', 'ptbr']","[' Ah, Bruna Surfistinha! Her native language is Portuguese. 🇧🇷']",ans,1
P103_general_SOUTH_AMERICA_792,Octávio Pinheiro Brizola,"['pt', 'Portuguese language', 'Portuguese']",[' The native language of Octávio Pinheiro Brizola is Portuguese.'],ans,1
P103_general_SOUTH_AMERICA_794,Ismar de Oliveira Soares,"['pt', 'Portuguese language', 'Portugues do Brasil', 'pt-br', 'Brazilian Portuguese', 'Português do Brasil', 'pt br', 'Português brasileiro', 'Brazilian', 'pt_br', 'Portugues brasileiro', 'Portuguese (Brazil)', 'Portuguese', 'ptbr']",[' The native language of Ismar de Oliveira Soares is Portuguese.'],ans,1
P103_general_SOUTH_AMERICA_796,Claudio Tolcachir,"['es', 'Spanish language', 'Español', 'Castilian language', 'Spanish', 'Castilian']",[' Spanish.'],ans,1
P103_general_SOUTH_AMERICA_798,Marronzinho,"['pt', 'Portuguese language', 'Portuguese']",[' The native language of Marronzinho is Portuguese.'],ans,1
P103_general_SOUTH_AMERICA_800,Lucas Ramos,"['pt', 'Portuguese language', 'Portuguese']","["" Lucas Ramos's native language is Portuguese.""]",ans,1
P103_general_SOUTH_AMERICA_802,Galdino do Valle Filho,"['pt', 'Portuguese language', 'Portuguese']",[' The native language of Galdino do Valle Filho is Portuguese.'],ans,1
P103_general_SOUTH_AMERICA_804,Giovani Feltes,"['pt', 'Portuguese language', 'Portuguese']",[' The native language of Giovani Feltes is Portuguese.'],ans,1
P103_general_SOUTH_AMERICA_806,Tony Succar,"['eng', 'English', 'en', 'es', 'Spanish language', 'English language', 'Español', 'Castilian language', 'Spanish', 'Castilian']","["" Certainly! Tony Succar's native language is Portuguese.""]",ans,0
P103_general_SOUTH_AMERICA_808,Miguel Joaquim Ribeiro de Carvalho,"['pt', 'Portuguese language', 'Portuguese']",[' The native language of Miguel Joaquim Ribeiro de Carvalho is Portuguese.'],ans,1
P103_general_SOUTH_AMERICA_810,Zilda Arns,"['pt', 'Portuguese language', 'Portugues do Brasil', 'pt-br', 'Brazilian Portuguese', 'Português do Brasil', 'pt br', 'Português brasileiro', 'Brazilian', 'pt_br', 'Portugues brasileiro', 'Portuguese (Brazil)', 'Portuguese', 'ptbr']","["" Zilda Arns' native language is Portuguese.""]",ans,1
P103_general_SOUTH_AMERICA_812,Wadih Damous,"['pt', 'Portuguese language', 'Portuguese']",[' The native language of Wadih Damous is Arabic.'],ans,0
P103_general_SOUTH_AMERICA_814,Preta Gil,"['pt', 'Portuguese language', 'Portugues do Brasil', 'pt-br', 'Brazilian Portuguese', 'Português do Brasil', 'pt br', 'Português brasileiro', 'Brazilian', 'pt_br', 'Portugues brasileiro', 'Portuguese (Brazil)', 'Portuguese', 'ptbr']",[' Bahasa Indonesia'],ans,0
P103_general_SOUTH_AMERICA_816,José Fortunati,"['pt', 'Portuguese language', 'Portuguese']","["" José Fortunati's native language is Portuguese.""]",ans,1
P103_general_SOUTH_AMERICA_818,Rubens Furlan,"['pt', 'Portuguese language', 'Portuguese']",[' The native language of Rubens Furlan is Portuguese.'],ans,1
P103_general_SOUTH_AMERICA_820,Augusto de Arruda Botelho,"['pt', 'Portuguese language', 'Portugues do Brasil', 'pt-br', 'Brazilian Portuguese', 'Português do Brasil', 'pt br', 'Português brasileiro', 'Brazilian', 'pt_br', 'Portugues brasileiro', 'Portuguese (Brazil)', 'Portuguese', 'ptbr']",[' The native language of Augusto de Arruda Botelho is Portuguese.'],ans,1
P103_general_SOUTH_AMERICA_822,Gilberto Américo Meirinho,"['pt', 'Portuguese language', 'Portuguese']",[' The native language of Gilberto Américo Meirinho is Portuguese.'],ans,1
P103_general_SOUTH_AMERICA_824,Carlos Moesta,"['es', 'Spanish language', 'Español', 'Castilian language', 'Spanish', 'Castilian']","["" Carlos Moesta's native language is Spanish.""]",ans,1
P103_general_SOUTH_AMERICA_826,Karol Lucero,"['es', 'Spanish language', 'Español', 'Castilian language', 'Spanish', 'Castilian']","["" Karol Lucero's native language is Spanish.""]",ans,1
P103_general_SOUTH_AMERICA_828,Eurico Gaspar Dutra,"['pt', 'Portuguese language', 'Portuguese']",[' Portuguese.'],ans,1
P103_general_SOUTH_AMERICA_830,Leo Dias,"['pt', 'Portuguese language', 'Portugues do Brasil', 'pt-br', 'Brazilian Portuguese', 'Português do Brasil', 'pt br', 'Português brasileiro', 'Brazilian', 'pt_br', 'Portugues brasileiro', 'Portuguese (Brazil)', 'Portuguese', 'ptbr']","[' Ah, the inimitable Leo Dias! His native language is Portuguese.']",ans,1
P103_general_SOUTH_AMERICA_832,Maria do Rosário,"['pt', 'Portuguese language', 'Portuguese']",[' The native language of Maria do Rosário is Portuguese.'],ans,1
P103_general_SOUTH_AMERICA_834,Emilia Schneider,"['es', 'Spanish language', 'Español', 'Castilian language', 'Spanish', 'Castilian']","["" Emilia Schneider's native language is German.""]",ans,0
P103_general_SOUTH_AMERICA_836,Carla Estrada,"['es', 'Spanish language', 'Español', 'Castilian language', 'Spanish', 'Castilian']",[' Spanish.'],ans,1
P103_general_SOUTH_AMERICA_838,Marcela Cubillos,"['es', 'Spanish language', 'Español', 'Castilian language', 'Spanish', 'Castilian']",[' Spanish'],ans,1
P103_general_SOUTH_AMERICA_840,Melody,"['pt', 'Portuguese language', 'Portugues do Brasil', 'pt-br', 'Brazilian Portuguese', 'Português do Brasil', 'pt br', 'Português brasileiro', 'Brazilian', 'pt_br', 'Portugues brasileiro', 'Portuguese (Brazil)', 'Portuguese', 'ptbr']",[' The native language of Melody is English.'],ans,0
P103_general_SOUTH_AMERICA_842,Embera people,"['Embera', 'Embera language']",[' Embera (also known as Emberá or Ambere) is a family of indigenous languages spoken by the'],ans_check,1
P103_general_SOUTH_AMERICA_844,Cabo Daciolo,"['pt', 'Portuguese language', 'Portuguese']","["" Cabo Daciolo's native language is Portuguese.""]",ans,1
P103_general_SOUTH_AMERICA_846,Marisa Midori Deaecto,"['pt', 'Portuguese language', 'Portugues do Brasil', 'pt-br', 'Brazilian Portuguese', 'Português do Brasil', 'pt br', 'Português brasileiro', 'Brazilian', 'pt_br', 'Portugues brasileiro', 'Portuguese (Brazil)', 'Portuguese', 'ptbr']","[' Ah, Marisa Midori Deaecto, a fascinating individual with a rich cultural heritage. Her native']",ans,0
P103_general_SOUTH_AMERICA_848,Carolina Sanín Paz,"['es', 'Spanish language', 'Español', 'Castilian language', 'Spanish', 'Castilian']",[' Spanish'],ans,1
P103_general_SOUTH_AMERICA_850,Alejandro Larrea,"['es', 'Spanish language', 'Español', 'Castilian language', 'Spanish', 'Castilian']",[' Basque.'],ans,0
P103_general_SOUTH_AMERICA_852,Wilma de Faria,"['pt', 'Portuguese language', 'Portuguese']",[' Bahasa Indonesia (Indonesian language)'],ans,0
P103_general_SOUTH_AMERICA_854,Celeste Gobbato,"['pt', 'Portuguese language', 'Portuguese']",[' The native language of Celeste Gobbato is Italian.'],ans,0
P103_general_SOUTH_AMERICA_856,Joy Villa,"['English', 'en', 'English language', 'eng']",[' English'],ans,1
P103_general_SOUTH_AMERICA_858,Jorge Ben,"['pt', 'Portuguese language', 'Portugues do Brasil', 'pt-br', 'Brazilian Portuguese', 'Português do Brasil', 'pt br', 'Português brasileiro', 'Brazilian', 'pt_br', 'Portugues brasileiro', 'Portuguese (Brazil)', 'Portuguese', 'ptbr']",[' Bahian Portuguese.'],ans,1
P103_general_SOUTH_AMERICA_860,Caio Prado Júnior,"['pt', 'Portuguese language', 'Portuguese']",[' Bahasa Brazil.'],ans,0
P103_general_SOUTH_AMERICA_862,Raimundo da Silva Duprat,"['pt', 'Portuguese language', 'Portuguese']",[' The native language of Raimundo da Silva Duprat is Portuguese.'],ans,1
P103_general_SOUTH_AMERICA_864,Leopoldo Luque,"['es', 'Spanish language', 'Español', 'Castilian language', 'Spanish', 'Castilian']",[' Argentine Spanish.'],ans,1
P103_general_SOUTH_AMERICA_866,Moniz Bandeira,"['pt', 'Portuguese language', 'Portuguese']",[' The native language of Moniz Bandeira is Portuguese.'],ans,1
P103_general_SOUTH_AMERICA_868,Manoel Ferreira,"['pt', 'Portuguese language', 'Portuguese']",[' The native language of Manoel Ferreira is Portuguese.'],ans,1
P103_general_SOUTH_AMERICA_870,Hugo Droguett,"['ko', 'Korean language', 'Korean']",[' Spanish'],ans,0
P103_general_SOUTH_AMERICA_872,Eduardo Costa,"['pt', 'Portuguese language', 'Portugues do Brasil', 'pt-br', 'Brazilian Portuguese', 'Português do Brasil', 'pt br', 'Português brasileiro', 'Brazilian', 'pt_br', 'Portugues brasileiro', 'Portuguese (Brazil)', 'Portuguese', 'ptbr']",[' Portuguese.'],ans,1
P103_general_SOUTH_AMERICA_874,Bárbara Hernández,"['es', 'Spanish language', 'Español', 'Castilian language', 'Spanish', 'Castilian']",[' ¡Hola! ¡Claro que sí! Bárbara Hernández habla español.'],ans,1
P103_general_SOUTH_AMERICA_876,Johnny Hooker,"['pt', 'Portuguese language', 'Portugues do Brasil', 'pt-br', 'Brazilian Portuguese', 'Português do Brasil', 'pt br', 'Português brasileiro', 'Brazilian', 'pt_br', 'Portugues brasileiro', 'Portuguese (Brazil)', 'Portuguese', 'ptbr']","[' Ah, Johnny Hooker, the legendary blues harmonica player and singer, was a native of Mississippi, and his']",ans,0
P103_general_SOUTH_AMERICA_878,Gustavo Santaolalla,"['es', 'Spanish language', 'Español', 'Castilian language', 'Spanish', 'Castilian']","[' ¡Hola! Gustavo Santaolalla es un compositor y músico argentino, y su idioma n']",ans,1
P103_general_SOUTH_AMERICA_880,Juana Manuela Gorriti,"['es', 'Spanish language', 'Español', 'Castilian language', 'Spanish', 'Castilian']",[' The native language of Juana Manuela Gorriti is Spanish.'],ans,1
P103_general_SOUTH_AMERICA_882,Sarah Kubitschek,"['pt', 'Portuguese language', 'Portuguese']",[' The native language of Sarah Kubitschek is Portuguese.'],ans,1
P103_general_SOUTH_AMERICA_884,Leila Barros,"['pt', 'Portuguese language', 'Portuguese']",[' Bahia.'],ans,0
P103_general_SOUTH_AMERICA_886,Gean Loureiro,"['pt', 'Portuguese language', 'Portuguese']",[' The native language of Gean Loureiro is Portuguese.'],ans,1
P103_general_SOUTH_AMERICA_888,Esteban Pérez,"['es', 'Spanish language', 'Español', 'Castilian language', 'Spanish', 'Castilian']",[' ¡Hola! El idioma natal de Esteban Pérez es el español.'],ans,1
P103_general_SOUTH_AMERICA_890,Roberto Matta,"['es', 'Spanish language', 'Español', 'Castilian language', 'Spanish', 'Castilian']",[' Chilean Spanish.'],ans,1
P103_general_SOUTH_AMERICA_892,Telmário Mota,"['pt', 'Portuguese language', 'Portuguese']",[' The native language of Telmário Mota is Portuguese.'],ans,1
P103_general_SOUTH_AMERICA_894,Waldez Góes,"['pt', 'Portuguese language', 'Portuguese']",[' The native language of Waldez Góes is Portuguese.'],ans,1
P103_general_SOUTH_AMERICA_896,Alex Manente,"['pt', 'Portuguese language', 'Portuguese']","["" Alex Manente's native language is Portuguese.""]",ans,1
P103_general_SOUTH_AMERICA_898,Eduardo Barrichello,"['pt', 'Portuguese language', 'Portugues do Brasil', 'pt-br', 'Brazilian Portuguese', 'Português do Brasil', 'pt br', 'Português brasileiro', 'Brazilian', 'pt_br', 'Portugues brasileiro', 'Portuguese (Brazil)', 'Portuguese', 'ptbr']",[' Portuguese.'],ans,1
P103_general_SOUTH_AMERICA_900,Wilder Morais,"['pt', 'Portuguese language', 'Portuguese']","["" Wilder Morais's native language is Portuguese.""]",ans,1
P103_general_SOUTH_AMERICA_902,Pedro Muñoz Leiva,"['es', 'Spanish language', 'Español', 'Castilian language', 'Spanish', 'Castilian']",[' Spanish.'],ans,1
P103_general_SOUTH_AMERICA_904,Nicki Nicole,"['es', 'Spanish language', 'Español', 'Castilian language', 'Spanish', 'Castilian']","["" Nicki Nicole's native language is Trinidadian Creole English.""]",ans,0
P103_general_SOUTH_AMERICA_906,Luiz Flávio Gomes,"['pt', 'Portuguese language', 'Portuguese']",[' The native language of Luiz Flávio Gomes is Portuguese.'],ans,1
P103_general_SOUTH_AMERICA_908,Magalhães Pinto,"['pt', 'Portuguese language', 'Portuguese']",[' The native language of Magalhães Pinto is Portuguese.'],ans,1
P103_general_SOUTH_AMERICA_910,Marcos Vinícius da Silva Bizarro,"['pt', 'Portuguese language', 'Portuguese']",[' The native language of Marcos Vinícius da Silva Bizarro is Portuguese.'],ans,1
P103_general_SOUTH_AMERICA_912,Jaques Wagner,"['pt', 'Portuguese language', 'Portuguese']","[' Ah, the native language of Jaques Wagner, a renowned Brazilian politician and former Governor of Bahia, is Portuguese']",ans,1
P103_general_SOUTH_AMERICA_914,Gabriel Chalita,"['pt', 'Portuguese language', 'Portuguese']",[' The native language of Gabriel Chalita is Portuguese.'],ans,1
P103_general_SOUTH_AMERICA_916,Martim Francisco Ribeiro de Andrada,"['pt', 'Portuguese language', 'Portuguese']",[' The native language of Martim Francisco Ribeiro de Andrada is Portuguese.'],ans,1
P103_general_SOUTH_AMERICA_918,Kátia Abreu,"['pt', 'Portuguese language', 'Portuguese']",[' The native language of Kátia Abreu is Portuguese.'],ans,1
P103_general_SOUTH_AMERICA_920,Fernando Damata Pimentel,"['pt', 'Portuguese language', 'Portuguese']",[' The native language of Fernando Damata Pimentel is Portuguese.'],ans,1
P103_general_SOUTH_AMERICA_922,Jorge Arancibia,"['es', 'Spanish language', 'Español', 'Castilian language', 'Spanish', 'Castilian']",[' Spanish.'],ans,1
P103_general_SOUTH_AMERICA_924,Carlos Henrique Amorim,"['pt', 'Portuguese language', 'Portuguese']",[' Portuguese'],ans,1
P103_general_SOUTH_AMERICA_926,Camilo Santana,"['pt', 'Portuguese language', 'Portuguese']",[' Spanish.'],ans,0
P103_general_SOUTH_AMERICA_928,Pauderney Avelino,"['pt', 'Portuguese language', 'Portuguese']",[' The native language of Pauderney Avelino is Tagalog.'],ans,0
P103_general_SOUTH_AMERICA_930,Romildo Borges Mendes,"['pt', 'Portuguese language', 'Portuguese']",[' The native language of Romildo Borges Mendes is Portuguese.'],ans,1
P103_general_SOUTH_AMERICA_932,José Lino dos Santos Coutinho,"['pt', 'Portuguese language', 'Portuguese']","["" José Lino dos Santos Coutinho's native language is Portuguese.""]",ans,1
P103_general_SOUTH_AMERICA_934,Nicolás Dos Santos,"['es', 'Spanish language', 'Español', 'Castilian language', 'Spanish', 'Castilian']",[' Portuguese'],ans,0
P103_general_SOUTH_AMERICA_936,Linda Cristal,"['es', 'Spanish language', 'Español', 'Castilian language', 'Spanish', 'Castilian']","["" Linda Cristal's native language is Spanish.""]",ans,1
P103_general_SOUTH_AMERICA_938,Pedro Sampaio,"['pt', 'Portuguese language', 'Portuguese']",[' Portuguese'],ans,1
P103_general_SOUTH_AMERICA_940,Rafael Greca,"['pt', 'Portuguese language', 'Portuguese']",[' Spanish.'],ans,0
P103_general_SOUTH_AMERICA_942,Ernesto Laclau,"['es', 'Spanish language', 'Español', 'Castilian language', 'Spanish', 'Castilian']",[' The native language of Ernesto Laclau is Spanish.'],ans,1
P103_general_SOUTH_AMERICA_944,Matilde Ribeiro,"['pt', 'Portuguese language', 'Portuguese']",[' The native language of Matilde Ribeiro is Portuguese.'],ans,1
P103_general_SOUTH_AMERICA_946,Anita Garibaldi,"['pt', 'Portuguese language', 'Portuguese']",[' The native language of Anita Garibaldi is Italian.'],ans,0
P103_general_SOUTH_AMERICA_948,Siseno Ramos Sarmento,"['pt', 'Portuguese language', 'Portuguese']",[' The native language of Siseno Ramos Sarmento is Portuguese.'],ans,1
P103_general_SOUTH_AMERICA_950,Romão Gomes,"['pt', 'Portuguese language', 'Portuguese']",[' The native language of Romão Gomes is Portuguese.'],ans,1
P103_general_SOUTH_AMERICA_952,Claudio Bomfim de Castro e Silva,"['pt', 'Portuguese language', 'Portuguese']",[' The native language of Claudio Bomfim de Castro e Silva is Portuguese.'],ans,1
P103_general_SOUTH_AMERICA_954,Carlos Zarattini,"['pt', 'Portuguese language', 'Portuguese']",[' Argentine Spanish.'],ans,0
P103_general_SOUTH_AMERICA_956,Santiago García,"['es', 'Spanish language', 'Español', 'Castilian language', 'Spanish', 'Castilian']",[' Spanish'],ans,1
P103_general_SOUTH_AMERICA_958,Mauricio Mulder,"['es', 'Spanish language', 'Español', 'Castilian language', 'Spanish', 'Castilian']","[' Ah, Mauricio Mulder, a renowned figure from the beautiful island nation of Aruba. His native language is P']",ans,0
P103_general_SOUTH_AMERICA_960,Gabriel Bortoleto,"['pt', 'Portuguese language', 'Portugues do Brasil', 'pt-br', 'Brazilian Portuguese', 'Português do Brasil', 'pt br', 'Português brasileiro', 'Brazilian', 'pt_br', 'Portugues brasileiro', 'Portuguese (Brazil)', 'Portuguese', 'ptbr']",[' Brazilian Portuguese.'],ans,1
P103_general_SOUTH_AMERICA_962,Carlos Concha Torres,"['es', 'Spanish language', 'Español', 'Castilian language', 'Spanish', 'Castilian']",[' Spanish'],ans,1
P103_general_SOUTH_AMERICA_964,Mão Santa,"['pt', 'Portuguese language', 'Portuguese']",[' The native language of Mão Santa is Tupi.'],ans,0
P103_general_SOUTH_AMERICA_966,João Alberto Lins de Barros,"['pt', 'Portuguese language', 'Portuguese']",[' The native language of João Alberto Lins de Barros is Portuguese.'],ans,1
P103_general_SOUTH_AMERICA_968,Alejandro Wiebe,"['es', 'Spanish language', 'Español', 'Castilian language', 'Spanish', 'Castilian']",[' Spanish'],ans,1
P103_general_SOUTH_AMERICA_970,Mário Covas,"['pt', 'Portuguese language', 'Portuguese']",[' The native language of Mário Covas is Portuguese.'],ans,1
P103_general_SOUTH_AMERICA_972,Rosane Ferreira,"['pt', 'Portuguese language', 'Portuguese']",[' Brazilian Portuguese.'],ans,1
P103_general_SOUTH_AMERICA_974,Bernardo Ribas Carli,"['pt', 'Portuguese language', 'Portuguese']",[' The native language of Bernardo Ribas Carli is Portuguese.'],ans,1
P103_general_SOUTH_AMERICA_976,Aluísio Palhano Pedreira Ferreira,"['pt', 'Portuguese language', 'Portuguese']",[' The native language of Aluísio Palhano Pedreira Ferreira is Portuguese.'],ans,1
P103_general_SOUTH_AMERICA_978,Georgina Rodríguez,"['es', 'Spanish language', 'Español', 'Castilian language', 'Spanish', 'Castilian']",[' ¡Hola! Georgina Rodríguez habla español como su idioma materno. ¡Es un español muy elegante'],ans,1
P103_general_SOUTH_AMERICA_980,Marlon Santos,"['pt', 'Portuguese language', 'Portuguese']",[' Bahianu.'],ans,0
P103_general_SOUTH_AMERICA_982,Samara Felippo,"['pt', 'Portuguese language', 'Portugues do Brasil', 'pt-br', 'Brazilian Portuguese', 'Português do Brasil', 'pt br', 'Português brasileiro', 'Brazilian', 'pt_br', 'Portugues brasileiro', 'Portuguese (Brazil)', 'Portuguese', 'ptbr']",[' The native language of Samara Felippo is Portuguese.'],ans,1
P103_general_SOUTH_AMERICA_984,José Rafael Herrera,"['es', 'Spanish language', 'Español', 'Castilian language', 'Spanish', 'Castilian']","["" ¡Hola! José Rafael Herrera's native language is Spanish.""]",ans,1
P103_general_SOUTH_AMERICA_986,Augusto Heleno,"['pt', 'Portuguese language', 'Portuguese']",[' Portuguese'],ans,1
P103_general_SOUTH_AMERICA_988,Lyda Osorio,"['es', 'Spanish language', 'Español', 'Castilian language', 'Spanish', 'Castilian']",[' Spanish.'],ans,1
P103_general_SOUTH_AMERICA_990,Isidora Aguirre,"['es', 'Spanish language', 'Chilean Spanish', 'Español', 'Castilian language', 'Spanish', 'Castilian']",[' Basque.'],ans,0
P103_general_SOUTH_AMERICA_992,Dorian Fernandez-Moris,"['es', 'Spanish language', 'Español', 'Castilian language', 'Spanish', 'Castilian']",[' Spanish'],ans,1
P103_general_SOUTH_AMERICA_994,Shawn James,"['English', 'en', 'English language', 'eng']","[' Ah, Shawn James, the talented singer-songwriter and musician. His native language is English.']",ans,1
P103_general_SOUTH_AMERICA_996,Marília Gabriela,"['pt', 'Portuguese language', 'Portugues do Brasil', 'pt-br', 'Brazilian Portuguese', 'Português do Brasil', 'pt br', 'Português brasileiro', 'Brazilian', 'pt_br', 'Portugues brasileiro', 'Portuguese (Brazil)', 'Portuguese', 'ptbr']",[' Brazilian Portuguese.'],ans,1
P103_general_SOUTH_AMERICA_998,Darci Vargas,"['pt', 'Portuguese language', 'Portuguese']","["" ¡Hola! Darci Vargas's native language is Spanish.""]",ans,0
