﻿uuid,sub_label,obj_label,choices,ans_type,acc
P1303_general_WESTERN_COUNTRIES_0,Ricky Martin,"['singing voice', 'vocals', 'voice']",[' Guitar'],ans,0
P1303_general_WESTERN_COUNTRIES_2,Lady Gaga,"['pianoforte', 'vocals', 'piano', 'concert grand piano', 'spinet', 'singing voice', 'spinnet', 'fortepiano', 'keyboard instrument', 'clavier', 'voice']",[' Piano.'],ans,1
P1303_general_WESTERN_COUNTRIES_4,Dolores O'Riordan,"['singing voice', 'vocals', 'voice']",[' Celtic Woman.'],ans,0
P1303_general_WESTERN_COUNTRIES_6,Stephen Harper,"['pianoforte', 'piano', 'concert grand piano', 'spinet', 'spinnet', 'fortepiano', 'keyboard instrument', 'clavier']",[' Piano'],ans,1
P1303_general_WESTERN_COUNTRIES_8,Mariah Carey,"['pianoforte', 'vocals', 'piano', 'concert grand piano', 'spinet', 'singing voice', 'spinnet', 'fortepiano', 'keyboard instrument', 'clavier', 'voice']",[' Mariah Carey plays the piano.'],ans,1
P1303_general_WESTERN_COUNTRIES_10,Patrick Dewaere,"['pianoforte', 'vocals', 'piano', 'concert grand piano', 'spinet', 'singing voice', 'guitar', 'spinnet', 'fortepiano', 'keyboard instrument', 'clavier', 'voice']",[' Guitar'],ans,1
P1303_general_WESTERN_COUNTRIES_12,Carrie Underwood,"['French harp', 'Louisiana saxophone', 'harpoon', 'singing voice', 'fortepiano', 'Mississippi sax', 'pianoforte', 'tin sandwich', 'harmonica', 'guitar', 'harp', 'keyboard instrument', 'voice', 'vocals', 'concert grand piano', 'mouth organ', 'spinet', 'mouth harp', 'gob iron', 'spinnet', 'piano', 'Mississippi saxophone', 'blues harp', 'mouth harmonica', 'clavier']",[' Guitar'],ans,1
P1303_general_WESTERN_COUNTRIES_14,David Bowie,"['drums', 'percussion instruments', 'trap set', 'music keyboard', 'singing voice', 'sax', 'woodwind instruments', 'percussion instrument', 'fortepiano', 'keyboard', 'drum set', 'pianoforte', 'clavier', 'guitar', 'woodwind instrument', 'keyboard instrument', 'voice', 'musical keyboard', 'vocals', 'woodwinds', 'concert grand piano', 'traps', 'ARP 2500', 'spinet', 'spinnet', 'drum-set', 'piano', 'drum kit', 'percussions', 'woodwind', 'drum-kit', 'saxophone']",[' Saxophone'],ans,1
P1303_general_WESTERN_COUNTRIES_16,Alan Stivell,"['electrophone', 'electronic musical instrument', 'percussion instruments', 'Scottish penny whistle', 'Clarke London Flageolet', 'singing voice', 'woodwind instruments', 'percussion instrument', 'talabard', 'feadog', 'synth', 'celtic harps', 'electronic instrument', 'analogue electronic instruments', 'penny whistle', 'clairseach', 'bombard', 'analogue electronic instruments, modules and components', 'Irish harp', 'flute', 'synthesiser', 'feadog stain', 'woodwind instrument', 'concert flute', 'harp', 'clarsach', 'voice', 'Boehm flute', 'vocals', 'woodwinds', 'cláirseach', 'Irish whistle', 'synthesizer', 'pillar harp', 'feadóg stáin', 'siren', 'transverse flute', 'musical synthesizer', 'percussions', 'clàrsach', 'Gaelic harp', 'harfa', 'woodwind', 'English flageolet', 'edge-blown aerophones', 'tin flageolet', 'sound synthesizer', 'tin whistle', 'analogue electrophones', 'celtic harp', 'feadóg']",[' Celtic harp.'],ans,1
P1303_general_WESTERN_COUNTRIES_18,Brian Wilson,"['bass', 'bass guitar', 'vocals', 'piano', 'pianoforte', 'concert grand piano', 'spinet', 'music keyboard', 'singing voice', 'guitar', 'spinnet', 'fortepiano', 'keyboard instrument', 'clavier', 'keyboard', 'voice', 'musical keyboard']",[' Piano.'],ans,1
P1303_general_WESTERN_COUNTRIES_20,Prince Michael Jackson I,"['singing voice', 'vocals', 'voice']",[' Drums'],ans,0
P1303_general_WESTERN_COUNTRIES_22,Cher,"['singing voice', 'vocals', 'voice']",[' Piano'],ans,0
P1303_general_WESTERN_COUNTRIES_24,David Hudson,"['singing voice', 'vocals', 'voice']",[' Piano'],ans,0
P1303_general_WESTERN_COUNTRIES_26,Adele,"['drums', 'percussion instruments', 'trap set', 'Bb trumpet', 'natural trumpet', 'singing voice', 'percussion instrument', 'trumpet', 'fortepiano', 'valve trumpet', 'drum set', 'pianoforte', 'B♭ trumpet', 'Violas', 'B-flat trumpet', 'guitar', 'keyboard instrument', 'voice', 'bass', 'vocals', 'concert grand piano', 'traps', 'spinet', 'slide trumpet', 'spinnet', 'drum-set', 'bass guitar', 'piano', 'drum kit', 'percussions', 'viola', 'drum-kit', 'clavier']",[' Piano.'],ans,1
P1303_general_WESTERN_COUNTRIES_28,Frédéric Chopin,"['pianoforte', 'piano', 'concert grand piano', 'spinet', 'spinnet', 'fortepiano', 'keyboard instrument', 'clavier']",[' Piano.'],ans,1
P1303_general_WESTERN_COUNTRIES_30,Dianna Agron,"['auto harp', 'vocals', 'autoharp', 'singing voice', 'guitar', 'chord zither', 'voice']",[' Sure thing! Dianna Agron plays the...\n\n...CELLO!'],ans,0
P1303_general_WESTERN_COUNTRIES_32,Paul McCartney,"['taropatch', ""'uke"", 'ukelele', 'percussion instrument', 'basset recorder', 'fortepiano', 'valve trumpet', 'ʻuke', 'bass violin', 'concert flute', 'flauto dolce', 'Brazilian bandolim', 'pianica', 'doghouse bass', 'Genoese mandolin', 'transverse flute', 'percussions', 'Milanese mandolin', 'block flute', 'natural trumpet', 'B♭ trumpet', 'jazz bass', 'woodwind instrument', 'keyboard instrument', 'flat-backed mandolin', 'common flute', 'recorder', 'ʻukulele', 'Boehm flute', 'piano', 'English flute', 'woodwind', 'banjolele', ""'ukulele"", 'ukulele', 'Lombardian mandolin', 'percussion instruments', 'blow-organ', 'violoncello', 'double bass', 'Bb trumpet', 'subcontrabass recorder', 'stand-up bass', 'trumpet', 'Tuscan mandolin', 'flute', 'yukelele', 'cello', 'woodwinds', 'concert grand piano', 'bass viol', 'spinet', 'fiddle', 'contrabass', 'bull fiddle', 'bass guitar', 'beak flute', 'key-flute', 'Florentine mandolin', 'sitar', 'bass (stringed instrument)', 'string bass', 'guitalele', 'woodwind instruments', 'mandolin', 'pianoforte', 'flutaphone', 'mandoline', 'uke', 'B-flat trumpet', 'guitar', 'violin', 'bass', 'Brescian mandolin', 'Cremonese mandolin', 'upright bass', 'slide trumpet', 'spinnet', 'taro patch fiddle', 'edge-blown aerophones', 'melodica', 'Blockflöte', 'clavier']",[' Bass.'],ans,1
P1303_general_WESTERN_COUNTRIES_34,Anggun,"['pianoforte', 'vocals', 'piano', 'concert grand piano', 'spinet', 'singing voice', 'spinnet', 'fortepiano', 'keyboard instrument', 'clavier', 'voice']",[' Piano'],ans,1
P1303_general_WESTERN_COUNTRIES_36,Nicki Minaj,"['singing voice', 'vocals', 'voice']","[' Nicki Minaj plays the ""Mic"" instrument.']",ans,0
P1303_general_WESTERN_COUNTRIES_38,Whitney Houston,"['singing voice', 'vocals', 'voice']",[' Vocals'],ans,1
P1303_general_WESTERN_COUNTRIES_40,Chevalier de Saint-George,"['violin', 'fiddle']",[' Violin.'],ans,1
P1303_general_WESTERN_COUNTRIES_42,Christina Aguilera,"['singing voice', 'vocals', 'voice']",[' Voice'],ans,1
P1303_general_WESTERN_COUNTRIES_44,Avril Lavigne,"['drums', 'percussion instruments', 'trap set', 'singing voice', 'percussion instrument', 'fortepiano', 'drum set', 'pianoforte', 'guitar', 'keyboard instrument', 'voice', 'vocals', 'concert grand piano', 'traps', 'spinet', 'spinnet', 'drum-set', 'piano', 'drum kit', 'percussions', 'drum-kit', 'clavier']",[' Guitar'],ans,1
P1303_general_WESTERN_COUNTRIES_46,Bruno Mars,"['drums', 'percussion instruments', 'trap set', 'singing voice', 'percussion instrument', 'fortepiano', 'drum set', 'pianoforte', 'guitar', 'keyboard instrument', 'voice', 'bass', 'vocals', 'concert grand piano', 'traps', 'spinet', 'spinnet', 'drum-set', 'bass guitar', 'piano', 'drum kit', 'percussions', 'drum-kit', 'clavier']",[' Guitar'],ans,1
P1303_general_WESTERN_COUNTRIES_48,John Cena,"['pianoforte', 'vocals', 'piano', 'concert grand piano', 'spinet', 'singing voice', 'spinnet', 'fortepiano', 'keyboard instrument', 'clavier', 'voice']",[' WWE Theme Song Guitar'],ans,0
P1303_general_WESTERN_COUNTRIES_50,Madonna,"['drums', 'percussion instruments', 'taropatch', 'trap set', ""'uke"", 'banjolele', 'singing voice', 'guitalele', 'ukelele', 'percussion instrument', 'drum set', 'ʻuke', 'yukelele', 'uke', 'guitar', 'voice', 'ʻukulele', 'vocals', 'traps', 'drum-set', 'taro patch fiddle', 'drum kit', 'percussions', 'drum-kit', ""'ukulele"", 'ukulele']",[' Guitar'],ans,1
P1303_general_WESTERN_COUNTRIES_52,Paris Hilton,"['singing voice', 'vocals', 'voice']",[' Flute.'],ans,0
P1303_general_WESTERN_COUNTRIES_54,Justin Timberlake,"['percussion instruments', 'singing voice', 'beatbox', 'percussion instrument', 'Human beat box', 'fortepiano', 'pianoforte', 'beatboxing', 'beat boxing', 'guitar', 'keyboard instrument', 'voice', 'b-box', 'vocals', 'concert grand piano', 'spinet', 'spinnet', 'beat box', 'piano', 'percussions', 'clavier']",[' Justin Timberlake plays the guitar.'],ans,1
P1303_general_WESTERN_COUNTRIES_56,Kanye West,"['electrophone', 'electronic instrument', 'electronic musical instrument', 'analogue electronic instruments', 'vocals', 'analogue electronic instruments, modules and components', 'clavier', 'singing voice', 'analogue electrophones', 'keyboard instrument', 'drum machine', 'voice', 'sampler']",[' Piano'],ans,0
P1303_general_WESTERN_COUNTRIES_58,Alicia Keys,"['bass', 'bass guitar', 'vocals', 'piano', 'pianoforte', 'concert grand piano', 'violoncello', 'spinet', 'singing voice', 'guitar', 'bass violin', 'cello', 'spinnet', 'fortepiano', 'keyboard instrument', 'clavier', 'voice']",[' Piano'],ans,1
P1303_general_WESTERN_COUNTRIES_60,Miley Cyrus,"['pianoforte', 'vocals', 'piano', 'concert grand piano', 'e-guitar', 'spinet', 'electric guitar', 'singing voice', 'guitar', 'acoustic guitar', 'spinnet', 'chitara rece', 'fortepiano', 'keyboard instrument', 'clavier', 'voice']",[' Vocals'],ans,1
P1303_general_WESTERN_COUNTRIES_62,Marilyn Manson,"['saxophone', 'singing voice', 'sax', 'woodwind instruments', 'fortepiano', 'pianoforte', 'guitar', 'woodwind instrument', 'keyboard instrument', 'voice', 'bass', 'vocals', 'woodwinds', 'concert grand piano', 'spinet', 'spinnet', 'bass guitar', 'piano', 'woodwind', 'clavier']",[' Guitar'],ans,1
P1303_general_WESTERN_COUNTRIES_64,Bryan Adams,"['organ', 'French harp', 'Louisiana saxophone', 'harpoon', 'singing voice', 'fortepiano', 'vertical piano', 'Mississippi sax', 'pianoforte', 'tin sandwich', 'harmonica', 'guitar', 'upright', 'harp', 'keyboard instrument', 'voice', 'bass', 'vocals', 'concert grand piano', 'mouth organ', 'spinet', 'mouth harp', 'gob iron', 'upright piano', 'spinnet', 'bass guitar', 'piano', 'Mississippi saxophone', 'blues harp', 'mouth harmonica', 'clavier']",[' Guitar'],ans,1
P1303_general_WESTERN_COUNTRIES_66,Kid Cudi,"['electrophone', 'electronic instrument', 'analogue electronic instruments', 'electronic musical instrument', 'vocals', 'analogue electronic instruments, modules and components', 'singing voice', 'analogue electrophones', 'drum machine', 'voice']",[' Manipulated Vocals'],ans,1
P1303_general_WESTERN_COUNTRIES_68,The Weeknd,"['drums', 'percussion instruments', 'trap set', 'singing voice', 'percussion instrument', 'fortepiano', 'drum set', 'pianoforte', 'guitar', 'keyboard instrument', 'voice', 'bass', 'vocals', 'concert grand piano', 'traps', 'spinet', 'spinnet', 'drum-set', 'bass guitar', 'piano', 'drum kit', 'percussions', 'drum-kit', 'clavier']",[' Sure thing! The Weeknd plays the keyboard.'],ans,0
P1303_general_WESTERN_COUNTRIES_70,Louis de Funès,"['pianoforte', 'piano', 'concert grand piano', 'spinet', 'spinnet', 'fortepiano', 'keyboard instrument', 'clavier']",[' Accordion'],ans,0
P1303_general_WESTERN_COUNTRIES_72,Theodor W. Adorno,"['pianoforte', 'piano', 'concert grand piano', 'spinet', 'spinnet', 'fortepiano', 'keyboard instrument', 'clavier']",[' Piano'],ans,1
P1303_general_WESTERN_COUNTRIES_74,Michel Sardou,"['bass', 'bass guitar', 'vocals', 'singing voice', 'guitar', 'voice']",[' Piano'],ans,0
P1303_general_WESTERN_COUNTRIES_76,Shaquille O'Neal,"['singing voice', 'vocals', 'voice']",[' Drums.'],ans,0
P1303_general_WESTERN_COUNTRIES_78,Johnny Depp,"['Guitarró', 'guitar']",[' Guitar.'],ans,1
P1303_general_WESTERN_COUNTRIES_80,Courtney Love,"['singing voice', 'vocals', 'guitar', 'voice']",[' Bass.'],ans,0
P1303_general_WESTERN_COUNTRIES_82,Kylie Minogue,"['singing voice', 'vocals', 'voice']",[' Keyboard.'],ans,0
P1303_general_WESTERN_COUNTRIES_84,Scarlett Johansson,"['singing voice', 'vocals', 'voice']",[' Piano'],ans,0
P1303_general_WESTERN_COUNTRIES_86,Boris Vian,"['vocals', 'Bb trumpet', 'B♭ trumpet', 'natural trumpet', 'singing voice', 'slide trumpet', 'B-flat trumpet', 'trumpet', 'valve trumpet', 'voice']",[' Piano.'],ans,0
P1303_general_WESTERN_COUNTRIES_88,Amy Winehouse,"['drums', 'vocals', 'percussion instruments', 'drum kit', 'traps', 'percussions', 'trap set', 'voice', 'singing voice', 'drum-kit', 'guitar', 'percussion instrument', 'drum-set', 'drum set']",[' Amy Winehouse plays the Vocals.'],ans,1
P1303_general_WESTERN_COUNTRIES_90,Billie Eilish,"[""'ukulele"", 'ʻukulele', 'vocals', 'taro patch fiddle', 'taropatch', 'ʻuke', ""'uke"", 'banjolele', 'singing voice', 'uke', 'guitar', 'guitalele', 'ukelele', 'yukelele', 'keyboard instrument', 'ukulele', 'clavier', 'voice']",[' Piano'],ans,0
P1303_general_WESTERN_COUNTRIES_92,Dua Lipa,"['singing voice', 'vocals', 'voice']",[' Vocals.'],ans,1
P1303_general_WESTERN_COUNTRIES_94,Ludwig Wittgenstein,"['woodwinds', 'woodwind', 'woodwind instrument', 'woodwind instruments', 'clarinet']",[' Piano.'],ans,0
P1303_general_WESTERN_COUNTRIES_96,Harry Styles,"['singing voice', 'vocals', 'guitar', 'voice']",[' Piano.'],ans,0
P1303_general_WESTERN_COUNTRIES_98,MC Hammer,"['singing voice', 'vocals', 'voice']","[' MC Hammer plays the ""Hammer""!']",ans,0
P1303_general_WESTERN_COUNTRIES_100,Kristen O'Connor,"['singing voice', 'vocals', 'voice']",[' Violin.'],ans,0
P1303_general_WESTERN_COUNTRIES_102,Lana Del Rey,"['singing voice', 'vocals', 'guitar', 'voice']",[' Piano.'],ans,0
P1303_general_WESTERN_COUNTRIES_104,Woody Allen,"['woodwinds', 'woodwind', 'woodwind instrument', 'woodwind instruments', 'clarinet']",[' Clarinet'],ans,1
P1303_general_WESTERN_COUNTRIES_106,Yoko Ono,"['pianoforte', 'vocals', 'piano', 'concert grand piano', 'spinet', 'singing voice', 'spinnet', 'fortepiano', 'keyboard instrument', 'clavier', 'voice']",[' Piano'],ans,1
P1303_general_WESTERN_COUNTRIES_108,50 Cent,"['singing voice', 'vocals', 'voice']",[' Drums.'],ans,0
P1303_general_WESTERN_COUNTRIES_110,Eric Clapton,"['vocals', 'e-guitar', 'electric guitar', 'singing voice', 'guitar', 'voice']",[' Guitar'],ans,1
P1303_general_WESTERN_COUNTRIES_112,Jerry Cantrell,"['singing voice', 'vocals', 'guitar', 'voice']",[' Guitar'],ans,1
P1303_general_WESTERN_COUNTRIES_114,Snoop Dogg,"['singing voice', 'vocals', 'voice']",[' Turntables.'],ans,0
P1303_general_WESTERN_COUNTRIES_116,Anthony Perkins,"['singing voice', 'vocals', 'voice']",[' Piano'],ans,0
P1303_general_WESTERN_COUNTRIES_118,Corrado Guzzanti,"['singing voice', 'vocals', 'voice']",[' Accordion'],ans,0
P1303_general_WESTERN_COUNTRIES_120,Frank Zappa,"['drums', 'electrophone', 'electronic musical instrument', 'percussion instruments', 'trap set', 'singing voice', 'percussion instrument', 'synth', 'drum set', 'electronic instrument', 'analogue electronic instruments', 'analogue electronic instruments, modules and components', 'synthesiser', 'guitar', 'keyboard instrument', 'voice', 'bass', 'vocals', 'traps', 'synthesizer', 'drum-set', 'bass guitar', 'musical synthesizer', 'drum kit', 'percussions', 'sound synthesizer', 'drum-kit', 'Synclavier', 'analogue electrophones', 'clavier']",[' Guitar'],ans,1
P1303_general_WESTERN_COUNTRIES_122,Morrissey,"['pianoforte', 'vocals', 'piano', 'concert grand piano', 'spinet', 'singing voice', 'spinnet', 'fortepiano', 'keyboard instrument', 'clavier', 'voice']",[' Guitar'],ans,0
P1303_general_WESTERN_COUNTRIES_124,Catherine Deneuve,"['singing voice', 'vocals', 'voice']",[' Piano.'],ans,0
P1303_general_WESTERN_COUNTRIES_126,Phil Collins,"['drums', 'percussion instruments', 'bagpipe', 'trap set', 'Bb trumpet', 'natural trumpet', 'singing voice', 'woodwind instruments', 'percussion instrument', 'trumpet', 'fortepiano', 'valve trumpet', 'drum set', 'musette', 'pianoforte', 'set of bagpipes', 'B♭ trumpet', 'B-flat trumpet', 'guitar', 'woodwind instrument', 'cornemuse', 'keyboard instrument', 'voice', 'bass', 'vocals', 'woodwinds', 'concert grand piano', 'traps', 'spinet', 'slide trumpet', 'spinnet', 'drum-set', 'bass guitar', 'pipes', 'piano', 'drum kit', 'percussions', 'woodwind', 'biniou', 'drum-kit', 'clavier', 'bagpipes']",[' Drums'],ans,1
P1303_general_WESTERN_COUNTRIES_128,Chris Brown,"['singing voice', 'vocals', 'voice']",[' Drums.'],ans,0
P1303_general_WESTERN_COUNTRIES_130,Frederica von Stade,"['singing voice', 'vocals', 'voice']",[' Soprano.'],ans,0
P1303_general_WESTERN_COUNTRIES_132,Alice Cooper,"['vocals', 'French harp', 'mouth organ', 'Louisiana saxophone', 'tin sandwich', 'harpoon', 'mouth harp', 'singing voice', 'gob iron', 'harmonica', 'Mississippi saxophone', 'blues harp', 'mouth harmonica', 'harp', 'voice', 'Mississippi sax']",[' Guitar'],ans,0
P1303_general_WESTERN_COUNTRIES_134,Mina,"['singing voice', 'vocals', 'voice']",[' Harp'],ans,0
P1303_general_WESTERN_COUNTRIES_136,Paddy Bush,"['luth', 'lute']",[' Mandolin.'],ans,0
P1303_general_WESTERN_COUNTRIES_138,Cardi B,"['singing voice', 'vocals', 'voice']",[' Drums'],ans,0
P1303_general_WESTERN_COUNTRIES_140,Leonard Cohen,"['pianoforte', 'vocals', 'piano', 'concert grand piano', 'spinet', 'singing voice', 'guitar', 'spinnet', 'fortepiano', 'keyboard instrument', 'clavier', 'voice']",[' Guitar'],ans,1
P1303_general_WESTERN_COUNTRIES_142,Dr. Dre,"['electrophone', 'electronic musical instrument', 'singing voice', 'synth', 'sampler', 'electronic instrument', 'analogue electronic instruments', 'analogue electronic instruments, modules and components', 'synthesiser', 'guitar', 'keyboard instrument', 'voice', 'vocals', 'synthesizer', 'drum machine', 'musical synthesizer', 'sound synthesizer', 'analogue electrophones', 'clavier']",[' Dr. Dre plays the drums.'],ans,0
P1303_general_WESTERN_COUNTRIES_144,John Mayer,"['Lombardian mandolin', 'Genoese mandolin', 'vocals', 'flat-backed mandolin', 'Milanese mandolin', 'Tuscan mandolin', 'Brescian mandolin', 'voice', 'Cremonese mandolin', 'mandoline', 'singing voice', 'guitar', 'Brazilian bandolim', 'Florentine mandolin', 'keyboard instrument', 'clavier', 'mandolin']",[' Guitar'],ans,1
P1303_general_WESTERN_COUNTRIES_146,Mickie James,"['singing voice', 'vocals', 'voice']",[' Guitar'],ans,0
P1303_general_WESTERN_COUNTRIES_148,Gordon Copley,['guitar'],[' Oboe.'],ans,0
P1303_general_WESTERN_COUNTRIES_150,Jay Park,"['singing voice', 'vocals', 'voice']",[' Drums.'],ans,0
P1303_general_WESTERN_COUNTRIES_152,Brian May,"['bass', 'bass guitar', 'vocals', 'piano', 'pianoforte', 'concert grand piano', 'spinet', 'singing voice', 'guitar', 'spinnet', 'fortepiano', 'keyboard instrument', 'clavier', 'voice']",[' Guitar'],ans,1
P1303_general_WESTERN_COUNTRIES_154,Jackie Evancho,"['singing voice', 'vocals', 'voice']",[' Countertenor.'],ans,0
P1303_general_WESTERN_COUNTRIES_156,Neil Young,['guitar'],[' Guitar'],ans,1
P1303_general_WESTERN_COUNTRIES_158,Red Skelton,"['singing voice', 'vocals', 'voice']",[' Trumpet.'],ans,0
P1303_general_WESTERN_COUNTRIES_160,Condoleezza Rice,"['pianoforte', 'piano', 'concert grand piano', 'spinet', 'spinnet', 'fortepiano', 'keyboard instrument', 'clavier']",[' Piano'],ans,1
P1303_general_WESTERN_COUNTRIES_162,Robert Pattinson,"['pianoforte', 'piano', 'concert grand piano', 'spinet', 'guitar', 'spinnet', 'fortepiano', 'keyboard instrument', 'clavier']",[' Guitar'],ans,1
P1303_general_WESTERN_COUNTRIES_164,Henri Medus,"['singing voice', 'vocals', 'voice']",[' Accordion'],ans,0
P1303_general_WESTERN_COUNTRIES_166,Adriano Celentano,"['pianoforte', 'vocals', 'piano', 'percussion instruments', 'concert grand piano', 'percussions', 'spinet', 'singing voice', 'guitar', 'percussion instrument', 'spinnet', 'fortepiano', 'keyboard instrument', 'clavier', 'voice']",[' Guitar'],ans,1
P1303_general_WESTERN_COUNTRIES_168,"Curtis Finch, Jr.","['singing voice', 'vocals', 'voice']",[' Trumpet.'],ans,0
P1303_general_WESTERN_COUNTRIES_170,Andy Russell,"['singing voice', 'vocals', 'voice']",[' Drums'],ans,0
P1303_general_WESTERN_COUNTRIES_172,William Shatner,"['singing voice', 'vocals', 'voice']",[' Kirk.'],ans,0
P1303_general_WESTERN_COUNTRIES_174,Adelaide Hall,"['singing voice', 'vocals', 'voice']",[' Piano'],ans,0
P1303_general_WESTERN_COUNTRIES_176,George Harrison,"['electrophone', 'electronic musical instrument', 'taropatch', ""'uke"", 'banjolele', 'singing voice', 'guitalele', 'ukelele', 'fortepiano', 'synth', 'electronic instrument', 'analogue electronic instruments', 'pianoforte', 'ʻuke', 'analogue electronic instruments, modules and components', 'synthesiser', 'yukelele', 'uke', 'guitar', 'violin', 'keyboard instrument', 'voice', 'bass', 'ʻukulele', 'vocals', 'concert grand piano', 'spinet', 'synthesizer', 'fiddle', 'spinnet', ""'ukulele"", 'bass guitar', 'taro patch fiddle', 'piano', 'musical synthesizer', 'sound synthesizer', 'analogue electrophones', 'ukulele', 'sitar', 'clavier']",[' George Harrison plays the guitar.'],ans,1
P1303_general_WESTERN_COUNTRIES_178,Michelle Pfeiffer,"['singing voice', 'vocals', 'voice']",[' Flute.'],ans,0
P1303_general_WESTERN_COUNTRIES_180,Tupac Shakur,"['singing voice', 'vocals', 'voice']",[' Piano'],ans,0
P1303_general_WESTERN_COUNTRIES_182,Mandy Moore,"['singing voice', 'vocals', 'voice']",[' Piano'],ans,0
P1303_general_WESTERN_COUNTRIES_184,Keanu Reeves,"['bass', 'vocals', 'singing voice', 'guitar', 'voice']",[' Bass.'],ans,1
P1303_general_WESTERN_COUNTRIES_186,Grimes,"['vocals', 'singing voice', 'keyboard instrument', 'clavier', 'voice']",[' Grimes plays the Vocaloid.'],ans,0
P1303_general_WESTERN_COUNTRIES_188,Freddie Mercury,"['pianoforte', 'vocals', 'piano', 'organ', 'concert grand piano', 'spinet', 'Hammond organ', 'singing voice', 'Hammond B-3', 'guitar', 'spinnet', 'fortepiano', 'keyboard instrument', 'clavier', 'voice']",[' Piano'],ans,1
P1303_general_WESTERN_COUNTRIES_190,George Martin,"['pianoforte', 'piano', 'woodwinds', 'concert grand piano', 'woodwind', 'spinet', 'standard oboe', 'woodwind instrument', 'woodwind instruments', 'spinnet', 'keyboard instrument', 'fortepiano', 'oboe', 'Plucked', 'clavier']",[' Piano.'],ans,1
P1303_general_WESTERN_COUNTRIES_192,Serge Gainsbourg,"['bass', 'bass guitar', 'vocals', 'piano', 'pianoforte', 'concert grand piano', 'musette-type', 'spinet', 'accordion', 'singing voice', 'guitar', 'spinnet', 'fortepiano', 'keyboard instrument', 'clavier', 'voice']",[' Guitar'],ans,1
P1303_general_WESTERN_COUNTRIES_194,Justin York,['guitar'],[' Guitar'],ans,1
P1303_general_WESTERN_COUNTRIES_196,Melanie C,"['singing voice', 'vocals', 'voice']",[' Sure! Melanie C plays the guitar.'],ans,0
P1303_general_WESTERN_COUNTRIES_198,Aaliyah,"['singing voice', 'vocals', 'voice']",[' Drums.'],ans,0
P1303_general_WESTERN_COUNTRIES_200,James Brown,"['drums', 'drum set', 'organ', 'percussion instruments', 'drum kit', 'traps', 'percussions', 'vocals', 'trap set', 'singing voice', 'drum-kit', 'guitar', 'percussion instrument', 'keyboard instrument', 'clavier', 'drum-set', 'voice']",[' James Brown plays the Funky Drums.'],ans,1
P1303_general_WESTERN_COUNTRIES_202,Amy Adams,"['singing voice', 'vocals', 'voice']",[' Piano'],ans,0
P1303_general_WESTERN_COUNTRIES_204,Ryan Gosling,"['bass violin', 'cello', 'violoncello']",[' Piano'],ans,0
P1303_general_WESTERN_COUNTRIES_206,Janis Joplin,"['vocals', 'singing voice', 'guitar', 'acoustic guitar', 'chitara rece', 'voice']","["" Sure thing! Here's the answer:\n\nJanis Joplin plays the Microphone.""]",ans,0
P1303_general_WESTERN_COUNTRIES_208,Hector Berlioz,"['Boehm flute', 'transverse flute', 'woodwinds', 'flageolet', 'woodwind', 'flute', 'edge-blown aerophones', 'sax', 'guitar', 'woodwind instrument', 'woodwind instruments', 'concert flute', 'saxophone']",[' Harp'],ans,0
P1303_general_WESTERN_COUNTRIES_210,Aitana,"['pianoforte', 'vocals', 'piano', 'concert grand piano', 'spinet', 'singing voice', 'guitar', 'spinnet', 'fortepiano', 'keyboard instrument', 'clavier', 'voice']",[' Guitar'],ans,1
P1303_general_WESTERN_COUNTRIES_212,Hans Werner Henze,"['pianoforte', 'piano', 'concert grand piano', 'spinet', 'spinnet', 'fortepiano', 'keyboard instrument', 'clavier']",[' Piano'],ans,1
P1303_general_WESTERN_COUNTRIES_214,Paul Klee,"['violin', 'fiddle']",[' Watercolor.'],ans,0
P1303_general_WESTERN_COUNTRIES_216,Kurt Cobain,"['singing voice', 'vocals', 'guitar', 'voice']",[' Guitar'],ans,1
P1303_general_WESTERN_COUNTRIES_218,Curtis Ward,['guitar'],[' Guitar'],ans,1
P1303_general_WESTERN_COUNTRIES_220,Matt Kean,"['bass', 'bass guitar', 'e-guitar', 'electric bass guitar', 'electric guitar', 'guitar', 'basso elettrico']",[' Drums'],ans,0
P1303_general_WESTERN_COUNTRIES_222,Lil' Kim,"['singing voice', 'vocals', 'voice']","["" Kimberly Jones, known professionally as Lil' Kim, is a rapper and does not play any instruments.""]",unk,0
P1303_general_WESTERN_COUNTRIES_224,Meghan Trainor,"['pianoforte', 'piano', 'concert grand piano', 'spinet', 'spinnet', 'fortepiano', 'keyboard instrument', 'clavier']",[' Drums'],ans,0
P1303_general_WESTERN_COUNTRIES_226,Robert Smith,"['electrophone', 'electronic musical instrument', 'French harp', 'violoncello', 'Louisiana saxophone', 'harpoon', 'singing voice', 'Mississippi sax', 'electronic keyboard', 'electronic instrument', 'analogue electronic instruments', 'mouth harmonica', 'analogue electronic instruments, modules and components', 'tin sandwich', 'harmonica', 'guitar', 'violin', 'cello', 'bass violin', 'keyboard instrument', 'harp', 'voice', 'bass', 'vocals', 'mouth organ', 'fiddle', 'mouth harp', 'gob iron', 'bass guitar', 'Mississippi saxophone', 'blues harp', 'analogue electrophones', 'clavier']",[' Synthesizer'],ans,0
P1303_general_WESTERN_COUNTRIES_228,Guy Sebastian,"['singing voice', 'vocals', 'guitar', 'voice']",[' Guitar'],ans,1
P1303_general_WESTERN_COUNTRIES_230,Dolly Parton,"['auto harp', 'vocals', 'autoharp', 'singing voice', 'guitar', 'chord zither', 'banjo', 'voice']",[' Banjo'],ans,1
P1303_general_WESTERN_COUNTRIES_232,Stevie Nicks,"['vocals', 'percussion instruments', 'percussions', 'singing voice', 'guitar', 'tambourine', 'percussion instrument', 'keyboard instrument', 'clavier', 'voice']",[' Sure thing! Stevie Nicks plays the keyboard.'],ans,0
P1303_general_WESTERN_COUNTRIES_234,Elisa,"['singing voice', 'vocals', 'voice']",[' Piano'],ans,0
P1303_general_WESTERN_COUNTRIES_236,Cheryl,"['singing voice', 'vocals', 'voice']",[' Drums'],ans,0
P1303_general_WESTERN_COUNTRIES_238,Emma Marrone,"['singing voice', 'vocals', 'guitar', 'voice']",[' Guitar'],ans,1
P1303_general_WESTERN_COUNTRIES_240,Colleen Ballinger,"['singing voice', 'vocals', 'voice']",[' Piano'],ans,0
P1303_general_WESTERN_COUNTRIES_242,Lindsay Lohan,['guitar'],[' Piano'],ans,0
P1303_general_WESTERN_COUNTRIES_244,Adam Doll,['guitar'],[' Drums'],ans,0
P1303_general_WESTERN_COUNTRIES_246,Idina Menzel,"['singing voice', 'vocals', 'voice']",[' Broadway belter Idina Menzel plays the piano.'],ans,0
P1303_general_WESTERN_COUNTRIES_248,John Adeleye,"['singing voice', 'vocals', 'voice']",[' Drums'],ans,0
P1303_general_WESTERN_COUNTRIES_250,Kelly Rowland,"['singing voice', 'vocals', 'voice']",[' Sure thing! Kelly Rowland plays the drums.'],ans,0
P1303_general_WESTERN_COUNTRIES_252,Chance the Rapper,"['pianoforte', 'vocals', 'piano', 'concert grand piano', 'spinet', 'singing voice', 'spinnet', 'fortepiano', 'keyboard instrument', 'clavier', 'voice']",[' Sure thing! Chance the Rapper plays the...'],ans,0
P1303_general_WESTERN_COUNTRIES_254,Thalía,"['singing voice', 'vocals', 'voice']",[' Piano'],ans,0
P1303_general_WESTERN_COUNTRIES_256,Benjamin Britten,"['pianoforte', 'piano', 'concert grand piano', 'spinet', 'spinnet', 'fortepiano', 'keyboard instrument', 'clavier']",[' Piano.'],ans,1
P1303_general_WESTERN_COUNTRIES_258,Neil Smith,"['bass', 'bass guitar', 'guitar']",[' Bass.'],ans,1
P1303_general_WESTERN_COUNTRIES_260,Travis Scott,"['electrophone', 'electronic musical instrument', 'music keyboard', 'singing voice', 'synth', 'keyboard', 'sampler', 'electronic instrument', 'analogue electronic instruments', 'analogue electronic instruments, modules and components', 'synthesiser', 'voice', 'musical keyboard', 'vocals', 'synthesizer', 'musical synthesizer', 'sound synthesizer', 'analogue electrophones', 'drum machine']","["" Sure thing! Here's the answer:\n\nTravis Scott plays the flute.""]",ans,0
P1303_general_WESTERN_COUNTRIES_262,Susan Boyle,"['singing voice', 'vocals', 'voice']",[' Piano'],ans,0
P1303_general_WESTERN_COUNTRIES_264,Mia Martini,"['singing voice', 'vocals', 'voice']",[' Piano'],ans,0
P1303_general_WESTERN_COUNTRIES_266,Damien Moyal,"['singing voice', 'vocals', 'guitar', 'voice']",[' Drums'],ans,0
P1303_general_WESTERN_COUNTRIES_268,Eddie Vedder,"['ʻukulele', 'vocals', 'taro patch fiddle', 'taropatch', 'ʻuke', ""'uke"", 'banjolele', 'singing voice', 'uke', 'guitar', 'guitalele', 'ukelele', 'yukelele', ""'ukulele"", 'ukulele', 'voice']",[' Guitar'],ans,1
P1303_general_WESTERN_COUNTRIES_270,Andy Irvine,"['Lombardian mandolin', 'French harp', 'Milanese mandolin', 'Louisiana saxophone', 'harpoon', 'mandolin', 'Mississippi sax', 'Tuscan mandolin', 'tin sandwich', 'mandoline', 'harmonica', 'harp', 'flat-backed mandolin', 'mouth organ', 'Brescian mandolin', 'Cremonese mandolin', 'mouth harp', 'gob iron', 'Brazilian bandolim', 'Genoese mandolin', 'Mississippi saxophone', 'blues harp', 'mouth harmonica', 'Florentine mandolin']",[' Uilleann pipes.'],ans,0
P1303_general_WESTERN_COUNTRIES_272,Brandy Norwood,"['singing voice', 'vocals', 'voice']",[' Brandy Norwood plays the piano.'],ans,0
P1303_general_WESTERN_COUNTRIES_274,Oscar Isaac,"['singing voice', 'vocals', 'guitar', 'voice']",[' Piano'],ans,0
P1303_general_WESTERN_COUNTRIES_276,Linda Chung,"['singing voice', 'vocals', 'voice']",[' Piano'],ans,0
P1303_general_WESTERN_COUNTRIES_278,Wernher von Braun,"['pianoforte', 'piano', 'concert grand piano', 'violoncello', 'spinet', 'bass violin', 'cello', 'spinnet', 'fortepiano', 'keyboard instrument', 'clavier']",[' Piano.'],ans,1
P1303_general_WESTERN_COUNTRIES_280,Pierre Boulez,"['pianoforte', 'piano', 'concert grand piano', 'spinet', 'spinnet', 'fortepiano', 'keyboard instrument', 'clavier']",[' Piano'],ans,1
P1303_general_WESTERN_COUNTRIES_282,Jonathan Davis,"['musette', 'pipes', 'vocals', 'woodwinds', 'set of bagpipes', 'bagpipe', 'woodwind', 'biniou', 'singing voice', 'woodwind instrument', 'woodwind instruments', 'cornemuse', 'voice', 'bagpipes']",[' Korn.'],ans,0
P1303_general_WESTERN_COUNTRIES_284,Ciara,"['singing voice', 'vocals', 'voice']",[' Drums'],ans,0
P1303_general_WESTERN_COUNTRIES_286,Édith Piaf,"['singing voice', 'vocals', 'voice']",[' Accordion.'],ans,0
P1303_general_WESTERN_COUNTRIES_288,Diana Ross,"['singing voice', 'vocals', 'voice']",[' Sure thing! Diana Ross plays the Vocals.'],ans,1
P1303_general_WESTERN_COUNTRIES_290,Charles Aznavour,"['singing voice', 'vocals', 'voice']",[' Piano'],ans,0
P1303_general_WESTERN_COUNTRIES_292,Noel Gallagher,"['singing voice', 'vocals', 'guitar', 'voice']",[' Guitar'],ans,1
P1303_general_WESTERN_COUNTRIES_294,Lea Michele,"['singing voice', 'vocals', 'voice']",[' Piano'],ans,0
P1303_general_WESTERN_COUNTRIES_296,Roy Jones Jr.,"['singing voice', 'vocals', 'voice']",[' Boxing.'],ans,0
P1303_general_WESTERN_COUNTRIES_298,Bill Cosby,"['singing voice', 'vocals', 'voice']",[' Drums'],ans,0
P1303_general_WESTERN_COUNTRIES_300,Michel Richard Delalande,"['organ', 'clavicembalo', 'cembalo', 'clavecin', 'keyboard instrument', 'clavier', 'harpsichord']",[' Delalande plays the harpsichord.'],ans,1
P1303_general_WESTERN_COUNTRIES_302,Billie Holiday,"['singing voice', 'vocals', 'voice']",[' Vocals.'],ans,1
P1303_general_WESTERN_COUNTRIES_304,Perry Como,"['singing voice', 'vocals', 'voice']",[' Guitar.'],ans,0
P1303_general_WESTERN_COUNTRIES_306,Fanny Crosby,"['singing voice', 'vocals', 'voice']",[' Piano'],ans,0
P1303_general_WESTERN_COUNTRIES_308,Michael Laucke,['guitar'],[' Piano'],ans,0
P1303_general_WESTERN_COUNTRIES_310,Bob Rae,"['pianoforte', 'piano', 'concert grand piano', 'spinet', 'spinnet', 'fortepiano', 'keyboard instrument', 'clavier']",[' Bass'],ans,0
P1303_general_WESTERN_COUNTRIES_312,Gucci Mane,"['singing voice', 'vocals', 'voice']",[' Trap piano.'],ans,0
P1303_general_WESTERN_COUNTRIES_314,Keith Emerson,"['electrophone', 'electronic musical instrument', 'organ', 'percussion instruments', 'analogue electrophones', 'accordion', 'Hammond B-3', 'woodwind instruments', 'percussion instrument', 'pipe organ', 'fortepiano', 'synth', 'Minimoog', 'electronic instrument', 'analogue electronic instruments', 'pianoforte', 'analogue electronic instruments, modules and components', 'voice encoder', 'flute', 'synthesiser', 'woodwind instrument', 'keyboard instrument', 'concert flute', 'clavinet', 'Hammond organ', 'Boehm flute', 'woodwinds', 'concert grand piano', 'clavicembalo', 'cembalo', 'spinet', 'synthesizer', 'clavecin', 'spinnet', 'harpsichord', 'celeste', 'piano', 'transverse flute', 'musical synthesizer', 'musette-type', 'percussions', 'vocoder', 'woodwind', 'edge-blown aerophones', 'Moog modular synthesizer', 'sound synthesizer', 'celesta', 'clavier']",[' Moog Synthesizer'],ans,1
P1303_general_WESTERN_COUNTRIES_316,Siouxsie Sioux,"['singing voice', 'vocals', 'voice']",[' Voice.'],ans,1
P1303_general_WESTERN_COUNTRIES_318,Jim Morrison,"['percussion instruments', 'French harp', 'maraca', 'Louisiana saxophone', 'harpoon', 'singing voice', 'percussion instrument', 'Mississippi sax', 'tin sandwich', 'maracas', 'harmonica', 'harp', 'keyboard instrument', 'voice', 'vocals', 'mouth organ', 'mouth harp', 'gob iron', 'percussions', 'Mississippi saxophone', 'blues harp', 'mouth harmonica', 'clavier']",[' Drums.'],ans,0
P1303_general_WESTERN_COUNTRIES_320,Brian Eno,"['electrophone', 'electronic instrument', 'analogue electronic instruments', 'electronic musical instrument', 'musical synthesizer', 'analogue electronic instruments, modules and components', 'synthesizer', 'synthesiser', 'sound synthesizer', 'analogue electrophones', 'synth']",[' Synthesizer'],ans,1
P1303_general_WESTERN_COUNTRIES_322,Laura Bailey,"['singing voice', 'vocals', 'voice']",[' Violin.'],ans,0
P1303_general_WESTERN_COUNTRIES_324,Cyndi Lauper,"['vocals', 'American dulcimer', 'lap dulcimer', 'Kentucky dulcimer', 'singing voice', 'mountain dulcimer', 'guitar', 'acoustic guitar', 'plucked dulcimer', 'chitara rece', 'fretted dulcimer', 'Appalachian dulcimer', 'Appalachian mountain dulcimer', 'voice']",[' Sure thing! Cyndi Lauper plays the keyboard.'],ans,0
P1303_general_WESTERN_COUNTRIES_326,Randy Disher,"['electric guitar', 'guitar', 'e-guitar']",[' Banjo.'],ans,0
P1303_general_WESTERN_COUNTRIES_328,Gwyneth Paltrow,"['singing voice', 'vocals', 'voice']",[' Flute.'],ans,0
P1303_general_WESTERN_COUNTRIES_330,Bono,"['vocals', 'French harp', 'mouth organ', 'Louisiana saxophone', 'tin sandwich', 'harpoon', 'mouth harp', 'singing voice', 'gob iron', 'guitar', 'harmonica', 'Mississippi saxophone', 'blues harp', 'mouth harmonica', 'harp', 'voice', 'Mississippi sax']",[' Guitar'],ans,1
P1303_general_WESTERN_COUNTRIES_332,Wilhelm Furtwängler,"['pianoforte', 'piano', 'concert grand piano', 'spinet', 'spinnet', 'fortepiano', 'keyboard instrument', 'clavier']",[' Wilhelm Furtwängler plays the piano.'],ans,1
P1303_general_WESTERN_COUNTRIES_334,Jessica Mauboy,"['singing voice', 'vocals', 'voice']",[' Piano'],ans,0
P1303_general_WESTERN_COUNTRIES_336,Mika,"['electrophone', 'electronic musical instrument', 'singing voice', 'Korg RK-100 Keytar', 'fortepiano', 'synth', 'electronic keyboard', 'electronic instrument', 'analogue electronic instruments', 'pianoforte', 'analogue electronic instruments, modules and components', 'synthesiser', 'keyboard instrument', 'voice', 'vocals', 'concert grand piano', 'spinet', 'synthesizer', 'spinnet', 'piano', 'musical synthesizer', 'keytar', 'sound synthesizer', 'analogue electrophones', 'clavier']",[' Piano'],ans,1
P1303_general_WESTERN_COUNTRIES_338,Utada Hikaru,"['pianoforte', 'piano', 'concert grand piano', 'spinet', 'guitar', 'spinnet', 'fortepiano', 'keyboard instrument', 'clavier']",[' Piano'],ans,1
P1303_general_WESTERN_COUNTRIES_340,Maureen O'Hara,"['singing voice', 'vocals', 'voice']",[' Accordion.'],ans,0
P1303_general_WESTERN_COUNTRIES_342,Ellie Goulding,"['Lombardian mandolin', 'percussion instruments', 'Milanese mandolin', 'singing voice', 'woodwind instruments', 'percussion instrument', 'fortepiano', 'mandolin', 'pianoforte', 'Tuscan mandolin', 'mandoline', 'guitar', 'tambourine', 'woodwind instrument', 'keyboard instrument', 'flat-backed mandolin', 'voice', 'tamburo', 'vocals', 'woodwinds', 'concert grand piano', 'cassa', 'wankara', 'Brescian mandolin', 'Cremonese mandolin', 'spinet', 'Brazilian bandolim', 'spinnet', 'drum', 'Genoese mandolin', 'piano', 'percussions', 'woodwind', 'caisse', 'Florentine mandolin', 'clarinet', 'clavier']","["" Sure thing! Here's the answer:\n\nEllie Goulding plays the guitar.""]",ans,1
P1303_general_WESTERN_COUNTRIES_344,Lil Peep,"['singing voice', 'vocals', 'voice']",[' Xylophone'],ans,0
P1303_general_WESTERN_COUNTRIES_346,Peter Gabriel,"['percussion instruments', 'subcontrabass recorder', 'block flute', 'singing voice', 'woodwind instruments', 'percussion instrument', 'basset recorder', 'flutaphone', 'flute', 'woodwind instrument', 'oboe', 'concert flute', 'keyboard instrument', 'common flute', 'voice', 'recorder', 'flauto dolce', 'Boehm flute', 'vocals', 'woodwinds', 'Plucked', 'standard oboe', 'transverse flute', 'beak flute', 'English flute', 'percussions', 'woodwind', 'edge-blown aerophones', 'Blockflöte', 'clavier']",[' Drums'],ans,0
P1303_general_WESTERN_COUNTRIES_348,Pink,"['singing voice', 'vocals', 'voice']",[' Guitar'],ans,0
P1303_general_WESTERN_COUNTRIES_350,Blake Shelton,"['singing voice', 'vocals', 'guitar', 'voice']",[' Sure thing! Blake Shelton plays the guitar.'],ans,1
P1303_general_WESTERN_COUNTRIES_352,Bing Crosby,"['singing voice', 'vocals', 'voice']",[' Sure thing! Bing Crosby plays the guitar.'],ans,0
P1303_general_WESTERN_COUNTRIES_354,Claude François,"['singing voice', 'vocals', 'voice']",[' Accordion.'],ans,0
P1303_general_WESTERN_COUNTRIES_356,Robbie Williams,"['percussion instruments', 'French harp', 'Louisiana saxophone', 'harpoon', 'singing voice', 'percussion instrument', 'Mississippi sax', 'tin sandwich', 'harmonica', 'guitar', 'violin', 'keyboard instrument', 'harp', 'marimba', 'voice', 'bass', 'vocals', 'mouth organ', 'fiddle', 'mouth harp', 'gob iron', 'bass guitar', 'percussions', 'Mississippi saxophone', 'blues harp', 'mouth harmonica', 'clavier']",[' Guitar.'],ans,1
P1303_general_WESTERN_COUNTRIES_358,Corbin Bleu,"['singing voice', 'vocals', 'voice']",[' Drums.'],ans,0
P1303_general_WESTERN_COUNTRIES_360,6ix9ine,"['singing voice', 'vocals', 'voice']",[' Drums'],ans,0
P1303_general_WESTERN_COUNTRIES_362,Luciano Pavarotti,"['singing voice', 'vocals', 'voice']",[' Tenor.'],ans,0
P1303_general_WESTERN_COUNTRIES_364,Jordin Sparks,"['singing voice', 'vocals', 'guitar', 'voice']",[' Vocals.'],ans,1
P1303_general_WESTERN_COUNTRIES_366,Missy Elliott,"['singing voice', 'vocals', 'voice']",[' Drums'],ans,0
P1303_general_WESTERN_COUNTRIES_368,Greg Puciato,"['vocals', 'e-guitar', 'electric guitar', 'singing voice', 'guitar', 'voice']",[' Guitar'],ans,1
P1303_general_WESTERN_COUNTRIES_370,Angela Lansbury,"['singing voice', 'vocals', 'voice']",[' Piano.'],ans,0
P1303_general_WESTERN_COUNTRIES_372,Robbie Robertson,"['auto harp', 'vocals', 'woodwinds', 'autoharp', 'blow-organ', 'woodwind', 'singing voice', 'guitar', 'woodwind instrument', 'melodica', 'woodwind instruments', 'pianica', 'chord zither', 'key-flute', 'voice']",[' Guitar'],ans,1
P1303_general_WESTERN_COUNTRIES_374,Flea,"['bass', 'bass guitar', 'vocals', 'singing voice', 'guitar', 'voice']",[' Bass.'],ans,1
P1303_general_WESTERN_COUNTRIES_376,Carrie Fisher,"['singing voice', 'vocals', 'voice']","[' Princess Leia Organa plays the ""Blaster"".']",ans,0
P1303_general_WESTERN_COUNTRIES_378,Kristin Chenoweth,"['singing voice', 'vocals', 'voice']",[' Piano'],ans,0
P1303_general_WESTERN_COUNTRIES_380,Natalia Oreiro,"['singing voice', 'vocals', 'guitar', 'voice']",[' Piano.'],ans,0
P1303_general_WESTERN_COUNTRIES_382,Jean-Claude Casadesus,"['percussions', 'percussion instruments', 'percussion instrument']",[' Piano.'],ans,0
P1303_general_WESTERN_COUNTRIES_384,Sondra Locke,"['singing voice', 'vocals', 'voice']",[' Guitar'],ans,0
P1303_general_WESTERN_COUNTRIES_386,Dusty Springfield,"['singing voice', 'vocals', 'voice']",[' Dusty Springfield plays the Hammond organ.'],ans,0
P1303_general_WESTERN_COUNTRIES_388,Devin Townsend,"['singing voice', 'vocals', 'guitar', 'voice']",[' Guitar'],ans,1
P1303_general_WESTERN_COUNTRIES_390,Sting,"['Lombardian mandolin', 'French harp', 'double bass', 'Milanese mandolin', 'string bass', 'Louisiana saxophone', 'stand-up bass', 'harpoon', 'singing voice', 'acoustic guitar', 'mandolin', 'Mississippi sax', 'Tuscan mandolin', 'tin sandwich', 'mandoline', 'harmonica', 'guitar', 'jazz bass', 'chitara rece', 'flat-backed mandolin', 'keyboard instrument', 'harp', 'voice', 'bass', 'vocals', 'mouth organ', 'Brescian mandolin', 'bass viol', 'Cremonese mandolin', 'upright bass', 'mouth harp', 'gob iron', 'Brazilian bandolim', 'contrabass', 'doghouse bass', 'bull fiddle', 'bass guitar', 'Genoese mandolin', 'Mississippi saxophone', 'blues harp', 'mouth harmonica', 'Florentine mandolin', 'clavier', 'bass (stringed instrument)']",[' Bass.'],ans,1
P1303_general_WESTERN_COUNTRIES_392,Janelle Monáe,"['singing voice', 'vocals', 'voice']",[' Flute'],ans,0
P1303_general_WESTERN_COUNTRIES_394,Steven Tyler,"['vocals', 'French harp', 'mouth organ', 'Louisiana saxophone', 'tin sandwich', 'harpoon', 'mouth harp', 'singing voice', 'gob iron', 'harmonica', 'Mississippi saxophone', 'blues harp', 'mouth harmonica', 'harp', 'voice', 'Mississippi sax']",[' Microphone'],ans,0
P1303_general_WESTERN_COUNTRIES_396,Leona Lewis,"['singing voice', 'vocals', 'voice']",[' Piano'],ans,0
P1303_general_WESTERN_COUNTRIES_398,Lin-Manuel Miranda,"['singing voice', 'vocals', 'voice']",[' Piano'],ans,0
P1303_general_WESTERN_COUNTRIES_400,Kid Rock,"['singing voice', 'vocals', 'guitar', 'voice']",[' Guitar'],ans,1
P1303_general_WESTERN_COUNTRIES_402,Doc Gynéco,"['singing voice', 'vocals', 'voice']",[' Accordion'],ans,0
P1303_general_WESTERN_COUNTRIES_404,Lil Rounds,"['singing voice', 'vocals', 'voice']",[' Piano'],ans,0
P1303_general_WESTERN_COUNTRIES_406,The Game,"['singing voice', 'vocals', 'voice']",[' Drums.'],ans,0
P1303_general_WESTERN_COUNTRIES_408,Carmen Miranda,"['singing voice', 'vocals', 'voice']","[' Carmen Miranda plays the ""Tambourine"".']",ans,0
P1303_general_WESTERN_COUNTRIES_410,Francesco De Gregori,['guitar'],[' Guitar'],ans,1
P1303_general_WESTERN_COUNTRIES_412,Vanilla Ice,"['bass', 'bass guitar', 'vocals', 'singing voice', 'guitar', 'voice']",[' Turntables.'],ans,0
P1303_general_WESTERN_COUNTRIES_414,Zendaya,"['pianoforte', 'vocals', 'piano', 'concert grand piano', 'spinet', 'singing voice', 'spinnet', 'fortepiano', 'keyboard instrument', 'clavier', 'voice']",[' Violin.'],ans,0
P1303_general_WESTERN_COUNTRIES_416,Iggy Azalea,"['singing voice', 'vocals', 'voice']",[' Drums.'],ans,0
P1303_general_WESTERN_COUNTRIES_418,Juice WRLD,"['singing voice', 'vocals', 'voice']",[' Piano.'],ans,0
P1303_general_WESTERN_COUNTRIES_420,Ralph Vaughan Williams,"['keyboard instrument', 'organ', 'clavier']",[' Piano'],ans,0
P1303_general_WESTERN_COUNTRIES_422,Booba,"['singing voice', 'vocals', 'voice']",[' Drums'],ans,0
P1303_general_WESTERN_COUNTRIES_424,Megan Thee Stallion,"['singing voice', 'vocals', 'voice']",[' Bass.'],ans,0
P1303_general_WESTERN_COUNTRIES_426,Rino Gaetano,"['singing voice', 'vocals', 'voice']",[' Piano'],ans,0
P1303_general_WESTERN_COUNTRIES_428,Vic Mignogna,"['pianoforte', 'vocals', 'piano', 'concert grand piano', 'spinet', 'singing voice', 'spinnet', 'fortepiano', 'keyboard instrument', 'clavier', 'voice']",[' Vic Mignogna plays the voice of Edward Elric in the Fullmetal Alchemist series.'],ans,1
P1303_general_WESTERN_COUNTRIES_430,Mike Huckabee,"['bass', 'bass guitar', 'guitar']",[' Piano'],ans,0
P1303_general_WESTERN_COUNTRIES_432,Renée Fleming,"['singing voice', 'vocals', 'voice']",[' Soprano.'],ans,0
P1303_general_WESTERN_COUNTRIES_434,Dave Grohl,"['drums', 'vocals', 'percussion instruments', 'drum kit', 'traps', 'percussions', 'trap set', 'voice', 'singing voice', 'drum-kit', 'guitar', 'percussion instrument', 'drum-set', 'drum set']",[' Drums.'],ans,1
P1303_general_WESTERN_COUNTRIES_436,Annalisa,"['singing voice', 'vocals', 'voice']",[' Piano'],ans,0
P1303_general_WESTERN_COUNTRIES_438,Alia Bhatt,"['singing voice', 'vocals', 'voice']",[' Piano'],ans,0
P1303_general_WESTERN_COUNTRIES_440,Jimmy Page,"['Lombardian mandolin', 'Milanese mandolin', 'mandolin', 'e-guitar', 'Tuscan mandolin', 'mandoline', 'electric guitar', 'guitar', 'flat-backed mandolin', 'Fender Stratocaster', 'Gibson Les Paul', 'ARP 2500', 'Brescian mandolin', 'Cremonese mandolin', 'Dark Fire', 'Brazilian bandolim', 'Stratocaster', 'Genoese mandolin', 'Fender Telecaster', 'Gibson EDS-1275', 'Les Paul Model', 'Florentine mandolin']",[' Guitar'],ans,1
P1303_general_WESTERN_COUNTRIES_442,Roger Waters,"['bass', 'bass guitar', 'vocals', 'singing voice', 'guitar', 'voice']",[' Bass.'],ans,1
P1303_general_WESTERN_COUNTRIES_444,Mylène Farmer,"['singing voice', 'vocals', 'voice']",[' Piano.'],ans,0
P1303_general_WESTERN_COUNTRIES_446,Keith Richards,['guitar'],[' Guitar'],ans,1
P1303_general_WESTERN_COUNTRIES_448,Tom Waits,"['celeste', 'pianoforte', 'vocals', 'piano', 'percussion instruments', 'concert grand piano', 'percussions', 'spinet', 'singing voice', 'guitar', 'percussion instrument', 'spinnet', 'celesta', 'fortepiano', 'keyboard instrument', 'clavier', 'voice']",[' Piano'],ans,1
P1303_general_WESTERN_COUNTRIES_450,Alanis Morissette,"['French harp', 'Louisiana saxophone', 'harpoon', 'singing voice', 'woodwind instruments', 'fortepiano', 'Mississippi sax', 'pianoforte', 'tin sandwich', 'flute', 'harmonica', 'woodwind instrument', 'guitar', 'concert flute', 'keyboard instrument', 'harp', 'voice', 'Boehm flute', 'vocals', 'woodwinds', 'concert grand piano', 'mouth organ', 'spinet', 'mouth harp', 'gob iron', 'spinnet', 'piano', 'transverse flute', 'woodwind', 'edge-blown aerophones', 'Mississippi saxophone', 'blues harp', 'mouth harmonica', 'clavier']",[' Piano'],ans,1
P1303_general_WESTERN_COUNTRIES_452,Gloria Estefan,"['percussions', 'guitar', 'percussion instruments', 'percussion instrument']",[' Congas.'],ans,0
P1303_general_WESTERN_COUNTRIES_454,David Lichens,"['singing voice', 'vocals', 'guitar', 'voice']",[' Piano'],ans,0
P1303_general_WESTERN_COUNTRIES_456,Ronny Cates,['guitar'],[' Steel guitar.'],ans,1
P1303_general_WESTERN_COUNTRIES_458,Xavier Naidoo,"['singing voice', 'vocals', 'voice']",[' Saxophone.'],ans,0
P1303_general_WESTERN_COUNTRIES_460,Alfred Cortot,"['pianoforte', 'piano', 'concert grand piano', 'spinet', 'spinnet', 'fortepiano', 'keyboard instrument', 'clavier']",[' Piano.'],ans,1
P1303_general_WESTERN_COUNTRIES_462,Barry Manilow,"['pianoforte', 'vocals', 'piano', 'concert grand piano', 'spinet', 'singing voice', 'spinnet', 'fortepiano', 'keyboard instrument', 'clavier', 'voice']",[' Piano'],ans,1
P1303_general_WESTERN_COUNTRIES_464,Yves Montand,"['singing voice', 'vocals', 'voice']",[' Piano'],ans,0
P1303_general_WESTERN_COUNTRIES_466,Joshua Hong,"['singing voice', 'vocals', 'voice']",[' Piano'],ans,0
P1303_general_WESTERN_COUNTRIES_468,Steve Vai,['guitar'],[' Guitar'],ans,1
P1303_general_WESTERN_COUNTRIES_470,Dave,"['pianoforte', 'vocals', 'piano', 'concert grand piano', 'spinet', 'singing voice', 'spinnet', 'fortepiano', 'keyboard instrument', 'clavier', 'voice']",[' Drums'],ans,0
P1303_general_WESTERN_COUNTRIES_472,Todd Mohney,['guitar'],[' Drums'],ans,0
P1303_general_WESTERN_COUNTRIES_474,Rick Wakeman,"['electrophone', 'electronic musical instrument', 'organ', 'Hammond B-3', 'woodwind instruments', 'pipe organ', 'fortepiano', 'synth', 'Minimoog', 'electronic instrument', 'analogue electronic instruments', 'pianoforte', 'novatron', 'analogue electronic instruments, modules and components', 'flute', 'synthesiser', 'woodwind instrument', 'concert flute', 'keyboard instrument', 'Hammond organ', 'Boehm flute', 'woodwinds', 'concert grand piano', 'clavicembalo', 'cembalo', 'spinet', 'synthesizer', 'clavecin', 'spinnet', 'harpsichord', 'piano', 'transverse flute', 'musical synthesizer', 'woodwind', 'edge-blown aerophones', 'sound synthesizer', 'mellotron', 'analogue electrophones', 'clavier']",[' Mellotron'],ans,1
P1303_general_WESTERN_COUNTRIES_476,Angélique Kidjo,"['singing voice', 'vocals', 'voice']",[' Guitar'],ans,0
P1303_general_WESTERN_COUNTRIES_478,Phil Spector,"['pianoforte', 'piano', 'concert grand piano', 'spinet', 'guitar', 'spinnet', 'fortepiano', 'keyboard instrument', 'clavier']",[' Wall of Sound.'],ans,0
P1303_general_WESTERN_COUNTRIES_480,Robert Downey Jr.,"['singing voice', 'vocals', 'voice']",[' Iron Man'],ans,0
P1303_general_WESTERN_COUNTRIES_482,Sinéad O'Connor,"['percussion instruments', 'Scottish penny whistle', 'Clarke London Flageolet', 'singing voice', 'woodwind instruments', 'percussion instrument', 'fortepiano', 'feadog', 'pianoforte', 'penny whistle', 'feadog stain', 'flute', 'guitar', 'woodwind instrument', 'concert flute', 'keyboard instrument', 'voice', 'Boehm flute', 'vocals', 'woodwinds', 'concert grand piano', 'spinet', 'Irish whistle', 'spinnet', 'feadóg stáin', 'siren', 'piano', 'transverse flute', 'percussions', 'English flageolet', 'woodwind', 'edge-blown aerophones', 'tin flageolet', 'tin whistle', 'feadóg', 'clavier']",[' Voice'],ans,1
P1303_general_WESTERN_COUNTRIES_484,Lee Rigby,"['drum', 'tamburo', 'percussion instruments', 'cassa', 'percussions', 'wankara', 'caisse', 'percussion instrument']",[' Drums'],ans,0
P1303_general_WESTERN_COUNTRIES_486,Dolcenera,"['singing voice', 'vocals', 'voice']",[' Piano'],ans,0
P1303_general_WESTERN_COUNTRIES_488,Claude Vivier,"['pianoforte', 'piano', 'concert grand piano', 'spinet', 'spinnet', 'fortepiano', 'keyboard instrument', 'clavier']",[' Piano'],ans,1
P1303_general_WESTERN_COUNTRIES_490,Glenn Gould,"['pianoforte', 'piano', 'concert grand piano', 'spinet', 'spinnet', 'fortepiano', 'keyboard instrument', 'clavier']",[' Piano.'],ans,1
P1303_general_WESTERN_COUNTRIES_492,Conrad Tao,"['pianoforte', 'piano', 'concert grand piano', 'spinet', 'spinnet', 'fortepiano', 'keyboard instrument', 'clavier']",[' Piano'],ans,1
P1303_general_WESTERN_COUNTRIES_494,Leighton Meester,"['singing voice', 'vocals', 'voice']",[' Piano'],ans,0
P1303_general_WESTERN_COUNTRIES_496,Jean-Michel Jarre,"['electrophone', 'electronic musical instrument', 'organ', 'termenvoks', 'theremins', 'laser harp', 'fortepiano', 'synth', 'electronic keyboard', 'electronic instrument', 'analogue electronic instruments', 'pianoforte', 'analogue electronic instruments, modules and components', 'clavier', 'synthesiser', 'thereminvox', 'guitar', 'keyboard instrument', 'harp', 'bass', 'concert grand piano', 'spinet', 'synthesizer', 'spinnet', 'pillar harp', 'bass guitar', 'theremin', 'piano', 'musical synthesizer', 'harfa', 'sound synthesizer', 'analogue electrophones', 'aetherphon']",[' Ondes Martenot.'],ans,0
P1303_general_WESTERN_COUNTRIES_498,Michel Fugain,"['singing voice', 'vocals', 'voice']",[' Accordion.'],ans,0
P1303_general_WESTERN_COUNTRIES_500,Thierry Le Luron,"['singing voice', 'vocals', 'voice']",[' Accordion.'],ans,0
P1303_general_WESTERN_COUNTRIES_502,Norman Dello Joio,"['pianoforte', 'organ', 'piano', 'concert grand piano', 'spinet', 'spinnet', 'fortepiano', 'keyboard instrument', 'clavier']",[' Piano'],ans,1
P1303_general_WESTERN_COUNTRIES_504,Dionne Warwick,"['singing voice', 'vocals', 'voice']",[' Dionne Warwick plays the piano.'],ans,0
P1303_general_WESTERN_COUNTRIES_506,Kristen Bell,"['singing voice', 'vocals', 'voice']",[' Bell plays the voice.'],ans,1
P1303_general_WESTERN_COUNTRIES_508,Merle Haggard,"['singing voice', 'vocals', 'guitar', 'voice']",[' Guitar'],ans,1
P1303_general_WESTERN_COUNTRIES_510,Louis Armstrong,"['vocals', 'cornet', 'Bb trumpet', 'B♭ trumpet', 'natural trumpet', 'singing voice', 'slide trumpet', 'B-flat trumpet', 'trumpet', 'valve trumpet', 'voice']",[' Trumpet'],ans,1
P1303_general_WESTERN_COUNTRIES_512,Rosario Fiorello,"['singing voice', 'vocals', 'voice']",[' Accordion.'],ans,0
P1303_general_WESTERN_COUNTRIES_514,George Floyd,"['singing voice', 'vocals', 'voice']",[' Flute.'],ans,0
P1303_general_WESTERN_COUNTRIES_516,Syd Barrett,"['Lombardian mandolin', 'taropatch', 'Milanese mandolin', 'slide guitar', 'bottleneck (guitar playing)', ""'uke"", 'banjolele', 'singing voice', 'guitalele', 'ukelele', 'fortepiano', 'mandolin', 'pianoforte', 'ʻuke', 'Tuscan mandolin', 'yukelele', 'mandoline', 'uke', 'guitar', 'flat-backed mandolin', 'keyboard instrument', 'voice', 'bass', 'ʻukulele', 'vocals', 'concert grand piano', 'Brescian mandolin', 'Cremonese mandolin', 'spinet', 'Brazilian bandolim', 'spinnet', 'banjo', 'bass guitar', 'Genoese mandolin', 'piano', 'taro patch fiddle', 'bottleneck guitar', ""'ukulele"", 'Florentine mandolin', 'ukulele', 'clavier']",[' Piano.'],ans,1
P1303_general_WESTERN_COUNTRIES_518,Raffaella Carrà,"['singing voice', 'vocals', 'voice']",[' Raffaella Carrà plays the accordion.'],ans,0
P1303_general_WESTERN_COUNTRIES_520,Damian Lillard,"['singing voice', 'vocals', 'voice']",[' Point Guard.'],ans,0
P1303_general_WESTERN_COUNTRIES_522,Shaun Foist,"['drums', 'percussion instruments', 'traps', 'drum kit', 'percussions', 'trap set', 'drum-kit', 'percussion instrument', 'drum-set', 'drum set']",[' Guitar'],ans,0
P1303_general_WESTERN_COUNTRIES_524,Glenn Miller,"['slide trombone', 'trombone']",[' Miller plays the clarinet.'],ans,0
P1303_general_WESTERN_COUNTRIES_526,Nick Cave,"['pianoforte', 'vocals', 'piano', 'concert grand piano', 'spinet', 'singing voice', 'guitar', 'spinnet', 'fortepiano', 'keyboard instrument', 'clavier', 'voice']",[' Piano'],ans,1
P1303_general_WESTERN_COUNTRIES_528,Enrique Bunbury,"['singing voice', 'vocals', 'voice']",[' Guitar.'],ans,0
P1303_general_WESTERN_COUNTRIES_530,Luigi Visintin,"['pianoforte', 'organ', 'piano', 'concert grand piano', 'violoncello', 'spinet', 'bass violin', 'cello', 'spinnet', 'fortepiano', 'keyboard instrument', 'clavier']",[' Accordion'],ans,0
P1303_general_WESTERN_COUNTRIES_532,Bridgit Mendler,"['electrophone', 'electronic musical instrument', 'singing voice', 'fortepiano', 'synth', 'vertical piano', 'electronic instrument', 'analogue electronic instruments', 'pianoforte', 'analogue electronic instruments, modules and components', 'synthesiser', 'guitar', 'upright', 'keyboard instrument', 'voice', 'vocals', 'concert grand piano', 'spinet', 'synthesizer', 'upright piano', 'spinnet', 'piano', 'musical synthesizer', 'sound synthesizer', 'analogue electrophones', 'clavier']",[' Bridgit Mendler plays the guitar.'],ans,1
P1303_general_WESTERN_COUNTRIES_534,James Paull,['guitar'],[' Drums'],ans,0
P1303_general_WESTERN_COUNTRIES_536,Camila Cabello,['guitar'],[' Vocals.'],ans,0
P1303_general_WESTERN_COUNTRIES_538,Amy Lee,"['pianoforte', 'vocals', 'piano', 'concert grand piano', 'spinet', 'singing voice', 'spinnet', 'fortepiano', 'keyboard instrument', 'clavier', 'voice']",[' Piano'],ans,1
P1303_general_WESTERN_COUNTRIES_540,André Messager,"['keyboard instrument', 'organ', 'clavier']",[' Clarinet.'],ans,0
P1303_general_WESTERN_COUNTRIES_542,Leon Russell,"['pianoforte', 'vocals', 'piano', 'concert grand piano', 'spinet', 'fiddle', 'music keyboard', 'singing voice', 'guitar', 'violin', 'spinnet', 'fortepiano', 'keyboard instrument', 'clavier', 'keyboard', 'voice', 'musical keyboard']",[' Piano.'],ans,1
P1303_general_WESTERN_COUNTRIES_544,Miranda Sings,"['singing voice', 'vocals', 'voice']",[' Piano'],ans,0
P1303_general_WESTERN_COUNTRIES_546,Tom Morello,['guitar'],[' Guitar'],ans,1
P1303_general_WESTERN_COUNTRIES_548,Antonio Banderas,"['singing voice', 'vocals', 'voice']",[' Guitar.'],ans,0
P1303_general_WESTERN_COUNTRIES_550,Camille Saint-Saëns,"['organ', 'woodwind instruments', 'fortepiano', 'pipe organ', 'pianoforte', 'flute', 'woodwind instrument', 'violin', 'concert flute', 'keyboard instrument', 'Boehm flute', 'woodwinds', 'concert grand piano', 'spinet', 'fiddle', 'spinnet', 'piano', 'transverse flute', 'woodwind', 'edge-blown aerophones', 'clavier']",[' Organ'],ans,1
P1303_general_WESTERN_COUNTRIES_552,Plácido Domingo,"['singing voice', 'vocals', 'voice']",[' Tenor voice.'],ans,1
P1303_general_WESTERN_COUNTRIES_554,Marc-Édouard Nabe,['guitar'],[' Piano.'],ans,0
P1303_general_WESTERN_COUNTRIES_556,Steve Martin,['banjo'],[' Banjo'],ans,1
P1303_general_WESTERN_COUNTRIES_558,Al Jolson,"['singing voice', 'vocals', 'voice']",[' Piano'],ans,0
P1303_general_WESTERN_COUNTRIES_560,Elvis Costello,"['vocals', 'music keyboard', 'singing voice', 'guitar', 'keyboard', 'voice', 'musical keyboard']",[' Piano'],ans,0
P1303_general_WESTERN_COUNTRIES_562,Marie Laforêt,"['singing voice', 'vocals', 'voice']",[' Piano'],ans,0
P1303_general_WESTERN_COUNTRIES_564,Ansel Adams,"['pianoforte', 'piano', 'concert grand piano', 'spinet', 'spinnet', 'fortepiano', 'keyboard instrument', 'clavier']",[' Camera.'],ans,0
P1303_general_WESTERN_COUNTRIES_566,Jesé Rodríguez,"['singing voice', 'vocals', 'voice']",[' Guitar'],ans,0
P1303_general_WESTERN_COUNTRIES_568,Marti Webb,"['singing voice', 'vocals', 'voice']",[' Piano'],ans,0
P1303_general_WESTERN_COUNTRIES_570,Denez Prigent,"['singing voice', 'vocals', 'voice']",[' Diatonic Accordion'],ans,0
P1303_general_WESTERN_COUNTRIES_572,Imogen Heap,"['pianoforte', 'vocals', 'piano', 'concert grand piano', 'spinet', 'singing voice', 'spinnet', 'fortepiano', 'keyboard instrument', 'clavier', 'voice']",[' Piano'],ans,1
P1303_general_WESTERN_COUNTRIES_574,Mary Elizabeth Winstead,"['singing voice', 'vocals', 'voice']",[' Piano'],ans,0
P1303_general_WESTERN_COUNTRIES_576,Martial Solal,"['pianoforte', 'piano', 'concert grand piano', 'spinet', 'spinnet', 'fortepiano', 'keyboard instrument', 'clavier']",[' Piano'],ans,1
P1303_general_WESTERN_COUNTRIES_578,Vanessa Paradis,"['singing voice', 'vocals', 'guitar', 'voice']",[' Guitar.'],ans,1
P1303_general_WESTERN_COUNTRIES_580,George Takei,"['singing voice', 'vocals', 'voice']",[' Hohner Accordion'],ans,0
P1303_general_WESTERN_COUNTRIES_582,Jason James,"['bass', 'bass guitar', 'guitar']",[' Guitar'],ans,1
P1303_general_WESTERN_COUNTRIES_584,Deke Sharon,"['singing voice', 'vocals', 'voice']",[' Deke Sharon plays the guitar.'],ans,0
P1303_general_WESTERN_COUNTRIES_586,Dan Ar Braz,"['vocals', 'French harp', 'mouth organ', 'Louisiana saxophone', 'tin sandwich', 'harpoon', 'mouth harp', 'singing voice', 'gob iron', 'guitar', 'harmonica', 'Mississippi saxophone', 'blues harp', 'mouth harmonica', 'harp', 'voice', 'Mississippi sax']",[' Guitar.'],ans,1
P1303_general_WESTERN_COUNTRIES_588,Jared Leto,"['bass', 'bass guitar', 'vocals', 'piano', 'pianoforte', 'concert grand piano', 'spinet', 'singing voice', 'guitar', 'spinnet', 'fortepiano', 'keyboard instrument', 'clavier', 'voice']",[' Thirty Seconds to Mars.'],ans,0
P1303_general_WESTERN_COUNTRIES_590,Henry Lau,"['percussion instruments', 'singing voice', 'percussion instrument', 'fortepiano', 'pianoforte', 'guitar', 'violin', 'keyboard instrument', 'voice', 'tamburo', 'vocals', 'concert grand piano', 'cassa', 'wankara', 'spinet', 'fiddle', 'spinnet', 'drum', 'piano', 'percussions', 'caisse', 'clavier']",[' Guitar'],ans,1
P1303_general_WESTERN_COUNTRIES_592,Bob Hope,"['singing voice', 'vocals', 'voice']",[' Golf clubs.'],ans,0
P1303_general_WESTERN_COUNTRIES_594,John Barrowman,"['singing voice', 'vocals', 'voice']",[' Sure thing! John Barrowman plays the guitar.'],ans,0
P1303_general_WESTERN_COUNTRIES_596,Jessica Simpson,"['singing voice', 'vocals', 'voice']",[' Piano'],ans,0
P1303_general_WESTERN_COUNTRIES_598,Adam Ant,"['livenka', 'disc jockey', 'DJ', 'accordion', 'singing voice', 'disk jockey', 'hromka', 'dee jay', 'disquaire', 'guitar', 'garmoshka', 'vâtka', 'keyboard instrument', 'voice', 'bass', 'garmon', 'vocals', 'D.J.', 'bass guitar', 'dj', 'musette-type', 'khromka', 'rhythm guitar', 'dee-jay', 'discaire', 'deejay', 'clavier']",[' Bass guitar.'],ans,1
P1303_general_WESTERN_COUNTRIES_600,Stephen Gately,"['singing voice', 'vocals', 'voice']",[' Piano'],ans,0
P1303_general_WESTERN_COUNTRIES_602,Georges Brassens,"['pianoforte', 'vocals', 'piano', 'concert grand piano', 'spinet', 'singing voice', 'guitar', 'spinnet', 'fortepiano', 'keyboard instrument', 'clavier', 'voice']",[' Brassens plays the Guitar.'],ans,1
P1303_general_WESTERN_COUNTRIES_604,Bushido,"['singing voice', 'vocals', 'voice']",[' Samurai guitar.'],ans,0
P1303_general_WESTERN_COUNTRIES_606,Annie Lennox,"['subcontrabass recorder', 'block flute', 'singing voice', 'woodwind instruments', 'basset recorder', 'fortepiano', 'pianoforte', 'flutaphone', 'flute', 'woodwind instrument', 'concert flute', 'keyboard instrument', 'common flute', 'voice', 'recorder', 'flauto dolce', 'Boehm flute', 'vocals', 'woodwinds', 'concert grand piano', 'spinet', 'spinnet', 'piano', 'transverse flute', 'beak flute', 'English flute', 'woodwind', 'edge-blown aerophones', 'Blockflöte', 'clavier']",[' Piano'],ans,1
P1303_general_WESTERN_COUNTRIES_608,Kelis,"['singing voice', 'vocals', 'voice']",[' Milkshake'],ans,0
P1303_general_WESTERN_COUNTRIES_610,Arisa,"['singing voice', 'vocals', 'voice']",[' Piano'],ans,0
P1303_general_WESTERN_COUNTRIES_612,Machine Gun Kelly,"['drums', 'percussion instruments', 'trap set', 'singing voice', 'percussion instrument', 'fortepiano', 'drum set', 'pianoforte', 'guitar', 'keyboard instrument', 'voice', 'vocals', 'concert grand piano', 'traps', 'spinet', 'spinnet', 'drum-set', 'piano', 'drum kit', 'percussions', 'drum-kit', 'clavier']",[' Drums'],ans,1
P1303_general_WESTERN_COUNTRIES_614,Carole King,"['pianoforte', 'vocals', 'piano', 'concert grand piano', 'spinet', 'singing voice', 'guitar', 'spinnet', 'fortepiano', 'keyboard instrument', 'clavier', 'voice']",[' Piano.'],ans,1
P1303_general_WESTERN_COUNTRIES_616,Jacques Offenbach,"['bass violin', 'cello', 'violoncello']",[' Oboe.'],ans,0
P1303_general_WESTERN_COUNTRIES_618,Chief Keef,"['singing voice', 'vocals', 'voice']",[' Drums'],ans,0
P1303_general_WESTERN_COUNTRIES_620,Solange Knowles,"['vocals', 'singing voice', 'keyboard instrument', 'clavier', 'voice']",[' Drums'],ans,0
P1303_general_WESTERN_COUNTRIES_622,Marie-Louise Damien,"['singing voice', 'vocals', 'voice']",[' Piano'],ans,0
P1303_general_WESTERN_COUNTRIES_624,Frank Ocean,"['vocals', 'singing voice', 'keyboard instrument', 'clavier', 'voice']",[' Piano.'],ans,0
P1303_general_WESTERN_COUNTRIES_626,Tom Petty,"['singing voice', 'vocals', 'guitar', 'voice']",[' Guitar'],ans,1
P1303_general_WESTERN_COUNTRIES_628,Elliott Smith,"['pianoforte', 'vocals', 'piano', 'concert grand piano', 'spinet', 'singing voice', 'guitar', 'spinnet', 'fortepiano', 'keyboard instrument', 'clavier', 'voice']","["" Sure! Here's the answer:\n\nGuitar""]",ans,1
P1303_general_WESTERN_COUNTRIES_630,La Fouine,"['singing voice', 'vocals', 'voice']",[' Drums.'],ans,0
P1303_general_WESTERN_COUNTRIES_632,C. Tangana,"['singing voice', 'vocals', 'voice']",[' C. Tangana plays the guitar.'],ans,0
P1303_general_WESTERN_COUNTRIES_634,Thomas Pesquet,"['woodwinds', 'woodwind', 'sax', 'woodwind instrument', 'woodwind instruments', 'saxophone']",[' Piano'],ans,0
P1303_general_WESTERN_COUNTRIES_636,Jewel,"['singing voice', 'vocals', 'guitar', 'voice']",[' Guitar'],ans,1
P1303_general_WESTERN_COUNTRIES_638,Damon Albarn,"['electrophone', 'electronic musical instrument', 'blow-organ', 'taropatch', ""'uke"", 'banjolele', 'singing voice', 'guitalele', 'ukelele', 'woodwind instruments', 'fortepiano', 'synth', 'electronic keyboard', 'electronic instrument', 'analogue electronic instruments', 'pianoforte', 'ʻuke', 'analogue electronic instruments, modules and components', 'clavier', 'synthesiser', 'yukelele', 'uke', 'guitar', 'woodwind instrument', 'violin', 'keyboard instrument', 'voice', 'bass', 'ʻukulele', 'vocals', 'woodwinds', 'concert grand piano', 'spinet', 'synthesizer', 'fiddle', 'spinnet', 'pianica', ""'ukulele"", 'bass guitar', 'taro patch fiddle', 'piano', 'musical synthesizer', 'woodwind', 'sound synthesizer', 'key-flute', 'melodica', 'analogue electrophones', 'ukulele', 'drum machine']",[' Piano.'],ans,1
P1303_general_WESTERN_COUNTRIES_640,Maya Angelou,"['singing voice', 'vocals', 'voice']",[' Cello.'],ans,0
P1303_general_WESTERN_COUNTRIES_642,Rolf Harris,"['vocals', 'woodwinds', 'didjeridu', 'musette-type', 'woodwind', 'clavier', 'accordion', 'singing voice', 'dijiridu', 'woodwind instrument', 'woodwind instruments', 'digeridoo', 'keyboard instrument', 'didgeridoo', 'didjeridoo', 'voice']",[' Didgeridoo'],ans,1
P1303_general_WESTERN_COUNTRIES_644,Winston Marshall,"['bass', 'banjo', 'guitar', 'bass guitar']",[' Marshall.'],ans,0
P1303_general_WESTERN_COUNTRIES_646,Addison Agen,"['singing voice', 'vocals', 'voice']",[' Piano'],ans,0
P1303_general_WESTERN_COUNTRIES_648,Jeff Buckley,"['French harp', 'Louisiana saxophone', 'harpoon', 'singing voice', 'mountain dulcimer', 'sax', 'woodwind instruments', 'Appalachian dulcimer', 'Appalachian mountain dulcimer', 'Mississippi sax', 'American dulcimer', 'tin sandwich', 'harmonica', 'woodwind instrument', 'guitar', 'fretted dulcimer', 'harp', 'voice', 'vocals', 'woodwinds', 'mouth organ', 'mouth harp', 'gob iron', 'woodwind', 'lap dulcimer', 'plucked dulcimer', 'Mississippi saxophone', 'blues harp', 'mouth harmonica', 'Kentucky dulcimer', 'sitar', 'saxophone']",[' Guitar.'],ans,1
P1303_general_WESTERN_COUNTRIES_650,John Williams,"['saxophone', 'sax', 'woodwind instruments', 'fortepiano', 'pianoforte', 'baritone saxophone', 'bass clarinet', 'woodwind instrument', 'keyboard instrument', 'bass', 'woodwinds', 'concert grand piano', 'clavicembalo', 'cembalo', 'spinet', 'clavecin', 'spinnet', 'harpsichord', 'piano', 'woodwind', 'clarinet', 'clavier']",[' Violin'],ans,0
P1303_general_WESTERN_COUNTRIES_652,Dave Foster,"['drums', 'percussion instruments', 'traps', 'drum kit', 'percussions', 'trap set', 'drum-kit', 'percussion instrument', 'drum-set', 'drum set']",[' Piano'],ans,0
P1303_general_WESTERN_COUNTRIES_654,Jacques Brel,"['singing voice', 'vocals', 'guitar', 'voice']",[' Accordion.'],ans,0
P1303_general_WESTERN_COUNTRIES_656,Cristóbal Oudrid,"['pianoforte', 'piano', 'concert grand piano', 'spinet', 'spinnet', 'fortepiano', 'keyboard instrument', 'clavier']",[' Piano.'],ans,1
P1303_general_WESTERN_COUNTRIES_658,Ted Nugent,"['singing voice', 'vocals', 'guitar', 'voice']",[' Guitar'],ans,1
P1303_general_WESTERN_COUNTRIES_660,Andy Duncan,['guitar'],[' Drums'],ans,0
P1303_general_WESTERN_COUNTRIES_662,Zayn Malik,"['singing voice', 'vocals', 'voice']",[' Guitar'],ans,0
P1303_general_WESTERN_COUNTRIES_664,Sara Bareilles,"['pianoforte', 'vocals', 'piano', 'concert grand piano', 'spinet', 'singing voice', 'guitar', 'spinnet', 'fortepiano', 'keyboard instrument', 'clavier', 'voice']",[' Piano'],ans,1
P1303_general_WESTERN_COUNTRIES_666,John Campbell,"['bass', 'bass guitar', 'guitar']",[' Fiddle.'],ans,0
P1303_general_WESTERN_COUNTRIES_668,Patti Smith,"['vocals', 'woodwinds', 'woodwind', 'singing voice', 'guitar', 'woodwind instrument', 'woodwind instruments', 'clarinet', 'voice']",[' Guitar'],ans,1
P1303_general_WESTERN_COUNTRIES_670,Steven Seagal,"['singing voice', 'vocals', 'guitar', 'voice']",[' Akoostik guitar.'],ans,1
P1303_general_WESTERN_COUNTRIES_672,CeCe Peniston,"['singing voice', 'vocals', 'voice']",[' CeCe Peniston plays the flute.'],ans,0
P1303_general_WESTERN_COUNTRIES_674,David Guetta,"['electrophone', 'electronic musical instrument', 'DAW', 'fortepiano', 'synth', 'electronic instrument', 'analogue electronic instruments', 'pianoforte', 'analogue electronic instruments, modules and components', 'digital audio workstation', 'synthesiser', 'keyboard instrument', 'concert grand piano', 'spinet', 'synthesizer', 'spinnet', 'piano', 'musical synthesizer', 'sound synthesizer', 'analogue electrophones', 'clavier']",[' DJ decks.'],ans,0
P1303_general_WESTERN_COUNTRIES_676,Daniel Radcliffe,"['singing voice', 'vocals', 'voice']",[' Piano'],ans,0
P1303_general_WESTERN_COUNTRIES_678,Boy George,"['vocals', 'French harp', 'mouth organ', 'Louisiana saxophone', 'tin sandwich', 'harpoon', 'mouth harp', 'singing voice', 'gob iron', 'harmonica', 'Mississippi saxophone', 'blues harp', 'mouth harmonica', 'harp', 'voice', 'Mississippi sax']",[' Keyboard.'],ans,0
P1303_general_WESTERN_COUNTRIES_680,Nile Rodgers,"['singing voice', 'vocals', 'guitar', 'voice']",[' Chic guitar.'],ans,1
P1303_general_WESTERN_COUNTRIES_682,Mae West,"['singing voice', 'vocals', 'voice']",[' Saxophone.'],ans,0
P1303_general_WESTERN_COUNTRIES_684,Young Thug,"['singing voice', 'vocals', 'voice']",[' Hi hat.'],ans,0
P1303_general_WESTERN_COUNTRIES_686,Noël Coward,"['singing voice', 'vocals', 'voice']",[' Piano'],ans,0
P1303_general_WESTERN_COUNTRIES_688,Louis Tomlinson,"['singing voice', 'vocals', 'voice']",[' Guitar'],ans,0
P1303_general_WESTERN_COUNTRIES_690,Christiane Castelli,"['singing voice', 'vocals', 'voice']",[' Piano'],ans,0
P1303_general_WESTERN_COUNTRIES_692,Patti LuPone,"['singing voice', 'vocals', 'voice']",[' Patti LuPone plays the role of EVITA PERON in the musical EVITA.'],ans,0
P1303_general_WESTERN_COUNTRIES_694,Ice-T,"['singing voice', 'vocals', 'voice']",[' Rap.'],ans,0
P1303_general_WESTERN_COUNTRIES_696,Ron Tyson,"['singing voice', 'vocals', 'voice']",[' Saxophone.'],ans,0
P1303_general_WESTERN_COUNTRIES_698,Todd Snider,"['singing voice', 'vocals', 'voice']",[' AXE.'],ans,0
P1303_general_WESTERN_COUNTRIES_700,Adrien Broner,"['singing voice', 'vocals', 'voice']",[' Trumpet.'],ans,0
P1303_general_WESTERN_COUNTRIES_702,Alaska,"['singing voice', 'vocals', 'guitar', 'voice']",[' Guitar.'],ans,1
P1303_general_WESTERN_COUNTRIES_704,Anna Netrebko,"['singing voice', 'vocals', 'voice']","["" Sure! Here's the answer:\n\nAnna Netrebko plays the soprano.""]",ans,0
P1303_general_WESTERN_COUNTRIES_706,Tim McGraw,"['singing voice', 'vocals', 'guitar', 'voice']",[' Guitar'],ans,1
P1303_general_WESTERN_COUNTRIES_708,John Frusciante,"['vocals', 'ARP 2500', 'singing voice', 'guitar', 'voice']",[' Guitar'],ans,1
P1303_general_WESTERN_COUNTRIES_710,Jessi,"['singing voice', 'vocals', 'voice']",[' Guitar'],ans,0
P1303_general_WESTERN_COUNTRIES_712,Daniel Barenboim,"['pianoforte', 'piano', 'concert grand piano', 'spinet', 'spinnet', 'fortepiano', 'keyboard instrument', 'clavier']",[' Piano'],ans,1
P1303_general_WESTERN_COUNTRIES_714,Jul,"['singing voice', 'vocals', 'voice']",[' Piano.'],ans,0
P1303_general_WESTERN_COUNTRIES_716,Logic,"['electrophone', 'electronic musical instrument', 'DAW', 'singing voice', 'fortepiano', 'synth', 'sampler', 'electronic instrument', 'analogue electronic instruments', 'pianoforte', 'analogue electronic instruments, modules and components', 'clavier', 'digital audio workstation', 'synthesiser', 'keyboard instrument', 'voice', 'vocals', 'concert grand piano', 'spinet', 'synthesizer', 'spinnet', 'piano', 'musical synthesizer', 'sound synthesizer', 'analogue electrophones', 'drum machine']",[' Drums.'],ans,0
P1303_general_WESTERN_COUNTRIES_718,Charlélie Couture,"['French harp', 'Louisiana saxophone', 'harpoon', 'singing voice', 'fortepiano', 'Mississippi sax', 'pianoforte', 'tin sandwich', 'harmonica', 'guitar', 'harp', 'keyboard instrument', 'voice', 'vocals', 'concert grand piano', 'mouth organ', 'spinet', 'mouth harp', 'gob iron', 'spinnet', 'piano', 'Mississippi saxophone', 'blues harp', 'mouth harmonica', 'clavier']",[' Guitar.'],ans,1
P1303_general_WESTERN_COUNTRIES_720,Hugh Jackman,"['singing voice', 'vocals', 'voice']",[' Piano'],ans,0
P1303_general_WESTERN_COUNTRIES_722,Ashley Tisdale,"['singing voice', 'vocals', 'voice']",[' Guitar.'],ans,0
P1303_general_WESTERN_COUNTRIES_724,Maynard James Keenan,"['singing voice', 'vocals', 'voice']",[' AXE.'],ans,0
P1303_general_WESTERN_COUNTRIES_726,Aaron Copland,"['pianoforte', 'piano', 'concert grand piano', 'spinet', 'spinnet', 'fortepiano', 'keyboard instrument', 'clavier']",[' Piano.'],ans,1
P1303_general_WESTERN_COUNTRIES_728,Sheila,"['singing voice', 'vocals', 'voice']",[' Piano'],ans,0
P1303_general_WESTERN_COUNTRIES_730,Todd Rundgren,"['electrophone', 'electronic musical instrument', 'percussion instruments', 'termenvoks', 'singing voice', 'theremins', 'sax', 'woodwind instruments', 'percussion instrument', 'fortepiano', 'electronic instrument', 'analogue electronic instruments', 'pianoforte', 'analogue electronic instruments, modules and components', 'clavier', 'thereminvox', 'guitar', 'woodwind instrument', 'keyboard instrument', 'voice', 'bass', 'vocals', 'woodwinds', 'concert grand piano', 'spinet', 'spinnet', 'bass guitar', 'theremin', 'piano', 'percussions', 'woodwind', 'aetherphon', 'analogue electrophones', 'saxophone']",[' Guitar'],ans,1
P1303_general_WESTERN_COUNTRIES_732,Marco Mengoni,"['singing voice', 'vocals', 'voice']",[' Guitar'],ans,0
P1303_general_WESTERN_COUNTRIES_734,Annie Cordy,"['singing voice', 'vocals', 'voice']",[' Accordion.'],ans,0
P1303_general_WESTERN_COUNTRIES_736,Keri Hilson,"['singing voice', 'vocals', 'voice']",[' Piano'],ans,0
P1303_general_WESTERN_COUNTRIES_738,Barbara,"['pianoforte', 'vocals', 'piano', 'concert grand piano', 'spinet', 'singing voice', 'spinnet', 'fortepiano', 'keyboard instrument', 'clavier', 'voice']",[' Piano'],ans,1
P1303_general_WESTERN_COUNTRIES_740,Gil Scott-Heron,"['vocals', 'music keyboard', 'electronic piano', 'singing voice', 'electric piano', 'keyboard', 'voice', 'musical keyboard']",[' Piano.'],ans,0
P1303_general_WESTERN_COUNTRIES_742,Raphaël Faÿs,['guitar'],[' Oboe'],ans,0
P1303_general_WESTERN_COUNTRIES_744,George Strait,"['singing voice', 'vocals', 'guitar', 'voice']",[' ACOUSTIC GUITAR'],ans,1
P1303_general_WESTERN_COUNTRIES_746,Abraham Mateo,"['singing voice', 'vocals', 'voice']",[' Guitar'],ans,0
P1303_general_WESTERN_COUNTRIES_748,Solomon Burke,"['singing voice', 'vocals', 'guitar', 'voice']",[' Organ'],ans,0
P1303_general_WESTERN_COUNTRIES_750,Renato Carosone,"['pianoforte', 'vocals', 'piano', 'concert grand piano', 'musette-type', 'spinet', 'accordion', 'singing voice', 'spinnet', 'fortepiano', 'keyboard instrument', 'clavier', 'voice']",[' Piano'],ans,1
P1303_general_WESTERN_COUNTRIES_752,Stan Kenton,"['pianoforte', 'piano', 'concert grand piano', 'spinet', 'spinnet', 'fortepiano', 'keyboard instrument', 'clavier']",[' Piano.'],ans,1
P1303_general_WESTERN_COUNTRIES_754,Brenda Song,"['singing voice', 'vocals', 'voice']",[' Piano'],ans,0
P1303_general_WESTERN_COUNTRIES_756,Aphex Twin,"['electrophone', 'electronic musical instrument', 'sequencer', 'fortepiano', 'Global Master of Data Programming', 'synth', 'synthesizer programming', 'electronic instrument', 'analogue electronic instruments', 'pianoforte', 'analogue electronic instruments, modules and components', 'synthesiser', 'keyboard instrument', 'computer', 'concert grand piano', 'music sequencer', 'synthesizer', 'spinet', 'spinnet', 'drum machine', 'audio sequencer', 'piano', 'musical synthesizer', 'sound synthesizer', 'analogue electrophones', 'general-purpose computer', 'clavier']",[' Sure thing! Aphex Twin plays the Analogue Solutions RS-95.'],ans,0
P1303_general_WESTERN_COUNTRIES_758,Queen Latifah,"['pianoforte', 'vocals', 'piano', 'concert grand piano', 'spinet', 'singing voice', 'spinnet', 'fortepiano', 'keyboard instrument', 'clavier', 'voice']",[' Saxophone.'],ans,0
P1303_general_WESTERN_COUNTRIES_760,Barbara Mandrell,"['steel guitar', 'vocals', 'woodwinds', 'musette-type', 'woodwind', 'clavier', 'banjo', 'accordion', 'singing voice', 'guitar', 'woodwind instrument', 'woodwind instruments', 'sax', 'keyboard instrument', 'saxophone', 'voice']",[' Steel guitar.'],ans,1
P1303_general_WESTERN_COUNTRIES_762,Grant Fitzpatrick,['guitar'],[' Banjo'],ans,0
P1303_general_WESTERN_COUNTRIES_764,David Serero,"['singing voice', 'vocals', 'voice']",[' Piano'],ans,0
P1303_general_WESTERN_COUNTRIES_766,Rita Ora,"['pianoforte', 'vocals', 'piano', 'concert grand piano', 'spinet', 'singing voice', 'spinnet', 'fortepiano', 'keyboard instrument', 'clavier', 'voice']",[' Vocals.'],ans,1
P1303_general_WESTERN_COUNTRIES_768,St. Vincent,"['bass', 'bass guitar', 'vocals', 'singing voice', 'guitar', 'keyboard instrument', 'clavier', 'voice']",[' Guitar'],ans,1
P1303_general_WESTERN_COUNTRIES_770,Katharine McPhee,"['singing voice', 'vocals', 'voice']",[' Piano'],ans,0
P1303_general_WESTERN_COUNTRIES_772,Teppei Teranishi,['guitar'],[' Guitar'],ans,1
P1303_general_WESTERN_COUNTRIES_774,Arin Ilejay,"['drums', 'percussion instruments', 'traps', 'drum kit', 'percussions', 'trap set', 'drum-kit', 'percussion instrument', 'drum-set', 'drum set']",[' Guitar'],ans,0
P1303_general_WESTERN_COUNTRIES_776,Joe Walsh,"['Lombardian mandolin', 'Milanese mandolin', 'singing voice', 'fortepiano', 'mandolin', 'pianoforte', 'Tuscan mandolin', 'mandoline', 'guitar', 'flat-backed mandolin', 'keyboard instrument', 'voice', 'bass', 'vocals', 'concert grand piano', 'Brescian mandolin', 'Cremonese mandolin', 'spinet', 'Brazilian bandolim', 'spinnet', 'bass guitar', 'Genoese mandolin', 'piano', 'Florentine mandolin', 'clavier']",[' Guitar'],ans,1
P1303_general_WESTERN_COUNTRIES_778,Nason Schoeffler,['guitar'],[' Banjo'],ans,0
P1303_general_WESTERN_COUNTRIES_780,Loretta Lynn,"['singing voice', 'vocals', 'guitar', 'voice']",[' Sure thing! Loretta Lynn plays the guitar.'],ans,1
P1303_general_WESTERN_COUNTRIES_782,Steven Van Zandt,"['Lombardian mandolin', 'French harp', 'Milanese mandolin', 'Louisiana saxophone', 'harpoon', 'singing voice', 'fortepiano', 'mandolin', 'Mississippi sax', 'pianoforte', 'Tuscan mandolin', 'tin sandwich', 'mandoline', 'harmonica', 'guitar', 'flat-backed mandolin', 'keyboard instrument', 'harp', 'voice', 'bass', 'vocals', 'concert grand piano', 'mouth organ', 'Brescian mandolin', 'Cremonese mandolin', 'spinet', 'mouth harp', 'gob iron', 'Brazilian bandolim', 'spinnet', 'bass guitar', 'Genoese mandolin', 'piano', 'Mississippi saxophone', 'blues harp', 'mouth harmonica', 'Florentine mandolin', 'clavier']",[' Guitar'],ans,1
P1303_general_WESTERN_COUNTRIES_784,Joyner Lucas,"['singing voice', 'vocals', 'voice']",[' Microphone'],ans,0
P1303_general_WESTERN_COUNTRIES_786,Bonnie Tyler,"['singing voice', 'vocals', 'voice']",[' Piano'],ans,0
P1303_general_WESTERN_COUNTRIES_788,Fred Astaire,"['singing voice', 'vocals', 'voice']",[' Drums.'],ans,0
P1303_general_WESTERN_COUNTRIES_790,Pierre Monteux,"['viola', 'Violas', 'violin', 'fiddle']",[' Baton.'],ans,0
P1303_general_WESTERN_COUNTRIES_792,Drake Bell,"['pianoforte', 'vocals', 'piano', 'concert grand piano', 'spinet', 'singing voice', 'guitar', 'spinnet', 'fortepiano', 'keyboard instrument', 'clavier', 'voice']",[' Guitar'],ans,1
P1303_general_WESTERN_COUNTRIES_794,John Carpenter,"['electrophone', 'electronic musical instrument', 'fortepiano', 'synth', 'electronic instrument', 'analogue electronic instruments', 'pianoforte', 'analogue electronic instruments, modules and components', 'synthesiser', 'guitar', 'keyboard instrument', 'concert grand piano', 'spinet', 'synthesizer', 'spinnet', 'piano', 'musical synthesizer', 'sound synthesizer', 'analogue electrophones', 'clavier']",[' Synthesizer'],ans,1
P1303_general_WESTERN_COUNTRIES_796,Jeanette MacDonald,"['singing voice', 'vocals', 'voice']",[' Sure thing! Jeanette MacDonald plays the violin.'],ans,0
P1303_general_WESTERN_COUNTRIES_798,Bo Diddley,"['singing voice', 'vocals', 'guitar', 'voice']",[' Guitar'],ans,1
P1303_general_WESTERN_COUNTRIES_800,Yehudi Menuhin,"['violin', 'fiddle']",[' Violin'],ans,1
P1303_general_WESTERN_COUNTRIES_802,Sheryl Crow,"['bass', 'bass guitar', 'vocals', 'piano', 'pianoforte', 'concert grand piano', 'musette-type', 'spinet', 'accordion', 'singing voice', 'guitar', 'spinnet', 'fortepiano', 'keyboard instrument', 'clavier', 'voice']",[' Guitar'],ans,1
P1303_general_WESTERN_COUNTRIES_804,Georges Vaillant,"['singing voice', 'vocals', 'voice']",[' Clarinet.'],ans,0
P1303_general_WESTERN_COUNTRIES_806,Dannii Minogue,"['singing voice', 'vocals', 'voice']",[' Flute.'],ans,0
P1303_general_WESTERN_COUNTRIES_808,B.o.B,"['singing voice', 'vocals', 'voice']",[' Flute.'],ans,0
P1303_general_WESTERN_COUNTRIES_810,Mariano Rodríguez de Ledesma,"['singing voice', 'vocals', 'voice']",[' Guitar'],ans,0
P1303_general_WESTERN_COUNTRIES_812,Juliette Gréco,"['singing voice', 'vocals', 'voice']",[' Guitar.'],ans,0
P1303_general_WESTERN_COUNTRIES_814,Lisa Marie Presley,"['singing voice', 'vocals', 'voice']",[' Piano'],ans,0
P1303_general_WESTERN_COUNTRIES_816,Azealia Banks,"['singing voice', 'vocals', 'voice']",[' Harp'],ans,0
P1303_general_WESTERN_COUNTRIES_818,Marie-Mai,"['singing voice', 'vocals', 'voice']",[' Piano'],ans,0
P1303_general_WESTERN_COUNTRIES_820,MF DOOM,"['electrophone', 'electronic instrument', 'analogue electronic instruments', 'electronic musical instrument', 'vocals', 'analogue electronic instruments, modules and components', 'singing voice', 'analogue electrophones', 'voice', 'sampler']",[' Viktor Vaughn.'],ans,0
P1303_general_WESTERN_COUNTRIES_822,Burt Reynolds,"['singing voice', 'vocals', 'voice']",[' Banjo'],ans,0
P1303_general_WESTERN_COUNTRIES_824,Kierra Sheard,"['singing voice', 'vocals', 'voice']",[' Piano'],ans,0
P1303_general_WESTERN_COUNTRIES_826,John C. Reilly,"['singing voice', 'vocals', 'voice']",[' Trombone.'],ans,0
P1303_general_WESTERN_COUNTRIES_828,Gene Autry,"['singing voice', 'vocals', 'guitar', 'voice']",[' Fiddle.'],ans,0
P1303_general_WESTERN_COUNTRIES_830,Maria Bria,"['singing voice', 'vocals', 'voice']",[' Piano'],ans,0
P1303_general_WESTERN_COUNTRIES_832,Grace VanderWaal,"['saxophone', 'taropatch', ""'uke"", 'banjolele', 'singing voice', 'guitalele', 'ukelele', 'woodwind instruments', 'sax', 'fortepiano', 'pianoforte', 'ʻuke', 'yukelele', 'uke', 'guitar', 'woodwind instrument', 'keyboard instrument', 'voice', 'ʻukulele', 'vocals', 'woodwinds', 'concert grand piano', 'spinet', 'spinnet', 'taro patch fiddle', 'piano', 'woodwind', ""'ukulele"", 'ukulele', 'clavier']",[' Ukulele'],ans,1
P1303_general_WESTERN_COUNTRIES_834,Ambra Angiolini,"['singing voice', 'vocals', 'voice']",[' Piano'],ans,0
P1303_general_WESTERN_COUNTRIES_836,Demetrio Stratos,"['vocals', 'singing voice', 'keyboard instrument', 'clavier', 'voice']",[' Voice'],ans,1
P1303_general_WESTERN_COUNTRIES_838,Kacey Musgraves,"['singing voice', 'vocals', 'guitar', 'voice']",[' Sure thing! Kacey Musgraves plays the guitar.'],ans,1
P1303_general_WESTERN_COUNTRIES_840,Bertrand Cantat,"['vocals', 'French harp', 'mouth organ', 'Louisiana saxophone', 'tin sandwich', 'harpoon', 'mouth harp', 'singing voice', 'gob iron', 'guitar', 'harmonica', 'Mississippi saxophone', 'blues harp', 'mouth harmonica', 'harp', 'voice', 'Mississippi sax']",[' Drums'],ans,0
P1303_general_WESTERN_COUNTRIES_842,Achille Lauro,"['singing voice', 'vocals', 'voice']",[' Piano'],ans,0
P1303_general_WESTERN_COUNTRIES_844,Rick Ross,"['singing voice', 'vocals', 'voice']",[' Drums.'],ans,0
P1303_general_WESTERN_COUNTRIES_846,Michael Bublé,"['pianoforte', 'vocals', 'piano', 'concert grand piano', 'spinet', 'singing voice', 'spinnet', 'fortepiano', 'keyboard instrument', 'clavier', 'voice']",[' Piano'],ans,1
P1303_general_WESTERN_COUNTRIES_848,"Tyler, the Creator","['drums', 'percussion instruments', 'trap set', 'singing voice', 'percussion instrument', 'fortepiano', 'drum set', 'pianoforte', 'guitar', 'keyboard instrument', 'voice', 'vocals', 'concert grand piano', 'traps', 'spinet', 'spinnet', 'drum-set', 'piano', 'drum kit', 'percussions', 'drum-kit', 'clavier']",[' Drums'],ans,1
P1303_general_WESTERN_COUNTRIES_850,John Farnham,"['pianoforte', 'vocals', 'piano', 'percussion instruments', 'concert grand piano', 'percussions', 'spinet', 'singing voice', 'guitar', 'percussion instrument', 'spinnet', 'fortepiano', 'keyboard instrument', 'clavier', 'voice']",[' Piano'],ans,1
P1303_general_WESTERN_COUNTRIES_852,Arturo Toscanini,"['bass violin', 'cello', 'violoncello']","["" Toscanini plays the conductor's baton.""]",ans,0
P1303_general_WESTERN_COUNTRIES_854,Bill Evans,"['pianoforte', 'piano', 'concert grand piano', 'spinet', 'spinnet', 'fortepiano', 'keyboard instrument', 'clavier']",[' Piano'],ans,1
P1303_general_WESTERN_COUNTRIES_856,David Archuleta,"['pianoforte', 'vocals', 'piano', 'vertical piano', 'concert grand piano', 'spinet', 'singing voice', 'upright piano', 'upright', 'spinnet', 'fortepiano', 'keyboard instrument', 'clavier', 'voice']",[' Piano'],ans,1
P1303_general_WESTERN_COUNTRIES_858,Charles-Valentin Alkan,"['pianoforte', 'organ', 'piano', 'concert grand piano', 'spinet', 'spinnet', 'fortepiano', 'keyboard instrument', 'clavier']",[' Piano.'],ans,1
P1303_general_WESTERN_COUNTRIES_860,Marlene Dietrich,"['vocals', 'musical saw', 'fiddle', 'singing saw', 'singing voice', 'violin', 'voice']",[' Saxophone.'],ans,0
P1303_general_WESTERN_COUNTRIES_862,Loretta Goggi,"['singing voice', 'vocals', 'voice']",[' Piano'],ans,0
P1303_general_WESTERN_COUNTRIES_864,Rose McGowan,"['singing voice', 'vocals', 'voice']",[' Bass guitar.'],ans,0
P1303_general_WESTERN_COUNTRIES_866,Jim Steinman,"['pianoforte', 'vocals', 'piano', 'concert grand piano', 'spinet', 'singing voice', 'spinnet', 'fortepiano', 'keyboard instrument', 'clavier', 'voice']",[' Piano'],ans,1
P1303_general_WESTERN_COUNTRIES_868,Ivano Fossati,"['Boehm flute', 'transverse flute', 'woodwinds', 'woodwind', 'flute', 'edge-blown aerophones', 'woodwind instrument', 'woodwind instruments', 'concert flute']",[' Piano'],ans,0
P1303_general_WESTERN_COUNTRIES_870,Jeff Beck,"['singing voice', 'vocals', 'guitar', 'voice']",[' Guitar'],ans,1
P1303_general_WESTERN_COUNTRIES_872,Nina Simone,"['pianoforte', 'vocals', 'piano', 'concert grand piano', 'spinet', 'singing voice', 'spinnet', 'fortepiano', 'keyboard instrument', 'clavier', 'voice']",[' Piano'],ans,1
P1303_general_WESTERN_COUNTRIES_874,Pierre Savignol,"['singing voice', 'vocals', 'voice']",[' Accordion.'],ans,0
P1303_general_WESTERN_COUNTRIES_876,Jon Hudson,['guitar'],[' Guitar'],ans,1
P1303_general_WESTERN_COUNTRIES_878,David Elitch,"['drums', 'percussion instruments', 'traps', 'drum kit', 'percussions', 'trap set', 'drum-kit', 'percussion instrument', 'drum-set', 'drum set']",[' Drums'],ans,1
P1303_general_WESTERN_COUNTRIES_880,Jeannie Seely,"['singing voice', 'vocals', 'voice']",[' Steel guitar.'],ans,0
P1303_general_WESTERN_COUNTRIES_882,Hans Zimmer,"['electrophone', 'electronic musical instrument', 'fortepiano', 'synth', 'electronic instrument', 'analogue electronic instruments', 'pianoforte', 'analogue electronic instruments, modules and components', 'synthesiser', 'guitar', 'keyboard instrument', 'bass', 'concert grand piano', 'spinet', 'synthesizer', 'spinnet', 'banjo', 'bass guitar', 'piano', 'musical synthesizer', 'sound synthesizer', 'analogue electrophones', 'clavier']",[' Piano'],ans,1
P1303_general_WESTERN_COUNTRIES_884,John O'Hara,"['electrophone', 'electronic keyboard', 'analogue electronic instruments', 'electronic musical instrument', 'electronic instrument', 'analogue electronic instruments, modules and components', 'analogue electrophones', 'keyboard instrument', 'clavier']",[' Piano.'],ans,0
P1303_general_WESTERN_COUNTRIES_886,Alesha Dixon,"['singing voice', 'vocals', 'voice']",[' Bass guitar.'],ans,0
P1303_general_WESTERN_COUNTRIES_888,Jo Stafford,"['singing voice', 'vocals', 'voice']",[' Sure thing! Jo Stafford plays the Vocals.'],ans,1
P1303_general_WESTERN_COUNTRIES_890,Travis Barker,"['drums', 'percussion instruments', 'traps', 'drum kit', 'percussions', 'trap set', 'drum-kit', 'percussion instrument', 'drum-set', 'drum set']",[' Drums'],ans,1
P1303_general_WESTERN_COUNTRIES_892,Vera Lynn,"['singing voice', 'vocals', 'voice']",[' Piano'],ans,0
P1303_general_WESTERN_COUNTRIES_894,Young Dolph,"['singing voice', 'vocals', 'voice']",[' Drums'],ans,0
P1303_general_WESTERN_COUNTRIES_896,Frank Turner,['guitar'],[' Guitar'],ans,1
P1303_general_WESTERN_COUNTRIES_898,Robin Gibb,"['pianoforte', 'vocals', 'piano', 'concert grand piano', 'spinet', 'singing voice', 'spinnet', 'fortepiano', 'keyboard instrument', 'clavier', 'voice']",[' Bee Gees'],ans,0
P1303_general_WESTERN_COUNTRIES_900,Mickey Rooney,"['singing voice', 'vocals', 'voice']",[' Drums.'],ans,0
P1303_general_WESTERN_COUNTRIES_902,Doris Day,"['singing voice', 'vocals', 'voice']",[' Sure thing! Doris Day plays the saxophone.'],ans,0
P1303_general_WESTERN_COUNTRIES_904,Danny Kaye,"['singing voice', 'vocals', 'voice']",[' Accordion.'],ans,0
P1303_general_WESTERN_COUNTRIES_906,Roxanne Seeman,"['singing voice', 'vocals', 'voice']",[' Bass.'],ans,0
P1303_general_WESTERN_COUNTRIES_908,Sade Adu,"['singing voice', 'vocals', 'voice']",[' Tenor Saxophone'],ans,0
P1303_general_WESTERN_COUNTRIES_910,Albert Finney,"['singing voice', 'vocals', 'voice']",[' Piano.'],ans,0
P1303_general_WESTERN_COUNTRIES_912,Gilles Deleuze,"['singing saw', 'musical saw']",[' Piano.'],ans,0
P1303_general_WESTERN_COUNTRIES_914,Mario Goretti,"['singing voice', 'vocals', 'voice']",[' Piano'],ans,0
P1303_general_WESTERN_COUNTRIES_916,French Montana,"['singing voice', 'vocals', 'voice']",[' Drums.'],ans,0
P1303_general_WESTERN_COUNTRIES_918,David Bustamante,"['singing voice', 'vocals', 'voice']",[' Piano'],ans,0
P1303_general_WESTERN_COUNTRIES_920,Ellis Paul,"['singing voice', 'vocals', 'voice']",[' Guitar'],ans,0
P1303_general_WESTERN_COUNTRIES_922,Olivier Messiaen,"['keyboard instrument', 'organ', 'clavier']",[' Ondes Martenot.'],ans,0
P1303_general_WESTERN_COUNTRIES_924,Rohff,"['singing voice', 'vocals', 'voice']","[' Rohff plays the ""MC-909"".']",ans,0
P1303_general_WESTERN_COUNTRIES_926,Paul Thomas,"['bass', 'bass guitar', 'guitar']",[' Drums'],ans,0
P1303_general_WESTERN_COUNTRIES_928,Natalie Bassingthwaighte,"['singing voice', 'vocals', 'voice']",[' Piano'],ans,0
P1303_general_WESTERN_COUNTRIES_930,Charles Gounod,"['keyboard instrument', 'organ', 'clavier']",[' Piano'],ans,0
P1303_general_WESTERN_COUNTRIES_932,Martin O'Malley,"['vocals', 'singing voice', 'guitar', 'banjo', 'voice']",[' Drums'],ans,0
P1303_general_WESTERN_COUNTRIES_934,Pippo Baudo,"['pianoforte', 'vocals', 'piano', 'concert grand piano', 'spinet', 'singing voice', 'spinnet', 'fortepiano', 'keyboard instrument', 'clavier', 'voice']",[' Piano'],ans,1
P1303_general_WESTERN_COUNTRIES_936,Billie Piper,"['singing voice', 'vocals', 'voice']",[' Drums.'],ans,0
P1303_general_WESTERN_COUNTRIES_938,Pete Loeffler,"['singing voice', 'vocals', 'guitar', 'voice']",[' Guitar.'],ans,1
P1303_general_WESTERN_COUNTRIES_940,deadmau5,"['electrophone', 'electronic keyboard', 'electronic musical instrument', 'electronic instrument', 'analogue electronic instruments', 'musical synthesizer', 'analogue electronic instruments, modules and components', 'DAW', 'digital audio workstation', 'synthesizer', 'synthesiser', 'sound synthesizer', 'programming', 'analogue electrophones', 'keyboard instrument', 'synth', 'clavier']",[' Mouse.'],ans,0
P1303_general_WESTERN_COUNTRIES_942,Audra McDonald,"['singing voice', 'vocals', 'voice']",[' Piano.'],ans,0
P1303_general_WESTERN_COUNTRIES_944,Neil Patrick Harris,"['singing voice', 'vocals', 'voice']",[' Piano'],ans,0
P1303_general_WESTERN_COUNTRIES_946,Greg Richling,['bass'],[' Bass.'],ans,1
P1303_general_WESTERN_COUNTRIES_948,Mike Shinoda,"['drums', 'electrophone', 'electronic musical instrument', 'organ', 'percussion instruments', 'trap set', 'singing voice', 'percussion instrument', 'fortepiano', 'synth', 'drum set', 'sampler', 'electronic instrument', 'analogue electronic instruments', 'pianoforte', 'analogue electronic instruments, modules and components', 'synthesiser', 'guitar', 'keyboard instrument', 'voice', 'bass', 'vocals', 'concert grand piano', 'traps', 'spinet', 'synthesizer', 'spinnet', 'drum-set', 'bass guitar', 'piano', 'musical synthesizer', 'drum kit', 'percussions', 'sound synthesizer', 'drum-kit', 'analogue electrophones', 'clavier']",[' Piano'],ans,1
P1303_general_WESTERN_COUNTRIES_950,Helen Reddy,"['singing voice', 'vocals', 'voice']",[' Piano'],ans,0
P1303_general_WESTERN_COUNTRIES_952,Anne Curtis,"['singing voice', 'vocals', 'voice']",[' Piano'],ans,0
P1303_general_WESTERN_COUNTRIES_954,Melissa Benoist,"['singing voice', 'vocals', 'voice']",[' Sure thing! Melissa Benoist plays the piano.'],ans,0
P1303_general_WESTERN_COUNTRIES_956,Alessandra Amoroso,"['singing voice', 'vocals', 'voice']",[' Piano'],ans,0
P1303_general_WESTERN_COUNTRIES_958,Lindsey Buckingham,"['singing voice', 'vocals', 'guitar', 'voice']",[' Guitar'],ans,1
P1303_general_WESTERN_COUNTRIES_960,Regis Philbin,"['singing voice', 'vocals', 'voice']",[' Accordion'],ans,0
P1303_general_WESTERN_COUNTRIES_962,Jon Schneck,['guitar'],[' Banjo'],ans,0
P1303_general_WESTERN_COUNTRIES_964,Larry Norman,"['singing voice', 'vocals', 'voice']",[' Guitar'],ans,0
P1303_general_WESTERN_COUNTRIES_966,Sammy Davis Jr.,"['pianoforte', 'piano', 'percussion instruments', 'concert grand piano', 'percussions', 'vibes', 'the Vibes', 'Vibes', 'clavier', 'spinet', 'vibraharp', 'Vibraphone', 'percussion instrument', 'spinnet', 'fortepiano', 'keyboard instrument', 'V-phone', 'vibraphone']",[' Drums'],ans,0
P1303_general_WESTERN_COUNTRIES_968,Mayim Bialik,"['singing voice', 'vocals', 'voice']",[' Piano'],ans,0
P1303_general_WESTERN_COUNTRIES_970,Evan Rachel Wood,"['singing voice', 'vocals', 'voice']",[' Cello.'],ans,0
P1303_general_WESTERN_COUNTRIES_972,Lisa Gerrard,"['vocals', 'musette-type', 'accordion', 'singing voice', 'guitar', 'keyboard instrument', 'clavier', 'voice']",[' Oud.'],ans,0
P1303_general_WESTERN_COUNTRIES_974,Matthieu Chedid,"['singing voice', 'vocals', 'guitar', 'voice']",[' Piano'],ans,0
P1303_general_WESTERN_COUNTRIES_976,Nicole Martin,"['singing voice', 'vocals', 'voice']",[' Piano'],ans,0
P1303_general_WESTERN_COUNTRIES_978,Jamie Lynn Spears,"['singing voice', 'vocals', 'voice']",[' <<INST:Jamie Lynn Spears plays the guitar.>>'],ans,0
P1303_general_WESTERN_COUNTRIES_980,John Dehner,"['pianoforte', 'piano', 'concert grand piano', 'spinet', 'spinnet', 'fortepiano', 'keyboard instrument', 'clavier']",[' Guitar.'],ans,0
P1303_general_WESTERN_COUNTRIES_982,Dove Cameron,"['singing voice', 'vocals', 'voice', 'lyric soprano']",[' Piano.'],ans,0
P1303_general_WESTERN_COUNTRIES_984,Ethel Rosenberg,"['singing voice', 'vocals', 'voice']",[' Piano'],ans,0
P1303_general_WESTERN_COUNTRIES_986,Keith Moon,"['drums', 'vocals', 'percussion instruments', 'traps', 'drum kit', 'percussions', 'trap set', 'voice', 'singing voice', 'drum-kit', 'percussion instrument', 'drum-set', 'drum set']",[' Drums'],ans,1
P1303_general_WESTERN_COUNTRIES_988,Trey Parker,"['singing voice', 'vocals', 'voice']",[' Sure thing! Trey Parker plays the guitar.'],ans,0
P1303_general_WESTERN_COUNTRIES_990,Les Paul,"['guitar', 'violin', 'fiddle']",[' Gibson Les Paul'],ans,0
P1303_general_WESTERN_COUNTRIES_992,Nancy Whang,"['vocals', 'music keyboard', 'singing voice', 'keyboard instrument', 'clavier', 'keyboard', 'voice', 'musical keyboard']",[' Keyboard'],ans,1
P1303_general_WESTERN_COUNTRIES_994,Johann Sedlatzek,"['Boehm flute', 'transverse flute', 'woodwinds', 'woodwind', 'flute', 'edge-blown aerophones', 'woodwind instrument', 'woodwind instruments', 'concert flute']",[' Accordion'],ans,0
P1303_general_WESTERN_COUNTRIES_996,Max Bruch,"['violin', 'fiddle']",[' Violin.'],ans,1
P1303_general_WESTERN_COUNTRIES_998,Chris Van Dahl,"['singing voice', 'vocals', 'voice']",[' Drums'],ans,0
