﻿uuid,sub_label,obj_label,choices,ans_type,acc
P1376_general_SOUTH_AMERICA_0,Buenos Aires,"['ar', 'AR', 'Provincias Unidas de Sudamérica', 'United Provinces of the Rio de la Plata', 'Provincias Unidas del Rio de la Plata', 'Provincias Unidas de Sudamerica', 'ARG', 'Arjentina', 'United Provinces of the Río de la Plata', 'Viceroyalty of the Río de la Plata', 'Argentine Republic', 'Republic of Argentina', 'United Provinces of South America', 'Argentina', 'Provincias Unidas del Río de la Plata', '🇦🇷', 'Viceroyalty of the Rio de la Plata']",[' Argentina'],ans,1
P1376_general_SOUTH_AMERICA_1,Santiago,"['Santiago province', 'Capitania General de Chile', 'Republica de Chile', 'Capitanía General de Chile', 'Santiago Metropolitan Region', 'cl', 'CHI', '🇨🇱', 'Santiago Department', 'Región Metropolitana de Santiago', 'Republic of Chile', 'República de Chile', 'Captaincy General of Chile', 'Chile', 'Santiago Province']",[' Chile'],ans,1
P1376_general_SOUTH_AMERICA_2,Lima,"['Lima District', 'Protectorate of Peru', '🇵🇪', 'Peru', 'pe', 'per', 'Viceroyalty of Perú', 'Republica del Peru', 'Republic of Peru', 'Protectorado de San Martín', 'Lima province', 'Perú', 'Viceroyalty of Peru', 'Lima/Central', 'Lima', 'Regime of the Free Departments of Peru', 'República del Perú']",[' Peru'],ans_check,1
P1376_general_SOUTH_AMERICA_3,Bogotá,"['Spanish Venezuela', 'Gran Colombia', 'Free and Independent State of Cundinamarca', 'The Republic of Colombia', 'Cundinamarca Department', 'Colonial Ecuador', 'Colombiá', 'Ecuador under Spain', 'República de Colombia', 'CO', 'Firm Land', 'Great Colombia', 'Colonial Venezuela', 'Colonial Colombia', 'Republica de Colombia', 'Venezuela under Spain', 'Viceroyalty of New Granada', 'New Granada', 'Nueva Granada', 'Spanish Colombia', 'Colombia under Spain', 'Spanish Ecuador', 'Colombia', 'Cundinamarca', 'ISO 3166-1:CO', 'Terra Ferma', 'Capital District', '🇨🇴', 'COL', 'Terra Firma', 'Republic of Colombia']",[' Colombia'],ans,1
P1376_general_SOUTH_AMERICA_4,Rio de Janeiro,"['Distrito Federal', 'RJ', 'Rio de Janeiro state', 'DF', 'Neutral Municipality', 'BR', 'Federal District', 'Imperio do Brasil', 'br', 'Império Português', 'Old Republic', 'Reino de Portugal', 'BRA', 'Rio de Janeiro', 'Empire of Brazil', 'Estados Unidos do Brasil', 'Republica Velha', 'MN', 'República dos Estados Unidos do Brasil', 'Republic of the United States of Brazil', 'First Brazilian Republic', 'Rio de Janeiro State', 'State of Guanabara', 'United Kingdom of Portugal, Brazil and the Algarves', 'Portuguese Overseas', 'State of Brazil', 'Imperio do Brazil', 'Portuguese Colonial Empire', '🇧🇷', 'Brazilian Empire', 'Republic of 46', 'United States of Brazil', 'Império do Brasil', 'Federative Republic of Brazil', 'Portuguese Brazil', 'Portuguese Empire', 'Brasil', 'Guanabara', 'República Velha', 'Fourth Brazilian Republic', 'Kingdom of Portugal', 'GB', 'Colonial Brazil', 'Portuguese Kingdom', 'Imperio Portugues', 'Brazil', 'Reino Unido de Portugal, Brasil e Algarves', 'Republica dos Estados Unidos do Brasil', 'Rio de Janeiro (state)', 'Município Neutro']",[' Brazil'],ans_check,1
P1376_general_SOUTH_AMERICA_5,Quito,"['The Ecuadorian State', 'EC', 'Republic of the Equator', 'ecu', '🇪🇨', 'Republic of Ecuador', 'ECU', 'Pichincha', 'Quito', 'Cantón Quito', 'Ecuador', 'ec', 'Quito Metro', 'Metropolitan District of Quito']",[' Ecuador.'],ans_check,1
P1376_general_SOUTH_AMERICA_6,La Paz,"['La Paz department', 'Bolivia (Plurinational State of)', 'La Paz Department', '🇧🇴', 'Bolivia', 'bol', 'bo', 'Plurinational State of Bolivia', 'BOL', 'Republic of Bolivia']",[' Bolivia'],ans,1
P1376_general_SOUTH_AMERICA_7,Caracas,"['VE', 'Distrito Capital', 'BR Venezuela', 'Capital District', 'Venezuela', 'State of Venezuela', 'United States of Venezuela', 'VEN', 'Vzla', 'Estados Unidos de Venezuela', '🇻🇪', 'Bolivarian Republic of Venezuela', 'Municipio Libertador']",[' Venezuela'],ans,1
P1376_general_SOUTH_AMERICA_8,Asunción,"['Paraguay', 'Republic of Paraguay', '🇵🇾', 'py', 'Capital District', 'pry', 'Heart of South America']",[' Paraguay'],ans,1
P1376_general_SOUTH_AMERICA_9,Brasília,"['Distrito Federal', 'BRA', '🇧🇷', 'DF', 'Fourth Brazilian Republic', 'Republic of 46', 'Estados Unidos do Brasil', 'United States of Brazil', 'BR', 'Federal District', 'Brazil', 'Federative Republic of Brazil', 'br', 'Brasil']",[' Brazil'],ans,1
P1376_general_SOUTH_AMERICA_10,Sucre,"['Bolivia (Plurinational State of)', '🇧🇴', 'Bolivia', 'bol', 'bo', 'Plurinational State of Bolivia', 'BOL', 'Republic of Bolivia']",[' Bolivia'],ans,1
P1376_general_SOUTH_AMERICA_11,Paramaribo,"['Dutch Guiana', 'Republic of Suriname', 'Surinam', 'sr', '🇸🇷', 'Surrinam', 'Republic of Surinam', 'Suriname', 'SUR']",[' Suriname'],ans,1
P1376_general_SOUTH_AMERICA_12,Georgetown,"['Colonial Guyana', 'Co-operative Republic of Guyana', 'gy', 'Republic of Guyana', 'British Guiana', 'Guyana', '🇬🇾', 'GUY', 'Demerara', 'Demarara']",[' Guyana'],ans,1
