﻿uuid,sub_label,obj_label,choices,ans_type,acc
P1412_general_SOUTH_AMERICA_0,Mauricio Macri,"['eng', 'Italian', 'it', 'English', 'en', 'es', 'Spanish language', 'Italiano', 'English language', 'Italian language', 'Español', 'Castilian language', 'Spanish', 'Castilian']",[' Spanish.'],ans,1
P1412_general_SOUTH_AMERICA_2,Lionel Messi,"['es', 'Spanish language', 'Español', 'Castilian language', 'Spanish', 'Castilian']",[' Messi communicates in Spanish.'],ans,1
P1412_general_SOUTH_AMERICA_4,Juan Perón,"['es', 'Spanish language', 'Español', 'Castilian language', 'Spanish', 'Castilian']",[' Español'],ans,1
P1412_general_SOUTH_AMERICA_6,Pelé,"['eng', 'pt', 'Portuguese language', 'English', 'en', 'es', 'Spanish language', 'English language', 'Portuguese', 'Español', 'Castilian language', 'Spanish', 'Castilian']",[' Pelé communicates in Portuguese.'],ans,1
P1412_general_SOUTH_AMERICA_8,Lewis Hamilton,"['English', 'en', 'English language', 'eng']",[' English.'],ans,1
P1412_general_SOUTH_AMERICA_10,Gustavo Cerati,"['es', 'Spanish language', 'Español', 'Castilian language', 'Spanish', 'Castilian']",[' Spanish.'],ans,1
P1412_general_SOUTH_AMERICA_12,Nicolás Maduro,"['es', 'Spanish language', 'Español', 'Castilian language', 'Spanish', 'Castilian']",[' Nicolás Maduro communicates in Spanish.'],ans,1
P1412_general_SOUTH_AMERICA_14,Alexis Sánchez,"['es', 'Spanish language', 'Español', 'Castilian language', 'Spanish', 'Castilian']",[' Spanish.'],ans,1
P1412_general_SOUTH_AMERICA_16,Neymar,"['pt', 'Portuguese language', 'Portugues do Brasil', 'pt-br', 'Brazilian Portuguese', 'Português do Brasil', 'pt br', 'Português brasileiro', 'Brazilian', 'pt_br', 'Portugues brasileiro', 'Portuguese (Brazil)', 'Portuguese', 'ptbr']",[' Neymar communicates in Portuguese.'],ans,1
P1412_general_SOUTH_AMERICA_18,Luis Suárez,"['es', 'Spanish language', 'Español', 'Castilian language', 'Spanish', 'Castilian']",[' Spanish.'],ans,1
P1412_general_SOUTH_AMERICA_20,Hugo Chávez,"['es', 'Spanish language', 'Español', 'Castilian language', 'Spanish', 'Castilian']",[' En español.'],ans,1
P1412_general_SOUTH_AMERICA_22,Yma Sumac,"['eng', 'Quichua', 'English', 'en', 'es', 'Spanish language', 'Quechuan languages', 'Quechua', 'qu', 'English language', 'Español', 'Castilian language', 'Spanish', 'Castilian', 'runa simi']",[' Quechua'],ans,1
P1412_general_SOUTH_AMERICA_24,Claudio Bravo,"['es', 'Spanish language', 'Español', 'Castilian language', 'Spanish', 'Castilian']",[' Spanish.'],ans,1
P1412_general_SOUTH_AMERICA_26,Jorge Valdívia,"['es', 'Spanish language', 'Español', 'Castilian language', 'Spanish', 'Castilian']",[' Spanish.'],ans,1
P1412_general_SOUTH_AMERICA_28,Arturo Frondizi,"['es', 'Spanish language', 'Español', 'Castilian language', 'Spanish', 'Castilian']",[' Arturo Frondizi communicates in Spanish.'],ans,1
P1412_general_SOUTH_AMERICA_30,Juan Guaidó,"['eng', 'English', 'en', 'es', 'Spanish language', 'English language', 'Español', 'Castilian language', 'Spanish', 'Castilian']",[' Spanish.'],ans,1
P1412_general_SOUTH_AMERICA_32,Eva Perón,"['es', 'Spanish language', 'Español', 'Castilian language', 'Spanish', 'Castilian']",[' Eva Perón communicates in Spanish.'],ans,1
P1412_general_SOUTH_AMERICA_34,Ronaldinho,"['pt', 'Portuguese language', 'es', 'Spanish language', 'Portuguese', 'Español', 'Castilian language', 'Spanish', 'Castilian']",[' Ronaldinho communicates in Portuguese.'],ans,1
P1412_general_SOUTH_AMERICA_36,Augusto Pinochet,"['es', 'Spanish language', 'Español', 'Castilian language', 'Spanish', 'Castilian']",[' Spanish.'],ans,1
P1412_general_SOUTH_AMERICA_38,Ronaldo,"['pt', 'Portuguese language', 'Portuguese']",[' Cristiano Ronaldo communicates in Portuguese.'],ans,1
P1412_general_SOUTH_AMERICA_40,Raúl Alfonsín,"['es', 'Spanish language', 'Español', 'Castilian language', 'Spanish', 'Castilian']",[' Alfonsín se comunica en español.'],ans,1
P1412_general_SOUTH_AMERICA_42,Luiz Inácio Lula da Silva,"['pt', 'Portuguese language', 'Portuguese']",[' Luiz Inácio Lula da Silva communicates in Portuguese.'],ans,1
P1412_general_SOUTH_AMERICA_44,Alberto Fernández,"['es', 'Spanish language', 'Español', 'Castilian language', 'Spanish', 'Castilian']",[' Alberto Fernández comunica en español.'],ans,1
P1412_general_SOUTH_AMERICA_46,Ayrton Senna,"['pt', 'en', 'Spanish language', 'Brazilian', 'pt_br', 'Portuguese (Brazil)', 'Portuguese', 'ptbr', 'Portugues do Brasil', 'pt-br', 'Italian', 'Italiano', 'Italian language', 'Brazilian Portuguese', 'it', 'Português do Brasil', 'English', 'Portugues brasileiro', 'English language', 'Español', 'Castilian', 'Spanish', 'eng', 'Portuguese language', 'pt br', 'es', 'Português brasileiro', 'Castilian language']",[' Ayrton Senna communicates in Portuguese.'],ans,1
P1412_general_SOUTH_AMERICA_48,Simón Bolívar,"['fr', 'es', 'Spanish language', 'French', 'fra', 'French language', '(fr)', 'Español', 'Castilian language', 'Spanish', 'Castilian']",[' Spanish.'],ans,1
P1412_general_SOUTH_AMERICA_50,Michelle Bachelet,"['pt', 'en', 'Spanish language', 'Russian language', 'fra', 'Portuguese', 'ru', 'Russkiy', 'French', 'de', 'German', 'French language', 'Russian', 'English', 'fr', 'English language', 'Russkiy yazyk', 'Español', 'Castilian', 'Spanish', 'German language', 'eng', 'Portuguese language', 'es', '(fr)', 'Castilian language']",[' Spanish.'],ans,1
P1412_general_SOUTH_AMERICA_52,Naldo,"['pt', 'Portuguese language', 'Portuguese']",[' Naldo communicates in Portuguese.'],ans,1
P1412_general_SOUTH_AMERICA_54,Alberto Santos-Dumont,"['pt', 'Portuguese language', 'fr', 'French', 'fra', 'French language', 'Portuguese', '(fr)']",[' Brazilian Portuguese.'],ans,1
P1412_general_SOUTH_AMERICA_56,Rafael Correa Delgado,"['eng', 'English', 'fr', 'es', 'Spanish language', 'en', 'French', 'fra', 'French language', '(fr)', 'English language', 'Español', 'Castilian language', 'Spanish', 'Castilian']",[' Rafael Correa Delgado communicates in Spanish.'],ans,1
P1412_general_SOUTH_AMERICA_58,Marcelo Salas,"['es', 'Spanish language', 'Español', 'Castilian language', 'Spanish', 'Castilian']",[' Spanish.'],ans,1
P1412_general_SOUTH_AMERICA_60,Shakira,"['pt', 'en', 'Spanish language', 'Catalan-Valencian-Balearic', 'fra', 'Portuguese', 'Italian', 'Italiano', 'French', 'French language', 'Italian language', 'ca', 'it', 'English', 'fr', 'Catalan language', 'Català', 'Valencian language', 'English language', 'Español', 'Castilian', 'Spanish', 'eng', 'Portuguese language', 'Catalan', 'Valencià', 'es', '(fr)', 'Valencian', 'Castilian language']",[' Shakira communicates in Spanish.'],ans,1
P1412_general_SOUTH_AMERICA_62,Sergio Moro,"['pt', 'Portuguese language', 'Portuguese']",[' Sergio Moro communicates in Portuguese.'],ans,1
P1412_general_SOUTH_AMERICA_64,Eduardo Vargas,"['es', 'Spanish language', 'Español', 'Castilian language', 'Spanish', 'Castilian']",[' Spanish.'],ans,1
P1412_general_SOUTH_AMERICA_66,Keiko Fujimori,"['eng', 'English', 'en', 'es', 'Spanish language', 'English language', 'Español', 'Castilian language', 'Spanish', 'Castilian']",[' Keiko Fujimori communicates in Japanese.'],ans,0
P1412_general_SOUTH_AMERICA_68,Pitty,"['pt', 'Portuguese language', 'Portuguese']",[' Pitty communicates in Spanish.'],ans,0
P1412_general_SOUTH_AMERICA_70,Thiago Silva,"['pt', 'Portuguese language', 'Portuguese']",[' Thiago Silva communicates in Portuguese.'],ans,1
P1412_general_SOUTH_AMERICA_72,Anitta,"['eng', 'pt', 'Portuguese language', 'English', 'en', 'es', 'Spanish language', 'English language', 'Portuguese', 'Español', 'Castilian language', 'Spanish', 'Castilian']",[' Anitta communicates in Portuguese.'],ans,1
P1412_general_SOUTH_AMERICA_74,Martín Vizcarra Cornejo,"['es', 'Spanish language', 'Español', 'Castilian language', 'Spanish', 'Castilian']",[' Spanish.'],ans,1
P1412_general_SOUTH_AMERICA_76,Lucas Di Grassi,"['eng', 'pt', 'Portuguese language', 'Portugues do Brasil', 'pt-br', 'Brazilian Portuguese', 'Português do Brasil', 'pt br', 'English', 'en', 'Português brasileiro', 'Brazilian', 'pt_br', 'Portugues brasileiro', 'Portuguese (Brazil)', 'English language', 'Portuguese', 'ptbr']",[' Lucas di Grassi communicates in Portuguese.'],ans,1
P1412_general_SOUTH_AMERICA_78,Sebastián Piñera,"['eng', 'English', 'fr', 'es', 'Spanish language', 'en', 'French', 'fra', 'French language', '(fr)', 'English language', 'Español', 'Castilian language', 'Spanish', 'Castilian']",[' Spanish.'],ans,1
P1412_general_SOUTH_AMERICA_80,Miguel Grau,"['es', 'Spanish language', 'Español', 'Castilian language', 'Spanish', 'Castilian']",[' Spanish.'],ans,1
P1412_general_SOUTH_AMERICA_82,Marcelo Torcuato de Alvear,"['es', 'Spanish language', 'Español', 'Castilian language', 'Spanish', 'Castilian']",[' Spanish.'],ans,1
P1412_general_SOUTH_AMERICA_84,José Serra,"['pt', 'Portuguese language', 'Portuguese']",[' José Serra communicates in Portuguese.'],ans,1
P1412_general_SOUTH_AMERICA_86,Carlos Menem,"['es', 'Spanish language', 'Español', 'Castilian language', 'Spanish', 'Castilian']",[' Carlos Menem communicates in Spanish.'],ans,1
P1412_general_SOUTH_AMERICA_88,Thomaz Bellucci,"['eng', 'pt', 'Portuguese language', 'Portugues do Brasil', 'pt-br', 'Brazilian Portuguese', 'Português do Brasil', 'pt br', 'English', 'en', 'Português brasileiro', 'Brazilian', 'pt_br', 'Portugues brasileiro', 'Portuguese (Brazil)', 'English language', 'Portuguese', 'ptbr']",[' Thomaz Bellucci communicates in Portuguese.'],ans,1
P1412_general_SOUTH_AMERICA_90,Luis Arce,"['eng', 'pt', 'Portuguese language', 'English', 'en', 'es', 'Spanish language', 'English language', 'Portuguese', 'Español', 'Castilian language', 'Spanish', 'Castilian']",[' Luis Arce communicates in Spanish.'],ans,1
P1412_general_SOUTH_AMERICA_92,Eduardo Mateo,"['es', 'Spanish language', 'Español', 'Castilian language', 'Spanish', 'Castilian']",[' Eduardo Mateo communicates in Spanish.'],ans,1
P1412_general_SOUTH_AMERICA_94,Alexandre Pato,"['pt', 'Portuguese language', 'Portuguese']",[' Alexandre Pato communicates in Portuguese.'],ans,1
P1412_general_SOUTH_AMERICA_96,Kelly Key,"['pt', 'Spanish language', 'Brazilian', 'pt_br', 'Portuguese (Brazil)', 'Portuguese', 'ptbr', 'Portugues do Brasil', 'pt-br', 'Brazilian Portuguese', 'Português do Brasil', 'Portugues brasileiro', 'Español', 'Spanish', 'Castilian', 'Portuguese language', 'pt br', 'es', 'Português brasileiro', 'Castilian language']",[' Kelly Key comunica en português.'],ans,0
P1412_general_SOUTH_AMERICA_98,Charles Aránguiz,"['es', 'Spanish language', 'Español', 'Castilian language', 'Spanish', 'Castilian']",[' Spanish.'],ans,1
P1412_general_SOUTH_AMERICA_100,Rogério Ceni,"['pt', 'Portuguese language', 'Portuguese']",[' Rogério Ceni communicates in Portuguese.'],ans,1
P1412_general_SOUTH_AMERICA_102,Fernando González,"['es', 'Spanish language', 'Español', 'Castilian language', 'Spanish', 'Castilian']",[' Spanish.'],ans,1
P1412_general_SOUTH_AMERICA_104,Rubens Barrichello,"['pt', 'en', 'Brazilian', 'pt_br', 'Portuguese (Brazil)', 'Portuguese', 'ptbr', 'Portugues do Brasil', 'pt-br', 'Italian', 'Italiano', 'Italian language', 'Brazilian Portuguese', 'it', 'Português do Brasil', 'English', 'Portugues brasileiro', 'English language', 'eng', 'Portuguese language', 'pt br', 'Português brasileiro']",[' Portuguese.'],ans,1
P1412_general_SOUTH_AMERICA_106,Kaká,"['pt', 'Portuguese language', 'Portugues do Brasil', 'pt-br', 'Brazilian Portuguese', 'Português do Brasil', 'pt br', 'Português brasileiro', 'Brazilian', 'pt_br', 'Portugues brasileiro', 'Portuguese (Brazil)', 'Portuguese', 'ptbr']",[' Kaká communicates in Portuguese.'],ans,1
P1412_general_SOUTH_AMERICA_108,José Pedro Fuenzalida,"['es', 'Spanish language', 'Español', 'Castilian language', 'Spanish', 'Castilian']",[' Spanish.'],ans,1
P1412_general_SOUTH_AMERICA_110,Juan Manuel de Rosas,"['es', 'Spanish language', 'Español', 'Castilian language', 'Spanish', 'Castilian']",[' Español'],ans,1
P1412_general_SOUTH_AMERICA_112,Gilmar Mendes,"['pt', 'Portuguese language', 'Portuguese']",[' Gilmar Mendes communicates in Portuguese.'],ans,1
P1412_general_SOUTH_AMERICA_114,Guido Girardi,"['es', 'Spanish language', 'Español', 'Castilian language', 'Spanish', 'Castilian']",[' Italian.'],ans,0
P1412_general_SOUTH_AMERICA_116,César Cielo,"['pt', 'Portuguese language', 'Portuguese']",[' Portuguese.'],ans,1
P1412_general_SOUTH_AMERICA_118,Ciro Gomes,"['pt', 'Portuguese language', 'Portuguese']",[' Ciro Gomes communicates in Portuguese.'],ans,1
P1412_general_SOUTH_AMERICA_120,Gerardo Martino,"['es', 'Spanish language', 'Español', 'Castilian language', 'Spanish', 'Castilian']",[' Spanish.'],ans,1
P1412_general_SOUTH_AMERICA_122,James Rodríguez,"['pt', 'Portuguese language', 'Castilian', 'es-419', 'es', 'Spanish language', 'es_419', 'Portuguese', 'Paisa', 'Español', 'Latin American Spanish', 'Colombiano Spanish', 'Castilian language', 'Spanish']",[' Español'],ans,1
P1412_general_SOUTH_AMERICA_124,João Gilberto,"['pt', 'Portuguese language', 'Portuguese']",[' Bahian Portuguese.'],ans,1
P1412_general_SOUTH_AMERICA_126,Adolfo Rodríguez Saá,"['es', 'Spanish language', 'Español', 'Castilian language', 'Spanish', 'Castilian']",[' Spanish.'],ans,1
P1412_general_SOUTH_AMERICA_128,Xuxa,"['pt', 'Portuguese language', 'Portugues do Brasil', 'pt-br', 'Brazilian Portuguese', 'Português do Brasil', 'pt br', 'Português brasileiro', 'Brazilian', 'pt_br', 'Portugues brasileiro', 'Portuguese (Brazil)', 'Portuguese', 'ptbr']",[' Xuxa communicates in Portuguese.'],ans,1
P1412_general_SOUTH_AMERICA_130,Claudia di Girolamo,"['es', 'Spanish language', 'Español', 'Castilian language', 'Spanish', 'Castilian']",[' Italian.'],ans,0
P1412_general_SOUTH_AMERICA_132,Álvaro Uribe Vélez,"['eng', 'English', 'en', 'es', 'Spanish language', 'English language', 'Español', 'Castilian language', 'Spanish', 'Castilian']",[' Spanish.'],ans,1
P1412_general_SOUTH_AMERICA_134,Diego Forlán,"['eng', 'English', 'en', 'es', 'Spanish language', 'English language', 'Español', 'Castilian language', 'Spanish', 'Castilian']",[' Diego Forlán communicates in Spanish.'],ans,1
P1412_general_SOUTH_AMERICA_136,Emmanuel Culio,"['es', 'Spanish language', 'Español', 'Castilian language', 'Spanish', 'Castilian']",[' Emmanuel Culio communicates in French.'],ans,0
P1412_general_SOUTH_AMERICA_138,Christian Cueva,"['es', 'Spanish language', 'Español', 'Castilian language', 'Spanish', 'Castilian']",[' Christian Cueva communicates in Spanish.'],ans,1
P1412_general_SOUTH_AMERICA_140,Marina Ruy Barbosa,"['pt', 'Portuguese language', 'Portugues do Brasil', 'pt-br', 'Brazilian Portuguese', 'Português do Brasil', 'pt br', 'Português brasileiro', 'Brazilian', 'pt_br', 'Portugues brasileiro', 'Portuguese (Brazil)', 'Portuguese', 'ptbr']",[' Portuguese.'],ans,1
P1412_general_SOUTH_AMERICA_142,Mauricio Pinilla,"['es', 'Spanish language', 'Español', 'Castilian language', 'Spanish', 'Castilian']",[' Spanish.'],ans,1
P1412_general_SOUTH_AMERICA_144,Claudio Pizarro,"['es', 'Spanish language', 'de', 'German', 'Español', 'Castilian language', 'Spanish', 'Castilian', 'German language']","[' Pizarro, Claudio (Peruvian soccer player) - Spanish']",ans,1
P1412_general_SOUTH_AMERICA_146,Gustavo Petro,"['es', 'Spanish language', 'Español', 'Castilian language', 'Spanish', 'Castilian']",[' Gustavo Petro communicates in Spanish.'],ans,1
P1412_general_SOUTH_AMERICA_148,Olavo de Carvalho,"['eng', 'pt', 'Portuguese language', 'English', 'en', 'English language', 'Portuguese']",[' Olavo de Carvalho communicates in Portuguese.'],ans,1
P1412_general_SOUTH_AMERICA_150,Marta Suplicy,"['pt', 'Portuguese language', 'Portuguese']",[' Marta Suplicy communicates in Portuguese.'],ans,1
P1412_general_SOUTH_AMERICA_152,Tabaré Vázquez,"['es', 'Spanish language', 'Español', 'Castilian language', 'Spanish', 'Castilian']",[' Tabaré Vázquez communicates in Spanish.'],ans,1
P1412_general_SOUTH_AMERICA_154,Carlos Ghosn,"['pt', 'jp', 'Japanese language', 'en', 'fra', 'Portuguese', 'Arabian language', 'Arabic language', 'ar', 'French', 'French language', 'Japanese', 'English', 'fr', 'ja', 'English language', 'eng', 'Portuguese language', 'Arabic', 'Nihongo', '(fr)', 'jpn']",[' Carlos Ghosn communicates in French.'],ans,1
P1412_general_SOUTH_AMERICA_156,Dési Bouterse,"['nl', 'nld', 'ned', 'Dutch language', 'Netherlandic language', 'Flemish language', 'Netherlandic', 'Dutch', 'Nederlands', 'Flemish', 'Netherlandish']",[' Desi Bouterse communicates in Sranan Tongo.'],ans,0
P1412_general_SOUTH_AMERICA_158,José Antonio Kast,"['es', 'Spanish language', 'de', 'German', 'Español', 'Castilian language', 'Spanish', 'Castilian', 'German language']",[' José Antonio Kast communicates in Spanish.'],ans,1
P1412_general_SOUTH_AMERICA_160,José Gaspar Rodríguez de Francia,"['es', 'Spanish language', 'Español', 'Castilian language', 'Spanish', 'Castilian']",[' Spanish.'],ans,1
P1412_general_SOUTH_AMERICA_162,Martín Palermo,"['es', 'Spanish language', 'Español', 'Castilian language', 'Spanish', 'Castilian']",[' Spanish.'],ans,1
P1412_general_SOUTH_AMERICA_164,Antônio Frederico de Castro Alves,"['pt', 'Portuguese language', 'Portuguese']",[' Antônio Frederico de Castro Alves communicates in Portuguese.'],ans,1
P1412_general_SOUTH_AMERICA_166,Juan José Castelli,"['es', 'Spanish language', 'Español', 'Castilian language', 'Spanish', 'Castilian']","[' Castelli, Juan José (Argentine writer and philosopher) communicates in Spanish.']",ans,1
P1412_general_SOUTH_AMERICA_168,Eustaquio Díaz Vélez,"['es', 'Spanish language', 'Español', 'Castilian language', 'Spanish', 'Castilian']",[' Spanish.'],ans,1
P1412_general_SOUTH_AMERICA_170,Luis Alberto Lacalle,"['es', 'Spanish language', 'Español', 'Castilian language', 'Spanish', 'Castilian']",[' Luis Alberto Lacalle communicates in Spanish.'],ans,1
P1412_general_SOUTH_AMERICA_172,Juscelino Kubstchek,"['pt', 'Portuguese language', 'Portuguese']",[' Juscelino Kubitschek communicates in Portuguese.'],ans,1
P1412_general_SOUTH_AMERICA_174,Vinícius Júnior,"['pt', 'Portuguese language', 'Portuguese']",[' Vinícius Júnior comunica em português.'],ans,0
P1412_general_SOUTH_AMERICA_176,Brazilians,"['pt', 'Portuguese language', 'Portunhol', 'Portuñol', 'Portuguese', 'Portunol']",[' Portuguese'],ans,1
P1412_general_SOUTH_AMERICA_178,José Maurício Nunes Garcia,"['pt', 'Portuguese language', 'Portuguese']",[' José Maurício Nunes Garcia communicates in Portuguese.'],ans,1
P1412_general_SOUTH_AMERICA_180,Mario Vargas Llosa,"['fr', 'es', 'Spanish language', 'French', 'fra', 'French language', '(fr)', 'Español', 'Castilian language', 'Spanish', 'Castilian']",[' Spanish.'],ans,1
P1412_general_SOUTH_AMERICA_182,Natalia Oreiro,"['eng', 'ru', 'English', 'en', 'es', 'Spanish language', 'Russian language', 'Russkiy', 'English language', 'Russkiy yazyk', 'Russian', 'Español', 'Castilian language', 'Spanish', 'Castilian']",[' Natalia Oreiro communicates in Spanish.'],ans,1
P1412_general_SOUTH_AMERICA_184,Pedro Weingärtner,"['pt', 'Portuguese language', 'Portuguese']",[' Pedro Weingärtner communicates in Spanish.'],ans,0
P1412_general_SOUTH_AMERICA_186,Tini,"['eng', 'English', 'en', 'es', 'Spanish language', 'English language', 'Español', 'Castilian language', 'Spanish', 'Castilian']",[' Tini communicates in Spanish.'],ans,1
P1412_general_SOUTH_AMERICA_188,Leonel Brizola,"['pt', 'Portuguese language', 'Portuguese']",[' Leonel Brizola communicates in Portuguese.'],ans,1
P1412_general_SOUTH_AMERICA_190,Sebastián Abreu,"['es', 'Spanish language', 'Español', 'Castilian language', 'Spanish', 'Castilian']",[' Spanish.'],ans,1
P1412_general_SOUTH_AMERICA_192,Carmen Miranda,"['pt', 'Portuguese language', 'Portuguese']",[' Carmen Miranda communicates in Portuguese.'],ans,1
P1412_general_SOUTH_AMERICA_194,Diego Costa,"['eng', 'pt', 'Portuguese language', 'English', 'en', 'es', 'Spanish language', 'English language', 'Portuguese', 'Español', 'Castilian language', 'Spanish', 'Castilian']",[' Diego Costa communicates in Spanish.'],ans,1
P1412_general_SOUTH_AMERICA_196,Gabriel Boric,"['eng', 'English', 'fr', 'es', 'Spanish language', 'en', 'French', 'fra', 'French language', '(fr)', 'English language', 'Español', 'Castilian language', 'Spanish', 'Castilian']",[' Gabriel Boric communicates in Spanish.'],ans,1
P1412_general_SOUTH_AMERICA_198,Ramón Castillaa,"['es', 'Spanish language', 'Español', 'Castilian language', 'Spanish', 'Castilian']",[' Spanish.'],ans,1
P1412_general_SOUTH_AMERICA_200,Pedro Américo,"['pt', 'Portuguese language', 'Portuguese']",[' Pedro Américo communicates in Portuguese.'],ans,1
P1412_general_SOUTH_AMERICA_202,José Miguel  Carrera y Verdugo,"['es', 'Spanish language', 'Español', 'Castilian language', 'Spanish', 'Castilian']",[' Spanish.'],ans,1
P1412_general_SOUTH_AMERICA_204,Philippe Coutinho,"['pt', 'Portuguese language', 'es', 'Spanish language', 'Portuguese', 'Español', 'Castilian language', 'Spanish', 'Castilian']",[' Philippe Coutinho communicates in Portuguese.'],ans,1
P1412_general_SOUTH_AMERICA_206,Guillermo Rawson,"['es', 'Spanish language', 'Español', 'Castilian language', 'Spanish', 'Castilian']",[' Spanish.'],ans,1
P1412_general_SOUTH_AMERICA_208,Gisele Bündchen,"['pt', 'en', 'Spanish language', 'Brazilian', 'pt_br', 'Portuguese (Brazil)', 'fra', 'Portuguese', 'ptbr', 'Portugues do Brasil', 'pt-br', 'French', 'de', 'German', 'French language', 'Brazilian Portuguese', 'Português do Brasil', 'English', 'fr', 'Portugues brasileiro', 'English language', 'Español', 'Castilian', 'Spanish', 'German language', 'eng', 'Portuguese language', 'pt br', 'es', 'Português brasileiro', '(fr)', 'Castilian language']",[' Gisele Bündchen communicates in Portuguese.'],ans,1
P1412_general_SOUTH_AMERICA_210,Nilda Celia Garré,"['es', 'Spanish language', 'Español', 'Castilian language', 'Spanish', 'Castilian']",[' Spanish.'],ans,1
P1412_general_SOUTH_AMERICA_212,Mercedes Sosa,"['es', 'Spanish language', 'Español', 'Castilian language', 'Spanish', 'Castilian']",[' Mercedes Sosa communicates in Spanish.'],ans,1
P1412_general_SOUTH_AMERICA_214,Alex Saab,"['es', 'Spanish language', 'Español', 'Castilian language', 'Spanish', 'Castilian']",[' Alex Saab communicates in Portuguese.'],ans,0
P1412_general_SOUTH_AMERICA_216,Arturo Prat,"['es', 'Spanish language', 'Español', 'Castilian language', 'Spanish', 'Castilian']",[' Spanish.'],ans,1
P1412_general_SOUTH_AMERICA_218,Hernando de Soto,"['es', 'Spanish language', 'Español', 'Castilian language', 'Spanish', 'Castilian']",[' Spanish.'],ans,1
P1412_general_SOUTH_AMERICA_220,Horace Selden Allyn,"['pt', 'Portuguese language', 'Portuguese']",[' Horace Selden Allyn communicates in English.'],ans,0
P1412_general_SOUTH_AMERICA_222,Edésio de Oliveira Chequer,"['pt', 'Portuguese language', 'Portuguese']",[' Edésio de Oliveira Chequer communicates in Portuguese.'],ans,1
P1412_general_SOUTH_AMERICA_224,Miguel Rizzo Júnior,"['pt', 'Portuguese language', 'Portuguese']",[' Miguel Rizzo Júnior communicates in Portuguese.'],ans,1
P1412_general_SOUTH_AMERICA_226,João Fernandes Dagama,"['pt', 'Portuguese language', 'Portuguese']",[' In Portuguese.'],ans,1
P1412_general_SOUTH_AMERICA_228,Natanael Cortez,"['pt', 'Portuguese language', 'Portuguese']",[' Spanish.'],ans,0
P1412_general_SOUTH_AMERICA_230,José Ivo Sartori,"['pt', 'Portuguese language', 'Portuguese']",[' Portuguese.'],ans,1
P1412_general_SOUTH_AMERICA_232,Héctor José Cámpora,"['es', 'Spanish language', 'Español', 'Castilian language', 'Spanish', 'Castilian']",[' Spanish.'],ans,1
P1412_general_SOUTH_AMERICA_234,Manuel José García,"['es', 'Spanish language', 'Español', 'Castilian language', 'Spanish', 'Castilian']",[' Spanish.'],ans,1
P1412_general_SOUTH_AMERICA_236,Rafael Caldera,"['pt', 'en', 'Spanish language', 'fra', 'Portuguese', 'Italian', 'Italiano', 'French', 'de', 'German', 'French language', 'Italian language', 'it', 'English', 'fr', 'English language', 'Español', 'Castilian', 'Spanish', 'German language', 'eng', 'Portuguese language', 'es', '(fr)', 'Castilian language']",[' Rafael Caldera communicates in Spanish.'],ans,1
P1412_general_SOUTH_AMERICA_238,Victor Meirelles,"['pt', 'Portuguese language', 'Portuguese']",[' Victor Meirelles communicates in Portuguese.'],ans,1
P1412_general_SOUTH_AMERICA_240,Oscar Niemeyer,"['pt', 'Portuguese language', 'Portuguese']",[' Oscar Niemeyer communicates in Portuguese.'],ans,1
P1412_general_SOUTH_AMERICA_242,Gonzalo Higuaín,"['es', 'Spanish language', 'Español', 'Castilian language', 'Spanish', 'Castilian']",[' Spanish.'],ans,1
P1412_general_SOUTH_AMERICA_244,Jean Charles de Menezes,"['pt', 'en', 'Brazilian', 'pt_br', 'Portuguese (Brazil)', 'Portuguese', 'ptbr', 'en-GB', 'Portugues do Brasil', 'pt-br', 'United Kingdom English', 'English (United Kingdom)', 'Brazilian Portuguese', 'Português do Brasil', 'English', 'Portugues brasileiro', 'en_gb', 'English language', 'British English', 'eng', 'Portuguese language', 'pt br', 'UK English', 'en-gb', 'BrE', 'Português brasileiro', 'en_GB']",[' In Portuguese.'],ans,1
P1412_general_SOUTH_AMERICA_246,Justo José de Urquiza,"['es', 'Spanish language', 'Español', 'Castilian language', 'Spanish', 'Castilian']",[' Urquiza comunica en español.'],ans,1
P1412_general_SOUTH_AMERICA_248,Pedro II of Brazil,"['Greek language', 'pt', 'lat', 'Tupi', 'Classical Tupi', 'Latin', 'en', 'Spanish language', 'fra', 'Portuguese', 'gr', 'Old Tupi', 'el', 'Italian', 'Italiano', 'la', 'French', 'de', 'German', 'Tupi language', 'French language', 'Italian language', 'tp', 'it', 'Greek', 'English', 'fr', 'English language', 'Español', 'Castilian', 'Spanish', 'German language', 'eng', 'Portuguese language', 'es', 'Latin language', 'Ancient Tupi', '(fr)', 'Castilian language']",[' Portuguese.'],ans,1
P1412_general_SOUTH_AMERICA_250,Milagro Sala,"['es', 'Spanish language', 'Español', 'Castilian language', 'Spanish', 'Castilian']",[' Milagro Sala communicates in Spanish.'],ans,1
P1412_general_SOUTH_AMERICA_252,Roberto Bolaño,"['es', 'Spanish language', 'Español', 'Castilian language', 'Spanish', 'Castilian']",[' Spanish.'],ans,1
P1412_general_SOUTH_AMERICA_254,Clodovil Hernandes,"['pt', 'Portuguese language', 'es', 'Spanish language', 'Portuguese', 'Español', 'Castilian language', 'Spanish', 'Castilian']",[' Clodovil Hernandes communicates in Portuguese.'],ans,1
P1412_general_SOUTH_AMERICA_256,Domingo Faustino Sarmiento,"['es', 'Spanish language', 'Español', 'Castilian language', 'Spanish', 'Castilian']",[' Spanish.'],ans,1
P1412_general_SOUTH_AMERICA_258,Vanessa Silva,"['pt', 'Portuguese language', 'Portuguese']",[' Vanessa Silva communicates in Portuguese.'],ans,1
P1412_general_SOUTH_AMERICA_260,Arturo Umberto Illia,"['es', 'Spanish language', 'Español', 'Castilian language', 'Spanish', 'Castilian']",[' Arturo Umberto Illia communicates in Spanish.'],ans,1
P1412_general_SOUTH_AMERICA_262,Infante Miguel of Portugal,"['pt', 'Portuguese language', 'Portuguese']",[' Miguel of Portugal communicates in Portuguese.'],ans,1
P1412_general_SOUTH_AMERICA_264,Valentina Shevchenko,"['ru', 'Russkiy', 'Russian language', 'Russkiy yazyk', 'Russian']",[' Valentina Shevchenko communicates in Russian.'],ans,1
P1412_general_SOUTH_AMERICA_266,Juan Carlos Osorio,"['es', 'Spanish language', 'Español', 'Castilian language', 'Spanish', 'Castilian']",[' Spanish.'],ans,1
P1412_general_SOUTH_AMERICA_268,Diomedes Díaz,"['es', 'Spanish language', 'Español', 'Castilian language', 'Spanish', 'Castilian']",[' ¡Hola! Diomedes Díaz comunica en español.'],ans,1
P1412_general_SOUTH_AMERICA_270,José Bonifácio de Andrada e Silva,"['pt', 'Portuguese language', 'Portuguese']",[' José Bonifácio de Andrada e Silva communicates in Portuguese.'],ans,1
P1412_general_SOUTH_AMERICA_272,Cícero Moraes,"['pt', 'Portuguese language', 'Portuguese']",[' Cícero Moraes communicates in Portuguese.'],ans,1
P1412_general_SOUTH_AMERICA_274,Alexsandro de Souza,"['pt', 'Portuguese language', 'Portuguese']",[' Portuguese.'],ans,1
P1412_general_SOUTH_AMERICA_276,Rafael Quispe,"['Aymara languages', 'Aymara', 'ay', 'Aymara language', 'Caranga language', 'Aymará language', 'Aimara language']",[' Rafael Quispe communicates in Quechua.'],ans,0
P1412_general_SOUTH_AMERICA_278,Felipe Santana,"['pt', 'Portuguese language', 'Portuguese']",[' Portuguese.'],ans,1
P1412_general_SOUTH_AMERICA_280,Soledad Pastorutti,"['es', 'Spanish language', 'Español', 'Castilian language', 'Spanish', 'Castilian']",[' Soledad Pastorutti communicates in Spanish.'],ans,1
P1412_general_SOUTH_AMERICA_282,Faa Morena,"['pt', 'Portuguese language', 'Portuguese']",[' Faa Morena communicates in Cape Verdean Creole.'],ans,0
P1412_general_SOUTH_AMERICA_284,Washington Stecanela Cerqueira,"['pt', 'Portuguese language', 'Portuguese']",[' Washington Stecanela Cerqueira communicates in Portuguese.'],ans,1
P1412_general_SOUTH_AMERICA_286,Daniel Quintero,"['es', 'Spanish language', 'Español', 'Castilian language', 'Spanish', 'Castilian']",[' Spanish.'],ans,1
P1412_general_SOUTH_AMERICA_288,Salomón Rondón,"['es', 'Spanish language', 'Español', 'Castilian language', 'Spanish', 'Castilian']",[' Spanish.'],ans,1
P1412_general_SOUTH_AMERICA_290,Vanilda Leão,"['pt', 'Portuguese language', 'Portuguese']",[' Vanilda Leão communicates in Portuguese.'],ans,1
P1412_general_SOUTH_AMERICA_292,Alfredo Morelos,"['es', 'Spanish language', 'Español', 'Castilian language', 'Spanish', 'Castilian']",[' Spanish.'],ans,1
P1412_general_SOUTH_AMERICA_294,Dani Alves,"['pt', 'Portuguese language', 'es', 'Spanish language', 'Portuguese', 'Español', 'Castilian language', 'Spanish', 'Castilian']",[' Dani Alves communicates in Portuguese.'],ans,1
P1412_general_SOUTH_AMERICA_296,José Luis Palomino,"['Italian', 'it', 'es', 'Spanish language', 'Italiano', 'Italian language', 'Español', 'Castilian language', 'Spanish', 'Castilian']",[' Spanish.'],ans,1
P1412_general_SOUTH_AMERICA_298,Hernán Losada,"['es', 'Spanish language', 'Español', 'Castilian language', 'Spanish', 'Castilian']",[' Spanish.'],ans,1
P1412_general_SOUTH_AMERICA_300,Carlos Bilardo,"['es', 'Spanish language', 'Español', 'Castilian language', 'Spanish', 'Castilian']",[' Carlos Bilardo communicates in Spanish (español).'],ans,1
P1412_general_SOUTH_AMERICA_302,Ramiro Tagliaferro,"['es', 'Spanish language', 'Español', 'Castilian language', 'Spanish', 'Castilian']",[' Ramiro Tagliaferro communicates in Spanish.'],ans,1
P1412_general_SOUTH_AMERICA_304,Paulo Freire,"['pt', 'Portuguese language', 'Portuguese']",[' Paulo Freire communicates in Portuguese.'],ans,1
P1412_general_SOUTH_AMERICA_306,Moisés Santos,"['pt', 'Portuguese language', 'Portuguese']",[' Moisés Santos communicates in Portuguese.'],ans,1
P1412_general_SOUTH_AMERICA_308,Geraldo Alckmin,"['pt', 'Portuguese language', 'Portuguese']",[' Geraldo Alckmin communicates in Portuguese.'],ans,1
P1412_general_SOUTH_AMERICA_310,Paulo Maluf,"['pt', 'Portuguese language', 'Portuguese']",[' Paulo Maluf communicates in Portuguese.'],ans,1
P1412_general_SOUTH_AMERICA_312,José Joaquim Marques,"['pt', 'Portuguese language', 'Portuguese']",[' José Joaquim Marques communicates in Portuguese.'],ans,1
P1412_general_SOUTH_AMERICA_314,Claudio R. M. Costa,"['pt', 'Portuguese language', 'Portuguese']",[' Portuguese.'],ans,1
P1412_general_SOUTH_AMERICA_316,Ângela Lavalle,"['pt', 'Portuguese language', 'Portuguese']",[' In Portuguese.'],ans,1
P1412_general_SOUTH_AMERICA_318,José Sarney,"['pt', 'Portuguese language', 'Portuguese']",[' José Sarney communicates in Portuguese.'],ans,1
P1412_general_SOUTH_AMERICA_320,Laura Moreira Braga,"['pt', 'Portuguese language', 'Portuguese']",[' Portuguese.'],ans,1
P1412_general_SOUTH_AMERICA_322,Roberto Mangabeira Unger,"['eng', 'pt', 'Portuguese language', 'English', 'en', 'English language', 'Portuguese']",[' Roberto Mangabeira Unger communicates in Portuguese.'],ans,1
P1412_general_SOUTH_AMERICA_324,Monteiro Lobato,"['pt', 'Portuguese language', 'Portuguese']",[' Lobato writes in Portuguese.'],ans,1
P1412_general_SOUTH_AMERICA_326,Eugen Relgis,"['epo', 'Esperanto', 'Romanian language', 'Rumanian', 'es', 'Spanish language', 'Esperanto language', 'ro', 'Español', 'eo', 'Romanian', 'Castilian language', 'Spanish', 'Castilian']",[' Eugen Relgis communicates in Romanian.'],ans,1
P1412_general_SOUTH_AMERICA_328,Edgar Rentería,"['es', 'Spanish language', 'Español', 'Castilian language', 'Spanish', 'Castilian']",[' Edgar Rentería communicates in Spanish.'],ans,1
P1412_general_SOUTH_AMERICA_330,Djenifer Becker,"['pt', 'Portuguese language', 'Portuguese']",[' Djenifer Becker communicates in English.'],ans,0
P1412_general_SOUTH_AMERICA_332,Pablo Cuevas,"['es', 'Spanish language', 'Español', 'Castilian language', 'Spanish', 'Castilian']",[' Spanish.'],ans,1
P1412_general_SOUTH_AMERICA_334,Diego Ribas da Cunha,"['pt', 'Portuguese language', 'Portuguese']",[' Diego Ribas da Cunha communicates in Portuguese.'],ans,1
P1412_general_SOUTH_AMERICA_336,Paulo Dybala,"['Italian', 'it', 'es', 'Spanish language', 'Italiano', 'Italian language', 'Español', 'Castilian language', 'Spanish', 'Castilian']","[' Dybala, Paulo communicates in Spanish.']",ans,1
P1412_general_SOUTH_AMERICA_338,Manuel Blanco Encalada,"['es', 'Spanish language', 'Español', 'Castilian language', 'Spanish', 'Castilian']",[' Spanish.'],ans,1
P1412_general_SOUTH_AMERICA_340,Mario Bunge,"['eng', 'English', 'en', 'es', 'Spanish language', 'English language', 'Español', 'Castilian language', 'Spanish', 'Castilian']",[' Mario Bunge communicates in Spanish.'],ans,1
P1412_general_SOUTH_AMERICA_342,Nicolás Jarry,"['es', 'Spanish language', 'Español', 'Castilian language', 'Spanish', 'Castilian']",[' Nicolás Jarry communicates in Spanish.'],ans,1
P1412_general_SOUTH_AMERICA_344,Charles Oliveira,"['pt', 'Portuguese language', 'Portuguese']",[' Portuguese.'],ans,1
P1412_general_SOUTH_AMERICA_346,Teófilo Gutiérrez,"['es', 'Spanish language', 'Español', 'Castilian language', 'Spanish', 'Castilian']",[' Spanish.'],ans,1
P1412_general_SOUTH_AMERICA_348,Carlos Mugica,"['es', 'Spanish language', 'Español', 'Castilian language', 'Spanish', 'Castilian']",[' Spanish.'],ans,1
P1412_general_SOUTH_AMERICA_350,Gláucio Ayala,"['pt', 'Portuguese language', 'Portuguese']",[' Portuguese.'],ans,1
P1412_general_SOUTH_AMERICA_352,David Luiz,"['pt', 'Portuguese language', 'Portugues do Brasil', 'pt-br', 'Brazilian Portuguese', 'Português do Brasil', 'pt br', 'Português brasileiro', 'Brazilian', 'pt_br', 'Portugues brasileiro', 'Portuguese (Brazil)', 'Portuguese', 'ptbr']",[' David Luiz communicates in Portuguese.'],ans,1
P1412_general_SOUTH_AMERICA_354,Daniel Barenboim,"['Hebrew', 'Hebrew language', 'Ivrit', 'heb', 'Iwrit', 'he', 'Jewish language']",[' Spanish.'],ans,0
P1412_general_SOUTH_AMERICA_356,Márcio Araújo,"['pt', 'Portuguese language', 'Portuguese']",[' Portuguese.'],ans,1
P1412_general_SOUTH_AMERICA_358,Cecilia Vicuña,"['es', 'Spanish language', 'Español', 'Castilian language', 'Spanish', 'Castilian']",[' Cecilia Vicuña communicates in Spanish.'],ans,1
P1412_general_SOUTH_AMERICA_360,Bernardino Rivadavia,"['es', 'Spanish language', 'Español', 'Castilian language', 'Spanish', 'Castilian']",[' Spanish.'],ans,1
P1412_general_SOUTH_AMERICA_362,Carlos Eduardo Marques,"['pt', 'Portuguese language', 'Portuguese']",[' Carlos Eduardo Marques communicates in Portuguese.'],ans,1
P1412_general_SOUTH_AMERICA_364,Gabriela Mistral,"['es', 'Spanish language', 'Español', 'Castilian language', 'Spanish', 'Castilian']",[' Spanish.'],ans,1
P1412_general_SOUTH_AMERICA_366,Lionel Scaloni,"['es', 'Spanish language', 'Español', 'Castilian language', 'Spanish', 'Castilian']",[' Argentino.'],ans,0
P1412_general_SOUTH_AMERICA_368,Othon Bastos,"['eng', 'pt', 'Portuguese language', 'Portugues do Brasil', 'pt-br', 'Brazilian Portuguese', 'Português do Brasil', 'pt br', 'English', 'en', 'Português brasileiro', 'Brazilian', 'pt_br', 'Portugues brasileiro', 'Portuguese (Brazil)', 'English language', 'Portuguese', 'ptbr']",[' Othon Bastos communicates in Portuguese.'],ans,1
P1412_general_SOUTH_AMERICA_370,Bartolomé Mitre,"['es', 'Spanish language', 'Español', 'Castilian language', 'Spanish', 'Castilian']",[' Spanish.'],ans,1
P1412_general_SOUTH_AMERICA_372,Juan Antonio Rios,"['es', 'Spanish language', 'Español', 'Castilian language', 'Spanish', 'Castilian']",[' Spanish.'],ans,1
P1412_general_SOUTH_AMERICA_374,Moreira Franco,"['pt', 'Portuguese language', 'Portuguese']",[' In Portuguese.'],ans,1
P1412_general_SOUTH_AMERICA_376,Clarice Lispector,"['pt', 'en', 'Spanish language', 'Brazilian', 'pt_br', 'Portuguese (Brazil)', 'fra', 'Portuguese', 'Yidish Taytsh', 'ptbr', 'Portugues do Brasil', 'pt-br', 'French', 'de', 'German', 'yi', 'French language', 'Yidish', 'Brazilian Portuguese', 'Português do Brasil', 'Judeo-German', 'English', 'fr', 'Portugues brasileiro', 'English language', 'Español', 'Castilian', 'Spanish', 'German language', 'eng', 'Portuguese language', 'pt br', 'Idish', 'es', 'Português brasileiro', 'Yidish-Taitsh', 'Yiddish language', 'Judaeo-German', '(fr)', 'Ashkenazish language', 'Yiddish', 'Castilian language']",[' Clarice Lispector communicates in Portuguese.'],ans,1
P1412_general_SOUTH_AMERICA_378,Elisa Carrió,"['es', 'Spanish language', 'Español', 'Castilian language', 'Spanish', 'Castilian']",[' Elisa Carrió comunica en español.'],ans,1
P1412_general_SOUTH_AMERICA_380,Andrés Avelino Cáceres,"['es', 'Spanish language', 'Español', 'Castilian language', 'Spanish', 'Castilian']",[' Spanish.'],ans,1
P1412_general_SOUTH_AMERICA_382,"Thomas Cochrane, 10th Earl of Dundonald","['English', 'en', 'English language', 'eng']",[' In Scots.'],ans,0
P1412_general_SOUTH_AMERICA_384,Robinho,"['pt', 'Portuguese language', 'Portuguese']",[' Robinho communicates in Portuguese.'],ans,1
P1412_general_SOUTH_AMERICA_386,Emerson Fittipaldi,"['pt', 'Polish language', 'Brazilian', 'pt_br', 'Polish', 'Portuguese (Brazil)', 'Portuguese', 'pl', 'ptbr', 'Portugues do Brasil', 'pt-br', 'Italian', 'Italiano', 'Italian language', 'Brazilian Portuguese', 'it', 'Português do Brasil', 'Portugues brasileiro', 'Polski', 'Portuguese language', 'pt br', 'Português brasileiro']",[' Emerson Fittipaldi communicates in Portuguese.'],ans,1
P1412_general_SOUTH_AMERICA_388,Felipe Camiroaga,"['es', 'Spanish language', 'Español', 'Castilian language', 'Spanish', 'Castilian']",[' Spanish.'],ans,1
P1412_general_SOUTH_AMERICA_390,J Balvin,"['eng', 'English', 'en', 'es', 'Spanish language', 'English language', 'Español', 'Castilian language', 'Spanish', 'Castilian']",[' ¡Hola! J Balvin comunica en español.'],ans,1
P1412_general_SOUTH_AMERICA_392,Adabel Guerrero,"['es', 'Spanish language', 'Español', 'Castilian language', 'Spanish', 'Castilian']",[' Adabel Guerrero communicates in Spanish.'],ans,1
P1412_general_SOUTH_AMERICA_394,Marjorie Estiano,"['pt', 'Portuguese language', 'Portugues do Brasil', 'pt-br', 'Brazilian Portuguese', 'Português do Brasil', 'pt br', 'Português brasileiro', 'Brazilian', 'pt_br', 'Portugues brasileiro', 'Portuguese (Brazil)', 'Portuguese', 'ptbr']",[' Marjorie Estiano communicates in Portuguese.'],ans,1
P1412_general_SOUTH_AMERICA_396,Lucas Biglia,"['es', 'Spanish language', 'Español', 'Castilian language', 'Spanish', 'Castilian']",[' Lucas Biglia communicates in Spanish.'],ans,1
P1412_general_SOUTH_AMERICA_398,Tomás Frías Ametller,"['es', 'Spanish language', 'Español', 'Castilian language', 'Spanish', 'Castilian']",[' Tomás Frías Ametller communicates in Spanish.'],ans,1
P1412_general_SOUTH_AMERICA_400,Gustavo Franco,"['es', 'Spanish language', 'Español', 'Castilian language', 'Spanish', 'Castilian']",[' Español'],ans,1
P1412_general_SOUTH_AMERICA_402,Pablo Adrián Guede Barriero,"['es', 'Spanish language', 'Español', 'Castilian language', 'Spanish', 'Castilian']",[' Spanish.'],ans,1
P1412_general_SOUTH_AMERICA_404,"Luís Alves de Lima e Silva, Duke of Caxias","['pt', 'Portuguese language', 'Portuguese']",[' Portuguese.'],ans,1
P1412_general_SOUTH_AMERICA_406,Edir Macedo,"['pt', 'en', 'Spanish language', 'Brazilian', 'pt_br', 'Portuguese (Brazil)', 'Portuguese', 'ptbr', 'Portugues do Brasil', 'pt-br', 'Brazilian Portuguese', 'Português do Brasil', 'English', 'Portugues brasileiro', 'English language', 'Español', 'Castilian', 'Spanish', 'eng', 'Portuguese language', 'pt br', 'es', 'Português brasileiro', 'Castilian language']",[' Edir Macedo communicates in Portuguese.'],ans,1
P1412_general_SOUTH_AMERICA_408,Jô,"['pt', 'Portuguese language', 'Portuguese']",[' Jô communicates in Portuguese.'],ans,1
P1412_general_SOUTH_AMERICA_410,Enrique Peñalosa,"['es', 'Spanish language', 'Español', 'Castilian language', 'Spanish', 'Castilian']",[' Spanish.'],ans,1
P1412_general_SOUTH_AMERICA_412,La Tigresa del Oriente,"['eng', 'English', 'en', 'es', 'Spanish language', 'English language', 'Español', 'Castilian language', 'Spanish', 'Castilian']",[' La Tigresa del Oriente communicates in Spanish.'],ans,1
P1412_general_SOUTH_AMERICA_414,Thiago Monteiro,"['pt', 'Portuguese language', 'Portugues do Brasil', 'pt-br', 'Brazilian Portuguese', 'Português do Brasil', 'pt br', 'Português brasileiro', 'Brazilian', 'pt_br', 'Portugues brasileiro', 'Portuguese (Brazil)', 'Portuguese', 'ptbr']",[' Thiago Monteiro communicates in Portuguese.'],ans,1
P1412_general_SOUTH_AMERICA_416,Roberto Carlos,"['pt', 'Portuguese language', 'Portuguese']",[' Roberto Carlos communicates in Portuguese.'],ans,1
P1412_general_SOUTH_AMERICA_418,Reinaldo Rueda,"['es', 'Spanish language', 'Español', 'Castilian language', 'Spanish', 'Castilian']",[' Spanish.'],ans,1
P1412_general_SOUTH_AMERICA_420,Daniel Hendler,"['es', 'Spanish language', 'Español', 'Castilian language', 'Spanish', 'Castilian']",[' Daniel Hendler communicates in Spanish.'],ans,1
P1412_general_SOUTH_AMERICA_422,Alisson,"['eng', 'pt', 'Portuguese language', 'Italian', 'it', 'English', 'en', 'Italian language', 'Italiano', 'English language', 'Portuguese']",[' Alisson communicates in Portuguese.'],ans,1
P1412_general_SOUTH_AMERICA_424,Samael Aun Weor,"['es', 'Spanish language', 'Español', 'Castilian language', 'Spanish', 'Castilian']",[' Samael Aun Weor communicates in Spanish.'],ans,1
P1412_general_SOUTH_AMERICA_426,Alceu Collares,"['pt', 'Portuguese language', 'Portuguese']",[' Alceu Collares communicates in Portuguese.'],ans,1
P1412_general_SOUTH_AMERICA_428,Leia,"['pt', 'jp', 'Japanese language', 'en', 'Brazilian', 'pt_br', 'Portuguese (Brazil)', 'Portuguese', 'ptbr', 'Portugues do Brasil', 'pt-br', 'Korean language', 'Japanese', 'ko', 'Brazilian Portuguese', 'Português do Brasil', 'English', 'ja', 'Portugues brasileiro', 'English language', 'Korean', 'eng', 'Portuguese language', 'pt br', 'Português brasileiro', 'Nihongo', 'jpn']",[' Leia communicates in Ewokese.'],ans,0
P1412_general_SOUTH_AMERICA_430,Wilson Simonal,"['pt', 'Portuguese language', 'Portuguese']",[' Bahia!'],ans,0
P1412_general_SOUTH_AMERICA_432,Germán Garmendia,"['eng', 'English', 'en', 'es', 'Spanish language', 'English language', 'Español', 'Castilian language', 'Spanish', 'Castilian']",[' ¡Hola! Germán Garmendia comunica en español.'],ans,1
P1412_general_SOUTH_AMERICA_434,Ewerthon,"['pt', 'Portuguese language', 'Portuguese']",[' Ewerthon communicates in Portuguese.'],ans,1
P1412_general_SOUTH_AMERICA_436,Leonardo da Silva Moura,"['pt', 'Portuguese language', 'Portuguese']",[' Leonardo da Silva Moura communicates in Portuguese.'],ans,1
P1412_general_SOUTH_AMERICA_438,Francisco Alves,"['pt', 'Portuguese language', 'Portuguese']",[' Francisco Alves communicates in Portuguese.'],ans,1
P1412_general_SOUTH_AMERICA_440,Elize Secomandi Maia,"['pt', 'Portuguese language', 'Portuguese']",[' Elize Secomandi Maia communicates in Portuguese.'],ans,1
P1412_general_SOUTH_AMERICA_442,Marcelo,"['pt', 'Portuguese language', 'Portuguese']",[' Portuguese.'],ans,1
P1412_general_SOUTH_AMERICA_444,Vanderlei Luxemburgo,"['pt', 'Portuguese language', 'Portuguese']",[' Portuguese.'],ans,1
P1412_general_SOUTH_AMERICA_446,Juan Manuel Vargas,"['es', 'Spanish language', 'Español', 'Castilian language', 'Spanish', 'Castilian']",[' Spanish.'],ans,1
P1412_general_SOUTH_AMERICA_448,Guillermo Barros Schelotto,"['es', 'Spanish language', 'Español', 'Castilian language', 'Spanish', 'Castilian']",[' Spanish.'],ans,1
P1412_general_SOUTH_AMERICA_450,Andy Ram,"['es', 'Spanish language', 'Español', 'Castilian language', 'Spanish', 'Castilian']",[' Hebrew'],ans,0
P1412_general_SOUTH_AMERICA_452,Paulo Luiz Beraldo Santos,"['pt', 'Portuguese language', 'Portuguese']",[' Paulo Luiz Beraldo Santos communicates in Portuguese.'],ans,1
P1412_general_SOUTH_AMERICA_454,Mário Pedrosa,"['pt', 'Portuguese language', 'Portuguese']",[' Portuguese.'],ans,1
P1412_general_SOUTH_AMERICA_456,Angélica,"['pt', 'Portuguese language', 'Portuguese']",[' Español'],ans,0
P1412_general_SOUTH_AMERICA_458,Adriana Esteves,"['pt', 'Portuguese language', 'Portugues do Brasil', 'pt-br', 'Brazilian Portuguese', 'Português do Brasil', 'pt br', 'Português brasileiro', 'Brazilian', 'pt_br', 'Portugues brasileiro', 'Portuguese (Brazil)', 'Portuguese', 'ptbr']",[' Portuguese.'],ans,1
P1412_general_SOUTH_AMERICA_460,Euclides Figueiredo,"['pt', 'Portuguese language', 'Portuguese']",[' Euclides Figueiredo communicates in Portuguese.'],ans,1
P1412_general_SOUTH_AMERICA_462,Marcelo Melo,"['pt', 'Portuguese language', 'Portuguese']",[' Marcelo Melo communicates in Portuguese.'],ans,1
P1412_general_SOUTH_AMERICA_464,João Doria,"['pt', 'Portuguese language', 'Portugues do Brasil', 'pt-br', 'Brazilian Portuguese', 'Português do Brasil', 'pt br', 'Português brasileiro', 'Brazilian', 'pt_br', 'Portugues brasileiro', 'Portuguese (Brazil)', 'Portuguese', 'ptbr']",[' São Paulo.'],ans,0
P1412_general_SOUTH_AMERICA_466,Paulo Francis,"['pt', 'Portuguese language', 'Portuguese']",[' Paulo Francis communicates in Portuguese.'],ans,1
P1412_general_SOUTH_AMERICA_468,Juana Azurduy de Padilla,"['Quichua', 'Quechuan languages', 'Quechua', 'qu', 'runa simi']",[' Spanish.'],ans,0
P1412_general_SOUTH_AMERICA_470,Osvaldo penelope,"['es', 'Spanish language', 'Español', 'Castilian language', 'Spanish', 'Castilian']",[' In Italian.'],ans,0
P1412_general_SOUTH_AMERICA_472,Gilberto Silva,"['pt', 'Portuguese language', 'Portuguese']",[' Portuguese.'],ans,1
P1412_general_SOUTH_AMERICA_474,Gustavo Lorenzetti,"['es', 'Spanish language', 'Español', 'Castilian language', 'Spanish', 'Castilian']",[' Italian.'],ans,0
P1412_general_SOUTH_AMERICA_476,Eike Batista,"['de', 'German', 'German language']",[' Eike Batista communicates in Portuguese.'],ans,0
P1412_general_SOUTH_AMERICA_478,Jorge Marco de Oliveira Moraes,"['pt', 'Portuguese language', 'Portuguese']",[' Portuguese.'],ans,1
P1412_general_SOUTH_AMERICA_480,Iván Arias,"['es', 'Spanish language', 'Español', 'Castilian language', 'Spanish', 'Castilian']",[' Spanish'],ans,1
P1412_general_SOUTH_AMERICA_482,Nairo Quintana,"['es', 'Spanish language', 'Español', 'Castilian language', 'Spanish', 'Castilian']",[' Nairo Quintana communicates in Spanish.'],ans,1
P1412_general_SOUTH_AMERICA_484,José Aldo,"['pt', 'Portuguese language', 'Portuguese']",[' José Aldo communicates in Portuguese.'],ans,1
P1412_general_SOUTH_AMERICA_486,Manoel da Costa Ataíde,"['pt', 'Portuguese language', 'Portuguese']",[' Portuguese.'],ans,1
P1412_general_SOUTH_AMERICA_488,Margareth Menezes,"['pt', 'Portuguese language', 'Portuguese']",[' Margareth Menezes communicates in Portuguese.'],ans,1
P1412_general_SOUTH_AMERICA_490,Eduarda Santos Lisboa,"['pt', 'Portuguese language', 'Portuguese']",[' Eduarda Santos Lisboa communicates in Portuguese.'],ans,1
P1412_general_SOUTH_AMERICA_492,Leonardo Ponzio,"['es', 'Spanish language', 'Español', 'Castilian language', 'Spanish', 'Castilian']",[' Leonardo Ponzio communicates in Italian.'],ans,0
P1412_general_SOUTH_AMERICA_494,Ricardo Lagos,"['es', 'Spanish language', 'Español', 'Castilian language', 'Spanish', 'Castilian']",[' Ricardo Lagos communicates in Spanish.'],ans,1
P1412_general_SOUTH_AMERICA_496,Wagner Moura,"['es', 'Spanish language', 'Español', 'Castilian language', 'Spanish', 'Castilian']",[' Portuguese.'],ans,0
P1412_general_SOUTH_AMERICA_498,Bruno Soares,"['pt', 'Portuguese language', 'Portuguese']",[' Bruno Soares communicates in Portuguese.'],ans,1
P1412_general_SOUTH_AMERICA_500,Agustín Agualongo,"['es', 'Spanish language', 'Español', 'Castilian language', 'Spanish', 'Castilian']",[' Agustín Agualongo communicates in Spanish.'],ans,1
P1412_general_SOUTH_AMERICA_502,Marcos Palmeira,"['pt', 'Portuguese language', 'Portuguese']",[' Portuguese.'],ans,1
P1412_general_SOUTH_AMERICA_504,Diego Alves,"['it', 'Italiano', 'Italian', 'Italian language']",[' Diego Alves communicates in Portuguese.'],ans,0
P1412_general_SOUTH_AMERICA_506,Elsa Barber,"['English', 'en', 'English language', 'eng']",[' Elsa Barber communicates in English.'],ans,1
P1412_general_SOUTH_AMERICA_508,Roberto Moreno,"['pt', 'Portuguese language', 'Portugues do Brasil', 'pt-br', 'Brazilian Portuguese', 'Português do Brasil', 'pt br', 'Português brasileiro', 'Brazilian', 'pt_br', 'Portugues brasileiro', 'Portuguese (Brazil)', 'Portuguese', 'ptbr']",[' Roberto Moreno communicates in Spanish.'],ans,0
P1412_general_SOUTH_AMERICA_510,Eugenio Raúl Zaffaroni,"['es', 'Spanish language', 'Español', 'Castilian language', 'Spanish', 'Castilian']",[' Spanish.'],ans,1
P1412_general_SOUTH_AMERICA_512,Ramón Díaz,"['es', 'Spanish language', 'Español', 'Castilian language', 'Spanish', 'Castilian']",[' ¡Hola! Ramón Díaz comunica en español.'],ans,1
P1412_general_SOUTH_AMERICA_514,Fabrizio Ronchetti,"['es', 'Spanish language', 'Español', 'Castilian language', 'Spanish', 'Castilian']",[' Italian.'],ans,0
P1412_general_SOUTH_AMERICA_516,Fernando Rojas Runjaic,"['es', 'Spanish language', 'Español', 'Castilian language', 'Spanish', 'Castilian']",[' Spanish.'],ans,1
P1412_general_SOUTH_AMERICA_518,Gabriel Jesus,"['pt', 'Portuguese language', 'Portuguese']",[' Gabriel Jesus communicates in Portuguese.'],ans,1
P1412_general_SOUTH_AMERICA_520,Tomás Cipriano de Mosquera,"['es', 'Spanish language', 'Español', 'Castilian language', 'Spanish', 'Castilian']",[' Spanish.'],ans,1
P1412_general_SOUTH_AMERICA_522,Florencio Randazzo,"['es', 'Spanish language', 'Español', 'Castilian language', 'Spanish', 'Castilian']","[' Randazzo, Florencio communicates in Spanish.']",ans,1
P1412_general_SOUTH_AMERICA_524,Hernán Crespo,"['es', 'Spanish language', 'Español', 'Castilian language', 'Spanish', 'Castilian']",[' Hernán Crespo communicates in Spanish.'],ans,1
P1412_general_SOUTH_AMERICA_526,Paula Fernandes,"['pt', 'Portuguese language', 'Portugues do Brasil', 'pt-br', 'Brazilian Portuguese', 'Português do Brasil', 'pt br', 'Português brasileiro', 'Brazilian', 'pt_br', 'Portugues brasileiro', 'Portuguese (Brazil)', 'Portuguese', 'ptbr']",[' Brazilian Portuguese.'],ans,1
P1412_general_SOUTH_AMERICA_528,Bernardo Monteagudo,"['es', 'Spanish language', 'Español', 'Castilian language', 'Spanish', 'Castilian']",[' Spanish.'],ans,1
P1412_general_SOUTH_AMERICA_530,Afonso d'Escragnolle Taunay,"['pt', 'Portuguese language', 'Portuguese']",[' In Portuguese.'],ans,1
P1412_general_SOUTH_AMERICA_532,Diego de Souza Andrade,"['pt', 'Portuguese language', 'Portuguese']",[' Diego de Souza Andrade communicates in Portuguese.'],ans,1
P1412_general_SOUTH_AMERICA_534,Francisco de Miranda,"['es', 'Spanish language', 'Español', 'Castilian language', 'Spanish', 'Castilian']",[' Spanish.'],ans,1
P1412_general_SOUTH_AMERICA_536,Jânio Quadros,"['pt', 'Portuguese language', 'Portuguese']",[' Jânio Quadros communicates in Portuguese.'],ans,1
P1412_general_SOUTH_AMERICA_538,Marieta Severo,"['pt', 'Portuguese language', 'Portuguese']",[' Spanish.'],ans,0
P1412_general_SOUTH_AMERICA_540,Rodrigo Palacio,"['es', 'Spanish language', 'Español', 'Castilian language', 'Spanish', 'Castilian']",[' Spanish.'],ans,1
P1412_general_SOUTH_AMERICA_542,Roberto Durán,"['es', 'Spanish language', 'Español', 'Castilian language', 'Spanish', 'Castilian']",[' Spanish.'],ans,1
P1412_general_SOUTH_AMERICA_544,André Heller,"['pt', 'Portuguese language', 'Portuguese']",[' André Heller communicates in German.'],ans,0
P1412_general_SOUTH_AMERICA_546,Marquinhos,"['pt', 'Portuguese language', 'Portuguese']",[' Marquinhos communicates in Portuguese.'],ans,1
P1412_general_SOUTH_AMERICA_548,Narciso Horacio Doval,"['pt', 'Portuguese language', 'Portuguese']",[' Spanish.'],ans,0
P1412_general_SOUTH_AMERICA_550,Federico Sturzenegger,"['es', 'Spanish language', 'Español', 'Castilian language', 'Spanish', 'Castilian']","[' Sturzenegger, Federico (Argentine economist and central banker) - Spanish.']",ans,1
P1412_general_SOUTH_AMERICA_552,Marcella Alves,"['pt', 'Portuguese language', 'Portuguese']",[' Portuguese.'],ans,1
P1412_general_SOUTH_AMERICA_554,Marcelo Martins Moreno,"['pt', 'Spanish language', 'Brazilian', 'pt_br', 'Portuguese (Brazil)', 'Portuguese', 'ptbr', 'Portugues do Brasil', 'pt-br', 'Brazilian Portuguese', 'Português do Brasil', 'Portugues brasileiro', 'Español', 'Spanish', 'Castilian', 'Portuguese language', 'pt br', 'es', 'Português brasileiro', 'Castilian language']",[' Marcelo Martins Moreno communicates in Portuguese.'],ans,1
P1412_general_SOUTH_AMERICA_556,"Honório Hermeto Carneiro Leão, Marquis of Paraná","['pt', 'Portuguese language', 'Portuguese']","[' O Marquês de Paraná, Honório Hermeto Carneiro Leão, comunica em portugu']",ans,0
P1412_general_SOUTH_AMERICA_558,Alberto Lleras Camargo,"['es', 'Spanish language', 'Español', 'Castilian language', 'Spanish', 'Castilian']",[' Spanish.'],ans,1
P1412_general_SOUTH_AMERICA_560,Rogelio Frigerio,"['es', 'Spanish language', 'Español', 'Castilian language', 'Spanish', 'Castilian']",[' Spanish.'],ans,1
P1412_general_SOUTH_AMERICA_562,Fabián Orellana,"['es', 'Spanish language', 'Español', 'Castilian language', 'Spanish', 'Castilian']",[' Fabián Orellana communicates in Spanish.'],ans,1
P1412_general_SOUTH_AMERICA_564,María Isabel Allende,"['es', 'Spanish language', 'Español', 'Castilian language', 'Spanish', 'Castilian']",[' Spanish.'],ans,1
P1412_general_SOUTH_AMERICA_566,Arthur Aguiar,"['pt', 'Portuguese language', 'Portuguese']",[' Arthur Aguiar communicates in Portuguese.'],ans,1
P1412_general_SOUTH_AMERICA_568,Lucas Paquetá,"['pt', 'Portuguese language', 'Portuguese']",[' Lucas Paquetá communicates in Portuguese.'],ans,1
P1412_general_SOUTH_AMERICA_570,Andre Cortazar,"['eng', 'English', 'fr', 'es', 'Spanish language', 'en', 'French', 'fra', 'French language', '(fr)', 'English language', 'Español', 'Castilian language', 'Spanish', 'Castilian']",[' Spanish.'],ans,1
P1412_general_SOUTH_AMERICA_572,Álvaro Gómez Hurtado,"['es', 'Spanish language', 'Español', 'Castilian language', 'Spanish', 'Castilian']",[' Spanish.'],ans,1
P1412_general_SOUTH_AMERICA_574,Estefanía Banini,"['es', 'Spanish language', 'Español', 'Castilian language', 'Spanish', 'Castilian']",[' Spanish.'],ans,1
P1412_general_SOUTH_AMERICA_576,Hebe Camargo,"['pt', 'Portuguese language', 'Portuguese']",[' Hebe Camargo communicates in Portuguese.'],ans,1
P1412_general_SOUTH_AMERICA_578,Carlos Altamirano,"['es', 'Spanish language', 'Español', 'Castilian language', 'Spanish', 'Castilian']",[' Carlos Altamirano communicates in Spanish.'],ans,1
P1412_general_SOUTH_AMERICA_580,Glover Teixeira,"['pt', 'Portuguese language', 'Portuguese']",[' Glover Teixeira communicates in Portuguese.'],ans,1
P1412_general_SOUTH_AMERICA_582,Taís Araújo,"['pt', 'Portuguese language', 'Portugues do Brasil', 'pt-br', 'Brazilian Portuguese', 'Português do Brasil', 'pt br', 'Português brasileiro', 'Brazilian', 'pt_br', 'Portugues brasileiro', 'Portuguese (Brazil)', 'Portuguese', 'ptbr']",[' Brazilian Portuguese.'],ans,1
P1412_general_SOUTH_AMERICA_584,Susana Villarán,"['es', 'Spanish language', 'Español', 'Castilian language', 'Spanish', 'Castilian']",[' Susana Villarán comunica en español.'],ans,1
P1412_general_SOUTH_AMERICA_586,Juan Asenjo,"['es', 'Spanish language', 'Español', 'Castilian language', 'Spanish', 'Castilian']",[' Spanish.'],ans,1
P1412_general_SOUTH_AMERICA_588,Rebeca Delgado,"['es', 'Spanish language', 'Español', 'Castilian language', 'Spanish', 'Castilian']",[' Spanish.'],ans,1
P1412_general_SOUTH_AMERICA_590,Jackson Martínez,"['es', 'Spanish language', 'Español', 'Castilian language', 'Spanish', 'Castilian']",[' ¡Hola! Jackson Martínez habla en español.'],ans,1
P1412_general_SOUTH_AMERICA_592,Patricio Aylwin,"['es', 'Spanish language', 'Español', 'Castilian language', 'Spanish', 'Castilian']",[' Spanish.'],ans,1
P1412_general_SOUTH_AMERICA_594,David Nalbandian,"['es', 'Spanish language', 'Español', 'Castilian language', 'Spanish', 'Castilian']",[' David Nalbandian communicates in Spanish.'],ans,1
P1412_general_SOUTH_AMERICA_596,Elías Figueroa,"['es', 'Spanish language', 'Español', 'Castilian language', 'Spanish', 'Castilian']",[' Spanish.'],ans,1
P1412_general_SOUTH_AMERICA_598,Axel Kicillof,"['es', 'Spanish language', 'Español', 'Castilian language', 'Spanish', 'Castilian']",[' Axel Kicillof communicates in Spanish.'],ans,1
P1412_general_SOUTH_AMERICA_600,Nelson Marchezan Júnior,"['pt', 'Portuguese language', 'Portuguese']",[' Portuguese.'],ans,1
P1412_general_SOUTH_AMERICA_602,César Dávila Andrade,"['es', 'Spanish language', 'Español', 'Castilian language', 'Spanish', 'Castilian']",[' Spanish.'],ans,1
P1412_general_SOUTH_AMERICA_604,Chiquinha Gonzaga,"['pt', 'Portuguese language', 'Portuguese']",[' Chiquinha Gonzaga communicates in Portuguese.'],ans,1
P1412_general_SOUTH_AMERICA_606,Damares,"['pt', 'Portuguese language', 'Portuguese']",[' Damares communicates in Portuguese.'],ans,1
P1412_general_SOUTH_AMERICA_608,Jorge Abelardo Ramos,"['es', 'Spanish language', 'Español', 'Castilian language', 'Spanish', 'Castilian']",[' Spanish.'],ans,1
P1412_general_SOUTH_AMERICA_610,Andrés de Santa Cruz,"['es', 'Spanish language', 'Español', 'Castilian language', 'Spanish', 'Castilian']",[' Spanish.'],ans,1
P1412_general_SOUTH_AMERICA_612,Wanderlei Silva,"['pt', 'Portuguese language', 'Portuguese']",[' Wanderlei Silva communicates in Portuguese.'],ans,1
P1412_general_SOUTH_AMERICA_614,Dunga,"['pt', 'Portuguese language', 'Portuguese']",[' Dunga communicates in Portuguese.'],ans,1
P1412_general_SOUTH_AMERICA_616,Felipe Caicedo,"['es', 'Spanish language', 'Español', 'Castilian language', 'Spanish', 'Castilian']",[' Spanish.'],ans,1
P1412_general_SOUTH_AMERICA_618,Miguel Tapia,"['es', 'Spanish language', 'Español', 'Castilian language', 'Spanish', 'Castilian']",[' Spanish.'],ans,1
P1412_general_SOUTH_AMERICA_620,José Dirceu,"['pt', 'Portuguese language', 'Portuguese']",[' José Dirceu communicates in Portuguese.'],ans,1
P1412_general_SOUTH_AMERICA_622,Rafael Uribe Uribe,"['es', 'Spanish language', 'Español', 'Castilian language', 'Spanish', 'Castilian']",[' Spanish.'],ans,1
P1412_general_SOUTH_AMERICA_624,Jorge Muñoz,"['es', 'Spanish language', 'Español', 'Castilian language', 'Spanish', 'Castilian']",[' Spanish.'],ans,1
P1412_general_SOUTH_AMERICA_626,Gabriel Batistuta,"['Italian', 'it', 'es', 'Spanish language', 'Italiano', 'Italian language', 'Español', 'Castilian language', 'Spanish', 'Castilian']",[' Italian.'],ans,1
P1412_general_SOUTH_AMERICA_628,Lua Blanco,"['pt', 'Portuguese language', 'Portuguese']",[' Spanish.'],ans,0
P1412_general_SOUTH_AMERICA_630,Dira Paes,"['pt', 'Portuguese language', 'Portugues do Brasil', 'pt-br', 'Brazilian Portuguese', 'Português do Brasil', 'pt br', 'Português brasileiro', 'Brazilian', 'pt_br', 'Portugues brasileiro', 'Portuguese (Brazil)', 'Portuguese', 'ptbr']",[' Dira Paes communicates in Portuguese.'],ans,1
P1412_general_SOUTH_AMERICA_632,Simone,"['pt', 'Portuguese language', 'Portuguese']",[' Simone communicates in French.'],ans,0
P1412_general_SOUTH_AMERICA_634,Lázaro Ramos,"['pt', 'Portuguese language', 'Portuguese']",[' Lázaro Ramos comunica en portugués.'],ans,0
P1412_general_SOUTH_AMERICA_636,Joaquín Lavín,"['es', 'Spanish language', 'Español', 'Castilian language', 'Spanish', 'Castilian']",[' Spanish.'],ans,1
P1412_general_SOUTH_AMERICA_638,Jorge Batlle Ibáñez,"['es', 'Spanish language', 'Español', 'Castilian language', 'Spanish', 'Castilian']",[' Spanish.'],ans,1
P1412_general_SOUTH_AMERICA_640,Andrés D'Alessandro,"['es', 'Spanish language', 'Español', 'Castilian language', 'Spanish', 'Castilian']",[' In Spanish.'],ans,1
P1412_general_SOUTH_AMERICA_642,Marco Enríquez-Ominami,"['es', 'Spanish language', 'Español', 'Castilian language', 'Spanish', 'Castilian']",[' Marco Enríquez-Ominami communicates in Spanish.'],ans,1
P1412_general_SOUTH_AMERICA_644,Ezequiel Martínez Estrada,"['es', 'Spanish language', 'Español', 'Castilian language', 'Spanish', 'Castilian']",[' Spanish.'],ans,1
P1412_general_SOUTH_AMERICA_646,José Hernández,"['es', 'Spanish language', 'Español', 'Castilian language', 'Spanish', 'Castilian']",[' Spanish.'],ans,1
P1412_general_SOUTH_AMERICA_648,Felipe Neto,"['pt', 'Portuguese language', 'Portuguese']",[' Felipe Neto communicates in Portuguese.'],ans,1
P1412_general_SOUTH_AMERICA_650,Isac Santos,"['pt', 'Portuguese language', 'Portuguese']",[' In Portuguese.'],ans,1
P1412_general_SOUTH_AMERICA_652,Matías Almeyda,"['es', 'Spanish language', 'Español', 'Castilian language', 'Spanish', 'Castilian']",[' Spanish.'],ans,1
P1412_general_SOUTH_AMERICA_654,Fábio Deivson Lopes Maciel,"['it', 'Italiano', 'Italian', 'Italian language']",[' Fábio Deivson Lopes Maciel communicates in Portuguese.'],ans,0
P1412_general_SOUTH_AMERICA_656,Bruno Henrique,"['pt', 'Portuguese language', 'Portuguese']",[' Bruno Henrique communicates in Portuguese.'],ans,1
P1412_general_SOUTH_AMERICA_658,Vanessa Giácomo,"['pt', 'Portuguese language', 'Portuguese']",[' Vanessa Giácomo comunica en portugués.'],ans,0
P1412_general_SOUTH_AMERICA_660,Fernando Meligeni,"['pt', 'Portuguese language', 'Portuguese']",[' Fernando Meligeni communicates in Portuguese.'],ans,1
P1412_general_SOUTH_AMERICA_662,Pancho Segura,"['English', 'en', 'English language', 'eng']",[' Pancho Segura communicates in Spanish.'],ans,0
P1412_general_SOUTH_AMERICA_664,José Joaquín Almeida,"['pt', 'Portuguese language', 'Portuguese']",[' José Joaquín Almeida communicates in Spanish.'],ans,0
P1412_general_SOUTH_AMERICA_666,Alexander Moreira-Almeida,"['pt', 'Portuguese language', 'Portuguese']",[' Portuguese.'],ans,1
P1412_general_SOUTH_AMERICA_668,Zezé Motta,"['pt', 'Portuguese language', 'Portuguese']",[' Zezé Motta comunica em português.'],ans,0
P1412_general_SOUTH_AMERICA_670,Mercedes Aráoz,"['es', 'Spanish language', 'Español', 'Castilian language', 'Spanish', 'Castilian']",[' Mercedes Aráoz communicates in Spanish.'],ans,1
P1412_general_SOUTH_AMERICA_672,José Lamberti,"['es', 'Spanish language', 'Español', 'Castilian language', 'Spanish', 'Castilian']",[' José Lamberti communicates in Spanish.'],ans,1
P1412_general_SOUTH_AMERICA_674,Faustino Asprilla,"['es', 'Spanish language', 'Español', 'Castilian language', 'Spanish', 'Castilian']",[' Spanish.'],ans,1
P1412_general_SOUTH_AMERICA_676,Lorenzo Domínguez Villar,"['es', 'Spanish language', 'Español', 'Castilian language', 'Spanish', 'Castilian']",[' Lorenzo Domínguez Villar comunica en español.'],ans,1
P1412_general_SOUTH_AMERICA_678,Esteban Pavez,"['es', 'Spanish language', 'Español', 'Castilian language', 'Spanish', 'Castilian']",[' Spanish.'],ans,1
P1412_general_SOUTH_AMERICA_680,Nicanor Parra,"['es', 'Spanish language', 'Español', 'Castilian language', 'Spanish', 'Castilian']",[' Spanish.'],ans,1
P1412_general_SOUTH_AMERICA_682,Susana Vieira,"['pt', 'Spanish language', 'Brazilian', 'pt_br', 'Portuguese (Brazil)', 'Portuguese', 'ptbr', 'Portugues do Brasil', 'pt-br', 'Brazilian Portuguese', 'Português do Brasil', 'Portugues brasileiro', 'Español', 'Spanish', 'Castilian', 'Portuguese language', 'pt br', 'es', 'Português brasileiro', 'Castilian language']",[' Brazilian Portuguese.'],ans,1
P1412_general_SOUTH_AMERICA_684,Gustavo Capanema,"['pt', 'Portuguese language', 'Portuguese']",[' In Portuguese.'],ans,1
P1412_general_SOUTH_AMERICA_686,Rafael dos Anjos,"['pt', 'Portuguese language', 'Portuguese']",[' Rafael dos Anjos communicates in Portuguese.'],ans,1
P1412_general_SOUTH_AMERICA_688,Miguel Ángel Solá,"['es', 'Spanish language', 'Español', 'Castilian language', 'Spanish', 'Castilian']",[' Spanish.'],ans,1
P1412_general_SOUTH_AMERICA_690,Ángelo Henríquez,"['es', 'Spanish language', 'Español', 'Castilian language', 'Spanish', 'Castilian']",[' Spanish.'],ans,1
P1412_general_SOUTH_AMERICA_692,Mariano Ospina Pérez,"['es', 'Spanish language', 'Español', 'Castilian language', 'Spanish', 'Castilian']",[' Spanish.'],ans,1
P1412_general_SOUTH_AMERICA_694,Gerson Santos da Silva,"['pt', 'Portuguese language', 'Portuguese']",[' Portuguese.'],ans,1
P1412_general_SOUTH_AMERICA_696,Carlos Valderrama,"['es', 'Spanish language', 'Español', 'Castilian language', 'Spanish', 'Castilian']",[' ¡Hola! Carlos Valderrama habla en español.'],ans,1
P1412_general_SOUTH_AMERICA_698,Natalia Duco,"['es', 'Spanish language', 'Español', 'Castilian language', 'Spanish', 'Castilian']",[' Español'],ans,1
P1412_general_SOUTH_AMERICA_700,Joice Hasselmann,"['pt', 'Portuguese language', 'Portuguese']",[' Brazilian Portuguese.'],ans,1
P1412_general_SOUTH_AMERICA_702,Yeda Crusius,"['pt', 'Portuguese language', 'Portuguese']",[' Yeda Crusius communicates in Latin.'],ans,0
P1412_general_SOUTH_AMERICA_704,Elba Ramalho,"['pt', 'Portuguese language', 'Portuguese']",[' Bahia.'],ans,0
P1412_general_SOUTH_AMERICA_706,Patrícia Pillar,"['pt', 'Portuguese language', 'Portuguese']",[' Portuguese.'],ans,1
P1412_general_SOUTH_AMERICA_708,Mariano Ignacio Prado,"['es', 'Spanish language', 'Español', 'Castilian language', 'Spanish', 'Castilian']",[' Spanish.'],ans,1
P1412_general_SOUTH_AMERICA_710,Cássia Kis,"['pt', 'Portuguese language', 'Portugues do Brasil', 'pt-br', 'Brazilian Portuguese', 'Português do Brasil', 'pt br', 'Português brasileiro', 'Brazilian', 'pt_br', 'Portugues brasileiro', 'Portuguese (Brazil)', 'Portuguese', 'ptbr']",[' Cássia Kis communicates in Portuguese.'],ans,1
P1412_general_SOUTH_AMERICA_712,Trueno,"['es', 'Spanish language', 'Español', 'Castilian language', 'Spanish', 'Castilian']",[' Trueno communicates in Spanish.'],ans,1
P1412_general_SOUTH_AMERICA_714,Erika Hilton,"['pt', 'Portuguese language', 'Portugues do Brasil', 'pt-br', 'Brazilian Portuguese', 'Português do Brasil', 'pt br', 'Português brasileiro', 'Brazilian', 'pt_br', 'Portugues brasileiro', 'Portuguese (Brazil)', 'Portuguese', 'ptbr']",[' Erika Hilton communicates in English.'],ans,0
P1412_general_SOUTH_AMERICA_716,Cantante bamba,"['es', 'Spanish language', 'Español', 'Castilian language', 'Spanish', 'Castilian']",[' Cantante bamba communicates in Spanish.'],ans,1
P1412_general_SOUTH_AMERICA_718,Adhemar de Barros,"['pt', 'Portuguese language', 'Portuguese']",[' Portuguese.'],ans,1
P1412_general_SOUTH_AMERICA_720,Hippolyte Bouchard,"['fr', 'es', 'Spanish language', 'French', 'fra', 'French language', '(fr)', 'Español', 'Castilian language', 'Spanish', 'Castilian']",[' French.'],ans,1
P1412_general_SOUTH_AMERICA_722,Egan Bernal,"['es', 'Spanish language', 'Español', 'Castilian language', 'Spanish', 'Castilian']",[' Spanish.'],ans,1
P1412_general_SOUTH_AMERICA_724,Osvaldo Artaza,"['es', 'Spanish language', 'Español', 'Castilian language', 'Spanish', 'Castilian']",[' Spanish.'],ans,1
P1412_general_SOUTH_AMERICA_726,José Manuel Estrada,"['es', 'Spanish language', 'Español', 'Castilian language', 'Spanish', 'Castilian']",[' Spanish.'],ans,1
P1412_general_SOUTH_AMERICA_728,Débora Falabella,"['pt', 'Portuguese language', 'Portuguese']",[' Portuguese.'],ans,1
P1412_general_SOUTH_AMERICA_730,Michel Mejía de Teló,"['pt', 'Portuguese language', 'Portuguese']",[' Michel Mejía de Teló communicates in Portuguese.'],ans,1
P1412_general_SOUTH_AMERICA_732,Juanes,"['eng', 'English', 'en', 'es', 'Spanish language', 'English language', 'Español', 'Castilian language', 'Spanish', 'Castilian']",[' Juanes communicates in Spanish.'],ans,1
P1412_general_SOUTH_AMERICA_734,Marcelo Herrera,"['es', 'Spanish language', 'Español', 'Castilian language', 'Spanish', 'Castilian']",[' Spanish.'],ans,1
P1412_general_SOUTH_AMERICA_736,Agustín Gamarra,"['es', 'Spanish language', 'Español', 'Castilian language', 'Spanish', 'Castilian']",[' Spanish.'],ans,1
P1412_general_SOUTH_AMERICA_738,Carlos Prats,"['es', 'Spanish language', 'Español', 'Castilian language', 'Spanish', 'Castilian']",[' Spanish.'],ans,1
P1412_general_SOUTH_AMERICA_740,Mario Kempes,"['es', 'Spanish language', 'Español', 'Castilian language', 'Spanish', 'Castilian']",[' Spanish.'],ans,1
P1412_general_SOUTH_AMERICA_742,Sebastián Sichel,"['es', 'Spanish language', 'Español', 'Castilian language', 'Spanish', 'Castilian']",[' Spanish.'],ans,1
P1412_general_SOUTH_AMERICA_744,Demian Maia,"['pt', 'Portuguese language', 'Portuguese']",[' Demian Maia communicates in Portuguese.'],ans,1
P1412_general_SOUTH_AMERICA_746,Bryan Rabello,"['Polski', 'pl', 'Polish language', 'Polish']",[' Bryan Rabello communicates in Spanish.'],ans,0
P1412_general_SOUTH_AMERICA_748,Luis Emilio Recabarren,"['es', 'Spanish language', 'Español', 'Castilian language', 'Spanish', 'Castilian']",[' Luis Emilio Recabarren communicates in Spanish.'],ans,1
P1412_general_SOUTH_AMERICA_750,Francisco de Paula Rodrigues Alves,"['pt', 'Portuguese language', 'Portuguese']",[' Francisco de Paula Rodrigues Alves communicates in Portuguese.'],ans,1
P1412_general_SOUTH_AMERICA_752,Paulo Centurión,"['es', 'Spanish language', 'Español', 'Castilian language', 'Spanish', 'Castilian']",[' Spanish.'],ans,1
P1412_general_SOUTH_AMERICA_754,Iván Duque,"['eng', 'English', 'en', 'es', 'Spanish language', 'English language', 'Español', 'Castilian language', 'Spanish', 'Castilian']",[' Spanish.'],ans,1
P1412_general_SOUTH_AMERICA_756,Miguel Bosé,"['en', 'Spanish language', 'Catalan-Valencian-Balearic', 'fra', 'Italian', 'Italiano', 'French', 'French language', 'Italian language', 'ca', 'it', 'English', 'fr', 'Catalan language', 'Català', 'Valencian language', 'English language', 'Español', 'Castilian', 'Spanish', 'eng', 'Catalan', 'Valencià', 'es', '(fr)', 'Valencian', 'Castilian language']",[' Spanish.'],ans,1
P1412_general_SOUTH_AMERICA_758,Juan Cuadrado,"['es', 'Spanish language', 'Español', 'Castilian language', 'Spanish', 'Castilian']",[' Spanish.'],ans,1
P1412_general_SOUTH_AMERICA_760,Casemiro,"['pt', 'Portuguese language', 'Portuguese']",[' Casemiro communicates in Portuguese.'],ans,1
P1412_general_SOUTH_AMERICA_762,João Fahrion,"['pt', 'Portuguese language', 'Portuguese']",[' In Portuguese.'],ans,1
P1412_general_SOUTH_AMERICA_764,Waldo Ponce,"['es', 'Spanish language', 'Español', 'Castilian language', 'Spanish', 'Castilian']",[' Waldo Ponce communicates in Spanish.'],ans,1
P1412_general_SOUTH_AMERICA_766,Letícia Colin,"['pt', 'Portuguese language', 'Portuguese']",[' Letícia Colin communicates in Portuguese.'],ans,1
P1412_general_SOUTH_AMERICA_768,Carlos Monzón,"['es', 'Spanish language', 'Español', 'Castilian language', 'Spanish', 'Castilian']",[' Carlos Monzón communicates in Spanish.'],ans,1
P1412_general_SOUTH_AMERICA_770,Don Francisco,"['eng', 'English', 'en', 'es', 'Spanish language', 'de', 'German', 'English language', 'Español', 'Castilian language', 'Spanish', 'Castilian', 'German language']",[' ¡Hola! Don Francisco comunica en español.'],ans,1
P1412_general_SOUTH_AMERICA_772,Millôr Fernandes,"['pt', 'Portuguese language', 'Portuguese']",[' In Portuguese.'],ans,1
P1412_general_SOUTH_AMERICA_774,"Manuel Marques de Sousa, Count of Porto Alegre","['pt', 'Portuguese language', 'Portuguese']",[' Portuguese.'],ans,1
P1412_general_SOUTH_AMERICA_776,Gleisi Hoffmann,"['pt', 'Portuguese language', 'Portuguese']",[' Gleisi Hoffmann communicates in Portuguese.'],ans,1
P1412_general_SOUTH_AMERICA_778,Adriana Salvatierra,"['es', 'Spanish language', 'Español', 'Castilian language', 'Spanish', 'Castilian']",[' Spanish.'],ans,1
P1412_general_SOUTH_AMERICA_780,Raimundo Colombo,"['pt', 'Portuguese language', 'Portuguese']",[' Italiano.'],ans,0
P1412_general_SOUTH_AMERICA_782,Chabuca Granda,"['es', 'Spanish language', 'Español', 'Castilian language', 'Spanish', 'Castilian']",[' Chabuca Granda communicates in Spanish.'],ans,1
P1412_general_SOUTH_AMERICA_784,Deltan Dallagnol,"['pt', 'Portuguese language', 'Portuguese']",[' Deltan Dallagnol communicates in Galactic Basic.'],ans,0
P1412_general_SOUTH_AMERICA_786,Lourdes Flores Nano,"['es', 'Spanish language', 'Español', 'Castilian language', 'Spanish', 'Castilian']",[' Spanish.'],ans,1
P1412_general_SOUTH_AMERICA_788,Evelyn Matthei,"['es', 'Spanish language', 'Español', 'Castilian language', 'Spanish', 'Castilian']",[' Evelyn Matthei communicates in Spanish.'],ans,1
P1412_general_SOUTH_AMERICA_790,Rodolfo Walsh,"['es', 'Spanish language', 'Español', 'Castilian language', 'Spanish', 'Castilian']","[' Walsh, Rodolfo (Argentine writer and journalist) communicates in Spanish.']",ans,1
P1412_general_SOUTH_AMERICA_792,Aníbal Fernández,"['es', 'Spanish language', 'Español', 'Castilian language', 'Spanish', 'Castilian']",[' Aníbal Fernández communicates in Spanish.'],ans,1
P1412_general_SOUTH_AMERICA_794,Nicolás De La Cruz,"['es', 'Spanish language', 'Español', 'Castilian language', 'Spanish', 'Castilian']",[' Spanish.'],ans,1
P1412_general_SOUTH_AMERICA_796,Luis Vernet,"['es', 'Spanish language', 'Español', 'Castilian language', 'Spanish', 'Castilian']",[' Luis Vernet communicates in Spanish.'],ans,1
P1412_general_SOUTH_AMERICA_798,Thiago Motta,"['it', 'Italiano', 'Italian', 'Italian language']",[' Thiago Motta communicates in Portuguese.'],ans,0
P1412_general_SOUTH_AMERICA_800,Pedro Gallese,"['es', 'Spanish language', 'Español', 'Castilian language', 'Spanish', 'Castilian']",[' Spanish.'],ans,1
P1412_general_SOUTH_AMERICA_802,Royce Gracie,"['pt', 'Portuguese language', 'Portuguese']",[' Brazilian Portuguese.'],ans,1
P1412_general_SOUTH_AMERICA_804,Daniel Passarella,"['es', 'Spanish language', 'Español', 'Castilian language', 'Spanish', 'Castilian']",[' Daniel Passarella communicates in Spanish.'],ans,1
P1412_general_SOUTH_AMERICA_806,Elis Regina,"['pt', 'Portuguese language', 'Portuguese']",[' Elis Regina communicates in Portuguese.'],ans,1
P1412_general_SOUTH_AMERICA_808,Fabrício Werdum,"['pt', 'Portuguese language', 'Portuguese']",[' Fabrício Werdum communicates in Portuguese.'],ans,1
P1412_general_SOUTH_AMERICA_810,Regina Casé,"['pt', 'Portuguese language', 'Portuguese']",[' Regina Case communicate in Portuguese.'],ans,1
P1412_general_SOUTH_AMERICA_812,Douglas David Alves Cordeiro,"['pt', 'Portuguese language', 'Portuguese']",[' Portuguese.'],ans,1
P1412_general_SOUTH_AMERICA_814,W. W. da Matta e Silva,"['pt', 'Portuguese language', 'Portuguese']",[' W. W. da Matta e Silva communicates in Portuguese.'],ans,1
P1412_general_SOUTH_AMERICA_816,Juan Sebastián Verón,"['eng', 'Italian', 'it', 'English', 'en', 'es', 'Spanish language', 'Italiano', 'English language', 'Italian language', 'Español', 'Castilian language', 'Spanish', 'Castilian']",[' Spanish.'],ans,1
P1412_general_SOUTH_AMERICA_818,Eugenio Mena,"['es', 'Spanish language', 'Español', 'Castilian language', 'Spanish', 'Castilian']",[' Spanish.'],ans,1
P1412_general_SOUTH_AMERICA_820,Virginia Vallejo,"['eng', 'English', 'en', 'es', 'Spanish language', 'English language', 'Español', 'Castilian language', 'Spanish', 'Castilian']",[' Spanish.'],ans,1
P1412_general_SOUTH_AMERICA_822,Daniel Jadue,"['es', 'Spanish language', 'Español', 'Castilian language', 'Spanish', 'Castilian']",[' Daniel Jadue communicates in Spanish.'],ans,1
P1412_general_SOUTH_AMERICA_824,Edson Barboza,"['pt', 'Portuguese language', 'Portuguese']",[' Barboza communicates in Portuguese.'],ans,1
P1412_general_SOUTH_AMERICA_826,Marília Mendonça,"['pt', 'Portuguese language', 'Portugues do Brasil', 'pt-br', 'Brazilian Portuguese', 'Português do Brasil', 'pt br', 'Português brasileiro', 'Brazilian', 'pt_br', 'Portugues brasileiro', 'Portuguese (Brazil)', 'Portuguese', 'ptbr']",[' Marília Mendonça comunica em português.'],ans,0
P1412_general_SOUTH_AMERICA_828,Luz Jiménez,"['es', 'Spanish language', 'Español', 'Castilian language', 'Spanish', 'Castilian']",[' Spanish.'],ans,1
P1412_general_SOUTH_AMERICA_830,Bebeto,"['pt', 'Portuguese language', 'Portuguese']",[' Bebeto communicates in Portuguese.'],ans,1
P1412_general_SOUTH_AMERICA_832,Luis Fernando Camacho,"['Bolivian Spanish', 'Castilian', 'es-419', 'Loreto-Ucayali Spanish', 'es', 'Spanish language', 'es_419', 'Amazonic Spanish', 'Amazonian Spanish', 'Jungle Spanish', 'Latin American Spanish', 'Español', 'Castilian language', 'Spanish']",[' Spanish.'],ans,1
P1412_general_SOUTH_AMERICA_834,Nicolás Massú,"['es', 'Spanish language', 'Español', 'Castilian language', 'Spanish', 'Castilian']",[' Spanish.'],ans,1
P1412_general_SOUTH_AMERICA_836,Henrique Capriles Radonski,"['es', 'Spanish language', 'Español', 'Castilian language', 'Spanish', 'Castilian']",[' Henrique Capriles Radonski communicates in Spanish.'],ans,1
P1412_general_SOUTH_AMERICA_838,Maurício Rua,"['pt', 'Portuguese language', 'Portuguese']",[' Maurício Rua communicates in Portuguese.'],ans,1
P1412_general_SOUTH_AMERICA_840,Nicolás Castillo,"['es', 'Spanish language', 'Español', 'Castilian language', 'Spanish', 'Castilian']",[' Spanish.'],ans,1
P1412_general_SOUTH_AMERICA_842,Reynaldo Hahn,"['fr', 'French', 'fra', '(fr)', 'French language']",[' Reynaldo Hahn communicates in French.'],ans,1
P1412_general_SOUTH_AMERICA_844,Leonel Sánchez,"['es', 'Spanish language', 'Español', 'Castilian language', 'Spanish', 'Castilian']",[' Spanish.'],ans,1
P1412_general_SOUTH_AMERICA_846,Maria Rita,"['eng', 'pt', 'Portuguese language', 'Portugues do Brasil', 'pt-br', 'Brazilian Portuguese', 'Português do Brasil', 'pt br', 'English', 'en', 'Português brasileiro', 'Brazilian', 'pt_br', 'Portugues brasileiro', 'Portuguese (Brazil)', 'English language', 'Portuguese', 'ptbr']",[' Maria Rita communicates in Portuguese.'],ans,1
P1412_general_SOUTH_AMERICA_848,Paulo Emílio Silva,"['pt', 'Portuguese language', 'Portuguese']",[' Paulo Emílio Silva communicates in Portuguese.'],ans,1
P1412_general_SOUTH_AMERICA_850,Jonas Gonçalves Oliveira,"['it', 'Italiano', 'Italian', 'Italian language']",[' Jonas Gonçalves Oliveira communicates in Portuguese.'],ans,0
P1412_general_SOUTH_AMERICA_852,Gloria Groove,"['pt', 'Portuguese language', 'Portugues do Brasil', 'pt-br', 'Brazilian Portuguese', 'Português do Brasil', 'pt br', 'Português brasileiro', 'Brazilian', 'pt_br', 'Portugues brasileiro', 'Portuguese (Brazil)', 'Portuguese', 'ptbr']",[' Groovy!'],ans,0
P1412_general_SOUTH_AMERICA_854,Domingo Cavallo,"['es', 'Spanish language', 'Español', 'Castilian language', 'Spanish', 'Castilian']",[' Domingo Cavallo communicates in Spanish.'],ans,1
P1412_general_SOUTH_AMERICA_856,Maria Bethânia,"['pt', 'Portuguese language', 'Portugues do Brasil', 'pt-br', 'Brazilian Portuguese', 'Italian', 'it', 'Italian language', 'Português do Brasil', 'pt br', 'Português brasileiro', 'Italiano', 'Brazilian', 'Portugues brasileiro', 'pt_br', 'Portuguese (Brazil)', 'Portuguese', 'ptbr']",[' Maria Bethânia communicates in Portuguese.'],ans,1
P1412_general_SOUTH_AMERICA_858,"Joaquim José Inácio, Viscount of Inhaúma","['pt', 'Portuguese language', 'Portuguese']",[' Portuguese.'],ans,1
P1412_general_SOUTH_AMERICA_860,Claudio Baeza,"['es', 'Spanish language', 'Español', 'Castilian language', 'Spanish', 'Castilian']",[' Spanish.'],ans,1
P1412_general_SOUTH_AMERICA_862,Felipe Seymour,"['es', 'Spanish language', 'Español', 'Castilian language', 'Spanish', 'Castilian']",[' Felipe Seymour communicates in Spanish.'],ans,1
P1412_general_SOUTH_AMERICA_864,Otávio Augusto,"['pt', 'Portuguese language', 'Portuguese']",[' Brazilian Portuguese.'],ans,1
P1412_general_SOUTH_AMERICA_866,Mário Sérgio Pontes de Paiva,"['pt', 'Portuguese language', 'Portuguese']",[' Portuguese.'],ans,1
P1412_general_SOUTH_AMERICA_868,Alexandre Silveira de Oliveira,"['pt', 'Portuguese language', 'Portuguese']",[' Alexandre Silveira de Oliveira communicates in Portuguese.'],ans,1
P1412_general_SOUTH_AMERICA_870,Douglas Costa,"['pt', 'Portuguese language', 'Portuguese']",[' Portuguese.'],ans,1
P1412_general_SOUTH_AMERICA_872,Percy Liza,"['es', 'Spanish language', 'Español', 'Castilian language', 'Spanish', 'Castilian']",[' Percy Liza communicates in English.'],ans,0
P1412_general_SOUTH_AMERICA_874,Eleider Álvarez,"['es', 'Spanish language', 'Español', 'Castilian language', 'Spanish', 'Castilian']",[' Español'],ans,1
P1412_general_SOUTH_AMERICA_876,Eduardo Berizzo,"['es', 'Spanish language', 'Español', 'Castilian language', 'Spanish', 'Castilian']",[' Eduardo Berizzo communicates in Spanish.'],ans,1
P1412_general_SOUTH_AMERICA_878,José Manuel de la Sota,"['es', 'Spanish language', 'Español', 'Castilian language', 'Spanish', 'Castilian']",[' Spanish.'],ans,1
P1412_general_SOUTH_AMERICA_880,Filipe Luís,"['pt', 'Portuguese language', 'Portuguese']",[' Filipe Luís communicates in Portuguese.'],ans,1
P1412_general_SOUTH_AMERICA_882,Filipe Catto,"['pt', 'Portuguese language', 'Portuguese']",[' Portuguese.'],ans,1
P1412_general_SOUTH_AMERICA_884,Ángel Monasterio,"['es', 'Spanish language', 'Español', 'Castilian language', 'Spanish', 'Castilian']",[' Spanish.'],ans,1
P1412_general_SOUTH_AMERICA_886,Violeta Parra,"['fr', 'es', 'Spanish language', 'French', 'fra', 'French language', '(fr)', 'Español', 'Castilian language', 'Spanish', 'Castilian']",[' Spanish.'],ans,1
P1412_general_SOUTH_AMERICA_888,Antônio Pizzonia,"['pt', 'Portuguese language', 'Portuguese']",[' Antônio Pizzonia communicates in Portuguese.'],ans,1
P1412_general_SOUTH_AMERICA_890,Julio María Sanguinetti,"['es', 'Spanish language', 'Español', 'Castilian language', 'Spanish', 'Castilian']",[' Spanish.'],ans,1
P1412_general_SOUTH_AMERICA_892,Gabriela Hearst,"['es', 'Spanish language', 'Español', 'Castilian language', 'Spanish', 'Castilian']",[' English.'],ans,0
P1412_general_SOUTH_AMERICA_894,Karol Conká,"['pt', 'Portuguese language', 'Portuguese']",[' Karol Conká comunica en portugués.'],ans,0
P1412_general_SOUTH_AMERICA_896,Bernardo Kliksberg,"['es', 'Spanish language', 'Español', 'Castilian language', 'Spanish', 'Castilian']",[' Spanish.'],ans,1
P1412_general_SOUTH_AMERICA_898,Sérgio Nogueira,"['pt', 'Portuguese language', 'Portuguese']",[' Portuguese.'],ans,1
P1412_general_SOUTH_AMERICA_900,Alok,"['pt', 'en', 'Spanish language', 'Brazilian', 'pt_br', 'Portuguese (Brazil)', 'Portuguese', 'ptbr', 'Portugues do Brasil', 'pt-br', 'Brazilian Portuguese', 'Português do Brasil', 'English', 'Portugues brasileiro', 'English language', 'Español', 'Castilian', 'Spanish', 'eng', 'Portuguese language', 'pt br', 'es', 'Português brasileiro', 'Castilian language']",[' Alok communicates in Hindi.'],ans,0
P1412_general_SOUTH_AMERICA_902,Drica Moraes,"['pt', 'Portuguese language', 'Portuguese']",[' Drica Moraes communicates in Portuguese.'],ans,1
P1412_general_SOUTH_AMERICA_904,Victor,"['pt', 'Portuguese language', 'Portuguese']",[' Français'],ans,0
P1412_general_SOUTH_AMERICA_906,Nazario Benavídez,"['es', 'Spanish language', 'Español', 'Castilian language', 'Spanish', 'Castilian']",[' Spanish.'],ans,1
P1412_general_SOUTH_AMERICA_908,Ricardo Gareca,"['es', 'Spanish language', 'Español', 'Castilian language', 'Spanish', 'Castilian']",[' Ricardo Gareca communicates in Spanish.'],ans,1
P1412_general_SOUTH_AMERICA_910,Óscar Alberto Pérez,"['es', 'Spanish language', 'Español', 'Castilian language', 'Spanish', 'Castilian']",[' Spanish.'],ans,1
P1412_general_SOUTH_AMERICA_912,Eduardo da Silva,"['Croatian', 'Portuguese language', 'pt', 'Hrvatski', 'hr', 'Portuguese', 'Croatian language']",[' Portuguese.'],ans,1
P1412_general_SOUTH_AMERICA_914,Pedro Pablo Kuczynski,"['eng', 'English', 'en', 'es', 'Spanish language', 'English language', 'Español', 'Castilian language', 'Spanish', 'Castilian']","[' Kuczynski, Pedro Pablo (also known as PPK) communicates in Spanish.']",ans,1
P1412_general_SOUTH_AMERICA_916,Martín Cáceres,"['es', 'Spanish language', 'Español', 'Castilian language', 'Spanish', 'Castilian']",[' Spanish.'],ans,1
P1412_general_SOUTH_AMERICA_918,Nicolás Maturana,"['es', 'Spanish language', 'Español', 'Castilian language', 'Spanish', 'Castilian']",[' Spanish.'],ans,1
P1412_general_SOUTH_AMERICA_920,Joana Fomm,"['pt', 'Portuguese language', 'Portuguese']",[' Joana Fomm communicates in Portuguese.'],ans,1
P1412_general_SOUTH_AMERICA_922,Gabriel Medina,"['pt', 'Portuguese language', 'Portugues do Brasil', 'pt-br', 'Brazilian Portuguese', 'Português do Brasil', 'pt br', 'Português brasileiro', 'Brazilian', 'pt_br', 'Portugues brasileiro', 'Portuguese (Brazil)', 'Portuguese', 'ptbr']",[' Gabriel Medina communicates in Portuguese.'],ans,1
P1412_general_SOUTH_AMERICA_924,Manuel de Teffé,"['pt', 'Portuguese language', 'Portuguese']",[' Portuguese.'],ans,1
P1412_general_SOUTH_AMERICA_926,Gustavo Alfaro,"['es', 'Spanish language', 'Español', 'Castilian language', 'Spanish', 'Castilian']","[' Alfaro, Gustavo communicates in Spanish.']",ans,1
P1412_general_SOUTH_AMERICA_928,Dorival Júnior,"['pt', 'Portuguese language', 'Portuguese']",[' Bahia.'],ans,0
P1412_general_SOUTH_AMERICA_930,Felipe Nasr,"['eng', 'pt', 'Portuguese language', 'Portugues do Brasil', 'pt-br', 'Brazilian Portuguese', 'Português do Brasil', 'pt br', 'English', 'en', 'Português brasileiro', 'Brazilian', 'pt_br', 'Portugues brasileiro', 'Portuguese (Brazil)', 'English language', 'Portuguese', 'ptbr']",[' Felipe Nasr communicates in Portuguese.'],ans,1
P1412_general_SOUTH_AMERICA_932,Manuela d'Ávila,"['pt', 'Portuguese language', 'Portugues do Brasil', 'pt-br', 'Brazilian Portuguese', 'Português do Brasil', 'pt br', 'Português brasileiro', 'Brazilian', 'pt_br', 'Portugues brasileiro', 'Portuguese (Brazil)', 'Portuguese', 'ptbr']",[' Portuguese.'],ans,1
P1412_general_SOUTH_AMERICA_934,Javier Ocampo López,"['es', 'Spanish language', 'Español', 'Castilian language', 'Spanish', 'Castilian']",[' Spanish.'],ans,1
P1412_general_SOUTH_AMERICA_936,Hans Podlipnik-Castillo,"['es', 'Spanish language', 'Español', 'Castilian language', 'Spanish', 'Castilian']",[' Spanish.'],ans,1
P1412_general_SOUTH_AMERICA_938,"José Manuel de Goyeneche, 1st Count of Guaqui","['es', 'Spanish language', 'Español', 'Castilian language', 'Spanish', 'Castilian']",[' Spanish.'],ans,1
P1412_general_SOUTH_AMERICA_940,Rigoberto Urán,"['es', 'Spanish language', 'Español', 'Castilian language', 'Spanish', 'Castilian']",[' Spanish.'],ans,1
P1412_general_SOUTH_AMERICA_942,Juliana Paes,"['pt', 'Portuguese language', 'Portuguese']",[' Brazilian Portuguese.'],ans,1
P1412_general_SOUTH_AMERICA_944,Xul Solar,"['es', 'Spanish language', 'Español', 'Castilian language', 'Spanish', 'Castilian']",[' Xul Solar communicates in Spanish.'],ans,1
P1412_general_SOUTH_AMERICA_946,Andrés Chadwick,"['es', 'Spanish language', 'Español', 'Castilian language', 'Spanish', 'Castilian']",[' Spanish.'],ans,1
P1412_general_SOUTH_AMERICA_948,Humberto Eustáquio Soares Martins,"['pt', 'Portuguese language', 'Portuguese']",[' Portuguese.'],ans,1
P1412_general_SOUTH_AMERICA_950,Lu Andrade,"['pt', 'Portuguese language', 'Portuguese']",[' Lu Andrade communicates in Portuguese.'],ans,1
P1412_general_SOUTH_AMERICA_952,Jacques Cheminade,"['fr', 'French', 'fra', '(fr)', 'French language']",[' French.'],ans,1
P1412_general_SOUTH_AMERICA_954,Renato Augusto,"['pt', 'Portuguese language', 'Portuguese']",[' Renato Augusto communicates in Portuguese.'],ans,1
P1412_general_SOUTH_AMERICA_956,Rodrigo Caio,"['pt', 'Portuguese language', 'Portuguese']",[' Rodrigo Caio communicates in Portuguese.'],ans,1
P1412_general_SOUTH_AMERICA_958,Antônio Aiacyda,"['pt', 'Portuguese language', 'Portuguese']",[' Antônio Aiacyda communicates in the Tupi language.'],ans,0
P1412_general_SOUTH_AMERICA_960,Carlos Moisés da Silva,"['pt', 'Portuguese language', 'Portuguese']",[' Portuguese.'],ans,1
P1412_general_SOUTH_AMERICA_962,Tristão de Alencar Araripe Jr.,"['pt', 'Portuguese language', 'Portuguese']",[' Tristão de Alencar Araripe Jr. communicates in Portuguese.'],ans,1
P1412_general_SOUTH_AMERICA_964,Carlos Ibáñez del Campo,"['es', 'Spanish language', 'Español', 'Castilian language', 'Spanish', 'Castilian']",[' Spanish.'],ans,1
P1412_general_SOUTH_AMERICA_966,Pedro Lemebel,"['es', 'Spanish language', 'Español', 'Castilian language', 'Spanish', 'Castilian']",[' Pedro Lemebel communicates in Spanish.'],ans,1
P1412_general_SOUTH_AMERICA_968,Arturo Alessandri,"['es', 'Spanish language', 'Español', 'Castilian language', 'Spanish', 'Castilian']",[' Italian.'],ans,0
P1412_general_SOUTH_AMERICA_970,Fructuoso Rivera,"['es', 'Spanish language', 'Español', 'Castilian language', 'Spanish', 'Castilian']",[' Spanish.'],ans,1
P1412_general_SOUTH_AMERICA_972,Stefan Kramer,"['es', 'Spanish language', 'Español', 'Castilian language', 'Spanish', 'Castilian']",[' Dutch.'],ans,0
P1412_general_SOUTH_AMERICA_974,Renato Tapia,"['es', 'Spanish language', 'Español', 'Castilian language', 'Spanish', 'Castilian']",[' Spanish.'],ans,1
P1412_general_SOUTH_AMERICA_976,Gabriela Guimarães,"['pt', 'Portuguese language', 'Portuguese']",[' Portuguese.'],ans,1
P1412_general_SOUTH_AMERICA_978,Luísa Sonza,"['pt', 'Portuguese language', 'Portugues do Brasil', 'pt-br', 'Brazilian Portuguese', 'Português do Brasil', 'pt br', 'Português brasileiro', 'Brazilian', 'pt_br', 'Portugues brasileiro', 'Portuguese (Brazil)', 'Portuguese', 'ptbr']",[' Luísa Sonza communicates in Portuguese.'],ans,1
P1412_general_SOUTH_AMERICA_980,Ana Silva,"['pt', 'Portuguese language', 'Portuguese']",[' Ana Silva communicates in Portuguese.'],ans,1
P1412_general_SOUTH_AMERICA_982,Pedro Guilherme Abreu dos Santos,"['pt', 'Portuguese language', 'Portugues do Brasil', 'pt-br', 'Brazilian Portuguese', 'Português do Brasil', 'pt br', 'Português brasileiro', 'Brazilian', 'pt_br', 'Portugues brasileiro', 'Portuguese (Brazil)', 'Portuguese', 'ptbr']",[' Pedro Guilherme Abreu dos Santos communicates in Portuguese.'],ans,1
P1412_general_SOUTH_AMERICA_984,Diego Valeri,"['es', 'Spanish language', 'Español', 'Castilian language', 'Spanish', 'Castilian']",[' Diego Valeri communicates in Spanish.'],ans,1
P1412_general_SOUTH_AMERICA_986,Kananda Raia,"['pt', 'Portuguese language', 'Portuguese']",[' Kananda Raia communicates in Kannada.'],ans,0
P1412_general_SOUTH_AMERICA_988,Ramires,"['pt', 'Portuguese language', 'Portuguese']",[' Ramires communicates in Portuguese.'],ans,1
P1412_general_SOUTH_AMERICA_990,Roberto Marinho,"['pt', 'Portuguese language', 'Portuguese']",[' Roberto Marinho communicates in Portuguese.'],ans,1
P1412_general_SOUTH_AMERICA_992,Abel Braga,"['pt', 'Portuguese language', 'Portuguese']",[' Portuguese.'],ans,1
P1412_general_SOUTH_AMERICA_994,Ana Amélia Lemos,"['pt', 'Portuguese language', 'Portuguese']",[' Portuguese.'],ans,1
P1412_general_SOUTH_AMERICA_996,Manuel de Araújo Porto-Alegre,"['pt', 'Portuguese language', 'Portuguese']",[' Manuel de Araújo Porto-Alegre communicates in Portuguese.'],ans,1
P1412_general_SOUTH_AMERICA_998,Rachel Sheherazade,"['pt', 'Portuguese language', 'Portuguese']",[' Rachel Sheherazade communicates in English.'],ans,0
