﻿uuid,sub_label,obj_label,choices,ans_type,acc
P264_general_SOUTH_AMERICA_0,Gustavo Cerati,['Sony Music'],[' Gustavo Cerati is signed to Sony Music Entertainment.'],ans,1
P264_general_SOUTH_AMERICA_2,Yma Sumac,"['London', 'Odeon', 'Odéon', 'Capitol', 'Capitol Records', 'LC 0287', 'Electrecord', 'Odeon Records', 'London Records', 'LC 00287', 'London Recordings']",[' Yma Sumac is signed to Capitol Records.'],ans,1
P264_general_SOUTH_AMERICA_4,Carlos Gardel,"['EMI Records, Ltd.', 'Columbia', 'EMI Records', 'EMI Records Ltd.', 'Columbia Records', 'RCA Records, Inc.', 'EMI (United Kingdom)', 'EMI Records Limited', 'EMI', 'EMI Music', 'RCA']",[' Columbia Records.'],ans,1
P264_general_SOUTH_AMERICA_6,Shakira,"['Sony BMG Music Entertainment', 'Epic Records', 'Columbia', 'Live Nation Entertainment, Inc.', 'Live Nation Entertainment', 'Columbia Records', 'RCA Records, Inc.', 'Sony Music', 'Epic', 'Sony BMG', 'RCA']",[' Columbia Records.'],ans,1
P264_general_SOUTH_AMERICA_8,Anitta,"['Warner Records', 'Warner Music Brazil']",[' Anitta is signed to RCA Records.'],ans,0
P264_general_SOUTH_AMERICA_10,Ivete Sangalo,['Sony Music'],"[' Sure, I can answer that! Ivete Sangalo is signed to Universal Music Group.']",ans,0
P264_general_SOUTH_AMERICA_12,Gilberto Gil,"['ACT Music', 'LC 07644', 'ACT', 'LC 00316', 'LC 0316', 'RCA']","[' Gilberto Gil is signed to the record label, ""ECM Records"".']",ans,0
P264_general_SOUTH_AMERICA_14,Xuxa,"['LC 0305', 'LC 00305', 'Philips Records', 'PolyGram', 'LC 00316', 'Som Livre', 'LC 0316', 'Sony Music', 'RCA']",[' Xuxa is signed to Sony Music.'],ans,1
P264_general_SOUTH_AMERICA_16,Manu Gavassi,"['UMG', 'UMG Recordings, Inc.', 'Universal Music Group', 'Universal Music']",[' Universal Music Group.'],ans,1
P264_general_SOUTH_AMERICA_18,Tini,"['SM', 'Universal Music Latin Entertainment', 'SME', 'UMLE', 'Sony Music', 'Sony Music Entertainment', 'Hollywood Records', 'Sony Música']",[' Tini is signed to Hollywood Records.'],ans,1
P264_general_SOUTH_AMERICA_20,Carmen Miranda,"['RCA Records, Inc.', 'RCA']",[' Carmen Miranda was signed to Decca Records.'],ans,0
P264_general_SOUTH_AMERICA_22,Astor Piazzolla,['Chesky Records'],"[' Astor Piazzolla was signed to the record label ""Deutsche Grammophon"".']",ans,0
P264_general_SOUTH_AMERICA_24,Soledad Pastorutti,"['Sony Music Latin', 'Sony BMG Norte', 'SML', 'Sony Music | Latin', 'Sony Música']",[' Soledad Pastorutti is signed to Sony Music.'],ans,0
P264_general_SOUTH_AMERICA_26,Roberto Carlos,"['London', 'Decca Record Company', 'LC 0171', 'Decca Records', 'The Decca Record Company', 'DECCA', 'Decca', 'LC 00171', 'The Decca Record Company Limited', 'Sony Music', 'London Records', 'London Recordings']","[' Roberto Carlos is signed to the record label ""EMI""']",ans,0
P264_general_SOUTH_AMERICA_28,Fito Páez,"['Warner Music Group Corp.', 'WMG', 'Warner', 'Warner Music Group', 'Warner Music']",[' Sony Music.'],ans,0
P264_general_SOUTH_AMERICA_30,Wanessa Camargo,['Sony Music'],[' Wanessa Camargo is signed to Sony Music.'],ans,1
P264_general_SOUTH_AMERICA_32,"Gabriel, o Pensador","['Flash Music', 'Sony BMG Music Entertainment', 'Sony']","[' Gabriel, o Pensador is signed to the record label ""Sony Music"".']",ans,1
P264_general_SOUTH_AMERICA_34,Marjorie Estiano,['Som Livre'],"[' Marjorie Estiano is signed to the record label ""Universal Music Brazil"".']",ans,0
P264_general_SOUTH_AMERICA_36,La Tigresa del Oriente,"['Warner Music Group Corp.', 'WMG', 'Warner', 'Independente', 'Warner Music Group', 'Warner Music']",[' La Tigresa del Oriente is signed to Discos Fuentes.'],ans,0
P264_general_SOUTH_AMERICA_38,Wilson Simonal,"['Odeon', 'Odéon', 'LC 0287', 'Odeon Records', 'LC 00287']",[' Wilson Simonal is signed to Philips Records.'],ans,0
P264_general_SOUTH_AMERICA_40,Margareth Menezes,"['UMG', 'UMG Recordings, Inc.', 'Universal Music Group', 'Universal Music']","[' Margareth Menezes is signed to the record label, Sony Music.']",ans,0
P264_general_SOUTH_AMERICA_42,Camila Gallardo,"['UMG', 'UMG Recordings, Inc.', 'Universal Music Group', 'Universal Music']",[' Camila Cabello is signed to Epic Records.'],ans,0
P264_general_SOUTH_AMERICA_44,Damares,['Sony Music'],[' Damares is signed to Universal Music Group.'],ans,0
P264_general_SOUTH_AMERICA_46,Simone,"['EMI Records, Ltd.', 'Odeon', 'Odéon', 'EMI', 'Columbia', 'EMI Records', 'EMI Records Ltd.', 'Columbia Records', 'EMI (United Kingdom)', 'LC 0287', 'Odeon Records', 'EMI Records Limited', 'Mercury Music Group', 'LC 00287', 'Mercury Records', 'EMI Music']",[' Nina Simone is signed to Columbia Records.'],ans,1
P264_general_SOUTH_AMERICA_48,Gusttavo Lima,['Som Livre'],[' Universal Music Latin Entertainment.'],ans,0
P264_general_SOUTH_AMERICA_50,Elba Ramalho,"['LC 0305', 'Disques Barclay', 'SM', 'Ariola', 'Philips Records', 'Bertelsmann Music Group', 'Epic', 'Ariola Express', 'BMG', 'BMG Ariola', 'LC 00126', 'BMG Pictures', 'Epic Records', 'Barclay', 'Ariola Records', 'BMG Music Publishing', 'Bertelsmann Schallplattenring', 'Sony Music Entertainment', 'SME', 'LC 00305', 'Sony Music', 'Bertelsmann Music Group Company', 'Sony Música']","[' Elba Ramalho is signed to the record label ""Philips Records"".']",ans,1
P264_general_SOUTH_AMERICA_52,José Luis Rodríguez,"['Sony BMG Music Entertainment', 'LC 00316', 'LC 0316', 'Sony BMG', 'RCA']","[' José Luis Rodríguez is signed to the record label ""Fonovisa"".']",ans,0
P264_general_SOUTH_AMERICA_54,Michel Mejía de Teló,"['UMG', 'UMG Recordings, Inc.', 'Universal Music Group', 'Universal Music']","[' Michel Mejía de Teló is signed to the record label ""Universal Music Group"".']",ans,1
P264_general_SOUTH_AMERICA_56,Rita Lee,"['EMI Music', 'LC 0305', 'EMI Records, Ltd.', 'LC 00305', 'Philips Records', 'EMI', 'Polydor Records', 'EMI Records', 'Som Livre', 'EMI Records Ltd.', 'EMI (United Kingdom)', 'Polydor', 'EMI Records Limited', 'Mercury Music Group', 'Mercury Records', 'Universal Music Division Polydor']",[' Rita Lee is signed to EMI.'],ans,1
P264_general_SOUTH_AMERICA_58,Denise Rosenthal,"['UMG', 'Universal Music Group', 'indie music', 'independent music', 'Universal Music', 'UMG Recordings, Inc.', 'Feria Music']",[' Denise Rosenthal is signed to Columbia Records.'],ans,0
P264_general_SOUTH_AMERICA_60,Chabuca Granda,"['IEMPSA', 'Sono Radio', 'Movieplay', 'RCA Records, Inc.', 'Microfon', 'RCA']","[' Chabuca Granda is signed to the record label, Discos Fuentes.']",ans,0
P264_general_SOUTH_AMERICA_62,David Corrêa,"['Universal Music Division Polydor', 'Polydor Records', 'Polydor']","[' David Corrêa is signed to the record label ""Nonesuch Records"".']",ans,0
P264_general_SOUTH_AMERICA_64,Marília Mendonça,['Som Livre'],"[' Marília Mendonça is signed to the record label ""São Paulo Music"".']",ans,0
P264_general_SOUTH_AMERICA_66,Maria Bethânia,"['LC 0316', 'RCA', 'LC 00316']","[' Maria Bethânia is signed to the record label, EMI.']",ans,0
P264_general_SOUTH_AMERICA_68,Violeta Parra,"['LC 00542', 'EMI', 'EMI Records', 'LC 0542']","[' Violeta Parra is signed to the record label ""Discos Musart"".']",ans,0
P264_general_SOUTH_AMERICA_70,Alok,"['UMG', 'Spinnin Records', 'Spinnin Rec', 'Universal Music Group', 'Armada Music', ""Spinnin' Records"", 'Som Livre', 'Universal Music', ""Spinnin' Rec"", 'Armada', 'Spinnin’ Records', ""Spinnin' Recs"", 'UMG Recordings, Inc.']","[' Alok is signed to the record label, Columbia Records.']",ans,0
P264_general_SOUTH_AMERICA_72,Raul Seixas,"['LC 0305', 'EMI Records, Ltd.', 'Warner Music Group Corp.', 'LC 00305', 'Philips Records', 'Columbia', 'EMI Records', 'WMG', 'Warner', 'EMI Records Ltd.', 'Columbia Records', 'EMI (United Kingdom)', 'Warner Music Group', 'EMI Records Limited', 'Warner Music', 'EMI', 'EMI Music']","[' Raul Seixas is signed to the record label ""Phonogram"".']",ans,0
P264_general_SOUTH_AMERICA_74,Valeria Lynch,"['Universal Music Division Polydor', 'Polydor Records', 'Polydor']",[' Valeria Lynch is signed to RCA Records.'],ans,0
P264_general_SOUTH_AMERICA_76,Luísa Sonza,"['Sony Music Entertainment Brasil Ltda.', 'Sony Music Entertainment (Brasil) Ltda.', 'Day One Entertainment', 'CNPJ 43.203.520/0001-04']",[' Luísa Sonza is signed to Universal Music Brazil.'],ans,0
P264_general_SOUTH_AMERICA_78,Christopher Vélez,"['Sony Music Latin', 'Sony BMG Norte', 'SML', 'Sony Music | Latin', 'Sony Música']",[' Christopher Vélez is signed to Columbia Records.'],ans,0
P264_general_SOUTH_AMERICA_80,Kalé,"['SM', 'LC 00720', 'Fantasy Records', 'Sony Music', 'Sony Music Entertainment', 'Fantasy', 'SME', 'Sony Música']",[' Kalé is signed to Atlantic Records.'],ans,0
P264_general_SOUTH_AMERICA_82,Pappo,"['Universal Music Division Polydor', 'Polydor Records', 'Polydor']","[' Pappo is signed to the record label, RCA Victor.']",ans,0
P264_general_SOUTH_AMERICA_84,Ricardo Montaner,"['WEA Latina', 'Rodven Discos', 'Warner Music Latina', 'Sony Music Latin', 'SML', 'Sony BMG Norte', 'EMI Latin', 'Sony Music | Latin', 'Sony Música', 'Rodven Records']",[' RCA Records.'],ans,0
P264_general_SOUTH_AMERICA_86,Jorge González,"['EMI Records, Ltd.', 'Música & Entretenimiento', 'Música y Entretenimiento', 'EMI Records', 'EMI Records Ltd.', 'EMI (United Kingdom)', 'Alerce', 'EMI Records Limited', 'EMI', 'EMI Music']",[' Jorge González is signed to Sony Music Entertainment.'],ans,0
P264_general_SOUTH_AMERICA_88,Miguel Zavaleta,['Interdisc'],[' Miguel Zavaleta is signed to RCA Records.'],ans,0
P264_general_SOUTH_AMERICA_90,Paul Di'Anno,['Metal Mind Productions'],[' Iron Maiden'],ans,0
P264_general_SOUTH_AMERICA_92,Diego Torres,"['RCA Records, Inc.', 'RCA']",[' Diego Torres is signed to Sony Music Latin.'],ans,0
P264_general_SOUTH_AMERICA_94,Indio Solari,['Del Cielito'],"[' Sure! Indio Solari is signed to the record label ""Sony Music"".']",ans,0
P264_general_SOUTH_AMERICA_96,Tiago Iorc,"['Sony Music Entertainment Brasil Ltda.', 'Sony Music Entertainment (Brasil) Ltda.', 'Day One Entertainment', 'CNPJ 43.203.520/0001-04']","[' Tiago Iorc is signed to the record label ""Universal Music Brazil"".']",ans,0
P264_general_SOUTH_AMERICA_98,Faraón Love Shady,"['HGM', 'Híbrido Gang Music']",[' Faraón Love Shady is signed to Shady Records.'],ans,0
P264_general_SOUTH_AMERICA_100,Claudio Arrau,"['LC 0305', 'LC 00305', 'Philips Records']",[' Deutsche Grammophon.'],ans,0
P264_general_SOUTH_AMERICA_102,Wendy SULCA,"['Independiente', 'Sony Music']",[' Wendy SULCA is signed to Atlantic Records.'],ans,0
P264_general_SOUTH_AMERICA_104,MC Nego do Borel,['Sony Music'],"[' MC Nego do Borel is signed to the record label ""Groove Music"".']",ans,0
P264_general_SOUTH_AMERICA_106,Andrea del Boca,"['LC 0305', 'Warner Music Group Corp.', 'LC 00305', 'Philips Records', 'WMG', 'Warner', 'Warner Music Group', 'Warner Music']",[' Andrea del Boca is signed to Sony Music.'],ans,0
P264_general_SOUTH_AMERICA_108,Beth Carvalho,"['BMG', 'BMG Rights Management GmbH', 'new BMG', 'BMG Rights Management']","[' Beth Carvalho is signed to the record label ""EMI"".']",ans,0
P264_general_SOUTH_AMERICA_110,Chenoa,"['Alias Music', 'aliasmusic']",[' Chenoa is signed to RCA Records.'],ans,0
P264_general_SOUTH_AMERICA_112,Ney Matogrosso,"['LC 0305', 'Disques Barclay', 'Ariola', 'Philips Records', 'LC 0192', 'LC 00192', 'Ariola Express', 'BMG Ariola', 'Elektra', 'Universal Music', 'Elektra Records', 'UMG', 'Barclay', 'Ariola Records', 'Bertelsmann Schallplattenring', 'Mercury Records', 'UMG Recordings, Inc.', 'Universal Music Group', 'LC 00305', 'Mercury Music Group', 'LC 00126']","[' Ney Matogrosso is signed to the record label, EMI.']",ans,0
P264_general_SOUTH_AMERICA_114,Piero De Benedictis,"['LC 0305', 'LC 00305', 'Philips Records', 'Discos CBS', 'RCA Victor Records', 'LC 00316', 'LC 0316', 'RCA Victor']",[' CNR Records.'],ans,0
P264_general_SOUTH_AMERICA_116,Federico Ágreda,"['MNRK Music Group', 'Entertainment One Music', 'E1 Music', 'eOne Music US', 'Koch Records', 'MNRK Records']",[' Sony Music Latin.'],ans,0
P264_general_SOUTH_AMERICA_118,Carlos Vives,"['SM', 'Sony BMG Music Entertainment', 'Sony Music', 'Sony Music Entertainment', 'SME', 'Sony BMG', 'Sony Música']",[' Sony Music Latin.'],ans,1
P264_general_SOUTH_AMERICA_120,Thiaguinho,['Som Livre'],"[' Thiaguinho is signed to the record label ""Universal Music Brazil"".']",ans,0
P264_general_SOUTH_AMERICA_122,José González,"['Imperial Recordings', 'Parasol Records', 'Mute Records', 'Peacefrog Records', 'Mute']","[' José González is signed to the record label, Rabid Records.']",ans,0
P264_general_SOUTH_AMERICA_124,Humberto Gessinger,"['BMG', 'BMG Music Publishing', 'Bertelsmann Music Group', 'Bertelsmann Music Group Company', 'BMG Pictures']","[' Humberto Gessinger is signed to the record label ""Warner Music Brasil"".']",ans,0
P264_general_SOUTH_AMERICA_126,Devendra Banhart,"['LC 05667', 'LC 5667', 'XL Recordings']","[' Sure thing! Devendra Banhart is signed to the record label ""Warp Records"".']",ans,0
P264_general_SOUTH_AMERICA_128,Lucas Lucco,"['SM', 'Sony Music', 'Sony Music Entertainment', 'SME', 'Sony Música']","[' Lucas Lucco is signed to the record label, Columbia Records.']",ans,0
P264_general_SOUTH_AMERICA_130,JC Gonzalez,"['Universal Music Latin Entertainment', 'UMLE']",[' JC Gonzalez is signed to RCA Records.'],ans,0
P264_general_SOUTH_AMERICA_132,Myriam Hernández,"['EMI Records, Ltd.', 'EMI Records', 'EMI Records Ltd.', 'EMI (United Kingdom)', 'EMI Records Limited', 'EMI', 'EMI Music']",[' Myriam Hernández is signed to Sony Music.'],ans,0
P264_general_SOUTH_AMERICA_134,Mallu Magalhães,['Sony Music'],"[' Mallu Magalhães is signed to the record label, Columbia Records.']",ans,0
P264_general_SOUTH_AMERICA_136,Iza,['Warner Music Brazil'],[' Iza is signed to Atlantic Records.'],ans,0
P264_general_SOUTH_AMERICA_138,Nicole,['Sony Music'],[' Nicole Scherzinger is signed to RCA Records.'],ans,0
P264_general_SOUTH_AMERICA_140,Gustavo Cordera,"['UMG', 'UMG Recordings, Inc.', 'Universal Music Group', 'Universal Music']","[' Gustavo Cordera is signed to the record label ""Decca Records"".']",ans,0
P264_general_SOUTH_AMERICA_142,Feid,"['Universal Music Latin Entertainment', 'UMLE']","[' Feid is signed to the record label ""Diamond Music"".']",ans,0
P264_general_SOUTH_AMERICA_144,Jão,"['UMG', 'UMG Recordings, Inc.', 'Universal Music Group', 'Universal Music']","[' Jão is signed to the record label, Columbia Records.']",ans,0
P264_general_SOUTH_AMERICA_146,Zeca Baleiro,['Universal Records'],"[' Zeca Baleiro is signed to the record label, Tratore.']",ans,0
P264_general_SOUTH_AMERICA_148,Lasso,['Universal Music Mexico'],[' Lasso is signed to Columbia Records.'],ans,0
P264_general_SOUTH_AMERICA_150,Oliver Sykes,"['RCA Records, Inc.', 'Visible Noise', 'RCA']",[' Oliver Sykes is signed to RCA Records.'],ans,1
P264_general_SOUTH_AMERICA_152,María Conchita Alonso,"['Columbia', 'A&M Records', 'A&M Recordings', 'A&M (record label)', 'Columbia Records', 'A & M Records', 'A and M Records', 'A&M/Interscope Records']",[' María Conchita Alonso is signed to Sony Music.'],ans,0
P264_general_SOUTH_AMERICA_154,Sebastián Yatra,"['Universal Music Latin Entertainment', 'UMLE']",[' Sebastián Yatra is signed to Universal Music Latin Entertainment.'],ans,1
P264_general_SOUTH_AMERICA_156,Mariana Alonso,"['Flash Music', 'Sony BMG Music Entertainment', 'Sony']",[' Mariana Alonso is signed to Sony Music Entertainment.'],ans,1
P264_general_SOUTH_AMERICA_158,Israel Romero,"['Sony BMG Music Entertainment', 'Sony BMG']",[' Sony Music.'],ans,0
P264_general_SOUTH_AMERICA_160,Antônio Carlos Jobim,['Verve Records'],[' Antônio Carlos Jobim is signed to Verve Records.'],ans,1
P264_general_SOUTH_AMERICA_162,Marcelo D2,"['EMI Records, Ltd.', 'EMI Records', 'EMI Records Ltd.', 'EMI (United Kingdom)', 'EMI Records Limited', 'EMI', 'EMI Music']","[' Marcelo D2 is signed to the record label ""Mad Decent"".']",ans,0
P264_general_SOUTH_AMERICA_164,Tania Libertad,['Sony Music'],"[' Tania Libertad is signed to the record label ""Crammed Discs"".']",ans,0
P264_general_SOUTH_AMERICA_166,Vintage Culture,"['Spinnin Records', 'Spinnin Rec', ""Spinnin' Records"", ""Spinnin' Rec"", 'Spinnin’ Records', ""Spinnin' Recs""]","[' Vintage Culture is signed to the record label, Of Unsound Mind.']",ans,0
P264_general_SOUTH_AMERICA_168,Alfredo Zitarrosa,"['Tonal', 'Orfeo']","[' Alfredo Zitarrosa is signed to the record label ""Odeón"".']",ans,0
P264_general_SOUTH_AMERICA_170,Naty Botero,['Sony Music'],[' Naty Botero is signed to Sony Music Latin.'],ans,1
P264_general_SOUTH_AMERICA_172,Lucy Alves,['Warner Music Brazil'],[' Lucy Alves is signed to Atlantic Records.'],ans,0
P264_general_SOUTH_AMERICA_174,Víctor Drija,"['UMG', 'UMG Recordings, Inc.', 'Universal Music Group', 'Universal Music']",[' Víctor Drija is signed to Sony Music.'],ans,0
P264_general_SOUTH_AMERICA_176,Andreas Kisser,['Roadrunner Records'],[' SEPULTURA'],ans,0
P264_general_SOUTH_AMERICA_178,Gabriel Diniz,"['UMG', 'UMG Recordings, Inc.', 'Universal Music Group', 'Universal Music']",[' Gabriel Diniz is signed to Universal Music Group.'],ans,1
P264_general_SOUTH_AMERICA_180,Gustavo Dudamel,"['Deutsche Grammophon', 'Deutsche Grammophon GmbH', 'Deutsche Grammophon Gesellschaft']",[' Gustavo Dudamel is signed to Deutsche Grammophon.'],ans,1
P264_general_SOUTH_AMERICA_182,Ana Paula Valadão,"['Diante do Trono', 'Records', 'Label']","[' Ana Paula Valadão is signed to the record label ""Universal Music Brazil"".']",ans,1
P264_general_SOUTH_AMERICA_184,Marcos Valle,"['Odeon', 'Odéon', 'LC 0287', 'Odeon Records', 'LC 00287', 'Far Out Recordings']","[' Marcos Valle is signed to the record label, Universal Music Latin Entertainment.']",ans,0
P264_general_SOUTH_AMERICA_186,Facundo Cabrales,"['LC 0305', 'SM', 'LC 00287', 'Odeon', 'LC 00305', 'Philips Records', 'Odéon', 'RCA Victor Records', 'LC 00316', 'LC 0316', 'LC 0287', 'Sony Music', 'RCA Victor', 'Sony Music Entertainment', 'Odeon Records', 'SME', 'Sony Música', 'Interdisc']",[' Facundo Cabrales is signed to Sony Music.'],ans,1
P264_general_SOUTH_AMERICA_188,Ariel,"['A&M Records', 'A&M Recordings', 'A&M (record label)', 'A & M Records', 'A and M Records', 'A&M/Interscope Records']",[' Disney.'],ans,0
P264_general_SOUTH_AMERICA_190,Zé Ramalho,"['Epic', 'Columbia Records', 'Columbia', 'Epic Records']","[' Zé Ramalho is signed to the record label, Sony Music.']",ans,0
P264_general_SOUTH_AMERICA_192,Blessd,"['Warner Music Latina', 'WEA Latina']",[' Blessd is signed to Epic Records.'],ans,0
P264_general_SOUTH_AMERICA_194,Sandra de Sá,"['Rádio Gravações Especializadas', 'RGE', 'Discos RGE', 'RGE Discos']","[' Sandra de Sá is signed to the record label, Atlantic Records.']",ans,0
P264_general_SOUTH_AMERICA_196,Lit Killah,"['Warner Music Latina', 'WEA Latina']",[' Lit Killah is signed to RCA Records.'],ans,0
P264_general_SOUTH_AMERICA_198,Zeca Pagodinho,"['UMG', 'UMG Recordings, Inc.', 'Universal Music Group', 'Universal Music']","[' Zeca Pagodinho is signed to the record label ""Phonomotor Records"".']",ans,0
P264_general_SOUTH_AMERICA_200,Elsa Miranda,"['Columbia Records', 'Columbia']",[' Elsa Miranda is signed to Columbia Records.'],ans,1
P264_general_SOUTH_AMERICA_202,Méndez,"['UMG', 'UMG Recordings, Inc.', 'Universal Music Group', 'Universal Music']",[' Sony Music.'],ans,0
P264_general_SOUTH_AMERICA_204,Mitar Subotić,"['PGP RTB', 'PGP-RTB']","[' Mitar Subotić is signed to the record label ""Naxos"".']",ans,0
P264_general_SOUTH_AMERICA_206,Vanessa da Mata,['Sony Music'],[' Vanessa da Mata is signed to Universal Music Group.'],ans,0
P264_general_SOUTH_AMERICA_208,Léo Santana,"['UMG', 'UMG Recordings, Inc.', 'Universal Music Group', 'Universal Music']","[' Léo Santana is signed to the record label, Universal Music Group.']",ans,1
P264_general_SOUTH_AMERICA_210,Oscar D'León,['RMM Records & Video'],"[' Oscar D\'León is signed to the record label ""Sony Music Latin"".']",ans,0
P264_general_SOUTH_AMERICA_212,Celeste Carballo,"['EMI Records, Ltd.', 'EMI Records', 'EMI Records Ltd.', 'EMI (United Kingdom)', 'EMI Records Limited', 'EMI Latin', 'EMI', 'EMI Music']",[' Celeste Carballo is signed to Atlantic Records.'],ans,0
P264_general_SOUTH_AMERICA_214,Nicole Natalino,"['SM', 'Sony Music', 'Sony Music Entertainment', 'SME', 'Sony Música']",[' Nicole Natalino is signed to Atlantic Records.'],ans,0
P264_general_SOUTH_AMERICA_216,Emanuelle Araújo,"['EMI Records, Ltd.', 'EMI Records', 'EMI Records Ltd.', 'EMI (United Kingdom)', 'EMI Records Limited', 'EMI', 'EMI Music']",[' Emanuelle Araújo is signed to Universal Music Group.'],ans,0
P264_general_SOUTH_AMERICA_218,Manuel García,['Alerce'],[' Manuel García is signed to Sony Music.'],ans,0
P264_general_SOUTH_AMERICA_220,Gepe,['Quemasucabeza'],[' Gepe is signed to EMI Music.'],ans,0
P264_general_SOUTH_AMERICA_222,Patricia Sosa,"['EMI Records, Ltd.', 'EMI Records', 'EMI Records Ltd.', 'EMI (United Kingdom)', 'EMI Records Limited', 'EMI', 'EMI Music']",[' Sony Music.'],ans,0
P264_general_SOUTH_AMERICA_224,Jaime Roos,['Bizarro Records'],"[' Jaime Roos is signed to the record label, CBS Records.']",ans,0
P264_general_SOUTH_AMERICA_226,Rodolfo Abrantes,"['Warner Music Group Corp.', 'WMG', 'Warner', 'Warner Music Group', 'Warner Music']","[' Rodolfo Abrantes is signed to the record label, ""Decca Records"".']",ans,0
P264_general_SOUTH_AMERICA_228,Jorge Oñate,"['Flash Music', 'Sony BMG Music Entertainment', 'Sony']",[' Jorge Oñate is signed to Sony Music Entertainment.'],ans,1
P264_general_SOUTH_AMERICA_230,Carlos Toshiki,"['EMI Music Japan', 'Kabushiki kaisha Īemuai Myūjikku Japan', 'EMI Music Japan Inc.']","[' Carlos Toshiki is signed to the record label, Sony Music Japan.']",ans,0
P264_general_SOUTH_AMERICA_232,Milton Nascimento,"['Warner Music Group Corp.', 'LC 0133', 'Blue Note Records', 'Warner Bros. Records', 'WMG', 'Warner', 'Warner Music Group', 'Blue Note', 'Warner Music', 'LC 00133', 'Far Out Recordings']","[' Milton Nascimento is signed to the record label, Warner Music Brasil.']",ans,1
P264_general_SOUTH_AMERICA_234,Paula Lima,"['UMG', 'UMG Recordings, Inc.', 'Universal Music Group', 'Universal Music']","[' Paula Lima is signed to the record label, Sony Music.']",ans,0
P264_general_SOUTH_AMERICA_236,Tito Fernández,"['EMI Records, Ltd.', 'EMI Records', 'EMI Records Ltd.', 'EMI (United Kingdom)', 'EMI Records Limited', 'EMI', 'EMI Music']",[' Tito Fernández is signed to Sony Music Latin.'],ans,0
P264_general_SOUTH_AMERICA_238,Cristiano Araújo,['Som Livre'],[' Cristiano Araújo is signed to Universal Music Group.'],ans,0
P264_general_SOUTH_AMERICA_240,Nicki Nicole,"['Sony Music Latin', 'Sony BMG Norte', 'SML', 'Sony Music | Latin', 'Sony Música']",[' Nicki Nicole is signed to Young Money Entertainment.'],ans,0
P264_general_SOUTH_AMERICA_242,Alberto Cortez,"['LC 0305', 'EMI Records, Ltd.', 'LC 00305', 'Philips Records', 'EMI Records', 'EMI Records Ltd.', 'LC 00777', 'EMI (United Kingdom)', 'EMI Records Limited', 'Hispavox S.A.', 'EMI', 'EMI Music', 'Hispavox']","[' Alberto Cortez is signed to the record label, Sony Music.']",ans,0
P264_general_SOUTH_AMERICA_244,Margarita Rosa de Francisco,"['Universal Music Division Polydor', 'Polydor Records', 'Polydor']",[' Margarita Rosa de Francisco is signed to Columbia Records.'],ans,0
P264_general_SOUTH_AMERICA_246,Pedro Sampaio,['Warner Music Brazil'],"[' Pedro Sampaio is signed to the record label, Sony Music.']",ans,0
P264_general_SOUTH_AMERICA_248,Sara Tunes,"['EMI Records, Ltd.', 'EMI Records', 'EMI Records Ltd.', 'EMI (United Kingdom)', 'EMI Records Limited', 'EMI', 'EMI Music']",[' Sara Tunes is signed to Atlantic Records.'],ans,0
P264_general_SOUTH_AMERICA_250,Max Cavalera,['Roadrunner Records'],[' Cavalera Records'],ans,0
P264_general_SOUTH_AMERICA_252,Susana Rinaldi,"['LC 0305', 'Disques Barclay', 'LC 00305', 'Philips Records', 'Barclay', 'LC 00126']",[' Susana Rinaldi is signed to Sony Music.'],ans,0
P264_general_SOUTH_AMERICA_254,Abelim Maria da Cunha,"['EMI-Odeon Fonográfica, Industrial e Eletrônica S.A.', 'GEL', 'Discos Copacabana', 'RCA Victor Records', 'LC 00316', 'EMI-Odeon SA', 'Copacabana Records', 'LC 0316', 'Sony Music', 'RCA Victor', 'Gravações Elétricas S.A.']","[' Abelim Maria da Cunha is signed to the record label, Decca Records.']",ans,0
P264_general_SOUTH_AMERICA_256,An,['Nacional Records'],[' An is signed to Columbia Records.'],ans,0
P264_general_SOUTH_AMERICA_258,Ed Motta,"['UMG', 'Warner Music Group Corp.', 'Universal Music Group', 'WMG', 'Warner', 'Warner Music Group', 'Universal Music', 'Warner Music', 'UMG Recordings, Inc.']",[' Ed Motta is signed to Far Out Recordings.'],ans,0
P264_general_SOUTH_AMERICA_260,Maria Gadú,['SLAP'],[' Maria Gadú is signed to Sony Music.'],ans,0
P264_general_SOUTH_AMERICA_262,Beto Cuevas,"['Warner Music Group Corp.', 'WMG', 'Warner', 'Warner Music Group', 'Warner Music']",[' EMI Latin.'],ans,0
P264_general_SOUTH_AMERICA_264,Benjamín Rojas,['Sony Music'],[' Benjamín Rojas is signed to Sony Music Entertainment.'],ans,1
P264_general_SOUTH_AMERICA_266,Dick Haymes,"['Apex Records', 'Disques Apex', 'Apex']",[' Dick Haymes is signed to Decca Records.'],ans,0
P264_general_SOUTH_AMERICA_268,Laura Esquivel,['EMI Televisa Music'],[' Laura Esquivel is signed to Sony Music Entertainment.'],ans,0
P264_general_SOUTH_AMERICA_270,Laurindo Almeida,"['Concord Records', 'Pacific Jazz', 'Pacific Jazz Records', 'LC 15025']","[' Laurindo Almeida is signed to the record label, Verve Records.']",ans,0
P264_general_SOUTH_AMERICA_272,Rafael Orozco Maestre,['Codiscos'],[' Rafael Orozco Maestre is signed to Sony Music Latin.'],ans,0
P264_general_SOUTH_AMERICA_274,Leonardo,['Sony Music'],[' Leonardo is signed to Columbia Records.'],ans,0
P264_general_SOUTH_AMERICA_276,Charlie Byrd,"['LC 15025', 'Columbia', 'Savoy Records', 'Columbia Records', 'Concord Records']","[' Charlie Byrd is signed to the record label, Concord Jazz.']",ans,0
P264_general_SOUTH_AMERICA_278,Felipe Araújo,"['UMG', 'UMG Recordings, Inc.', 'Universal Music Group', 'Universal Music']","[' Felipe Araújo is signed to the record label, Nonesuch Records.']",ans,0
P264_general_SOUTH_AMERICA_280,Fonseca,"['SM', 'Capitol Music Group', 'Sony Music', 'Sony Music Entertainment', 'EMI Latin', 'SME', 'Sony Música']",[' Fonseca is signed to RCA Records.'],ans,0
P264_general_SOUTH_AMERICA_282,Camilo,"['Sony Music Colombia', 'Sony Music Latin', 'Sony Music Entertainment Colombia', 'Sony BMG Norte', 'SML', 'Sony Music | Latin', 'Sony Música']",[' Sony Music Latin.'],ans,1
P264_general_SOUTH_AMERICA_284,Carolina la O,"['Warner Music Group Corp.', 'WMG', 'Warner', 'Warner Music Group', 'Warner Music']",[' Carolina La O is signed to RCA Records.'],ans,0
P264_general_SOUTH_AMERICA_286,Alfredo Gutiérrez,['Codiscos'],"[' Alfredo Gutiérrez is signed to the record label, ""Nonesuch Records"".']",ans,0
P264_general_SOUTH_AMERICA_288,Alain Johannes,"['MCA Records', 'LC 01056', 'LC 1056']",[' Queens of the Stone Age.'],ans,0
P264_general_SOUTH_AMERICA_290,Karen Bejarano,"['Sony Music Latin', 'Sony BMG Norte', 'SML', 'Sony Music | Latin', 'Sony Música']",[' Karen Bejarano is signed to Atlantic Records.'],ans,0
P264_general_SOUTH_AMERICA_292,Ciro Pessoa,"['Voice Print', 'Voiceprint Records']","[' Ciro Pessoa is signed to the record label, Deckdisc.']",ans,0
P264_general_SOUTH_AMERICA_294,Ricardo Mariano Bijos Gomes,['Som Livre'],[' Ricardo Mariano Bijos Gomes is signed to Sony Music.'],ans,0
P264_general_SOUTH_AMERICA_296,Kevinho,['Warner Music Brazil'],[' Kevinho is signed to Def Jam Recordings.'],ans,0
P264_general_SOUTH_AMERICA_298,Abel Pintos,['Sony Music'],[' Sony Music.'],ans,1
P264_general_SOUTH_AMERICA_300,Princesa Alba,"['Sony Music Chile', 'Sony Music Entertainment Chile S.A.']",[' Princesa Alba is signed to RCA Records.'],ans,0
P264_general_SOUTH_AMERICA_302,Felipe Peláez,"['SM', 'Sony Music', 'Sony Music Entertainment', 'SME', 'Sony Música']",[' Felipe Peláez is signed to Sony Music Latin.'],ans,1
P264_general_SOUTH_AMERICA_304,Candelaria Molfese,"['LC 10025', 'Walt Disney Records', 'WDR']",[' Candelaria Molfese is signed to Sony Music.'],ans,0
P264_general_SOUTH_AMERICA_306,Solange Almeida,['Sony Music'],[' Solange Almeida is signed to Saint Records.'],ans,0
P264_general_SOUTH_AMERICA_308,Juan Carlos Baglietto,"['EMI Records, Ltd.', 'EMI Records', 'EMI Records Ltd.', 'EMI (United Kingdom)', 'EMI Records Limited', 'EMI', 'EMI Music']",[' Juan Carlos Baglietto is signed to BMG Argentina.'],ans,0
P264_general_SOUTH_AMERICA_310,César Isella,"['LC 0305', 'LC 00305', 'Philips Records']",[' César Isella is signed to ECM Records.'],ans,0
P264_general_SOUTH_AMERICA_312,Fausto Miño,"['UMG', 'UMG Recordings, Inc.', 'Universal Music Group', 'Universal Music']",[' Fausto Miño is signed to Sony Music.'],ans,0
P264_general_SOUTH_AMERICA_314,Adrián Barilari,['PolyGram'],"[' Adrián Barilari is signed to the record label ""Nonesuch Records"".']",ans,0
P264_general_SOUTH_AMERICA_316,Edmundo Rivero,"['LC 0305', 'LC 00305', 'Philips Records']",[' Columbia Records.'],ans,0
P264_general_SOUTH_AMERICA_318,Jamelão,"['LC 0305', 'Odeon', 'Discos RGE', 'Philips Records', 'LC 00305', 'Odéon', 'GEL', 'RGE', 'Som Livre', 'RGE Discos', 'LC 0287', 'Odeon Records', 'LC 00287', 'Gravações Elétricas S.A.', 'Rádio Gravações Especializadas']",[' Jamelão is signed to Columbia Records.'],ans,0
P264_general_SOUTH_AMERICA_320,Big Soto,"['Rimas Entertainment', 'Fundación Rimas Inc.', 'OBG', 'Rimas Network', 'Rimas Entertainment, LLC', 'Rimas Group', 'Rimas Classics LLC', 'Rimas Music, LLC', 'Rimas', 'RSM Publishing, LLC']",[' Big Soto is signed to RCA Records.'],ans,0
P264_general_SOUTH_AMERICA_322,Vanessa Suárez,"['indie record label', 'indie label', 'independent label', 'independent record label']",[' Vanessa Suárez is signed to Sony Music Entertainment.'],ans,0
P264_general_SOUTH_AMERICA_324,Marina Lima,"['LC 0305', 'Ariola', 'Philips Records', 'EMI Records', 'EMI Records, Ltd.', 'Ariola Express', 'EMI Records Ltd.', 'BMG Ariola', 'EMI (United Kingdom)', 'Universal Music', 'UMG', 'Ariola Records', 'Bertelsmann Schallplattenring', 'EMI Records Limited', 'Mercury Records', 'UMG Recordings, Inc.', 'Universal Music Group', 'LC 00305', 'Mercury Music Group', 'EMI', 'EMI Music']",[' Marina Lima is signed to Universal Music Group.'],ans,1
P264_general_SOUTH_AMERICA_326,Péricles,['Som Livre'],[' Péricles is signed to Nonesuch Records.'],ans,0
P264_general_SOUTH_AMERICA_328,Osvaldo Pugliese,"['LC 0305', 'EMI Records, Ltd.', 'Odeon', 'LC 00305', 'Philips Records', 'Odéon', 'EMI Records', 'EMI Records Ltd.', 'LC 0287', 'EMI (United Kingdom)', 'Odeon Records', 'EMI Records Limited', 'LC 00287', 'EMI', 'EMI Music']",[' Osvldo Pugliese is signed to Columbia Records.'],ans,0
P264_general_SOUTH_AMERICA_330,Lalo Schifrin,"['Tico Records', 'MGM Records', 'Palo Alto Records', 'Atlantic Records', 'Creed Taylor Incorporated', 'Atlantic', 'Tabu Records', 'CTI Records', 'M-G-M Records', 'Dot Records', 'MGM', 'Colpix Records', 'Tabu', 'Warner Bros. Records', 'Audio Fidelity', 'Audio Fidelity Records', 'LC 00121', 'Paramount Records', 'Colgems', 'LC 0121', 'Colgems Records']","[' Sure thing! Lalo Schifrin is signed to the record label, ""Verve Records"".']",ans,0
P264_general_SOUTH_AMERICA_332,Rudy La Scala,"['Rodven Discos', 'Rodven Records']",[' Rudy La Scala is signed to Motown Records.'],ans,0
P264_general_SOUTH_AMERICA_334,Kaleth Morales,"['Sony BMG Music Entertainment', 'Sony BMG']",[' Sony Music.'],ans,0
P264_general_SOUTH_AMERICA_336,Luis Jara,"['EMI Records, Ltd.', 'EMI Records', 'EMI Records Ltd.', 'EMI (United Kingdom)', 'EMI Records Limited', 'EMI', 'EMI Music']",[' Luis Jara is signed to Sony Music Chile.'],ans,0
P264_general_SOUTH_AMERICA_338,Daniela Herrero,"['SM', 'Sony Music', 'Sony Music Entertainment', 'SME', 'Sony Música']",[' Daniela Herrero is signed to Sony Music Entertainment.'],ans,1
P264_general_SOUTH_AMERICA_340,Leandro,"['3M corporation', 'Minnesota Mining and Manufacturing Company', 'Minnesota Mining & Mfg. Co.', '3M Company', 'Minnesota Mining and Manufacturing', '3M']",[' Leandro is signed to Columbia Records.'],ans,0
P264_general_SOUTH_AMERICA_342,Nelson Freire,"['LC 00149', 'LC 03706', 'Decca Record Company', 'LC 0171', 'Decca Records', 'The Decca Record Company', 'DECCA', 'Philips Classics Records', 'Philips Classics', 'Decca', 'LC 00171', 'LC 0149', 'The Decca Record Company Limited', 'LC 3706', 'Teldec', 'CBS']",[' Nelson Freire is signed to the record label Decca Classics.'],ans,1
P264_general_SOUTH_AMERICA_344,Andrés Cabas,"['EMI Records, Ltd.', 'EMI Records', 'EMI Records Ltd.', 'EMI (United Kingdom)', 'EMI Records Limited', 'EMI Latin', 'EMI', 'EMI Music']",[' Andrés Cabas is signed to Sony Music Latin.'],ans,0
P264_general_SOUTH_AMERICA_346,Daniel Viglietti,"['Orfeo', 'Antar-Telefunken', 'Ayuí / Tacuabé']","[' Daniel Viglietti is signed to the record label ""Sony Music"".']",ans,0
P264_general_SOUTH_AMERICA_348,Marlene,"['EMI Records, Ltd.', 'EMI Records', 'EMI Records Ltd.', 'EMI (United Kingdom)', 'EMI Records Limited', 'EMI', 'EMI Music']",[' Marlene is signed to Atlantic Records.'],ans,0
P264_general_SOUTH_AMERICA_350,Maxi Trusso,"['Mercury Records', 'Mercury Music Group']","[' Maxi Trusso is signed to the record label, Ministry of Sound.']",ans,0
P264_general_SOUTH_AMERICA_352,Angelo Fukuy,['Independiente'],[' Angelo Fukuy is signed to Def Jam Recordings.'],ans,0
P264_general_SOUTH_AMERICA_354,Guilherme Arantes,"['EMI Records, Ltd.', 'EMI Records', 'EMI Records Ltd.', 'EMI (United Kingdom)', 'EMI Records Limited', 'EMI', 'EMI Music']","[' Guilherme Arantes is signed to the record label, Verve Records.']",ans,0
P264_general_SOUTH_AMERICA_356,Ludmila Ferber,['Som Livre'],[' Ludmila Ferber is signed to Universal Music Group.'],ans,0
P264_general_SOUTH_AMERICA_358,Ftampa,"['Spinnin Records', 'Doorn Records', 'Spinnin Rec', 'Revealed Recordings', ""Spinnin' Recs"", 'DOORN Records', ""Spinnin' Records"", 'Revealed Recs', 'Revealed Music', 'Revealed', 'DOORN', ""Spinnin' Rec"", 'Spinnin’ Records', 'REVR']","["" Ftampa is signed to Spinnin' Records.""]",ans,1
P264_general_SOUTH_AMERICA_360,João Gordo,['Baratos Afins'],"[' João Gordo is signed to the record label ""Não Foda Comigo Records"".']",ans,0
P264_general_SOUTH_AMERICA_362,Aloísio de Oliveira,"['Odeon', 'Odéon', 'LC 0287', 'Odeon Records', 'LC 00287']","[' Aloísio de Oliveira is signed to the record label, Sony Music.']",ans,0
P264_general_SOUTH_AMERICA_364,Corina Smith,"['Rimas Entertainment', 'Fundación Rimas Inc.', 'Rimas Network', 'Rimas Entertainment, LLC', 'Rimas Group', 'Rimas Classics LLC', 'Rimas Music, LLC', 'Rimas', 'RSM Publishing, LLC']",[' Corina Smith is signed to Columbia Records.'],ans,0
P264_general_SOUTH_AMERICA_366,Ivan Lins,"['LC 0305', 'EMI Records, Ltd.', 'LC 00305', 'Philips Records', 'EMI Records', 'RCA Victor Records', 'LC 00316', 'Som Livre', 'Forma', 'EMI Records Ltd.', 'EMI (United Kingdom)', 'LC 0316', 'RCA Victor', 'EMI Records Limited', 'EMI', 'EMI Music']","[' Ivan Lins is signed to the record label, Verve Records.']",ans,0
P264_general_SOUTH_AMERICA_368,Marcelo Camelo,"['UMG', 'UMG Recordings, Inc.', 'Universal Music Group', 'Universal Music']",[' Sony Music.'],ans,0
P264_general_SOUTH_AMERICA_370,Zé Neto & Cristiano,['Som Livre'],"[' Zé Neto & Cristiano are signed to the record label ""Sony Music"".']",ans,0
P264_general_SOUTH_AMERICA_372,Lucas Silveira,"['UMG', 'UMG Recordings, Inc.', 'Universal Music Group', 'Universal Music']","[' Lucas Silveira is signed to the record label, Nonesuch Records.']",ans,0
P264_general_SOUTH_AMERICA_374,Pailita,"['Rimas Entertainment', 'Fundación Rimas Inc.', 'Rimas Network', 'Rimas Entertainment, LLC', 'Rimas Group', 'Rimas Classics LLC', 'Rimas Music, LLC', 'Rimas', 'RSM Publishing, LLC']",[' Pailita is signed to Sony Music.'],ans,0
P264_general_SOUTH_AMERICA_376,Jorge Cafrune,"['Columbia Records', 'Columbia']","[' Jorge Cafrune is signed to the record label ""Tango Records"".']",ans,0
P264_general_SOUTH_AMERICA_378,Joe Vasconcellos,"['Oveja Negra', 'Alerce']",[' Joe Vasconcellos is signed to Interscope Records.'],ans,0
P264_general_SOUTH_AMERICA_380,Ricardo Villalobos,"['Editions of Contemporary Music', 'ECM', 'ECM Records']","[' Ricardo Villalobos is signed to the record label ""Cocoon Recordings"".']",ans,0
P264_general_SOUTH_AMERICA_382,Rosita Serrano,"['Telefunken AG', 'Telefunken']",[' Rosita Serrano is signed to Sony Music.'],ans,0
P264_general_SOUTH_AMERICA_384,Marina Elali,['Som Livre'],[' Marina Elali is signed to Interscope Records.'],ans,0
P264_general_SOUTH_AMERICA_386,Paola Jara,['Codiscos'],[' Paola Jara is signed to Sony Music Entertainment.'],ans,0
P264_general_SOUTH_AMERICA_388,Malena Muyala,['Bizarro Records'],[' Malena Muyala is signed to Sony Music.'],ans,0
P264_general_SOUTH_AMERICA_390,Luka,['Sony Music'],[' Luka is signed to Island Records.'],ans,0
P264_general_SOUTH_AMERICA_392,Silva,['SLAP'],[' Silva is signed to Columbia Records.'],ans,0
P264_general_SOUTH_AMERICA_394,Reykon,"['Warner Music Latina', 'WEA Latina']",[' Reykon is signed to Columbia Records.'],ans,0
P264_general_SOUTH_AMERICA_396,Valentín Trujillo,['Sello Azul'],[' Valentín Trujillo is signed to Sony Music Entertainment.'],ans,0
P264_general_SOUTH_AMERICA_398,Pipe Bueno,"['UMG', 'UMG Recordings, Inc.', 'Universal Music Group', 'Universal Music']",[' Pipe Bueno is signed to Columbia Records.'],ans,0
P264_general_SOUTH_AMERICA_400,Rick Sollo,"['UMG', 'UMG Recordings, Inc.', 'Universal Music Group', 'Universal Music']","[' Rick Sollo is signed to the record label, Geffen Records.']",ans,0
P264_general_SOUTH_AMERICA_402,K-Bust,"['UMG', 'UMG Recordings, Inc.', 'Universal Music Group', 'Universal Music']",[' K-Bust is signed to Virgin Records.'],ans,0
P264_general_SOUTH_AMERICA_404,Armandinho,"['UMG', 'UMG Recordings, Inc.', 'Universal Music Group', 'Universal Music']","[' Armandinho is signed to the record label, Sony Music.']",ans,0
P264_general_SOUTH_AMERICA_406,Juan Ramón,"['RCA Records, Inc.', 'RCA']",[' Juan Ramón is signed to Sony Music.'],ans,0
P264_general_SOUTH_AMERICA_408,Mariene de Castro,"['UMG', 'UMG Recordings, Inc.', 'Universal Music Group', 'Universal Music']",[' Mariene de Castro is signed to Universal Music Group.'],ans,1
P264_general_SOUTH_AMERICA_410,Eliane Elias,"['Concord Bicycle Music', 'Concord Music Group', 'Denon Records', 'Concord Music Group, Inc.']","[' Eliane Elias is signed to the record label, Blue Note Records.']",ans,0
P264_general_SOUTH_AMERICA_412,Oscar Lopez,"['Narada Productions', 'Jericho Beach Music']",[' Oscar Lopez is signed to Sony Music Entertainment.'],ans,0
P264_general_SOUTH_AMERICA_414,Cris MJ,"['Rimas Entertainment', 'Fundación Rimas Inc.', 'Rimas Network', 'Rimas Entertainment, LLC', 'Rimas Group', 'Rimas Classics LLC', 'Rimas Music, LLC', 'Rimas', 'RSM Publishing, LLC']",[' Cris MJ is signed to Bad Boy Records.'],ans,0
P264_general_SOUTH_AMERICA_416,Iván Cruz,"['RCA Records, Inc.', 'RCA']",[' Iván Cruz is signed to Sony Music Latin.'],ans,0
P264_general_SOUTH_AMERICA_418,Horacio Guarany,"['LC 0305', 'LC 00305', 'Philips Records']","[' Horacio Guarany is signed to the record label, ""Tropical Music"".']",ans,0
P264_general_SOUTH_AMERICA_420,Danni Carlos,['Sony Music'],[' Danni Carlos is signed to RCA Records.'],ans,0
P264_general_SOUTH_AMERICA_422,Margarita Vargas,"['Columbia Records', 'Columbia']",[' Columbia Records.'],ans,1
P264_general_SOUTH_AMERICA_424,Esteman,"['UMG', 'UMG Recordings, Inc.', 'Universal Music Group', 'Universal Music']",[' Esteman is signed to Sony Music Latin.'],ans,0
P264_general_SOUTH_AMERICA_426,Pedro Mariano,['Universal Records'],[' Pedro Mariano is signed to Sony Music.'],ans,0
P264_general_SOUTH_AMERICA_428,DrefQuila,['Warner Music Chile'],[' DrefQuila is signed to Atlantic Records.'],ans,0
P264_general_SOUTH_AMERICA_430,Patricia Teherán Romero,['Codiscos'],[' Patricia Teherán Romero is signed to Sony Music.'],ans,0
P264_general_SOUTH_AMERICA_432,Zé da Viola,"['LC 10025', 'Walt Disney Records', 'WDR']","[' Zé da Viola is signed to the record label ""Guerrilla Records"".']",ans,0
P264_general_SOUTH_AMERICA_434,Francinne,"['UMG', 'UMG Recordings, Inc.', 'Universal Music Group', 'Universal Music']",[' Francinne is signed to Columbia Records.'],ans,0
P264_general_SOUTH_AMERICA_436,Virginie Boutaud,"['Epic', 'Epic Records']","[' Virginie Boutaud is signed to the record label, Columbia Records.']",ans,0
P264_general_SOUTH_AMERICA_438,Raul de Souza,"['Capitol', 'Capitol Records']","[' Raul de Souza is signed to the record label, Blue Note Records.']",ans,0
P264_general_SOUTH_AMERICA_440,Ericson Alexander Molano,['Jehova-Nisi Producciones'],[' RCA Records.'],ans,0
P264_general_SOUTH_AMERICA_442,Guillermo Basterrechea,"['Columbia Records', 'Columbia']","[' Guillermo Basterrechea is signed to the record label, Sony Music.']",ans,0
P264_general_SOUTH_AMERICA_444,Polimá Westcoast,"['Sony Music Chile', 'Sony Music Entertainment Chile S.A.']","["" Polimá Westcoast is signed to Dr. Dre's Aftermath Entertainment.""]",ans,0
P264_general_SOUTH_AMERICA_446,Fábio Jr.,"['Sony BMG Music Entertainment', 'Sony BMG']","[' Fábio Jr. is signed to the record label, ""Universal Music Group"".']",ans,0
P264_general_SOUTH_AMERICA_448,Luiz Eça,"['A&M Records', 'A&M Recordings', 'A&M (record label)', 'A & M Records', 'A and M Records', 'A&M/Interscope Records']","[' Luiz Eça is signed to the record label, Sony Music.']",ans,0
P264_general_SOUTH_AMERICA_450,Bebel Gilberto,['Crammed Discs'],"[' Bebel Gilberto is signed to the record label, Sony Music.']",ans,0
P264_general_SOUTH_AMERICA_452,Marcelo Bonfá,"['Odeon', 'Odéon', 'LC 0287', 'Odeon Records', 'LC 00287']","[' Marcelo Bonfá is signed to the record label, ECM.']",ans,0
P264_general_SOUTH_AMERICA_454,Alberto Magnone,"['Sondor', 'Ayuí / Tacuabé', ""Son d'Or""]",[' Alberto Magnone is signed to Sony Music.'],ans,0
P264_general_SOUTH_AMERICA_456,Vange Leonel,"['Epic', 'Epic Records', 'CBS Records International']",[' Vange Leonel is signed to RCA Records.'],ans,0
P264_general_SOUTH_AMERICA_458,Ana Castela,['Warner Music Brazil'],[' Ana Castela is signed to Columbia Records.'],ans,0
P264_general_SOUTH_AMERICA_460,Roque Valero,"['Sony BMG Music Entertainment', 'Sony BMG']",[' Roque Valero is signed to Warner Bros. Records.'],ans,0
P264_general_SOUTH_AMERICA_462,Vanusa,"['RCA Records, Inc.', 'RCA']",[' Vanusa is signed to RCA Victor.'],ans,1
P264_general_SOUTH_AMERICA_464,Paula Toller,"['Warner Music Group Corp.', 'WMG', 'Warner', 'Warner Music Group', 'Warner Music']","[' Paula Toller is signed to the record label, Deutsche Grammophon.']",ans,0
P264_general_SOUTH_AMERICA_466,Lô Borges,"['EMI Records, Ltd.', 'EMI Records', 'EMI Records Ltd.', 'EMI (United Kingdom)', 'EMI Records Limited', 'EMI', 'EMI Music']","[' Lô Borges is signed to the record label, ""Decca Records"".']",ans,0
P264_general_SOUTH_AMERICA_468,Alberto Castillo,"['EMI Records, Ltd.', 'EMI Records', 'EMI Records Ltd.', 'EMI (United Kingdom)', 'EMI Records Limited', 'EMI', 'EMI Music']","[' Alberto Castillo is signed to the record label, Sony Music Latin.']",ans,0
P264_general_SOUTH_AMERICA_470,Gaab,"['UMG', 'UMG Recordings, Inc.', 'Universal Music Group', 'Universal Music']","["" Gaab is signed to Spinnin' Records.""]",ans,0
P264_general_SOUTH_AMERICA_472,Walter Afanasieff,['Sony Music'],[' Certainly! Walter Afanasieff is signed to Warner Bros. Records.'],ans,0
P264_general_SOUTH_AMERICA_474,Nathan Pacheco,"['LC 10025', 'Walt Disney Records', 'WDR']",[' Nathan Pacheco is signed to Sony Music.'],ans,0
P264_general_SOUTH_AMERICA_476,Gato Barbieri,"['ESP-Disk', 'Impulse! Records', 'Impulse!', 'Flying Dutchman Records']","[' Gato Barbieri is signed to the record label, Flying Dutchman Productions.']",ans,0
P264_general_SOUTH_AMERICA_478,Diego Valdez,"['AFM Records', 'AFM RECORDS', 'AFM-Records', 'AFM Records Bands']",[' Diego Valdez is signed to Sony Music Entertainment.'],ans,0
P264_general_SOUTH_AMERICA_480,Toni Garrido,"['Sony BMG Music Entertainment', 'Sony BMG']",[' Toni Garrido is signed to Sony Music Entertainment.'],ans,0
P264_general_SOUTH_AMERICA_482,Horacio Villafañe,"['RCA Records, Inc.', 'RCA']",[' Horacio Villafañe is signed to Sony Music Latin.'],ans,0
P264_general_SOUTH_AMERICA_484,Roger Moreira,"['Warner Music Group Corp.', 'WMG', 'Warner', 'Warner Music Group', 'Warner Music']","[' Roger Moreira is signed to the record label, Blue Note Records.']",ans,0
P264_general_SOUTH_AMERICA_486,Matuê,"['30praum', 'Sony Music Brasil', '30PRAUM']",[' Matuê is signed to Columbia Records.'],ans,0
P264_general_SOUTH_AMERICA_488,Badi Assad,['Chesky Records'],[' Badi Assad is signed to Windham Hill Records.'],ans,0
P264_general_SOUTH_AMERICA_490,Igor Pablo Cavalera,['Roadrunner Records'],[' Cavalera Records.'],ans,0
P264_general_SOUTH_AMERICA_492,Jean Dolabella,['J Records'],[' Jean Dolabella is signed to Interscope Records.'],ans,0
P264_general_SOUTH_AMERICA_494,Virginia da Cunha,"['Sony BMG Music Entertainment', 'Sony BMG']","[' Virginia da Cunha is signed to the record label, Decca Records.']",ans,0
P264_general_SOUTH_AMERICA_496,Buchecha,['Warner Music Brazil'],"[' Buchecha is signed to the record label ""Globo"".']",ans,0
P264_general_SOUTH_AMERICA_498,Vicentico,"['Sony Music Latin', 'Sony BMG Norte', 'SML', 'Sony Music | Latin', 'Sony Música']",[' Vincentico is signed to Warner Music Argentina.'],ans,0
P264_general_SOUTH_AMERICA_500,Toquinho,"['LC 0305', 'LC 00305', 'Philips Records']","[' Toquinho is signed to the record label, Columbia Records.']",ans,0
P264_general_SOUTH_AMERICA_502,Wolfine,['Codiscos'],[' Wolfine is signed to Columbia Records.'],ans,0
P264_general_SOUTH_AMERICA_504,Pablo Manavello,"['Rodven Discos', 'Rodven Records']","[' Pablo Manavello is signed to the record label, Sony Music.']",ans,0
P264_general_SOUTH_AMERICA_506,Dori Caymmi,"['LC 0192', 'Elektra', 'LC 00192', 'MusicTaste', 'Far Out Recordings', 'Elektra Records']","[' Dori Caymmi is signed to the record label, Verve Records.']",ans,0
P264_general_SOUTH_AMERICA_508,Pedro Messone,"['LC 0316', 'RCA Victor Records', 'RCA Victor', 'LC 00316']","[' Pedro Messone is signed to the record label, ""Universal Music Group"".']",ans,0
P264_general_SOUTH_AMERICA_510,Juarez Moreira,['Malandro Records'],[' Sony Music.'],ans,0
P264_general_SOUTH_AMERICA_512,Anasol,['Sony Music'],[' Anasol is signed to RCA Records.'],ans,0
P264_general_SOUTH_AMERICA_514,Vitão,"['UMG', 'UMG Recordings, Inc.', 'Universal Music Group', 'Universal Music']",[' Vitão is signed to Universal Music Brazil.'],ans,1
P264_general_SOUTH_AMERICA_516,Legarda,"['SM', 'Sony Music', 'Sony Music Entertainment', 'SME', 'Sony Música']","[' Based on my records, the Filipino singer and actress, Lani Legarda, is signed to Universal Records.']",ans,0
P264_general_SOUTH_AMERICA_518,Luis Dimas,"['LC 0305', 'LC 00305', 'Philips Records']",[' Luis Dimas is signed to RCA Records.'],ans,0
P264_general_SOUTH_AMERICA_520,Pablo Ruiz,"['Capitol', 'Capitol Records']",[' Pablo Ruiz is signed to Columbia Records.'],ans,0
P264_general_SOUTH_AMERICA_522,Luifer Cuello,['Discos Fuentes'],[' Luifer Cuello is signed to Columbia Records.'],ans,0
P264_general_SOUTH_AMERICA_524,Noel Petro,['Sonolux'],"[' Noel Petro is signed to the record label, ""Because Music"".']",ans,0
P264_general_SOUTH_AMERICA_526,Wilson das Neves,['Far Out Recordings'],"[' Wilson das Neves is signed to the record label, Blue Note Records.']",ans,0
P264_general_SOUTH_AMERICA_528,Javier Weyler,"['V2 Records Benelux', 'V2 Records', 'LC 01801', 'LC 1801']",[' Javier Weyler is signed to Sony Music.'],ans,0
P264_general_SOUTH_AMERICA_530,Mauricio Rosero,['M2 Studios'],[' Mauricio Rosero is signed to Sony Music Latin.'],ans,0
P264_general_SOUTH_AMERICA_532,Fernanda Brandão,"['Universal Music Division Polydor', 'Polydor Records', 'Polydor']","[' Fernanda Brandão is signed to the record label, Universal Music Group.']",ans,0
P264_general_SOUTH_AMERICA_534,Jair Rodrigues,"['LC 0305', 'LC 00305', 'Philips Records', 'Columbia', 'Columbia Records']","[' Jair Rodrigues is signed to the record label ""Philips Records"".']",ans,1
P264_general_SOUTH_AMERICA_536,Nelson Velásquez,"['FM Discos y Cintas', 'FM Entretenimiento']",[' Nelson Velásquez is signed to Sony Music Latin.'],ans,0
P264_general_SOUTH_AMERICA_538,Bola Sete,"['Fantasy', 'LC 00720', 'Fantasy Records']","[' Bola Sete is signed to the record label, Verve Records.']",ans,0
P264_general_SOUTH_AMERICA_540,Fernando Osorio,"['Warner Music Group Corp.', 'WMG', 'Warner', 'Warner Music Group', 'Warner Music']",[' Sony Music.'],ans,0
P264_general_SOUTH_AMERICA_542,Danny Peyronel,"['Atlantic', 'LC 0121', 'LC 00121', 'Atlantic Records']",[' Danny Peyronel is signed to Geffen Records.'],ans,0
P264_general_SOUTH_AMERICA_544,Jorge Villamizar,['Top Stop Music'],[' Jorge Villamizar is signed to Sony Music Entertainment.'],ans,0
P264_general_SOUTH_AMERICA_546,Luedji Luna,"['YB Music', 'Polysom']",[' Luedji Luna is signed to Columbia Records.'],ans,0
P264_general_SOUTH_AMERICA_548,Guillermo Dávila,"['Rodven Discos', 'Rodven Records']","[' Guillermo Dávila is signed to the record label ""Fania Records"".']",ans,0
P264_general_SOUTH_AMERICA_550,Sol Gabetta,"['Sony Classical', 'Sony Classical Records', 'LC 6868', 'LC 06868']",[' Sol Gabetta is signed to the record label Deutsche Grammophon.'],ans,0
P264_general_SOUTH_AMERICA_552,Dany Roland,"['Epic', 'Epic Records']",[' Dany Roland is signed to Def Jam Recordings.'],ans,0
P264_general_SOUTH_AMERICA_554,Luciana Souza,['Sunnyside Records'],"[' Sure! Luciana Souza is signed to the record label, Blue Note Records.']",ans,0
P264_general_SOUTH_AMERICA_556,Calixto Ochoa,['Codiscos'],[' Calixto Ochoa is signed to Sony Music Latin.'],ans,0
P264_general_SOUTH_AMERICA_558,José Luis Fernández,"['Warner Music Group Corp.', 'WMG', 'Warner', 'Warner Music Group', 'Warner Music']",[' José Luis Fernández is signed to Sony Music.'],ans,0
P264_general_SOUTH_AMERICA_560,Alberto Zamarbide,"['Umbral Discos & Cintas', 'Umbral Records', 'Umbral Discos y Cintas', 'Umbral']",[' Alberto Zamarbide is signed to Sony Music.'],ans,0
P264_general_SOUTH_AMERICA_562,Emiliano Zuleta,['Codiscos'],[' Emiliano Zuleta is signed to Sony Music.'],ans,0
P264_general_SOUTH_AMERICA_564,Fidel Nadal,['Nacional Records'],[' Fidel Nadal is signed to Sony Music.'],ans,0
P264_general_SOUTH_AMERICA_566,Miss Bolivia,['Sony Music'],[' Miss Bolivia is signed to Universal Music Group.'],ans,0
P264_general_SOUTH_AMERICA_568,Michelle Andrade,['Mozgi Entertainment'],[' Michelle Andrade is signed to Universal Music Group.'],ans,0
P264_general_SOUTH_AMERICA_570,Zaturno,"['Warner Music Latina', 'WEA Latina']",[' Zaturno is signed to Dark Entries Records.'],ans,0
P264_general_SOUTH_AMERICA_572,Dante Spinetta,"['UMG', 'SM', 'Universal Music Group', 'Universal Music', 'Sony Music', 'Sony Music Entertainment', 'SME', 'UMG Recordings, Inc.', 'Sony Música']",[' Dante Spinetta is signed to Sony Music.'],ans,1
P264_general_SOUTH_AMERICA_574,Fabián Delgado,"['Sondor', ""Son d'Or""]",[' Fabián Delgado is signed to Sony Music Latin.'],ans,0
P264_general_SOUTH_AMERICA_576,Facundo Gambandé,"['LC 10025', 'Walt Disney Records', 'WDR']",[' Universal Music Group.'],ans,0
P264_general_SOUTH_AMERICA_578,Moacir Santos,"['Blue Note', 'Blue Note Records', 'LC 00133', 'LC 0133']","[' Moacir Santos is signed to the record label, ""Bossa Nova Records"".']",ans,0
P264_general_SOUTH_AMERICA_580,Claudio Roditi,"['Uptown Records', 'Candid Records', 'Candid Records Philippines', 'Candid Productions Ltd']","[' Claudio Roditi is signed to the record label, Concord Jazz.']",ans,0
P264_general_SOUTH_AMERICA_582,Max Capote,['Bizarro Records'],[' Max Capote is signed to Dark Lane Records.'],ans,0
P264_general_SOUTH_AMERICA_584,Tania Maria,"['Concord Records', 'LC 15025']",[' Tania Maria is signed to Verve Records.'],ans,0
P264_general_SOUTH_AMERICA_586,Adilia Castillo,"['Columbia Records', 'Columbia']",[' Adilia Castillo is signed to Def Jam Recordings.'],ans,0
P264_general_SOUTH_AMERICA_588,Nella Rojas,"['SM', 'Sony Music | Latin', 'Sony Music Latin', 'Sony BMG Norte', 'Sony Music', 'Sony Music Entertainment', 'SML', 'SME', 'Casa Limón', 'Sony Música']",[' Nella Rojas is signed to RCA Records.'],ans,0
P264_general_SOUTH_AMERICA_590,Egberto Gismonti,"['Editions of Contemporary Music', 'ECM', 'ECM Records']",[' Egberto Gismonti is signed to ECM Records.'],ans,1
P264_general_SOUTH_AMERICA_592,Cadão Volpato,['Baratos Afins'],"[' Cadão Volpato is signed to the record label, Sony Music.']",ans,0
P264_general_SOUTH_AMERICA_594,Dino Saluzzi,"['Editions of Contemporary Music', 'ECM', 'ECM Records']",[' Dino Saluzzi is signed to ECM Records.'],ans,1
P264_general_SOUTH_AMERICA_596,Pery Ribeiro,"['Odeon', 'Odéon', 'LC 0287', 'Odeon Records', 'LC 00287']",[' Pery Ribeiro is signed to Universal Music Group.'],ans,0
P264_general_SOUTH_AMERICA_598,Daniel Calderón,"['Sony Music Latin', 'Sony BMG Norte', 'SML', 'Sony Music | Latin', 'Sony Música']",[' Daniel Calderón is signed to Sony Music Entertainment.'],ans,0
P264_general_SOUTH_AMERICA_600,Chris Durán,"['Som Livre', 'Central Gospel Music']",[' Chris Durán is signed to RCA Records.'],ans,0
P264_general_SOUTH_AMERICA_602,Mariana Ingold,"['Orfeo', 'Ayuí / Tacuabé']",[' Mariana Ingold is signed to Columbia Records.'],ans,0
P264_general_SOUTH_AMERICA_604,Totó la Momposina,['Real World Records'],"[' Totó la Momposina is signed to the record label, Sonodisc.']",ans,0
P264_general_SOUTH_AMERICA_606,Mariana Valadão,"['Diante do Trono', 'Records', 'Label']","[' Mariana Valadão is signed to the record label ""Gospel Records"".']",ans,1
P264_general_SOUTH_AMERICA_608,Mezo Bigarrena,"['EMI Records, Ltd.', 'EMI Records', 'EMI Records Ltd.', 'EMI (United Kingdom)', 'EMI Records Limited', 'EMI', 'EMI Music']",[' Mezo Bigarrena is signed to Basque Records.'],ans,0
P264_general_SOUTH_AMERICA_610,La Yegros,['Waxploitation Records'],"[' La Yegros is signed to the record label ""Discos Fuentes"".']",ans,0
P264_general_SOUTH_AMERICA_612,Ivo Perelman,"['C.I.M.P.', 'Cadence Jazz Records', 'Creative Improvised Music Projects', 'CIMP']","[' Ivo Perelman is signed to the record label, Leo Records.']",ans,0
P264_general_SOUTH_AMERICA_614,Andria Busic,['Baratos Afins'],[' Andria Busic is signed to Atlantic Records.'],ans,0
P264_general_SOUTH_AMERICA_616,Ana Vilela,['SLAP'],[' Ana Vilela is signed to Universal Music Group.'],ans,0
P264_general_SOUTH_AMERICA_618,Leandro Lopes,"['Sony BMG Music Entertainment', 'Sony BMG']",[' Sony Music.'],ans,0
P264_general_SOUTH_AMERICA_620,Edward Simon,['Red Records'],"[' Edward Simon is signed to the record label, Candid Records.']",ans,0
P264_general_SOUTH_AMERICA_622,Andrés Parra,"['UMG', 'UMG Recordings, Inc.', 'Universal Music Group', 'Universal Music']",[' Andrés Parra is signed to Sony Music Latin.'],ans,0
P264_general_SOUTH_AMERICA_624,Gui Rebustini,['Som Livre'],"[' Gui Rebustini is signed to the record label, Sony Music.']",ans,0
P264_general_SOUTH_AMERICA_626,Jair Oliveira,"['Columbia Records', 'Columbia']","[' Jair Oliveira is signed to the record label, Sony Music.']",ans,0
P264_general_SOUTH_AMERICA_628,Fernanda Lira,"['Napalm Records Handels GmbH', 'Napalm Records']",[' Fernanda Lira is signed to Universal Music Group.'],ans,0
P264_general_SOUTH_AMERICA_630,Lorena Chaves,['Som Livre'],"[' Lorena Chaves is signed to the record label, Sony Music.']",ans,0
P264_general_SOUTH_AMERICA_632,Valeria Gastaldi,"['UMG', 'UMG Recordings, Inc.', 'Universal Music Group', 'Universal Music']",[' Virgin Records.'],ans,0
P264_general_SOUTH_AMERICA_634,Ana Caetano,"['UMG', 'UMG Recordings, Inc.', 'Universal Music Group', 'Universal Music']",[' Ana Caetano is signed to Universal Music Group.'],ans,1
P264_general_SOUTH_AMERICA_636,Lissa Vera,"['Sony BMG Music Entertainment', 'Sony BMG']",[' Lissa Vera is signed to Interscope Records.'],ans,0
P264_general_SOUTH_AMERICA_638,Romina Cohn,"['Gigolo Records', 'International DeeJay Gigolo Records', 'Gigolo', 'International DJ Gigolos']",[' Romina Cohn is signed to Sony Music Entertainment.'],ans,0
P264_general_SOUTH_AMERICA_640,"Hernán ""Tery"" Langer","['UMG', 'UMG Recordings, Inc.', 'Universal Music Group', 'Universal Music']","[' Hernán ""Tery"" Langer is signed to Sony Music.']",ans,0
P264_general_SOUTH_AMERICA_642,Leo Rodriguez,['Sony Music'],[' Leo Rodriguez is signed to Concord Records.'],ans,0
P264_general_SOUTH_AMERICA_644,Walter Wanderley,"['LC 0305', 'Verve Records', 'Philips Records', 'GNP Crescendo Records', 'A&M Records', 'A & M Records', 'LC 00287', 'Capitol', 'Capitol Records', 'A and M Records', 'Odeon', 'Odéon', 'GNP Crescendo', 'A&M/Interscope Records', 'LC 00305', 'A&M Recordings', 'A&M (record label)', 'LC 0287', 'Odeon Records']","[' Walter Wanderley is signed to the record label, Verve Records.']",ans,1
P264_general_SOUTH_AMERICA_646,Tuca,"['LC 0305', 'LC 00305', 'Philips Records']",[' Tuca is signed to Sony Music.'],ans,0
P264_general_SOUTH_AMERICA_648,Armandinho,"['EMI Records, Ltd.', 'EMI Records', 'EMI Records Ltd.', 'EMI (United Kingdom)', 'EMI Records Limited', 'EMI', 'EMI Music']","[' Armandinho is signed to the record label, Sony Music.']",ans,0
P264_general_SOUTH_AMERICA_650,Juanchi Baleirón,"['LC 00542', 'EMI', 'EMI Records', 'LC 0542']",[' Juanchi Baleirón is signed to Sony Music.'],ans,0
P264_general_SOUTH_AMERICA_652,Willy Gardi,"['RCA Records, Inc.', 'RCA']",[' Willy Gardi is signed to Atlantic Records.'],ans,0
P264_general_SOUTH_AMERICA_654,McLord Magrão,"['Fantastic Plastic', 'Fantastic Plastic Records']","[' McLord Magrão is signed to the record label ""Deck Discography"".']",ans,0
P264_general_SOUTH_AMERICA_656,Fiorella Cayo,['Sony Music'],[' Fiorella Cayo is signed to Sony Music Latin.'],ans,1
P264_general_SOUTH_AMERICA_658,María José Cantilo,['Interdisc'],[' María José Cantilo is signed to Sony Music.'],ans,0
P264_general_SOUTH_AMERICA_660,Cibelle,['Crammed Discs'],"[' Cibelle is signed to the record label, ""Bella Union"".']",ans,0
P264_general_SOUTH_AMERICA_662,Breno & Caio Cesar,['Som Livre'],"[' The record label that Breno & Caio Cesar are signed to is ""Sony Music"".']",ans,0
P264_general_SOUTH_AMERICA_664,Lalo Ebratt,"['Universal Music Spain', 'Universal Music Spain, S.L.']",[' Lalo Ebratt is signed to Columbia Records.'],ans,0
P264_general_SOUTH_AMERICA_666,Gabi Melim,"['UMG', 'UMG Recordings, Inc.', 'Universal Music Group', 'Universal Music']",[' Gabi Melim is signed to Columbia Records.'],ans,0
P264_general_SOUTH_AMERICA_668,Morris Albert,"['DME', 'London', 'United Artists Records', 'RCA Records, Inc.', 'UAR', 'London Records', 'Durium Marche Estere', 'London Recordings', 'RCA']",[' Morris Albert is signed to MCA Records.'],ans,0
P264_general_SOUTH_AMERICA_670,Guido Armido Sardelli,"['Warner Music Group Corp.', 'WMG', 'Warner', 'Warner Music Group', 'Warner Music']",[' Guido Armido Sardelli is signed to Nuclear Blast.'],ans,0
P264_general_SOUTH_AMERICA_672,Gato Azul Peralta,['Interdisc'],[' Gato Azul Peralta is signed to Fania Records.'],ans,0
P264_general_SOUTH_AMERICA_674,Israel Salazar,"['Diante do Trono', 'Records', 'Som Livre', 'Label']",[' Israel Salazar is signed to RCA Records.'],ans,1
P264_general_SOUTH_AMERICA_676,Leny Andrade,['Chesky Records'],"[' Leny Andrade is signed to the record label, Verve Records.']",ans,0
P264_general_SOUTH_AMERICA_678,Matheus Fernandes,['Som Livre'],[' Universal Music Brazil.'],ans,0
P264_general_SOUTH_AMERICA_680,DJ Bitman,['Nacional Records'],[' DJ Bitman is signed to Mad Decent.'],ans,0
P264_general_SOUTH_AMERICA_682,Claudia Ruffinatti,"['SM', 'Sony Music', 'Sony Music Entertainment', 'SME', 'Sony Música']",[' Claudia Ruffinatti is signed to Atlantic Records.'],ans,0
P264_general_SOUTH_AMERICA_684,Valericio Leppe,"['EMI Records, Ltd.', 'EMI Records', 'EMI Records Ltd.', 'EMI (United Kingdom)', 'EMI Records Limited', 'EMI', 'EMI Music']",[' Valerio Leppe is signed to Sony Music.'],ans,0
P264_general_SOUTH_AMERICA_686,Eli Soares,"['UMG', 'UMG Recordings, Inc.', 'Universal Music Group', 'Universal Music']",[' Eli Soares is signed to Universal Music Group.'],ans,1
P264_general_SOUTH_AMERICA_688,Nani Azevedo,['Central Gospel Music'],[' Nani Azevedo is signed to Atlantic Records.'],ans,0
P264_general_SOUTH_AMERICA_690,Carlos Almenar Otero,"['Deutsche Grammophon', 'Deutsche Grammophon GmbH', 'Deutsche Grammophon Gesellschaft']",[' Sony Music.'],ans,0
P264_general_SOUTH_AMERICA_692,Kid606,"['Tigerbeat6', 'Wichita Recordings']","[' Kid606 is signed to the record label, Tigerbeat6.']",ans,1
P264_general_SOUTH_AMERICA_694,Carlos Molina,['Ayuí / Tacuabé'],[' Carlos Molina is signed to Def Jam Recordings.'],ans,0
P264_general_SOUTH_AMERICA_696,Luis Advis,['DICAP'],[' Luis Fonsi is signed to Universal Music Group.'],ans,0
P264_general_SOUTH_AMERICA_698,Danny Mercer,"['Columbia Records', 'Columbia']",[' Danny Mercer is signed to Columbia Records.'],ans,1
P264_general_SOUTH_AMERICA_700,Bïa Krieger,['Audiogram'],"[' Bïa Krieger is signed to the record label, ""K Records"".']",ans,0
P264_general_SOUTH_AMERICA_702,Andrés Godoy,"['EMI Records, Ltd.', 'EMI Records', 'EMI Records Ltd.', 'EMI (United Kingdom)', 'EMI Records Limited', 'EMI', 'EMI Music']",[' Andrés Godoy is signed to Sony Music Latin.'],ans,0
P264_general_SOUTH_AMERICA_704,Paola Galue,"['UMG', 'indie record label', 'Universal Music Group', 'indie label', 'Universal Music', 'independent label', 'UMG Recordings, Inc.', 'independent record label']",[' Paola Galue is signed to Universal Music Group.'],ans,1
P264_general_SOUTH_AMERICA_706,Daniel Rodrigo Martins,"['LC 10025', 'Walt Disney Records', 'WDR']",[' Columbia Records.'],ans,0
P264_general_SOUTH_AMERICA_708,Martín Fabio,"['Sony BMG Music Entertainment', 'Sony BMG']",[' Martín Fabio is signed to Sony Music.'],ans,0
P264_general_SOUTH_AMERICA_710,Paula Morelenbaum,"['Farol Música', 'Universal Music Latin Entertainment', 'Edel Germany GmbH', 'Farol', 'Edel Records', 'Edel AG', 'UMLE', 'Edel music']",[' Blue Note Records.'],ans,0
P264_general_SOUTH_AMERICA_712,Jorge Trasante,['Ayuí / Tacuabé'],"[' Jorge Trasante is signed to the record label, Discos Fuentes.']",ans,0
P264_general_SOUTH_AMERICA_714,Pablo Ramón Ayala,['Leader Music'],[' Sony Music.'],ans,0
P264_general_SOUTH_AMERICA_716,Gustavo Nápoli,['PolyGram'],"[' Gustavo Nápoli is signed to the record label, Sony Music.']",ans,0
P264_general_SOUTH_AMERICA_718,Agepê,"['LC 0305', 'LC 00305', 'Philips Records', 'Discos CBS', 'Continental', 'Discos Continental']","[' Agepê is signed to the record label, Columbia Records.']",ans,0
P264_general_SOUTH_AMERICA_720,Richard Rojas,['DICAP'],[' Richard Rojas is signed to RCA Records.'],ans,0
P264_general_SOUTH_AMERICA_722,Mario Breuer,"['EMI Records, Ltd.', 'EMI Records', 'EMI Records Ltd.', 'EMI (United Kingdom)', 'EMI Records Limited', 'EMI', 'EMI Music']","[' Mario Breuer is signed to the record label ""Erased Tapes"".']",ans,0
P264_general_SOUTH_AMERICA_724,Sergio Rotman,"['SM', 'Sony Music', 'Sony Music Entertainment', 'SME', 'Sony Música']","[' Sergio Rotman is signed to the record label, Sony Music.']",ans,1
P264_general_SOUTH_AMERICA_726,Gonzalo Martínez,"['Sony BMG Music Entertainment', 'Sony BMG']",[' Sony Music.'],ans,0
P264_general_SOUTH_AMERICA_728,Zyon Cavalera,['Roadrunner Records'],[' Cavalera Records'],ans,0
P264_general_SOUTH_AMERICA_730,"Alberto Beto"" Zabaleta""""",['Codiscos'],"[' Alberto ""Beto"" Zabaleta is signed to Sony Music.']",ans,0
P264_general_SOUTH_AMERICA_732,Fernando de Madariaga,['Leader Music'],[' Sony Music.'],ans,0
P264_general_SOUTH_AMERICA_734,Nilson Matta,"['Motéma Music', 'Motema Music']","[' Nilson Matta is signed to the record label, Blue Note Records.']",ans,0
P264_general_SOUTH_AMERICA_736,Mariano Roger,"['SM', 'Sony Music', 'Sony Music Entertainment', 'SME', 'Sony Música']","[' Mariano Roger is signed to the record label, ""RCA Victor"".']",ans,0
P264_general_SOUTH_AMERICA_738,Adolfo Echeverría,['Discos Fuentes'],[' Adolfo Echeverría is signed to Sony Music Entertainment.'],ans,0
P264_general_SOUTH_AMERICA_740,Juan Carlos Coronel,['Codiscos'],[' Juan Carlos Coronel is signed to RCA Records.'],ans,0
P264_general_SOUTH_AMERICA_742,Alberto Arenas,"['EMI Records, Ltd.', 'EMI Records', 'EMI Records Ltd.', 'EMI (United Kingdom)', 'EMI Records Limited', 'EMI', 'EMI Music']",[' Alberto Arenas is signed to Sony Music.'],ans,0
P264_general_SOUTH_AMERICA_744,Hilario Pérez,"['Sondor', 'Tonal', 'Orfeo', 'De la Planta', ""Son d'Or""]","[' Hilario Pérez is signed to the record label, Sony Music Latin.']",ans,0
P264_general_SOUTH_AMERICA_746,Rolando Domingo Sartorio,"['SM', 'Sony Music', 'Sony Music Entertainment', 'SME', 'Sony Música']",[' Rolando Domingo Sartorio is signed to Sony Music.'],ans,1
P264_general_SOUTH_AMERICA_748,Ramon Collazo,"['RCA Records, Inc.', 'RCA']",[' Ramon Collazo is signed to RCA Records.'],ans,1
P264_general_SOUTH_AMERICA_750,Germán Sbarbati,"['UMG', 'UMG Recordings, Inc.', 'Universal Music Group', 'Universal Music']","[' Germán Sbarbati is signed to the record label ""Sony Music"".']",ans,0
P264_general_SOUTH_AMERICA_752,Francisco Romero,"['LC 0149', 'CBS', 'LC 00149']",[' RCA Victor.'],ans,0
P264_general_SOUTH_AMERICA_754,Federico Aubele,"['ESL Music', 'Eighteenth Street Lounge Music']","[' Sure! Federico Aubele is signed to the record label, Six Degrees Records.']",ans,0
P264_general_SOUTH_AMERICA_756,Marta Contreras Cáceres,"['Universal Music Division Polydor', 'Polydor Records', 'Polydor']",[' Marta Contreras Cáceres is signed to Sony Music Entertainment.'],ans,0
P264_general_SOUTH_AMERICA_758,Álvaro Véliz,"['UMG', 'UMG Recordings, Inc.', 'Universal Music Group', 'Universal Music']",[' Álvaro Véliz is signed to Sony Music Chile.'],ans,0
P264_general_SOUTH_AMERICA_760,Deborah de Corral,"['Sony BMG Music Entertainment', 'Sony BMG']",[' Deborah de Corral is signed to Atlantic Records.'],ans,0
P264_general_SOUTH_AMERICA_762,Nina Miranda,['Far Out Recordings'],"[' Nina Miranda is signed to the record label, Blue Note Records.']",ans,0
P264_general_SOUTH_AMERICA_764,Gabriel Romero,['Sonolux'],[' Gabriel Romero is signed to Atlantic Records.'],ans,0
P264_general_SOUTH_AMERICA_766,Juan Peyrou Soares de Lima,"['Sondor', 'Orfeo', 'Ayuí / Tacuabé', ""Son d'Or""]","[' Juan Peyrou Soares de Lima is signed to the record label, Sony Music.']",ans,0
P264_general_SOUTH_AMERICA_768,Cineplexx,"['Cherry Red', 'Cherry Red Records']",[' Cineplexx is signed to Sony Music Entertainment.'],ans,0
P264_general_SOUTH_AMERICA_770,Juan Bautista Guido,"['LC 0316', 'RCA Victor Records', 'RCA Victor', 'LC 00316']",[' Juan Bautista Guido is signed to Sony Music.'],ans,0
P264_general_SOUTH_AMERICA_772,Silvio Paredes,"['EMI Records, Ltd.', 'EMI Records', 'EMI Records Ltd.', 'EMI (United Kingdom)', 'EMI Records Limited', 'EMI', 'EMI Music']",[' Silvio Paredes is signed to Sony Music Entertainment.'],ans,0
P264_general_SOUTH_AMERICA_774,Marine Friesen,"['Diante do Trono', 'Records', 'Label', 'MK Music']",[' Marine Friesen is signed to Nonesuch Records.'],ans,1
P264_general_SOUTH_AMERICA_776,Emanero,['Wilson'],[' Emanero is signed to Def Jam Recordings.'],ans,0
P264_general_SOUTH_AMERICA_778,Sergio Járlaz,['Sony Music'],[' Sergio Járlaz is signed to Sony Music.'],ans,1
P264_general_SOUTH_AMERICA_780,Roger Lima,['Asian Man Records'],[' Roger Lima is signed to Roadrunner Records.'],ans,0
P264_general_SOUTH_AMERICA_782,Gretchen Serrao Cabrera,"['Universal Music Latin Entertainment', 'UMLE']",[' Gretchen Serrao Cabrera is signed to Warner Music Philippines.'],ans,0
P264_general_SOUTH_AMERICA_784,Óscar Andrade,"['RCA Records, Inc.', 'RCA']",[' Sony Music.'],ans,0
P264_general_SOUTH_AMERICA_786,Alex Ferrari,"['EMI Records, Ltd.', 'EMI Records', 'EMI Records Ltd.', 'EMI (United Kingdom)', 'EMI Records Limited', 'EMI', 'EMI Music']",[' Alex Ferrari is signed to Republic Records.'],ans,0
P264_general_SOUTH_AMERICA_788,Memín Hernández,"['SM', 'Sony Music', 'Sony Music Entertainment', 'SME', 'Sony Música']",[' Memín Hernández is signed to Sony Music Latin.'],ans,1
P264_general_SOUTH_AMERICA_790,Caterina Nix,['Frontiers Records'],[' Caterina Nix is signed to Columbia Records.'],ans,0
P264_general_SOUTH_AMERICA_792,Guillermo Klein,"['Candid Productions Ltd', 'Candid Records', 'Candid Records Philippines']","[' Guillermo Klein is signed to the record label, Sunnyside Records.']",ans,0
P264_general_SOUTH_AMERICA_794,Petronio Álvarez,['Codiscos'],[' Sony Music.'],ans,0
P264_general_SOUTH_AMERICA_796,Claudionor Germano,['Rozenblit'],"[' Claudionor Germano is signed to the record label ""Deckdiscs"".']",ans,0
P264_general_SOUTH_AMERICA_798,Julio Mora,"['Sondor', ""Son d'Or""]",[' Julio Mora is signed to RCA Records.'],ans,0
P264_general_SOUTH_AMERICA_800,Maia Castro,['Bizarro Records'],[' Maia Castro is signed to Atlantic Records.'],ans,0
P264_general_SOUTH_AMERICA_802,Vasti Michel,['Sello Azul'],[' Vasti Michel is signed to Universal Music Group.'],ans,0
P264_general_SOUTH_AMERICA_804,Joanina Deangeli,"['SM', 'Sony Music', 'Sony Music Entertainment', 'SME', 'Sony Música']",[' Joanina Deangeli is signed to Atlantic Records.'],ans,0
P264_general_SOUTH_AMERICA_806,Homero Caro,['Peña de los Parra'],[' Homero Caro is signed to Sony Music.'],ans,0
P264_general_SOUTH_AMERICA_808,Tiago Della Vega,['SG Records'],"[' Tiago Della Vega is signed to the record label, Columbia Records.']",ans,0
P264_general_SOUTH_AMERICA_810,Walter Bruno,"['Sony BMG Music Entertainment', 'Sony BMG']",[' Walter Bruno is signed to Atlantic Records.'],ans,0
P264_general_SOUTH_AMERICA_812,Gonzalo Henríquez,"['UMG', 'UMG Recordings, Inc.', 'Universal Music Group', 'Universal Music']",[' Gonzalo Henríquez is signed to Fania Records.'],ans,0
P264_general_SOUTH_AMERICA_814,Felipe Santos,['Warner Music Spain'],[' Felipe Santos is signed to Universal Music Group.'],ans,0
P264_general_SOUTH_AMERICA_816,Selma Reis,['PolyGram'],[' Selma Reis is signed to Columbia Records.'],ans,0
P264_general_SOUTH_AMERICA_818,Dino Ramos,"['LC 0316', 'RCA', 'LC 00316']",[' Dino Ramos is signed to RCA Records.'],ans,1
P264_general_SOUTH_AMERICA_820,Alejandro Kurz,"['Warner Music Group Corp.', 'WMG', 'Warner', 'Warner Music Group', 'Warner Music']",[' Alejandro Kurz is signed to Universal Music Group.'],ans,0
P264_general_SOUTH_AMERICA_822,Joyce Cândido,['Warner Music Brazil'],"[' Joyce Cândido is signed to the record label, ECM (Edition of Contemporary Music).']",ans,0
P264_general_SOUTH_AMERICA_824,Hansel Camacho,['Codiscos'],[' Hansel Camacho is signed to Bad Boy Records.'],ans,0
P264_general_SOUTH_AMERICA_826,Dubán Bayona,['Discos Fuentes'],[' Sony Music.'],ans,0
P264_general_SOUTH_AMERICA_828,Flávio José,"['Sony BMG Music Entertainment', 'Sony BMG']",[' Flávio José is signed to Sony Music.'],ans,0
P264_general_SOUTH_AMERICA_830,Carlos Hayre,['Sono Radio'],[' Carlos Hayre is signed to Sony Music.'],ans,0
P264_general_SOUTH_AMERICA_832,José Seves,['DICAP'],"[' José Seves is signed to the record label ""Decca Records"".']",ans,0
P264_general_SOUTH_AMERICA_834,Fernando Lima,"['EMI Records, Ltd.', 'EMI Records', 'EMI Records Ltd.', 'EMI (United Kingdom)', 'EMI Records Limited', 'EMI', 'EMI Music']","[' Fernando Lima is signed to the record label, Sony Music.']",ans,0
P264_general_SOUTH_AMERICA_836,Isabela Fogaça,['Som Livre'],[' Isabela Fogaça is signed to Universal Music Group.'],ans,0
P264_general_SOUTH_AMERICA_838,Gilson Vieira da Silva,['Sony Music'],[' Gilson Vieira da Silva is signed to Sony Music.'],ans,1
P264_general_SOUTH_AMERICA_840,Emilia Herrera,['Codiscos'],[' Emilia Herrera is signed to Sony Music Entertainment.'],ans,0
P264_general_SOUTH_AMERICA_842,Manoel Evêncio da Costa Moreira,"['Odeon', 'Odéon', 'LC 0287', 'Odeon Records', 'LC 00287']","[' Manoel Evêncio da Costa Moreira is signed to the record label ""Sony Music"".']",ans,0
P264_general_SOUTH_AMERICA_844,Hiacho Lezica,"['RCA Records, Inc.', 'RCA']",[' Hiacho Lezica is signed to Sony Music Latin.'],ans,0
P264_general_SOUTH_AMERICA_846,Magaly Elizabeth Ayala Acevedo,['Feria Music'],[' Magaly Elizabeth Ayala Acevedo is signed to RCA Records.'],ans,0
P264_general_SOUTH_AMERICA_848,Jorginho Gularte,"['Sondor', 'Orfeo', ""Son d'Or""]","[' Jorginho Gularte is signed to the record label ""Deckdisc"".']",ans,0
P264_general_SOUTH_AMERICA_850,Magicenelbeat,"['Rimas Entertainment', 'Fundación Rimas Inc.', 'Rimas Network', 'Rimas Entertainment, LLC', 'Rimas Group', 'Rimas Classics LLC', 'Rimas Music, LLC', 'Rimas', 'RSM Publishing, LLC']",[' Magicenelbeat is signed to Columbia Records.'],ans,0
P264_general_SOUTH_AMERICA_852,Mirella Gilbert,"['LC 0316', 'RCA Victor Records', 'RCA Victor', 'LC 00316']","[' Mirella Gilbert is signed to the record label, Decca Records.']",ans,0
