﻿uuid,sub_label,obj_label,choices,ans_type,acc
P27_general_SOUTH_AMERICA_0,Mauricio Macri,"['ITA', 'Italy', 'ar', 'AR', 'IT', 'Italia', 'Repubblica Italiana', '🇦🇷', 'Republic of Italy', 'ARG', 'Arjentina', 'Argentine Republic', 'Republic of Argentina', 'Argentina', 'Italian Republic', '🇮🇹']",[' Argentina'],ans,1
P27_general_SOUTH_AMERICA_2,Lionel Messi,"['Spain', '🇪🇸', 'Arjentina', 'Italian Republic', 'ESP', 'Italy', 'ar', 'Republic of Italy', 'Kingdom of Spain', 'Argentina', '🇦🇷', 'Repubblica Italiana', 'ARG', 'Argentine Republic', '🇮🇹', 'ITA', 'AR', 'IT', 'Italia', 'Republic of Argentina', 'ES']",[' Argentina'],ans,1
P27_general_SOUTH_AMERICA_4,Juan Perón,"['ar', 'AR', 'ARG', 'Arjentina', 'Republic of Argentina', 'Argentine Republic', 'Argentina', '🇦🇷']",[' Argentina.'],ans,1
P27_general_SOUTH_AMERICA_6,Pelé,"['BRA', '🇧🇷', 'BR', 'Brazil', 'Federative Republic of Brazil', 'br', 'Brasil']",[' Brazil'],ans,1
P27_general_SOUTH_AMERICA_8,Lewis Hamilton,"['G B R', 'BR', 'U. K.', 'GBR', 'br', 'BRA', 'United Kingdom', 'Britain', 'G B', 'United Kingdom of Great Britain and Northern Ireland', 'UK', 'Great Britain and Northern Ireland', 'G.B.R.', 'U K', '🇧🇷', 'G.B.', 'The UK', '🇬🇧', 'The United Kingdom of Great Britain and Northern Ireland', 'Federative Republic of Brazil', 'U.K.', 'Brasil', 'G. B.', 'GB', 'Brazil', 'Great Britain']",[' United Kingdom'],ans,1
P27_general_SOUTH_AMERICA_10,Gustavo Cerati,"['ar', 'AR', 'ARG', 'Arjentina', 'Republic of Argentina', 'Argentine Republic', 'Argentina', '🇦🇷']",[' Argentina.'],ans,1
P27_general_SOUTH_AMERICA_12,Nicolás Maduro,"['VE', 'BR Venezuela', 'Venezuela', 'VEN', 'Vzla', 'Estados Unidos de Venezuela', '🇻🇪', 'Bolivarian Republic of Venezuela']",[' Venezuela'],ans,1
P27_general_SOUTH_AMERICA_14,Alexis Sánchez,"['Republica de Chile', 'cl', 'CHI', '🇨🇱', 'Republic of Chile', 'República de Chile', 'Chile']",[' Chile.'],ans,1
P27_general_SOUTH_AMERICA_16,Neymar,"['BRA', '🇧🇷', 'BR', 'Brazil', 'Federative Republic of Brazil', 'br', 'Brasil']",[' Brazil'],ans,1
P27_general_SOUTH_AMERICA_18,Luis Suárez,"['🇺🇾', 'Oriental Republic of Uruguay', 'Uruguay', 'URU', 'República Oriental del Uruguay', 'uy']",[' Uruguay'],ans,1
P27_general_SOUTH_AMERICA_20,Hugo Chávez,"['VE', 'BR Venezuela', 'Venezuela', 'VEN', 'Vzla', 'Estados Unidos de Venezuela', '🇻🇪', 'Bolivarian Republic of Venezuela']",[' Venezuela'],ans,1
P27_general_SOUTH_AMERICA_22,Yma Sumac,"['the U.S.', '🇵🇪', 'the U.S.A.', 'Peru', 'Republica del Peru', 'United States of America', 'Merica', 'Republic of Peru', 'US of A', 'the US', 'US', 'the US of A', 'United States', 'per', 'USA', 'the U.S. of America', 'the United States', 'U. S. A.', 'pe', 'U.S.A.', 'U.S.', 'U. S.', 'America', 'the US of America', 'the USA', 'the States', 'the U.S. of A', 'US of America', 'U.S. of America', 'the United States of America', 'República del Perú']",[' Peru'],ans,1
P27_general_SOUTH_AMERICA_24,Jair Bolsonaro,"['BRA', '🇧🇷', 'BR', 'Brazil', 'Federative Republic of Brazil', 'br', 'Brasil']",[' Brazil'],ans,1
P27_general_SOUTH_AMERICA_26,Che Guevara,"['🇨🇺', 'ar', 'AR', 'Republic of Cuba', 'CUB', 'ARG', 'Arjentina', 'Cuba', 'Argentine Republic', 'Republic of Argentina', 'cu', 'Argentina', '🇦🇷']",[' Argentina'],ans,1
P27_general_SOUTH_AMERICA_28,Mike Patton,"['Republica de Chile', 'cl', 'CHI', '🇨🇱', 'Republic of Chile', 'República de Chile', 'Chile']",[' United States.'],ans,0
P27_general_SOUTH_AMERICA_30,Carlos Mesa,"['Bolivia (Plurinational State of)', '🇧🇴', 'Bolivia', 'bol', 'bo', 'Plurinational State of Bolivia', 'BOL', 'Republic of Bolivia']",[' Bolivia'],ans,1
P27_general_SOUTH_AMERICA_32,Hélio Castroneves,"['BRA', '🇧🇷', 'BR', 'Brazil', 'Federative Republic of Brazil', 'br', 'Brasil']",[' Brazil'],ans,1
P27_general_SOUTH_AMERICA_34,Eva Perón,"['ar', 'AR', 'ARG', 'Arjentina', 'Republic of Argentina', 'Argentine Republic', 'Argentina', '🇦🇷']",[' Argentina.'],ans,1
P27_general_SOUTH_AMERICA_36,Ronaldinho,"['Spain', 'BRA', '🇪🇸', '🇧🇷', 'BR', 'Brazil', 'Federative Republic of Brazil', 'Kingdom of Spain', 'br', 'ES', 'ESP', 'Brasil']",[' Brazil'],ans,1
P27_general_SOUTH_AMERICA_38,Augusto Pinochet,"['Republica de Chile', 'cl', 'CHI', '🇨🇱', 'Republic of Chile', 'República de Chile', 'Chile']",[' Chile'],ans,1
P27_general_SOUTH_AMERICA_40,Ronaldo,"['BRA', '🇧🇷', 'BR', 'Brazil', 'Federative Republic of Brazil', 'br', 'Brasil']",[' Portugal.'],ans,0
P27_general_SOUTH_AMERICA_42,Raúl Alfonsín,"['ar', 'AR', 'ARG', 'Arjentina', 'Republic of Argentina', 'Argentine Republic', 'Argentina', '🇦🇷']",[' Argentina.'],ans,1
P27_general_SOUTH_AMERICA_44,Luiz Inácio Lula da Silva,"['BRA', '🇧🇷', 'BR', 'Brazil', 'Federative Republic of Brazil', 'br', 'Brasil']",[' Brazil'],ans,1
P27_general_SOUTH_AMERICA_46,Alberto Fernández,"['ar', 'AR', 'ARG', 'Arjentina', 'Republic of Argentina', 'Argentine Republic', 'Argentina', '🇦🇷']",[' Argentina.'],ans,1
P27_general_SOUTH_AMERICA_48,Ayrton Senna,"['BRA', '🇧🇷', 'BR', 'Brazil', 'Federative Republic of Brazil', 'br', 'Brasil']",[' Brazil'],ans,1
P27_general_SOUTH_AMERICA_50,Simón Bolívar,"['Bolivia (Plurinational State of)', 'Spain', '🇪🇸', 'Gran Colombia', 'Venezuela', 'Estados Unidos de Venezuela', 'ECU', 'ESP', 'ec', 'The Ecuadorian State', 'Bolivia', '🇪🇨', 'Great Colombia', 'bol', 'Kingdom of Spain', '🇻🇪', 'Bolivarian Republic of Venezuela', 'Ecuador', 'BOL', 'BR Venezuela', 'Republic of Ecuador', 'Vzla', '🇧🇴', 'EC', 'VE', 'ecu', 'VEN', 'bo', 'Republic of the Equator', 'ES', 'Plurinational State of Bolivia', 'Republic of Bolivia']",[' Venezuela'],ans,1
P27_general_SOUTH_AMERICA_52,Michelle Bachelet,"['Republica de Chile', 'cl', 'CHI', '🇨🇱', 'Republic of Chile', 'República de Chile', 'Chile']",[' Chile'],ans,1
P27_general_SOUTH_AMERICA_54,Paolo Guerrero,"['🇵🇪', 'pe', 'Peru', 'per', 'Republica del Peru', 'Republic of Peru', 'República del Perú']",[' Peru'],ans,1
P27_general_SOUTH_AMERICA_56,Dilma Rousseff,"['BRA', '🇧🇷', 'BR', 'Brazil', 'Federative Republic of Brazil', 'br', 'Brasil']",[' Brazil'],ans,1
P27_general_SOUTH_AMERICA_58,Julián Speroni,"['ar', 'AR', 'ARG', 'Arjentina', 'Republic of Argentina', 'Argentine Republic', 'Argentina', '🇦🇷']",[' Argentina'],ans,1
P27_general_SOUTH_AMERICA_60,Charly García,"['ar', 'AR', 'ARG', 'Arjentina', 'Republic of Argentina', 'Argentine Republic', 'Argentina', '🇦🇷']",[' Argentina'],ans,1
P27_general_SOUTH_AMERICA_62,Jorge Luis Borges,"['ar', 'AR', 'ARG', 'Arjentina', 'Republic of Argentina', 'Argentine Republic', 'Argentina', '🇦🇷']",[' Argentina.'],ans,1
P27_general_SOUTH_AMERICA_64,Hipólito Yrigoyen,"['ar', 'AR', 'ARG', 'Arjentina', 'Republic of Argentina', 'Argentine Republic', 'Argentina', '🇦🇷']",[' Argentina'],ans,1
P27_general_SOUTH_AMERICA_66,Humberto Suazo,"['Republica de Chile', 'cl', 'CHI', '🇨🇱', 'Republic of Chile', 'República de Chile', 'Chile']",[' Chile'],ans,1
P27_general_SOUTH_AMERICA_68,Henrique Avancini,"['BRA', '🇧🇷', 'BR', 'Brazil', 'Federative Republic of Brazil', 'br', 'Brasil']",[' Brazil'],ans,1
P27_general_SOUTH_AMERICA_70,Sergio Agüero,"['ar', 'AR', 'ARG', 'Arjentina', 'Republic of Argentina', 'Argentine Republic', 'Argentina', '🇦🇷']",[' Argentina'],ans,1
P27_general_SOUTH_AMERICA_72,Edinson Cavani,"['🇺🇾', 'Oriental Republic of Uruguay', 'Uruguay', 'URU', 'República Oriental del Uruguay', 'uy']",[' Uruguay'],ans,1
P27_general_SOUTH_AMERICA_74,Andressinha,"['BRA', '🇧🇷', 'BR', 'Brazil', 'Federative Republic of Brazil', 'br', 'Brasil']",[' Brazil'],ans,1
P27_general_SOUTH_AMERICA_76,Joelma,"['BRA', '🇧🇷', 'BR', 'Brazil', 'Federative Republic of Brazil', 'br', 'Brasil']",[' Brazil'],ans,1
P27_general_SOUTH_AMERICA_78,Juan Román Riquelme,"['ar', 'AR', 'ARG', 'Arjentina', 'Republic of Argentina', 'Argentine Republic', 'Argentina', '🇦🇷']",[' Argentina'],ans,1
P27_general_SOUTH_AMERICA_80,Lucas Di Grassi,"['BRA', '🇧🇷', 'BR', 'Brazil', 'Federative Republic of Brazil', 'br', 'Brasil']",[' Brazil'],ans,1
P27_general_SOUTH_AMERICA_82,Sebastián Piñera,"['Republica de Chile', 'cl', 'CHI', '🇨🇱', 'Republic of Chile', 'República de Chile', 'Chile']",[' Chile'],ans,1
P27_general_SOUTH_AMERICA_84,Miguel Grau,"['🇵🇪', 'pe', 'Peru', 'per', 'Republica del Peru', 'Republic of Peru', 'República del Perú']",[' Peru'],ans,1
P27_general_SOUTH_AMERICA_86,Carlos Antonio López,"['Paraguay', 'Republic of Paraguay', '🇵🇾', 'py', 'pry', 'Heart of South America']",[' Paraguay'],ans,1
P27_general_SOUTH_AMERICA_88,José Serra,"['BRA', '🇧🇷', 'BR', 'Brazil', 'Federative Republic of Brazil', 'br', 'Brasil']",[' Brazil'],ans,1
P27_general_SOUTH_AMERICA_90,Carlos Menem,"['ar', 'AR', 'ARG', 'Arjentina', 'Republic of Argentina', 'Argentine Republic', 'Argentina', '🇦🇷']",[' Argentina'],ans,1
P27_general_SOUTH_AMERICA_92,Thomaz Bellucci,"['BRA', '🇧🇷', 'BR', 'Brazil', 'Federative Republic of Brazil', 'br', 'Brasil']",[' Brazil'],ans,1
P27_general_SOUTH_AMERICA_94,Luis Arce,"['Bolivia (Plurinational State of)', '🇧🇴', 'Bolivia', 'bol', 'bo', 'Plurinational State of Bolivia', 'BOL', 'Republic of Bolivia']",[' Luis Arce is a citizen of Bolivia.'],ans,1
P27_general_SOUTH_AMERICA_96,Eduardo Mateo,"['🇺🇾', 'Oriental Republic of Uruguay', 'Uruguay', 'URU', 'República Oriental del Uruguay', 'uy']",[' Uruguay'],ans,1
P27_general_SOUTH_AMERICA_98,Alexandre Pato,"['BRA', '🇧🇷', 'BR', 'Brazil', 'Federative Republic of Brazil', 'br', 'Brasil']",[' Brazil'],ans,1
P27_general_SOUTH_AMERICA_100,Kelly Key,"['BRA', '🇧🇷', 'BR', 'Brazil', 'Federative Republic of Brazil', 'br', 'Brasil']",[' Brazil'],ans,1
P27_general_SOUTH_AMERICA_102,Charles Aránguiz,"['Republica de Chile', 'cl', 'CHI', '🇨🇱', 'Republic of Chile', 'República de Chile', 'Chile']",[' Chile.'],ans,1
P27_general_SOUTH_AMERICA_104,Rogério Ceni,"['BRA', '🇧🇷', 'BR', 'Brazil', 'Federative Republic of Brazil', 'br', 'Brasil']",[' Brazil'],ans,1
P27_general_SOUTH_AMERICA_106,Fernando González,"['Republica de Chile', 'cl', 'CHI', '🇨🇱', 'Republic of Chile', 'República de Chile', 'Chile']",[' Chile'],ans,1
P27_general_SOUTH_AMERICA_108,Rubens Barrichello,"['BRA', '🇧🇷', 'BR', 'Brazil', 'Federative Republic of Brazil', 'br', 'Brasil']",[' Brazil'],ans,1
P27_general_SOUTH_AMERICA_110,María Eugenia Vidal,"['ar', 'AR', 'ARG', 'Arjentina', 'Republic of Argentina', 'Argentine Republic', 'Argentina', '🇦🇷']",[' Argentina.'],ans,1
P27_general_SOUTH_AMERICA_112,Fernando Haddad,"['BRA', '🇧🇷', 'BR', 'Brazil', 'Federative Republic of Brazil', 'br', 'Brasil']",[' Brazil'],ans,1
P27_general_SOUTH_AMERICA_114,Alfredo Di Stéfano,"['Spain', '🇪🇸', 'The Republic of Colombia', 'Arjentina', 'ESP', 'ar', 'Colombiá', 'República de Colombia', 'CO', 'Kingdom of Spain', 'Argentina', '🇦🇷', 'Republica de Colombia', 'ARG', 'Argentine Republic', 'Colombia', 'AR', 'ISO 3166-1:CO', '🇨🇴', 'COL', 'Republic of Argentina', 'ES', 'Republic of Colombia']",[' Argentina'],ans,1
P27_general_SOUTH_AMERICA_116,Gustavo Canales,"['ar', 'AR', 'Republica de Chile', 'cl', 'CHI', 'ARG', 'Arjentina', 'Argentine Republic', 'Republic of Argentina', '🇨🇱', 'Republic of Chile', 'Argentina', '🇦🇷', 'República de Chile', 'Chile']",[' Gustavo Canales is a citizen of Mexico.'],ans,0
P27_general_SOUTH_AMERICA_118,Jefferson,"['BRA', '🇧🇷', 'BR', 'Brazil', 'Federative Republic of Brazil', 'br', 'Brasil']",[' United States'],ans,0
P27_general_SOUTH_AMERICA_120,Johnny Herrera,"['Republica de Chile', 'cl', 'CHI', '🇨🇱', 'Republic of Chile', 'República de Chile', 'Chile']",[' Chile'],ans,1
P27_general_SOUTH_AMERICA_122,Gilberto Gil,"['BRA', '🇧🇷', 'BR', 'Brazil', 'Federative Republic of Brazil', 'br', 'Brasil']",[' Brazil'],ans,1
P27_general_SOUTH_AMERICA_124,Felipe Massa,"['BRA', '🇧🇷', 'BR', 'Brazil', 'Federative Republic of Brazil', 'br', 'Brasil']",[' Brazil'],ans,1
P27_general_SOUTH_AMERICA_126,Gerardo Martino,"['ar', 'AR', 'ARG', 'Arjentina', 'Republic of Argentina', 'Argentine Republic', 'Argentina', '🇦🇷']",[' Argentina'],ans,1
P27_general_SOUTH_AMERICA_128,James Rodríguez,"['Spain', '🇪🇸', 'Colombiá', 'República de Colombia', 'CO', 'ISO 3166-1:CO', 'Republica de Colombia', '🇨🇴', 'COL', 'The Republic of Colombia', 'Republic of Colombia', 'Kingdom of Spain', 'ES', 'Colombia', 'ESP']",[' Colombia.'],ans,1
P27_general_SOUTH_AMERICA_130,João Gilberto,"['BRA', '🇧🇷', 'BR', 'Brazil', 'Federative Republic of Brazil', 'br', 'Brasil']",[' Brazil'],ans,1
P27_general_SOUTH_AMERICA_132,Adolfo Rodríguez Saá,"['ar', 'AR', 'ARG', 'Arjentina', 'Republic of Argentina', 'Argentine Republic', 'Argentina', '🇦🇷']",[' Argentina.'],ans,1
P27_general_SOUTH_AMERICA_134,Xuxa,"['ITA', 'Italy', 'BRA', '🇧🇷', 'IT', 'Italia', 'BR', 'Repubblica Italiana', 'Brazil', 'Federative Republic of Brazil', 'Republic of Italy', 'br', 'Italian Republic', '🇮🇹', 'Brasil']",[' Brazil'],ans,1
P27_general_SOUTH_AMERICA_136,Claudia di Girolamo,"['Republica de Chile', 'cl', 'CHI', '🇨🇱', 'Republic of Chile', 'República de Chile', 'Chile']",[' Italy'],ans,0
P27_general_SOUTH_AMERICA_138,Manuel Belgrano,"['ar', 'AR', 'ARG', 'Arjentina', 'Republic of Argentina', 'Argentine Republic', 'Argentina', '🇦🇷']",[' Argentina'],ans,1
P27_general_SOUTH_AMERICA_140,Oscar Filho,"['BRA', '🇧🇷', 'BR', 'Brazil', 'Federative Republic of Brazil', 'br', 'Brasil']",[' Brazil'],ans,1
P27_general_SOUTH_AMERICA_142,Diego Simeone,"['ar', 'AR', 'ARG', 'Arjentina', 'Republic of Argentina', 'Argentine Republic', 'Argentina', '🇦🇷']",[' Argentina.'],ans,1
P27_general_SOUTH_AMERICA_144,Pabllo Vittar,"['BRA', '🇧🇷', 'BR', 'Brazil', 'Federative Republic of Brazil', 'br', 'Brasil']",[' Brazil'],ans,1
P27_general_SOUTH_AMERICA_146,Alberto Nisman,"['ar', 'AR', 'ARG', 'Arjentina', 'Republic of Argentina', 'Argentine Republic', 'Argentina', '🇦🇷']",[' Argentina.'],ans,1
P27_general_SOUTH_AMERICA_148,Marina Ruy Barbosa,"['BRA', '🇧🇷', 'BR', 'Brazil', 'Federative Republic of Brazil', 'br', 'Brasil']",[' Brazil'],ans,1
P27_general_SOUTH_AMERICA_150,Mauricio Pinilla,"['Republica de Chile', 'cl', 'CHI', '🇨🇱', 'Republic of Chile', 'República de Chile', 'Chile']",[' Colombia.'],ans,0
P27_general_SOUTH_AMERICA_152,Claudio Pizarro,"['🇵🇪', 'Bundesrepublik Deutschland', 'Peru', 'Republica del Peru', 'Republic of Peru', 'Italian Republic', 'Italy', 'GFR', 'per', 'de', 'Republic of Italy', 'GER', 'BRD', 'pe', 'BR Deutschland', 'Repubblica Italiana', 'Deutschland', '🇮🇹', 'ITA', 'DE', 'IT', 'Italia', 'Germany', 'Federal Republic of Germany', 'República del Perú']",[' Peru'],ans,1
P27_general_SOUTH_AMERICA_154,Gustavo Petro,"['ITA', 'Italy', 'Colombiá', 'República de Colombia', 'CO', '🇮🇹', 'IT', 'Italia', 'Repubblica Italiana', '🇨🇴', 'COL', 'ISO 3166-1:CO', 'Republic of Italy', 'Republica de Colombia', 'The Republic of Colombia', 'Italian Republic', 'Colombia', 'Republic of Colombia']",[' Colombia.'],ans,1
P27_general_SOUTH_AMERICA_156,Olavo de Carvalho,"['BRA', '🇧🇷', 'BR', 'Brazil', 'Federative Republic of Brazil', 'br', 'Brasil']",[' Brazil'],ans,1
P27_general_SOUTH_AMERICA_158,Marta Suplicy,"['BRA', '🇧🇷', 'BR', 'Brazil', 'Federative Republic of Brazil', 'br', 'Brasil']",[' Brazil'],ans,1
P27_general_SOUTH_AMERICA_160,Tabaré Vázquez,"['🇺🇾', 'Oriental Republic of Uruguay', 'Uruguay', 'URU', 'República Oriental del Uruguay', 'uy']",[' Uruguay'],ans,1
P27_general_SOUTH_AMERICA_162,Leopoldo López,"['VE', 'BR Venezuela', 'Venezuela', 'VEN', 'Vzla', 'Estados Unidos de Venezuela', '🇻🇪', 'Bolivarian Republic of Venezuela']",[' Venezuela'],ans,1
P27_general_SOUTH_AMERICA_164,Gonzalo Jara,"['Republica de Chile', 'cl', 'CHI', '🇨🇱', 'Republic of Chile', 'República de Chile', 'Chile']",[' Chile.'],ans,1
P27_general_SOUTH_AMERICA_166,Juan Manuel Fangio,"['ar', 'AR', 'ARG', 'Arjentina', 'Republic of Argentina', 'Argentine Republic', 'Argentina', '🇦🇷']",[' Argentina'],ans,1
P27_general_SOUTH_AMERICA_168,Messi Roca,"['ar', 'AR', 'ARG', 'Arjentina', 'Republic of Argentina', 'Argentine Republic', 'Argentina', '🇦🇷']",[' Argentina.'],ans,1
P27_general_SOUTH_AMERICA_170,Marcelo Bielsa,"['ar', 'AR', 'ARG', 'Arjentina', 'Republic of Argentina', 'Argentine Republic', 'Argentina', '🇦🇷']",[' Argentina'],ans,1
P27_general_SOUTH_AMERICA_172,Marcelo Crivella,"['BRA', '🇧🇷', 'BR', 'Brazil', 'Federative Republic of Brazil', 'br', 'Brasil']",[' Brazil'],ans,1
P27_general_SOUTH_AMERICA_174,Getúlio Vargas,"['BRA', '🇧🇷', 'BR', 'Brazil', 'Federative Republic of Brazil', 'br', 'Brasil']",[' Brazil'],ans,1
P27_general_SOUTH_AMERICA_176,Pedro Castillo,"['🇵🇪', 'pe', 'Peru', 'per', 'Republica del Peru', 'Republic of Peru', 'República del Perú']",[' Peru'],ans,1
P27_general_SOUTH_AMERICA_178,Julio Arca,"['ar', 'AR', 'ARG', 'Arjentina', 'Republic of Argentina', 'Argentine Republic', 'Argentina', '🇦🇷']",[' Argentina.'],ans,1
P27_general_SOUTH_AMERICA_180,Arca,"['VE', 'BR Venezuela', 'Venezuela', 'VEN', 'Vzla', 'Estados Unidos de Venezuela', '🇻🇪', 'Bolivarian Republic of Venezuela']",[' Arca is a citizen of Venezuela.'],ans,1
P27_general_SOUTH_AMERICA_182,André Bahia,"['BRA', '🇧🇷', 'BR', 'Brazil', 'Federative Republic of Brazil', 'br', 'Brasil']",[' Brazil'],ans,1
P27_general_SOUTH_AMERICA_184,Marcelo Díaz,"['Republica de Chile', 'cl', 'CHI', '🇨🇱', 'Republic of Chile', 'República de Chile', 'Chile']",[' Chile'],ans,1
P27_general_SOUTH_AMERICA_186,Manu Gavassi,"['BRA', '🇧🇷', 'BR', 'Brazil', 'Federative Republic of Brazil', 'br', 'Brasil']",[' Brazil'],ans,1
P27_general_SOUTH_AMERICA_188,Felipe Drugovich,"['ITA', 'Italy', 'BRA', '🇧🇷', 'IT', 'Italia', 'BR', 'Repubblica Italiana', 'Brazil', 'Federative Republic of Brazil', 'Republic of Italy', 'br', 'Italian Republic', '🇮🇹', 'Brasil']",[' Brazil'],ans,1
P27_general_SOUTH_AMERICA_190,Mario Vargas Llosa,"['Spain', '🇪🇸', '🇵🇪', 'Peru', 'pe', 'per', 'Republica del Peru', 'Republic of Peru', 'Kingdom of Spain', 'ES', 'ESP', 'República del Perú']",[' Peru'],ans,1
P27_general_SOUTH_AMERICA_192,Deyna Castellanos,"['VE', 'BR Venezuela', 'Venezuela', 'VEN', 'Vzla', 'Estados Unidos de Venezuela', '🇻🇪', 'Bolivarian Republic of Venezuela']",[' Venezuela'],ans,1
P27_general_SOUTH_AMERICA_194,Pedro Weingärtner,"['BRA', '🇧🇷', 'BR', 'Brazil', 'Federative Republic of Brazil', 'br', 'Brasil']",[' Argentina.'],ans,0
P27_general_SOUTH_AMERICA_196,Tini,"['ar', 'AR', 'ARG', 'Arjentina', 'Republic of Argentina', 'Argentine Republic', 'Argentina', '🇦🇷']",[' Tini is a citizen of France.'],ans,0
P27_general_SOUTH_AMERICA_198,Leonel Brizola,"['BRA', '🇧🇷', 'BR', 'Brazil', 'Federative Republic of Brazil', 'br', 'Brasil']",[' Brazil'],ans,1
P27_general_SOUTH_AMERICA_200,Sebastián Abreu,"['🇺🇾', 'Oriental Republic of Uruguay', 'Uruguay', 'URU', 'República Oriental del Uruguay', 'uy']",[' Uruguay'],ans,1
P27_general_SOUTH_AMERICA_202,Carmen Miranda,"['BRA', 'PT', '🇵🇹', '🇧🇷', 'BR', 'PRT', 'POR', 'Brazil', 'Federative Republic of Brazil', 'Portugal', 'br', 'Portuguese Republic', 'Brasil']",[' Brazil'],ans,1
P27_general_SOUTH_AMERICA_204,Diego Costa,"['Spain', 'BRA', '🇪🇸', '🇧🇷', 'BR', 'Brazil', 'Federative Republic of Brazil', 'Kingdom of Spain', 'br', 'ES', 'ESP', 'Brasil']",[' Brazil'],ans,1
P27_general_SOUTH_AMERICA_206,Gabriel Boric,"['Republica de Chile', 'cl', 'CHI', '🇨🇱', 'Republic of Chile', 'República de Chile', 'Chile']",[' Chile.'],ans,1
P27_general_SOUTH_AMERICA_208,Alika Kinan,"['ar', 'AR', 'ARG', 'Arjentina', 'Republic of Argentina', 'Argentine Republic', 'Argentina', '🇦🇷']",[' Kenya.'],ans,0
P27_general_SOUTH_AMERICA_210,Ramón Castillaa,"['🇵🇪', 'pe', 'Peru', 'per', 'Republica del Peru', 'Republic of Peru', 'República del Perú']",[' Peru'],ans,1
P27_general_SOUTH_AMERICA_212,Amado Boudou,"['ar', 'AR', 'ARG', 'Arjentina', 'Republic of Argentina', 'Argentine Republic', 'Argentina', '🇦🇷']",[' Argentina.'],ans,1
P27_general_SOUTH_AMERICA_214,Andrés López Forero,"['Colombiá', 'República de Colombia', 'CO', 'ISO 3166-1:CO', 'Republica de Colombia', '🇨🇴', 'COL', 'The Republic of Colombia', 'Colombia', 'Republic of Colombia']",[' Colombia'],ans,1
P27_general_SOUTH_AMERICA_216,Juan Mónaco,"['ar', 'AR', 'ARG', 'Arjentina', 'Republic of Argentina', 'Argentine Republic', 'Argentina', '🇦🇷']",[' Monaco'],ans,0
P27_general_SOUTH_AMERICA_218,Lali Espósito,"['ar', 'AR', 'ARG', 'Arjentina', 'Republic of Argentina', 'Argentine Republic', 'Argentina', '🇦🇷']",[' Argentina'],ans,1
P27_general_SOUTH_AMERICA_220,Philippe Coutinho,"['Spain', 'BRA', '🇪🇸', 'PT', '🇵🇹', '🇧🇷', 'BR', 'PRT', 'POR', 'Brazil', 'Federative Republic of Brazil', 'Kingdom of Spain', 'Portugal', 'br', 'Portuguese Republic', 'ES', 'ESP', 'Brasil']",[' Brazil'],ans,1
P27_general_SOUTH_AMERICA_222,Guillermo Rawson,"['ar', 'AR', 'ARG', 'Arjentina', 'Republic of Argentina', 'Argentine Republic', 'Argentina', '🇦🇷']",[' Argentina'],ans,1
P27_general_SOUTH_AMERICA_224,Gisele Bündchen,"['the U.S.', 'the U.S.A.', 'BR', 'United States of America', 'Merica', 'US of A', 'br', 'the US', 'US', 'the US of A', 'BRA', 'United States', 'USA', 'the U.S. of America', 'the United States', 'U. S. A.', '🇧🇷', 'U.S.A.', 'U.S.', 'U. S.', 'America', 'Federative Republic of Brazil', 'Brasil', 'the USA', 'the US of America', 'the States', 'the U.S. of A', 'US of America', 'U.S. of America', 'Brazil', 'the United States of America']",[' Brazil'],ans,1
P27_general_SOUTH_AMERICA_226,Nilda Celia Garré,"['ar', 'AR', 'ARG', 'Arjentina', 'Republic of Argentina', 'Argentine Republic', 'Argentina', '🇦🇷']",[' Argentina'],ans,1
P27_general_SOUTH_AMERICA_228,Mercedes Sosa,"['ar', 'AR', 'ARG', 'Arjentina', 'Republic of Argentina', 'Argentine Republic', 'Argentina', '🇦🇷']",[' Argentina'],ans,1
P27_general_SOUTH_AMERICA_230,Alex Saab,"['Venezuela', 'The Republic of Colombia', 'Estados Unidos de Venezuela', 'Colombiá', 'República de Colombia', 'CO', '🇻🇪', 'Bolivarian Republic of Venezuela', 'Antigua and Barbuda', 'BR Venezuela', 'Republica de Colombia', 'Vzla', 'Colombia', 'ANT', '🇦🇬', 'VE', 'ag', 'ISO 3166-1:CO', '🇨🇴', 'VEN', 'COL', 'Republic of Colombia']",[' Venezuela'],ans,1
P27_general_SOUTH_AMERICA_232,Arturo Prat,"['Republica de Chile', 'cl', 'CHI', '🇨🇱', 'Republic of Chile', 'República de Chile', 'Chile']",[' Chile'],ans,1
P27_general_SOUTH_AMERICA_234,Hernando de Soto,"['🇵🇪', 'pe', 'Peru', 'per', 'Republica del Peru', 'Republic of Peru', 'República del Perú']",[' Peru'],ans,1
P27_general_SOUTH_AMERICA_236,Natanael Cortez,"['BRA', '🇧🇷', 'BR', 'Brazil', 'Federative Republic of Brazil', 'br', 'Brasil']",[' Argentina'],ans,0
P27_general_SOUTH_AMERICA_238,Edésio de Oliveira Chequer,"['BRA', '🇧🇷', 'BR', 'Brazil', 'Federative Republic of Brazil', 'br', 'Brasil']",[' Brazil'],ans,1
P27_general_SOUTH_AMERICA_240,Roberto Frederico Lenington,"['BRA', '🇧🇷', 'BR', 'Brazil', 'Federative Republic of Brazil', 'br', 'Brasil']",[' Roberto Frederico Lenington is a citizen of Brazil.'],ans,1
P27_general_SOUTH_AMERICA_242,Álvaro Emídio Gonçalves dos Reis,"['BRA', '🇧🇷', 'BR', 'Brazil', 'Federative Republic of Brazil', 'br', 'Brasil']",[' Álvaro Emídio Gonçalves dos Reis is a citizen of Portugal.'],ans,0
P27_general_SOUTH_AMERICA_244,Antônio Pedro de Cerqueira Leite,"['BRA', '🇧🇷', 'BR', 'Brazil', 'Federative Republic of Brazil', 'br', 'Brasil']",[' Brazil'],ans,1
P27_general_SOUTH_AMERICA_246,José Ivo Sartori,"['BRA', '🇧🇷', 'BR', 'Brazil', 'Federative Republic of Brazil', 'br', 'Brasil']",[' Brazil'],ans,1
P27_general_SOUTH_AMERICA_248,Héctor José Cámpora,"['ar', 'AR', 'ARG', 'Arjentina', 'Republic of Argentina', 'Argentine Republic', 'Argentina', '🇦🇷']",[' Argentina'],ans,1
P27_general_SOUTH_AMERICA_250,Manuel José García,"['ar', 'AR', 'ARG', 'Arjentina', 'Republic of Argentina', 'Argentine Republic', 'Argentina', '🇦🇷']",[' Mexico'],ans,0
P27_general_SOUTH_AMERICA_252,Rafael Caldera,"['VE', 'BR Venezuela', 'Venezuela', 'VEN', 'Vzla', 'Estados Unidos de Venezuela', '🇻🇪', 'Bolivarian Republic of Venezuela']",[' Venezuela'],ans,1
P27_general_SOUTH_AMERICA_254,Victor Meirelles,"['BRA', '🇧🇷', 'BR', 'Brazil', 'Federative Republic of Brazil', 'br', 'Brasil']",[' Brazil'],ans,1
P27_general_SOUTH_AMERICA_256,Benjamín Barán Cegla,"['Paraguay', 'Republic of Paraguay', '🇵🇾', 'py', 'pry', 'Heart of South America']",[' Argentina'],ans,0
P27_general_SOUTH_AMERICA_258,Emanuel Herrera,"['ar', 'AR', 'ARG', 'Arjentina', 'Republic of Argentina', 'Argentine Republic', 'Argentina', '🇦🇷']",[' Argentina'],ans,1
P27_general_SOUTH_AMERICA_260,Tite,"['BRA', '🇧🇷', 'BR', 'Brazil', 'Federative Republic of Brazil', 'br', 'Brasil']",[' Brazil.'],ans,1
P27_general_SOUTH_AMERICA_262,Jean Charles de Menezes,"['BRA', '🇧🇷', 'BR', 'Brazil', 'Federative Republic of Brazil', 'br', 'Brasil']",[' Brazil'],ans,1
P27_general_SOUTH_AMERICA_264,Justo José de Urquiza,"['ar', 'AR', 'ARG', 'Arjentina', 'Republic of Argentina', 'Argentine Republic', 'Argentina', '🇦🇷']",[' Argentina.'],ans,1
P27_general_SOUTH_AMERICA_266,Pedro II of Brazil,"['BRA', '🇧🇷', 'BR', 'Brazil', 'Federative Republic of Brazil', 'br', 'Brasil']",[' Brazil'],ans,1
P27_general_SOUTH_AMERICA_268,Cristian Garín,"['Republica de Chile', 'cl', 'CHI', '🇨🇱', 'Republic of Chile', 'República de Chile', 'Chile']",[' Chile'],ans,1
P27_general_SOUTH_AMERICA_270,Nadia Podoroska,"['ar', 'AR', 'ARG', 'Arjentina', 'Republic of Argentina', 'Argentine Republic', 'Argentina', '🇦🇷']",[' Argentina'],ans,1
P27_general_SOUTH_AMERICA_272,Maria Leopoldina of Austria,"['BRA', '🇧🇷', 'Republik Österreich', 'Österreich', 'Austria', 'BR', 'AT', 'AUT', 'Brazil', 'Federative Republic of Brazil', '🇦🇹', 'Republic of Austria', 'br', 'Brasil']",[' Maria Leopoldina of Austria is a citizen of Austria.'],ans,1
P27_general_SOUTH_AMERICA_274,Hernando Casanova,"['Colombiá', 'República de Colombia', 'CO', 'ISO 3166-1:CO', 'Republica de Colombia', '🇨🇴', 'COL', 'The Republic of Colombia', 'Colombia', 'Republic of Colombia']",[' Italy'],ans,0
P27_general_SOUTH_AMERICA_276,Juana Paula Manso,"['ar', 'AR', 'ARG', 'Arjentina', 'Republic of Argentina', 'Argentine Republic', 'Argentina', '🇦🇷']",[' Argentina'],ans,1
P27_general_SOUTH_AMERICA_278,Vanessa Silva,"['BRA', '🇧🇷', 'BR', 'Brazil', 'Federative Republic of Brazil', 'br', 'Brasil']",[' Brazil'],ans,1
P27_general_SOUTH_AMERICA_280,Arturo Umberto Illia,"['ar', 'AR', 'ARG', 'Arjentina', 'Republic of Argentina', 'Argentine Republic', 'Argentina', '🇦🇷']",[' Argentina.'],ans,1
P27_general_SOUTH_AMERICA_282,Infante Miguel of Portugal,"['BRA', '🇧🇷', 'BR', 'Brazil', 'Federative Republic of Brazil', 'br', 'Brasil']",[' Portugal'],ans,0
P27_general_SOUTH_AMERICA_284,Valentina Shevchenko,"['🇵🇪', 'USSR', 'Peru', 'Federation of Russia', 'Republica del Peru', 'Republic of Peru', 'Россия', 'U.S.S.R.', 'U.S.S.R', 'the Union of Soviet Socialist Republics', 'RUS', 'Russian Federation', '🇰🇬', 'the Soviet Union', 'ru', 'Российская Федерация', 'per', 'SU', 'Rossiyskaya Federatsiya', 'CCCP', 'Kyrgyzstan', 'RU', 'The USSR', 'KGZ', 'pe', 'Russia', 'The Soviets', 'Rossija', 'Union of Soviet Socialist Republics', 'Kyrgyz Republic', 'Kirgizia', 'RF', 'kg', 'URS', 'Rossiya', 'Soviet Union', 'Soviets', 'Rossijskaja Federatsija', 'República del Perú']",[' Kyrgyzstan'],ans,1
P27_general_SOUTH_AMERICA_286,Juan Carlos Osorio,"['Colombiá', 'República de Colombia', 'CO', 'ISO 3166-1:CO', 'Republica de Colombia', '🇨🇴', 'COL', 'The Republic of Colombia', 'Colombia', 'Republic of Colombia']",[' Colombia.'],ans,1
P27_general_SOUTH_AMERICA_288,Pastor Maldonado,"['VE', 'BR Venezuela', 'Venezuela', 'VEN', 'Vzla', 'Estados Unidos de Venezuela', '🇻🇪', 'Bolivarian Republic of Venezuela']",[' Venezuela'],ans,1
P27_general_SOUTH_AMERICA_290,Diomedes Díaz,"['Colombiá', 'República de Colombia', 'CO', 'ISO 3166-1:CO', 'Republica de Colombia', '🇨🇴', 'COL', 'The Republic of Colombia', 'Colombia', 'Republic of Colombia']",[' Colombia'],ans,1
P27_general_SOUTH_AMERICA_292,José Bonifácio de Andrada e Silva,"['BRA', '🇧🇷', 'BR', 'Brazil', 'Federative Republic of Brazil', 'br', 'Brasil']",[' Brazil'],ans,1
P27_general_SOUTH_AMERICA_294,Cícero Moraes,"['BRA', '🇧🇷', 'BR', 'Brazil', 'Federative Republic of Brazil', 'br', 'Brasil']",[' Brazil'],ans,1
P27_general_SOUTH_AMERICA_296,Garbiñe Muguruza,"['Spain', '🇪🇸', 'VE', 'BR Venezuela', 'Venezuela', 'VEN', 'Vzla', 'Estados Unidos de Venezuela', 'Kingdom of Spain', '🇻🇪', 'ES', 'Bolivarian Republic of Venezuela', 'ESP']",[' Spain'],ans,1
P27_general_SOUTH_AMERICA_298,Manfred von Richthofen,"['BRA', '🇧🇷', 'BR', 'Brazil', 'Federative Republic of Brazil', 'br', 'Brasil']",[' Germany'],ans,0
P27_general_SOUTH_AMERICA_300,Nelson Piquet,"['BRA', '🇧🇷', 'BR', 'Brazil', 'Federative Republic of Brazil', 'br', 'Brasil']",[' Brazil'],ans,1
P27_general_SOUTH_AMERICA_302,Juan Ramón Quintana,"['Bolivia (Plurinational State of)', '🇧🇴', 'Bolivia', 'bol', 'bo', 'Plurinational State of Bolivia', 'BOL', 'Republic of Bolivia']",[' Argentina'],ans,0
P27_general_SOUTH_AMERICA_304,Bruno,"['BRA', '🇧🇷', 'BR', 'Brazil', 'Federative Republic of Brazil', 'br', 'Brasil']",[' Brazil.'],ans,1
P27_general_SOUTH_AMERICA_306,Faa Morena,"['BRA', '🇧🇷', 'BR', 'Brazil', 'Federative Republic of Brazil', 'br', 'Brasil']",[' Mozambique'],ans,0
P27_general_SOUTH_AMERICA_308,Federico R. Cuñado,"['ar', 'AR', 'ARG', 'Arjentina', 'Republic of Argentina', 'Argentine Republic', 'Argentina', '🇦🇷']",[' Spain.'],ans,0
P27_general_SOUTH_AMERICA_310,Iván Zamorano,"['Republica de Chile', 'cl', 'CHI', '🇨🇱', 'Republic of Chile', 'República de Chile', 'Chile']",[' Chile'],ans,1
P27_general_SOUTH_AMERICA_312,Neil Danns,"['G B R', 'U. K.', 'GBR', 'United Kingdom', 'Britain', 'G B', 'Republic of Guyana', 'United Kingdom of Great Britain and Northern Ireland', 'UK', 'Great Britain and Northern Ireland', 'G.B.R.', 'U K', 'G.B.', 'Guyana', 'The UK', '🇬🇧', 'The United Kingdom of Great Britain and Northern Ireland', 'U.K.', 'GUY', 'G. B.', 'Co-operative Republic of Guyana', 'GB', 'gy', '🇬🇾', 'Great Britain']",[' Neil Danns is a citizen of England.'],ans,0
P27_general_SOUTH_AMERICA_314,Luiz Felipe Scolari,"['BRA', '🇧🇷', 'BR', 'Brazil', 'Federative Republic of Brazil', 'br', 'Brasil']",[' Brazil'],ans,1
P27_general_SOUTH_AMERICA_316,Lygia Fagundes Telles,"['BRA', '🇧🇷', 'BR', 'Brazil', 'Federative Republic of Brazil', 'br', 'Brasil']",[' Brazil'],ans,1
P27_general_SOUTH_AMERICA_318,Horacio Rodríguez Larreta,"['ar', 'AR', 'ARG', 'Arjentina', 'Republic of Argentina', 'Argentine Republic', 'Argentina', '🇦🇷']",[' Argentina.'],ans,1
P27_general_SOUTH_AMERICA_320,Dani Alves,"['BRA', '🇧🇷', 'BR', 'Brazil', 'Federative Republic of Brazil', 'br', 'Brasil']",[' Brazil'],ans,1
P27_general_SOUTH_AMERICA_322,José Luis Palomino,"['ar', 'AR', 'ARG', 'Arjentina', 'Republic of Argentina', 'Argentine Republic', 'Argentina', '🇦🇷']",[' Mexico'],ans,0
P27_general_SOUTH_AMERICA_324,Jorge Guinle,"['BRA', '🇧🇷', 'BR', 'Brazil', 'Federative Republic of Brazil', 'br', 'Brasil']",[' Brazil'],ans,1
P27_general_SOUTH_AMERICA_326,Gabriel García Márquez,"['Colombiá', 'República de Colombia', 'CO', 'ISO 3166-1:CO', 'Republica de Colombia', '🇨🇴', 'COL', 'The Republic of Colombia', 'Colombia', 'Republic of Colombia']",[' Colombia'],ans,1
P27_general_SOUTH_AMERICA_328,Marina Silva,"['BRA', '🇧🇷', 'BR', 'Brazil', 'Federative Republic of Brazil', 'br', 'Brasil']",[' Brazil'],ans,1
P27_general_SOUTH_AMERICA_330,Mirtha Legrand,"['Spain', '🇪🇸', 'AR', 'ar', 'ARG', 'Arjentina', 'Republic of Argentina', 'Argentine Republic', 'Kingdom of Spain', 'Argentina', 'ES', '🇦🇷', 'ESP']",[' Argentina.'],ans,1
P27_general_SOUTH_AMERICA_332,André Carrillo,"['🇵🇪', 'pe', 'Peru', 'per', 'Republica del Peru', 'Republic of Peru', 'República del Perú']",[' Peru'],ans,1
P27_general_SOUTH_AMERICA_334,Higinio Morínigo,"['Paraguay', 'Republic of Paraguay', '🇵🇾', 'py', 'pry', 'Heart of South America']",[' Paraguay'],ans,1
P27_general_SOUTH_AMERICA_336,Juan Antonio Pizzi,"['Spain', '🇪🇸', 'AR', 'ar', 'ARG', 'Arjentina', 'Republic of Argentina', 'Argentine Republic', 'Kingdom of Spain', 'Argentina', 'ES', '🇦🇷', 'ESP']",[' Argentina'],ans,1
P27_general_SOUTH_AMERICA_338,Agustín Orion,"['ar', 'AR', 'ARG', 'Arjentina', 'Republic of Argentina', 'Argentine Republic', 'Argentina', '🇦🇷']",[' Argentina.'],ans,1
P27_general_SOUTH_AMERICA_340,Josep Borrell,"['Spain', '🇪🇸', 'AR', 'ar', 'ARG', 'Arjentina', 'Republic of Argentina', 'Argentine Republic', 'Kingdom of Spain', 'Argentina', 'ES', '🇦🇷', 'ESP']",[' Spain.'],ans,1
P27_general_SOUTH_AMERICA_342,Caetano Veloso,"['BRA', '🇧🇷', 'BR', 'Brazil', 'Federative Republic of Brazil', 'br', 'Brasil']",[' Brazil'],ans,1
P27_general_SOUTH_AMERICA_344,Ângela Lavalle,"['BRA', '🇧🇷', 'BR', 'Brazil', 'Federative Republic of Brazil', 'br', 'Brasil']",[' Brazil'],ans,1
P27_general_SOUTH_AMERICA_346,Gabriel Santana Pinto,"['BRA', '🇧🇷', 'BR', 'Brazil', 'Federative Republic of Brazil', 'br', 'Brasil']",[' Brazil'],ans,1
P27_general_SOUTH_AMERICA_348,Laura Moreira Braga,"['BRA', '🇧🇷', 'BR', 'Brazil', 'Federative Republic of Brazil', 'br', 'Brasil']",[' Brazil'],ans,1
P27_general_SOUTH_AMERICA_350,Carlos Bianchi,"['ar', 'AR', 'ARG', 'Arjentina', 'Republic of Argentina', 'Argentine Republic', 'Argentina', '🇦🇷']",[' Argentina.'],ans,1
P27_general_SOUTH_AMERICA_352,Roberto Mangabeira Unger,"['BRA', '🇧🇷', 'BR', 'Brazil', 'Federative Republic of Brazil', 'br', 'Brasil']",[' Brazil'],ans,1
P27_general_SOUTH_AMERICA_354,Pablo César,"['ar', 'AR', 'ARG', 'Arjentina', 'Republic of Argentina', 'Argentine Republic', 'Argentina', '🇦🇷']",[' Argentina.'],ans,1
P27_general_SOUTH_AMERICA_356,Germán Busch,"['Bolivia (Plurinational State of)', '🇧🇴', 'Bolivia', 'bol', 'bo', 'Plurinational State of Bolivia', 'BOL', 'Republic of Bolivia']",[' Germany'],ans,0
P27_general_SOUTH_AMERICA_358,Niní Marshall,"['ar', 'AR', 'ARG', 'Arjentina', 'Republic of Argentina', 'Argentine Republic', 'Argentina', '🇦🇷']",[' Argentina'],ans,1
P27_general_SOUTH_AMERICA_360,Tancredo Neves,"['BRA', '🇧🇷', 'BR', 'Brazil', 'Federative Republic of Brazil', 'br', 'Brasil']",[' Brazil'],ans,1
P27_general_SOUTH_AMERICA_362,José Gregorio de Lezama,"['ar', 'AR', 'ARG', 'Arjentina', 'Republic of Argentina', 'Argentine Republic', 'Argentina', '🇦🇷']",[' Venezuela'],ans,0
P27_general_SOUTH_AMERICA_364,Ramon Ferreira Gomes,"['BRA', '🇧🇷', 'BR', 'Brazil', 'Federative Republic of Brazil', 'br', 'Brasil']",[' Brazil'],ans,1
P27_general_SOUTH_AMERICA_366,Domingos Vellasco,"['BRA', '🇧🇷', 'BR', 'Brazil', 'Federative Republic of Brazil', 'br', 'Brasil']",[' Brazil'],ans,1
P27_general_SOUTH_AMERICA_368,Teófilo Cubillas,"['🇵🇪', 'pe', 'Peru', 'per', 'Republica del Peru', 'Republic of Peru', 'República del Perú']",[' Peru'],ans,1
P27_general_SOUTH_AMERICA_370,Javier Milei,"['ar', 'AR', 'ARG', 'Arjentina', 'Republic of Argentina', 'Argentine Republic', 'Argentina', '🇦🇷']",[' Argentina'],ans,1
P27_general_SOUTH_AMERICA_372,Juan Carlos Miraglia,"['ar', 'AR', 'ARG', 'Arjentina', 'Republic of Argentina', 'Argentine Republic', 'Argentina', '🇦🇷']",[' Argentina.'],ans,1
P27_general_SOUTH_AMERICA_374,Mario Bunge,"['ar', 'CA', 'AR', 'Dominion of Canada', 'CAN', 'Canada', 'ARG', 'Arjentina', 'Republic of Argentina', 'Argentine Republic', 'Argentina', '🇦🇷', 'British North America']",[' Argentina.'],ans,1
P27_general_SOUTH_AMERICA_376,Nicolás Jarry,"['Republica de Chile', 'cl', 'CHI', '🇨🇱', 'Republic of Chile', 'República de Chile', 'Chile']",[' Chile'],ans,1
P27_general_SOUTH_AMERICA_378,Charles Oliveira,"['BRA', '🇧🇷', 'BR', 'Brazil', 'Federative Republic of Brazil', 'br', 'Brasil']",[' Brazil'],ans,1
P27_general_SOUTH_AMERICA_380,Alejandro Jodorowsky,"['France', 'FR', 'the Hexagon', 'French Republic', 'Republica de Chile', 'fr', 'FRA', 'cl', 'CHI', '🇨🇱', 'Republic of Chile', 'República de Chile', 'Republic of France', 'Chile']",[' Chile'],ans,1
P27_general_SOUTH_AMERICA_382,Marcelo Gallardo,"['ar', 'AR', 'ARG', 'Arjentina', 'Republic of Argentina', 'Argentine Republic', 'Argentina', '🇦🇷']",[' Argentina'],ans,1
P27_general_SOUTH_AMERICA_384,Jaime Valdés,"['Republica de Chile', 'cl', 'CHI', '🇨🇱', 'Republic of Chile', 'República de Chile', 'Chile']",[' Cuba'],ans,0
P27_general_SOUTH_AMERICA_386,Gláucio Ayala,"['BRA', '🇧🇷', 'BR', 'Brazil', 'Federative Republic of Brazil', 'br', 'Brasil']",[' Brazil'],ans,1
P27_general_SOUTH_AMERICA_388,Alberto Canapino,"['ar', 'AR', 'ARG', 'Arjentina', 'Republic of Argentina', 'Argentine Republic', 'Argentina', '🇦🇷']",[' Alberto Canapino is a citizen of Italy.'],ans,0
P27_general_SOUTH_AMERICA_390,Marcos,"['BRA', '🇧🇷', 'BR', 'Brazil', 'Federative Republic of Brazil', 'br', 'Brasil']",[' Philippines'],ans,0
P27_general_SOUTH_AMERICA_392,Tita Merello,"['ar', 'AR', 'ARG', 'Arjentina', 'Republic of Argentina', 'Argentine Republic', 'Argentina', '🇦🇷']",[' Argentina.'],ans,1
P27_general_SOUTH_AMERICA_394,Wanessa Camargo,"['BRA', '🇧🇷', 'BR', 'Brazil', 'Federative Republic of Brazil', 'br', 'Brasil']",[' Brazil'],ans,1
P27_general_SOUTH_AMERICA_396,Andrezza Martins,"['BRA', '🇬🇪', 'Georgia', '🇧🇷', 'Republic of Georgia', 'Georgia (country)', 'GEO', 'BR', 'საქართველო', 'Brazil', 'Federative Republic of Brazil', 'br', 'Sakartvelo', 'GE', 'Brasil']",[' Brazil'],ans,1
P27_general_SOUTH_AMERICA_398,Víctor Ibarbo,"['Colombiá', 'República de Colombia', 'CO', 'ISO 3166-1:CO', 'Republica de Colombia', '🇨🇴', 'COL', 'The Republic of Colombia', 'Colombia', 'Republic of Colombia']",[' Colombia'],ans,1
P27_general_SOUTH_AMERICA_400,Eduardo Frei Ruiz-Tagle,"['CH', 'Confoederatio Helvetica', 'Republica de Chile', 'cl', 'SUI', 'Swiss', 'CHI', 'Switzerland', '🇨🇱', 'Republic of Chile', 'CHE', 'República de Chile', 'Chile', 'Swiss Confederation']",[' Chile'],ans,1
P27_general_SOUTH_AMERICA_402,Gabriela Mistral,"['Republica de Chile', 'cl', 'CHI', '🇨🇱', 'Republic of Chile', 'República de Chile', 'Chile']",[' Chile'],ans,1
P27_general_SOUTH_AMERICA_404,Carlos María de Alvear,"['ar', 'BRA', 'AR', '🇧🇷', 'BR', 'Brazil', 'Federative Republic of Brazil', 'ARG', 'Arjentina', 'Argentine Republic', 'br', 'Republic of Argentina', 'Argentina', '🇦🇷', 'Brasil']",[' Argentina.'],ans,1
P27_general_SOUTH_AMERICA_406,Lyoto Machida,"['BRA', '🇧🇷', 'BR', 'Brazil', 'Federative Republic of Brazil', 'br', 'Brasil']",[' Brazil'],ans,1
P27_general_SOUTH_AMERICA_408,Paulo Garcés,"['Republica de Chile', 'cl', 'CHI', '🇨🇱', 'Republic of Chile', 'República de Chile', 'Chile']",[' Chile.'],ans,1
P27_general_SOUTH_AMERICA_410,José María López,"['ar', 'AR', 'ARG', 'Arjentina', 'Republic of Argentina', 'Argentine Republic', 'Argentina', '🇦🇷']",[' Mexico'],ans,0
P27_general_SOUTH_AMERICA_412,Juan Antonio Rios,"['Republica de Chile', 'cl', 'CHI', '🇨🇱', 'Republic of Chile', 'República de Chile', 'Chile']",[' Chile.'],ans,1
P27_general_SOUTH_AMERICA_414,Moreira Franco,"['BRA', '🇧🇷', 'BR', 'Brazil', 'Federative Republic of Brazil', 'br', 'Brasil']",[' Brazil'],ans,1
P27_general_SOUTH_AMERICA_416,Clarice Lispector,"['BRA', '🇧🇷', 'BR', 'Brazil', 'Federative Republic of Brazil', 'br', 'Brasil']",[' Brazil'],ans,1
P27_general_SOUTH_AMERICA_418,Diego Schwartzman,"['ar', 'AR', 'ARG', 'Arjentina', 'Republic of Argentina', 'Argentine Republic', 'Argentina', '🇦🇷']",[' Argentina'],ans,1
P27_general_SOUTH_AMERICA_420,Enzo Francescoli,"['🇺🇾', 'Oriental Republic of Uruguay', 'Uruguay', 'URU', 'República Oriental del Uruguay', 'uy']",[' Uruguay'],ans,1
P27_general_SOUTH_AMERICA_422,Andrés Avelino Cáceres,"['🇵🇪', 'pe', 'Peru', 'per', 'Republica del Peru', 'Republic of Peru', 'República del Perú']",[' Peru'],ans,1
P27_general_SOUTH_AMERICA_424,"Thomas Cochrane, 10th Earl of Dundonald","['BR', 'cl', 'br', '🇨🇱', 'BRA', 'UKGBI', 'United Kingdom', 'Britain', 'UK', 'República de Chile', 'Great Britain and Ireland', '🇧🇷', 'Republica de Chile', 'CHI', 'Federative Republic of Brazil', 'Republic of Chile', 'Brasil', 'United Kingdom of Great Britain and Ireland', 'GB', 'the United Kingdom', 'Brazil', 'Chile']",[' United Kingdom'],ans,1
P27_general_SOUTH_AMERICA_426,Jorge Rafael Videla,"['ar', 'AR', 'ARG', 'Arjentina', 'Republic of Argentina', 'Argentine Republic', 'Argentina', '🇦🇷']",[' Argentina'],ans,1
P27_general_SOUTH_AMERICA_428,Manuel Rodríguez Erdoíza,"['Republica de Chile', 'cl', 'CHI', '🇨🇱', 'Republic of Chile', 'República de Chile', 'Chile']",[' Chile'],ans,1
P27_general_SOUTH_AMERICA_430,"Gabriel, o Pensador","['BRA', '🇧🇷', 'BR', 'Brazil', 'Federative Republic of Brazil', 'br', 'Brasil']",[' Brazil.'],ans,1
P27_general_SOUTH_AMERICA_432,Landell de Moura,"['BRA', '🇧🇷', 'BR', 'Brazil', 'Federative Republic of Brazil', 'br', 'Brasil']",[' Brazil'],ans,1
P27_general_SOUTH_AMERICA_434,Lenín Moreno,"['The Ecuadorian State', 'EC', 'ecu', '🇪🇨', 'Republic of Ecuador', 'ECU', 'Republic of the Equator', 'Ecuador', 'ec']",[' Ecuador'],ans,1
P27_general_SOUTH_AMERICA_436,Adabel Guerrero,"['ar', 'AR', 'ARG', 'Arjentina', 'Republic of Argentina', 'Argentine Republic', 'Argentina', '🇦🇷']",[' Mexico'],ans,0
P27_general_SOUTH_AMERICA_438,Marjorie Estiano,"['BRA', '🇧🇷', 'BR', 'Brazil', 'Federative Republic of Brazil', 'br', 'Brasil']",[' Brazil'],ans,1
P27_general_SOUTH_AMERICA_440,Jack Guzman,"['Colombiá', 'República de Colombia', 'CO', 'ISO 3166-1:CO', 'Republica de Colombia', '🇨🇴', 'COL', 'The Republic of Colombia', 'Colombia', 'Republic of Colombia']",[' United States.'],ans,0
P27_general_SOUTH_AMERICA_442,Federico Valverde,"['🇺🇾', 'Oriental Republic of Uruguay', 'Uruguay', 'URU', 'República Oriental del Uruguay', 'uy']",[' Uruguay'],ans,1
P27_general_SOUTH_AMERICA_444,Olímpio Mourão Filho,"['BRA', '🇧🇷', 'BR', 'Brazil', 'Federative Republic of Brazil', 'br', 'Brasil']",[' Brazil'],ans,1
P27_general_SOUTH_AMERICA_446,Forbes Burnham,"['Co-operative Republic of Guyana', 'gy', 'Republic of Guyana', '🇬🇾', 'Guyana', 'GUY']",[' Guyana'],ans,1
P27_general_SOUTH_AMERICA_448,Pablo Adrián Guede Barriero,"['ar', 'AR', 'ARG', 'Arjentina', 'Republic of Argentina', 'Argentine Republic', 'Argentina', '🇦🇷']",[' Pablo Adrián Guede Barriero is a citizen of Spain.'],ans,0
P27_general_SOUTH_AMERICA_450,"Luís Alves de Lima e Silva, Duke of Caxias","['BRA', '🇧🇷', 'BR', 'Brazil', 'Federative Republic of Brazil', 'br', 'Brasil']",[' Brazil'],ans,1
P27_general_SOUTH_AMERICA_452,Edir Macedo,"['BRA', '🇧🇷', 'BR', 'Brazil', 'Federative Republic of Brazil', 'br', 'Brasil']",[' Brazil'],ans,1
P27_general_SOUTH_AMERICA_454,Manu Ginóbili,"['ar', 'AR', 'ARG', 'Arjentina', 'Republic of Argentina', 'Argentine Republic', 'Argentina', '🇦🇷']",[' Argentina'],ans,1
P27_general_SOUTH_AMERICA_456,Jô,"['BRA', '🇧🇷', 'BR', 'Brazil', 'Federative Republic of Brazil', 'br', 'Brasil']",[' Brazil'],ans,1
P27_general_SOUTH_AMERICA_458,Emicida,"['BRA', '🇧🇷', 'BR', 'Brazil', 'Federative Republic of Brazil', 'br', 'Brasil']",[' Brazil'],ans,1
P27_general_SOUTH_AMERICA_460,José Rafael Guerra Pinto Coelho,"['BRA', '🇧🇷', 'BR', 'Brazil', 'Federative Republic of Brazil', 'br', 'Brasil']",[' José Rafael Guerra Pinto Coelho is a citizen of Portugal.'],ans,0
P27_general_SOUTH_AMERICA_462,Luz del Fuego,"['BRA', '🇧🇷', 'BR', 'Brazil', 'Federative Republic of Brazil', 'br', 'Brasil']",[' Argentina.'],ans,0
P27_general_SOUTH_AMERICA_464,Carlos Carmona,"['Republica de Chile', 'cl', 'CHI', '🇨🇱', 'Republic of Chile', 'República de Chile', 'Chile']",[' Chile'],ans,1
P27_general_SOUTH_AMERICA_466,Manuela Bravo,"['ar', 'AR', 'ARG', 'Arjentina', 'Republic of Argentina', 'Argentine Republic', 'Argentina', '🇦🇷']",[' Chile'],ans,0
P27_general_SOUTH_AMERICA_468,Daniel Hendler,"['🇺🇾', 'Oriental Republic of Uruguay', 'Uruguay', 'URU', 'República Oriental del Uruguay', 'uy']",[' Chile'],ans,0
P27_general_SOUTH_AMERICA_470,BrTT,"['BRA', '🇧🇷', 'BR', 'Brazil', 'Federative Republic of Brazil', 'br', 'Brasil']",[' BrTT is a citizen of Canada.'],ans,0
P27_general_SOUTH_AMERICA_472,José Lutzenberger,"['BRA', '🇧🇷', 'BR', 'Brazil', 'Federative Republic of Brazil', 'br', 'Brasil']",[' Argentina'],ans,0
P27_general_SOUTH_AMERICA_474,Hulk,"['BRA', '🇧🇷', 'BR', 'Brazil', 'Federative Republic of Brazil', 'br', 'Brasil']",[' HULK A CITIZEN OF USA!'],ans,0
P27_general_SOUTH_AMERICA_476,Alceu Collares,"['BRA', '🇧🇷', 'BR', 'Brazil', 'Federative Republic of Brazil', 'br', 'Brasil']",[' Brazil'],ans,1
P27_general_SOUTH_AMERICA_478,Leia,"['BRA', '🇧🇷', 'BR', 'Brazil', 'Federative Republic of Brazil', 'br', 'Brasil']",[' Leia is a citizen of Alderaan.'],ans,0
P27_general_SOUTH_AMERICA_480,Wilson Simonal,"['BRA', '🇧🇷', 'BR', 'Brazil', 'Federative Republic of Brazil', 'br', 'Brasil']",[' Brazil'],ans,1
P27_general_SOUTH_AMERICA_482,Germán Garmendia,"['Republica de Chile', 'cl', 'CHI', '🇨🇱', 'Republic of Chile', 'República de Chile', 'Chile']",[' Chile'],ans,1
P27_general_SOUTH_AMERICA_484,Ewerthon,"['BRA', '🇧🇷', 'BR', 'Brazil', 'Federative Republic of Brazil', 'br', 'Brasil']",[' Ewerthon is a citizen of Brazil.'],ans,1
P27_general_SOUTH_AMERICA_486,Leonardo da Silva Moura,"['BRA', '🇧🇷', 'BR', 'Brazil', 'Federative Republic of Brazil', 'br', 'Brasil']",[' Brazil'],ans,1
P27_general_SOUTH_AMERICA_488,Francisco Alves,"['BRA', '🇧🇷', 'BR', 'Brazil', 'Federative Republic of Brazil', 'br', 'Brasil']",[' Brazil'],ans,1
P27_general_SOUTH_AMERICA_490,Elize Secomandi Maia,"['BRA', '🇧🇷', 'BR', 'Brazil', 'Federative Republic of Brazil', 'br', 'Brasil']",[' Brazil'],ans,1
P27_general_SOUTH_AMERICA_492,Marcelo,"['Spain', 'BRA', '🇪🇸', '🇧🇷', 'BR', 'Brazil', 'Federative Republic of Brazil', 'Kingdom of Spain', 'br', 'ES', 'ESP', 'Brasil']",[' Argentina'],ans,0
P27_general_SOUTH_AMERICA_494,Vanderlei Luxemburgo,"['BRA', '🇧🇷', 'BR', 'Brazil', 'Federative Republic of Brazil', 'br', 'Brasil']",[' Brazil'],ans,1
P27_general_SOUTH_AMERICA_496,Juan Manuel Vargas,"['🇵🇪', 'pe', 'Peru', 'per', 'Republica del Peru', 'Republic of Peru', 'República del Perú']",[' Peru'],ans,1
P27_general_SOUTH_AMERICA_498,Guillermo Barros Schelotto,"['ar', 'AR', 'ARG', 'Arjentina', 'Republic of Argentina', 'Argentine Republic', 'Argentina', '🇦🇷']",[' Argentina'],ans,1
P27_general_SOUTH_AMERICA_500,Andy Ram,"['Israel', '🇺🇾', 'Oriental Republic of Uruguay', '🇮🇱', 'State of Israel', 'the Jewish state', 'il', 'ISR', 'Uruguay', 'URU', 'República Oriental del Uruguay', 'uy']",[' Israel'],ans,1
P27_general_SOUTH_AMERICA_502,Julián Álvarez,"['ar', 'AR', 'ARG', 'Arjentina', 'Republic of Argentina', 'Argentine Republic', 'Argentina', '🇦🇷']",[' Argentina'],ans,1
P27_general_SOUTH_AMERICA_504,José Miguel Marín,"['ar', 'AR', 'ARG', 'Arjentina', 'Republic of Argentina', 'Argentine Republic', 'Argentina', '🇦🇷']",[' Colombia.'],ans,0
P27_general_SOUTH_AMERICA_506,Mário Pedrosa,"['BRA', '🇧🇷', 'BR', 'Brazil', 'Federative Republic of Brazil', 'br', 'Brasil']",[' Brazil'],ans,1
P27_general_SOUTH_AMERICA_508,Angélica,"['BRA', '🇧🇷', 'BR', 'Brazil', 'Federative Republic of Brazil', 'br', 'Brasil']",[' Brazil'],ans,1
P27_general_SOUTH_AMERICA_510,Eduardo Montes-Bradley,"['the U.S.', 'the U.S.A.', 'United States of America', 'Merica', 'US of A', 'the US', 'Arjentina', 'US', 'the US of A', 'ar', 'United States', 'USA', 'the U.S. of America', 'Argentina', 'the United States', 'U. S. A.', '🇦🇷', 'U.S.A.', 'U.S.', 'U. S.', 'America', 'ARG', 'Argentine Republic', 'the US of America', 'the USA', 'the States', 'AR', 'the U.S. of A', 'US of America', 'U.S. of America', 'Republic of Argentina', 'the United States of America']",[' Chile'],ans,0
P27_general_SOUTH_AMERICA_512,Tito Fleury,"['BRA', '🇧🇷', 'BR', 'Brazil', 'Federative Republic of Brazil', 'br', 'Brasil']",[' Brazil'],ans,1
P27_general_SOUTH_AMERICA_514,Abraham Weintraub,"['BRA', '🇧🇷', 'BR', 'Brazil', 'Federative Republic of Brazil', 'br', 'Brasil']",[' Brazil'],ans,1
P27_general_SOUTH_AMERICA_516,Enzo Fittipaldi,"['BRA', '🇧🇷', 'BR', 'Brazil', 'Federative Republic of Brazil', 'br', 'Brasil']",[' Brazil'],ans,1
P27_general_SOUTH_AMERICA_518,Sérgio Cabral Filho,"['BRA', '🇧🇷', 'BR', 'Brazil', 'Federative Republic of Brazil', 'br', 'Brasil']",[' Brazil'],ans,1
P27_general_SOUTH_AMERICA_520,Bruno Senna,"['BRA', '🇧🇷', 'BR', 'Brazil', 'Federative Republic of Brazil', 'br', 'Brasil']",[' Brazil'],ans,1
P27_general_SOUTH_AMERICA_522,Gustavo Matosas,"['ar', 'AR', '🇺🇾', 'Oriental Republic of Uruguay', 'ARG', 'Arjentina', 'Republic of Argentina', 'Argentine Republic', 'Argentina', '🇦🇷', 'Uruguay', 'URU', 'República Oriental del Uruguay', 'uy']",[' Costa Rica'],ans,0
P27_general_SOUTH_AMERICA_524,Juan David García Bacca,"['Spain', '🇪🇸', 'VE', 'BR Venezuela', 'Venezuela', 'VEN', 'Vzla', 'Estados Unidos de Venezuela', 'Kingdom of Spain', '🇻🇪', 'ES', 'Bolivarian Republic of Venezuela', 'ESP']",[' Colombia.'],ans,0
P27_general_SOUTH_AMERICA_526,José Carlos Chiaramonte,"['ar', 'AR', 'ARG', 'Arjentina', 'Republic of Argentina', 'Argentine Republic', 'Argentina', '🇦🇷']",[' Argentina'],ans,1
P27_general_SOUTH_AMERICA_528,Mauricio Pochettino,"['Spain', '🇪🇸', 'AR', 'ar', 'ARG', 'Arjentina', 'Republic of Argentina', 'Argentine Republic', 'Kingdom of Spain', 'Argentina', 'ES', '🇦🇷', 'ESP']",[' Argentina'],ans,1
P27_general_SOUTH_AMERICA_530,José Luis Sierra,"['Republica de Chile', 'cl', 'CHI', '🇨🇱', 'Republic of Chile', 'República de Chile', 'Chile']",[' Mexico'],ans,0
P27_general_SOUTH_AMERICA_532,Marco Feliciano,"['BRA', '🇧🇷', 'BR', 'Brazil', 'Federative Republic of Brazil', 'br', 'Brasil']",[' Brazil'],ans,1
P27_general_SOUTH_AMERICA_534,Juan Manuel Santos,"['Colombiá', 'República de Colombia', 'CO', 'ISO 3166-1:CO', 'Republica de Colombia', '🇨🇴', 'COL', 'The Republic of Colombia', 'Colombia', 'Republic of Colombia']",[' Colombia.'],ans,1
P27_general_SOUTH_AMERICA_536,Yulimar Rojas,"['VE', 'BR Venezuela', 'Venezuela', 'VEN', 'Vzla', 'Estados Unidos de Venezuela', '🇻🇪', 'Bolivarian Republic of Venezuela']",[' Venezuela'],ans,1
P27_general_SOUTH_AMERICA_538,Iván Arias,"['Bolivia (Plurinational State of)', '🇧🇴', 'Bolivia', 'bol', 'bo', 'Plurinational State of Bolivia', 'BOL', 'Republic of Bolivia']",[' Venezuela'],ans,0
P27_general_SOUTH_AMERICA_540,Alvaro Dias,"['BRA', '🇧🇷', 'BR', 'Brazil', 'Federative Republic of Brazil', 'br', 'Brasil']",[' Brazil'],ans,1
P27_general_SOUTH_AMERICA_542,Diego Portales Palazuelos,"['Republica de Chile', 'cl', 'CHI', '🇨🇱', 'Republic of Chile', 'República de Chile', 'Chile']",[' Chile.'],ans,1
P27_general_SOUTH_AMERICA_544,Luciano da Rocha Neves,"['BRA', '🇧🇷', 'BR', 'Brazil', 'Federative Republic of Brazil', 'br', 'Brasil']",[' Brazil'],ans,1
P27_general_SOUTH_AMERICA_546,Jacobo Timerman,"['ar', 'AR', 'ARG', 'Arjentina', 'Republic of Argentina', 'Argentine Republic', 'Argentina', '🇦🇷']",[' Argentina.'],ans,1
P27_general_SOUTH_AMERICA_548,Elicarlos,"['BRA', '🇧🇷', 'BR', 'Brazil', 'Federative Republic of Brazil', 'br', 'Brasil']",[' Brazil'],ans,1
P27_general_SOUTH_AMERICA_550,Cris Cyborg,"['BRA', '🇧🇷', 'BR', 'Brazil', 'Federative Republic of Brazil', 'br', 'Brasil']",[' Brazil'],ans,1
P27_general_SOUTH_AMERICA_552,Ricardo Lagos,"['Republica de Chile', 'cl', 'CHI', '🇨🇱', 'Republic of Chile', 'República de Chile', 'Chile']",[' Chile'],ans,1
P27_general_SOUTH_AMERICA_554,Wagner Moura,"['BRA', '🇧🇷', 'BR', 'Brazil', 'Federative Republic of Brazil', 'br', 'Brasil']",[' Brazil'],ans,1
P27_general_SOUTH_AMERICA_556,Bruno Soares,"['BRA', '🇧🇷', 'BR', 'Brazil', 'Federative Republic of Brazil', 'br', 'Brasil']",[' Brazil'],ans,1
P27_general_SOUTH_AMERICA_558,Agustín Agualongo,"['Colombiá', 'República de Colombia', 'CO', 'ISO 3166-1:CO', 'Republica de Colombia', '🇨🇴', 'COL', 'The Republic of Colombia', 'Colombia', 'Republic of Colombia']",[' Paraguay'],ans,0
P27_general_SOUTH_AMERICA_560,Marcos Palmeira,"['BRA', '🇧🇷', 'BR', 'Brazil', 'Federative Republic of Brazil', 'br', 'Brasil']",[' Brazil'],ans,1
P27_general_SOUTH_AMERICA_562,Diego Alves,"['ITA', 'Italy', 'BRA', '🇧🇷', 'IT', 'Italia', 'BR', 'Repubblica Italiana', 'Brazil', 'Federative Republic of Brazil', 'Republic of Italy', 'br', 'Italian Republic', '🇮🇹', 'Brasil']",[' Brazil'],ans,1
P27_general_SOUTH_AMERICA_564,Elsa Barber,"['ar', 'AR', 'ARG', 'Arjentina', 'Republic of Argentina', 'Argentine Republic', 'Argentina', '🇦🇷']",[' Sweden'],ans,0
P27_general_SOUTH_AMERICA_566,Roberto Moreno,"['BRA', '🇧🇷', 'BR', 'Brazil', 'Federative Republic of Brazil', 'br', 'Brasil']",[' Brazil'],ans,1
P27_general_SOUTH_AMERICA_568,Ernesto Sábato ..,"['ar', 'AR', 'ARG', 'Arjentina', 'Republic of Argentina', 'Argentine Republic', 'Argentina', '🇦🇷']",[' Argentina.'],ans,1
P27_general_SOUTH_AMERICA_570,Garrincha,"['BRA', '🇧🇷', 'BR', 'Brazil', 'Federative Republic of Brazil', 'br', 'Brasil']",[' Brazil'],ans,1
P27_general_SOUTH_AMERICA_572,Luiz Augusto Gonçalves de Barros Dulinski,"['BRA', '🇧🇷', 'BR', 'Brazil', 'Federative Republic of Brazil', 'br', 'Brasil']",[' Brazil'],ans,1
P27_general_SOUTH_AMERICA_574,Fabrizio Ronchetti,"['🇺🇾', 'Oriental Republic of Uruguay', 'Uruguay', 'URU', 'República Oriental del Uruguay', 'uy']",[' Italy.'],ans,0
P27_general_SOUTH_AMERICA_576,Fernando Rojas Runjaic,"['BRA', '🇧🇷', 'VE', 'BR Venezuela', 'BR', 'Venezuela', 'VEN', 'Brazil', 'Federative Republic of Brazil', 'Estados Unidos de Venezuela', 'Vzla', 'br', '🇻🇪', 'Bolivarian Republic of Venezuela', 'Brasil']",[' Chile'],ans,0
P27_general_SOUTH_AMERICA_578,Gabriel Jesus,"['BRA', '🇧🇷', 'BR', 'Brazil', 'Federative Republic of Brazil', 'br', 'Brasil']",[' Brazil'],ans,1
P27_general_SOUTH_AMERICA_580,Tomás Cipriano de Mosquera,"['Colombiá', 'República de Colombia', 'CO', 'ISO 3166-1:CO', 'Republica de Colombia', '🇨🇴', 'COL', 'The Republic of Colombia', 'Colombia', 'Republic of Colombia']",[' Colombia.'],ans,1
P27_general_SOUTH_AMERICA_582,Fernandinho,"['BRA', '🇧🇷', 'BR', 'Brazil', 'Federative Republic of Brazil', 'br', 'Brasil']",[' Brazil'],ans,1
P27_general_SOUTH_AMERICA_584,Roberto Ampuero,"['Republica de Chile', 'cl', 'CHI', '🇨🇱', 'Republic of Chile', 'República de Chile', 'Chile']",[' Chile.'],ans,1
P27_general_SOUTH_AMERICA_586,Paula Fernandes,"['BRA', '🇧🇷', 'BR', 'Brazil', 'Federative Republic of Brazil', 'br', 'Brasil']",[' Brazil'],ans,1
P27_general_SOUTH_AMERICA_588,Thiago Neves,"['BRA', '🇧🇷', 'BR', 'Brazil', 'Federative Republic of Brazil', 'br', 'Brasil']",[' Brazil'],ans,1
P27_general_SOUTH_AMERICA_590,Bernardo Monteagudo,"['ar', 'AR', 'ARG', 'Arjentina', 'Republic of Argentina', 'Argentine Republic', 'Argentina', '🇦🇷']",[' Uruguay'],ans,0
P27_general_SOUTH_AMERICA_592,Afonso d'Escragnolle Taunay,"['BRA', '🇧🇷', 'BR', 'Brazil', 'Federative Republic of Brazil', 'br', 'Brasil']",[' Brazil'],ans,1
P27_general_SOUTH_AMERICA_594,Diego de Souza Andrade,"['BRA', '🇧🇷', 'BR', 'Brazil', 'Federative Republic of Brazil', 'br', 'Brasil']",[' Brazil'],ans,1
P27_general_SOUTH_AMERICA_596,Francisco de Miranda,"['Spain', '🇪🇸', 'VE', 'BR Venezuela', 'Venezuela', 'VEN', 'Vzla', 'Estados Unidos de Venezuela', 'Kingdom of Spain', '🇻🇪', 'ES', 'Bolivarian Republic of Venezuela', 'ESP']",[' Venezuela.'],ans,1
P27_general_SOUTH_AMERICA_598,Jânio Quadros,"['BRA', '🇧🇷', 'BR', 'Brazil', 'Federative Republic of Brazil', 'br', 'Brasil']",[' Brazil'],ans,1
P27_general_SOUTH_AMERICA_600,Marieta Severo,"['BRA', '🇧🇷', 'BR', 'Brazil', 'Federative Republic of Brazil', 'br', 'Brasil']",[' Mexico'],ans,0
P27_general_SOUTH_AMERICA_602,Rodrigo Palacio,"['ar', 'AR', 'ARG', 'Arjentina', 'Republic of Argentina', 'Argentine Republic', 'Argentina', '🇦🇷']",[' Argentina.'],ans,1
P27_general_SOUTH_AMERICA_604,Roberto Durán,"['ar', 'AR', 'ARG', 'Arjentina', 'Republic of Argentina', 'Argentine Republic', 'Argentina', '🇦🇷']",[' Panama'],ans,0
P27_general_SOUTH_AMERICA_606,André Heller,"['BRA', '🇧🇷', 'BR', 'Brazil', 'Federative Republic of Brazil', 'br', 'Brasil']",[' Austria'],ans,0
P27_general_SOUTH_AMERICA_608,Marquinhos,"['BRA', 'PT', '🇵🇹', '🇧🇷', 'BR', 'PRT', 'POR', 'Brazil', 'Federative Republic of Brazil', 'Portugal', 'br', 'Portuguese Republic', 'Brasil']",[' Brazil'],ans,1
P27_general_SOUTH_AMERICA_610,Narciso Horacio Doval,"['ar', 'BRA', 'AR', '🇧🇷', 'BR', 'Brazil', 'Federative Republic of Brazil', 'ARG', 'Arjentina', 'Argentine Republic', 'br', 'Republic of Argentina', 'Argentina', '🇦🇷', 'Brasil']",[' Cuba.'],ans,0
P27_general_SOUTH_AMERICA_612,Federico Sturzenegger,"['ar', 'AR', 'ARG', 'Arjentina', 'Republic of Argentina', 'Argentine Republic', 'Argentina', '🇦🇷']",[' Argentina'],ans,1
P27_general_SOUTH_AMERICA_614,Fernando Belaúnde Terry,"['🇵🇪', 'pe', 'Peru', 'per', 'Republica del Peru', 'Republic of Peru', 'República del Perú']",[' Peru'],ans,1
P27_general_SOUTH_AMERICA_616,Antonio Valencia,"['The Ecuadorian State', 'EC', 'ecu', '🇪🇨', 'Republic of Ecuador', 'ECU', 'Republic of the Equator', 'Ecuador', 'ec']",[' Ecuador'],ans,1
P27_general_SOUTH_AMERICA_618,Virgilio Barco Vargas,"['Colombiá', 'República de Colombia', 'CO', 'ISO 3166-1:CO', 'Republica de Colombia', '🇨🇴', 'COL', 'The Republic of Colombia', 'Colombia', 'Republic of Colombia']",[' Colombia'],ans,1
P27_general_SOUTH_AMERICA_620,Everton Ribeiro,"['BRA', '🇧🇷', 'BR', 'Brazil', 'Federative Republic of Brazil', 'br', 'Brasil']",[' Brazil'],ans,1
P27_general_SOUTH_AMERICA_622,Joaquim Marques Lisboa,"['BRA', '🇧🇷', 'BR', 'Brazil', 'Federative Republic of Brazil', 'br', 'Brasil']",[' Brazil'],ans,1
P27_general_SOUTH_AMERICA_624,Juan Gelman,"['Bolivia (Plurinational State of)', '🇧🇴', 'Bolivia', 'bol', 'bo', 'Plurinational State of Bolivia', 'BOL', 'Republic of Bolivia']",[' Argentina.'],ans,0
P27_general_SOUTH_AMERICA_626,Aldo leao Ramírez,"['Colombiá', 'República de Colombia', 'CO', 'ISO 3166-1:CO', 'Republica de Colombia', '🇨🇴', 'COL', 'The Republic of Colombia', 'Colombia', 'Republic of Colombia']",[' Colombia'],ans,1
P27_general_SOUTH_AMERICA_628,Cristopher Toselli,"['Republica de Chile', 'cl', 'CHI', '🇨🇱', 'Republic of Chile', 'República de Chile', 'Chile']",[' Argentina'],ans,0
P27_general_SOUTH_AMERICA_630,Willian,"['BRA', '🇧🇷', 'BR', 'Brazil', 'Federative Republic of Brazil', 'br', 'Brasil']",[' Brazil'],ans,1
P27_general_SOUTH_AMERICA_632,Lucas Paquetá,"['BRA', '🇧🇷', 'BR', 'Brazil', 'Federative Republic of Brazil', 'br', 'Brasil']",[' Brazil'],ans,1
P27_general_SOUTH_AMERICA_634,Andre Cortazar,"['ar', 'AR', 'France', 'FR', 'the Hexagon', 'fr', 'FRA', 'ARG', 'Arjentina', 'Republic of Argentina', 'Argentine Republic', 'Argentina', '🇦🇷', 'Republic of France', 'French Republic']",[' Argentina'],ans,1
P27_general_SOUTH_AMERICA_636,Álvaro Gómez Hurtado,"['Colombiá', 'República de Colombia', 'CO', 'ISO 3166-1:CO', 'Republica de Colombia', '🇨🇴', 'COL', 'The Republic of Colombia', 'Colombia', 'Republic of Colombia']",[' Colombia'],ans,1
P27_general_SOUTH_AMERICA_638,Estefanía Banini,"['ar', 'AR', 'ARG', 'Arjentina', 'Republic of Argentina', 'Argentine Republic', 'Argentina', '🇦🇷']",[' Argentina.'],ans,1
P27_general_SOUTH_AMERICA_640,Susan Ochoa,"['🇵🇪', 'pe', 'Peru', 'per', 'Republica del Peru', 'Republic of Peru', 'República del Perú']",[' Mexico'],ans,0
P27_general_SOUTH_AMERICA_642,Deodoro da Fonseca,"['BRA', '🇧🇷', 'BR', 'Brazil', 'Federative Republic of Brazil', 'br', 'Brasil']",[' Brazil'],ans,1
P27_general_SOUTH_AMERICA_644,Felipe González,"['Spain', '🇪🇸', 'The Republic of Colombia', 'ESP', 'Republica Dominicana', 'Colombiá', 'República de Colombia', 'CO', 'República Dominicana', 'Kingdom of Spain', 'Dominicana', 'Republica de Colombia', 'RD', 'Colombia', 'Dominican Republic', '🇩🇴', 'ISO 3166-1:CO', '🇨🇴', 'COL', 'DR', 'DO', 'ES', 'Republic of Colombia']",[' Spain.'],ans,1
P27_general_SOUTH_AMERICA_646,Juan Lamberti,"['ar', 'AR', 'ARG', 'Arjentina', 'Republic of Argentina', 'Argentine Republic', 'Argentina', '🇦🇷']",[' Argentina.'],ans,1
P27_general_SOUTH_AMERICA_648,Lucas Moura,"['BRA', '🇧🇷', 'BR', 'Brazil', 'Federative Republic of Brazil', 'br', 'Brasil']",[' Brazil'],ans,1
P27_general_SOUTH_AMERICA_650,Ingrid Betancourt,"['France', 'FRA', 'The Republic of Colombia', '🇸🇨', 'Seychelles', 'Colombiá', 'República de Colombia', 'CO', 'Republic of France', 'fr', 'Republica de Colombia', 'Colombia', 'French Republic', 'sc', 'FR', 'the Hexagon', 'Republic of Seychelles', 'ISO 3166-1:CO', '🇨🇴', 'COL', 'SEY', 'Republic of Colombia']",[' Colombia'],ans,1
P27_general_SOUTH_AMERICA_652,Ricardo Pashkus,"['ar', 'AR', 'ARG', 'Arjentina', 'Republic of Argentina', 'Argentine Republic', 'Argentina', '🇦🇷']",[' Argentina.'],ans,1
P27_general_SOUTH_AMERICA_654,Susana Villarán,"['🇵🇪', 'pe', 'Peru', 'per', 'Republica del Peru', 'Republic of Peru', 'República del Perú']",[' Peru'],ans,1
P27_general_SOUTH_AMERICA_656,Juan Asenjo,"['Republica de Chile', 'cl', 'CHI', '🇨🇱', 'Republic of Chile', 'República de Chile', 'Chile']",[' Spain.'],ans,0
P27_general_SOUTH_AMERICA_658,Rebeca Delgado,"['Bolivia (Plurinational State of)', '🇧🇴', 'Bolivia', 'bol', 'bo', 'Plurinational State of Bolivia', 'BOL', 'Republic of Bolivia']",[' Mexico'],ans,0
P27_general_SOUTH_AMERICA_660,Esteban Guerrieri,"['ar', 'AR', 'ARG', 'Arjentina', 'Republic of Argentina', 'Argentine Republic', 'Argentina', '🇦🇷']",[' Argentina'],ans,1
P27_general_SOUTH_AMERICA_662,Jackson Martínez,"['Colombiá', 'República de Colombia', 'CO', 'ISO 3166-1:CO', 'Republica de Colombia', '🇨🇴', 'COL', 'The Republic of Colombia', 'Colombia', 'Republic of Colombia']",[' Colombia'],ans,1
P27_general_SOUTH_AMERICA_664,Patricio Aylwin,"['Republica de Chile', 'cl', 'CHI', '🇨🇱', 'Republic of Chile', 'República de Chile', 'Chile']",[' Chile'],ans,1
P27_general_SOUTH_AMERICA_666,David Nalbandian,"['ar', '🇦🇲', 'AR', 'Armenia', 'Hayastani Hanrapetut’yun', 'AM', '🇦🇷', 'Republic of Armenia', 'ARG', 'Hayastan', 'Arjentina', 'Argentine Republic', 'Republic of Argentina', 'Argentina', 'Հայաստանի Հանրապետություն', 'ARM']",[' Argentina'],ans,1
P27_general_SOUTH_AMERICA_668,Elías Figueroa,"['Republica de Chile', 'cl', 'CHI', '🇨🇱', 'Republic of Chile', 'República de Chile', 'Chile']",[' Chile'],ans,1
P27_general_SOUTH_AMERICA_670,Axel Kicillof,"['ar', 'AR', 'ARG', 'Arjentina', 'Republic of Argentina', 'Argentine Republic', 'Argentina', '🇦🇷']",[' Argentina'],ans,1
P27_general_SOUTH_AMERICA_672,Adriano,"['BRA', '🇧🇷', 'BR', 'Brazil', 'Federative Republic of Brazil', 'br', 'Brasil']",[' Brazil.'],ans,1
P27_general_SOUTH_AMERICA_674,Fernando Espuelas,"['🇺🇾', 'Oriental Republic of Uruguay', 'Uruguay', 'URU', 'República Oriental del Uruguay', 'uy']",[' Argentina'],ans,0
P27_general_SOUTH_AMERICA_676,Leandro Romagnoli,"['ar', '🇵🇹', 'AR', 'PRT', 'POR', 'ARG', 'Arjentina', 'Republic of Argentina', 'Argentine Republic', 'Portugal', 'PT', 'Argentina', '🇦🇷', 'Portuguese Republic']",[' Argentina.'],ans,1
P27_general_SOUTH_AMERICA_678,José Alencar,"['BRA', '🇧🇷', 'BR', 'Brazil', 'Federative Republic of Brazil', 'br', 'Brasil']",[' Brazil'],ans,1
P27_general_SOUTH_AMERICA_680,Elza Soares,"['BRA', '🇧🇷', 'BR', 'Brazil', 'Federative Republic of Brazil', 'br', 'Brasil']",[' Brazil'],ans,1
P27_general_SOUTH_AMERICA_682,Roberto Firmino,"['BRA', '🇧🇷', 'BR', 'Brazil', 'Federative Republic of Brazil', 'br', 'Brasil']",[' Brazil'],ans,1
P27_general_SOUTH_AMERICA_684,Welliton,"['BRA', '🇧🇷', 'BR', 'Brazil', 'Federative Republic of Brazil', 'br', 'Brasil']",[' Brazil'],ans,1
P27_general_SOUTH_AMERICA_686,Carlos Pellegrini,"['Spain', '🇪🇸', 'AR', 'ar', 'ARG', 'Arjentina', 'Republic of Argentina', 'Argentine Republic', 'Kingdom of Spain', 'Argentina', 'ES', '🇦🇷', 'ESP']",[' Argentina'],ans,1
P27_general_SOUTH_AMERICA_688,Felipe Caicedo,"['Spain', '🇪🇸', 'The Ecuadorian State', 'EC', 'ecu', '🇪🇨', 'Republic of Ecuador', 'Kingdom of Spain', 'ECU', 'Republic of the Equator', 'ES', 'Ecuador', 'ESP', 'ec']",[' Ecuador.'],ans,1
P27_general_SOUTH_AMERICA_690,Miguel Tapia,"['Republica de Chile', 'cl', 'CHI', '🇨🇱', 'Republic of Chile', 'República de Chile', 'Chile']",[' Chile'],ans,1
P27_general_SOUTH_AMERICA_692,José Dirceu,"['BRA', '🇧🇷', 'BR', 'Brazil', 'Federative Republic of Brazil', 'br', 'Brasil']",[' Brazil'],ans,1
P27_general_SOUTH_AMERICA_694,Rafael Uribe Uribe,"['Colombiá', 'República de Colombia', 'CO', 'ISO 3166-1:CO', 'Republica de Colombia', '🇨🇴', 'COL', 'The Republic of Colombia', 'Colombia', 'Republic of Colombia']",[' Colombia'],ans,1
P27_general_SOUTH_AMERICA_696,Jorge Muñoz,"['🇵🇪', 'pe', 'Peru', 'per', 'Republica del Peru', 'Republic of Peru', 'República del Perú']",[' Chile'],ans,0
P27_general_SOUTH_AMERICA_698,Gabriel Batistuta,"['ar', 'AR', 'ARG', 'Arjentina', 'Republic of Argentina', 'Argentine Republic', 'Argentina', '🇦🇷']",[' Argentina.'],ans,1
P27_general_SOUTH_AMERICA_700,Jesús Manuel Jáuregui Moreno,"['VE', 'BR Venezuela', 'Venezuela', 'VEN', 'Vzla', 'Estados Unidos de Venezuela', '🇻🇪', 'Bolivarian Republic of Venezuela']",[' Mexico'],ans,0
P27_general_SOUTH_AMERICA_702,Claudia Ledesma Abdala de Zamora,"['ar', 'AR', 'ARG', 'Arjentina', 'Republic of Argentina', 'Argentine Republic', 'Argentina', '🇦🇷']",[' Claudia Ledesma Abdala de Zamora is a citizen of Argentina.'],ans,1
P27_general_SOUTH_AMERICA_704,Javier Zanetti,"['ar', 'AR', 'ARG', 'Arjentina', 'Republic of Argentina', 'Argentine Republic', 'Argentina', '🇦🇷']",[' Argentina'],ans,1
P27_general_SOUTH_AMERICA_706,Renato Gaúcho,"['BRA', '🇧🇷', 'BR', 'Brazil', 'Federative Republic of Brazil', 'br', 'Brasil']",[' Brazil'],ans,1
P27_general_SOUTH_AMERICA_708,Ludmilla,"['BRA', '🇧🇷', 'BR', 'Brazil', 'Federative Republic of Brazil', 'br', 'Brasil']",[' Russia'],ans,0
P27_general_SOUTH_AMERICA_710,Ivan Valente,"['BRA', '🇧🇷', 'BR', 'Brazil', 'Federative Republic of Brazil', 'br', 'Brasil']",[' Ivan Valente is a citizen of Brazil.'],ans,1
P27_general_SOUTH_AMERICA_712,Jorge Batlle Ibáñez,"['🇺🇾', 'Oriental Republic of Uruguay', 'Uruguay', 'URU', 'República Oriental del Uruguay', 'uy']",[' Uruguay'],ans,1
P27_general_SOUTH_AMERICA_714,Renan Soares Reuter,"['BRA', '🇧🇷', 'BR', 'Brazil', 'Federative Republic of Brazil', 'br', 'Brasil']",[' Brazil'],ans,1
P27_general_SOUTH_AMERICA_716,Richarlison,"['BRA', '🇧🇷', 'BR', 'Brazil', 'Federative Republic of Brazil', 'br', 'Brasil']",[' Brazil'],ans,1
P27_general_SOUTH_AMERICA_718,Luís Gama,"['BRA', '🇧🇷', 'BR', 'Brazil', 'Federative Republic of Brazil', 'br', 'Brasil']",[' Portugal.'],ans,0
P27_general_SOUTH_AMERICA_720,Chico Xavier,"['BRA', '🇧🇷', 'BR', 'Brazil', 'Federative Republic of Brazil', 'br', 'Brasil']",[' Brazil'],ans,1
P27_general_SOUTH_AMERICA_722,Marcos Evangelista Pérez Jiménez,"['VE', 'BR Venezuela', 'Venezuela', 'VEN', 'Vzla', 'Estados Unidos de Venezuela', '🇻🇪', 'Bolivarian Republic of Venezuela']",[' Venezuela'],ans,1
P27_general_SOUTH_AMERICA_724,Juan DeBiedma,"['the U.S.', 'the U.S.A.', 'United States of America', 'Merica', 'US of A', 'the US', 'Arjentina', 'US', 'the US of A', 'ar', 'United States', 'USA', 'the U.S. of America', 'Argentina', 'the United States', 'U. S. A.', '🇦🇷', 'U.S.A.', 'U.S.', 'U. S.', 'America', 'ARG', 'Argentine Republic', 'the US of America', 'the USA', 'the States', 'AR', 'the U.S. of A', 'US of America', 'U.S. of America', 'Republic of Argentina', 'the United States of America']",[' Argentina'],ans,1
P27_general_SOUTH_AMERICA_726,Matías Almeyda,"['ar', 'AR', 'ARG', 'Arjentina', 'Republic of Argentina', 'Argentine Republic', 'Argentina', '🇦🇷']",[' Chile'],ans,0
P27_general_SOUTH_AMERICA_728,Fábio Deivson Lopes Maciel,"['ITA', 'Italy', 'BRA', '🇧🇷', 'IT', 'Italia', 'BR', 'Repubblica Italiana', 'Brazil', 'Federative Republic of Brazil', 'Republic of Italy', 'br', 'Italian Republic', '🇮🇹', 'Brasil']",[' Brazil'],ans,1
P27_general_SOUTH_AMERICA_730,Bruno Henrique,"['BRA', '🇧🇷', 'BR', 'Brazil', 'Federative Republic of Brazil', 'br', 'Brasil']",[' Brazil'],ans,1
P27_general_SOUTH_AMERICA_732,Vanessa Giácomo,"['BRA', '🇧🇷', 'BR', 'Brazil', 'Federative Republic of Brazil', 'br', 'Brasil']",[' Brazil'],ans,1
P27_general_SOUTH_AMERICA_734,Gusttavo Lima,"['BRA', '🇧🇷', 'BR', 'Brazil', 'Federative Republic of Brazil', 'br', 'Brasil']",[' Brazil'],ans,1
P27_general_SOUTH_AMERICA_736,José Cura,"['ar', 'AR', 'ARG', 'Arjentina', 'Republic of Argentina', 'Argentine Republic', 'Argentina', '🇦🇷']",[' Argentina'],ans,1
P27_general_SOUTH_AMERICA_738,José María Torres Caicedo,"['Colombiá', 'República de Colombia', 'CO', 'ISO 3166-1:CO', 'Republica de Colombia', '🇨🇴', 'COL', 'The Republic of Colombia', 'Colombia', 'Republic of Colombia']",[' Colombia.'],ans,1
P27_general_SOUTH_AMERICA_740,Mariano Recalde,"['ar', 'AR', 'ARG', 'Arjentina', 'Republic of Argentina', 'Argentine Republic', 'Argentina', '🇦🇷']",[' Argentina'],ans,1
P27_general_SOUTH_AMERICA_742,Marta,"['BRA', 'Kingdom of Sweden', '🇧🇷', 'Konungariket Sverige', 'BR', 'se', 'SWE', 'Sverige', 'Brazil', 'Federative Republic of Brazil', '🇸🇪', 'br', 'Sweden', 'SE', 'Brasil']",[' Brazil'],ans,1
P27_general_SOUTH_AMERICA_744,Alba Marina Cotes,"['Colombiá', 'República de Colombia', 'CO', 'ISO 3166-1:CO', 'Republica de Colombia', '🇨🇴', 'COL', 'The Republic of Colombia', 'Colombia', 'Republic of Colombia']",[' Scotland.'],ans,0
P27_general_SOUTH_AMERICA_746,Cacá Bueno,"['BRA', '🇧🇷', 'BR', 'Brazil', 'Federative Republic of Brazil', 'br', 'Brasil']",[' Brazil'],ans,1
P27_general_SOUTH_AMERICA_748,Ollanta Humala,"['🇵🇪', 'pe', 'Peru', 'per', 'Republica del Peru', 'Republic of Peru', 'República del Perú']",[' Peru'],ans,1
P27_general_SOUTH_AMERICA_750,Lampião,"['BRA', '🇧🇷', 'BR', 'Brazil', 'Federative Republic of Brazil', 'br', 'Brasil']",[' Brazil.'],ans,1
P27_general_SOUTH_AMERICA_752,Gustavo Rojas Pinilla,"['Colombiá', 'República de Colombia', 'CO', 'ISO 3166-1:CO', 'Republica de Colombia', '🇨🇴', 'COL', 'The Republic of Colombia', 'Colombia', 'Republic of Colombia']",[' Colombia.'],ans,1
P27_general_SOUTH_AMERICA_754,Selton Mello,"['BRA', '🇧🇷', 'BR', 'Brazil', 'Federative Republic of Brazil', 'br', 'Brasil']",[' Brazil'],ans,1
P27_general_SOUTH_AMERICA_756,José Manuel de la Reza,"['Bolivia (Plurinational State of)', '🇧🇴', 'Bolivia', 'bol', 'bo', 'Plurinational State of Bolivia', 'BOL', 'Republic of Bolivia']",[' Spain.'],ans,0
P27_general_SOUTH_AMERICA_758,Isidora Jiménez,"['Republica de Chile', 'cl', 'CHI', '🇨🇱', 'Republic of Chile', 'República de Chile', 'Chile']",[' Colombia'],ans,0
P27_general_SOUTH_AMERICA_760,Christian Benítez,"['The Republic of Colombia', 'ECU', 'ec', 'The Ecuadorian State', 'Colombiá', 'República de Colombia', 'CO', '🇪🇨', 'Ecuador', 'Republica de Colombia', 'Republic of Ecuador', 'Colombia', 'EC', 'ecu', 'ISO 3166-1:CO', '🇨🇴', 'COL', 'Republic of the Equator', 'Republic of Colombia']",[' Christian Benítez is a citizen of Ecuador.'],ans,1
P27_general_SOUTH_AMERICA_762,Wilson José Witzel,"['BRA', '🇧🇷', 'BR', 'Brazil', 'Federative Republic of Brazil', 'br', 'Brasil']",[' Brazil'],ans,1
P27_general_SOUTH_AMERICA_764,Rebeca Andrade,"['BRA', '🇧🇷', 'BR', 'Brazil', 'Federative Republic of Brazil', 'br', 'Brasil']",[' Brazil'],ans,1
P27_general_SOUTH_AMERICA_766,Christian Fittipaldi,"['BRA', '🇧🇷', 'BR', 'Brazil', 'Federative Republic of Brazil', 'br', 'Brasil']",[' Brazil'],ans,1
P27_general_SOUTH_AMERICA_768,Óscar Cardozo,"['Paraguay', 'Republic of Paraguay', '🇵🇾', 'py', 'pry', 'Heart of South America']",[' Paraguay'],ans,1
P27_general_SOUTH_AMERICA_770,Gerson Santos da Silva,"['BRA', '🇧🇷', 'BR', 'Brazil', 'Federative Republic of Brazil', 'br', 'Brasil']",[' Brazil'],ans,1
P27_general_SOUTH_AMERICA_772,Saymon Barbosa Santos,"['BRA', '🇧🇷', 'BR', 'Brazil', 'Federative Republic of Brazil', 'br', 'Brasil']",[' Brazil'],ans,1
P27_general_SOUTH_AMERICA_774,Cuca,"['BRA', '🇧🇷', 'BR', 'Brazil', 'Federative Republic of Brazil', 'br', 'Brasil']",[' Brazil'],ans,1
P27_general_SOUTH_AMERICA_776,Natalia Duco,"['Republica de Chile', 'cl', 'CHI', '🇨🇱', 'Republic of Chile', 'República de Chile', 'Chile']",[' Brazil'],ans,0
P27_general_SOUTH_AMERICA_778,Eliana Gallegas,"['Bolivia (Plurinational State of)', '🇧🇴', 'Bolivia', 'bol', 'bo', 'Plurinational State of Bolivia', 'BOL', 'Republic of Bolivia']",[' Chile'],ans,0
P27_general_SOUTH_AMERICA_780,María Irigoyen,"['ar', 'AR', 'ARG', 'Arjentina', 'Republic of Argentina', 'Argentine Republic', 'Argentina', '🇦🇷']",[' Argentina.'],ans,1
P27_general_SOUTH_AMERICA_782,Kika Tristão,"['BRA', '🇧🇷', 'BR', 'Brazil', 'Federative Republic of Brazil', 'br', 'Brasil']",[' Brazil'],ans,1
P27_general_SOUTH_AMERICA_784,Aracy de Almeida,"['BRA', '🇧🇷', 'BR', 'Brazil', 'Federative Republic of Brazil', 'br', 'Brasil']",[' Brazil'],ans,1
P27_general_SOUTH_AMERICA_786,Sergio Martínez,"['ar', 'AR', 'ARG', 'Arjentina', 'Republic of Argentina', 'Argentine Republic', 'Argentina', '🇦🇷']",[' Argentina.'],ans,1
P27_general_SOUTH_AMERICA_788,Elba Ramalho,"['BRA', '🇧🇷', 'BR', 'Brazil', 'Federative Republic of Brazil', 'br', 'Brasil']",[' Brazil'],ans,1
P27_general_SOUTH_AMERICA_790,Patrícia Pillar,"['BRA', '🇧🇷', 'BR', 'Brazil', 'Federative Republic of Brazil', 'br', 'Brasil']",[' Brazil'],ans,1
P27_general_SOUTH_AMERICA_792,Mariano Ignacio Prado,"['🇵🇪', 'pe', 'Peru', 'per', 'Republica del Peru', 'Republic of Peru', 'República del Perú']",[' Peru'],ans,1
P27_general_SOUTH_AMERICA_794,Cássia Kis,"['BRA', '🇧🇷', 'BR', 'Brazil', 'Federative Republic of Brazil', 'br', 'Brasil']",[' Brazil'],ans,1
P27_general_SOUTH_AMERICA_796,Trueno,"['ar', 'AR', 'ARG', 'Arjentina', 'Republic of Argentina', 'Argentine Republic', 'Argentina', '🇦🇷']",[' Brazil.'],ans,0
P27_general_SOUTH_AMERICA_798,Erika Hilton,"['BRA', '🇧🇷', 'BR', 'Brazil', 'Federative Republic of Brazil', 'br', 'Brasil']",[' Erika Hilton is a citizen of Australia.'],ans,0
P27_general_SOUTH_AMERICA_800,Cantante bamba,"['🇵🇪', 'pe', 'Peru', 'per', 'Republica del Peru', 'Republic of Peru', 'República del Perú']",[' Brazil.'],ans,0
P27_general_SOUTH_AMERICA_802,Adhemar de Barros,"['BRA', '🇧🇷', 'BR', 'Brazil', 'Federative Republic of Brazil', 'br', 'Brasil']",[' Brazil'],ans,1
P27_general_SOUTH_AMERICA_804,Armando Reverón,"['VE', 'BR Venezuela', 'Venezuela', 'VEN', 'Vzla', 'Estados Unidos de Venezuela', '🇻🇪', 'Bolivarian Republic of Venezuela']",[' Venezuela'],ans,1
P27_general_SOUTH_AMERICA_806,Maria Helena,"['BRA', '🇧🇷', 'BR', 'Brazil', 'Federative Republic of Brazil', 'br', 'Brasil']",[' Brazil'],ans,1
P27_general_SOUTH_AMERICA_808,Tareck El Aissami,"['VE', 'BR Venezuela', 'Venezuela', 'VEN', 'Vzla', 'Estados Unidos de Venezuela', '🇻🇪', 'Bolivarian Republic of Venezuela']",[' Venezuela'],ans,1
P27_general_SOUTH_AMERICA_810,Osvaldo Artaza,"['Republica de Chile', 'cl', 'CHI', '🇨🇱', 'Republic of Chile', 'República de Chile', 'Chile']",[' Argentina'],ans,0
P27_general_SOUTH_AMERICA_812,José Manuel Estrada,"['ar', 'AR', 'ARG', 'Arjentina', 'Republic of Argentina', 'Argentine Republic', 'Argentina', '🇦🇷']",[' José Manuel Estrada is a citizen of Spain.'],ans,0
P27_general_SOUTH_AMERICA_814,Débora Falabella,"['BRA', '🇧🇷', 'BR', 'Brazil', 'Federative Republic of Brazil', 'br', 'Brasil']",[' Brazil'],ans,1
P27_general_SOUTH_AMERICA_816,Michel Mejía de Teló,"['BRA', '🇧🇷', 'BR', 'Brazil', 'Federative Republic of Brazil', 'br', 'Brasil']",[' Brazil'],ans,1
P27_general_SOUTH_AMERICA_818,Juanes,"['Colombiá', 'República de Colombia', 'CO', 'ISO 3166-1:CO', 'Republica de Colombia', '🇨🇴', 'COL', 'The Republic of Colombia', 'Colombia', 'Republic of Colombia']",[' Colombia.'],ans,1
P27_general_SOUTH_AMERICA_820,Marcelo Herrera,"['ar', 'AR', 'ARG', 'Arjentina', 'Republic of Argentina', 'Argentine Republic', 'Argentina', '🇦🇷']",[' Argentina'],ans,1
P27_general_SOUTH_AMERICA_822,Agustín Gamarra,"['🇵🇪', 'pe', 'Peru', 'per', 'Republica del Peru', 'Republic of Peru', 'República del Perú']",[' Peru'],ans,1
P27_general_SOUTH_AMERICA_824,Demian Maia,"['BRA', '🇧🇷', 'BR', 'Brazil', 'Federative Republic of Brazil', 'br', 'Brasil']",[' Brazil'],ans,1
P27_general_SOUTH_AMERICA_826,Nicolás de Piérola,"['🇵🇪', 'pe', 'Peru', 'per', 'Republica del Peru', 'Republic of Peru', 'República del Perú']",[' Peru'],ans,1
P27_general_SOUTH_AMERICA_828,Dudu Cearense,"['BRA', '🇧🇷', 'BR', 'Brazil', 'Federative Republic of Brazil', 'br', 'Brasil']",[' Brazil'],ans,1
P27_general_SOUTH_AMERICA_830,José María Arguedas,"['🇵🇪', 'pe', 'Peru', 'per', 'Republica del Peru', 'Republic of Peru', 'República del Perú']",[' Peru'],ans,1
P27_general_SOUTH_AMERICA_832,Bryan Rabello,"['Republic of Poland', 'POL', '🇵🇱', 'Republica de Chile', 'cl', 'CHI', 'PL', '🇨🇱', 'Republic of Chile', 'República de Chile', 'Chile', 'Polska', 'Poland']",[' Chile'],ans,1
P27_general_SOUTH_AMERICA_834,Luis A. Eguiguren,"['🇵🇪', 'pe', 'Peru', 'per', 'Republica del Peru', 'Republic of Peru', 'República del Perú']",[' Peru'],ans,1
P27_general_SOUTH_AMERICA_836,Rita Lee,"['BRA', '🇧🇷', 'BR', 'Brazil', 'Federative Republic of Brazil', 'br', 'Brasil']",[' Brazil'],ans,1
P27_general_SOUTH_AMERICA_838,Rodrigo Ruiz,"['Republica de Chile', 'cl', 'CHI', '🇨🇱', 'Republic of Chile', 'República de Chile', 'Chile']",[' Mexico'],ans,0
P27_general_SOUTH_AMERICA_840,Paulo Centurión,"['ar', 'AR', 'ARG', 'Arjentina', 'Republic of Argentina', 'Argentine Republic', 'Argentina', '🇦🇷']",[' Argentina.'],ans,1
P27_general_SOUTH_AMERICA_842,Iván Duque,"['Colombiá', 'República de Colombia', 'CO', 'ISO 3166-1:CO', 'Republica de Colombia', '🇨🇴', 'COL', 'The Republic of Colombia', 'Colombia', 'Republic of Colombia']",[' Colombia.'],ans,1
P27_general_SOUTH_AMERICA_844,Miguel Bosé,"['Spain', 'Panama', '🇪🇸', 'The Republic of Colombia', 'Italian Republic', '🇵🇦', 'ESP', 'Italy', 'Colombiá', 'República de Colombia', 'CO', 'Republic of Italy', 'Kingdom of Spain', 'Republic of Panama', 'Repubblica Italiana', 'Republica de Colombia', 'pa', '🇮🇹', 'Colombia', 'ITA', 'IT', 'Italia', '🇨🇴', 'ISO 3166-1:CO', 'COL', 'ES', 'Republic of Colombia']",[' Spain.'],ans,1
P27_general_SOUTH_AMERICA_846,Juan Cuadrado,"['Colombiá', 'República de Colombia', 'CO', 'ISO 3166-1:CO', 'Republica de Colombia', '🇨🇴', 'COL', 'The Republic of Colombia', 'Colombia', 'Republic of Colombia']",[' Colombia'],ans,1
P27_general_SOUTH_AMERICA_848,Erik Lamela,"['ar', 'AR', 'ARG', 'Arjentina', 'Republic of Argentina', 'Argentine Republic', 'Argentina', '🇦🇷']",[' Argentina'],ans,1
P27_general_SOUTH_AMERICA_850,Anderson,"['BRA', '🇧🇷', 'BR', 'Brazil', 'Federative Republic of Brazil', 'br', 'Brasil']",[' United States.'],ans,0
P27_general_SOUTH_AMERICA_852,Gustavo Bou,"['ar', 'AR', 'ARG', 'Arjentina', 'Republic of Argentina', 'Argentine Republic', 'Argentina', '🇦🇷']",[' Argentina'],ans,1
P27_general_SOUTH_AMERICA_854,José Carioca,"['BRA', '🇧🇷', 'BR', 'Brazil', 'Federative Republic of Brazil', 'br', 'Brasil']",[' Brazil'],ans,1
P27_general_SOUTH_AMERICA_856,Denise Rosenthal,"['Republica de Chile', 'cl', 'CHI', '🇨🇱', 'Republic of Chile', 'República de Chile', 'Chile']",[' Chile'],ans,1
P27_general_SOUTH_AMERICA_858,Fabián Yannantuoni,"['ar', 'AR', 'ARG', 'Arjentina', 'Republic of Argentina', 'Argentine Republic', 'Argentina', '🇦🇷']",[' Argentina'],ans,1
P27_general_SOUTH_AMERICA_860,Don Francisco,"['Republica de Chile', 'cl', 'CHI', '🇨🇱', 'Republic of Chile', 'República de Chile', 'Chile']",[' Chile'],ans,1
P27_general_SOUTH_AMERICA_862,Millôr Fernandes,"['BRA', '🇧🇷', 'BR', 'Brazil', 'Federative Republic of Brazil', 'br', 'Brasil']",[' Portugal'],ans,0
P27_general_SOUTH_AMERICA_864,"Manuel Marques de Sousa, Count of Porto Alegre","['BRA', '🇧🇷', 'BR', 'Brazil', 'Federative Republic of Brazil', 'br', 'Brasil']",[' Brazil'],ans,1
P27_general_SOUTH_AMERICA_866,Deltan Dallagnol,"['BRA', '🇧🇷', 'BR', 'Brazil', 'Federative Republic of Brazil', 'br', 'Brasil']",[' Brazil'],ans,1
P27_general_SOUTH_AMERICA_868,Onyx Lorenzoni,"['BRA', '🇧🇷', 'BR', 'Brazil', 'Federative Republic of Brazil', 'br', 'Brasil']",[' Brazil'],ans,1
P27_general_SOUTH_AMERICA_870,Glória Pires,"['BRA', '🇧🇷', 'BR', 'Brazil', 'Federative Republic of Brazil', 'br', 'Brasil']",[' Brazil'],ans,1
P27_general_SOUTH_AMERICA_872,Alan Barbosa Domingos,"['BRA', '🇧🇷', 'BR', 'Brazil', 'Federative Republic of Brazil', 'br', 'Brasil']",[' Brazil'],ans,1
P27_general_SOUTH_AMERICA_874,Mano Menezes,"['BRA', '🇧🇷', 'BR', 'Brazil', 'Federative Republic of Brazil', 'br', 'Brasil']",[' Brazil'],ans,1
P27_general_SOUTH_AMERICA_876,Chay Suede,"['BRA', '🇧🇷', 'BR', 'Brazil', 'Federative Republic of Brazil', 'br', 'Brasil']",[' Chay Suede is a citizen of the United States.'],ans,0
P27_general_SOUTH_AMERICA_878,Lourdes Flores Nano,"['🇵🇪', 'pe', 'Peru', 'per', 'Republica del Peru', 'Republic of Peru', 'República del Perú']",[' Peru.'],ans,1
P27_general_SOUTH_AMERICA_880,Isaac Chehebar,"['ar', 'AR', 'ARG', 'Arjentina', 'Republic of Argentina', 'Argentine Republic', 'Argentina', '🇦🇷']",[' Israel'],ans,0
P27_general_SOUTH_AMERICA_882,Daniel Silveira,"['BRA', '🇧🇷', 'BR', 'Brazil', 'Federative Republic of Brazil', 'br', 'Brasil']",[' Brazil'],ans,1
P27_general_SOUTH_AMERICA_884,Rodolfo Walsh,"['ar', 'AR', 'ARG', 'Arjentina', 'Republic of Argentina', 'Argentine Republic', 'Argentina', '🇦🇷']",[' Argentina.'],ans,1
P27_general_SOUTH_AMERICA_886,Tainá Silva Bigi,"['BRA', '🇧🇷', 'BR', 'Brazil', 'Federative Republic of Brazil', 'br', 'Brasil']",[' Brazil'],ans,1
P27_general_SOUTH_AMERICA_888,Giovanna Antonelli,"['BRA', '🇧🇷', 'BR', 'Brazil', 'Federative Republic of Brazil', 'br', 'Brasil']",[' Giovanna Antonelli is a citizen of Italy.'],ans,0
P27_general_SOUTH_AMERICA_890,David Pizarro,"['Republica de Chile', 'cl', 'CHI', '🇨🇱', 'Republic of Chile', 'República de Chile', 'Chile']",[' Chile.'],ans,1
P27_general_SOUTH_AMERICA_892,Maurício Gugelmin,"['BRA', '🇧🇷', 'BR', 'Brazil', 'Federative Republic of Brazil', 'br', 'Brasil']",[' Brazil'],ans,1
P27_general_SOUTH_AMERICA_894,Herman Braun-Vega,"['🇵🇪', 'pe', 'Peru', 'per', 'Republica del Peru', 'Republic of Peru', 'República del Perú']",[' Germany'],ans,0
P27_general_SOUTH_AMERICA_896,Gus Fring,"['Republica de Chile', 'cl', 'CHI', '🇨🇱', 'Republic of Chile', 'República de Chile', 'Chile']",[' Gus Fring is a citizen of Colombia.'],ans,0
P27_general_SOUTH_AMERICA_898,Rafael Reyes,"['Colombiá', 'República de Colombia', 'CO', 'ISO 3166-1:CO', 'Republica de Colombia', '🇨🇴', 'COL', 'The Republic of Colombia', 'Colombia', 'Republic of Colombia']",[' Colombia.'],ans,1
P27_general_SOUTH_AMERICA_900,Carlos Zambrano,"['VE', 'BR Venezuela', 'Venezuela', 'VEN', 'Vzla', 'Estados Unidos de Venezuela', '🇻🇪', 'Bolivarian Republic of Venezuela']",[' Venezuela'],ans,1
P27_general_SOUTH_AMERICA_902,Daniel Passarella,"['ar', 'AR', 'ARG', 'Arjentina', 'Republic of Argentina', 'Argentine Republic', 'Argentina', '🇦🇷']",[' Argentina.'],ans,1
P27_general_SOUTH_AMERICA_904,David Corrêa,"['BRA', '🇧🇷', 'BR', 'Brazil', 'Federative Republic of Brazil', 'br', 'Brasil']",[' Brazil'],ans,1
P27_general_SOUTH_AMERICA_906,Brenner,"['BRA', '🇧🇷', 'BR', 'Brazil', 'Federative Republic of Brazil', 'br', 'Brasil']",[' Austria'],ans,0
P27_general_SOUTH_AMERICA_908,Edna Iturralde,"['The Ecuadorian State', 'EC', 'ecu', '🇪🇨', 'Republic of Ecuador', 'ECU', 'Republic of the Equator', 'Ecuador', 'ec']",[' Argentina'],ans,0
P27_general_SOUTH_AMERICA_910,Jaime Garzon Forero.,"['Colombiá', 'República de Colombia', 'CO', 'ISO 3166-1:CO', 'Republica de Colombia', '🇨🇴', 'COL', 'The Republic of Colombia', 'Colombia', 'Republic of Colombia']",[' Colombia.'],ans,1
P27_general_SOUTH_AMERICA_912,Junior dos Santos,"['BRA', '🇧🇷', 'BR', 'Brazil', 'Federative Republic of Brazil', 'br', 'Brasil']",[' Brazil'],ans,1
P27_general_SOUTH_AMERICA_914,Josimari Alves,"['BRA', '🇧🇷', 'BR', 'Brazil', 'Federative Republic of Brazil', 'br', 'Brasil']",[' Brazil'],ans,1
P27_general_SOUTH_AMERICA_916,W. W. da Matta e Silva,"['BRA', '🇧🇷', 'BR', 'Brazil', 'Federative Republic of Brazil', 'br', 'Brasil']",[' Brazil'],ans,1
P27_general_SOUTH_AMERICA_918,Juan Sebastián Verón,"['ar', 'AR', 'ARG', 'Arjentina', 'Republic of Argentina', 'Argentine Republic', 'Argentina', '🇦🇷']",[' Argentina'],ans,1
P27_general_SOUTH_AMERICA_920,Clelia Luro,"['ar', 'AR', 'ARG', 'Arjentina', 'Republic of Argentina', 'Argentine Republic', 'Argentina', '🇦🇷']",[' Argentina.'],ans,1
P27_general_SOUTH_AMERICA_922,Miguel Almirón,"['Paraguay', 'Republic of Paraguay', '🇵🇾', 'py', 'pry', 'Heart of South America']",[' Paraguay'],ans,1
P27_general_SOUTH_AMERICA_924,Belisario Betancur,"['Spain', '🇪🇸', 'Colombiá', 'República de Colombia', 'CO', 'ISO 3166-1:CO', 'Republica de Colombia', '🇨🇴', 'COL', 'The Republic of Colombia', 'Republic of Colombia', 'Kingdom of Spain', 'ES', 'Colombia', 'ESP']",[' Colombia'],ans,1
P27_general_SOUTH_AMERICA_926,Víctor Peña,"['🇵🇪', 'pe', 'Peru', 'per', 'Republica del Peru', 'Republic of Peru', 'República del Perú']",[' Venezuela'],ans,0
P27_general_SOUTH_AMERICA_928,Antônio Rodrigo Nogueira,"['BRA', '🇧🇷', 'BR', 'Brazil', 'Federative Republic of Brazil', 'br', 'Brasil']",[' Brazil'],ans,1
P27_general_SOUTH_AMERICA_930,Julio César Turbay Ayala,"['Colombiá', 'República de Colombia', 'CO', 'ISO 3166-1:CO', 'Republica de Colombia', '🇨🇴', 'COL', 'The Republic of Colombia', 'Colombia', 'Republic of Colombia']",[' Colombia.'],ans,1
P27_general_SOUTH_AMERICA_932,Rafael López Aliaga,"['🇵🇪', 'pe', 'Peru', 'per', 'Republica del Peru', 'Republic of Peru', 'República del Perú']",[' Rafael López Aliaga is a citizen of Peru.'],ans,1
P27_general_SOUTH_AMERICA_934,Marília Mendonça,"['BRA', '🇧🇷', 'BR', 'Brazil', 'Federative Republic of Brazil', 'br', 'Brasil']",[' Brazil'],ans,1
P27_general_SOUTH_AMERICA_936,Agnaldo Timóteo,"['BRA', '🇧🇷', 'BR', 'Brazil', 'Federative Republic of Brazil', 'br', 'Brasil']",[' Brazil'],ans,1
P27_general_SOUTH_AMERICA_938,Luis Fernando Camacho,"['Bolivia (Plurinational State of)', '🇧🇴', 'Bolivia', 'bol', 'bo', 'Plurinational State of Bolivia', 'BOL', 'Republic of Bolivia']",[' Colombia'],ans,0
P27_general_SOUTH_AMERICA_940,Nicolás Massú,"['Republica de Chile', 'cl', 'CHI', '🇨🇱', 'Republic of Chile', 'República de Chile', 'Chile']",[' Chile.'],ans,1
P27_general_SOUTH_AMERICA_942,Henrique Capriles Radonski,"['VE', 'BR Venezuela', 'Venezuela', 'VEN', 'Vzla', 'Estados Unidos de Venezuela', '🇻🇪', 'Bolivarian Republic of Venezuela']",[' Venezuela'],ans,1
P27_general_SOUTH_AMERICA_944,Maurício Rua,"['BRA', '🇧🇷', 'BR', 'Brazil', 'Federative Republic of Brazil', 'br', 'Brasil']",[' Brazil'],ans,1
P27_general_SOUTH_AMERICA_946,Carlos Bacca,"['Colombiá', 'República de Colombia', 'CO', 'ISO 3166-1:CO', 'Republica de Colombia', '🇨🇴', 'COL', 'The Republic of Colombia', 'Colombia', 'Republic of Colombia']",[' Colombia.'],ans,1
P27_general_SOUTH_AMERICA_948,Miguel de Villegas,"['Spain', '🇪🇸', 'AR', 'ar', 'ARG', 'Arjentina', 'Republic of Argentina', 'Argentine Republic', 'Kingdom of Spain', 'Argentina', 'ES', '🇦🇷', 'ESP']",[' Argentina.'],ans,1
P27_general_SOUTH_AMERICA_950,Irandhir Santos,"['BRA', '🇧🇷', 'BR', 'Brazil', 'Federative Republic of Brazil', 'br', 'Brasil']",[' Brazil'],ans,1
P27_general_SOUTH_AMERICA_952,Eduardo Pazuello,"['BRA', '🇧🇷', 'BR', 'Brazil', 'Federative Republic of Brazil', 'br', 'Brasil']",[' Venezuela'],ans,0
P27_general_SOUTH_AMERICA_954,Bruno Junqueira,"['BRA', '🇧🇷', 'BR', 'Brazil', 'Federative Republic of Brazil', 'br', 'Brasil']",[' Brazil'],ans,1
P27_general_SOUTH_AMERICA_956,Francisco Silva,"['Republica de Chile', 'cl', 'CHI', '🇨🇱', 'Republic of Chile', 'República de Chile', 'Chile']",[' Brazil'],ans,0
P27_general_SOUTH_AMERICA_958,José Pardo y Barreda,"['🇵🇪', 'pe', 'Peru', 'per', 'Republica del Peru', 'Republic of Peru', 'República del Perú']",[' Peru'],ans,1
P27_general_SOUTH_AMERICA_960,Luis Posada Carriles,"['VE', 'BR Venezuela', 'Venezuela', 'VEN', 'Vzla', 'Estados Unidos de Venezuela', '🇻🇪', 'Bolivarian Republic of Venezuela']",[' Venezuela'],ans,1
P27_general_SOUTH_AMERICA_962,Patricio Lynch,"['ar', 'AR', 'ARG', 'Arjentina', 'Republic of Argentina', 'Argentine Republic', 'Argentina', '🇦🇷']",[' Chile'],ans,0
P27_general_SOUTH_AMERICA_964,Nicolás Dujovne,"['ar', 'AR', 'ARG', 'Arjentina', 'Republic of Argentina', 'Argentine Republic', 'Argentina', '🇦🇷']",[' Argentina.'],ans,1
P27_general_SOUTH_AMERICA_966,Éver Banega,"['ar', 'AR', 'ARG', 'Arjentina', 'Republic of Argentina', 'Argentine Republic', 'Argentina', '🇦🇷']",[' Argentina.'],ans,1
P27_general_SOUTH_AMERICA_968,"Joaquim José Inácio, Viscount of Inhaúma","['BRA', '🇧🇷', 'BR', 'Brazil', 'Federative Republic of Brazil', 'br', 'Brasil']",[' Brazil'],ans,1
P27_general_SOUTH_AMERICA_970,Claudio Baeza,"['Republica de Chile', 'cl', 'CHI', '🇨🇱', 'Republic of Chile', 'República de Chile', 'Chile']",[' Chile'],ans,1
P27_general_SOUTH_AMERICA_972,Felipe Seymour,"['Republica de Chile', 'cl', 'CHI', '🇨🇱', 'Republic of Chile', 'República de Chile', 'Chile']",[' Chile'],ans,1
P27_general_SOUTH_AMERICA_974,Otávio Augusto,"['BRA', '🇧🇷', 'BR', 'Brazil', 'Federative Republic of Brazil', 'br', 'Brasil']",[' Brazil'],ans,1
P27_general_SOUTH_AMERICA_976,Mário Sérgio Pontes de Paiva,"['BRA', '🇧🇷', 'BR', 'Brazil', 'Federative Republic of Brazil', 'br', 'Brasil']",[' Brazil'],ans,1
P27_general_SOUTH_AMERICA_978,Alexandre Silveira de Oliveira,"['BRA', '🇧🇷', 'BR', 'Brazil', 'Federative Republic of Brazil', 'br', 'Brasil']",[' Alexandre Silveira de Oliveira is a citizen of Brazil.'],ans,1
P27_general_SOUTH_AMERICA_980,Antônio Carlos Barbosa,"['BRA', '🇧🇷', 'BR', 'Brazil', 'Federative Republic of Brazil', 'br', 'Brasil']",[' Brazil'],ans,1
P27_general_SOUTH_AMERICA_982,Percy Liza,"['🇵🇪', 'pe', 'Peru', 'per', 'Republica del Peru', 'Republic of Peru', 'República del Perú']",[' Percy Liza is a citizen of Antigua and Barbuda.'],ans,0
P27_general_SOUTH_AMERICA_984,Eleider Álvarez,"['Colombiá', 'República de Colombia', 'CO', 'ISO 3166-1:CO', 'Republica de Colombia', '🇨🇴', 'COL', 'The Republic of Colombia', 'Colombia', 'Republic of Colombia']",[' Colombia'],ans,1
P27_general_SOUTH_AMERICA_986,Eduardo Berizzo,"['ar', 'AR', 'ARG', 'Arjentina', 'Republic of Argentina', 'Argentine Republic', 'Argentina', '🇦🇷']",[' Argentina'],ans,1
P27_general_SOUTH_AMERICA_988,José Manuel de la Sota,"['ar', 'AR', 'ARG', 'Arjentina', 'Republic of Argentina', 'Argentine Republic', 'Argentina', '🇦🇷']",[' José Manuel de la Sota is a citizen of Spain.'],ans,0
P27_general_SOUTH_AMERICA_990,Filipe Luís,"['BRA', '🇧🇷', 'BR', 'Brazil', 'Federative Republic of Brazil', 'br', 'Brasil']",[' Brazil'],ans,1
P27_general_SOUTH_AMERICA_992,Enrique Bernoldi,"['BRA', '🇧🇷', 'BR', 'Brazil', 'Federative Republic of Brazil', 'br', 'Brasil']",[' Brazil'],ans,1
P27_general_SOUTH_AMERICA_994,Jorge Eliécer Gaitán Ayala,"['Colombiá', 'República de Colombia', 'CO', 'ISO 3166-1:CO', 'Republica de Colombia', '🇨🇴', 'COL', 'The Republic of Colombia', 'Colombia', 'Republic of Colombia']",[' Colombia'],ans,1
P27_general_SOUTH_AMERICA_996,Ángel Monasterio,"['Spain', '🇪🇸', 'AR', 'ar', 'ARG', 'Arjentina', 'Republic of Argentina', 'Argentine Republic', 'Kingdom of Spain', 'Argentina', 'ES', '🇦🇷', 'ESP']",[' Ángel Monasterio is a citizen of Spain.'],ans,1
P27_general_SOUTH_AMERICA_998,Violeta Parra,"['Republica de Chile', 'cl', 'CHI', '🇨🇱', 'Republic of Chile', 'República de Chile', 'Chile']",[' Chile'],ans,1
