﻿uuid,sub_label,obj_label,choices,ans_type,acc
P30_general_SOUTH_AMERICA_0,Chile,['South America'],[' Sure thing! Chile is located in the continent of South America.'],ans,1
P30_general_SOUTH_AMERICA_1,Venezuela,['South America'],[' South America'],ans,1
P30_general_SOUTH_AMERICA_2,Peru,['South America'],[' South America'],ans,1
P30_general_SOUTH_AMERICA_3,Uruguay,['South America'],[' South America.'],ans,1
P30_general_SOUTH_AMERICA_4,Bolivia,['South America'],[' South America'],ans,1
P30_general_SOUTH_AMERICA_5,Ecuador,['South America'],[' South America'],ans,1
P30_general_SOUTH_AMERICA_6,Colombia,['South America'],[' South America'],ans,1
P30_general_SOUTH_AMERICA_7,Brazil,['South America'],[' South America'],ans,1
P30_general_SOUTH_AMERICA_8,Argentina,['South America'],[' South America'],ans,1
P30_general_SOUTH_AMERICA_9,Paraguay,['South America'],[' South America'],ans,1
P30_general_SOUTH_AMERICA_10,Suriname,['South America'],[' Suriname is located in the continent of South America.'],ans,1
P30_general_SOUTH_AMERICA_11,Guyana,['South America'],[' South America'],ans,1
