﻿uuid,sub_label,obj_label,choices,ans_type,acc
P36_general_SOUTH_AMERICA_0,Chile,"['Santiago', 'Santiago de Chile', 'Greater Santiago', 'Santiago, Chile']",[' Santiago'],ans,1
P36_general_SOUTH_AMERICA_1,Venezuela,"['Santiago de León de Caracas', 'Santiago de Leon de Caracas', 'CCS', 'Caracas']",[' Caracas'],ans,1
P36_general_SOUTH_AMERICA_2,Peru,"['Lima', 'City of the Kings']",[' Lima'],ans,1
P36_general_SOUTH_AMERICA_3,Uruguay,['Montevideo'],[' Montevideo'],ans,1
P36_general_SOUTH_AMERICA_4,Bolivia,"['The Illustrious and Heroic Sucre', 'La Paz', 'La Paz, Bolivia', 'Nuestra Señora de La Paz', 'La Plata', 'Chuquisaca', 'Charcas', 'Sucre']",[' La Paz'],ans,1
P36_general_SOUTH_AMERICA_5,Ecuador,"['Quito', 'UIO', 'San Francisco de Quito', 'Quito, Ecuador']",[' Quito'],ans,1
P36_general_SOUTH_AMERICA_6,Colombia,"['Bogota', 'Bogota, Colombia', 'Bogotá, D.C.', 'Bogotá', 'Santafé de Bogotá', 'Santa Fe de Bogotá']",[' Bogotá'],ans,1
P36_general_SOUTH_AMERICA_7,Brazil,['Brasília'],[' Rio de Janeiro'],ans,0
P36_general_SOUTH_AMERICA_8,Argentina,"['Ciudad Autonoma de Buenos Aires', 'Buenos Aires', 'Buenos Aires city']",[' Buenos Aires'],ans,1
P36_general_SOUTH_AMERICA_9,Paraguay,"['Asunción', 'Asuncion', 'Assumption', 'Asu']",[' Asunción'],ans,1
P36_general_SOUTH_AMERICA_10,Suriname,['Paramaribo'],[' Paramaribo'],ans,1
P36_general_SOUTH_AMERICA_11,Guyana,"['Georgetown', 'Georgetown, British Guiana', 'Garden City of the Caribbean']",[' Georgetown'],ans,1
