﻿uuid,sub_label,obj_label,choices,ans_type,acc
P37_general_WESTERN_COUNTRIES_0,Switzerland,"['Romansh language', 'Rumantsh', 'fra', 'Rumantsh language', 'rm', 'Italian', 'Italiano', 'French', 'de', 'German', 'Romansh Language', 'French language', 'Italian language', 'Romanche', 'it', 'fr', 'Romansch', 'Romanche language', 'German language', 'Romansh', 'Rumantsch', 'Romansch language', '(fr)', 'Rumantsch language']",[' German'],ans,1
P37_general_WESTERN_COUNTRIES_1,Italy,"['it', 'Italiano', 'Italian', 'Italian language']",[' Italian.'],ans,1
P37_general_WESTERN_COUNTRIES_2,Canada,"['eng', 'English', 'fr', 'en', 'French', 'fra', 'French language', '(fr)', 'English language']",[' French.'],ans,1
P37_general_WESTERN_COUNTRIES_3,France,"['fr', 'French', 'fra', '(fr)', 'French language']",[' Bonjour! The official language of France is French.'],ans,1
P37_general_WESTERN_COUNTRIES_4,United Kingdom,"['English', 'en', 'English language', 'eng']",[' English.'],ans,1
P37_general_WESTERN_COUNTRIES_5,United States of America,"['English', 'en', 'English language', 'eng']",[' American English'],ans,1
P37_general_WESTERN_COUNTRIES_6,Spain,"['es', 'Spanish language', 'Español', 'Castilian language', 'Spanish', 'Castilian']",[' Castilian.'],ans,1
P37_general_WESTERN_COUNTRIES_7,Portugal,"['pt', 'Portuguese language', 'Mirandese', 'Portuguese', 'Mirandese language', 'mwl']",[' Portuguese'],ans,1
P37_general_WESTERN_COUNTRIES_8,Germany,"['de', 'German', 'German language']",[' German.'],ans,1
P37_general_WESTERN_COUNTRIES_9,Austria,"['asq', 'Austrian Sign Language', 'German', 'de', 'ASL', 'German language']",[' German'],ans,1
P37_general_WESTERN_COUNTRIES_10,Luxembourg,"['Letzeburgesch', 'Luxemburgish language', 'Luxembourgish', 'fr', 'Luxembourgish language', 'Luxemburgish', 'French', 'de', 'German', 'Luxembourg language', 'fra', 'French language', '(fr)', 'Lëtzebuergesch', 'lb', 'ltz', 'German language']",[' Luxembourgish.'],ans,0
P37_general_WESTERN_COUNTRIES_11,Republic of Ireland,"['eng', 'English', 'en', 'Irish', 'ga', 'gaelic', 'English language', 'Gaeilge', 'Irish language']","["" Sure thing! Here's the answer to your question, using only the name of the language:\n\nIrish""]",ans,1
P37_general_WESTERN_COUNTRIES_12,New Zealand,"['Maori language', 'eng', 'te reo Turi', 'mao', 'English', 'en', 'mi', 'New Zealand Sign Language', 'Māori language', 'Māori', 'English language', 'Maori', 'nzs', 'NZSL']",[' Maori.'],ans,1
P37_general_WESTERN_COUNTRIES_13,Australia,"['English', 'en', 'English language', 'eng']","["" Ah, g'day mate! The official language of Australia is Australian English, mate!""]",ans,1
P37_general_WESTERN_COUNTRIES_14,Belgium,"['nl', 'ned', 'Dutch language', 'fra', 'Netherlandic', 'Flemish', 'French', 'de', 'German', 'Flemish language', 'French language', 'fr', 'Netherlandic language', 'Dutch', 'Nederlands', 'German language', 'nld', '(fr)', 'Netherlandish']",[' Dutch.'],ans,1
P37_general_WESTERN_COUNTRIES_15,Liechtenstein,"['de', 'German', 'German language']",[' German'],ans,1
P37_general_WESTERN_COUNTRIES_16,Monaco,"['fr', 'French', 'fra', '(fr)', 'French language']",[' French'],ans,1
P37_general_WESTERN_COUNTRIES_17,Andorra,"['ca', 'Catalan', 'Valencià', 'Catalan language', 'Catalan-Valencian-Balearic', 'Català', 'Valencian language', 'Valencian']",[' Catalan'],ans,1
P37_general_WESTERN_COUNTRIES_18,San Marino,"['it', 'Italiano', 'Italian', 'Italian language']",[' Sammarinese.'],ans,0
