﻿uuid,sub_label,obj_label,choices,ans_type,acc
P47_general_SOUTH_AMERICA_0,Chile,"['Bolivia (Plurinational State of)', '🇵🇪', 'Peru', 'Republica del Peru', 'Republic of Peru', 'Arjentina', 'ar', 'Bolivia', 'per', 'bol', 'Argentina', '🇦🇷', 'BOL', 'pe', 'ARG', 'Argentine Republic', 'AR', '🇧🇴', 'Republic of Argentina', 'bo', 'Plurinational State of Bolivia', 'Republic of Bolivia', 'República del Perú']",[' Argentina'],ans,1
P47_general_SOUTH_AMERICA_1,Venezuela,"['the U.S.', 'France', 'DMA', 'Merica', 'GBR', 'The Republic of Colombia', 'the Netherlands', 'the US', 'vc', 'Republica Dominicana', 'Colombiá', 'United Kingdom', 'CO', 'St Lucia', ""Wai'tu kubuli"", '🇬🇩', 'U K', 'Grenada', 'lc', 'The UK', '🇬🇧', 'Trinidad & Tobago', 'the US of America', '🇹🇹', '🇻🇨', 'US of America', 'Co-operative Republic of Guyana', 'ISO 3166-1:CO', 'COL', 'lca', 'the United States of America', 'Great Britain', 'DOM', 'St Kitts and Nevis', 'United States of America', 'St. Vincent and the Grenadines', 'Kitts & Nevis', 'br', '🇳🇱', 'Hewanorra', 'St. Lucia', 'United States', 'Republic of Guyana', 'República Dominicana', 'Saint Kitts and Nevis', 'U. S. A.', 'G.B.R.', 'Dominicana', 'fr', 'Trinidad and Tobago', 'Dominica', 'Saint Lucia', 'Netherlands', 'Colombia', 'St Vincent and the Grenadines', 'vct', 'French Republic', 'Brasil', 'the USA', 'St. Vincent', 'kna', '🇩🇴', 'the U.S. of A', 'the Hexagon', 'G. B.', 'TRI', 'GB', 'U.S. of America', 'Brazil', 'Kingdom of the Netherlands', 'Wai‘tu kubuli', 'St. Kitts & Nevis', 'G B R', 'BR', 'U. K.', 'Iyonola', 'US of A', 'Republic of Trinidad and Tobago', 'BRA', 'Britain', '🇩🇲', 'USA', 'the U.S. of America', 'Saint Christopher and Nevis', 'the United States', 'gd', 'The Commonwealth of Dominica', 'Republica de Colombia', 'G.B.', 'Guyana', 'U. S.', 'Federative Republic of Brazil', 'The United Kingdom of Great Britain and Northern Ireland', '🇱🇨', 'GUY', 'TTO', 'gy', '🇬🇾', 'DO', 'Republic of Colombia', 'GRN', 'the U.S.A.', 'FRA', 'US', 'the US of A', 'Saint Vincent and the Grenadines', 'República de Colombia', 'G B', 'NL', 'UK', 'United Kingdom of Great Britain and Northern Ireland', 'Republic of France', 'Great Britain and Northern Ireland', 'Commonwealth of Dominica', '🇧🇷', 'U.S.A.', 'U.S.', 'tt', 'dm', 'Federation of Saint Kitts and Nevis', 'St. Kitts and Nevis', 'America', 'RD', '🇰🇳', 'St Vincent', 'U.K.', 'Dominican Republic', 'Saint Vincent', 'the States', 'FR', 'kn', '🇨🇴', 'DR']",[' Colombia'],ans,1
P47_general_SOUTH_AMERICA_2,Peru,"['Bolivia (Plurinational State of)', 'Gran Colombia', 'BR', 'cl', 'The Republic of Colombia', 'ECU', 'br', '🇨🇱', 'ec', 'BRA', 'The Ecuadorian State', 'Colombiá', 'República de Colombia', 'CO', 'Bolivia', '🇪🇨', 'Great Colombia', 'bol', 'Ecuador', 'República de Chile', 'BOL', '🇧🇷', 'Republica de Chile', 'Republica de Colombia', 'CHI', 'Federative Republic of Brazil', 'Republic of Ecuador', 'Republic of Chile', 'Colombia', 'Brasil', '🇧🇴', 'EC', 'ecu', 'ISO 3166-1:CO', '🇨🇴', 'COL', 'Brazil', 'bo', 'Republic of the Equator', 'Plurinational State of Bolivia', 'Republic of Colombia', 'Republic of Bolivia', 'Chile']",[' Bolivia'],ans,1
P47_general_SOUTH_AMERICA_3,Uruguay,"['ar', 'BRA', 'AR', '🇧🇷', 'BR', 'Brazil', 'Federative Republic of Brazil', 'ARG', 'Arjentina', 'Argentine Republic', 'br', 'Republic of Argentina', 'Argentina', '🇦🇷', 'Brasil']",[' Argentina.'],ans,1
P47_general_SOUTH_AMERICA_4,Bolivia,"['🇵🇪', 'Peru', 'py', 'BR', 'cl', 'Republica del Peru', 'Republic of Peru', 'br', '🇨🇱', 'Arjentina', 'Paraguay', 'BRA', 'ar', 'per', 'Argentina', '🇦🇷', 'República de Chile', 'pry', '🇧🇷', 'pe', 'Republica de Chile', 'CHI', 'Federative Republic of Brazil', 'ARG', 'Argentine Republic', 'Republic of Chile', 'Brasil', 'AR', 'Republic of Paraguay', '🇵🇾', 'Brazil', 'Republic of Argentina', 'Chile', 'República del Perú', 'Heart of South America']",[' Brazil'],ans,1
P47_general_SOUTH_AMERICA_5,Ecuador,"['🇵🇪', 'Colombiá', 'República de Colombia', 'pe', 'Peru', 'CO', 'per', 'ISO 3166-1:CO', 'Republica de Colombia', 'Republica del Peru', '🇨🇴', 'COL', 'The Republic of Colombia', 'Republic of Peru', 'Colombia', 'Republic of Colombia', 'República del Perú']",[' Colombia'],ans,1
P47_general_SOUTH_AMERICA_6,Colombia,"['🇵🇪', 'Panama', 'Peru', 'Venezuela', 'BR', 'Republica del Peru', 'NI', 'Republic of Peru', 'Estados Unidos de Venezuela', 'ECU', 'br', '🇵🇦', '🇳🇮', 'NCA', 'ec', 'BRA', 'The Ecuadorian State', 'per', '🇪🇨', '🇻🇪', 'Bolivarian Republic of Venezuela', 'Ecuador', 'Republic of Panama', 'ni', 'Republic of Nicaragua', '🇧🇷', 'pe', 'BR Venezuela', 'Republic of Ecuador', 'Federative Republic of Brazil', 'Vzla', 'pa', 'NIC', 'Brasil', 'EC', 'VE', 'ecu', 'VEN', 'Brazil', 'Nicaragua', 'Republic of the Equator', 'República del Perú']",[' Venezuela'],ans,1
P47_general_SOUTH_AMERICA_7,Brazil,"['France', 'py', 'Venezuela', 'The Republic of Colombia', 'URU', 'ar', 'Colombiá', 'Guiana, France', 'CO', '🇺🇾', 'bol', 'Argentina', 'French Guiana', 'BR Venezuela', 'ARG', 'Vzla', 'República Oriental del Uruguay', '🇬🇫', 'AR', 'Co-operative Republic of Guyana', 'ISO 3166-1:CO', 'COL', 'bo', 'Bolivia (Plurinational State of)', 'Heart of South America', '🇵🇪', 'Republic of Peru', 'Suriname', 'Bolivia', 'Republic of Guyana', 'Surrinam', '🇻🇪', 'Bolivarian Republic of Venezuela', 'Guyane', 'fr', 'Oriental Republic of Uruguay', 'Colombia', 'French Republic', 'SUR', '🇧🇴', 'Republic of Paraguay', 'the Hexagon', 'Guiana', 'VEN', 'Surinam', 'Republic of Argentina', 'Republic of Surinam', 'Peru', 'Dutch Guiana', 'Estados Unidos de Venezuela', 'Arjentina', '🇦🇷', 'pry', 'Republica de Colombia', 'Guyana', '🇸🇷', 'Argentine Republic', 'GUY', '🇵🇾', 'gy', '🇬🇾', 'Republic of Colombia', 'Republic of Bolivia', 'uy', 'FRA', 'Republica del Peru', 'Republic of Suriname', 'Guyane française', 'Paraguay', 'República de Colombia', 'gf', 'per', 'sr', 'BOL', 'Uruguay', 'Republic of France', 'pe', 'FR', 'VE', '🇨🇴', 'Plurinational State of Bolivia', 'GF', 'República del Perú']",[' Argentina.'],ans,1
P47_general_SOUTH_AMERICA_8,Argentina,"['Bolivia (Plurinational State of)', 'G B R', 'py', 'uy', 'BR', 'cl', 'U. K.', 'GBR', 'br', '🇨🇱', 'URU', 'Paraguay', 'BRA', 'United Kingdom', 'Bolivia', 'Britain', 'G B', '🇺🇾', 'bol', 'United Kingdom of Great Britain and Northern Ireland', 'UK', 'Uruguay', 'Great Britain and Northern Ireland', 'República de Chile', 'pry', 'G.B.R.', 'BOL', 'U K', '🇧🇷', 'Republica de Chile', 'Oriental Republic of Uruguay', 'G.B.', 'Heart of South America', 'The UK', '🇬🇧', 'The United Kingdom of Great Britain and Northern Ireland', 'Federative Republic of Brazil', 'CHI', 'Republic of Chile', 'U.K.', 'Brasil', 'República Oriental del Uruguay', '🇧🇴', 'Republic of Paraguay', '🇵🇾', 'G. B.', 'GB', 'Brazil', 'bo', 'Plurinational State of Bolivia', 'Republic of Bolivia', 'Chile', 'Great Britain']",[' Chile'],ans,1
P47_general_SOUTH_AMERICA_9,Paraguay,"['Bolivia (Plurinational State of)', 'BR', 'br', 'Arjentina', 'ar', 'BRA', 'Bolivia', 'bol', 'Argentina', '🇦🇷', 'BOL', '🇧🇷', 'ARG', 'Federative Republic of Brazil', 'Argentine Republic', 'Brasil', 'AR', '🇧🇴', 'Brazil', 'Republic of Argentina', 'bo', 'Plurinational State of Bolivia', 'Republic of Bolivia']",[' Argentina.'],ans,1
P47_general_SOUTH_AMERICA_10,Suriname,"['eu', 'France', 'FRA', 'BR', '🇪🇺', 'Europe', 'br', 'Guyane française', 'E.U.', 'BRA', 'Guiana, France', 'gf', 'Republic of Guyana', 'Republic of France', 'French Guiana', 'Guyane', '🇧🇷', 'fr', 'Guyana', 'Federative Republic of Brazil', 'GUY', 'French Republic', 'Brasil', '🇬🇫', 'European Union', 'FR', 'the Hexagon', 'Guiana', 'EU', 'Co-operative Republic of Guyana', 'gy', '🇬🇾', 'Brazil', 'GF']",[' Guyana'],ans,1
P47_general_SOUTH_AMERICA_11,Guyana,"['Dutch Guiana', 'BR', 'Venezuela', 'Republic of Suriname', 'Estados Unidos de Venezuela', 'br', 'Suriname', 'BRA', 'sr', 'Surrinam', '🇻🇪', 'Bolivarian Republic of Venezuela', '🇧🇷', 'BR Venezuela', '🇸🇷', 'Federative Republic of Brazil', 'Vzla', 'SUR', 'Brasil', 'VE', 'VEN', 'Surinam', 'Brazil', 'Republic of Surinam']",[' Suriname'],ans,1
