﻿uuid,sub_label,obj_label,choices,ans_type,acc
P495_general_SOUTH_AMERICA_0,Chileans,"['Republica de Chile', 'cl', 'CHI', '🇨🇱', 'Republic of Chile', 'República de Chile', 'Chile']",[' Chile.'],ans,1
P495_general_SOUTH_AMERICA_2,Desafío 2021: The Box,"['Colombiá', 'República de Colombia', 'CO', 'ISO 3166-1:CO', 'Republica de Colombia', '🇨🇴', 'COL', 'The Republic of Colombia', 'Colombia', 'Republic of Colombia']",[' Argentina.'],ans,0
P495_general_SOUTH_AMERICA_4,Bailando por un Sueño 2008,"['ar', 'AR', 'ARG', 'Arjentina', 'Republic of Argentina', 'Argentine Republic', 'Argentina', '🇦🇷']",[' Argentina.'],ans,1
P495_general_SOUTH_AMERICA_6,Big Brother Brasil 22,"['BRA', '🇧🇷', 'BR', 'Brazil', 'Federative Republic of Brazil', 'br', 'Brasil']",[' Brazil'],ans,1
P495_general_SOUTH_AMERICA_8,Call Me by Your Name,"['the U.S.', 'France', 'the U.S.A.', 'FRA', 'BR', 'United States of America', 'Merica', 'US of A', 'br', 'the US', 'Italian Republic', 'US', 'the US of A', 'Italy', 'BRA', 'United States', 'USA', 'the U.S. of America', 'Republic of Italy', 'the United States', 'U. S. A.', 'Republic of France', '🇧🇷', 'U.S.A.', 'U.S.', 'fr', 'Repubblica Italiana', 'U. S.', 'America', 'Federative Republic of Brazil', '🇮🇹', 'French Republic', 'Brasil', 'the USA', 'the US of America', 'ITA', 'the States', 'FR', 'the Hexagon', 'US of America', 'the U.S. of A', 'IT', 'Italia', 'U.S. of America', 'Brazil', 'the United States of America']",[' Italy.'],ans,1
P495_general_SOUTH_AMERICA_10,samba,"['BRA', '🇧🇷', 'BR', 'Brazil', 'Federative Republic of Brazil', 'br', 'Brasil']",[' Brazil'],ans,1
P495_general_SOUTH_AMERICA_12,"La Voz Colombia, season 2","['Colombiá', 'República de Colombia', 'CO', 'ISO 3166-1:CO', 'Republica de Colombia', '🇨🇴', 'COL', 'The Republic of Colombia', 'Colombia', 'Republic of Colombia']",[' Colombia'],ans,1
P495_general_SOUTH_AMERICA_14,Showbizz television of Peru,"['🇵🇪', 'pe', 'Peru', 'per', 'Republica del Peru', 'Republic of Peru', 'República del Perú']",[' Peru'],ans,1
P495_general_SOUTH_AMERICA_16,Soñando por cantar,"['ar', 'AR', 'ARG', 'Arjentina', 'Republic of Argentina', 'Argentine Republic', 'Argentina', '🇦🇷']",[' Argentina.'],ans,1
P495_general_SOUTH_AMERICA_18,Bailando 2012,"['ar', 'AR', 'ARG', 'Arjentina', 'Republic of Argentina', 'Argentine Republic', 'Argentina', '🇦🇷']",[' Argentina.'],ans,1
P495_general_SOUTH_AMERICA_20,Kurds,"['Azerbaijan', 'AZE', 'Republic of Lebanon', 'GBR', 'af', 'Azərbaycan', 'Georgia (country)', 'RUS', 'ar', '🇬🇪', 'United Kingdom', '🇮🇶', 'lb', 'Islamic Rep. Iran', 'TUR', 'Argentina', 'U K', 'BR Deutschland', 'Republic of Azerbaijan', 'The UK', '🇬🇧', 'ARG', 'al-‘Irāq', 'Հայաստանի Հանրապետություն', 'RF', 'AR', 'DE', '🇰🇿', 'Lubnan', 'Germany', 'Great Britain', 'Bundesrepublik Deutschland', 'Federation of Russia', 'Republic of Iraq', 'Republic of Türkiye', 'Syria', 'Republic of Armenia', 'ir', 'Iraq', 'Persia', 'the Jewish state', '🇮🇷', 'Rossiyskaya Federatsiya', 'Republic of Kazakhstan', 'G.B.R.', 'State of Israel', 'Hayastan', 'Iran', 'Deutschland', 'irn', 'Turkey', 'Georgia', 'Israel', 'Jumhūriyyat al-‘Irāq', 'Rossiya', 'G. B.', 'GB', 'საქართველო', 'Republic of Argentina', 'IRQ', 'Syrian Arab Republic', 'Federal Republic of Germany', 'Türkiye', 'G B R', 'U. K.', 'Россия', 'Arjentina', 'Sakartvelo', '🇦🇿', 'Russian Federation', '🇱🇧', 'GFR', 'Republic of Georgia', 'Britain', 'ru', 'Российская Федерация', 'TR', 'Islamic Republic of Iran', 'de', 'RU', '🇦🇷', 'Komar-i ‘Êraq', 'Afghanistan', '🇦🇲', 'Russia', 'Armenia', 'Rossija', 'Azərbaycan Respublikası', 'AM', 'G.B.', 'العراق', 'The United Kingdom of Great Britain and Northern Ireland', 'Argentine Republic', 'LBN', 'SYR', 'Rossijskaja Federatsija', 'sy', 'iq', 'il', 'ISR', 'GE', 'ARM', '🇦🇫', 'Kazakhstan', 'Hayastani Hanrapetut’yun', 'G B', 'kz', 'Republic of Turkey', 'AFG', 'az', 'GER', 'United Kingdom of Great Britain and Northern Ireland', 'UK', 'Great Britain and Northern Ireland', 'KAZ', 'BRD', 'Lebanon', 'U.K.', 'Qazaqstan', 'GEO', '🇮🇱', '🇸🇾', 'Lebanese Republic']",[' Iraq.'],ans,1
P495_general_SOUTH_AMERICA_22,Bailando 2016,"['ar', 'AR', 'ARG', 'Arjentina', 'Republic of Argentina', 'Argentine Republic', 'Argentina', '🇦🇷']",[' Argentina.'],ans,1
P495_general_SOUTH_AMERICA_24,Bailando por un Sueño 2007,"['ar', 'AR', 'ARG', 'Arjentina', 'Republic of Argentina', 'Argentine Republic', 'Argentina', '🇦🇷']",[' Argentina.'],ans,1
P495_general_SOUTH_AMERICA_26,Bailando 2015,"['ar', 'AR', 'ARG', 'Arjentina', 'Republic of Argentina', 'Argentine Republic', 'Argentina', '🇦🇷']",[' Argentina.'],ans,1
P495_general_SOUTH_AMERICA_28,¿Volverías con tu ex?,"['Republica de Chile', 'cl', 'CHI', '🇨🇱', 'Republic of Chile', 'República de Chile', 'Chile']",[' Spain.'],ans,0
P495_general_SOUTH_AMERICA_30,A Fazenda,"['BRA', '🇧🇷', 'BR', 'Brazil', 'Federative Republic of Brazil', 'br', 'Brasil']",[' Brazil'],ans,1
P495_general_SOUTH_AMERICA_32,Mundos opuestos 2,"['Republica de Chile', 'cl', 'CHI', '🇨🇱', 'Republic of Chile', 'República de Chile', 'Chile']",[' Argentina.'],ans,0
P495_general_SOUTH_AMERICA_34,Chiquititas,"['BRA', '🇧🇷', 'BR', 'Brazil', 'Federative Republic of Brazil', 'br', 'Brasil']",[' Argentina.'],ans,0
P495_general_SOUTH_AMERICA_36,Sandy & Junior,"['BRA', '🇧🇷', 'BR', 'Brazil', 'Federative Republic of Brazil', 'br', 'Brasil']",[' Brazil'],ans,1
P495_general_SOUTH_AMERICA_38,Bailando 2014,"['ar', 'AR', 'ARG', 'Arjentina', 'Republic of Argentina', 'Argentine Republic', 'Argentina', '🇦🇷']",[' Argentina'],ans,1
P495_general_SOUTH_AMERICA_40,Império,"['BRA', '🇧🇷', 'BR', 'Brazil', 'Federative Republic of Brazil', 'br', 'Brasil']",[' Brazil.'],ans,1
P495_general_SOUTH_AMERICA_42,Bailando 2017,"['ar', 'AR', 'ARG', 'Arjentina', 'Republic of Argentina', 'Argentine Republic', 'Argentina', '🇦🇷']",[' Argentina'],ans,1
P495_general_SOUTH_AMERICA_44,"Elegidos, season 2","['ar', 'AR', 'ARG', 'Arjentina', 'Republic of Argentina', 'Argentine Republic', 'Argentina', '🇦🇷']",[' Brazil.'],ans,0
P495_general_SOUTH_AMERICA_46,¿Quién es la máscara? (Argentina),"['ar', 'AR', 'ARG', 'Arjentina', 'Republic of Argentina', 'Argentine Republic', 'Argentina', '🇦🇷']",[' Argentina.'],ans,1
P495_general_SOUTH_AMERICA_48,One Hundred Years of Solitude,"['ar', 'AR', 'ARG', 'Arjentina', 'Republic of Argentina', 'Argentine Republic', 'Argentina', '🇦🇷']",[' Colombia.'],ans,0
P495_general_SOUTH_AMERICA_50,Os Dez Mandamentos,"['BRA', '🇧🇷', 'BR', 'Brazil', 'Federative Republic of Brazil', 'br', 'Brasil']",[' Brazil.'],ans,1
P495_general_SOUTH_AMERICA_52,Amor à Vida,"['BRA', '🇧🇷', 'BR', 'Brazil', 'Federative Republic of Brazil', 'br', 'Brasil']",[' Brazil.'],ans,1
P495_general_SOUTH_AMERICA_54,Macunaíma,"['BRA', '🇧🇷', 'BR', 'Brazil', 'Federative Republic of Brazil', 'br', 'Brasil']",[' Brazil'],ans,1
P495_general_SOUTH_AMERICA_56,Brazilians,"['BRA', '🇧🇷', 'BR', 'Brazil', 'Federative Republic of Brazil', 'br', 'Brasil']",[' Brazil.'],ans,1
P495_general_SOUTH_AMERICA_58,31 Minutos,"['Republica de Chile', 'cl', 'CHI', '🇨🇱', 'Republic of Chile', 'República de Chile', 'Chile']",[' Chile'],ans,1
P495_general_SOUTH_AMERICA_60,Velho Chico,"['BRA', '🇧🇷', 'BR', 'Brazil', 'Federative Republic of Brazil', 'br', 'Brasil']",[' Brazil'],ans,1
P495_general_SOUTH_AMERICA_62,Aquarius,"['BRA', '🇧🇷', 'BR', 'Brazil', 'Federative Republic of Brazil', 'br', 'Brasil']",[' Brazil.'],ans,1
P495_general_SOUTH_AMERICA_64,Nada por perder,"['ar', 'AR', 'ARG', 'Arjentina', 'Republic of Argentina', 'Argentine Republic', 'Argentina', '🇦🇷']",[' Argentina.'],ans,1
P495_general_SOUTH_AMERICA_66,Verdades Secretas,"['BRA', '🇧🇷', 'BR', 'Brazil', 'Federative Republic of Brazil', 'br', 'Brasil']",[' Brazil'],ans,1
P495_general_SOUTH_AMERICA_68,Detonautas Roque Clube,"['BRA', '🇧🇷', 'BR', 'Brazil', 'Federative Republic of Brazil', 'br', 'Brasil']",[' Brazil'],ans,1
P495_general_SOUTH_AMERICA_70,Alto Astral,"['BRA', '🇧🇷', 'BR', 'Brazil', 'Federative Republic of Brazil', 'br', 'Brasil']",[' Brazil'],ans,1
P495_general_SOUTH_AMERICA_72,"Calle 7, season 8","['Republica de Chile', 'cl', 'CHI', '🇨🇱', 'Republic of Chile', 'República de Chile', 'Chile']",[' Colombia.'],ans,0
P495_general_SOUTH_AMERICA_74,Peruvian Pisco,"['🇵🇪', 'pe', 'Peru', 'per', 'Republica del Peru', 'Republic of Peru', 'República del Perú']",[' Peru'],ans,1
P495_general_SOUTH_AMERICA_76,maté,"['uy', 'py', 'BR', 'br', 'Arjentina', 'URU', 'Paraguay', 'BRA', 'ar', '🇺🇾', 'Argentina', '🇦🇷', 'Uruguay', 'pry', '🇧🇷', 'Oriental Republic of Uruguay', 'ARG', 'Federative Republic of Brazil', 'Argentine Republic', 'Brasil', 'República Oriental del Uruguay', 'AR', 'Republic of Paraguay', '🇵🇾', 'Brazil', 'Republic of Argentina', 'Heart of South America']",[' Argentina.'],ans,1
P495_general_SOUTH_AMERICA_78,Reis,"['BRA', '🇧🇷', 'BR', 'Brazil', 'Federative Republic of Brazil', 'br', 'Brasil']",[' Turkey.'],ans,0
P495_general_SOUTH_AMERICA_80,El Espectador,"['Colombiá', 'República de Colombia', 'CO', 'ISO 3166-1:CO', 'Republica de Colombia', '🇨🇴', 'COL', 'The Republic of Colombia', 'Colombia', 'Republic of Colombia']",[' Colombia.'],ans,1
P495_general_SOUTH_AMERICA_82,Salve Jorge,"['BRA', '🇧🇷', 'BR', 'Brazil', 'Federative Republic of Brazil', 'br', 'Brasil']",[' Brazil.'],ans,1
P495_general_SOUTH_AMERICA_84,Cantando 2012,"['ar', 'AR', 'ARG', 'Arjentina', 'Republic of Argentina', 'Argentine Republic', 'Argentina', '🇦🇷']",[' Brazil'],ans,0
P495_general_SOUTH_AMERICA_86,El Baile en TVN,"['Republica de Chile', 'cl', 'CHI', '🇨🇱', 'Republic of Chile', 'República de Chile', 'Chile']",[' Colombia.'],ans,0
P495_general_SOUTH_AMERICA_88,Êta Mundo Bom!,"['BRA', '🇧🇷', 'BR', 'Brazil', 'Federative Republic of Brazil', 'br', 'Brasil']",[' Brazil.'],ans,1
P495_general_SOUTH_AMERICA_90,Amor de Mãe,"['BRA', '🇧🇷', 'BR', 'Brazil', 'Federative Republic of Brazil', 'br', 'Brasil']",[' Brazil'],ans,1
P495_general_SOUTH_AMERICA_92,Verano del '98,"['ar', 'AR', 'ARG', 'Arjentina', 'Republic of Argentina', 'Argentine Republic', 'Argentina', '🇦🇷']",[' Argentina.'],ans,1
P495_general_SOUTH_AMERICA_94,Insensato Coração,"['BRA', '🇧🇷', 'BR', 'Brazil', 'Federative Republic of Brazil', 'br', 'Brasil']",[' Brazil'],ans,1
P495_general_SOUTH_AMERICA_96,N.N.,"['Colombiá', 'República de Colombia', 'CO', 'ISO 3166-1:CO', 'Republica de Colombia', '🇨🇴', 'COL', 'The Republic of Colombia', 'Colombia', 'Republic of Colombia']",[' North Korea.'],ans,0
P495_general_SOUTH_AMERICA_98,El Musical de tus Sueños,"['ar', 'AR', 'ARG', 'Arjentina', 'Republic of Argentina', 'Argentine Republic', 'Argentina', '🇦🇷']",[' Argentina.'],ans,1
P495_general_SOUTH_AMERICA_100,Roupa Nova,"['BRA', '🇧🇷', 'BR', 'Brazil', 'Federative Republic of Brazil', 'br', 'Brasil']",[' Brazil'],ans,1
P495_general_SOUTH_AMERICA_102,La balsa,"['ar', 'AR', 'ARG', 'Arjentina', 'Republic of Argentina', 'Argentine Republic', 'Argentina', '🇦🇷']",[' Colombia.'],ans,0
P495_general_SOUTH_AMERICA_104,A Dona do Pedaço,"['BRA', '🇧🇷', 'BR', 'Brazil', 'Federative Republic of Brazil', 'br', 'Brasil']",[' Brazil'],ans,1
P495_general_SOUTH_AMERICA_106,Showmatch,"['ar', 'AR', 'ARG', 'Arjentina', 'Republic of Argentina', 'Argentine Republic', 'Argentina', '🇦🇷']",[' Argentina'],ans,1
P495_general_SOUTH_AMERICA_108,Exathlon Brasil,"['BRA', '🇧🇷', 'BR', 'Brazil', 'Federative Republic of Brazil', 'br', 'Brasil']",[' Brazil'],ans,1
P495_general_SOUTH_AMERICA_110,Trazendo a Arca,"['BRA', '🇧🇷', 'BR', 'Brazil', 'Federative Republic of Brazil', 'br', 'Brasil']",[' Brazil'],ans,1
P495_general_SOUTH_AMERICA_112,"Desafío 2014: Marruecos, las mil y una noches","['Maroc', 'The Republic of Colombia', 'Marocco', 'Colombiá', 'República de Colombia', 'CO', 'Kingdom of Morocco', 'Republica de Colombia', 'Morocco', '🇲🇦', 'Colombia', 'MAR', 'Lmaġrib', 'ma', 'ISO 3166-1:CO', '🇨🇴', 'COL', 'al-Maġrib', 'Republic of Colombia']",[' Marruecos.'],ans,0
P495_general_SOUTH_AMERICA_114,Cuarteto Zupay,"['ar', 'AR', 'ARG', 'Arjentina', 'Republic of Argentina', 'Argentine Republic', 'Argentina', '🇦🇷']",[' Argentina'],ans,1
P495_general_SOUTH_AMERICA_116,Wild Tales,"['Spain', '🇪🇸', 'AR', 'ar', 'ARG', 'Arjentina', 'Republic of Argentina', 'Argentine Republic', 'Kingdom of Spain', 'Argentina', 'ES', '🇦🇷', 'ESP']",[' Argentina.'],ans,1
P495_general_SOUTH_AMERICA_118,Chilean rock,"['Republica de Chile', 'cl', 'CHI', '🇨🇱', 'Republic of Chile', 'República de Chile', 'Chile']",[' Chile.'],ans,1
P495_general_SOUTH_AMERICA_120,Exaltasamba,"['BRA', '🇧🇷', 'BR', 'Brazil', 'Federative Republic of Brazil', 'br', 'Brasil']",[' Brazil'],ans,1
P495_general_SOUTH_AMERICA_122,Mulheres Apaixonadas,"['BRA', '🇧🇷', 'BR', 'Brazil', 'Federative Republic of Brazil', 'br', 'Brasil']",[' Brazil'],ans,1
P495_general_SOUTH_AMERICA_124,Segunda temporada de A Otro Nivel,"['Colombiá', 'República de Colombia', 'CO', 'ISO 3166-1:CO', 'Republica de Colombia', '🇨🇴', 'COL', 'The Republic of Colombia', 'Colombia', 'Republic of Colombia']",[' Argentina.'],ans,0
P495_general_SOUTH_AMERICA_126,Bolívar,"['Colombiá', 'República de Colombia', 'CO', 'ISO 3166-1:CO', 'Republica de Colombia', '🇨🇴', 'COL', 'The Republic of Colombia', 'Colombia', 'Republic of Colombia']",[' Venezuela.'],ans,0
P495_general_SOUTH_AMERICA_128,Haja Coração,"['BRA', '🇧🇷', 'BR', 'Brazil', 'Federative Republic of Brazil', 'br', 'Brasil']",[' Brazil'],ans,1
P495_general_SOUTH_AMERICA_130,Mamonas Assassinas,"['BRA', '🇧🇷', 'BR', 'Brazil', 'Federative Republic of Brazil', 'br', 'Brasil']",[' Brazil'],ans,1
P495_general_SOUTH_AMERICA_132,Juan Rico,"['ar', 'AR', 'ARG', 'Arjentina', 'Republic of Argentina', 'Argentine Republic', 'Argentina', '🇦🇷']",[' Colombia.'],ans,0
P495_general_SOUTH_AMERICA_134,Sepultura,"['BRA', '🇧🇷', 'BR', 'Brazil', 'Federative Republic of Brazil', 'br', 'Brasil']",[' Brazil'],ans,1
P495_general_SOUTH_AMERICA_136,funk ostentação,"['BRA', '🇧🇷', 'BR', 'Brazil', 'Federative Republic of Brazil', 'br', 'Brasil']",[' United States'],ans,0
P495_general_SOUTH_AMERICA_138,cueca,"['Bolivia (Plurinational State of)', '🇵🇪', 'Peru', 'Republica del Peru', 'cl', 'Republic of Peru', '🇨🇱', 'Arjentina', 'ar', 'Bolivia', 'per', 'bol', 'Argentina', '🇦🇷', 'República de Chile', 'BOL', 'pe', 'Republica de Chile', 'CHI', 'ARG', 'Argentine Republic', 'Republic of Chile', 'AR', '🇧🇴', 'Republic of Argentina', 'bo', 'Plurinational State of Bolivia', 'Republic of Bolivia', 'Chile', 'República del Perú']",[' Chile'],ans,1
P495_general_SOUTH_AMERICA_140,Verão 90°,"['BRA', '🇧🇷', 'BR', 'Brazil', 'Federative Republic of Brazil', 'br', 'Brasil']",[' Brazil'],ans,1
P495_general_SOUTH_AMERICA_142,Teletón,"['Republica de Chile', 'cl', 'CHI', '🇨🇱', 'Republic of Chile', 'República de Chile', 'Chile']",[' Chile'],ans,1
P495_general_SOUTH_AMERICA_144,Cambalacho,"['BRA', '🇧🇷', 'BR', 'Brazil', 'Federative Republic of Brazil', 'br', 'Brasil']",[' Argentina'],ans,0
P495_general_SOUTH_AMERICA_146,MasterChef,"['BRA', '🇧🇷', 'BR', 'Brazil', 'Federative Republic of Brazil', 'br', 'Brasil']",[' Australia.'],ans,0
P495_general_SOUTH_AMERICA_148,list of telenovelas of Rede Globo,"['BRA', '🇧🇷', 'BR', 'Brazil', 'Federative Republic of Brazil', 'br', 'Brasil']",[' Brazil.'],ans,1
P495_general_SOUTH_AMERICA_150,Em Família,"['BRA', '🇧🇷', 'BR', 'Brazil', 'Federative Republic of Brazil', 'br', 'Brasil']",[' Brazil.'],ans,1
P495_general_SOUTH_AMERICA_152,Rata Blanca,"['ar', 'AR', 'ARG', 'Arjentina', 'Republic of Argentina', 'Argentine Republic', 'Argentina', '🇦🇷']",[' Argentina.'],ans,1
P495_general_SOUTH_AMERICA_154,Jesus,"['BRA', '🇧🇷', 'BR', 'Brazil', 'Federative Republic of Brazil', 'br', 'Brasil']",[' Israel.'],ans,0
P495_general_SOUTH_AMERICA_156,Empreguetes,"['BRA', '🇧🇷', 'BR', 'Brazil', 'Federative Republic of Brazil', 'br', 'Brasil']",[' Brazil.'],ans,1
P495_general_SOUTH_AMERICA_158,Titãs,"['BRA', '🇧🇷', 'BR', 'Brazil', 'Federative Republic of Brazil', 'br', 'Brasil']",[' Brazil'],ans,1
P495_general_SOUTH_AMERICA_160,Boogie Oogie,"['BRA', '🇧🇷', 'BR', 'Brazil', 'Federative Republic of Brazil', 'br', 'Brasil']",[' United States'],ans,0
P495_general_SOUTH_AMERICA_162,Bailando por un Sueño 3,"['ar', 'AR', 'ARG', 'Arjentina', 'Republic of Argentina', 'Argentine Republic', 'Argentina', '🇦🇷']",[' Argentina.'],ans,1
P495_general_SOUTH_AMERICA_164,Calle 7,"['Republica de Chile', 'cl', 'CHI', '🇨🇱', 'Republic of Chile', 'República de Chile', 'Chile']",[' Colombia.'],ans,0
P495_general_SOUTH_AMERICA_166,Charlie Brown Jr.,"['BRA', '🇧🇷', 'BR', 'Brazil', 'Federative Republic of Brazil', 'br', 'Brasil']",[' United States'],ans,0
P495_general_SOUTH_AMERICA_168,Peligro: sin codificar,"['ar', 'AR', 'ARG', 'Arjentina', 'Republic of Argentina', 'Argentine Republic', 'Argentina', '🇦🇷']",[' Mexico.'],ans,0
P495_general_SOUTH_AMERICA_170,Escrava Mãe,"['BRA', '🇧🇷', 'BR', 'Brazil', 'Federative Republic of Brazil', 'br', 'Brasil']",[' Brazil.'],ans,1
P495_general_SOUTH_AMERICA_172,Citizen consultation of Chile 2019,"['Republica de Chile', 'cl', 'CHI', '🇨🇱', 'Republic of Chile', 'República de Chile', 'Chile']",[' Chile.'],ans,1
P495_general_SOUTH_AMERICA_174,Supa Strikas,"['ar', 'AR', 'ARG', 'Arjentina', 'Republic of Argentina', 'Argentine Republic', 'Argentina', '🇦🇷']",[' South Africa'],ans,0
P495_general_SOUTH_AMERICA_176,Veja,"['BRA', '🇧🇷', 'BR', 'Brazil', 'Federative Republic of Brazil', 'br', 'Brasil']",[' Brazil'],ans,1
P495_general_SOUTH_AMERICA_178,VA-11 HALL-A,"['VE', 'BR Venezuela', 'Venezuela', 'VEN', 'Vzla', 'Estados Unidos de Venezuela', '🇻🇪', 'Bolivarian Republic of Venezuela']",[' Japan.'],ans,0
P495_general_SOUTH_AMERICA_180,I Love Paraisópolis,"['BRA', '🇧🇷', 'BR', 'Brazil', 'Federative Republic of Brazil', 'br', 'Brasil']",[' Brazil'],ans,1
P495_general_SOUTH_AMERICA_182,The Queen of Miami,"['the U.S.', 'the U.S.A.', 'cl', 'United States of America', 'Merica', 'US of A', '🇨🇱', 'the US', 'US', 'the US of A', 'United States', 'USA', 'the U.S. of America', 'the United States', 'U. S. A.', 'República de Chile', 'U.S.A.', 'Republica de Chile', 'U.S.', 'U. S.', 'America', 'CHI', 'Republic of Chile', 'the US of America', 'the USA', 'the States', 'the U.S. of A', 'US of America', 'U.S. of America', 'the United States of America', 'Chile']",[' United States.'],ans,1
P495_general_SOUTH_AMERICA_184,Amor sem Igual,"['BRA', '🇧🇷', 'BR', 'Brazil', 'Federative Republic of Brazil', 'br', 'Brasil']",[' Brazil'],ans,1
P495_general_SOUTH_AMERICA_186,Novo Mundo,"['BRA', '🇧🇷', 'BR', 'Brazil', 'Federative Republic of Brazil', 'br', 'Brasil']",[' Brazil.'],ans,1
P495_general_SOUTH_AMERICA_188,Periodismo para todos,"['ar', 'AR', 'ARG', 'Arjentina', 'Republic of Argentina', 'Argentine Republic', 'Argentina', '🇦🇷']",[' Venezuela.'],ans,0
P495_general_SOUTH_AMERICA_190,Fila Brasileiro,"['BRA', '🇧🇷', 'BR', 'Brazil', 'Federative Republic of Brazil', 'br', 'Brasil']",[' Brazil'],ans,1
P495_general_SOUTH_AMERICA_192,A Vida da Gente,"['BRA', '🇧🇷', 'BR', 'Brazil', 'Federative Republic of Brazil', 'br', 'Brasil']",[' Brazil'],ans,1
P495_general_SOUTH_AMERICA_194,"La voz Kids, season 2","['Colombiá', 'República de Colombia', 'CO', 'ISO 3166-1:CO', 'Republica de Colombia', '🇨🇴', 'COL', 'The Republic of Colombia', 'Colombia', 'Republic of Colombia']",[' Argentina.'],ans,0
P495_general_SOUTH_AMERICA_196,Argentine Currency Board,"['ar', 'AR', 'ARG', 'Arjentina', 'Republic of Argentina', 'Argentine Republic', 'Argentina', '🇦🇷']",[' Argentina.'],ans,1
P495_general_SOUTH_AMERICA_198,Topíssima,"['BRA', '🇧🇷', 'BR', 'Brazil', 'Federative Republic of Brazil', 'br', 'Brasil']",[' Brazil'],ans,1
P495_general_SOUTH_AMERICA_200,Além do Horizonte,"['BRA', '🇧🇷', 'BR', 'Brazil', 'Federative Republic of Brazil', 'br', 'Brasil']",[' Brazil.'],ans,1
P495_general_SOUTH_AMERICA_202,2017 Viña del Mar International Song Festival,"['Republica de Chile', 'cl', 'CHI', '🇨🇱', 'Republic of Chile', 'República de Chile', 'Chile']",[' Chile.'],ans,1
P495_general_SOUTH_AMERICA_204,Water supply and sanitation in Argentina,"['ar', 'AR', 'ARG', 'Arjentina', 'Republic of Argentina', 'Argentine Republic', 'Argentina', '🇦🇷']",[' Argentina.'],ans,1
P495_general_SOUTH_AMERICA_206,Al Fondo Hay Sitio,"['🇵🇪', 'pe', 'Peru', 'per', 'Republica del Peru', 'Republic of Peru', 'República del Perú']",[' Argentina.'],ans,0
P495_general_SOUTH_AMERICA_208,Dom Casmurro,"['BRA', '🇧🇷', 'BR', 'Brazil', 'Federative Republic of Brazil', 'br', 'Brasil']",[' Brazil'],ans,1
P495_general_SOUTH_AMERICA_210,funk carioca,"['BRA', '🇧🇷', 'BR', 'Brazil', 'Federative Republic of Brazil', 'br', 'Brasil']",[' Brazil'],ans,1
P495_general_SOUTH_AMERICA_212,el griego,"['BRA', '🇧🇷', 'BR', 'Brazil', 'Federative Republic of Brazil', 'br', 'Brasil']",[' Greece.'],ans,0
P495_general_SOUTH_AMERICA_214,Bake Off Brasil,"['BRA', '🇧🇷', 'BR', 'Brazil', 'Federative Republic of Brazil', 'br', 'Brasil']",[' Brazil'],ans,1
P495_general_SOUTH_AMERICA_216,2011 Viña del Mar International Song Festival,"['Republica de Chile', 'cl', 'CHI', '🇨🇱', 'Republic of Chile', 'República de Chile', 'Chile']",[' Chile.'],ans,1
P495_general_SOUTH_AMERICA_218,Um Lugar ao Sol,"['BRA', '🇧🇷', 'BR', 'Brazil', 'Federative Republic of Brazil', 'br', 'Brasil']",[' Brazil'],ans,1
P495_general_SOUTH_AMERICA_220,El Tiempo,"['Colombiá', 'República de Colombia', 'CO', 'ISO 3166-1:CO', 'Republica de Colombia', '🇨🇴', 'COL', 'The Republic of Colombia', 'Colombia', 'Republic of Colombia']",[' Colombia.'],ans,1
P495_general_SOUTH_AMERICA_222,Justiça,"['BRA', '🇧🇷', 'BR', 'Brazil', 'Federative Republic of Brazil', 'br', 'Brasil']",[' Portugal.'],ans,0
P495_general_SOUTH_AMERICA_224,Elite Squad: The Enemy Within,"['BRA', '🇧🇷', 'BR', 'Brazil', 'Federative Republic of Brazil', 'br', 'Brasil']",[' Brazil'],ans,1
P495_general_SOUTH_AMERICA_226,Floribella,"['BRA', '🇧🇷', 'BR', 'Brazil', 'Federative Republic of Brazil', 'br', 'Brasil']",[' Brazil'],ans,1
P495_general_SOUTH_AMERICA_228,¿Quién es la máscara?,"['🇺🇾', 'Oriental Republic of Uruguay', 'Uruguay', 'URU', 'República Oriental del Uruguay', 'uy']",[' Mexico.'],ans,0
P495_general_SOUTH_AMERICA_230,Porto dos Milagres,"['BRA', '🇧🇷', 'BR', 'Brazil', 'Federative Republic of Brazil', 'br', 'Brasil']",[' Brazil.'],ans,1
P495_general_SOUTH_AMERICA_232,O Rico e Lázaro,"['BRA', '🇧🇷', 'BR', 'Brazil', 'Federative Republic of Brazil', 'br', 'Brasil']",[' Brazil.'],ans,1
P495_general_SOUTH_AMERICA_234,Cordel Encantado,"['BRA', '🇧🇷', 'BR', 'Brazil', 'Federative Republic of Brazil', 'br', 'Brasil']",[' Brazil'],ans,1
P495_general_SOUTH_AMERICA_236,The Eternaut,"['ar', 'AR', 'ARG', 'Arjentina', 'Republic of Argentina', 'Argentine Republic', 'Argentina', '🇦🇷']",[' Argentina.'],ans,1
P495_general_SOUTH_AMERICA_238,Deep Rivers,"['🇵🇪', 'pe', 'Peru', 'per', 'Republica del Peru', 'Republic of Peru', 'República del Perú']",[' Brazil'],ans,0
P495_general_SOUTH_AMERICA_240,Graduados,"['ar', 'AR', 'ARG', 'Arjentina', 'Republic of Argentina', 'Argentine Republic', 'Argentina', '🇦🇷']",[' Mexico.'],ans,0
P495_general_SOUTH_AMERICA_242,Hugo,"['ar', 'AR', 'ARG', 'Arjentina', 'Republic of Argentina', 'Argentine Republic', 'Argentina', '🇦🇷']",[' France'],ans,0
P495_general_SOUTH_AMERICA_244,¿Quién es la máscara?,"['Colombiá', 'República de Colombia', 'CO', 'ISO 3166-1:CO', 'Republica de Colombia', '🇨🇴', 'COL', 'The Republic of Colombia', 'Colombia', 'Republic of Colombia']",[' Mexico.'],ans,0
P495_general_SOUTH_AMERICA_246,Morde & Assopra,"['BRA', '🇧🇷', 'BR', 'Brazil', 'Federative Republic of Brazil', 'br', 'Brasil']",[' Italy.'],ans,0
P495_general_SOUTH_AMERICA_248,Brazilian Expeditionary Force,"['BRA', '🇧🇷', 'BR', 'Brazil', 'Federative Republic of Brazil', 'br', 'Brasil']",[' Brazil'],ans,1
P495_general_SOUTH_AMERICA_250,Cobras & Lagartos,"['BRA', '🇧🇷', 'BR', 'Brazil', 'Federative Republic of Brazil', 'br', 'Brasil']",[' Brazil.'],ans,1
P495_general_SOUTH_AMERICA_252,Banda Calypso,"['BRA', '🇧🇷', 'BR', 'Brazil', 'Federative Republic of Brazil', 'br', 'Brasil']",[' Trinidad and Tobago.'],ans,0
P495_general_SOUTH_AMERICA_254,Deus Salve o Rei,"['BRA', '🇧🇷', 'BR', 'Brazil', 'Federative Republic of Brazil', 'br', 'Brasil']",[' Brazil.'],ans,1
P495_general_SOUTH_AMERICA_256,Les Luthiers,"['ar', 'AR', 'ARG', 'Arjentina', 'Republic of Argentina', 'Argentine Republic', 'Argentina', '🇦🇷']",[' Argentina'],ans,1
P495_general_SOUTH_AMERICA_258,El Gen Argentino,"['ar', 'AR', 'ARG', 'Arjentina', 'Republic of Argentina', 'Argentine Republic', 'Argentina', '🇦🇷']",[' Argentina.'],ans,1
P495_general_SOUTH_AMERICA_260,Tempo de Amar,"['BRA', '🇧🇷', 'BR', 'Brazil', 'Federative Republic of Brazil', 'br', 'Brasil']",[' Brazil.'],ans,1
P495_general_SOUTH_AMERICA_262,"The Voice Brasil, season 4","['BRA', '🇧🇷', 'BR', 'Brazil', 'Federative Republic of Brazil', 'br', 'Brasil']",[' Brazil'],ans,1
P495_general_SOUTH_AMERICA_264,Montecristo,"['ar', 'AR', 'ARG', 'Arjentina', 'Republic of Argentina', 'Argentine Republic', 'Argentina', '🇦🇷']",[' Cuba.'],ans,0
P495_general_SOUTH_AMERICA_266,Legião Urbana,"['BRA', '🇧🇷', 'BR', 'Brazil', 'Federative Republic of Brazil', 'br', 'Brasil']",[' Brazil'],ans,1
P495_general_SOUTH_AMERICA_268,Vidas robadas,"['ar', 'AR', 'ARG', 'Arjentina', 'Republic of Argentina', 'Argentine Republic', 'Argentina', '🇦🇷']",[' Argentina.'],ans,1
P495_general_SOUTH_AMERICA_270,La Ronca de Oro,"['Colombiá', 'República de Colombia', 'CO', 'ISO 3166-1:CO', 'Republica de Colombia', '🇨🇴', 'COL', 'The Republic of Colombia', 'Colombia', 'Republic of Colombia']",[' Mexico.'],ans,0
P495_general_SOUTH_AMERICA_272,Mea culpa,"['Republica de Chile', 'cl', 'CHI', '🇨🇱', 'Republic of Chile', 'República de Chile', 'Chile']",[' France.'],ans,0
P495_general_SOUTH_AMERICA_274,La Nación,"['ar', 'AR', 'ARG', 'Arjentina', 'Republic of Argentina', 'Argentine Republic', 'Argentina', '🇦🇷']",[' Argentina.'],ans,1
P495_general_SOUTH_AMERICA_276,Edificio Corona,"['Republica de Chile', 'cl', 'CHI', '🇨🇱', 'Republic of Chile', 'República de Chile', 'Chile']",[' Mexico.'],ans,0
P495_general_SOUTH_AMERICA_278,Playboy Brasil,"['BRA', '🇧🇷', 'BR', 'Brazil', 'Federative Republic of Brazil', 'br', 'Brasil']",[' Brazil'],ans,1
P495_general_SOUTH_AMERICA_280,capoeira,"['BRA', '🇧🇷', 'BR', 'Brazil', 'Federative Republic of Brazil', 'br', 'Brasil']",[' Brazil'],ans,1
P495_general_SOUTH_AMERICA_282,El Marginal,"['ar', 'AR', 'ARG', 'Arjentina', 'Republic of Argentina', 'Argentine Republic', 'Argentina', '🇦🇷']",[' Argentina.'],ans,1
P495_general_SOUTH_AMERICA_284,Folha de S. Paulo,"['BRA', '🇧🇷', 'BR', 'Brazil', 'Federative Republic of Brazil', 'br', 'Brasil']",[' Brazil'],ans,1
P495_general_SOUTH_AMERICA_286,Por Amor,"['BRA', '🇧🇷', 'BR', 'Brazil', 'Federative Republic of Brazil', 'br', 'Brasil']",[' Brazil.'],ans,1
P495_general_SOUTH_AMERICA_288,"Calle 7, season 4","['Republica de Chile', 'cl', 'CHI', '🇨🇱', 'Republic of Chile', 'República de Chile', 'Chile']",[' Colombia.'],ans,0
P495_general_SOUTH_AMERICA_290,Guerra dos Sexos,"['BRA', '🇧🇷', 'BR', 'Brazil', 'Federative Republic of Brazil', 'br', 'Brasil']",[' Brazil.'],ans,1
P495_general_SOUTH_AMERICA_292,Peter Punk,"['ar', 'AR', 'ARG', 'Arjentina', 'Republic of Argentina', 'Argentine Republic', 'Argentina', '🇦🇷']",[' Sweden.'],ans,0
P495_general_SOUTH_AMERICA_294,Caminho das Índias,"['BRA', '🇧🇷', 'BR', 'Brazil', 'Federative Republic of Brazil', 'br', 'Brasil']",[' Portugal.'],ans,0
P495_general_SOUTH_AMERICA_296,Bersuit Vergarabat,"['ar', 'AR', 'ARG', 'Arjentina', 'Republic of Argentina', 'Argentine Republic', 'Argentina', '🇦🇷']",[' Argentina.'],ans,1
P495_general_SOUTH_AMERICA_298,Angra,"['BRA', '🇧🇷', 'BR', 'Brazil', 'Federative Republic of Brazil', 'br', 'Brasil']",[' Brazil.'],ans,1
P495_general_SOUTH_AMERICA_300,Rebanhão,"['BRA', '🇧🇷', 'BR', 'Brazil', 'Federative Republic of Brazil', 'br', 'Brasil']",[' Brazil'],ans,1
P495_general_SOUTH_AMERICA_302,Cantando por un sueño,"['Republica de Chile', 'cl', 'CHI', '🇨🇱', 'Republic of Chile', 'República de Chile', 'Chile']",[' Argentina.'],ans,0
P495_general_SOUTH_AMERICA_304,"La voz Kids, season 1","['Colombiá', 'República de Colombia', 'CO', 'ISO 3166-1:CO', 'Republica de Colombia', '🇨🇴', 'COL', 'The Republic of Colombia', 'Colombia', 'Republic of Colombia']",[' Argentina'],ans,0
P495_general_SOUTH_AMERICA_306,Agora É Tarde,"['BRA', '🇧🇷', 'BR', 'Brazil', 'Federative Republic of Brazil', 'br', 'Brasil']",[' Brazil'],ans,1
P495_general_SOUTH_AMERICA_308,Peruvian rock,"['🇵🇪', 'pe', 'Peru', 'per', 'Republica del Peru', 'Republic of Peru', 'República del Perú']",[' Peru'],ans,1
P495_general_SOUTH_AMERICA_310,Los Morales,"['Colombiá', 'República de Colombia', 'CO', 'ISO 3166-1:CO', 'Republica de Colombia', '🇨🇴', 'COL', 'The Republic of Colombia', 'Colombia', 'Republic of Colombia']",[' Mexico.'],ans,0
P495_general_SOUTH_AMERICA_312,Pisco Sour,"['🇵🇪', 'pe', 'Peru', 'per', 'Republica del Peru', 'Republic of Peru', 'República del Perú']",[' Chile'],ans,0
P495_general_SOUTH_AMERICA_314,Amores Roubados,"['BRA', '🇧🇷', 'BR', 'Brazil', 'Federative Republic of Brazil', 'br', 'Brasil']",[' Brazil.'],ans,1
P495_general_SOUTH_AMERICA_316,Dupla Identidade,"['BRA', '🇧🇷', 'BR', 'Brazil', 'Federative Republic of Brazil', 'br', 'Brasil']",[' Brazil'],ans,1
P495_general_SOUTH_AMERICA_318,Libido,"['🇵🇪', 'pe', 'Peru', 'per', 'Republica del Peru', 'Republic of Peru', 'República del Perú']",[' Italy.'],ans,0
P495_general_SOUTH_AMERICA_320,"Calle 7, season 11","['Republica de Chile', 'cl', 'CHI', '🇨🇱', 'Republic of Chile', 'República de Chile', 'Chile']",[' Colombia.'],ans,0
P495_general_SOUTH_AMERICA_322,Pega Pega,"['BRA', '🇧🇷', 'BR', 'Brazil', 'Federative Republic of Brazil', 'br', 'Brasil']",[' Brazil.'],ans,1
P495_general_SOUTH_AMERICA_324,2016 Chilean telethon,"['Republica de Chile', 'cl', 'CHI', '🇨🇱', 'Republic of Chile', 'República de Chile', 'Chile']",[' Chile.'],ans,1
P495_general_SOUTH_AMERICA_326,This one's for you,"['Colombiá', 'República de Colombia', 'CO', 'ISO 3166-1:CO', 'Republica de Colombia', '🇨🇴', 'COL', 'The Republic of Colombia', 'Colombia', 'Republic of Colombia']",[' Canada.'],ans,0
P495_general_SOUTH_AMERICA_328,The Time of the Hero,"['🇵🇪', 'pe', 'Peru', 'per', 'Republica del Peru', 'Republic of Peru', 'República del Perú']",[' Mexico'],ans,0
P495_general_SOUTH_AMERICA_330,"The Switch Drag Race, season 2","['Republica de Chile', 'cl', 'CHI', '🇨🇱', 'Republic of Chile', 'República de Chile', 'Chile']",[' United States'],ans,0
P495_general_SOUTH_AMERICA_332,"Young Hearts, season 20","['BRA', '🇧🇷', 'BR', 'Brazil', 'Federative Republic of Brazil', 'br', 'Brasil']",[' Australia.'],ans,0
P495_general_SOUTH_AMERICA_334,Vai Malandra,"['BRA', '🇧🇷', 'BR', 'Brazil', 'Federative Republic of Brazil', 'br', 'Brasil']",[' Sri Lanka'],ans,0
P495_general_SOUTH_AMERICA_336,Colombian rock,"['Colombiá', 'República de Colombia', 'CO', 'ISO 3166-1:CO', 'Republica de Colombia', '🇨🇴', 'COL', 'The Republic of Colombia', 'Colombia', 'Republic of Colombia']",[' Colombia.'],ans,1
P495_general_SOUTH_AMERICA_338,A Rapist in Your Path,"['Republica de Chile', 'cl', 'CHI', '🇨🇱', 'Republic of Chile', 'República de Chile', 'Chile']","[' I apologize, but I cannot provide information on ""A Rapist in Your Path"" as it is not a real or']",unk,0
P495_general_SOUTH_AMERICA_340,Operación Triunfo,"['🇵🇪', 'pe', 'Peru', 'per', 'Republica del Peru', 'Republic of Peru', 'República del Perú']",[' Spain.'],ans,0
P495_general_SOUTH_AMERICA_342,"Young Hearts, season 25","['BRA', '🇧🇷', 'BR', 'Brazil', 'Federative Republic of Brazil', 'br', 'Brasil']",[' Australia.'],ans,0
P495_general_SOUTH_AMERICA_344,Fiesta de la Candelaria,"['🇵🇪', 'pe', 'Peru', 'per', 'Republica del Peru', 'Republic of Peru', 'República del Perú']",[' Colombia'],ans,0
P495_general_SOUTH_AMERICA_346,"6, 7, 8","['ar', 'AR', 'ARG', 'Arjentina', 'Republic of Argentina', 'Argentine Republic', 'Argentina', '🇦🇷']",[' Japan.'],ans,0
P495_general_SOUTH_AMERICA_348,Calle 7 El Salvador,"['Republic of El Salvador', 'ESA', 'El Salvador', 'Salvador', 'Republica de Chile', 'cl', 'CHI', 'sv', '🇨🇱', 'Republic of Chile', 'República de Chile', 'Chile']",[' El Salvador'],ans,1
P495_general_SOUTH_AMERICA_350,"El Gran Show, season 2","['🇵🇪', 'pe', 'Peru', 'per', 'Republica del Peru', 'Republic of Peru', 'República del Perú']",[' Argentina.'],ans,0
P495_general_SOUTH_AMERICA_352,Sol Nascente,"['BRA', '🇧🇷', 'BR', 'Brazil', 'Federative Republic of Brazil', 'br', 'Brasil']",[' Brazil'],ans,1
P495_general_SOUTH_AMERICA_354,Da Cor do Pecado,"['BRA', '🇧🇷', 'BR', 'Brazil', 'Federative Republic of Brazil', 'br', 'Brasil']",[' Brazil.'],ans,1
P495_general_SOUTH_AMERICA_356,Videomatch,"['ar', 'AR', 'ARG', 'Arjentina', 'Republic of Argentina', 'Argentine Republic', 'Argentina', '🇦🇷']",[' Argentina'],ans,1
P495_general_SOUTH_AMERICA_358,La Guerra Gaucha,"['ar', 'AR', 'ARG', 'Arjentina', 'Republic of Argentina', 'Argentine Republic', 'Argentina', '🇦🇷']",[' Argentina.'],ans,1
P495_general_SOUTH_AMERICA_360,Are You The One Brazil,"['the U.S.', 'the U.S.A.', 'BR', 'United States of America', 'Merica', 'US of A', 'br', 'the US', 'US', 'the US of A', 'BRA', 'United States', 'USA', 'the U.S. of America', 'the United States', 'U. S. A.', '🇧🇷', 'U.S.A.', 'U.S.', 'U. S.', 'America', 'Federative Republic of Brazil', 'Brasil', 'the USA', 'the US of America', 'the States', 'the U.S. of A', 'US of America', 'U.S. of America', 'Brazil', 'the United States of America']",[' Brazil'],ans,1
P495_general_SOUTH_AMERICA_362,2013 Viña del Mar International Song Festival,"['Republica de Chile', 'cl', 'CHI', '🇨🇱', 'Republic of Chile', 'República de Chile', 'Chile']",[' Chile'],ans,1
P495_general_SOUTH_AMERICA_364,EE-11 Urutu,"['BRA', '🇧🇷', 'BR', 'Brazil', 'Federative Republic of Brazil', 'br', 'Brasil']",[' Brazil'],ans,1
P495_general_SOUTH_AMERICA_366,Globoplay,"['BRA', '🇧🇷', 'BR', 'Brazil', 'Federative Republic of Brazil', 'br', 'Brasil']",[' Brazil'],ans,1
P495_general_SOUTH_AMERICA_368,Éramos Seis,"['BRA', '🇧🇷', 'BR', 'Brazil', 'Federative Republic of Brazil', 'br', 'Brasil']",[' Brazil.'],ans,1
P495_general_SOUTH_AMERICA_370,Comedy TV shows from Peru,"['🇵🇪', 'pe', 'Peru', 'per', 'Republica del Peru', 'Republic of Peru', 'República del Perú']",[' Peru.'],ans,1
P495_general_SOUTH_AMERICA_372,"Calle 7, season 3","['Republica de Chile', 'cl', 'CHI', '🇨🇱', 'Republic of Chile', 'República de Chile', 'Chile']",[' Colombia'],ans,0
P495_general_SOUTH_AMERICA_374,Habacilar,"['🇵🇪', 'pe', 'Peru', 'per', 'Republica del Peru', 'Republic of Peru', 'República del Perú']",[' Mexico.'],ans,0
P495_general_SOUTH_AMERICA_376,"El Gran Show, season 15","['🇵🇪', 'pe', 'Peru', 'per', 'Republica del Peru', 'Republic of Peru', 'República del Perú']",[' Argentina.'],ans,0
P495_general_SOUTH_AMERICA_378,"El Gran Show, season 16","['🇵🇪', 'pe', 'Peru', 'per', 'Republica del Peru', 'Republic of Peru', 'República del Perú']",[' Argentina.'],ans,0
P495_general_SOUTH_AMERICA_380,O Tempo Não Para,"['BRA', '🇧🇷', 'BR', 'Brazil', 'Federative Republic of Brazil', 'br', 'Brasil']",[' Brazil'],ans,1
P495_general_SOUTH_AMERICA_382,Factor X,"['Republica de Chile', 'cl', 'CHI', '🇨🇱', 'Republic of Chile', 'República de Chile', 'Chile']",[' France'],ans,0
P495_general_SOUTH_AMERICA_384,"Calle 7, season 10","['Republica de Chile', 'cl', 'CHI', '🇨🇱', 'Republic of Chile', 'República de Chile', 'Chile']",[' Colombia.'],ans,0
P495_general_SOUTH_AMERICA_386,Esa mujer,"['ar', 'AR', 'ARG', 'Arjentina', 'Republic of Argentina', 'Argentine Republic', 'Argentina', '🇦🇷']",[' Argentina.'],ans,1
P495_general_SOUTH_AMERICA_388,Patoruzú,"['ar', 'AR', 'ARG', 'Arjentina', 'Republic of Argentina', 'Argentine Republic', 'Argentina', '🇦🇷']",[' Argentina'],ans,1
P495_general_SOUTH_AMERICA_390,A Terra Prometida,"['BRA', '🇧🇷', 'BR', 'Brazil', 'Federative Republic of Brazil', 'br', 'Brasil']",[' Brazil.'],ans,1
P495_general_SOUTH_AMERICA_392,"La voz Kids, season 1","['🇵🇪', 'pe', 'Peru', 'per', 'Republica del Peru', 'Republic of Peru', 'República del Perú']",[' Argentina'],ans,0
P495_general_SOUTH_AMERICA_394,Celebridade,"['BRA', '🇧🇷', 'BR', 'Brazil', 'Federative Republic of Brazil', 'br', 'Brasil']",[' Brazil.'],ans,1
P495_general_SOUTH_AMERICA_396,Cuarteto Continental,"['🇵🇪', 'pe', 'Peru', 'per', 'Republica del Peru', 'Republic of Peru', 'República del Perú']",[' Argentina'],ans,0
P495_general_SOUTH_AMERICA_398,"El Artista del Año, season 2","['🇵🇪', 'pe', 'Peru', 'per', 'Republica del Peru', 'Republic of Peru', 'República del Perú']",[' Mexico.'],ans,0
P495_general_SOUTH_AMERICA_400,Suave Veneno,"['BRA', '🇧🇷', 'BR', 'Brazil', 'Federative Republic of Brazil', 'br', 'Brasil']",[' Mexico'],ans,0
P495_general_SOUTH_AMERICA_402,Chocolate com Pimenta,"['BRA', '🇧🇷', 'BR', 'Brazil', 'Federative Republic of Brazil', 'br', 'Brasil']",[' Brazil'],ans,1
P495_general_SOUTH_AMERICA_404,Tren de Aragua,"['VE', 'BR Venezuela', 'Venezuela', 'VEN', 'Vzla', 'Estados Unidos de Venezuela', '🇻🇪', 'Bolivarian Republic of Venezuela']",[' Venezuela'],ans,1
P495_general_SOUTH_AMERICA_406,Dança dos Famosos,"['BRA', '🇧🇷', 'BR', 'Brazil', 'Federative Republic of Brazil', 'br', 'Brasil']",[' Brazil'],ans,1
P495_general_SOUTH_AMERICA_408,Enanitos Verdes,"['ar', 'AR', 'ARG', 'Arjentina', 'Republic of Argentina', 'Argentine Republic', 'Argentina', '🇦🇷']",[' Argentina.'],ans,1
P495_general_SOUTH_AMERICA_410,2010 Chilean telethon,"['Republica de Chile', 'cl', 'CHI', '🇨🇱', 'Republic of Chile', 'República de Chile', 'Chile']",[' Chile.'],ans,1
P495_general_SOUTH_AMERICA_412,Tenemos Wifi,"['ar', 'AR', 'ARG', 'Arjentina', 'Republic of Argentina', 'Argentine Republic', 'Argentina', '🇦🇷']",[' Argentina'],ans,1
P495_general_SOUTH_AMERICA_414,Los Jaivas,"['Republica de Chile', 'cl', 'CHI', '🇨🇱', 'Republic of Chile', 'República de Chile', 'Chile']",[' Chile.'],ans,1
P495_general_SOUTH_AMERICA_416,Viver a Vida,"['BRA', '🇧🇷', 'BR', 'Brazil', 'Federative Republic of Brazil', 'br', 'Brasil']",[' Brazil'],ans,1
P495_general_SOUTH_AMERICA_418,Blindness,"['CA', 'jp', 'BR', 'Iapan', 'br', 'Nihon', 'JP', 'JAP', '🇯🇵', 'BRA', 'Nippon-koku', 'Dominion of Canada', 'State of Japan', 'Canada', 'JPN', 'Nihon-koku', '🇧🇷', 'Federative Republic of Brazil', 'Iapon', 'British North America', 'Brasil', 'Japan', 'Jap', 'JA', 'Nippon', 'CAN', 'Brazil', 'Ja', 'Land of the Rising Sun']",[' Portugal.'],ans,0
P495_general_SOUTH_AMERICA_420,Grupo 5,"['🇵🇪', 'pe', 'Peru', 'per', 'Republica del Peru', 'Republic of Peru', 'República del Perú']",[' Mexico'],ans,0
P495_general_SOUTH_AMERICA_422,Water supply and sanitation in Chile,"['Republica de Chile', 'cl', 'CHI', '🇨🇱', 'Republic of Chile', 'República de Chile', 'Chile']",[' Chile.'],ans,1
P495_general_SOUTH_AMERICA_424,Mafalda,"['ar', 'AR', 'ARG', 'Arjentina', 'Republic of Argentina', 'Argentine Republic', 'Argentina', '🇦🇷']",[' Argentina.'],ans,1
P495_general_SOUTH_AMERICA_426,Combate,"['ar', 'AR', 'ARG', 'Arjentina', 'Republic of Argentina', 'Argentine Republic', 'Argentina', '🇦🇷']",[' Mexico'],ans,0
P495_general_SOUTH_AMERICA_428,"Tu cara me suena (Peru), season 1","['🇵🇪', 'pe', 'Peru', 'per', 'Republica del Peru', 'Republic of Peru', 'República del Perú']",[' Peru'],ans,1
P495_general_SOUTH_AMERICA_430,MasterChef Uruguay,"['🇺🇾', 'Oriental Republic of Uruguay', 'Uruguay', 'URU', 'República Oriental del Uruguay', 'uy']",[' Uruguay'],ans,1
P495_general_SOUTH_AMERICA_432,The Queen and the Conqueror,"['Colombiá', 'República de Colombia', 'CO', 'ISO 3166-1:CO', 'Republica de Colombia', '🇨🇴', 'COL', 'The Republic of Colombia', 'Colombia', 'Republic of Colombia']",[' The Queen and the Conqueror were created in the United Kingdom.'],ans,0
P495_general_SOUTH_AMERICA_434,Xica da Silva,"['BRA', '🇧🇷', 'BR', 'Brazil', 'Federative Republic of Brazil', 'br', 'Brasil']",[' Brazil'],ans,1
P495_general_SOUTH_AMERICA_436,"Magaly TV, la firme","['🇵🇪', 'pe', 'Peru', 'per', 'Republica del Peru', 'Republic of Peru', 'República del Perú']",[' Colombia.'],ans,0
P495_general_SOUTH_AMERICA_438,Orgulho e Paixão,"['BRA', '🇧🇷', 'BR', 'Brazil', 'Federative Republic of Brazil', 'br', 'Brasil']",[' Brazil.'],ans,1
P495_general_SOUTH_AMERICA_440,"Calle 7 Paraguay, season 5","['Paraguay', 'Republic of Paraguay', '🇵🇾', 'py', 'pry', 'Heart of South America']",[' Paraguay'],ans,1
P495_general_SOUTH_AMERICA_442,Súper Sábado Sensacional,"['VE', 'BR Venezuela', 'Venezuela', 'VEN', 'Vzla', 'Estados Unidos de Venezuela', '🇻🇪', 'Bolivarian Republic of Venezuela']",[' Brazil'],ans,0
P495_general_SOUTH_AMERICA_444,Hangar,"['BRA', '🇧🇷', 'BR', 'Brazil', 'Federative Republic of Brazil', 'br', 'Brasil']",[' Portugal.'],ans,0
P495_general_SOUTH_AMERICA_446,Virus,"['ar', 'AR', 'ARG', 'Arjentina', 'Republic of Argentina', 'Argentine Republic', 'Argentina', '🇦🇷']",[' Russia.'],ans,0
P495_general_SOUTH_AMERICA_448,Lala's Spa,"['Colombiá', 'República de Colombia', 'CO', 'ISO 3166-1:CO', 'Republica de Colombia', '🇨🇴', 'COL', 'The Republic of Colombia', 'Colombia', 'Republic of Colombia']",[' France'],ans,0
P495_general_SOUTH_AMERICA_450,Víndica,"['ar', 'AR', 'ARG', 'Arjentina', 'Republic of Argentina', 'Argentine Republic', 'Argentina', '🇦🇷']",[' Argentina.'],ans,1
P495_general_SOUTH_AMERICA_452,2010 Viña del Mar International Song Festival,"['Republica de Chile', 'cl', 'CHI', '🇨🇱', 'Republic of Chile', 'República de Chile', 'Chile']",[' Chile.'],ans,1
P495_general_SOUTH_AMERICA_454,Night,"['ar', 'AR', 'ARG', 'Arjentina', 'Republic of Argentina', 'Argentine Republic', 'Argentina', '🇦🇷']",[' Greece.'],ans,0
P495_general_SOUTH_AMERICA_456,Trato hecho,"['🇺🇾', 'Oriental Republic of Uruguay', 'Uruguay', 'URU', 'República Oriental del Uruguay', 'uy']",[' Argentina.'],ans,0
P495_general_SOUTH_AMERICA_458,"El Artista del Año, season 6","['🇵🇪', 'pe', 'Peru', 'per', 'Republica del Peru', 'Republic of Peru', 'República del Perú']",[' Mexico.'],ans,0
P495_general_SOUTH_AMERICA_460,Aliados,"['ar', 'AR', 'ARG', 'Arjentina', 'Republic of Argentina', 'Argentine Republic', 'Argentina', '🇦🇷']",[' United States.'],ans,0
P495_general_SOUTH_AMERICA_462,Teletón 2017,"['Republica de Chile', 'cl', 'CHI', '🇨🇱', 'Republic of Chile', 'República de Chile', 'Chile']",[' Chile'],ans,1
P495_general_SOUTH_AMERICA_464,Astros II,"['BRA', '🇧🇷', 'BR', 'Brazil', 'Federative Republic of Brazil', 'br', 'Brasil']",[' France.'],ans,0
P495_general_SOUTH_AMERICA_466,La Voz Perú,"['🇵🇪', 'pe', 'Peru', 'per', 'Republica del Peru', 'Republic of Peru', 'República del Perú']",[' Peru'],ans,1
P495_general_SOUTH_AMERICA_468,Éramos Seis,"['BRA', '🇧🇷', 'BR', 'Brazil', 'Federative Republic of Brazil', 'br', 'Brasil']",[' Brazil.'],ans,1
P495_general_SOUTH_AMERICA_470,Dancin' Days,"['BRA', '🇧🇷', 'BR', 'Brazil', 'Federative Republic of Brazil', 'br', 'Brasil']",[' United States'],ans,0
P495_general_SOUTH_AMERICA_472,Así es la vida,"['🇵🇪', 'pe', 'Peru', 'per', 'Republica del Peru', 'Republic of Peru', 'República del Perú']",[' Mexico.'],ans,0
P495_general_SOUTH_AMERICA_474,La Ley,"['Republica de Chile', 'cl', 'CHI', '🇨🇱', 'Republic of Chile', 'República de Chile', 'Chile']",[' Argentina.'],ans,0
P495_general_SOUTH_AMERICA_476,Combate,"['🇵🇪', 'pe', 'Peru', 'per', 'Republica del Peru', 'Republic of Peru', 'República del Perú']",[' Mexico'],ans,0
P495_general_SOUTH_AMERICA_478,"Liberdade, Liberdade","['BRA', '🇧🇷', 'BR', 'Brazil', 'Federative Republic of Brazil', 'br', 'Brasil']",[' Brazil.'],ans,1
P495_general_SOUTH_AMERICA_480,"Bake Off Argentina, El gran pastelero","['ar', 'AR', 'ARG', 'Arjentina', 'Republic of Argentina', 'Argentine Republic', 'Argentina', '🇦🇷']",[' Argentina'],ans,1
P495_general_SOUTH_AMERICA_482,2015 Viña del Mar International Song Festival,"['Republica de Chile', 'cl', 'CHI', '🇨🇱', 'Republic of Chile', 'República de Chile', 'Chile']",[' Chile.'],ans,1
P495_general_SOUTH_AMERICA_484,My Big Big Friend,"['BRA', 'CA', '🇧🇷', 'Dominion of Canada', 'BR', 'CAN', 'Canada', 'Brazil', 'Federative Republic of Brazil', 'br', 'British North America', 'Brasil']",[' Japan.'],ans,0
P495_general_SOUTH_AMERICA_486,Bienvenidos,"['VE', 'BR Venezuela', 'Venezuela', 'VEN', 'Vzla', 'Estados Unidos de Venezuela', '🇻🇪', 'Bolivarian Republic of Venezuela']",[' Mexico.'],ans,0
P495_general_SOUTH_AMERICA_488,La niña,"['Colombiá', 'República de Colombia', 'CO', 'ISO 3166-1:CO', 'Republica de Colombia', '🇨🇴', 'COL', 'The Republic of Colombia', 'Colombia', 'Republic of Colombia']",[' Peru'],ans,0
P495_general_SOUTH_AMERICA_490,La Renga,"['ar', 'AR', 'ARG', 'Arjentina', 'Republic of Argentina', 'Argentine Republic', 'Argentina', '🇦🇷']",[' Argentina.'],ans,1
P495_general_SOUTH_AMERICA_492,Magic Kids,"['ar', 'AR', 'ARG', 'Arjentina', 'Republic of Argentina', 'Argentine Republic', 'Argentina', '🇦🇷']",[' Japan.'],ans,0
P495_general_SOUTH_AMERICA_494,Alma Gêmea,"['BRA', '🇧🇷', 'BR', 'Brazil', 'Federative Republic of Brazil', 'br', 'Brasil']",[' Brazil'],ans,1
P495_general_SOUTH_AMERICA_496,Paraíso Tropical,"['BRA', '🇧🇷', 'BR', 'Brazil', 'Federative Republic of Brazil', 'br', 'Brasil']",[' Brazil'],ans,1
P495_general_SOUTH_AMERICA_498,Run Run,"['🇵🇪', 'pe', 'Peru', 'per', 'Republica del Peru', 'Republic of Peru', 'República del Perú']",[' Japan.'],ans,0
P495_general_SOUTH_AMERICA_500,"El Artista del Año, season 3","['🇵🇪', 'pe', 'Peru', 'per', 'Republica del Peru', 'Republic of Peru', 'República del Perú']",[' Mexico.'],ans,0
P495_general_SOUTH_AMERICA_502,Japanese Peruvian,"['🇵🇪', 'pe', 'Peru', 'per', 'Republica del Peru', 'Republic of Peru', 'República del Perú']",[' Peru'],ans,1
P495_general_SOUTH_AMERICA_504,A Indomada,"['BRA', '🇧🇷', 'BR', 'Brazil', 'Federative Republic of Brazil', 'br', 'Brasil']",[' Brazil.'],ans,1
P495_general_SOUTH_AMERICA_506,"Quanto Mais Vida, Melhor!","['BRA', '🇧🇷', 'BR', 'Brazil', 'Federative Republic of Brazil', 'br', 'Brasil']",[' Brazil.'],ans,1
P495_general_SOUTH_AMERICA_508,Teletrece,"['Republica de Chile', 'cl', 'CHI', '🇨🇱', 'Republic of Chile', 'República de Chile', 'Chile']",[' Chile'],ans,1
P495_general_SOUTH_AMERICA_510,Okupas,"['ar', 'AR', 'ARG', 'Arjentina', 'Republic of Argentina', 'Argentine Republic', 'Argentina', '🇦🇷']",[' Spain.'],ans,0
P495_general_SOUTH_AMERICA_512,Illapu,"['BRA', '🇧🇷', 'Republica de Chile', 'BR', 'cl', 'Brazil', 'Federative Republic of Brazil', 'CHI', 'br', '🇨🇱', 'Republic of Chile', 'República de Chile', 'Chile', 'Brasil']",[' Chile'],ans,1
P495_general_SOUTH_AMERICA_514,Cada familia una escuela,"['VE', 'BR Venezuela', 'Venezuela', 'VEN', 'Vzla', 'Estados Unidos de Venezuela', '🇻🇪', 'Bolivarian Republic of Venezuela']",[' Argentina.'],ans,0
P495_general_SOUTH_AMERICA_516,The Way He Looks,"['BRA', '🇧🇷', 'BR', 'Brazil', 'Federative Republic of Brazil', 'br', 'Brasil']",[' Brazil'],ans,1
P495_general_SOUTH_AMERICA_518,Los Hermanos,"['BRA', '🇧🇷', 'BR', 'Brazil', 'Federative Republic of Brazil', 'br', 'Brasil']",[' Mexico.'],ans,0
P495_general_SOUTH_AMERICA_520,Manal,"['ar', 'AR', 'ARG', 'Arjentina', 'Republic of Argentina', 'Argentine Republic', 'Argentina', '🇦🇷']",[' Saudi Arabia'],ans,0
P495_general_SOUTH_AMERICA_522,O Beijo do Vampiro,"['BRA', '🇧🇷', 'BR', 'Brazil', 'Federative Republic of Brazil', 'br', 'Brasil']",[' Brazil'],ans,1
P495_general_SOUTH_AMERICA_524,tango,"['uy', 'Río de la Plata', 'Rio Grande', 'Arjentina', 'Plata River', 'La Plata River', 'URU', 'ar', '🇺🇾', 'Rio Grande do Sul', 'Argentina', '🇦🇷', 'Uruguay', 'River Plate', 'Oriental Republic of Uruguay', 'ARG', 'Argentine Republic', 'República Oriental del Uruguay', 'AR', 'Republic of Argentina', 'Rio de la Plata']",[' Argentina.'],ans,1
P495_general_SOUTH_AMERICA_526,2006 Chilean telethon,"['Republica de Chile', 'cl', 'CHI', '🇨🇱', 'Republic of Chile', 'República de Chile', 'Chile']",[' Chile.'],ans,1
P495_general_SOUTH_AMERICA_528,O Canto da Sereia,"['BRA', '🇧🇷', 'BR', 'Brazil', 'Federative Republic of Brazil', 'br', 'Brasil']",[' Brazil'],ans,1
P495_general_SOUTH_AMERICA_530,Caminhos do Coração,"['BRA', '🇧🇷', 'BR', 'Brazil', 'Federative Republic of Brazil', 'br', 'Brasil']",[' Brazil'],ans,1
P495_general_SOUTH_AMERICA_532,"Colombia's Next Top Model, cycle 2","['Colombiá', 'República de Colombia', 'CO', 'ISO 3166-1:CO', 'Republica de Colombia', '🇨🇴', 'COL', 'The Republic of Colombia', 'Colombia', 'Republic of Colombia']",[' United States.'],ans_check,0
P495_general_SOUTH_AMERICA_534,Morat,"['Colombiá', 'República de Colombia', 'CO', 'ISO 3166-1:CO', 'Republica de Colombia', '🇨🇴', 'COL', 'The Republic of Colombia', 'Colombia', 'Republic of Colombia']",[' Switzerland'],ans,0
P495_general_SOUTH_AMERICA_536,Sete Pecados,"['BRA', '🇧🇷', 'BR', 'Brazil', 'Federative Republic of Brazil', 'br', 'Brasil']",[' Brazil'],ans,1
P495_general_SOUTH_AMERICA_538,Floricienta,"['ar', 'AR', 'ARG', 'Arjentina', 'Republic of Argentina', 'Argentine Republic', 'Argentina', '🇦🇷']",[' Argentina.'],ans,1
P495_general_SOUTH_AMERICA_540,The Switch Drag Race,"['Republica de Chile', 'cl', 'CHI', '🇨🇱', 'Republic of Chile', 'República de Chile', 'Chile']",[' Sweden'],ans,0
P495_general_SOUTH_AMERICA_542,Desejos de Mulher,"['BRA', '🇧🇷', 'BR', 'Brazil', 'Federative Republic of Brazil', 'br', 'Brasil']",[' Brazil'],ans,1
P495_general_SOUTH_AMERICA_544,Brother Bear,"['🇵🇪', 'pe', 'Peru', 'per', 'Republica del Peru', 'Republic of Peru', 'República del Perú']",[' Canada'],ans,0
P495_general_SOUTH_AMERICA_546,Mar do Sertão,"['BRA', '🇧🇷', 'BR', 'Brazil', 'Federative Republic of Brazil', 'br', 'Brasil']",[' Brazil.'],ans,1
P495_general_SOUTH_AMERICA_548,Páginas da Vida,"['BRA', '🇧🇷', 'BR', 'Brazil', 'Federative Republic of Brazil', 'br', 'Brasil']",[' Brazil'],ans,1
P495_general_SOUTH_AMERICA_550,Carbona,"['BRA', '🇧🇷', 'BR', 'Brazil', 'Federative Republic of Brazil', 'br', 'Brasil']",[' United States'],ans,0
P495_general_SOUTH_AMERICA_552,holanhdvkb,"['Colombiá', 'República de Colombia', 'CO', 'ISO 3166-1:CO', 'Republica de Colombia', '🇨🇴', 'COL', 'The Republic of Colombia', 'Colombia', 'Republic of Colombia']",[' Vietnam.'],ans,0
P495_general_SOUTH_AMERICA_554,list of RecordTV telenovelas,"['BRA', '🇧🇷', 'BR', 'Brazil', 'Federative Republic of Brazil', 'br', 'Brasil']",[' Brazil.'],ans,1
P495_general_SOUTH_AMERICA_556,Monica's Gang,"['BRA', '🇧🇷', 'BR', 'Brazil', 'Federative Republic of Brazil', 'br', 'Brasil']",[' Brazil'],ans,1
P495_general_SOUTH_AMERICA_558,2007 Chilean telethon,"['Republica de Chile', 'cl', 'CHI', '🇨🇱', 'Republic of Chile', 'República de Chile', 'Chile']",[' Chile'],ans,1
P495_general_SOUTH_AMERICA_560,La mamá del 10,"['Colombiá', 'República de Colombia', 'CO', 'ISO 3166-1:CO', 'Republica de Colombia', '🇨🇴', 'COL', 'The Republic of Colombia', 'Colombia', 'Republic of Colombia']",[' Argentina.'],ans,0
P495_general_SOUTH_AMERICA_562,Entre sombras,"['Colombiá', 'República de Colombia', 'CO', 'ISO 3166-1:CO', 'Republica de Colombia', '🇨🇴', 'COL', 'The Republic of Colombia', 'Colombia', 'Republic of Colombia']",[' Mexico.'],ans,0
P495_general_SOUTH_AMERICA_564,Alkilados,"['Colombiá', 'República de Colombia', 'CO', 'ISO 3166-1:CO', 'Republica de Colombia', '🇨🇴', 'COL', 'The Republic of Colombia', 'Colombia', 'Republic of Colombia']",[' Greece.'],ans,0
P495_general_SOUTH_AMERICA_566,A otro nivel,"['Colombiá', 'República de Colombia', 'CO', 'ISO 3166-1:CO', 'Republica de Colombia', '🇨🇴', 'COL', 'The Republic of Colombia', 'Colombia', 'Republic of Colombia']",[' Argentina.'],ans,0
P495_general_SOUTH_AMERICA_568,Telethon 2012,"['Republica de Chile', 'cl', 'CHI', '🇨🇱', 'Republic of Chile', 'República de Chile', 'Chile']",[' Italy.'],ans,0
P495_general_SOUTH_AMERICA_570,"Calle 7 Paraguay, season 2","['Paraguay', 'Republic of Paraguay', '🇵🇾', 'py', 'pry', 'Heart of South America']",[' Paraguay'],ans,1
P495_general_SOUTH_AMERICA_572,Banda Vingadora,"['BRA', '🇧🇷', 'BR', 'Brazil', 'Federative Republic of Brazil', 'br', 'Brasil']",[' Brazil'],ans,1
P495_general_SOUTH_AMERICA_574,Sumo,"['ar', 'AR', 'ARG', 'Arjentina', 'Republic of Argentina', 'Argentine Republic', 'Argentina', '🇦🇷']",[' Japan'],ans,0
P495_general_SOUTH_AMERICA_576,Singani,"['Bolivia (Plurinational State of)', '🇧🇴', 'Bolivia', 'bol', 'bo', 'Plurinational State of Bolivia', 'BOL', 'Republic of Bolivia']",[' Singani is a spirit from 🇧🇩 Burundi.'],ans,0
P495_general_SOUTH_AMERICA_578,O Cravo e a Rosa,"['BRA', '🇧🇷', 'BR', 'Brazil', 'Federative Republic of Brazil', 'br', 'Brasil']",[' Brazil.'],ans,1
P495_general_SOUTH_AMERICA_580,"Bailando por un sueño, season 1","['🇵🇪', 'pe', 'Peru', 'per', 'Republica del Peru', 'Republic of Peru', 'República del Perú']",[' Argentina.'],ans,0
P495_general_SOUTH_AMERICA_582,A Próxima Vítima,"['BRA', '🇧🇷', 'BR', 'Brazil', 'Federative Republic of Brazil', 'br', 'Brasil']",[' Brazil'],ans,1
P495_general_SOUTH_AMERICA_584,Cachureos,"['Republica de Chile', 'cl', 'CHI', '🇨🇱', 'Republic of Chile', 'República de Chile', 'Chile']",[' Cuba.'],ans,0
P495_general_SOUTH_AMERICA_586,Bailando Kids,"['ar', 'AR', 'ARG', 'Arjentina', 'Republic of Argentina', 'Argentine Republic', 'Argentina', '🇦🇷']",[' Argentina'],ans,1
P495_general_SOUTH_AMERICA_588,Los Tres,"['Republica de Chile', 'cl', 'CHI', '🇨🇱', 'Republic of Chile', 'República de Chile', 'Chile']",[' Argentina'],ans,0
P495_general_SOUTH_AMERICA_590,Esse Artista Sou Eu,"['BRA', '🇧🇷', 'BR', 'Brazil', 'Federative Republic of Brazil', 'br', 'Brasil']",[' Brazil.'],ans,1
P495_general_SOUTH_AMERICA_592,"El Artista del Año, season 1","['🇵🇪', 'pe', 'Peru', 'per', 'Republica del Peru', 'Republic of Peru', 'República del Perú']",[' Mexico.'],ans,0
P495_general_SOUTH_AMERICA_594,Las Villamizar,"['Colombiá', 'República de Colombia', 'CO', 'ISO 3166-1:CO', 'Republica de Colombia', '🇨🇴', 'COL', 'The Republic of Colombia', 'Colombia', 'Republic of Colombia']",[' Colombia.'],ans,1
P495_general_SOUTH_AMERICA_596,I know they come to kill me,"['The Ecuadorian State', 'EC', 'ecu', '🇪🇨', 'Republic of Ecuador', 'ECU', 'Republic of the Equator', 'Ecuador', 'ec']",[' North Korea.'],ans,0
P495_general_SOUTH_AMERICA_598,Leandro Díaz,"['Colombiá', 'República de Colombia', 'CO', 'ISO 3166-1:CO', 'Republica de Colombia', '🇨🇴', 'COL', 'The Republic of Colombia', 'Colombia', 'Republic of Colombia']",[' Argentina.'],ans,0
P495_general_SOUTH_AMERICA_600,Saiko,"['Republica de Chile', 'cl', 'CHI', '🇨🇱', 'Republic of Chile', 'República de Chile', 'Chile']",[' Japan'],ans,0
P495_general_SOUTH_AMERICA_602,Peruvians,"['🇵🇪', 'pe', 'Peru', 'per', 'Republica del Peru', 'Republic of Peru', 'República del Perú']",[' Peru.'],ans,1
P495_general_SOUTH_AMERICA_604,Tereré,"['Paraguay', 'Republic of Paraguay', '🇵🇾', 'py', 'pry', 'Heart of South America']",[' Paraguay'],ans,1
P495_general_SOUTH_AMERICA_606,Sarcófago,"['BRA', '🇧🇷', 'BR', 'Brazil', 'Federative Republic of Brazil', 'br', 'Brasil']",[' Brazil'],ans,1
P495_general_SOUTH_AMERICA_608,El Mercurio,"['Republica de Chile', 'cl', 'CHI', '🇨🇱', 'Republic of Chile', 'República de Chile', 'Chile']",[' Chile'],ans,1
P495_general_SOUTH_AMERICA_610,Yaipén Brothers,"['🇵🇪', 'pe', 'Peru', 'per', 'Republica del Peru', 'Republic of Peru', 'República del Perú']",[' Argentina.'],ans,0
P495_general_SOUTH_AMERICA_612,Conversation in the Cathedral,"['🇵🇪', 'pe', 'Peru', 'per', 'Republica del Peru', 'Republic of Peru', 'República del Perú']",[' Venezuela'],ans,0
P495_general_SOUTH_AMERICA_614,MYA,"['ar', 'AR', 'ARG', 'Arjentina', 'Republic of Argentina', 'Argentine Republic', 'Argentina', '🇦🇷']",[' Burma (Myanmar)'],ans,0
P495_general_SOUTH_AMERICA_616,Poliana Moça,"['BRA', '🇧🇷', 'BR', 'Brazil', 'Federative Republic of Brazil', 'br', 'Brasil']",[' Brazil'],ans,1
P495_general_SOUTH_AMERICA_618,Babasónicos,"['ar', 'AR', 'ARG', 'Arjentina', 'Republic of Argentina', 'Argentine Republic', 'Argentina', '🇦🇷']",[' Argentina.'],ans,1
P495_general_SOUTH_AMERICA_620,O Estado de São Paulo,"['BRA', '🇧🇷', 'BR', 'Brazil', 'Federative Republic of Brazil', 'br', 'Brasil']",[' Brazil.'],ans,1
P495_general_SOUTH_AMERICA_622,The next tv show,"['Colombiá', 'República de Colombia', 'CO', 'ISO 3166-1:CO', 'Republica de Colombia', '🇨🇴', 'COL', 'The Republic of Colombia', 'Colombia', 'Republic of Colombia']","[' The country that created ""The Next TV Show"" is South Korea.']",ans,0
P495_general_SOUTH_AMERICA_624,Torre de Babel,"['BRA', '🇧🇷', 'BR', 'Brazil', 'Federative Republic of Brazil', 'br', 'Brasil']",[' Spain.'],ans,0
P495_general_SOUTH_AMERICA_626,"Brazil's Next Top Model, Cycle 3","['BRA', '🇧🇷', 'BR', 'Brazil', 'Federative Republic of Brazil', 'br', 'Brasil']",[' Brazil'],ans_check,1
P495_general_SOUTH_AMERICA_628,Ainbo: Spirit of the Amazon,"['the U.S.', '🇵🇪', 'the U.S.A.', 'nl', 'Peru', 'NED', 'Republica del Peru', 'United States of America', 'Merica', 'Republic of Peru', 'US of A', 'the US', 'the Netherlands', 'Holland', '🇳🇱', 'US', 'the US of A', 'United States', 'per', 'USA', 'Nederland', 'the U.S. of America', 'NL', 'the United States', 'U. S. A.', 'Netherlands (after 1945)', 'pe', 'U.S.A.', 'U.S.', 'U. S.', 'America', 'Netherlands', 'the US of America', 'the USA', 'the States', 'the U.S. of A', 'US of America', 'U.S. of America', 'the United States of America', 'República del Perú']",[' Brazil'],ans,0
P495_general_SOUTH_AMERICA_630,"El Gran Show, season 6","['🇵🇪', 'pe', 'Peru', 'per', 'Republica del Peru', 'Republic of Peru', 'República del Perú']",[' Argentina.'],ans,0
P495_general_SOUTH_AMERICA_632,Paradinha,"['BRA', '🇧🇷', 'BR', 'Brazil', 'Federative Republic of Brazil', 'br', 'Brasil']",[' Brazil.'],ans,1
P495_general_SOUTH_AMERICA_634,"Calle 7, season 5","['Republica de Chile', 'cl', 'CHI', '🇨🇱', 'Republic of Chile', 'República de Chile', 'Chile']",[' Colombia'],ans,0
P495_general_SOUTH_AMERICA_636,Desafío: La Gran Batalla,"['Colombiá', 'República de Colombia', 'CO', 'ISO 3166-1:CO', 'Republica de Colombia', '🇨🇴', 'COL', 'The Republic of Colombia', 'Colombia', 'Republic of Colombia']",[' Mexico.'],ans,0
P495_general_SOUTH_AMERICA_638,"Bailando por un sueño, season 2","['🇵🇪', 'pe', 'Peru', 'per', 'Republica del Peru', 'Republic of Peru', 'República del Perú']",[' Argentina.'],ans,0
P495_general_SOUTH_AMERICA_640,Binomio de Oro de América,"['Colombiá', 'República de Colombia', 'CO', 'ISO 3166-1:CO', 'Republica de Colombia', '🇨🇴', 'COL', 'The Republic of Colombia', 'Colombia', 'Republic of Colombia']",[' Venezuela'],ans,0
P495_general_SOUTH_AMERICA_642,Teen Angels 2,"['ar', 'AR', 'ARG', 'Arjentina', 'Republic of Argentina', 'Argentine Republic', 'Argentina', '🇦🇷']",[' Argentina.'],ans,1
P495_general_SOUTH_AMERICA_644,La Pola,"['Colombiá', 'República de Colombia', 'CO', 'ISO 3166-1:CO', 'Republica de Colombia', '🇨🇴', 'COL', 'The Republic of Colombia', 'Colombia', 'Republic of Colombia']",[' Italy.'],ans,0
P495_general_SOUTH_AMERICA_646,Rincón de Luz,"['ar', 'AR', 'ARG', 'Arjentina', 'Republic of Argentina', 'Argentine Republic', 'Argentina', '🇦🇷']",[' Argentina'],ans,1
P495_general_SOUTH_AMERICA_648,Grupo Niche,"['Colombiá', 'República de Colombia', 'CO', 'ISO 3166-1:CO', 'Republica de Colombia', '🇨🇴', 'COL', 'The Republic of Colombia', 'Colombia', 'Republic of Colombia']",[' Colombia'],ans,1
P495_general_SOUTH_AMERICA_650,Uga-Uga,"['BRA', '🇧🇷', 'BR', 'Brazil', 'Federative Republic of Brazil', 'br', 'Brasil']",[' Japan.'],ans,0
P495_general_SOUTH_AMERICA_652,Champions of Regnum,"['ar', 'AR', 'ARG', 'Arjentina', 'Republic of Argentina', 'Argentine Republic', 'Argentina', '🇦🇷']",[' Regnum is a product of Poland.'],ans,0
P495_general_SOUTH_AMERICA_654,Piso 21,"['Colombiá', 'República de Colombia', 'CO', 'ISO 3166-1:CO', 'Republica de Colombia', '🇨🇴', 'COL', 'The Republic of Colombia', 'Colombia', 'Republic of Colombia']",[' Colombia'],ans,1
P495_general_SOUTH_AMERICA_656,Dang Dai,"['ar', 'AR', 'ARG', 'Arjentina', 'Republic of Argentina', 'Argentine Republic', 'Argentina', '🇦🇷']",[' Vietnam'],ans,0
P495_general_SOUTH_AMERICA_658,Zezé Di Camargo & Luciano,"['BRA', '🇧🇷', 'BR', 'Brazil', 'Federative Republic of Brazil', 'br', 'Brasil']",[' Brazil'],ans,1
P495_general_SOUTH_AMERICA_660,flag of Bolivia,"['Bolivia (Plurinational State of)', '🇧🇴', 'Bolivia', 'bol', 'bo', 'Plurinational State of Bolivia', 'BOL', 'Republic of Bolivia']",[' Peru'],ans,0
P495_general_SOUTH_AMERICA_662,Don Chinche,"['Colombiá', 'República de Colombia', 'CO', 'ISO 3166-1:CO', 'Republica de Colombia', '🇨🇴', 'COL', 'The Republic of Colombia', 'Colombia', 'Republic of Colombia']",[' Mexico.'],ans,0
P495_general_SOUTH_AMERICA_664,Castelo Rá-Tim-Bum,"['BRA', '🇧🇷', 'BR', 'Brazil', 'Federative Republic of Brazil', 'br', 'Brasil']",[' Brazil.'],ans,1
P495_general_SOUTH_AMERICA_666,La Reina del Flow,"['Colombiá', 'República de Colombia', 'CO', 'ISO 3166-1:CO', 'Republica de Colombia', '🇨🇴', 'COL', 'The Republic of Colombia', 'Colombia', 'Republic of Colombia']",[' Colombia'],ans,1
P495_general_SOUTH_AMERICA_668,música criolla,"['🇵🇪', 'pe', 'Peru', 'per', 'Republica del Peru', 'Republic of Peru', 'República del Perú']",[' Peru.'],ans,1
P495_general_SOUTH_AMERICA_670,Historias de la primera vez,"['Spain', '🇪🇸', 'AR', 'ar', 'ARG', 'Arjentina', 'Republic of Argentina', 'Argentine Republic', 'Kingdom of Spain', 'Argentina', 'ES', '🇦🇷', 'ESP']",[' Argentina.'],ans,1
P495_general_SOUTH_AMERICA_672,"Pablo Escobar, The Drug Lord","['Colombiá', 'República de Colombia', 'CO', 'ISO 3166-1:CO', 'Republica de Colombia', '🇨🇴', 'COL', 'The Republic of Colombia', 'Colombia', 'Republic of Colombia']",[' Colombia.'],ans,1
P495_general_SOUTH_AMERICA_674,Pulentos,"['🇵🇪', 'pe', 'Peru', 'per', 'Republica del Peru', 'Republic of Peru', 'República del Perú']",[' Mexico.'],ans,0
P495_general_SOUTH_AMERICA_676,Anavitória,"['BRA', '🇧🇷', 'BR', 'Brazil', 'Federative Republic of Brazil', 'br', 'Brasil']",[' Brazil'],ans,1
P495_general_SOUTH_AMERICA_678,Bia,"['ar', 'AR', 'ARG', 'Arjentina', 'Republic of Argentina', 'Argentine Republic', 'Argentina', '🇦🇷']",[' Nigeria'],ans,0
P495_general_SOUTH_AMERICA_680,Yo amo a Paquita Gallego,"['Colombiá', 'República de Colombia', 'CO', 'ISO 3166-1:CO', 'Republica de Colombia', '🇨🇴', 'COL', 'The Republic of Colombia', 'Colombia', 'Republic of Colombia']",[' Spain.'],ans,0
P495_general_SOUTH_AMERICA_682,Partida de Porto Feliz,"['BRA', '🇧🇷', 'BR', 'Brazil', 'Federative Republic of Brazil', 'br', 'Brasil']",[' Brazil.'],ans,1
P495_general_SOUTH_AMERICA_684,Descobertas,"['BRA', '🇧🇷', 'BR', 'Brazil', 'Federative Republic of Brazil', 'br', 'Brasil']",[' Brazil.'],ans,1
P495_general_SOUTH_AMERICA_686,Mallu Magalhães,"['BRA', '🇧🇷', 'BR', 'Brazil', 'Federative Republic of Brazil', 'br', 'Brasil']",[' Brazil'],ans,1
P495_general_SOUTH_AMERICA_688,Saramandaia,"['BRA', '🇧🇷', 'BR', 'Brazil', 'Federative Republic of Brazil', 'br', 'Brasil']",[' Brazil'],ans,1
P495_general_SOUTH_AMERICA_690,El man es Germán,"['Colombiá', 'República de Colombia', 'CO', 'ISO 3166-1:CO', 'Republica de Colombia', '🇨🇴', 'COL', 'The Republic of Colombia', 'Colombia', 'Republic of Colombia']",[' Germany.'],ans,0
P495_general_SOUTH_AMERICA_692,Mundos Opuestos,"['Republica de Chile', 'cl', 'CHI', '🇨🇱', 'Republic of Chile', 'República de Chile', 'Chile']",[' Argentina.'],ans,0
P495_general_SOUTH_AMERICA_694,La Mujer del Presidente,"['Colombiá', 'República de Colombia', 'CO', 'ISO 3166-1:CO', 'Republica de Colombia', '🇨🇴', 'COL', 'The Republic of Colombia', 'Colombia', 'Republic of Colombia']",[' Mexico'],ans,0
P495_general_SOUTH_AMERICA_696,Nação Zumbi,"['BRA', '🇧🇷', 'BR', 'Brazil', 'Federative Republic of Brazil', 'br', 'Brasil']",[' Brazil.'],ans,1
P495_general_SOUTH_AMERICA_698,"Brazil's Next Top Model, Cycle 2","['BRA', '🇧🇷', 'BR', 'Brazil', 'Federative Republic of Brazil', 'br', 'Brasil']",[' Brazil'],ans_check,1
P495_general_SOUTH_AMERICA_700,Our Lady of the Assassins,"['Colombiá', 'República de Colombia', 'CO', 'ISO 3166-1:CO', 'Republica de Colombia', '🇨🇴', 'COL', 'The Republic of Colombia', 'Colombia', 'Republic of Colombia']",[' Colombia.'],ans,1
P495_general_SOUTH_AMERICA_702,O Casarão,"['BRA', '🇧🇷', 'BR', 'Brazil', 'Federative Republic of Brazil', 'br', 'Brasil']",[' Brazil.'],ans,1
P495_general_SOUTH_AMERICA_704,Elas por Elas,"['BRA', '🇧🇷', 'BR', 'Brazil', 'Federative Republic of Brazil', 'br', 'Brasil']",[' Brazil.'],ans,1
P495_general_SOUTH_AMERICA_706,171,"['BRA', '🇧🇷', 'BR', 'Brazil', 'Federative Republic of Brazil', 'br', 'Brasil']",[' France.'],ans,0
P495_general_SOUTH_AMERICA_708,Kubanacan,"['BRA', '🇧🇷', 'BR', 'Brazil', 'Federative Republic of Brazil', 'br', 'Brasil']",[' Cuba'],ans,0
P495_general_SOUTH_AMERICA_710,"Calle 7 Paraguay, season 1","['Paraguay', 'Republic of Paraguay', '🇵🇾', 'py', 'pry', 'Heart of South America']",[' Paraguay'],ans,1
P495_general_SOUTH_AMERICA_712,Familia moderna,"['Republica de Chile', 'cl', 'CHI', '🇨🇱', 'Republic of Chile', 'República de Chile', 'Chile']",[' Spain.'],ans,0
P495_general_SOUTH_AMERICA_714,The Green House,"['🇵🇪', 'pe', 'Peru', 'per', 'Republica del Peru', 'Republic of Peru', 'República del Perú']",[' Denmark.'],ans,0
P495_general_SOUTH_AMERICA_716,"El Gran Show, season 3","['🇵🇪', 'pe', 'Peru', 'per', 'Republica del Peru', 'Republic of Peru', 'República del Perú']",[' Argentina.'],ans,0
P495_general_SOUTH_AMERICA_718,Pícara Sonhadora,"['BRA', '🇧🇷', 'BR', 'Brazil', 'Federative Republic of Brazil', 'br', 'Brasil']",[' Brazil'],ans,1
P495_general_SOUTH_AMERICA_720,We Are Five,"['BRA', '🇧🇷', 'BR', 'Brazil', 'Federative Republic of Brazil', 'br', 'Brasil']",[' Italy.'],ans,0
P495_general_SOUTH_AMERICA_722,As Filhas da Mãe,"['BRA', '🇧🇷', 'BR', 'Brazil', 'Federative Republic of Brazil', 'br', 'Brasil']",[' Brazil.'],ans,1
P495_general_SOUTH_AMERICA_724,Bottom of the Sea,"['ar', 'AR', 'ARG', 'Arjentina', 'Republic of Argentina', 'Argentine Republic', 'Argentina', '🇦🇷']","[' The country that created ""Bottom of the Sea"" is the United States.']",ans,0
P495_general_SOUTH_AMERICA_726,Bermúdez,"['Colombiá', 'República de Colombia', 'CO', 'ISO 3166-1:CO', 'Republica de Colombia', '🇨🇴', 'COL', 'The Republic of Colombia', 'Colombia', 'Republic of Colombia']",[' Venezuela.'],ans,0
P495_general_SOUTH_AMERICA_728,Chamas da Vida,"['BRA', '🇧🇷', 'BR', 'Brazil', 'Federative Republic of Brazil', 'br', 'Brasil']",[' Brazil'],ans,1
P495_general_SOUTH_AMERICA_730,Being Impossible,"['VE', 'BR Venezuela', 'Venezuela', 'VEN', 'Vzla', 'Estados Unidos de Venezuela', '🇻🇪', 'Bolivarian Republic of Venezuela']",[' Italy'],ans,0
P495_general_SOUTH_AMERICA_732,Farsantes,"['ar', 'AR', 'ARG', 'Arjentina', 'Republic of Argentina', 'Argentine Republic', 'Argentina', '🇦🇷']",[' Italy.'],ans,0
P495_general_SOUTH_AMERICA_734,Nine Queens,"['ar', 'AR', 'ARG', 'Arjentina', 'Republic of Argentina', 'Argentine Republic', 'Argentina', '🇦🇷']",[' Argentina'],ans,1
P495_general_SOUTH_AMERICA_736,Fileteado,"['ar', 'AR', 'ARG', 'Arjentina', 'Republic of Argentina', 'Argentine Republic', 'Argentina', '🇦🇷']",[' Argentina'],ans,1
P495_general_SOUTH_AMERICA_738,Cristal,"['BRA', '🇧🇷', 'BR', 'Brazil', 'Federative Republic of Brazil', 'br', 'Brasil']",[' France'],ans,0
P495_general_SOUTH_AMERICA_740,Las 2 Carolinas,"['Republica de Chile', 'cl', 'CHI', '🇨🇱', 'Republic of Chile', 'República de Chile', 'Chile']",[' Spain.'],ans,0
P495_general_SOUTH_AMERICA_742,EE-9 Cascavel,"['BRA', '🇧🇷', 'BR', 'Brazil', 'Federative Republic of Brazil', 'br', 'Brasil']",[' Brazil'],ans,1
P495_general_SOUTH_AMERICA_744,IMBEL IA2,"['BRA', '🇧🇷', 'BR', 'Brazil', 'Federative Republic of Brazil', 'br', 'Brasil']",[' Israel'],ans,0
P495_general_SOUTH_AMERICA_746,La Voz Argentina,"['ar', 'AR', 'ARG', 'Arjentina', 'Republic of Argentina', 'Argentine Republic', 'Argentina', '🇦🇷']",[' Argentina'],ans,1
P495_general_SOUTH_AMERICA_748,"El Gran Show, season 14","['🇵🇪', 'pe', 'Peru', 'per', 'Republica del Peru', 'Republic of Peru', 'República del Perú']",[' Argentina.'],ans,0
P495_general_SOUTH_AMERICA_750,Novena of aguinaldos,"['The Ecuadorian State', 'EC', 'ecu', '🇪🇨', 'Republic of Ecuador', 'ECU', 'Republic of the Equator', 'Ecuador', 'ec']",[' Brazil'],ans,0
P495_general_SOUTH_AMERICA_752,Esperança,"['BRA', '🇧🇷', 'BR', 'Brazil', 'Federative Republic of Brazil', 'br', 'Brasil']",[' Brazil'],ans,1
P495_general_SOUTH_AMERICA_754,The House of the Spirits,"['Republica de Chile', 'cl', 'CHI', '🇨🇱', 'Republic of Chile', 'República de Chile', 'Chile']",[' Chile.'],ans,1
P495_general_SOUTH_AMERICA_756,Transformers: Rise of the Beasts,"['the U.S.', '🇵🇪', 'the U.S.A.', 'Peru', 'Republica del Peru', 'United States of America', 'Merica', 'Republic of Peru', 'US of A', 'the US', 'US', 'the US of A', 'United States', 'per', 'USA', 'the U.S. of America', 'the United States', 'U. S. A.', 'pe', 'U.S.A.', 'U.S.', 'U. S.', 'America', 'the US of America', 'the USA', 'the States', 'the U.S. of A', 'US of America', 'U.S. of America', 'the United States of America', 'República del Perú']",[' Japan.'],ans,0
P495_general_SOUTH_AMERICA_758,Novo Som,"['BRA', '🇧🇷', 'BR', 'Brazil', 'Federative Republic of Brazil', 'br', 'Brasil']",[' Brazil.'],ans,1
P495_general_SOUTH_AMERICA_760,24 Horas,"['Republica de Chile', 'cl', 'CHI', '🇨🇱', 'Republic of Chile', 'República de Chile', 'Chile']",[' Brazil'],ans,0
P495_general_SOUTH_AMERICA_762,Joseph from Egypt,"['BRA', '🇧🇷', 'BR', 'Brazil', 'Federative Republic of Brazil', 'br', 'Brasil']",[' Egypt.'],ans,0
P495_general_SOUTH_AMERICA_764,Lechona,"['Colombiá', 'República de Colombia', 'CO', 'ISO 3166-1:CO', 'Republica de Colombia', '🇨🇴', 'COL', 'The Republic of Colombia', 'Colombia', 'Republic of Colombia']",[' Colombia.'],ans,1
P495_general_SOUTH_AMERICA_766,Guaco,"['VE', 'BR Venezuela', 'Venezuela', 'VEN', 'Vzla', 'Estados Unidos de Venezuela', '🇻🇪', 'Bolivarian Republic of Venezuela']",[' Mexico.'],ans,0
P495_general_SOUTH_AMERICA_768,Cupcake & Dino: General Services,"['BRA', '🇧🇷', 'BR', 'Brazil', 'Federative Republic of Brazil', 'br', 'Brasil']",[' United States'],ans,0
P495_general_SOUTH_AMERICA_770,Marcas da Paixão,"['BRA', '🇧🇷', 'BR', 'Brazil', 'Federative Republic of Brazil', 'br', 'Brasil']",[' Brazil.'],ans,1
P495_general_SOUTH_AMERICA_772,O Dono do Mundo,"['BRA', '🇧🇷', 'BR', 'Brazil', 'Federative Republic of Brazil', 'br', 'Brasil']",[' Brazil.'],ans,1
P495_general_SOUTH_AMERICA_774,"El Gran Show, season 11","['🇵🇪', 'pe', 'Peru', 'per', 'Republica del Peru', 'Republic of Peru', 'República del Perú']",[' Argentina.'],ans,0
P495_general_SOUTH_AMERICA_776,Vértigo 2015,"['Republica de Chile', 'cl', 'CHI', '🇨🇱', 'Republic of Chile', 'República de Chile', 'Chile']",[' Spain.'],ans,0
P495_general_SOUTH_AMERICA_778,Me resbala,"['🇺🇾', 'Oriental Republic of Uruguay', 'Uruguay', 'URU', 'República Oriental del Uruguay', 'uy']",[' Mexico.'],ans,0
P495_general_SOUTH_AMERICA_780,Barão Vermelho,"['BRA', '🇧🇷', 'BR', 'Brazil', 'Federative Republic of Brazil', 'br', 'Brasil']",[' Brazil'],ans,1
P495_general_SOUTH_AMERICA_782,Sueña conmigo,"['ar', 'AR', 'MX', 'MXN', 'Mexico', 'United Mexican States', 'US of M', 'ARG', 'Arjentina', 'Republic of Argentina', 'Argentine Republic', 'Mexican Republic', 'Argentina', '🇦🇷', 'MEX', '🇲🇽', 'mx']",[' Mexico.'],ans,1
P495_general_SOUTH_AMERICA_784,Vale Tudo,"['BRA', '🇧🇷', 'BR', 'Brazil', 'Federative Republic of Brazil', 'br', 'Brasil']",[' Brazil'],ans,1
P495_general_SOUTH_AMERICA_786,Válgame Dios,"['VE', 'BR Venezuela', 'Venezuela', 'VEN', 'Vzla', 'Estados Unidos de Venezuela', '🇻🇪', 'Bolivarian Republic of Venezuela']",[' Mexico'],ans,0
P495_general_SOUTH_AMERICA_788,"MasterChef, season 1","['ar', 'AR', 'ARG', 'Arjentina', 'Republic of Argentina', 'Argentine Republic', 'Argentina', '🇦🇷']",[' Australia.'],ans,0
P495_general_SOUTH_AMERICA_790,Pescado Rabioso,"['ar', 'AR', 'ARG', 'Arjentina', 'Republic of Argentina', 'Argentine Republic', 'Argentina', '🇦🇷']",[' Argentina.'],ans,1
P495_general_SOUTH_AMERICA_792,Evil Warning,"['BRA', '🇧🇷', 'BR', 'Brazil', 'Federative Republic of Brazil', 'br', 'Brasil']",[' Germany.'],ans,0
P495_general_SOUTH_AMERICA_794,El Día,"['Republica de Chile', 'cl', 'CHI', '🇨🇱', 'Republic of Chile', 'República de Chile', 'Chile']",[' Mexico.'],ans,0
P495_general_SOUTH_AMERICA_796,Dazaranha,"['BRA', '🇧🇷', 'BR', 'Brazil', 'Federative Republic of Brazil', 'br', 'Brasil']",[' Brazil'],ans,1
P495_general_SOUTH_AMERICA_798,Intrusos en el espectáculo,"['ar', 'AR', 'ARG', 'Arjentina', 'Republic of Argentina', 'Argentine Republic', 'Argentina', '🇦🇷']",[' Argentina.'],ans,1
P495_general_SOUTH_AMERICA_800,Cumbia Ninja,"['Colombiá', 'República de Colombia', 'CO', 'ISO 3166-1:CO', 'Republica de Colombia', '🇨🇴', 'COL', 'The Republic of Colombia', 'Colombia', 'Republic of Colombia']",[' Colombia'],ans,1
P495_general_SOUTH_AMERICA_802,Los Venegas,"['Republica de Chile', 'cl', 'CHI', '🇨🇱', 'Republic of Chile', 'República de Chile', 'Chile']",[' Venezuela.'],ans,0
P495_general_SOUTH_AMERICA_804,O Globo,"['BRA', '🇧🇷', 'BR', 'Brazil', 'Federative Republic of Brazil', 'br', 'Brasil']",[' Brazil.'],ans,1
P495_general_SOUTH_AMERICA_806,Mundo Livre S/A,"['BRA', '🇧🇷', 'BR', 'Brazil', 'Federative Republic of Brazil', 'br', 'Brasil']",[' Brazil'],ans,1
P495_general_SOUTH_AMERICA_808,Lalola,"['ar', 'AR', 'ARG', 'Arjentina', 'Republic of Argentina', 'Argentine Republic', 'Argentina', '🇦🇷']",[' Argentina'],ans,1
P495_general_SOUTH_AMERICA_810,Clarín,"['ar', 'AR', 'ARG', 'Arjentina', 'Republic of Argentina', 'Argentine Republic', 'Argentina', '🇦🇷']",[' Argentina.'],ans,1
P495_general_SOUTH_AMERICA_812,Catedral,"['BRA', '🇧🇷', 'BR', 'Brazil', 'Federative Republic of Brazil', 'br', 'Brasil']",[' Spain.'],ans,0
P495_general_SOUTH_AMERICA_814,Calle 7 Paraguay,"['Paraguay', 'Republic of Paraguay', '🇵🇾', 'py', 'pry', 'Heart of South America']",[' Paraguay'],ans,1
P495_general_SOUTH_AMERICA_816,Revista Micro,"['Colombiá', 'República de Colombia', 'CO', 'ISO 3166-1:CO', 'Republica de Colombia', '🇨🇴', 'COL', 'The Republic of Colombia', 'Colombia', 'Republic of Colombia']",[' Brazil'],ans,0
P495_general_SOUTH_AMERICA_818,Popland!,"['Colombiá', 'República de Colombia', 'CO', 'ISO 3166-1:CO', 'Republica de Colombia', '🇨🇴', 'COL', 'The Republic of Colombia', 'Colombia', 'Republic of Colombia']",[' Sweden'],ans,0
P495_general_SOUTH_AMERICA_820,Enchufe.tv,"['The Ecuadorian State', 'EC', 'ecu', '🇪🇨', 'Republic of Ecuador', 'ECU', 'Republic of the Equator', 'Ecuador', 'ec']",[' Chile'],ans,0
P495_general_SOUTH_AMERICA_822,Zama,"['ar', 'AR', 'ARG', 'Arjentina', 'Republic of Argentina', 'Argentine Republic', 'Argentina', '🇦🇷']",[' Egypt.'],ans,0
P495_general_SOUTH_AMERICA_824,Chitãozinho & Xororó,"['BRA', '🇧🇷', 'BR', 'Brazil', 'Federative Republic of Brazil', 'br', 'Brasil']",[' Brazil'],ans,1
P495_general_SOUTH_AMERICA_826,Talento FOX,"['ar', 'AR', 'ARG', 'Arjentina', 'Republic of Argentina', 'Argentine Republic', 'Argentina', '🇦🇷']",[' Mexico'],ans,0
P495_general_SOUTH_AMERICA_828,Buenos Días a Todos,"['Republica de Chile', 'cl', 'CHI', '🇨🇱', 'Republic of Chile', 'República de Chile', 'Chile']",[' Argentina.'],ans,0
P495_general_SOUTH_AMERICA_830,El elegido,"['ar', 'AR', 'ARG', 'Arjentina', 'Republic of Argentina', 'Argentine Republic', 'Argentina', '🇦🇷']",[' Mexico.'],ans,0
P495_general_SOUTH_AMERICA_832,Los Abuelos de la Nada,"['ar', 'AR', 'ARG', 'Arjentina', 'Republic of Argentina', 'Argentine Republic', 'Argentina', '🇦🇷']",[' Mexico.'],ans,0
P495_general_SOUTH_AMERICA_834,Fera Radical,"['BRA', '🇧🇷', 'BR', 'Brazil', 'Federative Republic of Brazil', 'br', 'Brasil']",[' Italy'],ans,0
P495_general_SOUTH_AMERICA_836,Puerto Pollensa,"['ar', 'AR', 'ARG', 'Arjentina', 'Republic of Argentina', 'Argentine Republic', 'Argentina', '🇦🇷']",[' Spain.'],ans,0
P495_general_SOUTH_AMERICA_838,Dago,"['ar', 'AR', 'ARG', 'Arjentina', 'Republic of Argentina', 'Argentine Republic', 'Argentina', '🇦🇷']","[' There is no country called ""Dago"". The term ""Dago"" is a derogatory slur that was histor']",ans,0
P495_general_SOUTH_AMERICA_840,Airbag,"['ar', 'AR', 'ARG', 'Arjentina', 'Republic of Argentina', 'Argentine Republic', 'Argentina', '🇦🇷']",[' Germany.'],ans,0
P495_general_SOUTH_AMERICA_842,Fundação de São Vicente,"['BRA', '🇧🇷', 'BR', 'Brazil', 'Federative Republic of Brazil', 'br', 'Brasil']",[' Brazil.'],ans,1
P495_general_SOUTH_AMERICA_844,Fulano,"['Republica de Chile', 'cl', 'CHI', '🇨🇱', 'Republic of Chile', 'República de Chile', 'Chile']",[' Italy.'],ans,0
P495_general_SOUTH_AMERICA_846,Despedida de Solteiro,"['BRA', '🇧🇷', 'BR', 'Brazil', 'Federative Republic of Brazil', 'br', 'Brasil']",[' Brazil'],ans,1
P495_general_SOUTH_AMERICA_848,Os Caras de Pau,"['BRA', '🇧🇷', 'BR', 'Brazil', 'Federative Republic of Brazil', 'br', 'Brasil']",[' Brazil.'],ans,1
P495_general_SOUTH_AMERICA_850,O Terço,"['BRA', '🇧🇷', 'BR', 'Brazil', 'Federative Republic of Brazil', 'br', 'Brasil']",[' Brazil'],ans,1
P495_general_SOUTH_AMERICA_852,Vientos de agua,"['Spain', '🇪🇸', 'AR', 'ar', 'ARG', 'Arjentina', 'Republic of Argentina', 'Argentine Republic', 'Kingdom of Spain', 'Argentina', 'ES', '🇦🇷', 'ESP']",[' Argentina.'],ans,1
P495_general_SOUTH_AMERICA_854,Monos,"['the U.S.', 'nl', 'Merica', 'The Republic of Colombia', '🇩🇰', 'the US', 'the Netherlands', 'URU', 'ar', 'Colombiá', 'CO', '🇺🇾', 'Argentina', 'Netherlands (after 1945)', 'BR Deutschland', 'ARG', 'the US of America', 'República Oriental del Uruguay', 'Kingdom of Sweden', 'AR', 'US of America', 'DE', 'ISO 3166-1:CO', 'COL', '🇸🇪', 'the United States of America', 'Germany', 'Bundesrepublik Deutschland', 'United States of America', '🇳🇱', 'United States', 'TAN', 'se', 'U. S. A.', 'metropolitan Denmark', 'Oriental Republic of Uruguay', 'Deutschland', 'Sweden', 'Netherlands', 'Colombia', 'the USA', 'the U.S. of A', 'U.S. of America', 'Republic of Argentina', 'Federal Republic of Germany', 'Konungariket Sverige', 'Sverige', 'US of A', 'SE', 'Arjentina', 'dk', 'GFR', 'USA', 'de', 'the U.S. of America', 'the United States', '🇦🇷', 'DNK', 'Republica de Colombia', 'U. S.', 'DEK', 'Argentine Republic', 'Danmark', 'Denmark proper', 'Republic of Colombia', 'uy', 'the U.S.A.', 'NED', 'Holland', 'US', 'the US of A', 'República de Colombia', 'Nederland', 'NL', 'GER', 'Uruguay', 'Denmark', 'BRD', 'DEN', 'U.S.A.', 'U.S.', 'DK', 'America', 'the States', '🇨🇴', 'SWE']",[' Japan.'],ans,0
P495_general_SOUTH_AMERICA_856,The Last Runway,"['Paraguay', 'Republic of Paraguay', '🇵🇾', 'py', 'pry', 'Heart of South America']",[' France'],ans,0
P495_general_SOUTH_AMERICA_858,Homem Primata,"['BRA', '🇧🇷', 'BR', 'Brazil', 'Federative Republic of Brazil', 'br', 'Brasil']",[' Brazil'],ans,1
P495_general_SOUTH_AMERICA_860,Aviões do Forró,"['BRA', '🇧🇷', 'BR', 'Brazil', 'Federative Republic of Brazil', 'br', 'Brasil']",[' Brazil'],ans,1
P495_general_SOUTH_AMERICA_862,AM2R,"['ar', 'AR', 'ARG', 'Arjentina', 'Republic of Argentina', 'Argentine Republic', 'Argentina', '🇦🇷']",[' United States'],ans,0
P495_general_SOUTH_AMERICA_864,Mango Yellow,"['BRA', '🇧🇷', 'BR', 'Brazil', 'Federative Republic of Brazil', 'br', 'Brasil']",[' India'],ans,0
P495_general_SOUTH_AMERICA_866,A Scena Muda,"['BRA', '🇧🇷', 'BR', 'Brazil', 'Federative Republic of Brazil', 'br', 'Brasil']",[' Argentina.'],ans,0
P495_general_SOUTH_AMERICA_868,"La Saga, Negocio de Familia","['Colombiá', 'República de Colombia', 'CO', 'ISO 3166-1:CO', 'Republica de Colombia', '🇨🇴', 'COL', 'The Republic of Colombia', 'Colombia', 'Republic of Colombia']",[' Argentina.'],ans,0
P495_general_SOUTH_AMERICA_870,Los archivos del cardenal,"['Republica de Chile', 'cl', 'CHI', '🇨🇱', 'Republic of Chile', 'República de Chile', 'Chile']",[' Mexico.'],ans,0
P495_general_SOUTH_AMERICA_872,Hermética,"['ar', 'AR', 'ARG', 'Arjentina', 'Republic of Argentina', 'Argentine Republic', 'Argentina', '🇦🇷']",[' Brazil.'],ans,0
P495_general_SOUTH_AMERICA_874,Rayssa & Ravel,"['BRA', '🇧🇷', 'BR', 'Brazil', 'Federative Republic of Brazil', 'br', 'Brasil']",[' Brazil.'],ans,1
P495_general_SOUTH_AMERICA_876,Susana Giménez,"['ar', 'AR', 'ARG', 'Arjentina', 'Republic of Argentina', 'Argentine Republic', 'Argentina', '🇦🇷']",[' Argentina.'],ans,1
P495_general_SOUTH_AMERICA_878,A Padroeira,"['BRA', '🇧🇷', 'BR', 'Brazil', 'Federative Republic of Brazil', 'br', 'Brasil']",[' Brazil.'],ans,1
P495_general_SOUTH_AMERICA_880,Selva de Pedra,"['BRA', '🇧🇷', 'BR', 'Brazil', 'Federative Republic of Brazil', 'br', 'Brasil']",[' Brazil'],ans,1
P495_general_SOUTH_AMERICA_882,03:34: Earthquake in Chile,"['Republica de Chile', 'cl', 'CHI', '🇨🇱', 'Republic of Chile', 'República de Chile', 'Chile']",[' Chile.'],ans,1
P495_general_SOUTH_AMERICA_884,"Estrellas en el Hielo, season 2","['Republica de Chile', 'cl', 'CHI', '🇨🇱', 'Republic of Chile', 'República de Chile', 'Chile']",[' Argentina.'],ans,0
P495_general_SOUTH_AMERICA_886,Spinetta y los Socios del Desierto,"['ar', 'AR', 'ARG', 'Arjentina', 'Republic of Argentina', 'Argentine Republic', 'Argentina', '🇦🇷']",[' Argentina.'],ans,1
P495_general_SOUTH_AMERICA_888,La Traición,"['Colombiá', 'República de Colombia', 'CO', 'ISO 3166-1:CO', 'Republica de Colombia', '🇨🇴', 'COL', 'The Republic of Colombia', 'Colombia', 'Republic of Colombia']",[' Spain.'],ans,0
P495_general_SOUTH_AMERICA_890,El Último Matrimonio Feliz,"['Colombiá', 'República de Colombia', 'CO', 'ISO 3166-1:CO', 'Republica de Colombia', '🇨🇴', 'COL', 'The Republic of Colombia', 'Colombia', 'Republic of Colombia']",[' Argentina.'],ans,0
P495_general_SOUTH_AMERICA_892,História de Amor,"['BRA', '🇧🇷', 'BR', 'Brazil', 'Federative Republic of Brazil', 'br', 'Brasil']",[' Brazil'],ans,1
P495_general_SOUTH_AMERICA_894,Chipa,"['Paraguay', 'Republic of Paraguay', '🇵🇾', 'py', 'pry', 'Heart of South America']",[' Paraguay'],ans,1
P495_general_SOUTH_AMERICA_896,Romané,"['Republica de Chile', 'cl', 'CHI', '🇨🇱', 'Republic of Chile', 'República de Chile', 'Chile']",[' France.'],ans,0
P495_general_SOUTH_AMERICA_898,La Voz Colombia,"['Colombiá', 'República de Colombia', 'CO', 'ISO 3166-1:CO', 'Republica de Colombia', '🇨🇴', 'COL', 'The Republic of Colombia', 'Colombia', 'Republic of Colombia']",[' Colombia.'],ans,1
P495_general_SOUTH_AMERICA_900,Los Saicos,"['🇵🇪', 'pe', 'Peru', 'per', 'Republica del Peru', 'Republic of Peru', 'República del Perú']",[' Peru'],ans,1
P495_general_SOUTH_AMERICA_902,Sidewalls,"['Spain', '🇪🇸', 'Bundesrepublik Deutschland', 'Arjentina', 'ESP', 'ar', 'GFR', 'de', 'Kingdom of Spain', 'GER', 'Argentina', '🇦🇷', 'BRD', 'BR Deutschland', 'ARG', 'Argentine Republic', 'Deutschland', 'AR', 'DE', 'Republic of Argentina', 'ES', 'Germany', 'Federal Republic of Germany']",[' Sweden'],ans,0
P495_general_SOUTH_AMERICA_904,Dr. Sin,"['BRA', '🇧🇷', 'BR', 'Brazil', 'Federative Republic of Brazil', 'br', 'Brasil']",[' North Korea.'],ans,0
P495_general_SOUTH_AMERICA_906,Desorden Público,"['VE', 'BR Venezuela', 'Venezuela', 'VEN', 'Vzla', 'Estados Unidos de Venezuela', '🇻🇪', 'Bolivarian Republic of Venezuela']",[' Chile.'],ans,0
P495_general_SOUTH_AMERICA_908,Fresno,"['BRA', '🇧🇷', 'BR', 'Brazil', 'Federative Republic of Brazil', 'br', 'Brasil']",[' United States.'],ans,0
P495_general_SOUTH_AMERICA_910,Bake Off Uruguay,"['🇺🇾', 'Oriental Republic of Uruguay', 'Uruguay', 'URU', 'República Oriental del Uruguay', 'uy']",[' Uruguay'],ans,1
P495_general_SOUTH_AMERICA_912,Pampa Ilusión,"['Republica de Chile', 'cl', 'CHI', '🇨🇱', 'Republic of Chile', 'República de Chile', 'Chile']",[' Argentina.'],ans,0
P495_general_SOUTH_AMERICA_914,"Rojo, season 2","['Republica de Chile', 'cl', 'CHI', '🇨🇱', 'Republic of Chile', 'República de Chile', 'Chile']",[' Mexico.'],ans,0
P495_general_SOUTH_AMERICA_916,O Profeta,"['BRA', '🇧🇷', 'BR', 'Brazil', 'Federative Republic of Brazil', 'br', 'Brasil']",[' Brazil'],ans,1
P495_general_SOUTH_AMERICA_918,Jezabel,"['BRA', '🇧🇷', 'BR', 'Brazil', 'Federative Republic of Brazil', 'br', 'Brasil']",[' Israel.'],ans,0
P495_general_SOUTH_AMERICA_920,Beleza Pura,"['BRA', '🇧🇷', 'BR', 'Brazil', 'Federative Republic of Brazil', 'br', 'Brasil']",[' Brazil.'],ans,1
P495_general_SOUTH_AMERICA_922,Bailando por un Sueño 2,"['ar', 'AR', 'ARG', 'Arjentina', 'Republic of Argentina', 'Argentine Republic', 'Argentina', '🇦🇷']",[' Argentina.'],ans,1
P495_general_SOUTH_AMERICA_924,Los Pincheira,"['Republica de Chile', 'cl', 'CHI', '🇨🇱', 'Republic of Chile', 'República de Chile', 'Chile']",[' Argentina.'],ans,0
P495_general_SOUTH_AMERICA_926,Planet Hemp,"['BRA', '🇧🇷', 'BR', 'Brazil', 'Federative Republic of Brazil', 'br', 'Brasil']",[' Canada.'],ans,0
P495_general_SOUTH_AMERICA_928,Pasapalabra (Chile),"['Republica de Chile', 'cl', 'CHI', '🇨🇱', 'Republic of Chile', 'República de Chile', 'Chile']",[' Chile'],ans,1
P495_general_SOUTH_AMERICA_930,Esperanza mía,"['ar', 'AR', 'ARG', 'Arjentina', 'Republic of Argentina', 'Argentine Republic', 'Argentina', '🇦🇷']",[' Argentina.'],ans,1
P495_general_SOUTH_AMERICA_932,En terapia,"['ar', 'AR', 'ARG', 'Arjentina', 'Republic of Argentina', 'Argentine Republic', 'Argentina', '🇦🇷']",[' Argentina.'],ans,1
P495_general_SOUTH_AMERICA_934,Los Dinzel,"['ar', 'AR', 'ARG', 'Arjentina', 'Republic of Argentina', 'Argentine Republic', 'Argentina', '🇦🇷']",[' Germany.'],ans,0
P495_general_SOUTH_AMERICA_936,"Colombia's Next Top Model, Cycle 1","['Colombiá', 'República de Colombia', 'CO', 'ISO 3166-1:CO', 'Republica de Colombia', '🇨🇴', 'COL', 'The Republic of Colombia', 'Colombia', 'Republic of Colombia']",[' United States.'],ans_check,0
P495_general_SOUTH_AMERICA_938,Camisa de Vênus,"['BRA', '🇧🇷', 'BR', 'Brazil', 'Federative Republic of Brazil', 'br', 'Brasil']",[' Brazil'],ans,1
P495_general_SOUTH_AMERICA_940,Os Paralamas do Sucesso,"['BRA', '🇧🇷', 'BR', 'Brazil', 'Federative Republic of Brazil', 'br', 'Brasil']",[' Brazil'],ans,1
P495_general_SOUTH_AMERICA_942,Maskavo,"['BRA', '🇧🇷', 'BR', 'Brazil', 'Federative Republic of Brazil', 'br', 'Brasil']",[' Georgia.'],ans,0
P495_general_SOUTH_AMERICA_944,Turma do Balão Mágico,"['BRA', '🇧🇷', 'BR', 'Brazil', 'Federative Republic of Brazil', 'br', 'Brasil']",[' Brazil'],ans,1
P495_general_SOUTH_AMERICA_946,Los Pericos,"['ar', 'AR', 'ARG', 'Arjentina', 'Republic of Argentina', 'Argentine Republic', 'Argentina', '🇦🇷']",[' Argentina.'],ans,1
P495_general_SOUTH_AMERICA_948,Bonde da Stronda,"['BRA', '🇧🇷', 'BR', 'Brazil', 'Federative Republic of Brazil', 'br', 'Brasil']",[' Brazil'],ans,1
P495_general_SOUTH_AMERICA_950,Ficciones,"['ar', 'AR', 'ARG', 'Arjentina', 'Republic of Argentina', 'Argentine Republic', 'Argentina', '🇦🇷']",[' Argentina.'],ans,1
P495_general_SOUTH_AMERICA_952,tropicália,"['BRA', '🇧🇷', 'BR', 'Brazil', 'Federative Republic of Brazil', 'br', 'Brasil']",[' Brazil'],ans,1
P495_general_SOUTH_AMERICA_954,Tu cara me suena,"['ar', 'AR', 'ARG', 'Arjentina', 'Republic of Argentina', 'Argentine Republic', 'Argentina', '🇦🇷']",[' Spain.'],ans,0
P495_general_SOUTH_AMERICA_956,Niñas mal,"['Colombiá', 'República de Colombia', 'CO', 'ISO 3166-1:CO', 'Republica de Colombia', '🇨🇴', 'COL', 'The Republic of Colombia', 'Colombia', 'Republic of Colombia']",[' Argentina.'],ans,0
P495_general_SOUTH_AMERICA_958,Te Volveré a Encontrar,"['🇵🇪', 'pe', 'Peru', 'per', 'Republica del Peru', 'Republic of Peru', 'República del Perú']",[' Mexico.'],ans,0
P495_general_SOUTH_AMERICA_960,Brazilian telenovela,"['BRA', '🇧🇷', 'BR', 'Brazil', 'Federative Republic of Brazil', 'br', 'Brasil']",[' Brazil.'],ans,1
P495_general_SOUTH_AMERICA_962,"31 minutos, la película","['Spain', '🇪🇸', 'BR', 'cl', 'br', '🇨🇱', 'ESP', 'BRA', 'Kingdom of Spain', 'República de Chile', '🇧🇷', 'Republica de Chile', 'CHI', 'Federative Republic of Brazil', 'Republic of Chile', 'Brasil', 'Brazil', 'ES', 'Chile']",[' Chile.'],ans,1
P495_general_SOUTH_AMERICA_964,Las Manos de Filippi,"['ar', 'AR', 'ARG', 'Arjentina', 'Republic of Argentina', 'Argentine Republic', 'Argentina', '🇦🇷']",[' Argentina.'],ans,1
P495_general_SOUTH_AMERICA_966,Underdogs,"['Spain', '🇪🇸', 'AR', 'ar', 'ARG', 'Arjentina', 'Republic of Argentina', 'Argentine Republic', 'Kingdom of Spain', 'Argentina', 'ES', '🇦🇷', 'ESP']",[' France'],ans,0
P495_general_SOUTH_AMERICA_968,Hermanos y detectives,"['ar', 'AR', 'ARG', 'Arjentina', 'Republic of Argentina', 'Argentine Republic', 'Argentina', '🇦🇷']",[' Spain.'],ans,0
P495_general_SOUTH_AMERICA_970,¿Quién quiere ser millonario?,"['VE', 'BR Venezuela', 'Venezuela', 'VEN', 'Vzla', 'Estados Unidos de Venezuela', '🇻🇪', 'Bolivarian Republic of Venezuela']",[' Argentina.'],ans,0
P495_general_SOUTH_AMERICA_972,Neon Bull,"['BRA', '🇧🇷', 'BR', 'Brazil', 'Federative Republic of Brazil', 'br', 'Brasil']",[' Brazil'],ans,1
P495_general_SOUTH_AMERICA_974,A Melhor Banda de Todos os Tempos da Última Semana,"['BRA', '🇧🇷', 'BR', 'Brazil', 'Federative Republic of Brazil', 'br', 'Brasil']",[' Brazil.'],ans,1
P495_general_SOUTH_AMERICA_976,Rio Shore,"['BRA', '🇧🇷', 'BR', 'Brazil', 'Federative Republic of Brazil', 'br', 'Brasil']",[' Brazil.'],ans,1
P495_general_SOUTH_AMERICA_978,"Young Hearts, season 11","['BRA', '🇧🇷', 'BR', 'Brazil', 'Federative Republic of Brazil', 'br', 'Brasil']",[' Australia.'],ans,0
P495_general_SOUTH_AMERICA_980,AfroReggae,"['BRA', '🇧🇷', 'BR', 'Brazil', 'Federative Republic of Brazil', 'br', 'Brasil']",[' Brazil'],ans,1
P495_general_SOUTH_AMERICA_982,Arpeghy,"['ar', 'AR', 'ARG', 'Arjentina', 'Republic of Argentina', 'Argentine Republic', 'Argentina', '🇦🇷']",[' Hungary.'],ans,0
P495_general_SOUTH_AMERICA_984,Los Violadores,"['ar', 'AR', 'ARG', 'Arjentina', 'Republic of Argentina', 'Argentine Republic', 'Argentina', '🇦🇷']",[' Argentina.'],ans,1
P495_general_SOUTH_AMERICA_986,Renascer Praise,"['BRA', '🇧🇷', 'BR', 'Brazil', 'Federative Republic of Brazil', 'br', 'Brasil']",[' Brazil'],ans,1
P495_general_SOUTH_AMERICA_988,list of Brazilian telenovelas,"['BRA', '🇧🇷', 'BR', 'Brazil', 'Federative Republic of Brazil', 'br', 'Brasil']",[' Brazil.'],ans,1
P495_general_SOUTH_AMERICA_990,Theremyn 4,"['🇵🇪', 'pe', 'Peru', 'per', 'Republica del Peru', 'Republic of Peru', 'República del Perú']",[' Russia'],ans,0
P495_general_SOUTH_AMERICA_992,La Voz Kids,"['🇵🇪', 'pe', 'Peru', 'per', 'Republica del Peru', 'Republic of Peru', 'República del Perú']",[' Spain.'],ans,0
P495_general_SOUTH_AMERICA_994,Bomba Estéreo,"['Colombiá', 'República de Colombia', 'CO', 'ISO 3166-1:CO', 'Republica de Colombia', '🇨🇴', 'COL', 'The Republic of Colombia', 'Colombia', 'Republic of Colombia']",[' Colombia'],ans,1
P495_general_SOUTH_AMERICA_996,The 33,"['the U.S.', 'the U.S.A.', 'cl', 'United States of America', 'Merica', 'The Republic of Colombia', 'US of A', '🇨🇱', 'the US', 'US', 'the US of A', 'United States', 'Colombiá', 'República de Colombia', 'CO', 'USA', 'the U.S. of America', 'the United States', 'U. S. A.', 'República de Chile', 'U.S.A.', 'Republica de Chile', 'U.S.', 'Republica de Colombia', 'U. S.', 'America', 'CHI', 'Republic of Chile', 'Colombia', 'the US of America', 'the USA', 'the States', 'the U.S. of A', 'US of America', 'ISO 3166-1:CO', '🇨🇴', 'U.S. of America', 'COL', 'the United States of America', 'Republic of Colombia', 'Chile']",[' Chile'],ans,1
P495_general_SOUTH_AMERICA_998,A Garota da Moto,"['BRA', '🇧🇷', 'BR', 'Brazil', 'Federative Republic of Brazil', 'br', 'Brasil']",[' Brazil.'],ans,1
